time,current_plan_index,phase,period,dt,leg,event_ordinal,pred_touchdown_horizon_index,pred_touchdown_time
19.3280,212,2,30,0.03000,FL,0,28,7.20000
19.3280,212,2,30,0.03000,BL,0,21,6.99000
19.3280,212,2,30,0.03000,FR,0,13,6.75000
19.3280,212,2,30,0.03000,BR,0,6,6.54000
19.3280,212,2,30,0.03000,BR,1,36,7.44000
19.3620,213,3,30,0.03000,FL,0,27,7.20000
19.3620,213,3,30,0.03000,BL,0,20,6.99000
19.3620,213,3,30,0.03000,FR,0,12,6.75000
19.3620,213,3,30,0.03000,BR,0,5,6.54000
19.3620,213,3,30,0.03000,BR,1,35,7.44000
19.3720,213,3,30,0.03000,FL,0,27,7.20000
19.3720,213,3,30,0.03000,BL,0,20,6.99000
19.3720,213,3,30,0.03000,FR,0,12,6.75000
19.3720,213,3,30,0.03000,BR,0,5,6.54000
19.3720,213,3,30,0.03000,BR,1,35,7.44000
19.3820,214,4,30,0.03000,FL,0,26,7.20000
19.3820,214,4,30,0.03000,BL,0,19,6.99000
19.3820,214,4,30,0.03000,FR,0,11,6.75000
19.3820,214,4,30,0.03000,BR,0,4,6.54000
19.3820,214,4,30,0.03000,BR,1,34,7.44000
19.3920,214,4,30,0.03000,FL,0,26,7.20000
19.3920,214,4,30,0.03000,BL,0,19,6.99000
19.3920,214,4,30,0.03000,FR,0,11,6.75000
19.3920,214,4,30,0.03000,BR,0,4,6.54000
19.3920,214,4,30,0.03000,BR,1,34,7.44000
19.4040,214,4,30,0.03000,FL,0,26,7.20000
19.4040,214,4,30,0.03000,BL,0,19,6.99000
19.4040,214,4,30,0.03000,FR,0,11,6.75000
19.4040,214,4,30,0.03000,BR,0,4,6.54000
19.4040,214,4,30,0.03000,BR,1,34,7.44000
19.4160,215,5,30,0.03000,FL,0,25,7.20000
19.4160,215,5,30,0.03000,BL,0,18,6.99000
19.4160,215,5,30,0.03000,FR,0,10,6.75000
19.4160,215,5,30,0.03000,BR,0,3,6.54000
19.4160,215,5,30,0.03000,BR,1,33,7.44000
19.4260,215,5,30,0.03000,FL,0,25,7.20000
19.4260,215,5,30,0.03000,BL,0,18,6.99000
19.4260,215,5,30,0.03000,FR,0,10,6.75000
19.4260,215,5,30,0.03000,BR,0,3,6.54000
19.4260,215,5,30,0.03000,BR,1,33,7.44000
19.4360,215,5,30,0.03000,FL,0,25,7.20000
19.4360,215,5,30,0.03000,BL,0,18,6.99000
19.4360,215,5,30,0.03000,FR,0,10,6.75000
19.4360,215,5,30,0.03000,BR,0,3,6.54000
19.4360,215,5,30,0.03000,BR,1,33,7.44000
19.4500,216,6,30,0.03000,FL,0,24,7.20000
19.4500,216,6,30,0.03000,BL,0,17,6.99000
19.4500,216,6,30,0.03000,FR,0,9,6.75000
19.4500,216,6,30,0.03000,FR,1,39,7.65000
19.4500,216,6,30,0.03000,BR,0,2,6.54000
19.4500,216,6,30,0.03000,BR,1,32,7.44000
19.4640,216,6,30,0.03000,FL,0,24,7.20000
19.4640,216,6,30,0.03000,BL,0,17,6.99000
19.4640,216,6,30,0.03000,FR,0,9,6.75000
19.4640,216,6,30,0.03000,FR,1,39,7.65000
19.4640,216,6,30,0.03000,BR,0,2,6.54000
19.4640,216,6,30,0.03000,BR,1,32,7.44000
19.4920,217,7,30,0.03000,FL,0,23,7.20000
19.4920,217,7,30,0.03000,BL,0,16,6.99000
19.4920,217,7,30,0.03000,FR,0,8,6.75000
19.4920,217,7,30,0.03000,FR,1,38,7.65000
19.4920,217,7,30,0.03000,BR,0,1,6.54000
19.4920,217,7,30,0.03000,BR,1,31,7.44000
19.5400,219,9,30,0.03000,FL,0,21,7.20000
19.5400,219,9,30,0.03000,BL,0,14,6.99000
19.5400,219,9,30,0.03000,FR,0,6,6.75000
19.5400,219,9,30,0.03000,FR,1,36,7.65000
19.5400,219,9,30,0.03000,BR,0,29,7.44000
19.5520,219,9,30,0.03000,FL,0,21,7.20000
19.5520,219,9,30,0.03000,BL,0,14,6.99000
19.5520,219,9,30,0.03000,FR,0,6,6.75000
19.5520,219,9,30,0.03000,FR,1,36,7.65000
19.5520,219,9,30,0.03000,BR,0,29,7.44000
19.5640,220,10,30,0.03000,FL,0,20,7.20000
19.5640,220,10,30,0.03000,BL,0,13,6.99000
19.5640,220,10,30,0.03000,FR,0,5,6.75000
19.5640,220,10,30,0.03000,FR,1,35,7.65000
19.5640,220,10,30,0.03000,BR,0,28,7.44000
19.5760,220,10,30,0.03000,FL,0,20,7.20000
19.5760,220,10,30,0.03000,BL,0,13,6.99000
19.5760,220,10,30,0.03000,FR,0,5,6.75000
19.5760,220,10,30,0.03000,FR,1,35,7.65000
19.5760,220,10,30,0.03000,BR,0,28,7.44000
19.5860,220,10,30,0.03000,FL,0,20,7.20000
19.5860,220,10,30,0.03000,BL,0,13,6.99000
19.5860,220,10,30,0.03000,FR,0,5,6.75000
19.5860,220,10,30,0.03000,FR,1,35,7.65000
19.5860,220,10,30,0.03000,BR,0,28,7.44000
19.5960,221,11,30,0.03000,FL,0,19,7.20000
19.5960,221,11,30,0.03000,BL,0,12,6.99000
19.5960,221,11,30,0.03000,FR,0,4,6.75000
19.5960,221,11,30,0.03000,FR,1,34,7.65000
19.5960,221,11,30,0.03000,BR,0,27,7.44000
19.6060,221,11,30,0.03000,FL,0,19,7.20000
19.6060,221,11,30,0.03000,BL,0,12,6.99000
19.6060,221,11,30,0.03000,FR,0,4,6.75000
19.6060,221,11,30,0.03000,FR,1,34,7.65000
19.6060,221,11,30,0.03000,BR,0,27,7.44000
19.6140,221,11,30,0.03000,FL,0,19,7.20000
19.6140,221,11,30,0.03000,BL,0,12,6.99000
19.6140,221,11,30,0.03000,FR,0,4,6.75000
19.6140,221,11,30,0.03000,FR,1,34,7.65000
19.6140,221,11,30,0.03000,BR,0,27,7.44000
19.6240,222,12,30,0.03000,FL,0,18,7.20000
19.6240,222,12,30,0.03000,BL,0,11,6.99000
19.6240,222,12,30,0.03000,FR,0,3,6.75000
19.6240,222,12,30,0.03000,FR,1,33,7.65000
19.6240,222,12,30,0.03000,BR,0,26,7.44000
19.6360,222,12,30,0.03000,FL,0,18,7.20000
19.6360,222,12,30,0.03000,BL,0,11,6.99000
19.6360,222,12,30,0.03000,FR,0,3,6.75000
19.6360,222,12,30,0.03000,FR,1,33,7.65000
19.6360,222,12,30,0.03000,BR,0,26,7.44000
19.6440,222,12,30,0.03000,FL,0,18,7.20000
19.6440,222,12,30,0.03000,BL,0,11,6.99000
19.6440,222,12,30,0.03000,FR,0,3,6.75000
19.6440,222,12,30,0.03000,FR,1,33,7.65000
19.6440,222,12,30,0.03000,BR,0,26,7.44000
19.6540,223,13,30,0.03000,FL,0,17,7.20000
19.6540,223,13,30,0.03000,BL,0,10,6.99000
19.6540,223,13,30,0.03000,FR,0,2,6.75000
19.6540,223,13,30,0.03000,FR,1,32,7.65000
19.6540,223,13,30,0.03000,BR,0,25,7.44000
19.6640,223,13,30,0.03000,FL,0,17,7.20000
19.6640,223,13,30,0.03000,BL,0,10,6.99000
19.6640,223,13,30,0.03000,FR,0,2,6.75000
19.6640,223,13,30,0.03000,FR,1,32,7.65000
19.6640,223,13,30,0.03000,BR,0,25,7.44000
19.6740,223,13,30,0.03000,FL,0,17,7.20000
19.6740,223,13,30,0.03000,BL,0,10,6.99000
19.6740,223,13,30,0.03000,FR,0,2,6.75000
19.6740,223,13,30,0.03000,FR,1,32,7.65000
19.6740,223,13,30,0.03000,BR,0,25,7.44000
19.6840,224,14,30,0.03000,FL,0,16,7.20000
19.6840,224,14,30,0.03000,BL,0,9,6.99000
19.6840,224,14,30,0.03000,BL,1,39,7.89000
19.6840,224,14,30,0.03000,FR,0,1,6.75000
19.6840,224,14,30,0.03000,FR,1,31,7.65000
19.6840,224,14,30,0.03000,BR,0,24,7.44000
19.6920,224,14,30,0.03000,FL,0,16,7.20000
19.6920,224,14,30,0.03000,BL,0,9,6.99000
19.6920,224,14,30,0.03000,BL,1,39,7.89000
19.6920,224,14,30,0.03000,FR,0,1,6.75000
19.6920,224,14,30,0.03000,FR,1,31,7.65000
19.6920,224,14,30,0.03000,BR,0,24,7.44000
19.7020,224,14,30,0.03000,FL,0,16,7.20000
19.7020,224,14,30,0.03000,BL,0,9,6.99000
19.7020,224,14,30,0.03000,BL,1,39,7.89000
19.7020,224,14,30,0.03000,FR,0,1,6.75000
19.7020,224,14,30,0.03000,FR,1,31,7.65000
19.7020,224,14,30,0.03000,BR,0,24,7.44000
19.7120,225,15,30,0.03000,FL,0,15,7.20000
19.7120,225,15,30,0.03000,BL,0,8,6.99000
19.7120,225,15,30,0.03000,BL,1,38,7.89000
19.7120,225,15,30,0.03000,FR,0,30,7.65000
19.7120,225,15,30,0.03000,BR,0,23,7.44000
19.7300,225,15,30,0.03000,FL,0,15,7.20000
19.7300,225,15,30,0.03000,BL,0,8,6.99000
19.7300,225,15,30,0.03000,BL,1,38,7.89000
19.7300,225,15,30,0.03000,FR,0,30,7.65000
19.7300,225,15,30,0.03000,BR,0,23,7.44000
19.7400,226,16,30,0.03000,FL,0,14,7.20000
19.7400,226,16,30,0.03000,BL,0,7,6.99000
19.7400,226,16,30,0.03000,BL,1,37,7.89000
19.7400,226,16,30,0.03000,FR,0,29,7.65000
19.7400,226,16,30,0.03000,BR,0,22,7.44000
19.7540,226,16,30,0.03000,FL,0,14,7.20000
19.7540,226,16,30,0.03000,BL,0,7,6.99000
19.7540,226,16,30,0.03000,BL,1,37,7.89000
19.7540,226,16,30,0.03000,FR,0,29,7.65000
19.7540,226,16,30,0.03000,BR,0,22,7.44000
19.7680,226,16,30,0.03000,FL,0,14,7.20000
19.7680,226,16,30,0.03000,BL,0,7,6.99000
19.7680,226,16,30,0.03000,BL,1,37,7.89000
19.7680,226,16,30,0.03000,FR,0,29,7.65000
19.7680,226,16,30,0.03000,BR,0,22,7.44000
19.7840,227,17,30,0.03000,FL,0,13,7.20000
19.7840,227,17,30,0.03000,BL,0,6,6.99000
19.7840,227,17,30,0.03000,BL,1,36,7.89000
19.7840,227,17,30,0.03000,FR,0,28,7.65000
19.7840,227,17,30,0.03000,BR,0,21,7.44000
19.7940,227,17,30,0.03000,FL,0,13,7.20000
19.7940,227,17,30,0.03000,BL,0,6,6.99000
19.7940,227,17,30,0.03000,BL,1,36,7.89000
19.7940,227,17,30,0.03000,FR,0,28,7.65000
19.7940,227,17,30,0.03000,BR,0,21,7.44000
19.8040,228,18,30,0.03000,FL,0,12,7.20000
19.8040,228,18,30,0.03000,BL,0,5,6.99000
19.8040,228,18,30,0.03000,BL,1,35,7.89000
19.8040,228,18,30,0.03000,FR,0,27,7.65000
19.8040,228,18,30,0.03000,BR,0,20,7.44000
19.8140,228,18,30,0.03000,FL,0,12,7.20000
19.8140,228,18,30,0.03000,BL,0,5,6.99000
19.8140,228,18,30,0.03000,BL,1,35,7.89000
19.8140,228,18,30,0.03000,FR,0,27,7.65000
19.8140,228,18,30,0.03000,BR,0,20,7.44000
19.8240,228,18,30,0.03000,FL,0,12,7.20000
19.8240,228,18,30,0.03000,BL,0,5,6.99000
19.8240,228,18,30,0.03000,BL,1,35,7.89000
19.8240,228,18,30,0.03000,FR,0,27,7.65000
19.8240,228,18,30,0.03000,BR,0,20,7.44000
19.8340,229,19,30,0.03000,FL,0,11,7.20000
19.8340,229,19,30,0.03000,BL,0,4,6.99000
19.8340,229,19,30,0.03000,BL,1,34,7.89000
19.8340,229,19,30,0.03000,FR,0,26,7.65000
19.8340,229,19,30,0.03000,BR,0,19,7.44000
19.8440,229,19,30,0.03000,FL,0,11,7.20000
19.8440,229,19,30,0.03000,BL,0,4,6.99000
19.8440,229,19,30,0.03000,BL,1,34,7.89000
19.8440,229,19,30,0.03000,FR,0,26,7.65000
19.8440,229,19,30,0.03000,BR,0,19,7.44000
19.8520,229,19,30,0.03000,FL,0,11,7.20000
19.8520,229,19,30,0.03000,BL,0,4,6.99000
19.8520,229,19,30,0.03000,BL,1,34,7.89000
19.8520,229,19,30,0.03000,FR,0,26,7.65000
19.8520,229,19,30,0.03000,BR,0,19,7.44000
19.8640,230,20,30,0.03000,FL,0,10,7.20000
19.8640,230,20,30,0.03000,BL,0,3,6.99000
19.8640,230,20,30,0.03000,BL,1,33,7.89000
19.8640,230,20,30,0.03000,FR,0,25,7.65000
19.8640,230,20,30,0.03000,BR,0,18,7.44000
19.8740,230,20,30,0.03000,FL,0,10,7.20000
19.8740,230,20,30,0.03000,BL,0,3,6.99000
19.8740,230,20,30,0.03000,BL,1,33,7.89000
19.8740,230,20,30,0.03000,FR,0,25,7.65000
19.8740,230,20,30,0.03000,BR,0,18,7.44000
19.8840,230,20,30,0.03000,FL,0,10,7.20000
19.8840,230,20,30,0.03000,BL,0,3,6.99000
19.8840,230,20,30,0.03000,BL,1,33,7.89000
19.8840,230,20,30,0.03000,FR,0,25,7.65000
19.8840,230,20,30,0.03000,BR,0,18,7.44000
19.8960,231,21,30,0.03000,FL,0,9,7.20000
19.8960,231,21,30,0.03000,FL,1,39,8.10000
19.8960,231,21,30,0.03000,BL,0,2,6.99000
19.8960,231,21,30,0.03000,BL,1,32,7.89000
19.8960,231,21,30,0.03000,FR,0,24,7.65000
19.8960,231,21,30,0.03000,BR,0,17,7.44000
19.9060,231,21,30,0.03000,FL,0,9,7.20000
19.9060,231,21,30,0.03000,FL,1,39,8.10000
19.9060,231,21,30,0.03000,BL,0,2,6.99000
19.9060,231,21,30,0.03000,BL,1,32,7.89000
19.9060,231,21,30,0.03000,FR,0,24,7.65000
19.9060,231,21,30,0.03000,BR,0,17,7.44000
19.9160,231,21,30,0.03000,FL,0,9,7.20000
19.9160,231,21,30,0.03000,FL,1,39,8.10000
19.9160,231,21,30,0.03000,BL,0,2,6.99000
19.9160,231,21,30,0.03000,BL,1,32,7.89000
19.9160,231,21,30,0.03000,FR,0,24,7.65000
19.9160,231,21,30,0.03000,BR,0,17,7.44000
19.9260,232,22,30,0.03000,FL,0,8,7.20000
19.9260,232,22,30,0.03000,FL,1,38,8.10000
19.9260,232,22,30,0.03000,BL,0,1,6.99000
19.9260,232,22,30,0.03000,BL,1,31,7.89000
19.9260,232,22,30,0.03000,FR,0,23,7.65000
19.9260,232,22,30,0.03000,BR,0,16,7.44000
19.9460,232,22,30,0.03000,FL,0,8,7.20000
19.9460,232,22,30,0.03000,FL,1,38,8.10000
19.9460,232,22,30,0.03000,BL,0,1,6.99000
19.9460,232,22,30,0.03000,BL,1,31,7.89000
19.9460,232,22,30,0.03000,FR,0,23,7.65000
19.9460,232,22,30,0.03000,BR,0,16,7.44000
19.9560,233,23,30,0.03000,FL,0,7,7.20000
19.9560,233,23,30,0.03000,FL,1,37,8.10000
19.9560,233,23,30,0.03000,BL,0,30,7.89000
19.9560,233,23,30,0.03000,FR,0,22,7.65000
19.9560,233,23,30,0.03000,BR,0,15,7.44000
19.9660,233,23,30,0.03000,FL,0,7,7.20000
19.9660,233,23,30,0.03000,FL,1,37,8.10000
19.9660,233,23,30,0.03000,BL,0,30,7.89000
19.9660,233,23,30,0.03000,FR,0,22,7.65000
19.9660,233,23,30,0.03000,BR,0,15,7.44000
19.9740,233,23,30,0.03000,FL,0,7,7.20000
19.9740,233,23,30,0.03000,FL,1,37,8.10000
19.9740,233,23,30,0.03000,BL,0,30,7.89000
19.9740,233,23,30,0.03000,FR,0,22,7.65000
19.9740,233,23,30,0.03000,BR,0,15,7.44000
19.9840,234,24,30,0.03000,FL,0,6,7.20000
19.9840,234,24,30,0.03000,FL,1,36,8.10000
19.9840,234,24,30,0.03000,BL,0,29,7.89000
19.9840,234,24,30,0.03000,FR,0,21,7.65000
19.9840,234,24,30,0.03000,BR,0,14,7.44000
19.9920,234,24,30,0.03000,FL,0,6,7.20000
19.9920,234,24,30,0.03000,FL,1,36,8.10000
19.9920,234,24,30,0.03000,BL,0,29,7.89000
19.9920,234,24,30,0.03000,FR,0,21,7.65000
19.9920,234,24,30,0.03000,BR,0,14,7.44000
20.0040,234,24,30,0.03000,FL,0,6,7.20000
20.0040,234,24,30,0.03000,FL,1,36,8.10000
20.0040,234,24,30,0.03000,BL,0,29,7.89000
20.0040,234,24,30,0.03000,FR,0,21,7.65000
20.0040,234,24,30,0.03000,BR,0,14,7.44000
20.0120,235,25,30,0.03000,FL,0,5,7.20000
20.0120,235,25,30,0.03000,FL,1,35,8.10000
20.0120,235,25,30,0.03000,BL,0,28,7.89000
20.0120,235,25,30,0.03000,FR,0,20,7.65000
20.0120,235,25,30,0.03000,BR,0,13,7.44000
20.0220,235,25,30,0.03000,FL,0,5,7.20000
20.0220,235,25,30,0.03000,FL,1,35,8.10000
20.0220,235,25,30,0.03000,BL,0,28,7.89000
20.0220,235,25,30,0.03000,FR,0,20,7.65000
20.0220,235,25,30,0.03000,BR,0,13,7.44000
20.0320,235,25,30,0.03000,FL,0,5,7.20000
20.0320,235,25,30,0.03000,FL,1,35,8.10000
20.0320,235,25,30,0.03000,BL,0,28,7.89000
20.0320,235,25,30,0.03000,FR,0,20,7.65000
20.0320,235,25,30,0.03000,BR,0,13,7.44000
20.0420,236,26,30,0.03000,FL,0,4,7.20000
20.0420,236,26,30,0.03000,FL,1,34,8.10000
20.0420,236,26,30,0.03000,BL,0,27,7.89000
20.0420,236,26,30,0.03000,FR,0,19,7.65000
20.0420,236,26,30,0.03000,BR,0,12,7.44000
20.0500,236,26,30,0.03000,FL,0,4,7.20000
20.0500,236,26,30,0.03000,FL,1,34,8.10000
20.0500,236,26,30,0.03000,BL,0,27,7.89000
20.0500,236,26,30,0.03000,FR,0,19,7.65000
20.0500,236,26,30,0.03000,BR,0,12,7.44000
20.0620,236,26,30,0.03000,FL,0,4,7.20000
20.0620,236,26,30,0.03000,FL,1,34,8.10000
20.0620,236,26,30,0.03000,BL,0,27,7.89000
20.0620,236,26,30,0.03000,FR,0,19,7.65000
20.0620,236,26,30,0.03000,BR,0,12,7.44000
20.0700,237,27,30,0.03000,FL,0,3,7.20000
20.0700,237,27,30,0.03000,FL,1,33,8.10000
20.0700,237,27,30,0.03000,BL,0,26,7.89000
20.0700,237,27,30,0.03000,FR,0,18,7.65000
20.0700,237,27,30,0.03000,BR,0,11,7.44000
20.0800,237,27,30,0.03000,FL,0,3,7.20000
20.0800,237,27,30,0.03000,FL,1,33,8.10000
20.0800,237,27,30,0.03000,BL,0,26,7.89000
20.0800,237,27,30,0.03000,FR,0,18,7.65000
20.0800,237,27,30,0.03000,BR,0,11,7.44000
20.0900,237,27,30,0.03000,FL,0,3,7.20000
20.0900,237,27,30,0.03000,FL,1,33,8.10000
20.0900,237,27,30,0.03000,BL,0,26,7.89000
20.0900,237,27,30,0.03000,FR,0,18,7.65000
20.0900,237,27,30,0.03000,BR,0,11,7.44000
20.1000,238,28,30,0.03000,FL,0,2,7.20000
20.1000,238,28,30,0.03000,FL,1,32,8.10000
20.1000,238,28,30,0.03000,BL,0,25,7.89000
20.1000,238,28,30,0.03000,FR,0,17,7.65000
20.1000,238,28,30,0.03000,BR,0,10,7.44000
20.1100,238,28,30,0.03000,FL,0,2,7.20000
20.1100,238,28,30,0.03000,FL,1,32,8.10000
20.1100,238,28,30,0.03000,BL,0,25,7.89000
20.1100,238,28,30,0.03000,FR,0,17,7.65000
20.1100,238,28,30,0.03000,BR,0,10,7.44000
20.1220,238,28,30,0.03000,FL,0,2,7.20000
20.1220,238,28,30,0.03000,FL,1,32,8.10000
20.1220,238,28,30,0.03000,BL,0,25,7.89000
20.1220,238,28,30,0.03000,FR,0,17,7.65000
20.1220,238,28,30,0.03000,BR,0,10,7.44000
20.1340,239,29,30,0.03000,FL,0,1,7.20000
20.1340,239,29,30,0.03000,FL,1,31,8.10000
20.1340,239,29,30,0.03000,BL,0,24,7.89000
20.1340,239,29,30,0.03000,FR,0,16,7.65000
20.1340,239,29,30,0.03000,BR,0,9,7.44000
20.1340,239,29,30,0.03000,BR,1,39,8.34000
20.1440,239,29,30,0.03000,FL,0,1,7.20000
20.1440,239,29,30,0.03000,FL,1,31,8.10000
20.1440,239,29,30,0.03000,BL,0,24,7.89000
20.1440,239,29,30,0.03000,FR,0,16,7.65000
20.1440,239,29,30,0.03000,BR,0,9,7.44000
20.1440,239,29,30,0.03000,BR,1,39,8.34000
20.1560,239,29,30,0.03000,FL,0,1,7.20000
20.1560,239,29,30,0.03000,FL,1,31,8.10000
20.1560,239,29,30,0.03000,BL,0,24,7.89000
20.1560,239,29,30,0.03000,FR,0,16,7.65000
20.1560,239,29,30,0.03000,BR,0,9,7.44000
20.1560,239,29,30,0.03000,BR,1,39,8.34000
20.1780,240,0,30,0.03000,FL,0,30,8.10000
20.1780,240,0,30,0.03000,BL,0,23,7.89000
20.1780,240,0,30,0.03000,FR,0,15,7.65000
20.1780,240,0,30,0.03000,BR,0,8,7.44000
20.1780,240,0,30,0.03000,BR,1,38,8.34000
20.2020,241,1,30,0.03000,FL,0,29,8.10000
20.2020,241,1,30,0.03000,BL,0,22,7.89000
20.2020,241,1,30,0.03000,FR,0,14,7.65000
20.2020,241,1,30,0.03000,BR,0,7,7.44000
20.2020,241,1,30,0.03000,BR,1,37,8.34000
20.2140,241,1,30,0.03000,FL,0,29,8.10000
20.2140,241,1,30,0.03000,BL,0,22,7.89000
20.2140,241,1,30,0.03000,FR,0,14,7.65000
20.2140,241,1,30,0.03000,BR,0,7,7.44000
20.2140,241,1,30,0.03000,BR,1,37,8.34000
20.2240,242,2,30,0.03000,FL,0,28,8.10000
20.2240,242,2,30,0.03000,BL,0,21,7.89000
20.2240,242,2,30,0.03000,FR,0,13,7.65000
20.2240,242,2,30,0.03000,BR,0,6,7.44000
20.2240,242,2,30,0.03000,BR,1,36,8.34000
20.2380,242,2,30,0.03000,FL,0,28,8.10000
20.2380,242,2,30,0.03000,BL,0,21,7.89000
20.2380,242,2,30,0.03000,FR,0,13,7.65000
20.2380,242,2,30,0.03000,BR,0,6,7.44000
20.2380,242,2,30,0.03000,BR,1,36,8.34000
20.2480,242,2,30,0.03000,FL,0,28,8.10000
20.2480,242,2,30,0.03000,BL,0,21,7.89000
20.2480,242,2,30,0.03000,FR,0,13,7.65000
20.2480,242,2,30,0.03000,BR,0,6,7.44000
20.2480,242,2,30,0.03000,BR,1,36,8.34000
20.2620,243,3,30,0.03000,FL,0,27,8.10000
20.2620,243,3,30,0.03000,BL,0,20,7.89000
20.2620,243,3,30,0.03000,FR,0,12,7.65000
20.2620,243,3,30,0.03000,BR,0,5,7.44000
20.2620,243,3,30,0.03000,BR,1,35,8.34000
20.2720,243,3,30,0.03000,FL,0,27,8.10000
20.2720,243,3,30,0.03000,BL,0,20,7.89000
20.2720,243,3,30,0.03000,FR,0,12,7.65000
20.2720,243,3,30,0.03000,BR,0,5,7.44000
20.2720,243,3,30,0.03000,BR,1,35,8.34000
20.2820,244,4,30,0.03000,FL,0,26,8.10000
20.2820,244,4,30,0.03000,BL,0,19,7.89000
20.2820,244,4,30,0.03000,FR,0,11,7.65000
20.2820,244,4,30,0.03000,BR,0,4,7.44000
20.2820,244,4,30,0.03000,BR,1,34,8.34000
20.2920,244,4,30,0.03000,FL,0,26,8.10000
20.2920,244,4,30,0.03000,BL,0,19,7.89000
20.2920,244,4,30,0.03000,FR,0,11,7.65000
20.2920,244,4,30,0.03000,BR,0,4,7.44000
20.2920,244,4,30,0.03000,BR,1,34,8.34000
20.3040,244,4,30,0.03000,FL,0,26,8.10000
20.3040,244,4,30,0.03000,BL,0,19,7.89000
20.3040,244,4,30,0.03000,FR,0,11,7.65000
20.3040,244,4,30,0.03000,BR,0,4,7.44000
20.3040,244,4,30,0.03000,BR,1,34,8.34000
20.3140,245,5,30,0.03000,FL,0,25,8.10000
20.3140,245,5,30,0.03000,BL,0,18,7.89000
20.3140,245,5,30,0.03000,FR,0,10,7.65000
20.3140,245,5,30,0.03000,BR,0,3,7.44000
20.3140,245,5,30,0.03000,BR,1,33,8.34000
20.3300,245,5,30,0.03000,FL,0,25,8.10000
20.3300,245,5,30,0.03000,BL,0,18,7.89000
20.3300,245,5,30,0.03000,FR,0,10,7.65000
20.3300,245,5,30,0.03000,BR,0,3,7.44000
20.3300,245,5,30,0.03000,BR,1,33,8.34000
20.3480,246,6,30,0.03000,FL,0,24,8.10000
20.3480,246,6,30,0.03000,BL,0,17,7.89000
20.3480,246,6,30,0.03000,FR,0,9,7.65000
20.3480,246,6,30,0.03000,FR,1,39,8.55000
20.3480,246,6,30,0.03000,BR,0,2,7.44000
20.3480,246,6,30,0.03000,BR,1,32,8.34000
20.3640,246,6,30,0.03000,FL,0,24,8.10000
20.3640,246,6,30,0.03000,BL,0,17,7.89000
20.3640,246,6,30,0.03000,FR,0,9,7.65000
20.3640,246,6,30,0.03000,FR,1,39,8.55000
20.3640,246,6,30,0.03000,BR,0,2,7.44000
20.3640,246,6,30,0.03000,BR,1,32,8.34000
20.3760,247,7,30,0.03000,FL,0,23,8.10000
20.3760,247,7,30,0.03000,BL,0,16,7.89000
20.3760,247,7,30,0.03000,FR,0,8,7.65000
20.3760,247,7,30,0.03000,FR,1,38,8.55000
20.3760,247,7,30,0.03000,BR,0,1,7.44000
20.3760,247,7,30,0.03000,BR,1,31,8.34000
20.3960,247,7,30,0.03000,FL,0,23,8.10000
20.3960,247,7,30,0.03000,BL,0,16,7.89000
20.3960,247,7,30,0.03000,FR,0,8,7.65000
20.3960,247,7,30,0.03000,FR,1,38,8.55000
20.3960,247,7,30,0.03000,BR,0,1,7.44000
20.3960,247,7,30,0.03000,BR,1,31,8.34000
20.4120,248,8,30,0.03000,FL,0,22,8.10000
20.4120,248,8,30,0.03000,BL,0,15,7.89000
20.4120,248,8,30,0.03000,FR,0,7,7.65000
20.4120,248,8,30,0.03000,FR,1,37,8.55000
20.4120,248,8,30,0.03000,BR,0,30,8.34000
20.4240,248,8,30,0.03000,FL,0,22,8.10000
20.4240,248,8,30,0.03000,BL,0,15,7.89000
20.4240,248,8,30,0.03000,FR,0,7,7.65000
20.4240,248,8,30,0.03000,FR,1,37,8.55000
20.4240,248,8,30,0.03000,BR,0,30,8.34000
20.4320,249,9,30,0.03000,FL,0,21,8.10000
20.4320,249,9,30,0.03000,BL,0,14,7.89000
20.4320,249,9,30,0.03000,FR,0,6,7.65000
20.4320,249,9,30,0.03000,FR,1,36,8.55000
20.4320,249,9,30,0.03000,BR,0,29,8.34000
20.4420,249,9,30,0.03000,FL,0,21,8.10000
20.4420,249,9,30,0.03000,BL,0,14,7.89000
20.4420,249,9,30,0.03000,FR,0,6,7.65000
20.4420,249,9,30,0.03000,FR,1,36,8.55000
20.4420,249,9,30,0.03000,BR,0,29,8.34000
20.4520,249,9,30,0.03000,FL,0,21,8.10000
20.4520,249,9,30,0.03000,BL,0,14,7.89000
20.4520,249,9,30,0.03000,FR,0,6,7.65000
20.4520,249,9,30,0.03000,FR,1,36,8.55000
20.4520,249,9,30,0.03000,BR,0,29,8.34000
20.4640,250,10,30,0.03000,FL,0,20,8.10000
20.4640,250,10,30,0.03000,BL,0,13,7.89000
20.4640,250,10,30,0.03000,FR,0,5,7.65000
20.4640,250,10,30,0.03000,FR,1,35,8.55000
20.4640,250,10,30,0.03000,BR,0,28,8.34000
20.4740,250,10,30,0.03000,FL,0,20,8.10000
20.4740,250,10,30,0.03000,BL,0,13,7.89000
20.4740,250,10,30,0.03000,FR,0,5,7.65000
20.4740,250,10,30,0.03000,FR,1,35,8.55000
20.4740,250,10,30,0.03000,BR,0,28,8.34000
20.4860,250,10,30,0.03000,FL,0,20,8.10000
20.4860,250,10,30,0.03000,BL,0,13,7.89000
20.4860,250,10,30,0.03000,FR,0,5,7.65000
20.4860,250,10,30,0.03000,FR,1,35,8.55000
20.4860,250,10,30,0.03000,BR,0,28,8.34000
20.5000,251,11,30,0.03000,FL,0,19,8.10000
20.5000,251,11,30,0.03000,BL,0,12,7.89000
20.5000,251,11,30,0.03000,FR,0,4,7.65000
20.5000,251,11,30,0.03000,FR,1,34,8.55000
20.5000,251,11,30,0.03000,BR,0,27,8.34000
20.5120,251,11,30,0.03000,FL,0,19,8.10000
20.5120,251,11,30,0.03000,BL,0,12,7.89000
20.5120,251,11,30,0.03000,FR,0,4,7.65000
20.5120,251,11,30,0.03000,FR,1,34,8.55000
20.5120,251,11,30,0.03000,BR,0,27,8.34000
20.5240,252,12,30,0.03000,FL,0,18,8.10000
20.5240,252,12,30,0.03000,BL,0,11,7.89000
20.5240,252,12,30,0.03000,FR,0,3,7.65000
20.5240,252,12,30,0.03000,FR,1,33,8.55000
20.5240,252,12,30,0.03000,BR,0,26,8.34000
20.5340,252,12,30,0.03000,FL,0,18,8.10000
20.5340,252,12,30,0.03000,BL,0,11,7.89000
20.5340,252,12,30,0.03000,FR,0,3,7.65000
20.5340,252,12,30,0.03000,FR,1,33,8.55000
20.5340,252,12,30,0.03000,BR,0,26,8.34000
20.5520,253,13,30,0.03000,FL,0,17,8.10000
20.5520,253,13,30,0.03000,BL,0,10,7.89000
20.5520,253,13,30,0.03000,FR,0,2,7.65000
20.5520,253,13,30,0.03000,FR,1,32,8.55000
20.5520,253,13,30,0.03000,BR,0,25,8.34000
20.5840,254,14,30,0.03000,FL,0,16,8.10000
20.5840,254,14,30,0.03000,BL,0,9,7.89000
20.5840,254,14,30,0.03000,BL,1,39,8.79000
20.5840,254,14,30,0.03000,FR,0,1,7.65000
20.5840,254,14,30,0.03000,FR,1,31,8.55000
20.5840,254,14,30,0.03000,BR,0,24,8.34000
20.5940,254,14,30,0.03000,FL,0,16,8.10000
20.5940,254,14,30,0.03000,BL,0,9,7.89000
20.5940,254,14,30,0.03000,BL,1,39,8.79000
20.5940,254,14,30,0.03000,FR,0,1,7.65000
20.5940,254,14,30,0.03000,FR,1,31,8.55000
20.5940,254,14,30,0.03000,BR,0,24,8.34000
20.6040,254,14,30,0.03000,FL,0,16,8.10000
20.6040,254,14,30,0.03000,BL,0,9,7.89000
20.6040,254,14,30,0.03000,BL,1,39,8.79000
20.6040,254,14,30,0.03000,FR,0,1,7.65000
20.6040,254,14,30,0.03000,FR,1,31,8.55000
20.6040,254,14,30,0.03000,BR,0,24,8.34000
20.6140,255,15,30,0.03000,FL,0,15,8.10000
20.6140,255,15,30,0.03000,BL,0,8,7.89000
20.6140,255,15,30,0.03000,BL,1,38,8.79000
20.6140,255,15,30,0.03000,FR,0,30,8.55000
20.6140,255,15,30,0.03000,BR,0,23,8.34000
20.6360,255,15,30,0.03000,FL,0,15,8.10000
20.6360,255,15,30,0.03000,BL,0,8,7.89000
20.6360,255,15,30,0.03000,BL,1,38,8.79000
20.6360,255,15,30,0.03000,FR,0,30,8.55000
20.6360,255,15,30,0.03000,BR,0,23,8.34000
20.6460,256,16,30,0.03000,FL,0,14,8.10000
20.6460,256,16,30,0.03000,BL,0,7,7.89000
20.6460,256,16,30,0.03000,BL,1,37,8.79000
20.6460,256,16,30,0.03000,FR,0,29,8.55000
20.6460,256,16,30,0.03000,BR,0,22,8.34000
20.6540,256,16,30,0.03000,FL,0,14,8.10000
20.6540,256,16,30,0.03000,BL,0,7,7.89000
20.6540,256,16,30,0.03000,BL,1,37,8.79000
20.6540,256,16,30,0.03000,FR,0,29,8.55000
20.6540,256,16,30,0.03000,BR,0,22,8.34000
20.6660,256,16,30,0.03000,FL,0,14,8.10000
20.6660,256,16,30,0.03000,BL,0,7,7.89000
20.6660,256,16,30,0.03000,BL,1,37,8.79000
20.6660,256,16,30,0.03000,FR,0,29,8.55000
20.6660,256,16,30,0.03000,BR,0,22,8.34000
20.6740,257,17,30,0.03000,FL,0,13,8.10000
20.6740,257,17,30,0.03000,BL,0,6,7.89000
20.6740,257,17,30,0.03000,BL,1,36,8.79000
20.6740,257,17,30,0.03000,FR,0,28,8.55000
20.6740,257,17,30,0.03000,BR,0,21,8.34000
20.6840,257,17,30,0.03000,FL,0,13,8.10000
20.6840,257,17,30,0.03000,BL,0,6,7.89000
20.6840,257,17,30,0.03000,BL,1,36,8.79000
20.6840,257,17,30,0.03000,FR,0,28,8.55000
20.6840,257,17,30,0.03000,BR,0,21,8.34000
20.6920,257,17,30,0.03000,FL,0,13,8.10000
20.6920,257,17,30,0.03000,BL,0,6,7.89000
20.6920,257,17,30,0.03000,BL,1,36,8.79000
20.6920,257,17,30,0.03000,FR,0,28,8.55000
20.6920,257,17,30,0.03000,BR,0,21,8.34000
20.7020,258,18,30,0.03000,FL,0,12,8.10000
20.7020,258,18,30,0.03000,BL,0,5,7.89000
20.7020,258,18,30,0.03000,BL,1,35,8.79000
20.7020,258,18,30,0.03000,FR,0,27,8.55000
20.7020,258,18,30,0.03000,BR,0,20,8.34000
20.7120,258,18,30,0.03000,FL,0,12,8.10000
20.7120,258,18,30,0.03000,BL,0,5,7.89000
20.7120,258,18,30,0.03000,BL,1,35,8.79000
20.7120,258,18,30,0.03000,FR,0,27,8.55000
20.7120,258,18,30,0.03000,BR,0,20,8.34000
20.7220,258,18,30,0.03000,FL,0,12,8.10000
20.7220,258,18,30,0.03000,BL,0,5,7.89000
20.7220,258,18,30,0.03000,BL,1,35,8.79000
20.7220,258,18,30,0.03000,FR,0,27,8.55000
20.7220,258,18,30,0.03000,BR,0,20,8.34000
20.7320,259,19,30,0.03000,FL,0,11,8.10000
20.7320,259,19,30,0.03000,BL,0,4,7.89000
20.7320,259,19,30,0.03000,BL,1,34,8.79000
20.7320,259,19,30,0.03000,FR,0,26,8.55000
20.7320,259,19,30,0.03000,BR,0,19,8.34000
20.7420,259,19,30,0.03000,FL,0,11,8.10000
20.7420,259,19,30,0.03000,BL,0,4,7.89000
20.7420,259,19,30,0.03000,BL,1,34,8.79000
20.7420,259,19,30,0.03000,FR,0,26,8.55000
20.7420,259,19,30,0.03000,BR,0,19,8.34000
20.7500,259,19,30,0.03000,FL,0,11,8.10000
20.7500,259,19,30,0.03000,BL,0,4,7.89000
20.7500,259,19,30,0.03000,BL,1,34,8.79000
20.7500,259,19,30,0.03000,FR,0,26,8.55000
20.7500,259,19,30,0.03000,BR,0,19,8.34000
20.7600,260,20,30,0.03000,FL,0,10,8.10000
20.7600,260,20,30,0.03000,BL,0,3,7.89000
20.7600,260,20,30,0.03000,BL,1,33,8.79000
20.7600,260,20,30,0.03000,FR,0,25,8.55000
20.7600,260,20,30,0.03000,BR,0,18,8.34000
20.7700,260,20,30,0.03000,FL,0,10,8.10000
20.7700,260,20,30,0.03000,BL,0,3,7.89000
20.7700,260,20,30,0.03000,BL,1,33,8.79000
20.7700,260,20,30,0.03000,FR,0,25,8.55000
20.7700,260,20,30,0.03000,BR,0,18,8.34000
20.7800,260,20,30,0.03000,FL,0,10,8.10000
20.7800,260,20,30,0.03000,BL,0,3,7.89000
20.7800,260,20,30,0.03000,BL,1,33,8.79000
20.7800,260,20,30,0.03000,FR,0,25,8.55000
20.7800,260,20,30,0.03000,BR,0,18,8.34000
20.7900,261,21,30,0.03000,FL,0,9,8.10000
20.7900,261,21,30,0.03000,FL,1,39,9.00000
20.7900,261,21,30,0.03000,BL,0,2,7.89000
20.7900,261,21,30,0.03000,BL,1,32,8.79000
20.7900,261,21,30,0.03000,FR,0,24,8.55000
20.7900,261,21,30,0.03000,BR,0,17,8.34000
20.7980,261,21,30,0.03000,FL,0,9,8.10000
20.7980,261,21,30,0.03000,FL,1,39,9.00000
20.7980,261,21,30,0.03000,BL,0,2,7.89000
20.7980,261,21,30,0.03000,BL,1,32,8.79000
20.7980,261,21,30,0.03000,FR,0,24,8.55000
20.7980,261,21,30,0.03000,BR,0,17,8.34000
20.8080,261,21,30,0.03000,FL,0,9,8.10000
20.8080,261,21,30,0.03000,FL,1,39,9.00000
20.8080,261,21,30,0.03000,BL,0,2,7.89000
20.8080,261,21,30,0.03000,BL,1,32,8.79000
20.8080,261,21,30,0.03000,FR,0,24,8.55000
20.8080,261,21,30,0.03000,BR,0,17,8.34000
20.8180,261,21,30,0.03000,FL,0,9,8.10000
20.8180,261,21,30,0.03000,FL,1,39,9.00000
20.8180,261,21,30,0.03000,BL,0,2,7.89000
20.8180,261,21,30,0.03000,BL,1,32,8.79000
20.8180,261,21,30,0.03000,FR,0,24,8.55000
20.8180,261,21,30,0.03000,BR,0,17,8.34000
20.8280,262,22,30,0.03000,FL,0,8,8.10000
20.8280,262,22,30,0.03000,FL,1,38,9.00000
20.8280,262,22,30,0.03000,BL,0,1,7.89000
20.8280,262,22,30,0.03000,BL,1,31,8.79000
20.8280,262,22,30,0.03000,FR,0,23,8.55000
20.8280,262,22,30,0.03000,BR,0,16,8.34000
20.8460,262,22,30,0.03000,FL,0,8,8.10000
20.8460,262,22,30,0.03000,FL,1,38,9.00000
20.8460,262,22,30,0.03000,BL,0,1,7.89000
20.8460,262,22,30,0.03000,BL,1,31,8.79000
20.8460,262,22,30,0.03000,FR,0,23,8.55000
20.8460,262,22,30,0.03000,BR,0,16,8.34000
20.8560,263,23,30,0.03000,FL,0,7,8.10000
20.8560,263,23,30,0.03000,FL,1,37,9.00000
20.8560,263,23,30,0.03000,BL,0,30,8.79000
20.8560,263,23,30,0.03000,FR,0,22,8.55000
20.8560,263,23,30,0.03000,BR,0,15,8.34000
20.8660,263,23,30,0.03000,FL,0,7,8.10000
20.8660,263,23,30,0.03000,FL,1,37,9.00000
20.8660,263,23,30,0.03000,BL,0,30,8.79000
20.8660,263,23,30,0.03000,FR,0,22,8.55000
20.8660,263,23,30,0.03000,BR,0,15,8.34000
20.8760,263,23,30,0.03000,FL,0,7,8.10000
20.8760,263,23,30,0.03000,FL,1,37,9.00000
20.8760,263,23,30,0.03000,BL,0,30,8.79000
20.8760,263,23,30,0.03000,FR,0,22,8.55000
20.8760,263,23,30,0.03000,BR,0,15,8.34000
20.8880,264,24,30,0.03000,FL,0,6,8.10000
20.8880,264,24,30,0.03000,FL,1,36,9.00000
20.8880,264,24,30,0.03000,BL,0,29,8.79000
20.8880,264,24,30,0.03000,FR,0,21,8.55000
20.8880,264,24,30,0.03000,BR,0,14,8.34000
20.8980,264,24,30,0.03000,FL,0,6,8.10000
20.8980,264,24,30,0.03000,FL,1,36,9.00000
20.8980,264,24,30,0.03000,BL,0,29,8.79000
20.8980,264,24,30,0.03000,FR,0,21,8.55000
20.8980,264,24,30,0.03000,BR,0,14,8.34000
20.9080,264,24,30,0.03000,FL,0,6,8.10000
20.9080,264,24,30,0.03000,FL,1,36,9.00000
20.9080,264,24,30,0.03000,BL,0,29,8.79000
20.9080,264,24,30,0.03000,FR,0,21,8.55000
20.9080,264,24,30,0.03000,BR,0,14,8.34000
20.9180,265,25,30,0.03000,FL,0,5,8.10000
20.9180,265,25,30,0.03000,FL,1,35,9.00000
20.9180,265,25,30,0.03000,BL,0,28,8.79000
20.9180,265,25,30,0.03000,FR,0,20,8.55000
20.9180,265,25,30,0.03000,BR,0,13,8.34000
20.9280,265,25,30,0.03000,FL,0,5,8.10000
20.9280,265,25,30,0.03000,FL,1,35,9.00000
20.9280,265,25,30,0.03000,BL,0,28,8.79000
20.9280,265,25,30,0.03000,FR,0,20,8.55000
20.9280,265,25,30,0.03000,BR,0,13,8.34000
20.9400,266,26,30,0.03000,FL,0,4,8.10000
20.9400,266,26,30,0.03000,FL,1,34,9.00000
20.9400,266,26,30,0.03000,BL,0,27,8.79000
20.9400,266,26,30,0.03000,FR,0,19,8.55000
20.9400,266,26,30,0.03000,BR,0,12,8.34000
20.9500,266,26,30,0.03000,FL,0,4,8.10000
20.9500,266,26,30,0.03000,FL,1,34,9.00000
20.9500,266,26,30,0.03000,BL,0,27,8.79000
20.9500,266,26,30,0.03000,FR,0,19,8.55000
20.9500,266,26,30,0.03000,BR,0,12,8.34000
20.9600,266,26,30,0.03000,FL,0,4,8.10000
20.9600,266,26,30,0.03000,FL,1,34,9.00000
20.9600,266,26,30,0.03000,BL,0,27,8.79000
20.9600,266,26,30,0.03000,FR,0,19,8.55000
20.9600,266,26,30,0.03000,BR,0,12,8.34000
20.9740,267,27,30,0.03000,FL,0,3,8.10000
20.9740,267,27,30,0.03000,FL,1,33,9.00000
20.9740,267,27,30,0.03000,BL,0,26,8.79000
20.9740,267,27,30,0.03000,FR,0,18,8.55000
20.9740,267,27,30,0.03000,BR,0,11,8.34000
20.9860,267,27,30,0.03000,FL,0,3,8.10000
20.9860,267,27,30,0.03000,FL,1,33,9.00000
20.9860,267,27,30,0.03000,BL,0,26,8.79000
20.9860,267,27,30,0.03000,FR,0,18,8.55000
20.9860,267,27,30,0.03000,BR,0,11,8.34000
21.0120,268,28,30,0.03000,FL,0,2,8.10000
21.0120,268,28,30,0.03000,FL,1,32,9.00000
21.0120,268,28,30,0.03000,BL,0,25,8.79000
21.0120,268,28,30,0.03000,FR,0,17,8.55000
21.0120,268,28,30,0.03000,BR,0,10,8.34000
21.0200,268,28,30,0.03000,FL,0,2,8.10000
21.0200,268,28,30,0.03000,FL,1,32,9.00000
21.0200,268,28,30,0.03000,BL,0,25,8.79000
21.0200,268,28,30,0.03000,FR,0,17,8.55000
21.0200,268,28,30,0.03000,BR,0,10,8.34000
21.0300,269,29,30,0.03000,FL,0,1,8.10000
21.0300,269,29,30,0.03000,FL,1,31,9.00000
21.0300,269,29,30,0.03000,BL,0,24,8.79000
21.0300,269,29,30,0.03000,FR,0,16,8.55000
21.0300,269,29,30,0.03000,BR,0,9,8.34000
21.0300,269,29,30,0.03000,BR,1,39,9.24000
21.0400,269,29,30,0.03000,FL,0,1,8.10000
21.0400,269,29,30,0.03000,FL,1,31,9.00000
21.0400,269,29,30,0.03000,BL,0,24,8.79000
21.0400,269,29,30,0.03000,FR,0,16,8.55000
21.0400,269,29,30,0.03000,BR,0,9,8.34000
21.0400,269,29,30,0.03000,BR,1,39,9.24000
21.0500,269,29,30,0.03000,FL,0,1,8.10000
21.0500,269,29,30,0.03000,FL,1,31,9.00000
21.0500,269,29,30,0.03000,BL,0,24,8.79000
21.0500,269,29,30,0.03000,FR,0,16,8.55000
21.0500,269,29,30,0.03000,BR,0,9,8.34000
21.0500,269,29,30,0.03000,BR,1,39,9.24000
21.0600,270,0,30,0.03000,FL,0,30,9.00000
21.0600,270,0,30,0.03000,BL,0,23,8.79000
21.0600,270,0,30,0.03000,FR,0,15,8.55000
21.0600,270,0,30,0.03000,BR,0,8,8.34000
21.0600,270,0,30,0.03000,BR,1,38,9.24000
21.0800,270,0,30,0.03000,FL,0,30,9.00000
21.0800,270,0,30,0.03000,BL,0,23,8.79000
21.0800,270,0,30,0.03000,FR,0,15,8.55000
21.0800,270,0,30,0.03000,BR,0,8,8.34000
21.0800,270,0,30,0.03000,BR,1,38,9.24000
21.0900,271,1,30,0.03000,FL,0,29,9.00000
21.0900,271,1,30,0.03000,BL,0,22,8.79000
21.0900,271,1,30,0.03000,FR,0,14,8.55000
21.0900,271,1,30,0.03000,BR,0,7,8.34000
21.0900,271,1,30,0.03000,BR,1,37,9.24000
21.1000,271,1,30,0.03000,FL,0,29,9.00000
21.1000,271,1,30,0.03000,BL,0,22,8.79000
21.1000,271,1,30,0.03000,FR,0,14,8.55000
21.1000,271,1,30,0.03000,BR,0,7,8.34000
21.1000,271,1,30,0.03000,BR,1,37,9.24000
21.1100,271,1,30,0.03000,FL,0,29,9.00000
21.1100,271,1,30,0.03000,BL,0,22,8.79000
21.1100,271,1,30,0.03000,FR,0,14,8.55000
21.1100,271,1,30,0.03000,BR,0,7,8.34000
21.1100,271,1,30,0.03000,BR,1,37,9.24000
21.1180,271,1,30,0.03000,FL,0,29,9.00000
21.1180,271,1,30,0.03000,BL,0,22,8.79000
21.1180,271,1,30,0.03000,FR,0,14,8.55000
21.1180,271,1,30,0.03000,BR,0,7,8.34000
21.1180,271,1,30,0.03000,BR,1,37,9.24000
21.1280,272,2,30,0.03000,FL,0,28,9.00000
21.1280,272,2,30,0.03000,BL,0,21,8.79000
21.1280,272,2,30,0.03000,FR,0,13,8.55000
21.1280,272,2,30,0.03000,BR,0,6,8.34000
21.1280,272,2,30,0.03000,BR,1,36,9.24000
21.1380,272,2,30,0.03000,FL,0,28,9.00000
21.1380,272,2,30,0.03000,BL,0,21,8.79000
21.1380,272,2,30,0.03000,FR,0,13,8.55000
21.1380,272,2,30,0.03000,BR,0,6,8.34000
21.1380,272,2,30,0.03000,BR,1,36,9.24000
21.1460,272,2,30,0.03000,FL,0,28,9.00000
21.1460,272,2,30,0.03000,BL,0,21,8.79000
21.1460,272,2,30,0.03000,FR,0,13,8.55000
21.1460,272,2,30,0.03000,BR,0,6,8.34000
21.1460,272,2,30,0.03000,BR,1,36,9.24000
21.1580,273,3,30,0.03000,FL,0,27,9.00000
21.1580,273,3,30,0.03000,BL,0,20,8.79000
21.1580,273,3,30,0.03000,FR,0,12,8.55000
21.1580,273,3,30,0.03000,BR,0,5,8.34000
21.1580,273,3,30,0.03000,BR,1,35,9.24000
21.1660,273,3,30,0.03000,FL,0,27,9.00000
21.1660,273,3,30,0.03000,BL,0,20,8.79000
21.1660,273,3,30,0.03000,FR,0,12,8.55000
21.1660,273,3,30,0.03000,BR,0,5,8.34000
21.1660,273,3,30,0.03000,BR,1,35,9.24000
21.1760,273,3,30,0.03000,FL,0,27,9.00000
21.1760,273,3,30,0.03000,BL,0,20,8.79000
21.1760,273,3,30,0.03000,FR,0,12,8.55000
21.1760,273,3,30,0.03000,BR,0,5,8.34000
21.1760,273,3,30,0.03000,BR,1,35,9.24000
21.1860,274,4,30,0.03000,FL,0,26,9.00000
21.1860,274,4,30,0.03000,BL,0,19,8.79000
21.1860,274,4,30,0.03000,FR,0,11,8.55000
21.1860,274,4,30,0.03000,BR,0,4,8.34000
21.1860,274,4,30,0.03000,BR,1,34,9.24000
21.2020,274,4,30,0.03000,FL,0,26,9.00000
21.2020,274,4,30,0.03000,BL,0,19,8.79000
21.2020,274,4,30,0.03000,FR,0,11,8.55000
21.2020,274,4,30,0.03000,BR,0,4,8.34000
21.2020,274,4,30,0.03000,BR,1,34,9.24000
21.2140,275,5,30,0.03000,FL,0,25,9.00000
21.2140,275,5,30,0.03000,BL,0,18,8.79000
21.2140,275,5,30,0.03000,FR,0,10,8.55000
21.2140,275,5,30,0.03000,BR,0,3,8.34000
21.2140,275,5,30,0.03000,BR,1,33,9.24000
21.2260,275,5,30,0.03000,FL,0,25,9.00000
21.2260,275,5,30,0.03000,BL,0,18,8.79000
21.2260,275,5,30,0.03000,FR,0,10,8.55000
21.2260,275,5,30,0.03000,BR,0,3,8.34000
21.2260,275,5,30,0.03000,BR,1,33,9.24000
21.2380,275,5,30,0.03000,FL,0,25,9.00000
21.2380,275,5,30,0.03000,BL,0,18,8.79000
21.2380,275,5,30,0.03000,FR,0,10,8.55000
21.2380,275,5,30,0.03000,BR,0,3,8.34000
21.2380,275,5,30,0.03000,BR,1,33,9.24000
21.2520,276,6,30,0.03000,FL,0,24,9.00000
21.2520,276,6,30,0.03000,BL,0,17,8.79000
21.2520,276,6,30,0.03000,FR,0,9,8.55000
21.2520,276,6,30,0.03000,FR,1,39,9.45000
21.2520,276,6,30,0.03000,BR,0,2,8.34000
21.2520,276,6,30,0.03000,BR,1,32,9.24000
21.2680,276,6,30,0.03000,FL,0,24,9.00000
21.2680,276,6,30,0.03000,BL,0,17,8.79000
21.2680,276,6,30,0.03000,FR,0,9,8.55000
21.2680,276,6,30,0.03000,FR,1,39,9.45000
21.2680,276,6,30,0.03000,BR,0,2,8.34000
21.2680,276,6,30,0.03000,BR,1,32,9.24000
21.2800,277,7,30,0.03000,FL,0,23,9.00000
21.2800,277,7,30,0.03000,BL,0,16,8.79000
21.2800,277,7,30,0.03000,FR,0,8,8.55000
21.2800,277,7,30,0.03000,FR,1,38,9.45000
21.2800,277,7,30,0.03000,BR,0,1,8.34000
21.2800,277,7,30,0.03000,BR,1,31,9.24000
21.3040,278,8,30,0.03000,FL,0,22,9.00000
21.3040,278,8,30,0.03000,BL,0,15,8.79000
21.3040,278,8,30,0.03000,FR,0,7,8.55000
21.3040,278,8,30,0.03000,FR,1,37,9.45000
21.3040,278,8,30,0.03000,BR,0,30,9.24000
21.3200,278,8,30,0.03000,FL,0,22,9.00000
21.3200,278,8,30,0.03000,BL,0,15,8.79000
21.3200,278,8,30,0.03000,FR,0,7,8.55000
21.3200,278,8,30,0.03000,FR,1,37,9.45000
21.3200,278,8,30,0.03000,BR,0,30,9.24000
21.3320,279,9,30,0.03000,FL,0,21,9.00000
21.3320,279,9,30,0.03000,BL,0,14,8.79000
21.3320,279,9,30,0.03000,FR,0,6,8.55000
21.3320,279,9,30,0.03000,FR,1,36,9.45000
21.3320,279,9,30,0.03000,BR,0,29,9.24000
21.3420,279,9,30,0.03000,FL,0,21,9.00000
21.3420,279,9,30,0.03000,BL,0,14,8.79000
21.3420,279,9,30,0.03000,FR,0,6,8.55000
21.3420,279,9,30,0.03000,FR,1,36,9.45000
21.3420,279,9,30,0.03000,BR,0,29,9.24000
21.3540,279,9,30,0.03000,FL,0,21,9.00000
21.3540,279,9,30,0.03000,BL,0,14,8.79000
21.3540,279,9,30,0.03000,FR,0,6,8.55000
21.3540,279,9,30,0.03000,FR,1,36,9.45000
21.3540,279,9,30,0.03000,BR,0,29,9.24000
21.3640,280,10,30,0.03000,FL,0,20,9.00000
21.3640,280,10,30,0.03000,BL,0,13,8.79000
21.3640,280,10,30,0.03000,FR,0,5,8.55000
21.3640,280,10,30,0.03000,FR,1,35,9.45000
21.3640,280,10,30,0.03000,BR,0,28,9.24000
21.3760,280,10,30,0.03000,FL,0,20,9.00000
21.3760,280,10,30,0.03000,BL,0,13,8.79000
21.3760,280,10,30,0.03000,FR,0,5,8.55000
21.3760,280,10,30,0.03000,FR,1,35,9.45000
21.3760,280,10,30,0.03000,BR,0,28,9.24000
21.3860,280,10,30,0.03000,FL,0,20,9.00000
21.3860,280,10,30,0.03000,BL,0,13,8.79000
21.3860,280,10,30,0.03000,FR,0,5,8.55000
21.3860,280,10,30,0.03000,FR,1,35,9.45000
21.3860,280,10,30,0.03000,BR,0,28,9.24000
21.3980,281,11,30,0.03000,FL,0,19,9.00000
21.3980,281,11,30,0.03000,BL,0,12,8.79000
21.3980,281,11,30,0.03000,FR,0,4,8.55000
21.3980,281,11,30,0.03000,FR,1,34,9.45000
21.3980,281,11,30,0.03000,BR,0,27,9.24000
21.4120,281,11,30,0.03000,FL,0,19,9.00000
21.4120,281,11,30,0.03000,BL,0,12,8.79000
21.4120,281,11,30,0.03000,FR,0,4,8.55000
21.4120,281,11,30,0.03000,FR,1,34,9.45000
21.4120,281,11,30,0.03000,BR,0,27,9.24000
21.4300,282,12,30,0.03000,FL,0,18,9.00000
21.4300,282,12,30,0.03000,BL,0,11,8.79000
21.4300,282,12,30,0.03000,FR,0,3,8.55000
21.4300,282,12,30,0.03000,FR,1,33,9.45000
21.4300,282,12,30,0.03000,BR,0,26,9.24000
21.4500,283,13,30,0.03000,FL,0,17,9.00000
21.4500,283,13,30,0.03000,BL,0,10,8.79000
21.4500,283,13,30,0.03000,FR,0,2,8.55000
21.4500,283,13,30,0.03000,FR,1,32,9.45000
21.4500,283,13,30,0.03000,BR,0,25,9.24000
21.4660,283,13,30,0.03000,FL,0,17,9.00000
21.4660,283,13,30,0.03000,BL,0,10,8.79000
21.4660,283,13,30,0.03000,FR,0,2,8.55000
21.4660,283,13,30,0.03000,FR,1,32,9.45000
21.4660,283,13,30,0.03000,BR,0,25,9.24000
21.4760,283,13,30,0.03000,FL,0,17,9.00000
21.4760,283,13,30,0.03000,BL,0,10,8.79000
21.4760,283,13,30,0.03000,FR,0,2,8.55000
21.4760,283,13,30,0.03000,FR,1,32,9.45000
21.4760,283,13,30,0.03000,BR,0,25,9.24000
21.4860,284,14,30,0.03000,FL,0,16,9.00000
21.4860,284,14,30,0.03000,BL,0,9,8.79000
21.4860,284,14,30,0.03000,BL,1,39,9.69000
21.4860,284,14,30,0.03000,FR,0,1,8.55000
21.4860,284,14,30,0.03000,FR,1,31,9.45000
21.4860,284,14,30,0.03000,BR,0,24,9.24000
21.4940,284,14,30,0.03000,FL,0,16,9.00000
21.4940,284,14,30,0.03000,BL,0,9,8.79000
21.4940,284,14,30,0.03000,BL,1,39,9.69000
21.4940,284,14,30,0.03000,FR,0,1,8.55000
21.4940,284,14,30,0.03000,FR,1,31,9.45000
21.4940,284,14,30,0.03000,BR,0,24,9.24000
21.5040,284,14,30,0.03000,FL,0,16,9.00000
21.5040,284,14,30,0.03000,BL,0,9,8.79000
21.5040,284,14,30,0.03000,BL,1,39,9.69000
21.5040,284,14,30,0.03000,FR,0,1,8.55000
21.5040,284,14,30,0.03000,FR,1,31,9.45000
21.5040,284,14,30,0.03000,BR,0,24,9.24000
21.5140,285,15,30,0.03000,FL,0,15,9.00000
21.5140,285,15,30,0.03000,BL,0,8,8.79000
21.5140,285,15,30,0.03000,BL,1,38,9.69000
21.5140,285,15,30,0.03000,FR,0,30,9.45000
21.5140,285,15,30,0.03000,BR,0,23,9.24000
21.5340,285,15,30,0.03000,FL,0,15,9.00000
21.5340,285,15,30,0.03000,BL,0,8,8.79000
21.5340,285,15,30,0.03000,BL,1,38,9.69000
21.5340,285,15,30,0.03000,FR,0,30,9.45000
21.5340,285,15,30,0.03000,BR,0,23,9.24000
21.5420,286,16,30,0.03000,FL,0,14,9.00000
21.5420,286,16,30,0.03000,BL,0,7,8.79000
21.5420,286,16,30,0.03000,BL,1,37,9.69000
21.5420,286,16,30,0.03000,FR,0,29,9.45000
21.5420,286,16,30,0.03000,BR,0,22,9.24000
21.5540,286,16,30,0.03000,FL,0,14,9.00000
21.5540,286,16,30,0.03000,BL,0,7,8.79000
21.5540,286,16,30,0.03000,BL,1,37,9.69000
21.5540,286,16,30,0.03000,FR,0,29,9.45000
21.5540,286,16,30,0.03000,BR,0,22,9.24000
21.5620,286,16,30,0.03000,FL,0,14,9.00000
21.5620,286,16,30,0.03000,BL,0,7,8.79000
21.5620,286,16,30,0.03000,BL,1,37,9.69000
21.5620,286,16,30,0.03000,FR,0,29,9.45000
21.5620,286,16,30,0.03000,BR,0,22,9.24000
21.5720,287,17,30,0.03000,FL,0,13,9.00000
21.5720,287,17,30,0.03000,BL,0,6,8.79000
21.5720,287,17,30,0.03000,BL,1,36,9.69000
21.5720,287,17,30,0.03000,FR,0,28,9.45000
21.5720,287,17,30,0.03000,BR,0,21,9.24000
21.5820,287,17,30,0.03000,FL,0,13,9.00000
21.5820,287,17,30,0.03000,BL,0,6,8.79000
21.5820,287,17,30,0.03000,BL,1,36,9.69000
21.5820,287,17,30,0.03000,FR,0,28,9.45000
21.5820,287,17,30,0.03000,BR,0,21,9.24000
21.5920,287,17,30,0.03000,FL,0,13,9.00000
21.5920,287,17,30,0.03000,BL,0,6,8.79000
21.5920,287,17,30,0.03000,BL,1,36,9.69000
21.5920,287,17,30,0.03000,FR,0,28,9.45000
21.5920,287,17,30,0.03000,BR,0,21,9.24000
21.6020,288,18,30,0.03000,FL,0,12,9.00000
21.6020,288,18,30,0.03000,BL,0,5,8.79000
21.6020,288,18,30,0.03000,BL,1,35,9.69000
21.6020,288,18,30,0.03000,FR,0,27,9.45000
21.6020,288,18,30,0.03000,BR,0,20,9.24000
21.6100,288,18,30,0.03000,FL,0,12,9.00000
21.6100,288,18,30,0.03000,BL,0,5,8.79000
21.6100,288,18,30,0.03000,BL,1,35,9.69000
21.6100,288,18,30,0.03000,FR,0,27,9.45000
21.6100,288,18,30,0.03000,BR,0,20,9.24000
21.6220,288,18,30,0.03000,FL,0,12,9.00000
21.6220,288,18,30,0.03000,BL,0,5,8.79000
21.6220,288,18,30,0.03000,BL,1,35,9.69000
21.6220,288,18,30,0.03000,FR,0,27,9.45000
21.6220,288,18,30,0.03000,BR,0,20,9.24000
21.6300,289,19,30,0.03000,FL,0,11,9.00000
21.6300,289,19,30,0.03000,BL,0,4,8.79000
21.6300,289,19,30,0.03000,BL,1,34,9.69000
21.6300,289,19,30,0.03000,FR,0,26,9.45000
21.6300,289,19,30,0.03000,BR,0,19,9.24000
21.6420,289,19,30,0.03000,FL,0,11,9.00000
21.6420,289,19,30,0.03000,BL,0,4,8.79000
21.6420,289,19,30,0.03000,BL,1,34,9.69000
21.6420,289,19,30,0.03000,FR,0,26,9.45000
21.6420,289,19,30,0.03000,BR,0,19,9.24000
21.6580,289,19,30,0.03000,FL,0,11,9.00000
21.6580,289,19,30,0.03000,BL,0,4,8.79000
21.6580,289,19,30,0.03000,BL,1,34,9.69000
21.6580,289,19,30,0.03000,FR,0,26,9.45000
21.6580,289,19,30,0.03000,BR,0,19,9.24000
21.6700,290,20,30,0.03000,FL,0,10,9.00000
21.6700,290,20,30,0.03000,BL,0,3,8.79000
21.6700,290,20,30,0.03000,BL,1,33,9.69000
21.6700,290,20,30,0.03000,FR,0,25,9.45000
21.6700,290,20,30,0.03000,BR,0,18,9.24000
21.6800,290,20,30,0.03000,FL,0,10,9.00000
21.6800,290,20,30,0.03000,BL,0,3,8.79000
21.6800,290,20,30,0.03000,BL,1,33,9.69000
21.6800,290,20,30,0.03000,FR,0,25,9.45000
21.6800,290,20,30,0.03000,BR,0,18,9.24000
21.6940,291,21,30,0.03000,FL,0,9,9.00000
21.6940,291,21,30,0.03000,FL,1,39,9.90000
21.6940,291,21,30,0.03000,BL,0,2,8.79000
21.6940,291,21,30,0.03000,BL,1,32,9.69000
21.6940,291,21,30,0.03000,FR,0,24,9.45000
21.6940,291,21,30,0.03000,BR,0,17,9.24000
21.7040,291,21,30,0.03000,FL,0,9,9.00000
21.7040,291,21,30,0.03000,FL,1,39,9.90000
21.7040,291,21,30,0.03000,BL,0,2,8.79000
21.7040,291,21,30,0.03000,BL,1,32,9.69000
21.7040,291,21,30,0.03000,FR,0,24,9.45000
21.7040,291,21,30,0.03000,BR,0,17,9.24000
21.7140,291,21,30,0.03000,FL,0,9,9.00000
21.7140,291,21,30,0.03000,FL,1,39,9.90000
21.7140,291,21,30,0.03000,BL,0,2,8.79000
21.7140,291,21,30,0.03000,BL,1,32,9.69000
21.7140,291,21,30,0.03000,FR,0,24,9.45000
21.7140,291,21,30,0.03000,BR,0,17,9.24000
21.7240,292,22,30,0.03000,FL,0,8,9.00000
21.7240,292,22,30,0.03000,FL,1,38,9.90000
21.7240,292,22,30,0.03000,BL,0,1,8.79000
21.7240,292,22,30,0.03000,BL,1,31,9.69000
21.7240,292,22,30,0.03000,FR,0,23,9.45000
21.7240,292,22,30,0.03000,BR,0,16,9.24000
21.7420,292,22,30,0.03000,FL,0,8,9.00000
21.7420,292,22,30,0.03000,FL,1,38,9.90000
21.7420,292,22,30,0.03000,BL,0,1,8.79000
21.7420,292,22,30,0.03000,BL,1,31,9.69000
21.7420,292,22,30,0.03000,FR,0,23,9.45000
21.7420,292,22,30,0.03000,BR,0,16,9.24000
21.7540,293,23,30,0.03000,FL,0,7,9.00000
21.7540,293,23,30,0.03000,FL,1,37,9.90000
21.7540,293,23,30,0.03000,BL,0,30,9.69000
21.7540,293,23,30,0.03000,FR,0,22,9.45000
21.7540,293,23,30,0.03000,BR,0,15,9.24000
21.7620,293,23,30,0.03000,FL,0,7,9.00000
21.7620,293,23,30,0.03000,FL,1,37,9.90000
21.7620,293,23,30,0.03000,BL,0,30,9.69000
21.7620,293,23,30,0.03000,FR,0,22,9.45000
21.7620,293,23,30,0.03000,BR,0,15,9.24000
21.7720,293,23,30,0.03000,FL,0,7,9.00000
21.7720,293,23,30,0.03000,FL,1,37,9.90000
21.7720,293,23,30,0.03000,BL,0,30,9.69000
21.7720,293,23,30,0.03000,FR,0,22,9.45000
21.7720,293,23,30,0.03000,BR,0,15,9.24000
21.7820,294,24,30,0.03000,FL,0,6,9.00000
21.7820,294,24,30,0.03000,FL,1,36,9.90000
21.7820,294,24,30,0.03000,BL,0,29,9.69000
21.7820,294,24,30,0.03000,FR,0,21,9.45000
21.7820,294,24,30,0.03000,BR,0,14,9.24000
21.7920,294,24,30,0.03000,FL,0,6,9.00000
21.7920,294,24,30,0.03000,FL,1,36,9.90000
21.7920,294,24,30,0.03000,BL,0,29,9.69000
21.7920,294,24,30,0.03000,FR,0,21,9.45000
21.7920,294,24,30,0.03000,BR,0,14,9.24000
21.8060,294,24,30,0.03000,FL,0,6,9.00000
21.8060,294,24,30,0.03000,FL,1,36,9.90000
21.8060,294,24,30,0.03000,BL,0,29,9.69000
21.8060,294,24,30,0.03000,FR,0,21,9.45000
21.8060,294,24,30,0.03000,BR,0,14,9.24000
21.8180,295,25,30,0.03000,FL,0,5,9.00000
21.8180,295,25,30,0.03000,FL,1,35,9.90000
21.8180,295,25,30,0.03000,BL,0,28,9.69000
21.8180,295,25,30,0.03000,FR,0,20,9.45000
21.8180,295,25,30,0.03000,BR,0,13,9.24000
21.8280,295,25,30,0.03000,FL,0,5,9.00000
21.8280,295,25,30,0.03000,FL,1,35,9.90000
21.8280,295,25,30,0.03000,BL,0,28,9.69000
21.8280,295,25,30,0.03000,FR,0,20,9.45000
21.8280,295,25,30,0.03000,BR,0,13,9.24000
21.8380,295,25,30,0.03000,FL,0,5,9.00000
21.8380,295,25,30,0.03000,FL,1,35,9.90000
21.8380,295,25,30,0.03000,BL,0,28,9.69000
21.8380,295,25,30,0.03000,FR,0,20,9.45000
21.8380,295,25,30,0.03000,BR,0,13,9.24000
21.8500,296,26,30,0.03000,FL,0,4,9.00000
21.8500,296,26,30,0.03000,FL,1,34,9.90000
21.8500,296,26,30,0.03000,BL,0,27,9.69000
21.8500,296,26,30,0.03000,FR,0,19,9.45000
21.8500,296,26,30,0.03000,BR,0,12,9.24000
21.8600,296,26,30,0.03000,FL,0,4,9.00000
21.8600,296,26,30,0.03000,FL,1,34,9.90000
21.8600,296,26,30,0.03000,BL,0,27,9.69000
21.8600,296,26,30,0.03000,FR,0,19,9.45000
21.8600,296,26,30,0.03000,BR,0,12,9.24000
21.8700,297,27,30,0.03000,FL,0,3,9.00000
21.8700,297,27,30,0.03000,FL,1,33,9.90000
21.8700,297,27,30,0.03000,BL,0,26,9.69000
21.8700,297,27,30,0.03000,FR,0,18,9.45000
21.8700,297,27,30,0.03000,BR,0,11,9.24000
21.8820,297,27,30,0.03000,FL,0,3,9.00000
21.8820,297,27,30,0.03000,FL,1,33,9.90000
21.8820,297,27,30,0.03000,BL,0,26,9.69000
21.8820,297,27,30,0.03000,FR,0,18,9.45000
21.8820,297,27,30,0.03000,BR,0,11,9.24000
21.8940,297,27,30,0.03000,FL,0,3,9.00000
21.8940,297,27,30,0.03000,FL,1,33,9.90000
21.8940,297,27,30,0.03000,BL,0,26,9.69000
21.8940,297,27,30,0.03000,FR,0,18,9.45000
21.8940,297,27,30,0.03000,BR,0,11,9.24000
21.9040,298,28,30,0.03000,FL,0,2,9.00000
21.9040,298,28,30,0.03000,FL,1,32,9.90000
21.9040,298,28,30,0.03000,BL,0,25,9.69000
21.9040,298,28,30,0.03000,FR,0,17,9.45000
21.9040,298,28,30,0.03000,BR,0,10,9.24000
21.9140,298,28,30,0.03000,FL,0,2,9.00000
21.9140,298,28,30,0.03000,FL,1,32,9.90000
21.9140,298,28,30,0.03000,BL,0,25,9.69000
21.9140,298,28,30,0.03000,FR,0,17,9.45000
21.9140,298,28,30,0.03000,BR,0,10,9.24000
21.9280,298,28,30,0.03000,FL,0,2,9.00000
21.9280,298,28,30,0.03000,FL,1,32,9.90000
21.9280,298,28,30,0.03000,BL,0,25,9.69000
21.9280,298,28,30,0.03000,FR,0,17,9.45000
21.9280,298,28,30,0.03000,BR,0,10,9.24000
21.9380,299,29,30,0.03000,FL,0,1,9.00000
21.9380,299,29,30,0.03000,FL,1,31,9.90000
21.9380,299,29,30,0.03000,BL,0,24,9.69000
21.9380,299,29,30,0.03000,FR,0,16,9.45000
21.9380,299,29,30,0.03000,BR,0,9,9.24000
21.9380,299,29,30,0.03000,BR,1,39,10.14000
21.9500,299,29,30,0.03000,FL,0,1,9.00000
21.9500,299,29,30,0.03000,FL,1,31,9.90000
21.9500,299,29,30,0.03000,BL,0,24,9.69000
21.9500,299,29,30,0.03000,FR,0,16,9.45000
21.9500,299,29,30,0.03000,BR,0,9,9.24000
21.9500,299,29,30,0.03000,BR,1,39,10.14000
21.9600,300,0,30,0.03000,FL,0,30,9.90000
21.9600,300,0,30,0.03000,BL,0,23,9.69000
21.9600,300,0,30,0.03000,FR,0,15,9.45000
21.9600,300,0,30,0.03000,BR,0,8,9.24000
21.9600,300,0,30,0.03000,BR,1,38,10.14000
21.9800,300,0,30,0.03000,FL,0,30,9.90000
21.9800,300,0,30,0.03000,BL,0,23,9.69000
21.9800,300,0,30,0.03000,FR,0,15,9.45000
21.9800,300,0,30,0.03000,BR,0,8,9.24000
21.9800,300,0,30,0.03000,BR,1,38,10.14000
21.9900,300,0,30,0.03000,FL,0,30,9.90000
21.9900,300,0,30,0.03000,BL,0,23,9.69000
21.9900,300,0,30,0.03000,FR,0,15,9.45000
21.9900,300,0,30,0.03000,BR,0,8,9.24000
21.9900,300,0,30,0.03000,BR,1,38,10.14000
21.9980,301,1,30,0.03000,FL,0,29,9.90000
21.9980,301,1,30,0.03000,BL,0,22,9.69000
21.9980,301,1,30,0.03000,FR,0,14,9.45000
21.9980,301,1,30,0.03000,BR,0,7,9.24000
21.9980,301,1,30,0.03000,BR,1,37,10.14000
22.0080,301,1,30,0.03000,FL,0,29,9.90000
22.0080,301,1,30,0.03000,BL,0,22,9.69000
22.0080,301,1,30,0.03000,FR,0,14,9.45000
22.0080,301,1,30,0.03000,BR,0,7,9.24000
22.0080,301,1,30,0.03000,BR,1,37,10.14000
22.0200,302,2,30,0.03000,FL,0,28,9.90000
22.0200,302,2,30,0.03000,BL,0,21,9.69000
22.0200,302,2,30,0.03000,FR,0,13,9.45000
22.0200,302,2,30,0.03000,BR,0,6,9.24000
22.0200,302,2,30,0.03000,BR,1,36,10.14000
22.0300,302,2,30,0.03000,FL,0,28,9.90000
22.0300,302,2,30,0.03000,BL,0,21,9.69000
22.0300,302,2,30,0.03000,FR,0,13,9.45000
22.0300,302,2,30,0.03000,BR,0,6,9.24000
22.0300,302,2,30,0.03000,BR,1,36,10.14000
22.0420,302,2,30,0.03000,FL,0,28,9.90000
22.0420,302,2,30,0.03000,BL,0,21,9.69000
22.0420,302,2,30,0.03000,FR,0,13,9.45000
22.0420,302,2,30,0.03000,BR,0,6,9.24000
22.0420,302,2,30,0.03000,BR,1,36,10.14000
22.0520,303,3,30,0.03000,FL,0,27,9.90000
22.0520,303,3,30,0.03000,BL,0,20,9.69000
22.0520,303,3,30,0.03000,FR,0,12,9.45000
22.0520,303,3,30,0.03000,BR,0,5,9.24000
22.0520,303,3,30,0.03000,BR,1,35,10.14000
22.0620,303,3,30,0.03000,FL,0,27,9.90000
22.0620,303,3,30,0.03000,BL,0,20,9.69000
22.0620,303,3,30,0.03000,FR,0,12,9.45000
22.0620,303,3,30,0.03000,BR,0,5,9.24000
22.0620,303,3,30,0.03000,BR,1,35,10.14000
22.0920,304,4,30,0.03000,FL,0,26,9.90000
22.0920,304,4,30,0.03000,BL,0,19,9.69000
22.0920,304,4,30,0.03000,FR,0,11,9.45000
22.0920,304,4,30,0.03000,BR,0,4,9.24000
22.0920,304,4,30,0.03000,BR,1,34,10.14000
22.1020,304,4,30,0.03000,FL,0,26,9.90000
22.1020,304,4,30,0.03000,BL,0,19,9.69000
22.1020,304,4,30,0.03000,FR,0,11,9.45000
22.1020,304,4,30,0.03000,BR,0,4,9.24000
22.1020,304,4,30,0.03000,BR,1,34,10.14000
22.1120,305,5,30,0.03000,FL,0,25,9.90000
22.1120,305,5,30,0.03000,BL,0,18,9.69000
22.1120,305,5,30,0.03000,FR,0,10,9.45000
22.1120,305,5,30,0.03000,BR,0,3,9.24000
22.1120,305,5,30,0.03000,BR,1,33,10.14000
22.1220,305,5,30,0.03000,FL,0,25,9.90000
22.1220,305,5,30,0.03000,BL,0,18,9.69000
22.1220,305,5,30,0.03000,FR,0,10,9.45000
22.1220,305,5,30,0.03000,BR,0,3,9.24000
22.1220,305,5,30,0.03000,BR,1,33,10.14000
22.1300,305,5,30,0.03000,FL,0,25,9.90000
22.1300,305,5,30,0.03000,BL,0,18,9.69000
22.1300,305,5,30,0.03000,FR,0,10,9.45000
22.1300,305,5,30,0.03000,BR,0,3,9.24000
22.1300,305,5,30,0.03000,BR,1,33,10.14000
22.1400,306,6,30,0.03000,FL,0,24,9.90000
22.1400,306,6,30,0.03000,BL,0,17,9.69000
22.1400,306,6,30,0.03000,FR,0,9,9.45000
22.1400,306,6,30,0.03000,FR,1,39,10.35000
22.1400,306,6,30,0.03000,BR,0,2,9.24000
22.1400,306,6,30,0.03000,BR,1,32,10.14000
22.1500,306,6,30,0.03000,FL,0,24,9.90000
22.1500,306,6,30,0.03000,BL,0,17,9.69000
22.1500,306,6,30,0.03000,FR,0,9,9.45000
22.1500,306,6,30,0.03000,FR,1,39,10.35000
22.1500,306,6,30,0.03000,BR,0,2,9.24000
22.1500,306,6,30,0.03000,BR,1,32,10.14000
22.1600,306,6,30,0.03000,FL,0,24,9.90000
22.1600,306,6,30,0.03000,BL,0,17,9.69000
22.1600,306,6,30,0.03000,FR,0,9,9.45000
22.1600,306,6,30,0.03000,FR,1,39,10.35000
22.1600,306,6,30,0.03000,BR,0,2,9.24000
22.1600,306,6,30,0.03000,BR,1,32,10.14000
22.1680,306,6,30,0.03000,FL,0,24,9.90000
22.1680,306,6,30,0.03000,BL,0,17,9.69000
22.1680,306,6,30,0.03000,FR,0,9,9.45000
22.1680,306,6,30,0.03000,FR,1,39,10.35000
22.1680,306,6,30,0.03000,BR,0,2,9.24000
22.1680,306,6,30,0.03000,BR,1,32,10.14000
22.1800,307,7,30,0.03000,FL,0,23,9.90000
22.1800,307,7,30,0.03000,BL,0,16,9.69000
22.1800,307,7,30,0.03000,FR,0,8,9.45000
22.1800,307,7,30,0.03000,FR,1,38,10.35000
22.1800,307,7,30,0.03000,BR,0,1,9.24000
22.1800,307,7,30,0.03000,BR,1,31,10.14000
22.1980,307,7,30,0.03000,FL,0,23,9.90000
22.1980,307,7,30,0.03000,BL,0,16,9.69000
22.1980,307,7,30,0.03000,FR,0,8,9.45000
22.1980,307,7,30,0.03000,FR,1,38,10.35000
22.1980,307,7,30,0.03000,BR,0,1,9.24000
22.1980,307,7,30,0.03000,BR,1,31,10.14000
22.2080,308,8,30,0.03000,FL,0,22,9.90000
22.2080,308,8,30,0.03000,BL,0,15,9.69000
22.2080,308,8,30,0.03000,FR,0,7,9.45000
22.2080,308,8,30,0.03000,FR,1,37,10.35000
22.2080,308,8,30,0.03000,BR,0,30,10.14000
22.2180,308,8,30,0.03000,FL,0,22,9.90000
22.2180,308,8,30,0.03000,BL,0,15,9.69000
22.2180,308,8,30,0.03000,FR,0,7,9.45000
22.2180,308,8,30,0.03000,FR,1,37,10.35000
22.2180,308,8,30,0.03000,BR,0,30,10.14000
22.2280,308,8,30,0.03000,FL,0,22,9.90000
22.2280,308,8,30,0.03000,BL,0,15,9.69000
22.2280,308,8,30,0.03000,FR,0,7,9.45000
22.2280,308,8,30,0.03000,FR,1,37,10.35000
22.2280,308,8,30,0.03000,BR,0,30,10.14000
22.2380,309,9,30,0.03000,FL,0,21,9.90000
22.2380,309,9,30,0.03000,BL,0,14,9.69000
22.2380,309,9,30,0.03000,FR,0,6,9.45000
22.2380,309,9,30,0.03000,FR,1,36,10.35000
22.2380,309,9,30,0.03000,BR,0,29,10.14000
22.2460,309,9,30,0.03000,FL,0,21,9.90000
22.2460,309,9,30,0.03000,BL,0,14,9.69000
22.2460,309,9,30,0.03000,FR,0,6,9.45000
22.2460,309,9,30,0.03000,FR,1,36,10.35000
22.2460,309,9,30,0.03000,BR,0,29,10.14000
22.2580,309,9,30,0.03000,FL,0,21,9.90000
22.2580,309,9,30,0.03000,BL,0,14,9.69000
22.2580,309,9,30,0.03000,FR,0,6,9.45000
22.2580,309,9,30,0.03000,FR,1,36,10.35000
22.2580,309,9,30,0.03000,BR,0,29,10.14000
22.2660,310,10,30,0.03000,FL,0,20,9.90000
22.2660,310,10,30,0.03000,BL,0,13,9.69000
22.2660,310,10,30,0.03000,FR,0,5,9.45000
22.2660,310,10,30,0.03000,FR,1,35,10.35000
22.2660,310,10,30,0.03000,BR,0,28,10.14000
22.2760,310,10,30,0.03000,FL,0,20,9.90000
22.2760,310,10,30,0.03000,BL,0,13,9.69000
22.2760,310,10,30,0.03000,FR,0,5,9.45000
22.2760,310,10,30,0.03000,FR,1,35,10.35000
22.2760,310,10,30,0.03000,BR,0,28,10.14000
22.2860,310,10,30,0.03000,FL,0,20,9.90000
22.2860,310,10,30,0.03000,BL,0,13,9.69000
22.2860,310,10,30,0.03000,FR,0,5,9.45000
22.2860,310,10,30,0.03000,FR,1,35,10.35000
22.2860,310,10,30,0.03000,BR,0,28,10.14000
22.2940,311,11,30,0.03000,FL,0,19,9.90000
22.2940,311,11,30,0.03000,BL,0,12,9.69000
22.2940,311,11,30,0.03000,FR,0,4,9.45000
22.2940,311,11,30,0.03000,FR,1,34,10.35000
22.2940,311,11,30,0.03000,BR,0,27,10.14000
22.3060,311,11,30,0.03000,FL,0,19,9.90000
22.3060,311,11,30,0.03000,BL,0,12,9.69000
22.3060,311,11,30,0.03000,FR,0,4,9.45000
22.3060,311,11,30,0.03000,FR,1,34,10.35000
22.3060,311,11,30,0.03000,BR,0,27,10.14000
22.3140,311,11,30,0.03000,FL,0,19,9.90000
22.3140,311,11,30,0.03000,BL,0,12,9.69000
22.3140,311,11,30,0.03000,FR,0,4,9.45000
22.3140,311,11,30,0.03000,FR,1,34,10.35000
22.3140,311,11,30,0.03000,BR,0,27,10.14000
22.3240,312,12,30,0.03000,FL,0,18,9.90000
22.3240,312,12,30,0.03000,BL,0,11,9.69000
22.3240,312,12,30,0.03000,FR,0,3,9.45000
22.3240,312,12,30,0.03000,FR,1,33,10.35000
22.3240,312,12,30,0.03000,BR,0,26,10.14000
22.3340,312,12,30,0.03000,FL,0,18,9.90000
22.3340,312,12,30,0.03000,BL,0,11,9.69000
22.3340,312,12,30,0.03000,FR,0,3,9.45000
22.3340,312,12,30,0.03000,FR,1,33,10.35000
22.3340,312,12,30,0.03000,BR,0,26,10.14000
22.3440,312,12,30,0.03000,FL,0,18,9.90000
22.3440,312,12,30,0.03000,BL,0,11,9.69000
22.3440,312,12,30,0.03000,FR,0,3,9.45000
22.3440,312,12,30,0.03000,FR,1,33,10.35000
22.3440,312,12,30,0.03000,BR,0,26,10.14000
22.3520,313,13,30,0.03000,FL,0,17,9.90000
22.3520,313,13,30,0.03000,BL,0,10,9.69000
22.3520,313,13,30,0.03000,FR,0,2,9.45000
22.3520,313,13,30,0.03000,FR,1,32,10.35000
22.3520,313,13,30,0.03000,BR,0,25,10.14000
22.3640,313,13,30,0.03000,FL,0,17,9.90000
22.3640,313,13,30,0.03000,BL,0,10,9.69000
22.3640,313,13,30,0.03000,FR,0,2,9.45000
22.3640,313,13,30,0.03000,FR,1,32,10.35000
22.3640,313,13,30,0.03000,BR,0,25,10.14000
22.3720,313,13,30,0.03000,FL,0,17,9.90000
22.3720,313,13,30,0.03000,BL,0,10,9.69000
22.3720,313,13,30,0.03000,FR,0,2,9.45000
22.3720,313,13,30,0.03000,FR,1,32,10.35000
22.3720,313,13,30,0.03000,BR,0,25,10.14000
22.3840,314,14,30,0.03000,FL,0,16,9.90000
22.3840,314,14,30,0.03000,BL,0,9,9.69000
22.3840,314,14,30,0.03000,BL,1,39,10.59000
22.3840,314,14,30,0.03000,FR,0,1,9.45000
22.3840,314,14,30,0.03000,FR,1,31,10.35000
22.3840,314,14,30,0.03000,BR,0,24,10.14000
22.3920,314,14,30,0.03000,FL,0,16,9.90000
22.3920,314,14,30,0.03000,BL,0,9,9.69000
22.3920,314,14,30,0.03000,BL,1,39,10.59000
22.3920,314,14,30,0.03000,FR,0,1,9.45000
22.3920,314,14,30,0.03000,FR,1,31,10.35000
22.3920,314,14,30,0.03000,BR,0,24,10.14000
22.4020,314,14,30,0.03000,FL,0,16,9.90000
22.4020,314,14,30,0.03000,BL,0,9,9.69000
22.4020,314,14,30,0.03000,BL,1,39,10.59000
22.4020,314,14,30,0.03000,FR,0,1,9.45000
22.4020,314,14,30,0.03000,FR,1,31,10.35000
22.4020,314,14,30,0.03000,BR,0,24,10.14000
22.4120,315,15,30,0.03000,FL,0,15,9.90000
22.4120,315,15,30,0.03000,BL,0,8,9.69000
22.4120,315,15,30,0.03000,BL,1,38,10.59000
22.4120,315,15,30,0.03000,FR,0,30,10.35000
22.4120,315,15,30,0.03000,BR,0,23,10.14000
22.4300,315,15,30,0.03000,FL,0,15,9.90000
22.4300,315,15,30,0.03000,BL,0,8,9.69000
22.4300,315,15,30,0.03000,BL,1,38,10.59000
22.4300,315,15,30,0.03000,FR,0,30,10.35000
22.4300,315,15,30,0.03000,BR,0,23,10.14000
22.4420,316,16,30,0.03000,FL,0,14,9.90000
22.4420,316,16,30,0.03000,BL,0,7,9.69000
22.4420,316,16,30,0.03000,BL,1,37,10.59000
22.4420,316,16,30,0.03000,FR,0,29,10.35000
22.4420,316,16,30,0.03000,BR,0,22,10.14000
22.4500,316,16,30,0.03000,FL,0,14,9.90000
22.4500,316,16,30,0.03000,BL,0,7,9.69000
22.4500,316,16,30,0.03000,BL,1,37,10.59000
22.4500,316,16,30,0.03000,FR,0,29,10.35000
22.4500,316,16,30,0.03000,BR,0,22,10.14000
22.4600,316,16,30,0.03000,FL,0,14,9.90000
22.4600,316,16,30,0.03000,BL,0,7,9.69000
22.4600,316,16,30,0.03000,BL,1,37,10.59000
22.4600,316,16,30,0.03000,FR,0,29,10.35000
22.4600,316,16,30,0.03000,BR,0,22,10.14000
22.4700,317,17,30,0.03000,FL,0,13,9.90000
22.4700,317,17,30,0.03000,BL,0,6,9.69000
22.4700,317,17,30,0.03000,BL,1,36,10.59000
22.4700,317,17,30,0.03000,FR,0,28,10.35000
22.4700,317,17,30,0.03000,BR,0,21,10.14000
22.4800,317,17,30,0.03000,FL,0,13,9.90000
22.4800,317,17,30,0.03000,BL,0,6,9.69000
22.4800,317,17,30,0.03000,BL,1,36,10.59000
22.4800,317,17,30,0.03000,FR,0,28,10.35000
22.4800,317,17,30,0.03000,BR,0,21,10.14000
22.4900,317,17,30,0.03000,FL,0,13,9.90000
22.4900,317,17,30,0.03000,BL,0,6,9.69000
22.4900,317,17,30,0.03000,BL,1,36,10.59000
22.4900,317,17,30,0.03000,FR,0,28,10.35000
22.4900,317,17,30,0.03000,BR,0,21,10.14000
22.4980,317,17,30,0.03000,FL,0,13,9.90000
22.4980,317,17,30,0.03000,BL,0,6,9.69000
22.4980,317,17,30,0.03000,BL,1,36,10.59000
22.4980,317,17,30,0.03000,FR,0,28,10.35000
22.4980,317,17,30,0.03000,BR,0,21,10.14000
22.5080,318,18,30,0.03000,FL,0,12,9.90000
22.5080,318,18,30,0.03000,BL,0,5,9.69000
22.5080,318,18,30,0.03000,BL,1,35,10.59000
22.5080,318,18,30,0.03000,FR,0,27,10.35000
22.5080,318,18,30,0.03000,BR,0,20,10.14000
22.5180,318,18,30,0.03000,FL,0,12,9.90000
22.5180,318,18,30,0.03000,BL,0,5,9.69000
22.5180,318,18,30,0.03000,BL,1,35,10.59000
22.5180,318,18,30,0.03000,FR,0,27,10.35000
22.5180,318,18,30,0.03000,BR,0,20,10.14000
22.5280,318,18,30,0.03000,FL,0,12,9.90000
22.5280,318,18,30,0.03000,BL,0,5,9.69000
22.5280,318,18,30,0.03000,BL,1,35,10.59000
22.5280,318,18,30,0.03000,FR,0,27,10.35000
22.5280,318,18,30,0.03000,BR,0,20,10.14000
22.5380,319,19,30,0.03000,FL,0,11,9.90000
22.5380,319,19,30,0.03000,BL,0,4,9.69000
22.5380,319,19,30,0.03000,BL,1,34,10.59000
22.5380,319,19,30,0.03000,FR,0,26,10.35000
22.5380,319,19,30,0.03000,BR,0,19,10.14000
22.5460,319,19,30,0.03000,FL,0,11,9.90000
22.5460,319,19,30,0.03000,BL,0,4,9.69000
22.5460,319,19,30,0.03000,BL,1,34,10.59000
22.5460,319,19,30,0.03000,FR,0,26,10.35000
22.5460,319,19,30,0.03000,BR,0,19,10.14000
22.5580,319,19,30,0.03000,FL,0,11,9.90000
22.5580,319,19,30,0.03000,BL,0,4,9.69000
22.5580,319,19,30,0.03000,BL,1,34,10.59000
22.5580,319,19,30,0.03000,FR,0,26,10.35000
22.5580,319,19,30,0.03000,BR,0,19,10.14000
22.5660,320,20,30,0.03000,FL,0,10,9.90000
22.5660,320,20,30,0.03000,BL,0,3,9.69000
22.5660,320,20,30,0.03000,BL,1,33,10.59000
22.5660,320,20,30,0.03000,FR,0,25,10.35000
22.5660,320,20,30,0.03000,BR,0,18,10.14000
22.5760,320,20,30,0.03000,FL,0,10,9.90000
22.5760,320,20,30,0.03000,BL,0,3,9.69000
22.5760,320,20,30,0.03000,BL,1,33,10.59000
22.5760,320,20,30,0.03000,FR,0,25,10.35000
22.5760,320,20,30,0.03000,BR,0,18,10.14000
22.5860,320,20,30,0.03000,FL,0,10,9.90000
22.5860,320,20,30,0.03000,BL,0,3,9.69000
22.5860,320,20,30,0.03000,BL,1,33,10.59000
22.5860,320,20,30,0.03000,FR,0,25,10.35000
22.5860,320,20,30,0.03000,BR,0,18,10.14000
22.5940,321,21,30,0.03000,FL,0,9,9.90000
22.5940,321,21,30,0.03000,FL,1,39,10.80000
22.5940,321,21,30,0.03000,BL,0,2,9.69000
22.5940,321,21,30,0.03000,BL,1,32,10.59000
22.5940,321,21,30,0.03000,FR,0,24,10.35000
22.5940,321,21,30,0.03000,BR,0,17,10.14000
22.6040,321,21,30,0.03000,FL,0,9,9.90000
22.6040,321,21,30,0.03000,FL,1,39,10.80000
22.6040,321,21,30,0.03000,BL,0,2,9.69000
22.6040,321,21,30,0.03000,BL,1,32,10.59000
22.6040,321,21,30,0.03000,FR,0,24,10.35000
22.6040,321,21,30,0.03000,BR,0,17,10.14000
22.6140,321,21,30,0.03000,FL,0,9,9.90000
22.6140,321,21,30,0.03000,FL,1,39,10.80000
22.6140,321,21,30,0.03000,BL,0,2,9.69000
22.6140,321,21,30,0.03000,BL,1,32,10.59000
22.6140,321,21,30,0.03000,FR,0,24,10.35000
22.6140,321,21,30,0.03000,BR,0,17,10.14000
22.6240,322,22,30,0.03000,FL,0,8,9.90000
22.6240,322,22,30,0.03000,FL,1,38,10.80000
22.6240,322,22,30,0.03000,BL,0,1,9.69000
22.6240,322,22,30,0.03000,BL,1,31,10.59000
22.6240,322,22,30,0.03000,FR,0,23,10.35000
22.6240,322,22,30,0.03000,BR,0,16,10.14000
22.6440,322,22,30,0.03000,FL,0,8,9.90000
22.6440,322,22,30,0.03000,FL,1,38,10.80000
22.6440,322,22,30,0.03000,BL,0,1,9.69000
22.6440,322,22,30,0.03000,BL,1,31,10.59000
22.6440,322,22,30,0.03000,FR,0,23,10.35000
22.6440,322,22,30,0.03000,BR,0,16,10.14000
22.6520,323,23,30,0.03000,FL,0,7,9.90000
22.6520,323,23,30,0.03000,FL,1,37,10.80000
22.6520,323,23,30,0.03000,BL,0,30,10.59000
22.6520,323,23,30,0.03000,FR,0,22,10.35000
22.6520,323,23,30,0.03000,BR,0,15,10.14000
22.6620,323,23,30,0.03000,FL,0,7,9.90000
22.6620,323,23,30,0.03000,FL,1,37,10.80000
22.6620,323,23,30,0.03000,BL,0,30,10.59000
22.6620,323,23,30,0.03000,FR,0,22,10.35000
22.6620,323,23,30,0.03000,BR,0,15,10.14000
22.6720,323,23,30,0.03000,FL,0,7,9.90000
22.6720,323,23,30,0.03000,FL,1,37,10.80000
22.6720,323,23,30,0.03000,BL,0,30,10.59000
22.6720,323,23,30,0.03000,FR,0,22,10.35000
22.6720,323,23,30,0.03000,BR,0,15,10.14000
22.6820,324,24,30,0.03000,FL,0,6,9.90000
22.6820,324,24,30,0.03000,FL,1,36,10.80000
22.6820,324,24,30,0.03000,BL,0,29,10.59000
22.6820,324,24,30,0.03000,FR,0,21,10.35000
22.6820,324,24,30,0.03000,BR,0,14,10.14000
22.6920,324,24,30,0.03000,FL,0,6,9.90000
22.6920,324,24,30,0.03000,FL,1,36,10.80000
22.6920,324,24,30,0.03000,BL,0,29,10.59000
22.6920,324,24,30,0.03000,FR,0,21,10.35000
22.6920,324,24,30,0.03000,BR,0,14,10.14000
22.7020,324,24,30,0.03000,FL,0,6,9.90000
22.7020,324,24,30,0.03000,FL,1,36,10.80000
22.7020,324,24,30,0.03000,BL,0,29,10.59000
22.7020,324,24,30,0.03000,FR,0,21,10.35000
22.7020,324,24,30,0.03000,BR,0,14,10.14000
22.7100,325,25,30,0.03000,FL,0,5,9.90000
22.7100,325,25,30,0.03000,FL,1,35,10.80000
22.7100,325,25,30,0.03000,BL,0,28,10.59000
22.7100,325,25,30,0.03000,FR,0,20,10.35000
22.7100,325,25,30,0.03000,BR,0,13,10.14000
22.7200,325,25,30,0.03000,FL,0,5,9.90000
22.7200,325,25,30,0.03000,FL,1,35,10.80000
22.7200,325,25,30,0.03000,BL,0,28,10.59000
22.7200,325,25,30,0.03000,FR,0,20,10.35000
22.7200,325,25,30,0.03000,BR,0,13,10.14000
22.7300,325,25,30,0.03000,FL,0,5,9.90000
22.7300,325,25,30,0.03000,FL,1,35,10.80000
22.7300,325,25,30,0.03000,BL,0,28,10.59000
22.7300,325,25,30,0.03000,FR,0,20,10.35000
22.7300,325,25,30,0.03000,BR,0,13,10.14000
22.7400,326,26,30,0.03000,FL,0,4,9.90000
22.7400,326,26,30,0.03000,FL,1,34,10.80000
22.7400,326,26,30,0.03000,BL,0,27,10.59000
22.7400,326,26,30,0.03000,FR,0,19,10.35000
22.7400,326,26,30,0.03000,BR,0,12,10.14000
22.7500,326,26,30,0.03000,FL,0,4,9.90000
22.7500,326,26,30,0.03000,FL,1,34,10.80000
22.7500,326,26,30,0.03000,BL,0,27,10.59000
22.7500,326,26,30,0.03000,FR,0,19,10.35000
22.7500,326,26,30,0.03000,BR,0,12,10.14000
22.7620,326,26,30,0.03000,FL,0,4,9.90000
22.7620,326,26,30,0.03000,FL,1,34,10.80000
22.7620,326,26,30,0.03000,BL,0,27,10.59000
22.7620,326,26,30,0.03000,FR,0,19,10.35000
22.7620,326,26,30,0.03000,BR,0,12,10.14000
22.7700,327,27,30,0.03000,FL,0,3,9.90000
22.7700,327,27,30,0.03000,FL,1,33,10.80000
22.7700,327,27,30,0.03000,BL,0,26,10.59000
22.7700,327,27,30,0.03000,FR,0,18,10.35000
22.7700,327,27,30,0.03000,BR,0,11,10.14000
22.7820,327,27,30,0.03000,FL,0,3,9.90000
22.7820,327,27,30,0.03000,FL,1,33,10.80000
22.7820,327,27,30,0.03000,BL,0,26,10.59000
22.7820,327,27,30,0.03000,FR,0,18,10.35000
22.7820,327,27,30,0.03000,BR,0,11,10.14000
22.7900,327,27,30,0.03000,FL,0,3,9.90000
22.7900,327,27,30,0.03000,FL,1,33,10.80000
22.7900,327,27,30,0.03000,BL,0,26,10.59000
22.7900,327,27,30,0.03000,FR,0,18,10.35000
22.7900,327,27,30,0.03000,BR,0,11,10.14000
22.8000,328,28,30,0.03000,FL,0,2,9.90000
22.8000,328,28,30,0.03000,FL,1,32,10.80000
22.8000,328,28,30,0.03000,BL,0,25,10.59000
22.8000,328,28,30,0.03000,FR,0,17,10.35000
22.8000,328,28,30,0.03000,BR,0,10,10.14000
22.8100,328,28,30,0.03000,FL,0,2,9.90000
22.8100,328,28,30,0.03000,FL,1,32,10.80000
22.8100,328,28,30,0.03000,BL,0,25,10.59000
22.8100,328,28,30,0.03000,FR,0,17,10.35000
22.8100,328,28,30,0.03000,BR,0,10,10.14000
22.8200,328,28,30,0.03000,FL,0,2,9.90000
22.8200,328,28,30,0.03000,FL,1,32,10.80000
22.8200,328,28,30,0.03000,BL,0,25,10.59000
22.8200,328,28,30,0.03000,FR,0,17,10.35000
22.8200,328,28,30,0.03000,BR,0,10,10.14000
22.8320,329,29,30,0.03000,FL,0,1,9.90000
22.8320,329,29,30,0.03000,FL,1,31,10.80000
22.8320,329,29,30,0.03000,BL,0,24,10.59000
22.8320,329,29,30,0.03000,FR,0,16,10.35000
22.8320,329,29,30,0.03000,BR,0,9,10.14000
22.8320,329,29,30,0.03000,BR,1,39,11.04000
22.8420,329,29,30,0.03000,FL,0,1,9.90000
22.8420,329,29,30,0.03000,FL,1,31,10.80000
22.8420,329,29,30,0.03000,BL,0,24,10.59000
22.8420,329,29,30,0.03000,FR,0,16,10.35000
22.8420,329,29,30,0.03000,BR,0,9,10.14000
22.8420,329,29,30,0.03000,BR,1,39,11.04000
22.8520,329,29,30,0.03000,FL,0,1,9.90000
22.8520,329,29,30,0.03000,FL,1,31,10.80000
22.8520,329,29,30,0.03000,BL,0,24,10.59000
22.8520,329,29,30,0.03000,FR,0,16,10.35000
22.8520,329,29,30,0.03000,BR,0,9,10.14000
22.8520,329,29,30,0.03000,BR,1,39,11.04000
22.8640,330,0,30,0.03000,FL,0,30,10.80000
22.8640,330,0,30,0.03000,BL,0,23,10.59000
22.8640,330,0,30,0.03000,FR,0,15,10.35000
22.8640,330,0,30,0.03000,BR,0,8,10.14000
22.8640,330,0,30,0.03000,BR,1,38,11.04000
22.8840,330,0,30,0.03000,FL,0,30,10.80000
22.8840,330,0,30,0.03000,BL,0,23,10.59000
22.8840,330,0,30,0.03000,FR,0,15,10.35000
22.8840,330,0,30,0.03000,BR,0,8,10.14000
22.8840,330,0,30,0.03000,BR,1,38,11.04000
22.8940,331,1,30,0.03000,FL,0,29,10.80000
22.8940,331,1,30,0.03000,BL,0,22,10.59000
22.8940,331,1,30,0.03000,FR,0,14,10.35000
22.8940,331,1,30,0.03000,BR,0,7,10.14000
22.8940,331,1,30,0.03000,BR,1,37,11.04000
22.9060,331,1,30,0.03000,FL,0,29,10.80000
22.9060,331,1,30,0.03000,BL,0,22,10.59000
22.9060,331,1,30,0.03000,FR,0,14,10.35000
22.9060,331,1,30,0.03000,BR,0,7,10.14000
22.9060,331,1,30,0.03000,BR,1,37,11.04000
22.9180,331,1,30,0.03000,FL,0,29,10.80000
22.9180,331,1,30,0.03000,BL,0,22,10.59000
22.9180,331,1,30,0.03000,FR,0,14,10.35000
22.9180,331,1,30,0.03000,BR,0,7,10.14000
22.9180,331,1,30,0.03000,BR,1,37,11.04000
22.9280,332,2,30,0.03000,FL,0,28,10.80000
22.9280,332,2,30,0.03000,BL,0,21,10.59000
22.9280,332,2,30,0.03000,FR,0,13,10.35000
22.9280,332,2,30,0.03000,BR,0,6,10.14000
22.9280,332,2,30,0.03000,BR,1,36,11.04000
22.9400,332,2,30,0.03000,FL,0,28,10.80000
22.9400,332,2,30,0.03000,BL,0,21,10.59000
22.9400,332,2,30,0.03000,FR,0,13,10.35000
22.9400,332,2,30,0.03000,BR,0,6,10.14000
22.9400,332,2,30,0.03000,BR,1,36,11.04000
22.9520,333,3,30,0.03000,FL,0,27,10.80000
22.9520,333,3,30,0.03000,BL,0,20,10.59000
22.9520,333,3,30,0.03000,FR,0,12,10.35000
22.9520,333,3,30,0.03000,BR,0,5,10.14000
22.9520,333,3,30,0.03000,BR,1,35,11.04000
22.9660,333,3,30,0.03000,FL,0,27,10.80000
22.9660,333,3,30,0.03000,BL,0,20,10.59000
22.9660,333,3,30,0.03000,FR,0,12,10.35000
22.9660,333,3,30,0.03000,BR,0,5,10.14000
22.9660,333,3,30,0.03000,BR,1,35,11.04000
22.9760,333,3,30,0.03000,FL,0,27,10.80000
22.9760,333,3,30,0.03000,BL,0,20,10.59000
22.9760,333,3,30,0.03000,FR,0,12,10.35000
22.9760,333,3,30,0.03000,BR,0,5,10.14000
22.9760,333,3,30,0.03000,BR,1,35,11.04000
22.9920,334,4,30,0.03000,FL,0,26,10.80000
22.9920,334,4,30,0.03000,BL,0,19,10.59000
22.9920,334,4,30,0.03000,FR,0,11,10.35000
22.9920,334,4,30,0.03000,BR,0,4,10.14000
22.9920,334,4,30,0.03000,BR,1,34,11.04000
23.0020,334,4,30,0.03000,FL,0,26,10.80000
23.0020,334,4,30,0.03000,BL,0,19,10.59000
23.0020,334,4,30,0.03000,FR,0,11,10.35000
23.0020,334,4,30,0.03000,BR,0,4,10.14000
23.0020,334,4,30,0.03000,BR,1,34,11.04000
23.0140,335,5,30,0.03000,FL,0,25,10.80000
23.0140,335,5,30,0.03000,BL,0,18,10.59000
23.0140,335,5,30,0.03000,FR,0,10,10.35000
23.0140,335,5,30,0.03000,BR,0,3,10.14000
23.0140,335,5,30,0.03000,BR,1,33,11.04000
23.0240,335,5,30,0.03000,FL,0,25,10.80000
23.0240,335,5,30,0.03000,BL,0,18,10.59000
23.0240,335,5,30,0.03000,FR,0,10,10.35000
23.0240,335,5,30,0.03000,BR,0,3,10.14000
23.0240,335,5,30,0.03000,BR,1,33,11.04000
23.0340,335,5,30,0.03000,FL,0,25,10.80000
23.0340,335,5,30,0.03000,BL,0,18,10.59000
23.0340,335,5,30,0.03000,FR,0,10,10.35000
23.0340,335,5,30,0.03000,BR,0,3,10.14000
23.0340,335,5,30,0.03000,BR,1,33,11.04000
23.0440,336,6,30,0.03000,FL,0,24,10.80000
23.0440,336,6,30,0.03000,BL,0,17,10.59000
23.0440,336,6,30,0.03000,FR,0,9,10.35000
23.0440,336,6,30,0.03000,FR,1,39,11.25000
23.0440,336,6,30,0.03000,BR,0,2,10.14000
23.0440,336,6,30,0.03000,BR,1,32,11.04000
23.0540,336,6,30,0.03000,FL,0,24,10.80000
23.0540,336,6,30,0.03000,BL,0,17,10.59000
23.0540,336,6,30,0.03000,FR,0,9,10.35000
23.0540,336,6,30,0.03000,FR,1,39,11.25000
23.0540,336,6,30,0.03000,BR,0,2,10.14000
23.0540,336,6,30,0.03000,BR,1,32,11.04000
23.0620,336,6,30,0.03000,FL,0,24,10.80000
23.0620,336,6,30,0.03000,BL,0,17,10.59000
23.0620,336,6,30,0.03000,FR,0,9,10.35000
23.0620,336,6,30,0.03000,FR,1,39,11.25000
23.0620,336,6,30,0.03000,BR,0,2,10.14000
23.0620,336,6,30,0.03000,BR,1,32,11.04000
23.0720,337,7,30,0.03000,FL,0,23,10.80000
23.0720,337,7,30,0.03000,BL,0,16,10.59000
23.0720,337,7,30,0.03000,FR,0,8,10.35000
23.0720,337,7,30,0.03000,FR,1,38,11.25000
23.0720,337,7,30,0.03000,BR,0,1,10.14000
23.0720,337,7,30,0.03000,BR,1,31,11.04000
23.0960,337,7,30,0.03000,FL,0,23,10.80000
23.0960,337,7,30,0.03000,BL,0,16,10.59000
23.0960,337,7,30,0.03000,FR,0,8,10.35000
23.0960,337,7,30,0.03000,FR,1,38,11.25000
23.0960,337,7,30,0.03000,BR,0,1,10.14000
23.0960,337,7,30,0.03000,BR,1,31,11.04000
23.1060,338,8,30,0.03000,FL,0,22,10.80000
23.1060,338,8,30,0.03000,BL,0,15,10.59000
23.1060,338,8,30,0.03000,FR,0,7,10.35000
23.1060,338,8,30,0.03000,FR,1,37,11.25000
23.1060,338,8,30,0.03000,BR,0,30,11.04000
23.1180,338,8,30,0.03000,FL,0,22,10.80000
23.1180,338,8,30,0.03000,BL,0,15,10.59000
23.1180,338,8,30,0.03000,FR,0,7,10.35000
23.1180,338,8,30,0.03000,FR,1,37,11.25000
23.1180,338,8,30,0.03000,BR,0,30,11.04000
23.1280,338,8,30,0.03000,FL,0,22,10.80000
23.1280,338,8,30,0.03000,BL,0,15,10.59000
23.1280,338,8,30,0.03000,FR,0,7,10.35000
23.1280,338,8,30,0.03000,FR,1,37,11.25000
23.1280,338,8,30,0.03000,BR,0,30,11.04000
23.1380,339,9,30,0.03000,FL,0,21,10.80000
23.1380,339,9,30,0.03000,BL,0,14,10.59000
23.1380,339,9,30,0.03000,FR,0,6,10.35000
23.1380,339,9,30,0.03000,FR,1,36,11.25000
23.1380,339,9,30,0.03000,BR,0,29,11.04000
23.1500,339,9,30,0.03000,FL,0,21,10.80000
23.1500,339,9,30,0.03000,BL,0,14,10.59000
23.1500,339,9,30,0.03000,FR,0,6,10.35000
23.1500,339,9,30,0.03000,FR,1,36,11.25000
23.1500,339,9,30,0.03000,BR,0,29,11.04000
23.1580,339,9,30,0.03000,FL,0,21,10.80000
23.1580,339,9,30,0.03000,BL,0,14,10.59000
23.1580,339,9,30,0.03000,FR,0,6,10.35000
23.1580,339,9,30,0.03000,FR,1,36,11.25000
23.1580,339,9,30,0.03000,BR,0,29,11.04000
23.1680,340,10,30,0.03000,FL,0,20,10.80000
23.1680,340,10,30,0.03000,BL,0,13,10.59000
23.1680,340,10,30,0.03000,FR,0,5,10.35000
23.1680,340,10,30,0.03000,FR,1,35,11.25000
23.1680,340,10,30,0.03000,BR,0,28,11.04000
23.1800,340,10,30,0.03000,FL,0,20,10.80000
23.1800,340,10,30,0.03000,BL,0,13,10.59000
23.1800,340,10,30,0.03000,FR,0,5,10.35000
23.1800,340,10,30,0.03000,FR,1,35,11.25000
23.1800,340,10,30,0.03000,BR,0,28,11.04000
23.1900,341,11,30,0.03000,FL,0,19,10.80000
23.1900,341,11,30,0.03000,BL,0,12,10.59000
23.1900,341,11,30,0.03000,FR,0,4,10.35000
23.1900,341,11,30,0.03000,FR,1,34,11.25000
23.1900,341,11,30,0.03000,BR,0,27,11.04000
23.1980,341,11,30,0.03000,FL,0,19,10.80000
23.1980,341,11,30,0.03000,BL,0,12,10.59000
23.1980,341,11,30,0.03000,FR,0,4,10.35000
23.1980,341,11,30,0.03000,FR,1,34,11.25000
23.1980,341,11,30,0.03000,BR,0,27,11.04000
23.2100,341,11,30,0.03000,FL,0,19,10.80000
23.2100,341,11,30,0.03000,BL,0,12,10.59000
23.2100,341,11,30,0.03000,FR,0,4,10.35000
23.2100,341,11,30,0.03000,FR,1,34,11.25000
23.2100,341,11,30,0.03000,BR,0,27,11.04000
23.2180,341,11,30,0.03000,FL,0,19,10.80000
23.2180,341,11,30,0.03000,BL,0,12,10.59000
23.2180,341,11,30,0.03000,FR,0,4,10.35000
23.2180,341,11,30,0.03000,FR,1,34,11.25000
23.2180,341,11,30,0.03000,BR,0,27,11.04000
23.2280,342,12,30,0.03000,FL,0,18,10.80000
23.2280,342,12,30,0.03000,BL,0,11,10.59000
23.2280,342,12,30,0.03000,FR,0,3,10.35000
23.2280,342,12,30,0.03000,FR,1,33,11.25000
23.2280,342,12,30,0.03000,BR,0,26,11.04000
23.2380,342,12,30,0.03000,FL,0,18,10.80000
23.2380,342,12,30,0.03000,BL,0,11,10.59000
23.2380,342,12,30,0.03000,FR,0,3,10.35000
23.2380,342,12,30,0.03000,FR,1,33,11.25000
23.2380,342,12,30,0.03000,BR,0,26,11.04000
23.2480,342,12,30,0.03000,FL,0,18,10.80000
23.2480,342,12,30,0.03000,BL,0,11,10.59000
23.2480,342,12,30,0.03000,FR,0,3,10.35000
23.2480,342,12,30,0.03000,FR,1,33,11.25000
23.2480,342,12,30,0.03000,BR,0,26,11.04000
23.2580,343,13,30,0.03000,FL,0,17,10.80000
23.2580,343,13,30,0.03000,BL,0,10,10.59000
23.2580,343,13,30,0.03000,FR,0,2,10.35000
23.2580,343,13,30,0.03000,FR,1,32,11.25000
23.2580,343,13,30,0.03000,BR,0,25,11.04000
23.2680,343,13,30,0.03000,FL,0,17,10.80000
23.2680,343,13,30,0.03000,BL,0,10,10.59000
23.2680,343,13,30,0.03000,FR,0,2,10.35000
23.2680,343,13,30,0.03000,FR,1,32,11.25000
23.2680,343,13,30,0.03000,BR,0,25,11.04000
23.2780,343,13,30,0.03000,FL,0,17,10.80000
23.2780,343,13,30,0.03000,BL,0,10,10.59000
23.2780,343,13,30,0.03000,FR,0,2,10.35000
23.2780,343,13,30,0.03000,FR,1,32,11.25000
23.2780,343,13,30,0.03000,BR,0,25,11.04000
23.2880,344,14,30,0.03000,FL,0,16,10.80000
23.2880,344,14,30,0.03000,BL,0,9,10.59000
23.2880,344,14,30,0.03000,BL,1,39,11.49000
23.2880,344,14,30,0.03000,FR,0,1,10.35000
23.2880,344,14,30,0.03000,FR,1,31,11.25000
23.2880,344,14,30,0.03000,BR,0,24,11.04000
23.2960,344,14,30,0.03000,FL,0,16,10.80000
23.2960,344,14,30,0.03000,BL,0,9,10.59000
23.2960,344,14,30,0.03000,BL,1,39,11.49000
23.2960,344,14,30,0.03000,FR,0,1,10.35000
23.2960,344,14,30,0.03000,FR,1,31,11.25000
23.2960,344,14,30,0.03000,BR,0,24,11.04000
23.3080,344,14,30,0.03000,FL,0,16,10.80000
23.3080,344,14,30,0.03000,BL,0,9,10.59000
23.3080,344,14,30,0.03000,BL,1,39,11.49000
23.3080,344,14,30,0.03000,FR,0,1,10.35000
23.3080,344,14,30,0.03000,FR,1,31,11.25000
23.3080,344,14,30,0.03000,BR,0,24,11.04000
23.3160,345,15,30,0.03000,FL,0,15,10.80000
23.3160,345,15,30,0.03000,BL,0,8,10.59000
23.3160,345,15,30,0.03000,BL,1,38,11.49000
23.3160,345,15,30,0.03000,FR,0,30,11.25000
23.3160,345,15,30,0.03000,BR,0,23,11.04000
23.3360,345,15,30,0.03000,FL,0,15,10.80000
23.3360,345,15,30,0.03000,BL,0,8,10.59000
23.3360,345,15,30,0.03000,BL,1,38,11.49000
23.3360,345,15,30,0.03000,FR,0,30,11.25000
23.3360,345,15,30,0.03000,BR,0,23,11.04000
23.3460,346,16,30,0.03000,FL,0,14,10.80000
23.3460,346,16,30,0.03000,BL,0,7,10.59000
23.3460,346,16,30,0.03000,BL,1,37,11.49000
23.3460,346,16,30,0.03000,FR,0,29,11.25000
23.3460,346,16,30,0.03000,BR,0,22,11.04000
23.3560,346,16,30,0.03000,FL,0,14,10.80000
23.3560,346,16,30,0.03000,BL,0,7,10.59000
23.3560,346,16,30,0.03000,BL,1,37,11.49000
23.3560,346,16,30,0.03000,FR,0,29,11.25000
23.3560,346,16,30,0.03000,BR,0,22,11.04000
23.3640,346,16,30,0.03000,FL,0,14,10.80000
23.3640,346,16,30,0.03000,BL,0,7,10.59000
23.3640,346,16,30,0.03000,BL,1,37,11.49000
23.3640,346,16,30,0.03000,FR,0,29,11.25000
23.3640,346,16,30,0.03000,BR,0,22,11.04000
23.3740,347,17,30,0.03000,FL,0,13,10.80000
23.3740,347,17,30,0.03000,BL,0,6,10.59000
23.3740,347,17,30,0.03000,BL,1,36,11.49000
23.3740,347,17,30,0.03000,FR,0,28,11.25000
23.3740,347,17,30,0.03000,BR,0,21,11.04000
23.3840,347,17,30,0.03000,FL,0,13,10.80000
23.3840,347,17,30,0.03000,BL,0,6,10.59000
23.3840,347,17,30,0.03000,BL,1,36,11.49000
23.3840,347,17,30,0.03000,FR,0,28,11.25000
23.3840,347,17,30,0.03000,BR,0,21,11.04000
23.3940,347,17,30,0.03000,FL,0,13,10.80000
23.3940,347,17,30,0.03000,BL,0,6,10.59000
23.3940,347,17,30,0.03000,BL,1,36,11.49000
23.3940,347,17,30,0.03000,FR,0,28,11.25000
23.3940,347,17,30,0.03000,BR,0,21,11.04000
23.4040,348,18,30,0.03000,FL,0,12,10.80000
23.4040,348,18,30,0.03000,BL,0,5,10.59000
23.4040,348,18,30,0.03000,BL,1,35,11.49000
23.4040,348,18,30,0.03000,FR,0,27,11.25000
23.4040,348,18,30,0.03000,BR,0,20,11.04000
23.4140,348,18,30,0.03000,FL,0,12,10.80000
23.4140,348,18,30,0.03000,BL,0,5,10.59000
23.4140,348,18,30,0.03000,BL,1,35,11.49000
23.4140,348,18,30,0.03000,FR,0,27,11.25000
23.4140,348,18,30,0.03000,BR,0,20,11.04000
23.4240,348,18,30,0.03000,FL,0,12,10.80000
23.4240,348,18,30,0.03000,BL,0,5,10.59000
23.4240,348,18,30,0.03000,BL,1,35,11.49000
23.4240,348,18,30,0.03000,FR,0,27,11.25000
23.4240,348,18,30,0.03000,BR,0,20,11.04000
23.4320,349,19,30,0.03000,FL,0,11,10.80000
23.4320,349,19,30,0.03000,BL,0,4,10.59000
23.4320,349,19,30,0.03000,BL,1,34,11.49000
23.4320,349,19,30,0.03000,FR,0,26,11.25000
23.4320,349,19,30,0.03000,BR,0,19,11.04000
23.4420,349,19,30,0.03000,FL,0,11,10.80000
23.4420,349,19,30,0.03000,BL,0,4,10.59000
23.4420,349,19,30,0.03000,BL,1,34,11.49000
23.4420,349,19,30,0.03000,FR,0,26,11.25000
23.4420,349,19,30,0.03000,BR,0,19,11.04000
23.4520,349,19,30,0.03000,FL,0,11,10.80000
23.4520,349,19,30,0.03000,BL,0,4,10.59000
23.4520,349,19,30,0.03000,BL,1,34,11.49000
23.4520,349,19,30,0.03000,FR,0,26,11.25000
23.4520,349,19,30,0.03000,BR,0,19,11.04000
23.4620,350,20,30,0.03000,FL,0,10,10.80000
23.4620,350,20,30,0.03000,BL,0,3,10.59000
23.4620,350,20,30,0.03000,BL,1,33,11.49000
23.4620,350,20,30,0.03000,FR,0,25,11.25000
23.4620,350,20,30,0.03000,BR,0,18,11.04000
23.4720,350,20,30,0.03000,FL,0,10,10.80000
23.4720,350,20,30,0.03000,BL,0,3,10.59000
23.4720,350,20,30,0.03000,BL,1,33,11.49000
23.4720,350,20,30,0.03000,FR,0,25,11.25000
23.4720,350,20,30,0.03000,BR,0,18,11.04000
23.4840,350,20,30,0.03000,FL,0,10,10.80000
23.4840,350,20,30,0.03000,BL,0,3,10.59000
23.4840,350,20,30,0.03000,BL,1,33,11.49000
23.4840,350,20,30,0.03000,FR,0,25,11.25000
23.4840,350,20,30,0.03000,BR,0,18,11.04000
23.4960,351,21,30,0.03000,FL,0,9,10.80000
23.4960,351,21,30,0.03000,FL,1,39,11.70000
23.4960,351,21,30,0.03000,BL,0,2,10.59000
23.4960,351,21,30,0.03000,BL,1,32,11.49000
23.4960,351,21,30,0.03000,FR,0,24,11.25000
23.4960,351,21,30,0.03000,BR,0,17,11.04000
23.5060,351,21,30,0.03000,FL,0,9,10.80000
23.5060,351,21,30,0.03000,FL,1,39,11.70000
23.5060,351,21,30,0.03000,BL,0,2,10.59000
23.5060,351,21,30,0.03000,BL,1,32,11.49000
23.5060,351,21,30,0.03000,FR,0,24,11.25000
23.5060,351,21,30,0.03000,BR,0,17,11.04000
23.5160,351,21,30,0.03000,FL,0,9,10.80000
23.5160,351,21,30,0.03000,FL,1,39,11.70000
23.5160,351,21,30,0.03000,BL,0,2,10.59000
23.5160,351,21,30,0.03000,BL,1,32,11.49000
23.5160,351,21,30,0.03000,FR,0,24,11.25000
23.5160,351,21,30,0.03000,BR,0,17,11.04000
23.5260,352,22,30,0.03000,FL,0,8,10.80000
23.5260,352,22,30,0.03000,FL,1,38,11.70000
23.5260,352,22,30,0.03000,BL,0,1,10.59000
23.5260,352,22,30,0.03000,BL,1,31,11.49000
23.5260,352,22,30,0.03000,FR,0,23,11.25000
23.5260,352,22,30,0.03000,BR,0,16,11.04000
23.5460,352,22,30,0.03000,FL,0,8,10.80000
23.5460,352,22,30,0.03000,FL,1,38,11.70000
23.5460,352,22,30,0.03000,BL,0,1,10.59000
23.5460,352,22,30,0.03000,BL,1,31,11.49000
23.5460,352,22,30,0.03000,FR,0,23,11.25000
23.5460,352,22,30,0.03000,BR,0,16,11.04000
23.5560,353,23,30,0.03000,FL,0,7,10.80000
23.5560,353,23,30,0.03000,FL,1,37,11.70000
23.5560,353,23,30,0.03000,BL,0,30,11.49000
23.5560,353,23,30,0.03000,FR,0,22,11.25000
23.5560,353,23,30,0.03000,BR,0,15,11.04000
23.5660,353,23,30,0.03000,FL,0,7,10.80000
23.5660,353,23,30,0.03000,FL,1,37,11.70000
23.5660,353,23,30,0.03000,BL,0,30,11.49000
23.5660,353,23,30,0.03000,FR,0,22,11.25000
23.5660,353,23,30,0.03000,BR,0,15,11.04000
23.5760,353,23,30,0.03000,FL,0,7,10.80000
23.5760,353,23,30,0.03000,FL,1,37,11.70000
23.5760,353,23,30,0.03000,BL,0,30,11.49000
23.5760,353,23,30,0.03000,FR,0,22,11.25000
23.5760,353,23,30,0.03000,BR,0,15,11.04000
23.5860,354,24,30,0.03000,FL,0,6,10.80000
23.5860,354,24,30,0.03000,FL,1,36,11.70000
23.5860,354,24,30,0.03000,BL,0,29,11.49000
23.5860,354,24,30,0.03000,FR,0,21,11.25000
23.5860,354,24,30,0.03000,BR,0,14,11.04000
23.5960,354,24,30,0.03000,FL,0,6,10.80000
23.5960,354,24,30,0.03000,FL,1,36,11.70000
23.5960,354,24,30,0.03000,BL,0,29,11.49000
23.5960,354,24,30,0.03000,FR,0,21,11.25000
23.5960,354,24,30,0.03000,BR,0,14,11.04000
23.6060,354,24,30,0.03000,FL,0,6,10.80000
23.6060,354,24,30,0.03000,FL,1,36,11.70000
23.6060,354,24,30,0.03000,BL,0,29,11.49000
23.6060,354,24,30,0.03000,FR,0,21,11.25000
23.6060,354,24,30,0.03000,BR,0,14,11.04000
23.6160,355,25,30,0.03000,FL,0,5,10.80000
23.6160,355,25,30,0.03000,FL,1,35,11.70000
23.6160,355,25,30,0.03000,BL,0,28,11.49000
23.6160,355,25,30,0.03000,FR,0,20,11.25000
23.6160,355,25,30,0.03000,BR,0,13,11.04000
23.6240,355,25,30,0.03000,FL,0,5,10.80000
23.6240,355,25,30,0.03000,FL,1,35,11.70000
23.6240,355,25,30,0.03000,BL,0,28,11.49000
23.6240,355,25,30,0.03000,FR,0,20,11.25000
23.6240,355,25,30,0.03000,BR,0,13,11.04000
23.6340,355,25,30,0.03000,FL,0,5,10.80000
23.6340,355,25,30,0.03000,FL,1,35,11.70000
23.6340,355,25,30,0.03000,BL,0,28,11.49000
23.6340,355,25,30,0.03000,FR,0,20,11.25000
23.6340,355,25,30,0.03000,BR,0,13,11.04000
23.6440,356,26,30,0.03000,FL,0,4,10.80000
23.6440,356,26,30,0.03000,FL,1,34,11.70000
23.6440,356,26,30,0.03000,BL,0,27,11.49000
23.6440,356,26,30,0.03000,FR,0,19,11.25000
23.6440,356,26,30,0.03000,BR,0,12,11.04000
23.6560,356,26,30,0.03000,FL,0,4,10.80000
23.6560,356,26,30,0.03000,FL,1,34,11.70000
23.6560,356,26,30,0.03000,BL,0,27,11.49000
23.6560,356,26,30,0.03000,FR,0,19,11.25000
23.6560,356,26,30,0.03000,BR,0,12,11.04000
23.6700,357,27,30,0.03000,FL,0,3,10.80000
23.6700,357,27,30,0.03000,FL,1,33,11.70000
23.6700,357,27,30,0.03000,BL,0,26,11.49000
23.6700,357,27,30,0.03000,FR,0,18,11.25000
23.6700,357,27,30,0.03000,BR,0,11,11.04000
23.6800,357,27,30,0.03000,FL,0,3,10.80000
23.6800,357,27,30,0.03000,FL,1,33,11.70000
23.6800,357,27,30,0.03000,BL,0,26,11.49000
23.6800,357,27,30,0.03000,FR,0,18,11.25000
23.6800,357,27,30,0.03000,BR,0,11,11.04000
23.6940,357,27,30,0.03000,FL,0,3,10.80000
23.6940,357,27,30,0.03000,FL,1,33,11.70000
23.6940,357,27,30,0.03000,BL,0,26,11.49000
23.6940,357,27,30,0.03000,FR,0,18,11.25000
23.6940,357,27,30,0.03000,BR,0,11,11.04000
23.7040,358,28,30,0.03000,FL,0,2,10.80000
23.7040,358,28,30,0.03000,FL,1,32,11.70000
23.7040,358,28,30,0.03000,BL,0,25,11.49000
23.7040,358,28,30,0.03000,FR,0,17,11.25000
23.7040,358,28,30,0.03000,BR,0,10,11.04000
23.7120,358,28,30,0.03000,FL,0,2,10.80000
23.7120,358,28,30,0.03000,FL,1,32,11.70000
23.7120,358,28,30,0.03000,BL,0,25,11.49000
23.7120,358,28,30,0.03000,FR,0,17,11.25000
23.7120,358,28,30,0.03000,BR,0,10,11.04000
23.7240,358,28,30,0.03000,FL,0,2,10.80000
23.7240,358,28,30,0.03000,FL,1,32,11.70000
23.7240,358,28,30,0.03000,BL,0,25,11.49000
23.7240,358,28,30,0.03000,FR,0,17,11.25000
23.7240,358,28,30,0.03000,BR,0,10,11.04000
23.7340,359,29,30,0.03000,FL,0,1,10.80000
23.7340,359,29,30,0.03000,FL,1,31,11.70000
23.7340,359,29,30,0.03000,BL,0,24,11.49000
23.7340,359,29,30,0.03000,FR,0,16,11.25000
23.7340,359,29,30,0.03000,BR,0,9,11.04000
23.7340,359,29,30,0.03000,BR,1,39,11.94000
23.7460,359,29,30,0.03000,FL,0,1,10.80000
23.7460,359,29,30,0.03000,FL,1,31,11.70000
23.7460,359,29,30,0.03000,BL,0,24,11.49000
23.7460,359,29,30,0.03000,FR,0,16,11.25000
23.7460,359,29,30,0.03000,BR,0,9,11.04000
23.7460,359,29,30,0.03000,BR,1,39,11.94000
23.7540,359,29,30,0.03000,FL,0,1,10.80000
23.7540,359,29,30,0.03000,FL,1,31,11.70000
23.7540,359,29,30,0.03000,BL,0,24,11.49000
23.7540,359,29,30,0.03000,FR,0,16,11.25000
23.7540,359,29,30,0.03000,BR,0,9,11.04000
23.7540,359,29,30,0.03000,BR,1,39,11.94000
23.7660,360,0,30,0.03000,FL,0,30,11.70000
23.7660,360,0,30,0.03000,BL,0,23,11.49000
23.7660,360,0,30,0.03000,FR,0,15,11.25000
23.7660,360,0,30,0.03000,BR,0,8,11.04000
23.7660,360,0,30,0.03000,BR,1,38,11.94000
23.7840,360,0,30,0.03000,FL,0,30,11.70000
23.7840,360,0,30,0.03000,BL,0,23,11.49000
23.7840,360,0,30,0.03000,FR,0,15,11.25000
23.7840,360,0,30,0.03000,BR,0,8,11.04000
23.7840,360,0,30,0.03000,BR,1,38,11.94000
23.7940,361,1,30,0.03000,FL,0,29,11.70000
23.7940,361,1,30,0.03000,BL,0,22,11.49000
23.7940,361,1,30,0.03000,FR,0,14,11.25000
23.7940,361,1,30,0.03000,BR,0,7,11.04000
23.7940,361,1,30,0.03000,BR,1,37,11.94000
23.8040,361,1,30,0.03000,FL,0,29,11.70000
23.8040,361,1,30,0.03000,BL,0,22,11.49000
23.8040,361,1,30,0.03000,FR,0,14,11.25000
23.8040,361,1,30,0.03000,BR,0,7,11.04000
23.8040,361,1,30,0.03000,BR,1,37,11.94000
23.8140,361,1,30,0.03000,FL,0,29,11.70000
23.8140,361,1,30,0.03000,BL,0,22,11.49000
23.8140,361,1,30,0.03000,FR,0,14,11.25000
23.8140,361,1,30,0.03000,BR,0,7,11.04000
23.8140,361,1,30,0.03000,BR,1,37,11.94000
23.8220,362,2,30,0.03000,FL,0,28,11.70000
23.8220,362,2,30,0.03000,BL,0,21,11.49000
23.8220,362,2,30,0.03000,FR,0,13,11.25000
23.8220,362,2,30,0.03000,BR,0,6,11.04000
23.8220,362,2,30,0.03000,BR,1,36,11.94000
23.8320,362,2,30,0.03000,FL,0,28,11.70000
23.8320,362,2,30,0.03000,BL,0,21,11.49000
23.8320,362,2,30,0.03000,FR,0,13,11.25000
23.8320,362,2,30,0.03000,BR,0,6,11.04000
23.8320,362,2,30,0.03000,BR,1,36,11.94000
23.8420,362,2,30,0.03000,FL,0,28,11.70000
23.8420,362,2,30,0.03000,BL,0,21,11.49000
23.8420,362,2,30,0.03000,FR,0,13,11.25000
23.8420,362,2,30,0.03000,BR,0,6,11.04000
23.8420,362,2,30,0.03000,BR,1,36,11.94000
23.8500,363,3,30,0.03000,FL,0,27,11.70000
23.8500,363,3,30,0.03000,BL,0,20,11.49000
23.8500,363,3,30,0.03000,FR,0,12,11.25000
23.8500,363,3,30,0.03000,BR,0,5,11.04000
23.8500,363,3,30,0.03000,BR,1,35,11.94000
23.8600,363,3,30,0.03000,FL,0,27,11.70000
23.8600,363,3,30,0.03000,BL,0,20,11.49000
23.8600,363,3,30,0.03000,FR,0,12,11.25000
23.8600,363,3,30,0.03000,BR,0,5,11.04000
23.8600,363,3,30,0.03000,BR,1,35,11.94000
23.8700,363,3,30,0.03000,FL,0,27,11.70000
23.8700,363,3,30,0.03000,BL,0,20,11.49000
23.8700,363,3,30,0.03000,FR,0,12,11.25000
23.8700,363,3,30,0.03000,BR,0,5,11.04000
23.8700,363,3,30,0.03000,BR,1,35,11.94000
23.8800,364,4,30,0.03000,FL,0,26,11.70000
23.8800,364,4,30,0.03000,BL,0,19,11.49000
23.8800,364,4,30,0.03000,FR,0,11,11.25000
23.8800,364,4,30,0.03000,BR,0,4,11.04000
23.8800,364,4,30,0.03000,BR,1,34,11.94000
23.8880,364,4,30,0.03000,FL,0,26,11.70000
23.8880,364,4,30,0.03000,BL,0,19,11.49000
23.8880,364,4,30,0.03000,FR,0,11,11.25000
23.8880,364,4,30,0.03000,BR,0,4,11.04000
23.8880,364,4,30,0.03000,BR,1,34,11.94000
23.9000,364,4,30,0.03000,FL,0,26,11.70000
23.9000,364,4,30,0.03000,BL,0,19,11.49000
23.9000,364,4,30,0.03000,FR,0,11,11.25000
23.9000,364,4,30,0.03000,BR,0,4,11.04000
23.9000,364,4,30,0.03000,BR,1,34,11.94000
23.9080,364,4,30,0.03000,FL,0,26,11.70000
23.9080,364,4,30,0.03000,BL,0,19,11.49000
23.9080,364,4,30,0.03000,FR,0,11,11.25000
23.9080,364,4,30,0.03000,BR,0,4,11.04000
23.9080,364,4,30,0.03000,BR,1,34,11.94000
23.9180,365,5,30,0.03000,FL,0,25,11.70000
23.9180,365,5,30,0.03000,BL,0,18,11.49000
23.9180,365,5,30,0.03000,FR,0,10,11.25000
23.9180,365,5,30,0.03000,BR,0,3,11.04000
23.9180,365,5,30,0.03000,BR,1,33,11.94000
23.9280,365,5,30,0.03000,FL,0,25,11.70000
23.9280,365,5,30,0.03000,BL,0,18,11.49000
23.9280,365,5,30,0.03000,FR,0,10,11.25000
23.9280,365,5,30,0.03000,BR,0,3,11.04000
23.9280,365,5,30,0.03000,BR,1,33,11.94000
23.9380,365,5,30,0.03000,FL,0,25,11.70000
23.9380,365,5,30,0.03000,BL,0,18,11.49000
23.9380,365,5,30,0.03000,FR,0,10,11.25000
23.9380,365,5,30,0.03000,BR,0,3,11.04000
23.9380,365,5,30,0.03000,BR,1,33,11.94000
23.9480,366,6,30,0.03000,FL,0,24,11.70000
23.9480,366,6,30,0.03000,BL,0,17,11.49000
23.9480,366,6,30,0.03000,FR,0,9,11.25000
23.9480,366,6,30,0.03000,FR,1,39,12.15000
23.9480,366,6,30,0.03000,BR,0,2,11.04000
23.9480,366,6,30,0.03000,BR,1,32,11.94000
23.9620,366,6,30,0.03000,FL,0,24,11.70000
23.9620,366,6,30,0.03000,BL,0,17,11.49000
23.9620,366,6,30,0.03000,FR,0,9,11.25000
23.9620,366,6,30,0.03000,FR,1,39,12.15000
23.9620,366,6,30,0.03000,BR,0,2,11.04000
23.9620,366,6,30,0.03000,BR,1,32,11.94000
23.9740,367,7,30,0.03000,FL,0,23,11.70000
23.9740,367,7,30,0.03000,BL,0,16,11.49000
23.9740,367,7,30,0.03000,FR,0,8,11.25000
23.9740,367,7,30,0.03000,FR,1,38,12.15000
23.9740,367,7,30,0.03000,BR,0,1,11.04000
23.9740,367,7,30,0.03000,BR,1,31,11.94000
23.9920,367,7,30,0.03000,FL,0,23,11.70000
23.9920,367,7,30,0.03000,BL,0,16,11.49000
23.9920,367,7,30,0.03000,FR,0,8,11.25000
23.9920,367,7,30,0.03000,FR,1,38,12.15000
23.9920,367,7,30,0.03000,BR,0,1,11.04000
23.9920,367,7,30,0.03000,BR,1,31,11.94000
24.0040,368,8,30,0.03000,FL,0,22,11.70000
24.0040,368,8,30,0.03000,BL,0,15,11.49000
24.0040,368,8,30,0.03000,FR,0,7,11.25000
24.0040,368,8,30,0.03000,FR,1,37,12.15000
24.0040,368,8,30,0.03000,BR,0,30,11.94000
24.0120,368,8,30,0.03000,FL,0,22,11.70000
24.0120,368,8,30,0.03000,BL,0,15,11.49000
24.0120,368,8,30,0.03000,FR,0,7,11.25000
24.0120,368,8,30,0.03000,FR,1,37,12.15000
24.0120,368,8,30,0.03000,BR,0,30,11.94000
24.0240,368,8,30,0.03000,FL,0,22,11.70000
24.0240,368,8,30,0.03000,BL,0,15,11.49000
24.0240,368,8,30,0.03000,FR,0,7,11.25000
24.0240,368,8,30,0.03000,FR,1,37,12.15000
24.0240,368,8,30,0.03000,BR,0,30,11.94000
24.0340,369,9,30,0.03000,FL,0,21,11.70000
24.0340,369,9,30,0.03000,BL,0,14,11.49000
24.0340,369,9,30,0.03000,FR,0,6,11.25000
24.0340,369,9,30,0.03000,FR,1,36,12.15000
24.0340,369,9,30,0.03000,BR,0,29,11.94000
24.0440,369,9,30,0.03000,FL,0,21,11.70000
24.0440,369,9,30,0.03000,BL,0,14,11.49000
24.0440,369,9,30,0.03000,FR,0,6,11.25000
24.0440,369,9,30,0.03000,FR,1,36,12.15000
24.0440,369,9,30,0.03000,BR,0,29,11.94000
24.0540,369,9,30,0.03000,FL,0,21,11.70000
24.0540,369,9,30,0.03000,BL,0,14,11.49000
24.0540,369,9,30,0.03000,FR,0,6,11.25000
24.0540,369,9,30,0.03000,FR,1,36,12.15000
24.0540,369,9,30,0.03000,BR,0,29,11.94000
24.0640,370,10,30,0.03000,FL,0,20,11.70000
24.0640,370,10,30,0.03000,BL,0,13,11.49000
24.0640,370,10,30,0.03000,FR,0,5,11.25000
24.0640,370,10,30,0.03000,FR,1,35,12.15000
24.0640,370,10,30,0.03000,BR,0,28,11.94000
24.0740,370,10,30,0.03000,FL,0,20,11.70000
24.0740,370,10,30,0.03000,BL,0,13,11.49000
24.0740,370,10,30,0.03000,FR,0,5,11.25000
24.0740,370,10,30,0.03000,FR,1,35,12.15000
24.0740,370,10,30,0.03000,BR,0,28,11.94000
24.0840,370,10,30,0.03000,FL,0,20,11.70000
24.0840,370,10,30,0.03000,BL,0,13,11.49000
24.0840,370,10,30,0.03000,FR,0,5,11.25000
24.0840,370,10,30,0.03000,FR,1,35,12.15000
24.0840,370,10,30,0.03000,BR,0,28,11.94000
24.0940,371,11,30,0.03000,FL,0,19,11.70000
24.0940,371,11,30,0.03000,BL,0,12,11.49000
24.0940,371,11,30,0.03000,FR,0,4,11.25000
24.0940,371,11,30,0.03000,FR,1,34,12.15000
24.0940,371,11,30,0.03000,BR,0,27,11.94000
24.1040,371,11,30,0.03000,FL,0,19,11.70000
24.1040,371,11,30,0.03000,BL,0,12,11.49000
24.1040,371,11,30,0.03000,FR,0,4,11.25000
24.1040,371,11,30,0.03000,FR,1,34,12.15000
24.1040,371,11,30,0.03000,BR,0,27,11.94000
24.1120,371,11,30,0.03000,FL,0,19,11.70000
24.1120,371,11,30,0.03000,BL,0,12,11.49000
24.1120,371,11,30,0.03000,FR,0,4,11.25000
24.1120,371,11,30,0.03000,FR,1,34,12.15000
24.1120,371,11,30,0.03000,BR,0,27,11.94000
24.1220,372,12,30,0.03000,FL,0,18,11.70000
24.1220,372,12,30,0.03000,BL,0,11,11.49000
24.1220,372,12,30,0.03000,FR,0,3,11.25000
24.1220,372,12,30,0.03000,FR,1,33,12.15000
24.1220,372,12,30,0.03000,BR,0,26,11.94000
24.1340,372,12,30,0.03000,FL,0,18,11.70000
24.1340,372,12,30,0.03000,BL,0,11,11.49000
24.1340,372,12,30,0.03000,FR,0,3,11.25000
24.1340,372,12,30,0.03000,FR,1,33,12.15000
24.1340,372,12,30,0.03000,BR,0,26,11.94000
24.1420,372,12,30,0.03000,FL,0,18,11.70000
24.1420,372,12,30,0.03000,BL,0,11,11.49000
24.1420,372,12,30,0.03000,FR,0,3,11.25000
24.1420,372,12,30,0.03000,FR,1,33,12.15000
24.1420,372,12,30,0.03000,BR,0,26,11.94000
24.1520,373,13,30,0.03000,FL,0,17,11.70000
24.1520,373,13,30,0.03000,BL,0,10,11.49000
24.1520,373,13,30,0.03000,FR,0,2,11.25000
24.1520,373,13,30,0.03000,FR,1,32,12.15000
24.1520,373,13,30,0.03000,BR,0,25,11.94000
24.1620,373,13,30,0.03000,FL,0,17,11.70000
24.1620,373,13,30,0.03000,BL,0,10,11.49000
24.1620,373,13,30,0.03000,FR,0,2,11.25000
24.1620,373,13,30,0.03000,FR,1,32,12.15000
24.1620,373,13,30,0.03000,BR,0,25,11.94000
24.1720,373,13,30,0.03000,FL,0,17,11.70000
24.1720,373,13,30,0.03000,BL,0,10,11.49000
24.1720,373,13,30,0.03000,FR,0,2,11.25000
24.1720,373,13,30,0.03000,FR,1,32,12.15000
24.1720,373,13,30,0.03000,BR,0,25,11.94000
24.1820,374,14,30,0.03000,FL,0,16,11.70000
24.1820,374,14,30,0.03000,BL,0,9,11.49000
24.1820,374,14,30,0.03000,BL,1,39,12.39000
24.1820,374,14,30,0.03000,FR,0,1,11.25000
24.1820,374,14,30,0.03000,FR,1,31,12.15000
24.1820,374,14,30,0.03000,BR,0,24,11.94000
24.1940,374,14,30,0.03000,FL,0,16,11.70000
24.1940,374,14,30,0.03000,BL,0,9,11.49000
24.1940,374,14,30,0.03000,BL,1,39,12.39000
24.1940,374,14,30,0.03000,FR,0,1,11.25000
24.1940,374,14,30,0.03000,FR,1,31,12.15000
24.1940,374,14,30,0.03000,BR,0,24,11.94000
24.2020,374,14,30,0.03000,FL,0,16,11.70000
24.2020,374,14,30,0.03000,BL,0,9,11.49000
24.2020,374,14,30,0.03000,BL,1,39,12.39000
24.2020,374,14,30,0.03000,FR,0,1,11.25000
24.2020,374,14,30,0.03000,FR,1,31,12.15000
24.2020,374,14,30,0.03000,BR,0,24,11.94000
24.2160,375,15,30,0.03000,FL,0,15,11.70000
24.2160,375,15,30,0.03000,BL,0,8,11.49000
24.2160,375,15,30,0.03000,BL,1,38,12.39000
24.2160,375,15,30,0.03000,FR,0,30,12.15000
24.2160,375,15,30,0.03000,BR,0,23,11.94000
24.2420,376,16,30,0.03000,FL,0,14,11.70000
24.2420,376,16,30,0.03000,BL,0,7,11.49000
24.2420,376,16,30,0.03000,BL,1,37,12.39000
24.2420,376,16,30,0.03000,FR,0,29,12.15000
24.2420,376,16,30,0.03000,BR,0,22,11.94000
24.2780,377,17,30,0.03000,FL,0,13,11.70000
24.2780,377,17,30,0.03000,BL,0,6,11.49000
24.2780,377,17,30,0.03000,BL,1,36,12.39000
24.2780,377,17,30,0.03000,FR,0,28,12.15000
24.2780,377,17,30,0.03000,BR,0,21,11.94000
24.2940,377,17,30,0.03000,FL,0,13,11.70000
24.2940,377,17,30,0.03000,BL,0,6,11.49000
24.2940,377,17,30,0.03000,BL,1,36,12.39000
24.2940,377,17,30,0.03000,FR,0,28,12.15000
24.2940,377,17,30,0.03000,BR,0,21,11.94000
24.3060,378,18,30,0.03000,FL,0,12,11.70000
24.3060,378,18,30,0.03000,BL,0,5,11.49000
24.3060,378,18,30,0.03000,BL,1,35,12.39000
24.3060,378,18,30,0.03000,FR,0,27,12.15000
24.3060,378,18,30,0.03000,BR,0,20,11.94000
24.3160,378,18,30,0.03000,FL,0,12,11.70000
24.3160,378,18,30,0.03000,BL,0,5,11.49000
24.3160,378,18,30,0.03000,BL,1,35,12.39000
24.3160,378,18,30,0.03000,FR,0,27,12.15000
24.3160,378,18,30,0.03000,BR,0,20,11.94000
24.3240,378,18,30,0.03000,FL,0,12,11.70000
24.3240,378,18,30,0.03000,BL,0,5,11.49000
24.3240,378,18,30,0.03000,BL,1,35,12.39000
24.3240,378,18,30,0.03000,FR,0,27,12.15000
24.3240,378,18,30,0.03000,BR,0,20,11.94000
24.3380,379,19,30,0.03000,FL,0,11,11.70000
24.3380,379,19,30,0.03000,BL,0,4,11.49000
24.3380,379,19,30,0.03000,BL,1,34,12.39000
24.3380,379,19,30,0.03000,FR,0,26,12.15000
24.3380,379,19,30,0.03000,BR,0,19,11.94000
24.3480,379,19,30,0.03000,FL,0,11,11.70000
24.3480,379,19,30,0.03000,BL,0,4,11.49000
24.3480,379,19,30,0.03000,BL,1,34,12.39000
24.3480,379,19,30,0.03000,FR,0,26,12.15000
24.3480,379,19,30,0.03000,BR,0,19,11.94000
24.3580,379,19,30,0.03000,FL,0,11,11.70000
24.3580,379,19,30,0.03000,BL,0,4,11.49000
24.3580,379,19,30,0.03000,BL,1,34,12.39000
24.3580,379,19,30,0.03000,FR,0,26,12.15000
24.3580,379,19,30,0.03000,BR,0,19,11.94000
24.3680,380,20,30,0.03000,FL,0,10,11.70000
24.3680,380,20,30,0.03000,BL,0,3,11.49000
24.3680,380,20,30,0.03000,BL,1,33,12.39000
24.3680,380,20,30,0.03000,FR,0,25,12.15000
24.3680,380,20,30,0.03000,BR,0,18,11.94000
24.3760,380,20,30,0.03000,FL,0,10,11.70000
24.3760,380,20,30,0.03000,BL,0,3,11.49000
24.3760,380,20,30,0.03000,BL,1,33,12.39000
24.3760,380,20,30,0.03000,FR,0,25,12.15000
24.3760,380,20,30,0.03000,BR,0,18,11.94000
24.3860,380,20,30,0.03000,FL,0,10,11.70000
24.3860,380,20,30,0.03000,BL,0,3,11.49000
24.3860,380,20,30,0.03000,BL,1,33,12.39000
24.3860,380,20,30,0.03000,FR,0,25,12.15000
24.3860,380,20,30,0.03000,BR,0,18,11.94000
24.3960,381,21,30,0.03000,FL,0,9,11.70000
24.3960,381,21,30,0.03000,FL,1,39,12.60000
24.3960,381,21,30,0.03000,BL,0,2,11.49000
24.3960,381,21,30,0.03000,BL,1,32,12.39000
24.3960,381,21,30,0.03000,FR,0,24,12.15000
24.3960,381,21,30,0.03000,BR,0,17,11.94000
24.4060,381,21,30,0.03000,FL,0,9,11.70000
24.4060,381,21,30,0.03000,FL,1,39,12.60000
24.4060,381,21,30,0.03000,BL,0,2,11.49000
24.4060,381,21,30,0.03000,BL,1,32,12.39000
24.4060,381,21,30,0.03000,FR,0,24,12.15000
24.4060,381,21,30,0.03000,BR,0,17,11.94000
24.4160,381,21,30,0.03000,FL,0,9,11.70000
24.4160,381,21,30,0.03000,FL,1,39,12.60000
24.4160,381,21,30,0.03000,BL,0,2,11.49000
24.4160,381,21,30,0.03000,BL,1,32,12.39000
24.4160,381,21,30,0.03000,FR,0,24,12.15000
24.4160,381,21,30,0.03000,BR,0,17,11.94000
24.4260,382,22,30,0.03000,FL,0,8,11.70000
24.4260,382,22,30,0.03000,FL,1,38,12.60000
24.4260,382,22,30,0.03000,BL,0,1,11.49000
24.4260,382,22,30,0.03000,BL,1,31,12.39000
24.4260,382,22,30,0.03000,FR,0,23,12.15000
24.4260,382,22,30,0.03000,BR,0,16,11.94000
24.4460,382,22,30,0.03000,FL,0,8,11.70000
24.4460,382,22,30,0.03000,FL,1,38,12.60000
24.4460,382,22,30,0.03000,BL,0,1,11.49000
24.4460,382,22,30,0.03000,BL,1,31,12.39000
24.4460,382,22,30,0.03000,FR,0,23,12.15000
24.4460,382,22,30,0.03000,BR,0,16,11.94000
24.4620,383,23,30,0.03000,FL,0,7,11.70000
24.4620,383,23,30,0.03000,FL,1,37,12.60000
24.4620,383,23,30,0.03000,BL,0,30,12.39000
24.4620,383,23,30,0.03000,FR,0,22,12.15000
24.4620,383,23,30,0.03000,BR,0,15,11.94000
24.4700,383,23,30,0.03000,FL,0,7,11.70000
24.4700,383,23,30,0.03000,FL,1,37,12.60000
24.4700,383,23,30,0.03000,BL,0,30,12.39000
24.4700,383,23,30,0.03000,FR,0,22,12.15000
24.4700,383,23,30,0.03000,BR,0,15,11.94000
24.4820,384,24,30,0.03000,FL,0,6,11.70000
24.4820,384,24,30,0.03000,FL,1,36,12.60000
24.4820,384,24,30,0.03000,BL,0,29,12.39000
24.4820,384,24,30,0.03000,FR,0,21,12.15000
24.4820,384,24,30,0.03000,BR,0,14,11.94000
24.4940,384,24,30,0.03000,FL,0,6,11.70000
24.4940,384,24,30,0.03000,FL,1,36,12.60000
24.4940,384,24,30,0.03000,BL,0,29,12.39000
24.4940,384,24,30,0.03000,FR,0,21,12.15000
24.4940,384,24,30,0.03000,BR,0,14,11.94000
24.5040,384,24,30,0.03000,FL,0,6,11.70000
24.5040,384,24,30,0.03000,FL,1,36,12.60000
24.5040,384,24,30,0.03000,BL,0,29,12.39000
24.5040,384,24,30,0.03000,FR,0,21,12.15000
24.5040,384,24,30,0.03000,BR,0,14,11.94000
24.5140,385,25,30,0.03000,FL,0,5,11.70000
24.5140,385,25,30,0.03000,FL,1,35,12.60000
24.5140,385,25,30,0.03000,BL,0,28,12.39000
24.5140,385,25,30,0.03000,FR,0,20,12.15000
24.5140,385,25,30,0.03000,BR,0,13,11.94000
24.5300,385,25,30,0.03000,FL,0,5,11.70000
24.5300,385,25,30,0.03000,FL,1,35,12.60000
24.5300,385,25,30,0.03000,BL,0,28,12.39000
24.5300,385,25,30,0.03000,FR,0,20,12.15000
24.5300,385,25,30,0.03000,BR,0,13,11.94000
24.5400,386,26,30,0.03000,FL,0,4,11.70000
24.5400,386,26,30,0.03000,FL,1,34,12.60000
24.5400,386,26,30,0.03000,BL,0,27,12.39000
24.5400,386,26,30,0.03000,FR,0,19,12.15000
24.5400,386,26,30,0.03000,BR,0,12,11.94000
24.5500,386,26,30,0.03000,FL,0,4,11.70000
24.5500,386,26,30,0.03000,FL,1,34,12.60000
24.5500,386,26,30,0.03000,BL,0,27,12.39000
24.5500,386,26,30,0.03000,FR,0,19,12.15000
24.5500,386,26,30,0.03000,BR,0,12,11.94000
24.5620,386,26,30,0.03000,FL,0,4,11.70000
24.5620,386,26,30,0.03000,FL,1,34,12.60000
24.5620,386,26,30,0.03000,BL,0,27,12.39000
24.5620,386,26,30,0.03000,FR,0,19,12.15000
24.5620,386,26,30,0.03000,BR,0,12,11.94000
24.5700,387,27,30,0.03000,FL,0,3,11.70000
24.5700,387,27,30,0.03000,FL,1,33,12.60000
24.5700,387,27,30,0.03000,BL,0,26,12.39000
24.5700,387,27,30,0.03000,FR,0,18,12.15000
24.5700,387,27,30,0.03000,BR,0,11,11.94000
24.5820,387,27,30,0.03000,FL,0,3,11.70000
24.5820,387,27,30,0.03000,FL,1,33,12.60000
24.5820,387,27,30,0.03000,BL,0,26,12.39000
24.5820,387,27,30,0.03000,FR,0,18,12.15000
24.5820,387,27,30,0.03000,BR,0,11,11.94000
24.5960,387,27,30,0.03000,FL,0,3,11.70000
24.5960,387,27,30,0.03000,FL,1,33,12.60000
24.5960,387,27,30,0.03000,BL,0,26,12.39000
24.5960,387,27,30,0.03000,FR,0,18,12.15000
24.5960,387,27,30,0.03000,BR,0,11,11.94000
24.6100,388,28,30,0.03000,FL,0,2,11.70000
24.6100,388,28,30,0.03000,FL,1,32,12.60000
24.6100,388,28,30,0.03000,BL,0,25,12.39000
24.6100,388,28,30,0.03000,FR,0,17,12.15000
24.6100,388,28,30,0.03000,BR,0,10,11.94000
24.6200,388,28,30,0.03000,FL,0,2,11.70000
24.6200,388,28,30,0.03000,FL,1,32,12.60000
24.6200,388,28,30,0.03000,BL,0,25,12.39000
24.6200,388,28,30,0.03000,FR,0,17,12.15000
24.6200,388,28,30,0.03000,BR,0,10,11.94000
24.6300,389,29,30,0.03000,FL,0,1,11.70000
24.6300,389,29,30,0.03000,FL,1,31,12.60000
24.6300,389,29,30,0.03000,BL,0,24,12.39000
24.6300,389,29,30,0.03000,FR,0,16,12.15000
24.6300,389,29,30,0.03000,BR,0,9,11.94000
24.6300,389,29,30,0.03000,BR,1,39,12.84000
24.6400,389,29,30,0.03000,FL,0,1,11.70000
24.6400,389,29,30,0.03000,FL,1,31,12.60000
24.6400,389,29,30,0.03000,BL,0,24,12.39000
24.6400,389,29,30,0.03000,FR,0,16,12.15000
24.6400,389,29,30,0.03000,BR,0,9,11.94000
24.6400,389,29,30,0.03000,BR,1,39,12.84000
24.6500,389,29,30,0.03000,FL,0,1,11.70000
24.6500,389,29,30,0.03000,FL,1,31,12.60000
24.6500,389,29,30,0.03000,BL,0,24,12.39000
24.6500,389,29,30,0.03000,FR,0,16,12.15000
24.6500,389,29,30,0.03000,BR,0,9,11.94000
24.6500,389,29,30,0.03000,BR,1,39,12.84000
24.6600,390,0,30,0.03000,FL,0,30,12.60000
24.6600,390,0,30,0.03000,BL,0,23,12.39000
24.6600,390,0,30,0.03000,FR,0,15,12.15000
24.6600,390,0,30,0.03000,BR,0,8,11.94000
24.6600,390,0,30,0.03000,BR,1,38,12.84000
24.6800,390,0,30,0.03000,FL,0,30,12.60000
24.6800,390,0,30,0.03000,BL,0,23,12.39000
24.6800,390,0,30,0.03000,FR,0,15,12.15000
24.6800,390,0,30,0.03000,BR,0,8,11.94000
24.6800,390,0,30,0.03000,BR,1,38,12.84000
24.6900,391,1,30,0.03000,FL,0,29,12.60000
24.6900,391,1,30,0.03000,BL,0,22,12.39000
24.6900,391,1,30,0.03000,FR,0,14,12.15000
24.6900,391,1,30,0.03000,BR,0,7,11.94000
24.6900,391,1,30,0.03000,BR,1,37,12.84000
24.6980,391,1,30,0.03000,FL,0,29,12.60000
24.6980,391,1,30,0.03000,BL,0,22,12.39000
24.6980,391,1,30,0.03000,FR,0,14,12.15000
24.6980,391,1,30,0.03000,BR,0,7,11.94000
24.6980,391,1,30,0.03000,BR,1,37,12.84000
24.7080,391,1,30,0.03000,FL,0,29,12.60000
24.7080,391,1,30,0.03000,BL,0,22,12.39000
24.7080,391,1,30,0.03000,FR,0,14,12.15000
24.7080,391,1,30,0.03000,BR,0,7,11.94000
24.7080,391,1,30,0.03000,BR,1,37,12.84000
24.7200,392,2,30,0.03000,FL,0,28,12.60000
24.7200,392,2,30,0.03000,BL,0,21,12.39000
24.7200,392,2,30,0.03000,FR,0,13,12.15000
24.7200,392,2,30,0.03000,BR,0,6,11.94000
24.7200,392,2,30,0.03000,BR,1,36,12.84000
24.7300,392,2,30,0.03000,FL,0,28,12.60000
24.7300,392,2,30,0.03000,BL,0,21,12.39000
24.7300,392,2,30,0.03000,FR,0,13,12.15000
24.7300,392,2,30,0.03000,BR,0,6,11.94000
24.7300,392,2,30,0.03000,BR,1,36,12.84000
24.7380,392,2,30,0.03000,FL,0,28,12.60000
24.7380,392,2,30,0.03000,BL,0,21,12.39000
24.7380,392,2,30,0.03000,FR,0,13,12.15000
24.7380,392,2,30,0.03000,BR,0,6,11.94000
24.7380,392,2,30,0.03000,BR,1,36,12.84000
24.7480,392,2,30,0.03000,FL,0,28,12.60000
24.7480,392,2,30,0.03000,BL,0,21,12.39000
24.7480,392,2,30,0.03000,FR,0,13,12.15000
24.7480,392,2,30,0.03000,BR,0,6,11.94000
24.7480,392,2,30,0.03000,BR,1,36,12.84000
24.7600,393,3,30,0.03000,FL,0,27,12.60000
24.7600,393,3,30,0.03000,BL,0,20,12.39000
24.7600,393,3,30,0.03000,FR,0,12,12.15000
24.7600,393,3,30,0.03000,BR,0,5,11.94000
24.7600,393,3,30,0.03000,BR,1,35,12.84000
24.7700,393,3,30,0.03000,FL,0,27,12.60000
24.7700,393,3,30,0.03000,BL,0,20,12.39000
24.7700,393,3,30,0.03000,FR,0,12,12.15000
24.7700,393,3,30,0.03000,BR,0,5,11.94000
24.7700,393,3,30,0.03000,BR,1,35,12.84000
24.7780,393,3,30,0.03000,FL,0,27,12.60000
24.7780,393,3,30,0.03000,BL,0,20,12.39000
24.7780,393,3,30,0.03000,FR,0,12,12.15000
24.7780,393,3,30,0.03000,BR,0,5,11.94000
24.7780,393,3,30,0.03000,BR,1,35,12.84000
24.7880,394,4,30,0.03000,FL,0,26,12.60000
24.7880,394,4,30,0.03000,BL,0,19,12.39000
24.7880,394,4,30,0.03000,FR,0,11,12.15000
24.7880,394,4,30,0.03000,BR,0,4,11.94000
24.7880,394,4,30,0.03000,BR,1,34,12.84000
24.7980,394,4,30,0.03000,FL,0,26,12.60000
24.7980,394,4,30,0.03000,BL,0,19,12.39000
24.7980,394,4,30,0.03000,FR,0,11,12.15000
24.7980,394,4,30,0.03000,BR,0,4,11.94000
24.7980,394,4,30,0.03000,BR,1,34,12.84000
24.8080,394,4,30,0.03000,FL,0,26,12.60000
24.8080,394,4,30,0.03000,BL,0,19,12.39000
24.8080,394,4,30,0.03000,FR,0,11,12.15000
24.8080,394,4,30,0.03000,BR,0,4,11.94000
24.8080,394,4,30,0.03000,BR,1,34,12.84000
24.8160,395,5,30,0.03000,FL,0,25,12.60000
24.8160,395,5,30,0.03000,BL,0,18,12.39000
24.8160,395,5,30,0.03000,FR,0,10,12.15000
24.8160,395,5,30,0.03000,BR,0,3,11.94000
24.8160,395,5,30,0.03000,BR,1,33,12.84000
24.8280,395,5,30,0.03000,FL,0,25,12.60000
24.8280,395,5,30,0.03000,BL,0,18,12.39000
24.8280,395,5,30,0.03000,FR,0,10,12.15000
24.8280,395,5,30,0.03000,BR,0,3,11.94000
24.8280,395,5,30,0.03000,BR,1,33,12.84000
24.8360,395,5,30,0.03000,FL,0,25,12.60000
24.8360,395,5,30,0.03000,BL,0,18,12.39000
24.8360,395,5,30,0.03000,FR,0,10,12.15000
24.8360,395,5,30,0.03000,BR,0,3,11.94000
24.8360,395,5,30,0.03000,BR,1,33,12.84000
24.8460,396,6,30,0.03000,FL,0,24,12.60000
24.8460,396,6,30,0.03000,BL,0,17,12.39000
24.8460,396,6,30,0.03000,FR,0,9,12.15000
24.8460,396,6,30,0.03000,FR,1,39,13.05000
24.8460,396,6,30,0.03000,BR,0,2,11.94000
24.8460,396,6,30,0.03000,BR,1,32,12.84000
24.8560,396,6,30,0.03000,FL,0,24,12.60000
24.8560,396,6,30,0.03000,BL,0,17,12.39000
24.8560,396,6,30,0.03000,FR,0,9,12.15000
24.8560,396,6,30,0.03000,FR,1,39,13.05000
24.8560,396,6,30,0.03000,BR,0,2,11.94000
24.8560,396,6,30,0.03000,BR,1,32,12.84000
24.8660,396,6,30,0.03000,FL,0,24,12.60000
24.8660,396,6,30,0.03000,BL,0,17,12.39000
24.8660,396,6,30,0.03000,FR,0,9,12.15000
24.8660,396,6,30,0.03000,FR,1,39,13.05000
24.8660,396,6,30,0.03000,BR,0,2,11.94000
24.8660,396,6,30,0.03000,BR,1,32,12.84000
24.8760,397,7,30,0.03000,FL,0,23,12.60000
24.8760,397,7,30,0.03000,BL,0,16,12.39000
24.8760,397,7,30,0.03000,FR,0,8,12.15000
24.8760,397,7,30,0.03000,FR,1,38,13.05000
24.8760,397,7,30,0.03000,BR,0,1,11.94000
24.8760,397,7,30,0.03000,BR,1,31,12.84000
24.8940,397,7,30,0.03000,FL,0,23,12.60000
24.8940,397,7,30,0.03000,BL,0,16,12.39000
24.8940,397,7,30,0.03000,FR,0,8,12.15000
24.8940,397,7,30,0.03000,FR,1,38,13.05000
24.8940,397,7,30,0.03000,BR,0,1,11.94000
24.8940,397,7,30,0.03000,BR,1,31,12.84000
24.9060,398,8,30,0.03000,FL,0,22,12.60000
24.9060,398,8,30,0.03000,BL,0,15,12.39000
24.9060,398,8,30,0.03000,FR,0,7,12.15000
24.9060,398,8,30,0.03000,FR,1,37,13.05000
24.9060,398,8,30,0.03000,BR,0,30,12.84000
24.9160,398,8,30,0.03000,FL,0,22,12.60000
24.9160,398,8,30,0.03000,BL,0,15,12.39000
24.9160,398,8,30,0.03000,FR,0,7,12.15000
24.9160,398,8,30,0.03000,FR,1,37,13.05000
24.9160,398,8,30,0.03000,BR,0,30,12.84000
24.9260,398,8,30,0.03000,FL,0,22,12.60000
24.9260,398,8,30,0.03000,BL,0,15,12.39000
24.9260,398,8,30,0.03000,FR,0,7,12.15000
24.9260,398,8,30,0.03000,FR,1,37,13.05000
24.9260,398,8,30,0.03000,BR,0,30,12.84000
24.9360,399,9,30,0.03000,FL,0,21,12.60000
24.9360,399,9,30,0.03000,BL,0,14,12.39000
24.9360,399,9,30,0.03000,FR,0,6,12.15000
24.9360,399,9,30,0.03000,FR,1,36,13.05000
24.9360,399,9,30,0.03000,BR,0,29,12.84000
24.9460,399,9,30,0.03000,FL,0,21,12.60000
24.9460,399,9,30,0.03000,BL,0,14,12.39000
24.9460,399,9,30,0.03000,FR,0,6,12.15000
24.9460,399,9,30,0.03000,FR,1,36,13.05000
24.9460,399,9,30,0.03000,BR,0,29,12.84000
24.9560,399,9,30,0.03000,FL,0,21,12.60000
24.9560,399,9,30,0.03000,BL,0,14,12.39000
24.9560,399,9,30,0.03000,FR,0,6,12.15000
24.9560,399,9,30,0.03000,FR,1,36,13.05000
24.9560,399,9,30,0.03000,BR,0,29,12.84000
24.9660,400,10,30,0.03000,FL,0,20,12.60000
24.9660,400,10,30,0.03000,BL,0,13,12.39000
24.9660,400,10,30,0.03000,FR,0,5,12.15000
24.9660,400,10,30,0.03000,FR,1,35,13.05000
24.9660,400,10,30,0.03000,BR,0,28,12.84000
24.9740,400,10,30,0.03000,FL,0,20,12.60000
24.9740,400,10,30,0.03000,BL,0,13,12.39000
24.9740,400,10,30,0.03000,FR,0,5,12.15000
24.9740,400,10,30,0.03000,FR,1,35,13.05000
24.9740,400,10,30,0.03000,BR,0,28,12.84000
24.9840,400,10,30,0.03000,FL,0,20,12.60000
24.9840,400,10,30,0.03000,BL,0,13,12.39000
24.9840,400,10,30,0.03000,FR,0,5,12.15000
24.9840,400,10,30,0.03000,FR,1,35,13.05000
24.9840,400,10,30,0.03000,BR,0,28,12.84000
24.9940,401,11,30,0.03000,FL,0,19,12.60000
24.9940,401,11,30,0.03000,BL,0,12,12.39000
24.9940,401,11,30,0.03000,FR,0,4,12.15000
24.9940,401,11,30,0.03000,FR,1,34,13.05000
24.9940,401,11,30,0.03000,BR,0,27,12.84000
25.0040,401,11,30,0.03000,FL,0,19,12.60000
25.0040,401,11,30,0.03000,BL,0,12,12.39000
25.0040,401,11,30,0.03000,FR,0,4,12.15000
25.0040,401,11,30,0.03000,FR,1,34,13.05000
25.0040,401,11,30,0.03000,BR,0,27,12.84000
25.0160,401,11,30,0.03000,FL,0,19,12.60000
25.0160,401,11,30,0.03000,BL,0,12,12.39000
25.0160,401,11,30,0.03000,FR,0,4,12.15000
25.0160,401,11,30,0.03000,FR,1,34,13.05000
25.0160,401,11,30,0.03000,BR,0,27,12.84000
25.0240,402,12,30,0.03000,FL,0,18,12.60000
25.0240,402,12,30,0.03000,BL,0,11,12.39000
25.0240,402,12,30,0.03000,FR,0,3,12.15000
25.0240,402,12,30,0.03000,FR,1,33,13.05000
25.0240,402,12,30,0.03000,BR,0,26,12.84000
25.0340,402,12,30,0.03000,FL,0,18,12.60000
25.0340,402,12,30,0.03000,BL,0,11,12.39000
25.0340,402,12,30,0.03000,FR,0,3,12.15000
25.0340,402,12,30,0.03000,FR,1,33,13.05000
25.0340,402,12,30,0.03000,BR,0,26,12.84000
25.0420,402,12,30,0.03000,FL,0,18,12.60000
25.0420,402,12,30,0.03000,BL,0,11,12.39000
25.0420,402,12,30,0.03000,FR,0,3,12.15000
25.0420,402,12,30,0.03000,FR,1,33,13.05000
25.0420,402,12,30,0.03000,BR,0,26,12.84000
25.0540,403,13,30,0.03000,FL,0,17,12.60000
25.0540,403,13,30,0.03000,BL,0,10,12.39000
25.0540,403,13,30,0.03000,FR,0,2,12.15000
25.0540,403,13,30,0.03000,FR,1,32,13.05000
25.0540,403,13,30,0.03000,BR,0,25,12.84000
25.0620,403,13,30,0.03000,FL,0,17,12.60000
25.0620,403,13,30,0.03000,BL,0,10,12.39000
25.0620,403,13,30,0.03000,FR,0,2,12.15000
25.0620,403,13,30,0.03000,FR,1,32,13.05000
25.0620,403,13,30,0.03000,BR,0,25,12.84000
25.0720,403,13,30,0.03000,FL,0,17,12.60000
25.0720,403,13,30,0.03000,BL,0,10,12.39000
25.0720,403,13,30,0.03000,FR,0,2,12.15000
25.0720,403,13,30,0.03000,FR,1,32,13.05000
25.0720,403,13,30,0.03000,BR,0,25,12.84000
25.0820,404,14,30,0.03000,FL,0,16,12.60000
25.0820,404,14,30,0.03000,BL,0,9,12.39000
25.0820,404,14,30,0.03000,BL,1,39,13.29000
25.0820,404,14,30,0.03000,FR,0,1,12.15000
25.0820,404,14,30,0.03000,FR,1,31,13.05000
25.0820,404,14,30,0.03000,BR,0,24,12.84000
25.0920,404,14,30,0.03000,FL,0,16,12.60000
25.0920,404,14,30,0.03000,BL,0,9,12.39000
25.0920,404,14,30,0.03000,BL,1,39,13.29000
25.0920,404,14,30,0.03000,FR,0,1,12.15000
25.0920,404,14,30,0.03000,FR,1,31,13.05000
25.0920,404,14,30,0.03000,BR,0,24,12.84000
25.1020,404,14,30,0.03000,FL,0,16,12.60000
25.1020,404,14,30,0.03000,BL,0,9,12.39000
25.1020,404,14,30,0.03000,BL,1,39,13.29000
25.1020,404,14,30,0.03000,FR,0,1,12.15000
25.1020,404,14,30,0.03000,FR,1,31,13.05000
25.1020,404,14,30,0.03000,BR,0,24,12.84000
25.1100,405,15,30,0.03000,FL,0,15,12.60000
25.1100,405,15,30,0.03000,BL,0,8,12.39000
25.1100,405,15,30,0.03000,BL,1,38,13.29000
25.1100,405,15,30,0.03000,FR,0,30,13.05000
25.1100,405,15,30,0.03000,BR,0,23,12.84000
25.1300,405,15,30,0.03000,FL,0,15,12.60000
25.1300,405,15,30,0.03000,BL,0,8,12.39000
25.1300,405,15,30,0.03000,BL,1,38,13.29000
25.1300,405,15,30,0.03000,FR,0,30,13.05000
25.1300,405,15,30,0.03000,BR,0,23,12.84000
25.1400,406,16,30,0.03000,FL,0,14,12.60000
25.1400,406,16,30,0.03000,BL,0,7,12.39000
25.1400,406,16,30,0.03000,BL,1,37,13.29000
25.1400,406,16,30,0.03000,FR,0,29,13.05000
25.1400,406,16,30,0.03000,BR,0,22,12.84000
25.1500,406,16,30,0.03000,FL,0,14,12.60000
25.1500,406,16,30,0.03000,BL,0,7,12.39000
25.1500,406,16,30,0.03000,BL,1,37,13.29000
25.1500,406,16,30,0.03000,FR,0,29,13.05000
25.1500,406,16,30,0.03000,BR,0,22,12.84000
25.1580,406,16,30,0.03000,FL,0,14,12.60000
25.1580,406,16,30,0.03000,BL,0,7,12.39000
25.1580,406,16,30,0.03000,BL,1,37,13.29000
25.1580,406,16,30,0.03000,FR,0,29,13.05000
25.1580,406,16,30,0.03000,BR,0,22,12.84000
25.1680,406,16,30,0.03000,FL,0,14,12.60000
25.1680,406,16,30,0.03000,BL,0,7,12.39000
25.1680,406,16,30,0.03000,BL,1,37,13.29000
25.1680,406,16,30,0.03000,FR,0,29,13.05000
25.1680,406,16,30,0.03000,BR,0,22,12.84000
25.1780,407,17,30,0.03000,FL,0,13,12.60000
25.1780,407,17,30,0.03000,BL,0,6,12.39000
25.1780,407,17,30,0.03000,BL,1,36,13.29000
25.1780,407,17,30,0.03000,FR,0,28,13.05000
25.1780,407,17,30,0.03000,BR,0,21,12.84000
25.1880,407,17,30,0.03000,FL,0,13,12.60000
25.1880,407,17,30,0.03000,BL,0,6,12.39000
25.1880,407,17,30,0.03000,BL,1,36,13.29000
25.1880,407,17,30,0.03000,FR,0,28,13.05000
25.1880,407,17,30,0.03000,BR,0,21,12.84000
25.1960,407,17,30,0.03000,FL,0,13,12.60000
25.1960,407,17,30,0.03000,BL,0,6,12.39000
25.1960,407,17,30,0.03000,BL,1,36,13.29000
25.1960,407,17,30,0.03000,FR,0,28,13.05000
25.1960,407,17,30,0.03000,BR,0,21,12.84000
25.2100,408,18,30,0.03000,FL,0,12,12.60000
25.2100,408,18,30,0.03000,BL,0,5,12.39000
25.2100,408,18,30,0.03000,BL,1,35,13.29000
25.2100,408,18,30,0.03000,FR,0,27,13.05000
25.2100,408,18,30,0.03000,BR,0,20,12.84000
25.2280,408,18,30,0.03000,FL,0,12,12.60000
25.2280,408,18,30,0.03000,BL,0,5,12.39000
25.2280,408,18,30,0.03000,BL,1,35,13.29000
25.2280,408,18,30,0.03000,FR,0,27,13.05000
25.2280,408,18,30,0.03000,BR,0,20,12.84000
25.2400,409,19,30,0.03000,FL,0,11,12.60000
25.2400,409,19,30,0.03000,BL,0,4,12.39000
25.2400,409,19,30,0.03000,BL,1,34,13.29000
25.2400,409,19,30,0.03000,FR,0,26,13.05000
25.2400,409,19,30,0.03000,BR,0,19,12.84000
25.2540,409,19,30,0.03000,FL,0,11,12.60000
25.2540,409,19,30,0.03000,BL,0,4,12.39000
25.2540,409,19,30,0.03000,BL,1,34,13.29000
25.2540,409,19,30,0.03000,FR,0,26,13.05000
25.2540,409,19,30,0.03000,BR,0,19,12.84000
25.2620,410,20,30,0.03000,FL,0,10,12.60000
25.2620,410,20,30,0.03000,BL,0,3,12.39000
25.2620,410,20,30,0.03000,BL,1,33,13.29000
25.2620,410,20,30,0.03000,FR,0,25,13.05000
25.2620,410,20,30,0.03000,BR,0,18,12.84000
25.2720,410,20,30,0.03000,FL,0,10,12.60000
25.2720,410,20,30,0.03000,BL,0,3,12.39000
25.2720,410,20,30,0.03000,BL,1,33,13.29000
25.2720,410,20,30,0.03000,FR,0,25,13.05000
25.2720,410,20,30,0.03000,BR,0,18,12.84000
25.2820,410,20,30,0.03000,FL,0,10,12.60000
25.2820,410,20,30,0.03000,BL,0,3,12.39000
25.2820,410,20,30,0.03000,BL,1,33,13.29000
25.2820,410,20,30,0.03000,FR,0,25,13.05000
25.2820,410,20,30,0.03000,BR,0,18,12.84000
25.2920,411,21,30,0.03000,FL,0,9,12.60000
25.2920,411,21,30,0.03000,FL,1,39,13.50000
25.2920,411,21,30,0.03000,BL,0,2,12.39000
25.2920,411,21,30,0.03000,BL,1,32,13.29000
25.2920,411,21,30,0.03000,FR,0,24,13.05000
25.2920,411,21,30,0.03000,BR,0,17,12.84000
25.3020,411,21,30,0.03000,FL,0,9,12.60000
25.3020,411,21,30,0.03000,FL,1,39,13.50000
25.3020,411,21,30,0.03000,BL,0,2,12.39000
25.3020,411,21,30,0.03000,BL,1,32,13.29000
25.3020,411,21,30,0.03000,FR,0,24,13.05000
25.3020,411,21,30,0.03000,BR,0,17,12.84000
25.3140,411,21,30,0.03000,FL,0,9,12.60000
25.3140,411,21,30,0.03000,FL,1,39,13.50000
25.3140,411,21,30,0.03000,BL,0,2,12.39000
25.3140,411,21,30,0.03000,BL,1,32,13.29000
25.3140,411,21,30,0.03000,FR,0,24,13.05000
25.3140,411,21,30,0.03000,BR,0,17,12.84000
25.3240,412,22,30,0.03000,FL,0,8,12.60000
25.3240,412,22,30,0.03000,FL,1,38,13.50000
25.3240,412,22,30,0.03000,BL,0,1,12.39000
25.3240,412,22,30,0.03000,BL,1,31,13.29000
25.3240,412,22,30,0.03000,FR,0,23,13.05000
25.3240,412,22,30,0.03000,BR,0,16,12.84000
25.3460,412,22,30,0.03000,FL,0,8,12.60000
25.3460,412,22,30,0.03000,FL,1,38,13.50000
25.3460,412,22,30,0.03000,BL,0,1,12.39000
25.3460,412,22,30,0.03000,BL,1,31,13.29000
25.3460,412,22,30,0.03000,FR,0,23,13.05000
25.3460,412,22,30,0.03000,BR,0,16,12.84000
25.3540,413,23,30,0.03000,FL,0,7,12.60000
25.3540,413,23,30,0.03000,FL,1,37,13.50000
25.3540,413,23,30,0.03000,BL,0,30,13.29000
25.3540,413,23,30,0.03000,FR,0,22,13.05000
25.3540,413,23,30,0.03000,BR,0,15,12.84000
25.3660,413,23,30,0.03000,FL,0,7,12.60000
25.3660,413,23,30,0.03000,FL,1,37,13.50000
25.3660,413,23,30,0.03000,BL,0,30,13.29000
25.3660,413,23,30,0.03000,FR,0,22,13.05000
25.3660,413,23,30,0.03000,BR,0,15,12.84000
25.3780,413,23,30,0.03000,FL,0,7,12.60000
25.3780,413,23,30,0.03000,FL,1,37,13.50000
25.3780,413,23,30,0.03000,BL,0,30,13.29000
25.3780,413,23,30,0.03000,FR,0,22,13.05000
25.3780,413,23,30,0.03000,BR,0,15,12.84000
25.3880,414,24,30,0.03000,FL,0,6,12.60000
25.3880,414,24,30,0.03000,FL,1,36,13.50000
25.3880,414,24,30,0.03000,BL,0,29,13.29000
25.3880,414,24,30,0.03000,FR,0,21,13.05000
25.3880,414,24,30,0.03000,BR,0,14,12.84000
25.4000,414,24,30,0.03000,FL,0,6,12.60000
25.4000,414,24,30,0.03000,FL,1,36,13.50000
25.4000,414,24,30,0.03000,BL,0,29,13.29000
25.4000,414,24,30,0.03000,FR,0,21,13.05000
25.4000,414,24,30,0.03000,BR,0,14,12.84000
25.4100,415,25,30,0.03000,FL,0,5,12.60000
25.4100,415,25,30,0.03000,FL,1,35,13.50000
25.4100,415,25,30,0.03000,BL,0,28,13.29000
25.4100,415,25,30,0.03000,FR,0,20,13.05000
25.4100,415,25,30,0.03000,BR,0,13,12.84000
25.4220,415,25,30,0.03000,FL,0,5,12.60000
25.4220,415,25,30,0.03000,FL,1,35,13.50000
25.4220,415,25,30,0.03000,BL,0,28,13.29000
25.4220,415,25,30,0.03000,FR,0,20,13.05000
25.4220,415,25,30,0.03000,BR,0,13,12.84000
25.4340,415,25,30,0.03000,FL,0,5,12.60000
25.4340,415,25,30,0.03000,FL,1,35,13.50000
25.4340,415,25,30,0.03000,BL,0,28,13.29000
25.4340,415,25,30,0.03000,FR,0,20,13.05000
25.4340,415,25,30,0.03000,BR,0,13,12.84000
25.4440,416,26,30,0.03000,FL,0,4,12.60000
25.4440,416,26,30,0.03000,FL,1,34,13.50000
25.4440,416,26,30,0.03000,BL,0,27,13.29000
25.4440,416,26,30,0.03000,FR,0,19,13.05000
25.4440,416,26,30,0.03000,BR,0,12,12.84000
25.4540,416,26,30,0.03000,FL,0,4,12.60000
25.4540,416,26,30,0.03000,FL,1,34,13.50000
25.4540,416,26,30,0.03000,BL,0,27,13.29000
25.4540,416,26,30,0.03000,FR,0,19,13.05000
25.4540,416,26,30,0.03000,BR,0,12,12.84000
25.4640,416,26,30,0.03000,FL,0,4,12.60000
25.4640,416,26,30,0.03000,FL,1,34,13.50000
25.4640,416,26,30,0.03000,BL,0,27,13.29000
25.4640,416,26,30,0.03000,FR,0,19,13.05000
25.4640,416,26,30,0.03000,BR,0,12,12.84000
25.4720,417,27,30,0.03000,FL,0,3,12.60000
25.4720,417,27,30,0.03000,FL,1,33,13.50000
25.4720,417,27,30,0.03000,BL,0,26,13.29000
25.4720,417,27,30,0.03000,FR,0,18,13.05000
25.4720,417,27,30,0.03000,BR,0,11,12.84000
25.4840,417,27,30,0.03000,FL,0,3,12.60000
25.4840,417,27,30,0.03000,FL,1,33,13.50000
25.4840,417,27,30,0.03000,BL,0,26,13.29000
25.4840,417,27,30,0.03000,FR,0,18,13.05000
25.4840,417,27,30,0.03000,BR,0,11,12.84000
25.4920,417,27,30,0.03000,FL,0,3,12.60000
25.4920,417,27,30,0.03000,FL,1,33,13.50000
25.4920,417,27,30,0.03000,BL,0,26,13.29000
25.4920,417,27,30,0.03000,FR,0,18,13.05000
25.4920,417,27,30,0.03000,BR,0,11,12.84000
25.5020,418,28,30,0.03000,FL,0,2,12.60000
25.5020,418,28,30,0.03000,FL,1,32,13.50000
25.5020,418,28,30,0.03000,BL,0,25,13.29000
25.5020,418,28,30,0.03000,FR,0,17,13.05000
25.5020,418,28,30,0.03000,BR,0,10,12.84000
25.5120,418,28,30,0.03000,FL,0,2,12.60000
25.5120,418,28,30,0.03000,FL,1,32,13.50000
25.5120,418,28,30,0.03000,BL,0,25,13.29000
25.5120,418,28,30,0.03000,FR,0,17,13.05000
25.5120,418,28,30,0.03000,BR,0,10,12.84000
25.5220,418,28,30,0.03000,FL,0,2,12.60000
25.5220,418,28,30,0.03000,FL,1,32,13.50000
25.5220,418,28,30,0.03000,BL,0,25,13.29000
25.5220,418,28,30,0.03000,FR,0,17,13.05000
25.5220,418,28,30,0.03000,BR,0,10,12.84000
25.5320,419,29,30,0.03000,FL,0,1,12.60000
25.5320,419,29,30,0.03000,FL,1,31,13.50000
25.5320,419,29,30,0.03000,BL,0,24,13.29000
25.5320,419,29,30,0.03000,FR,0,16,13.05000
25.5320,419,29,30,0.03000,BR,0,9,12.84000
25.5320,419,29,30,0.03000,BR,1,39,13.74000
25.5400,419,29,30,0.03000,FL,0,1,12.60000
25.5400,419,29,30,0.03000,FL,1,31,13.50000
25.5400,419,29,30,0.03000,BL,0,24,13.29000
25.5400,419,29,30,0.03000,FR,0,16,13.05000
25.5400,419,29,30,0.03000,BR,0,9,12.84000
25.5400,419,29,30,0.03000,BR,1,39,13.74000
25.5500,419,29,30,0.03000,FL,0,1,12.60000
25.5500,419,29,30,0.03000,FL,1,31,13.50000
25.5500,419,29,30,0.03000,BL,0,24,13.29000
25.5500,419,29,30,0.03000,FR,0,16,13.05000
25.5500,419,29,30,0.03000,BR,0,9,12.84000
25.5500,419,29,30,0.03000,BR,1,39,13.74000
25.5600,420,0,30,0.03000,FL,0,30,13.50000
25.5600,420,0,30,0.03000,BL,0,23,13.29000
25.5600,420,0,30,0.03000,FR,0,15,13.05000
25.5600,420,0,30,0.03000,BR,0,8,12.84000
25.5600,420,0,30,0.03000,BR,1,38,13.74000
25.5840,420,0,30,0.03000,FL,0,30,13.50000
25.5840,420,0,30,0.03000,BL,0,23,13.29000
25.5840,420,0,30,0.03000,FR,0,15,13.05000
25.5840,420,0,30,0.03000,BR,0,8,12.84000
25.5840,420,0,30,0.03000,BR,1,38,13.74000
25.5940,421,1,30,0.03000,FL,0,29,13.50000
25.5940,421,1,30,0.03000,BL,0,22,13.29000
25.5940,421,1,30,0.03000,FR,0,14,13.05000
25.5940,421,1,30,0.03000,BR,0,7,12.84000
25.5940,421,1,30,0.03000,BR,1,37,13.74000
25.6040,421,1,30,0.03000,FL,0,29,13.50000
25.6040,421,1,30,0.03000,BL,0,22,13.29000
25.6040,421,1,30,0.03000,FR,0,14,13.05000
25.6040,421,1,30,0.03000,BR,0,7,12.84000
25.6040,421,1,30,0.03000,BR,1,37,13.74000
25.6120,421,1,30,0.03000,FL,0,29,13.50000
25.6120,421,1,30,0.03000,BL,0,22,13.29000
25.6120,421,1,30,0.03000,FR,0,14,13.05000
25.6120,421,1,30,0.03000,BR,0,7,12.84000
25.6120,421,1,30,0.03000,BR,1,37,13.74000
25.6220,422,2,30,0.03000,FL,0,28,13.50000
25.6220,422,2,30,0.03000,BL,0,21,13.29000
25.6220,422,2,30,0.03000,FR,0,13,13.05000
25.6220,422,2,30,0.03000,BR,0,6,12.84000
25.6220,422,2,30,0.03000,BR,1,36,13.74000
25.6320,422,2,30,0.03000,FL,0,28,13.50000
25.6320,422,2,30,0.03000,BL,0,21,13.29000
25.6320,422,2,30,0.03000,FR,0,13,13.05000
25.6320,422,2,30,0.03000,BR,0,6,12.84000
25.6320,422,2,30,0.03000,BR,1,36,13.74000
25.6420,422,2,30,0.03000,FL,0,28,13.50000
25.6420,422,2,30,0.03000,BL,0,21,13.29000
25.6420,422,2,30,0.03000,FR,0,13,13.05000
25.6420,422,2,30,0.03000,BR,0,6,12.84000
25.6420,422,2,30,0.03000,BR,1,36,13.74000
25.6500,423,3,30,0.03000,FL,0,27,13.50000
25.6500,423,3,30,0.03000,BL,0,20,13.29000
25.6500,423,3,30,0.03000,FR,0,12,13.05000
25.6500,423,3,30,0.03000,BR,0,5,12.84000
25.6500,423,3,30,0.03000,BR,1,35,13.74000
25.6600,423,3,30,0.03000,FL,0,27,13.50000
25.6600,423,3,30,0.03000,BL,0,20,13.29000
25.6600,423,3,30,0.03000,FR,0,12,13.05000
25.6600,423,3,30,0.03000,BR,0,5,12.84000
25.6600,423,3,30,0.03000,BR,1,35,13.74000
25.6700,423,3,30,0.03000,FL,0,27,13.50000
25.6700,423,3,30,0.03000,BL,0,20,13.29000
25.6700,423,3,30,0.03000,FR,0,12,13.05000
25.6700,423,3,30,0.03000,BR,0,5,12.84000
25.6700,423,3,30,0.03000,BR,1,35,13.74000
25.6800,424,4,30,0.03000,FL,0,26,13.50000
25.6800,424,4,30,0.03000,BL,0,19,13.29000
25.6800,424,4,30,0.03000,FR,0,11,13.05000
25.6800,424,4,30,0.03000,BR,0,4,12.84000
25.6800,424,4,30,0.03000,BR,1,34,13.74000
25.6900,424,4,30,0.03000,FL,0,26,13.50000
25.6900,424,4,30,0.03000,BL,0,19,13.29000
25.6900,424,4,30,0.03000,FR,0,11,13.05000
25.6900,424,4,30,0.03000,BR,0,4,12.84000
25.6900,424,4,30,0.03000,BR,1,34,13.74000
25.6980,424,4,30,0.03000,FL,0,26,13.50000
25.6980,424,4,30,0.03000,BL,0,19,13.29000
25.6980,424,4,30,0.03000,FR,0,11,13.05000
25.6980,424,4,30,0.03000,BR,0,4,12.84000
25.6980,424,4,30,0.03000,BR,1,34,13.74000
25.7080,424,4,30,0.03000,FL,0,26,13.50000
25.7080,424,4,30,0.03000,BL,0,19,13.29000
25.7080,424,4,30,0.03000,FR,0,11,13.05000
25.7080,424,4,30,0.03000,BR,0,4,12.84000
25.7080,424,4,30,0.03000,BR,1,34,13.74000
25.7180,425,5,30,0.03000,FL,0,25,13.50000
25.7180,425,5,30,0.03000,BL,0,18,13.29000
25.7180,425,5,30,0.03000,FR,0,10,13.05000
25.7180,425,5,30,0.03000,BR,0,3,12.84000
25.7180,425,5,30,0.03000,BR,1,33,13.74000
25.7280,425,5,30,0.03000,FL,0,25,13.50000
25.7280,425,5,30,0.03000,BL,0,18,13.29000
25.7280,425,5,30,0.03000,FR,0,10,13.05000
25.7280,425,5,30,0.03000,BR,0,3,12.84000
25.7280,425,5,30,0.03000,BR,1,33,13.74000
25.7380,425,5,30,0.03000,FL,0,25,13.50000
25.7380,425,5,30,0.03000,BL,0,18,13.29000
25.7380,425,5,30,0.03000,FR,0,10,13.05000
25.7380,425,5,30,0.03000,BR,0,3,12.84000
25.7380,425,5,30,0.03000,BR,1,33,13.74000
25.7480,426,6,30,0.03000,FL,0,24,13.50000
25.7480,426,6,30,0.03000,BL,0,17,13.29000
25.7480,426,6,30,0.03000,FR,0,9,13.05000
25.7480,426,6,30,0.03000,FR,1,39,13.95000
25.7480,426,6,30,0.03000,BR,0,2,12.84000
25.7480,426,6,30,0.03000,BR,1,32,13.74000
25.7580,426,6,30,0.03000,FL,0,24,13.50000
25.7580,426,6,30,0.03000,BL,0,17,13.29000
25.7580,426,6,30,0.03000,FR,0,9,13.05000
25.7580,426,6,30,0.03000,FR,1,39,13.95000
25.7580,426,6,30,0.03000,BR,0,2,12.84000
25.7580,426,6,30,0.03000,BR,1,32,13.74000
25.7660,426,6,30,0.03000,FL,0,24,13.50000
25.7660,426,6,30,0.03000,BL,0,17,13.29000
25.7660,426,6,30,0.03000,FR,0,9,13.05000
25.7660,426,6,30,0.03000,FR,1,39,13.95000
25.7660,426,6,30,0.03000,BR,0,2,12.84000
25.7660,426,6,30,0.03000,BR,1,32,13.74000
25.7780,427,7,30,0.03000,FL,0,23,13.50000
25.7780,427,7,30,0.03000,BL,0,16,13.29000
25.7780,427,7,30,0.03000,FR,0,8,13.05000
25.7780,427,7,30,0.03000,FR,1,38,13.95000
25.7780,427,7,30,0.03000,BR,0,1,12.84000
25.7780,427,7,30,0.03000,BR,1,31,13.74000
25.7960,427,7,30,0.03000,FL,0,23,13.50000
25.7960,427,7,30,0.03000,BL,0,16,13.29000
25.7960,427,7,30,0.03000,FR,0,8,13.05000
25.7960,427,7,30,0.03000,FR,1,38,13.95000
25.7960,427,7,30,0.03000,BR,0,1,12.84000
25.7960,427,7,30,0.03000,BR,1,31,13.74000
25.8060,428,8,30,0.03000,FL,0,22,13.50000
25.8060,428,8,30,0.03000,BL,0,15,13.29000
25.8060,428,8,30,0.03000,FR,0,7,13.05000
25.8060,428,8,30,0.03000,FR,1,37,13.95000
25.8060,428,8,30,0.03000,BR,0,30,13.74000
25.8160,428,8,30,0.03000,FL,0,22,13.50000
25.8160,428,8,30,0.03000,BL,0,15,13.29000
25.8160,428,8,30,0.03000,FR,0,7,13.05000
25.8160,428,8,30,0.03000,FR,1,37,13.95000
25.8160,428,8,30,0.03000,BR,0,30,13.74000
25.8240,428,8,30,0.03000,FL,0,22,13.50000
25.8240,428,8,30,0.03000,BL,0,15,13.29000
25.8240,428,8,30,0.03000,FR,0,7,13.05000
25.8240,428,8,30,0.03000,FR,1,37,13.95000
25.8240,428,8,30,0.03000,BR,0,30,13.74000
25.8360,429,9,30,0.03000,FL,0,21,13.50000
25.8360,429,9,30,0.03000,BL,0,14,13.29000
25.8360,429,9,30,0.03000,FR,0,6,13.05000
25.8360,429,9,30,0.03000,FR,1,36,13.95000
25.8360,429,9,30,0.03000,BR,0,29,13.74000
25.8460,429,9,30,0.03000,FL,0,21,13.50000
25.8460,429,9,30,0.03000,BL,0,14,13.29000
25.8460,429,9,30,0.03000,FR,0,6,13.05000
25.8460,429,9,30,0.03000,FR,1,36,13.95000
25.8460,429,9,30,0.03000,BR,0,29,13.74000
25.8540,429,9,30,0.03000,FL,0,21,13.50000
25.8540,429,9,30,0.03000,BL,0,14,13.29000
25.8540,429,9,30,0.03000,FR,0,6,13.05000
25.8540,429,9,30,0.03000,FR,1,36,13.95000
25.8540,429,9,30,0.03000,BR,0,29,13.74000
25.8640,430,10,30,0.03000,FL,0,20,13.50000
25.8640,430,10,30,0.03000,BL,0,13,13.29000
25.8640,430,10,30,0.03000,FR,0,5,13.05000
25.8640,430,10,30,0.03000,FR,1,35,13.95000
25.8640,430,10,30,0.03000,BR,0,28,13.74000
25.8740,430,10,30,0.03000,FL,0,20,13.50000
25.8740,430,10,30,0.03000,BL,0,13,13.29000
25.8740,430,10,30,0.03000,FR,0,5,13.05000
25.8740,430,10,30,0.03000,FR,1,35,13.95000
25.8740,430,10,30,0.03000,BR,0,28,13.74000
25.8860,430,10,30,0.03000,FL,0,20,13.50000
25.8860,430,10,30,0.03000,BL,0,13,13.29000
25.8860,430,10,30,0.03000,FR,0,5,13.05000
25.8860,430,10,30,0.03000,FR,1,35,13.95000
25.8860,430,10,30,0.03000,BR,0,28,13.74000
25.8960,431,11,30,0.03000,FL,0,19,13.50000
25.8960,431,11,30,0.03000,BL,0,12,13.29000
25.8960,431,11,30,0.03000,FR,0,4,13.05000
25.8960,431,11,30,0.03000,FR,1,34,13.95000
25.8960,431,11,30,0.03000,BR,0,27,13.74000
25.9080,431,11,30,0.03000,FL,0,19,13.50000
25.9080,431,11,30,0.03000,BL,0,12,13.29000
25.9080,431,11,30,0.03000,FR,0,4,13.05000
25.9080,431,11,30,0.03000,FR,1,34,13.95000
25.9080,431,11,30,0.03000,BR,0,27,13.74000
25.9160,431,11,30,0.03000,FL,0,19,13.50000
25.9160,431,11,30,0.03000,BL,0,12,13.29000
25.9160,431,11,30,0.03000,FR,0,4,13.05000
25.9160,431,11,30,0.03000,FR,1,34,13.95000
25.9160,431,11,30,0.03000,BR,0,27,13.74000
25.9280,432,12,30,0.03000,FL,0,18,13.50000
25.9280,432,12,30,0.03000,BL,0,11,13.29000
25.9280,432,12,30,0.03000,FR,0,3,13.05000
25.9280,432,12,30,0.03000,FR,1,33,13.95000
25.9280,432,12,30,0.03000,BR,0,26,13.74000
25.9380,432,12,30,0.03000,FL,0,18,13.50000
25.9380,432,12,30,0.03000,BL,0,11,13.29000
25.9380,432,12,30,0.03000,FR,0,3,13.05000
25.9380,432,12,30,0.03000,FR,1,33,13.95000
25.9380,432,12,30,0.03000,BR,0,26,13.74000
25.9500,433,13,30,0.03000,FL,0,17,13.50000
25.9500,433,13,30,0.03000,BL,0,10,13.29000
25.9500,433,13,30,0.03000,FR,0,2,13.05000
25.9500,433,13,30,0.03000,FR,1,32,13.95000
25.9500,433,13,30,0.03000,BR,0,25,13.74000
25.9600,433,13,30,0.03000,FL,0,17,13.50000
25.9600,433,13,30,0.03000,BL,0,10,13.29000
25.9600,433,13,30,0.03000,FR,0,2,13.05000
25.9600,433,13,30,0.03000,FR,1,32,13.95000
25.9600,433,13,30,0.03000,BR,0,25,13.74000
25.9700,433,13,30,0.03000,FL,0,17,13.50000
25.9700,433,13,30,0.03000,BL,0,10,13.29000
25.9700,433,13,30,0.03000,FR,0,2,13.05000
25.9700,433,13,30,0.03000,FR,1,32,13.95000
25.9700,433,13,30,0.03000,BR,0,25,13.74000
25.9800,434,14,30,0.03000,FL,0,16,13.50000
25.9800,434,14,30,0.03000,BL,0,9,13.29000
25.9800,434,14,30,0.03000,BL,1,39,14.19000
25.9800,434,14,30,0.03000,FR,0,1,13.05000
25.9800,434,14,30,0.03000,FR,1,31,13.95000
25.9800,434,14,30,0.03000,BR,0,24,13.74000
25.9900,434,14,30,0.03000,FL,0,16,13.50000
25.9900,434,14,30,0.03000,BL,0,9,13.29000
25.9900,434,14,30,0.03000,BL,1,39,14.19000
25.9900,434,14,30,0.03000,FR,0,1,13.05000
25.9900,434,14,30,0.03000,FR,1,31,13.95000
25.9900,434,14,30,0.03000,BR,0,24,13.74000
26.0000,434,14,30,0.03000,FL,0,16,13.50000
26.0000,434,14,30,0.03000,BL,0,9,13.29000
26.0000,434,14,30,0.03000,BL,1,39,14.19000
26.0000,434,14,30,0.03000,FR,0,1,13.05000
26.0000,434,14,30,0.03000,FR,1,31,13.95000
26.0000,434,14,30,0.03000,BR,0,24,13.74000
26.0100,435,15,30,0.03000,FL,0,15,13.50000
26.0100,435,15,30,0.03000,BL,0,8,13.29000
26.0100,435,15,30,0.03000,BL,1,38,14.19000
26.0100,435,15,30,0.03000,FR,0,30,13.95000
26.0100,435,15,30,0.03000,BR,0,23,13.74000
26.0300,435,15,30,0.03000,FL,0,15,13.50000
26.0300,435,15,30,0.03000,BL,0,8,13.29000
26.0300,435,15,30,0.03000,BL,1,38,14.19000
26.0300,435,15,30,0.03000,FR,0,30,13.95000
26.0300,435,15,30,0.03000,BR,0,23,13.74000
26.0400,436,16,30,0.03000,FL,0,14,13.50000
26.0400,436,16,30,0.03000,BL,0,7,13.29000
26.0400,436,16,30,0.03000,BL,1,37,14.19000
26.0400,436,16,30,0.03000,FR,0,29,13.95000
26.0400,436,16,30,0.03000,BR,0,22,13.74000
26.0480,436,16,30,0.03000,FL,0,14,13.50000
26.0480,436,16,30,0.03000,BL,0,7,13.29000
26.0480,436,16,30,0.03000,BL,1,37,14.19000
26.0480,436,16,30,0.03000,FR,0,29,13.95000
26.0480,436,16,30,0.03000,BR,0,22,13.74000
26.0600,436,16,30,0.03000,FL,0,14,13.50000
26.0600,436,16,30,0.03000,BL,0,7,13.29000
26.0600,436,16,30,0.03000,BL,1,37,14.19000
26.0600,436,16,30,0.03000,FR,0,29,13.95000
26.0600,436,16,30,0.03000,BR,0,22,13.74000
26.0700,437,17,30,0.03000,FL,0,13,13.50000
26.0700,437,17,30,0.03000,BL,0,6,13.29000
26.0700,437,17,30,0.03000,BL,1,36,14.19000
26.0700,437,17,30,0.03000,FR,0,28,13.95000
26.0700,437,17,30,0.03000,BR,0,21,13.74000
26.0780,437,17,30,0.03000,FL,0,13,13.50000
26.0780,437,17,30,0.03000,BL,0,6,13.29000
26.0780,437,17,30,0.03000,BL,1,36,14.19000
26.0780,437,17,30,0.03000,FR,0,28,13.95000
26.0780,437,17,30,0.03000,BR,0,21,13.74000
26.0880,437,17,30,0.03000,FL,0,13,13.50000
26.0880,437,17,30,0.03000,BL,0,6,13.29000
26.0880,437,17,30,0.03000,BL,1,36,14.19000
26.0880,437,17,30,0.03000,FR,0,28,13.95000
26.0880,437,17,30,0.03000,BR,0,21,13.74000
26.0980,437,17,30,0.03000,FL,0,13,13.50000
26.0980,437,17,30,0.03000,BL,0,6,13.29000
26.0980,437,17,30,0.03000,BL,1,36,14.19000
26.0980,437,17,30,0.03000,FR,0,28,13.95000
26.0980,437,17,30,0.03000,BR,0,21,13.74000
26.1060,438,18,30,0.03000,FL,0,12,13.50000
26.1060,438,18,30,0.03000,BL,0,5,13.29000
26.1060,438,18,30,0.03000,BL,1,35,14.19000
26.1060,438,18,30,0.03000,FR,0,27,13.95000
26.1060,438,18,30,0.03000,BR,0,20,13.74000
26.1160,438,18,30,0.03000,FL,0,12,13.50000
26.1160,438,18,30,0.03000,BL,0,5,13.29000
26.1160,438,18,30,0.03000,BL,1,35,14.19000
26.1160,438,18,30,0.03000,FR,0,27,13.95000
26.1160,438,18,30,0.03000,BR,0,20,13.74000
26.1260,438,18,30,0.03000,FL,0,12,13.50000
26.1260,438,18,30,0.03000,BL,0,5,13.29000
26.1260,438,18,30,0.03000,BL,1,35,14.19000
26.1260,438,18,30,0.03000,FR,0,27,13.95000
26.1260,438,18,30,0.03000,BR,0,20,13.74000
26.1340,439,19,30,0.03000,FL,0,11,13.50000
26.1340,439,19,30,0.03000,BL,0,4,13.29000
26.1340,439,19,30,0.03000,BL,1,34,14.19000
26.1340,439,19,30,0.03000,FR,0,26,13.95000
26.1340,439,19,30,0.03000,BR,0,19,13.74000
26.1460,439,19,30,0.03000,FL,0,11,13.50000
26.1460,439,19,30,0.03000,BL,0,4,13.29000
26.1460,439,19,30,0.03000,BL,1,34,14.19000
26.1460,439,19,30,0.03000,FR,0,26,13.95000
26.1460,439,19,30,0.03000,BR,0,19,13.74000
26.1600,440,20,30,0.03000,FL,0,10,13.50000
26.1600,440,20,30,0.03000,BL,0,3,13.29000
26.1600,440,20,30,0.03000,BL,1,33,14.19000
26.1600,440,20,30,0.03000,FR,0,25,13.95000
26.1600,440,20,30,0.03000,BR,0,18,13.74000
26.1720,440,20,30,0.03000,FL,0,10,13.50000
26.1720,440,20,30,0.03000,BL,0,3,13.29000
26.1720,440,20,30,0.03000,BL,1,33,14.19000
26.1720,440,20,30,0.03000,FR,0,25,13.95000
26.1720,440,20,30,0.03000,BR,0,18,13.74000
26.1820,440,20,30,0.03000,FL,0,10,13.50000
26.1820,440,20,30,0.03000,BL,0,3,13.29000
26.1820,440,20,30,0.03000,BL,1,33,14.19000
26.1820,440,20,30,0.03000,FR,0,25,13.95000
26.1820,440,20,30,0.03000,BR,0,18,13.74000
26.1920,441,21,30,0.03000,FL,0,9,13.50000
26.1920,441,21,30,0.03000,FL,1,39,14.40000
26.1920,441,21,30,0.03000,BL,0,2,13.29000
26.1920,441,21,30,0.03000,BL,1,32,14.19000
26.1920,441,21,30,0.03000,FR,0,24,13.95000
26.1920,441,21,30,0.03000,BR,0,17,13.74000
26.2020,441,21,30,0.03000,FL,0,9,13.50000
26.2020,441,21,30,0.03000,FL,1,39,14.40000
26.2020,441,21,30,0.03000,BL,0,2,13.29000
26.2020,441,21,30,0.03000,BL,1,32,14.19000
26.2020,441,21,30,0.03000,FR,0,24,13.95000
26.2020,441,21,30,0.03000,BR,0,17,13.74000
26.2140,441,21,30,0.03000,FL,0,9,13.50000
26.2140,441,21,30,0.03000,FL,1,39,14.40000
26.2140,441,21,30,0.03000,BL,0,2,13.29000
26.2140,441,21,30,0.03000,BL,1,32,14.19000
26.2140,441,21,30,0.03000,FR,0,24,13.95000
26.2140,441,21,30,0.03000,BR,0,17,13.74000
26.2220,442,22,30,0.03000,FL,0,8,13.50000
26.2220,442,22,30,0.03000,FL,1,38,14.40000
26.2220,442,22,30,0.03000,BL,0,1,13.29000
26.2220,442,22,30,0.03000,BL,1,31,14.19000
26.2220,442,22,30,0.03000,FR,0,23,13.95000
26.2220,442,22,30,0.03000,BR,0,16,13.74000
26.2420,442,22,30,0.03000,FL,0,8,13.50000
26.2420,442,22,30,0.03000,FL,1,38,14.40000
26.2420,442,22,30,0.03000,BL,0,1,13.29000
26.2420,442,22,30,0.03000,BL,1,31,14.19000
26.2420,442,22,30,0.03000,FR,0,23,13.95000
26.2420,442,22,30,0.03000,BR,0,16,13.74000
26.2520,443,23,30,0.03000,FL,0,7,13.50000
26.2520,443,23,30,0.03000,FL,1,37,14.40000
26.2520,443,23,30,0.03000,BL,0,30,14.19000
26.2520,443,23,30,0.03000,FR,0,22,13.95000
26.2520,443,23,30,0.03000,BR,0,15,13.74000
26.2600,443,23,30,0.03000,FL,0,7,13.50000
26.2600,443,23,30,0.03000,FL,1,37,14.40000
26.2600,443,23,30,0.03000,BL,0,30,14.19000
26.2600,443,23,30,0.03000,FR,0,22,13.95000
26.2600,443,23,30,0.03000,BR,0,15,13.74000
26.2720,443,23,30,0.03000,FL,0,7,13.50000
26.2720,443,23,30,0.03000,FL,1,37,14.40000
26.2720,443,23,30,0.03000,BL,0,30,14.19000
26.2720,443,23,30,0.03000,FR,0,22,13.95000
26.2720,443,23,30,0.03000,BR,0,15,13.74000
26.2820,444,24,30,0.03000,FL,0,6,13.50000
26.2820,444,24,30,0.03000,FL,1,36,14.40000
26.2820,444,24,30,0.03000,BL,0,29,14.19000
26.2820,444,24,30,0.03000,FR,0,21,13.95000
26.2820,444,24,30,0.03000,BR,0,14,13.74000
26.2900,444,24,30,0.03000,FL,0,6,13.50000
26.2900,444,24,30,0.03000,FL,1,36,14.40000
26.2900,444,24,30,0.03000,BL,0,29,14.19000
26.2900,444,24,30,0.03000,FR,0,21,13.95000
26.2900,444,24,30,0.03000,BR,0,14,13.74000
26.3000,444,24,30,0.03000,FL,0,6,13.50000
26.3000,444,24,30,0.03000,FL,1,36,14.40000
26.3000,444,24,30,0.03000,BL,0,29,14.19000
26.3000,444,24,30,0.03000,FR,0,21,13.95000
26.3000,444,24,30,0.03000,BR,0,14,13.74000
26.3100,445,25,30,0.03000,FL,0,5,13.50000
26.3100,445,25,30,0.03000,FL,1,35,14.40000
26.3100,445,25,30,0.03000,BL,0,28,14.19000
26.3100,445,25,30,0.03000,FR,0,20,13.95000
26.3100,445,25,30,0.03000,BR,0,13,13.74000
26.3200,445,25,30,0.03000,FL,0,5,13.50000
26.3200,445,25,30,0.03000,FL,1,35,14.40000
26.3200,445,25,30,0.03000,BL,0,28,14.19000
26.3200,445,25,30,0.03000,FR,0,20,13.95000
26.3200,445,25,30,0.03000,BR,0,13,13.74000
26.3300,445,25,30,0.03000,FL,0,5,13.50000
26.3300,445,25,30,0.03000,FL,1,35,14.40000
26.3300,445,25,30,0.03000,BL,0,28,14.19000
26.3300,445,25,30,0.03000,FR,0,20,13.95000
26.3300,445,25,30,0.03000,BR,0,13,13.74000
26.3440,446,26,30,0.03000,FL,0,4,13.50000
26.3440,446,26,30,0.03000,FL,1,34,14.40000
26.3440,446,26,30,0.03000,BL,0,27,14.19000
26.3440,446,26,30,0.03000,FR,0,19,13.95000
26.3440,446,26,30,0.03000,BR,0,12,13.74000
26.3540,446,26,30,0.03000,FL,0,4,13.50000
26.3540,446,26,30,0.03000,FL,1,34,14.40000
26.3540,446,26,30,0.03000,BL,0,27,14.19000
26.3540,446,26,30,0.03000,FR,0,19,13.95000
26.3540,446,26,30,0.03000,BR,0,12,13.74000
26.3640,446,26,30,0.03000,FL,0,4,13.50000
26.3640,446,26,30,0.03000,FL,1,34,14.40000
26.3640,446,26,30,0.03000,BL,0,27,14.19000
26.3640,446,26,30,0.03000,FR,0,19,13.95000
26.3640,446,26,30,0.03000,BR,0,12,13.74000
26.3820,447,27,30,0.03000,FL,0,3,13.50000
26.3820,447,27,30,0.03000,FL,1,33,14.40000
26.3820,447,27,30,0.03000,BL,0,26,14.19000
26.3820,447,27,30,0.03000,FR,0,18,13.95000
26.3820,447,27,30,0.03000,BR,0,11,13.74000
26.3900,447,27,30,0.03000,FL,0,3,13.50000
26.3900,447,27,30,0.03000,FL,1,33,14.40000
26.3900,447,27,30,0.03000,BL,0,26,14.19000
26.3900,447,27,30,0.03000,FR,0,18,13.95000
26.3900,447,27,30,0.03000,BR,0,11,13.74000
26.4000,448,28,30,0.03000,FL,0,2,13.50000
26.4000,448,28,30,0.03000,FL,1,32,14.40000
26.4000,448,28,30,0.03000,BL,0,25,14.19000
26.4000,448,28,30,0.03000,FR,0,17,13.95000
26.4000,448,28,30,0.03000,BR,0,10,13.74000
26.4100,448,28,30,0.03000,FL,0,2,13.50000
26.4100,448,28,30,0.03000,FL,1,32,14.40000
26.4100,448,28,30,0.03000,BL,0,25,14.19000
26.4100,448,28,30,0.03000,FR,0,17,13.95000
26.4100,448,28,30,0.03000,BR,0,10,13.74000
26.4200,448,28,30,0.03000,FL,0,2,13.50000
26.4200,448,28,30,0.03000,FL,1,32,14.40000
26.4200,448,28,30,0.03000,BL,0,25,14.19000
26.4200,448,28,30,0.03000,FR,0,17,13.95000
26.4200,448,28,30,0.03000,BR,0,10,13.74000
26.4280,448,28,30,0.03000,FL,0,2,13.50000
26.4280,448,28,30,0.03000,FL,1,32,14.40000
26.4280,448,28,30,0.03000,BL,0,25,14.19000
26.4280,448,28,30,0.03000,FR,0,17,13.95000
26.4280,448,28,30,0.03000,BR,0,10,13.74000
26.4400,449,29,30,0.03000,FL,0,1,13.50000
26.4400,449,29,30,0.03000,FL,1,31,14.40000
26.4400,449,29,30,0.03000,BL,0,24,14.19000
26.4400,449,29,30,0.03000,FR,0,16,13.95000
26.4400,449,29,30,0.03000,BR,0,9,13.74000
26.4400,449,29,30,0.03000,BR,1,39,14.64000
26.4480,449,29,30,0.03000,FL,0,1,13.50000
26.4480,449,29,30,0.03000,FL,1,31,14.40000
26.4480,449,29,30,0.03000,BL,0,24,14.19000
26.4480,449,29,30,0.03000,FR,0,16,13.95000
26.4480,449,29,30,0.03000,BR,0,9,13.74000
26.4480,449,29,30,0.03000,BR,1,39,14.64000
26.4600,450,0,30,0.03000,FL,0,30,14.40000
26.4600,450,0,30,0.03000,BL,0,23,14.19000
26.4600,450,0,30,0.03000,FR,0,15,13.95000
26.4600,450,0,30,0.03000,BR,0,8,13.74000
26.4600,450,0,30,0.03000,BR,1,38,14.64000
26.4780,450,0,30,0.03000,FL,0,30,14.40000
26.4780,450,0,30,0.03000,BL,0,23,14.19000
26.4780,450,0,30,0.03000,FR,0,15,13.95000
26.4780,450,0,30,0.03000,BR,0,8,13.74000
26.4780,450,0,30,0.03000,BR,1,38,14.64000
26.4880,450,0,30,0.03000,FL,0,30,14.40000
26.4880,450,0,30,0.03000,BL,0,23,14.19000
26.4880,450,0,30,0.03000,FR,0,15,13.95000
26.4880,450,0,30,0.03000,BR,0,8,13.74000
26.4880,450,0,30,0.03000,BR,1,38,14.64000
26.4980,451,1,30,0.03000,FL,0,29,14.40000
26.4980,451,1,30,0.03000,BL,0,22,14.19000
26.4980,451,1,30,0.03000,FR,0,14,13.95000
26.4980,451,1,30,0.03000,BR,0,7,13.74000
26.4980,451,1,30,0.03000,BR,1,37,14.64000
26.5080,451,1,30,0.03000,FL,0,29,14.40000
26.5080,451,1,30,0.03000,BL,0,22,14.19000
26.5080,451,1,30,0.03000,FR,0,14,13.95000
26.5080,451,1,30,0.03000,BR,0,7,13.74000
26.5080,451,1,30,0.03000,BR,1,37,14.64000
26.5180,451,1,30,0.03000,FL,0,29,14.40000
26.5180,451,1,30,0.03000,BL,0,22,14.19000
26.5180,451,1,30,0.03000,FR,0,14,13.95000
26.5180,451,1,30,0.03000,BR,0,7,13.74000
26.5180,451,1,30,0.03000,BR,1,37,14.64000
26.5260,452,2,30,0.03000,FL,0,28,14.40000
26.5260,452,2,30,0.03000,BL,0,21,14.19000
26.5260,452,2,30,0.03000,FR,0,13,13.95000
26.5260,452,2,30,0.03000,BR,0,6,13.74000
26.5260,452,2,30,0.03000,BR,1,36,14.64000
26.5360,452,2,30,0.03000,FL,0,28,14.40000
26.5360,452,2,30,0.03000,BL,0,21,14.19000
26.5360,452,2,30,0.03000,FR,0,13,13.95000
26.5360,452,2,30,0.03000,BR,0,6,13.74000
26.5360,452,2,30,0.03000,BR,1,36,14.64000
26.5460,452,2,30,0.03000,FL,0,28,14.40000
26.5460,452,2,30,0.03000,BL,0,21,14.19000
26.5460,452,2,30,0.03000,FR,0,13,13.95000
26.5460,452,2,30,0.03000,BR,0,6,13.74000
26.5460,452,2,30,0.03000,BR,1,36,14.64000
26.5560,453,3,30,0.03000,FL,0,27,14.40000
26.5560,453,3,30,0.03000,BL,0,20,14.19000
26.5560,453,3,30,0.03000,FR,0,12,13.95000
26.5560,453,3,30,0.03000,BR,0,5,13.74000
26.5560,453,3,30,0.03000,BR,1,35,14.64000
26.5680,453,3,30,0.03000,FL,0,27,14.40000
26.5680,453,3,30,0.03000,BL,0,20,14.19000
26.5680,453,3,30,0.03000,FR,0,12,13.95000
26.5680,453,3,30,0.03000,BR,0,5,13.74000
26.5680,453,3,30,0.03000,BR,1,35,14.64000
26.5780,453,3,30,0.03000,FL,0,27,14.40000
26.5780,453,3,30,0.03000,BL,0,20,14.19000
26.5780,453,3,30,0.03000,FR,0,12,13.95000
26.5780,453,3,30,0.03000,BR,0,5,13.74000
26.5780,453,3,30,0.03000,BR,1,35,14.64000
26.5860,454,4,30,0.03000,FL,0,26,14.40000
26.5860,454,4,30,0.03000,BL,0,19,14.19000
26.5860,454,4,30,0.03000,FR,0,11,13.95000
26.5860,454,4,30,0.03000,BR,0,4,13.74000
26.5860,454,4,30,0.03000,BR,1,34,14.64000
26.5980,454,4,30,0.03000,FL,0,26,14.40000
26.5980,454,4,30,0.03000,BL,0,19,14.19000
26.5980,454,4,30,0.03000,FR,0,11,13.95000
26.5980,454,4,30,0.03000,BR,0,4,13.74000
26.5980,454,4,30,0.03000,BR,1,34,14.64000
26.6060,454,4,30,0.03000,FL,0,26,14.40000
26.6060,454,4,30,0.03000,BL,0,19,14.19000
26.6060,454,4,30,0.03000,FR,0,11,13.95000
26.6060,454,4,30,0.03000,BR,0,4,13.74000
26.6060,454,4,30,0.03000,BR,1,34,14.64000
26.6160,455,5,30,0.03000,FL,0,25,14.40000
26.6160,455,5,30,0.03000,BL,0,18,14.19000
26.6160,455,5,30,0.03000,FR,0,10,13.95000
26.6160,455,5,30,0.03000,BR,0,3,13.74000
26.6160,455,5,30,0.03000,BR,1,33,14.64000
26.6260,455,5,30,0.03000,FL,0,25,14.40000
26.6260,455,5,30,0.03000,BL,0,18,14.19000
26.6260,455,5,30,0.03000,FR,0,10,13.95000
26.6260,455,5,30,0.03000,BR,0,3,13.74000
26.6260,455,5,30,0.03000,BR,1,33,14.64000
26.6500,456,6,30,0.03000,FL,0,24,14.40000
26.6500,456,6,30,0.03000,BL,0,17,14.19000
26.6500,456,6,30,0.03000,FR,0,9,13.95000
26.6500,456,6,30,0.03000,FR,1,39,14.85000
26.6500,456,6,30,0.03000,BR,0,2,13.74000
26.6500,456,6,30,0.03000,BR,1,32,14.64000
26.6620,456,6,30,0.03000,FL,0,24,14.40000
26.6620,456,6,30,0.03000,BL,0,17,14.19000
26.6620,456,6,30,0.03000,FR,0,9,13.95000
26.6620,456,6,30,0.03000,FR,1,39,14.85000
26.6620,456,6,30,0.03000,BR,0,2,13.74000
26.6620,456,6,30,0.03000,BR,1,32,14.64000
26.6740,457,7,30,0.03000,FL,0,23,14.40000
26.6740,457,7,30,0.03000,BL,0,16,14.19000
26.6740,457,7,30,0.03000,FR,0,8,13.95000
26.6740,457,7,30,0.03000,FR,1,38,14.85000
26.6740,457,7,30,0.03000,BR,0,1,13.74000
26.6740,457,7,30,0.03000,BR,1,31,14.64000
26.6920,457,7,30,0.03000,FL,0,23,14.40000
26.6920,457,7,30,0.03000,BL,0,16,14.19000
26.6920,457,7,30,0.03000,FR,0,8,13.95000
26.6920,457,7,30,0.03000,FR,1,38,14.85000
26.6920,457,7,30,0.03000,BR,0,1,13.74000
26.6920,457,7,30,0.03000,BR,1,31,14.64000
26.7020,458,8,30,0.03000,FL,0,22,14.40000
26.7020,458,8,30,0.03000,BL,0,15,14.19000
26.7020,458,8,30,0.03000,FR,0,7,13.95000
26.7020,458,8,30,0.03000,FR,1,37,14.85000
26.7020,458,8,30,0.03000,BR,0,30,14.64000
26.7120,458,8,30,0.03000,FL,0,22,14.40000
26.7120,458,8,30,0.03000,BL,0,15,14.19000
26.7120,458,8,30,0.03000,FR,0,7,13.95000
26.7120,458,8,30,0.03000,FR,1,37,14.85000
26.7120,458,8,30,0.03000,BR,0,30,14.64000
26.7220,458,8,30,0.03000,FL,0,22,14.40000
26.7220,458,8,30,0.03000,BL,0,15,14.19000
26.7220,458,8,30,0.03000,FR,0,7,13.95000
26.7220,458,8,30,0.03000,FR,1,37,14.85000
26.7220,458,8,30,0.03000,BR,0,30,14.64000
26.7320,459,9,30,0.03000,FL,0,21,14.40000
26.7320,459,9,30,0.03000,BL,0,14,14.19000
26.7320,459,9,30,0.03000,FR,0,6,13.95000
26.7320,459,9,30,0.03000,FR,1,36,14.85000
26.7320,459,9,30,0.03000,BR,0,29,14.64000
26.7420,459,9,30,0.03000,FL,0,21,14.40000
26.7420,459,9,30,0.03000,BL,0,14,14.19000
26.7420,459,9,30,0.03000,FR,0,6,13.95000
26.7420,459,9,30,0.03000,FR,1,36,14.85000
26.7420,459,9,30,0.03000,BR,0,29,14.64000
26.7500,459,9,30,0.03000,FL,0,21,14.40000
26.7500,459,9,30,0.03000,BL,0,14,14.19000
26.7500,459,9,30,0.03000,FR,0,6,13.95000
26.7500,459,9,30,0.03000,FR,1,36,14.85000
26.7500,459,9,30,0.03000,BR,0,29,14.64000
26.7600,460,10,30,0.03000,FL,0,20,14.40000
26.7600,460,10,30,0.03000,BL,0,13,14.19000
26.7600,460,10,30,0.03000,FR,0,5,13.95000
26.7600,460,10,30,0.03000,FR,1,35,14.85000
26.7600,460,10,30,0.03000,BR,0,28,14.64000
26.7700,460,10,30,0.03000,FL,0,20,14.40000
26.7700,460,10,30,0.03000,BL,0,13,14.19000
26.7700,460,10,30,0.03000,FR,0,5,13.95000
26.7700,460,10,30,0.03000,FR,1,35,14.85000
26.7700,460,10,30,0.03000,BR,0,28,14.64000
26.7800,460,10,30,0.03000,FL,0,20,14.40000
26.7800,460,10,30,0.03000,BL,0,13,14.19000
26.7800,460,10,30,0.03000,FR,0,5,13.95000
26.7800,460,10,30,0.03000,FR,1,35,14.85000
26.7800,460,10,30,0.03000,BR,0,28,14.64000
26.7900,461,11,30,0.03000,FL,0,19,14.40000
26.7900,461,11,30,0.03000,BL,0,12,14.19000
26.7900,461,11,30,0.03000,FR,0,4,13.95000
26.7900,461,11,30,0.03000,FR,1,34,14.85000
26.7900,461,11,30,0.03000,BR,0,27,14.64000
26.8000,461,11,30,0.03000,FL,0,19,14.40000
26.8000,461,11,30,0.03000,BL,0,12,14.19000
26.8000,461,11,30,0.03000,FR,0,4,13.95000
26.8000,461,11,30,0.03000,FR,1,34,14.85000
26.8000,461,11,30,0.03000,BR,0,27,14.64000
26.8100,461,11,30,0.03000,FL,0,19,14.40000
26.8100,461,11,30,0.03000,BL,0,12,14.19000
26.8100,461,11,30,0.03000,FR,0,4,13.95000
26.8100,461,11,30,0.03000,FR,1,34,14.85000
26.8100,461,11,30,0.03000,BR,0,27,14.64000
26.8180,461,11,30,0.03000,FL,0,19,14.40000
26.8180,461,11,30,0.03000,BL,0,12,14.19000
26.8180,461,11,30,0.03000,FR,0,4,13.95000
26.8180,461,11,30,0.03000,FR,1,34,14.85000
26.8180,461,11,30,0.03000,BR,0,27,14.64000
26.8280,462,12,30,0.03000,FL,0,18,14.40000
26.8280,462,12,30,0.03000,BL,0,11,14.19000
26.8280,462,12,30,0.03000,FR,0,3,13.95000
26.8280,462,12,30,0.03000,FR,1,33,14.85000
26.8280,462,12,30,0.03000,BR,0,26,14.64000
26.8380,462,12,30,0.03000,FL,0,18,14.40000
26.8380,462,12,30,0.03000,BL,0,11,14.19000
26.8380,462,12,30,0.03000,FR,0,3,13.95000
26.8380,462,12,30,0.03000,FR,1,33,14.85000
26.8380,462,12,30,0.03000,BR,0,26,14.64000
26.8480,462,12,30,0.03000,FL,0,18,14.40000
26.8480,462,12,30,0.03000,BL,0,11,14.19000
26.8480,462,12,30,0.03000,FR,0,3,13.95000
26.8480,462,12,30,0.03000,FR,1,33,14.85000
26.8480,462,12,30,0.03000,BR,0,26,14.64000
26.8580,463,13,30,0.03000,FL,0,17,14.40000
26.8580,463,13,30,0.03000,BL,0,10,14.19000
26.8580,463,13,30,0.03000,FR,0,2,13.95000
26.8580,463,13,30,0.03000,FR,1,32,14.85000
26.8580,463,13,30,0.03000,BR,0,25,14.64000
26.8680,463,13,30,0.03000,FL,0,17,14.40000
26.8680,463,13,30,0.03000,BL,0,10,14.19000
26.8680,463,13,30,0.03000,FR,0,2,13.95000
26.8680,463,13,30,0.03000,FR,1,32,14.85000
26.8680,463,13,30,0.03000,BR,0,25,14.64000
26.8780,463,13,30,0.03000,FL,0,17,14.40000
26.8780,463,13,30,0.03000,BL,0,10,14.19000
26.8780,463,13,30,0.03000,FR,0,2,13.95000
26.8780,463,13,30,0.03000,FR,1,32,14.85000
26.8780,463,13,30,0.03000,BR,0,25,14.64000
26.8860,464,14,30,0.03000,FL,0,16,14.40000
26.8860,464,14,30,0.03000,BL,0,9,14.19000
26.8860,464,14,30,0.03000,BL,1,39,15.09000
26.8860,464,14,30,0.03000,FR,0,1,13.95000
26.8860,464,14,30,0.03000,FR,1,31,14.85000
26.8860,464,14,30,0.03000,BR,0,24,14.64000
26.8980,464,14,30,0.03000,FL,0,16,14.40000
26.8980,464,14,30,0.03000,BL,0,9,14.19000
26.8980,464,14,30,0.03000,BL,1,39,15.09000
26.8980,464,14,30,0.03000,FR,0,1,13.95000
26.8980,464,14,30,0.03000,FR,1,31,14.85000
26.8980,464,14,30,0.03000,BR,0,24,14.64000
26.9060,464,14,30,0.03000,FL,0,16,14.40000
26.9060,464,14,30,0.03000,BL,0,9,14.19000
26.9060,464,14,30,0.03000,BL,1,39,15.09000
26.9060,464,14,30,0.03000,FR,0,1,13.95000
26.9060,464,14,30,0.03000,FR,1,31,14.85000
26.9060,464,14,30,0.03000,BR,0,24,14.64000
26.9160,465,15,30,0.03000,FL,0,15,14.40000
26.9160,465,15,30,0.03000,BL,0,8,14.19000
26.9160,465,15,30,0.03000,BL,1,38,15.09000
26.9160,465,15,30,0.03000,FR,0,30,14.85000
26.9160,465,15,30,0.03000,BR,0,23,14.64000
26.9360,465,15,30,0.03000,FL,0,15,14.40000
26.9360,465,15,30,0.03000,BL,0,8,14.19000
26.9360,465,15,30,0.03000,BL,1,38,15.09000
26.9360,465,15,30,0.03000,FR,0,30,14.85000
26.9360,465,15,30,0.03000,BR,0,23,14.64000
26.9460,466,16,30,0.03000,FL,0,14,14.40000
26.9460,466,16,30,0.03000,BL,0,7,14.19000
26.9460,466,16,30,0.03000,BL,1,37,15.09000
26.9460,466,16,30,0.03000,FR,0,29,14.85000
26.9460,466,16,30,0.03000,BR,0,22,14.64000
26.9540,466,16,30,0.03000,FL,0,14,14.40000
26.9540,466,16,30,0.03000,BL,0,7,14.19000
26.9540,466,16,30,0.03000,BL,1,37,15.09000
26.9540,466,16,30,0.03000,FR,0,29,14.85000
26.9540,466,16,30,0.03000,BR,0,22,14.64000
26.9640,466,16,30,0.03000,FL,0,14,14.40000
26.9660,466,16,30,0.03000,BL,0,7,14.19000
26.9660,466,16,30,0.03000,BL,1,37,15.09000
26.9660,466,16,30,0.03000,FR,0,29,14.85000
26.9660,466,16,30,0.03000,BR,0,22,14.64000
26.9740,467,17,30,0.03000,FL,0,13,14.40000
26.9740,467,17,30,0.03000,BL,0,6,14.19000
26.9740,467,17,30,0.03000,BL,1,36,15.09000
26.9740,467,17,30,0.03000,FR,0,28,14.85000
26.9740,467,17,30,0.03000,BR,0,21,14.64000
26.9840,467,17,30,0.03000,FL,0,13,14.40000
26.9840,467,17,30,0.03000,BL,0,6,14.19000
26.9840,467,17,30,0.03000,BL,1,36,15.09000
26.9840,467,17,30,0.03000,FR,0,28,14.85000
26.9840,467,17,30,0.03000,BR,0,21,14.64000
26.9940,467,17,30,0.03000,FL,0,13,14.40000
26.9940,467,17,30,0.03000,BL,0,6,14.19000
26.9940,467,17,30,0.03000,BL,1,36,15.09000
26.9940,467,17,30,0.03000,FR,0,28,14.85000
26.9940,467,17,30,0.03000,BR,0,21,14.64000
27.0020,468,18,30,0.03000,FL,0,12,14.40000
27.0020,468,18,30,0.03000,BL,0,5,14.19000
27.0020,468,18,30,0.03000,BL,1,35,15.09000
27.0020,468,18,30,0.03000,FR,0,27,14.85000
27.0020,468,18,30,0.03000,BR,0,20,14.64000
27.0120,468,18,30,0.03000,FL,0,12,14.40000
27.0120,468,18,30,0.03000,BL,0,5,14.19000
27.0120,468,18,30,0.03000,BL,1,35,15.09000
27.0120,468,18,30,0.03000,FR,0,27,14.85000
27.0120,468,18,30,0.03000,BR,0,20,14.64000
27.0220,468,18,30,0.03000,FL,0,12,14.40000
27.0220,468,18,30,0.03000,BL,0,5,14.19000
27.0220,468,18,30,0.03000,BL,1,35,15.09000
27.0220,468,18,30,0.03000,FR,0,27,14.85000
27.0220,468,18,30,0.03000,BR,0,20,14.64000
27.0320,469,19,30,0.03000,FL,0,11,14.40000
27.0320,469,19,30,0.03000,BL,0,4,14.19000
27.0320,469,19,30,0.03000,BL,1,34,15.09000
27.0320,469,19,30,0.03000,FR,0,26,14.85000
27.0320,469,19,30,0.03000,BR,0,19,14.64000
27.0400,469,19,30,0.03000,FL,0,11,14.40000
27.0400,469,19,30,0.03000,BL,0,4,14.19000
27.0400,469,19,30,0.03000,BL,1,34,15.09000
27.0400,469,19,30,0.03000,FR,0,26,14.85000
27.0400,469,19,30,0.03000,BR,0,19,14.64000
27.0500,469,19,30,0.03000,FL,0,11,14.40000
27.0500,469,19,30,0.03000,BL,0,4,14.19000
27.0500,469,19,30,0.03000,BL,1,34,15.09000
27.0500,469,19,30,0.03000,FR,0,26,14.85000
27.0500,469,19,30,0.03000,BR,0,19,14.64000
27.0600,470,20,30,0.03000,FL,0,10,14.40000
27.0600,470,20,30,0.03000,BL,0,3,14.19000
27.0600,470,20,30,0.03000,BL,1,33,15.09000
27.0600,470,20,30,0.03000,FR,0,25,14.85000
27.0600,470,20,30,0.03000,BR,0,18,14.64000
27.0700,470,20,30,0.03000,FL,0,10,14.40000
27.0700,470,20,30,0.03000,BL,0,3,14.19000
27.0700,470,20,30,0.03000,BL,1,33,15.09000
27.0700,470,20,30,0.03000,FR,0,25,14.85000
27.0700,470,20,30,0.03000,BR,0,18,14.64000
27.0780,470,20,30,0.03000,FL,0,10,14.40000
27.0780,470,20,30,0.03000,BL,0,3,14.19000
27.0780,470,20,30,0.03000,BL,1,33,15.09000
27.0780,470,20,30,0.03000,FR,0,25,14.85000
27.0780,470,20,30,0.03000,BR,0,18,14.64000
27.0880,470,20,30,0.03000,FL,0,10,14.40000
27.0880,470,20,30,0.03000,BL,0,3,14.19000
27.0880,470,20,30,0.03000,BL,1,33,15.09000
27.0880,470,20,30,0.03000,FR,0,25,14.85000
27.0880,470,20,30,0.03000,BR,0,18,14.64000
27.0980,471,21,30,0.03000,FL,0,9,14.40000
27.0980,471,21,30,0.03000,FL,1,39,15.30000
27.0980,471,21,30,0.03000,BL,0,2,14.19000
27.0980,471,21,30,0.03000,BL,1,32,15.09000
27.0980,471,21,30,0.03000,FR,0,24,14.85000
27.0980,471,21,30,0.03000,BR,0,17,14.64000
27.1080,471,21,30,0.03000,FL,0,9,14.40000
27.1080,471,21,30,0.03000,FL,1,39,15.30000
27.1080,471,21,30,0.03000,BL,0,2,14.19000
27.1080,471,21,30,0.03000,BL,1,32,15.09000
27.1080,471,21,30,0.03000,FR,0,24,14.85000
27.1080,471,21,30,0.03000,BR,0,17,14.64000
27.1180,471,21,30,0.03000,FL,0,9,14.40000
27.1180,471,21,30,0.03000,FL,1,39,15.30000
27.1180,471,21,30,0.03000,BL,0,2,14.19000
27.1180,471,21,30,0.03000,BL,1,32,15.09000
27.1180,471,21,30,0.03000,FR,0,24,14.85000
27.1180,471,21,30,0.03000,BR,0,17,14.64000
27.1280,472,22,30,0.03000,FL,0,8,14.40000
27.1280,472,22,30,0.03000,FL,1,38,15.30000
27.1280,472,22,30,0.03000,BL,0,1,14.19000
27.1280,472,22,30,0.03000,BL,1,31,15.09000
27.1280,472,22,30,0.03000,FR,0,23,14.85000
27.1280,472,22,30,0.03000,BR,0,16,14.64000
27.1500,473,23,30,0.03000,FL,0,7,14.40000
27.1500,473,23,30,0.03000,FL,1,37,15.30000
27.1500,473,23,30,0.03000,BL,0,30,15.09000
27.1500,473,23,30,0.03000,FR,0,22,14.85000
27.1500,473,23,30,0.03000,BR,0,15,14.64000
27.1600,473,23,30,0.03000,FL,0,7,14.40000
27.1600,473,23,30,0.03000,FL,1,37,15.30000
27.1600,473,23,30,0.03000,BL,0,30,15.09000
27.1600,473,23,30,0.03000,FR,0,22,14.85000
27.1600,473,23,30,0.03000,BR,0,15,14.64000
27.1720,473,23,30,0.03000,FL,0,7,14.40000
27.1720,473,23,30,0.03000,FL,1,37,15.30000
27.1720,473,23,30,0.03000,BL,0,30,15.09000
27.1720,473,23,30,0.03000,FR,0,22,14.85000
27.1720,473,23,30,0.03000,BR,0,15,14.64000
27.1840,474,24,30,0.03000,FL,0,6,14.40000
27.1840,474,24,30,0.03000,FL,1,36,15.30000
27.1840,474,24,30,0.03000,BL,0,29,15.09000
27.1840,474,24,30,0.03000,FR,0,21,14.85000
27.1840,474,24,30,0.03000,BR,0,14,14.64000
27.1920,474,24,30,0.03000,FL,0,6,14.40000
27.1920,474,24,30,0.03000,FL,1,36,15.30000
27.1920,474,24,30,0.03000,BL,0,29,15.09000
27.1920,474,24,30,0.03000,FR,0,21,14.85000
27.1920,474,24,30,0.03000,BR,0,14,14.64000
27.2020,474,24,30,0.03000,FL,0,6,14.40000
27.2020,474,24,30,0.03000,FL,1,36,15.30000
27.2020,474,24,30,0.03000,BL,0,29,15.09000
27.2020,474,24,30,0.03000,FR,0,21,14.85000
27.2020,474,24,30,0.03000,BR,0,14,14.64000
27.2120,475,25,30,0.03000,FL,0,5,14.40000
27.2120,475,25,30,0.03000,FL,1,35,15.30000
27.2120,475,25,30,0.03000,BL,0,28,15.09000
27.2120,475,25,30,0.03000,FR,0,20,14.85000
27.2120,475,25,30,0.03000,BR,0,13,14.64000
27.2220,475,25,30,0.03000,FL,0,5,14.40000
27.2220,475,25,30,0.03000,FL,1,35,15.30000
27.2220,475,25,30,0.03000,BL,0,28,15.09000
27.2220,475,25,30,0.03000,FR,0,20,14.85000
27.2220,475,25,30,0.03000,BR,0,13,14.64000
27.2320,475,25,30,0.03000,FL,0,5,14.40000
27.2320,475,25,30,0.03000,FL,1,35,15.30000
27.2320,475,25,30,0.03000,BL,0,28,15.09000
27.2320,475,25,30,0.03000,FR,0,20,14.85000
27.2320,475,25,30,0.03000,BR,0,13,14.64000
27.2420,476,26,30,0.03000,FL,0,4,14.40000
27.2420,476,26,30,0.03000,FL,1,34,15.30000
27.2420,476,26,30,0.03000,BL,0,27,15.09000
27.2420,476,26,30,0.03000,FR,0,19,14.85000
27.2420,476,26,30,0.03000,BR,0,12,14.64000
27.2500,476,26,30,0.03000,FL,0,4,14.40000
27.2500,476,26,30,0.03000,FL,1,34,15.30000
27.2500,476,26,30,0.03000,BL,0,27,15.09000
27.2500,476,26,30,0.03000,FR,0,19,14.85000
27.2500,476,26,30,0.03000,BR,0,12,14.64000
27.2600,476,26,30,0.03000,FL,0,4,14.40000
27.2600,476,26,30,0.03000,FL,1,34,15.30000
27.2600,476,26,30,0.03000,BL,0,27,15.09000
27.2600,476,26,30,0.03000,FR,0,19,14.85000
27.2600,476,26,30,0.03000,BR,0,12,14.64000
27.2700,477,27,30,0.03000,FL,0,3,14.40000
27.2700,477,27,30,0.03000,FL,1,33,15.30000
27.2700,477,27,30,0.03000,BL,0,26,15.09000
27.2700,477,27,30,0.03000,FR,0,18,14.85000
27.2700,477,27,30,0.03000,BR,0,11,14.64000
27.2800,477,27,30,0.03000,FL,0,3,14.40000
27.2800,477,27,30,0.03000,FL,1,33,15.30000
27.2800,477,27,30,0.03000,BL,0,26,15.09000
27.2800,477,27,30,0.03000,FR,0,18,14.85000
27.2800,477,27,30,0.03000,BR,0,11,14.64000
27.2900,477,27,30,0.03000,FL,0,3,14.40000
27.2900,477,27,30,0.03000,FL,1,33,15.30000
27.2900,477,27,30,0.03000,BL,0,26,15.09000
27.2900,477,27,30,0.03000,FR,0,18,14.85000
27.2900,477,27,30,0.03000,BR,0,11,14.64000
27.2980,477,27,30,0.03000,FL,0,3,14.40000
27.2980,477,27,30,0.03000,FL,1,33,15.30000
27.2980,477,27,30,0.03000,BL,0,26,15.09000
27.2980,477,27,30,0.03000,FR,0,18,14.85000
27.2980,477,27,30,0.03000,BR,0,11,14.64000
27.3080,478,28,30,0.03000,FL,0,2,14.40000
27.3080,478,28,30,0.03000,FL,1,32,15.30000
27.3080,478,28,30,0.03000,BL,0,25,15.09000
27.3080,478,28,30,0.03000,FR,0,17,14.85000
27.3080,478,28,30,0.03000,BR,0,10,14.64000
27.3180,478,28,30,0.03000,FL,0,2,14.40000
27.3180,478,28,30,0.03000,FL,1,32,15.30000
27.3180,478,28,30,0.03000,BL,0,25,15.09000
27.3180,478,28,30,0.03000,FR,0,17,14.85000
27.3180,478,28,30,0.03000,BR,0,10,14.64000
27.3280,478,28,30,0.03000,FL,0,2,14.40000
27.3280,478,28,30,0.03000,FL,1,32,15.30000
27.3280,478,28,30,0.03000,BL,0,25,15.09000
27.3280,478,28,30,0.03000,FR,0,17,14.85000
27.3280,478,28,30,0.03000,BR,0,10,14.64000
27.3360,479,29,30,0.03000,FL,0,1,14.40000
27.3360,479,29,30,0.03000,FL,1,31,15.30000
27.3360,479,29,30,0.03000,BL,0,24,15.09000
27.3360,479,29,30,0.03000,FR,0,16,14.85000
27.3360,479,29,30,0.03000,BR,0,9,14.64000
27.3360,479,29,30,0.03000,BR,1,39,15.54000
27.3460,479,29,30,0.03000,FL,0,1,14.40000
27.3460,479,29,30,0.03000,FL,1,31,15.30000
27.3460,479,29,30,0.03000,BL,0,24,15.09000
27.3460,479,29,30,0.03000,FR,0,16,14.85000
27.3460,479,29,30,0.03000,BR,0,9,14.64000
27.3460,479,29,30,0.03000,BR,1,39,15.54000
27.3560,479,29,30,0.03000,FL,0,1,14.40000
27.3560,479,29,30,0.03000,FL,1,31,15.30000
27.3560,479,29,30,0.03000,BL,0,24,15.09000
27.3560,479,29,30,0.03000,FR,0,16,14.85000
27.3560,479,29,30,0.03000,BR,0,9,14.64000
27.3560,479,29,30,0.03000,BR,1,39,15.54000
27.3660,480,0,30,0.03000,FL,0,30,15.30000
27.3660,480,0,30,0.03000,BL,0,23,15.09000
27.3660,480,0,30,0.03000,FR,0,15,14.85000
27.3660,480,0,30,0.03000,BR,0,8,14.64000
27.3660,480,0,30,0.03000,BR,1,38,15.54000
27.3860,480,0,30,0.03000,FL,0,30,15.30000
27.3860,480,0,30,0.03000,BL,0,23,15.09000
27.3860,480,0,30,0.03000,FR,0,15,14.85000
27.3860,480,0,30,0.03000,BR,0,8,14.64000
27.3860,480,0,30,0.03000,BR,1,38,15.54000
27.3940,481,1,30,0.03000,FL,0,29,15.30000
27.3940,481,1,30,0.03000,BL,0,22,15.09000
27.3940,481,1,30,0.03000,FR,0,14,14.85000
27.3940,481,1,30,0.03000,BR,0,7,14.64000
27.3940,481,1,30,0.03000,BR,1,37,15.54000
27.4040,481,1,30,0.03000,FL,0,29,15.30000
27.4040,481,1,30,0.03000,BL,0,22,15.09000
27.4040,481,1,30,0.03000,FR,0,14,14.85000
27.4040,481,1,30,0.03000,BR,0,7,14.64000
27.4040,481,1,30,0.03000,BR,1,37,15.54000
27.4140,481,1,30,0.03000,FL,0,29,15.30000
27.4140,481,1,30,0.03000,BL,0,22,15.09000
27.4140,481,1,30,0.03000,FR,0,14,14.85000
27.4140,481,1,30,0.03000,BR,0,7,14.64000
27.4140,481,1,30,0.03000,BR,1,37,15.54000
27.4240,482,2,30,0.03000,FL,0,28,15.30000
27.4240,482,2,30,0.03000,BL,0,21,15.09000
27.4240,482,2,30,0.03000,FR,0,13,14.85000
27.4240,482,2,30,0.03000,BR,0,6,14.64000
27.4240,482,2,30,0.03000,BR,1,36,15.54000
27.4360,482,2,30,0.03000,FL,0,28,15.30000
27.4360,482,2,30,0.03000,BL,0,21,15.09000
27.4360,482,2,30,0.03000,FR,0,13,14.85000
27.4360,482,2,30,0.03000,BR,0,6,14.64000
27.4360,482,2,30,0.03000,BR,1,36,15.54000
27.4460,482,2,30,0.03000,FL,0,28,15.30000
27.4460,482,2,30,0.03000,BL,0,21,15.09000
27.4460,482,2,30,0.03000,FR,0,13,14.85000
27.4460,482,2,30,0.03000,BR,0,6,14.64000
27.4460,482,2,30,0.03000,BR,1,36,15.54000
27.4560,483,3,30,0.03000,FL,0,27,15.30000
27.4560,483,3,30,0.03000,BL,0,20,15.09000
27.4560,483,3,30,0.03000,FR,0,12,14.85000
27.4560,483,3,30,0.03000,BR,0,5,14.64000
27.4560,483,3,30,0.03000,BR,1,35,15.54000
27.4660,483,3,30,0.03000,FL,0,27,15.30000
27.4660,483,3,30,0.03000,BL,0,20,15.09000
27.4660,483,3,30,0.03000,FR,0,12,14.85000
27.4660,483,3,30,0.03000,BR,0,5,14.64000
27.4660,483,3,30,0.03000,BR,1,35,15.54000
27.4760,483,3,30,0.03000,FL,0,27,15.30000
27.4760,483,3,30,0.03000,BL,0,20,15.09000
27.4760,483,3,30,0.03000,FR,0,12,14.85000
27.4760,483,3,30,0.03000,BR,0,5,14.64000
27.4760,483,3,30,0.03000,BR,1,35,15.54000
27.4860,484,4,30,0.03000,FL,0,26,15.30000
27.4860,484,4,30,0.03000,BL,0,19,15.09000
27.4860,484,4,30,0.03000,FR,0,11,14.85000
27.4860,484,4,30,0.03000,BR,0,4,14.64000
27.4860,484,4,30,0.03000,BR,1,34,15.54000
27.4960,484,4,30,0.03000,FL,0,26,15.30000
27.4960,484,4,30,0.03000,BL,0,19,15.09000
27.4960,484,4,30,0.03000,FR,0,11,14.85000
27.4960,484,4,30,0.03000,BR,0,4,14.64000
27.4960,484,4,30,0.03000,BR,1,34,15.54000
27.5060,484,4,30,0.03000,FL,0,26,15.30000
27.5060,484,4,30,0.03000,BL,0,19,15.09000
27.5060,484,4,30,0.03000,FR,0,11,14.85000
27.5060,484,4,30,0.03000,BR,0,4,14.64000
27.5060,484,4,30,0.03000,BR,1,34,15.54000
27.5160,485,5,30,0.03000,FL,0,25,15.30000
27.5160,485,5,30,0.03000,BL,0,18,15.09000
27.5160,485,5,30,0.03000,FR,0,10,14.85000
27.5160,485,5,30,0.03000,BR,0,3,14.64000
27.5160,485,5,30,0.03000,BR,1,33,15.54000
27.5260,485,5,30,0.03000,FL,0,25,15.30000
27.5260,485,5,30,0.03000,BL,0,18,15.09000
27.5260,485,5,30,0.03000,FR,0,10,14.85000
27.5260,485,5,30,0.03000,BR,0,3,14.64000
27.5260,485,5,30,0.03000,BR,1,33,15.54000
27.5340,485,5,30,0.03000,FL,0,25,15.30000
27.5340,485,5,30,0.03000,BL,0,18,15.09000
27.5340,485,5,30,0.03000,FR,0,10,14.85000
27.5340,485,5,30,0.03000,BR,0,3,14.64000
27.5340,485,5,30,0.03000,BR,1,33,15.54000
27.5460,486,6,30,0.03000,FL,0,24,15.30000
27.5460,486,6,30,0.03000,BL,0,17,15.09000
27.5460,486,6,30,0.03000,FR,0,9,14.85000
27.5460,486,6,30,0.03000,FR,1,39,15.75000
27.5460,486,6,30,0.03000,BR,0,2,14.64000
27.5460,486,6,30,0.03000,BR,1,32,15.54000
27.5540,486,6,30,0.03000,FL,0,24,15.30000
27.5540,486,6,30,0.03000,BL,0,17,15.09000
27.5540,486,6,30,0.03000,FR,0,9,14.85000
27.5540,486,6,30,0.03000,FR,1,39,15.75000
27.5540,486,6,30,0.03000,BR,0,2,14.64000
27.5540,486,6,30,0.03000,BR,1,32,15.54000
27.5640,486,6,30,0.03000,FL,0,24,15.30000
27.5640,486,6,30,0.03000,BL,0,17,15.09000
27.5640,486,6,30,0.03000,FR,0,9,14.85000
27.5640,486,6,30,0.03000,FR,1,39,15.75000
27.5640,486,6,30,0.03000,BR,0,2,14.64000
27.5640,486,6,30,0.03000,BR,1,32,15.54000
27.5740,487,7,30,0.03000,FL,0,23,15.30000
27.5740,487,7,30,0.03000,BL,0,16,15.09000
27.5740,487,7,30,0.03000,FR,0,8,14.85000
27.5740,487,7,30,0.03000,FR,1,38,15.75000
27.5740,487,7,30,0.03000,BR,0,1,14.64000
27.5740,487,7,30,0.03000,BR,1,31,15.54000
27.5940,487,7,30,0.03000,FL,0,23,15.30000
27.5940,487,7,30,0.03000,BL,0,16,15.09000
27.5940,487,7,30,0.03000,FR,0,8,14.85000
27.5940,487,7,30,0.03000,FR,1,38,15.75000
27.5940,487,7,30,0.03000,BR,0,1,14.64000
27.5940,487,7,30,0.03000,BR,1,31,15.54000
27.6040,488,8,30,0.03000,FL,0,22,15.30000
27.6040,488,8,30,0.03000,BL,0,15,15.09000
27.6040,488,8,30,0.03000,FR,0,7,14.85000
27.6040,488,8,30,0.03000,FR,1,37,15.75000
27.6040,488,8,30,0.03000,BR,0,30,15.54000
27.6120,488,8,30,0.03000,FL,0,22,15.30000
27.6120,488,8,30,0.03000,BL,0,15,15.09000
27.6120,488,8,30,0.03000,FR,0,7,14.85000
27.6120,488,8,30,0.03000,FR,1,37,15.75000
27.6120,488,8,30,0.03000,BR,0,30,15.54000
27.6240,488,8,30,0.03000,FL,0,22,15.30000
27.6240,488,8,30,0.03000,BL,0,15,15.09000
27.6240,488,8,30,0.03000,FR,0,7,14.85000
27.6240,488,8,30,0.03000,FR,1,37,15.75000
27.6240,488,8,30,0.03000,BR,0,30,15.54000
27.6320,489,9,30,0.03000,FL,0,21,15.30000
27.6320,489,9,30,0.03000,BL,0,14,15.09000
27.6320,489,9,30,0.03000,FR,0,6,14.85000
27.6320,489,9,30,0.03000,FR,1,36,15.75000
27.6320,489,9,30,0.03000,BR,0,29,15.54000
27.6420,489,9,30,0.03000,FL,0,21,15.30000
27.6420,489,9,30,0.03000,BL,0,14,15.09000
27.6420,489,9,30,0.03000,FR,0,6,14.85000
27.6420,489,9,30,0.03000,FR,1,36,15.75000
27.6420,489,9,30,0.03000,BR,0,29,15.54000
27.6520,489,9,30,0.03000,FL,0,21,15.30000
27.6520,489,9,30,0.03000,BL,0,14,15.09000
27.6520,489,9,30,0.03000,FR,0,6,14.85000
27.6520,489,9,30,0.03000,FR,1,36,15.75000
27.6520,489,9,30,0.03000,BR,0,29,15.54000
27.6620,490,10,30,0.03000,FL,0,20,15.30000
27.6620,490,10,30,0.03000,BL,0,13,15.09000
27.6620,490,10,30,0.03000,FR,0,5,14.85000
27.6620,490,10,30,0.03000,FR,1,35,15.75000
27.6620,490,10,30,0.03000,BR,0,28,15.54000
27.6720,490,10,30,0.03000,FL,0,20,15.30000
27.6720,490,10,30,0.03000,BL,0,13,15.09000
27.6720,490,10,30,0.03000,FR,0,5,14.85000
27.6720,490,10,30,0.03000,FR,1,35,15.75000
27.6720,490,10,30,0.03000,BR,0,28,15.54000
27.6820,490,10,30,0.03000,FL,0,20,15.30000
27.6820,490,10,30,0.03000,BL,0,13,15.09000
27.6820,490,10,30,0.03000,FR,0,5,14.85000
27.6820,490,10,30,0.03000,FR,1,35,15.75000
27.6820,490,10,30,0.03000,BR,0,28,15.54000
27.6940,491,11,30,0.03000,FL,0,19,15.30000
27.6940,491,11,30,0.03000,BL,0,12,15.09000
27.6940,491,11,30,0.03000,FR,0,4,14.85000
27.6940,491,11,30,0.03000,FR,1,34,15.75000
27.6940,491,11,30,0.03000,BR,0,27,15.54000
27.7020,491,11,30,0.03000,FL,0,19,15.30000
27.7020,491,11,30,0.03000,BL,0,12,15.09000
27.7020,491,11,30,0.03000,FR,0,4,14.85000
27.7020,491,11,30,0.03000,FR,1,34,15.75000
27.7020,491,11,30,0.03000,BR,0,27,15.54000
27.7140,491,11,30,0.03000,FL,0,19,15.30000
27.7140,491,11,30,0.03000,BL,0,12,15.09000
27.7140,491,11,30,0.03000,FR,0,4,14.85000
27.7140,491,11,30,0.03000,FR,1,34,15.75000
27.7140,491,11,30,0.03000,BR,0,27,15.54000
27.7220,492,12,30,0.03000,FL,0,18,15.30000
27.7220,492,12,30,0.03000,BL,0,11,15.09000
27.7220,492,12,30,0.03000,FR,0,3,14.85000
27.7220,492,12,30,0.03000,FR,1,33,15.75000
27.7220,492,12,30,0.03000,BR,0,26,15.54000
27.7340,492,12,30,0.03000,FL,0,18,15.30000
27.7340,492,12,30,0.03000,BL,0,11,15.09000
27.7340,492,12,30,0.03000,FR,0,3,14.85000
27.7340,492,12,30,0.03000,FR,1,33,15.75000
27.7340,492,12,30,0.03000,BR,0,26,15.54000
27.7420,492,12,30,0.03000,FL,0,18,15.30000
27.7420,492,12,30,0.03000,BL,0,11,15.09000
27.7420,492,12,30,0.03000,FR,0,3,14.85000
27.7420,492,12,30,0.03000,FR,1,33,15.75000
27.7420,492,12,30,0.03000,BR,0,26,15.54000
27.7520,493,13,30,0.03000,FL,0,17,15.30000
27.7520,493,13,30,0.03000,BL,0,10,15.09000
27.7520,493,13,30,0.03000,FR,0,2,14.85000
27.7520,493,13,30,0.03000,FR,1,32,15.75000
27.7520,493,13,30,0.03000,BR,0,25,15.54000
27.7620,493,13,30,0.03000,FL,0,17,15.30000
27.7620,493,13,30,0.03000,BL,0,10,15.09000
27.7620,493,13,30,0.03000,FR,0,2,14.85000
27.7620,493,13,30,0.03000,FR,1,32,15.75000
27.7620,493,13,30,0.03000,BR,0,25,15.54000
27.7720,493,13,30,0.03000,FL,0,17,15.30000
27.7720,493,13,30,0.03000,BL,0,10,15.09000
27.7720,493,13,30,0.03000,FR,0,2,14.85000
27.7720,493,13,30,0.03000,FR,1,32,15.75000
27.7720,493,13,30,0.03000,BR,0,25,15.54000
27.7820,494,14,30,0.03000,FL,0,16,15.30000
27.7820,494,14,30,0.03000,BL,0,9,15.09000
27.7820,494,14,30,0.03000,BL,1,39,15.99000
27.7820,494,14,30,0.03000,FR,0,1,14.85000
27.7820,494,14,30,0.03000,FR,1,31,15.75000
27.7820,494,14,30,0.03000,BR,0,24,15.54000
27.7920,494,14,30,0.03000,FL,0,16,15.30000
27.7920,494,14,30,0.03000,BL,0,9,15.09000
27.7920,494,14,30,0.03000,BL,1,39,15.99000
27.7920,494,14,30,0.03000,FR,0,1,14.85000
27.7920,494,14,30,0.03000,FR,1,31,15.75000
27.7920,494,14,30,0.03000,BR,0,24,15.54000
27.8020,494,14,30,0.03000,FL,0,16,15.30000
27.8020,494,14,30,0.03000,BL,0,9,15.09000
27.8020,494,14,30,0.03000,BL,1,39,15.99000
27.8020,494,14,30,0.03000,FR,0,1,14.85000
27.8020,494,14,30,0.03000,FR,1,31,15.75000
27.8020,494,14,30,0.03000,BR,0,24,15.54000
27.8120,495,15,30,0.03000,FL,0,15,15.30000
27.8120,495,15,30,0.03000,BL,0,8,15.09000
27.8120,495,15,30,0.03000,BL,1,38,15.99000
27.8120,495,15,30,0.03000,FR,0,30,15.75000
27.8120,495,15,30,0.03000,BR,0,23,15.54000
27.8320,495,15,30,0.03000,FL,0,15,15.30000
27.8320,495,15,30,0.03000,BL,0,8,15.09000
27.8320,495,15,30,0.03000,BL,1,38,15.99000
27.8320,495,15,30,0.03000,FR,0,30,15.75000
27.8320,495,15,30,0.03000,BR,0,23,15.54000
27.8420,496,16,30,0.03000,FL,0,14,15.30000
27.8420,496,16,30,0.03000,BL,0,7,15.09000
27.8420,496,16,30,0.03000,BL,1,37,15.99000
27.8420,496,16,30,0.03000,FR,0,29,15.75000
27.8420,496,16,30,0.03000,BR,0,22,15.54000
27.8520,496,16,30,0.03000,FL,0,14,15.30000
27.8520,496,16,30,0.03000,BL,0,7,15.09000
27.8520,496,16,30,0.03000,BL,1,37,15.99000
27.8520,496,16,30,0.03000,FR,0,29,15.75000
27.8520,496,16,30,0.03000,BR,0,22,15.54000
27.8620,496,16,30,0.03000,FL,0,14,15.30000
27.8620,496,16,30,0.03000,BL,0,7,15.09000
27.8620,496,16,30,0.03000,BL,1,37,15.99000
27.8620,496,16,30,0.03000,FR,0,29,15.75000
27.8620,496,16,30,0.03000,BR,0,22,15.54000
27.8780,497,17,30,0.03000,FL,0,13,15.30000
27.8780,497,17,30,0.03000,BL,0,6,15.09000
27.8780,497,17,30,0.03000,BL,1,36,15.99000
27.8780,497,17,30,0.03000,FR,0,28,15.75000
27.8780,497,17,30,0.03000,BR,0,21,15.54000
27.8880,497,17,30,0.03000,FL,0,13,15.30000
27.8880,497,17,30,0.03000,BL,0,6,15.09000
27.8880,497,17,30,0.03000,BL,1,36,15.99000
27.8880,497,17,30,0.03000,FR,0,28,15.75000
27.8880,497,17,30,0.03000,BR,0,21,15.54000
27.9040,498,18,30,0.03000,FL,0,12,15.30000
27.9040,498,18,30,0.03000,BL,0,5,15.09000
27.9040,498,18,30,0.03000,BL,1,35,15.99000
27.9040,498,18,30,0.03000,FR,0,27,15.75000
27.9040,498,18,30,0.03000,BR,0,20,15.54000
27.9140,498,18,30,0.03000,FL,0,12,15.30000
27.9140,498,18,30,0.03000,BL,0,5,15.09000
27.9140,498,18,30,0.03000,BL,1,35,15.99000
27.9140,498,18,30,0.03000,FR,0,27,15.75000
27.9140,498,18,30,0.03000,BR,0,20,15.54000
27.9480,499,19,30,0.03000,FL,0,11,15.30000
27.9480,499,19,30,0.03000,BL,0,4,15.09000
27.9480,499,19,30,0.03000,BL,1,34,15.99000
27.9480,499,19,30,0.03000,FR,0,26,15.75000
27.9480,499,19,30,0.03000,BR,0,19,15.54000
27.9660,500,20,30,0.03000,FL,0,10,15.30000
27.9660,500,20,30,0.03000,BL,0,3,15.09000
27.9660,500,20,30,0.03000,BL,1,33,15.99000
27.9660,500,20,30,0.03000,FR,0,25,15.75000
27.9660,500,20,30,0.03000,BR,0,18,15.54000
27.9800,500,20,30,0.03000,FL,0,10,15.30000
27.9800,500,20,30,0.03000,BL,0,3,15.09000
27.9800,500,20,30,0.03000,BL,1,33,15.99000
27.9800,500,20,30,0.03000,FR,0,25,15.75000
27.9800,500,20,30,0.03000,BR,0,18,15.54000
27.9900,501,21,30,0.03000,FL,0,9,15.30000
27.9900,501,21,30,0.03000,FL,1,39,16.20000
27.9900,501,21,30,0.03000,BL,0,2,15.09000
27.9900,501,21,30,0.03000,BL,1,32,15.99000
27.9900,501,21,30,0.03000,FR,0,24,15.75000
27.9900,501,21,30,0.03000,BR,0,17,15.54000
28.0020,501,21,30,0.03000,FL,0,9,15.30000
28.0020,501,21,30,0.03000,FL,1,39,16.20000
28.0020,501,21,30,0.03000,BL,0,2,15.09000
28.0020,501,21,30,0.03000,BL,1,32,15.99000
28.0020,501,21,30,0.03000,FR,0,24,15.75000
28.0020,501,21,30,0.03000,BR,0,17,15.54000
28.0100,501,21,30,0.03000,FL,0,9,15.30000
28.0100,501,21,30,0.03000,FL,1,39,16.20000
28.0100,501,21,30,0.03000,BL,0,2,15.09000
28.0100,501,21,30,0.03000,BL,1,32,15.99000
28.0100,501,21,30,0.03000,FR,0,24,15.75000
28.0100,501,21,30,0.03000,BR,0,17,15.54000
28.0220,502,22,30,0.03000,FL,0,8,15.30000
28.0220,502,22,30,0.03000,FL,1,38,16.20000
28.0220,502,22,30,0.03000,BL,0,1,15.09000
28.0220,502,22,30,0.03000,BL,1,31,15.99000
28.0220,502,22,30,0.03000,FR,0,23,15.75000
28.0220,502,22,30,0.03000,BR,0,16,15.54000
28.0400,502,22,30,0.03000,FL,0,8,15.30000
28.0400,502,22,30,0.03000,FL,1,38,16.20000
28.0400,502,22,30,0.03000,BL,0,1,15.09000
28.0400,502,22,30,0.03000,BL,1,31,15.99000
28.0400,502,22,30,0.03000,FR,0,23,15.75000
28.0400,502,22,30,0.03000,BR,0,16,15.54000
28.0500,503,23,30,0.03000,FL,0,7,15.30000
28.0500,503,23,30,0.03000,FL,1,37,16.20000
28.0500,503,23,30,0.03000,BL,0,30,15.99000
28.0500,503,23,30,0.03000,FR,0,22,15.75000
28.0500,503,23,30,0.03000,BR,0,15,15.54000
28.0600,503,23,30,0.03000,FL,0,7,15.30000
28.0600,503,23,30,0.03000,FL,1,37,16.20000
28.0600,503,23,30,0.03000,BL,0,30,15.99000
28.0600,503,23,30,0.03000,FR,0,22,15.75000
28.0600,503,23,30,0.03000,BR,0,15,15.54000
28.0700,503,23,30,0.03000,FL,0,7,15.30000
28.0700,503,23,30,0.03000,FL,1,37,16.20000
28.0700,503,23,30,0.03000,BL,0,30,15.99000
28.0700,503,23,30,0.03000,FR,0,22,15.75000
28.0700,503,23,30,0.03000,BR,0,15,15.54000
28.0800,504,24,30,0.03000,FL,0,6,15.30000
28.0800,504,24,30,0.03000,FL,1,36,16.20000
28.0800,504,24,30,0.03000,BL,0,29,15.99000
28.0800,504,24,30,0.03000,FR,0,21,15.75000
28.0800,504,24,30,0.03000,BR,0,14,15.54000
28.0900,504,24,30,0.03000,FL,0,6,15.30000
28.0900,504,24,30,0.03000,FL,1,36,16.20000
28.0900,504,24,30,0.03000,BL,0,29,15.99000
28.0900,504,24,30,0.03000,FR,0,21,15.75000
28.0900,504,24,30,0.03000,BR,0,14,15.54000
28.1000,504,24,30,0.03000,FL,0,6,15.30000
28.1000,504,24,30,0.03000,FL,1,36,16.20000
28.1000,504,24,30,0.03000,BL,0,29,15.99000
28.1000,504,24,30,0.03000,FR,0,21,15.75000
28.1000,504,24,30,0.03000,BR,0,14,15.54000
28.1100,505,25,30,0.03000,FL,0,5,15.30000
28.1100,505,25,30,0.03000,FL,1,35,16.20000
28.1100,505,25,30,0.03000,BL,0,28,15.99000
28.1100,505,25,30,0.03000,FR,0,20,15.75000
28.1100,505,25,30,0.03000,BR,0,13,15.54000
28.1180,505,25,30,0.03000,FL,0,5,15.30000
28.1180,505,25,30,0.03000,FL,1,35,16.20000
28.1180,505,25,30,0.03000,BL,0,28,15.99000
28.1180,505,25,30,0.03000,FR,0,20,15.75000
28.1180,505,25,30,0.03000,BR,0,13,15.54000
28.1280,505,25,30,0.03000,FL,0,5,15.30000
28.1280,505,25,30,0.03000,FL,1,35,16.20000
28.1280,505,25,30,0.03000,BL,0,28,15.99000
28.1280,505,25,30,0.03000,FR,0,20,15.75000
28.1280,505,25,30,0.03000,BR,0,13,15.54000
28.1380,505,25,30,0.03000,FL,0,5,15.30000
28.1380,505,25,30,0.03000,FL,1,35,16.20000
28.1380,505,25,30,0.03000,BL,0,28,15.99000
28.1380,505,25,30,0.03000,FR,0,20,15.75000
28.1380,505,25,30,0.03000,BR,0,13,15.54000
28.1480,506,26,30,0.03000,FL,0,4,15.30000
28.1480,506,26,30,0.03000,FL,1,34,16.20000
28.1480,506,26,30,0.03000,BL,0,27,15.99000
28.1480,506,26,30,0.03000,FR,0,19,15.75000
28.1480,506,26,30,0.03000,BR,0,12,15.54000
28.1580,506,26,30,0.03000,FL,0,4,15.30000
28.1580,506,26,30,0.03000,FL,1,34,16.20000
28.1580,506,26,30,0.03000,BL,0,27,15.99000
28.1580,506,26,30,0.03000,FR,0,19,15.75000
28.1580,506,26,30,0.03000,BR,0,12,15.54000
28.1680,506,26,30,0.03000,FL,0,4,15.30000
28.1680,506,26,30,0.03000,FL,1,34,16.20000
28.1680,506,26,30,0.03000,BL,0,27,15.99000
28.1680,506,26,30,0.03000,FR,0,19,15.75000
28.1680,506,26,30,0.03000,BR,0,12,15.54000
28.1840,507,27,30,0.03000,FL,0,3,15.30000
28.1840,507,27,30,0.03000,FL,1,33,16.20000
28.1840,507,27,30,0.03000,BL,0,26,15.99000
28.1840,507,27,30,0.03000,FR,0,18,15.75000
28.1840,507,27,30,0.03000,BR,0,11,15.54000
28.1940,507,27,30,0.03000,FL,0,3,15.30000
28.1940,507,27,30,0.03000,FL,1,33,16.20000
28.1940,507,27,30,0.03000,BL,0,26,15.99000
28.1940,507,27,30,0.03000,FR,0,18,15.75000
28.1940,507,27,30,0.03000,BR,0,11,15.54000
28.2060,508,28,30,0.03000,FL,0,2,15.30000
28.2060,508,28,30,0.03000,FL,1,32,16.20000
28.2060,508,28,30,0.03000,BL,0,25,15.99000
28.2060,508,28,30,0.03000,FR,0,17,15.75000
28.2060,508,28,30,0.03000,BR,0,10,15.54000
28.2140,508,28,30,0.03000,FL,0,2,15.30000
28.2140,508,28,30,0.03000,FL,1,32,16.20000
28.2140,508,28,30,0.03000,BL,0,25,15.99000
28.2140,508,28,30,0.03000,FR,0,17,15.75000
28.2140,508,28,30,0.03000,BR,0,10,15.54000
28.2260,508,28,30,0.03000,FL,0,2,15.30000
28.2260,508,28,30,0.03000,FL,1,32,16.20000
28.2260,508,28,30,0.03000,BL,0,25,15.99000
28.2260,508,28,30,0.03000,FR,0,17,15.75000
28.2260,508,28,30,0.03000,BR,0,10,15.54000
28.2380,509,29,30,0.03000,FL,0,1,15.30000
28.2380,509,29,30,0.03000,FL,1,31,16.20000
28.2380,509,29,30,0.03000,BL,0,24,15.99000
28.2380,509,29,30,0.03000,FR,0,16,15.75000
28.2380,509,29,30,0.03000,BR,0,9,15.54000
28.2380,509,29,30,0.03000,BR,1,39,16.44000
28.2480,509,29,30,0.03000,FL,0,1,15.30000
28.2480,509,29,30,0.03000,FL,1,31,16.20000
28.2480,509,29,30,0.03000,BL,0,24,15.99000
28.2480,509,29,30,0.03000,FR,0,16,15.75000
28.2480,509,29,30,0.03000,BR,0,9,15.54000
28.2480,509,29,30,0.03000,BR,1,39,16.44000
28.2600,510,0,30,0.03000,FL,0,30,16.20000
28.2600,510,0,30,0.03000,BL,0,23,15.99000
28.2600,510,0,30,0.03000,FR,0,15,15.75000
28.2600,510,0,30,0.03000,BR,0,8,15.54000
28.2600,510,0,30,0.03000,BR,1,38,16.44000
28.2980,511,1,30,0.03000,FL,0,29,16.20000
28.2980,511,1,30,0.03000,BL,0,22,15.99000
28.2980,511,1,30,0.03000,FR,0,14,15.75000
28.2980,511,1,30,0.03000,BR,0,7,15.54000
28.2980,511,1,30,0.03000,BR,1,37,16.44000
28.3120,511,1,30,0.03000,FL,0,29,16.20000
28.3120,511,1,30,0.03000,BL,0,22,15.99000
28.3120,511,1,30,0.03000,FR,0,14,15.75000
28.3120,511,1,30,0.03000,BR,0,7,15.54000
28.3120,511,1,30,0.03000,BR,1,37,16.44000
28.3240,512,2,30,0.03000,FL,0,28,16.20000
28.3240,512,2,30,0.03000,BL,0,21,15.99000
28.3240,512,2,30,0.03000,FR,0,13,15.75000
28.3240,512,2,30,0.03000,BR,0,6,15.54000
28.3240,512,2,30,0.03000,BR,1,36,16.44000
28.3360,512,2,30,0.03000,FL,0,28,16.20000
28.3360,512,2,30,0.03000,BL,0,21,15.99000
28.3360,512,2,30,0.03000,FR,0,13,15.75000
28.3360,512,2,30,0.03000,BR,0,6,15.54000
28.3360,512,2,30,0.03000,BR,1,36,16.44000
28.3500,513,3,30,0.03000,FL,0,27,16.20000
28.3500,513,3,30,0.03000,BL,0,20,15.99000
28.3500,513,3,30,0.03000,FR,0,12,15.75000
28.3500,513,3,30,0.03000,BR,0,5,15.54000
28.3500,513,3,30,0.03000,BR,1,35,16.44000
28.3600,513,3,30,0.03000,FL,0,27,16.20000
28.3600,513,3,30,0.03000,BL,0,20,15.99000
28.3600,513,3,30,0.03000,FR,0,12,15.75000
28.3600,513,3,30,0.03000,BR,0,5,15.54000
28.3600,513,3,30,0.03000,BR,1,35,16.44000
28.3700,513,3,30,0.03000,FL,0,27,16.20000
28.3700,513,3,30,0.03000,BL,0,20,15.99000
28.3700,513,3,30,0.03000,FR,0,12,15.75000
28.3700,513,3,30,0.03000,BR,0,5,15.54000
28.3700,513,3,30,0.03000,BR,1,35,16.44000
28.3800,514,4,30,0.03000,FL,0,26,16.20000
28.3800,514,4,30,0.03000,BL,0,19,15.99000
28.3800,514,4,30,0.03000,FR,0,11,15.75000
28.3800,514,4,30,0.03000,BR,0,4,15.54000
28.3800,514,4,30,0.03000,BR,1,34,16.44000
28.3880,514,4,30,0.03000,FL,0,26,16.20000
28.3880,514,4,30,0.03000,BL,0,19,15.99000
28.3880,514,4,30,0.03000,FR,0,11,15.75000
28.3880,514,4,30,0.03000,BR,0,4,15.54000
28.3880,514,4,30,0.03000,BR,1,34,16.44000
28.4000,514,4,30,0.03000,FL,0,26,16.20000
28.4000,514,4,30,0.03000,BL,0,19,15.99000
28.4000,514,4,30,0.03000,FR,0,11,15.75000
28.4000,514,4,30,0.03000,BR,0,4,15.54000
28.4000,514,4,30,0.03000,BR,1,34,16.44000
28.4080,514,4,30,0.03000,FL,0,26,16.20000
28.4080,514,4,30,0.03000,BL,0,19,15.99000
28.4080,514,4,30,0.03000,FR,0,11,15.75000
28.4080,514,4,30,0.03000,BR,0,4,15.54000
28.4080,514,4,30,0.03000,BR,1,34,16.44000
28.4180,515,5,30,0.03000,FL,0,25,16.20000
28.4180,515,5,30,0.03000,BL,0,18,15.99000
28.4180,515,5,30,0.03000,FR,0,10,15.75000
28.4180,515,5,30,0.03000,BR,0,3,15.54000
28.4180,515,5,30,0.03000,BR,1,33,16.44000
28.4280,515,5,30,0.03000,FL,0,25,16.20000
28.4280,515,5,30,0.03000,BL,0,18,15.99000
28.4280,515,5,30,0.03000,FR,0,10,15.75000
28.4280,515,5,30,0.03000,BR,0,3,15.54000
28.4280,515,5,30,0.03000,BR,1,33,16.44000
28.4380,515,5,30,0.03000,FL,0,25,16.20000
28.4380,515,5,30,0.03000,BL,0,18,15.99000
28.4380,515,5,30,0.03000,FR,0,10,15.75000
28.4380,515,5,30,0.03000,BR,0,3,15.54000
28.4380,515,5,30,0.03000,BR,1,33,16.44000
28.4480,516,6,30,0.03000,FL,0,24,16.20000
28.4480,516,6,30,0.03000,BL,0,17,15.99000
28.4480,516,6,30,0.03000,FR,0,9,15.75000
28.4480,516,6,30,0.03000,FR,1,39,16.65000
28.4480,516,6,30,0.03000,BR,0,2,15.54000
28.4480,516,6,30,0.03000,BR,1,32,16.44000
28.4580,516,6,30,0.03000,FL,0,24,16.20000
28.4580,516,6,30,0.03000,BL,0,17,15.99000
28.4580,516,6,30,0.03000,FR,0,9,15.75000
28.4580,516,6,30,0.03000,FR,1,39,16.65000
28.4580,516,6,30,0.03000,BR,0,2,15.54000
28.4580,516,6,30,0.03000,BR,1,32,16.44000
28.4660,516,6,30,0.03000,FL,0,24,16.20000
28.4660,516,6,30,0.03000,BL,0,17,15.99000
28.4660,516,6,30,0.03000,FR,0,9,15.75000
28.4660,516,6,30,0.03000,FR,1,39,16.65000
28.4660,516,6,30,0.03000,BR,0,2,15.54000
28.4660,516,6,30,0.03000,BR,1,32,16.44000
28.4780,517,7,30,0.03000,FL,0,23,16.20000
28.4780,517,7,30,0.03000,BL,0,16,15.99000
28.4780,517,7,30,0.03000,FR,0,8,15.75000
28.4780,517,7,30,0.03000,FR,1,38,16.65000
28.4780,517,7,30,0.03000,BR,0,1,15.54000
28.4780,517,7,30,0.03000,BR,1,31,16.44000
28.4980,517,7,30,0.03000,FL,0,23,16.20000
28.4980,517,7,30,0.03000,BL,0,16,15.99000
28.4980,517,7,30,0.03000,FR,0,8,15.75000
28.4980,517,7,30,0.03000,FR,1,38,16.65000
28.4980,517,7,30,0.03000,BR,0,1,15.54000
28.4980,517,7,30,0.03000,BR,1,31,16.44000
28.5060,518,8,30,0.03000,FL,0,22,16.20000
28.5060,518,8,30,0.03000,BL,0,15,15.99000
28.5060,518,8,30,0.03000,FR,0,7,15.75000
28.5060,518,8,30,0.03000,FR,1,37,16.65000
28.5060,518,8,30,0.03000,BR,0,30,16.44000
28.5160,518,8,30,0.03000,FL,0,22,16.20000
28.5160,518,8,30,0.03000,BL,0,15,15.99000
28.5160,518,8,30,0.03000,FR,0,7,15.75000
28.5160,518,8,30,0.03000,FR,1,37,16.65000
28.5160,518,8,30,0.03000,BR,0,30,16.44000
28.5260,518,8,30,0.03000,FL,0,22,16.20000
28.5260,518,8,30,0.03000,BL,0,15,15.99000
28.5260,518,8,30,0.03000,FR,0,7,15.75000
28.5260,518,8,30,0.03000,FR,1,37,16.65000
28.5260,518,8,30,0.03000,BR,0,30,16.44000
28.5360,519,9,30,0.03000,FL,0,21,16.20000
28.5360,519,9,30,0.03000,BL,0,14,15.99000
28.5360,519,9,30,0.03000,FR,0,6,15.75000
28.5360,519,9,30,0.03000,FR,1,36,16.65000
28.5360,519,9,30,0.03000,BR,0,29,16.44000
28.5460,519,9,30,0.03000,FL,0,21,16.20000
28.5460,519,9,30,0.03000,BL,0,14,15.99000
28.5460,519,9,30,0.03000,FR,0,6,15.75000
28.5460,519,9,30,0.03000,FR,1,36,16.65000
28.5460,519,9,30,0.03000,BR,0,29,16.44000
28.5560,519,9,30,0.03000,FL,0,21,16.20000
28.5560,519,9,30,0.03000,BL,0,14,15.99000
28.5560,519,9,30,0.03000,FR,0,6,15.75000
28.5560,519,9,30,0.03000,FR,1,36,16.65000
28.5560,519,9,30,0.03000,BR,0,29,16.44000
28.5640,520,10,30,0.03000,FL,0,20,16.20000
28.5640,520,10,30,0.03000,BL,0,13,15.99000
28.5640,520,10,30,0.03000,FR,0,5,15.75000
28.5640,520,10,30,0.03000,FR,1,35,16.65000
28.5640,520,10,30,0.03000,BR,0,28,16.44000
28.5740,520,10,30,0.03000,FL,0,20,16.20000
28.5740,520,10,30,0.03000,BL,0,13,15.99000
28.5740,520,10,30,0.03000,FR,0,5,15.75000
28.5740,520,10,30,0.03000,FR,1,35,16.65000
28.5740,520,10,30,0.03000,BR,0,28,16.44000
28.5860,520,10,30,0.03000,FL,0,20,16.20000
28.5860,520,10,30,0.03000,BL,0,13,15.99000
28.5860,520,10,30,0.03000,FR,0,5,15.75000
28.5860,520,10,30,0.03000,FR,1,35,16.65000
28.5860,520,10,30,0.03000,BR,0,28,16.44000
28.5980,521,11,30,0.03000,FL,0,19,16.20000
28.5980,521,11,30,0.03000,BL,0,12,15.99000
28.5980,521,11,30,0.03000,FR,0,4,15.75000
28.5980,521,11,30,0.03000,FR,1,34,16.65000
28.5980,521,11,30,0.03000,BR,0,27,16.44000
28.6100,521,11,30,0.03000,FL,0,19,16.20000
28.6100,521,11,30,0.03000,BL,0,12,15.99000
28.6100,521,11,30,0.03000,FR,0,4,15.75000
28.6100,521,11,30,0.03000,FR,1,34,16.65000
28.6100,521,11,30,0.03000,BR,0,27,16.44000
28.6220,522,12,30,0.03000,FL,0,18,16.20000
28.6220,522,12,30,0.03000,BL,0,11,15.99000
28.6220,522,12,30,0.03000,FR,0,3,15.75000
28.6220,522,12,30,0.03000,FR,1,33,16.65000
28.6220,522,12,30,0.03000,BR,0,26,16.44000
28.6320,522,12,30,0.03000,FL,0,18,16.20000
28.6320,522,12,30,0.03000,BL,0,11,15.99000
28.6320,522,12,30,0.03000,FR,0,3,15.75000
28.6320,522,12,30,0.03000,FR,1,33,16.65000
28.6320,522,12,30,0.03000,BR,0,26,16.44000
28.6420,522,12,30,0.03000,FL,0,18,16.20000
28.6420,522,12,30,0.03000,BL,0,11,15.99000
28.6420,522,12,30,0.03000,FR,0,3,15.75000
28.6420,522,12,30,0.03000,FR,1,33,16.65000
28.6420,522,12,30,0.03000,BR,0,26,16.44000
28.6520,523,13,30,0.03000,FL,0,17,16.20000
28.6520,523,13,30,0.03000,BL,0,10,15.99000
28.6520,523,13,30,0.03000,FR,0,2,15.75000
28.6520,523,13,30,0.03000,FR,1,32,16.65000
28.6520,523,13,30,0.03000,BR,0,25,16.44000
28.6620,523,13,30,0.03000,FL,0,17,16.20000
28.6620,523,13,30,0.03000,BL,0,10,15.99000
28.6620,523,13,30,0.03000,FR,0,2,15.75000
28.6620,523,13,30,0.03000,FR,1,32,16.65000
28.6620,523,13,30,0.03000,BR,0,25,16.44000
28.6720,523,13,30,0.03000,FL,0,17,16.20000
28.6720,523,13,30,0.03000,BL,0,10,15.99000
28.6720,523,13,30,0.03000,FR,0,2,15.75000
28.6720,523,13,30,0.03000,FR,1,32,16.65000
28.6720,523,13,30,0.03000,BR,0,25,16.44000
28.6800,524,14,30,0.03000,FL,0,16,16.20000
28.6800,524,14,30,0.03000,BL,0,9,15.99000
28.6800,524,14,30,0.03000,BL,1,39,16.89000
28.6800,524,14,30,0.03000,FR,0,1,15.75000
28.6800,524,14,30,0.03000,FR,1,31,16.65000
28.6800,524,14,30,0.03000,BR,0,24,16.44000
28.6920,524,14,30,0.03000,FL,0,16,16.20000
28.6920,524,14,30,0.03000,BL,0,9,15.99000
28.6920,524,14,30,0.03000,BL,1,39,16.89000
28.6920,524,14,30,0.03000,FR,0,1,15.75000
28.6920,524,14,30,0.03000,FR,1,31,16.65000
28.6920,524,14,30,0.03000,BR,0,24,16.44000
28.7020,524,14,30,0.03000,FL,0,16,16.20000
28.7020,524,14,30,0.03000,BL,0,9,15.99000
28.7020,524,14,30,0.03000,BL,1,39,16.89000
28.7020,524,14,30,0.03000,FR,0,1,15.75000
28.7020,524,14,30,0.03000,FR,1,31,16.65000
28.7020,524,14,30,0.03000,BR,0,24,16.44000
28.7140,525,15,30,0.03000,FL,0,15,16.20000
28.7140,525,15,30,0.03000,BL,0,8,15.99000
28.7140,525,15,30,0.03000,BL,1,38,16.89000
28.7140,525,15,30,0.03000,FR,0,30,16.65000
28.7140,525,15,30,0.03000,BR,0,23,16.44000
28.7420,526,16,30,0.03000,FL,0,14,16.20000
28.7420,526,16,30,0.03000,BL,0,7,15.99000
28.7420,526,16,30,0.03000,BL,1,37,16.89000
28.7420,526,16,30,0.03000,FR,0,29,16.65000
28.7420,526,16,30,0.03000,BR,0,22,16.44000
28.7560,526,16,30,0.03000,FL,0,14,16.20000
28.7560,526,16,30,0.03000,BL,0,7,15.99000
28.7560,526,16,30,0.03000,BL,1,37,16.89000
28.7560,526,16,30,0.03000,FR,0,29,16.65000
28.7560,526,16,30,0.03000,BR,0,22,16.44000
28.7660,526,16,30,0.03000,FL,0,14,16.20000
28.7660,526,16,30,0.03000,BL,0,7,15.99000
28.7660,526,16,30,0.03000,BL,1,37,16.89000
28.7660,526,16,30,0.03000,FR,0,29,16.65000
28.7660,526,16,30,0.03000,BR,0,22,16.44000
28.7780,527,17,30,0.03000,FL,0,13,16.20000
28.7780,527,17,30,0.03000,BL,0,6,15.99000
28.7780,527,17,30,0.03000,BL,1,36,16.89000
28.7780,527,17,30,0.03000,FR,0,28,16.65000
28.7780,527,17,30,0.03000,BR,0,21,16.44000
28.7880,527,17,30,0.03000,FL,0,13,16.20000
28.7880,527,17,30,0.03000,BL,0,6,15.99000
28.7880,527,17,30,0.03000,BL,1,36,16.89000
28.7880,527,17,30,0.03000,FR,0,28,16.65000
28.7880,527,17,30,0.03000,BR,0,21,16.44000
28.7980,527,17,30,0.03000,FL,0,13,16.20000
28.7980,527,17,30,0.03000,BL,0,6,15.99000
28.7980,527,17,30,0.03000,BL,1,36,16.89000
28.7980,527,17,30,0.03000,FR,0,28,16.65000
28.7980,527,17,30,0.03000,BR,0,21,16.44000
28.8080,528,18,30,0.03000,FL,0,12,16.20000
28.8080,528,18,30,0.03000,BL,0,5,15.99000
28.8080,528,18,30,0.03000,BL,1,35,16.89000
28.8080,528,18,30,0.03000,FR,0,27,16.65000
28.8080,528,18,30,0.03000,BR,0,20,16.44000
28.8200,528,18,30,0.03000,FL,0,12,16.20000
28.8200,528,18,30,0.03000,BL,0,5,15.99000
28.8200,528,18,30,0.03000,BL,1,35,16.89000
28.8200,528,18,30,0.03000,FR,0,27,16.65000
28.8200,528,18,30,0.03000,BR,0,20,16.44000
28.8300,529,19,30,0.03000,FL,0,11,16.20000
28.8300,529,19,30,0.03000,BL,0,4,15.99000
28.8300,529,19,30,0.03000,BL,1,34,16.89000
28.8300,529,19,30,0.03000,FR,0,26,16.65000
28.8300,529,19,30,0.03000,BR,0,19,16.44000
28.8400,529,19,30,0.03000,FL,0,11,16.20000
28.8400,529,19,30,0.03000,BL,0,4,15.99000
28.8400,529,19,30,0.03000,BL,1,34,16.89000
28.8400,529,19,30,0.03000,FR,0,26,16.65000
28.8400,529,19,30,0.03000,BR,0,19,16.44000
28.8500,529,19,30,0.03000,FL,0,11,16.20000
28.8500,529,19,30,0.03000,BL,0,4,15.99000
28.8500,529,19,30,0.03000,BL,1,34,16.89000
28.8500,529,19,30,0.03000,FR,0,26,16.65000
28.8500,529,19,30,0.03000,BR,0,19,16.44000
28.8600,530,20,30,0.03000,FL,0,10,16.20000
28.8600,530,20,30,0.03000,BL,0,3,15.99000
28.8600,530,20,30,0.03000,BL,1,33,16.89000
28.8600,530,20,30,0.03000,FR,0,25,16.65000
28.8600,530,20,30,0.03000,BR,0,18,16.44000
28.8700,530,20,30,0.03000,FL,0,10,16.20000
28.8700,530,20,30,0.03000,BL,0,3,15.99000
28.8700,530,20,30,0.03000,BL,1,33,16.89000
28.8700,530,20,30,0.03000,FR,0,25,16.65000
28.8700,530,20,30,0.03000,BR,0,18,16.44000
28.8800,530,20,30,0.03000,FL,0,10,16.20000
28.8800,530,20,30,0.03000,BL,0,3,15.99000
28.8800,530,20,30,0.03000,BL,1,33,16.89000
28.8800,530,20,30,0.03000,FR,0,25,16.65000
28.8800,530,20,30,0.03000,BR,0,18,16.44000
28.8900,531,21,30,0.03000,FL,0,9,16.20000
28.8900,531,21,30,0.03000,FL,1,39,17.10000
28.8900,531,21,30,0.03000,BL,0,2,15.99000
28.8900,531,21,30,0.03000,BL,1,32,16.89000
28.8900,531,21,30,0.03000,FR,0,24,16.65000
28.8900,531,21,30,0.03000,BR,0,17,16.44000
28.9000,531,21,30,0.03000,FL,0,9,16.20000
28.9000,531,21,30,0.03000,FL,1,39,17.10000
28.9000,531,21,30,0.03000,BL,0,2,15.99000
28.9000,531,21,30,0.03000,BL,1,32,16.89000
28.9000,531,21,30,0.03000,FR,0,24,16.65000
28.9000,531,21,30,0.03000,BR,0,17,16.44000
28.9100,531,21,30,0.03000,FL,0,9,16.20000
28.9100,531,21,30,0.03000,FL,1,39,17.10000
28.9100,531,21,30,0.03000,BL,0,2,15.99000
28.9100,531,21,30,0.03000,BL,1,32,16.89000
28.9100,531,21,30,0.03000,FR,0,24,16.65000
28.9100,531,21,30,0.03000,BR,0,17,16.44000
28.9200,532,22,30,0.03000,FL,0,8,16.20000
28.9200,532,22,30,0.03000,FL,1,38,17.10000
28.9200,532,22,30,0.03000,BL,0,1,15.99000
28.9200,532,22,30,0.03000,BL,1,31,16.89000
28.9200,532,22,30,0.03000,FR,0,23,16.65000
28.9200,532,22,30,0.03000,BR,0,16,16.44000
28.9460,532,22,30,0.03000,FL,0,8,16.20000
28.9460,532,22,30,0.03000,FL,1,38,17.10000
28.9460,532,22,30,0.03000,BL,0,1,15.99000
28.9460,532,22,30,0.03000,BL,1,31,16.89000
28.9460,532,22,30,0.03000,FR,0,23,16.65000
28.9460,532,22,30,0.03000,BR,0,16,16.44000
28.9560,533,23,30,0.03000,FL,0,7,16.20000
28.9560,533,23,30,0.03000,FL,1,37,17.10000
28.9560,533,23,30,0.03000,BL,0,30,16.89000
28.9560,533,23,30,0.03000,FR,0,22,16.65000
28.9560,533,23,30,0.03000,BR,0,15,16.44000
28.9660,533,23,30,0.03000,FL,0,7,16.20000
28.9660,533,23,30,0.03000,FL,1,37,17.10000
28.9660,533,23,30,0.03000,BL,0,30,16.89000
28.9660,533,23,30,0.03000,FR,0,22,16.65000
28.9660,533,23,30,0.03000,BR,0,15,16.44000
28.9800,534,24,30,0.03000,FL,0,6,16.20000
28.9800,534,24,30,0.03000,FL,1,36,17.10000
28.9800,534,24,30,0.03000,BL,0,29,16.89000
28.9800,534,24,30,0.03000,FR,0,21,16.65000
28.9800,534,24,30,0.03000,BR,0,14,16.44000
28.9880,534,24,30,0.03000,FL,0,6,16.20000
28.9880,534,24,30,0.03000,FL,1,36,17.10000
28.9880,534,24,30,0.03000,BL,0,29,16.89000
28.9880,534,24,30,0.03000,FR,0,21,16.65000
28.9880,534,24,30,0.03000,BR,0,14,16.44000
28.9980,534,24,30,0.03000,FL,0,6,16.20000
28.9980,534,24,30,0.03000,FL,1,36,17.10000
28.9980,534,24,30,0.03000,BL,0,29,16.89000
28.9980,534,24,30,0.03000,FR,0,21,16.65000
28.9980,534,24,30,0.03000,BR,0,14,16.44000
29.0080,534,24,30,0.03000,FL,0,6,16.20000
29.0080,534,24,30,0.03000,FL,1,36,17.10000
29.0080,534,24,30,0.03000,BL,0,29,16.89000
29.0080,534,24,30,0.03000,FR,0,21,16.65000
29.0080,534,24,30,0.03000,BR,0,14,16.44000
29.0180,535,25,30,0.03000,FL,0,5,16.20000
29.0180,535,25,30,0.03000,FL,1,35,17.10000
29.0180,535,25,30,0.03000,BL,0,28,16.89000
29.0180,535,25,30,0.03000,FR,0,20,16.65000
29.0180,535,25,30,0.03000,BR,0,13,16.44000
29.0280,535,25,30,0.03000,FL,0,5,16.20000
29.0280,535,25,30,0.03000,FL,1,35,17.10000
29.0280,535,25,30,0.03000,BL,0,28,16.89000
29.0280,535,25,30,0.03000,FR,0,20,16.65000
29.0280,535,25,30,0.03000,BR,0,13,16.44000
29.0380,535,25,30,0.03000,FL,0,5,16.20000
29.0380,535,25,30,0.03000,FL,1,35,17.10000
29.0380,535,25,30,0.03000,BL,0,28,16.89000
29.0380,535,25,30,0.03000,FR,0,20,16.65000
29.0380,535,25,30,0.03000,BR,0,13,16.44000
29.0500,536,26,30,0.03000,FL,0,4,16.20000
29.0500,536,26,30,0.03000,FL,1,34,17.10000
29.0500,536,26,30,0.03000,BL,0,27,16.89000
29.0500,536,26,30,0.03000,FR,0,19,16.65000
29.0500,536,26,30,0.03000,BR,0,12,16.44000
29.0600,536,26,30,0.03000,FL,0,4,16.20000
29.0600,536,26,30,0.03000,FL,1,34,17.10000
29.0600,536,26,30,0.03000,BL,0,27,16.89000
29.0600,536,26,30,0.03000,FR,0,19,16.65000
29.0600,536,26,30,0.03000,BR,0,12,16.44000
29.0700,537,27,30,0.03000,FL,0,3,16.20000
29.0700,537,27,30,0.03000,FL,1,33,17.10000
29.0700,537,27,30,0.03000,BL,0,26,16.89000
29.0700,537,27,30,0.03000,FR,0,18,16.65000
29.0700,537,27,30,0.03000,BR,0,11,16.44000
29.0800,537,27,30,0.03000,FL,0,3,16.20000
29.0800,537,27,30,0.03000,FL,1,33,17.10000
29.0800,537,27,30,0.03000,BL,0,26,16.89000
29.0800,537,27,30,0.03000,FR,0,18,16.65000
29.0800,537,27,30,0.03000,BR,0,11,16.44000
29.0900,537,27,30,0.03000,FL,0,3,16.20000
29.0900,537,27,30,0.03000,FL,1,33,17.10000
29.0900,537,27,30,0.03000,BL,0,26,16.89000
29.0900,537,27,30,0.03000,FR,0,18,16.65000
29.0900,537,27,30,0.03000,BR,0,11,16.44000
29.0980,537,27,30,0.03000,FL,0,3,16.20000
29.0980,537,27,30,0.03000,FL,1,33,17.10000
29.0980,537,27,30,0.03000,BL,0,26,16.89000
29.0980,537,27,30,0.03000,FR,0,18,16.65000
29.0980,537,27,30,0.03000,BR,0,11,16.44000
29.1100,538,28,30,0.03000,FL,0,2,16.20000
29.1100,538,28,30,0.03000,FL,1,32,17.10000
29.1100,538,28,30,0.03000,BL,0,25,16.89000
29.1100,538,28,30,0.03000,FR,0,17,16.65000
29.1100,538,28,30,0.03000,BR,0,10,16.44000
29.1180,538,28,30,0.03000,FL,0,2,16.20000
29.1180,538,28,30,0.03000,FL,1,32,17.10000
29.1180,538,28,30,0.03000,BL,0,25,16.89000
29.1180,538,28,30,0.03000,FR,0,17,16.65000
29.1180,538,28,30,0.03000,BR,0,10,16.44000
29.1280,538,28,30,0.03000,FL,0,2,16.20000
29.1280,538,28,30,0.03000,FL,1,32,17.10000
29.1280,538,28,30,0.03000,BL,0,25,16.89000
29.1280,538,28,30,0.03000,FR,0,17,16.65000
29.1280,538,28,30,0.03000,BR,0,10,16.44000
29.1380,539,29,30,0.03000,FL,0,1,16.20000
29.1380,539,29,30,0.03000,FL,1,31,17.10000
29.1380,539,29,30,0.03000,BL,0,24,16.89000
29.1380,539,29,30,0.03000,FR,0,16,16.65000
29.1380,539,29,30,0.03000,BR,0,9,16.44000
29.1380,539,29,30,0.03000,BR,1,39,17.34000
29.1480,539,29,30,0.03000,FL,0,1,16.20000
29.1480,539,29,30,0.03000,FL,1,31,17.10000
29.1480,539,29,30,0.03000,BL,0,24,16.89000
29.1480,539,29,30,0.03000,FR,0,16,16.65000
29.1480,539,29,30,0.03000,BR,0,9,16.44000
29.1480,539,29,30,0.03000,BR,1,39,17.34000
29.1560,539,29,30,0.03000,FL,0,1,16.20000
29.1560,539,29,30,0.03000,FL,1,31,17.10000
29.1560,539,29,30,0.03000,BL,0,24,16.89000
29.1560,539,29,30,0.03000,FR,0,16,16.65000
29.1560,539,29,30,0.03000,BR,0,9,16.44000
29.1560,539,29,30,0.03000,BR,1,39,17.34000
29.1680,540,0,30,0.03000,FL,0,30,17.10000
29.1680,540,0,30,0.03000,BL,0,23,16.89000
29.1680,540,0,30,0.03000,FR,0,15,16.65000
29.1680,540,0,30,0.03000,BR,0,8,16.44000
29.1680,540,0,30,0.03000,BR,1,38,17.34000
29.1860,540,0,30,0.03000,FL,0,30,17.10000
29.1860,540,0,30,0.03000,BL,0,23,16.89000
29.1860,540,0,30,0.03000,FR,0,15,16.65000
29.1860,540,0,30,0.03000,BR,0,8,16.44000
29.1860,540,0,30,0.03000,BR,1,38,17.34000
29.1960,541,1,30,0.03000,FL,0,29,17.10000
29.1960,541,1,30,0.03000,BL,0,22,16.89000
29.1960,541,1,30,0.03000,FR,0,14,16.65000
29.1960,541,1,30,0.03000,BR,0,7,16.44000
29.1960,541,1,30,0.03000,BR,1,37,17.34000
29.2060,541,1,30,0.03000,FL,0,29,17.10000
29.2060,541,1,30,0.03000,BL,0,22,16.89000
29.2060,541,1,30,0.03000,FR,0,14,16.65000
29.2060,541,1,30,0.03000,BR,0,7,16.44000
29.2060,541,1,30,0.03000,BR,1,37,17.34000
29.2140,541,1,30,0.03000,FL,0,29,17.10000
29.2140,541,1,30,0.03000,BL,0,22,16.89000
29.2140,541,1,30,0.03000,FR,0,14,16.65000
29.2140,541,1,30,0.03000,BR,0,7,16.44000
29.2140,541,1,30,0.03000,BR,1,37,17.34000
29.2240,542,2,30,0.03000,FL,0,28,17.10000
29.2240,542,2,30,0.03000,BL,0,21,16.89000
29.2240,542,2,30,0.03000,FR,0,13,16.65000
29.2240,542,2,30,0.03000,BR,0,6,16.44000
29.2240,542,2,30,0.03000,BR,1,36,17.34000
29.2340,542,2,30,0.03000,FL,0,28,17.10000
29.2340,542,2,30,0.03000,BL,0,21,16.89000
29.2340,542,2,30,0.03000,FR,0,13,16.65000
29.2340,542,2,30,0.03000,BR,0,6,16.44000
29.2340,542,2,30,0.03000,BR,1,36,17.34000
29.2460,542,2,30,0.03000,FL,0,28,17.10000
29.2460,542,2,30,0.03000,BL,0,21,16.89000
29.2460,542,2,30,0.03000,FR,0,13,16.65000
29.2460,542,2,30,0.03000,BR,0,6,16.44000
29.2460,542,2,30,0.03000,BR,1,36,17.34000
29.2540,543,3,30,0.03000,FL,0,27,17.10000
29.2540,543,3,30,0.03000,BL,0,20,16.89000
29.2540,543,3,30,0.03000,FR,0,12,16.65000
29.2540,543,3,30,0.03000,BR,0,5,16.44000
29.2540,543,3,30,0.03000,BR,1,35,17.34000
29.2640,543,3,30,0.03000,FL,0,27,17.10000
29.2640,543,3,30,0.03000,BL,0,20,16.89000
29.2640,543,3,30,0.03000,FR,0,12,16.65000
29.2640,543,3,30,0.03000,BR,0,5,16.44000
29.2640,543,3,30,0.03000,BR,1,35,17.34000
29.2740,543,3,30,0.03000,FL,0,27,17.10000
29.2740,543,3,30,0.03000,BL,0,20,16.89000
29.2740,543,3,30,0.03000,FR,0,12,16.65000
29.2740,543,3,30,0.03000,BR,0,5,16.44000
29.2740,543,3,30,0.03000,BR,1,35,17.34000
29.2860,544,4,30,0.03000,FL,0,26,17.10000
29.2860,544,4,30,0.03000,BL,0,19,16.89000
29.2860,544,4,30,0.03000,FR,0,11,16.65000
29.2860,544,4,30,0.03000,BR,0,4,16.44000
29.2860,544,4,30,0.03000,BR,1,34,17.34000
29.2940,544,4,30,0.03000,FL,0,26,17.10000
29.2940,544,4,30,0.03000,BL,0,19,16.89000
29.2940,544,4,30,0.03000,FR,0,11,16.65000
29.2940,544,4,30,0.03000,BR,0,4,16.44000
29.2940,544,4,30,0.03000,BR,1,34,17.34000
29.3040,544,4,30,0.03000,FL,0,26,17.10000
29.3040,544,4,30,0.03000,BL,0,19,16.89000
29.3040,544,4,30,0.03000,FR,0,11,16.65000
29.3040,544,4,30,0.03000,BR,0,4,16.44000
29.3040,544,4,30,0.03000,BR,1,34,17.34000
29.3140,545,5,30,0.03000,FL,0,25,17.10000
29.3140,545,5,30,0.03000,BL,0,18,16.89000
29.3140,545,5,30,0.03000,FR,0,10,16.65000
29.3140,545,5,30,0.03000,BR,0,3,16.44000
29.3140,545,5,30,0.03000,BR,1,33,17.34000
29.3220,545,5,30,0.03000,FL,0,25,17.10000
29.3220,545,5,30,0.03000,BL,0,18,16.89000
29.3220,545,5,30,0.03000,FR,0,10,16.65000
29.3220,545,5,30,0.03000,BR,0,3,16.44000
29.3220,545,5,30,0.03000,BR,1,33,17.34000
29.3320,545,5,30,0.03000,FL,0,25,17.10000
29.3320,545,5,30,0.03000,BL,0,18,16.89000
29.3320,545,5,30,0.03000,FR,0,10,16.65000
29.3320,545,5,30,0.03000,BR,0,3,16.44000
29.3320,545,5,30,0.03000,BR,1,33,17.34000
29.3420,546,6,30,0.03000,FL,0,24,17.10000
29.3420,546,6,30,0.03000,BL,0,17,16.89000
29.3420,546,6,30,0.03000,FR,0,9,16.65000
29.3420,546,6,30,0.03000,FR,1,39,17.55000
29.3420,546,6,30,0.03000,BR,0,2,16.44000
29.3420,546,6,30,0.03000,BR,1,32,17.34000
29.3520,546,6,30,0.03000,FL,0,24,17.10000
29.3520,546,6,30,0.03000,BL,0,17,16.89000
29.3520,546,6,30,0.03000,FR,0,9,16.65000
29.3520,546,6,30,0.03000,FR,1,39,17.55000
29.3520,546,6,30,0.03000,BR,0,2,16.44000
29.3520,546,6,30,0.03000,BR,1,32,17.34000
29.3620,546,6,30,0.03000,FL,0,24,17.10000
29.3620,546,6,30,0.03000,BL,0,17,16.89000
29.3620,546,6,30,0.03000,FR,0,9,16.65000
29.3620,546,6,30,0.03000,FR,1,39,17.55000
29.3620,546,6,30,0.03000,BR,0,2,16.44000
29.3620,546,6,30,0.03000,BR,1,32,17.34000
29.3720,547,7,30,0.03000,FL,0,23,17.10000
29.3720,547,7,30,0.03000,BL,0,16,16.89000
29.3720,547,7,30,0.03000,FR,0,8,16.65000
29.3720,547,7,30,0.03000,FR,1,38,17.55000
29.3720,547,7,30,0.03000,BR,0,1,16.44000
29.3720,547,7,30,0.03000,BR,1,31,17.34000
29.4120,548,8,30,0.03000,FL,0,22,17.10000
29.4120,548,8,30,0.03000,BL,0,15,16.89000
29.4120,548,8,30,0.03000,FR,0,7,16.65000
29.4120,548,8,30,0.03000,FR,1,37,17.55000
29.4120,548,8,30,0.03000,BR,0,30,17.34000
29.4300,549,9,30,0.03000,FL,0,21,17.10000
29.4300,549,9,30,0.03000,BL,0,14,16.89000
29.4300,549,9,30,0.03000,FR,0,6,16.65000
29.4300,549,9,30,0.03000,FR,1,36,17.55000
29.4300,549,9,30,0.03000,BR,0,29,17.34000
29.4420,549,9,30,0.03000,FL,0,21,17.10000
29.4420,549,9,30,0.03000,BL,0,14,16.89000
29.4420,549,9,30,0.03000,FR,0,6,16.65000
29.4420,549,9,30,0.03000,FR,1,36,17.55000
29.4420,549,9,30,0.03000,BR,0,29,17.34000
29.4540,549,9,30,0.03000,FL,0,21,17.10000
29.4540,549,9,30,0.03000,BL,0,14,16.89000
29.4540,549,9,30,0.03000,FR,0,6,16.65000
29.4540,549,9,30,0.03000,FR,1,36,17.55000
29.4540,549,9,30,0.03000,BR,0,29,17.34000
29.4640,550,10,30,0.03000,FL,0,20,17.10000
29.4640,550,10,30,0.03000,BL,0,13,16.89000
29.4640,550,10,30,0.03000,FR,0,5,16.65000
29.4640,550,10,30,0.03000,FR,1,35,17.55000
29.4640,550,10,30,0.03000,BR,0,28,17.34000
29.4740,550,10,30,0.03000,FL,0,20,17.10000
29.4740,550,10,30,0.03000,BL,0,13,16.89000
29.4740,550,10,30,0.03000,FR,0,5,16.65000
29.4740,550,10,30,0.03000,FR,1,35,17.55000
29.4740,550,10,30,0.03000,BR,0,28,17.34000
29.4840,550,10,30,0.03000,FL,0,20,17.10000
29.4840,550,10,30,0.03000,BL,0,13,16.89000
29.4840,550,10,30,0.03000,FR,0,5,16.65000
29.4840,550,10,30,0.03000,FR,1,35,17.55000
29.4840,550,10,30,0.03000,BR,0,28,17.34000
29.4940,551,11,30,0.03000,FL,0,19,17.10000
29.4940,551,11,30,0.03000,BL,0,12,16.89000
29.4940,551,11,30,0.03000,FR,0,4,16.65000
29.4940,551,11,30,0.03000,FR,1,34,17.55000
29.4940,551,11,30,0.03000,BR,0,27,17.34000
29.5040,551,11,30,0.03000,FL,0,19,17.10000
29.5040,551,11,30,0.03000,BL,0,12,16.89000
29.5040,551,11,30,0.03000,FR,0,4,16.65000
29.5040,551,11,30,0.03000,FR,1,34,17.55000
29.5040,551,11,30,0.03000,BR,0,27,17.34000
29.5160,551,11,30,0.03000,FL,0,19,17.10000
29.5160,551,11,30,0.03000,BL,0,12,16.89000
29.5160,551,11,30,0.03000,FR,0,4,16.65000
29.5160,551,11,30,0.03000,FR,1,34,17.55000
29.5160,551,11,30,0.03000,BR,0,27,17.34000
29.5260,552,12,30,0.03000,FL,0,18,17.10000
29.5260,552,12,30,0.03000,BL,0,11,16.89000
29.5260,552,12,30,0.03000,FR,0,3,16.65000
29.5260,552,12,30,0.03000,FR,1,33,17.55000
29.5260,552,12,30,0.03000,BR,0,26,17.34000
29.5360,552,12,30,0.03000,FL,0,18,17.10000
29.5360,552,12,30,0.03000,BL,0,11,16.89000
29.5360,552,12,30,0.03000,FR,0,3,16.65000
29.5360,552,12,30,0.03000,FR,1,33,17.55000
29.5360,552,12,30,0.03000,BR,0,26,17.34000
29.5460,552,12,30,0.03000,FL,0,18,17.10000
29.5460,552,12,30,0.03000,BL,0,11,16.89000
29.5460,552,12,30,0.03000,FR,0,3,16.65000
29.5460,552,12,30,0.03000,FR,1,33,17.55000
29.5460,552,12,30,0.03000,BR,0,26,17.34000
29.5560,553,13,30,0.03000,FL,0,17,17.10000
29.5560,553,13,30,0.03000,BL,0,10,16.89000
29.5560,553,13,30,0.03000,FR,0,2,16.65000
29.5560,553,13,30,0.03000,FR,1,32,17.55000
29.5560,553,13,30,0.03000,BR,0,25,17.34000
29.5660,553,13,30,0.03000,FL,0,17,17.10000
29.5660,553,13,30,0.03000,BL,0,10,16.89000
29.5660,553,13,30,0.03000,FR,0,2,16.65000
29.5660,553,13,30,0.03000,FR,1,32,17.55000
29.5660,553,13,30,0.03000,BR,0,25,17.34000
29.5760,553,13,30,0.03000,FL,0,17,17.10000
29.5760,553,13,30,0.03000,BL,0,10,16.89000
29.5760,553,13,30,0.03000,FR,0,2,16.65000
29.5760,553,13,30,0.03000,FR,1,32,17.55000
29.5760,553,13,30,0.03000,BR,0,25,17.34000
29.5860,554,14,30,0.03000,FL,0,16,17.10000
29.5860,554,14,30,0.03000,BL,0,9,16.89000
29.5860,554,14,30,0.03000,BL,1,39,17.79000
29.5860,554,14,30,0.03000,FR,0,1,16.65000
29.5860,554,14,30,0.03000,FR,1,31,17.55000
29.5860,554,14,30,0.03000,BR,0,24,17.34000
29.5940,554,14,30,0.03000,FL,0,16,17.10000
29.5940,554,14,30,0.03000,BL,0,9,16.89000
29.5940,554,14,30,0.03000,BL,1,39,17.79000
29.5940,554,14,30,0.03000,FR,0,1,16.65000
29.5940,554,14,30,0.03000,FR,1,31,17.55000
29.5940,554,14,30,0.03000,BR,0,24,17.34000
29.6060,554,14,30,0.03000,FL,0,16,17.10000
29.6060,554,14,30,0.03000,BL,0,9,16.89000
29.6060,554,14,30,0.03000,BL,1,39,17.79000
29.6060,554,14,30,0.03000,FR,0,1,16.65000
29.6060,554,14,30,0.03000,FR,1,31,17.55000
29.6060,554,14,30,0.03000,BR,0,24,17.34000
29.6140,555,15,30,0.03000,FL,0,15,17.10000
29.6140,555,15,30,0.03000,BL,0,8,16.89000
29.6140,555,15,30,0.03000,BL,1,38,17.79000
29.6140,555,15,30,0.03000,FR,0,30,17.55000
29.6140,555,15,30,0.03000,BR,0,23,17.34000
29.6340,555,15,30,0.03000,FL,0,15,17.10000
29.6340,555,15,30,0.03000,BL,0,8,16.89000
29.6340,555,15,30,0.03000,BL,1,38,17.79000
29.6340,555,15,30,0.03000,FR,0,30,17.55000
29.6340,555,15,30,0.03000,BR,0,23,17.34000
29.6440,556,16,30,0.03000,FL,0,14,17.10000
29.6440,556,16,30,0.03000,BL,0,7,16.89000
29.6440,556,16,30,0.03000,BL,1,37,17.79000
29.6440,556,16,30,0.03000,FR,0,29,17.55000
29.6440,556,16,30,0.03000,BR,0,22,17.34000
29.6540,556,16,30,0.03000,FL,0,14,17.10000
29.6540,556,16,30,0.03000,BL,0,7,16.89000
29.6540,556,16,30,0.03000,BL,1,37,17.79000
29.6540,556,16,30,0.03000,FR,0,29,17.55000
29.6540,556,16,30,0.03000,BR,0,22,17.34000
29.6640,556,16,30,0.03000,FL,0,14,17.10000
29.6640,556,16,30,0.03000,BL,0,7,16.89000
29.6640,556,16,30,0.03000,BL,1,37,17.79000
29.6640,556,16,30,0.03000,FR,0,29,17.55000
29.6640,556,16,30,0.03000,BR,0,22,17.34000
29.6720,557,17,30,0.03000,FL,0,13,17.10000
29.6720,557,17,30,0.03000,BL,0,6,16.89000
29.6720,557,17,30,0.03000,BL,1,36,17.79000
29.6720,557,17,30,0.03000,FR,0,28,17.55000
29.6720,557,17,30,0.03000,BR,0,21,17.34000
29.6840,557,17,30,0.03000,FL,0,13,17.10000
29.6840,557,17,30,0.03000,BL,0,6,16.89000
29.6840,557,17,30,0.03000,BL,1,36,17.79000
29.6840,557,17,30,0.03000,FR,0,28,17.55000
29.6840,557,17,30,0.03000,BR,0,21,17.34000
29.6920,557,17,30,0.03000,FL,0,13,17.10000
29.6920,557,17,30,0.03000,BL,0,6,16.89000
29.6920,557,17,30,0.03000,BL,1,36,17.79000
29.6920,557,17,30,0.03000,FR,0,28,17.55000
29.6920,557,17,30,0.03000,BR,0,21,17.34000
29.7020,558,18,30,0.03000,FL,0,12,17.10000
29.7020,558,18,30,0.03000,BL,0,5,16.89000
29.7020,558,18,30,0.03000,BL,1,35,17.79000
29.7020,558,18,30,0.03000,FR,0,27,17.55000
29.7020,558,18,30,0.03000,BR,0,20,17.34000
29.7120,558,18,30,0.03000,FL,0,12,17.10000
29.7120,558,18,30,0.03000,BL,0,5,16.89000
29.7120,558,18,30,0.03000,BL,1,35,17.79000
29.7120,558,18,30,0.03000,FR,0,27,17.55000
29.7120,558,18,30,0.03000,BR,0,20,17.34000
29.7220,558,18,30,0.03000,FL,0,12,17.10000
29.7220,558,18,30,0.03000,BL,0,5,16.89000
29.7220,558,18,30,0.03000,BL,1,35,17.79000
29.7220,558,18,30,0.03000,FR,0,27,17.55000
29.7220,558,18,30,0.03000,BR,0,20,17.34000
29.7340,559,19,30,0.03000,FL,0,11,17.10000
29.7340,559,19,30,0.03000,BL,0,4,16.89000
29.7340,559,19,30,0.03000,BL,1,34,17.79000
29.7340,559,19,30,0.03000,FR,0,26,17.55000
29.7340,559,19,30,0.03000,BR,0,19,17.34000
29.7480,559,19,30,0.03000,FL,0,11,17.10000
29.7480,559,19,30,0.03000,BL,0,4,16.89000
29.7480,559,19,30,0.03000,BL,1,34,17.79000
29.7480,559,19,30,0.03000,FR,0,26,17.55000
29.7480,559,19,30,0.03000,BR,0,19,17.34000
29.7580,559,19,30,0.03000,FL,0,11,17.10000
29.7580,559,19,30,0.03000,BL,0,4,16.89000
29.7580,559,19,30,0.03000,BL,1,34,17.79000
29.7580,559,19,30,0.03000,FR,0,26,17.55000
29.7580,559,19,30,0.03000,BR,0,19,17.34000
29.7740,560,20,30,0.03000,FL,0,10,17.10000
29.7740,560,20,30,0.03000,BL,0,3,16.89000
29.7740,560,20,30,0.03000,BL,1,33,17.79000
29.7740,560,20,30,0.03000,FR,0,25,17.55000
29.7740,560,20,30,0.03000,BR,0,18,17.34000
29.7840,560,20,30,0.03000,FL,0,10,17.10000
29.7840,560,20,30,0.03000,BL,0,3,16.89000
29.7840,560,20,30,0.03000,BL,1,33,17.79000
29.7840,560,20,30,0.03000,FR,0,25,17.55000
29.7840,560,20,30,0.03000,BR,0,18,17.34000
29.7940,561,21,30,0.03000,FL,0,9,17.10000
29.7940,561,21,30,0.03000,FL,1,39,18.00000
29.7940,561,21,30,0.03000,BL,0,2,16.89000
29.7940,561,21,30,0.03000,BL,1,32,17.79000
29.7940,561,21,30,0.03000,FR,0,24,17.55000
29.7940,561,21,30,0.03000,BR,0,17,17.34000
29.8100,561,21,30,0.03000,FL,0,9,17.10000
29.8100,561,21,30,0.03000,FL,1,39,18.00000
29.8100,561,21,30,0.03000,BL,0,2,16.89000
29.8100,561,21,30,0.03000,BL,1,32,17.79000
29.8100,561,21,30,0.03000,FR,0,24,17.55000
29.8100,561,21,30,0.03000,BR,0,17,17.34000
29.8220,562,22,30,0.03000,FL,0,8,17.10000
29.8220,562,22,30,0.03000,FL,1,38,18.00000
29.8220,562,22,30,0.03000,BL,0,1,16.89000
29.8220,562,22,30,0.03000,BL,1,31,17.79000
29.8220,562,22,30,0.03000,FR,0,23,17.55000
29.8220,562,22,30,0.03000,BR,0,16,17.34000
29.8420,562,22,30,0.03000,FL,0,8,17.10000
29.8420,562,22,30,0.03000,FL,1,38,18.00000
29.8420,562,22,30,0.03000,BL,0,1,16.89000
29.8420,562,22,30,0.03000,BL,1,31,17.79000
29.8420,562,22,30,0.03000,FR,0,23,17.55000
29.8420,562,22,30,0.03000,BR,0,16,17.34000
29.8520,563,23,30,0.03000,FL,0,7,17.10000
29.8520,563,23,30,0.03000,FL,1,37,18.00000
29.8520,563,23,30,0.03000,BL,0,30,17.79000
29.8520,563,23,30,0.03000,FR,0,22,17.55000
29.8520,563,23,30,0.03000,BR,0,15,17.34000
29.8600,563,23,30,0.03000,FL,0,7,17.10000
29.8600,563,23,30,0.03000,FL,1,37,18.00000
29.8600,563,23,30,0.03000,BL,0,30,17.79000
29.8600,563,23,30,0.03000,FR,0,22,17.55000
29.8600,563,23,30,0.03000,BR,0,15,17.34000
29.8700,563,23,30,0.03000,FL,0,7,17.10000
29.8700,563,23,30,0.03000,FL,1,37,18.00000
29.8700,563,23,30,0.03000,BL,0,30,17.79000
29.8700,563,23,30,0.03000,FR,0,22,17.55000
29.8700,563,23,30,0.03000,BR,0,15,17.34000
29.8800,564,24,30,0.03000,FL,0,6,17.10000
29.8800,564,24,30,0.03000,FL,1,36,18.00000
29.8800,564,24,30,0.03000,BL,0,29,17.79000
29.8800,564,24,30,0.03000,FR,0,21,17.55000
29.8800,564,24,30,0.03000,BR,0,14,17.34000
29.8900,564,24,30,0.03000,FL,0,6,17.10000
29.8900,564,24,30,0.03000,FL,1,36,18.00000
29.8900,564,24,30,0.03000,BL,0,29,17.79000
29.8900,564,24,30,0.03000,FR,0,21,17.55000
29.8900,564,24,30,0.03000,BR,0,14,17.34000
29.9020,564,24,30,0.03000,FL,0,6,17.10000
29.9020,564,24,30,0.03000,FL,1,36,18.00000
29.9020,564,24,30,0.03000,BL,0,29,17.79000
29.9020,564,24,30,0.03000,FR,0,21,17.55000
29.9020,564,24,30,0.03000,BR,0,14,17.34000
29.9120,565,25,30,0.03000,FL,0,5,17.10000
29.9120,565,25,30,0.03000,FL,1,35,18.00000
29.9120,565,25,30,0.03000,BL,0,28,17.79000
29.9120,565,25,30,0.03000,FR,0,20,17.55000
29.9120,565,25,30,0.03000,BR,0,13,17.34000
29.9220,565,25,30,0.03000,FL,0,5,17.10000
29.9220,565,25,30,0.03000,FL,1,35,18.00000
29.9220,565,25,30,0.03000,BL,0,28,17.79000
29.9220,565,25,30,0.03000,FR,0,20,17.55000
29.9220,565,25,30,0.03000,BR,0,13,17.34000
29.9380,565,25,30,0.03000,FL,0,5,17.10000
29.9380,565,25,30,0.03000,FL,1,35,18.00000
29.9380,565,25,30,0.03000,BL,0,28,17.79000
29.9380,565,25,30,0.03000,FR,0,20,17.55000
29.9380,565,25,30,0.03000,BR,0,13,17.34000
29.9540,566,26,30,0.03000,FL,0,4,17.10000
29.9540,566,26,30,0.03000,FL,1,34,18.00000
29.9540,566,26,30,0.03000,BL,0,27,17.79000
29.9540,566,26,30,0.03000,FR,0,19,17.55000
29.9540,566,26,30,0.03000,BR,0,12,17.34000
29.9660,566,26,30,0.03000,FL,0,4,17.10000
29.9660,566,26,30,0.03000,FL,1,34,18.00000
29.9660,566,26,30,0.03000,BL,0,27,17.79000
29.9660,566,26,30,0.03000,FR,0,19,17.55000
29.9660,566,26,30,0.03000,BR,0,12,17.34000
29.9760,567,27,30,0.03000,FL,0,3,17.10000
29.9760,567,27,30,0.03000,FL,1,33,18.00000
29.9760,567,27,30,0.03000,BL,0,26,17.79000
29.9760,567,27,30,0.03000,FR,0,18,17.55000
29.9760,567,27,30,0.03000,BR,0,11,17.34000
29.9880,567,27,30,0.03000,FL,0,3,17.10000
29.9880,567,27,30,0.03000,FL,1,33,18.00000
29.9880,567,27,30,0.03000,BL,0,26,17.79000
29.9880,567,27,30,0.03000,FR,0,18,17.55000
29.9880,567,27,30,0.03000,BR,0,11,17.34000
30.0000,568,28,30,0.03000,FL,0,2,17.10000
30.0000,568,28,30,0.03000,FL,1,32,18.00000
30.0000,568,28,30,0.03000,BL,0,25,17.79000
30.0000,568,28,30,0.03000,FR,0,17,17.55000
30.0000,568,28,30,0.03000,BR,0,10,17.34000
30.0160,568,28,30,0.03000,FL,0,2,17.10000
30.0160,568,28,30,0.03000,FL,1,32,18.00000
30.0160,568,28,30,0.03000,BL,0,25,17.79000
30.0160,568,28,30,0.03000,FR,0,17,17.55000
30.0160,568,28,30,0.03000,BR,0,10,17.34000
30.0260,568,28,30,0.03000,FL,0,2,17.10000
30.0260,568,28,30,0.03000,FL,1,32,18.00000
30.0260,568,28,30,0.03000,BL,0,25,17.79000
30.0260,568,28,30,0.03000,FR,0,17,17.55000
30.0260,568,28,30,0.03000,BR,0,10,17.34000
30.0360,569,29,30,0.03000,FL,0,1,17.10000
30.0360,569,29,30,0.03000,FL,1,31,18.00000
30.0360,569,29,30,0.03000,BL,0,24,17.79000
30.0360,569,29,30,0.03000,FR,0,16,17.55000
30.0360,569,29,30,0.03000,BR,0,9,17.34000
30.0360,569,29,30,0.03000,BR,1,39,18.24000
30.0480,569,29,30,0.03000,FL,0,1,17.10000
30.0480,569,29,30,0.03000,FL,1,31,18.00000
30.0480,569,29,30,0.03000,BL,0,24,17.79000
30.0480,569,29,30,0.03000,FR,0,16,17.55000
30.0480,569,29,30,0.03000,BR,0,9,17.34000
30.0480,569,29,30,0.03000,BR,1,39,18.24000
30.0580,569,29,30,0.03000,FL,0,1,17.10000
30.0580,569,29,30,0.03000,FL,1,31,18.00000
30.0580,569,29,30,0.03000,BL,0,24,17.79000
30.0580,569,29,30,0.03000,FR,0,16,17.55000
30.0580,569,29,30,0.03000,BR,0,9,17.34000
30.0580,569,29,30,0.03000,BR,1,39,18.24000
30.0680,570,0,30,0.03000,FL,0,30,18.00000
30.0680,570,0,30,0.03000,BL,0,23,17.79000
30.0680,570,0,30,0.03000,FR,0,15,17.55000
30.0680,570,0,30,0.03000,BR,0,8,17.34000
30.0680,570,0,30,0.03000,BR,1,38,18.24000
30.0900,571,1,30,0.03000,FL,0,29,18.00000
30.0900,571,1,30,0.03000,BL,0,22,17.79000
30.0900,571,1,30,0.03000,FR,0,14,17.55000
30.0900,571,1,30,0.03000,BR,0,7,17.34000
30.0900,571,1,30,0.03000,BR,1,37,18.24000
30.1020,571,1,30,0.03000,FL,0,29,18.00000
30.1020,571,1,30,0.03000,BL,0,22,17.79000
30.1020,571,1,30,0.03000,FR,0,14,17.55000
30.1020,571,1,30,0.03000,BR,0,7,17.34000
30.1020,571,1,30,0.03000,BR,1,37,18.24000
30.1140,571,1,30,0.03000,FL,0,29,18.00000
30.1140,571,1,30,0.03000,BL,0,22,17.79000
30.1140,571,1,30,0.03000,FR,0,14,17.55000
30.1140,571,1,30,0.03000,BR,0,7,17.34000
30.1140,571,1,30,0.03000,BR,1,37,18.24000
30.1260,572,2,30,0.03000,FL,0,28,18.00000
30.1260,572,2,30,0.03000,BL,0,21,17.79000
30.1260,572,2,30,0.03000,FR,0,13,17.55000
30.1260,572,2,30,0.03000,BR,0,6,17.34000
30.1260,572,2,30,0.03000,BR,1,36,18.24000
30.1360,572,2,30,0.03000,FL,0,28,18.00000
30.1360,572,2,30,0.03000,BL,0,21,17.79000
30.1360,572,2,30,0.03000,FR,0,13,17.55000
30.1360,572,2,30,0.03000,BR,0,6,17.34000
30.1360,572,2,30,0.03000,BR,1,36,18.24000
30.1480,572,2,30,0.03000,FL,0,28,18.00000
30.1480,572,2,30,0.03000,BL,0,21,17.79000
30.1480,572,2,30,0.03000,FR,0,13,17.55000
30.1480,572,2,30,0.03000,BR,0,6,17.34000
30.1480,572,2,30,0.03000,BR,1,36,18.24000
30.1620,573,3,30,0.03000,FL,0,27,18.00000
30.1620,573,3,30,0.03000,BL,0,20,17.79000
30.1620,573,3,30,0.03000,FR,0,12,17.55000
30.1620,573,3,30,0.03000,BR,0,5,17.34000
30.1620,573,3,30,0.03000,BR,1,35,18.24000
30.1720,573,3,30,0.03000,FL,0,27,18.00000
30.1720,573,3,30,0.03000,BL,0,20,17.79000
30.1720,573,3,30,0.03000,FR,0,12,17.55000
30.1720,573,3,30,0.03000,BR,0,5,17.34000
30.1720,573,3,30,0.03000,BR,1,35,18.24000
30.1840,574,4,30,0.03000,FL,0,26,18.00000
30.1840,574,4,30,0.03000,BL,0,19,17.79000
30.1840,574,4,30,0.03000,FR,0,11,17.55000
30.1840,574,4,30,0.03000,BR,0,4,17.34000
30.1840,574,4,30,0.03000,BR,1,34,18.24000
30.1920,574,4,30,0.03000,FL,0,26,18.00000
30.1920,574,4,30,0.03000,BL,0,19,17.79000
30.1920,574,4,30,0.03000,FR,0,11,17.55000
30.1920,574,4,30,0.03000,BR,0,4,17.34000
30.1920,574,4,30,0.03000,BR,1,34,18.24000
30.2040,574,4,30,0.03000,FL,0,26,18.00000
30.2040,574,4,30,0.03000,BL,0,19,17.79000
30.2040,574,4,30,0.03000,FR,0,11,17.55000
30.2040,574,4,30,0.03000,BR,0,4,17.34000
30.2040,574,4,30,0.03000,BR,1,34,18.24000
30.2120,575,5,30,0.03000,FL,0,25,18.00000
30.2120,575,5,30,0.03000,BL,0,18,17.79000
30.2120,575,5,30,0.03000,FR,0,10,17.55000
30.2120,575,5,30,0.03000,BR,0,3,17.34000
30.2120,575,5,30,0.03000,BR,1,33,18.24000
30.2240,575,5,30,0.03000,FL,0,25,18.00000
30.2240,575,5,30,0.03000,BL,0,18,17.79000
30.2240,575,5,30,0.03000,FR,0,10,17.55000
30.2240,575,5,30,0.03000,BR,0,3,17.34000
30.2240,575,5,30,0.03000,BR,1,33,18.24000
30.2340,575,5,30,0.03000,FL,0,25,18.00000
30.2340,575,5,30,0.03000,BL,0,18,17.79000
30.2340,575,5,30,0.03000,FR,0,10,17.55000
30.2340,575,5,30,0.03000,BR,0,3,17.34000
30.2340,575,5,30,0.03000,BR,1,33,18.24000
30.2460,576,6,30,0.03000,FL,0,24,18.00000
30.2460,576,6,30,0.03000,BL,0,17,17.79000
30.2460,576,6,30,0.03000,FR,0,9,17.55000
30.2460,576,6,30,0.03000,FR,1,39,18.45000
30.2460,576,6,30,0.03000,BR,0,2,17.34000
30.2460,576,6,30,0.03000,BR,1,32,18.24000
30.2580,576,6,30,0.03000,FL,0,24,18.00000
30.2580,576,6,30,0.03000,BL,0,17,17.79000
30.2580,576,6,30,0.03000,FR,0,9,17.55000
30.2580,576,6,30,0.03000,FR,1,39,18.45000
30.2580,576,6,30,0.03000,BR,0,2,17.34000
30.2580,576,6,30,0.03000,BR,1,32,18.24000
30.2700,577,7,30,0.03000,FL,0,23,18.00000
30.2700,577,7,30,0.03000,BL,0,16,17.79000
30.2700,577,7,30,0.03000,FR,0,8,17.55000
30.2700,577,7,30,0.03000,FR,1,38,18.45000
30.2700,577,7,30,0.03000,BR,0,1,17.34000
30.2700,577,7,30,0.03000,BR,1,31,18.24000
30.2900,577,7,30,0.03000,FL,0,23,18.00000
30.2900,577,7,30,0.03000,BL,0,16,17.79000
30.2900,577,7,30,0.03000,FR,0,8,17.55000
30.2900,577,7,30,0.03000,FR,1,38,18.45000
30.2900,577,7,30,0.03000,BR,0,1,17.34000
30.2900,577,7,30,0.03000,BR,1,31,18.24000
30.3020,578,8,30,0.03000,FL,0,22,18.00000
30.3020,578,8,30,0.03000,BL,0,15,17.79000
30.3020,578,8,30,0.03000,FR,0,7,17.55000
30.3020,578,8,30,0.03000,FR,1,37,18.45000
30.3020,578,8,30,0.03000,BR,0,30,18.24000
30.3100,578,8,30,0.03000,FL,0,22,18.00000
30.3100,578,8,30,0.03000,BL,0,15,17.79000
30.3100,578,8,30,0.03000,FR,0,7,17.55000
30.3100,578,8,30,0.03000,FR,1,37,18.45000
30.3100,578,8,30,0.03000,BR,0,30,18.24000
30.3200,578,8,30,0.03000,FL,0,22,18.00000
30.3200,578,8,30,0.03000,BL,0,15,17.79000
30.3200,578,8,30,0.03000,FR,0,7,17.55000
30.3200,578,8,30,0.03000,FR,1,37,18.45000
30.3200,578,8,30,0.03000,BR,0,30,18.24000
30.3300,579,9,30,0.03000,FL,0,21,18.00000
30.3300,579,9,30,0.03000,BL,0,14,17.79000
30.3300,579,9,30,0.03000,FR,0,6,17.55000
30.3300,579,9,30,0.03000,FR,1,36,18.45000
30.3300,579,9,30,0.03000,BR,0,29,18.24000
30.3400,579,9,30,0.03000,FL,0,21,18.00000
30.3400,579,9,30,0.03000,BL,0,14,17.79000
30.3400,579,9,30,0.03000,FR,0,6,17.55000
30.3400,579,9,30,0.03000,FR,1,36,18.45000
30.3400,579,9,30,0.03000,BR,0,29,18.24000
30.3500,579,9,30,0.03000,FL,0,21,18.00000
30.3500,579,9,30,0.03000,BL,0,14,17.79000
30.3500,579,9,30,0.03000,FR,0,6,17.55000
30.3500,579,9,30,0.03000,FR,1,36,18.45000
30.3500,579,9,30,0.03000,BR,0,29,18.24000
30.3600,580,10,30,0.03000,FL,0,20,18.00000
30.3600,580,10,30,0.03000,BL,0,13,17.79000
30.3600,580,10,30,0.03000,FR,0,5,17.55000
30.3600,580,10,30,0.03000,FR,1,35,18.45000
30.3600,580,10,30,0.03000,BR,0,28,18.24000
30.3700,580,10,30,0.03000,FL,0,20,18.00000
30.3700,580,10,30,0.03000,BL,0,13,17.79000
30.3700,580,10,30,0.03000,FR,0,5,17.55000
30.3700,580,10,30,0.03000,FR,1,35,18.45000
30.3700,580,10,30,0.03000,BR,0,28,18.24000
30.3800,580,10,30,0.03000,FL,0,20,18.00000
30.3800,580,10,30,0.03000,BL,0,13,17.79000
30.3800,580,10,30,0.03000,FR,0,5,17.55000
30.3800,580,10,30,0.03000,FR,1,35,18.45000
30.3800,580,10,30,0.03000,BR,0,28,18.24000
30.3920,581,11,30,0.03000,FL,0,19,18.00000
30.3920,581,11,30,0.03000,BL,0,12,17.79000
30.3920,581,11,30,0.03000,FR,0,4,17.55000
30.3920,581,11,30,0.03000,FR,1,34,18.45000
30.3920,581,11,30,0.03000,BR,0,27,18.24000
30.4040,581,11,30,0.03000,FL,0,19,18.00000
30.4040,581,11,30,0.03000,BL,0,12,17.79000
30.4040,581,11,30,0.03000,FR,0,4,17.55000
30.4040,581,11,30,0.03000,FR,1,34,18.45000
30.4040,581,11,30,0.03000,BR,0,27,18.24000
30.4140,581,11,30,0.03000,FL,0,19,18.00000
30.4140,581,11,30,0.03000,BL,0,12,17.79000
30.4140,581,11,30,0.03000,FR,0,4,17.55000
30.4140,581,11,30,0.03000,FR,1,34,18.45000
30.4140,581,11,30,0.03000,BR,0,27,18.24000
30.4220,582,12,30,0.03000,FL,0,18,18.00000
30.4220,582,12,30,0.03000,BL,0,11,17.79000
30.4220,582,12,30,0.03000,FR,0,3,17.55000
30.4220,582,12,30,0.03000,FR,1,33,18.45000
30.4220,582,12,30,0.03000,BR,0,26,18.24000
30.4320,582,12,30,0.03000,FL,0,18,18.00000
30.4320,582,12,30,0.03000,BL,0,11,17.79000
30.4320,582,12,30,0.03000,FR,0,3,17.55000
30.4320,582,12,30,0.03000,FR,1,33,18.45000
30.4320,582,12,30,0.03000,BR,0,26,18.24000
30.4420,582,12,30,0.03000,FL,0,18,18.00000
30.4420,582,12,30,0.03000,BL,0,11,17.79000
30.4420,582,12,30,0.03000,FR,0,3,17.55000
30.4420,582,12,30,0.03000,FR,1,33,18.45000
30.4420,582,12,30,0.03000,BR,0,26,18.24000
30.4520,583,13,30,0.03000,FL,0,17,18.00000
30.4520,583,13,30,0.03000,BL,0,10,17.79000
30.4520,583,13,30,0.03000,FR,0,2,17.55000
30.4520,583,13,30,0.03000,FR,1,32,18.45000
30.4520,583,13,30,0.03000,BR,0,25,18.24000
30.4620,583,13,30,0.03000,FL,0,17,18.00000
30.4620,583,13,30,0.03000,BL,0,10,17.79000
30.4620,583,13,30,0.03000,FR,0,2,17.55000
30.4620,583,13,30,0.03000,FR,1,32,18.45000
30.4620,583,13,30,0.03000,BR,0,25,18.24000
30.4720,583,13,30,0.03000,FL,0,17,18.00000
30.4720,583,13,30,0.03000,BL,0,10,17.79000
30.4720,583,13,30,0.03000,FR,0,2,17.55000
30.4720,583,13,30,0.03000,FR,1,32,18.45000
30.4720,583,13,30,0.03000,BR,0,25,18.24000
30.4820,584,14,30,0.03000,FL,0,16,18.00000
30.4820,584,14,30,0.03000,BL,0,9,17.79000
30.4820,584,14,30,0.03000,BL,1,39,18.69000
30.4820,584,14,30,0.03000,FR,0,1,17.55000
30.4820,584,14,30,0.03000,FR,1,31,18.45000
30.4820,584,14,30,0.03000,BR,0,24,18.24000
30.4920,584,14,30,0.03000,FL,0,16,18.00000
30.4920,584,14,30,0.03000,BL,0,9,17.79000
30.4920,584,14,30,0.03000,BL,1,39,18.69000
30.4920,584,14,30,0.03000,FR,0,1,17.55000
30.4920,584,14,30,0.03000,FR,1,31,18.45000
30.4920,584,14,30,0.03000,BR,0,24,18.24000
30.5020,584,14,30,0.03000,FL,0,16,18.00000
30.5020,584,14,30,0.03000,BL,0,9,17.79000
30.5020,584,14,30,0.03000,BL,1,39,18.69000
30.5020,584,14,30,0.03000,FR,0,1,17.55000
30.5020,584,14,30,0.03000,FR,1,31,18.45000
30.5020,584,14,30,0.03000,BR,0,24,18.24000
30.5120,585,15,30,0.03000,FL,0,15,18.00000
30.5120,585,15,30,0.03000,BL,0,8,17.79000
30.5120,585,15,30,0.03000,BL,1,38,18.69000
30.5120,585,15,30,0.03000,FR,0,30,18.45000
30.5120,585,15,30,0.03000,BR,0,23,18.24000
30.5300,585,15,30,0.03000,FL,0,15,18.00000
30.5300,585,15,30,0.03000,BL,0,8,17.79000
30.5300,585,15,30,0.03000,BL,1,38,18.69000
30.5300,585,15,30,0.03000,FR,0,30,18.45000
30.5300,585,15,30,0.03000,BR,0,23,18.24000
30.5400,586,16,30,0.03000,FL,0,14,18.00000
30.5400,586,16,30,0.03000,BL,0,7,17.79000
30.5400,586,16,30,0.03000,BL,1,37,18.69000
30.5400,586,16,30,0.03000,FR,0,29,18.45000
30.5400,586,16,30,0.03000,BR,0,22,18.24000
30.5500,586,16,30,0.03000,FL,0,14,18.00000
30.5500,586,16,30,0.03000,BL,0,7,17.79000
30.5500,586,16,30,0.03000,BL,1,37,18.69000
30.5500,586,16,30,0.03000,FR,0,29,18.45000
30.5500,586,16,30,0.03000,BR,0,22,18.24000
30.5600,586,16,30,0.03000,FL,0,14,18.00000
30.5600,586,16,30,0.03000,BL,0,7,17.79000
30.5600,586,16,30,0.03000,BL,1,37,18.69000
30.5600,586,16,30,0.03000,FR,0,29,18.45000
30.5600,586,16,30,0.03000,BR,0,22,18.24000
30.5720,587,17,30,0.03000,FL,0,13,18.00000
30.5720,587,17,30,0.03000,BL,0,6,17.79000
30.5720,587,17,30,0.03000,BL,1,36,18.69000
30.5720,587,17,30,0.03000,FR,0,28,18.45000
30.5720,587,17,30,0.03000,BR,0,21,18.24000
30.5820,587,17,30,0.03000,FL,0,13,18.00000
30.5820,587,17,30,0.03000,BL,0,6,17.79000
30.5820,587,17,30,0.03000,BL,1,36,18.69000
30.5820,587,17,30,0.03000,FR,0,28,18.45000
30.5820,587,17,30,0.03000,BR,0,21,18.24000
30.5920,587,17,30,0.03000,FL,0,13,18.00000
30.5920,587,17,30,0.03000,BL,0,6,17.79000
30.5920,587,17,30,0.03000,BL,1,36,18.69000
30.5920,587,17,30,0.03000,FR,0,28,18.45000
30.5920,587,17,30,0.03000,BR,0,21,18.24000
30.6040,588,18,30,0.03000,FL,0,12,18.00000
30.6040,588,18,30,0.03000,BL,0,5,17.79000
30.6040,588,18,30,0.03000,BL,1,35,18.69000
30.6040,588,18,30,0.03000,FR,0,27,18.45000
30.6040,588,18,30,0.03000,BR,0,20,18.24000
30.6140,588,18,30,0.03000,FL,0,12,18.00000
30.6140,588,18,30,0.03000,BL,0,5,17.79000
30.6140,588,18,30,0.03000,BL,1,35,18.69000
30.6140,588,18,30,0.03000,FR,0,27,18.45000
30.6140,588,18,30,0.03000,BR,0,20,18.24000
30.6220,588,18,30,0.03000,FL,0,12,18.00000
30.6220,588,18,30,0.03000,BL,0,5,17.79000
30.6220,588,18,30,0.03000,BL,1,35,18.69000
30.6220,588,18,30,0.03000,FR,0,27,18.45000
30.6220,588,18,30,0.03000,BR,0,20,18.24000
30.6340,589,19,30,0.03000,FL,0,11,18.00000
30.6340,589,19,30,0.03000,BL,0,4,17.79000
30.6340,589,19,30,0.03000,BL,1,34,18.69000
30.6340,589,19,30,0.03000,FR,0,26,18.45000
30.6340,589,19,30,0.03000,BR,0,19,18.24000
30.6420,589,19,30,0.03000,FL,0,11,18.00000
30.6420,589,19,30,0.03000,BL,0,4,17.79000
30.6420,589,19,30,0.03000,BL,1,34,18.69000
30.6420,589,19,30,0.03000,FR,0,26,18.45000
30.6420,589,19,30,0.03000,BR,0,19,18.24000
30.6540,589,19,30,0.03000,FL,0,11,18.00000
30.6540,589,19,30,0.03000,BL,0,4,17.79000
30.6540,589,19,30,0.03000,BL,1,34,18.69000
30.6540,589,19,30,0.03000,FR,0,26,18.45000
30.6540,589,19,30,0.03000,BR,0,19,18.24000
30.6680,590,20,30,0.03000,FL,0,10,18.00000
30.6680,590,20,30,0.03000,BL,0,3,17.79000
30.6680,590,20,30,0.03000,BL,1,33,18.69000
30.6680,590,20,30,0.03000,FR,0,25,18.45000
30.6680,590,20,30,0.03000,BR,0,18,18.24000
30.6760,590,20,30,0.03000,FL,0,10,18.00000
30.6760,590,20,30,0.03000,BL,0,3,17.79000
30.6760,590,20,30,0.03000,BL,1,33,18.69000
30.6760,590,20,30,0.03000,FR,0,25,18.45000
30.6760,590,20,30,0.03000,BR,0,18,18.24000
30.6900,591,21,30,0.03000,FL,0,9,18.00000
30.6900,591,21,30,0.03000,FL,1,39,18.90000
30.6900,591,21,30,0.03000,BL,0,2,17.79000
30.6900,591,21,30,0.03000,BL,1,32,18.69000
30.6900,591,21,30,0.03000,FR,0,24,18.45000
30.6900,591,21,30,0.03000,BR,0,17,18.24000
30.7000,591,21,30,0.03000,FL,0,9,18.00000
30.7000,591,21,30,0.03000,FL,1,39,18.90000
30.7000,591,21,30,0.03000,BL,0,2,17.79000
30.7000,591,21,30,0.03000,BL,1,32,18.69000
30.7000,591,21,30,0.03000,FR,0,24,18.45000
30.7000,591,21,30,0.03000,BR,0,17,18.24000
30.7080,591,21,30,0.03000,FL,0,9,18.00000
30.7080,591,21,30,0.03000,FL,1,39,18.90000
30.7080,591,21,30,0.03000,BL,0,2,17.79000
30.7080,591,21,30,0.03000,BL,1,32,18.69000
30.7080,591,21,30,0.03000,FR,0,24,18.45000
30.7080,591,21,30,0.03000,BR,0,17,18.24000
30.7200,592,22,30,0.03000,FL,0,8,18.00000
30.7200,592,22,30,0.03000,FL,1,38,18.90000
30.7200,592,22,30,0.03000,BL,0,1,17.79000
30.7200,592,22,30,0.03000,BL,1,31,18.69000
30.7200,592,22,30,0.03000,FR,0,23,18.45000
30.7200,592,22,30,0.03000,BR,0,16,18.24000
30.7440,592,22,30,0.03000,FL,0,8,18.00000
30.7440,592,22,30,0.03000,FL,1,38,18.90000
30.7440,592,22,30,0.03000,BL,0,1,17.79000
30.7440,592,22,30,0.03000,BL,1,31,18.69000
30.7440,592,22,30,0.03000,FR,0,23,18.45000
30.7440,592,22,30,0.03000,BR,0,16,18.24000
30.7520,593,23,30,0.03000,FL,0,7,18.00000
30.7520,593,23,30,0.03000,FL,1,37,18.90000
30.7520,593,23,30,0.03000,BL,0,30,18.69000
30.7520,593,23,30,0.03000,FR,0,22,18.45000
30.7520,593,23,30,0.03000,BR,0,15,18.24000
30.7620,593,23,30,0.03000,FL,0,7,18.00000
30.7620,593,23,30,0.03000,FL,1,37,18.90000
30.7620,593,23,30,0.03000,BL,0,30,18.69000
30.7620,593,23,30,0.03000,FR,0,22,18.45000
30.7620,593,23,30,0.03000,BR,0,15,18.24000
30.7720,593,23,30,0.03000,FL,0,7,18.00000
30.7720,593,23,30,0.03000,FL,1,37,18.90000
30.7720,593,23,30,0.03000,BL,0,30,18.69000
30.7720,593,23,30,0.03000,FR,0,22,18.45000
30.7720,593,23,30,0.03000,BR,0,15,18.24000
30.7820,594,24,30,0.03000,FL,0,6,18.00000
30.7820,594,24,30,0.03000,FL,1,36,18.90000
30.7820,594,24,30,0.03000,BL,0,29,18.69000
30.7820,594,24,30,0.03000,FR,0,21,18.45000
30.7820,594,24,30,0.03000,BR,0,14,18.24000
30.7920,594,24,30,0.03000,FL,0,6,18.00000
30.7920,594,24,30,0.03000,FL,1,36,18.90000
30.7920,594,24,30,0.03000,BL,0,29,18.69000
30.7920,594,24,30,0.03000,FR,0,21,18.45000
30.7920,594,24,30,0.03000,BR,0,14,18.24000
30.8000,594,24,30,0.03000,FL,0,6,18.00000
30.8000,594,24,30,0.03000,FL,1,36,18.90000
30.8000,594,24,30,0.03000,BL,0,29,18.69000
30.8000,594,24,30,0.03000,FR,0,21,18.45000
30.8000,594,24,30,0.03000,BR,0,14,18.24000
30.8120,595,25,30,0.03000,FL,0,5,18.00000
30.8120,595,25,30,0.03000,FL,1,35,18.90000
30.8120,595,25,30,0.03000,BL,0,28,18.69000
30.8120,595,25,30,0.03000,FR,0,20,18.45000
30.8120,595,25,30,0.03000,BR,0,13,18.24000
30.8200,595,25,30,0.03000,FL,0,5,18.00000
30.8200,595,25,30,0.03000,FL,1,35,18.90000
30.8200,595,25,30,0.03000,BL,0,28,18.69000
30.8200,595,25,30,0.03000,FR,0,20,18.45000
30.8200,595,25,30,0.03000,BR,0,13,18.24000
30.8300,595,25,30,0.03000,FL,0,5,18.00000
30.8300,595,25,30,0.03000,FL,1,35,18.90000
30.8300,595,25,30,0.03000,BL,0,28,18.69000
30.8300,595,25,30,0.03000,FR,0,20,18.45000
30.8300,595,25,30,0.03000,BR,0,13,18.24000
30.8400,596,26,30,0.03000,FL,0,4,18.00000
30.8400,596,26,30,0.03000,FL,1,34,18.90000
30.8400,596,26,30,0.03000,BL,0,27,18.69000
30.8400,596,26,30,0.03000,FR,0,19,18.45000
30.8400,596,26,30,0.03000,BR,0,12,18.24000
30.8500,596,26,30,0.03000,FL,0,4,18.00000
30.8500,596,26,30,0.03000,FL,1,34,18.90000
30.8500,596,26,30,0.03000,BL,0,27,18.69000
30.8500,596,26,30,0.03000,FR,0,19,18.45000
30.8500,596,26,30,0.03000,BR,0,12,18.24000
30.8600,596,26,30,0.03000,FL,0,4,18.00000
30.8600,596,26,30,0.03000,FL,1,34,18.90000
30.8600,596,26,30,0.03000,BL,0,27,18.69000
30.8600,596,26,30,0.03000,FR,0,19,18.45000
30.8600,596,26,30,0.03000,BR,0,12,18.24000
30.8720,597,27,30,0.03000,FL,0,3,18.00000
30.8720,597,27,30,0.03000,FL,1,33,18.90000
30.8720,597,27,30,0.03000,BL,0,26,18.69000
30.8720,597,27,30,0.03000,FR,0,18,18.45000
30.8720,597,27,30,0.03000,BR,0,11,18.24000
30.8840,597,27,30,0.03000,FL,0,3,18.00000
30.8840,597,27,30,0.03000,FL,1,33,18.90000
30.8840,597,27,30,0.03000,BL,0,26,18.69000
30.8840,597,27,30,0.03000,FR,0,18,18.45000
30.8840,597,27,30,0.03000,BR,0,11,18.24000
30.8960,597,27,30,0.03000,FL,0,3,18.00000
30.8960,597,27,30,0.03000,FL,1,33,18.90000
30.8960,597,27,30,0.03000,BL,0,26,18.69000
30.8960,597,27,30,0.03000,FR,0,18,18.45000
30.8960,597,27,30,0.03000,BR,0,11,18.24000
30.9060,598,28,30,0.03000,FL,0,2,18.00000
30.9060,598,28,30,0.03000,FL,1,32,18.90000
30.9060,598,28,30,0.03000,BL,0,25,18.69000
30.9060,598,28,30,0.03000,FR,0,17,18.45000
30.9060,598,28,30,0.03000,BR,0,10,18.24000
30.9160,598,28,30,0.03000,FL,0,2,18.00000
30.9160,598,28,30,0.03000,FL,1,32,18.90000
30.9160,598,28,30,0.03000,BL,0,25,18.69000
30.9160,598,28,30,0.03000,FR,0,17,18.45000
30.9160,598,28,30,0.03000,BR,0,10,18.24000
30.9260,598,28,30,0.03000,FL,0,2,18.00000
30.9260,598,28,30,0.03000,FL,1,32,18.90000
30.9260,598,28,30,0.03000,BL,0,25,18.69000
30.9260,598,28,30,0.03000,FR,0,17,18.45000
30.9260,598,28,30,0.03000,BR,0,10,18.24000
30.9360,599,29,30,0.03000,FL,0,1,18.00000
30.9360,599,29,30,0.03000,FL,1,31,18.90000
30.9360,599,29,30,0.03000,BL,0,24,18.69000
30.9360,599,29,30,0.03000,FR,0,16,18.45000
30.9360,599,29,30,0.03000,BR,0,9,18.24000
30.9360,599,29,30,0.03000,BR,1,39,19.14000
30.9480,599,29,30,0.03000,FL,0,1,18.00000
30.9480,599,29,30,0.03000,FL,1,31,18.90000
30.9480,599,29,30,0.03000,BL,0,24,18.69000
30.9480,599,29,30,0.03000,FR,0,16,18.45000
30.9480,599,29,30,0.03000,BR,0,9,18.24000
30.9480,599,29,30,0.03000,BR,1,39,19.14000
30.9620,600,0,30,0.03000,FL,0,30,18.90000
30.9620,600,0,30,0.03000,BL,0,23,18.69000
30.9620,600,0,30,0.03000,FR,0,15,18.45000
30.9620,600,0,30,0.03000,BR,0,8,18.24000
30.9620,600,0,30,0.03000,BR,1,38,19.14000
30.9840,600,0,30,0.03000,FL,0,30,18.90000
30.9840,600,0,30,0.03000,BL,0,23,18.69000
30.9840,600,0,30,0.03000,FR,0,15,18.45000
30.9840,600,0,30,0.03000,BR,0,8,18.24000
30.9840,600,0,30,0.03000,BR,1,38,19.14000
30.9960,601,1,30,0.03000,FL,0,29,18.90000
30.9960,601,1,30,0.03000,BL,0,22,18.69000
30.9960,601,1,30,0.03000,FR,0,14,18.45000
30.9960,601,1,30,0.03000,BR,0,7,18.24000
30.9960,601,1,30,0.03000,BR,1,37,19.14000
31.0040,601,1,30,0.03000,FL,0,29,18.90000
31.0040,601,1,30,0.03000,BL,0,22,18.69000
31.0040,601,1,30,0.03000,FR,0,14,18.45000
31.0040,601,1,30,0.03000,BR,0,7,18.24000
31.0040,601,1,30,0.03000,BR,1,37,19.14000
31.0140,601,1,30,0.03000,FL,0,29,18.90000
31.0140,601,1,30,0.03000,BL,0,22,18.69000
31.0140,601,1,30,0.03000,FR,0,14,18.45000
31.0140,601,1,30,0.03000,BR,0,7,18.24000
31.0140,601,1,30,0.03000,BR,1,37,19.14000
31.0240,602,2,30,0.03000,FL,0,28,18.90000
31.0240,602,2,30,0.03000,BL,0,21,18.69000
31.0240,602,2,30,0.03000,FR,0,13,18.45000
31.0240,602,2,30,0.03000,BR,0,6,18.24000
31.0240,602,2,30,0.03000,BR,1,36,19.14000
31.0340,602,2,30,0.03000,FL,0,28,18.90000
31.0340,602,2,30,0.03000,BL,0,21,18.69000
31.0340,602,2,30,0.03000,FR,0,13,18.45000
31.0340,602,2,30,0.03000,BR,0,6,18.24000
31.0340,602,2,30,0.03000,BR,1,36,19.14000
31.0420,602,2,30,0.03000,FL,0,28,18.90000
31.0420,602,2,30,0.03000,BL,0,21,18.69000
31.0420,602,2,30,0.03000,FR,0,13,18.45000
31.0420,602,2,30,0.03000,BR,0,6,18.24000
31.0420,602,2,30,0.03000,BR,1,36,19.14000
31.0540,603,3,30,0.03000,FL,0,27,18.90000
31.0540,603,3,30,0.03000,BL,0,20,18.69000
31.0540,603,3,30,0.03000,FR,0,12,18.45000
31.0540,603,3,30,0.03000,BR,0,5,18.24000
31.0540,603,3,30,0.03000,BR,1,35,19.14000
31.0620,603,3,30,0.03000,FL,0,27,18.90000
31.0620,603,3,30,0.03000,BL,0,20,18.69000
31.0620,603,3,30,0.03000,FR,0,12,18.45000
31.0620,603,3,30,0.03000,BR,0,5,18.24000
31.0620,603,3,30,0.03000,BR,1,35,19.14000
31.0720,603,3,30,0.03000,FL,0,27,18.90000
31.0720,603,3,30,0.03000,BL,0,20,18.69000
31.0720,603,3,30,0.03000,FR,0,12,18.45000
31.0720,603,3,30,0.03000,BR,0,5,18.24000
31.0720,603,3,30,0.03000,BR,1,35,19.14000
31.0820,604,4,30,0.03000,FL,0,26,18.90000
31.0820,604,4,30,0.03000,BL,0,19,18.69000
31.0820,604,4,30,0.03000,FR,0,11,18.45000
31.0820,604,4,30,0.03000,BR,0,4,18.24000
31.0820,604,4,30,0.03000,BR,1,34,19.14000
31.0920,604,4,30,0.03000,FL,0,26,18.90000
31.0920,604,4,30,0.03000,BL,0,19,18.69000
31.0920,604,4,30,0.03000,FR,0,11,18.45000
31.0920,604,4,30,0.03000,BR,0,4,18.24000
31.0920,604,4,30,0.03000,BR,1,34,19.14000
31.1020,604,4,30,0.03000,FL,0,26,18.90000
31.1020,604,4,30,0.03000,BL,0,19,18.69000
31.1020,604,4,30,0.03000,FR,0,11,18.45000
31.1020,604,4,30,0.03000,BR,0,4,18.24000
31.1020,604,4,30,0.03000,BR,1,34,19.14000
31.1100,605,5,30,0.03000,FL,0,25,18.90000
31.1100,605,5,30,0.03000,BL,0,18,18.69000
31.1100,605,5,30,0.03000,FR,0,10,18.45000
31.1100,605,5,30,0.03000,BR,0,3,18.24000
31.1100,605,5,30,0.03000,BR,1,33,19.14000
31.1220,605,5,30,0.03000,FL,0,25,18.90000
31.1220,605,5,30,0.03000,BL,0,18,18.69000
31.1220,605,5,30,0.03000,FR,0,10,18.45000
31.1220,605,5,30,0.03000,BR,0,3,18.24000
31.1220,605,5,30,0.03000,BR,1,33,19.14000
31.1300,605,5,30,0.03000,FL,0,25,18.90000
31.1300,605,5,30,0.03000,BL,0,18,18.69000
31.1300,605,5,30,0.03000,FR,0,10,18.45000
31.1300,605,5,30,0.03000,BR,0,3,18.24000
31.1300,605,5,30,0.03000,BR,1,33,19.14000
31.1400,606,6,30,0.03000,FL,0,24,18.90000
31.1400,606,6,30,0.03000,BL,0,17,18.69000
31.1400,606,6,30,0.03000,FR,0,9,18.45000
31.1400,606,6,30,0.03000,FR,1,39,19.35000
31.1400,606,6,30,0.03000,BR,0,2,18.24000
31.1400,606,6,30,0.03000,BR,1,32,19.14000
31.1500,606,6,30,0.03000,FL,0,24,18.90000
31.1500,606,6,30,0.03000,BL,0,17,18.69000
31.1500,606,6,30,0.03000,FR,0,9,18.45000
31.1500,606,6,30,0.03000,FR,1,39,19.35000
31.1500,606,6,30,0.03000,BR,0,2,18.24000
31.1500,606,6,30,0.03000,BR,1,32,19.14000
31.1620,606,6,30,0.03000,FL,0,24,18.90000
31.1620,606,6,30,0.03000,BL,0,17,18.69000
31.1620,606,6,30,0.03000,FR,0,9,18.45000
31.1620,606,6,30,0.03000,FR,1,39,19.35000
31.1620,606,6,30,0.03000,BR,0,2,18.24000
31.1620,606,6,30,0.03000,BR,1,32,19.14000
31.1740,607,7,30,0.03000,FL,0,23,18.90000
31.1740,607,7,30,0.03000,BL,0,16,18.69000
31.1740,607,7,30,0.03000,FR,0,8,18.45000
31.1740,607,7,30,0.03000,FR,1,38,19.35000
31.1740,607,7,30,0.03000,BR,0,1,18.24000
31.1740,607,7,30,0.03000,BR,1,31,19.14000
31.1980,607,7,30,0.03000,FL,0,23,18.90000
31.1980,607,7,30,0.03000,BL,0,16,18.69000
31.1980,607,7,30,0.03000,FR,0,8,18.45000
31.1980,607,7,30,0.03000,FR,1,38,19.35000
31.1980,607,7,30,0.03000,BR,0,1,18.24000
31.1980,607,7,30,0.03000,BR,1,31,19.14000
31.2080,608,8,30,0.03000,FL,0,22,18.90000
31.2080,608,8,30,0.03000,BL,0,15,18.69000
31.2080,608,8,30,0.03000,FR,0,7,18.45000
31.2080,608,8,30,0.03000,FR,1,37,19.35000
31.2080,608,8,30,0.03000,BR,0,30,19.14000
31.2180,608,8,30,0.03000,FL,0,22,18.90000
31.2180,608,8,30,0.03000,BL,0,15,18.69000
31.2180,608,8,30,0.03000,FR,0,7,18.45000
31.2180,608,8,30,0.03000,FR,1,37,19.35000
31.2180,608,8,30,0.03000,BR,0,30,19.14000
31.2280,608,8,30,0.03000,FL,0,22,18.90000
31.2280,608,8,30,0.03000,BL,0,15,18.69000
31.2280,608,8,30,0.03000,FR,0,7,18.45000
31.2280,608,8,30,0.03000,FR,1,37,19.35000
31.2280,608,8,30,0.03000,BR,0,30,19.14000
31.2440,609,9,30,0.03000,FL,0,21,18.90000
31.2440,609,9,30,0.03000,BL,0,14,18.69000
31.2440,609,9,30,0.03000,FR,0,6,18.45000
31.2440,609,9,30,0.03000,FR,1,36,19.35000
31.2440,609,9,30,0.03000,BR,0,29,19.14000
31.2700,610,10,30,0.03000,FL,0,20,18.90000
31.2700,610,10,30,0.03000,BL,0,13,18.69000
31.2700,610,10,30,0.03000,FR,0,5,18.45000
31.2700,610,10,30,0.03000,FR,1,35,19.35000
31.2700,610,10,30,0.03000,BR,0,28,19.14000
31.2880,610,10,30,0.03000,FL,0,20,18.90000
31.2880,610,10,30,0.03000,BL,0,13,18.69000
31.2880,610,10,30,0.03000,FR,0,5,18.45000
31.2880,610,10,30,0.03000,FR,1,35,19.35000
31.2880,610,10,30,0.03000,BR,0,28,19.14000
31.2980,611,11,30,0.03000,FL,0,19,18.90000
31.2980,611,11,30,0.03000,BL,0,12,18.69000
31.2980,611,11,30,0.03000,FR,0,4,18.45000
31.2980,611,11,30,0.03000,FR,1,34,19.35000
31.2980,611,11,30,0.03000,BR,0,27,19.14000
31.3100,611,11,30,0.03000,FL,0,19,18.90000
31.3100,611,11,30,0.03000,BL,0,12,18.69000
31.3100,611,11,30,0.03000,FR,0,4,18.45000
31.3100,611,11,30,0.03000,FR,1,34,19.35000
31.3100,611,11,30,0.03000,BR,0,27,19.14000
31.3380,612,12,30,0.03000,FL,0,18,18.90000
31.3380,612,12,30,0.03000,BL,0,11,18.69000
31.3380,612,12,30,0.03000,FR,0,3,18.45000
31.3380,612,12,30,0.03000,FR,1,33,19.35000
31.3380,612,12,30,0.03000,BR,0,26,19.14000
31.3480,612,12,30,0.03000,FL,0,18,18.90000
31.3480,612,12,30,0.03000,BL,0,11,18.69000
31.3480,612,12,30,0.03000,FR,0,3,18.45000
31.3480,612,12,30,0.03000,FR,1,33,19.35000
31.3480,612,12,30,0.03000,BR,0,26,19.14000
31.3600,613,13,30,0.03000,FL,0,17,18.90000
31.3600,613,13,30,0.03000,BL,0,10,18.69000
31.3600,613,13,30,0.03000,FR,0,2,18.45000
31.3600,613,13,30,0.03000,FR,1,32,19.35000
31.3600,613,13,30,0.03000,BR,0,25,19.14000
31.3700,613,13,30,0.03000,FL,0,17,18.90000
31.3700,613,13,30,0.03000,BL,0,10,18.69000
31.3700,613,13,30,0.03000,FR,0,2,18.45000
31.3700,613,13,30,0.03000,FR,1,32,19.35000
31.3700,613,13,30,0.03000,BR,0,25,19.14000
31.3800,614,14,30,0.03000,FL,0,16,18.90000
31.3800,614,14,30,0.03000,BL,0,9,18.69000
31.3800,614,14,30,0.03000,BL,1,39,19.59000
31.3800,614,14,30,0.03000,FR,0,1,18.45000
31.3800,614,14,30,0.03000,FR,1,31,19.35000
31.3800,614,14,30,0.03000,BR,0,24,19.14000
31.3920,614,14,30,0.03000,FL,0,16,18.90000
31.3920,614,14,30,0.03000,BL,0,9,18.69000
31.3920,614,14,30,0.03000,BL,1,39,19.59000
31.3920,614,14,30,0.03000,FR,0,1,18.45000
31.3920,614,14,30,0.03000,FR,1,31,19.35000
31.3920,614,14,30,0.03000,BR,0,24,19.14000
31.4000,614,14,30,0.03000,FL,0,16,18.90000
31.4000,614,14,30,0.03000,BL,0,9,18.69000
31.4000,614,14,30,0.03000,BL,1,39,19.59000
31.4000,614,14,30,0.03000,FR,0,1,18.45000
31.4000,614,14,30,0.03000,FR,1,31,19.35000
31.4000,614,14,30,0.03000,BR,0,24,19.14000
31.4120,615,15,30,0.03000,FL,0,15,18.90000
31.4120,615,15,30,0.03000,BL,0,8,18.69000
31.4120,615,15,30,0.03000,BL,1,38,19.59000
31.4120,615,15,30,0.03000,FR,0,30,19.35000
31.4120,615,15,30,0.03000,BR,0,23,19.14000
31.4300,615,15,30,0.03000,FL,0,15,18.90000
31.4300,615,15,30,0.03000,BL,0,8,18.69000
31.4300,615,15,30,0.03000,BL,1,38,19.59000
31.4300,615,15,30,0.03000,FR,0,30,19.35000
31.4300,615,15,30,0.03000,BR,0,23,19.14000
31.4420,616,16,30,0.03000,FL,0,14,18.90000
31.4420,616,16,30,0.03000,BL,0,7,18.69000
31.4420,616,16,30,0.03000,BL,1,37,19.59000
31.4420,616,16,30,0.03000,FR,0,29,19.35000
31.4420,616,16,30,0.03000,BR,0,22,19.14000
31.4560,616,16,30,0.03000,FL,0,14,18.90000
31.4560,616,16,30,0.03000,BL,0,7,18.69000
31.4560,616,16,30,0.03000,BL,1,37,19.59000
31.4560,616,16,30,0.03000,FR,0,29,19.35000
31.4560,616,16,30,0.03000,BR,0,22,19.14000
31.4660,616,16,30,0.03000,FL,0,14,18.90000
31.4660,616,16,30,0.03000,BL,0,7,18.69000
31.4660,616,16,30,0.03000,BL,1,37,19.59000
31.4660,616,16,30,0.03000,FR,0,29,19.35000
31.4660,616,16,30,0.03000,BR,0,22,19.14000
31.4760,617,17,30,0.03000,FL,0,13,18.90000
31.4760,617,17,30,0.03000,BL,0,6,18.69000
31.4760,617,17,30,0.03000,BL,1,36,19.59000
31.4760,617,17,30,0.03000,FR,0,28,19.35000
31.4760,617,17,30,0.03000,BR,0,21,19.14000
31.4900,617,17,30,0.03000,FL,0,13,18.90000
31.4900,617,17,30,0.03000,BL,0,6,18.69000
31.4900,617,17,30,0.03000,BL,1,36,19.59000
31.4900,617,17,30,0.03000,FR,0,28,19.35000
31.4900,617,17,30,0.03000,BR,0,21,19.14000
31.4980,617,17,30,0.03000,FL,0,13,18.90000
31.4980,617,17,30,0.03000,BL,0,6,18.69000
31.4980,617,17,30,0.03000,BL,1,36,19.59000
31.4980,617,17,30,0.03000,FR,0,28,19.35000
31.4980,617,17,30,0.03000,BR,0,21,19.14000
31.5100,618,18,30,0.03000,FL,0,12,18.90000
31.5100,618,18,30,0.03000,BL,0,5,18.69000
31.5100,618,18,30,0.03000,BL,1,35,19.59000
31.5100,618,18,30,0.03000,FR,0,27,19.35000
31.5100,618,18,30,0.03000,BR,0,20,19.14000
31.5180,618,18,30,0.03000,FL,0,12,18.90000
31.5180,618,18,30,0.03000,BL,0,5,18.69000
31.5180,618,18,30,0.03000,BL,1,35,19.59000
31.5180,618,18,30,0.03000,FR,0,27,19.35000
31.5180,618,18,30,0.03000,BR,0,20,19.14000
31.5280,618,18,30,0.03000,FL,0,12,18.90000
31.5280,618,18,30,0.03000,BL,0,5,18.69000
31.5280,618,18,30,0.03000,BL,1,35,19.59000
31.5280,618,18,30,0.03000,FR,0,27,19.35000
31.5280,618,18,30,0.03000,BR,0,20,19.14000
31.5380,619,19,30,0.03000,FL,0,11,18.90000
31.5380,619,19,30,0.03000,BL,0,4,18.69000
31.5380,619,19,30,0.03000,BL,1,34,19.59000
31.5380,619,19,30,0.03000,FR,0,26,19.35000
31.5380,619,19,30,0.03000,BR,0,19,19.14000
31.5480,619,19,30,0.03000,FL,0,11,18.90000
31.5480,619,19,30,0.03000,BL,0,4,18.69000
31.5480,619,19,30,0.03000,BL,1,34,19.59000
31.5480,619,19,30,0.03000,FR,0,26,19.35000
31.5480,619,19,30,0.03000,BR,0,19,19.14000
31.5580,619,19,30,0.03000,FL,0,11,18.90000
31.5580,619,19,30,0.03000,BL,0,4,18.69000
31.5580,619,19,30,0.03000,BL,1,34,19.59000
31.5580,619,19,30,0.03000,FR,0,26,19.35000
31.5580,619,19,30,0.03000,BR,0,19,19.14000
31.5680,620,20,30,0.03000,FL,0,10,18.90000
31.5680,620,20,30,0.03000,BL,0,3,18.69000
31.5680,620,20,30,0.03000,BL,1,33,19.59000
31.5680,620,20,30,0.03000,FR,0,25,19.35000
31.5680,620,20,30,0.03000,BR,0,18,19.14000
31.5780,620,20,30,0.03000,FL,0,10,18.90000
31.5780,620,20,30,0.03000,BL,0,3,18.69000
31.5780,620,20,30,0.03000,BL,1,33,19.59000
31.5780,620,20,30,0.03000,FR,0,25,19.35000
31.5780,620,20,30,0.03000,BR,0,18,19.14000
31.5880,620,20,30,0.03000,FL,0,10,18.90000
31.5880,620,20,30,0.03000,BL,0,3,18.69000
31.5880,620,20,30,0.03000,BL,1,33,19.59000
31.5880,620,20,30,0.03000,FR,0,25,19.35000
31.5880,620,20,30,0.03000,BR,0,18,19.14000
31.6000,621,21,30,0.03000,FL,0,9,18.90000
31.6000,621,21,30,0.03000,FL,1,39,19.80000
31.6000,621,21,30,0.03000,BL,0,2,18.69000
31.6000,621,21,30,0.03000,BL,1,32,19.59000
31.6000,621,21,30,0.03000,FR,0,24,19.35000
31.6000,621,21,30,0.03000,BR,0,17,19.14000
31.6080,621,21,30,0.03000,FL,0,9,18.90000
31.6080,621,21,30,0.03000,FL,1,39,19.80000
31.6080,621,21,30,0.03000,BL,0,2,18.69000
31.6080,621,21,30,0.03000,BL,1,32,19.59000
31.6080,621,21,30,0.03000,FR,0,24,19.35000
31.6080,621,21,30,0.03000,BR,0,17,19.14000
31.6220,622,22,30,0.03000,FL,0,8,18.90000
31.6220,622,22,30,0.03000,FL,1,38,19.80000
31.6220,622,22,30,0.03000,BL,0,1,18.69000
31.6220,622,22,30,0.03000,BL,1,31,19.59000
31.6220,622,22,30,0.03000,FR,0,23,19.35000
31.6220,622,22,30,0.03000,BR,0,16,19.14000
31.6480,622,22,30,0.03000,FL,0,8,18.90000
31.6480,622,22,30,0.03000,FL,1,38,19.80000
31.6480,622,22,30,0.03000,BL,0,1,18.69000
31.6480,622,22,30,0.03000,BL,1,31,19.59000
31.6480,622,22,30,0.03000,FR,0,23,19.35000
31.6480,622,22,30,0.03000,BR,0,16,19.14000
31.6640,623,23,30,0.03000,FL,0,7,18.90000
31.6640,623,23,30,0.03000,FL,1,37,19.80000
31.6640,623,23,30,0.03000,BL,0,30,19.59000
31.6640,623,23,30,0.03000,FR,0,22,19.35000
31.6640,623,23,30,0.03000,BR,0,15,19.14000
31.6740,623,23,30,0.03000,FL,0,7,18.90000
31.6740,623,23,30,0.03000,FL,1,37,19.80000
31.6740,623,23,30,0.03000,BL,0,30,19.59000
31.6740,623,23,30,0.03000,FR,0,22,19.35000
31.6740,623,23,30,0.03000,BR,0,15,19.14000
31.6900,624,24,30,0.03000,FL,0,6,18.90000
31.6900,624,24,30,0.03000,FL,1,36,19.80000
31.6900,624,24,30,0.03000,BL,0,29,19.59000
31.6900,624,24,30,0.03000,FR,0,21,19.35000
31.6900,624,24,30,0.03000,BR,0,14,19.14000
31.7020,624,24,30,0.03000,FL,0,6,18.90000
31.7020,624,24,30,0.03000,FL,1,36,19.80000
31.7020,624,24,30,0.03000,BL,0,29,19.59000
31.7020,624,24,30,0.03000,FR,0,21,19.35000
31.7020,624,24,30,0.03000,BR,0,14,19.14000
31.7160,625,25,30,0.03000,FL,0,5,18.90000
31.7160,625,25,30,0.03000,FL,1,35,19.80000
31.7160,625,25,30,0.03000,BL,0,28,19.59000
31.7160,625,25,30,0.03000,FR,0,20,19.35000
31.7160,625,25,30,0.03000,BR,0,13,19.14000
31.7300,625,25,30,0.03000,FL,0,5,18.90000
31.7300,625,25,30,0.03000,FL,1,35,19.80000
31.7300,625,25,30,0.03000,BL,0,28,19.59000
31.7300,625,25,30,0.03000,FR,0,20,19.35000
31.7300,625,25,30,0.03000,BR,0,13,19.14000
31.7380,625,25,30,0.03000,FL,0,5,18.90000
31.7380,625,25,30,0.03000,FL,1,35,19.80000
31.7380,625,25,30,0.03000,BL,0,28,19.59000
31.7380,625,25,30,0.03000,FR,0,20,19.35000
31.7380,625,25,30,0.03000,BR,0,13,19.14000
31.7520,626,26,30,0.03000,FL,0,4,18.90000
31.7520,626,26,30,0.03000,FL,1,34,19.80000
31.7520,626,26,30,0.03000,BL,0,27,19.59000
31.7520,626,26,30,0.03000,FR,0,19,19.35000
31.7520,626,26,30,0.03000,BR,0,12,19.14000
31.7620,626,26,30,0.03000,FL,0,4,18.90000
31.7620,626,26,30,0.03000,FL,1,34,19.80000
31.7620,626,26,30,0.03000,BL,0,27,19.59000
31.7620,626,26,30,0.03000,FR,0,19,19.35000
31.7620,626,26,30,0.03000,BR,0,12,19.14000
31.7720,627,27,30,0.03000,FL,0,3,18.90000
31.7720,627,27,30,0.03000,FL,1,33,19.80000
31.7720,627,27,30,0.03000,BL,0,26,19.59000
31.7720,627,27,30,0.03000,FR,0,18,19.35000
31.7720,627,27,30,0.03000,BR,0,11,19.14000
31.7820,627,27,30,0.03000,FL,0,3,18.90000
31.7820,627,27,30,0.03000,FL,1,33,19.80000
31.7820,627,27,30,0.03000,BL,0,26,19.59000
31.7820,627,27,30,0.03000,FR,0,18,19.35000
31.7820,627,27,30,0.03000,BR,0,11,19.14000
31.7920,627,27,30,0.03000,FL,0,3,18.90000
31.7920,627,27,30,0.03000,FL,1,33,19.80000
31.7920,627,27,30,0.03000,BL,0,26,19.59000
31.7920,627,27,30,0.03000,FR,0,18,19.35000
31.7920,627,27,30,0.03000,BR,0,11,19.14000
31.8040,628,28,30,0.03000,FL,0,2,18.90000
31.8040,628,28,30,0.03000,FL,1,32,19.80000
31.8040,628,28,30,0.03000,BL,0,25,19.59000
31.8040,628,28,30,0.03000,FR,0,17,19.35000
31.8040,628,28,30,0.03000,BR,0,10,19.14000
31.8140,628,28,30,0.03000,FL,0,2,18.90000
31.8140,628,28,30,0.03000,FL,1,32,19.80000
31.8140,628,28,30,0.03000,BL,0,25,19.59000
31.8140,628,28,30,0.03000,FR,0,17,19.35000
31.8140,628,28,30,0.03000,BR,0,10,19.14000
31.8240,628,28,30,0.03000,FL,0,2,18.90000
31.8240,628,28,30,0.03000,FL,1,32,19.80000
31.8240,628,28,30,0.03000,BL,0,25,19.59000
31.8240,628,28,30,0.03000,FR,0,17,19.35000
31.8240,628,28,30,0.03000,BR,0,10,19.14000
31.8340,629,29,30,0.03000,FL,0,1,18.90000
31.8340,629,29,30,0.03000,FL,1,31,19.80000
31.8340,629,29,30,0.03000,BL,0,24,19.59000
31.8340,629,29,30,0.03000,FR,0,16,19.35000
31.8340,629,29,30,0.03000,BR,0,9,19.14000
31.8340,629,29,30,0.03000,BR,1,39,20.04000
31.8420,629,29,30,0.03000,FL,0,1,18.90000
31.8420,629,29,30,0.03000,FL,1,31,19.80000
31.8420,629,29,30,0.03000,BL,0,24,19.59000
31.8420,629,29,30,0.03000,FR,0,16,19.35000
31.8420,629,29,30,0.03000,BR,0,9,19.14000
31.8420,629,29,30,0.03000,BR,1,39,20.04000
31.8520,629,29,30,0.03000,FL,0,1,18.90000
31.8520,629,29,30,0.03000,FL,1,31,19.80000
31.8520,629,29,30,0.03000,BL,0,24,19.59000
31.8520,629,29,30,0.03000,FR,0,16,19.35000
31.8520,629,29,30,0.03000,BR,0,9,19.14000
31.8520,629,29,30,0.03000,BR,1,39,20.04000
31.8620,630,0,30,0.03000,FL,0,30,19.80000
31.8620,630,0,30,0.03000,BL,0,23,19.59000
31.8620,630,0,30,0.03000,FR,0,15,19.35000
31.8620,630,0,30,0.03000,BR,0,8,19.14000
31.8620,630,0,30,0.03000,BR,1,38,20.04000
31.8820,630,0,30,0.03000,FL,0,30,19.80000
31.8820,630,0,30,0.03000,BL,0,23,19.59000
31.8820,630,0,30,0.03000,FR,0,15,19.35000
31.8820,630,0,30,0.03000,BR,0,8,19.14000
31.8820,630,0,30,0.03000,BR,1,38,20.04000
31.8900,631,1,30,0.03000,FL,0,29,19.80000
31.8900,631,1,30,0.03000,BL,0,22,19.59000
31.8900,631,1,30,0.03000,FR,0,14,19.35000
31.8900,631,1,30,0.03000,BR,0,7,19.14000
31.8900,631,1,30,0.03000,BR,1,37,20.04000
31.9000,631,1,30,0.03000,FL,0,29,19.80000
31.9000,631,1,30,0.03000,BL,0,22,19.59000
31.9000,631,1,30,0.03000,FR,0,14,19.35000
31.9000,631,1,30,0.03000,BR,0,7,19.14000
31.9000,631,1,30,0.03000,BR,1,37,20.04000
31.9100,631,1,30,0.03000,FL,0,29,19.80000
31.9100,631,1,30,0.03000,BL,0,22,19.59000
31.9100,631,1,30,0.03000,FR,0,14,19.35000
31.9100,631,1,30,0.03000,BR,0,7,19.14000
31.9100,631,1,30,0.03000,BR,1,37,20.04000
31.9200,632,2,30,0.03000,FL,0,28,19.80000
31.9200,632,2,30,0.03000,BL,0,21,19.59000
31.9200,632,2,30,0.03000,FR,0,13,19.35000
31.9200,632,2,30,0.03000,BR,0,6,19.14000
31.9200,632,2,30,0.03000,BR,1,36,20.04000
31.9300,632,2,30,0.03000,FL,0,28,19.80000
31.9300,632,2,30,0.03000,BL,0,21,19.59000
31.9300,632,2,30,0.03000,FR,0,13,19.35000
31.9300,632,2,30,0.03000,BR,0,6,19.14000
31.9300,632,2,30,0.03000,BR,1,36,20.04000
31.9380,632,2,30,0.03000,FL,0,28,19.80000
31.9380,632,2,30,0.03000,BL,0,21,19.59000
31.9380,632,2,30,0.03000,FR,0,13,19.35000
31.9380,632,2,30,0.03000,BR,0,6,19.14000
31.9380,632,2,30,0.03000,BR,1,36,20.04000
31.9520,633,3,30,0.03000,FL,0,27,19.80000
31.9520,633,3,30,0.03000,BL,0,20,19.59000
31.9520,633,3,30,0.03000,FR,0,12,19.35000
31.9520,633,3,30,0.03000,BR,0,5,19.14000
31.9520,633,3,30,0.03000,BR,1,35,20.04000
31.9600,633,3,30,0.03000,FL,0,27,19.80000
31.9600,633,3,30,0.03000,BL,0,20,19.59000
31.9600,633,3,30,0.03000,FR,0,12,19.35000
31.9600,633,3,30,0.03000,BR,0,5,19.14000
31.9600,633,3,30,0.03000,BR,1,35,20.04000
31.9700,633,3,30,0.03000,FL,0,27,19.80000
31.9700,633,3,30,0.03000,BL,0,20,19.59000
31.9700,633,3,30,0.03000,FR,0,12,19.35000
31.9700,633,3,30,0.03000,BR,0,5,19.14000
31.9700,633,3,30,0.03000,BR,1,35,20.04000
31.9800,634,4,30,0.03000,FL,0,26,19.80000
31.9800,634,4,30,0.03000,BL,0,19,19.59000
31.9800,634,4,30,0.03000,FR,0,11,19.35000
31.9800,634,4,30,0.03000,BR,0,4,19.14000
31.9800,634,4,30,0.03000,BR,1,34,20.04000
31.9900,634,4,30,0.03000,FL,0,26,19.80000
31.9900,634,4,30,0.03000,BL,0,19,19.59000
31.9900,634,4,30,0.03000,FR,0,11,19.35000
31.9900,634,4,30,0.03000,BR,0,4,19.14000
31.9900,634,4,30,0.03000,BR,1,34,20.04000
31.9980,634,4,30,0.03000,FL,0,26,19.80000
31.9980,634,4,30,0.03000,BL,0,19,19.59000
31.9980,634,4,30,0.03000,FR,0,11,19.35000
31.9980,634,4,30,0.03000,BR,0,4,19.14000
31.9980,634,4,30,0.03000,BR,1,34,20.04000
32.0080,634,4,30,0.03000,FL,0,26,19.80000
32.0080,634,4,30,0.03000,BL,0,19,19.59000
32.0080,634,4,30,0.03000,FR,0,11,19.35000
32.0080,634,4,30,0.03000,BR,0,4,19.14000
32.0080,634,4,30,0.03000,BR,1,34,20.04000
32.0180,635,5,30,0.03000,FL,0,25,19.80000
32.0180,635,5,30,0.03000,BL,0,18,19.59000
32.0180,635,5,30,0.03000,FR,0,10,19.35000
32.0180,635,5,30,0.03000,BR,0,3,19.14000
32.0180,635,5,30,0.03000,BR,1,33,20.04000
32.0280,635,5,30,0.03000,FL,0,25,19.80000
32.0280,635,5,30,0.03000,BL,0,18,19.59000
32.0280,635,5,30,0.03000,FR,0,10,19.35000
32.0280,635,5,30,0.03000,BR,0,3,19.14000
32.0280,635,5,30,0.03000,BR,1,33,20.04000
32.0380,635,5,30,0.03000,FL,0,25,19.80000
32.0380,635,5,30,0.03000,BL,0,18,19.59000
32.0380,635,5,30,0.03000,FR,0,10,19.35000
32.0380,635,5,30,0.03000,BR,0,3,19.14000
32.0380,635,5,30,0.03000,BR,1,33,20.04000
32.0480,636,6,30,0.03000,FL,0,24,19.80000
32.0480,636,6,30,0.03000,BL,0,17,19.59000
32.0480,636,6,30,0.03000,FR,0,9,19.35000
32.0480,636,6,30,0.03000,FR,1,39,20.25000
32.0480,636,6,30,0.03000,BR,0,2,19.14000
32.0480,636,6,30,0.03000,BR,1,32,20.04000
32.0580,636,6,30,0.03000,FL,0,24,19.80000
32.0580,636,6,30,0.03000,BL,0,17,19.59000
32.0580,636,6,30,0.03000,FR,0,9,19.35000
32.0580,636,6,30,0.03000,FR,1,39,20.25000
32.0580,636,6,30,0.03000,BR,0,2,19.14000
32.0580,636,6,30,0.03000,BR,1,32,20.04000
32.0680,636,6,30,0.03000,FL,0,24,19.80000
32.0680,636,6,30,0.03000,BL,0,17,19.59000
32.0680,636,6,30,0.03000,FR,0,9,19.35000
32.0680,636,6,30,0.03000,FR,1,39,20.25000
32.0680,636,6,30,0.03000,BR,0,2,19.14000
32.0680,636,6,30,0.03000,BR,1,32,20.04000
32.0780,637,7,30,0.03000,FL,0,23,19.80000
32.0780,637,7,30,0.03000,BL,0,16,19.59000
32.0780,637,7,30,0.03000,FR,0,8,19.35000
32.0780,637,7,30,0.03000,FR,1,38,20.25000
32.0780,637,7,30,0.03000,BR,0,1,19.14000
32.0780,637,7,30,0.03000,BR,1,31,20.04000
32.0980,637,7,30,0.03000,FL,0,23,19.80000
32.0980,637,7,30,0.03000,BL,0,16,19.59000
32.0980,637,7,30,0.03000,FR,0,8,19.35000
32.0980,637,7,30,0.03000,FR,1,38,20.25000
32.0980,637,7,30,0.03000,BR,0,1,19.14000
32.0980,637,7,30,0.03000,BR,1,31,20.04000
32.1080,638,8,30,0.03000,FL,0,22,19.80000
32.1080,638,8,30,0.03000,BL,0,15,19.59000
32.1080,638,8,30,0.03000,FR,0,7,19.35000
32.1080,638,8,30,0.03000,FR,1,37,20.25000
32.1080,638,8,30,0.03000,BR,0,30,20.04000
32.1180,638,8,30,0.03000,FL,0,22,19.80000
32.1180,638,8,30,0.03000,BL,0,15,19.59000
32.1180,638,8,30,0.03000,FR,0,7,19.35000
32.1180,638,8,30,0.03000,FR,1,37,20.25000
32.1180,638,8,30,0.03000,BR,0,30,20.04000
32.1280,638,8,30,0.03000,FL,0,22,19.80000
32.1280,638,8,30,0.03000,BL,0,15,19.59000
32.1280,638,8,30,0.03000,FR,0,7,19.35000
32.1280,638,8,30,0.03000,FR,1,37,20.25000
32.1280,638,8,30,0.03000,BR,0,30,20.04000
32.1380,639,9,30,0.03000,FL,0,21,19.80000
32.1380,639,9,30,0.03000,BL,0,14,19.59000
32.1380,639,9,30,0.03000,FR,0,6,19.35000
32.1380,639,9,30,0.03000,FR,1,36,20.25000
32.1380,639,9,30,0.03000,BR,0,29,20.04000
32.1480,639,9,30,0.03000,FL,0,21,19.80000
32.1480,639,9,30,0.03000,BL,0,14,19.59000
32.1480,639,9,30,0.03000,FR,0,6,19.35000
32.1480,639,9,30,0.03000,FR,1,36,20.25000
32.1480,639,9,30,0.03000,BR,0,29,20.04000
32.1580,639,9,30,0.03000,FL,0,21,19.80000
32.1580,639,9,30,0.03000,BL,0,14,19.59000
32.1580,639,9,30,0.03000,FR,0,6,19.35000
32.1580,639,9,30,0.03000,FR,1,36,20.25000
32.1580,639,9,30,0.03000,BR,0,29,20.04000
32.1660,640,10,30,0.03000,FL,0,20,19.80000
32.1660,640,10,30,0.03000,BL,0,13,19.59000
32.1660,640,10,30,0.03000,FR,0,5,19.35000
32.1660,640,10,30,0.03000,FR,1,35,20.25000
32.1660,640,10,30,0.03000,BR,0,28,20.04000
32.1780,640,10,30,0.03000,FL,0,20,19.80000
32.1780,640,10,30,0.03000,BL,0,13,19.59000
32.1780,640,10,30,0.03000,FR,0,5,19.35000
32.1780,640,10,30,0.03000,FR,1,35,20.25000
32.1780,640,10,30,0.03000,BR,0,28,20.04000
32.1880,640,10,30,0.03000,FL,0,20,19.80000
32.1880,640,10,30,0.03000,BL,0,13,19.59000
32.1880,640,10,30,0.03000,FR,0,5,19.35000
32.1880,640,10,30,0.03000,FR,1,35,20.25000
32.1880,640,10,30,0.03000,BR,0,28,20.04000
32.1960,641,11,30,0.03000,FL,0,19,19.80000
32.1960,641,11,30,0.03000,BL,0,12,19.59000
32.1960,641,11,30,0.03000,FR,0,4,19.35000
32.1960,641,11,30,0.03000,FR,1,34,20.25000
32.1960,641,11,30,0.03000,BR,0,27,20.04000
32.2080,641,11,30,0.03000,FL,0,19,19.80000
32.2080,641,11,30,0.03000,BL,0,12,19.59000
32.2080,641,11,30,0.03000,FR,0,4,19.35000
32.2080,641,11,30,0.03000,FR,1,34,20.25000
32.2080,641,11,30,0.03000,BR,0,27,20.04000
32.2180,641,11,30,0.03000,FL,0,19,19.80000
32.2180,641,11,30,0.03000,BL,0,12,19.59000
32.2180,641,11,30,0.03000,FR,0,4,19.35000
32.2180,641,11,30,0.03000,FR,1,34,20.25000
32.2180,641,11,30,0.03000,BR,0,27,20.04000
32.2260,642,12,30,0.03000,FL,0,18,19.80000
32.2260,642,12,30,0.03000,BL,0,11,19.59000
32.2260,642,12,30,0.03000,FR,0,3,19.35000
32.2260,642,12,30,0.03000,FR,1,33,20.25000
32.2260,642,12,30,0.03000,BR,0,26,20.04000
32.2380,642,12,30,0.03000,FL,0,18,19.80000
32.2380,642,12,30,0.03000,BL,0,11,19.59000
32.2380,642,12,30,0.03000,FR,0,3,19.35000
32.2380,642,12,30,0.03000,FR,1,33,20.25000
32.2380,642,12,30,0.03000,BR,0,26,20.04000
32.2480,642,12,30,0.03000,FL,0,18,19.80000
32.2480,642,12,30,0.03000,BL,0,11,19.59000
32.2480,642,12,30,0.03000,FR,0,3,19.35000
32.2480,642,12,30,0.03000,FR,1,33,20.25000
32.2480,642,12,30,0.03000,BR,0,26,20.04000
32.2560,643,13,30,0.03000,FL,0,17,19.80000
32.2560,643,13,30,0.03000,BL,0,10,19.59000
32.2560,643,13,30,0.03000,FR,0,2,19.35000
32.2560,643,13,30,0.03000,FR,1,32,20.25000
32.2560,643,13,30,0.03000,BR,0,25,20.04000
32.2660,643,13,30,0.03000,FL,0,17,19.80000
32.2660,643,13,30,0.03000,BL,0,10,19.59000
32.2660,643,13,30,0.03000,FR,0,2,19.35000
32.2660,643,13,30,0.03000,FR,1,32,20.25000
32.2660,643,13,30,0.03000,BR,0,25,20.04000
32.2760,643,13,30,0.03000,FL,0,17,19.80000
32.2760,643,13,30,0.03000,BL,0,10,19.59000
32.2760,643,13,30,0.03000,FR,0,2,19.35000
32.2760,643,13,30,0.03000,FR,1,32,20.25000
32.2760,643,13,30,0.03000,BR,0,25,20.04000
32.2840,644,14,30,0.03000,FL,0,16,19.80000
32.2840,644,14,30,0.03000,BL,0,9,19.59000
32.2840,644,14,30,0.03000,BL,1,39,20.49000
32.2840,644,14,30,0.03000,FR,0,1,19.35000
32.2840,644,14,30,0.03000,FR,1,31,20.25000
32.2840,644,14,30,0.03000,BR,0,24,20.04000
32.2940,644,14,30,0.03000,FL,0,16,19.80000
32.2940,644,14,30,0.03000,BL,0,9,19.59000
32.2940,644,14,30,0.03000,BL,1,39,20.49000
32.2940,644,14,30,0.03000,FR,0,1,19.35000
32.2940,644,14,30,0.03000,FR,1,31,20.25000
32.2940,644,14,30,0.03000,BR,0,24,20.04000
32.3060,644,14,30,0.03000,FL,0,16,19.80000
32.3060,644,14,30,0.03000,BL,0,9,19.59000
32.3060,644,14,30,0.03000,BL,1,39,20.49000
32.3060,644,14,30,0.03000,FR,0,1,19.35000
32.3060,644,14,30,0.03000,FR,1,31,20.25000
32.3060,644,14,30,0.03000,BR,0,24,20.04000
32.3140,645,15,30,0.03000,FL,0,15,19.80000
32.3140,645,15,30,0.03000,BL,0,8,19.59000
32.3140,645,15,30,0.03000,BL,1,38,20.49000
32.3140,645,15,30,0.03000,FR,0,30,20.25000
32.3140,645,15,30,0.03000,BR,0,23,20.04000
32.3340,645,15,30,0.03000,FL,0,15,19.80000
32.3340,645,15,30,0.03000,BL,0,8,19.59000
32.3340,645,15,30,0.03000,BL,1,38,20.49000
32.3340,645,15,30,0.03000,FR,0,30,20.25000
32.3340,645,15,30,0.03000,BR,0,23,20.04000
32.3440,646,16,30,0.03000,FL,0,14,19.80000
32.3440,646,16,30,0.03000,BL,0,7,19.59000
32.3440,646,16,30,0.03000,BL,1,37,20.49000
32.3440,646,16,30,0.03000,FR,0,29,20.25000
32.3440,646,16,30,0.03000,BR,0,22,20.04000
32.3580,646,16,30,0.03000,FL,0,14,19.80000
32.3580,646,16,30,0.03000,BL,0,7,19.59000
32.3580,646,16,30,0.03000,BL,1,37,20.49000
32.3580,646,16,30,0.03000,FR,0,29,20.25000
32.3580,646,16,30,0.03000,BR,0,22,20.04000
32.3680,646,16,30,0.03000,FL,0,14,19.80000
32.3700,646,16,30,0.03000,BL,0,7,19.59000
32.3700,646,16,30,0.03000,BL,1,37,20.49000
32.3700,646,16,30,0.03000,FR,0,29,20.25000
32.3700,646,16,30,0.03000,BR,0,22,20.04000
32.3800,647,17,30,0.03000,FL,0,13,19.80000
32.3800,647,17,30,0.03000,BL,0,6,19.59000
32.3800,647,17,30,0.03000,BL,1,36,20.49000
32.3800,647,17,30,0.03000,FR,0,28,20.25000
32.3800,647,17,30,0.03000,BR,0,21,20.04000
32.3920,647,17,30,0.03000,FL,0,13,19.80000
32.3920,647,17,30,0.03000,BL,0,6,19.59000
32.3920,647,17,30,0.03000,BL,1,36,20.49000
32.3920,647,17,30,0.03000,FR,0,28,20.25000
32.3920,647,17,30,0.03000,BR,0,21,20.04000
32.4020,648,18,30,0.03000,FL,0,12,19.80000
32.4020,648,18,30,0.03000,BL,0,5,19.59000
32.4020,648,18,30,0.03000,BL,1,35,20.49000
32.4020,648,18,30,0.03000,FR,0,27,20.25000
32.4020,648,18,30,0.03000,BR,0,20,20.04000
32.4160,648,18,30,0.03000,FL,0,12,19.80000
32.4160,648,18,30,0.03000,BL,0,5,19.59000
32.4160,648,18,30,0.03000,BL,1,35,20.49000
32.4160,648,18,30,0.03000,FR,0,27,20.25000
32.4160,648,18,30,0.03000,BR,0,20,20.04000
32.4240,648,18,30,0.03000,FL,0,12,19.80000
32.4240,648,18,30,0.03000,BL,0,5,19.59000
32.4240,648,18,30,0.03000,BL,1,35,20.49000
32.4240,648,18,30,0.03000,FR,0,27,20.25000
32.4240,648,18,30,0.03000,BR,0,20,20.04000
32.4380,649,19,30,0.03000,FL,0,11,19.80000
32.4380,649,19,30,0.03000,BL,0,4,19.59000
32.4380,649,19,30,0.03000,BL,1,34,20.49000
32.4380,649,19,30,0.03000,FR,0,26,20.25000
32.4380,649,19,30,0.03000,BR,0,19,20.04000
32.4520,649,19,30,0.03000,FL,0,11,19.80000
32.4520,649,19,30,0.03000,BL,0,4,19.59000
32.4520,649,19,30,0.03000,BL,1,34,20.49000
32.4520,649,19,30,0.03000,FR,0,26,20.25000
32.4520,649,19,30,0.03000,BR,0,19,20.04000
32.4640,650,20,30,0.03000,FL,0,10,19.80000
32.4640,650,20,30,0.03000,BL,0,3,19.59000
32.4640,650,20,30,0.03000,BL,1,33,20.49000
32.4640,650,20,30,0.03000,FR,0,25,20.25000
32.4640,650,20,30,0.03000,BR,0,18,20.04000
32.4740,650,20,30,0.03000,FL,0,10,19.80000
32.4740,650,20,30,0.03000,BL,0,3,19.59000
32.4740,650,20,30,0.03000,BL,1,33,20.49000
32.4740,650,20,30,0.03000,FR,0,25,20.25000
32.4740,650,20,30,0.03000,BR,0,18,20.04000
32.4860,650,20,30,0.03000,FL,0,10,19.80000
32.4860,650,20,30,0.03000,BL,0,3,19.59000
32.4860,650,20,30,0.03000,BL,1,33,20.49000
32.4860,650,20,30,0.03000,FR,0,25,20.25000
32.4860,650,20,30,0.03000,BR,0,18,20.04000
32.4960,651,21,30,0.03000,FL,0,9,19.80000
32.4960,651,21,30,0.03000,FL,1,39,20.70000
32.4960,651,21,30,0.03000,BL,0,2,19.59000
32.4960,651,21,30,0.03000,BL,1,32,20.49000
32.4960,651,21,30,0.03000,FR,0,24,20.25000
32.4960,651,21,30,0.03000,BR,0,17,20.04000
32.5040,651,21,30,0.03000,FL,0,9,19.80000
32.5040,651,21,30,0.03000,FL,1,39,20.70000
32.5040,651,21,30,0.03000,BL,0,2,19.59000
32.5040,651,21,30,0.03000,BL,1,32,20.49000
32.5040,651,21,30,0.03000,FR,0,24,20.25000
32.5040,651,21,30,0.03000,BR,0,17,20.04000
32.5140,651,21,30,0.03000,FL,0,9,19.80000
32.5140,651,21,30,0.03000,FL,1,39,20.70000
32.5140,651,21,30,0.03000,BL,0,2,19.59000
32.5140,651,21,30,0.03000,BL,1,32,20.49000
32.5140,651,21,30,0.03000,FR,0,24,20.25000
32.5140,651,21,30,0.03000,BR,0,17,20.04000
32.5240,652,22,30,0.03000,FL,0,8,19.80000
32.5240,652,22,30,0.03000,FL,1,38,20.70000
32.5240,652,22,30,0.03000,BL,0,1,19.59000
32.5240,652,22,30,0.03000,BL,1,31,20.49000
32.5240,652,22,30,0.03000,FR,0,23,20.25000
32.5240,652,22,30,0.03000,BR,0,16,20.04000
32.5440,652,22,30,0.03000,FL,0,8,19.80000
32.5440,652,22,30,0.03000,FL,1,38,20.70000
32.5440,652,22,30,0.03000,BL,0,1,19.59000
32.5440,652,22,30,0.03000,BL,1,31,20.49000
32.5440,652,22,30,0.03000,FR,0,23,20.25000
32.5440,652,22,30,0.03000,BR,0,16,20.04000
32.5540,653,23,30,0.03000,FL,0,7,19.80000
32.5540,653,23,30,0.03000,FL,1,37,20.70000
32.5540,653,23,30,0.03000,BL,0,30,20.49000
32.5540,653,23,30,0.03000,FR,0,22,20.25000
32.5540,653,23,30,0.03000,BR,0,15,20.04000
32.5640,653,23,30,0.03000,FL,0,7,19.80000
32.5640,653,23,30,0.03000,FL,1,37,20.70000
32.5640,653,23,30,0.03000,BL,0,30,20.49000
32.5640,653,23,30,0.03000,FR,0,22,20.25000
32.5640,653,23,30,0.03000,BR,0,15,20.04000
32.5740,653,23,30,0.03000,FL,0,7,19.80000
32.5740,653,23,30,0.03000,FL,1,37,20.70000
32.5740,653,23,30,0.03000,BL,0,30,20.49000
32.5740,653,23,30,0.03000,FR,0,22,20.25000
32.5740,653,23,30,0.03000,BR,0,15,20.04000
32.5860,654,24,30,0.03000,FL,0,6,19.80000
32.5860,654,24,30,0.03000,FL,1,36,20.70000
32.5860,654,24,30,0.03000,BL,0,29,20.49000
32.5860,654,24,30,0.03000,FR,0,21,20.25000
32.5860,654,24,30,0.03000,BR,0,14,20.04000
32.5940,654,24,30,0.03000,FL,0,6,19.80000
32.5940,654,24,30,0.03000,FL,1,36,20.70000
32.5940,654,24,30,0.03000,BL,0,29,20.49000
32.5940,654,24,30,0.03000,FR,0,21,20.25000
32.5940,654,24,30,0.03000,BR,0,14,20.04000
32.6040,654,24,30,0.03000,FL,0,6,19.80000
32.6040,654,24,30,0.03000,FL,1,36,20.70000
32.6040,654,24,30,0.03000,BL,0,29,20.49000
32.6040,654,24,30,0.03000,FR,0,21,20.25000
32.6040,654,24,30,0.03000,BR,0,14,20.04000
32.6140,655,25,30,0.03000,FL,0,5,19.80000
32.6140,655,25,30,0.03000,FL,1,35,20.70000
32.6140,655,25,30,0.03000,BL,0,28,20.49000
32.6140,655,25,30,0.03000,FR,0,20,20.25000
32.6140,655,25,30,0.03000,BR,0,13,20.04000
32.6240,655,25,30,0.03000,FL,0,5,19.80000
32.6240,655,25,30,0.03000,FL,1,35,20.70000
32.6240,655,25,30,0.03000,BL,0,28,20.49000
32.6240,655,25,30,0.03000,FR,0,20,20.25000
32.6240,655,25,30,0.03000,BR,0,13,20.04000
32.6380,655,25,30,0.03000,FL,0,5,19.80000
32.6380,655,25,30,0.03000,FL,1,35,20.70000
32.6380,655,25,30,0.03000,BL,0,28,20.49000
32.6380,655,25,30,0.03000,FR,0,20,20.25000
32.6380,655,25,30,0.03000,BR,0,13,20.04000
32.6480,656,26,30,0.03000,FL,0,4,19.80000
32.6480,656,26,30,0.03000,FL,1,34,20.70000
32.6480,656,26,30,0.03000,BL,0,27,20.49000
32.6480,656,26,30,0.03000,FR,0,19,20.25000
32.6480,656,26,30,0.03000,BR,0,12,20.04000
32.6600,656,26,30,0.03000,FL,0,4,19.80000
32.6600,656,26,30,0.03000,FL,1,34,20.70000
32.6600,656,26,30,0.03000,BL,0,27,20.49000
32.6600,656,26,30,0.03000,FR,0,19,20.25000
32.6600,656,26,30,0.03000,BR,0,12,20.04000
32.6720,657,27,30,0.03000,FL,0,3,19.80000
32.6720,657,27,30,0.03000,FL,1,33,20.70000
32.6720,657,27,30,0.03000,BL,0,26,20.49000
32.6720,657,27,30,0.03000,FR,0,18,20.25000
32.6720,657,27,30,0.03000,BR,0,11,20.04000
32.6860,657,27,30,0.03000,FL,0,3,19.80000
32.6860,657,27,30,0.03000,FL,1,33,20.70000
32.6860,657,27,30,0.03000,BL,0,26,20.49000
32.6860,657,27,30,0.03000,FR,0,18,20.25000
32.6860,657,27,30,0.03000,BR,0,11,20.04000
32.7240,658,28,30,0.03000,FL,0,2,19.80000
32.7240,658,28,30,0.03000,FL,1,32,20.70000
32.7240,658,28,30,0.03000,BL,0,25,20.49000
32.7240,658,28,30,0.03000,FR,0,17,20.25000
32.7240,658,28,30,0.03000,BR,0,10,20.04000
32.7340,659,29,30,0.03000,FL,0,1,19.80000
32.7340,659,29,30,0.03000,FL,1,31,20.70000
32.7340,659,29,30,0.03000,BL,0,24,20.49000
32.7340,659,29,30,0.03000,FR,0,16,20.25000
32.7340,659,29,30,0.03000,BR,0,9,20.04000
32.7340,659,29,30,0.03000,BR,1,39,20.94000
32.7480,659,29,30,0.03000,FL,0,1,19.80000
32.7480,659,29,30,0.03000,FL,1,31,20.70000
32.7480,659,29,30,0.03000,BL,0,24,20.49000
32.7480,659,29,30,0.03000,FR,0,16,20.25000
32.7480,659,29,30,0.03000,BR,0,9,20.04000
32.7480,659,29,30,0.03000,BR,1,39,20.94000
32.7580,659,29,30,0.03000,FL,0,1,19.80000
32.7580,659,29,30,0.03000,FL,1,31,20.70000
32.7580,659,29,30,0.03000,BL,0,24,20.49000
32.7580,659,29,30,0.03000,FR,0,16,20.25000
32.7580,659,29,30,0.03000,BR,0,9,20.04000
32.7580,659,29,30,0.03000,BR,1,39,20.94000
32.7680,660,0,30,0.03000,FL,0,30,20.70000
32.7680,660,0,30,0.03000,BL,0,23,20.49000
32.7680,660,0,30,0.03000,FR,0,15,20.25000
32.7680,660,0,30,0.03000,BR,0,8,20.04000
32.7680,660,0,30,0.03000,BR,1,38,20.94000
32.7880,660,0,30,0.03000,FL,0,30,20.70000
32.7880,660,0,30,0.03000,BL,0,23,20.49000
32.7880,660,0,30,0.03000,FR,0,15,20.25000
32.7880,660,0,30,0.03000,BR,0,8,20.04000
32.7880,660,0,30,0.03000,BR,1,38,20.94000
32.7960,661,1,30,0.03000,FL,0,29,20.70000
32.7960,661,1,30,0.03000,BL,0,22,20.49000
32.7960,661,1,30,0.03000,FR,0,14,20.25000
32.7960,661,1,30,0.03000,BR,0,7,20.04000
32.7960,661,1,30,0.03000,BR,1,37,20.94000
32.8080,661,1,30,0.03000,FL,0,29,20.70000
32.8080,661,1,30,0.03000,BL,0,22,20.49000
32.8080,661,1,30,0.03000,FR,0,14,20.25000
32.8080,661,1,30,0.03000,BR,0,7,20.04000
32.8080,661,1,30,0.03000,BR,1,37,20.94000
32.8160,661,1,30,0.03000,FL,0,29,20.70000
32.8160,661,1,30,0.03000,BL,0,22,20.49000
32.8160,661,1,30,0.03000,FR,0,14,20.25000
32.8160,661,1,30,0.03000,BR,0,7,20.04000
32.8160,661,1,30,0.03000,BR,1,37,20.94000
32.8260,662,2,30,0.03000,FL,0,28,20.70000
32.8260,662,2,30,0.03000,BL,0,21,20.49000
32.8260,662,2,30,0.03000,FR,0,13,20.25000
32.8260,662,2,30,0.03000,BR,0,6,20.04000
32.8260,662,2,30,0.03000,BR,1,36,20.94000
32.8360,662,2,30,0.03000,FL,0,28,20.70000
32.8360,662,2,30,0.03000,BL,0,21,20.49000
32.8360,662,2,30,0.03000,FR,0,13,20.25000
32.8360,662,2,30,0.03000,BR,0,6,20.04000
32.8360,662,2,30,0.03000,BR,1,36,20.94000
32.8460,662,2,30,0.03000,FL,0,28,20.70000
32.8460,662,2,30,0.03000,BL,0,21,20.49000
32.8460,662,2,30,0.03000,FR,0,13,20.25000
32.8460,662,2,30,0.03000,BR,0,6,20.04000
32.8460,662,2,30,0.03000,BR,1,36,20.94000
32.8560,663,3,30,0.03000,FL,0,27,20.70000
32.8560,663,3,30,0.03000,BL,0,20,20.49000
32.8560,663,3,30,0.03000,FR,0,12,20.25000
32.8560,663,3,30,0.03000,BR,0,5,20.04000
32.8560,663,3,30,0.03000,BR,1,35,20.94000
32.8660,663,3,30,0.03000,FL,0,27,20.70000
32.8660,663,3,30,0.03000,BL,0,20,20.49000
32.8660,663,3,30,0.03000,FR,0,12,20.25000
32.8660,663,3,30,0.03000,BR,0,5,20.04000
32.8660,663,3,30,0.03000,BR,1,35,20.94000
32.8780,663,3,30,0.03000,FL,0,27,20.70000
32.8780,663,3,30,0.03000,BL,0,20,20.49000
32.8780,663,3,30,0.03000,FR,0,12,20.25000
32.8780,663,3,30,0.03000,BR,0,5,20.04000
32.8780,663,3,30,0.03000,BR,1,35,20.94000
32.8920,664,4,30,0.03000,FL,0,26,20.70000
32.8920,664,4,30,0.03000,BL,0,19,20.49000
32.8920,664,4,30,0.03000,FR,0,11,20.25000
32.8920,664,4,30,0.03000,BR,0,4,20.04000
32.8920,664,4,30,0.03000,BR,1,34,20.94000
32.9000,664,4,30,0.03000,FL,0,26,20.70000
32.9000,664,4,30,0.03000,BL,0,19,20.49000
32.9000,664,4,30,0.03000,FR,0,11,20.25000
32.9000,664,4,30,0.03000,BR,0,4,20.04000
32.9000,664,4,30,0.03000,BR,1,34,20.94000
32.9120,665,5,30,0.03000,FL,0,25,20.70000
32.9120,665,5,30,0.03000,BL,0,18,20.49000
32.9120,665,5,30,0.03000,FR,0,10,20.25000
32.9120,665,5,30,0.03000,BR,0,3,20.04000
32.9120,665,5,30,0.03000,BR,1,33,20.94000
32.9220,665,5,30,0.03000,FL,0,25,20.70000
32.9220,665,5,30,0.03000,BL,0,18,20.49000
32.9220,665,5,30,0.03000,FR,0,10,20.25000
32.9220,665,5,30,0.03000,BR,0,3,20.04000
32.9220,665,5,30,0.03000,BR,1,33,20.94000
32.9320,665,5,30,0.03000,FL,0,25,20.70000
32.9320,665,5,30,0.03000,BL,0,18,20.49000
32.9320,665,5,30,0.03000,FR,0,10,20.25000
32.9320,665,5,30,0.03000,BR,0,3,20.04000
32.9320,665,5,30,0.03000,BR,1,33,20.94000
32.9420,666,6,30,0.03000,FL,0,24,20.70000
32.9420,666,6,30,0.03000,BL,0,17,20.49000
32.9420,666,6,30,0.03000,FR,0,9,20.25000
32.9420,666,6,30,0.03000,FR,1,39,21.15000
32.9420,666,6,30,0.03000,BR,0,2,20.04000
32.9420,666,6,30,0.03000,BR,1,32,20.94000
32.9520,666,6,30,0.03000,FL,0,24,20.70000
32.9520,666,6,30,0.03000,BL,0,17,20.49000
32.9520,666,6,30,0.03000,FR,0,9,20.25000
32.9520,666,6,30,0.03000,FR,1,39,21.15000
32.9520,666,6,30,0.03000,BR,0,2,20.04000
32.9520,666,6,30,0.03000,BR,1,32,20.94000
32.9620,666,6,30,0.03000,FL,0,24,20.70000
32.9620,666,6,30,0.03000,BL,0,17,20.49000
32.9620,666,6,30,0.03000,FR,0,9,20.25000
32.9620,666,6,30,0.03000,FR,1,39,21.15000
32.9620,666,6,30,0.03000,BR,0,2,20.04000
32.9620,666,6,30,0.03000,BR,1,32,20.94000
32.9720,667,7,30,0.03000,FL,0,23,20.70000
32.9720,667,7,30,0.03000,BL,0,16,20.49000
32.9720,667,7,30,0.03000,FR,0,8,20.25000
32.9720,667,7,30,0.03000,FR,1,38,21.15000
32.9720,667,7,30,0.03000,BR,0,1,20.04000
32.9720,667,7,30,0.03000,BR,1,31,20.94000
32.9900,667,7,30,0.03000,FL,0,23,20.70000
32.9900,667,7,30,0.03000,BL,0,16,20.49000
32.9900,667,7,30,0.03000,FR,0,8,20.25000
32.9900,667,7,30,0.03000,FR,1,38,21.15000
32.9900,667,7,30,0.03000,BR,0,1,20.04000
32.9900,667,7,30,0.03000,BR,1,31,20.94000
33.0000,668,8,30,0.03000,FL,0,22,20.70000
33.0000,668,8,30,0.03000,BL,0,15,20.49000
33.0000,668,8,30,0.03000,FR,0,7,20.25000
33.0000,668,8,30,0.03000,FR,1,37,21.15000
33.0000,668,8,30,0.03000,BR,0,30,20.94000
33.0100,668,8,30,0.03000,FL,0,22,20.70000
33.0100,668,8,30,0.03000,BL,0,15,20.49000
33.0100,668,8,30,0.03000,FR,0,7,20.25000
33.0100,668,8,30,0.03000,FR,1,37,21.15000
33.0100,668,8,30,0.03000,BR,0,30,20.94000
33.0200,668,8,30,0.03000,FL,0,22,20.70000
33.0200,668,8,30,0.03000,BL,0,15,20.49000
33.0200,668,8,30,0.03000,FR,0,7,20.25000
33.0200,668,8,30,0.03000,FR,1,37,21.15000
33.0200,668,8,30,0.03000,BR,0,30,20.94000
33.0300,669,9,30,0.03000,FL,0,21,20.70000
33.0300,669,9,30,0.03000,BL,0,14,20.49000
33.0300,669,9,30,0.03000,FR,0,6,20.25000
33.0300,669,9,30,0.03000,FR,1,36,21.15000
33.0300,669,9,30,0.03000,BR,0,29,20.94000
33.0400,669,9,30,0.03000,FL,0,21,20.70000
33.0400,669,9,30,0.03000,BL,0,14,20.49000
33.0400,669,9,30,0.03000,FR,0,6,20.25000
33.0400,669,9,30,0.03000,FR,1,36,21.15000
33.0400,669,9,30,0.03000,BR,0,29,20.94000
33.0500,669,9,30,0.03000,FL,0,21,20.70000
33.0500,669,9,30,0.03000,BL,0,14,20.49000
33.0500,669,9,30,0.03000,FR,0,6,20.25000
33.0500,669,9,30,0.03000,FR,1,36,21.15000
33.0500,669,9,30,0.03000,BR,0,29,20.94000
33.0600,670,10,30,0.03000,FL,0,20,20.70000
33.0600,670,10,30,0.03000,BL,0,13,20.49000
33.0600,670,10,30,0.03000,FR,0,5,20.25000
33.0600,670,10,30,0.03000,FR,1,35,21.15000
33.0600,670,10,30,0.03000,BR,0,28,20.94000
33.0680,670,10,30,0.03000,FL,0,20,20.70000
33.0680,670,10,30,0.03000,BL,0,13,20.49000
33.0680,670,10,30,0.03000,FR,0,5,20.25000
33.0680,670,10,30,0.03000,FR,1,35,21.15000
33.0680,670,10,30,0.03000,BR,0,28,20.94000
33.0800,670,10,30,0.03000,FL,0,20,20.70000
33.0800,670,10,30,0.03000,BL,0,13,20.49000
33.0800,670,10,30,0.03000,FR,0,5,20.25000
33.0800,670,10,30,0.03000,FR,1,35,21.15000
33.0800,670,10,30,0.03000,BR,0,28,20.94000
33.0900,671,11,30,0.03000,FL,0,19,20.70000
33.0900,671,11,30,0.03000,BL,0,12,20.49000
33.0900,671,11,30,0.03000,FR,0,4,20.25000
33.0900,671,11,30,0.03000,FR,1,34,21.15000
33.0900,671,11,30,0.03000,BR,0,27,20.94000
33.1000,671,11,30,0.03000,FL,0,19,20.70000
33.1000,671,11,30,0.03000,BL,0,12,20.49000
33.1000,671,11,30,0.03000,FR,0,4,20.25000
33.1000,671,11,30,0.03000,FR,1,34,21.15000
33.1000,671,11,30,0.03000,BR,0,27,20.94000
33.1100,671,11,30,0.03000,FL,0,19,20.70000
33.1100,671,11,30,0.03000,BL,0,12,20.49000
33.1100,671,11,30,0.03000,FR,0,4,20.25000
33.1100,671,11,30,0.03000,FR,1,34,21.15000
33.1100,671,11,30,0.03000,BR,0,27,20.94000
33.1200,672,12,30,0.03000,FL,0,18,20.70000
33.1200,672,12,30,0.03000,BL,0,11,20.49000
33.1200,672,12,30,0.03000,FR,0,3,20.25000
33.1200,672,12,30,0.03000,FR,1,33,21.15000
33.1200,672,12,30,0.03000,BR,0,26,20.94000
33.1280,672,12,30,0.03000,FL,0,18,20.70000
33.1280,672,12,30,0.03000,BL,0,11,20.49000
33.1280,672,12,30,0.03000,FR,0,3,20.25000
33.1280,672,12,30,0.03000,FR,1,33,21.15000
33.1280,672,12,30,0.03000,BR,0,26,20.94000
33.1400,672,12,30,0.03000,FL,0,18,20.70000
33.1400,672,12,30,0.03000,BL,0,11,20.49000
33.1400,672,12,30,0.03000,FR,0,3,20.25000
33.1400,672,12,30,0.03000,FR,1,33,21.15000
33.1400,672,12,30,0.03000,BR,0,26,20.94000
33.1480,672,12,30,0.03000,FL,0,18,20.70000
33.1480,672,12,30,0.03000,BL,0,11,20.49000
33.1480,672,12,30,0.03000,FR,0,3,20.25000
33.1480,672,12,30,0.03000,FR,1,33,21.15000
33.1480,672,12,30,0.03000,BR,0,26,20.94000
33.1580,673,13,30,0.03000,FL,0,17,20.70000
33.1580,673,13,30,0.03000,BL,0,10,20.49000
33.1580,673,13,30,0.03000,FR,0,2,20.25000
33.1580,673,13,30,0.03000,FR,1,32,21.15000
33.1580,673,13,30,0.03000,BR,0,25,20.94000
33.1680,673,13,30,0.03000,FL,0,17,20.70000
33.1680,673,13,30,0.03000,BL,0,10,20.49000
33.1680,673,13,30,0.03000,FR,0,2,20.25000
33.1680,673,13,30,0.03000,FR,1,32,21.15000
33.1680,673,13,30,0.03000,BR,0,25,20.94000
33.1780,673,13,30,0.03000,FL,0,17,20.70000
33.1780,673,13,30,0.03000,BL,0,10,20.49000
33.1780,673,13,30,0.03000,FR,0,2,20.25000
33.1780,673,13,30,0.03000,FR,1,32,21.15000
33.1780,673,13,30,0.03000,BR,0,25,20.94000
33.1880,674,14,30,0.03000,FL,0,16,20.70000
33.1880,674,14,30,0.03000,BL,0,9,20.49000
33.1880,674,14,30,0.03000,BL,1,39,21.39000
33.1880,674,14,30,0.03000,FR,0,1,20.25000
33.1880,674,14,30,0.03000,FR,1,31,21.15000
33.1880,674,14,30,0.03000,BR,0,24,20.94000
33.1980,674,14,30,0.03000,FL,0,16,20.70000
33.1980,674,14,30,0.03000,BL,0,9,20.49000
33.1980,674,14,30,0.03000,BL,1,39,21.39000
33.1980,674,14,30,0.03000,FR,0,1,20.25000
33.1980,674,14,30,0.03000,FR,1,31,21.15000
33.1980,674,14,30,0.03000,BR,0,24,20.94000
33.2080,674,14,30,0.03000,FL,0,16,20.70000
33.2080,674,14,30,0.03000,BL,0,9,20.49000
33.2080,674,14,30,0.03000,BL,1,39,21.39000
33.2080,674,14,30,0.03000,FR,0,1,20.25000
33.2080,674,14,30,0.03000,FR,1,31,21.15000
33.2080,674,14,30,0.03000,BR,0,24,20.94000
33.2180,675,15,30,0.03000,FL,0,15,20.70000
33.2180,675,15,30,0.03000,BL,0,8,20.49000
33.2180,675,15,30,0.03000,BL,1,38,21.39000
33.2180,675,15,30,0.03000,FR,0,30,21.15000
33.2180,675,15,30,0.03000,BR,0,23,20.94000
33.2380,675,15,30,0.03000,FL,0,15,20.70000
33.2380,675,15,30,0.03000,BL,0,8,20.49000
33.2380,675,15,30,0.03000,BL,1,38,21.39000
33.2380,675,15,30,0.03000,FR,0,30,21.15000
33.2380,675,15,30,0.03000,BR,0,23,20.94000
33.2480,676,16,30,0.03000,FL,0,14,20.70000
33.2480,676,16,30,0.03000,BL,0,7,20.49000
33.2480,676,16,30,0.03000,BL,1,37,21.39000
33.2480,676,16,30,0.03000,FR,0,29,21.15000
33.2480,676,16,30,0.03000,BR,0,22,20.94000
33.2560,676,16,30,0.03000,FL,0,14,20.70000
33.2560,676,16,30,0.03000,BL,0,7,20.49000
33.2560,676,16,30,0.03000,BL,1,37,21.39000
33.2560,676,16,30,0.03000,FR,0,29,21.15000
33.2560,676,16,30,0.03000,BR,0,22,20.94000
33.2660,676,16,30,0.03000,FL,0,14,20.70000
33.2660,676,16,30,0.03000,BL,0,7,20.49000
33.2660,676,16,30,0.03000,BL,1,37,21.39000
33.2660,676,16,30,0.03000,FR,0,29,21.15000
33.2660,676,16,30,0.03000,BR,0,22,20.94000
33.2760,677,17,30,0.03000,FL,0,13,20.70000
33.2760,677,17,30,0.03000,BL,0,6,20.49000
33.2760,677,17,30,0.03000,BL,1,36,21.39000
33.2760,677,17,30,0.03000,FR,0,28,21.15000
33.2760,677,17,30,0.03000,BR,0,21,20.94000
33.2860,677,17,30,0.03000,FL,0,13,20.70000
33.2860,677,17,30,0.03000,BL,0,6,20.49000
33.2860,677,17,30,0.03000,BL,1,36,21.39000
33.2860,677,17,30,0.03000,FR,0,28,21.15000
33.2860,677,17,30,0.03000,BR,0,21,20.94000
33.2960,677,17,30,0.03000,FL,0,13,20.70000
33.2960,677,17,30,0.03000,BL,0,6,20.49000
33.2960,677,17,30,0.03000,BL,1,36,21.39000
33.2960,677,17,30,0.03000,FR,0,28,21.15000
33.2960,677,17,30,0.03000,BR,0,21,20.94000
33.3060,678,18,30,0.03000,FL,0,12,20.70000
33.3060,678,18,30,0.03000,BL,0,5,20.49000
33.3060,678,18,30,0.03000,BL,1,35,21.39000
33.3060,678,18,30,0.03000,FR,0,27,21.15000
33.3060,678,18,30,0.03000,BR,0,20,20.94000
33.3160,678,18,30,0.03000,FL,0,12,20.70000
33.3160,678,18,30,0.03000,BL,0,5,20.49000
33.3160,678,18,30,0.03000,BL,1,35,21.39000
33.3160,678,18,30,0.03000,FR,0,27,21.15000
33.3160,678,18,30,0.03000,BR,0,20,20.94000
33.3240,678,18,30,0.03000,FL,0,12,20.70000
33.3240,678,18,30,0.03000,BL,0,5,20.49000
33.3240,678,18,30,0.03000,BL,1,35,21.39000
33.3240,678,18,30,0.03000,FR,0,27,21.15000
33.3240,678,18,30,0.03000,BR,0,20,20.94000
33.3340,679,19,30,0.03000,FL,0,11,20.70000
33.3340,679,19,30,0.03000,BL,0,4,20.49000
33.3340,679,19,30,0.03000,BL,1,34,21.39000
33.3340,679,19,30,0.03000,FR,0,26,21.15000
33.3340,679,19,30,0.03000,BR,0,19,20.94000
33.3440,679,19,30,0.03000,FL,0,11,20.70000
33.3440,679,19,30,0.03000,BL,0,4,20.49000
33.3440,679,19,30,0.03000,BL,1,34,21.39000
33.3440,679,19,30,0.03000,FR,0,26,21.15000
33.3440,679,19,30,0.03000,BR,0,19,20.94000
33.3560,679,19,30,0.03000,FL,0,11,20.70000
33.3560,679,19,30,0.03000,BL,0,4,20.49000
33.3560,679,19,30,0.03000,BL,1,34,21.39000
33.3560,679,19,30,0.03000,FR,0,26,21.15000
33.3560,679,19,30,0.03000,BR,0,19,20.94000
33.3660,680,20,30,0.03000,FL,0,10,20.70000
33.3660,680,20,30,0.03000,BL,0,3,20.49000
33.3660,680,20,30,0.03000,BL,1,33,21.39000
33.3660,680,20,30,0.03000,FR,0,25,21.15000
33.3660,680,20,30,0.03000,BR,0,18,20.94000
33.3760,680,20,30,0.03000,FL,0,10,20.70000
33.3760,680,20,30,0.03000,BL,0,3,20.49000
33.3760,680,20,30,0.03000,BL,1,33,21.39000
33.3760,680,20,30,0.03000,FR,0,25,21.15000
33.3760,680,20,30,0.03000,BR,0,18,20.94000
33.3860,680,20,30,0.03000,FL,0,10,20.70000
33.3860,680,20,30,0.03000,BL,0,3,20.49000
33.3860,680,20,30,0.03000,BL,1,33,21.39000
33.3860,680,20,30,0.03000,FR,0,25,21.15000
33.3860,680,20,30,0.03000,BR,0,18,20.94000
33.3960,681,21,30,0.03000,FL,0,9,20.70000
33.3960,681,21,30,0.03000,FL,1,39,21.60000
33.3960,681,21,30,0.03000,BL,0,2,20.49000
33.3960,681,21,30,0.03000,BL,1,32,21.39000
33.3960,681,21,30,0.03000,FR,0,24,21.15000
33.3960,681,21,30,0.03000,BR,0,17,20.94000
33.4060,681,21,30,0.03000,FL,0,9,20.70000
33.4060,681,21,30,0.03000,FL,1,39,21.60000
33.4060,681,21,30,0.03000,BL,0,2,20.49000
33.4060,681,21,30,0.03000,BL,1,32,21.39000
33.4060,681,21,30,0.03000,FR,0,24,21.15000
33.4060,681,21,30,0.03000,BR,0,17,20.94000
33.4140,681,21,30,0.03000,FL,0,9,20.70000
33.4140,681,21,30,0.03000,FL,1,39,21.60000
33.4140,681,21,30,0.03000,BL,0,2,20.49000
33.4140,681,21,30,0.03000,BL,1,32,21.39000
33.4140,681,21,30,0.03000,FR,0,24,21.15000
33.4140,681,21,30,0.03000,BR,0,17,20.94000
33.4240,682,22,30,0.03000,FL,0,8,20.70000
33.4240,682,22,30,0.03000,FL,1,38,21.60000
33.4240,682,22,30,0.03000,BL,0,1,20.49000
33.4240,682,22,30,0.03000,BL,1,31,21.39000
33.4240,682,22,30,0.03000,FR,0,23,21.15000
33.4240,682,22,30,0.03000,BR,0,16,20.94000
33.4440,682,22,30,0.03000,FL,0,8,20.70000
33.4440,682,22,30,0.03000,FL,1,38,21.60000
33.4440,682,22,30,0.03000,BL,0,1,20.49000
33.4440,682,22,30,0.03000,BL,1,31,21.39000
33.4440,682,22,30,0.03000,FR,0,23,21.15000
33.4440,682,22,30,0.03000,BR,0,16,20.94000
33.4540,683,23,30,0.03000,FL,0,7,20.70000
33.4540,683,23,30,0.03000,FL,1,37,21.60000
33.4540,683,23,30,0.03000,BL,0,30,21.39000
33.4540,683,23,30,0.03000,FR,0,22,21.15000
33.4540,683,23,30,0.03000,BR,0,15,20.94000
33.4640,683,23,30,0.03000,FL,0,7,20.70000
33.4640,683,23,30,0.03000,FL,1,37,21.60000
33.4640,683,23,30,0.03000,BL,0,30,21.39000
33.4640,683,23,30,0.03000,FR,0,22,21.15000
33.4640,683,23,30,0.03000,BR,0,15,20.94000
33.4720,683,23,30,0.03000,FL,0,7,20.70000
33.4720,683,23,30,0.03000,FL,1,37,21.60000
33.4720,683,23,30,0.03000,BL,0,30,21.39000
33.4720,683,23,30,0.03000,FR,0,22,21.15000
33.4720,683,23,30,0.03000,BR,0,15,20.94000
33.4820,684,24,30,0.03000,FL,0,6,20.70000
33.4820,684,24,30,0.03000,FL,1,36,21.60000
33.4820,684,24,30,0.03000,BL,0,29,21.39000
33.4820,684,24,30,0.03000,FR,0,21,21.15000
33.4820,684,24,30,0.03000,BR,0,14,20.94000
33.4920,684,24,30,0.03000,FL,0,6,20.70000
33.4920,684,24,30,0.03000,FL,1,36,21.60000
33.4920,684,24,30,0.03000,BL,0,29,21.39000
33.4920,684,24,30,0.03000,FR,0,21,21.15000
33.4920,684,24,30,0.03000,BR,0,14,20.94000
33.5020,684,24,30,0.03000,FL,0,6,20.70000
33.5020,684,24,30,0.03000,FL,1,36,21.60000
33.5020,684,24,30,0.03000,BL,0,29,21.39000
33.5020,684,24,30,0.03000,FR,0,21,21.15000
33.5020,684,24,30,0.03000,BR,0,14,20.94000
33.5120,685,25,30,0.03000,FL,0,5,20.70000
33.5120,685,25,30,0.03000,FL,1,35,21.60000
33.5120,685,25,30,0.03000,BL,0,28,21.39000
33.5120,685,25,30,0.03000,FR,0,20,21.15000
33.5120,685,25,30,0.03000,BR,0,13,20.94000
33.5220,685,25,30,0.03000,FL,0,5,20.70000
33.5220,685,25,30,0.03000,FL,1,35,21.60000
33.5220,685,25,30,0.03000,BL,0,28,21.39000
33.5220,685,25,30,0.03000,FR,0,20,21.15000
33.5220,685,25,30,0.03000,BR,0,13,20.94000
33.5320,685,25,30,0.03000,FL,0,5,20.70000
33.5320,685,25,30,0.03000,FL,1,35,21.60000
33.5320,685,25,30,0.03000,BL,0,28,21.39000
33.5320,685,25,30,0.03000,FR,0,20,21.15000
33.5320,685,25,30,0.03000,BR,0,13,20.94000
33.5420,686,26,30,0.03000,FL,0,4,20.70000
33.5420,686,26,30,0.03000,FL,1,34,21.60000
33.5420,686,26,30,0.03000,BL,0,27,21.39000
33.5420,686,26,30,0.03000,FR,0,19,21.15000
33.5420,686,26,30,0.03000,BR,0,12,20.94000
33.5520,686,26,30,0.03000,FL,0,4,20.70000
33.5520,686,26,30,0.03000,FL,1,34,21.60000
33.5520,686,26,30,0.03000,BL,0,27,21.39000
33.5520,686,26,30,0.03000,FR,0,19,21.15000
33.5520,686,26,30,0.03000,BR,0,12,20.94000
33.5620,686,26,30,0.03000,FL,0,4,20.70000
33.5620,686,26,30,0.03000,FL,1,34,21.60000
33.5620,686,26,30,0.03000,BL,0,27,21.39000
33.5620,686,26,30,0.03000,FR,0,19,21.15000
33.5620,686,26,30,0.03000,BR,0,12,20.94000
33.5740,687,27,30,0.03000,FL,0,3,20.70000
33.5740,687,27,30,0.03000,FL,1,33,21.60000
33.5740,687,27,30,0.03000,BL,0,26,21.39000
33.5740,687,27,30,0.03000,FR,0,18,21.15000
33.5740,687,27,30,0.03000,BR,0,11,20.94000
33.5820,687,27,30,0.03000,FL,0,3,20.70000
33.5820,687,27,30,0.03000,FL,1,33,21.60000
33.5820,687,27,30,0.03000,BL,0,26,21.39000
33.5820,687,27,30,0.03000,FR,0,18,21.15000
33.5820,687,27,30,0.03000,BR,0,11,20.94000
33.5920,687,27,30,0.03000,FL,0,3,20.70000
33.5920,687,27,30,0.03000,FL,1,33,21.60000
33.5920,687,27,30,0.03000,BL,0,26,21.39000
33.5920,687,27,30,0.03000,FR,0,18,21.15000
33.5920,687,27,30,0.03000,BR,0,11,20.94000
33.6020,688,28,30,0.03000,FL,0,2,20.70000
33.6020,688,28,30,0.03000,FL,1,32,21.60000
33.6020,688,28,30,0.03000,BL,0,25,21.39000
33.6020,688,28,30,0.03000,FR,0,17,21.15000
33.6020,688,28,30,0.03000,BR,0,10,20.94000
33.6120,688,28,30,0.03000,FL,0,2,20.70000
33.6120,688,28,30,0.03000,FL,1,32,21.60000
33.6120,688,28,30,0.03000,BL,0,25,21.39000
33.6120,688,28,30,0.03000,FR,0,17,21.15000
33.6120,688,28,30,0.03000,BR,0,10,20.94000
33.6220,688,28,30,0.03000,FL,0,2,20.70000
33.6220,688,28,30,0.03000,FL,1,32,21.60000
33.6220,688,28,30,0.03000,BL,0,25,21.39000
33.6220,688,28,30,0.03000,FR,0,17,21.15000
33.6220,688,28,30,0.03000,BR,0,10,20.94000
33.6300,689,29,30,0.03000,FL,0,1,20.70000
33.6300,689,29,30,0.03000,FL,1,31,21.60000
33.6300,689,29,30,0.03000,BL,0,24,21.39000
33.6300,689,29,30,0.03000,FR,0,16,21.15000
33.6300,689,29,30,0.03000,BR,0,9,20.94000
33.6300,689,29,30,0.03000,BR,1,39,21.84000
33.6420,689,29,30,0.03000,FL,0,1,20.70000
33.6420,689,29,30,0.03000,FL,1,31,21.60000
33.6420,689,29,30,0.03000,BL,0,24,21.39000
33.6420,689,29,30,0.03000,FR,0,16,21.15000
33.6420,689,29,30,0.03000,BR,0,9,20.94000
33.6420,689,29,30,0.03000,BR,1,39,21.84000
33.6500,689,29,30,0.03000,FL,0,1,20.70000
33.6500,689,29,30,0.03000,FL,1,31,21.60000
33.6500,689,29,30,0.03000,BL,0,24,21.39000
33.6500,689,29,30,0.03000,FR,0,16,21.15000
33.6500,689,29,30,0.03000,BR,0,9,20.94000
33.6500,689,29,30,0.03000,BR,1,39,21.84000
33.6600,690,0,30,0.03000,FL,0,30,21.60000
33.6600,690,0,30,0.03000,BL,0,23,21.39000
33.6600,690,0,30,0.03000,FR,0,15,21.15000
33.6600,690,0,30,0.03000,BR,0,8,20.94000
33.6600,690,0,30,0.03000,BR,1,38,21.84000
33.6800,690,0,30,0.03000,FL,0,30,21.60000
33.6800,690,0,30,0.03000,BL,0,23,21.39000
33.6800,690,0,30,0.03000,FR,0,15,21.15000
33.6800,690,0,30,0.03000,BR,0,8,20.94000
33.6800,690,0,30,0.03000,BR,1,38,21.84000
33.6920,691,1,30,0.03000,FL,0,29,21.60000
33.6920,691,1,30,0.03000,BL,0,22,21.39000
33.6920,691,1,30,0.03000,FR,0,14,21.15000
33.6920,691,1,30,0.03000,BR,0,7,20.94000
33.6920,691,1,30,0.03000,BR,1,37,21.84000
33.7040,691,1,30,0.03000,FL,0,29,21.60000
33.7040,691,1,30,0.03000,BL,0,22,21.39000
33.7040,691,1,30,0.03000,FR,0,14,21.15000
33.7040,691,1,30,0.03000,BR,0,7,20.94000
33.7040,691,1,30,0.03000,BR,1,37,21.84000
33.7140,691,1,30,0.03000,FL,0,29,21.60000
33.7140,691,1,30,0.03000,BL,0,22,21.39000
33.7140,691,1,30,0.03000,FR,0,14,21.15000
33.7140,691,1,30,0.03000,BR,0,7,20.94000
33.7140,691,1,30,0.03000,BR,1,37,21.84000
33.7260,692,2,30,0.03000,FL,0,28,21.60000
33.7260,692,2,30,0.03000,BL,0,21,21.39000
33.7260,692,2,30,0.03000,FR,0,13,21.15000
33.7260,692,2,30,0.03000,BR,0,6,20.94000
33.7260,692,2,30,0.03000,BR,1,36,21.84000
33.7400,692,2,30,0.03000,FL,0,28,21.60000
33.7400,692,2,30,0.03000,BL,0,21,21.39000
33.7400,692,2,30,0.03000,FR,0,13,21.15000
33.7400,692,2,30,0.03000,BR,0,6,20.94000
33.7400,692,2,30,0.03000,BR,1,36,21.84000
33.7500,693,3,30,0.03000,FL,0,27,21.60000
33.7500,693,3,30,0.03000,BL,0,20,21.39000
33.7500,693,3,30,0.03000,FR,0,12,21.15000
33.7500,693,3,30,0.03000,BR,0,5,20.94000
33.7500,693,3,30,0.03000,BR,1,35,21.84000
33.7600,693,3,30,0.03000,FL,0,27,21.60000
33.7600,693,3,30,0.03000,BL,0,20,21.39000
33.7600,693,3,30,0.03000,FR,0,12,21.15000
33.7600,693,3,30,0.03000,BR,0,5,20.94000
33.7600,693,3,30,0.03000,BR,1,35,21.84000
33.7720,693,3,30,0.03000,FL,0,27,21.60000
33.7720,693,3,30,0.03000,BL,0,20,21.39000
33.7720,693,3,30,0.03000,FR,0,12,21.15000
33.7720,693,3,30,0.03000,BR,0,5,20.94000
33.7720,693,3,30,0.03000,BR,1,35,21.84000
33.7820,694,4,30,0.03000,FL,0,26,21.60000
33.7820,694,4,30,0.03000,BL,0,19,21.39000
33.7820,694,4,30,0.03000,FR,0,11,21.15000
33.7820,694,4,30,0.03000,BR,0,4,20.94000
33.7820,694,4,30,0.03000,BR,1,34,21.84000
33.7920,694,4,30,0.03000,FL,0,26,21.60000
33.7920,694,4,30,0.03000,BL,0,19,21.39000
33.7920,694,4,30,0.03000,FR,0,11,21.15000
33.7920,694,4,30,0.03000,BR,0,4,20.94000
33.7920,694,4,30,0.03000,BR,1,34,21.84000
33.8020,694,4,30,0.03000,FL,0,26,21.60000
33.8020,694,4,30,0.03000,BL,0,19,21.39000
33.8020,694,4,30,0.03000,FR,0,11,21.15000
33.8020,694,4,30,0.03000,BR,0,4,20.94000
33.8020,694,4,30,0.03000,BR,1,34,21.84000
33.8100,695,5,30,0.03000,FL,0,25,21.60000
33.8100,695,5,30,0.03000,BL,0,18,21.39000
33.8100,695,5,30,0.03000,FR,0,10,21.15000
33.8100,695,5,30,0.03000,BR,0,3,20.94000
33.8100,695,5,30,0.03000,BR,1,33,21.84000
33.8220,695,5,30,0.03000,FL,0,25,21.60000
33.8220,695,5,30,0.03000,BL,0,18,21.39000
33.8220,695,5,30,0.03000,FR,0,10,21.15000
33.8220,695,5,30,0.03000,BR,0,3,20.94000
33.8220,695,5,30,0.03000,BR,1,33,21.84000
33.8320,695,5,30,0.03000,FL,0,25,21.60000
33.8320,695,5,30,0.03000,BL,0,18,21.39000
33.8320,695,5,30,0.03000,FR,0,10,21.15000
33.8320,695,5,30,0.03000,BR,0,3,20.94000
33.8320,695,5,30,0.03000,BR,1,33,21.84000
33.8420,696,6,30,0.03000,FL,0,24,21.60000
33.8420,696,6,30,0.03000,BL,0,17,21.39000
33.8420,696,6,30,0.03000,FR,0,9,21.15000
33.8420,696,6,30,0.03000,FR,1,39,22.05000
33.8420,696,6,30,0.03000,BR,0,2,20.94000
33.8420,696,6,30,0.03000,BR,1,32,21.84000
33.8520,696,6,30,0.03000,FL,0,24,21.60000
33.8520,696,6,30,0.03000,BL,0,17,21.39000
33.8520,696,6,30,0.03000,FR,0,9,21.15000
33.8520,696,6,30,0.03000,FR,1,39,22.05000
33.8520,696,6,30,0.03000,BR,0,2,20.94000
33.8520,696,6,30,0.03000,BR,1,32,21.84000
33.8620,696,6,30,0.03000,FL,0,24,21.60000
33.8620,696,6,30,0.03000,BL,0,17,21.39000
33.8620,696,6,30,0.03000,FR,0,9,21.15000
33.8620,696,6,30,0.03000,FR,1,39,22.05000
33.8620,696,6,30,0.03000,BR,0,2,20.94000
33.8620,696,6,30,0.03000,BR,1,32,21.84000
33.8720,697,7,30,0.03000,FL,0,23,21.60000
33.8720,697,7,30,0.03000,BL,0,16,21.39000
33.8720,697,7,30,0.03000,FR,0,8,21.15000
33.8720,697,7,30,0.03000,FR,1,38,22.05000
33.8720,697,7,30,0.03000,BR,0,1,20.94000
33.8720,697,7,30,0.03000,BR,1,31,21.84000
33.8920,697,7,30,0.03000,FL,0,23,21.60000
33.8920,697,7,30,0.03000,BL,0,16,21.39000
33.8920,697,7,30,0.03000,FR,0,8,21.15000
33.8920,697,7,30,0.03000,FR,1,38,22.05000
33.8920,697,7,30,0.03000,BR,0,1,20.94000
33.8920,697,7,30,0.03000,BR,1,31,21.84000
33.9000,698,8,30,0.03000,FL,0,22,21.60000
33.9000,698,8,30,0.03000,BL,0,15,21.39000
33.9000,698,8,30,0.03000,FR,0,7,21.15000
33.9000,698,8,30,0.03000,FR,1,37,22.05000
33.9000,698,8,30,0.03000,BR,0,30,21.84000
33.9120,698,8,30,0.03000,FL,0,22,21.60000
33.9120,698,8,30,0.03000,BL,0,15,21.39000
33.9120,698,8,30,0.03000,FR,0,7,21.15000
33.9120,698,8,30,0.03000,FR,1,37,22.05000
33.9120,698,8,30,0.03000,BR,0,30,21.84000
33.9200,698,8,30,0.03000,FL,0,22,21.60000
33.9200,698,8,30,0.03000,BL,0,15,21.39000
33.9200,698,8,30,0.03000,FR,0,7,21.15000
33.9200,698,8,30,0.03000,FR,1,37,22.05000
33.9200,698,8,30,0.03000,BR,0,30,21.84000
33.9300,699,9,30,0.03000,FL,0,21,21.60000
33.9300,699,9,30,0.03000,BL,0,14,21.39000
33.9300,699,9,30,0.03000,FR,0,6,21.15000
33.9300,699,9,30,0.03000,FR,1,36,22.05000
33.9300,699,9,30,0.03000,BR,0,29,21.84000
33.9400,699,9,30,0.03000,FL,0,21,21.60000
33.9400,699,9,30,0.03000,BL,0,14,21.39000
33.9400,699,9,30,0.03000,FR,0,6,21.15000
33.9400,699,9,30,0.03000,FR,1,36,22.05000
33.9400,699,9,30,0.03000,BR,0,29,21.84000
33.9500,699,9,30,0.03000,FL,0,21,21.60000
33.9500,699,9,30,0.03000,BL,0,14,21.39000
33.9500,699,9,30,0.03000,FR,0,6,21.15000
33.9500,699,9,30,0.03000,FR,1,36,22.05000
33.9500,699,9,30,0.03000,BR,0,29,21.84000
33.9600,700,10,30,0.03000,FL,0,20,21.60000
33.9600,700,10,30,0.03000,BL,0,13,21.39000
33.9600,700,10,30,0.03000,FR,0,5,21.15000
33.9600,700,10,30,0.03000,FR,1,35,22.05000
33.9600,700,10,30,0.03000,BR,0,28,21.84000
33.9720,700,10,30,0.03000,FL,0,20,21.60000
33.9720,700,10,30,0.03000,BL,0,13,21.39000
33.9720,700,10,30,0.03000,FR,0,5,21.15000
33.9720,700,10,30,0.03000,FR,1,35,22.05000
33.9720,700,10,30,0.03000,BR,0,28,21.84000
33.9820,700,10,30,0.03000,FL,0,20,21.60000
33.9820,700,10,30,0.03000,BL,0,13,21.39000
33.9820,700,10,30,0.03000,FR,0,5,21.15000
33.9820,700,10,30,0.03000,FR,1,35,22.05000
33.9820,700,10,30,0.03000,BR,0,28,21.84000
33.9920,701,11,30,0.03000,FL,0,19,21.60000
33.9920,701,11,30,0.03000,BL,0,12,21.39000
33.9920,701,11,30,0.03000,FR,0,4,21.15000
33.9920,701,11,30,0.03000,FR,1,34,22.05000
33.9920,701,11,30,0.03000,BR,0,27,21.84000
34.0020,701,11,30,0.03000,FL,0,19,21.60000
34.0020,701,11,30,0.03000,BL,0,12,21.39000
34.0020,701,11,30,0.03000,FR,0,4,21.15000
34.0020,701,11,30,0.03000,FR,1,34,22.05000
34.0020,701,11,30,0.03000,BR,0,27,21.84000
34.0120,701,11,30,0.03000,FL,0,19,21.60000
34.0120,701,11,30,0.03000,BL,0,12,21.39000
34.0120,701,11,30,0.03000,FR,0,4,21.15000
34.0120,701,11,30,0.03000,FR,1,34,22.05000
34.0120,701,11,30,0.03000,BR,0,27,21.84000
34.0220,702,12,30,0.03000,FL,0,18,21.60000
34.0220,702,12,30,0.03000,BL,0,11,21.39000
34.0220,702,12,30,0.03000,FR,0,3,21.15000
34.0220,702,12,30,0.03000,FR,1,33,22.05000
34.0220,702,12,30,0.03000,BR,0,26,21.84000
34.0340,702,12,30,0.03000,FL,0,18,21.60000
34.0340,702,12,30,0.03000,BL,0,11,21.39000
34.0340,702,12,30,0.03000,FR,0,3,21.15000
34.0340,702,12,30,0.03000,FR,1,33,22.05000
34.0340,702,12,30,0.03000,BR,0,26,21.84000
34.0440,702,12,30,0.03000,FL,0,18,21.60000
34.0440,702,12,30,0.03000,BL,0,11,21.39000
34.0440,702,12,30,0.03000,FR,0,3,21.15000
34.0440,702,12,30,0.03000,FR,1,33,22.05000
34.0440,702,12,30,0.03000,BR,0,26,21.84000
34.0560,703,13,30,0.03000,FL,0,17,21.60000
34.0560,703,13,30,0.03000,BL,0,10,21.39000
34.0560,703,13,30,0.03000,FR,0,2,21.15000
34.0560,703,13,30,0.03000,FR,1,32,22.05000
34.0580,703,13,30,0.03000,BR,0,25,21.84000
34.0680,703,13,30,0.03000,FL,0,17,21.60000
34.0680,703,13,30,0.03000,BL,0,10,21.39000
34.0680,703,13,30,0.03000,FR,0,2,21.15000
34.0680,703,13,30,0.03000,FR,1,32,22.05000
34.0680,703,13,30,0.03000,BR,0,25,21.84000
34.0780,703,13,30,0.03000,FL,0,17,21.60000
34.0780,703,13,30,0.03000,BL,0,10,21.39000
34.0780,703,13,30,0.03000,FR,0,2,21.15000
34.0780,703,13,30,0.03000,FR,1,32,22.05000
34.0780,703,13,30,0.03000,BR,0,25,21.84000
34.0920,704,14,30,0.03000,FL,0,16,21.60000
34.0920,704,14,30,0.03000,BL,0,9,21.39000
34.0920,704,14,30,0.03000,BL,1,39,22.29000
34.0920,704,14,30,0.03000,FR,0,1,21.15000
34.0920,704,14,30,0.03000,FR,1,31,22.05000
34.0920,704,14,30,0.03000,BR,0,24,21.84000
34.1020,704,14,30,0.03000,FL,0,16,21.60000
34.1020,704,14,30,0.03000,BL,0,9,21.39000
34.1020,704,14,30,0.03000,BL,1,39,22.29000
34.1020,704,14,30,0.03000,FR,0,1,21.15000
34.1020,704,14,30,0.03000,FR,1,31,22.05000
34.1020,704,14,30,0.03000,BR,0,24,21.84000
34.1120,705,15,30,0.03000,FL,0,15,21.60000
34.1120,705,15,30,0.03000,BL,0,8,21.39000
34.1120,705,15,30,0.03000,BL,1,38,22.29000
34.1120,705,15,30,0.03000,FR,0,30,22.05000
34.1120,705,15,30,0.03000,BR,0,23,21.84000
34.1320,705,15,30,0.03000,FL,0,15,21.60000
34.1320,705,15,30,0.03000,BL,0,8,21.39000
34.1320,705,15,30,0.03000,BL,1,38,22.29000
34.1320,705,15,30,0.03000,FR,0,30,22.05000
34.1320,705,15,30,0.03000,BR,0,23,21.84000
34.1420,706,16,30,0.03000,FL,0,14,21.60000
34.1420,706,16,30,0.03000,BL,0,7,21.39000
34.1420,706,16,30,0.03000,BL,1,37,22.29000
34.1420,706,16,30,0.03000,FR,0,29,22.05000
34.1420,706,16,30,0.03000,BR,0,22,21.84000
34.1520,706,16,30,0.03000,FL,0,14,21.60000
34.1540,706,16,30,0.03000,BL,0,7,21.39000
34.1540,706,16,30,0.03000,BL,1,37,22.29000
34.1540,706,16,30,0.03000,FR,0,29,22.05000
34.1540,706,16,30,0.03000,BR,0,22,21.84000
34.1620,706,16,30,0.03000,FL,0,14,21.60000
34.1620,706,16,30,0.03000,BL,0,7,21.39000
34.1620,706,16,30,0.03000,BL,1,37,22.29000
34.1620,706,16,30,0.03000,FR,0,29,22.05000
34.1620,706,16,30,0.03000,BR,0,22,21.84000
34.1720,707,17,30,0.03000,FL,0,13,21.60000
34.1720,707,17,30,0.03000,BL,0,6,21.39000
34.1720,707,17,30,0.03000,BL,1,36,22.29000
34.1720,707,17,30,0.03000,FR,0,28,22.05000
34.1720,707,17,30,0.03000,BR,0,21,21.84000
34.1820,707,17,30,0.03000,FL,0,13,21.60000
34.1820,707,17,30,0.03000,BL,0,6,21.39000
34.1820,707,17,30,0.03000,BL,1,36,22.29000
34.1820,707,17,30,0.03000,FR,0,28,22.05000
34.1820,707,17,30,0.03000,BR,0,21,21.84000
34.1920,707,17,30,0.03000,FL,0,13,21.60000
34.1920,707,17,30,0.03000,BL,0,6,21.39000
34.1920,707,17,30,0.03000,BL,1,36,22.29000
34.1920,707,17,30,0.03000,FR,0,28,22.05000
34.1920,707,17,30,0.03000,BR,0,21,21.84000
34.2020,708,18,30,0.03000,FL,0,12,21.60000
34.2020,708,18,30,0.03000,BL,0,5,21.39000
34.2020,708,18,30,0.03000,BL,1,35,22.29000
34.2020,708,18,30,0.03000,FR,0,27,22.05000
34.2020,708,18,30,0.03000,BR,0,20,21.84000
34.2100,708,18,30,0.03000,FL,0,12,21.60000
34.2100,708,18,30,0.03000,BL,0,5,21.39000
34.2100,708,18,30,0.03000,BL,1,35,22.29000
34.2100,708,18,30,0.03000,FR,0,27,22.05000
34.2100,708,18,30,0.03000,BR,0,20,21.84000
34.2200,708,18,30,0.03000,FL,0,12,21.60000
34.2200,708,18,30,0.03000,BL,0,5,21.39000
34.2200,708,18,30,0.03000,BL,1,35,22.29000
34.2200,708,18,30,0.03000,FR,0,27,22.05000
34.2200,708,18,30,0.03000,BR,0,20,21.84000
34.2300,709,19,30,0.03000,FL,0,11,21.60000
34.2300,709,19,30,0.03000,BL,0,4,21.39000
34.2300,709,19,30,0.03000,BL,1,34,22.29000
34.2300,709,19,30,0.03000,FR,0,26,22.05000
34.2300,709,19,30,0.03000,BR,0,19,21.84000
34.2400,709,19,30,0.03000,FL,0,11,21.60000
34.2400,709,19,30,0.03000,BL,0,4,21.39000
34.2400,709,19,30,0.03000,BL,1,34,22.29000
34.2400,709,19,30,0.03000,FR,0,26,22.05000
34.2400,709,19,30,0.03000,BR,0,19,21.84000
34.2480,709,19,30,0.03000,FL,0,11,21.60000
34.2480,709,19,30,0.03000,BL,0,4,21.39000
34.2480,709,19,30,0.03000,BL,1,34,22.29000
34.2480,709,19,30,0.03000,FR,0,26,22.05000
34.2480,709,19,30,0.03000,BR,0,19,21.84000
34.2580,709,19,30,0.03000,FL,0,11,21.60000
34.2580,709,19,30,0.03000,BL,0,4,21.39000
34.2580,709,19,30,0.03000,BL,1,34,22.29000
34.2580,709,19,30,0.03000,FR,0,26,22.05000
34.2580,709,19,30,0.03000,BR,0,19,21.84000
34.2680,710,20,30,0.03000,FL,0,10,21.60000
34.2680,710,20,30,0.03000,BL,0,3,21.39000
34.2680,710,20,30,0.03000,BL,1,33,22.29000
34.2680,710,20,30,0.03000,FR,0,25,22.05000
34.2680,710,20,30,0.03000,BR,0,18,21.84000
34.2780,710,20,30,0.03000,FL,0,10,21.60000
34.2780,710,20,30,0.03000,BL,0,3,21.39000
34.2780,710,20,30,0.03000,BL,1,33,22.29000
34.2780,710,20,30,0.03000,FR,0,25,22.05000
34.2780,710,20,30,0.03000,BR,0,18,21.84000
34.2880,710,20,30,0.03000,FL,0,10,21.60000
34.2880,710,20,30,0.03000,BL,0,3,21.39000
34.2880,710,20,30,0.03000,BL,1,33,22.29000
34.2880,710,20,30,0.03000,FR,0,25,22.05000
34.2880,710,20,30,0.03000,BR,0,18,21.84000
34.2980,711,21,30,0.03000,FL,0,9,21.60000
34.2980,711,21,30,0.03000,FL,1,39,22.50000
34.2980,711,21,30,0.03000,BL,0,2,21.39000
34.2980,711,21,30,0.03000,BL,1,32,22.29000
34.2980,711,21,30,0.03000,FR,0,24,22.05000
34.2980,711,21,30,0.03000,BR,0,17,21.84000
34.3080,711,21,30,0.03000,FL,0,9,21.60000
34.3080,711,21,30,0.03000,FL,1,39,22.50000
34.3080,711,21,30,0.03000,BL,0,2,21.39000
34.3080,711,21,30,0.03000,BL,1,32,22.29000
34.3080,711,21,30,0.03000,FR,0,24,22.05000
34.3080,711,21,30,0.03000,BR,0,17,21.84000
34.3180,711,21,30,0.03000,FL,0,9,21.60000
34.3180,711,21,30,0.03000,FL,1,39,22.50000
34.3180,711,21,30,0.03000,BL,0,2,21.39000
34.3180,711,21,30,0.03000,BL,1,32,22.29000
34.3180,711,21,30,0.03000,FR,0,24,22.05000
34.3180,711,21,30,0.03000,BR,0,17,21.84000
34.3300,712,22,30,0.03000,FL,0,8,21.60000
34.3300,712,22,30,0.03000,FL,1,38,22.50000
34.3300,712,22,30,0.03000,BL,0,1,21.39000
34.3300,712,22,30,0.03000,BL,1,31,22.29000
34.3300,712,22,30,0.03000,FR,0,23,22.05000
34.3300,712,22,30,0.03000,BR,0,16,21.84000
34.3520,713,23,30,0.03000,FL,0,7,21.60000
34.3520,713,23,30,0.03000,FL,1,37,22.50000
34.3520,713,23,30,0.03000,BL,0,30,22.29000
34.3520,713,23,30,0.03000,FR,0,22,22.05000
34.3520,713,23,30,0.03000,BR,0,15,21.84000
34.3620,713,23,30,0.03000,FL,0,7,21.60000
34.3620,713,23,30,0.03000,FL,1,37,22.50000
34.3620,713,23,30,0.03000,BL,0,30,22.29000
34.3620,713,23,30,0.03000,FR,0,22,22.05000
34.3620,713,23,30,0.03000,BR,0,15,21.84000
34.3720,713,23,30,0.03000,FL,0,7,21.60000
34.3720,713,23,30,0.03000,FL,1,37,22.50000
34.3720,713,23,30,0.03000,BL,0,30,22.29000
34.3720,713,23,30,0.03000,FR,0,22,22.05000
34.3720,713,23,30,0.03000,BR,0,15,21.84000
34.3820,714,24,30,0.03000,FL,0,6,21.60000
34.3820,714,24,30,0.03000,FL,1,36,22.50000
34.3820,714,24,30,0.03000,BL,0,29,22.29000
34.3820,714,24,30,0.03000,FR,0,21,22.05000
34.3820,714,24,30,0.03000,BR,0,14,21.84000
34.3920,714,24,30,0.03000,FL,0,6,21.60000
34.3920,714,24,30,0.03000,FL,1,36,22.50000
34.3920,714,24,30,0.03000,BL,0,29,22.29000
34.3920,714,24,30,0.03000,FR,0,21,22.05000
34.3920,714,24,30,0.03000,BR,0,14,21.84000
34.4020,714,24,30,0.03000,FL,0,6,21.60000
34.4020,714,24,30,0.03000,FL,1,36,22.50000
34.4020,714,24,30,0.03000,BL,0,29,22.29000
34.4020,714,24,30,0.03000,FR,0,21,22.05000
34.4020,714,24,30,0.03000,BR,0,14,21.84000
34.4120,715,25,30,0.03000,FL,0,5,21.60000
34.4120,715,25,30,0.03000,FL,1,35,22.50000
34.4120,715,25,30,0.03000,BL,0,28,22.29000
34.4120,715,25,30,0.03000,FR,0,20,22.05000
34.4120,715,25,30,0.03000,BR,0,13,21.84000
34.4300,715,25,30,0.03000,FL,0,5,21.60000
34.4300,715,25,30,0.03000,FL,1,35,22.50000
34.4300,715,25,30,0.03000,BL,0,28,22.29000
34.4300,715,25,30,0.03000,FR,0,20,22.05000
34.4300,715,25,30,0.03000,BR,0,13,21.84000
34.4400,716,26,30,0.03000,FL,0,4,21.60000
34.4400,716,26,30,0.03000,FL,1,34,22.50000
34.4400,716,26,30,0.03000,BL,0,27,22.29000
34.4400,716,26,30,0.03000,FR,0,19,22.05000
34.4400,716,26,30,0.03000,BR,0,12,21.84000
34.4480,716,26,30,0.03000,FL,0,4,21.60000
34.4480,716,26,30,0.03000,FL,1,34,22.50000
34.4480,716,26,30,0.03000,BL,0,27,22.29000
34.4480,716,26,30,0.03000,FR,0,19,22.05000
34.4480,716,26,30,0.03000,BR,0,12,21.84000
34.4620,716,26,30,0.03000,FL,0,4,21.60000
34.4620,716,26,30,0.03000,FL,1,34,22.50000
34.4620,716,26,30,0.03000,BL,0,27,22.29000
34.4620,716,26,30,0.03000,FR,0,19,22.05000
34.4620,716,26,30,0.03000,BR,0,12,21.84000
34.4720,717,27,30,0.03000,FL,0,3,21.60000
34.4720,717,27,30,0.03000,FL,1,33,22.50000
34.4720,717,27,30,0.03000,BL,0,26,22.29000
34.4720,717,27,30,0.03000,FR,0,18,22.05000
34.4720,717,27,30,0.03000,BR,0,11,21.84000
34.4840,717,27,30,0.03000,FL,0,3,21.60000
34.4840,717,27,30,0.03000,FL,1,33,22.50000
34.4840,717,27,30,0.03000,BL,0,26,22.29000
34.4840,717,27,30,0.03000,FR,0,18,22.05000
34.4840,717,27,30,0.03000,BR,0,11,21.84000
34.4960,717,27,30,0.03000,FL,0,3,21.60000
34.4960,717,27,30,0.03000,FL,1,33,22.50000
34.4960,717,27,30,0.03000,BL,0,26,22.29000
34.4960,717,27,30,0.03000,FR,0,18,22.05000
34.4960,717,27,30,0.03000,BR,0,11,21.84000
34.5060,718,28,30,0.03000,FL,0,2,21.60000
34.5060,718,28,30,0.03000,FL,1,32,22.50000
34.5060,718,28,30,0.03000,BL,0,25,22.29000
34.5060,718,28,30,0.03000,FR,0,17,22.05000
34.5060,718,28,30,0.03000,BR,0,10,21.84000
34.5160,718,28,30,0.03000,FL,0,2,21.60000
34.5160,718,28,30,0.03000,FL,1,32,22.50000
34.5160,718,28,30,0.03000,BL,0,25,22.29000
34.5160,718,28,30,0.03000,FR,0,17,22.05000
34.5160,718,28,30,0.03000,BR,0,10,21.84000
34.5260,718,28,30,0.03000,FL,0,2,21.60000
34.5260,718,28,30,0.03000,FL,1,32,22.50000
34.5260,718,28,30,0.03000,BL,0,25,22.29000
34.5260,718,28,30,0.03000,FR,0,17,22.05000
34.5260,718,28,30,0.03000,BR,0,10,21.84000
34.5360,719,29,30,0.03000,FL,0,1,21.60000
34.5360,719,29,30,0.03000,FL,1,31,22.50000
34.5360,719,29,30,0.03000,BL,0,24,22.29000
34.5360,719,29,30,0.03000,FR,0,16,22.05000
34.5360,719,29,30,0.03000,BR,0,9,21.84000
34.5360,719,29,30,0.03000,BR,1,39,22.74000
34.5460,719,29,30,0.03000,FL,0,1,21.60000
34.5460,719,29,30,0.03000,FL,1,31,22.50000
34.5460,719,29,30,0.03000,BL,0,24,22.29000
34.5460,719,29,30,0.03000,FR,0,16,22.05000
34.5460,719,29,30,0.03000,BR,0,9,21.84000
34.5460,719,29,30,0.03000,BR,1,39,22.74000
34.5600,720,0,30,0.03000,FL,0,30,22.50000
34.5600,720,0,30,0.03000,BL,0,23,22.29000
34.5600,720,0,30,0.03000,FR,0,15,22.05000
34.5600,720,0,30,0.03000,BR,0,8,21.84000
34.5600,720,0,30,0.03000,BR,1,38,22.74000
34.5860,720,0,30,0.03000,FL,0,30,22.50000
34.5860,720,0,30,0.03000,BL,0,23,22.29000
34.5860,720,0,30,0.03000,FR,0,15,22.05000
34.5860,720,0,30,0.03000,BR,0,8,21.84000
34.5860,720,0,30,0.03000,BR,1,38,22.74000
34.6000,721,1,30,0.03000,FL,0,29,22.50000
34.6000,721,1,30,0.03000,BL,0,22,22.29000
34.6000,721,1,30,0.03000,FR,0,14,22.05000
34.6000,721,1,30,0.03000,BR,0,7,21.84000
34.6000,721,1,30,0.03000,BR,1,37,22.74000
34.6100,721,1,30,0.03000,FL,0,29,22.50000
34.6100,721,1,30,0.03000,BL,0,22,22.29000
34.6100,721,1,30,0.03000,FR,0,14,22.05000
34.6100,721,1,30,0.03000,BR,0,7,21.84000
34.6100,721,1,30,0.03000,BR,1,37,22.74000
34.6200,722,2,30,0.03000,FL,0,28,22.50000
34.6200,722,2,30,0.03000,BL,0,21,22.29000
34.6200,722,2,30,0.03000,FR,0,13,22.05000
34.6200,722,2,30,0.03000,BR,0,6,21.84000
34.6200,722,2,30,0.03000,BR,1,36,22.74000
34.6320,722,2,30,0.03000,FL,0,28,22.50000
34.6320,722,2,30,0.03000,BL,0,21,22.29000
34.6320,722,2,30,0.03000,FR,0,13,22.05000
34.6320,722,2,30,0.03000,BR,0,6,21.84000
34.6320,722,2,30,0.03000,BR,1,36,22.74000
34.6420,722,2,30,0.03000,FL,0,28,22.50000
34.6420,722,2,30,0.03000,BL,0,21,22.29000
34.6420,722,2,30,0.03000,FR,0,13,22.05000
34.6420,722,2,30,0.03000,BR,0,6,21.84000
34.6420,722,2,30,0.03000,BR,1,36,22.74000
34.6520,723,3,30,0.03000,FL,0,27,22.50000
34.6520,723,3,30,0.03000,BL,0,20,22.29000
34.6520,723,3,30,0.03000,FR,0,12,22.05000
34.6520,723,3,30,0.03000,BR,0,5,21.84000
34.6520,723,3,30,0.03000,BR,1,35,22.74000
34.6620,723,3,30,0.03000,FL,0,27,22.50000
34.6620,723,3,30,0.03000,BL,0,20,22.29000
34.6620,723,3,30,0.03000,FR,0,12,22.05000
34.6620,723,3,30,0.03000,BR,0,5,21.84000
34.6620,723,3,30,0.03000,BR,1,35,22.74000
34.6740,723,3,30,0.03000,FL,0,27,22.50000
34.6740,723,3,30,0.03000,BL,0,20,22.29000
34.6740,723,3,30,0.03000,FR,0,12,22.05000
34.6740,723,3,30,0.03000,BR,0,5,21.84000
34.6740,723,3,30,0.03000,BR,1,35,22.74000
34.6920,724,4,30,0.03000,FL,0,26,22.50000
34.6920,724,4,30,0.03000,BL,0,19,22.29000
34.6920,724,4,30,0.03000,FR,0,11,22.05000
34.6920,724,4,30,0.03000,BR,0,4,21.84000
34.6920,724,4,30,0.03000,BR,1,34,22.74000
34.7020,724,4,30,0.03000,FL,0,26,22.50000
34.7020,724,4,30,0.03000,BL,0,19,22.29000
34.7020,724,4,30,0.03000,FR,0,11,22.05000
34.7020,724,4,30,0.03000,BR,0,4,21.84000
34.7020,724,4,30,0.03000,BR,1,34,22.74000
34.7120,725,5,30,0.03000,FL,0,25,22.50000
34.7120,725,5,30,0.03000,BL,0,18,22.29000
34.7120,725,5,30,0.03000,FR,0,10,22.05000
34.7120,725,5,30,0.03000,BR,0,3,21.84000
34.7120,725,5,30,0.03000,BR,1,33,22.74000
34.7240,725,5,30,0.03000,FL,0,25,22.50000
34.7240,725,5,30,0.03000,BL,0,18,22.29000
34.7240,725,5,30,0.03000,FR,0,10,22.05000
34.7240,725,5,30,0.03000,BR,0,3,21.84000
34.7240,725,5,30,0.03000,BR,1,33,22.74000
34.7340,725,5,30,0.03000,FL,0,25,22.50000
34.7340,725,5,30,0.03000,BL,0,18,22.29000
34.7340,725,5,30,0.03000,FR,0,10,22.05000
34.7340,725,5,30,0.03000,BR,0,3,21.84000
34.7340,725,5,30,0.03000,BR,1,33,22.74000
34.7440,726,6,30,0.03000,FL,0,24,22.50000
34.7440,726,6,30,0.03000,BL,0,17,22.29000
34.7440,726,6,30,0.03000,FR,0,9,22.05000
34.7440,726,6,30,0.03000,FR,1,39,22.95000
34.7440,726,6,30,0.03000,BR,0,2,21.84000
34.7440,726,6,30,0.03000,BR,1,32,22.74000
34.7560,726,6,30,0.03000,FL,0,24,22.50000
34.7560,726,6,30,0.03000,BL,0,17,22.29000
34.7560,726,6,30,0.03000,FR,0,9,22.05000
34.7560,726,6,30,0.03000,FR,1,39,22.95000
34.7560,726,6,30,0.03000,BR,0,2,21.84000
34.7560,726,6,30,0.03000,BR,1,32,22.74000
34.7660,726,6,30,0.03000,FL,0,24,22.50000
34.7660,726,6,30,0.03000,BL,0,17,22.29000
34.7660,726,6,30,0.03000,FR,0,9,22.05000
34.7660,726,6,30,0.03000,FR,1,39,22.95000
34.7660,726,6,30,0.03000,BR,0,2,21.84000
34.7660,726,6,30,0.03000,BR,1,32,22.74000
34.7760,727,7,30,0.03000,FL,0,23,22.50000
34.7760,727,7,30,0.03000,BL,0,16,22.29000
34.7760,727,7,30,0.03000,FR,0,8,22.05000
34.7760,727,7,30,0.03000,FR,1,38,22.95000
34.7760,727,7,30,0.03000,BR,0,1,21.84000
34.7760,727,7,30,0.03000,BR,1,31,22.74000
34.7960,727,7,30,0.03000,FL,0,23,22.50000
34.7960,727,7,30,0.03000,BL,0,16,22.29000
34.7960,727,7,30,0.03000,FR,0,8,22.05000
34.7960,727,7,30,0.03000,FR,1,38,22.95000
34.7960,727,7,30,0.03000,BR,0,1,21.84000
34.7960,727,7,30,0.03000,BR,1,31,22.74000
34.8060,728,8,30,0.03000,FL,0,22,22.50000
34.8060,728,8,30,0.03000,BL,0,15,22.29000
34.8060,728,8,30,0.03000,FR,0,7,22.05000
34.8060,728,8,30,0.03000,FR,1,37,22.95000
34.8060,728,8,30,0.03000,BR,0,30,22.74000
34.8160,728,8,30,0.03000,FL,0,22,22.50000
34.8160,728,8,30,0.03000,BL,0,15,22.29000
34.8160,728,8,30,0.03000,FR,0,7,22.05000
34.8160,728,8,30,0.03000,FR,1,37,22.95000
34.8160,728,8,30,0.03000,BR,0,30,22.74000
34.8260,728,8,30,0.03000,FL,0,22,22.50000
34.8260,728,8,30,0.03000,BL,0,15,22.29000
34.8260,728,8,30,0.03000,FR,0,7,22.05000
34.8260,728,8,30,0.03000,FR,1,37,22.95000
34.8260,728,8,30,0.03000,BR,0,30,22.74000
34.8360,729,9,30,0.03000,FL,0,21,22.50000
34.8360,729,9,30,0.03000,BL,0,14,22.29000
34.8360,729,9,30,0.03000,FR,0,6,22.05000
34.8360,729,9,30,0.03000,FR,1,36,22.95000
34.8360,729,9,30,0.03000,BR,0,29,22.74000
34.8460,729,9,30,0.03000,FL,0,21,22.50000
34.8460,729,9,30,0.03000,BL,0,14,22.29000
34.8460,729,9,30,0.03000,FR,0,6,22.05000
34.8460,729,9,30,0.03000,FR,1,36,22.95000
34.8460,729,9,30,0.03000,BR,0,29,22.74000
34.8560,729,9,30,0.03000,FL,0,21,22.50000
34.8560,729,9,30,0.03000,BL,0,14,22.29000
34.8560,729,9,30,0.03000,FR,0,6,22.05000
34.8560,729,9,30,0.03000,FR,1,36,22.95000
34.8560,729,9,30,0.03000,BR,0,29,22.74000
34.8660,730,10,30,0.03000,FL,0,20,22.50000
34.8660,730,10,30,0.03000,BL,0,13,22.29000
34.8660,730,10,30,0.03000,FR,0,5,22.05000
34.8660,730,10,30,0.03000,FR,1,35,22.95000
34.8660,730,10,30,0.03000,BR,0,28,22.74000
34.8760,730,10,30,0.03000,FL,0,20,22.50000
34.8760,730,10,30,0.03000,BL,0,13,22.29000
34.8760,730,10,30,0.03000,FR,0,5,22.05000
34.8760,730,10,30,0.03000,FR,1,35,22.95000
34.8760,730,10,30,0.03000,BR,0,28,22.74000
34.8840,730,10,30,0.03000,FL,0,20,22.50000
34.8840,730,10,30,0.03000,BL,0,13,22.29000
34.8840,730,10,30,0.03000,FR,0,5,22.05000
34.8840,730,10,30,0.03000,FR,1,35,22.95000
34.8840,730,10,30,0.03000,BR,0,28,22.74000
34.8940,731,11,30,0.03000,FL,0,19,22.50000
34.8940,731,11,30,0.03000,BL,0,12,22.29000
34.8940,731,11,30,0.03000,FR,0,4,22.05000
34.8940,731,11,30,0.03000,FR,1,34,22.95000
34.8940,731,11,30,0.03000,BR,0,27,22.74000
34.9040,731,11,30,0.03000,FL,0,19,22.50000
34.9040,731,11,30,0.03000,BL,0,12,22.29000
34.9040,731,11,30,0.03000,FR,0,4,22.05000
34.9040,731,11,30,0.03000,FR,1,34,22.95000
34.9040,731,11,30,0.03000,BR,0,27,22.74000
34.9180,731,11,30,0.03000,FL,0,19,22.50000
34.9180,731,11,30,0.03000,BL,0,12,22.29000
34.9180,731,11,30,0.03000,FR,0,4,22.05000
34.9180,731,11,30,0.03000,FR,1,34,22.95000
34.9180,731,11,30,0.03000,BR,0,27,22.74000
34.9300,732,12,30,0.03000,FL,0,18,22.50000
34.9300,732,12,30,0.03000,BL,0,11,22.29000
34.9300,732,12,30,0.03000,FR,0,3,22.05000
34.9300,732,12,30,0.03000,FR,1,33,22.95000
34.9300,732,12,30,0.03000,BR,0,26,22.74000
34.9400,732,12,30,0.03000,FL,0,18,22.50000
34.9400,732,12,30,0.03000,BL,0,11,22.29000
34.9400,732,12,30,0.03000,FR,0,3,22.05000
34.9400,732,12,30,0.03000,FR,1,33,22.95000
34.9400,732,12,30,0.03000,BR,0,26,22.74000
34.9500,733,13,30,0.03000,FL,0,17,22.50000
34.9500,733,13,30,0.03000,BL,0,10,22.29000
34.9500,733,13,30,0.03000,FR,0,2,22.05000
34.9500,733,13,30,0.03000,FR,1,32,22.95000
34.9500,733,13,30,0.03000,BR,0,25,22.74000
34.9600,733,13,30,0.03000,FL,0,17,22.50000
34.9600,733,13,30,0.03000,BL,0,10,22.29000
34.9600,733,13,30,0.03000,FR,0,2,22.05000
34.9600,733,13,30,0.03000,FR,1,32,22.95000
34.9600,733,13,30,0.03000,BR,0,25,22.74000
34.9700,733,13,30,0.03000,FL,0,17,22.50000
34.9700,733,13,30,0.03000,BL,0,10,22.29000
34.9700,733,13,30,0.03000,FR,0,2,22.05000
34.9700,733,13,30,0.03000,FR,1,32,22.95000
34.9700,733,13,30,0.03000,BR,0,25,22.74000
34.9780,733,13,30,0.03000,FL,0,17,22.50000
34.9780,733,13,30,0.03000,BL,0,10,22.29000
34.9780,733,13,30,0.03000,FR,0,2,22.05000
34.9780,733,13,30,0.03000,FR,1,32,22.95000
34.9780,733,13,30,0.03000,BR,0,25,22.74000
34.9880,734,14,30,0.03000,FL,0,16,22.50000
34.9880,734,14,30,0.03000,BL,0,9,22.29000
34.9880,734,14,30,0.03000,BL,1,39,23.19000
34.9880,734,14,30,0.03000,FR,0,1,22.05000
34.9880,734,14,30,0.03000,FR,1,31,22.95000
34.9880,734,14,30,0.03000,BR,0,24,22.74000
34.9980,734,14,30,0.03000,FL,0,16,22.50000
34.9980,734,14,30,0.03000,BL,0,9,22.29000
34.9980,734,14,30,0.03000,BL,1,39,23.19000
34.9980,734,14,30,0.03000,FR,0,1,22.05000
34.9980,734,14,30,0.03000,FR,1,31,22.95000
34.9980,734,14,30,0.03000,BR,0,24,22.74000
35.0080,734,14,30,0.03000,FL,0,16,22.50000
35.0080,734,14,30,0.03000,BL,0,9,22.29000
35.0080,734,14,30,0.03000,BL,1,39,23.19000
35.0080,734,14,30,0.03000,FR,0,1,22.05000
35.0080,734,14,30,0.03000,FR,1,31,22.95000
35.0080,734,14,30,0.03000,BR,0,24,22.74000
35.0180,735,15,30,0.03000,FL,0,15,22.50000
35.0180,735,15,30,0.03000,BL,0,8,22.29000
35.0180,735,15,30,0.03000,BL,1,38,23.19000
35.0180,735,15,30,0.03000,FR,0,30,22.95000
35.0180,735,15,30,0.03000,BR,0,23,22.74000
35.0380,735,15,30,0.03000,FL,0,15,22.50000
35.0380,735,15,30,0.03000,BL,0,8,22.29000
35.0380,735,15,30,0.03000,BL,1,38,23.19000
35.0380,735,15,30,0.03000,FR,0,30,22.95000
35.0380,735,15,30,0.03000,BR,0,23,22.74000
35.0480,736,16,30,0.03000,FL,0,14,22.50000
35.0480,736,16,30,0.03000,BL,0,7,22.29000
35.0480,736,16,30,0.03000,BL,1,37,23.19000
35.0480,736,16,30,0.03000,FR,0,29,22.95000
35.0480,736,16,30,0.03000,BR,0,22,22.74000
35.0580,736,16,30,0.03000,FL,0,14,22.50000
35.0580,736,16,30,0.03000,BL,0,7,22.29000
35.0580,736,16,30,0.03000,BL,1,37,23.19000
35.0580,736,16,30,0.03000,FR,0,29,22.95000
35.0580,736,16,30,0.03000,BR,0,22,22.74000
35.0680,736,16,30,0.03000,FL,0,14,22.50000
35.0680,736,16,30,0.03000,BL,0,7,22.29000
35.0680,736,16,30,0.03000,BL,1,37,23.19000
35.0680,736,16,30,0.03000,FR,0,29,22.95000
35.0680,736,16,30,0.03000,BR,0,22,22.74000
35.0760,737,17,30,0.03000,FL,0,13,22.50000
35.0760,737,17,30,0.03000,BL,0,6,22.29000
35.0760,737,17,30,0.03000,BL,1,36,23.19000
35.0760,737,17,30,0.03000,FR,0,28,22.95000
35.0760,737,17,30,0.03000,BR,0,21,22.74000
35.0860,737,17,30,0.03000,FL,0,13,22.50000
35.0860,737,17,30,0.03000,BL,0,6,22.29000
35.0860,737,17,30,0.03000,BL,1,36,23.19000
35.0860,737,17,30,0.03000,FR,0,28,22.95000
35.0860,737,17,30,0.03000,BR,0,21,22.74000
35.0960,737,17,30,0.03000,FL,0,13,22.50000
35.0960,737,17,30,0.03000,BL,0,6,22.29000
35.0960,737,17,30,0.03000,BL,1,36,23.19000
35.0960,737,17,30,0.03000,FR,0,28,22.95000
35.0960,737,17,30,0.03000,BR,0,21,22.74000
35.1060,738,18,30,0.03000,FL,0,12,22.50000
35.1060,738,18,30,0.03000,BL,0,5,22.29000
35.1060,738,18,30,0.03000,BL,1,35,23.19000
35.1060,738,18,30,0.03000,FR,0,27,22.95000
35.1060,738,18,30,0.03000,BR,0,20,22.74000
35.1140,738,18,30,0.03000,FL,0,12,22.50000
35.1140,738,18,30,0.03000,BL,0,5,22.29000
35.1140,738,18,30,0.03000,BL,1,35,23.19000
35.1140,738,18,30,0.03000,FR,0,27,22.95000
35.1140,738,18,30,0.03000,BR,0,20,22.74000
35.1260,738,18,30,0.03000,FL,0,12,22.50000
35.1260,738,18,30,0.03000,BL,0,5,22.29000
35.1260,738,18,30,0.03000,BL,1,35,23.19000
35.1260,738,18,30,0.03000,FR,0,27,22.95000
35.1260,738,18,30,0.03000,BR,0,20,22.74000
35.1360,739,19,30,0.03000,FL,0,11,22.50000
35.1360,739,19,30,0.03000,BL,0,4,22.29000
35.1360,739,19,30,0.03000,BL,1,34,23.19000
35.1360,739,19,30,0.03000,FR,0,26,22.95000
35.1360,739,19,30,0.03000,BR,0,19,22.74000
35.1460,739,19,30,0.03000,FL,0,11,22.50000
35.1460,739,19,30,0.03000,BL,0,4,22.29000
35.1460,739,19,30,0.03000,BL,1,34,23.19000
35.1460,739,19,30,0.03000,FR,0,26,22.95000
35.1460,739,19,30,0.03000,BR,0,19,22.74000
35.1560,739,19,30,0.03000,FL,0,11,22.50000
35.1560,739,19,30,0.03000,BL,0,4,22.29000
35.1560,739,19,30,0.03000,BL,1,34,23.19000
35.1560,739,19,30,0.03000,FR,0,26,22.95000
35.1560,739,19,30,0.03000,BR,0,19,22.74000
35.1680,740,20,30,0.03000,FL,0,10,22.50000
35.1680,740,20,30,0.03000,BL,0,3,22.29000
35.1680,740,20,30,0.03000,BL,1,33,23.19000
35.1680,740,20,30,0.03000,FR,0,25,22.95000
35.1680,740,20,30,0.03000,BR,0,18,22.74000
35.1780,740,20,30,0.03000,FL,0,10,22.50000
35.1780,740,20,30,0.03000,BL,0,3,22.29000
35.1780,740,20,30,0.03000,BL,1,33,23.19000
35.1780,740,20,30,0.03000,FR,0,25,22.95000
35.1780,740,20,30,0.03000,BR,0,18,22.74000
35.1860,740,20,30,0.03000,FL,0,10,22.50000
35.1860,740,20,30,0.03000,BL,0,3,22.29000
35.1860,740,20,30,0.03000,BL,1,33,23.19000
35.1860,740,20,30,0.03000,FR,0,25,22.95000
35.1860,740,20,30,0.03000,BR,0,18,22.74000
35.2000,741,21,30,0.03000,FL,0,9,22.50000
35.2000,741,21,30,0.03000,FL,1,39,23.40000
35.2000,741,21,30,0.03000,BL,0,2,22.29000
35.2000,741,21,30,0.03000,BL,1,32,23.19000
35.2000,741,21,30,0.03000,FR,0,24,22.95000
35.2000,741,21,30,0.03000,BR,0,17,22.74000
35.2100,741,21,30,0.03000,FL,0,9,22.50000
35.2100,741,21,30,0.03000,FL,1,39,23.40000
35.2100,741,21,30,0.03000,BL,0,2,22.29000
35.2100,741,21,30,0.03000,BL,1,32,23.19000
35.2100,741,21,30,0.03000,FR,0,24,22.95000
35.2100,741,21,30,0.03000,BR,0,17,22.74000
35.2200,742,22,30,0.03000,FL,0,8,22.50000
35.2200,742,22,30,0.03000,FL,1,38,23.40000
35.2200,742,22,30,0.03000,BL,0,1,22.29000
35.2200,742,22,30,0.03000,BL,1,31,23.19000
35.2200,742,22,30,0.03000,FR,0,23,22.95000
35.2200,742,22,30,0.03000,BR,0,16,22.74000
35.2380,742,22,30,0.03000,FL,0,8,22.50000
35.2380,742,22,30,0.03000,FL,1,38,23.40000
35.2380,742,22,30,0.03000,BL,0,1,22.29000
35.2380,742,22,30,0.03000,BL,1,31,23.19000
35.2380,742,22,30,0.03000,FR,0,23,22.95000
35.2380,742,22,30,0.03000,BR,0,16,22.74000
35.2480,742,22,30,0.03000,FL,0,8,22.50000
35.2480,742,22,30,0.03000,FL,1,38,23.40000
35.2480,742,22,30,0.03000,BL,0,1,22.29000
35.2480,742,22,30,0.03000,BL,1,31,23.19000
35.2480,742,22,30,0.03000,FR,0,23,22.95000
35.2480,742,22,30,0.03000,BR,0,16,22.74000
35.2580,743,23,30,0.03000,FL,0,7,22.50000
35.2580,743,23,30,0.03000,FL,1,37,23.40000
35.2580,743,23,30,0.03000,BL,0,30,23.19000
35.2580,743,23,30,0.03000,FR,0,22,22.95000
35.2580,743,23,30,0.03000,BR,0,15,22.74000
35.2680,743,23,30,0.03000,FL,0,7,22.50000
35.2680,743,23,30,0.03000,FL,1,37,23.40000
35.2680,743,23,30,0.03000,BL,0,30,23.19000
35.2680,743,23,30,0.03000,FR,0,22,22.95000
35.2680,743,23,30,0.03000,BR,0,15,22.74000
35.2800,744,24,30,0.03000,FL,0,6,22.50000
35.2800,744,24,30,0.03000,FL,1,36,23.40000
35.2800,744,24,30,0.03000,BL,0,29,23.19000
35.2800,744,24,30,0.03000,FR,0,21,22.95000
35.2800,744,24,30,0.03000,BR,0,14,22.74000
35.2920,744,24,30,0.03000,FL,0,6,22.50000
35.2920,744,24,30,0.03000,FL,1,36,23.40000
35.2920,744,24,30,0.03000,BL,0,29,23.19000
35.2920,744,24,30,0.03000,FR,0,21,22.95000
35.2920,744,24,30,0.03000,BR,0,14,22.74000
35.3040,744,24,30,0.03000,FL,0,6,22.50000
35.3040,744,24,30,0.03000,FL,1,36,23.40000
35.3040,744,24,30,0.03000,BL,0,29,23.19000
35.3040,744,24,30,0.03000,FR,0,21,22.95000
35.3040,744,24,30,0.03000,BR,0,14,22.74000
35.3140,745,25,30,0.03000,FL,0,5,22.50000
35.3140,745,25,30,0.03000,FL,1,35,23.40000
35.3140,745,25,30,0.03000,BL,0,28,23.19000
35.3140,745,25,30,0.03000,FR,0,20,22.95000
35.3140,745,25,30,0.03000,BR,0,13,22.74000
35.3240,745,25,30,0.03000,FL,0,5,22.50000
35.3240,745,25,30,0.03000,FL,1,35,23.40000
35.3240,745,25,30,0.03000,BL,0,28,23.19000
35.3240,745,25,30,0.03000,FR,0,20,22.95000
35.3240,745,25,30,0.03000,BR,0,13,22.74000
35.3360,745,25,30,0.03000,FL,0,5,22.50000
35.3360,745,25,30,0.03000,FL,1,35,23.40000
35.3360,745,25,30,0.03000,BL,0,28,23.19000
35.3360,745,25,30,0.03000,FR,0,20,22.95000
35.3360,745,25,30,0.03000,BR,0,13,22.74000
35.3480,746,26,30,0.03000,FL,0,4,22.50000
35.3480,746,26,30,0.03000,FL,1,34,23.40000
35.3480,746,26,30,0.03000,BL,0,27,23.19000
35.3480,746,26,30,0.03000,FR,0,19,22.95000
35.3480,746,26,30,0.03000,BR,0,12,22.74000
35.3620,746,26,30,0.03000,FL,0,4,22.50000
35.3620,746,26,30,0.03000,FL,1,34,23.40000
35.3620,746,26,30,0.03000,BL,0,27,23.19000
35.3620,746,26,30,0.03000,FR,0,19,22.95000
35.3620,746,26,30,0.03000,BR,0,12,22.74000
35.3740,747,27,30,0.03000,FL,0,3,22.50000
35.3740,747,27,30,0.03000,FL,1,33,23.40000
35.3740,747,27,30,0.03000,BL,0,26,23.19000
35.3740,747,27,30,0.03000,FR,0,18,22.95000
35.3740,747,27,30,0.03000,BR,0,11,22.74000
35.3860,747,27,30,0.03000,FL,0,3,22.50000
35.3860,747,27,30,0.03000,FL,1,33,23.40000
35.3860,747,27,30,0.03000,BL,0,26,23.19000
35.3860,747,27,30,0.03000,FR,0,18,22.95000
35.3860,747,27,30,0.03000,BR,0,11,22.74000
35.3960,747,27,30,0.03000,FL,0,3,22.50000
35.3960,747,27,30,0.03000,FL,1,33,23.40000
35.3960,747,27,30,0.03000,BL,0,26,23.19000
35.3960,747,27,30,0.03000,FR,0,18,22.95000
35.3960,747,27,30,0.03000,BR,0,11,22.74000
35.4080,748,28,30,0.03000,FL,0,2,22.50000
35.4080,748,28,30,0.03000,FL,1,32,23.40000
35.4080,748,28,30,0.03000,BL,0,25,23.19000
35.4080,748,28,30,0.03000,FR,0,17,22.95000
35.4080,748,28,30,0.03000,BR,0,10,22.74000
35.4180,748,28,30,0.03000,FL,0,2,22.50000
35.4180,748,28,30,0.03000,FL,1,32,23.40000
35.4180,748,28,30,0.03000,BL,0,25,23.19000
35.4180,748,28,30,0.03000,FR,0,17,22.95000
35.4180,748,28,30,0.03000,BR,0,10,22.74000
35.4280,748,28,30,0.03000,FL,0,2,22.50000
35.4280,748,28,30,0.03000,FL,1,32,23.40000
35.4280,748,28,30,0.03000,BL,0,25,23.19000
35.4280,748,28,30,0.03000,FR,0,17,22.95000
35.4280,748,28,30,0.03000,BR,0,10,22.74000
35.4380,749,29,30,0.03000,FL,0,1,22.50000
35.4380,749,29,30,0.03000,FL,1,31,23.40000
35.4380,749,29,30,0.03000,BL,0,24,23.19000
35.4380,749,29,30,0.03000,FR,0,16,22.95000
35.4380,749,29,30,0.03000,BR,0,9,22.74000
35.4380,749,29,30,0.03000,BR,1,39,23.64000
35.4480,749,29,30,0.03000,FL,0,1,22.50000
35.4480,749,29,30,0.03000,FL,1,31,23.40000
35.4480,749,29,30,0.03000,BL,0,24,23.19000
35.4480,749,29,30,0.03000,FR,0,16,22.95000
35.4480,749,29,30,0.03000,BR,0,9,22.74000
35.4480,749,29,30,0.03000,BR,1,39,23.64000
35.4580,749,29,30,0.03000,FL,0,1,22.50000
35.4580,749,29,30,0.03000,FL,1,31,23.40000
35.4580,749,29,30,0.03000,BL,0,24,23.19000
35.4580,749,29,30,0.03000,FR,0,16,22.95000
35.4580,749,29,30,0.03000,BR,0,9,22.74000
35.4580,749,29,30,0.03000,BR,1,39,23.64000
35.4680,750,0,30,0.03000,FL,0,30,23.40000
35.4680,750,0,30,0.03000,BL,0,23,23.19000
35.4680,750,0,30,0.03000,FR,0,15,22.95000
35.4680,750,0,30,0.03000,BR,0,8,22.74000
35.4680,750,0,30,0.03000,BR,1,38,23.64000
35.4880,750,0,30,0.03000,FL,0,30,23.40000
35.4880,750,0,30,0.03000,BL,0,23,23.19000
35.4880,750,0,30,0.03000,FR,0,15,22.95000
35.4880,750,0,30,0.03000,BR,0,8,22.74000
35.4880,750,0,30,0.03000,BR,1,38,23.64000
35.4980,751,1,30,0.03000,FL,0,29,23.40000
35.4980,751,1,30,0.03000,BL,0,22,23.19000
35.4980,751,1,30,0.03000,FR,0,14,22.95000
35.4980,751,1,30,0.03000,BR,0,7,22.74000
35.4980,751,1,30,0.03000,BR,1,37,23.64000
35.5080,751,1,30,0.03000,FL,0,29,23.40000
35.5080,751,1,30,0.03000,BL,0,22,23.19000
35.5080,751,1,30,0.03000,FR,0,14,22.95000
35.5080,751,1,30,0.03000,BR,0,7,22.74000
35.5080,751,1,30,0.03000,BR,1,37,23.64000
35.5180,751,1,30,0.03000,FL,0,29,23.40000
35.5180,751,1,30,0.03000,BL,0,22,23.19000
35.5180,751,1,30,0.03000,FR,0,14,22.95000
35.5180,751,1,30,0.03000,BR,0,7,22.74000
35.5180,751,1,30,0.03000,BR,1,37,23.64000
35.5260,752,2,30,0.03000,FL,0,28,23.40000
35.5260,752,2,30,0.03000,BL,0,21,23.19000
35.5260,752,2,30,0.03000,FR,0,13,22.95000
35.5260,752,2,30,0.03000,BR,0,6,22.74000
35.5260,752,2,30,0.03000,BR,1,36,23.64000
35.5360,752,2,30,0.03000,FL,0,28,23.40000
35.5360,752,2,30,0.03000,BL,0,21,23.19000
35.5360,752,2,30,0.03000,FR,0,13,22.95000
35.5360,752,2,30,0.03000,BR,0,6,22.74000
35.5360,752,2,30,0.03000,BR,1,36,23.64000
35.5460,752,2,30,0.03000,FL,0,28,23.40000
35.5460,752,2,30,0.03000,BL,0,21,23.19000
35.5460,752,2,30,0.03000,FR,0,13,22.95000
35.5460,752,2,30,0.03000,BR,0,6,22.74000
35.5460,752,2,30,0.03000,BR,1,36,23.64000
35.5560,753,3,30,0.03000,FL,0,27,23.40000
35.5560,753,3,30,0.03000,BL,0,20,23.19000
35.5560,753,3,30,0.03000,FR,0,12,22.95000
35.5560,753,3,30,0.03000,BR,0,5,22.74000
35.5560,753,3,30,0.03000,BR,1,35,23.64000
35.5660,753,3,30,0.03000,FL,0,27,23.40000
35.5660,753,3,30,0.03000,BL,0,20,23.19000
35.5660,753,3,30,0.03000,FR,0,12,22.95000
35.5660,753,3,30,0.03000,BR,0,5,22.74000
35.5660,753,3,30,0.03000,BR,1,35,23.64000
35.5760,753,3,30,0.03000,FL,0,27,23.40000
35.5760,753,3,30,0.03000,BL,0,20,23.19000
35.5760,753,3,30,0.03000,FR,0,12,22.95000
35.5760,753,3,30,0.03000,BR,0,5,22.74000
35.5760,753,3,30,0.03000,BR,1,35,23.64000
35.5860,754,4,30,0.03000,FL,0,26,23.40000
35.5860,754,4,30,0.03000,BL,0,19,23.19000
35.5860,754,4,30,0.03000,FR,0,11,22.95000
35.5860,754,4,30,0.03000,BR,0,4,22.74000
35.5860,754,4,30,0.03000,BR,1,34,23.64000
35.5940,754,4,30,0.03000,FL,0,26,23.40000
35.5940,754,4,30,0.03000,BL,0,19,23.19000
35.5940,754,4,30,0.03000,FR,0,11,22.95000
35.5940,754,4,30,0.03000,BR,0,4,22.74000
35.5940,754,4,30,0.03000,BR,1,34,23.64000
35.6040,754,4,30,0.03000,FL,0,26,23.40000
35.6040,754,4,30,0.03000,BL,0,19,23.19000
35.6040,754,4,30,0.03000,FR,0,11,22.95000
35.6040,754,4,30,0.03000,BR,0,4,22.74000
35.6040,754,4,30,0.03000,BR,1,34,23.64000
35.6160,755,5,30,0.03000,FL,0,25,23.40000
35.6160,755,5,30,0.03000,BL,0,18,23.19000
35.6160,755,5,30,0.03000,FR,0,10,22.95000
35.6160,755,5,30,0.03000,BR,0,3,22.74000
35.6160,755,5,30,0.03000,BR,1,33,23.64000
35.6260,755,5,30,0.03000,FL,0,25,23.40000
35.6260,755,5,30,0.03000,BL,0,18,23.19000
35.6260,755,5,30,0.03000,FR,0,10,22.95000
35.6260,755,5,30,0.03000,BR,0,3,22.74000
35.6260,755,5,30,0.03000,BR,1,33,23.64000
35.6360,755,5,30,0.03000,FL,0,25,23.40000
35.6360,755,5,30,0.03000,BL,0,18,23.19000
35.6360,755,5,30,0.03000,FR,0,10,22.95000
35.6360,755,5,30,0.03000,BR,0,3,22.74000
35.6360,755,5,30,0.03000,BR,1,33,23.64000
35.6500,756,6,30,0.03000,FL,0,24,23.40000
35.6500,756,6,30,0.03000,BL,0,17,23.19000
35.6500,756,6,30,0.03000,FR,0,9,22.95000
35.6500,756,6,30,0.03000,FR,1,39,23.85000
35.6500,756,6,30,0.03000,BR,0,2,22.74000
35.6500,756,6,30,0.03000,BR,1,32,23.64000
35.6580,756,6,30,0.03000,FL,0,24,23.40000
35.6580,756,6,30,0.03000,BL,0,17,23.19000
35.6580,756,6,30,0.03000,FR,0,9,22.95000
35.6580,756,6,30,0.03000,FR,1,39,23.85000
35.6580,756,6,30,0.03000,BR,0,2,22.74000
35.6580,756,6,30,0.03000,BR,1,32,23.64000
35.6700,757,7,30,0.03000,FL,0,23,23.40000
35.6700,757,7,30,0.03000,BL,0,16,23.19000
35.6700,757,7,30,0.03000,FR,0,8,22.95000
35.6700,757,7,30,0.03000,FR,1,38,23.85000
35.6700,757,7,30,0.03000,BR,0,1,22.74000
35.6700,757,7,30,0.03000,BR,1,31,23.64000
35.6940,757,7,30,0.03000,FL,0,23,23.40000
35.6940,757,7,30,0.03000,BL,0,16,23.19000
35.6940,757,7,30,0.03000,FR,0,8,22.95000
35.6940,757,7,30,0.03000,FR,1,38,23.85000
35.6940,757,7,30,0.03000,BR,0,1,22.74000
35.6940,757,7,30,0.03000,BR,1,31,23.64000
35.7080,758,8,30,0.03000,FL,0,22,23.40000
35.7080,758,8,30,0.03000,BL,0,15,23.19000
35.7080,758,8,30,0.03000,FR,0,7,22.95000
35.7080,758,8,30,0.03000,FR,1,37,23.85000
35.7080,758,8,30,0.03000,BR,0,30,23.64000
35.7180,758,8,30,0.03000,FL,0,22,23.40000
35.7180,758,8,30,0.03000,BL,0,15,23.19000
35.7180,758,8,30,0.03000,FR,0,7,22.95000
35.7180,758,8,30,0.03000,FR,1,37,23.85000
35.7180,758,8,30,0.03000,BR,0,30,23.64000
35.7260,758,8,30,0.03000,FL,0,22,23.40000
35.7260,758,8,30,0.03000,BL,0,15,23.19000
35.7260,758,8,30,0.03000,FR,0,7,22.95000
35.7260,758,8,30,0.03000,FR,1,37,23.85000
35.7260,758,8,30,0.03000,BR,0,30,23.64000
35.7360,759,9,30,0.03000,FL,0,21,23.40000
35.7360,759,9,30,0.03000,BL,0,14,23.19000
35.7360,759,9,30,0.03000,FR,0,6,22.95000
35.7360,759,9,30,0.03000,FR,1,36,23.85000
35.7360,759,9,30,0.03000,BR,0,29,23.64000
35.7480,759,9,30,0.03000,FL,0,21,23.40000
35.7480,759,9,30,0.03000,BL,0,14,23.19000
35.7480,759,9,30,0.03000,FR,0,6,22.95000
35.7480,759,9,30,0.03000,FR,1,36,23.85000
35.7480,759,9,30,0.03000,BR,0,29,23.64000
35.7580,759,9,30,0.03000,FL,0,21,23.40000
35.7580,759,9,30,0.03000,BL,0,14,23.19000
35.7580,759,9,30,0.03000,FR,0,6,22.95000
35.7580,759,9,30,0.03000,FR,1,36,23.85000
35.7580,759,9,30,0.03000,BR,0,29,23.64000
35.7680,760,10,30,0.03000,FL,0,20,23.40000
35.7680,760,10,30,0.03000,BL,0,13,23.19000
35.7680,760,10,30,0.03000,FR,0,5,22.95000
35.7680,760,10,30,0.03000,FR,1,35,23.85000
35.7680,760,10,30,0.03000,BR,0,28,23.64000
35.7800,760,10,30,0.03000,FL,0,20,23.40000
35.7800,760,10,30,0.03000,BL,0,13,23.19000
35.7800,760,10,30,0.03000,FR,0,5,22.95000
35.7800,760,10,30,0.03000,FR,1,35,23.85000
35.7800,760,10,30,0.03000,BR,0,28,23.64000
35.7880,760,10,30,0.03000,FL,0,20,23.40000
35.7880,760,10,30,0.03000,BL,0,13,23.19000
35.7880,760,10,30,0.03000,FR,0,5,22.95000
35.7880,760,10,30,0.03000,FR,1,35,23.85000
35.7880,760,10,30,0.03000,BR,0,28,23.64000
35.7980,761,11,30,0.03000,FL,0,19,23.40000
35.7980,761,11,30,0.03000,BL,0,12,23.19000
35.7980,761,11,30,0.03000,FR,0,4,22.95000
35.7980,761,11,30,0.03000,FR,1,34,23.85000
35.7980,761,11,30,0.03000,BR,0,27,23.64000
35.8080,761,11,30,0.03000,FL,0,19,23.40000
35.8080,761,11,30,0.03000,BL,0,12,23.19000
35.8080,761,11,30,0.03000,FR,0,4,22.95000
35.8080,761,11,30,0.03000,FR,1,34,23.85000
35.8080,761,11,30,0.03000,BR,0,27,23.64000
35.8180,761,11,30,0.03000,FL,0,19,23.40000
35.8180,761,11,30,0.03000,BL,0,12,23.19000
35.8180,761,11,30,0.03000,FR,0,4,22.95000
35.8180,761,11,30,0.03000,FR,1,34,23.85000
35.8180,761,11,30,0.03000,BR,0,27,23.64000
35.8260,762,12,30,0.03000,FL,0,18,23.40000
35.8260,762,12,30,0.03000,BL,0,11,23.19000
35.8260,762,12,30,0.03000,FR,0,3,22.95000
35.8260,762,12,30,0.03000,FR,1,33,23.85000
35.8260,762,12,30,0.03000,BR,0,26,23.64000
35.8380,762,12,30,0.03000,FL,0,18,23.40000
35.8380,762,12,30,0.03000,BL,0,11,23.19000
35.8380,762,12,30,0.03000,FR,0,3,22.95000
35.8380,762,12,30,0.03000,FR,1,33,23.85000
35.8380,762,12,30,0.03000,BR,0,26,23.64000
35.8520,763,13,30,0.03000,FL,0,17,23.40000
35.8520,763,13,30,0.03000,BL,0,10,23.19000
35.8520,763,13,30,0.03000,FR,0,2,22.95000
35.8520,763,13,30,0.03000,FR,1,32,23.85000
35.8520,763,13,30,0.03000,BR,0,25,23.64000
35.8620,763,13,30,0.03000,FL,0,17,23.40000
35.8620,763,13,30,0.03000,BL,0,10,23.19000
35.8620,763,13,30,0.03000,FR,0,2,22.95000
35.8620,763,13,30,0.03000,FR,1,32,23.85000
35.8620,763,13,30,0.03000,BR,0,25,23.64000
35.8720,763,13,30,0.03000,FL,0,17,23.40000
35.8720,763,13,30,0.03000,BL,0,10,23.19000
35.8720,763,13,30,0.03000,FR,0,2,22.95000
35.8720,763,13,30,0.03000,FR,1,32,23.85000
35.8720,763,13,30,0.03000,BR,0,25,23.64000
35.8820,764,14,30,0.03000,FL,0,16,23.40000
35.8820,764,14,30,0.03000,BL,0,9,23.19000
35.8820,764,14,30,0.03000,BL,1,39,24.09000
35.8820,764,14,30,0.03000,FR,0,1,22.95000
35.8820,764,14,30,0.03000,FR,1,31,23.85000
35.8820,764,14,30,0.03000,BR,0,24,23.64000
35.8920,764,14,30,0.03000,FL,0,16,23.40000
35.8920,764,14,30,0.03000,BL,0,9,23.19000
35.8920,764,14,30,0.03000,BL,1,39,24.09000
35.8920,764,14,30,0.03000,FR,0,1,22.95000
35.8920,764,14,30,0.03000,FR,1,31,23.85000
35.8920,764,14,30,0.03000,BR,0,24,23.64000
35.9000,764,14,30,0.03000,FL,0,16,23.40000
35.9000,764,14,30,0.03000,BL,0,9,23.19000
35.9000,764,14,30,0.03000,BL,1,39,24.09000
35.9000,764,14,30,0.03000,FR,0,1,22.95000
35.9000,764,14,30,0.03000,FR,1,31,23.85000
35.9000,764,14,30,0.03000,BR,0,24,23.64000
35.9100,765,15,30,0.03000,FL,0,15,23.40000
35.9100,765,15,30,0.03000,BL,0,8,23.19000
35.9100,765,15,30,0.03000,BL,1,38,24.09000
35.9100,765,15,30,0.03000,FR,0,30,23.85000
35.9100,765,15,30,0.03000,BR,0,23,23.64000
35.9300,765,15,30,0.03000,FL,0,15,23.40000
35.9300,765,15,30,0.03000,BL,0,8,23.19000
35.9300,765,15,30,0.03000,BL,1,38,24.09000
35.9300,765,15,30,0.03000,FR,0,30,23.85000
35.9300,765,15,30,0.03000,BR,0,23,23.64000
35.9400,766,16,30,0.03000,FL,0,14,23.40000
35.9400,766,16,30,0.03000,BL,0,7,23.19000
35.9400,766,16,30,0.03000,BL,1,37,24.09000
35.9400,766,16,30,0.03000,FR,0,29,23.85000
35.9400,766,16,30,0.03000,BR,0,22,23.64000
35.9500,766,16,30,0.03000,FL,0,14,23.40000
35.9500,766,16,30,0.03000,BL,0,7,23.19000
35.9500,766,16,30,0.03000,BL,1,37,24.09000
35.9500,766,16,30,0.03000,FR,0,29,23.85000
35.9500,766,16,30,0.03000,BR,0,22,23.64000
35.9580,766,16,30,0.03000,FL,0,14,23.40000
35.9580,766,16,30,0.03000,BL,0,7,23.19000
35.9580,766,16,30,0.03000,BL,1,37,24.09000
35.9580,766,16,30,0.03000,FR,0,29,23.85000
35.9580,766,16,30,0.03000,BR,0,22,23.64000
35.9700,767,17,30,0.03000,FL,0,13,23.40000
35.9700,767,17,30,0.03000,BL,0,6,23.19000
35.9700,767,17,30,0.03000,BL,1,36,24.09000
35.9700,767,17,30,0.03000,FR,0,28,23.85000
35.9700,767,17,30,0.03000,BR,0,21,23.64000
35.9780,767,17,30,0.03000,FL,0,13,23.40000
35.9780,767,17,30,0.03000,BL,0,6,23.19000
35.9780,767,17,30,0.03000,BL,1,36,24.09000
35.9780,767,17,30,0.03000,FR,0,28,23.85000
35.9780,767,17,30,0.03000,BR,0,21,23.64000
35.9880,767,17,30,0.03000,FL,0,13,23.40000
35.9880,767,17,30,0.03000,BL,0,6,23.19000
35.9880,767,17,30,0.03000,BL,1,36,24.09000
35.9880,767,17,30,0.03000,FR,0,28,23.85000
35.9880,767,17,30,0.03000,BR,0,21,23.64000
35.9980,767,17,30,0.03000,FL,0,13,23.40000
35.9980,767,17,30,0.03000,BL,0,6,23.19000
35.9980,767,17,30,0.03000,BL,1,36,24.09000
35.9980,767,17,30,0.03000,FR,0,28,23.85000
35.9980,767,17,30,0.03000,BR,0,21,23.64000
36.0120,768,18,30,0.03000,FL,0,12,23.40000
36.0120,768,18,30,0.03000,BL,0,5,23.19000
36.0120,768,18,30,0.03000,BL,1,35,24.09000
36.0120,768,18,30,0.03000,FR,0,27,23.85000
36.0120,768,18,30,0.03000,BR,0,20,23.64000
36.0240,768,18,30,0.03000,FL,0,12,23.40000
36.0240,768,18,30,0.03000,BL,0,5,23.19000
36.0240,768,18,30,0.03000,BL,1,35,24.09000
36.0240,768,18,30,0.03000,FR,0,27,23.85000
36.0240,768,18,30,0.03000,BR,0,20,23.64000
36.0320,769,19,30,0.03000,FL,0,11,23.40000
36.0320,769,19,30,0.03000,BL,0,4,23.19000
36.0320,769,19,30,0.03000,BL,1,34,24.09000
36.0320,769,19,30,0.03000,FR,0,26,23.85000
36.0320,769,19,30,0.03000,BR,0,19,23.64000
36.0440,769,19,30,0.03000,FL,0,11,23.40000
36.0440,769,19,30,0.03000,BL,0,4,23.19000
36.0440,769,19,30,0.03000,BL,1,34,24.09000
36.0440,769,19,30,0.03000,FR,0,26,23.85000
36.0440,769,19,30,0.03000,BR,0,19,23.64000
36.0520,769,19,30,0.03000,FL,0,11,23.40000
36.0520,769,19,30,0.03000,BL,0,4,23.19000
36.0520,769,19,30,0.03000,BL,1,34,24.09000
36.0520,769,19,30,0.03000,FR,0,26,23.85000
36.0520,769,19,30,0.03000,BR,0,19,23.64000
36.0620,770,20,30,0.03000,FL,0,10,23.40000
36.0620,770,20,30,0.03000,BL,0,3,23.19000
36.0620,770,20,30,0.03000,BL,1,33,24.09000
36.0620,770,20,30,0.03000,FR,0,25,23.85000
36.0620,770,20,30,0.03000,BR,0,18,23.64000
36.0720,770,20,30,0.03000,FL,0,10,23.40000
36.0720,770,20,30,0.03000,BL,0,3,23.19000
36.0720,770,20,30,0.03000,BL,1,33,24.09000
36.0720,770,20,30,0.03000,FR,0,25,23.85000
36.0720,770,20,30,0.03000,BR,0,18,23.64000
36.0820,770,20,30,0.03000,FL,0,10,23.40000
36.0820,770,20,30,0.03000,BL,0,3,23.19000
36.0820,770,20,30,0.03000,BL,1,33,24.09000
36.0820,770,20,30,0.03000,FR,0,25,23.85000
36.0820,770,20,30,0.03000,BR,0,18,23.64000
36.0900,771,21,30,0.03000,FL,0,9,23.40000
36.0900,771,21,30,0.03000,FL,1,39,24.30000
36.0900,771,21,30,0.03000,BL,0,2,23.19000
36.0900,771,21,30,0.03000,BL,1,32,24.09000
36.0900,771,21,30,0.03000,FR,0,24,23.85000
36.0900,771,21,30,0.03000,BR,0,17,23.64000
36.1000,771,21,30,0.03000,FL,0,9,23.40000
36.1000,771,21,30,0.03000,FL,1,39,24.30000
36.1000,771,21,30,0.03000,BL,0,2,23.19000
36.1000,771,21,30,0.03000,BL,1,32,24.09000
36.1000,771,21,30,0.03000,FR,0,24,23.85000
36.1000,771,21,30,0.03000,BR,0,17,23.64000
36.1100,771,21,30,0.03000,FL,0,9,23.40000
36.1100,771,21,30,0.03000,FL,1,39,24.30000
36.1100,771,21,30,0.03000,BL,0,2,23.19000
36.1100,771,21,30,0.03000,BL,1,32,24.09000
36.1100,771,21,30,0.03000,FR,0,24,23.85000
36.1100,771,21,30,0.03000,BR,0,17,23.64000
36.1200,772,22,30,0.03000,FL,0,8,23.40000
36.1200,772,22,30,0.03000,FL,1,38,24.30000
36.1200,772,22,30,0.03000,BL,0,1,23.19000
36.1200,772,22,30,0.03000,BL,1,31,24.09000
36.1200,772,22,30,0.03000,FR,0,23,23.85000
36.1200,772,22,30,0.03000,BR,0,16,23.64000
36.1420,772,22,30,0.03000,FL,0,8,23.40000
36.1420,772,22,30,0.03000,FL,1,38,24.30000
36.1420,772,22,30,0.03000,BL,0,1,23.19000
36.1420,772,22,30,0.03000,BL,1,31,24.09000
36.1420,772,22,30,0.03000,FR,0,23,23.85000
36.1420,772,22,30,0.03000,BR,0,16,23.64000
36.1540,773,23,30,0.03000,FL,0,7,23.40000
36.1540,773,23,30,0.03000,FL,1,37,24.30000
36.1540,773,23,30,0.03000,BL,0,30,24.09000
36.1540,773,23,30,0.03000,FR,0,22,23.85000
36.1540,773,23,30,0.03000,BR,0,15,23.64000
36.1660,773,23,30,0.03000,FL,0,7,23.40000
36.1660,773,23,30,0.03000,FL,1,37,24.30000
36.1660,773,23,30,0.03000,BL,0,30,24.09000
36.1660,773,23,30,0.03000,FR,0,22,23.85000
36.1660,773,23,30,0.03000,BR,0,15,23.64000
36.1760,773,23,30,0.03000,FL,0,7,23.40000
36.1760,773,23,30,0.03000,FL,1,37,24.30000
36.1760,773,23,30,0.03000,BL,0,30,24.09000
36.1760,773,23,30,0.03000,FR,0,22,23.85000
36.1760,773,23,30,0.03000,BR,0,15,23.64000
36.1860,774,24,30,0.03000,FL,0,6,23.40000
36.1860,774,24,30,0.03000,FL,1,36,24.30000
36.1860,774,24,30,0.03000,BL,0,29,24.09000
36.1860,774,24,30,0.03000,FR,0,21,23.85000
36.1860,774,24,30,0.03000,BR,0,14,23.64000
36.1940,774,24,30,0.03000,FL,0,6,23.40000
36.1940,774,24,30,0.03000,FL,1,36,24.30000
36.1940,774,24,30,0.03000,BL,0,29,24.09000
36.1940,774,24,30,0.03000,FR,0,21,23.85000
36.1940,774,24,30,0.03000,BR,0,14,23.64000
36.2060,774,24,30,0.03000,FL,0,6,23.40000
36.2060,774,24,30,0.03000,FL,1,36,24.30000
36.2060,774,24,30,0.03000,BL,0,29,24.09000
36.2060,774,24,30,0.03000,FR,0,21,23.85000
36.2060,774,24,30,0.03000,BR,0,14,23.64000
36.2140,775,25,30,0.03000,FL,0,5,23.40000
36.2140,775,25,30,0.03000,FL,1,35,24.30000
36.2140,775,25,30,0.03000,BL,0,28,24.09000
36.2140,775,25,30,0.03000,FR,0,20,23.85000
36.2140,775,25,30,0.03000,BR,0,13,23.64000
36.2240,775,25,30,0.03000,FL,0,5,23.40000
36.2240,775,25,30,0.03000,FL,1,35,24.30000
36.2240,775,25,30,0.03000,BL,0,28,24.09000
36.2240,775,25,30,0.03000,FR,0,20,23.85000
36.2240,775,25,30,0.03000,BR,0,13,23.64000
36.2340,775,25,30,0.03000,FL,0,5,23.40000
36.2340,775,25,30,0.03000,FL,1,35,24.30000
36.2340,775,25,30,0.03000,BL,0,28,24.09000
36.2340,775,25,30,0.03000,FR,0,20,23.85000
36.2340,775,25,30,0.03000,BR,0,13,23.64000
36.2440,776,26,30,0.03000,FL,0,4,23.40000
36.2440,776,26,30,0.03000,FL,1,34,24.30000
36.2440,776,26,30,0.03000,BL,0,27,24.09000
36.2440,776,26,30,0.03000,FR,0,19,23.85000
36.2440,776,26,30,0.03000,BR,0,12,23.64000
36.2540,776,26,30,0.03000,FL,0,4,23.40000
36.2540,776,26,30,0.03000,FL,1,34,24.30000
36.2540,776,26,30,0.03000,BL,0,27,24.09000
36.2540,776,26,30,0.03000,FR,0,19,23.85000
36.2540,776,26,30,0.03000,BR,0,12,23.64000
36.2620,776,26,30,0.03000,FL,0,4,23.40000
36.2620,776,26,30,0.03000,FL,1,34,24.30000
36.2620,776,26,30,0.03000,BL,0,27,24.09000
36.2620,776,26,30,0.03000,FR,0,19,23.85000
36.2620,776,26,30,0.03000,BR,0,12,23.64000
36.2720,777,27,30,0.03000,FL,0,3,23.40000
36.2720,777,27,30,0.03000,FL,1,33,24.30000
36.2720,777,27,30,0.03000,BL,0,26,24.09000
36.2720,777,27,30,0.03000,FR,0,18,23.85000
36.2720,777,27,30,0.03000,BR,0,11,23.64000
36.2820,777,27,30,0.03000,FL,0,3,23.40000
36.2820,777,27,30,0.03000,FL,1,33,24.30000
36.2820,777,27,30,0.03000,BL,0,26,24.09000
36.2820,777,27,30,0.03000,FR,0,18,23.85000
36.2820,777,27,30,0.03000,BR,0,11,23.64000
36.2920,777,27,30,0.03000,FL,0,3,23.40000
36.2920,777,27,30,0.03000,FL,1,33,24.30000
36.2920,777,27,30,0.03000,BL,0,26,24.09000
36.2920,777,27,30,0.03000,FR,0,18,23.85000
36.2920,777,27,30,0.03000,BR,0,11,23.64000
36.3020,778,28,30,0.03000,FL,0,2,23.40000
36.3020,778,28,30,0.03000,FL,1,32,24.30000
36.3020,778,28,30,0.03000,BL,0,25,24.09000
36.3020,778,28,30,0.03000,FR,0,17,23.85000
36.3020,778,28,30,0.03000,BR,0,10,23.64000
36.3120,778,28,30,0.03000,FL,0,2,23.40000
36.3120,778,28,30,0.03000,FL,1,32,24.30000
36.3120,778,28,30,0.03000,BL,0,25,24.09000
36.3120,778,28,30,0.03000,FR,0,17,23.85000
36.3120,778,28,30,0.03000,BR,0,10,23.64000
36.3220,778,28,30,0.03000,FL,0,2,23.40000
36.3220,778,28,30,0.03000,FL,1,32,24.30000
36.3220,778,28,30,0.03000,BL,0,25,24.09000
36.3220,778,28,30,0.03000,FR,0,17,23.85000
36.3220,778,28,30,0.03000,BR,0,10,23.64000
36.3320,779,29,30,0.03000,FL,0,1,23.40000
36.3320,779,29,30,0.03000,FL,1,31,24.30000
36.3320,779,29,30,0.03000,BL,0,24,24.09000
36.3320,779,29,30,0.03000,FR,0,16,23.85000
36.3320,779,29,30,0.03000,BR,0,9,23.64000
36.3320,779,29,30,0.03000,BR,1,39,24.54000
36.3400,779,29,30,0.03000,FL,0,1,23.40000
36.3400,779,29,30,0.03000,FL,1,31,24.30000
36.3400,779,29,30,0.03000,BL,0,24,24.09000
36.3400,779,29,30,0.03000,FR,0,16,23.85000
36.3400,779,29,30,0.03000,BR,0,9,23.64000
36.3400,779,29,30,0.03000,BR,1,39,24.54000
36.3500,779,29,30,0.03000,FL,0,1,23.40000
36.3500,779,29,30,0.03000,FL,1,31,24.30000
36.3500,779,29,30,0.03000,BL,0,24,24.09000
36.3500,779,29,30,0.03000,FR,0,16,23.85000
36.3500,779,29,30,0.03000,BR,0,9,23.64000
36.3500,779,29,30,0.03000,BR,1,39,24.54000
36.3600,780,0,30,0.03000,FL,0,30,24.30000
36.3600,780,0,30,0.03000,BL,0,23,24.09000
36.3600,780,0,30,0.03000,FR,0,15,23.85000
36.3600,780,0,30,0.03000,BR,0,8,23.64000
36.3600,780,0,30,0.03000,BR,1,38,24.54000
36.3800,780,0,30,0.03000,FL,0,30,24.30000
36.3800,780,0,30,0.03000,BL,0,23,24.09000
36.3800,780,0,30,0.03000,FR,0,15,23.85000
36.3800,780,0,30,0.03000,BR,0,8,23.64000
36.3800,780,0,30,0.03000,BR,1,38,24.54000
36.3880,780,0,30,0.03000,FL,0,30,24.30000
36.3880,780,0,30,0.03000,BL,0,23,24.09000
36.3880,780,0,30,0.03000,FR,0,15,23.85000
36.3880,780,0,30,0.03000,BR,0,8,23.64000
36.3880,780,0,30,0.03000,BR,1,38,24.54000
36.3980,781,1,30,0.03000,FL,0,29,24.30000
36.3980,781,1,30,0.03000,BL,0,22,24.09000
36.3980,781,1,30,0.03000,FR,0,14,23.85000
36.3980,781,1,30,0.03000,BR,0,7,23.64000
36.3980,781,1,30,0.03000,BR,1,37,24.54000
36.4080,781,1,30,0.03000,FL,0,29,24.30000
36.4080,781,1,30,0.03000,BL,0,22,24.09000
36.4080,781,1,30,0.03000,FR,0,14,23.85000
36.4080,781,1,30,0.03000,BR,0,7,23.64000
36.4080,781,1,30,0.03000,BR,1,37,24.54000
36.4180,781,1,30,0.03000,FL,0,29,24.30000
36.4180,781,1,30,0.03000,BL,0,22,24.09000
36.4180,781,1,30,0.03000,FR,0,14,23.85000
36.4180,781,1,30,0.03000,BR,0,7,23.64000
36.4180,781,1,30,0.03000,BR,1,37,24.54000
36.4280,782,2,30,0.03000,FL,0,28,24.30000
36.4280,782,2,30,0.03000,BL,0,21,24.09000
36.4280,782,2,30,0.03000,FR,0,13,23.85000
36.4280,782,2,30,0.03000,BR,0,6,23.64000
36.4280,782,2,30,0.03000,BR,1,36,24.54000
36.4380,782,2,30,0.03000,FL,0,28,24.30000
36.4380,782,2,30,0.03000,BL,0,21,24.09000
36.4380,782,2,30,0.03000,FR,0,13,23.85000
36.4380,782,2,30,0.03000,BR,0,6,23.64000
36.4380,782,2,30,0.03000,BR,1,36,24.54000
36.4480,782,2,30,0.03000,FL,0,28,24.30000
36.4480,782,2,30,0.03000,BL,0,21,24.09000
36.4480,782,2,30,0.03000,FR,0,13,23.85000
36.4480,782,2,30,0.03000,BR,0,6,23.64000
36.4480,782,2,30,0.03000,BR,1,36,24.54000
36.4580,783,3,30,0.03000,FL,0,27,24.30000
36.4580,783,3,30,0.03000,BL,0,20,24.09000
36.4580,783,3,30,0.03000,FR,0,12,23.85000
36.4580,783,3,30,0.03000,BR,0,5,23.64000
36.4580,783,3,30,0.03000,BR,1,35,24.54000
36.4660,783,3,30,0.03000,FL,0,27,24.30000
36.4660,783,3,30,0.03000,BL,0,20,24.09000
36.4660,783,3,30,0.03000,FR,0,12,23.85000
36.4660,783,3,30,0.03000,BR,0,5,23.64000
36.4660,783,3,30,0.03000,BR,1,35,24.54000
36.4760,783,3,30,0.03000,FL,0,27,24.30000
36.4760,783,3,30,0.03000,BL,0,20,24.09000
36.4760,783,3,30,0.03000,FR,0,12,23.85000
36.4760,783,3,30,0.03000,BR,0,5,23.64000
36.4760,783,3,30,0.03000,BR,1,35,24.54000
36.4860,784,4,30,0.03000,FL,0,26,24.30000
36.4860,784,4,30,0.03000,BL,0,19,24.09000
36.4860,784,4,30,0.03000,FR,0,11,23.85000
36.4860,784,4,30,0.03000,BR,0,4,23.64000
36.4860,784,4,30,0.03000,BR,1,34,24.54000
36.4960,784,4,30,0.03000,FL,0,26,24.30000
36.4960,784,4,30,0.03000,BL,0,19,24.09000
36.4960,784,4,30,0.03000,FR,0,11,23.85000
36.4960,784,4,30,0.03000,BR,0,4,23.64000
36.4960,784,4,30,0.03000,BR,1,34,24.54000
36.5060,784,4,30,0.03000,FL,0,26,24.30000
36.5060,784,4,30,0.03000,BL,0,19,24.09000
36.5060,784,4,30,0.03000,FR,0,11,23.85000
36.5060,784,4,30,0.03000,BR,0,4,23.64000
36.5060,784,4,30,0.03000,BR,1,34,24.54000
36.5160,785,5,30,0.03000,FL,0,25,24.30000
36.5160,785,5,30,0.03000,BL,0,18,24.09000
36.5160,785,5,30,0.03000,FR,0,10,23.85000
36.5160,785,5,30,0.03000,BR,0,3,23.64000
36.5160,785,5,30,0.03000,BR,1,33,24.54000
36.5260,785,5,30,0.03000,FL,0,25,24.30000
36.5260,785,5,30,0.03000,BL,0,18,24.09000
36.5260,785,5,30,0.03000,FR,0,10,23.85000
36.5260,785,5,30,0.03000,BR,0,3,23.64000
36.5260,785,5,30,0.03000,BR,1,33,24.54000
36.5360,785,5,30,0.03000,FL,0,25,24.30000
36.5360,785,5,30,0.03000,BL,0,18,24.09000
36.5360,785,5,30,0.03000,FR,0,10,23.85000
36.5360,785,5,30,0.03000,BR,0,3,23.64000
36.5360,785,5,30,0.03000,BR,1,33,24.54000
36.5460,786,6,30,0.03000,FL,0,24,24.30000
36.5460,786,6,30,0.03000,BL,0,17,24.09000
36.5460,786,6,30,0.03000,FR,0,9,23.85000
36.5460,786,6,30,0.03000,FR,1,39,24.75000
36.5460,786,6,30,0.03000,BR,0,2,23.64000
36.5460,786,6,30,0.03000,BR,1,32,24.54000
36.5560,786,6,30,0.03000,FL,0,24,24.30000
36.5560,786,6,30,0.03000,BL,0,17,24.09000
36.5560,786,6,30,0.03000,FR,0,9,23.85000
36.5560,786,6,30,0.03000,FR,1,39,24.75000
36.5560,786,6,30,0.03000,BR,0,2,23.64000
36.5560,786,6,30,0.03000,BR,1,32,24.54000
36.5680,786,6,30,0.03000,FL,0,24,24.30000
36.5680,786,6,30,0.03000,BL,0,17,24.09000
36.5680,786,6,30,0.03000,FR,0,9,23.85000
36.5680,786,6,30,0.03000,FR,1,39,24.75000
36.5680,786,6,30,0.03000,BR,0,2,23.64000
36.5680,786,6,30,0.03000,BR,1,32,24.54000
36.5800,787,7,30,0.03000,FL,0,23,24.30000
36.5800,787,7,30,0.03000,BL,0,16,24.09000
36.5800,787,7,30,0.03000,FR,0,8,23.85000
36.5800,787,7,30,0.03000,FR,1,38,24.75000
36.5800,787,7,30,0.03000,BR,0,1,23.64000
36.5800,787,7,30,0.03000,BR,1,31,24.54000
36.6040,788,8,30,0.03000,FL,0,22,24.30000
36.6040,788,8,30,0.03000,BL,0,15,24.09000
36.6040,788,8,30,0.03000,FR,0,7,23.85000
36.6040,788,8,30,0.03000,FR,1,37,24.75000
36.6040,788,8,30,0.03000,BR,0,30,24.54000
36.6120,788,8,30,0.03000,FL,0,22,24.30000
36.6120,788,8,30,0.03000,BL,0,15,24.09000
36.6120,788,8,30,0.03000,FR,0,7,23.85000
36.6120,788,8,30,0.03000,FR,1,37,24.75000
36.6120,788,8,30,0.03000,BR,0,30,24.54000
36.6220,788,8,30,0.03000,FL,0,22,24.30000
36.6220,788,8,30,0.03000,BL,0,15,24.09000
36.6220,788,8,30,0.03000,FR,0,7,23.85000
36.6220,788,8,30,0.03000,FR,1,37,24.75000
36.6220,788,8,30,0.03000,BR,0,30,24.54000
36.6340,789,9,30,0.03000,FL,0,21,24.30000
36.6340,789,9,30,0.03000,BL,0,14,24.09000
36.6340,789,9,30,0.03000,FR,0,6,23.85000
36.6340,789,9,30,0.03000,FR,1,36,24.75000
36.6340,789,9,30,0.03000,BR,0,29,24.54000
36.6440,789,9,30,0.03000,FL,0,21,24.30000
36.6440,789,9,30,0.03000,BL,0,14,24.09000
36.6440,789,9,30,0.03000,FR,0,6,23.85000
36.6440,789,9,30,0.03000,FR,1,36,24.75000
36.6440,789,9,30,0.03000,BR,0,29,24.54000
36.6560,789,9,30,0.03000,FL,0,21,24.30000
36.6560,789,9,30,0.03000,BL,0,14,24.09000
36.6560,789,9,30,0.03000,FR,0,6,23.85000
36.6560,789,9,30,0.03000,FR,1,36,24.75000
36.6560,789,9,30,0.03000,BR,0,29,24.54000
36.6680,790,10,30,0.03000,FL,0,20,24.30000
36.6680,790,10,30,0.03000,BL,0,13,24.09000
36.6680,790,10,30,0.03000,FR,0,5,23.85000
36.6680,790,10,30,0.03000,FR,1,35,24.75000
36.6680,790,10,30,0.03000,BR,0,28,24.54000
36.6780,790,10,30,0.03000,FL,0,20,24.30000
36.6780,790,10,30,0.03000,BL,0,13,24.09000
36.6780,790,10,30,0.03000,FR,0,5,23.85000
36.6780,790,10,30,0.03000,FR,1,35,24.75000
36.6780,790,10,30,0.03000,BR,0,28,24.54000
36.6880,790,10,30,0.03000,FL,0,20,24.30000
36.6880,790,10,30,0.03000,BL,0,13,24.09000
36.6880,790,10,30,0.03000,FR,0,5,23.85000
36.6880,790,10,30,0.03000,FR,1,35,24.75000
36.6880,790,10,30,0.03000,BR,0,28,24.54000
36.6980,791,11,30,0.03000,FL,0,19,24.30000
36.6980,791,11,30,0.03000,BL,0,12,24.09000
36.6980,791,11,30,0.03000,FR,0,4,23.85000
36.6980,791,11,30,0.03000,FR,1,34,24.75000
36.6980,791,11,30,0.03000,BR,0,27,24.54000
36.7120,791,11,30,0.03000,FL,0,19,24.30000
36.7120,791,11,30,0.03000,BL,0,12,24.09000
36.7120,791,11,30,0.03000,FR,0,4,23.85000
36.7120,791,11,30,0.03000,FR,1,34,24.75000
36.7120,791,11,30,0.03000,BR,0,27,24.54000
36.7220,792,12,30,0.03000,FL,0,18,24.30000
36.7220,792,12,30,0.03000,BL,0,11,24.09000
36.7220,792,12,30,0.03000,FR,0,3,23.85000
36.7220,792,12,30,0.03000,FR,1,33,24.75000
36.7220,792,12,30,0.03000,BR,0,26,24.54000
36.7360,792,12,30,0.03000,FL,0,18,24.30000
36.7360,792,12,30,0.03000,BL,0,11,24.09000
36.7360,792,12,30,0.03000,FR,0,3,23.85000
36.7360,792,12,30,0.03000,FR,1,33,24.75000
36.7360,792,12,30,0.03000,BR,0,26,24.54000
36.7440,792,12,30,0.03000,FL,0,18,24.30000
36.7440,792,12,30,0.03000,BL,0,11,24.09000
36.7440,792,12,30,0.03000,FR,0,3,23.85000
36.7440,792,12,30,0.03000,FR,1,33,24.75000
36.7440,792,12,30,0.03000,BR,0,26,24.54000
36.7580,793,13,30,0.03000,FL,0,17,24.30000
36.7580,793,13,30,0.03000,BL,0,10,24.09000
36.7580,793,13,30,0.03000,FR,0,2,23.85000
36.7580,793,13,30,0.03000,FR,1,32,24.75000
36.7580,793,13,30,0.03000,BR,0,25,24.54000
36.7760,793,13,30,0.03000,FL,0,17,24.30000
36.7760,793,13,30,0.03000,BL,0,10,24.09000
36.7760,793,13,30,0.03000,FR,0,2,23.85000
36.7760,793,13,30,0.03000,FR,1,32,24.75000
36.7760,793,13,30,0.03000,BR,0,25,24.54000
36.7880,794,14,30,0.03000,FL,0,16,24.30000
36.7880,794,14,30,0.03000,BL,0,9,24.09000
36.7880,794,14,30,0.03000,BL,1,39,24.99000
36.7880,794,14,30,0.03000,FR,0,1,23.85000
36.7880,794,14,30,0.03000,FR,1,31,24.75000
36.7880,794,14,30,0.03000,BR,0,24,24.54000
36.8000,794,14,30,0.03000,FL,0,16,24.30000
36.8000,794,14,30,0.03000,BL,0,9,24.09000
36.8000,794,14,30,0.03000,BL,1,39,24.99000
36.8000,794,14,30,0.03000,FR,0,1,23.85000
36.8000,794,14,30,0.03000,FR,1,31,24.75000
36.8000,794,14,30,0.03000,BR,0,24,24.54000
36.8100,795,15,30,0.03000,FL,0,15,24.30000
36.8100,795,15,30,0.03000,BL,0,8,24.09000
36.8100,795,15,30,0.03000,BL,1,38,24.99000
36.8100,795,15,30,0.03000,FR,0,30,24.75000
36.8100,795,15,30,0.03000,BR,0,23,24.54000
36.8320,795,15,30,0.03000,FL,0,15,24.30000
36.8320,795,15,30,0.03000,BL,0,8,24.09000
36.8320,795,15,30,0.03000,BL,1,38,24.99000
36.8320,795,15,30,0.03000,FR,0,30,24.75000
36.8320,795,15,30,0.03000,BR,0,23,24.54000
36.8460,796,16,30,0.03000,FL,0,14,24.30000
36.8460,796,16,30,0.03000,BL,0,7,24.09000
36.8460,796,16,30,0.03000,BL,1,37,24.99000
36.8460,796,16,30,0.03000,FR,0,29,24.75000
36.8460,796,16,30,0.03000,BR,0,22,24.54000
36.8540,796,16,30,0.03000,FL,0,14,24.30000
36.8540,796,16,30,0.03000,BL,0,7,24.09000
36.8540,796,16,30,0.03000,BL,1,37,24.99000
36.8540,796,16,30,0.03000,FR,0,29,24.75000
36.8540,796,16,30,0.03000,BR,0,22,24.54000
36.8660,796,16,30,0.03000,FL,0,14,24.30000
36.8660,796,16,30,0.03000,BL,0,7,24.09000
36.8660,796,16,30,0.03000,BL,1,37,24.99000
36.8660,796,16,30,0.03000,FR,0,29,24.75000
36.8660,796,16,30,0.03000,BR,0,22,24.54000
36.8780,797,17,30,0.03000,FL,0,13,24.30000
36.8780,797,17,30,0.03000,BL,0,6,24.09000
36.8780,797,17,30,0.03000,BL,1,36,24.99000
36.8780,797,17,30,0.03000,FR,0,28,24.75000
36.8780,797,17,30,0.03000,BR,0,21,24.54000
36.8900,797,17,30,0.03000,FL,0,13,24.30000
36.8900,797,17,30,0.03000,BL,0,6,24.09000
36.8900,797,17,30,0.03000,BL,1,36,24.99000
36.8900,797,17,30,0.03000,FR,0,28,24.75000
36.8900,797,17,30,0.03000,BR,0,21,24.54000
36.9000,798,18,30,0.03000,FL,0,12,24.30000
36.9000,798,18,30,0.03000,BL,0,5,24.09000
36.9000,798,18,30,0.03000,BL,1,35,24.99000
36.9000,798,18,30,0.03000,FR,0,27,24.75000
36.9000,798,18,30,0.03000,BR,0,20,24.54000
36.9100,798,18,30,0.03000,FL,0,12,24.30000
36.9100,798,18,30,0.03000,BL,0,5,24.09000
36.9100,798,18,30,0.03000,BL,1,35,24.99000
36.9100,798,18,30,0.03000,FR,0,27,24.75000
36.9100,798,18,30,0.03000,BR,0,20,24.54000
36.9180,798,18,30,0.03000,FL,0,12,24.30000
36.9180,798,18,30,0.03000,BL,0,5,24.09000
36.9180,798,18,30,0.03000,BL,1,35,24.99000
36.9180,798,18,30,0.03000,FR,0,27,24.75000
36.9180,798,18,30,0.03000,BR,0,20,24.54000
36.9280,798,18,30,0.03000,FL,0,12,24.30000
36.9280,798,18,30,0.03000,BL,0,5,24.09000
36.9280,798,18,30,0.03000,BL,1,35,24.99000
36.9280,798,18,30,0.03000,FR,0,27,24.75000
36.9280,798,18,30,0.03000,BR,0,20,24.54000
36.9400,799,19,30,0.03000,FL,0,11,24.30000
36.9400,799,19,30,0.03000,BL,0,4,24.09000
36.9400,799,19,30,0.03000,BL,1,34,24.99000
36.9400,799,19,30,0.03000,FR,0,26,24.75000
36.9400,799,19,30,0.03000,BR,0,19,24.54000
36.9540,799,19,30,0.03000,FL,0,11,24.30000
36.9540,799,19,30,0.03000,BL,0,4,24.09000
36.9540,799,19,30,0.03000,BL,1,34,24.99000
36.9540,799,19,30,0.03000,FR,0,26,24.75000
36.9540,799,19,30,0.03000,BR,0,19,24.54000
36.9680,800,20,30,0.03000,FL,0,10,24.30000
36.9680,800,20,30,0.03000,BL,0,3,24.09000
36.9680,800,20,30,0.03000,BL,1,33,24.99000
36.9680,800,20,30,0.03000,FR,0,25,24.75000
36.9680,800,20,30,0.03000,BR,0,18,24.54000
36.9760,800,20,30,0.03000,FL,0,10,24.30000
36.9760,800,20,30,0.03000,BL,0,3,24.09000
36.9760,800,20,30,0.03000,BL,1,33,24.99000
36.9760,800,20,30,0.03000,FR,0,25,24.75000
36.9760,800,20,30,0.03000,BR,0,18,24.54000
36.9860,800,20,30,0.03000,FL,0,10,24.30000
36.9860,800,20,30,0.03000,BL,0,3,24.09000
36.9860,800,20,30,0.03000,BL,1,33,24.99000
36.9860,800,20,30,0.03000,FR,0,25,24.75000
36.9860,800,20,30,0.03000,BR,0,18,24.54000
37.0020,801,21,30,0.03000,FL,0,9,24.30000
37.0020,801,21,30,0.03000,FL,1,39,25.20000
37.0020,801,21,30,0.03000,BL,0,2,24.09000
37.0020,801,21,30,0.03000,BL,1,32,24.99000
37.0020,801,21,30,0.03000,FR,0,24,24.75000
37.0020,801,21,30,0.03000,BR,0,17,24.54000
37.0140,801,21,30,0.03000,FL,0,9,24.30000
37.0140,801,21,30,0.03000,FL,1,39,25.20000
37.0140,801,21,30,0.03000,BL,0,2,24.09000
37.0140,801,21,30,0.03000,BL,1,32,24.99000
37.0140,801,21,30,0.03000,FR,0,24,24.75000
37.0140,801,21,30,0.03000,BR,0,17,24.54000
37.0220,802,22,30,0.03000,FL,0,8,24.30000
37.0220,802,22,30,0.03000,FL,1,38,25.20000
37.0220,802,22,30,0.03000,BL,0,1,24.09000
37.0220,802,22,30,0.03000,BL,1,31,24.99000
37.0220,802,22,30,0.03000,FR,0,23,24.75000
37.0220,802,22,30,0.03000,BR,0,16,24.54000
37.0460,802,22,30,0.03000,FL,0,8,24.30000
37.0460,802,22,30,0.03000,FL,1,38,25.20000
37.0460,802,22,30,0.03000,BL,0,1,24.09000
37.0460,802,22,30,0.03000,BL,1,31,24.99000
37.0460,802,22,30,0.03000,FR,0,23,24.75000
37.0460,802,22,30,0.03000,BR,0,16,24.54000
37.0580,803,23,30,0.03000,FL,0,7,24.30000
37.0580,803,23,30,0.03000,FL,1,37,25.20000
37.0580,803,23,30,0.03000,BL,0,30,24.99000
37.0580,803,23,30,0.03000,FR,0,22,24.75000
37.0580,803,23,30,0.03000,BR,0,15,24.54000
37.0780,803,23,30,0.03000,FL,0,7,24.30000
37.0780,803,23,30,0.03000,FL,1,37,25.20000
37.0780,803,23,30,0.03000,BL,0,30,24.99000
37.0780,803,23,30,0.03000,FR,0,22,24.75000
37.0780,803,23,30,0.03000,BR,0,15,24.54000
37.1120,805,25,30,0.03000,FL,0,5,24.30000
37.1120,805,25,30,0.03000,FL,1,35,25.20000
37.1120,805,25,30,0.03000,BL,0,28,24.99000
37.1120,805,25,30,0.03000,FR,0,20,24.75000
37.1120,805,25,30,0.03000,BR,0,13,24.54000
37.1200,805,25,30,0.03000,FL,0,5,24.30000
37.1200,805,25,30,0.03000,FL,1,35,25.20000
37.1200,805,25,30,0.03000,BL,0,28,24.99000
37.1200,805,25,30,0.03000,FR,0,20,24.75000
37.1200,805,25,30,0.03000,BR,0,13,24.54000
37.1320,805,25,30,0.03000,FL,0,5,24.30000
37.1320,805,25,30,0.03000,FL,1,35,25.20000
37.1320,805,25,30,0.03000,BL,0,28,24.99000
37.1320,805,25,30,0.03000,FR,0,20,24.75000
37.1320,805,25,30,0.03000,BR,0,13,24.54000
37.1440,806,26,30,0.03000,FL,0,4,24.30000
37.1440,806,26,30,0.03000,FL,1,34,25.20000
37.1440,806,26,30,0.03000,BL,0,27,24.99000
37.1440,806,26,30,0.03000,FR,0,19,24.75000
37.1440,806,26,30,0.03000,BR,0,12,24.54000
37.1540,806,26,30,0.03000,FL,0,4,24.30000
37.1540,806,26,30,0.03000,FL,1,34,25.20000
37.1540,806,26,30,0.03000,BL,0,27,24.99000
37.1540,806,26,30,0.03000,FR,0,19,24.75000
37.1540,806,26,30,0.03000,BR,0,12,24.54000
37.1660,806,26,30,0.03000,FL,0,4,24.30000
37.1660,806,26,30,0.03000,FL,1,34,25.20000
37.1660,806,26,30,0.03000,BL,0,27,24.99000
37.1660,806,26,30,0.03000,FR,0,19,24.75000
37.1660,806,26,30,0.03000,BR,0,12,24.54000
37.1760,807,27,30,0.03000,FL,0,3,24.30000
37.1760,807,27,30,0.03000,FL,1,33,25.20000
37.1760,807,27,30,0.03000,BL,0,26,24.99000
37.1760,807,27,30,0.03000,FR,0,18,24.75000
37.1760,807,27,30,0.03000,BR,0,11,24.54000
37.1860,807,27,30,0.03000,FL,0,3,24.30000
37.1860,807,27,30,0.03000,FL,1,33,25.20000
37.1860,807,27,30,0.03000,BL,0,26,24.99000
37.1860,807,27,30,0.03000,FR,0,18,24.75000
37.1860,807,27,30,0.03000,BR,0,11,24.54000
37.1960,807,27,30,0.03000,FL,0,3,24.30000
37.1960,807,27,30,0.03000,FL,1,33,25.20000
37.1960,807,27,30,0.03000,BL,0,26,24.99000
37.1960,807,27,30,0.03000,FR,0,18,24.75000
37.1960,807,27,30,0.03000,BR,0,11,24.54000
37.2080,808,28,30,0.03000,FL,0,2,24.30000
37.2080,808,28,30,0.03000,FL,1,32,25.20000
37.2080,808,28,30,0.03000,BL,0,25,24.99000
37.2080,808,28,30,0.03000,FR,0,17,24.75000
37.2080,808,28,30,0.03000,BR,0,10,24.54000
37.2200,808,28,30,0.03000,FL,0,2,24.30000
37.2200,808,28,30,0.03000,FL,1,32,25.20000
37.2200,808,28,30,0.03000,BL,0,25,24.99000
37.2200,808,28,30,0.03000,FR,0,17,24.75000
37.2200,808,28,30,0.03000,BR,0,10,24.54000
37.2320,809,29,30,0.03000,FL,0,1,24.30000
37.2320,809,29,30,0.03000,FL,1,31,25.20000
37.2320,809,29,30,0.03000,BL,0,24,24.99000
37.2320,809,29,30,0.03000,FR,0,16,24.75000
37.2320,809,29,30,0.03000,BR,0,9,24.54000
37.2320,809,29,30,0.03000,BR,1,39,25.44000
37.2440,809,29,30,0.03000,FL,0,1,24.30000
37.2440,809,29,30,0.03000,FL,1,31,25.20000
37.2440,809,29,30,0.03000,BL,0,24,24.99000
37.2440,809,29,30,0.03000,FR,0,16,24.75000
37.2440,809,29,30,0.03000,BR,0,9,24.54000
37.2440,809,29,30,0.03000,BR,1,39,25.44000
37.2580,809,29,30,0.03000,FL,0,1,24.30000
37.2580,809,29,30,0.03000,FL,1,31,25.20000
37.2580,809,29,30,0.03000,BL,0,24,24.99000
37.2580,809,29,30,0.03000,FR,0,16,24.75000
37.2580,809,29,30,0.03000,BR,0,9,24.54000
37.2580,809,29,30,0.03000,BR,1,39,25.44000
37.2800,810,0,30,0.03000,FL,0,30,25.20000
37.2800,810,0,30,0.03000,BL,0,23,24.99000
37.2800,810,0,30,0.03000,FR,0,15,24.75000
37.2800,810,0,30,0.03000,BR,0,8,24.54000
37.2800,810,0,30,0.03000,BR,1,38,25.44000
37.3020,811,1,30,0.03000,FL,0,29,25.20000
37.3020,811,1,30,0.03000,BL,0,22,24.99000
37.3020,811,1,30,0.03000,FR,0,14,24.75000
37.3020,811,1,30,0.03000,BR,0,7,24.54000
37.3020,811,1,30,0.03000,BR,1,37,25.44000
37.3120,811,1,30,0.03000,FL,0,29,25.20000
37.3120,811,1,30,0.03000,BL,0,22,24.99000
37.3120,811,1,30,0.03000,FR,0,14,24.75000
37.3120,811,1,30,0.03000,BR,0,7,24.54000
37.3120,811,1,30,0.03000,BR,1,37,25.44000
37.3220,812,2,30,0.03000,FL,0,28,25.20000
37.3220,812,2,30,0.03000,BL,0,21,24.99000
37.3220,812,2,30,0.03000,FR,0,13,24.75000
37.3220,812,2,30,0.03000,BR,0,6,24.54000
37.3220,812,2,30,0.03000,BR,1,36,25.44000
37.3320,812,2,30,0.03000,FL,0,28,25.20000
37.3320,812,2,30,0.03000,BL,0,21,24.99000
37.3320,812,2,30,0.03000,FR,0,13,24.75000
37.3320,812,2,30,0.03000,BR,0,6,24.54000
37.3320,812,2,30,0.03000,BR,1,36,25.44000
37.3420,812,2,30,0.03000,FL,0,28,25.20000
37.3420,812,2,30,0.03000,BL,0,21,24.99000
37.3420,812,2,30,0.03000,FR,0,13,24.75000
37.3420,812,2,30,0.03000,BR,0,6,24.54000
37.3420,812,2,30,0.03000,BR,1,36,25.44000
37.3500,813,3,30,0.03000,FL,0,27,25.20000
37.3500,813,3,30,0.03000,BL,0,20,24.99000
37.3500,813,3,30,0.03000,FR,0,12,24.75000
37.3500,813,3,30,0.03000,BR,0,5,24.54000
37.3500,813,3,30,0.03000,BR,1,35,25.44000
37.3600,813,3,30,0.03000,FL,0,27,25.20000
37.3600,813,3,30,0.03000,BL,0,20,24.99000
37.3600,813,3,30,0.03000,FR,0,12,24.75000
37.3600,813,3,30,0.03000,BR,0,5,24.54000
37.3600,813,3,30,0.03000,BR,1,35,25.44000
37.3700,813,3,30,0.03000,FL,0,27,25.20000
37.3700,813,3,30,0.03000,BL,0,20,24.99000
37.3700,813,3,30,0.03000,FR,0,12,24.75000
37.3700,813,3,30,0.03000,BR,0,5,24.54000
37.3700,813,3,30,0.03000,BR,1,35,25.44000
37.3800,814,4,30,0.03000,FL,0,26,25.20000
37.3800,814,4,30,0.03000,BL,0,19,24.99000
37.3800,814,4,30,0.03000,FR,0,11,24.75000
37.3800,814,4,30,0.03000,BR,0,4,24.54000
37.3800,814,4,30,0.03000,BR,1,34,25.44000
37.3900,814,4,30,0.03000,FL,0,26,25.20000
37.3900,814,4,30,0.03000,BL,0,19,24.99000
37.3900,814,4,30,0.03000,FR,0,11,24.75000
37.3900,814,4,30,0.03000,BR,0,4,24.54000
37.3900,814,4,30,0.03000,BR,1,34,25.44000
37.4020,814,4,30,0.03000,FL,0,26,25.20000
37.4020,814,4,30,0.03000,BL,0,19,24.99000
37.4020,814,4,30,0.03000,FR,0,11,24.75000
37.4020,814,4,30,0.03000,BR,0,4,24.54000
37.4020,814,4,30,0.03000,BR,1,34,25.44000
37.4140,815,5,30,0.03000,FL,0,25,25.20000
37.4140,815,5,30,0.03000,BL,0,18,24.99000
37.4140,815,5,30,0.03000,FR,0,10,24.75000
37.4140,815,5,30,0.03000,BR,0,3,24.54000
37.4140,815,5,30,0.03000,BR,1,33,25.44000
37.4260,815,5,30,0.03000,FL,0,25,25.20000
37.4260,815,5,30,0.03000,BL,0,18,24.99000
37.4260,815,5,30,0.03000,FR,0,10,24.75000
37.4260,815,5,30,0.03000,BR,0,3,24.54000
37.4260,815,5,30,0.03000,BR,1,33,25.44000
37.4360,815,5,30,0.03000,FL,0,25,25.20000
37.4360,815,5,30,0.03000,BL,0,18,24.99000
37.4360,815,5,30,0.03000,FR,0,10,24.75000
37.4360,815,5,30,0.03000,BR,0,3,24.54000
37.4360,815,5,30,0.03000,BR,1,33,25.44000
37.4460,816,6,30,0.03000,FL,0,24,25.20000
37.4460,816,6,30,0.03000,BL,0,17,24.99000
37.4460,816,6,30,0.03000,FR,0,9,24.75000
37.4460,816,6,30,0.03000,FR,1,39,25.65000
37.4460,816,6,30,0.03000,BR,0,2,24.54000
37.4460,816,6,30,0.03000,BR,1,32,25.44000
37.4620,816,6,30,0.03000,FL,0,24,25.20000
37.4620,816,6,30,0.03000,BL,0,17,24.99000
37.4620,816,6,30,0.03000,FR,0,9,24.75000
37.4620,816,6,30,0.03000,FR,1,39,25.65000
37.4620,816,6,30,0.03000,BR,0,2,24.54000
37.4620,816,6,30,0.03000,BR,1,32,25.44000
37.4720,817,7,30,0.03000,FL,0,23,25.20000
37.4720,817,7,30,0.03000,BL,0,16,24.99000
37.4720,817,7,30,0.03000,FR,0,8,24.75000
37.4720,817,7,30,0.03000,FR,1,38,25.65000
37.4720,817,7,30,0.03000,BR,0,1,24.54000
37.4720,817,7,30,0.03000,BR,1,31,25.44000
37.4940,817,7,30,0.03000,FL,0,23,25.20000
37.4940,817,7,30,0.03000,BL,0,16,24.99000
37.4940,817,7,30,0.03000,FR,0,8,24.75000
37.4940,817,7,30,0.03000,FR,1,38,25.65000
37.4940,817,7,30,0.03000,BR,0,1,24.54000
37.4940,817,7,30,0.03000,BR,1,31,25.44000
37.5060,818,8,30,0.03000,FL,0,22,25.20000
37.5060,818,8,30,0.03000,BL,0,15,24.99000
37.5060,818,8,30,0.03000,FR,0,7,24.75000
37.5060,818,8,30,0.03000,FR,1,37,25.65000
37.5060,818,8,30,0.03000,BR,0,30,25.44000
37.5140,818,8,30,0.03000,FL,0,22,25.20000
37.5140,818,8,30,0.03000,BL,0,15,24.99000
37.5140,818,8,30,0.03000,FR,0,7,24.75000
37.5140,818,8,30,0.03000,FR,1,37,25.65000
37.5140,818,8,30,0.03000,BR,0,30,25.44000
37.5260,818,8,30,0.03000,FL,0,22,25.20000
37.5260,818,8,30,0.03000,BL,0,15,24.99000
37.5260,818,8,30,0.03000,FR,0,7,24.75000
37.5260,818,8,30,0.03000,FR,1,37,25.65000
37.5260,818,8,30,0.03000,BR,0,30,25.44000
37.5380,819,9,30,0.03000,FL,0,21,25.20000
37.5380,819,9,30,0.03000,BL,0,14,24.99000
37.5380,819,9,30,0.03000,FR,0,6,24.75000
37.5380,819,9,30,0.03000,FR,1,36,25.65000
37.5380,819,9,30,0.03000,BR,0,29,25.44000
37.5460,819,9,30,0.03000,FL,0,21,25.20000
37.5460,819,9,30,0.03000,BL,0,14,24.99000
37.5460,819,9,30,0.03000,FR,0,6,24.75000
37.5460,819,9,30,0.03000,FR,1,36,25.65000
37.5460,819,9,30,0.03000,BR,0,29,25.44000
37.5560,819,9,30,0.03000,FL,0,21,25.20000
37.5560,819,9,30,0.03000,BL,0,14,24.99000
37.5560,819,9,30,0.03000,FR,0,6,24.75000
37.5560,819,9,30,0.03000,FR,1,36,25.65000
37.5560,819,9,30,0.03000,BR,0,29,25.44000
37.5660,820,10,30,0.03000,FL,0,20,25.20000
37.5660,820,10,30,0.03000,BL,0,13,24.99000
37.5660,820,10,30,0.03000,FR,0,5,24.75000
37.5660,820,10,30,0.03000,FR,1,35,25.65000
37.5660,820,10,30,0.03000,BR,0,28,25.44000
37.5780,820,10,30,0.03000,FL,0,20,25.20000
37.5780,820,10,30,0.03000,BL,0,13,24.99000
37.5780,820,10,30,0.03000,FR,0,5,24.75000
37.5780,820,10,30,0.03000,FR,1,35,25.65000
37.5780,820,10,30,0.03000,BR,0,28,25.44000
37.5880,820,10,30,0.03000,FL,0,20,25.20000
37.5880,820,10,30,0.03000,BL,0,13,24.99000
37.5880,820,10,30,0.03000,FR,0,5,24.75000
37.5880,820,10,30,0.03000,FR,1,35,25.65000
37.5880,820,10,30,0.03000,BR,0,28,25.44000
37.5980,821,11,30,0.03000,FL,0,19,25.20000
37.5980,821,11,30,0.03000,BL,0,12,24.99000
37.5980,821,11,30,0.03000,FR,0,4,24.75000
37.5980,821,11,30,0.03000,FR,1,34,25.65000
37.5980,821,11,30,0.03000,BR,0,27,25.44000
37.6100,821,11,30,0.03000,FL,0,19,25.20000
37.6100,821,11,30,0.03000,BL,0,12,24.99000
37.6100,821,11,30,0.03000,FR,0,4,24.75000
37.6100,821,11,30,0.03000,FR,1,34,25.65000
37.6100,821,11,30,0.03000,BR,0,27,25.44000
37.6200,822,12,30,0.03000,FL,0,18,25.20000
37.6200,822,12,30,0.03000,BL,0,11,24.99000
37.6200,822,12,30,0.03000,FR,0,3,24.75000
37.6200,822,12,30,0.03000,FR,1,33,25.65000
37.6200,822,12,30,0.03000,BR,0,26,25.44000
37.6320,822,12,30,0.03000,FL,0,18,25.20000
37.6320,822,12,30,0.03000,BL,0,11,24.99000
37.6320,822,12,30,0.03000,FR,0,3,24.75000
37.6320,822,12,30,0.03000,FR,1,33,25.65000
37.6320,822,12,30,0.03000,BR,0,26,25.44000
37.6420,822,12,30,0.03000,FL,0,18,25.20000
37.6420,822,12,30,0.03000,BL,0,11,24.99000
37.6420,822,12,30,0.03000,FR,0,3,24.75000
37.6420,822,12,30,0.03000,FR,1,33,25.65000
37.6420,822,12,30,0.03000,BR,0,26,25.44000
37.6500,823,13,30,0.03000,FL,0,17,25.20000
37.6500,823,13,30,0.03000,BL,0,10,24.99000
37.6500,823,13,30,0.03000,FR,0,2,24.75000
37.6500,823,13,30,0.03000,FR,1,32,25.65000
37.6500,823,13,30,0.03000,BR,0,25,25.44000
37.6600,823,13,30,0.03000,FL,0,17,25.20000
37.6600,823,13,30,0.03000,BL,0,10,24.99000
37.6600,823,13,30,0.03000,FR,0,2,24.75000
37.6600,823,13,30,0.03000,FR,1,32,25.65000
37.6600,823,13,30,0.03000,BR,0,25,25.44000
37.6700,823,13,30,0.03000,FL,0,17,25.20000
37.6700,823,13,30,0.03000,BL,0,10,24.99000
37.6700,823,13,30,0.03000,FR,0,2,24.75000
37.6700,823,13,30,0.03000,FR,1,32,25.65000
37.6700,823,13,30,0.03000,BR,0,25,25.44000
37.6780,823,13,30,0.03000,FL,0,17,25.20000
37.6780,823,13,30,0.03000,BL,0,10,24.99000
37.6780,823,13,30,0.03000,FR,0,2,24.75000
37.6780,823,13,30,0.03000,FR,1,32,25.65000
37.6780,823,13,30,0.03000,BR,0,25,25.44000
37.6900,824,14,30,0.03000,FL,0,16,25.20000
37.6900,824,14,30,0.03000,BL,0,9,24.99000
37.6900,824,14,30,0.03000,BL,1,39,25.89000
37.6900,824,14,30,0.03000,FR,0,1,24.75000
37.6900,824,14,30,0.03000,FR,1,31,25.65000
37.6900,824,14,30,0.03000,BR,0,24,25.44000
37.7040,824,14,30,0.03000,FL,0,16,25.20000
37.7040,824,14,30,0.03000,BL,0,9,24.99000
37.7040,824,14,30,0.03000,BL,1,39,25.89000
37.7040,824,14,30,0.03000,FR,0,1,24.75000
37.7040,824,14,30,0.03000,FR,1,31,25.65000
37.7040,824,14,30,0.03000,BR,0,24,25.44000
37.7160,825,15,30,0.03000,FL,0,15,25.20000
37.7160,825,15,30,0.03000,BL,0,8,24.99000
37.7160,825,15,30,0.03000,BL,1,38,25.89000
37.7160,825,15,30,0.03000,FR,0,30,25.65000
37.7160,825,15,30,0.03000,BR,0,23,25.44000
37.7580,826,16,30,0.03000,FL,0,14,25.20000
37.7580,826,16,30,0.03000,BL,0,7,24.99000
37.7580,826,16,30,0.03000,BL,1,37,25.89000
37.7580,826,16,30,0.03000,FR,0,29,25.65000
37.7580,826,16,30,0.03000,BR,0,22,25.44000
37.7780,827,17,30,0.03000,FL,0,13,25.20000
37.7780,827,17,30,0.03000,BL,0,6,24.99000
37.7780,827,17,30,0.03000,BL,1,36,25.89000
37.7780,827,17,30,0.03000,FR,0,28,25.65000
37.7780,827,17,30,0.03000,BR,0,21,25.44000
37.7940,827,17,30,0.03000,FL,0,13,25.20000
37.7940,827,17,30,0.03000,BL,0,6,24.99000
37.7940,827,17,30,0.03000,BL,1,36,25.89000
37.7940,827,17,30,0.03000,FR,0,28,25.65000
37.7940,827,17,30,0.03000,BR,0,21,25.44000
37.8020,828,18,30,0.03000,FL,0,12,25.20000
37.8020,828,18,30,0.03000,BL,0,5,24.99000
37.8020,828,18,30,0.03000,BL,1,35,25.89000
37.8020,828,18,30,0.03000,FR,0,27,25.65000
37.8020,828,18,30,0.03000,BR,0,20,25.44000
37.8120,828,18,30,0.03000,FL,0,12,25.20000
37.8120,828,18,30,0.03000,BL,0,5,24.99000
37.8120,828,18,30,0.03000,BL,1,35,25.89000
37.8120,828,18,30,0.03000,FR,0,27,25.65000
37.8120,828,18,30,0.03000,BR,0,20,25.44000
37.8240,828,18,30,0.03000,FL,0,12,25.20000
37.8240,828,18,30,0.03000,BL,0,5,24.99000
37.8240,828,18,30,0.03000,BL,1,35,25.89000
37.8240,828,18,30,0.03000,FR,0,27,25.65000
37.8240,828,18,30,0.03000,BR,0,20,25.44000
37.8380,829,19,30,0.03000,FL,0,11,25.20000
37.8380,829,19,30,0.03000,BL,0,4,24.99000
37.8380,829,19,30,0.03000,BL,1,34,25.89000
37.8380,829,19,30,0.03000,FR,0,26,25.65000
37.8380,829,19,30,0.03000,BR,0,19,25.44000
37.8480,829,19,30,0.03000,FL,0,11,25.20000
37.8480,829,19,30,0.03000,BL,0,4,24.99000
37.8480,829,19,30,0.03000,BL,1,34,25.89000
37.8480,829,19,30,0.03000,FR,0,26,25.65000
37.8480,829,19,30,0.03000,BR,0,19,25.44000
37.8720,830,20,30,0.03000,FL,0,10,25.20000
37.8720,830,20,30,0.03000,BL,0,3,24.99000
37.8720,830,20,30,0.03000,BL,1,33,25.89000
37.8720,830,20,30,0.03000,FR,0,25,25.65000
37.8720,830,20,30,0.03000,BR,0,18,25.44000
37.8940,831,21,30,0.03000,FL,0,9,25.20000
37.8940,831,21,30,0.03000,FL,1,39,26.10000
37.8940,831,21,30,0.03000,BL,0,2,24.99000
37.8940,831,21,30,0.03000,BL,1,32,25.89000
37.8940,831,21,30,0.03000,FR,0,24,25.65000
37.8940,831,21,30,0.03000,BR,0,17,25.44000
37.9340,832,22,30,0.03000,FL,0,8,25.20000
37.9340,832,22,30,0.03000,FL,1,38,26.10000
37.9340,832,22,30,0.03000,BL,0,1,24.99000
37.9340,832,22,30,0.03000,BL,1,31,25.89000
37.9340,832,22,30,0.03000,FR,0,23,25.65000
37.9340,832,22,30,0.03000,BR,0,16,25.44000
37.9760,833,23,30,0.03000,FL,0,7,25.20000
37.9760,833,23,30,0.03000,FL,1,37,26.10000
37.9760,833,23,30,0.03000,BL,0,30,25.89000
37.9760,833,23,30,0.03000,FR,0,22,25.65000
37.9760,833,23,30,0.03000,BR,0,15,25.44000
37.9940,834,24,30,0.03000,FL,0,6,25.20000
37.9940,834,24,30,0.03000,FL,1,36,26.10000
37.9940,834,24,30,0.03000,BL,0,29,25.89000
37.9940,834,24,30,0.03000,FR,0,21,25.65000
37.9940,834,24,30,0.03000,BR,0,14,25.44000
38.0060,834,24,30,0.03000,FL,0,6,25.20000
38.0060,834,24,30,0.03000,FL,1,36,26.10000
38.0060,834,24,30,0.03000,BL,0,29,25.89000
38.0060,834,24,30,0.03000,FR,0,21,25.65000
38.0060,834,24,30,0.03000,BR,0,14,25.44000
38.0160,835,25,30,0.03000,FL,0,5,25.20000
38.0160,835,25,30,0.03000,FL,1,35,26.10000
38.0160,835,25,30,0.03000,BL,0,28,25.89000
38.0160,835,25,30,0.03000,FR,0,20,25.65000
38.0160,835,25,30,0.03000,BR,0,13,25.44000
38.0240,835,25,30,0.03000,FL,0,5,25.20000
38.0240,835,25,30,0.03000,FL,1,35,26.10000
38.0240,835,25,30,0.03000,BL,0,28,25.89000
38.0240,835,25,30,0.03000,FR,0,20,25.65000
38.0240,835,25,30,0.03000,BR,0,13,25.44000
38.0360,835,25,30,0.03000,FL,0,5,25.20000
38.0360,835,25,30,0.03000,FL,1,35,26.10000
38.0360,835,25,30,0.03000,BL,0,28,25.89000
38.0360,835,25,30,0.03000,FR,0,20,25.65000
38.0360,835,25,30,0.03000,BR,0,13,25.44000
38.0460,836,26,30,0.03000,FL,0,4,25.20000
38.0460,836,26,30,0.03000,FL,1,34,26.10000
38.0460,836,26,30,0.03000,BL,0,27,25.89000
38.0460,836,26,30,0.03000,FR,0,19,25.65000
38.0460,836,26,30,0.03000,BR,0,12,25.44000
38.0560,836,26,30,0.03000,FL,0,4,25.20000
38.0560,836,26,30,0.03000,FL,1,34,26.10000
38.0560,836,26,30,0.03000,BL,0,27,25.89000
38.0560,836,26,30,0.03000,FR,0,19,25.65000
38.0560,836,26,30,0.03000,BR,0,12,25.44000
38.0660,836,26,30,0.03000,FL,0,4,25.20000
38.0660,836,26,30,0.03000,FL,1,34,26.10000
38.0660,836,26,30,0.03000,BL,0,27,25.89000
38.0660,836,26,30,0.03000,FR,0,19,25.65000
38.0660,836,26,30,0.03000,BR,0,12,25.44000
38.0820,837,27,30,0.03000,FL,0,3,25.20000
38.0820,837,27,30,0.03000,FL,1,33,26.10000
38.0820,837,27,30,0.03000,BL,0,26,25.89000
38.0820,837,27,30,0.03000,FR,0,18,25.65000
38.0820,837,27,30,0.03000,BR,0,11,25.44000
38.0920,837,27,30,0.03000,FL,0,3,25.20000
38.0920,837,27,30,0.03000,FL,1,33,26.10000
38.0920,837,27,30,0.03000,BL,0,26,25.89000
38.0920,837,27,30,0.03000,FR,0,18,25.65000
38.0920,837,27,30,0.03000,BR,0,11,25.44000
38.1060,838,28,30,0.03000,FL,0,2,25.20000
38.1060,838,28,30,0.03000,FL,1,32,26.10000
38.1060,838,28,30,0.03000,BL,0,25,25.89000
38.1060,838,28,30,0.03000,FR,0,17,25.65000
38.1060,838,28,30,0.03000,BR,0,10,25.44000
38.1380,839,29,30,0.03000,FL,0,1,25.20000
38.1380,839,29,30,0.03000,FL,1,31,26.10000
38.1380,839,29,30,0.03000,BL,0,24,25.89000
38.1380,839,29,30,0.03000,FR,0,16,25.65000
38.1380,839,29,30,0.03000,BR,0,9,25.44000
38.1380,839,29,30,0.03000,BR,1,39,26.34000
38.1500,839,29,30,0.03000,FL,0,1,25.20000
38.1500,839,29,30,0.03000,FL,1,31,26.10000
38.1500,839,29,30,0.03000,BL,0,24,25.89000
38.1500,839,29,30,0.03000,FR,0,16,25.65000
38.1500,839,29,30,0.03000,BR,0,9,25.44000
38.1500,839,29,30,0.03000,BR,1,39,26.34000
38.1600,840,0,30,0.03000,FL,0,30,26.10000
38.1600,840,0,30,0.03000,BL,0,23,25.89000
38.1600,840,0,30,0.03000,FR,0,15,25.65000
38.1600,840,0,30,0.03000,BR,0,8,25.44000
38.1600,840,0,30,0.03000,BR,1,38,26.34000
38.1800,840,0,30,0.03000,FL,0,30,26.10000
38.1800,840,0,30,0.03000,BL,0,23,25.89000
38.1800,840,0,30,0.03000,FR,0,15,25.65000
38.1800,840,0,30,0.03000,BR,0,8,25.44000
38.1800,840,0,30,0.03000,BR,1,38,26.34000
38.1900,841,1,30,0.03000,FL,0,29,26.10000
38.1900,841,1,30,0.03000,BL,0,22,25.89000
38.1900,841,1,30,0.03000,FR,0,14,25.65000
38.1900,841,1,30,0.03000,BR,0,7,25.44000
38.1900,841,1,30,0.03000,BR,1,37,26.34000
38.2000,841,1,30,0.03000,FL,0,29,26.10000
38.2000,841,1,30,0.03000,BL,0,22,25.89000
38.2000,841,1,30,0.03000,FR,0,14,25.65000
38.2000,841,1,30,0.03000,BR,0,7,25.44000
38.2000,841,1,30,0.03000,BR,1,37,26.34000
38.2100,841,1,30,0.03000,FL,0,29,26.10000
38.2100,841,1,30,0.03000,BL,0,22,25.89000
38.2100,841,1,30,0.03000,FR,0,14,25.65000
38.2100,841,1,30,0.03000,BR,0,7,25.44000
38.2100,841,1,30,0.03000,BR,1,37,26.34000
38.2180,841,1,30,0.03000,FL,0,29,26.10000
38.2180,841,1,30,0.03000,BL,0,22,25.89000
38.2180,841,1,30,0.03000,FR,0,14,25.65000
38.2180,841,1,30,0.03000,BR,0,7,25.44000
38.2180,841,1,30,0.03000,BR,1,37,26.34000
38.2300,842,2,30,0.03000,FL,0,28,26.10000
38.2300,842,2,30,0.03000,BL,0,21,25.89000
38.2300,842,2,30,0.03000,FR,0,13,25.65000
38.2300,842,2,30,0.03000,BR,0,6,25.44000
38.2300,842,2,30,0.03000,BR,1,36,26.34000
38.2400,842,2,30,0.03000,FL,0,28,26.10000
38.2400,842,2,30,0.03000,BL,0,21,25.89000
38.2400,842,2,30,0.03000,FR,0,13,25.65000
38.2400,842,2,30,0.03000,BR,0,6,25.44000
38.2400,842,2,30,0.03000,BR,1,36,26.34000
38.2480,842,2,30,0.03000,FL,0,28,26.10000
38.2480,842,2,30,0.03000,BL,0,21,25.89000
38.2480,842,2,30,0.03000,FR,0,13,25.65000
38.2480,842,2,30,0.03000,BR,0,6,25.44000
38.2480,842,2,30,0.03000,BR,1,36,26.34000
38.2580,843,3,30,0.03000,FL,0,27,26.10000
38.2580,843,3,30,0.03000,BL,0,20,25.89000
38.2580,843,3,30,0.03000,FR,0,12,25.65000
38.2580,843,3,30,0.03000,BR,0,5,25.44000
38.2580,843,3,30,0.03000,BR,1,35,26.34000
38.2680,843,3,30,0.03000,FL,0,27,26.10000
38.2680,843,3,30,0.03000,BL,0,20,25.89000
38.2680,843,3,30,0.03000,FR,0,12,25.65000
38.2680,843,3,30,0.03000,BR,0,5,25.44000
38.2680,843,3,30,0.03000,BR,1,35,26.34000
38.2780,843,3,30,0.03000,FL,0,27,26.10000
38.2780,843,3,30,0.03000,BL,0,20,25.89000
38.2780,843,3,30,0.03000,FR,0,12,25.65000
38.2780,843,3,30,0.03000,BR,0,5,25.44000
38.2780,843,3,30,0.03000,BR,1,35,26.34000
38.2880,844,4,30,0.03000,FL,0,26,26.10000
38.2880,844,4,30,0.03000,BL,0,19,25.89000
38.2880,844,4,30,0.03000,FR,0,11,25.65000
38.2880,844,4,30,0.03000,BR,0,4,25.44000
38.2880,844,4,30,0.03000,BR,1,34,26.34000
38.2980,844,4,30,0.03000,FL,0,26,26.10000
38.2980,844,4,30,0.03000,BL,0,19,25.89000
38.2980,844,4,30,0.03000,FR,0,11,25.65000
38.2980,844,4,30,0.03000,BR,0,4,25.44000
38.2980,844,4,30,0.03000,BR,1,34,26.34000
38.3080,844,4,30,0.03000,FL,0,26,26.10000
38.3080,844,4,30,0.03000,BL,0,19,25.89000
38.3080,844,4,30,0.03000,FR,0,11,25.65000
38.3080,844,4,30,0.03000,BR,0,4,25.44000
38.3080,844,4,30,0.03000,BR,1,34,26.34000
38.3160,845,5,30,0.03000,FL,0,25,26.10000
38.3160,845,5,30,0.03000,BL,0,18,25.89000
38.3160,845,5,30,0.03000,FR,0,10,25.65000
38.3160,845,5,30,0.03000,BR,0,3,25.44000
38.3160,845,5,30,0.03000,BR,1,33,26.34000
38.3280,845,5,30,0.03000,FL,0,25,26.10000
38.3280,845,5,30,0.03000,BL,0,18,25.89000
38.3280,845,5,30,0.03000,FR,0,10,25.65000
38.3280,845,5,30,0.03000,BR,0,3,25.44000
38.3280,845,5,30,0.03000,BR,1,33,26.34000
38.3360,845,5,30,0.03000,FL,0,25,26.10000
38.3360,845,5,30,0.03000,BL,0,18,25.89000
38.3360,845,5,30,0.03000,FR,0,10,25.65000
38.3360,845,5,30,0.03000,BR,0,3,25.44000
38.3360,845,5,30,0.03000,BR,1,33,26.34000
38.3480,846,6,30,0.03000,FL,0,24,26.10000
38.3480,846,6,30,0.03000,BL,0,17,25.89000
38.3480,846,6,30,0.03000,FR,0,9,25.65000
38.3480,846,6,30,0.03000,FR,1,39,26.55000
38.3480,846,6,30,0.03000,BR,0,2,25.44000
38.3480,846,6,30,0.03000,BR,1,32,26.34000
38.3560,846,6,30,0.03000,FL,0,24,26.10000
38.3560,846,6,30,0.03000,BL,0,17,25.89000
38.3560,846,6,30,0.03000,FR,0,9,25.65000
38.3560,846,6,30,0.03000,FR,1,39,26.55000
38.3560,846,6,30,0.03000,BR,0,2,25.44000
38.3560,846,6,30,0.03000,BR,1,32,26.34000
38.3660,846,6,30,0.03000,FL,0,24,26.10000
38.3660,846,6,30,0.03000,BL,0,17,25.89000
38.3660,846,6,30,0.03000,FR,0,9,25.65000
38.3660,846,6,30,0.03000,FR,1,39,26.55000
38.3660,846,6,30,0.03000,BR,0,2,25.44000
38.3660,846,6,30,0.03000,BR,1,32,26.34000
38.3760,847,7,30,0.03000,FL,0,23,26.10000
38.3760,847,7,30,0.03000,BL,0,16,25.89000
38.3760,847,7,30,0.03000,FR,0,8,25.65000
38.3760,847,7,30,0.03000,FR,1,38,26.55000
38.3760,847,7,30,0.03000,BR,0,1,25.44000
38.3760,847,7,30,0.03000,BR,1,31,26.34000
38.4000,848,8,30,0.03000,FL,0,22,26.10000
38.4000,848,8,30,0.03000,BL,0,15,25.89000
38.4000,848,8,30,0.03000,FR,0,7,25.65000
38.4000,848,8,30,0.03000,FR,1,37,26.55000
38.4000,848,8,30,0.03000,BR,0,30,26.34000
38.4120,848,8,30,0.03000,FL,0,22,26.10000
38.4120,848,8,30,0.03000,BL,0,15,25.89000
38.4120,848,8,30,0.03000,FR,0,7,25.65000
38.4120,848,8,30,0.03000,FR,1,37,26.55000
38.4120,848,8,30,0.03000,BR,0,30,26.34000
38.4200,848,8,30,0.03000,FL,0,22,26.10000
38.4200,848,8,30,0.03000,BL,0,15,25.89000
38.4200,848,8,30,0.03000,FR,0,7,25.65000
38.4200,848,8,30,0.03000,FR,1,37,26.55000
38.4200,848,8,30,0.03000,BR,0,30,26.34000
38.4300,849,9,30,0.03000,FL,0,21,26.10000
38.4300,849,9,30,0.03000,BL,0,14,25.89000
38.4300,849,9,30,0.03000,FR,0,6,25.65000
38.4300,849,9,30,0.03000,FR,1,36,26.55000
38.4300,849,9,30,0.03000,BR,0,29,26.34000
38.4400,849,9,30,0.03000,FL,0,21,26.10000
38.4400,849,9,30,0.03000,BL,0,14,25.89000
38.4400,849,9,30,0.03000,FR,0,6,25.65000
38.4400,849,9,30,0.03000,FR,1,36,26.55000
38.4400,849,9,30,0.03000,BR,0,29,26.34000
38.4500,849,9,30,0.03000,FL,0,21,26.10000
38.4500,849,9,30,0.03000,BL,0,14,25.89000
38.4500,849,9,30,0.03000,FR,0,6,25.65000
38.4500,849,9,30,0.03000,FR,1,36,26.55000
38.4500,849,9,30,0.03000,BR,0,29,26.34000
38.4600,850,10,30,0.03000,FL,0,20,26.10000
38.4600,850,10,30,0.03000,BL,0,13,25.89000
38.4600,850,10,30,0.03000,FR,0,5,25.65000
38.4600,850,10,30,0.03000,FR,1,35,26.55000
38.4600,850,10,30,0.03000,BR,0,28,26.34000
38.4700,850,10,30,0.03000,FL,0,20,26.10000
38.4700,850,10,30,0.03000,BL,0,13,25.89000
38.4700,850,10,30,0.03000,FR,0,5,25.65000
38.4700,850,10,30,0.03000,FR,1,35,26.55000
38.4700,850,10,30,0.03000,BR,0,28,26.34000
38.4800,850,10,30,0.03000,FL,0,20,26.10000
38.4800,850,10,30,0.03000,BL,0,13,25.89000
38.4800,850,10,30,0.03000,FR,0,5,25.65000
38.4800,850,10,30,0.03000,FR,1,35,26.55000
38.4800,850,10,30,0.03000,BR,0,28,26.34000
38.4900,851,11,30,0.03000,FL,0,19,26.10000
38.4900,851,11,30,0.03000,BL,0,12,25.89000
38.4900,851,11,30,0.03000,FR,0,4,25.65000
38.4900,851,11,30,0.03000,FR,1,34,26.55000
38.4900,851,11,30,0.03000,BR,0,27,26.34000
38.4980,851,11,30,0.03000,FL,0,19,26.10000
38.4980,851,11,30,0.03000,BL,0,12,25.89000
38.4980,851,11,30,0.03000,FR,0,4,25.65000
38.4980,851,11,30,0.03000,FR,1,34,26.55000
38.4980,851,11,30,0.03000,BR,0,27,26.34000
38.5100,851,11,30,0.03000,FL,0,19,26.10000
38.5100,851,11,30,0.03000,BL,0,12,25.89000
38.5100,851,11,30,0.03000,FR,0,4,25.65000
38.5100,851,11,30,0.03000,FR,1,34,26.55000
38.5100,851,11,30,0.03000,BR,0,27,26.34000
38.5180,851,11,30,0.03000,FL,0,19,26.10000
38.5180,851,11,30,0.03000,BL,0,12,25.89000
38.5180,851,11,30,0.03000,FR,0,4,25.65000
38.5180,851,11,30,0.03000,FR,1,34,26.55000
38.5180,851,11,30,0.03000,BR,0,27,26.34000
38.5280,852,12,30,0.03000,FL,0,18,26.10000
38.5280,852,12,30,0.03000,BL,0,11,25.89000
38.5280,852,12,30,0.03000,FR,0,3,25.65000
38.5280,852,12,30,0.03000,FR,1,33,26.55000
38.5280,852,12,30,0.03000,BR,0,26,26.34000
38.5380,852,12,30,0.03000,FL,0,18,26.10000
38.5380,852,12,30,0.03000,BL,0,11,25.89000
38.5380,852,12,30,0.03000,FR,0,3,25.65000
38.5380,852,12,30,0.03000,FR,1,33,26.55000
38.5380,852,12,30,0.03000,BR,0,26,26.34000
38.5480,852,12,30,0.03000,FL,0,18,26.10000
38.5480,852,12,30,0.03000,BL,0,11,25.89000
38.5480,852,12,30,0.03000,FR,0,3,25.65000
38.5480,852,12,30,0.03000,FR,1,33,26.55000
38.5480,852,12,30,0.03000,BR,0,26,26.34000
38.5580,853,13,30,0.03000,FL,0,17,26.10000
38.5580,853,13,30,0.03000,BL,0,10,25.89000
38.5580,853,13,30,0.03000,FR,0,2,25.65000
38.5580,853,13,30,0.03000,FR,1,32,26.55000
38.5580,853,13,30,0.03000,BR,0,25,26.34000
38.5680,853,13,30,0.03000,FL,0,17,26.10000
38.5680,853,13,30,0.03000,BL,0,10,25.89000
38.5680,853,13,30,0.03000,FR,0,2,25.65000
38.5680,853,13,30,0.03000,FR,1,32,26.55000
38.5680,853,13,30,0.03000,BR,0,25,26.34000
38.5780,853,13,30,0.03000,FL,0,17,26.10000
38.5780,853,13,30,0.03000,BL,0,10,25.89000
38.5780,853,13,30,0.03000,FR,0,2,25.65000
38.5780,853,13,30,0.03000,FR,1,32,26.55000
38.5780,853,13,30,0.03000,BR,0,25,26.34000
38.5880,854,14,30,0.03000,FL,0,16,26.10000
38.5880,854,14,30,0.03000,BL,0,9,25.89000
38.5880,854,14,30,0.03000,BL,1,39,26.79000
38.5880,854,14,30,0.03000,FR,0,1,25.65000
38.5880,854,14,30,0.03000,FR,1,31,26.55000
38.5880,854,14,30,0.03000,BR,0,24,26.34000
38.5980,854,14,30,0.03000,FL,0,16,26.10000
38.5980,854,14,30,0.03000,BL,0,9,25.89000
38.5980,854,14,30,0.03000,BL,1,39,26.79000
38.5980,854,14,30,0.03000,FR,0,1,25.65000
38.5980,854,14,30,0.03000,FR,1,31,26.55000
38.5980,854,14,30,0.03000,BR,0,24,26.34000
38.6080,854,14,30,0.03000,FL,0,16,26.10000
38.6080,854,14,30,0.03000,BL,0,9,25.89000
38.6080,854,14,30,0.03000,BL,1,39,26.79000
38.6080,854,14,30,0.03000,FR,0,1,25.65000
38.6080,854,14,30,0.03000,FR,1,31,26.55000
38.6080,854,14,30,0.03000,BR,0,24,26.34000
38.6180,855,15,30,0.03000,FL,0,15,26.10000
38.6180,855,15,30,0.03000,BL,0,8,25.89000
38.6180,855,15,30,0.03000,BL,1,38,26.79000
38.6180,855,15,30,0.03000,FR,0,30,26.55000
38.6180,855,15,30,0.03000,BR,0,23,26.34000
38.6360,855,15,30,0.03000,FL,0,15,26.10000
38.6360,855,15,30,0.03000,BL,0,8,25.89000
38.6360,855,15,30,0.03000,BL,1,38,26.79000
38.6360,855,15,30,0.03000,FR,0,30,26.55000
38.6360,855,15,30,0.03000,BR,0,23,26.34000
38.6480,856,16,30,0.03000,FL,0,14,26.10000
38.6480,856,16,30,0.03000,BL,0,7,25.89000
38.6480,856,16,30,0.03000,BL,1,37,26.79000
38.6480,856,16,30,0.03000,FR,0,29,26.55000
38.6480,856,16,30,0.03000,BR,0,22,26.34000
38.6580,856,16,30,0.03000,FL,0,14,26.10000
38.6580,856,16,30,0.03000,BL,0,7,25.89000
38.6580,856,16,30,0.03000,BL,1,37,26.79000
38.6580,856,16,30,0.03000,FR,0,29,26.55000
38.6580,856,16,30,0.03000,BR,0,22,26.34000
38.6660,856,16,30,0.03000,FL,0,14,26.10000
38.6660,856,16,30,0.03000,BL,0,7,25.89000
38.6660,856,16,30,0.03000,BL,1,37,26.79000
38.6660,856,16,30,0.03000,FR,0,29,26.55000
38.6660,856,16,30,0.03000,BR,0,22,26.34000
38.6760,857,17,30,0.03000,FL,0,13,26.10000
38.6760,857,17,30,0.03000,BL,0,6,25.89000
38.6760,857,17,30,0.03000,BL,1,36,26.79000
38.6760,857,17,30,0.03000,FR,0,28,26.55000
38.6760,857,17,30,0.03000,BR,0,21,26.34000
38.6860,857,17,30,0.03000,FL,0,13,26.10000
38.6860,857,17,30,0.03000,BL,0,6,25.89000
38.6860,857,17,30,0.03000,BL,1,36,26.79000
38.6860,857,17,30,0.03000,FR,0,28,26.55000
38.6860,857,17,30,0.03000,BR,0,21,26.34000
38.6960,857,17,30,0.03000,FL,0,13,26.10000
38.6960,857,17,30,0.03000,BL,0,6,25.89000
38.6960,857,17,30,0.03000,BL,1,36,26.79000
38.6960,857,17,30,0.03000,FR,0,28,26.55000
38.6960,857,17,30,0.03000,BR,0,21,26.34000
38.7060,858,18,30,0.03000,FL,0,12,26.10000
38.7060,858,18,30,0.03000,BL,0,5,25.89000
38.7060,858,18,30,0.03000,BL,1,35,26.79000
38.7060,858,18,30,0.03000,FR,0,27,26.55000
38.7060,858,18,30,0.03000,BR,0,20,26.34000
38.7160,858,18,30,0.03000,FL,0,12,26.10000
38.7160,858,18,30,0.03000,BL,0,5,25.89000
38.7160,858,18,30,0.03000,BL,1,35,26.79000
38.7160,858,18,30,0.03000,FR,0,27,26.55000
38.7160,858,18,30,0.03000,BR,0,20,26.34000
38.7260,858,18,30,0.03000,FL,0,12,26.10000
38.7260,858,18,30,0.03000,BL,0,5,25.89000
38.7260,858,18,30,0.03000,BL,1,35,26.79000
38.7260,858,18,30,0.03000,FR,0,27,26.55000
38.7260,858,18,30,0.03000,BR,0,20,26.34000
38.7420,859,19,30,0.03000,FL,0,11,26.10000
38.7420,859,19,30,0.03000,BL,0,4,25.89000
38.7420,859,19,30,0.03000,BL,1,34,26.79000
38.7420,859,19,30,0.03000,FR,0,26,26.55000
38.7420,859,19,30,0.03000,BR,0,19,26.34000
38.7540,859,19,30,0.03000,FL,0,11,26.10000
38.7540,859,19,30,0.03000,BL,0,4,25.89000
38.7540,859,19,30,0.03000,BL,1,34,26.79000
38.7540,859,19,30,0.03000,FR,0,26,26.55000
38.7540,859,19,30,0.03000,BR,0,19,26.34000
38.7640,860,20,30,0.03000,FL,0,10,26.10000
38.7640,860,20,30,0.03000,BL,0,3,25.89000
38.7640,860,20,30,0.03000,BL,1,33,26.79000
38.7640,860,20,30,0.03000,FR,0,25,26.55000
38.7640,860,20,30,0.03000,BR,0,18,26.34000
38.7740,860,20,30,0.03000,FL,0,10,26.10000
38.7740,860,20,30,0.03000,BL,0,3,25.89000
38.7740,860,20,30,0.03000,BL,1,33,26.79000
38.7740,860,20,30,0.03000,FR,0,25,26.55000
38.7740,860,20,30,0.03000,BR,0,18,26.34000
38.7820,860,20,30,0.03000,FL,0,10,26.10000
38.7820,860,20,30,0.03000,BL,0,3,25.89000
38.7820,860,20,30,0.03000,BL,1,33,26.79000
38.7820,860,20,30,0.03000,FR,0,25,26.55000
38.7820,860,20,30,0.03000,BR,0,18,26.34000
38.7920,861,21,30,0.03000,FL,0,9,26.10000
38.7920,861,21,30,0.03000,FL,1,39,27.00000
38.7920,861,21,30,0.03000,BL,0,2,25.89000
38.7920,861,21,30,0.03000,BL,1,32,26.79000
38.7920,861,21,30,0.03000,FR,0,24,26.55000
38.7920,861,21,30,0.03000,BR,0,17,26.34000
38.8020,861,21,30,0.03000,FL,0,9,26.10000
38.8020,861,21,30,0.03000,FL,1,39,27.00000
38.8020,861,21,30,0.03000,BL,0,2,25.89000
38.8020,861,21,30,0.03000,BL,1,32,26.79000
38.8020,861,21,30,0.03000,FR,0,24,26.55000
38.8020,861,21,30,0.03000,BR,0,17,26.34000
38.8120,861,21,30,0.03000,FL,0,9,26.10000
38.8120,861,21,30,0.03000,FL,1,39,27.00000
38.8120,861,21,30,0.03000,BL,0,2,25.89000
38.8120,861,21,30,0.03000,BL,1,32,26.79000
38.8120,861,21,30,0.03000,FR,0,24,26.55000
38.8120,861,21,30,0.03000,BR,0,17,26.34000
38.8220,862,22,30,0.03000,FL,0,8,26.10000
38.8220,862,22,30,0.03000,FL,1,38,27.00000
38.8220,862,22,30,0.03000,BL,0,1,25.89000
38.8220,862,22,30,0.03000,BL,1,31,26.79000
38.8220,862,22,30,0.03000,FR,0,23,26.55000
38.8220,862,22,30,0.03000,BR,0,16,26.34000
38.8420,862,22,30,0.03000,FL,0,8,26.10000
38.8420,862,22,30,0.03000,FL,1,38,27.00000
38.8420,862,22,30,0.03000,BL,0,1,25.89000
38.8420,862,22,30,0.03000,BL,1,31,26.79000
38.8420,862,22,30,0.03000,FR,0,23,26.55000
38.8420,862,22,30,0.03000,BR,0,16,26.34000
38.8520,863,23,30,0.03000,FL,0,7,26.10000
38.8520,863,23,30,0.03000,FL,1,37,27.00000
38.8520,863,23,30,0.03000,BL,0,30,26.79000
38.8520,863,23,30,0.03000,FR,0,22,26.55000
38.8520,863,23,30,0.03000,BR,0,15,26.34000
38.8600,863,23,30,0.03000,FL,0,7,26.10000
38.8600,863,23,30,0.03000,FL,1,37,27.00000
38.8600,863,23,30,0.03000,BL,0,30,26.79000
38.8600,863,23,30,0.03000,FR,0,22,26.55000
38.8600,863,23,30,0.03000,BR,0,15,26.34000
38.8700,863,23,30,0.03000,FL,0,7,26.10000
38.8700,863,23,30,0.03000,FL,1,37,27.00000
38.8700,863,23,30,0.03000,BL,0,30,26.79000
38.8700,863,23,30,0.03000,FR,0,22,26.55000
38.8700,863,23,30,0.03000,BR,0,15,26.34000
38.8800,864,24,30,0.03000,FL,0,6,26.10000
38.8800,864,24,30,0.03000,FL,1,36,27.00000
38.8800,864,24,30,0.03000,BL,0,29,26.79000
38.8800,864,24,30,0.03000,FR,0,21,26.55000
38.8800,864,24,30,0.03000,BR,0,14,26.34000
38.8900,864,24,30,0.03000,FL,0,6,26.10000
38.8900,864,24,30,0.03000,FL,1,36,27.00000
38.8900,864,24,30,0.03000,BL,0,29,26.79000
38.8900,864,24,30,0.03000,FR,0,21,26.55000
38.8900,864,24,30,0.03000,BR,0,14,26.34000
38.9000,864,24,30,0.03000,FL,0,6,26.10000
38.9000,864,24,30,0.03000,FL,1,36,27.00000
38.9000,864,24,30,0.03000,BL,0,29,26.79000
38.9000,864,24,30,0.03000,FR,0,21,26.55000
38.9000,864,24,30,0.03000,BR,0,14,26.34000
38.9100,865,25,30,0.03000,FL,0,5,26.10000
38.9100,865,25,30,0.03000,FL,1,35,27.00000
38.9100,865,25,30,0.03000,BL,0,28,26.79000
38.9100,865,25,30,0.03000,FR,0,20,26.55000
38.9100,865,25,30,0.03000,BR,0,13,26.34000
38.9200,865,25,30,0.03000,FL,0,5,26.10000
38.9200,865,25,30,0.03000,FL,1,35,27.00000
38.9200,865,25,30,0.03000,BL,0,28,26.79000
38.9200,865,25,30,0.03000,FR,0,20,26.55000
38.9200,865,25,30,0.03000,BR,0,13,26.34000
38.9300,865,25,30,0.03000,FL,0,5,26.10000
38.9300,865,25,30,0.03000,FL,1,35,27.00000
38.9300,865,25,30,0.03000,BL,0,28,26.79000
38.9300,865,25,30,0.03000,FR,0,20,26.55000
38.9300,865,25,30,0.03000,BR,0,13,26.34000
38.9400,866,26,30,0.03000,FL,0,4,26.10000
38.9400,866,26,30,0.03000,FL,1,34,27.00000
38.9400,866,26,30,0.03000,BL,0,27,26.79000
38.9400,866,26,30,0.03000,FR,0,19,26.55000
38.9400,866,26,30,0.03000,BR,0,12,26.34000
38.9500,866,26,30,0.03000,FL,0,4,26.10000
38.9500,866,26,30,0.03000,FL,1,34,27.00000
38.9500,866,26,30,0.03000,BL,0,27,26.79000
38.9500,866,26,30,0.03000,FR,0,19,26.55000
38.9500,866,26,30,0.03000,BR,0,12,26.34000
38.9600,866,26,30,0.03000,FL,0,4,26.10000
38.9600,866,26,30,0.03000,FL,1,34,27.00000
38.9600,866,26,30,0.03000,BL,0,27,26.79000
38.9600,866,26,30,0.03000,FR,0,19,26.55000
38.9600,866,26,30,0.03000,BR,0,12,26.34000
38.9700,867,27,30,0.03000,FL,0,3,26.10000
38.9700,867,27,30,0.03000,FL,1,33,27.00000
38.9700,867,27,30,0.03000,BL,0,26,26.79000
38.9700,867,27,30,0.03000,FR,0,18,26.55000
38.9700,867,27,30,0.03000,BR,0,11,26.34000
38.9800,867,27,30,0.03000,FL,0,3,26.10000
38.9800,867,27,30,0.03000,FL,1,33,27.00000
38.9800,867,27,30,0.03000,BL,0,26,26.79000
38.9800,867,27,30,0.03000,FR,0,18,26.55000
38.9800,867,27,30,0.03000,BR,0,11,26.34000
38.9900,867,27,30,0.03000,FL,0,3,26.10000
38.9900,867,27,30,0.03000,FL,1,33,27.00000
38.9900,867,27,30,0.03000,BL,0,26,26.79000
38.9900,867,27,30,0.03000,FR,0,18,26.55000
38.9900,867,27,30,0.03000,BR,0,11,26.34000
39.0000,868,28,30,0.03000,FL,0,2,26.10000
39.0000,868,28,30,0.03000,FL,1,32,27.00000
39.0000,868,28,30,0.03000,BL,0,25,26.79000
39.0000,868,28,30,0.03000,FR,0,17,26.55000
39.0000,868,28,30,0.03000,BR,0,10,26.34000
39.0100,868,28,30,0.03000,FL,0,2,26.10000
39.0100,868,28,30,0.03000,FL,1,32,27.00000
39.0100,868,28,30,0.03000,BL,0,25,26.79000
39.0100,868,28,30,0.03000,FR,0,17,26.55000
39.0100,868,28,30,0.03000,BR,0,10,26.34000
39.0200,868,28,30,0.03000,FL,0,2,26.10000
39.0200,868,28,30,0.03000,FL,1,32,27.00000
39.0200,868,28,30,0.03000,BL,0,25,26.79000
39.0200,868,28,30,0.03000,FR,0,17,26.55000
39.0200,868,28,30,0.03000,BR,0,10,26.34000
39.0300,869,29,30,0.03000,FL,0,1,26.10000
39.0300,869,29,30,0.03000,FL,1,31,27.00000
39.0300,869,29,30,0.03000,BL,0,24,26.79000
39.0300,869,29,30,0.03000,FR,0,16,26.55000
39.0300,869,29,30,0.03000,BR,0,9,26.34000
39.0300,869,29,30,0.03000,BR,1,39,27.24000
39.0400,869,29,30,0.03000,FL,0,1,26.10000
39.0400,869,29,30,0.03000,FL,1,31,27.00000
39.0400,869,29,30,0.03000,BL,0,24,26.79000
39.0400,869,29,30,0.03000,FR,0,16,26.55000
39.0400,869,29,30,0.03000,BR,0,9,26.34000
39.0400,869,29,30,0.03000,BR,1,39,27.24000
39.0500,869,29,30,0.03000,FL,0,1,26.10000
39.0500,869,29,30,0.03000,FL,1,31,27.00000
39.0500,869,29,30,0.03000,BL,0,24,26.79000
39.0500,869,29,30,0.03000,FR,0,16,26.55000
39.0500,869,29,30,0.03000,BR,0,9,26.34000
39.0500,869,29,30,0.03000,BR,1,39,27.24000
39.0600,870,0,30,0.03000,FL,0,30,27.00000
39.0600,870,0,30,0.03000,BL,0,23,26.79000
39.0600,870,0,30,0.03000,FR,0,15,26.55000
39.0600,870,0,30,0.03000,BR,0,8,26.34000
39.0600,870,0,30,0.03000,BR,1,38,27.24000
39.0800,870,0,30,0.03000,FL,0,30,27.00000
39.0800,870,0,30,0.03000,BL,0,23,26.79000
39.0800,870,0,30,0.03000,FR,0,15,26.55000
39.0800,870,0,30,0.03000,BR,0,8,26.34000
39.0800,870,0,30,0.03000,BR,1,38,27.24000
39.0920,871,1,30,0.03000,FL,0,29,27.00000
39.0920,871,1,30,0.03000,BL,0,22,26.79000
39.0920,871,1,30,0.03000,FR,0,14,26.55000
39.0920,871,1,30,0.03000,BR,0,7,26.34000
39.0920,871,1,30,0.03000,BR,1,37,27.24000
39.1000,871,1,30,0.03000,FL,0,29,27.00000
39.1000,871,1,30,0.03000,BL,0,22,26.79000
39.1000,871,1,30,0.03000,FR,0,14,26.55000
39.1000,871,1,30,0.03000,BR,0,7,26.34000
39.1000,871,1,30,0.03000,BR,1,37,27.24000
39.1100,871,1,30,0.03000,FL,0,29,27.00000
39.1100,871,1,30,0.03000,BL,0,22,26.79000
39.1100,871,1,30,0.03000,FR,0,14,26.55000
39.1100,871,1,30,0.03000,BR,0,7,26.34000
39.1100,871,1,30,0.03000,BR,1,37,27.24000
39.1200,872,2,30,0.03000,FL,0,28,27.00000
39.1200,872,2,30,0.03000,BL,0,21,26.79000
39.1200,872,2,30,0.03000,FR,0,13,26.55000
39.1200,872,2,30,0.03000,BR,0,6,26.34000
39.1200,872,2,30,0.03000,BR,1,36,27.24000
39.1300,872,2,30,0.03000,FL,0,28,27.00000
39.1300,872,2,30,0.03000,BL,0,21,26.79000
39.1300,872,2,30,0.03000,FR,0,13,26.55000
39.1300,872,2,30,0.03000,BR,0,6,26.34000
39.1300,872,2,30,0.03000,BR,1,36,27.24000
39.1440,872,2,30,0.03000,FL,0,28,27.00000
39.1440,872,2,30,0.03000,BL,0,21,26.79000
39.1440,872,2,30,0.03000,FR,0,13,26.55000
39.1440,872,2,30,0.03000,BR,0,6,26.34000
39.1440,872,2,30,0.03000,BR,1,36,27.24000
39.1540,873,3,30,0.03000,FL,0,27,27.00000
39.1540,873,3,30,0.03000,BL,0,20,26.79000
39.1540,873,3,30,0.03000,FR,0,12,26.55000
39.1540,873,3,30,0.03000,BR,0,5,26.34000
39.1540,873,3,30,0.03000,BR,1,35,27.24000
39.1660,873,3,30,0.03000,FL,0,27,27.00000
39.1660,873,3,30,0.03000,BL,0,20,26.79000
39.1660,873,3,30,0.03000,FR,0,12,26.55000
39.1660,873,3,30,0.03000,BR,0,5,26.34000
39.1660,873,3,30,0.03000,BR,1,35,27.24000
39.1760,873,3,30,0.03000,FL,0,27,27.00000
39.1760,873,3,30,0.03000,BL,0,20,26.79000
39.1760,873,3,30,0.03000,FR,0,12,26.55000
39.1760,873,3,30,0.03000,BR,0,5,26.34000
39.1760,873,3,30,0.03000,BR,1,35,27.24000
39.1880,874,4,30,0.03000,FL,0,26,27.00000
39.1880,874,4,30,0.03000,BL,0,19,26.79000
39.1880,874,4,30,0.03000,FR,0,11,26.55000
39.1880,874,4,30,0.03000,BR,0,4,26.34000
39.1880,874,4,30,0.03000,BR,1,34,27.24000
39.2040,874,4,30,0.03000,FL,0,26,27.00000
39.2040,874,4,30,0.03000,BL,0,19,26.79000
39.2040,874,4,30,0.03000,FR,0,11,26.55000
39.2040,874,4,30,0.03000,BR,0,4,26.34000
39.2040,874,4,30,0.03000,BR,1,34,27.24000
39.2140,875,5,30,0.03000,FL,0,25,27.00000
39.2140,875,5,30,0.03000,BL,0,18,26.79000
39.2140,875,5,30,0.03000,FR,0,10,26.55000
39.2140,875,5,30,0.03000,BR,0,3,26.34000
39.2140,875,5,30,0.03000,BR,1,33,27.24000
39.2260,875,5,30,0.03000,FL,0,25,27.00000
39.2260,875,5,30,0.03000,BL,0,18,26.79000
39.2260,875,5,30,0.03000,FR,0,10,26.55000
39.2260,875,5,30,0.03000,BR,0,3,26.34000
39.2260,875,5,30,0.03000,BR,1,33,27.24000
39.2400,876,6,30,0.03000,FL,0,24,27.00000
39.2400,876,6,30,0.03000,BL,0,17,26.79000
39.2400,876,6,30,0.03000,FR,0,9,26.55000
39.2400,876,6,30,0.03000,FR,1,39,27.45000
39.2400,876,6,30,0.03000,BR,0,2,26.34000
39.2400,876,6,30,0.03000,BR,1,32,27.24000
39.2520,876,6,30,0.03000,FL,0,24,27.00000
39.2520,876,6,30,0.03000,BL,0,17,26.79000
39.2520,876,6,30,0.03000,FR,0,9,26.55000
39.2520,876,6,30,0.03000,FR,1,39,27.45000
39.2520,876,6,30,0.03000,BR,0,2,26.34000
39.2520,876,6,30,0.03000,BR,1,32,27.24000
39.2620,876,6,30,0.03000,FL,0,24,27.00000
39.2620,876,6,30,0.03000,BL,0,17,26.79000
39.2620,876,6,30,0.03000,FR,0,9,26.55000
39.2620,876,6,30,0.03000,FR,1,39,27.45000
39.2620,876,6,30,0.03000,BR,0,2,26.34000
39.2620,876,6,30,0.03000,BR,1,32,27.24000
39.2700,877,7,30,0.03000,FL,0,23,27.00000
39.2700,877,7,30,0.03000,BL,0,16,26.79000
39.2700,877,7,30,0.03000,FR,0,8,26.55000
39.2700,877,7,30,0.03000,FR,1,38,27.45000
39.2700,877,7,30,0.03000,BR,0,1,26.34000
39.2700,877,7,30,0.03000,BR,1,31,27.24000
39.2920,877,7,30,0.03000,FL,0,23,27.00000
39.2920,877,7,30,0.03000,BL,0,16,26.79000
39.2920,877,7,30,0.03000,FR,0,8,26.55000
39.2920,877,7,30,0.03000,FR,1,38,27.45000
39.2920,877,7,30,0.03000,BR,0,1,26.34000
39.2920,877,7,30,0.03000,BR,1,31,27.24000
39.3020,878,8,30,0.03000,FL,0,22,27.00000
39.3020,878,8,30,0.03000,BL,0,15,26.79000
39.3020,878,8,30,0.03000,FR,0,7,26.55000
39.3020,878,8,30,0.03000,FR,1,37,27.45000
39.3020,878,8,30,0.03000,BR,0,30,27.24000
39.3120,878,8,30,0.03000,FL,0,22,27.00000
39.3120,878,8,30,0.03000,BL,0,15,26.79000
39.3120,878,8,30,0.03000,FR,0,7,26.55000
39.3120,878,8,30,0.03000,FR,1,37,27.45000
39.3120,878,8,30,0.03000,BR,0,30,27.24000
39.3220,878,8,30,0.03000,FL,0,22,27.00000
39.3220,878,8,30,0.03000,BL,0,15,26.79000
39.3220,878,8,30,0.03000,FR,0,7,26.55000
39.3220,878,8,30,0.03000,FR,1,37,27.45000
39.3220,878,8,30,0.03000,BR,0,30,27.24000
39.3320,879,9,30,0.03000,FL,0,21,27.00000
39.3320,879,9,30,0.03000,BL,0,14,26.79000
39.3320,879,9,30,0.03000,FR,0,6,26.55000
39.3320,879,9,30,0.03000,FR,1,36,27.45000
39.3320,879,9,30,0.03000,BR,0,29,27.24000
39.3420,879,9,30,0.03000,FL,0,21,27.00000
39.3420,879,9,30,0.03000,BL,0,14,26.79000
39.3420,879,9,30,0.03000,FR,0,6,26.55000
39.3420,879,9,30,0.03000,FR,1,36,27.45000
39.3420,879,9,30,0.03000,BR,0,29,27.24000
39.3520,879,9,30,0.03000,FL,0,21,27.00000
39.3520,879,9,30,0.03000,BL,0,14,26.79000
39.3520,879,9,30,0.03000,FR,0,6,26.55000
39.3520,879,9,30,0.03000,FR,1,36,27.45000
39.3520,879,9,30,0.03000,BR,0,29,27.24000
39.3600,880,10,30,0.03000,FL,0,20,27.00000
39.3600,880,10,30,0.03000,BL,0,13,26.79000
39.3600,880,10,30,0.03000,FR,0,5,26.55000
39.3600,880,10,30,0.03000,FR,1,35,27.45000
39.3600,880,10,30,0.03000,BR,0,28,27.24000
39.3720,880,10,30,0.03000,FL,0,20,27.00000
39.3720,880,10,30,0.03000,BL,0,13,26.79000
39.3720,880,10,30,0.03000,FR,0,5,26.55000
39.3720,880,10,30,0.03000,FR,1,35,27.45000
39.3720,880,10,30,0.03000,BR,0,28,27.24000
39.3800,880,10,30,0.03000,FL,0,20,27.00000
39.3800,880,10,30,0.03000,BL,0,13,26.79000
39.3800,880,10,30,0.03000,FR,0,5,26.55000
39.3800,880,10,30,0.03000,FR,1,35,27.45000
39.3800,880,10,30,0.03000,BR,0,28,27.24000
39.3900,881,11,30,0.03000,FL,0,19,27.00000
39.3900,881,11,30,0.03000,BL,0,12,26.79000
39.3900,881,11,30,0.03000,FR,0,4,26.55000
39.3900,881,11,30,0.03000,FR,1,34,27.45000
39.3900,881,11,30,0.03000,BR,0,27,27.24000
39.4000,881,11,30,0.03000,FL,0,19,27.00000
39.4000,881,11,30,0.03000,BL,0,12,26.79000
39.4000,881,11,30,0.03000,FR,0,4,26.55000
39.4000,881,11,30,0.03000,FR,1,34,27.45000
39.4000,881,11,30,0.03000,BR,0,27,27.24000
39.4100,881,11,30,0.03000,FL,0,19,27.00000
39.4100,881,11,30,0.03000,BL,0,12,26.79000
39.4100,881,11,30,0.03000,FR,0,4,26.55000
39.4100,881,11,30,0.03000,FR,1,34,27.45000
39.4100,881,11,30,0.03000,BR,0,27,27.24000
39.4200,882,12,30,0.03000,FL,0,18,27.00000
39.4200,882,12,30,0.03000,BL,0,11,26.79000
39.4200,882,12,30,0.03000,FR,0,3,26.55000
39.4200,882,12,30,0.03000,FR,1,33,27.45000
39.4200,882,12,30,0.03000,BR,0,26,27.24000
39.4300,882,12,30,0.03000,FL,0,18,27.00000
39.4300,882,12,30,0.03000,BL,0,11,26.79000
39.4300,882,12,30,0.03000,FR,0,3,26.55000
39.4300,882,12,30,0.03000,FR,1,33,27.45000
39.4300,882,12,30,0.03000,BR,0,26,27.24000
39.4400,882,12,30,0.03000,FL,0,18,27.00000
39.4400,882,12,30,0.03000,BL,0,11,26.79000
39.4400,882,12,30,0.03000,FR,0,3,26.55000
39.4400,882,12,30,0.03000,FR,1,33,27.45000
39.4400,882,12,30,0.03000,BR,0,26,27.24000
39.4480,882,12,30,0.03000,FL,0,18,27.00000
39.4480,882,12,30,0.03000,BL,0,11,26.79000
39.4480,882,12,30,0.03000,FR,0,3,26.55000
39.4480,882,12,30,0.03000,FR,1,33,27.45000
39.4480,882,12,30,0.03000,BR,0,26,27.24000
39.4600,883,13,30,0.03000,FL,0,17,27.00000
39.4600,883,13,30,0.03000,BL,0,10,26.79000
39.4600,883,13,30,0.03000,FR,0,2,26.55000
39.4600,883,13,30,0.03000,FR,1,32,27.45000
39.4600,883,13,30,0.03000,BR,0,25,27.24000
39.4740,883,13,30,0.03000,FL,0,17,27.00000
39.4740,883,13,30,0.03000,BL,0,10,26.79000
39.4740,883,13,30,0.03000,FR,0,2,26.55000
39.4740,883,13,30,0.03000,FR,1,32,27.45000
39.4740,883,13,30,0.03000,BR,0,25,27.24000
39.4840,884,14,30,0.03000,FL,0,16,27.00000
39.4840,884,14,30,0.03000,BL,0,9,26.79000
39.4840,884,14,30,0.03000,BL,1,39,27.69000
39.4840,884,14,30,0.03000,FR,0,1,26.55000
39.4840,884,14,30,0.03000,FR,1,31,27.45000
39.4840,884,14,30,0.03000,BR,0,24,27.24000
39.4920,884,14,30,0.03000,FL,0,16,27.00000
39.4920,884,14,30,0.03000,BL,0,9,26.79000
39.4920,884,14,30,0.03000,BL,1,39,27.69000
39.4920,884,14,30,0.03000,FR,0,1,26.55000
39.4920,884,14,30,0.03000,FR,1,31,27.45000
39.4920,884,14,30,0.03000,BR,0,24,27.24000
39.5020,884,14,30,0.03000,FL,0,16,27.00000
39.5020,884,14,30,0.03000,BL,0,9,26.79000
39.5020,884,14,30,0.03000,BL,1,39,27.69000
39.5020,884,14,30,0.03000,FR,0,1,26.55000
39.5020,884,14,30,0.03000,FR,1,31,27.45000
39.5020,884,14,30,0.03000,BR,0,24,27.24000
39.5120,885,15,30,0.03000,FL,0,15,27.00000
39.5120,885,15,30,0.03000,BL,0,8,26.79000
39.5120,885,15,30,0.03000,BL,1,38,27.69000
39.5120,885,15,30,0.03000,FR,0,30,27.45000
39.5120,885,15,30,0.03000,BR,0,23,27.24000
39.5300,885,15,30,0.03000,FL,0,15,27.00000
39.5300,885,15,30,0.03000,BL,0,8,26.79000
39.5300,885,15,30,0.03000,BL,1,38,27.69000
39.5300,885,15,30,0.03000,FR,0,30,27.45000
39.5300,885,15,30,0.03000,BR,0,23,27.24000
39.5420,886,16,30,0.03000,FL,0,14,27.00000
39.5420,886,16,30,0.03000,BL,0,7,26.79000
39.5420,886,16,30,0.03000,BL,1,37,27.69000
39.5420,886,16,30,0.03000,FR,0,29,27.45000
39.5420,886,16,30,0.03000,BR,0,22,27.24000
39.5500,886,16,30,0.03000,FL,0,14,27.00000
39.5500,886,16,30,0.03000,BL,0,7,26.79000
39.5500,886,16,30,0.03000,BL,1,37,27.69000
39.5500,886,16,30,0.03000,FR,0,29,27.45000
39.5500,886,16,30,0.03000,BR,0,22,27.24000
39.5600,886,16,30,0.03000,FL,0,14,27.00000
39.5600,886,16,30,0.03000,BL,0,7,26.79000
39.5600,886,16,30,0.03000,BL,1,37,27.69000
39.5600,886,16,30,0.03000,FR,0,29,27.45000
39.5600,886,16,30,0.03000,BR,0,22,27.24000
39.5720,887,17,30,0.03000,FL,0,13,27.00000
39.5720,887,17,30,0.03000,BL,0,6,26.79000
39.5720,887,17,30,0.03000,BL,1,36,27.69000
39.5720,887,17,30,0.03000,FR,0,28,27.45000
39.5720,887,17,30,0.03000,BR,0,21,27.24000
39.5820,887,17,30,0.03000,FL,0,13,27.00000
39.5820,887,17,30,0.03000,BL,0,6,26.79000
39.5820,887,17,30,0.03000,BL,1,36,27.69000
39.5820,887,17,30,0.03000,FR,0,28,27.45000
39.5820,887,17,30,0.03000,BR,0,21,27.24000
39.5920,887,17,30,0.03000,FL,0,13,27.00000
39.5920,887,17,30,0.03000,BL,0,6,26.79000
39.5920,887,17,30,0.03000,BL,1,36,27.69000
39.5920,887,17,30,0.03000,FR,0,28,27.45000
39.5920,887,17,30,0.03000,BR,0,21,27.24000
39.6040,888,18,30,0.03000,FL,0,12,27.00000
39.6040,888,18,30,0.03000,BL,0,5,26.79000
39.6040,888,18,30,0.03000,BL,1,35,27.69000
39.6040,888,18,30,0.03000,FR,0,27,27.45000
39.6040,888,18,30,0.03000,BR,0,20,27.24000
39.6120,888,18,30,0.03000,FL,0,12,27.00000
39.6120,888,18,30,0.03000,BL,0,5,26.79000
39.6120,888,18,30,0.03000,BL,1,35,27.69000
39.6120,888,18,30,0.03000,FR,0,27,27.45000
39.6120,888,18,30,0.03000,BR,0,20,27.24000
39.6240,888,18,30,0.03000,FL,0,12,27.00000
39.6240,888,18,30,0.03000,BL,0,5,26.79000
39.6240,888,18,30,0.03000,BL,1,35,27.69000
39.6240,888,18,30,0.03000,FR,0,27,27.45000
39.6240,888,18,30,0.03000,BR,0,20,27.24000
39.6320,889,19,30,0.03000,FL,0,11,27.00000
39.6320,889,19,30,0.03000,BL,0,4,26.79000
39.6320,889,19,30,0.03000,BL,1,34,27.69000
39.6320,889,19,30,0.03000,FR,0,26,27.45000
39.6320,889,19,30,0.03000,BR,0,19,27.24000
39.6420,889,19,30,0.03000,FL,0,11,27.00000
39.6420,889,19,30,0.03000,BL,0,4,26.79000
39.6420,889,19,30,0.03000,BL,1,34,27.69000
39.6420,889,19,30,0.03000,FR,0,26,27.45000
39.6420,889,19,30,0.03000,BR,0,19,27.24000
39.6520,889,19,30,0.03000,FL,0,11,27.00000
39.6520,889,19,30,0.03000,BL,0,4,26.79000
39.6520,889,19,30,0.03000,BL,1,34,27.69000
39.6520,889,19,30,0.03000,FR,0,26,27.45000
39.6520,889,19,30,0.03000,BR,0,19,27.24000
39.6620,890,20,30,0.03000,FL,0,10,27.00000
39.6620,890,20,30,0.03000,BL,0,3,26.79000
39.6620,890,20,30,0.03000,BL,1,33,27.69000
39.6620,890,20,30,0.03000,FR,0,25,27.45000
39.6620,890,20,30,0.03000,BR,0,18,27.24000
39.6720,890,20,30,0.03000,FL,0,10,27.00000
39.6720,890,20,30,0.03000,BL,0,3,26.79000
39.6720,890,20,30,0.03000,BL,1,33,27.69000
39.6720,890,20,30,0.03000,FR,0,25,27.45000
39.6720,890,20,30,0.03000,BR,0,18,27.24000
39.6800,890,20,30,0.03000,FL,0,10,27.00000
39.6800,890,20,30,0.03000,BL,0,3,26.79000
39.6800,890,20,30,0.03000,BL,1,33,27.69000
39.6800,890,20,30,0.03000,FR,0,25,27.45000
39.6800,890,20,30,0.03000,BR,0,18,27.24000
39.6900,891,21,30,0.03000,FL,0,9,27.00000
39.6900,891,21,30,0.03000,FL,1,39,27.90000
39.6900,891,21,30,0.03000,BL,0,2,26.79000
39.6900,891,21,30,0.03000,BL,1,32,27.69000
39.6900,891,21,30,0.03000,FR,0,24,27.45000
39.6900,891,21,30,0.03000,BR,0,17,27.24000
39.7000,891,21,30,0.03000,FL,0,9,27.00000
39.7000,891,21,30,0.03000,FL,1,39,27.90000
39.7000,891,21,30,0.03000,BL,0,2,26.79000
39.7000,891,21,30,0.03000,BL,1,32,27.69000
39.7000,891,21,30,0.03000,FR,0,24,27.45000
39.7000,891,21,30,0.03000,BR,0,17,27.24000
39.7100,891,21,30,0.03000,FL,0,9,27.00000
39.7100,891,21,30,0.03000,FL,1,39,27.90000
39.7100,891,21,30,0.03000,BL,0,2,26.79000
39.7100,891,21,30,0.03000,BL,1,32,27.69000
39.7100,891,21,30,0.03000,FR,0,24,27.45000
39.7100,891,21,30,0.03000,BR,0,17,27.24000
39.7200,892,22,30,0.03000,FL,0,8,27.00000
39.7200,892,22,30,0.03000,FL,1,38,27.90000
39.7200,892,22,30,0.03000,BL,0,1,26.79000
39.7200,892,22,30,0.03000,BL,1,31,27.69000
39.7200,892,22,30,0.03000,FR,0,23,27.45000
39.7200,892,22,30,0.03000,BR,0,16,27.24000
39.7420,892,22,30,0.03000,FL,0,8,27.00000
39.7420,892,22,30,0.03000,FL,1,38,27.90000
39.7420,892,22,30,0.03000,BL,0,1,26.79000
39.7420,892,22,30,0.03000,BL,1,31,27.69000
39.7420,892,22,30,0.03000,FR,0,23,27.45000
39.7420,892,22,30,0.03000,BR,0,16,27.24000
39.7520,893,23,30,0.03000,FL,0,7,27.00000
39.7520,893,23,30,0.03000,FL,1,37,27.90000
39.7520,893,23,30,0.03000,BL,0,30,27.69000
39.7520,893,23,30,0.03000,FR,0,22,27.45000
39.7520,893,23,30,0.03000,BR,0,15,27.24000
39.7620,893,23,30,0.03000,FL,0,7,27.00000
39.7620,893,23,30,0.03000,FL,1,37,27.90000
39.7620,893,23,30,0.03000,BL,0,30,27.69000
39.7620,893,23,30,0.03000,FR,0,22,27.45000
39.7620,893,23,30,0.03000,BR,0,15,27.24000
39.7720,893,23,30,0.03000,FL,0,7,27.00000
39.7720,893,23,30,0.03000,FL,1,37,27.90000
39.7720,893,23,30,0.03000,BL,0,30,27.69000
39.7720,893,23,30,0.03000,FR,0,22,27.45000
39.7720,893,23,30,0.03000,BR,0,15,27.24000
39.7820,894,24,30,0.03000,FL,0,6,27.00000
39.7820,894,24,30,0.03000,FL,1,36,27.90000
39.7820,894,24,30,0.03000,BL,0,29,27.69000
39.7820,894,24,30,0.03000,FR,0,21,27.45000
39.7820,894,24,30,0.03000,BR,0,14,27.24000
39.7920,894,24,30,0.03000,FL,0,6,27.00000
39.7920,894,24,30,0.03000,FL,1,36,27.90000
39.7920,894,24,30,0.03000,BL,0,29,27.69000
39.7920,894,24,30,0.03000,FR,0,21,27.45000
39.7920,894,24,30,0.03000,BR,0,14,27.24000
39.8020,894,24,30,0.03000,FL,0,6,27.00000
39.8020,894,24,30,0.03000,FL,1,36,27.90000
39.8020,894,24,30,0.03000,BL,0,29,27.69000
39.8020,894,24,30,0.03000,FR,0,21,27.45000
39.8020,894,24,30,0.03000,BR,0,14,27.24000
39.8120,895,25,30,0.03000,FL,0,5,27.00000
39.8120,895,25,30,0.03000,FL,1,35,27.90000
39.8120,895,25,30,0.03000,BL,0,28,27.69000
39.8120,895,25,30,0.03000,FR,0,20,27.45000
39.8120,895,25,30,0.03000,BR,0,13,27.24000
39.8220,895,25,30,0.03000,FL,0,5,27.00000
39.8220,895,25,30,0.03000,FL,1,35,27.90000
39.8220,895,25,30,0.03000,BL,0,28,27.69000
39.8220,895,25,30,0.03000,FR,0,20,27.45000
39.8220,895,25,30,0.03000,BR,0,13,27.24000
39.8320,895,25,30,0.03000,FL,0,5,27.00000
39.8320,895,25,30,0.03000,FL,1,35,27.90000
39.8320,895,25,30,0.03000,BL,0,28,27.69000
39.8320,895,25,30,0.03000,FR,0,20,27.45000
39.8320,895,25,30,0.03000,BR,0,13,27.24000
39.8420,896,26,30,0.03000,FL,0,4,27.00000
39.8420,896,26,30,0.03000,FL,1,34,27.90000
39.8420,896,26,30,0.03000,BL,0,27,27.69000
39.8420,896,26,30,0.03000,FR,0,19,27.45000
39.8420,896,26,30,0.03000,BR,0,12,27.24000
39.8520,896,26,30,0.03000,FL,0,4,27.00000
39.8520,896,26,30,0.03000,FL,1,34,27.90000
39.8520,896,26,30,0.03000,BL,0,27,27.69000
39.8520,896,26,30,0.03000,FR,0,19,27.45000
39.8520,896,26,30,0.03000,BR,0,12,27.24000
39.8640,896,26,30,0.03000,FL,0,4,27.00000
39.8640,896,26,30,0.03000,FL,1,34,27.90000
39.8640,896,26,30,0.03000,BL,0,27,27.69000
39.8640,896,26,30,0.03000,FR,0,19,27.45000
39.8640,896,26,30,0.03000,BR,0,12,27.24000
39.8740,897,27,30,0.03000,FL,0,3,27.00000
39.8740,897,27,30,0.03000,FL,1,33,27.90000
39.8740,897,27,30,0.03000,BL,0,26,27.69000
39.8740,897,27,30,0.03000,FR,0,18,27.45000
39.8740,897,27,30,0.03000,BR,0,11,27.24000
39.8840,897,27,30,0.03000,FL,0,3,27.00000
39.8840,897,27,30,0.03000,FL,1,33,27.90000
39.8840,897,27,30,0.03000,BL,0,26,27.69000
39.8840,897,27,30,0.03000,FR,0,18,27.45000
39.8840,897,27,30,0.03000,BR,0,11,27.24000
39.8940,897,27,30,0.03000,FL,0,3,27.00000
39.8940,897,27,30,0.03000,FL,1,33,27.90000
39.8940,897,27,30,0.03000,BL,0,26,27.69000
39.8940,897,27,30,0.03000,FR,0,18,27.45000
39.8940,897,27,30,0.03000,BR,0,11,27.24000
39.9040,898,28,30,0.03000,FL,0,2,27.00000
39.9040,898,28,30,0.03000,FL,1,32,27.90000
39.9040,898,28,30,0.03000,BL,0,25,27.69000
39.9040,898,28,30,0.03000,FR,0,17,27.45000
39.9040,898,28,30,0.03000,BR,0,10,27.24000
39.9120,898,28,30,0.03000,FL,0,2,27.00000
39.9120,898,28,30,0.03000,FL,1,32,27.90000
39.9120,898,28,30,0.03000,BL,0,25,27.69000
39.9120,898,28,30,0.03000,FR,0,17,27.45000
39.9120,898,28,30,0.03000,BR,0,10,27.24000
39.9220,898,28,30,0.03000,FL,0,2,27.00000
39.9220,898,28,30,0.03000,FL,1,32,27.90000
39.9220,898,28,30,0.03000,BL,0,25,27.69000
39.9220,898,28,30,0.03000,FR,0,17,27.45000
39.9220,898,28,30,0.03000,BR,0,10,27.24000
39.9320,899,29,30,0.03000,FL,0,1,27.00000
39.9320,899,29,30,0.03000,FL,1,31,27.90000
39.9320,899,29,30,0.03000,BL,0,24,27.69000
39.9320,899,29,30,0.03000,FR,0,16,27.45000
39.9320,899,29,30,0.03000,BR,0,9,27.24000
39.9320,899,29,30,0.03000,BR,1,39,28.14000
39.9420,899,29,30,0.03000,FL,0,1,27.00000
39.9420,899,29,30,0.03000,FL,1,31,27.90000
39.9420,899,29,30,0.03000,BL,0,24,27.69000
39.9420,899,29,30,0.03000,FR,0,16,27.45000
39.9420,899,29,30,0.03000,BR,0,9,27.24000
39.9420,899,29,30,0.03000,BR,1,39,28.14000
39.9520,899,29,30,0.03000,FL,0,1,27.00000
39.9520,899,29,30,0.03000,FL,1,31,27.90000
39.9520,899,29,30,0.03000,BL,0,24,27.69000
39.9520,899,29,30,0.03000,FR,0,16,27.45000
39.9520,899,29,30,0.03000,BR,0,9,27.24000
39.9520,899,29,30,0.03000,BR,1,39,28.14000
39.9600,900,0,30,0.03000,FL,0,30,27.90000
39.9600,900,0,30,0.03000,BL,0,23,27.69000
39.9600,900,0,30,0.03000,FR,0,15,27.45000
39.9600,900,0,30,0.03000,BR,0,8,27.24000
39.9600,900,0,30,0.03000,BR,1,38,28.14000
39.9800,900,0,30,0.03000,FL,0,30,27.90000
39.9800,900,0,30,0.03000,BL,0,23,27.69000
39.9800,900,0,30,0.03000,FR,0,15,27.45000
39.9800,900,0,30,0.03000,BR,0,8,27.24000
39.9800,900,0,30,0.03000,BR,1,38,28.14000
39.9900,901,1,30,0.03000,FL,0,29,27.90000
39.9900,901,1,30,0.03000,BL,0,22,27.69000
39.9900,901,1,30,0.03000,FR,0,14,27.45000
39.9900,901,1,30,0.03000,BR,0,7,27.24000
39.9900,901,1,30,0.03000,BR,1,37,28.14000
40.0000,901,1,30,0.03000,FL,0,29,27.90000
40.0000,901,1,30,0.03000,BL,0,22,27.69000
40.0000,901,1,30,0.03000,FR,0,14,27.45000
40.0000,901,1,30,0.03000,BR,0,7,27.24000
40.0000,901,1,30,0.03000,BR,1,37,28.14000
40.0100,901,1,30,0.03000,FL,0,29,27.90000
40.0100,901,1,30,0.03000,BL,0,22,27.69000
40.0100,901,1,30,0.03000,FR,0,14,27.45000
40.0100,901,1,30,0.03000,BR,0,7,27.24000
40.0100,901,1,30,0.03000,BR,1,37,28.14000
40.0180,901,1,30,0.03000,FL,0,29,27.90000
40.0180,901,1,30,0.03000,BL,0,22,27.69000
40.0180,901,1,30,0.03000,FR,0,14,27.45000
40.0180,901,1,30,0.03000,BR,0,7,27.24000
40.0180,901,1,30,0.03000,BR,1,37,28.14000
40.0300,902,2,30,0.03000,FL,0,28,27.90000
40.0300,902,2,30,0.03000,BL,0,21,27.69000
40.0300,902,2,30,0.03000,FR,0,13,27.45000
40.0300,902,2,30,0.03000,BR,0,6,27.24000
40.0300,902,2,30,0.03000,BR,1,36,28.14000
40.0380,902,2,30,0.03000,FL,0,28,27.90000
40.0380,902,2,30,0.03000,BL,0,21,27.69000
40.0380,902,2,30,0.03000,FR,0,13,27.45000
40.0380,902,2,30,0.03000,BR,0,6,27.24000
40.0380,902,2,30,0.03000,BR,1,36,28.14000
40.0480,902,2,30,0.03000,FL,0,28,27.90000
40.0480,902,2,30,0.03000,BL,0,21,27.69000
40.0480,902,2,30,0.03000,FR,0,13,27.45000
40.0480,902,2,30,0.03000,BR,0,6,27.24000
40.0480,902,2,30,0.03000,BR,1,36,28.14000
40.0560,903,3,30,0.03000,FL,0,27,27.90000
40.0560,903,3,30,0.03000,BL,0,20,27.69000
40.0560,903,3,30,0.03000,FR,0,12,27.45000
40.0560,903,3,30,0.03000,BR,0,5,27.24000
40.0560,903,3,30,0.03000,BR,1,35,28.14000
40.0680,903,3,30,0.03000,FL,0,27,27.90000
40.0680,903,3,30,0.03000,BL,0,20,27.69000
40.0680,903,3,30,0.03000,FR,0,12,27.45000
40.0680,903,3,30,0.03000,BR,0,5,27.24000
40.0680,903,3,30,0.03000,BR,1,35,28.14000
40.0760,903,3,30,0.03000,FL,0,27,27.90000
40.0760,903,3,30,0.03000,BL,0,20,27.69000
40.0760,903,3,30,0.03000,FR,0,12,27.45000
40.0760,903,3,30,0.03000,BR,0,5,27.24000
40.0760,903,3,30,0.03000,BR,1,35,28.14000
40.0880,904,4,30,0.03000,FL,0,26,27.90000
40.0880,904,4,30,0.03000,BL,0,19,27.69000
40.0880,904,4,30,0.03000,FR,0,11,27.45000
40.0880,904,4,30,0.03000,BR,0,4,27.24000
40.0880,904,4,30,0.03000,BR,1,34,28.14000
40.0980,904,4,30,0.03000,FL,0,26,27.90000
40.0980,904,4,30,0.03000,BL,0,19,27.69000
40.0980,904,4,30,0.03000,FR,0,11,27.45000
40.0980,904,4,30,0.03000,BR,0,4,27.24000
40.0980,904,4,30,0.03000,BR,1,34,28.14000
40.1060,904,4,30,0.03000,FL,0,26,27.90000
40.1060,904,4,30,0.03000,BL,0,19,27.69000
40.1060,904,4,30,0.03000,FR,0,11,27.45000
40.1060,904,4,30,0.03000,BR,0,4,27.24000
40.1060,904,4,30,0.03000,BR,1,34,28.14000
40.1160,905,5,30,0.03000,FL,0,25,27.90000
40.1160,905,5,30,0.03000,BL,0,18,27.69000
40.1160,905,5,30,0.03000,FR,0,10,27.45000
40.1160,905,5,30,0.03000,BR,0,3,27.24000
40.1160,905,5,30,0.03000,BR,1,33,28.14000
40.1260,905,5,30,0.03000,FL,0,25,27.90000
40.1260,905,5,30,0.03000,BL,0,18,27.69000
40.1260,905,5,30,0.03000,FR,0,10,27.45000
40.1260,905,5,30,0.03000,BR,0,3,27.24000
40.1260,905,5,30,0.03000,BR,1,33,28.14000
40.1360,905,5,30,0.03000,FL,0,25,27.90000
40.1360,905,5,30,0.03000,BL,0,18,27.69000
40.1360,905,5,30,0.03000,FR,0,10,27.45000
40.1360,905,5,30,0.03000,BR,0,3,27.24000
40.1360,905,5,30,0.03000,BR,1,33,28.14000
40.1480,906,6,30,0.03000,FL,0,24,27.90000
40.1480,906,6,30,0.03000,BL,0,17,27.69000
40.1480,906,6,30,0.03000,FR,0,9,27.45000
40.1480,906,6,30,0.03000,FR,1,39,28.35000
40.1480,906,6,30,0.03000,BR,0,2,27.24000
40.1480,906,6,30,0.03000,BR,1,32,28.14000
40.1560,906,6,30,0.03000,FL,0,24,27.90000
40.1560,906,6,30,0.03000,BL,0,17,27.69000
40.1560,906,6,30,0.03000,FR,0,9,27.45000
40.1560,906,6,30,0.03000,FR,1,39,28.35000
40.1560,906,6,30,0.03000,BR,0,2,27.24000
40.1560,906,6,30,0.03000,BR,1,32,28.14000
40.1660,906,6,30,0.03000,FL,0,24,27.90000
40.1660,906,6,30,0.03000,BL,0,17,27.69000
40.1660,906,6,30,0.03000,FR,0,9,27.45000
40.1660,906,6,30,0.03000,FR,1,39,28.35000
40.1660,906,6,30,0.03000,BR,0,2,27.24000
40.1660,906,6,30,0.03000,BR,1,32,28.14000
40.1780,907,7,30,0.03000,FL,0,23,27.90000
40.1780,907,7,30,0.03000,BL,0,16,27.69000
40.1780,907,7,30,0.03000,FR,0,8,27.45000
40.1780,907,7,30,0.03000,FR,1,38,28.35000
40.1780,907,7,30,0.03000,BR,0,1,27.24000
40.1780,907,7,30,0.03000,BR,1,31,28.14000
40.2000,908,8,30,0.03000,FL,0,22,27.90000
40.2000,908,8,30,0.03000,BL,0,15,27.69000
40.2000,908,8,30,0.03000,FR,0,7,27.45000
40.2000,908,8,30,0.03000,FR,1,37,28.35000
40.2000,908,8,30,0.03000,BR,0,30,28.14000
40.2100,908,8,30,0.03000,FL,0,22,27.90000
40.2100,908,8,30,0.03000,BL,0,15,27.69000
40.2100,908,8,30,0.03000,FR,0,7,27.45000
40.2100,908,8,30,0.03000,FR,1,37,28.35000
40.2100,908,8,30,0.03000,BR,0,30,28.14000
40.2200,908,8,30,0.03000,FL,0,22,27.90000
40.2200,908,8,30,0.03000,BL,0,15,27.69000
40.2200,908,8,30,0.03000,FR,0,7,27.45000
40.2200,908,8,30,0.03000,FR,1,37,28.35000
40.2200,908,8,30,0.03000,BR,0,30,28.14000
40.2320,909,9,30,0.03000,FL,0,21,27.90000
40.2320,909,9,30,0.03000,BL,0,14,27.69000
40.2320,909,9,30,0.03000,FR,0,6,27.45000
40.2320,909,9,30,0.03000,FR,1,36,28.35000
40.2320,909,9,30,0.03000,BR,0,29,28.14000
40.2420,909,9,30,0.03000,FL,0,21,27.90000
40.2420,909,9,30,0.03000,BL,0,14,27.69000
40.2420,909,9,30,0.03000,FR,0,6,27.45000
40.2420,909,9,30,0.03000,FR,1,36,28.35000
40.2420,909,9,30,0.03000,BR,0,29,28.14000
40.2520,909,9,30,0.03000,FL,0,21,27.90000
40.2520,909,9,30,0.03000,BL,0,14,27.69000
40.2520,909,9,30,0.03000,FR,0,6,27.45000
40.2520,909,9,30,0.03000,FR,1,36,28.35000
40.2520,909,9,30,0.03000,BR,0,29,28.14000
40.2620,910,10,30,0.03000,FL,0,20,27.90000
40.2620,910,10,30,0.03000,BL,0,13,27.69000
40.2620,910,10,30,0.03000,FR,0,5,27.45000
40.2620,910,10,30,0.03000,FR,1,35,28.35000
40.2620,910,10,30,0.03000,BR,0,28,28.14000
40.2720,910,10,30,0.03000,FL,0,20,27.90000
40.2720,910,10,30,0.03000,BL,0,13,27.69000
40.2720,910,10,30,0.03000,FR,0,5,27.45000
40.2720,910,10,30,0.03000,FR,1,35,28.35000
40.2720,910,10,30,0.03000,BR,0,28,28.14000
40.2800,910,10,30,0.03000,FL,0,20,27.90000
40.2800,910,10,30,0.03000,BL,0,13,27.69000
40.2800,910,10,30,0.03000,FR,0,5,27.45000
40.2800,910,10,30,0.03000,FR,1,35,28.35000
40.2800,910,10,30,0.03000,BR,0,28,28.14000
40.2940,911,11,30,0.03000,FL,0,19,27.90000
40.2940,911,11,30,0.03000,BL,0,12,27.69000
40.2940,911,11,30,0.03000,FR,0,4,27.45000
40.2940,911,11,30,0.03000,FR,1,34,28.35000
40.2940,911,11,30,0.03000,BR,0,27,28.14000
40.3080,911,11,30,0.03000,FL,0,19,27.90000
40.3080,911,11,30,0.03000,BL,0,12,27.69000
40.3080,911,11,30,0.03000,FR,0,4,27.45000
40.3080,911,11,30,0.03000,FR,1,34,28.35000
40.3080,911,11,30,0.03000,BR,0,27,28.14000
40.3200,912,12,30,0.03000,FL,0,18,27.90000
40.3200,912,12,30,0.03000,BL,0,11,27.69000
40.3200,912,12,30,0.03000,FR,0,3,27.45000
40.3200,912,12,30,0.03000,FR,1,33,28.35000
40.3200,912,12,30,0.03000,BR,0,26,28.14000
40.3320,912,12,30,0.03000,FL,0,18,27.90000
40.3320,912,12,30,0.03000,BL,0,11,27.69000
40.3320,912,12,30,0.03000,FR,0,3,27.45000
40.3320,912,12,30,0.03000,FR,1,33,28.35000
40.3320,912,12,30,0.03000,BR,0,26,28.14000
40.3440,912,12,30,0.03000,FL,0,18,27.90000
40.3440,912,12,30,0.03000,BL,0,11,27.69000
40.3440,912,12,30,0.03000,FR,0,3,27.45000
40.3440,912,12,30,0.03000,FR,1,33,28.35000
40.3440,912,12,30,0.03000,BR,0,26,28.14000
40.3540,913,13,30,0.03000,FL,0,17,27.90000
40.3540,913,13,30,0.03000,BL,0,10,27.69000
40.3540,913,13,30,0.03000,FR,0,2,27.45000
40.3540,913,13,30,0.03000,FR,1,32,28.35000
40.3540,913,13,30,0.03000,BR,0,25,28.14000
40.3660,913,13,30,0.03000,FL,0,17,27.90000
40.3660,913,13,30,0.03000,BL,0,10,27.69000
40.3660,913,13,30,0.03000,FR,0,2,27.45000
40.3660,913,13,30,0.03000,FR,1,32,28.35000
40.3660,913,13,30,0.03000,BR,0,25,28.14000
40.3760,913,13,30,0.03000,FL,0,17,27.90000
40.3760,913,13,30,0.03000,BL,0,10,27.69000
40.3760,913,13,30,0.03000,FR,0,2,27.45000
40.3760,913,13,30,0.03000,FR,1,32,28.35000
40.3760,913,13,30,0.03000,BR,0,25,28.14000
40.3880,914,14,30,0.03000,FL,0,16,27.90000
40.3880,914,14,30,0.03000,BL,0,9,27.69000
40.3880,914,14,30,0.03000,BL,1,39,28.59000
40.3880,914,14,30,0.03000,FR,0,1,27.45000
40.3880,914,14,30,0.03000,FR,1,31,28.35000
40.3880,914,14,30,0.03000,BR,0,24,28.14000
40.3960,914,14,30,0.03000,FL,0,16,27.90000
40.3960,914,14,30,0.03000,BL,0,9,27.69000
40.3960,914,14,30,0.03000,BL,1,39,28.59000
40.3960,914,14,30,0.03000,FR,0,1,27.45000
40.3960,914,14,30,0.03000,FR,1,31,28.35000
40.3960,914,14,30,0.03000,BR,0,24,28.14000
40.4080,914,14,30,0.03000,FL,0,16,27.90000
40.4080,914,14,30,0.03000,BL,0,9,27.69000
40.4080,914,14,30,0.03000,BL,1,39,28.59000
40.4080,914,14,30,0.03000,FR,0,1,27.45000
40.4080,914,14,30,0.03000,FR,1,31,28.35000
40.4080,914,14,30,0.03000,BR,0,24,28.14000
40.4180,915,15,30,0.03000,FL,0,15,27.90000
40.4180,915,15,30,0.03000,BL,0,8,27.69000
40.4180,915,15,30,0.03000,BL,1,38,28.59000
40.4180,915,15,30,0.03000,FR,0,30,28.35000
40.4180,915,15,30,0.03000,BR,0,23,28.14000
40.4420,916,16,30,0.03000,FL,0,14,27.90000
40.4420,916,16,30,0.03000,BL,0,7,27.69000
40.4420,916,16,30,0.03000,BL,1,37,28.59000
40.4420,916,16,30,0.03000,FR,0,29,28.35000
40.4420,916,16,30,0.03000,BR,0,22,28.14000
40.4520,916,16,30,0.03000,FL,0,14,27.90000
40.4520,916,16,30,0.03000,BL,0,7,27.69000
40.4520,916,16,30,0.03000,BL,1,37,28.59000
40.4520,916,16,30,0.03000,FR,0,29,28.35000
40.4520,916,16,30,0.03000,BR,0,22,28.14000
40.4620,916,16,30,0.03000,FL,0,14,27.90000
40.4620,916,16,30,0.03000,BL,0,7,27.69000
40.4620,916,16,30,0.03000,BL,1,37,28.59000
40.4620,916,16,30,0.03000,FR,0,29,28.35000
40.4620,916,16,30,0.03000,BR,0,22,28.14000
40.4720,917,17,30,0.03000,FL,0,13,27.90000
40.4720,917,17,30,0.03000,BL,0,6,27.69000
40.4720,917,17,30,0.03000,BL,1,36,28.59000
40.4720,917,17,30,0.03000,FR,0,28,28.35000
40.4720,917,17,30,0.03000,BR,0,21,28.14000
40.4800,917,17,30,0.03000,FL,0,13,27.90000
40.4800,917,17,30,0.03000,BL,0,6,27.69000
40.4800,917,17,30,0.03000,BL,1,36,28.59000
40.4800,917,17,30,0.03000,FR,0,28,28.35000
40.4800,917,17,30,0.03000,BR,0,21,28.14000
40.4920,917,17,30,0.03000,FL,0,13,27.90000
40.4920,917,17,30,0.03000,BL,0,6,27.69000
40.4920,917,17,30,0.03000,BL,1,36,28.59000
40.4920,917,17,30,0.03000,FR,0,28,28.35000
40.4920,917,17,30,0.03000,BR,0,21,28.14000
40.5020,918,18,30,0.03000,FL,0,12,27.90000
40.5020,918,18,30,0.03000,BL,0,5,27.69000
40.5020,918,18,30,0.03000,BL,1,35,28.59000
40.5020,918,18,30,0.03000,FR,0,27,28.35000
40.5020,918,18,30,0.03000,BR,0,20,28.14000
40.5120,918,18,30,0.03000,FL,0,12,27.90000
40.5120,918,18,30,0.03000,BL,0,5,27.69000
40.5120,918,18,30,0.03000,BL,1,35,28.59000
40.5120,918,18,30,0.03000,FR,0,27,28.35000
40.5120,918,18,30,0.03000,BR,0,20,28.14000
40.5220,918,18,30,0.03000,FL,0,12,27.90000
40.5220,918,18,30,0.03000,BL,0,5,27.69000
40.5220,918,18,30,0.03000,BL,1,35,28.59000
40.5220,918,18,30,0.03000,FR,0,27,28.35000
40.5220,918,18,30,0.03000,BR,0,20,28.14000
40.5320,919,19,30,0.03000,FL,0,11,27.90000
40.5320,919,19,30,0.03000,BL,0,4,27.69000
40.5320,919,19,30,0.03000,BL,1,34,28.59000
40.5320,919,19,30,0.03000,FR,0,26,28.35000
40.5320,919,19,30,0.03000,BR,0,19,28.14000
40.5480,919,19,30,0.03000,FL,0,11,27.90000
40.5480,919,19,30,0.03000,BL,0,4,27.69000
40.5480,919,19,30,0.03000,BL,1,34,28.59000
40.5480,919,19,30,0.03000,FR,0,26,28.35000
40.5480,919,19,30,0.03000,BR,0,19,28.14000
40.5600,920,20,30,0.03000,FL,0,10,27.90000
40.5600,920,20,30,0.03000,BL,0,3,27.69000
40.5600,920,20,30,0.03000,BL,1,33,28.59000
40.5600,920,20,30,0.03000,FR,0,25,28.35000
40.5600,920,20,30,0.03000,BR,0,18,28.14000
40.5720,920,20,30,0.03000,FL,0,10,27.90000
40.5720,920,20,30,0.03000,BL,0,3,27.69000
40.5720,920,20,30,0.03000,BL,1,33,28.59000
40.5720,920,20,30,0.03000,FR,0,25,28.35000
40.5720,920,20,30,0.03000,BR,0,18,28.14000
40.5820,920,20,30,0.03000,FL,0,10,27.90000
40.5820,920,20,30,0.03000,BL,0,3,27.69000
40.5820,920,20,30,0.03000,BL,1,33,28.59000
40.5820,920,20,30,0.03000,FR,0,25,28.35000
40.5820,920,20,30,0.03000,BR,0,18,28.14000
40.5940,921,21,30,0.03000,FL,0,9,27.90000
40.5940,921,21,30,0.03000,FL,1,39,28.80000
40.5940,921,21,30,0.03000,BL,0,2,27.69000
40.5940,921,21,30,0.03000,BL,1,32,28.59000
40.5940,921,21,30,0.03000,FR,0,24,28.35000
40.5940,921,21,30,0.03000,BR,0,17,28.14000
40.6040,921,21,30,0.03000,FL,0,9,27.90000
40.6040,921,21,30,0.03000,FL,1,39,28.80000
40.6040,921,21,30,0.03000,BL,0,2,27.69000
40.6040,921,21,30,0.03000,BL,1,32,28.59000
40.6040,921,21,30,0.03000,FR,0,24,28.35000
40.6040,921,21,30,0.03000,BR,0,17,28.14000
40.6140,921,21,30,0.03000,FL,0,9,27.90000
40.6140,921,21,30,0.03000,FL,1,39,28.80000
40.6140,921,21,30,0.03000,BL,0,2,27.69000
40.6140,921,21,30,0.03000,BL,1,32,28.59000
40.6140,921,21,30,0.03000,FR,0,24,28.35000
40.6140,921,21,30,0.03000,BR,0,17,28.14000
40.6240,922,22,30,0.03000,FL,0,8,27.90000
40.6240,922,22,30,0.03000,FL,1,38,28.80000
40.6240,922,22,30,0.03000,BL,0,1,27.69000
40.6240,922,22,30,0.03000,BL,1,31,28.59000
40.6240,922,22,30,0.03000,FR,0,23,28.35000
40.6240,922,22,30,0.03000,BR,0,16,28.14000
40.6460,922,22,30,0.03000,FL,0,8,27.90000
40.6460,922,22,30,0.03000,FL,1,38,28.80000
40.6460,922,22,30,0.03000,BL,0,1,27.69000
40.6460,922,22,30,0.03000,BL,1,31,28.59000
40.6460,922,22,30,0.03000,FR,0,23,28.35000
40.6460,922,22,30,0.03000,BR,0,16,28.14000
40.6560,923,23,30,0.03000,FL,0,7,27.90000
40.6560,923,23,30,0.03000,FL,1,37,28.80000
40.6560,923,23,30,0.03000,BL,0,30,28.59000
40.6560,923,23,30,0.03000,FR,0,22,28.35000
40.6560,923,23,30,0.03000,BR,0,15,28.14000
40.6660,923,23,30,0.03000,FL,0,7,27.90000
40.6660,923,23,30,0.03000,FL,1,37,28.80000
40.6660,923,23,30,0.03000,BL,0,30,28.59000
40.6660,923,23,30,0.03000,FR,0,22,28.35000
40.6660,923,23,30,0.03000,BR,0,15,28.14000
40.6760,923,23,30,0.03000,FL,0,7,27.90000
40.6760,923,23,30,0.03000,FL,1,37,28.80000
40.6760,923,23,30,0.03000,BL,0,30,28.59000
40.6760,923,23,30,0.03000,FR,0,22,28.35000
40.6760,923,23,30,0.03000,BR,0,15,28.14000
40.6880,924,24,30,0.03000,FL,0,6,27.90000
40.6880,924,24,30,0.03000,FL,1,36,28.80000
40.6880,924,24,30,0.03000,BL,0,29,28.59000
40.6880,924,24,30,0.03000,FR,0,21,28.35000
40.6880,924,24,30,0.03000,BR,0,14,28.14000
40.6960,924,24,30,0.03000,FL,0,6,27.90000
40.6960,924,24,30,0.03000,FL,1,36,28.80000
40.6960,924,24,30,0.03000,BL,0,29,28.59000
40.6960,924,24,30,0.03000,FR,0,21,28.35000
40.6960,924,24,30,0.03000,BR,0,14,28.14000
40.7080,924,24,30,0.03000,FL,0,6,27.90000
40.7080,924,24,30,0.03000,FL,1,36,28.80000
40.7080,924,24,30,0.03000,BL,0,29,28.59000
40.7080,924,24,30,0.03000,FR,0,21,28.35000
40.7080,924,24,30,0.03000,BR,0,14,28.14000
40.7160,925,25,30,0.03000,FL,0,5,27.90000
40.7160,925,25,30,0.03000,FL,1,35,28.80000
40.7160,925,25,30,0.03000,BL,0,28,28.59000
40.7160,925,25,30,0.03000,FR,0,20,28.35000
40.7160,925,25,30,0.03000,BR,0,13,28.14000
40.7260,925,25,30,0.03000,FL,0,5,27.90000
40.7260,925,25,30,0.03000,FL,1,35,28.80000
40.7260,925,25,30,0.03000,BL,0,28,28.59000
40.7260,925,25,30,0.03000,FR,0,20,28.35000
40.7260,925,25,30,0.03000,BR,0,13,28.14000
40.7380,925,25,30,0.03000,FL,0,5,27.90000
40.7380,925,25,30,0.03000,FL,1,35,28.80000
40.7380,925,25,30,0.03000,BL,0,28,28.59000
40.7380,925,25,30,0.03000,FR,0,20,28.35000
40.7380,925,25,30,0.03000,BR,0,13,28.14000
40.7460,926,26,30,0.03000,FL,0,4,27.90000
40.7460,926,26,30,0.03000,FL,1,34,28.80000
40.7460,926,26,30,0.03000,BL,0,27,28.59000
40.7460,926,26,30,0.03000,FR,0,19,28.35000
40.7460,926,26,30,0.03000,BR,0,12,28.14000
40.7560,926,26,30,0.03000,FL,0,4,27.90000
40.7560,926,26,30,0.03000,FL,1,34,28.80000
40.7560,926,26,30,0.03000,BL,0,27,28.59000
40.7560,926,26,30,0.03000,FR,0,19,28.35000
40.7560,926,26,30,0.03000,BR,0,12,28.14000
40.7660,926,26,30,0.03000,FL,0,4,27.90000
40.7660,926,26,30,0.03000,FL,1,34,28.80000
40.7660,926,26,30,0.03000,BL,0,27,28.59000
40.7660,926,26,30,0.03000,FR,0,19,28.35000
40.7660,926,26,30,0.03000,BR,0,12,28.14000
40.7760,927,27,30,0.03000,FL,0,3,27.90000
40.7760,927,27,30,0.03000,FL,1,33,28.80000
40.7760,927,27,30,0.03000,BL,0,26,28.59000
40.7760,927,27,30,0.03000,FR,0,18,28.35000
40.7760,927,27,30,0.03000,BR,0,11,28.14000
40.7860,927,27,30,0.03000,FL,0,3,27.90000
40.7860,927,27,30,0.03000,FL,1,33,28.80000
40.7860,927,27,30,0.03000,BL,0,26,28.59000
40.7860,927,27,30,0.03000,FR,0,18,28.35000
40.7860,927,27,30,0.03000,BR,0,11,28.14000
40.7960,927,27,30,0.03000,FL,0,3,27.90000
40.7960,927,27,30,0.03000,FL,1,33,28.80000
40.7960,927,27,30,0.03000,BL,0,26,28.59000
40.7960,927,27,30,0.03000,FR,0,18,28.35000
40.7960,927,27,30,0.03000,BR,0,11,28.14000
40.8060,928,28,30,0.03000,FL,0,2,27.90000
40.8060,928,28,30,0.03000,FL,1,32,28.80000
40.8060,928,28,30,0.03000,BL,0,25,28.59000
40.8060,928,28,30,0.03000,FR,0,17,28.35000
40.8060,928,28,30,0.03000,BR,0,10,28.14000
40.8140,928,28,30,0.03000,FL,0,2,27.90000
40.8140,928,28,30,0.03000,FL,1,32,28.80000
40.8140,928,28,30,0.03000,BL,0,25,28.59000
40.8140,928,28,30,0.03000,FR,0,17,28.35000
40.8140,928,28,30,0.03000,BR,0,10,28.14000
40.8240,928,28,30,0.03000,FL,0,2,27.90000
40.8240,928,28,30,0.03000,FL,1,32,28.80000
40.8240,928,28,30,0.03000,BL,0,25,28.59000
40.8240,928,28,30,0.03000,FR,0,17,28.35000
40.8240,928,28,30,0.03000,BR,0,10,28.14000
40.8340,929,29,30,0.03000,FL,0,1,27.90000
40.8340,929,29,30,0.03000,FL,1,31,28.80000
40.8340,929,29,30,0.03000,BL,0,24,28.59000
40.8340,929,29,30,0.03000,FR,0,16,28.35000
40.8340,929,29,30,0.03000,BR,0,9,28.14000
40.8340,929,29,30,0.03000,BR,1,39,29.04000
40.8440,929,29,30,0.03000,FL,0,1,27.90000
40.8440,929,29,30,0.03000,FL,1,31,28.80000
40.8440,929,29,30,0.03000,BL,0,24,28.59000
40.8440,929,29,30,0.03000,FR,0,16,28.35000
40.8440,929,29,30,0.03000,BR,0,9,28.14000
40.8440,929,29,30,0.03000,BR,1,39,29.04000
40.8520,929,29,30,0.03000,FL,0,1,27.90000
40.8520,929,29,30,0.03000,FL,1,31,28.80000
40.8520,929,29,30,0.03000,BL,0,24,28.59000
40.8520,929,29,30,0.03000,FR,0,16,28.35000
40.8520,929,29,30,0.03000,BR,0,9,28.14000
40.8520,929,29,30,0.03000,BR,1,39,29.04000
40.8620,930,0,30,0.03000,FL,0,30,28.80000
40.8620,930,0,30,0.03000,BL,0,23,28.59000
40.8620,930,0,30,0.03000,FR,0,15,28.35000
40.8620,930,0,30,0.03000,BR,0,8,28.14000
40.8620,930,0,30,0.03000,BR,1,38,29.04000
40.8840,930,0,30,0.03000,FL,0,30,28.80000
40.8840,930,0,30,0.03000,BL,0,23,28.59000
40.8840,930,0,30,0.03000,FR,0,15,28.35000
40.8840,930,0,30,0.03000,BR,0,8,28.14000
40.8840,930,0,30,0.03000,BR,1,38,29.04000
40.8980,931,1,30,0.03000,FL,0,29,28.80000
40.8980,931,1,30,0.03000,BL,0,22,28.59000
40.8980,931,1,30,0.03000,FR,0,14,28.35000
40.8980,931,1,30,0.03000,BR,0,7,28.14000
40.8980,931,1,30,0.03000,BR,1,37,29.04000
40.9100,931,1,30,0.03000,FL,0,29,28.80000
40.9100,931,1,30,0.03000,BL,0,22,28.59000
40.9100,931,1,30,0.03000,FR,0,14,28.35000
40.9100,931,1,30,0.03000,BR,0,7,28.14000
40.9100,931,1,30,0.03000,BR,1,37,29.04000
40.9200,932,2,30,0.03000,FL,0,28,28.80000
40.9200,932,2,30,0.03000,BL,0,21,28.59000
40.9200,932,2,30,0.03000,FR,0,13,28.35000
40.9200,932,2,30,0.03000,BR,0,6,28.14000
40.9200,932,2,30,0.03000,BR,1,36,29.04000
40.9300,932,2,30,0.03000,FL,0,28,28.80000
40.9300,932,2,30,0.03000,BL,0,21,28.59000
40.9300,932,2,30,0.03000,FR,0,13,28.35000
40.9300,932,2,30,0.03000,BR,0,6,28.14000
40.9300,932,2,30,0.03000,BR,1,36,29.04000
40.9400,932,2,30,0.03000,FL,0,28,28.80000
40.9400,932,2,30,0.03000,BL,0,21,28.59000
40.9400,932,2,30,0.03000,FR,0,13,28.35000
40.9400,932,2,30,0.03000,BR,0,6,28.14000
40.9400,932,2,30,0.03000,BR,1,36,29.04000
40.9500,933,3,30,0.03000,FL,0,27,28.80000
40.9500,933,3,30,0.03000,BL,0,20,28.59000
40.9500,933,3,30,0.03000,FR,0,12,28.35000
40.9500,933,3,30,0.03000,BR,0,5,28.14000
40.9500,933,3,30,0.03000,BR,1,35,29.04000
40.9600,933,3,30,0.03000,FL,0,27,28.80000
40.9600,933,3,30,0.03000,BL,0,20,28.59000
40.9600,933,3,30,0.03000,FR,0,12,28.35000
40.9600,933,3,30,0.03000,BR,0,5,28.14000
40.9600,933,3,30,0.03000,BR,1,35,29.04000
40.9700,933,3,30,0.03000,FL,0,27,28.80000
40.9700,933,3,30,0.03000,BL,0,20,28.59000
40.9700,933,3,30,0.03000,FR,0,12,28.35000
40.9700,933,3,30,0.03000,BR,0,5,28.14000
40.9700,933,3,30,0.03000,BR,1,35,29.04000
40.9780,933,3,30,0.03000,FL,0,27,28.80000
40.9780,933,3,30,0.03000,BL,0,20,28.59000
40.9780,933,3,30,0.03000,FR,0,12,28.35000
40.9780,933,3,30,0.03000,BR,0,5,28.14000
40.9780,933,3,30,0.03000,BR,1,35,29.04000
40.9880,934,4,30,0.03000,FL,0,26,28.80000
40.9880,934,4,30,0.03000,BL,0,19,28.59000
40.9880,934,4,30,0.03000,FR,0,11,28.35000
40.9880,934,4,30,0.03000,BR,0,4,28.14000
40.9880,934,4,30,0.03000,BR,1,34,29.04000
40.9980,934,4,30,0.03000,FL,0,26,28.80000
40.9980,934,4,30,0.03000,BL,0,19,28.59000
40.9980,934,4,30,0.03000,FR,0,11,28.35000
40.9980,934,4,30,0.03000,BR,0,4,28.14000
40.9980,934,4,30,0.03000,BR,1,34,29.04000
41.0080,934,4,30,0.03000,FL,0,26,28.80000
41.0080,934,4,30,0.03000,BL,0,19,28.59000
41.0080,934,4,30,0.03000,FR,0,11,28.35000
41.0080,934,4,30,0.03000,BR,0,4,28.14000
41.0080,934,4,30,0.03000,BR,1,34,29.04000
41.0180,935,5,30,0.03000,FL,0,25,28.80000
41.0180,935,5,30,0.03000,BL,0,18,28.59000
41.0180,935,5,30,0.03000,FR,0,10,28.35000
41.0180,935,5,30,0.03000,BR,0,3,28.14000
41.0180,935,5,30,0.03000,BR,1,33,29.04000
41.0280,935,5,30,0.03000,FL,0,25,28.80000
41.0280,935,5,30,0.03000,BL,0,18,28.59000
41.0280,935,5,30,0.03000,FR,0,10,28.35000
41.0280,935,5,30,0.03000,BR,0,3,28.14000
41.0280,935,5,30,0.03000,BR,1,33,29.04000
41.0400,936,6,30,0.03000,FL,0,24,28.80000
41.0400,936,6,30,0.03000,BL,0,17,28.59000
41.0400,936,6,30,0.03000,FR,0,9,28.35000
41.0400,936,6,30,0.03000,FR,1,39,29.25000
41.0400,936,6,30,0.03000,BR,0,2,28.14000
41.0400,936,6,30,0.03000,BR,1,32,29.04000
41.0520,936,6,30,0.03000,FL,0,24,28.80000
41.0520,936,6,30,0.03000,BL,0,17,28.59000
41.0520,936,6,30,0.03000,FR,0,9,28.35000
41.0520,936,6,30,0.03000,FR,1,39,29.25000
41.0520,936,6,30,0.03000,BR,0,2,28.14000
41.0520,936,6,30,0.03000,BR,1,32,29.04000
41.0620,936,6,30,0.03000,FL,0,24,28.80000
41.0620,936,6,30,0.03000,BL,0,17,28.59000
41.0620,936,6,30,0.03000,FR,0,9,28.35000
41.0620,936,6,30,0.03000,FR,1,39,29.25000
41.0620,936,6,30,0.03000,BR,0,2,28.14000
41.0620,936,6,30,0.03000,BR,1,32,29.04000
41.0720,937,7,30,0.03000,FL,0,23,28.80000
41.0720,937,7,30,0.03000,BL,0,16,28.59000
41.0720,937,7,30,0.03000,FR,0,8,28.35000
41.0720,937,7,30,0.03000,FR,1,38,29.25000
41.0720,937,7,30,0.03000,BR,0,1,28.14000
41.0720,937,7,30,0.03000,BR,1,31,29.04000
41.0920,937,7,30,0.03000,FL,0,23,28.80000
41.0920,937,7,30,0.03000,BL,0,16,28.59000
41.0920,937,7,30,0.03000,FR,0,8,28.35000
41.0920,937,7,30,0.03000,FR,1,38,29.25000
41.0920,937,7,30,0.03000,BR,0,1,28.14000
41.0920,937,7,30,0.03000,BR,1,31,29.04000
41.1040,938,8,30,0.03000,FL,0,22,28.80000
41.1040,938,8,30,0.03000,BL,0,15,28.59000
41.1040,938,8,30,0.03000,FR,0,7,28.35000
41.1040,938,8,30,0.03000,FR,1,37,29.25000
41.1040,938,8,30,0.03000,BR,0,30,29.04000
41.1120,938,8,30,0.03000,FL,0,22,28.80000
41.1120,938,8,30,0.03000,BL,0,15,28.59000
41.1120,938,8,30,0.03000,FR,0,7,28.35000
41.1120,938,8,30,0.03000,FR,1,37,29.25000
41.1120,938,8,30,0.03000,BR,0,30,29.04000
41.1240,938,8,30,0.03000,FL,0,22,28.80000
41.1240,938,8,30,0.03000,BL,0,15,28.59000
41.1240,938,8,30,0.03000,FR,0,7,28.35000
41.1240,938,8,30,0.03000,FR,1,37,29.25000
41.1240,938,8,30,0.03000,BR,0,30,29.04000
41.1320,939,9,30,0.03000,FL,0,21,28.80000
41.1320,939,9,30,0.03000,BL,0,14,28.59000
41.1320,939,9,30,0.03000,FR,0,6,28.35000
41.1320,939,9,30,0.03000,FR,1,36,29.25000
41.1320,939,9,30,0.03000,BR,0,29,29.04000
41.1420,939,9,30,0.03000,FL,0,21,28.80000
41.1420,939,9,30,0.03000,BL,0,14,28.59000
41.1420,939,9,30,0.03000,FR,0,6,28.35000
41.1420,939,9,30,0.03000,FR,1,36,29.25000
41.1420,939,9,30,0.03000,BR,0,29,29.04000
41.1520,939,9,30,0.03000,FL,0,21,28.80000
41.1520,939,9,30,0.03000,BL,0,14,28.59000
41.1520,939,9,30,0.03000,FR,0,6,28.35000
41.1520,939,9,30,0.03000,FR,1,36,29.25000
41.1520,939,9,30,0.03000,BR,0,29,29.04000
41.1640,940,10,30,0.03000,FL,0,20,28.80000
41.1640,940,10,30,0.03000,BL,0,13,28.59000
41.1640,940,10,30,0.03000,FR,0,5,28.35000
41.1640,940,10,30,0.03000,FR,1,35,29.25000
41.1640,940,10,30,0.03000,BR,0,28,29.04000
41.1740,940,10,30,0.03000,FL,0,20,28.80000
41.1740,940,10,30,0.03000,BL,0,13,28.59000
41.1740,940,10,30,0.03000,FR,0,5,28.35000
41.1740,940,10,30,0.03000,FR,1,35,29.25000
41.1740,940,10,30,0.03000,BR,0,28,29.04000
41.1840,940,10,30,0.03000,FL,0,20,28.80000
41.1840,940,10,30,0.03000,BL,0,13,28.59000
41.1840,940,10,30,0.03000,FR,0,5,28.35000
41.1840,940,10,30,0.03000,FR,1,35,29.25000
41.1840,940,10,30,0.03000,BR,0,28,29.04000
41.1940,941,11,30,0.03000,FL,0,19,28.80000
41.1940,941,11,30,0.03000,BL,0,12,28.59000
41.1940,941,11,30,0.03000,FR,0,4,28.35000
41.1940,941,11,30,0.03000,FR,1,34,29.25000
41.1940,941,11,30,0.03000,BR,0,27,29.04000
41.2040,941,11,30,0.03000,FL,0,19,28.80000
41.2040,941,11,30,0.03000,BL,0,12,28.59000
41.2040,941,11,30,0.03000,FR,0,4,28.35000
41.2040,941,11,30,0.03000,FR,1,34,29.25000
41.2040,941,11,30,0.03000,BR,0,27,29.04000
41.2140,941,11,30,0.03000,FL,0,19,28.80000
41.2140,941,11,30,0.03000,BL,0,12,28.59000
41.2140,941,11,30,0.03000,FR,0,4,28.35000
41.2140,941,11,30,0.03000,FR,1,34,29.25000
41.2140,941,11,30,0.03000,BR,0,27,29.04000
41.2260,942,12,30,0.03000,FL,0,18,28.80000
41.2260,942,12,30,0.03000,BL,0,11,28.59000
41.2260,942,12,30,0.03000,FR,0,3,28.35000
41.2260,942,12,30,0.03000,FR,1,33,29.25000
41.2260,942,12,30,0.03000,BR,0,26,29.04000
41.2340,942,12,30,0.03000,FL,0,18,28.80000
41.2340,942,12,30,0.03000,BL,0,11,28.59000
41.2340,942,12,30,0.03000,FR,0,3,28.35000
41.2340,942,12,30,0.03000,FR,1,33,29.25000
41.2340,942,12,30,0.03000,BR,0,26,29.04000
41.2460,942,12,30,0.03000,FL,0,18,28.80000
41.2460,942,12,30,0.03000,BL,0,11,28.59000
41.2460,942,12,30,0.03000,FR,0,3,28.35000
41.2460,942,12,30,0.03000,FR,1,33,29.25000
41.2460,942,12,30,0.03000,BR,0,26,29.04000
41.2580,943,13,30,0.03000,FL,0,17,28.80000
41.2580,943,13,30,0.03000,BL,0,10,28.59000
41.2580,943,13,30,0.03000,FR,0,2,28.35000
41.2580,943,13,30,0.03000,FR,1,32,29.25000
41.2580,943,13,30,0.03000,BR,0,25,29.04000
41.2700,943,13,30,0.03000,FL,0,17,28.80000
41.2700,943,13,30,0.03000,BL,0,10,28.59000
41.2700,943,13,30,0.03000,FR,0,2,28.35000
41.2700,943,13,30,0.03000,FR,1,32,29.25000
41.2700,943,13,30,0.03000,BR,0,25,29.04000
41.2800,943,13,30,0.03000,FL,0,17,28.80000
41.2800,943,13,30,0.03000,BL,0,10,28.59000
41.2800,943,13,30,0.03000,FR,0,2,28.35000
41.2800,943,13,30,0.03000,FR,1,32,29.25000
41.2800,943,13,30,0.03000,BR,0,25,29.04000
41.2900,944,14,30,0.03000,FL,0,16,28.80000
41.2900,944,14,30,0.03000,BL,0,9,28.59000
41.2900,944,14,30,0.03000,BL,1,39,29.49000
41.2900,944,14,30,0.03000,FR,0,1,28.35000
41.2900,944,14,30,0.03000,FR,1,31,29.25000
41.2900,944,14,30,0.03000,BR,0,24,29.04000
41.3040,944,14,30,0.03000,FL,0,16,28.80000
41.3040,944,14,30,0.03000,BL,0,9,28.59000
41.3040,944,14,30,0.03000,BL,1,39,29.49000
41.3040,944,14,30,0.03000,FR,0,1,28.35000
41.3040,944,14,30,0.03000,FR,1,31,29.25000
41.3040,944,14,30,0.03000,BR,0,24,29.04000
41.3160,945,15,30,0.03000,FL,0,15,28.80000
41.3160,945,15,30,0.03000,BL,0,8,28.59000
41.3160,945,15,30,0.03000,BL,1,38,29.49000
41.3160,945,15,30,0.03000,FR,0,30,29.25000
41.3160,945,15,30,0.03000,BR,0,23,29.04000
41.3360,945,15,30,0.03000,FL,0,15,28.80000
41.3360,945,15,30,0.03000,BL,0,8,28.59000
41.3360,945,15,30,0.03000,BL,1,38,29.49000
41.3360,945,15,30,0.03000,FR,0,30,29.25000
41.3360,945,15,30,0.03000,BR,0,23,29.04000
41.3460,946,16,30,0.03000,FL,0,14,28.80000
41.3460,946,16,30,0.03000,BL,0,7,28.59000
41.3460,946,16,30,0.03000,BL,1,37,29.49000
41.3460,946,16,30,0.03000,FR,0,29,29.25000
41.3460,946,16,30,0.03000,BR,0,22,29.04000
41.3560,946,16,30,0.03000,FL,0,14,28.80000
41.3560,946,16,30,0.03000,BL,0,7,28.59000
41.3560,946,16,30,0.03000,BL,1,37,29.49000
41.3560,946,16,30,0.03000,FR,0,29,29.25000
41.3560,946,16,30,0.03000,BR,0,22,29.04000
41.3660,946,16,30,0.03000,FL,0,14,28.80000
41.3660,946,16,30,0.03000,BL,0,7,28.59000
41.3660,946,16,30,0.03000,BL,1,37,29.49000
41.3660,946,16,30,0.03000,FR,0,29,29.25000
41.3660,946,16,30,0.03000,BR,0,22,29.04000
41.3760,947,17,30,0.03000,FL,0,13,28.80000
41.3760,947,17,30,0.03000,BL,0,6,28.59000
41.3760,947,17,30,0.03000,BL,1,36,29.49000
41.3760,947,17,30,0.03000,FR,0,28,29.25000
41.3760,947,17,30,0.03000,BR,0,21,29.04000
41.3860,947,17,30,0.03000,FL,0,13,28.80000
41.3860,947,17,30,0.03000,BL,0,6,28.59000
41.3860,947,17,30,0.03000,BL,1,36,29.49000
41.3860,947,17,30,0.03000,FR,0,28,29.25000
41.3860,947,17,30,0.03000,BR,0,21,29.04000
41.3940,947,17,30,0.03000,FL,0,13,28.80000
41.3940,947,17,30,0.03000,BL,0,6,28.59000
41.3940,947,17,30,0.03000,BL,1,36,29.49000
41.3940,947,17,30,0.03000,FR,0,28,29.25000
41.3940,947,17,30,0.03000,BR,0,21,29.04000
41.4040,948,18,30,0.03000,FL,0,12,28.80000
41.4040,948,18,30,0.03000,BL,0,5,28.59000
41.4040,948,18,30,0.03000,BL,1,35,29.49000
41.4040,948,18,30,0.03000,FR,0,27,29.25000
41.4040,948,18,30,0.03000,BR,0,20,29.04000
41.4160,948,18,30,0.03000,FL,0,12,28.80000
41.4160,948,18,30,0.03000,BL,0,5,28.59000
41.4160,948,18,30,0.03000,BL,1,35,29.49000
41.4160,948,18,30,0.03000,FR,0,27,29.25000
41.4160,948,18,30,0.03000,BR,0,20,29.04000
41.4260,948,18,30,0.03000,FL,0,12,28.80000
41.4260,948,18,30,0.03000,BL,0,5,28.59000
41.4260,948,18,30,0.03000,BL,1,35,29.49000
41.4260,948,18,30,0.03000,FR,0,27,29.25000
41.4260,948,18,30,0.03000,BR,0,20,29.04000
41.4360,949,19,30,0.03000,FL,0,11,28.80000
41.4360,949,19,30,0.03000,BL,0,4,28.59000
41.4360,949,19,30,0.03000,BL,1,34,29.49000
41.4360,949,19,30,0.03000,FR,0,26,29.25000
41.4360,949,19,30,0.03000,BR,0,19,29.04000
41.4440,949,19,30,0.03000,FL,0,11,28.80000
41.4440,949,19,30,0.03000,BL,0,4,28.59000
41.4440,949,19,30,0.03000,BL,1,34,29.49000
41.4440,949,19,30,0.03000,FR,0,26,29.25000
41.4440,949,19,30,0.03000,BR,0,19,29.04000
41.4560,949,19,30,0.03000,FL,0,11,28.80000
41.4560,949,19,30,0.03000,BL,0,4,28.59000
41.4560,949,19,30,0.03000,BL,1,34,29.49000
41.4560,949,19,30,0.03000,FR,0,26,29.25000
41.4560,949,19,30,0.03000,BR,0,19,29.04000
41.4660,950,20,30,0.03000,FL,0,10,28.80000
41.4660,950,20,30,0.03000,BL,0,3,28.59000
41.4660,950,20,30,0.03000,BL,1,33,29.49000
41.4660,950,20,30,0.03000,FR,0,25,29.25000
41.4660,950,20,30,0.03000,BR,0,18,29.04000
41.4760,950,20,30,0.03000,FL,0,10,28.80000
41.4760,950,20,30,0.03000,BL,0,3,28.59000
41.4760,950,20,30,0.03000,BL,1,33,29.49000
41.4760,950,20,30,0.03000,FR,0,25,29.25000
41.4760,950,20,30,0.03000,BR,0,18,29.04000
41.4840,950,20,30,0.03000,FL,0,10,28.80000
41.4840,950,20,30,0.03000,BL,0,3,28.59000
41.4840,950,20,30,0.03000,BL,1,33,29.49000
41.4840,950,20,30,0.03000,FR,0,25,29.25000
41.4840,950,20,30,0.03000,BR,0,18,29.04000
41.4940,951,21,30,0.03000,FL,0,9,28.80000
41.4940,951,21,30,0.03000,FL,1,39,29.70000
41.4940,951,21,30,0.03000,BL,0,2,28.59000
41.4940,951,21,30,0.03000,BL,1,32,29.49000
41.4940,951,21,30,0.03000,FR,0,24,29.25000
41.4940,951,21,30,0.03000,BR,0,17,29.04000
41.5040,951,21,30,0.03000,FL,0,9,28.80000
41.5040,951,21,30,0.03000,FL,1,39,29.70000
41.5040,951,21,30,0.03000,BL,0,2,28.59000
41.5040,951,21,30,0.03000,BL,1,32,29.49000
41.5040,951,21,30,0.03000,FR,0,24,29.25000
41.5040,951,21,30,0.03000,BR,0,17,29.04000
41.5180,951,21,30,0.03000,FL,0,9,28.80000
41.5180,951,21,30,0.03000,FL,1,39,29.70000
41.5180,951,21,30,0.03000,BL,0,2,28.59000
41.5180,951,21,30,0.03000,BL,1,32,29.49000
41.5180,951,21,30,0.03000,FR,0,24,29.25000
41.5180,951,21,30,0.03000,BR,0,17,29.04000
41.5280,952,22,30,0.03000,FL,0,8,28.80000
41.5280,952,22,30,0.03000,FL,1,38,29.70000
41.5280,952,22,30,0.03000,BL,0,1,28.59000
41.5280,952,22,30,0.03000,BL,1,31,29.49000
41.5280,952,22,30,0.03000,FR,0,23,29.25000
41.5280,952,22,30,0.03000,BR,0,16,29.04000
41.5480,952,22,30,0.03000,FL,0,8,28.80000
41.5480,952,22,30,0.03000,FL,1,38,29.70000
41.5480,952,22,30,0.03000,BL,0,1,28.59000
41.5480,952,22,30,0.03000,BL,1,31,29.49000
41.5480,952,22,30,0.03000,FR,0,23,29.25000
41.5480,952,22,30,0.03000,BR,0,16,29.04000
41.5600,953,23,30,0.03000,FL,0,7,28.80000
41.5600,953,23,30,0.03000,FL,1,37,29.70000
41.5600,953,23,30,0.03000,BL,0,30,29.49000
41.5600,953,23,30,0.03000,FR,0,22,29.25000
41.5600,953,23,30,0.03000,BR,0,15,29.04000
41.5700,953,23,30,0.03000,FL,0,7,28.80000
41.5700,953,23,30,0.03000,FL,1,37,29.70000
41.5700,953,23,30,0.03000,BL,0,30,29.49000
41.5700,953,23,30,0.03000,FR,0,22,29.25000
41.5700,953,23,30,0.03000,BR,0,15,29.04000
41.5800,954,24,30,0.03000,FL,0,6,28.80000
41.5800,954,24,30,0.03000,FL,1,36,29.70000
41.5800,954,24,30,0.03000,BL,0,29,29.49000
41.5800,954,24,30,0.03000,FR,0,21,29.25000
41.5800,954,24,30,0.03000,BR,0,14,29.04000
41.5900,954,24,30,0.03000,FL,0,6,28.80000
41.5900,954,24,30,0.03000,FL,1,36,29.70000
41.5900,954,24,30,0.03000,BL,0,29,29.49000
41.5900,954,24,30,0.03000,FR,0,21,29.25000
41.5900,954,24,30,0.03000,BR,0,14,29.04000
41.6000,954,24,30,0.03000,FL,0,6,28.80000
41.6000,954,24,30,0.03000,FL,1,36,29.70000
41.6000,954,24,30,0.03000,BL,0,29,29.49000
41.6000,954,24,30,0.03000,FR,0,21,29.25000
41.6000,954,24,30,0.03000,BR,0,14,29.04000
41.6100,955,25,30,0.03000,FL,0,5,28.80000
41.6100,955,25,30,0.03000,FL,1,35,29.70000
41.6100,955,25,30,0.03000,BL,0,28,29.49000
41.6100,955,25,30,0.03000,FR,0,20,29.25000
41.6100,955,25,30,0.03000,BR,0,13,29.04000
41.6200,955,25,30,0.03000,FL,0,5,28.80000
41.6200,955,25,30,0.03000,FL,1,35,29.70000
41.6200,955,25,30,0.03000,BL,0,28,29.49000
41.6200,955,25,30,0.03000,FR,0,20,29.25000
41.6200,955,25,30,0.03000,BR,0,13,29.04000
41.6300,955,25,30,0.03000,FL,0,5,28.80000
41.6300,955,25,30,0.03000,FL,1,35,29.70000
41.6300,955,25,30,0.03000,BL,0,28,29.49000
41.6300,955,25,30,0.03000,FR,0,20,29.25000
41.6300,955,25,30,0.03000,BR,0,13,29.04000
41.6380,955,25,30,0.03000,FL,0,5,28.80000
41.6380,955,25,30,0.03000,FL,1,35,29.70000
41.6380,955,25,30,0.03000,BL,0,28,29.49000
41.6380,955,25,30,0.03000,FR,0,20,29.25000
41.6380,955,25,30,0.03000,BR,0,13,29.04000
41.6480,956,26,30,0.03000,FL,0,4,28.80000
41.6480,956,26,30,0.03000,FL,1,34,29.70000
41.6480,956,26,30,0.03000,BL,0,27,29.49000
41.6480,956,26,30,0.03000,FR,0,19,29.25000
41.6480,956,26,30,0.03000,BR,0,12,29.04000
41.6580,956,26,30,0.03000,FL,0,4,28.80000
41.6580,956,26,30,0.03000,FL,1,34,29.70000
41.6580,956,26,30,0.03000,BL,0,27,29.49000
41.6580,956,26,30,0.03000,FR,0,19,29.25000
41.6580,956,26,30,0.03000,BR,0,12,29.04000
41.6680,956,26,30,0.03000,FL,0,4,28.80000
41.6680,956,26,30,0.03000,FL,1,34,29.70000
41.6680,956,26,30,0.03000,BL,0,27,29.49000
41.6680,956,26,30,0.03000,FR,0,19,29.25000
41.6680,956,26,30,0.03000,BR,0,12,29.04000
41.6780,957,27,30,0.03000,FL,0,3,28.80000
41.6780,957,27,30,0.03000,FL,1,33,29.70000
41.6780,957,27,30,0.03000,BL,0,26,29.49000
41.6780,957,27,30,0.03000,FR,0,18,29.25000
41.6780,957,27,30,0.03000,BR,0,11,29.04000
41.6860,957,27,30,0.03000,FL,0,3,28.80000
41.6860,957,27,30,0.03000,FL,1,33,29.70000
41.6860,957,27,30,0.03000,BL,0,26,29.49000
41.6860,957,27,30,0.03000,FR,0,18,29.25000
41.6860,957,27,30,0.03000,BR,0,11,29.04000
41.6960,957,27,30,0.03000,FL,0,3,28.80000
41.6960,957,27,30,0.03000,FL,1,33,29.70000
41.6960,957,27,30,0.03000,BL,0,26,29.49000
41.6960,957,27,30,0.03000,FR,0,18,29.25000
41.6960,957,27,30,0.03000,BR,0,11,29.04000
41.7060,958,28,30,0.03000,FL,0,2,28.80000
41.7060,958,28,30,0.03000,FL,1,32,29.70000
41.7060,958,28,30,0.03000,BL,0,25,29.49000
41.7060,958,28,30,0.03000,FR,0,17,29.25000
41.7060,958,28,30,0.03000,BR,0,10,29.04000
41.7160,958,28,30,0.03000,FL,0,2,28.80000
41.7160,958,28,30,0.03000,FL,1,32,29.70000
41.7160,958,28,30,0.03000,BL,0,25,29.49000
41.7160,958,28,30,0.03000,FR,0,17,29.25000
41.7160,958,28,30,0.03000,BR,0,10,29.04000
41.7260,958,28,30,0.03000,FL,0,2,28.80000
41.7260,958,28,30,0.03000,FL,1,32,29.70000
41.7260,958,28,30,0.03000,BL,0,25,29.49000
41.7260,958,28,30,0.03000,FR,0,17,29.25000
41.7260,958,28,30,0.03000,BR,0,10,29.04000
41.7340,959,29,30,0.03000,FL,0,1,28.80000
41.7340,959,29,30,0.03000,FL,1,31,29.70000
41.7340,959,29,30,0.03000,BL,0,24,29.49000
41.7340,959,29,30,0.03000,FR,0,16,29.25000
41.7340,959,29,30,0.03000,BR,0,9,29.04000
41.7340,959,29,30,0.03000,BR,1,39,29.94000
41.7460,959,29,30,0.03000,FL,0,1,28.80000
41.7460,959,29,30,0.03000,FL,1,31,29.70000
41.7460,959,29,30,0.03000,BL,0,24,29.49000
41.7460,959,29,30,0.03000,FR,0,16,29.25000
41.7460,959,29,30,0.03000,BR,0,9,29.04000
41.7460,959,29,30,0.03000,BR,1,39,29.94000
41.7580,959,29,30,0.03000,FL,0,1,28.80000
41.7580,959,29,30,0.03000,FL,1,31,29.70000
41.7580,959,29,30,0.03000,BL,0,24,29.49000
41.7580,959,29,30,0.03000,FR,0,16,29.25000
41.7580,959,29,30,0.03000,BR,0,9,29.04000
41.7580,959,29,30,0.03000,BR,1,39,29.94000
41.7680,960,0,30,0.03000,FL,0,30,29.70000
41.7680,960,0,30,0.03000,BL,0,23,29.49000
41.7680,960,0,30,0.03000,FR,0,15,29.25000
41.7680,960,0,30,0.03000,BR,0,8,29.04000
41.7680,960,0,30,0.03000,BR,1,38,29.94000
41.7880,960,0,30,0.03000,FL,0,30,29.70000
41.7880,960,0,30,0.03000,BL,0,23,29.49000
41.7880,960,0,30,0.03000,FR,0,15,29.25000
41.7880,960,0,30,0.03000,BR,0,8,29.04000
41.7880,960,0,30,0.03000,BR,1,38,29.94000
41.7980,961,1,30,0.03000,FL,0,29,29.70000
41.7980,961,1,30,0.03000,BL,0,22,29.49000
41.7980,961,1,30,0.03000,FR,0,14,29.25000
41.7980,961,1,30,0.03000,BR,0,7,29.04000
41.7980,961,1,30,0.03000,BR,1,37,29.94000
41.8060,961,1,30,0.03000,FL,0,29,29.70000
41.8060,961,1,30,0.03000,BL,0,22,29.49000
41.8060,961,1,30,0.03000,FR,0,14,29.25000
41.8060,961,1,30,0.03000,BR,0,7,29.04000
41.8060,961,1,30,0.03000,BR,1,37,29.94000
41.8160,961,1,30,0.03000,FL,0,29,29.70000
41.8160,961,1,30,0.03000,BL,0,22,29.49000
41.8160,961,1,30,0.03000,FR,0,14,29.25000
41.8160,961,1,30,0.03000,BR,0,7,29.04000
41.8160,961,1,30,0.03000,BR,1,37,29.94000
41.8260,962,2,30,0.03000,FL,0,28,29.70000
41.8260,962,2,30,0.03000,BL,0,21,29.49000
41.8260,962,2,30,0.03000,FR,0,13,29.25000
41.8260,962,2,30,0.03000,BR,0,6,29.04000
41.8260,962,2,30,0.03000,BR,1,36,29.94000
41.8360,962,2,30,0.03000,FL,0,28,29.70000
41.8360,962,2,30,0.03000,BL,0,21,29.49000
41.8360,962,2,30,0.03000,FR,0,13,29.25000
41.8360,962,2,30,0.03000,BR,0,6,29.04000
41.8360,962,2,30,0.03000,BR,1,36,29.94000
41.8460,962,2,30,0.03000,FL,0,28,29.70000
41.8460,962,2,30,0.03000,BL,0,21,29.49000
41.8460,962,2,30,0.03000,FR,0,13,29.25000
41.8460,962,2,30,0.03000,BR,0,6,29.04000
41.8460,962,2,30,0.03000,BR,1,36,29.94000
41.8560,963,3,30,0.03000,FL,0,27,29.70000
41.8560,963,3,30,0.03000,BL,0,20,29.49000
41.8560,963,3,30,0.03000,FR,0,12,29.25000
41.8560,963,3,30,0.03000,BR,0,5,29.04000
41.8560,963,3,30,0.03000,BR,1,35,29.94000
41.8660,963,3,30,0.03000,FL,0,27,29.70000
41.8660,963,3,30,0.03000,BL,0,20,29.49000
41.8660,963,3,30,0.03000,FR,0,12,29.25000
41.8660,963,3,30,0.03000,BR,0,5,29.04000
41.8660,963,3,30,0.03000,BR,1,35,29.94000
41.8760,963,3,30,0.03000,FL,0,27,29.70000
41.8760,963,3,30,0.03000,BL,0,20,29.49000
41.8760,963,3,30,0.03000,FR,0,12,29.25000
41.8760,963,3,30,0.03000,BR,0,5,29.04000
41.8760,963,3,30,0.03000,BR,1,35,29.94000
41.8860,964,4,30,0.03000,FL,0,26,29.70000
41.8860,964,4,30,0.03000,BL,0,19,29.49000
41.8860,964,4,30,0.03000,FR,0,11,29.25000
41.8860,964,4,30,0.03000,BR,0,4,29.04000
41.8860,964,4,30,0.03000,BR,1,34,29.94000
41.8960,964,4,30,0.03000,FL,0,26,29.70000
41.8960,964,4,30,0.03000,BL,0,19,29.49000
41.8960,964,4,30,0.03000,FR,0,11,29.25000
41.8960,964,4,30,0.03000,BR,0,4,29.04000
41.8960,964,4,30,0.03000,BR,1,34,29.94000
41.9060,964,4,30,0.03000,FL,0,26,29.70000
41.9060,964,4,30,0.03000,BL,0,19,29.49000
41.9060,964,4,30,0.03000,FR,0,11,29.25000
41.9060,964,4,30,0.03000,BR,0,4,29.04000
41.9060,964,4,30,0.03000,BR,1,34,29.94000
41.9160,965,5,30,0.03000,FL,0,25,29.70000
41.9160,965,5,30,0.03000,BL,0,18,29.49000
41.9160,965,5,30,0.03000,FR,0,10,29.25000
41.9160,965,5,30,0.03000,BR,0,3,29.04000
41.9160,965,5,30,0.03000,BR,1,33,29.94000
41.9280,965,5,30,0.03000,FL,0,25,29.70000
41.9280,965,5,30,0.03000,BL,0,18,29.49000
41.9280,965,5,30,0.03000,FR,0,10,29.25000
41.9280,965,5,30,0.03000,BR,0,3,29.04000
41.9280,965,5,30,0.03000,BR,1,33,29.94000
41.9400,966,6,30,0.03000,FL,0,24,29.70000
41.9400,966,6,30,0.03000,BL,0,17,29.49000
41.9400,966,6,30,0.03000,FR,0,9,29.25000
41.9400,966,6,30,0.03000,FR,1,39,30.15000
41.9400,966,6,30,0.03000,BR,0,2,29.04000
41.9400,966,6,30,0.03000,BR,1,32,29.94000
41.9500,966,6,30,0.03000,FL,0,24,29.70000
41.9500,966,6,30,0.03000,BL,0,17,29.49000
41.9500,966,6,30,0.03000,FR,0,9,29.25000
41.9500,966,6,30,0.03000,FR,1,39,30.15000
41.9500,966,6,30,0.03000,BR,0,2,29.04000
41.9500,966,6,30,0.03000,BR,1,32,29.94000
41.9620,966,6,30,0.03000,FL,0,24,29.70000
41.9620,966,6,30,0.03000,BL,0,17,29.49000
41.9620,966,6,30,0.03000,FR,0,9,29.25000
41.9620,966,6,30,0.03000,FR,1,39,30.15000
41.9620,966,6,30,0.03000,BR,0,2,29.04000
41.9620,966,6,30,0.03000,BR,1,32,29.94000
41.9720,967,7,30,0.03000,FL,0,23,29.70000
41.9720,967,7,30,0.03000,BL,0,16,29.49000
41.9720,967,7,30,0.03000,FR,0,8,29.25000
41.9720,967,7,30,0.03000,FR,1,38,30.15000
41.9720,967,7,30,0.03000,BR,0,1,29.04000
41.9720,967,7,30,0.03000,BR,1,31,29.94000
41.9980,967,7,30,0.03000,FL,0,23,29.70000
41.9980,967,7,30,0.03000,BL,0,16,29.49000
41.9980,967,7,30,0.03000,FR,0,8,29.25000
41.9980,967,7,30,0.03000,FR,1,38,30.15000
41.9980,967,7,30,0.03000,BR,0,1,29.04000
41.9980,967,7,30,0.03000,BR,1,31,29.94000
42.0100,968,8,30,0.03000,FL,0,22,29.70000
42.0100,968,8,30,0.03000,BL,0,15,29.49000
42.0100,968,8,30,0.03000,FR,0,7,29.25000
42.0100,968,8,30,0.03000,FR,1,37,30.15000
42.0100,968,8,30,0.03000,BR,0,30,29.94000
42.0200,968,8,30,0.03000,FL,0,22,29.70000
42.0200,968,8,30,0.03000,BL,0,15,29.49000
42.0200,968,8,30,0.03000,FR,0,7,29.25000
42.0200,968,8,30,0.03000,FR,1,37,30.15000
42.0200,968,8,30,0.03000,BR,0,30,29.94000
42.0300,969,9,30,0.03000,FL,0,21,29.70000
42.0300,969,9,30,0.03000,BL,0,14,29.49000
42.0300,969,9,30,0.03000,FR,0,6,29.25000
42.0300,969,9,30,0.03000,FR,1,36,30.15000
42.0300,969,9,30,0.03000,BR,0,29,29.94000
42.0400,969,9,30,0.03000,FL,0,21,29.70000
42.0400,969,9,30,0.03000,BL,0,14,29.49000
42.0400,969,9,30,0.03000,FR,0,6,29.25000
42.0400,969,9,30,0.03000,FR,1,36,30.15000
42.0400,969,9,30,0.03000,BR,0,29,29.94000
42.0500,969,9,30,0.03000,FL,0,21,29.70000
42.0500,969,9,30,0.03000,BL,0,14,29.49000
42.0500,969,9,30,0.03000,FR,0,6,29.25000
42.0500,969,9,30,0.03000,FR,1,36,30.15000
42.0500,969,9,30,0.03000,BR,0,29,29.94000
42.0600,970,10,30,0.03000,FL,0,20,29.70000
42.0600,970,10,30,0.03000,BL,0,13,29.49000
42.0600,970,10,30,0.03000,FR,0,5,29.25000
42.0600,970,10,30,0.03000,FR,1,35,30.15000
42.0600,970,10,30,0.03000,BR,0,28,29.94000
42.0700,970,10,30,0.03000,FL,0,20,29.70000
42.0700,970,10,30,0.03000,BL,0,13,29.49000
42.0700,970,10,30,0.03000,FR,0,5,29.25000
42.0700,970,10,30,0.03000,FR,1,35,30.15000
42.0700,970,10,30,0.03000,BR,0,28,29.94000
42.0800,970,10,30,0.03000,FL,0,20,29.70000
42.0800,970,10,30,0.03000,BL,0,13,29.49000
42.0800,970,10,30,0.03000,FR,0,5,29.25000
42.0800,970,10,30,0.03000,FR,1,35,30.15000
42.0800,970,10,30,0.03000,BR,0,28,29.94000
42.0880,970,10,30,0.03000,FL,0,20,29.70000
42.0880,970,10,30,0.03000,BL,0,13,29.49000
42.0880,970,10,30,0.03000,FR,0,5,29.25000
42.0880,970,10,30,0.03000,FR,1,35,30.15000
42.0880,970,10,30,0.03000,BR,0,28,29.94000
42.1000,971,11,30,0.03000,FL,0,19,29.70000
42.1000,971,11,30,0.03000,BL,0,12,29.49000
42.1000,971,11,30,0.03000,FR,0,4,29.25000
42.1000,971,11,30,0.03000,FR,1,34,30.15000
42.1000,971,11,30,0.03000,BR,0,27,29.94000
42.1080,971,11,30,0.03000,FL,0,19,29.70000
42.1080,971,11,30,0.03000,BL,0,12,29.49000
42.1080,971,11,30,0.03000,FR,0,4,29.25000
42.1080,971,11,30,0.03000,FR,1,34,30.15000
42.1080,971,11,30,0.03000,BR,0,27,29.94000
42.1180,971,11,30,0.03000,FL,0,19,29.70000
42.1180,971,11,30,0.03000,BL,0,12,29.49000
42.1180,971,11,30,0.03000,FR,0,4,29.25000
42.1180,971,11,30,0.03000,FR,1,34,30.15000
42.1180,971,11,30,0.03000,BR,0,27,29.94000
42.1280,972,12,30,0.03000,FL,0,18,29.70000
42.1280,972,12,30,0.03000,BL,0,11,29.49000
42.1280,972,12,30,0.03000,FR,0,3,29.25000
42.1280,972,12,30,0.03000,FR,1,33,30.15000
42.1280,972,12,30,0.03000,BR,0,26,29.94000
42.1380,972,12,30,0.03000,FL,0,18,29.70000
42.1380,972,12,30,0.03000,BL,0,11,29.49000
42.1380,972,12,30,0.03000,FR,0,3,29.25000
42.1380,972,12,30,0.03000,FR,1,33,30.15000
42.1380,972,12,30,0.03000,BR,0,26,29.94000
42.1480,972,12,30,0.03000,FL,0,18,29.70000
42.1480,972,12,30,0.03000,BL,0,11,29.49000
42.1480,972,12,30,0.03000,FR,0,3,29.25000
42.1480,972,12,30,0.03000,FR,1,33,30.15000
42.1480,972,12,30,0.03000,BR,0,26,29.94000
42.1580,973,13,30,0.03000,FL,0,17,29.70000
42.1580,973,13,30,0.03000,BL,0,10,29.49000
42.1580,973,13,30,0.03000,FR,0,2,29.25000
42.1580,973,13,30,0.03000,FR,1,32,30.15000
42.1580,973,13,30,0.03000,BR,0,25,29.94000
42.1680,973,13,30,0.03000,FL,0,17,29.70000
42.1680,973,13,30,0.03000,BL,0,10,29.49000
42.1680,973,13,30,0.03000,FR,0,2,29.25000
42.1680,973,13,30,0.03000,FR,1,32,30.15000
42.1680,973,13,30,0.03000,BR,0,25,29.94000
42.1780,973,13,30,0.03000,FL,0,17,29.70000
42.1780,973,13,30,0.03000,BL,0,10,29.49000
42.1780,973,13,30,0.03000,FR,0,2,29.25000
42.1780,973,13,30,0.03000,FR,1,32,30.15000
42.1780,973,13,30,0.03000,BR,0,25,29.94000
42.1880,974,14,30,0.03000,FL,0,16,29.70000
42.1880,974,14,30,0.03000,BL,0,9,29.49000
42.1880,974,14,30,0.03000,BL,1,39,30.39000
42.1880,974,14,30,0.03000,FR,0,1,29.25000
42.1880,974,14,30,0.03000,FR,1,31,30.15000
42.1880,974,14,30,0.03000,BR,0,24,29.94000
42.1960,974,14,30,0.03000,FL,0,16,29.70000
42.1960,974,14,30,0.03000,BL,0,9,29.49000
42.1960,974,14,30,0.03000,BL,1,39,30.39000
42.1960,974,14,30,0.03000,FR,0,1,29.25000
42.1960,974,14,30,0.03000,FR,1,31,30.15000
42.1960,974,14,30,0.03000,BR,0,24,29.94000
42.2080,974,14,30,0.03000,FL,0,16,29.70000
42.2080,974,14,30,0.03000,BL,0,9,29.49000
42.2080,974,14,30,0.03000,BL,1,39,30.39000
42.2080,974,14,30,0.03000,FR,0,1,29.25000
42.2080,974,14,30,0.03000,FR,1,31,30.15000
42.2080,974,14,30,0.03000,BR,0,24,29.94000
42.2160,975,15,30,0.03000,FL,0,15,29.70000
42.2160,975,15,30,0.03000,BL,0,8,29.49000
42.2160,975,15,30,0.03000,BL,1,38,30.39000
42.2160,975,15,30,0.03000,FR,0,30,30.15000
42.2160,975,15,30,0.03000,BR,0,23,29.94000
42.2360,975,15,30,0.03000,FL,0,15,29.70000
42.2360,975,15,30,0.03000,BL,0,8,29.49000
42.2360,975,15,30,0.03000,BL,1,38,30.39000
42.2360,975,15,30,0.03000,FR,0,30,30.15000
42.2360,975,15,30,0.03000,BR,0,23,29.94000
42.2460,976,16,30,0.03000,FL,0,14,29.70000
42.2460,976,16,30,0.03000,BL,0,7,29.49000
42.2460,976,16,30,0.03000,BL,1,37,30.39000
42.2460,976,16,30,0.03000,FR,0,29,30.15000
42.2460,976,16,30,0.03000,BR,0,22,29.94000
42.2560,976,16,30,0.03000,FL,0,14,29.70000
42.2560,976,16,30,0.03000,BL,0,7,29.49000
42.2560,976,16,30,0.03000,BL,1,37,30.39000
42.2560,976,16,30,0.03000,FR,0,29,30.15000
42.2560,976,16,30,0.03000,BR,0,22,29.94000
42.2660,976,16,30,0.03000,FL,0,14,29.70000
42.2660,976,16,30,0.03000,BL,0,7,29.49000
42.2660,976,16,30,0.03000,BL,1,37,30.39000
42.2660,976,16,30,0.03000,FR,0,29,30.15000
42.2660,976,16,30,0.03000,BR,0,22,29.94000
42.2740,977,17,30,0.03000,FL,0,13,29.70000
42.2740,977,17,30,0.03000,BL,0,6,29.49000
42.2740,977,17,30,0.03000,BL,1,36,30.39000
42.2740,977,17,30,0.03000,FR,0,28,30.15000
42.2740,977,17,30,0.03000,BR,0,21,29.94000
42.2860,977,17,30,0.03000,FL,0,13,29.70000
42.2860,977,17,30,0.03000,BL,0,6,29.49000
42.2860,977,17,30,0.03000,BL,1,36,30.39000
42.2860,977,17,30,0.03000,FR,0,28,30.15000
42.2860,977,17,30,0.03000,BR,0,21,29.94000
42.2940,977,17,30,0.03000,FL,0,13,29.70000
42.2940,977,17,30,0.03000,BL,0,6,29.49000
42.2940,977,17,30,0.03000,BL,1,36,30.39000
42.2940,977,17,30,0.03000,FR,0,28,30.15000
42.2940,977,17,30,0.03000,BR,0,21,29.94000
42.3060,978,18,30,0.03000,FL,0,12,29.70000
42.3060,978,18,30,0.03000,BL,0,5,29.49000
42.3060,978,18,30,0.03000,BL,1,35,30.39000
42.3060,978,18,30,0.03000,FR,0,27,30.15000
42.3060,978,18,30,0.03000,BR,0,20,29.94000
42.3160,978,18,30,0.03000,FL,0,12,29.70000
42.3160,978,18,30,0.03000,BL,0,5,29.49000
42.3160,978,18,30,0.03000,BL,1,35,30.39000
42.3160,978,18,30,0.03000,FR,0,27,30.15000
42.3160,978,18,30,0.03000,BR,0,20,29.94000
42.3280,978,18,30,0.03000,FL,0,12,29.70000
42.3280,978,18,30,0.03000,BL,0,5,29.49000
42.3280,978,18,30,0.03000,BL,1,35,30.39000
42.3280,978,18,30,0.03000,FR,0,27,30.15000
42.3280,978,18,30,0.03000,BR,0,20,29.94000
42.3380,979,19,30,0.03000,FL,0,11,29.70000
42.3380,979,19,30,0.03000,BL,0,4,29.49000
42.3380,979,19,30,0.03000,BL,1,34,30.39000
42.3380,979,19,30,0.03000,FR,0,26,30.15000
42.3380,979,19,30,0.03000,BR,0,19,29.94000
42.3480,979,19,30,0.03000,FL,0,11,29.70000
42.3480,979,19,30,0.03000,BL,0,4,29.49000
42.3480,979,19,30,0.03000,BL,1,34,30.39000
42.3480,979,19,30,0.03000,FR,0,26,30.15000
42.3480,979,19,30,0.03000,BR,0,19,29.94000
42.3580,979,19,30,0.03000,FL,0,11,29.70000
42.3580,979,19,30,0.03000,BL,0,4,29.49000
42.3580,979,19,30,0.03000,BL,1,34,30.39000
42.3580,979,19,30,0.03000,FR,0,26,30.15000
42.3580,979,19,30,0.03000,BR,0,19,29.94000
42.3660,980,20,30,0.03000,FL,0,10,29.70000
42.3660,980,20,30,0.03000,BL,0,3,29.49000
42.3660,980,20,30,0.03000,BL,1,33,30.39000
42.3660,980,20,30,0.03000,FR,0,25,30.15000
42.3660,980,20,30,0.03000,BR,0,18,29.94000
42.3760,980,20,30,0.03000,FL,0,10,29.70000
42.3760,980,20,30,0.03000,BL,0,3,29.49000
42.3760,980,20,30,0.03000,BL,1,33,30.39000
42.3760,980,20,30,0.03000,FR,0,25,30.15000
42.3760,980,20,30,0.03000,BR,0,18,29.94000
42.3860,980,20,30,0.03000,FL,0,10,29.70000
42.3860,980,20,30,0.03000,BL,0,3,29.49000
42.3860,980,20,30,0.03000,BL,1,33,30.39000
42.3860,980,20,30,0.03000,FR,0,25,30.15000
42.3860,980,20,30,0.03000,BR,0,18,29.94000
42.3960,981,21,30,0.03000,FL,0,9,29.70000
42.3960,981,21,30,0.03000,FL,1,39,30.60000
42.3960,981,21,30,0.03000,BL,0,2,29.49000
42.3960,981,21,30,0.03000,BL,1,32,30.39000
42.3960,981,21,30,0.03000,FR,0,24,30.15000
42.3960,981,21,30,0.03000,BR,0,17,29.94000
42.4060,981,21,30,0.03000,FL,0,9,29.70000
42.4060,981,21,30,0.03000,FL,1,39,30.60000
42.4060,981,21,30,0.03000,BL,0,2,29.49000
42.4060,981,21,30,0.03000,BL,1,32,30.39000
42.4060,981,21,30,0.03000,FR,0,24,30.15000
42.4060,981,21,30,0.03000,BR,0,17,29.94000
42.4140,981,21,30,0.03000,FL,0,9,29.70000
42.4140,981,21,30,0.03000,FL,1,39,30.60000
42.4140,981,21,30,0.03000,BL,0,2,29.49000
42.4140,981,21,30,0.03000,BL,1,32,30.39000
42.4140,981,21,30,0.03000,FR,0,24,30.15000
42.4140,981,21,30,0.03000,BR,0,17,29.94000
42.4240,982,22,30,0.03000,FL,0,8,29.70000
42.4240,982,22,30,0.03000,FL,1,38,30.60000
42.4240,982,22,30,0.03000,BL,0,1,29.49000
42.4240,982,22,30,0.03000,BL,1,31,30.39000
42.4240,982,22,30,0.03000,FR,0,23,30.15000
42.4240,982,22,30,0.03000,BR,0,16,29.94000
42.4440,982,22,30,0.03000,FL,0,8,29.70000
42.4440,982,22,30,0.03000,FL,1,38,30.60000
42.4440,982,22,30,0.03000,BL,0,1,29.49000
42.4440,982,22,30,0.03000,BL,1,31,30.39000
42.4440,982,22,30,0.03000,FR,0,23,30.15000
42.4440,982,22,30,0.03000,BR,0,16,29.94000
42.4540,983,23,30,0.03000,FL,0,7,29.70000
42.4540,983,23,30,0.03000,FL,1,37,30.60000
42.4540,983,23,30,0.03000,BL,0,30,30.39000
42.4540,983,23,30,0.03000,FR,0,22,30.15000
42.4540,983,23,30,0.03000,BR,0,15,29.94000
42.4620,983,23,30,0.03000,FL,0,7,29.70000
42.4620,983,23,30,0.03000,FL,1,37,30.60000
42.4620,983,23,30,0.03000,BL,0,30,30.39000
42.4620,983,23,30,0.03000,FR,0,22,30.15000
42.4620,983,23,30,0.03000,BR,0,15,29.94000
42.4720,983,23,30,0.03000,FL,0,7,29.70000
42.4720,983,23,30,0.03000,FL,1,37,30.60000
42.4720,983,23,30,0.03000,BL,0,30,30.39000
42.4720,983,23,30,0.03000,FR,0,22,30.15000
42.4720,983,23,30,0.03000,BR,0,15,29.94000
42.4820,984,24,30,0.03000,FL,0,6,29.70000
42.4820,984,24,30,0.03000,FL,1,36,30.60000
42.4820,984,24,30,0.03000,BL,0,29,30.39000
42.4820,984,24,30,0.03000,FR,0,21,30.15000
42.4820,984,24,30,0.03000,BR,0,14,29.94000
42.4900,984,24,30,0.03000,FL,0,6,29.70000
42.4900,984,24,30,0.03000,FL,1,36,30.60000
42.4900,984,24,30,0.03000,BL,0,29,30.39000
42.4900,984,24,30,0.03000,FR,0,21,30.15000
42.4900,984,24,30,0.03000,BR,0,14,29.94000
42.5020,984,24,30,0.03000,FL,0,6,29.70000
42.5020,984,24,30,0.03000,FL,1,36,30.60000
42.5020,984,24,30,0.03000,BL,0,29,30.39000
42.5020,984,24,30,0.03000,FR,0,21,30.15000
42.5020,984,24,30,0.03000,BR,0,14,29.94000
42.5120,985,25,30,0.03000,FL,0,5,29.70000
42.5120,985,25,30,0.03000,FL,1,35,30.60000
42.5120,985,25,30,0.03000,BL,0,28,30.39000
42.5120,985,25,30,0.03000,FR,0,20,30.15000
42.5120,985,25,30,0.03000,BR,0,13,29.94000
42.5220,985,25,30,0.03000,FL,0,5,29.70000
42.5220,985,25,30,0.03000,FL,1,35,30.60000
42.5220,985,25,30,0.03000,BL,0,28,30.39000
42.5220,985,25,30,0.03000,FR,0,20,30.15000
42.5220,985,25,30,0.03000,BR,0,13,29.94000
42.5320,985,25,30,0.03000,FL,0,5,29.70000
42.5320,985,25,30,0.03000,FL,1,35,30.60000
42.5320,985,25,30,0.03000,BL,0,28,30.39000
42.5320,985,25,30,0.03000,FR,0,20,30.15000
42.5320,985,25,30,0.03000,BR,0,13,29.94000
42.5420,986,26,30,0.03000,FL,0,4,29.70000
42.5420,986,26,30,0.03000,FL,1,34,30.60000
42.5420,986,26,30,0.03000,BL,0,27,30.39000
42.5420,986,26,30,0.03000,FR,0,19,30.15000
42.5420,986,26,30,0.03000,BR,0,12,29.94000
42.5540,986,26,30,0.03000,FL,0,4,29.70000
42.5540,986,26,30,0.03000,FL,1,34,30.60000
42.5540,986,26,30,0.03000,BL,0,27,30.39000
42.5540,986,26,30,0.03000,FR,0,19,30.15000
42.5540,986,26,30,0.03000,BR,0,12,29.94000
42.5640,986,26,30,0.03000,FL,0,4,29.70000
42.5640,986,26,30,0.03000,FL,1,34,30.60000
42.5640,986,26,30,0.03000,BL,0,27,30.39000
42.5640,986,26,30,0.03000,FR,0,19,30.15000
42.5640,986,26,30,0.03000,BR,0,12,29.94000
42.5740,987,27,30,0.03000,FL,0,3,29.70000
42.5740,987,27,30,0.03000,FL,1,33,30.60000
42.5740,987,27,30,0.03000,BL,0,26,30.39000
42.5740,987,27,30,0.03000,FR,0,18,30.15000
42.5740,987,27,30,0.03000,BR,0,11,29.94000
42.5860,987,27,30,0.03000,FL,0,3,29.70000
42.5860,987,27,30,0.03000,FL,1,33,30.60000
42.5860,987,27,30,0.03000,BL,0,26,30.39000
42.5860,987,27,30,0.03000,FR,0,18,30.15000
42.5860,987,27,30,0.03000,BR,0,11,29.94000
42.5960,987,27,30,0.03000,FL,0,3,29.70000
42.5960,987,27,30,0.03000,FL,1,33,30.60000
42.5960,987,27,30,0.03000,BL,0,26,30.39000
42.5960,987,27,30,0.03000,FR,0,18,30.15000
42.5960,987,27,30,0.03000,BR,0,11,29.94000
42.6080,988,28,30,0.03000,FL,0,2,29.70000
42.6080,988,28,30,0.03000,FL,1,32,30.60000
42.6080,988,28,30,0.03000,BL,0,25,30.39000
42.6080,988,28,30,0.03000,FR,0,17,30.15000
42.6080,988,28,30,0.03000,BR,0,10,29.94000
42.6200,988,28,30,0.03000,FL,0,2,29.70000
42.6200,988,28,30,0.03000,FL,1,32,30.60000
42.6200,988,28,30,0.03000,BL,0,25,30.39000
42.6200,988,28,30,0.03000,FR,0,17,30.15000
42.6200,988,28,30,0.03000,BR,0,10,29.94000
42.6300,989,29,30,0.03000,FL,0,1,29.70000
42.6300,989,29,30,0.03000,FL,1,31,30.60000
42.6300,989,29,30,0.03000,BL,0,24,30.39000
42.6300,989,29,30,0.03000,FR,0,16,30.15000
42.6300,989,29,30,0.03000,BR,0,9,29.94000
42.6300,989,29,30,0.03000,BR,1,39,30.84000
42.6420,989,29,30,0.03000,FL,0,1,29.70000
42.6420,989,29,30,0.03000,FL,1,31,30.60000
42.6420,989,29,30,0.03000,BL,0,24,30.39000
42.6420,989,29,30,0.03000,FR,0,16,30.15000
42.6420,989,29,30,0.03000,BR,0,9,29.94000
42.6420,989,29,30,0.03000,BR,1,39,30.84000
42.6560,989,29,30,0.03000,FL,0,1,29.70000
42.6560,989,29,30,0.03000,FL,1,31,30.60000
42.6560,989,29,30,0.03000,BL,0,24,30.39000
42.6560,989,29,30,0.03000,FR,0,16,30.15000
42.6560,989,29,30,0.03000,BR,0,9,29.94000
42.6560,989,29,30,0.03000,BR,1,39,30.84000
42.6660,990,0,30,0.03000,FL,0,30,30.60000
42.6660,990,0,30,0.03000,BL,0,23,30.39000
42.6660,990,0,30,0.03000,FR,0,15,30.15000
42.6660,990,0,30,0.03000,BR,0,8,29.94000
42.6660,990,0,30,0.03000,BR,1,38,30.84000
42.6940,991,1,30,0.03000,FL,0,29,30.60000
42.6940,991,1,30,0.03000,BL,0,22,30.39000
42.6940,991,1,30,0.03000,FR,0,14,30.15000
42.6940,991,1,30,0.03000,BR,0,7,29.94000
42.6940,991,1,30,0.03000,BR,1,37,30.84000
42.7080,991,1,30,0.03000,FL,0,29,30.60000
42.7080,991,1,30,0.03000,BL,0,22,30.39000
42.7080,991,1,30,0.03000,FR,0,14,30.15000
42.7080,991,1,30,0.03000,BR,0,7,29.94000
42.7080,991,1,30,0.03000,BR,1,37,30.84000
42.7200,992,2,30,0.03000,FL,0,28,30.60000
42.7200,992,2,30,0.03000,BL,0,21,30.39000
42.7200,992,2,30,0.03000,FR,0,13,30.15000
42.7200,992,2,30,0.03000,BR,0,6,29.94000
42.7200,992,2,30,0.03000,BR,1,36,30.84000
42.7320,992,2,30,0.03000,FL,0,28,30.60000
42.7320,992,2,30,0.03000,BL,0,21,30.39000
42.7320,992,2,30,0.03000,FR,0,13,30.15000
42.7320,992,2,30,0.03000,BR,0,6,29.94000
42.7320,992,2,30,0.03000,BR,1,36,30.84000
42.7400,992,2,30,0.03000,FL,0,28,30.60000
42.7400,992,2,30,0.03000,BL,0,21,30.39000
42.7400,992,2,30,0.03000,FR,0,13,30.15000
42.7400,992,2,30,0.03000,BR,0,6,29.94000
42.7400,992,2,30,0.03000,BR,1,36,30.84000
42.7540,993,3,30,0.03000,FL,0,27,30.60000
42.7540,993,3,30,0.03000,BL,0,20,30.39000
42.7540,993,3,30,0.03000,FR,0,12,30.15000
42.7540,993,3,30,0.03000,BR,0,5,29.94000
42.7540,993,3,30,0.03000,BR,1,35,30.84000
42.7660,993,3,30,0.03000,FL,0,27,30.60000
42.7660,993,3,30,0.03000,BL,0,20,30.39000
42.7660,993,3,30,0.03000,FR,0,12,30.15000
42.7660,993,3,30,0.03000,BR,0,5,29.94000
42.7660,993,3,30,0.03000,BR,1,35,30.84000
42.7760,993,3,30,0.03000,FL,0,27,30.60000
42.7760,993,3,30,0.03000,BL,0,20,30.39000
42.7760,993,3,30,0.03000,FR,0,12,30.15000
42.7760,993,3,30,0.03000,BR,0,5,29.94000
42.7760,993,3,30,0.03000,BR,1,35,30.84000
42.7880,994,4,30,0.03000,FL,0,26,30.60000
42.7880,994,4,30,0.03000,BL,0,19,30.39000
42.7880,994,4,30,0.03000,FR,0,11,30.15000
42.7880,994,4,30,0.03000,BR,0,4,29.94000
42.7880,994,4,30,0.03000,BR,1,34,30.84000
42.7980,994,4,30,0.03000,FL,0,26,30.60000
42.7980,994,4,30,0.03000,BL,0,19,30.39000
42.7980,994,4,30,0.03000,FR,0,11,30.15000
42.7980,994,4,30,0.03000,BR,0,4,29.94000
42.7980,994,4,30,0.03000,BR,1,34,30.84000
42.8060,994,4,30,0.03000,FL,0,26,30.60000
42.8060,994,4,30,0.03000,BL,0,19,30.39000
42.8060,994,4,30,0.03000,FR,0,11,30.15000
42.8060,994,4,30,0.03000,BR,0,4,29.94000
42.8060,994,4,30,0.03000,BR,1,34,30.84000
