time,current_plan_index,leg,touchdown_index,hip_x,hip_y,hip_z,n_in_reach,n_safe,n_valid,min_valid_reach_dist,sel_x,sel_y,sel_in_reach,sel_passes_all,ik_max_reach
27.4680,222,FL,18,0.20026,0.14149,0.30057,134,134,134,0.27946,0.20599,0.14149,1,1,0.450
27.4680,222,BL,11,-0.19375,0.14200,0.30281,134,134,134,0.28170,-0.18812,0.14200,1,1,0.450
27.4680,222,FR,3,0.18591,-0.14249,0.31258,131,131,131,0.29144,0.18803,-0.14249,1,1,0.450
27.4680,222,BR,26,-0.17941,-0.14202,0.30008,134,134,134,0.27898,-0.17236,-0.14203,1,1,0.450
27.5260,224,FL,16,0.20453,0.13148,0.30131,134,134,134,0.28021,0.24769,0.16107,1,1,0.450
27.5280,224,BL,9,-0.18913,0.12009,0.30979,131,131,131,0.28866,-0.20701,0.13078,1,1,0.450
27.5280,224,FR,1,0.18767,-0.14479,0.31554,130,130,130,0.29439,0.20980,-0.16335,1,1,0.450
27.5280,224,BR,24,-0.15671,-0.13424,0.30053,134,134,134,0.27943,-0.16797,-0.13499,1,1,0.450
27.5440,225,FL,15,0.21400,0.14218,0.29944,134,134,134,0.27834,0.27929,0.16306,1,1,0.450
27.5440,225,BL,8,-0.20424,0.13682,0.30067,134,134,134,0.27957,-0.20162,0.13507,1,1,0.450
27.5440,225,FR,30,0.25760,-0.14139,0.29986,134,134,134,0.27876,0.28806,-0.15087,1,1,0.450
27.5440,225,BR,23,-0.14758,-0.13337,0.29982,134,134,134,0.27872,-0.15267,-0.12755,1,1,0.450
27.5720,226,FL,14,0.21234,0.14985,0.29896,134,134,134,0.27786,0.29934,0.16340,1,1,0.450
27.5720,226,BL,7,-0.21292,0.14654,0.29853,134,134,134,0.27744,-0.20714,0.14733,1,1,0.450
27.5720,226,FR,29,0.27561,-0.14066,0.29989,134,134,134,0.27879,0.32378,-0.15480,1,1,0.450
27.5720,226,BR,22,-0.13554,-0.13005,0.29943,134,134,134,0.27833,-0.12475,-0.12995,1,1,0.450
27.5920,227,FL,13,0.21225,0.15460,0.29904,134,134,134,0.27794,0.31219,0.16363,1,1,0.450
27.5920,227,BL,6,-0.21583,0.15191,0.29800,134,134,134,0.27690,-0.20928,0.15769,1,1,0.450
27.5920,227,FR,28,0.28968,-0.14081,0.29997,134,134,134,0.27886,0.34851,-0.15615,1,1,0.450
27.5920,227,BR,21,-0.12707,-0.12797,0.29910,134,134,134,0.27800,-0.10481,-0.13231,1,1,0.450
27.6040,227,FL,13,0.21268,0.15886,0.29897,134,134,134,0.27787,0.32252,0.16423,1,1,0.450
27.6040,227,BL,6,-0.21768,0.15643,0.29760,134,134,134,0.27650,-0.20907,0.16598,1,1,0.450
27.6040,227,FR,28,0.30160,-0.14023,0.29999,134,134,134,0.27889,0.37126,-0.15620,1,1,0.450
27.6040,227,BR,21,-0.11996,-0.12557,0.29887,134,134,134,0.27777,-0.08675,-0.13242,1,1,0.450
27.6160,227,FL,13,0.21614,0.15986,0.29877,134,134,134,0.27767,0.33160,0.16440,1,1,0.450
27.6160,227,BL,6,-0.21641,0.15701,0.29706,134,134,134,0.27597,-0.20436,0.16872,1,1,0.450
27.6160,227,FR,28,0.31285,-0.13996,0.30003,134,134,134,0.27893,0.38748,-0.15580,1,1,0.450
27.6160,227,BR,21,-0.11221,-0.12535,0.29874,134,134,134,0.27765,-0.07252,-0.13288,1,1,0.450
27.6260,228,FL,12,0.21976,0.15978,0.29873,134,134,134,0.27763,0.33904,0.16497,1,1,0.450
27.6260,228,BL,5,-0.21484,0.15628,0.29704,134,134,134,0.27595,-0.19891,0.16836,1,1,0.450
27.6260,228,FR,27,0.32251,-0.13957,0.30004,134,134,134,0.27894,0.39866,-0.15598,1,1,0.450
27.6260,228,BR,20,-0.10555,-0.12529,0.29875,134,134,134,0.27766,-0.06374,-0.13362,1,1,0.450
27.6340,228,FL,12,0.22177,0.16050,0.29850,134,134,134,0.27740,0.34499,0.16701,1,1,0.450
27.6340,228,BL,5,-0.21383,0.15543,0.29690,134,134,134,0.27581,-0.19440,0.16771,1,1,0.450
27.6340,228,FR,27,0.33113,-0.13855,0.30000,134,134,134,0.27890,0.41650,-0.15553,1,1,0.450
27.6360,228,BR,20,-0.10033,-0.12377,0.29865,134,134,134,0.27756,-0.05050,-0.13261,1,1,0.450
27.6460,228,FL,12,0.22355,0.16090,0.29889,134,134,134,0.27779,0.35051,0.16763,1,1,0.450
27.6460,228,BL,5,-0.21375,0.15521,0.29762,134,134,134,0.27652,-0.19148,0.16795,1,1,0.450
27.6460,228,FR,27,0.33861,-0.13785,0.30006,134,134,134,0.27896,0.42772,-0.15461,1,1,0.450
27.6460,228,BR,20,-0.09544,-0.12375,0.29866,134,134,134,0.27757,-0.04101,-0.13239,1,1,0.450
27.6540,229,FL,11,0.22451,0.16102,0.29920,134,134,134,0.27810,0.35561,0.16842,1,1,0.450
27.6540,229,BL,4,-0.21361,0.15444,0.29847,134,134,134,0.27737,-0.18821,0.16759,1,1,0.450
27.6560,229,FR,26,0.34414,-0.13718,0.30008,134,134,134,0.27898,0.43459,-0.15456,1,1,0.450
27.6560,229,BR,19,-0.09214,-0.12363,0.29873,134,134,134,0.27763,-0.03597,-0.13288,1,1,0.450
27.6640,229,FL,11,0.22225,0.16187,0.29905,134,134,134,0.27796,0.35027,0.17076,1,1,0.450
27.6640,229,BL,4,-0.21402,0.15358,0.29880,134,134,134,0.27770,-0.19122,0.16668,1,1,0.450
27.6640,229,FR,26,0.34216,-0.13582,0.30004,134,134,134,0.27893,0.43593,-0.15382,1,1,0.450
27.6640,229,BR,19,-0.09475,-0.12203,0.29863,134,134,134,0.27754,-0.03656,-0.13167,1,1,0.450
27.6760,229,FL,11,0.22328,0.16146,0.29931,134,134,134,0.27821,0.35452,0.17145,1,1,0.450
27.6760,229,BL,4,-0.21392,0.15246,0.29966,134,134,134,0.27856,-0.18839,0.16526,1,1,0.450
27.6760,229,FR,26,0.34683,-0.13507,0.30006,134,134,134,0.27896,0.44529,-0.15275,1,1,0.450
27.6760,229,BR,19,-0.09193,-0.12223,0.29868,134,134,134,0.27758,-0.02951,-0.13106,1,1,0.450
27.6860,230,FL,10,0.22164,0.16108,0.29964,134,134,134,0.27854,0.34870,0.17228,1,1,0.450
27.6860,230,BL,3,-0.21395,0.15133,0.30076,134,134,134,0.27965,-0.19165,0.16345,1,1,0.450
27.6860,230,FR,25,0.34377,-0.13438,0.30008,134,134,134,0.27898,0.43661,-0.15269,1,1,0.450
27.6860,230,BR,18,-0.09478,-0.12228,0.29877,134,134,134,0.27767,-0.03817,-0.13146,1,1,0.450
27.6980,230,FL,10,0.22126,0.16198,0.29964,134,134,134,0.27854,0.35103,0.17477,1,1,0.450
27.6980,230,BL,3,-0.21408,0.15057,0.30134,134,134,134,0.28023,-0.18977,0.16261,1,1,0.450
27.6980,230,FR,25,0.34727,-0.13278,0.30001,134,134,134,0.27890,0.44944,-0.15173,1,1,0.450
27.6980,230,BR,18,-0.09360,-0.12055,0.29875,134,134,134,0.27765,-0.02987,-0.12988,1,1,0.450
27.7080,230,FL,10,0.21943,0.16166,0.30007,134,134,134,0.27897,0.34510,0.17524,1,1,0.450
27.7080,230,BL,3,-0.21418,0.14973,0.30243,134,134,134,0.28132,-0.19342,0.16136,1,1,0.450
27.7100,230,FR,25,0.34393,-0.13224,0.30006,134,134,134,0.27896,0.44456,-0.15091,1,1,0.450
27.7100,230,BR,18,-0.09669,-0.12081,0.29879,134,134,134,0.27769,-0.03462,-0.12954,1,1,0.450
27.7220,231,FL,9,0.21926,0.16192,0.30019,134,134,134,0.27909,0.34711,0.17608,1,1,0.450
27.7220,231,BL,2,-0.21445,0.14952,0.30282,134,134,134,0.28170,-0.19276,0.16113,1,1,0.450
27.7220,231,FR,24,0.34630,-0.13151,0.30006,134,134,134,0.27896,0.44651,-0.15093,1,1,0.450
27.7220,231,BR,17,-0.09575,-0.12048,0.29887,134,134,134,0.27777,-0.03062,-0.12891,1,1,0.450
27.7360,231,FL,9,0.21688,0.16273,0.30045,134,134,134,0.27934,0.34003,0.17822,1,1,0.450
27.7360,231,BL,2,-0.21410,0.14878,0.30379,134,134,134,0.28268,-0.19587,0.16062,1,1,0.450
27.7360,231,FR,24,0.34239,-0.13030,0.30001,134,134,134,0.27890,0.44641,-0.15046,1,1,0.450
27.7360,231,BR,17,-0.10002,-0.11877,0.29887,134,134,134,0.27777,-0.03725,-0.12862,1,1,0.450
27.7480,232,FL,8,0.21578,0.16314,0.30071,134,134,134,0.27960,0.33851,0.17888,1,1,0.450
27.7500,232,BL,1,-0.21440,0.14885,0.30421,134,134,134,0.28309,-0.19801,0.16148,1,1,0.450
27.7500,232,FR,23,0.34232,-0.12973,0.30005,134,134,134,0.27895,0.44412,-0.15076,1,1,0.450
27.7500,232,BR,16,-0.10112,-0.11835,0.29896,134,134,134,0.27786,-0.03725,-0.12793,1,1,0.450
27.7720,233,FL,7,0.21428,0.16447,0.30063,134,134,134,0.27952,0.33619,0.18090,1,1,0.450
27.7720,233,BL,30,0.01364,0.14601,0.29979,134,134,134,0.27868,0.07176,0.14794,1,1,0.450
27.7720,233,FR,22,0.34216,-0.12871,0.30003,134,134,134,0.27893,0.44225,-0.15545,1,1,0.450
27.7720,233,BR,15,-0.10289,-0.11607,0.29893,134,134,134,0.27783,-0.03749,-0.12678,1,1,0.450
27.7820,233,FL,7,0.21183,0.16608,0.29951,134,134,134,0.27841,0.32951,0.18338,1,1,0.450
27.7820,233,BL,30,0.01064,0.14652,0.29982,134,134,134,0.27871,0.06894,0.14261,1,1,0.450
27.7820,233,FR,22,0.33755,-0.12725,0.29985,134,134,134,0.27875,0.44243,-0.15697,1,1,0.450
27.7820,233,BR,15,-0.10832,-0.11299,0.29881,134,134,134,0.27771,-0.04321,-0.12504,1,1,0.450
27.7920,233,FL,7,0.21107,0.16629,0.29966,134,134,134,0.27856,0.32931,0.18365,1,1,0.450
27.7920,233,BL,30,0.01164,0.14717,0.29982,134,134,134,0.27872,0.07314,0.14305,1,1,0.450
27.7920,233,FR,22,0.33699,-0.12687,0.29986,134,134,134,0.27876,0.44437,-0.15630,1,1,0.450
27.7920,233,BR,15,-0.10944,-0.11239,0.29866,134,134,134,0.27756,-0.04309,-0.12427,1,1,0.450
27.8020,234,FL,6,0.21018,0.16633,0.29973,134,134,134,0.27863,0.32598,0.18403,1,1,0.450
27.8020,234,BL,29,0.00845,0.14759,0.29982,134,134,134,0.27871,0.06654,0.14356,1,1,0.450
27.8020,234,FR,21,0.33374,-0.12667,0.29988,134,134,134,0.27878,0.43732,-0.15602,1,1,0.450
27.8020,234,BR,14,-0.11209,-0.11207,0.29874,134,134,134,0.27764,-0.04696,-0.12383,1,1,0.450
27.8120,234,FL,6,0.20878,0.16714,0.29949,134,134,134,0.27839,0.32121,0.18555,1,1,0.450
27.8120,234,BL,29,0.00535,0.14733,0.29981,134,134,134,0.27871,0.06327,0.13978,1,1,0.450
27.8120,234,FR,21,0.33078,-0.12571,0.29983,134,134,134,0.27873,0.43739,-0.15761,1,1,0.450
27.8120,234,BR,14,-0.11507,-0.11025,0.29872,134,134,134,0.27763,-0.05189,-0.12283,1,1,0.450
27.8220,234,FL,6,0.20789,0.16700,0.29957,134,134,134,0.27847,0.32102,0.18564,1,1,0.450
27.8220,234,BL,29,0.00646,0.14764,0.29982,134,134,134,0.27872,0.06716,0.13998,1,1,0.450
27.8220,234,FR,21,0.33075,-0.12532,0.29984,134,134,134,0.27874,0.43966,-0.15685,1,1,0.450
27.8220,234,BR,14,-0.11577,-0.11028,0.29877,134,134,134,0.27768,-0.05113,-0.12241,1,1,0.450
27.8320,235,FL,5,0.20737,0.16712,0.29954,134,134,134,0.27844,0.31786,0.18611,1,1,0.450
27.8320,235,BL,28,0.00386,0.14803,0.29982,134,134,134,0.27872,0.06055,0.14077,1,1,0.450
27.8320,235,FR,20,0.32821,-0.12500,0.29985,134,134,134,0.27875,0.43275,-0.15614,1,1,0.450
27.8320,235,BR,13,-0.11777,-0.10993,0.29888,134,134,134,0.27778,-0.05491,-0.12207,1,1,0.450
27.8400,235,FL,5,0.20688,0.16766,0.29943,134,134,134,0.27832,0.31726,0.18735,1,1,0.450
27.8420,235,BL,28,0.00476,0.14778,0.29982,134,134,134,0.27871,0.06556,0.13835,1,1,0.450
27.8420,235,FR,20,0.32830,-0.12397,0.29981,134,134,134,0.27871,0.43909,-0.15709,1,1,0.450
27.8420,235,BR,13,-0.11862,-0.10820,0.29892,134,134,134,0.27782,-0.05475,-0.12097,1,1,0.450
27.8520,235,FL,5,0.20611,0.16742,0.29960,134,134,134,0.27850,0.31481,0.18730,1,1,0.450
27.8520,235,BL,28,0.00306,0.14811,0.29982,134,134,134,0.27871,0.06377,0.13868,1,1,0.450
27.8520,235,FR,20,0.32654,-0.12375,0.29986,134,134,134,0.27876,0.43663,-0.15648,1,1,0.450
27.8520,235,BR,13,-0.12009,-0.10834,0.29897,134,134,134,0.27787,-0.05728,-0.12069,1,1,0.450
27.8600,235,FL,5,0.20528,0.16697,0.30030,134,134,134,0.27920,0.31412,0.18715,1,1,0.450
27.8600,235,BL,28,0.00375,0.14849,0.29982,134,134,134,0.27872,0.06633,0.13910,1,1,0.450
27.8600,235,FR,20,0.32631,-0.12346,0.29992,134,134,134,0.27882,0.43824,-0.15602,1,1,0.450
27.8600,235,BR,13,-0.12098,-0.10832,0.29928,134,134,134,0.27818,-0.05686,-0.12012,1,1,0.450
27.8700,236,FL,4,0.20495,0.16667,0.30069,134,134,134,0.27959,0.31207,0.18699,1,1,0.450
27.8720,236,BL,27,0.00237,0.14875,0.29983,134,134,134,0.27872,0.06104,0.13995,1,1,0.450
27.8720,236,FR,19,0.32495,-0.12329,0.29996,134,134,134,0.27885,0.43276,-0.15516,1,1,0.450
27.8720,236,BR,12,-0.12208,-0.10836,0.29945,134,134,134,0.27835,-0.05905,-0.11981,1,1,0.450
27.8800,236,FL,4,0.20475,0.16675,0.30115,134,134,134,0.28004,0.31212,0.18774,1,1,0.450
27.8800,236,BL,27,0.00359,0.14859,0.29982,134,134,134,0.27872,0.06676,0.13848,1,1,0.450
27.8800,236,FR,19,0.32555,-0.12224,0.29996,134,134,134,0.27886,0.43950,-0.15562,1,1,0.450
27.8800,236,BR,12,-0.12240,-0.10685,0.29968,134,134,134,0.27858,-0.05833,-0.11857,1,1,0.450
27.8900,236,FL,4,0.20369,0.16601,0.30182,134,134,134,0.28071,0.30939,0.18708,1,1,0.450
27.8900,236,BL,27,0.00203,0.14896,0.29982,134,134,134,0.27872,0.06525,0.13896,1,1,0.450
27.8900,236,FR,19,0.32386,-0.12212,0.30006,134,134,134,0.27896,0.43738,-0.15493,1,1,0.450
27.8920,236,BR,12,-0.12406,-0.10730,0.29983,134,134,134,0.27873,-0.06047,-0.11819,1,1,0.450
27.9000,237,FL,3,0.20414,0.16553,0.30259,134,134,134,0.28148,0.31040,0.18665,1,1,0.450
27.9000,237,BL,26,0.00361,0.14942,0.29983,134,134,134,0.27873,0.06479,0.14010,1,1,0.450
27.9000,237,FR,18,0.32470,-0.12181,0.30012,134,134,134,0.27902,0.43610,-0.15379,1,1,0.450
27.9000,237,BR,11,-0.12364,-0.10729,0.30016,134,134,134,0.27906,-0.05919,-0.11755,1,1,0.450
27.9120,237,FL,3,0.20296,0.16495,0.30312,134,134,134,0.28200,0.30755,0.18647,1,1,0.450
27.9120,237,BL,26,0.00220,0.14915,0.29983,134,134,134,0.27873,0.06625,0.13913,1,1,0.450
27.9120,237,FR,18,0.32342,-0.12106,0.30015,134,134,134,0.27905,0.43907,-0.15408,1,1,0.450
27.9120,237,BR,11,-0.12544,-0.10635,0.30043,134,134,134,0.27933,-0.06127,-0.11643,1,1,0.450
27.9220,238,FL,2,0.20274,0.16420,0.30390,134,134,134,0.28279,0.30749,0.18582,1,1,0.450
27.9220,238,BL,25,0.00343,0.14980,0.29983,134,134,134,0.27873,0.06530,0.14055,1,1,0.450
27.9220,238,FR,17,0.32381,-0.12073,0.30027,134,134,134,0.27917,0.44049,-0.15313,1,1,0.450
27.9220,238,BR,10,-0.12555,-0.10665,0.30067,134,134,134,0.27956,-0.06063,-0.11573,1,1,0.450
27.9360,238,FL,2,0.20339,0.16408,0.30411,134,134,134,0.28300,0.30879,0.18598,1,1,0.450
27.9360,238,BL,25,0.00513,0.14984,0.29982,134,134,134,0.27872,0.07174,0.14023,1,1,0.450
27.9360,238,FR,17,0.32508,-0.11970,0.30029,134,134,134,0.27919,0.44394,-0.15245,1,1,0.450
27.9360,238,BR,10,-0.12501,-0.10537,0.30093,134,134,134,0.27982,-0.05927,-0.11436,1,1,0.450
27.9480,238,FL,2,0.20237,0.16290,0.30470,134,134,134,0.28359,0.30724,0.18503,1,1,0.450
27.9480,238,BL,25,0.00438,0.15075,0.29981,134,134,134,0.27871,0.07112,0.14142,1,1,0.450
27.9480,238,FR,17,0.32423,-0.11927,0.30040,134,134,134,0.27930,0.44274,-0.15110,1,1,0.450
27.9480,238,BR,10,-0.12605,-0.10586,0.30104,134,134,134,0.27993,-0.06011,-0.11333,1,1,0.450
27.9580,239,FL,1,0.20244,0.16251,0.30504,133,133,133,0.28392,0.30880,0.18507,1,1,0.450
27.9580,239,BL,24,0.00608,0.15170,0.29981,134,134,134,0.27871,0.07017,0.14327,1,1,0.450
27.9580,239,FR,16,0.32538,-0.11853,0.30044,134,134,134,0.27934,0.44876,-0.15056,1,1,0.450
27.9580,239,BR,9,-0.12540,-0.10556,0.30118,134,134,134,0.28008,-0.05842,-0.11211,1,1,0.450
27.9700,239,FL,1,0.20232,0.16219,0.30509,133,133,133,0.28397,0.30829,0.18494,1,1,0.450
27.9700,239,BL,24,0.00621,0.15178,0.29980,134,134,134,0.27870,0.07361,0.14318,1,1,0.450
27.9700,239,FR,16,0.32558,-0.11760,0.30046,134,134,134,0.27936,0.44975,-0.14965,1,1,0.450
27.9700,239,BR,9,-0.12571,-0.10460,0.30118,134,134,134,0.28008,-0.05877,-0.11069,1,1,0.450
27.9800,239,FL,1,0.20290,0.16196,0.30533,133,133,133,0.28421,0.31116,0.18645,1,1,0.450
27.9800,239,BL,24,0.00912,0.15378,0.29978,134,134,134,0.27868,0.07790,0.14538,1,1,0.450
27.9800,239,FR,16,0.32797,-0.11598,0.30056,134,134,134,0.27946,0.45288,-0.14745,1,1,0.450
27.9800,239,BR,9,-0.12365,-0.10356,0.30128,134,134,134,0.28017,-0.05551,-0.10837,1,1,0.450
27.9900,240,FL,30,0.45667,0.16086,0.30001,134,134,134,0.27891,0.55450,0.17106,1,1,0.450
27.9900,240,BL,23,0.01004,0.15523,0.29976,134,134,134,0.27866,0.07467,0.14758,1,1,0.450
27.9900,240,FR,15,0.32891,-0.11481,0.30063,134,134,134,0.27953,0.45345,-0.14585,1,1,0.450
27.9900,240,BR,8,-0.12278,-0.10294,0.30115,134,134,134,0.28004,-0.05457,-0.10651,1,1,0.450
28.0100,240,FL,30,0.45841,0.16169,0.30001,134,134,134,0.27890,0.56789,0.17260,1,1,0.450
28.0100,240,BL,23,0.01138,0.15568,0.29980,134,134,134,0.27869,0.08258,0.14835,1,1,0.450
28.0100,240,FR,15,0.32996,-0.11373,0.30055,134,134,134,0.27944,0.45555,-0.14490,1,1,0.450
28.0100,240,BR,8,-0.12254,-0.10174,0.30103,134,134,134,0.27992,-0.05325,-0.10477,1,1,0.450
28.0180,241,FL,29,0.46154,0.16433,0.30003,134,134,134,0.27893,0.56728,0.17557,1,1,0.450
28.0180,241,BL,22,0.01398,0.15843,0.29977,134,134,134,0.27867,0.08219,0.15231,1,1,0.450
28.0200,241,FR,14,0.33127,-0.11232,0.30070,134,134,134,0.27959,0.45897,-0.14152,1,1,0.450
28.0200,241,BR,7,-0.12272,-0.10195,0.30140,134,134,134,0.28029,-0.05086,-0.10230,1,1,0.450
28.0280,241,FL,29,0.46210,0.16481,0.30002,134,134,134,0.27892,0.57582,0.17644,1,1,0.450
28.0280,241,BL,22,0.01437,0.15840,0.29975,134,134,134,0.27865,0.08741,0.15268,1,1,0.450
28.0280,241,FR,14,0.33137,-0.11207,0.30067,134,134,134,0.27957,0.45992,-0.14096,1,1,0.450
28.0280,241,BR,7,-0.12323,-0.10174,0.30115,134,134,134,0.28004,-0.05120,-0.10142,1,1,0.450
28.0420,242,FL,28,0.46458,0.16589,0.30005,134,134,134,0.27895,0.57407,0.17803,1,1,0.450
28.0420,242,BL,21,0.01641,0.15966,0.29970,134,134,134,0.27860,0.08578,0.15502,1,1,0.450
28.0420,242,FR,13,0.33236,-0.11171,0.30075,134,134,134,0.27964,0.46219,-0.13957,1,1,0.450
28.0420,242,BR,6,-0.12299,-0.10190,0.30107,134,134,134,0.27997,-0.05000,-0.10055,1,1,0.450
28.0520,242,FL,28,0.46625,0.16651,0.30003,134,134,134,0.27893,0.58338,0.17897,1,1,0.450
28.0520,242,BL,21,0.01761,0.15997,0.29969,134,134,134,0.27859,0.09212,0.15559,1,1,0.450
28.0520,242,FR,13,0.33298,-0.11132,0.30068,134,134,134,0.27957,0.46427,-0.13888,1,1,0.450
28.0520,242,BR,6,-0.12301,-0.10151,0.30079,134,134,134,0.27968,-0.04916,-0.09938,1,1,0.450
28.0640,242,FL,28,0.46652,0.16727,0.30006,134,134,134,0.27895,0.58334,0.17958,1,1,0.450
28.0640,242,BL,21,0.01780,0.16094,0.29967,134,134,134,0.27857,0.09252,0.15685,1,1,0.450
28.0640,242,FR,13,0.33286,-0.11092,0.30085,134,134,134,0.27975,0.46406,-0.13796,1,1,0.450
28.0660,242,BR,6,-0.12301,-0.10136,0.30110,134,134,134,0.27999,-0.04941,-0.09851,1,1,0.450
28.0760,243,FL,27,0.46758,0.16810,0.30006,134,134,134,0.27896,0.58017,0.18107,1,1,0.450
28.0760,243,BL,20,0.01860,0.16191,0.29971,134,134,134,0.27861,0.08907,0.15874,1,1,0.450
28.0760,243,FR,12,0.33320,-0.11033,0.30099,134,134,134,0.27989,0.46508,-0.13702,1,1,0.450
28.0780,243,BR,5,-0.12298,-0.10094,0.30157,134,134,134,0.28046,-0.04882,-0.09734,1,1,0.450
28.0860,243,FL,27,0.46759,0.16843,0.30003,134,134,134,0.27892,0.58645,0.18181,1,1,0.450
28.0860,243,BL,20,0.01840,0.16190,0.29972,134,134,134,0.27862,0.09287,0.15896,1,1,0.450
28.0860,243,FR,12,0.33294,-0.11009,0.30107,134,134,134,0.27997,0.46509,-0.13675,1,1,0.450
28.0880,243,BR,5,-0.12328,-0.10046,0.30184,134,134,134,0.28074,-0.04949,-0.09649,1,1,0.450
28.0980,243,FL,27,0.46774,0.16899,0.30006,134,134,134,0.27895,0.58704,0.18225,1,1,0.450
28.0980,243,BL,20,0.01829,0.16272,0.29972,134,134,134,0.27862,0.09350,0.15993,1,1,0.450
28.0980,243,FR,12,0.33245,-0.10969,0.30131,134,134,134,0.28020,0.46491,-0.13605,1,1,0.450
28.0980,243,BR,5,-0.12372,-0.10019,0.30239,134,134,134,0.28128,-0.04972,-0.09556,1,1,0.450
28.1060,244,FL,26,0.46745,0.16975,0.30006,134,134,134,0.27896,0.58164,0.18367,1,1,0.450
28.1080,244,BL,19,0.01801,0.16376,0.29977,134,134,134,0.27866,0.08805,0.16183,1,1,0.450
28.1080,244,FR,11,0.33212,-0.10902,0.30151,134,134,134,0.28040,0.46415,-0.13518,1,1,0.450
28.1080,244,BR,4,-0.12383,-0.09956,0.30308,134,134,134,0.28197,-0.05029,-0.09417,1,1,0.450
28.1180,244,FL,26,0.46799,0.16974,0.30001,134,134,134,0.27891,0.58881,0.18416,1,1,0.450
28.1180,244,BL,19,0.01815,0.16340,0.29978,134,134,134,0.27868,0.09256,0.16176,1,1,0.450
28.1180,244,FR,11,0.33214,-0.10906,0.30161,134,134,134,0.28051,0.46479,-0.13534,1,1,0.450
28.1180,244,BR,4,-0.12393,-0.09915,0.30336,134,134,134,0.28225,-0.05023,-0.09360,1,1,0.450
28.1260,244,FL,26,0.46748,0.17058,0.30005,134,134,134,0.27894,0.58807,0.18481,1,1,0.450
28.1260,244,BL,19,0.01762,0.16467,0.29980,134,134,134,0.27870,0.09212,0.16310,1,1,0.450
28.1260,244,FR,11,0.33144,-0.10840,0.30195,134,134,134,0.28085,0.46359,-0.13428,1,1,0.450
28.1280,244,BR,4,-0.12414,-0.09865,0.30412,134,134,134,0.28300,-0.05125,-0.09225,1,1,0.450
28.1360,245,FL,25,0.46815,0.17125,0.30005,134,134,134,0.27894,0.58412,0.18622,1,1,0.450
28.1360,245,BL,18,0.01811,0.16554,0.29984,134,134,134,0.27874,0.08788,0.16497,1,1,0.450
28.1360,245,FR,10,0.33163,-0.10789,0.30209,134,134,134,0.28098,0.46403,-0.13354,1,1,0.450
28.1360,245,BR,3,-0.12388,-0.09815,0.30450,134,134,134,0.28338,-0.05110,-0.09116,1,1,0.450
28.1460,245,FL,25,0.46761,0.17139,0.29999,134,134,134,0.27888,0.58943,0.18693,1,1,0.450
28.1460,245,BL,18,0.01736,0.16531,0.29986,134,134,134,0.27875,0.09089,0.16521,1,1,0.450
28.1460,245,FR,10,0.33111,-0.10801,0.30224,134,134,134,0.28113,0.46324,-0.13356,1,1,0.450
28.1460,245,BR,3,-0.12405,-0.09790,0.30469,134,134,134,0.28357,-0.05201,-0.09066,1,1,0.450
28.1560,245,FL,25,0.46741,0.17219,0.30003,134,134,134,0.27893,0.58955,0.18760,1,1,0.450
28.1560,245,BL,18,0.01698,0.16630,0.29984,134,134,134,0.27874,0.09105,0.16646,1,1,0.450
28.1560,245,FR,10,0.33050,-0.10769,0.30244,134,134,134,0.28133,0.46261,-0.13263,1,1,0.450
28.1560,245,BR,3,-0.12414,-0.09786,0.30490,133,133,133,0.28378,-0.05284,-0.09004,1,1,0.450
28.1660,246,FL,24,0.46615,0.17281,0.30003,134,134,134,0.27893,0.58299,0.18908,1,1,0.450
28.1660,246,BL,17,0.01578,0.16691,0.29989,134,134,134,0.27879,0.08953,0.16742,1,1,0.450
28.1660,246,FR,9,0.32959,-0.10752,0.30257,134,134,134,0.28146,0.46093,-0.13196,1,1,0.450
28.1660,246,BR,2,-0.12453,-0.09793,0.30511,133,133,133,0.28400,-0.05408,-0.08946,1,1,0.450
28.1760,246,FL,24,0.46586,0.17297,0.29996,134,134,134,0.27886,0.58893,0.18988,1,1,0.450
28.1760,246,BL,17,0.01512,0.16644,0.29989,134,134,134,0.27878,0.08794,0.16868,1,1,0.450
28.1760,246,FR,9,0.32917,-0.10792,0.30265,134,134,134,0.28154,0.46041,-0.13213,1,1,0.450
28.1760,246,BR,2,-0.12449,-0.09797,0.30500,133,133,133,0.28388,-0.05454,-0.08953,1,1,0.450
28.1880,246,FL,24,0.46509,0.17402,0.30001,134,134,134,0.27891,0.58794,0.19100,1,1,0.450
28.1880,246,BL,17,0.01447,0.16748,0.29989,134,134,134,0.27879,0.08697,0.17008,1,1,0.450
28.1900,246,FR,9,0.32883,-0.10754,0.30282,134,134,134,0.28171,0.45931,-0.13100,1,1,0.450
28.1900,246,BR,2,-0.12408,-0.09789,0.30495,133,133,133,0.28383,-0.05551,-0.08915,1,1,0.450
28.2020,247,FL,23,0.46412,0.17502,0.30001,134,134,134,0.27891,0.58199,0.19302,1,1,0.450
28.2020,247,BL,16,0.01351,0.16819,0.29994,134,134,134,0.27884,0.08590,0.17140,1,1,0.450
28.2020,247,FR,8,0.32834,-0.10736,0.30285,134,134,134,0.28174,0.45812,-0.13006,1,1,0.450
28.2020,247,BR,1,-0.12397,-0.09798,0.30485,133,133,133,0.28373,-0.05612,-0.08894,1,1,0.450
28.2260,248,FL,22,0.46209,0.17556,0.29998,134,134,134,0.27888,0.57583,0.19896,1,1,0.450
28.2260,248,BL,15,0.01154,0.16759,0.29998,134,134,134,0.27888,0.08272,0.17235,1,1,0.450
28.2260,248,FR,7,0.32761,-0.10803,0.30287,134,134,134,0.28176,0.45568,-0.13004,1,1,0.450
28.2260,248,BR,30,0.14416,-0.09955,0.29987,134,134,134,0.27876,0.21934,-0.10210,1,1,0.450
28.2360,248,FL,22,0.45905,0.17672,0.29986,134,134,134,0.27876,0.57650,0.20290,1,1,0.450
28.2360,248,BL,15,0.00866,0.16746,0.30006,134,134,134,0.27896,0.07831,0.17402,1,1,0.450
28.2360,248,FR,7,0.32645,-0.10814,0.30266,134,134,134,0.28155,0.45239,-0.12890,1,1,0.450
28.2360,248,BR,30,0.14112,-0.09720,0.29988,134,134,134,0.27878,0.21552,-0.09446,1,1,0.450
28.2460,248,FL,22,0.45833,0.17753,0.29987,134,134,134,0.27877,0.57599,0.20354,1,1,0.450
28.2460,248,BL,15,0.00817,0.16806,0.30009,134,134,134,0.27899,0.07723,0.17522,1,1,0.450
28.2460,248,FR,7,0.32648,-0.10797,0.30298,134,134,134,0.28187,0.45172,-0.12817,1,1,0.450
28.2460,248,BR,30,0.14064,-0.09635,0.29990,134,134,134,0.27880,0.21575,-0.09363,1,1,0.450
28.2560,249,FL,21,0.45770,0.17821,0.29986,134,134,134,0.27876,0.57135,0.20428,1,1,0.450
28.2560,249,BL,14,0.00773,0.16854,0.30014,134,134,134,0.27904,0.07639,0.17624,1,1,0.450
28.2560,249,FR,6,0.32652,-0.10803,0.30286,134,134,134,0.28175,0.45105,-0.12776,1,1,0.450
28.2560,249,BR,29,0.14006,-0.09561,0.29990,134,134,134,0.27880,0.21130,-0.09299,1,1,0.450
28.2660,249,FL,21,0.45626,0.17802,0.29981,134,134,134,0.27870,0.57411,0.20635,1,1,0.450
28.2660,249,BL,14,0.00627,0.16757,0.30018,134,134,134,0.27908,0.07407,0.17636,1,1,0.450
28.2660,249,FR,6,0.32554,-0.10862,0.30269,134,134,134,0.28158,0.44913,-0.12828,1,1,0.450
28.2660,249,BR,29,0.13827,-0.09463,0.29989,134,134,134,0.27879,0.21076,-0.08871,1,1,0.450
28.2760,249,FL,21,0.45573,0.17825,0.29982,134,134,134,0.27872,0.57383,0.20637,1,1,0.450
28.2760,249,BL,14,0.00584,0.16805,0.30016,134,134,134,0.27906,0.07348,0.17703,1,1,0.450
28.2760,249,FR,6,0.32529,-0.10864,0.30269,134,134,134,0.28158,0.44843,-0.12805,1,1,0.450
28.2760,249,BR,29,0.13779,-0.09415,0.29990,134,134,134,0.27880,0.21095,-0.08824,1,1,0.450
28.2860,250,FL,20,0.45472,0.17851,0.29984,134,134,134,0.27874,0.56878,0.20631,1,1,0.450
28.2860,250,BL,13,0.00492,0.16837,0.30028,134,134,134,0.27918,0.07224,0.17752,1,1,0.450
28.2860,250,FR,5,0.32469,-0.10855,0.30294,134,134,134,0.28183,0.44705,-0.12780,1,1,0.450
28.2860,250,BR,28,0.13669,-0.09380,0.29990,134,134,134,0.27880,0.20586,-0.08824,1,1,0.450
28.2960,250,FL,20,0.45412,0.17816,0.29981,134,134,134,0.27870,0.57304,0.20765,1,1,0.450
28.2960,250,BL,13,0.00417,0.16744,0.30046,134,134,134,0.27936,0.07098,0.17736,1,1,0.450
28.2960,250,FR,5,0.32423,-0.10881,0.30322,134,134,134,0.28210,0.44598,-0.12819,1,1,0.450
28.2960,250,BR,28,0.13581,-0.09293,0.29990,134,134,134,0.27880,0.20785,-0.08544,1,1,0.450
28.3060,250,FL,20,0.45316,0.17835,0.29990,134,134,134,0.27879,0.57216,0.20741,1,1,0.450
28.3060,250,BL,13,0.00319,0.16816,0.30065,134,134,134,0.27954,0.07004,0.17760,1,1,0.450
28.3060,250,FR,5,0.32338,-0.10819,0.30405,134,134,134,0.28293,0.44445,-0.12739,1,1,0.450
28.3080,250,BR,28,0.13492,-0.09275,0.29991,134,134,134,0.27881,0.20739,-0.08531,1,1,0.450
28.3160,251,FL,19,0.45209,0.17859,0.29996,134,134,134,0.27885,0.56746,0.20698,1,1,0.450
28.3160,251,BL,12,0.00196,0.16867,0.30094,134,134,134,0.27983,0.06899,0.17778,1,1,0.450
28.3160,251,FR,4,0.32225,-0.10758,0.30489,133,133,133,0.28377,0.44283,-0.12655,1,1,0.450
28.3160,251,BR,27,0.13394,-0.09257,0.29991,134,134,134,0.27881,0.20268,-0.08570,1,1,0.450
28.3260,251,FL,19,0.45200,0.17828,0.29995,134,134,134,0.27885,0.57217,0.20787,1,1,0.450
28.3260,251,BL,12,0.00170,0.16803,0.30128,134,134,134,0.28018,0.06820,0.17750,1,1,0.450
28.3260,251,FR,4,0.32229,-0.10736,0.30562,133,133,133,0.28450,0.44210,-0.12639,1,1,0.450
28.3260,251,BR,27,0.13352,-0.09177,0.29992,134,134,134,0.27881,0.20556,-0.08384,1,1,0.450
28.3360,251,FL,19,0.45148,0.17850,0.30007,134,134,134,0.27897,0.57195,0.20755,1,1,0.450
28.3360,251,BL,12,0.00102,0.16886,0.30149,134,134,134,0.28039,0.06790,0.17759,1,1,0.450
28.3360,251,FR,4,0.32168,-0.10650,0.30660,132,132,132,0.28547,0.44108,-0.12525,1,1,0.450
28.3360,251,BR,27,0.13319,-0.09171,0.29992,134,134,134,0.27882,0.20587,-0.08393,1,1,0.450
28.3480,252,FL,18,0.45105,0.17869,0.30013,134,134,134,0.27903,0.56763,0.20695,1,1,0.450
28.3480,252,BL,11,0.00052,0.16932,0.30179,134,134,134,0.28068,0.06735,0.17768,1,1,0.450
28.3480,252,FR,3,0.32134,-0.10590,0.30749,132,132,132,0.28636,0.44024,-0.12438,1,1,0.450
28.3480,252,BR,26,0.13275,-0.09162,0.29993,134,134,134,0.27883,0.20149,-0.08456,1,1,0.450
28.3560,252,FL,18,0.45033,0.17846,0.30016,134,134,134,0.27905,0.57211,0.20745,1,1,0.450
28.3560,252,BL,11,-0.00079,0.16909,0.30227,134,134,134,0.28116,0.06638,0.17721,1,1,0.450
28.3560,252,FR,3,0.32005,-0.10520,0.30836,131,131,131,0.28723,0.43827,-0.12337,1,1,0.450
28.3560,252,BR,26,0.13187,-0.09094,0.29994,134,134,134,0.27884,0.20439,-0.08334,1,1,0.450
28.3680,252,FL,18,0.45065,0.17845,0.30024,134,134,134,0.27914,0.57240,0.20711,1,1,0.450
28.3680,252,BL,11,-0.00032,0.16933,0.30236,134,134,134,0.28125,0.06668,0.17723,1,1,0.450
28.3680,252,FR,3,0.32056,-0.10492,0.30889,131,131,131,0.28776,0.43888,-0.12326,1,1,0.450
28.3680,252,BR,26,0.13230,-0.09108,0.29993,134,134,134,0.27883,0.20532,-0.08372,1,1,0.450
28.3780,253,FL,17,0.45020,0.17840,0.30028,134,134,134,0.27918,0.57220,0.20677,1,1,0.450
28.3780,253,BL,10,-0.00104,0.16960,0.30249,134,134,134,0.28138,0.06640,0.17693,1,1,0.450
28.3780,253,FR,2,0.31979,-0.10432,0.30917,131,131,131,0.28804,0.43811,-0.12257,1,1,0.450
28.3780,253,BR,25,0.13192,-0.09126,0.29993,134,134,134,0.27883,0.20106,-0.08458,1,1,0.450
28.3880,253,FL,17,0.45044,0.17795,0.30026,134,134,134,0.27916,0.57339,0.20649,1,1,0.450
28.3880,253,BL,10,-0.00121,0.16889,0.30274,134,134,134,0.28162,0.06630,0.17619,1,1,0.450
28.3880,253,FR,2,0.31957,-0.10395,0.30920,131,131,131,0.28807,0.43796,-0.12239,1,1,0.450
28.3880,253,BR,25,0.13200,-0.09085,0.29993,134,134,134,0.27883,0.20491,-0.08390,1,1,0.450
28.3980,253,FL,17,0.45084,0.17770,0.30034,134,134,134,0.27924,0.57386,0.20586,1,1,0.450
28.3980,253,BL,10,-0.00091,0.16893,0.30281,134,134,134,0.28170,0.06704,0.17566,1,1,0.450
28.3980,253,FR,2,0.31947,-0.10353,0.30935,131,131,131,0.28822,0.43871,-0.12243,1,1,0.450
28.3980,253,BR,25,0.13261,-0.09139,0.29991,134,134,134,0.27881,0.20609,-0.08461,1,1,0.450
28.4080,254,FL,16,0.45149,0.17729,0.30036,134,134,134,0.27926,0.57851,0.20590,1,1,0.450
28.4080,254,BL,9,-0.00037,0.16854,0.30283,134,134,134,0.28172,0.06780,0.17483,1,1,0.450
28.4080,254,FR,1,0.31961,-0.10330,0.30925,131,131,131,0.28812,0.43991,-0.12276,1,1,0.450
28.4080,254,BR,24,0.13333,-0.09199,0.29991,134,134,134,0.27880,0.20272,-0.08588,1,1,0.450
28.4180,254,FL,16,0.45329,0.17638,0.30037,134,134,134,0.27927,0.58126,0.20520,1,1,0.450
28.4180,254,BL,9,0.00094,0.16714,0.30297,134,134,134,0.28186,0.06956,0.17324,1,1,0.450
28.4180,254,FR,1,0.32038,-0.10316,0.30905,131,131,131,0.28792,0.44182,-0.12343,1,1,0.450
28.4180,254,BR,24,0.13514,-0.09221,0.29990,134,134,134,0.27880,0.20840,-0.08585,1,1,0.450
28.4280,254,FL,16,0.45339,0.17604,0.30052,134,134,134,0.27941,0.58142,0.20434,1,1,0.450
28.4280,254,BL,9,0.00072,0.16711,0.30300,134,134,134,0.28189,0.07022,0.17214,1,1,0.450
28.4280,254,FR,1,0.31940,-0.10258,0.30937,131,131,131,0.28824,0.44142,-0.12331,1,1,0.450
28.4280,254,BR,24,0.13556,-0.09309,0.29987,134,134,134,0.27877,0.20921,-0.08684,1,1,0.450
28.4420,255,FL,15,0.45470,0.17538,0.30060,134,134,134,0.27950,0.58281,0.20352,1,1,0.450
28.4420,255,BL,8,0.00187,0.16630,0.30294,134,134,134,0.28183,0.07185,0.17059,1,1,0.450
28.4420,255,FR,30,0.58706,-0.10297,0.30002,134,119,108,0.27892,0.69026,-0.11379,1,1,0.450
28.4420,255,BR,23,0.13720,-0.09423,0.29985,134,134,134,0.27874,0.20685,-0.08865,1,1,0.450
28.4620,256,FL,14,0.45681,0.17418,0.30053,134,134,134,0.27943,0.58521,0.20263,1,1,0.450
28.4620,256,BL,7,0.00353,0.16428,0.30310,134,134,134,0.28199,0.07424,0.16804,1,1,0.450
28.4620,256,FR,29,0.58946,-0.10368,0.30001,134,119,108,0.27891,0.69907,-0.11573,1,1,0.450
28.4620,256,BR,22,0.13956,-0.09532,0.29988,134,134,134,0.27878,0.21080,-0.09046,1,1,0.450
28.4720,256,FL,14,0.45836,0.17383,0.30060,134,134,134,0.27950,0.58984,0.20050,1,1,0.450
28.4720,256,BL,7,0.00249,0.16477,0.30299,134,134,134,0.28187,0.07654,0.16622,1,1,0.450
28.4720,256,FR,29,0.59324,-0.10506,0.30003,134,119,108,0.27893,0.71118,-0.11715,1,1,0.450
28.4720,256,BR,22,0.14296,-0.09698,0.29983,134,134,134,0.27873,0.21996,-0.09252,1,1,0.450
28.4820,256,FL,14,0.45784,0.17394,0.30072,134,134,134,0.27961,0.59005,0.19987,1,1,0.450
28.4820,256,BL,7,0.00170,0.16503,0.30317,134,134,134,0.28205,0.07632,0.16565,1,1,0.450
28.4820,256,FR,29,0.59365,-0.10560,0.30005,134,119,108,0.27895,0.71153,-0.11740,1,1,0.450
28.4820,256,BR,22,0.14316,-0.09769,0.29979,134,134,134,0.27869,0.22093,-0.09380,1,1,0.450
28.4920,257,FL,13,0.45798,0.17394,0.30073,134,134,134,0.27962,0.59079,0.19927,1,1,0.450
28.4920,257,BL,6,0.00138,0.16520,0.30313,134,134,134,0.28202,0.07646,0.16517,1,1,0.450
28.4920,257,FR,28,0.59436,-0.10604,0.30006,134,119,108,0.27895,0.70743,-0.11845,1,1,0.450
28.4920,257,BR,21,0.14380,-0.09830,0.29978,134,134,134,0.27867,0.21692,-0.09539,1,1,0.450
28.5020,257,FL,13,0.45822,0.17414,0.30054,134,134,134,0.27944,0.59213,0.19914,1,1,0.450
28.5020,257,BL,6,0.00101,0.16516,0.30259,134,134,134,0.28148,0.07663,0.16474,1,1,0.450
28.5020,257,FR,28,0.59534,-0.10616,0.30003,134,119,108,0.27893,0.71567,-0.11897,1,1,0.450
28.5020,257,BR,21,0.14455,-0.09819,0.29974,134,134,134,0.27864,0.22233,-0.09554,1,1,0.450
28.5160,257,FL,13,0.45826,0.17398,0.30061,134,134,134,0.27950,0.59228,0.19859,1,1,0.450
28.5160,257,BL,6,0.00114,0.16511,0.30256,134,134,134,0.28145,0.07672,0.16420,1,1,0.450
28.5160,257,FR,28,0.59582,-0.10658,0.30006,134,119,108,0.27896,0.71605,-0.11925,1,1,0.450
28.5160,257,BR,21,0.14494,-0.09888,0.29970,134,134,134,0.27860,0.22310,-0.09647,1,1,0.450
28.5320,258,FL,12,0.45915,0.17331,0.30086,134,134,134,0.27975,0.59345,0.19750,1,1,0.450
28.5320,258,BL,5,0.00183,0.16457,0.30342,134,134,134,0.28230,0.07768,0.16278,1,1,0.450
28.5320,258,FR,27,0.59715,-0.10751,0.30007,134,119,108,0.27896,0.71247,-0.12078,1,1,0.450
28.5320,258,BR,20,0.14623,-0.10015,0.29975,134,134,134,0.27865,0.21950,-0.09860,1,1,0.450
28.5460,258,FL,12,0.45917,0.17311,0.30106,134,134,134,0.27996,0.59389,0.19724,1,1,0.450
28.5480,258,BL,5,0.00174,0.16401,0.30417,134,134,134,0.28305,0.07758,0.16175,1,1,0.450
28.5480,258,FR,27,0.59748,-0.10787,0.30004,134,119,108,0.27893,0.71945,-0.12160,1,1,0.450
28.5480,258,BR,20,0.14634,-0.10023,0.29979,134,134,134,0.27869,0.22391,-0.09899,1,1,0.450
28.5640,259,FL,11,0.45899,0.17225,0.30139,134,134,134,0.28028,0.59337,0.19628,1,1,0.450
28.5640,259,BL,4,0.00182,0.16309,0.30520,133,133,133,0.28408,0.07759,0.15997,1,1,0.450
28.5640,259,FR,26,0.59752,-0.10864,0.30006,134,119,108,0.27896,0.71436,-0.12296,1,1,0.450
28.5640,259,BR,19,0.14634,-0.10151,0.29982,134,134,134,0.27872,0.21906,-0.10106,1,1,0.450
28.5800,259,FL,11,0.45860,0.17195,0.30165,134,134,134,0.28054,0.59292,0.19596,1,1,0.450
28.5800,259,BL,4,0.00163,0.16220,0.30598,132,132,132,0.28486,0.07697,0.15844,1,1,0.450
28.5820,259,FR,26,0.59732,-0.10905,0.30001,134,119,108,0.27891,0.72052,-0.12379,1,1,0.450
28.5820,259,BR,19,0.14593,-0.10186,0.29987,134,134,134,0.27877,0.22267,-0.10172,1,1,0.450
28.5940,260,FL,10,0.45786,0.17112,0.30201,134,134,134,0.28090,0.59162,0.19477,1,1,0.450
28.5940,260,BL,3,0.00143,0.16148,0.30683,132,132,132,0.28571,0.07613,0.15655,1,1,0.450
28.5940,260,FR,25,0.59675,-0.10999,0.30005,134,119,108,0.27895,0.71470,-0.12529,1,1,0.450
28.5940,260,BR,18,0.14535,-0.10341,0.29991,134,134,134,0.27880,0.21705,-0.10413,1,1,0.450
28.6040,260,FL,10,0.45658,0.17159,0.30227,134,134,134,0.28116,0.58983,0.19502,1,1,0.450
28.6040,260,BL,3,0.00057,0.16144,0.30733,132,132,132,0.28620,0.07464,0.15615,1,1,0.450
28.6040,260,FR,25,0.59519,-0.11000,0.29999,134,119,108,0.27889,0.71927,-0.12589,1,1,0.450
28.6040,260,BR,18,0.14363,-0.10298,0.29996,134,134,134,0.27886,0.21907,-0.10438,1,1,0.450
28.6200,261,FL,9,0.45620,0.17125,0.30235,134,134,134,0.28124,0.58919,0.19414,1,1,0.450
28.6200,261,BL,2,0.00082,0.16126,0.30727,132,132,132,0.28615,0.07378,0.15553,1,1,0.450
28.6220,261,FR,24,0.59504,-0.11076,0.30003,134,119,108,0.27893,0.71385,-0.12740,1,1,0.450
28.6220,261,BR,17,0.14345,-0.10404,0.29992,134,134,134,0.27882,0.21910,-0.10571,1,1,0.450
28.6340,261,FL,9,0.45575,0.17162,0.30252,134,134,134,0.28141,0.58798,0.19401,1,1,0.450
28.6340,261,BL,2,0.00131,0.16118,0.30718,132,132,132,0.28605,0.07293,0.15552,1,1,0.450
28.6360,261,FR,24,0.59433,-0.11130,0.29996,134,119,108,0.27886,0.71913,-0.12858,1,1,0.450
28.6360,261,BR,17,0.14250,-0.10393,0.29994,134,134,134,0.27884,0.21688,-0.10756,1,1,0.450
28.6480,262,FL,8,0.45521,0.17147,0.30269,134,134,134,0.28158,0.58636,0.19296,1,1,0.450
28.6480,262,BL,1,0.00159,0.16142,0.30708,132,132,132,0.28595,0.07206,0.15565,1,1,0.450
28.6480,262,FR,23,0.59287,-0.11239,0.30001,134,119,108,0.27891,0.71221,-0.13070,1,1,0.450
28.6480,262,BR,16,0.14126,-0.10481,0.29996,134,134,134,0.27886,0.21516,-0.10904,1,1,0.450
28.6660,262,FL,8,0.45470,0.17225,0.30265,134,134,134,0.28154,0.58433,0.19324,1,1,0.450
28.6680,262,BL,1,0.00156,0.16170,0.30708,132,132,132,0.28596,0.07206,0.15645,1,1,0.450
28.6680,262,FR,23,0.59100,-0.11280,0.29997,134,119,108,0.27887,0.71074,-0.13644,1,1,0.450
28.6680,262,BR,16,0.13947,-0.10391,0.30001,134,134,134,0.27890,0.21220,-0.10977,1,1,0.450
28.6780,263,FL,7,0.45491,0.17215,0.30235,134,134,134,0.28124,0.58275,0.19204,1,1,0.450
28.6780,263,BL,30,0.27298,0.16119,0.29988,134,134,134,0.27878,0.35065,0.16407,1,1,0.450
28.6780,263,FR,22,0.58922,-0.11404,0.29988,134,119,108,0.27878,0.70482,-0.13752,1,1,0.450
28.6780,263,BR,15,0.13805,-0.10435,0.29996,134,134,134,0.27886,0.20975,-0.11130,1,1,0.450
28.6880,263,FL,7,0.45440,0.17229,0.30274,134,134,134,0.28163,0.58120,0.19194,1,1,0.450
28.6880,263,BL,30,0.27141,0.16003,0.29988,134,134,134,0.27878,0.34747,0.15702,1,1,0.450
28.6880,263,FR,22,0.58762,-0.11453,0.29988,134,119,108,0.27877,0.70640,-0.14144,1,1,0.450
28.6880,263,BR,15,0.13658,-0.10359,0.30013,134,134,134,0.27903,0.20715,-0.11172,1,1,0.450
28.7000,263,FL,7,0.45340,0.17204,0.30304,134,134,134,0.28193,0.57944,0.19133,1,1,0.450
28.7000,263,BL,30,0.26988,0.15960,0.29990,134,134,134,0.27880,0.34646,0.15669,1,1,0.450
28.7000,263,FR,22,0.58603,-0.11483,0.29986,134,119,108,0.27876,0.70498,-0.14134,1,1,0.450
28.7000,263,BR,15,0.13513,-0.10401,0.30016,134,134,134,0.27905,0.20533,-0.11220,1,1,0.450
28.7140,264,FL,6,0.45285,0.17207,0.30288,134,134,134,0.28177,0.57786,0.19096,1,1,0.450
28.7140,264,BL,29,0.26841,0.15906,0.29990,134,134,134,0.27880,0.34086,0.15625,1,1,0.450
28.7140,264,FR,21,0.58456,-0.11538,0.29986,134,119,108,0.27876,0.69926,-0.14191,1,1,0.450
28.7140,264,BR,14,0.13393,-0.10439,0.30021,134,134,134,0.27911,0.20348,-0.11297,1,1,0.450
28.7240,264,FL,6,0.45203,0.17252,0.30293,134,134,134,0.28182,0.57600,0.19143,1,1,0.450
28.7240,264,BL,29,0.26665,0.15799,0.29989,134,134,134,0.27879,0.34050,0.15190,1,1,0.450
28.7240,264,FR,21,0.58312,-0.11526,0.29982,134,119,108,0.27872,0.70216,-0.14408,1,1,0.450
28.7260,264,BR,14,0.13251,-0.10347,0.30030,134,134,134,0.27920,0.20115,-0.11312,1,1,0.450
28.7400,265,FL,5,0.45190,0.17234,0.30324,134,134,134,0.28212,0.57519,0.19106,1,1,0.450
28.7400,265,BL,28,0.26604,0.15770,0.29991,134,134,134,0.27880,0.33638,0.15192,1,1,0.450
28.7400,265,FR,20,0.58249,-0.11542,0.29985,134,119,108,0.27875,0.69760,-0.14364,1,1,0.450
28.7400,265,BR,13,0.13204,-0.10391,0.30037,134,134,134,0.27927,0.20036,-0.11355,1,1,0.450
28.7580,265,FL,5,0.45034,0.17238,0.30381,134,134,134,0.28269,0.57249,0.19121,1,1,0.450
28.7580,265,BL,28,0.26393,0.15682,0.29990,134,134,134,0.27880,0.33701,0.14914,1,1,0.450
28.7580,265,FR,20,0.58070,-0.11514,0.29984,134,119,108,0.27874,0.70062,-0.14501,1,1,0.450
28.7580,265,BR,13,0.13005,-0.10312,0.30063,134,134,134,0.27953,0.19790,-0.11336,1,1,0.450
28.7720,266,FL,4,0.44978,0.17133,0.30526,133,133,133,0.28414,0.57078,0.18984,1,1,0.450
28.7720,266,BL,27,0.26302,0.15662,0.29992,134,134,134,0.27881,0.33266,0.14948,1,1,0.450
28.7740,266,FR,19,0.57970,-0.11541,0.29998,134,128,119,0.27887,0.69585,-0.14421,1,1,0.450
28.7740,266,BR,12,0.12906,-0.10414,0.30101,134,134,134,0.27991,0.19680,-0.11359,1,1,0.450
28.7880,266,FL,4,0.44833,0.17070,0.30635,132,132,132,0.28522,0.56840,0.18919,1,1,0.450
28.7880,266,BL,27,0.26153,0.15588,0.29992,134,134,134,0.27882,0.33459,0.14775,1,1,0.450
28.7880,266,FR,19,0.57845,-0.11518,0.30001,134,128,119,0.27890,0.69966,-0.14505,1,1,0.450
28.7880,266,BR,12,0.12739,-0.10369,0.30147,134,134,134,0.28036,0.19504,-0.11317,1,1,0.450
28.7980,267,FL,3,0.44835,0.16956,0.30779,132,132,132,0.28666,0.56765,0.18754,1,1,0.450
28.7980,267,BL,26,0.26140,0.15590,0.29993,134,134,134,0.27882,0.33104,0.14854,1,1,0.450
28.7980,267,FR,18,0.57816,-0.11542,0.30015,134,128,119,0.27904,0.69559,-0.14401,1,1,0.450
28.7980,267,BR,11,0.12707,-0.10472,0.30179,134,134,134,0.28068,0.19475,-0.11320,1,1,0.450
28.8100,267,FL,3,0.44803,0.16914,0.30832,132,132,132,0.28719,0.56691,0.18716,1,1,0.450
28.8100,267,BL,26,0.26100,0.15526,0.29993,134,134,134,0.27883,0.33432,0.14743,1,1,0.450
28.8100,267,FR,18,0.57802,-0.11513,0.30013,134,128,119,0.27903,0.70039,-0.14467,1,1,0.450
28.8100,267,BR,11,0.12659,-0.10407,0.30212,134,134,134,0.28102,0.19417,-0.11270,1,1,0.450
28.8180,267,FL,3,0.44790,0.16855,0.30879,131,131,131,0.28766,0.56685,0.18656,1,1,0.450
28.8180,267,BL,26,0.26096,0.15546,0.29992,134,134,134,0.27882,0.33480,0.14782,1,1,0.450
28.8180,267,FR,18,0.57780,-0.11517,0.30022,134,128,119,0.27912,0.70026,-0.14426,1,1,0.450
28.8180,267,BR,11,0.12639,-0.10450,0.30221,134,134,134,0.28110,0.19405,-0.11259,1,1,0.450
28.8280,268,FL,2,0.44713,0.16797,0.30915,131,131,131,0.28802,0.56593,0.18576,1,1,0.450
28.8300,268,BL,25,0.26046,0.15561,0.29992,134,134,134,0.27882,0.33027,0.14870,1,1,0.450
28.8300,268,FR,17,0.57723,-0.11522,0.30026,134,128,119,0.27916,0.69982,-0.14402,1,1,0.450
28.8300,268,BR,10,0.12560,-0.10478,0.30236,134,134,134,0.28125,0.19359,-0.11233,1,1,0.450
28.8380,268,FL,2,0.44782,0.16776,0.30914,131,131,131,0.28801,0.56719,0.18600,1,1,0.450
28.8380,268,BL,25,0.26131,0.15531,0.29992,134,134,134,0.27882,0.33494,0.14808,1,1,0.450
28.8380,268,FR,17,0.57824,-0.11465,0.30023,134,128,119,0.27913,0.70169,-0.14377,1,1,0.450
28.8380,268,BR,10,0.12636,-0.10376,0.30259,134,134,134,0.28148,0.19422,-0.11145,1,1,0.450
28.8480,268,FL,2,0.44687,0.16713,0.30932,131,131,131,0.28819,0.56658,0.18547,1,1,0.450
28.8480,268,BL,25,0.26113,0.15577,0.29991,134,134,134,0.27880,0.33521,0.14870,1,1,0.450
28.8480,268,FR,17,0.57785,-0.11457,0.30032,134,128,119,0.27922,0.70139,-0.14318,1,1,0.450
28.8480,268,BR,10,0.12572,-0.10410,0.30262,134,134,134,0.28151,0.19425,-0.11096,1,1,0.450
28.8580,269,FL,1,0.44792,0.16709,0.30924,131,131,131,0.28811,0.56928,0.18625,1,1,0.450
28.8580,269,BL,24,0.26268,0.15651,0.29990,134,134,134,0.27880,0.33270,0.15013,1,1,0.450
28.8580,269,FR,16,0.57931,-0.11404,0.30034,134,128,119,0.27923,0.70680,-0.14323,1,1,0.450
28.8580,269,BR,9,0.12724,-0.10338,0.30271,134,134,134,0.28160,0.19574,-0.11001,1,1,0.450
28.8680,269,FL,1,0.44781,0.16672,0.30916,131,131,131,0.28803,0.56971,0.18623,1,1,0.450
28.8680,269,BL,24,0.26360,0.15657,0.29990,134,134,134,0.27879,0.33739,0.14992,1,1,0.450
28.8680,269,FR,16,0.58025,-0.11333,0.30036,134,119,108,0.27926,0.70872,-0.14261,1,1,0.450
28.8680,269,BR,9,0.12754,-0.10238,0.30281,134,134,134,0.28170,0.19671,-0.10857,1,1,0.450
28.8780,269,FL,1,0.44679,0.16616,0.30961,131,131,131,0.28847,0.56901,0.18591,1,1,0.450
28.8780,269,BL,24,0.26402,0.15740,0.29986,134,134,134,0.27876,0.33830,0.15095,1,1,0.450
28.8780,269,FR,16,0.58024,-0.11310,0.30049,134,119,108,0.27939,0.70896,-0.14175,1,1,0.450
28.8780,269,BR,9,0.12714,-0.10249,0.30275,134,134,134,0.28164,0.19727,-0.10760,1,1,0.450
28.8880,270,FL,30,0.71668,0.16565,0.30002,134,97,86,0.27892,0.82035,0.17597,1,0,0.450
28.8880,270,BL,23,0.26648,0.15879,0.29985,134,134,134,0.27875,0.33663,0.15293,1,1,0.450
28.8880,270,FR,15,0.58250,-0.11213,0.30058,134,119,108,0.27947,0.71091,-0.14092,1,1,0.450
28.8880,270,BR,8,0.12957,-0.10109,0.30289,134,134,134,0.28178,0.19972,-0.10576,1,1,0.450
28.9080,270,FL,30,0.71748,0.16589,0.30002,134,97,86,0.27892,0.83216,0.17691,1,0,0.450
28.9080,270,BL,23,0.26732,0.15917,0.29991,134,134,134,0.27881,0.34344,0.15322,1,1,0.450
28.9080,270,FR,15,0.58368,-0.11106,0.30070,134,119,108,0.27959,0.71175,-0.14061,1,1,0.450
28.9080,270,BR,8,0.13082,-0.09911,0.30350,134,134,134,0.28239,0.20102,-0.10358,1,1,0.450
28.9200,271,FL,29,0.72169,0.16773,0.30004,134,97,86,0.27893,0.83172,0.17884,1,0,0.450
28.9200,271,BL,22,0.27129,0.16200,0.29988,134,134,134,0.27877,0.34349,0.15699,1,1,0.450
28.9200,271,FR,14,0.58577,-0.11021,0.30073,134,119,108,0.27963,0.71601,-0.13801,1,1,0.450
28.9200,271,BR,7,0.13082,-0.09907,0.30366,134,134,134,0.28254,0.20420,-0.10123,1,1,0.450
28.9280,271,FL,29,0.72294,0.16805,0.30003,134,97,86,0.27893,0.84133,0.17950,1,0,0.450
28.9280,271,BL,22,0.27234,0.16209,0.29986,134,134,134,0.27875,0.34988,0.15743,1,1,0.450
28.9280,271,FR,14,0.58622,-0.11016,0.30070,134,119,108,0.27960,0.71786,-0.13758,1,1,0.450
28.9280,271,BR,7,0.13030,-0.09884,0.30338,134,134,134,0.28227,0.20474,-0.10026,1,1,0.450
28.9380,271,FL,29,0.72405,0.16869,0.30006,134,97,86,0.27895,0.84234,0.17987,1,0,0.450
28.9380,271,BL,22,0.27331,0.16311,0.29981,134,134,134,0.27871,0.35138,0.15876,1,1,0.450
28.9380,271,FR,14,0.58643,-0.11003,0.30080,134,119,108,0.27970,0.71877,-0.13668,1,1,0.450
28.9380,271,BR,7,0.13010,-0.09894,0.30342,134,134,134,0.28231,0.20520,-0.09950,1,1,0.450
28.9480,272,FL,28,0.72494,0.16926,0.30006,134,97,86,0.27895,0.83842,0.18102,1,0,0.450
28.9480,272,BL,21,0.27415,0.16395,0.29980,134,134,134,0.27869,0.34755,0.16050,1,1,0.450
28.9480,272,FR,13,0.58683,-0.10975,0.30072,134,119,108,0.27962,0.71957,-0.13599,1,1,0.450
28.9500,272,BR,6,0.13017,-0.09872,0.30311,134,134,134,0.28200,0.20575,-0.09863,1,1,0.450
28.9600,272,FL,28,0.72498,0.16931,0.30004,134,97,86,0.27893,0.84566,0.18146,1,0,0.450
28.9600,272,BL,21,0.27402,0.16366,0.29980,134,134,134,0.27869,0.35192,0.16039,1,1,0.450
28.9600,272,FR,13,0.58664,-0.10980,0.30072,134,119,108,0.27962,0.71994,-0.13597,1,1,0.450
28.9600,272,BR,6,0.12968,-0.09860,0.30319,134,134,134,0.28207,0.20550,-0.09812,1,1,0.450
28.9760,273,FL,27,0.72567,0.17009,0.30006,134,97,86,0.27896,0.84131,0.18284,1,0,0.450
28.9760,273,BL,20,0.27464,0.16476,0.29979,134,134,134,0.27869,0.34790,0.16244,1,1,0.450
28.9760,273,FR,12,0.58683,-0.10935,0.30094,134,119,108,0.27983,0.72037,-0.13499,1,1,0.450
28.9760,273,BR,5,0.12981,-0.09838,0.30371,134,134,134,0.28260,0.20583,-0.09714,1,1,0.450
28.9860,273,FL,27,0.72694,0.17072,0.30003,134,97,86,0.27893,0.84922,0.18385,1,0,0.450
28.9860,273,BL,20,0.27570,0.16513,0.29981,134,134,134,0.27871,0.35324,0.16311,1,1,0.450
28.9860,273,FR,12,0.58765,-0.10895,0.30103,134,119,108,0.27993,0.72185,-0.13445,1,1,0.450
28.9860,273,BR,5,0.13029,-0.09769,0.30417,134,134,134,0.28305,0.20658,-0.09593,1,1,0.450
28.9960,273,FL,27,0.72651,0.17127,0.30006,134,97,86,0.27896,0.84871,0.18425,1,0,0.450
28.9960,273,BL,20,0.27523,0.16594,0.29983,134,134,134,0.27873,0.35306,0.16408,1,1,0.450
28.9960,273,FR,12,0.58708,-0.10854,0.30135,134,119,108,0.28024,0.72106,-0.13377,1,1,0.450
28.9960,273,BR,5,0.12993,-0.09741,0.30494,133,133,133,0.28382,0.20617,-0.09496,1,1,0.450
29.0060,274,FL,26,0.72717,0.17199,0.30006,134,97,86,0.27896,0.84430,0.18567,1,0,0.450
29.0060,274,BL,19,0.27588,0.16693,0.29987,134,134,134,0.27876,0.34859,0.16593,1,1,0.450
29.0060,274,FR,11,0.58755,-0.10786,0.30149,134,119,108,0.28039,0.72151,-0.13295,1,1,0.450
29.0060,274,BR,4,0.13039,-0.09668,0.30551,133,133,133,0.28439,0.20661,-0.09362,1,1,0.450
29.0180,274,FL,26,0.72718,0.17207,0.30001,134,97,86,0.27891,0.80062,0.18623,1,0,0.450
29.0180,274,BL,19,0.27570,0.16671,0.29989,134,134,134,0.27879,0.35248,0.16597,1,1,0.450
29.0180,274,FR,11,0.58745,-0.10781,0.30163,134,119,108,0.28053,0.72156,-0.13302,1,1,0.450
29.0180,274,BR,4,0.13026,-0.09612,0.30596,132,132,132,0.28484,0.20645,-0.09282,1,1,0.450
29.0280,274,FL,26,0.72656,0.17274,0.29994,134,97,86,0.27884,0.80107,0.18682,1,0,0.450
29.0280,274,BL,19,0.27524,0.16771,0.30000,134,134,134,0.27889,0.35262,0.16700,1,1,0.450
29.0280,274,FR,11,0.58665,-0.10731,0.30199,134,119,108,0.28088,0.72044,-0.13220,1,1,0.450
29.0280,274,BR,4,0.12974,-0.09574,0.30678,132,132,132,0.28565,0.20572,-0.09161,1,1,0.450
29.0380,275,FL,25,0.72571,0.17325,0.29995,134,97,86,0.27885,0.84474,0.18814,1,0,0.450
29.0380,275,BL,18,0.27439,0.16839,0.30004,134,134,134,0.27894,0.34623,0.16872,1,1,0.450
29.0380,275,FR,10,0.58588,-0.10702,0.30218,134,119,108,0.28107,0.71932,-0.13158,1,1,0.450
29.0380,275,BR,3,0.12921,-0.09558,0.30728,132,132,132,0.28615,0.20488,-0.09071,1,1,0.450
29.0500,275,FL,25,0.72572,0.17342,0.30000,134,97,86,0.27889,0.80000,0.18877,1,0,0.450
29.0500,275,BL,18,0.27402,0.16831,0.29997,134,134,134,0.27887,0.34963,0.16910,1,1,0.450
29.0500,275,FR,10,0.58576,-0.10707,0.30228,134,119,108,0.28117,0.71923,-0.13155,1,1,0.450
29.0500,275,BR,3,0.12942,-0.09509,0.30743,132,132,132,0.28630,0.20429,-0.09010,1,1,0.450
29.0620,276,FL,24,0.72529,0.17425,0.29990,134,97,86,0.27879,0.84503,0.19043,1,0,0.450
29.0620,276,BL,17,0.27376,0.16937,0.30007,134,134,134,0.27896,0.34976,0.17041,1,1,0.450
29.0640,276,FR,9,0.58514,-0.10672,0.30255,134,119,108,0.28144,0.71825,-0.13062,1,1,0.450
29.0640,276,BR,2,0.12933,-0.09492,0.30779,132,132,132,0.28666,0.20342,-0.08927,1,1,0.450
29.0840,276,FL,24,0.72436,0.17446,0.29997,134,97,86,0.27887,0.84933,0.19114,1,0,0.450
29.0840,276,BL,17,0.27239,0.16907,0.29999,134,134,134,0.27889,0.34699,0.17189,1,1,0.450
29.0840,276,FR,9,0.58444,-0.10710,0.30266,134,119,108,0.28155,0.71698,-0.13072,1,1,0.450
29.0840,276,BR,2,0.12930,-0.09490,0.30775,132,132,132,0.28663,0.20249,-0.08914,1,1,0.450
29.0940,277,FL,23,0.72267,0.17628,0.30002,134,97,86,0.27892,0.84222,0.19405,1,0,0.450
29.0960,277,BL,16,0.27095,0.17061,0.30002,134,134,134,0.27892,0.34498,0.17433,1,1,0.450
29.0960,277,FR,8,0.58380,-0.10678,0.30293,134,119,108,0.28182,0.71490,-0.12890,1,1,0.450
29.0960,277,BR,1,0.13005,-0.09509,0.30759,132,132,132,0.28647,0.20107,-0.08919,1,1,0.450
29.1180,277,FL,23,0.72165,0.17655,0.29998,134,97,86,0.27888,0.84264,0.19957,1,0,0.450
29.1180,277,BL,16,0.26991,0.16966,0.30007,134,134,134,0.27896,0.34292,0.17499,1,1,0.450
29.1180,277,FR,8,0.58367,-0.10752,0.30291,134,119,108,0.28179,0.71379,-0.12935,1,1,0.450
29.1180,277,BR,1,0.13024,-0.09522,0.30744,132,132,132,0.28632,0.20111,-0.08983,1,1,0.450
29.1300,278,FL,22,0.71852,0.17799,0.29989,134,97,86,0.27879,0.83516,0.20089,1,0,0.450
29.1300,278,BL,15,0.26735,0.17017,0.30004,134,134,134,0.27893,0.33891,0.17684,1,1,0.450
29.1300,278,FR,7,0.58340,-0.10762,0.30242,134,119,108,0.28131,0.71085,-0.12802,1,1,0.450
29.1300,278,BR,30,0.40131,-0.09599,0.29990,134,134,134,0.27880,0.48177,-0.09941,1,1,0.450
29.1400,278,FL,22,0.71759,0.17847,0.29990,134,97,86,0.27880,0.83773,0.20473,1,0,0.450
29.1400,278,BL,15,0.26645,0.16957,0.30022,134,134,134,0.27911,0.33703,0.17727,1,1,0.450
29.1400,278,FR,7,0.58307,-0.10757,0.30306,134,119,108,0.28195,0.70991,-0.12786,1,1,0.450
29.1400,278,BR,30,0.40044,-0.09480,0.29991,134,134,134,0.27881,0.47998,-0.09229,1,1,0.450
29.1500,278,FL,22,0.71613,0.17895,0.29988,134,97,86,0.27878,0.83648,0.20478,1,0,0.450
29.1500,278,BL,15,0.26521,0.17015,0.30023,134,134,134,0.27913,0.33528,0.17805,1,1,0.450
29.1500,278,FR,7,0.58243,-0.10736,0.30322,134,119,108,0.28210,0.70828,-0.12717,1,1,0.450
29.1500,278,BR,30,0.39900,-0.09416,0.29994,134,134,134,0.27883,0.47934,-0.09195,1,1,0.450
29.1600,279,FL,21,0.71458,0.17935,0.29989,134,97,86,0.27879,0.83042,0.20520,1,0,0.450
29.1600,279,BL,14,0.26382,0.17049,0.30030,134,134,134,0.27920,0.33347,0.17863,1,1,0.450
29.1600,279,FR,6,0.58146,-0.10729,0.30320,134,119,108,0.28209,0.70654,-0.12679,1,1,0.450
29.1600,279,BR,29,0.39744,-0.09376,0.29993,134,134,134,0.27883,0.47330,-0.09159,1,1,0.450
29.1700,279,FL,21,0.71396,0.17916,0.29984,134,97,86,0.27873,0.83372,0.20740,1,0,0.450
29.1700,279,BL,14,0.26327,0.16949,0.30034,134,134,134,0.27924,0.33199,0.17877,1,1,0.450
29.1700,279,FR,6,0.58142,-0.10795,0.30299,134,119,108,0.28188,0.70567,-0.12748,1,1,0.450
29.1720,279,BR,29,0.39643,-0.09271,0.29993,134,134,134,0.27883,0.47229,-0.08696,1,1,0.450
29.1820,280,FL,20,0.71295,0.17928,0.29986,134,97,86,0.27876,0.82867,0.20686,1,0,0.450
29.1820,280,BL,13,0.26234,0.16996,0.30038,134,134,134,0.27927,0.33089,0.17914,1,1,0.450
29.1820,280,FR,5,0.58075,-0.10768,0.30328,134,119,108,0.28217,0.70437,-0.12706,1,1,0.450
29.1820,280,BR,28,0.39541,-0.09242,0.29994,134,134,134,0.27884,0.46767,-0.08700,1,1,0.450
29.1900,280,FL,20,0.71107,0.17901,0.29984,134,97,86,0.27874,0.83162,0.20823,1,0,0.450
29.1900,280,BL,13,0.26027,0.16909,0.30059,134,134,134,0.27949,0.32834,0.17894,1,1,0.450
29.1900,280,FR,5,0.57909,-0.10784,0.30365,134,128,119,0.28254,0.70174,-0.12723,1,1,0.450
29.1900,280,BR,28,0.39328,-0.09159,0.29995,134,134,134,0.27885,0.46823,-0.08420,1,1,0.450
29.2020,280,FL,20,0.71114,0.17914,0.29990,134,97,86,0.27880,0.83172,0.20811,1,0,0.450
29.2020,280,BL,13,0.26051,0.16952,0.30072,134,134,134,0.27961,0.32829,0.17928,1,1,0.450
29.2020,280,FR,5,0.57953,-0.10762,0.30416,134,128,119,0.28304,0.70176,-0.12694,1,1,0.450
29.2020,280,BR,28,0.39340,-0.09140,0.29996,134,134,134,0.27886,0.46886,-0.08405,1,1,0.450
29.2100,280,FL,20,0.70973,0.17939,0.29997,134,97,86,0.27887,0.83046,0.20812,1,0,0.450
29.2100,280,BL,13,0.25892,0.17010,0.30099,134,134,134,0.27988,0.32693,0.17939,1,1,0.450
29.2100,280,FR,5,0.57811,-0.10686,0.30506,133,127,118,0.28394,0.69960,-0.12600,1,1,0.450
29.2100,280,BR,28,0.39199,-0.09121,0.29997,134,134,134,0.27886,0.46745,-0.08394,1,1,0.450
29.2200,281,FL,19,0.70963,0.17955,0.30001,134,97,86,0.27891,0.82629,0.20764,1,0,0.450
29.2220,281,BL,12,0.25886,0.17050,0.30124,134,134,134,0.28013,0.32665,0.17957,1,1,0.450
29.2220,281,FR,4,0.57825,-0.10646,0.30580,132,127,118,0.28468,0.69923,-0.12539,1,1,0.450
29.2220,281,BR,27,0.39188,-0.09108,0.29997,134,134,134,0.27887,0.46328,-0.08437,1,1,0.450
29.2320,281,FL,19,0.70915,0.17921,0.30003,134,97,86,0.27893,0.83086,0.20840,1,0,0.450
29.2320,281,BL,12,0.25795,0.16996,0.30161,134,134,134,0.28050,0.32574,0.17912,1,1,0.450
29.2320,281,FR,4,0.57744,-0.10607,0.30676,132,127,118,0.28564,0.69770,-0.12500,1,1,0.450
29.2320,281,BR,27,0.39115,-0.09036,0.29999,134,134,134,0.27889,0.46593,-0.08259,1,1,0.450
29.2420,282,FL,18,0.70737,0.17945,0.30015,134,97,86,0.27904,0.82516,0.20753,1,0,0.450
29.2420,282,BL,11,0.25605,0.17080,0.30181,134,134,134,0.28071,0.32410,0.17920,1,1,0.450
29.2420,282,FR,3,0.57576,-0.10513,0.30761,132,127,118,0.28648,0.69532,-0.12373,1,1,0.450
29.2420,282,BR,26,0.38953,-0.09033,0.29999,134,134,134,0.27889,0.46069,-0.08324,1,1,0.450
29.2520,282,FL,18,0.70765,0.17917,0.30014,134,97,86,0.27904,0.83040,0.20815,1,0,0.450
29.2520,282,BL,11,0.25609,0.17021,0.30227,134,134,134,0.28116,0.32376,0.17881,1,1,0.450
29.2520,282,FR,3,0.57613,-0.10482,0.30834,132,127,118,0.28721,0.69508,-0.12325,1,1,0.450
29.2520,282,BR,26,0.38960,-0.08967,0.30001,134,134,134,0.27891,0.46451,-0.08210,1,1,0.450
29.2600,282,FL,18,0.70726,0.17929,0.30025,134,97,86,0.27915,0.83014,0.20778,1,0,0.450
29.2620,282,BL,11,0.25560,0.17082,0.30238,134,134,134,0.28127,0.32362,0.17874,1,1,0.450
29.2620,282,FR,3,0.57562,-0.10412,0.30893,131,126,117,0.28780,0.69437,-0.12244,1,1,0.450
29.2620,282,BR,26,0.38936,-0.08977,0.30001,134,134,134,0.27890,0.46474,-0.08240,1,1,0.450
29.2720,283,FL,17,0.70782,0.17918,0.30028,134,97,86,0.27917,0.83069,0.20759,1,0,0.450
29.2720,283,BL,10,0.25623,0.17074,0.30252,134,134,134,0.28141,0.32406,0.17856,1,1,0.450
29.2720,283,FR,2,0.57629,-0.10390,0.30932,131,126,117,0.28819,0.69530,-0.12246,1,1,0.450
29.2720,283,BR,25,0.38991,-0.08992,0.30001,134,134,134,0.27890,0.46113,-0.08326,1,1,0.450
29.2820,283,FL,17,0.70742,0.17879,0.30027,134,97,86,0.27917,0.83118,0.20729,1,0,0.450
29.2820,283,BL,10,0.25526,0.17021,0.30276,134,134,134,0.28165,0.32346,0.17779,1,1,0.450
29.2820,283,FR,2,0.57550,-0.10338,0.30934,131,126,117,0.28821,0.69411,-0.12173,1,1,0.450
29.2820,283,BR,25,0.38939,-0.08950,0.30002,134,134,134,0.27892,0.46445,-0.08254,1,1,0.450
29.2920,283,FL,17,0.70682,0.17885,0.30036,134,97,86,0.27926,0.83070,0.20679,1,0,0.450
29.2920,283,BL,10,0.25448,0.17069,0.30285,134,134,134,0.28174,0.32318,0.17750,1,1,0.450
29.2920,283,FR,2,0.57445,-0.10265,0.30978,131,126,117,0.28865,0.69329,-0.12108,1,1,0.450
29.2920,283,BR,25,0.38902,-0.08982,0.30001,134,134,134,0.27890,0.46460,-0.08313,1,1,0.450
29.3020,284,FL,16,0.70890,0.17819,0.30037,134,97,86,0.27927,0.83669,0.20688,1,0,0.450
29.3020,284,BL,9,0.25685,0.16968,0.30296,134,134,134,0.28185,0.32516,0.17651,1,1,0.450
29.3020,284,FR,1,0.57633,-0.10272,0.30968,131,126,117,0.28855,0.69727,-0.12240,1,1,0.450
29.3040,284,BR,24,0.39109,-0.09060,0.30001,134,134,134,0.27890,0.46241,-0.08454,1,1,0.450
29.3120,284,FL,16,0.70897,0.17768,0.30037,134,97,86,0.27926,0.83767,0.20634,1,0,0.450
29.3120,284,BL,9,0.25619,0.16903,0.30297,134,134,134,0.28185,0.32526,0.17535,1,1,0.450
29.3120,284,FR,1,0.57557,-0.10233,0.30942,131,126,117,0.28829,0.69678,-0.12186,1,1,0.450
29.3120,284,BR,24,0.39115,-0.09044,0.30001,134,134,134,0.27891,0.46626,-0.08418,1,1,0.450
29.3220,284,FL,16,0.70968,0.17732,0.30048,134,97,86,0.27938,0.83845,0.20550,1,0,0.450
29.3220,284,BL,9,0.25670,0.16887,0.30302,134,134,134,0.28191,0.32645,0.17433,1,1,0.450
29.3220,284,FR,1,0.57532,-0.10185,0.30973,131,126,117,0.28859,0.69716,-0.12200,1,1,0.450
29.3220,284,BR,24,0.39220,-0.09133,0.29998,134,134,134,0.27888,0.46779,-0.08528,1,1,0.450
29.3340,285,FL,15,0.71194,0.17631,0.30059,134,97,86,0.27948,0.84047,0.20462,1,0,0.450
29.3340,285,BL,8,0.25890,0.16752,0.30335,134,134,134,0.28224,0.32894,0.17249,1,1,0.450
29.3340,285,FR,30,0.84396,-0.10202,0.29998,134,70,53,0.28943,0.84808,-0.11335,1,0,0.450
29.3340,285,BR,23,0.39482,-0.09272,0.30004,134,134,134,0.27894,0.46688,-0.08737,1,1,0.450
29.3580,285,FL,15,0.71165,0.17596,0.30064,134,97,86,0.27954,0.84086,0.20404,1,0,0.450
29.3580,285,BL,8,0.25787,0.16706,0.30278,134,134,134,0.28167,0.32897,0.17093,1,1,0.450
29.3580,285,FR,30,0.84424,-0.10229,0.29998,134,70,53,0.28944,0.81012,-0.11424,1,0,0.450
29.3580,285,BR,23,0.39457,-0.09283,0.29997,134,134,134,0.27887,0.47260,-0.08762,1,1,0.450
29.3720,286,FL,14,0.71563,0.17425,0.30073,134,97,86,0.27963,0.84615,0.20121,1,0,0.450
29.3740,286,BL,7,0.26037,0.16545,0.30384,134,134,134,0.28272,0.33398,0.16733,1,1,0.450
29.3740,286,FR,29,0.84989,-0.10454,0.29996,134,70,53,0.28942,0.81163,-0.11668,1,0,0.450
29.3740,286,BR,22,0.40047,-0.09654,0.30004,134,134,134,0.27894,0.47499,-0.09217,1,1,0.450
29.3880,286,FL,14,0.71644,0.17407,0.30075,134,97,86,0.27965,0.84845,0.20036,1,0,0.450
29.3880,286,BL,7,0.25991,0.16532,0.30367,134,134,134,0.28256,0.33506,0.16594,1,1,0.450
29.3880,286,FR,29,0.85175,-0.10515,0.29991,134,70,53,0.28936,0.82334,-0.11760,1,0,0.450
29.3880,286,BR,22,0.40213,-0.09707,0.30004,134,134,134,0.27894,0.48274,-0.09319,1,1,0.450
29.4040,287,FL,13,0.71618,0.17392,0.30081,134,97,86,0.27971,0.84886,0.19927,1,0,0.450
29.4040,287,BL,6,0.25928,0.16543,0.30357,134,134,134,0.28246,0.33515,0.16489,1,1,0.450
29.4040,287,FR,28,0.85250,-0.10600,0.29993,134,70,53,0.28939,0.81854,-0.11883,1,0,0.450
29.4040,287,BR,21,0.40259,-0.09826,0.30000,134,134,134,0.27890,0.47823,-0.09540,1,1,0.450
29.4160,287,FL,13,0.71746,0.17358,0.30071,134,97,86,0.27961,0.80114,0.19863,1,0,0.450
29.4160,287,BL,6,0.25992,0.16490,0.30341,134,134,134,0.28230,0.33637,0.16371,1,1,0.450
29.4160,287,FR,28,0.85457,-0.10661,0.29983,134,70,53,0.28929,0.82906,-0.11973,1,0,0.450
29.4160,287,BR,21,0.40454,-0.09884,0.29999,134,134,134,0.27888,0.48530,-0.09628,1,1,0.450
29.4260,288,FL,12,0.71796,0.17291,0.30044,134,97,86,0.27934,0.84980,0.19766,1,0,0.450
29.4260,288,BL,5,0.26026,0.16461,0.30420,134,134,134,0.28308,0.33739,0.16253,1,1,0.450
29.4260,288,FR,27,0.85402,-0.10713,0.29990,134,70,53,0.28936,0.82320,-0.12017,1,0,0.450
29.4260,288,BR,20,0.40431,-0.10003,0.30004,134,134,134,0.27893,0.47844,-0.09781,1,1,0.450
29.4360,288,FL,12,0.71729,0.17328,0.30096,134,97,86,0.27985,0.80152,0.19807,1,0,0.450
29.4360,288,BL,5,0.25955,0.16446,0.30428,134,134,134,0.28317,0.33647,0.16234,1,1,0.450
29.4360,288,FR,27,0.85501,-0.10732,0.29973,134,70,53,0.28919,0.83104,-0.12150,1,0,0.450
29.4360,288,BR,20,0.40467,-0.09926,0.30001,134,134,134,0.27891,0.48450,-0.09795,1,1,0.450
29.4460,288,FL,12,0.71816,0.17235,0.30065,134,97,86,0.27955,0.80045,0.19686,1,0,0.450
29.4460,288,BL,5,0.26027,0.16387,0.30514,133,133,133,0.28402,0.33765,0.16100,1,1,0.450
29.4460,288,FR,27,0.85477,-0.10790,0.29982,134,70,53,0.28928,0.83115,-0.12111,1,0,0.450
29.4460,288,BR,20,0.40482,-0.10072,0.30005,134,134,134,0.27895,0.48368,-0.09878,1,1,0.450
29.4540,289,FL,11,0.71769,0.17197,0.30087,134,97,86,0.27976,0.84981,0.19630,1,0,0.450
29.4560,289,BL,4,0.25982,0.16356,0.30580,132,132,132,0.28468,0.33720,0.15999,1,1,0.450
29.4560,289,FR,26,0.85420,-0.10837,0.29982,134,70,53,0.28928,0.82462,-0.12253,1,0,0.450
29.4560,289,BR,19,0.40431,-0.10131,0.30013,134,134,134,0.27902,0.47699,-0.10021,1,1,0.450
29.4740,289,FL,11,0.71790,0.17198,0.30147,134,97,86,0.28037,0.80233,0.19654,1,0,0.450
29.4740,289,BL,4,0.26015,0.16276,0.30605,132,132,132,0.28493,0.33727,0.15922,1,1,0.450
29.4740,289,FR,26,0.85639,-0.10867,0.29958,134,70,53,0.28905,0.83427,-0.12340,1,0,0.450
29.4740,289,BR,19,0.40571,-0.10095,0.30011,134,134,134,0.27900,0.48422,-0.10062,1,1,0.450
29.4860,290,FL,10,0.71753,0.17077,0.30134,134,97,86,0.28024,0.84969,0.19474,1,0,0.450
29.4860,290,BL,3,0.25993,0.16203,0.30729,132,132,132,0.28617,0.33688,0.15706,1,1,0.450
29.4860,290,FR,25,0.85477,-0.10966,0.29973,134,70,53,0.28919,0.82604,-0.12446,1,0,0.450
29.4860,290,BR,18,0.40457,-0.10305,0.30018,134,134,134,0.27908,0.47582,-0.10292,1,1,0.450
29.5020,290,FL,10,0.71659,0.17118,0.30214,134,97,86,0.28103,0.80073,0.19524,1,0,0.450
29.5020,290,BL,3,0.25942,0.16159,0.30770,132,132,132,0.28658,0.33592,0.15643,1,1,0.450
29.5020,290,FR,25,0.85580,-0.10977,0.29940,134,70,53,0.28888,0.83566,-0.12460,1,0,0.450
29.5020,290,BR,18,0.40466,-0.10249,0.30024,134,134,134,0.27914,0.48134,-0.10344,1,1,0.450
29.5120,291,FL,9,0.71659,0.17037,0.30161,134,97,86,0.28050,0.84855,0.19344,1,0,0.450
29.5140,291,BL,2,0.25992,0.16132,0.30771,132,132,132,0.28659,0.33507,0.15536,1,1,0.450
29.5140,291,FR,24,0.85440,-0.11090,0.29963,134,70,53,0.28910,0.82649,-0.12651,1,0,0.450
29.5140,291,BR,17,0.40386,-0.10445,0.30023,134,134,134,0.27913,0.47936,-0.10510,1,1,0.450
29.5320,291,FL,9,0.71576,0.17124,0.30232,134,97,86,0.28121,0.84961,0.19452,1,0,0.450
29.5320,291,BL,2,0.25974,0.16136,0.30765,132,132,132,0.28652,0.33480,0.15572,1,1,0.450
29.5320,291,FR,24,0.85594,-0.11068,0.29916,134,70,53,0.28865,0.83754,-0.12572,1,0,0.450
29.5320,291,BR,17,0.40405,-0.10331,0.30027,134,134,134,0.27917,0.47862,-0.10654,1,1,0.450
29.5400,291,FL,9,0.71498,0.17090,0.30268,134,97,86,0.28157,0.84723,0.19278,1,0,0.450
29.5400,291,BL,2,0.26012,0.16159,0.30772,132,132,132,0.28659,0.33318,0.15549,1,1,0.450
29.5400,291,FR,24,0.85329,-0.11245,0.29942,134,70,53,0.28889,0.83235,-0.12891,1,0,0.450
29.5400,291,BR,17,0.40209,-0.10474,0.30029,134,134,134,0.27919,0.47605,-0.10856,1,1,0.450
29.5500,292,FL,8,0.71451,0.17099,0.30264,134,97,86,0.28152,0.84594,0.19244,1,0,0.450
29.5500,292,BL,1,0.25991,0.16181,0.30778,132,132,132,0.28665,0.33291,0.15564,1,1,0.450
29.5520,292,FR,23,0.85229,-0.11289,0.29934,134,70,53,0.28882,0.82545,-0.13005,1,0,0.450
29.5520,292,BR,16,0.40108,-0.10493,0.30036,134,134,134,0.27925,0.47454,-0.10938,1,1,0.450
29.5740,293,FL,7,0.71500,0.17153,0.30256,134,97,86,0.28144,0.84571,0.19273,1,0,0.450
29.5740,293,BL,30,0.53336,0.16264,0.29992,134,128,119,0.27882,0.61280,0.16306,1,1,0.450
29.5740,293,FR,22,0.85237,-0.11306,0.29914,134,70,53,0.28863,0.81741,-0.13556,1,0,0.450
29.5740,293,BR,15,0.40104,-0.10413,0.30039,134,134,134,0.27929,0.47293,-0.11008,1,1,0.450
29.5880,293,FL,7,0.71457,0.17135,0.30280,134,97,86,0.28168,0.84345,0.19190,1,0,0.450
29.5880,293,BL,30,0.53003,0.16044,0.29990,134,128,119,0.27880,0.60115,0.15237,1,1,0.450
29.5880,293,FR,22,0.85106,-0.11333,0.29867,134,70,53,0.28818,0.81822,-0.13807,1,0,0.450
29.5880,293,BR,15,0.39947,-0.10365,0.30061,134,134,134,0.27950,0.46945,-0.11112,1,1,0.450
29.5980,293,FL,7,0.71327,0.17111,0.30326,134,97,86,0.28215,0.84115,0.19123,1,0,0.450
29.5980,293,BL,30,0.52803,0.15966,0.29992,134,134,128,0.27882,0.59932,0.15127,1,1,0.450
29.5980,293,FR,22,0.84888,-0.11373,0.29867,134,70,53,0.28818,0.81635,-0.13813,1,0,0.450
29.5980,293,BR,15,0.39748,-0.10411,0.30063,134,134,134,0.27952,0.46688,-0.11196,1,1,0.450
29.6080,294,FL,6,0.71331,0.17114,0.30304,134,97,86,0.28193,0.84035,0.19088,1,0,0.450
29.6080,294,BL,29,0.52721,0.15906,0.29992,134,134,128,0.27882,0.59389,0.15058,1,1,0.450
29.6080,294,FR,21,0.84806,-0.11432,0.29867,134,70,53,0.28818,0.81066,-0.13893,1,0,0.450
29.6080,294,BR,14,0.39696,-0.10455,0.30065,134,134,134,0.27954,0.46568,-0.11284,1,1,0.450
29.6180,294,FL,6,0.71314,0.17162,0.30281,134,97,86,0.28170,0.83957,0.19144,1,0,0.450
29.6180,294,BL,29,0.52572,0.15814,0.29995,134,134,128,0.27885,0.59143,0.14522,1,1,0.450
29.6180,294,FR,21,0.84781,-0.11391,0.29844,134,70,53,0.28795,0.81334,-0.14083,1,0,0.450
29.6180,294,BR,14,0.39681,-0.10356,0.30069,134,134,134,0.27959,0.46445,-0.11285,1,1,0.450
29.6280,294,FL,6,0.71172,0.17135,0.30312,134,97,86,0.28201,0.83741,0.19095,1,0,0.450
29.6280,294,BL,29,0.52417,0.15776,0.29997,134,134,128,0.27887,0.59037,0.14499,1,1,0.450
29.6280,294,FR,21,0.84599,-0.11407,0.29850,134,70,53,0.28802,0.81184,-0.14076,1,0,0.450
29.6280,294,BR,14,0.39500,-0.10402,0.30073,134,134,134,0.27962,0.46260,-0.11321,1,1,0.450
29.6380,295,FL,5,0.71058,0.17114,0.30356,134,97,86,0.28245,0.83563,0.19049,1,0,0.450
29.6380,295,BL,28,0.52275,0.15749,0.29998,134,134,128,0.27887,0.58464,0.14497,1,1,0.450
29.6380,295,FR,20,0.84458,-0.11435,0.29854,134,70,53,0.28805,0.80603,-0.14082,1,0,0.450
29.6380,295,BR,13,0.39364,-0.10439,0.30092,134,134,134,0.27981,0.46103,-0.11361,1,1,0.450
29.6480,295,FL,5,0.71122,0.17148,0.30386,134,97,86,0.28274,0.83551,0.19100,1,0,0.450
29.6480,295,BL,28,0.52195,0.15658,0.30001,134,134,128,0.27890,0.58510,0.14196,1,1,0.450
29.6480,295,FR,20,0.84502,-0.11394,0.29835,134,70,53,0.28787,0.80988,-0.14205,1,0,0.450
29.6480,295,BR,13,0.39430,-0.10347,0.30113,134,134,134,0.28002,0.46073,-0.11354,1,1,0.450
29.6580,295,FL,5,0.70983,0.17080,0.30452,134,97,86,0.28341,0.83347,0.19013,1,0,0.450
29.6580,295,BL,28,0.52090,0.15648,0.30002,134,134,128,0.27892,0.58496,0.14231,1,1,0.450
29.6580,295,FR,20,0.84344,-0.11416,0.29850,134,70,53,0.28801,0.80872,-0.14200,1,0,0.450
29.6580,295,BR,13,0.39260,-0.10409,0.30125,134,134,134,0.28015,0.45939,-0.11363,1,1,0.450
29.6680,296,FL,4,0.70972,0.17025,0.30552,133,96,85,0.28441,0.83275,0.18930,1,0,0.450
29.6680,296,BL,27,0.52064,0.15627,0.30003,134,134,128,0.27893,0.58052,0.14261,1,1,0.450
29.6680,296,FR,19,0.84323,-0.11443,0.29857,134,70,53,0.28808,0.80433,-0.14175,1,0,0.450
29.6680,296,BR,12,0.39236,-0.10465,0.30157,134,134,134,0.28046,0.45905,-0.11387,1,1,0.450
29.6780,296,FL,4,0.70915,0.16993,0.30638,132,96,85,0.28526,0.83153,0.18897,1,0,0.450
29.6780,296,BL,27,0.51946,0.15554,0.30008,134,134,128,0.27897,0.58254,0.14040,1,1,0.450
29.6780,296,FR,19,0.84314,-0.11401,0.29840,134,70,53,0.28792,0.80830,-0.14240,1,0,0.450
29.6800,296,BR,12,0.39212,-0.10410,0.30197,134,134,134,0.28086,0.45848,-0.11347,1,1,0.450
29.6880,296,FL,4,0.70868,0.16922,0.30719,132,96,85,0.28606,0.83051,0.18804,1,0,0.450
29.6880,296,BL,27,0.51923,0.15553,0.30009,134,134,128,0.27899,0.58364,0.14134,1,1,0.450
29.6880,296,FR,19,0.84220,-0.11432,0.29862,134,70,53,0.28813,0.80778,-0.14241,1,0,0.450
29.6880,296,BR,12,0.39117,-0.10473,0.30212,134,134,134,0.28101,0.45778,-0.11353,1,1,0.450
29.6980,297,FL,3,0.70839,0.16863,0.30791,132,96,85,0.28678,0.82985,0.18718,1,0,0.450
29.6980,297,BL,26,0.51890,0.15549,0.30010,134,134,128,0.27900,0.57907,0.14195,1,1,0.450
29.6980,297,FR,18,0.84191,-0.11451,0.29867,134,70,53,0.28817,0.80331,-0.14196,1,0,0.450
29.6980,297,BR,11,0.39079,-0.10517,0.30238,134,134,134,0.28127,0.45744,-0.11357,1,1,0.450
29.7100,297,FL,3,0.70802,0.16820,0.30849,131,95,84,0.28736,0.82907,0.18669,1,0,0.450
29.7100,297,BL,26,0.51815,0.15489,0.30015,134,134,128,0.27904,0.58194,0.14039,1,1,0.450
29.7100,297,FR,18,0.84218,-0.11409,0.29848,134,70,53,0.28799,0.80767,-0.14235,1,0,0.450
29.7100,297,BR,11,0.39083,-0.10464,0.30277,134,134,134,0.28166,0.45742,-0.11302,1,1,0.450
29.7240,298,FL,2,0.70690,0.16747,0.30909,131,95,84,0.28796,0.82764,0.18577,1,0,0.450
29.7240,298,BL,25,0.51778,0.15509,0.30016,134,134,128,0.27905,0.57869,0.14209,1,1,0.450
29.7240,298,FR,17,0.84093,-0.11435,0.29871,134,70,53,0.28822,0.80702,-0.14223,1,0,0.450
29.7240,298,BR,10,0.38942,-0.10523,0.30292,134,134,134,0.28181,0.45657,-0.11289,1,1,0.450
29.7340,298,FL,2,0.70771,0.16720,0.30916,131,95,84,0.28803,0.82882,0.18581,1,0,0.450
29.7340,298,BL,25,0.51833,0.15485,0.30020,134,134,128,0.27910,0.58357,0.14176,1,1,0.450
29.7340,298,FR,17,0.84213,-0.11378,0.29855,134,70,53,0.28806,0.80817,-0.14207,1,0,0.450
29.7340,298,BR,10,0.39054,-0.10427,0.30325,134,134,134,0.28214,0.45749,-0.11197,1,1,0.450
29.7440,298,FL,2,0.70752,0.16668,0.30933,131,95,84,0.28820,0.82932,0.18566,1,0,0.450
29.7440,298,BL,25,0.51896,0.15540,0.30019,134,134,128,0.27909,0.58505,0.14292,1,1,0.450
29.7440,298,FR,17,0.84231,-0.11371,0.29870,134,70,53,0.28820,0.80844,-0.14164,1,0,0.450
29.7440,298,BR,10,0.39061,-0.10441,0.30328,134,134,134,0.28217,0.45816,-0.11143,1,1,0.450
29.7540,299,FL,1,0.70760,0.16637,0.30936,131,95,84,0.28823,0.83052,0.18583,1,0,0.450
29.7540,299,BL,24,0.51973,0.15596,0.30018,134,134,128,0.27908,0.58145,0.14412,1,1,0.450
29.7540,299,FR,16,0.84302,-0.11338,0.29872,134,70,53,0.28823,0.81354,-0.14166,1,0,0.450
29.7540,299,BR,9,0.39115,-0.10410,0.30335,134,134,134,0.28224,0.45903,-0.11066,1,1,0.450
29.7640,299,FL,1,0.70673,0.16591,0.30930,131,95,84,0.28817,0.82973,0.18513,1,0,0.450
29.7640,299,BL,24,0.51972,0.15579,0.30022,134,134,128,0.27911,0.58619,0.14431,1,1,0.450
29.7640,299,FR,16,0.84294,-0.11304,0.29862,134,70,53,0.28813,0.81408,-0.14144,1,0,0.450
29.7640,299,BR,9,0.39052,-0.10352,0.30341,134,134,134,0.28230,0.45914,-0.10957,1,1,0.450
29.7740,299,FL,1,0.70747,0.16570,0.30950,131,95,84,0.28837,0.83191,0.18608,1,0,0.450
29.7760,299,BL,24,0.52188,0.15696,0.30019,134,134,128,0.27909,0.58925,0.14604,1,1,0.450
29.7760,299,FR,16,0.84457,-0.11253,0.29880,134,70,53,0.28830,0.81565,-0.14074,1,0,0.450
29.7760,299,BR,9,0.39216,-0.10283,0.30354,134,134,134,0.28243,0.46130,-0.10829,1,1,0.450
29.7840,300,FL,30,0.97429,0.16425,0.30005,134,68,46,0.33138,1.19547,0.17824,1,0,0.450
29.7840,300,BL,23,0.52251,0.15780,0.30016,134,134,128,0.27906,0.58542,0.14746,1,1,0.450
29.7840,300,FR,15,0.84495,-0.11214,0.29890,134,70,53,0.28840,0.81626,-0.14001,1,0,0.450
29.7840,300,BR,8,0.39202,-0.10262,0.30340,134,134,134,0.28229,0.46218,-0.10704,1,1,0.450
29.8040,300,FL,30,0.97586,0.16455,0.30012,134,68,46,0.33144,1.15384,0.17842,1,0,0.450
29.8040,300,BL,23,0.52388,0.15824,0.30018,134,134,128,0.27908,0.59153,0.14778,1,1,0.450
29.8040,300,FR,15,0.84672,-0.11130,0.29871,134,70,53,0.28822,0.81768,-0.13958,1,0,0.450
29.8040,300,BR,8,0.39374,-0.10102,0.30317,134,134,134,0.28206,0.46409,-0.10516,1,1,0.450
29.8160,301,FL,29,0.98029,0.16628,0.30012,134,68,46,0.35475,1.15374,0.18005,1,0,0.450
29.8160,301,BL,22,0.52872,0.16111,0.30024,134,134,128,0.27914,0.59294,0.15134,1,1,0.450
29.8160,301,FR,14,0.84992,-0.11000,0.29893,134,70,53,0.28842,0.82198,-0.13743,1,0,0.450
29.8160,301,BR,7,0.39555,-0.09978,0.30422,134,134,134,0.28310,0.46840,-0.10218,1,1,0.450
29.8260,301,FL,29,0.98100,0.16659,0.30018,134,68,46,0.35480,1.16073,0.18027,1,0,0.450
29.8260,301,BL,22,0.52899,0.16126,0.30027,134,134,128,0.27917,0.59824,0.15170,1,1,0.450
29.8260,301,FR,14,0.85006,-0.10986,0.29878,134,70,53,0.28829,0.82292,-0.13682,1,0,0.450
29.8260,301,BR,7,0.39465,-0.09969,0.30403,134,134,134,0.28291,0.46908,-0.10103,1,1,0.450
29.8360,301,FL,29,0.98236,0.16725,0.30019,134,68,46,0.35481,1.16163,0.18035,1,0,0.450
29.8360,301,BL,22,0.53023,0.16230,0.30021,134,128,119,0.27911,0.60042,0.15343,1,1,0.450
29.8360,301,FR,14,0.85018,-0.10993,0.29894,134,70,53,0.28844,0.82403,-0.13604,1,0,0.450
29.8360,301,BR,7,0.39423,-0.09993,0.30404,134,134,134,0.28292,0.46956,-0.10038,1,1,0.450
29.8460,302,FL,28,0.98428,0.16790,0.30019,134,68,46,0.35481,1.15881,0.18148,1,0,0.450
29.8460,302,BL,21,0.53207,0.16332,0.30019,134,128,119,0.27909,0.59771,0.15535,1,1,0.450
29.8480,302,FR,13,0.85143,-0.10959,0.29882,134,70,53,0.28832,0.82588,-0.13526,1,0,0.450
29.8480,302,BR,6,0.39497,-0.09957,0.30357,134,134,134,0.28245,0.47100,-0.09938,1,1,0.450
29.8620,302,FL,28,0.98503,0.16803,0.30025,134,68,46,0.35486,1.16575,0.18182,1,0,0.450
29.8620,302,BL,21,0.53246,0.16320,0.30021,134,128,119,0.27911,0.60271,0.15534,1,1,0.450
29.8620,302,FR,13,0.85200,-0.10946,0.29862,134,70,53,0.28813,0.82673,-0.13506,1,0,0.450
29.8620,302,BR,6,0.39520,-0.09926,0.30357,134,134,134,0.28245,0.47176,-0.09865,1,1,0.450
29.8740,303,FL,27,0.98627,0.16906,0.30027,134,68,46,0.35487,1.16178,0.18309,1,0,0.450
29.8740,303,BL,20,0.53362,0.16466,0.30021,134,128,119,0.27911,0.59976,0.15797,1,1,0.450
29.8740,303,FR,12,0.85235,-0.10888,0.29901,134,70,53,0.28850,0.82760,-0.13393,1,0,0.450
29.8740,303,BR,5,0.39531,-0.09886,0.30436,134,134,134,0.28324,0.47248,-0.09726,1,1,0.450
29.8840,303,FL,27,0.98671,0.16931,0.30032,134,68,46,0.35491,1.16838,0.18367,1,0,0.450
29.8840,303,BL,20,0.53367,0.16456,0.30025,134,128,119,0.27915,0.60422,0.15815,1,1,0.450
29.8840,303,FR,12,0.85272,-0.10872,0.29883,134,70,53,0.28833,0.82815,-0.13377,1,0,0.450
29.8840,303,BR,5,0.39542,-0.09840,0.30460,134,134,134,0.28348,0.47298,-0.09645,1,1,0.450
29.8960,303,FL,27,0.98719,0.17000,0.30033,134,68,46,0.35492,1.16851,0.18397,1,0,0.450
29.8960,303,BL,20,0.53410,0.16554,0.30024,134,128,119,0.27914,0.60522,0.15951,1,1,0.450
29.8960,303,FR,12,0.85268,-0.10829,0.29917,134,70,53,0.28866,0.82823,-0.13305,1,0,0.450
29.8960,303,BR,5,0.39549,-0.09804,0.30519,133,133,133,0.28407,0.47313,-0.09545,1,1,0.450
29.9060,304,FL,26,0.98754,0.17074,0.30033,134,68,46,0.35492,1.16400,0.18535,1,0,0.450
29.9060,304,BL,19,0.53446,0.16655,0.30030,134,128,119,0.27919,0.60060,0.16137,1,1,0.450
29.9060,304,FR,11,0.85294,-0.10761,0.29937,134,70,53,0.28885,0.82843,-0.13223,1,0,0.450
29.9060,304,BR,4,0.39565,-0.09738,0.30597,132,132,132,0.28484,0.47355,-0.09400,1,1,0.450
29.9160,304,FL,26,0.98690,0.17070,0.30040,134,68,46,0.35497,1.16947,0.18586,1,0,0.450
29.9160,304,BL,19,0.53344,0.16613,0.30036,134,128,119,0.27925,0.60381,0.16119,1,1,0.450
29.9160,304,FR,11,0.85245,-0.10764,0.29932,134,70,53,0.28880,0.82776,-0.13234,1,0,0.450
29.9160,304,BR,4,0.39516,-0.09703,0.30643,132,132,132,0.28531,0.47317,-0.09336,1,1,0.450
29.9260,304,FL,26,0.98765,0.17151,0.30041,134,68,46,0.35498,1.16997,0.18627,1,0,0.450
29.9260,304,BL,19,0.53414,0.16741,0.30034,134,128,119,0.27924,0.60497,0.16264,1,1,0.450
29.9260,304,FR,11,0.85255,-0.10699,0.29968,134,70,53,0.28915,0.82807,-0.13147,1,0,0.450
29.9260,304,BR,4,0.39542,-0.09633,0.30709,132,132,132,0.28597,0.47318,-0.09199,1,1,0.450
29.9380,305,FL,25,0.98760,0.17213,0.30041,134,68,46,0.35498,1.16501,0.18761,1,0,0.450
29.9380,305,BL,18,0.53409,0.16827,0.30039,134,128,119,0.27928,0.59990,0.16450,1,1,0.450
29.9380,305,FR,10,0.85236,-0.10654,0.29984,134,70,53,0.28930,0.82784,-0.13075,1,0,0.450
29.9380,305,BR,3,0.39529,-0.09593,0.30752,132,132,132,0.28640,0.47288,-0.09087,1,1,0.450
29.9460,305,FL,25,0.98665,0.17219,0.30048,134,68,46,0.35503,1.17016,0.18833,1,0,0.450
29.9460,305,BL,18,0.53273,0.16796,0.30046,134,128,119,0.27936,0.60272,0.16457,1,1,0.450
29.9460,305,FR,10,0.85156,-0.10671,0.29981,134,70,53,0.28927,0.82670,-0.13078,1,0,0.450
29.9460,305,BR,3,0.39475,-0.09572,0.30784,132,132,132,0.28671,0.47203,-0.09031,1,1,0.450
29.9580,305,FL,25,0.98648,0.17280,0.30049,134,68,46,0.35505,1.16978,0.18863,1,0,0.450
29.9580,305,BL,18,0.53256,0.16881,0.30043,134,128,119,0.27933,0.60288,0.16579,1,1,0.450
29.9580,305,FR,10,0.85102,-0.10652,0.30010,134,70,53,0.28955,0.82614,-0.13016,1,0,0.450
29.9580,305,BR,3,0.39460,-0.09564,0.30812,132,132,132,0.28699,0.47124,-0.08976,1,1,0.450
29.9660,306,FL,24,0.98601,0.17361,0.30050,134,68,46,0.35505,1.16431,0.19025,1,0,0.450
29.9680,306,BL,17,0.53213,0.16971,0.30047,134,128,119,0.27937,0.60230,0.16705,1,1,0.450
29.9680,306,FR,9,0.85061,-0.10624,0.30023,134,70,53,0.28967,0.82546,-0.12928,1,0,0.450
29.9680,306,BR,2,0.39457,-0.09560,0.30827,132,132,132,0.28715,0.47052,-0.08910,1,1,0.450
29.9780,306,FL,24,0.98546,0.17358,0.30055,134,68,46,0.35509,1.16950,0.19078,1,0,0.450
29.9780,306,BL,17,0.53120,0.16903,0.30050,134,128,119,0.27940,0.60082,0.16816,1,1,0.450
29.9780,306,FR,9,0.85018,-0.10679,0.30015,134,70,53,0.28960,0.82461,-0.12970,1,0,0.450
29.9780,306,BR,2,0.39464,-0.09566,0.30819,132,132,132,0.28706,0.47010,-0.08937,1,1,0.450
29.9880,306,FL,24,0.98468,0.17455,0.30059,134,68,46,0.35512,1.16883,0.19184,1,0,0.450
29.9880,306,BL,17,0.53048,0.16994,0.30050,134,128,119,0.27939,0.59982,0.16944,1,1,0.450
29.9880,306,FR,9,0.84978,-0.10656,0.30038,134,70,53,0.28982,0.82366,-0.12867,1,0,0.450
29.9880,306,BR,2,0.39484,-0.09581,0.30817,132,132,132,0.28704,0.46934,-0.08930,1,1,0.450
30.0000,307,FL,23,0.98439,0.17548,0.30060,134,68,46,0.35513,1.16342,0.19382,1,0,0.450
30.0000,307,BL,16,0.53031,0.17051,0.30052,134,128,119,0.27942,0.59933,0.17066,1,1,0.450
30.0000,307,FR,8,0.84997,-0.10643,0.30038,134,70,53,0.28982,0.82336,-0.12784,1,0,0.450
30.0000,307,BR,1,0.39543,-0.09589,0.30793,132,132,132,0.28680,0.46929,-0.08944,1,1,0.450
30.0180,307,FL,23,0.98286,0.17566,0.30068,134,68,46,0.35519,1.16258,0.19935,1,0,0.450
30.0180,307,BL,16,0.52861,0.16958,0.30059,134,134,128,0.27948,0.59728,0.17107,1,1,0.450
30.0180,307,FR,8,0.84935,-0.10713,0.30030,134,70,53,0.28974,0.82155,-0.12819,1,0,0.450
30.0200,307,BR,1,0.39528,-0.09613,0.30794,132,132,132,0.28681,0.46936,-0.09017,1,1,0.450
30.0280,308,FL,22,0.98154,0.17721,0.30061,134,68,46,0.35514,1.15727,0.20085,1,0,0.450
30.0280,308,BL,15,0.52769,0.17012,0.30051,134,134,128,0.27940,0.59536,0.17284,1,1,0.450
30.0280,308,FR,7,0.84992,-0.10693,0.30004,134,70,53,0.28950,0.82050,-0.12665,1,0,0.450
30.0280,308,BR,30,0.66710,-0.09664,0.29985,134,108,97,0.27875,0.74930,-0.09893,1,1,0.450
30.0380,308,FL,22,0.97974,0.17751,0.30074,134,68,46,0.33195,1.15901,0.20457,1,0,0.450
30.0400,308,BL,15,0.52556,0.16926,0.30059,134,134,128,0.27949,0.59315,0.17302,1,1,0.450
30.0400,308,FR,7,0.84853,-0.10707,0.30020,134,70,53,0.28965,0.81842,-0.12664,1,0,0.450
30.0400,308,BR,30,0.66564,-0.09563,0.29982,134,108,97,0.27871,0.74684,-0.09184,1,1,0.450
30.0480,308,FL,22,0.97920,0.17816,0.30072,134,68,46,0.33194,1.15865,0.20501,1,0,0.450
30.0480,308,BL,15,0.52531,0.16978,0.30059,134,134,128,0.27949,0.59216,0.17379,1,1,0.450
30.0480,308,FR,7,0.84894,-0.10677,0.30048,134,70,53,0.28992,0.81809,-0.12587,1,0,0.450
30.0480,308,BR,30,0.66517,-0.09490,0.29984,134,108,97,0.27874,0.74692,-0.09130,1,1,0.450
30.0600,309,FL,21,0.97788,0.17862,0.30072,134,68,46,0.33194,1.15328,0.20546,1,0,0.450
30.0600,309,BL,14,0.52416,0.17006,0.30064,134,134,128,0.27953,0.59065,0.17438,1,1,0.450
30.0600,309,FR,6,0.84816,-0.10675,0.30036,134,70,53,0.28980,0.81670,-0.12547,1,0,0.450
30.0600,309,BR,29,0.66386,-0.09447,0.29984,134,108,97,0.27874,0.74161,-0.09100,1,1,0.450
30.0700,309,FL,21,0.97718,0.17858,0.30081,134,68,46,0.33201,1.15703,0.20780,1,0,0.450
30.0700,309,BL,14,0.52334,0.16910,0.30069,134,134,128,0.27958,0.58936,0.17460,1,1,0.450
30.0700,309,FR,6,0.84818,-0.10724,0.30001,134,70,53,0.28946,0.81575,-0.12592,1,0,0.450
30.0700,309,BR,29,0.66320,-0.09333,0.29980,134,108,97,0.27870,0.74277,-0.08638,1,1,0.450
30.0780,309,FL,21,0.97536,0.17879,0.30083,134,68,46,0.33204,1.15549,0.20775,1,0,0.450
30.0780,309,BL,14,0.52145,0.16957,0.30071,134,134,128,0.27961,0.58747,0.17491,1,1,0.450
30.0780,309,FR,6,0.84648,-0.10690,0.30031,134,70,53,0.28975,0.81358,-0.12533,1,0,0.450
30.0780,309,BR,29,0.66141,-0.09305,0.29981,134,108,97,0.27871,0.74137,-0.08615,1,1,0.450
30.0900,310,FL,20,0.97572,0.17910,0.30085,134,68,46,0.33205,1.15203,0.20780,1,0,0.450
30.0900,310,BL,13,0.52205,0.16971,0.30081,134,134,128,0.27971,0.58746,0.17546,1,1,0.450
30.0900,310,FR,5,0.84742,-0.10698,0.30046,134,70,53,0.28990,0.81418,-0.12529,1,0,0.450
30.0900,310,BR,28,0.66176,-0.09267,0.29982,134,108,97,0.27872,0.73793,-0.08622,1,1,0.450
30.0980,310,FL,20,0.97482,0.17876,0.30097,134,68,46,0.33215,1.15600,0.20923,1,0,0.450
30.0980,310,BL,13,0.52079,0.16864,0.30096,134,134,128,0.27985,0.58632,0.17522,1,1,0.450
30.1000,310,FR,5,0.84677,-0.10725,0.30049,134,70,53,0.28992,0.81265,-0.12572,1,0,0.450
30.1000,310,BR,28,0.66091,-0.09181,0.29978,134,108,97,0.27868,0.74017,-0.08326,1,1,0.450
30.1100,310,FL,20,0.97372,0.17893,0.30104,134,68,46,0.33221,1.15521,0.20904,1,0,0.450
30.1100,310,BL,13,0.51958,0.16920,0.30109,134,134,128,0.27998,0.58514,0.17536,1,1,0.450
30.1100,310,FR,5,0.84575,-0.10669,0.30116,134,70,53,0.29056,0.81131,-0.12502,1,0,0.450
30.1100,310,BR,28,0.65991,-0.09172,0.29979,134,108,97,0.27868,0.73953,-0.08323,1,1,0.450
30.1200,311,FL,19,0.97311,0.17921,0.30111,134,68,46,0.33227,1.15099,0.20858,1,0,0.450
30.1200,311,BL,12,0.51899,0.16970,0.30140,134,134,128,0.28030,0.58433,0.17557,1,1,0.450
30.1200,311,FR,4,0.84541,-0.10609,0.30206,134,70,53,0.29144,0.81063,-0.12421,1,0,0.450
30.1200,311,BR,27,0.65936,-0.09153,0.29980,134,108,97,0.27869,0.73525,-0.08370,1,1,0.450
30.1300,311,FL,19,0.97291,0.17893,0.30130,134,68,46,0.33243,1.15589,0.20952,1,0,0.450
30.1300,311,BL,12,0.51844,0.16896,0.30179,134,134,128,0.28069,0.58381,0.17521,1,1,0.450
30.1300,311,FR,4,0.84556,-0.10576,0.30283,134,70,53,0.29217,0.81008,-0.12401,1,0,0.450
30.1300,311,BR,27,0.65932,-0.09075,0.29977,134,108,97,0.27867,0.73898,-0.08181,1,1,0.450
30.1400,311,FL,19,0.97201,0.17920,0.30141,134,68,46,0.33252,1.15532,0.20924,1,0,0.450
30.1400,311,BL,12,0.51734,0.16976,0.30204,134,134,128,0.28093,0.58296,0.17526,1,1,0.450
30.1400,311,FR,4,0.84460,-0.10489,0.30385,134,70,53,0.29315,0.80881,-0.12278,1,0,0.450
30.1400,311,BR,27,0.65856,-0.09076,0.29977,134,108,97,0.27867,0.73857,-0.08198,1,1,0.450
30.1500,312,FL,18,0.97175,0.17948,0.30149,134,68,46,0.33259,1.15148,0.20853,1,0,0.450
30.1500,312,BL,11,0.51705,0.17034,0.30239,134,134,128,0.28128,0.58253,0.17535,1,1,0.450
30.1500,312,FR,3,0.84449,-0.10419,0.30490,133,69,52,0.29416,0.80858,-0.12163,1,0,0.450
30.1500,312,BR,26,0.65840,-0.09069,0.29978,134,108,97,0.27868,0.73470,-0.08275,1,1,0.450
30.1600,312,FL,18,0.97055,0.17942,0.30173,134,68,46,0.33279,1.15559,0.20916,1,0,0.450
30.1600,312,BL,11,0.51529,0.17010,0.30297,134,134,128,0.28185,0.58121,0.17500,1,1,0.450
30.1600,312,FR,3,0.84337,-0.10341,0.30589,132,68,52,0.29512,0.80675,-0.12050,1,0,0.450
30.1600,312,BR,26,0.65752,-0.08994,0.29976,134,108,97,0.27866,0.73795,-0.08153,1,1,0.450
30.1700,312,FL,18,0.97107,0.17962,0.30182,134,68,46,0.33287,1.15635,0.20889,1,0,0.450
30.1700,312,BL,11,0.51581,0.17063,0.30310,134,134,128,0.28199,0.58164,0.17505,1,1,0.450
30.1700,312,FR,3,0.84398,-0.10282,0.30678,132,68,52,0.29597,0.80754,-0.11971,1,0,0.450
30.1700,312,BR,26,0.65820,-0.09006,0.29975,134,108,97,0.27865,0.73900,-0.08194,1,1,0.450
30.1800,313,FL,17,0.97122,0.17971,0.30186,134,68,46,0.33290,1.15656,0.20869,1,0,0.450
30.1800,313,BL,10,0.51584,0.17093,0.30327,134,134,128,0.28216,0.58186,0.17489,1,1,0.450
30.1800,313,FR,2,0.84401,-0.10234,0.30725,132,68,52,0.29642,0.80771,-0.11888,1,0,0.450
30.1800,313,BR,25,0.65841,-0.09018,0.29976,134,108,97,0.27866,0.73541,-0.08291,1,1,0.450
30.1900,313,FL,17,0.97165,0.17939,0.30205,134,68,46,0.33306,1.15834,0.20852,1,0,0.450
30.1900,313,BL,10,0.51586,0.17009,0.30361,134,134,128,0.28250,0.58219,0.17433,1,1,0.450
30.1900,313,FR,2,0.84453,-0.10212,0.30747,132,68,52,0.29663,0.80811,-0.11885,1,0,0.450
30.1900,313,BR,25,0.65913,-0.08965,0.29973,134,108,97,0.27863,0.74031,-0.08213,1,1,0.450
30.1980,313,FL,17,0.97128,0.17937,0.30216,134,68,46,0.33315,1.15820,0.20793,1,0,0.450
30.1980,313,BL,10,0.51519,0.17052,0.30376,134,134,128,0.28265,0.58215,0.17393,1,1,0.450
30.1980,313,FR,2,0.84359,-0.10152,0.30797,132,68,52,0.29712,0.80742,-0.11824,1,0,0.450
30.1980,313,BR,25,0.65900,-0.09010,0.29971,134,108,97,0.27861,0.74058,-0.08279,1,1,0.450
30.2080,314,FL,16,0.97239,0.17897,0.30218,134,68,46,0.33317,1.16316,0.20829,1,0,0.450
30.2080,314,BL,9,0.51633,0.16994,0.30383,134,134,128,0.28271,0.58327,0.17330,1,1,0.450
30.2080,314,FR,1,0.84442,-0.10162,0.30793,132,68,52,0.29708,0.80914,-0.11907,1,0,0.450
30.2080,314,BR,24,0.66021,-0.09061,0.29971,134,108,97,0.27861,0.73796,-0.08411,1,1,0.450
30.2180,314,FL,16,0.97260,0.17837,0.30240,134,68,46,0.33335,1.16480,0.20768,1,0,0.450
30.2180,314,BL,9,0.51592,0.16894,0.30415,134,134,128,0.28304,0.58362,0.17211,1,1,0.450
30.2180,314,FR,1,0.84424,-0.10137,0.30796,132,68,52,0.29710,0.80889,-0.11922,1,0,0.450
30.2180,314,BR,24,0.66079,-0.09052,0.29966,134,108,97,0.27856,0.74269,-0.08378,1,1,0.450
30.2300,314,FL,16,0.97233,0.17817,0.30253,134,68,46,0.33346,1.16486,0.20688,1,0,0.450
30.2300,314,BL,9,0.51532,0.16913,0.30418,134,134,128,0.28307,0.58371,0.17133,1,1,0.450
30.2300,314,FR,1,0.84325,-0.10093,0.30844,131,67,51,0.29757,0.80782,-0.11903,1,0,0.450
30.2300,314,BR,24,0.66091,-0.09128,0.29962,134,108,97,0.27852,0.74323,-0.08476,1,1,0.450
30.2420,315,FL,15,0.97323,0.17742,0.30259,134,68,46,0.33351,1.16597,0.20594,1,0,0.450
30.2420,315,BL,8,0.51608,0.16833,0.30396,134,134,128,0.28285,0.58481,0.16976,1,1,0.450
30.2420,315,FR,30,1.11344,-0.10164,0.30002,134,68,48,0.30298,1.21271,-0.11143,1,1,0.450
30.2420,315,BR,23,0.66220,-0.09251,0.29959,134,108,97,0.27849,0.74068,-0.08683,1,1,0.450
30.2680,316,FL,14,0.97534,0.17557,0.30272,134,68,46,0.33362,1.16772,0.20524,1,0,0.450
30.2680,316,BL,7,0.51831,0.16499,0.30462,134,134,128,0.28350,0.58739,0.16668,1,1,0.450
30.2680,316,FR,29,1.11585,-0.10239,0.29999,134,68,48,0.30295,1.22398,-0.11398,1,1,0.450
30.2680,316,BR,22,0.66450,-0.09365,0.29961,134,108,97,0.27851,0.74577,-0.08869,1,1,0.450
30.2760,316,FL,14,0.97423,0.17523,0.30331,134,68,46,0.33412,1.16888,0.20324,1,0,0.450
30.2780,316,BL,7,0.51576,0.16533,0.30548,133,133,127,0.28436,0.58697,0.16449,1,1,0.450
30.2780,316,FR,29,1.11706,-0.10374,0.30000,134,68,48,0.30296,1.23450,-0.11532,1,1,0.450
30.2780,316,BR,22,0.66522,-0.09536,0.29957,134,108,97,0.27846,0.75283,-0.09091,1,1,0.450
30.2860,316,FL,14,0.97479,0.17549,0.30320,134,68,46,0.33402,1.17062,0.20237,1,0,0.450
30.2860,316,BL,7,0.51600,0.16553,0.30471,134,134,128,0.28359,0.58744,0.16434,1,1,0.450
30.2860,316,FR,29,1.11912,-0.10446,0.30003,134,68,48,0.30299,1.23651,-0.11578,1,1,0.450
30.2860,316,BR,22,0.66701,-0.09639,0.29947,134,108,97,0.27837,0.75532,-0.09268,1,1,0.450
30.2980,317,FL,13,0.97474,0.17538,0.30325,134,68,46,0.33407,1.17103,0.20177,1,0,0.450
30.2980,317,BL,6,0.51574,0.16541,0.30475,134,134,128,0.28363,0.58735,0.16355,1,1,0.450
30.2980,317,FR,28,1.11966,-0.10494,0.30004,134,68,48,0.30299,1.23219,-0.11691,1,1,0.450
30.2980,317,BR,21,0.66747,-0.09719,0.29947,134,108,97,0.27837,0.75109,-0.09453,1,1,0.450
30.3080,317,FL,13,0.97373,0.17554,0.30340,134,68,46,0.33419,1.17054,0.20181,1,0,0.450
30.3080,317,BL,6,0.51486,0.16515,0.30466,134,134,128,0.28355,0.58638,0.16300,1,1,0.450
30.3100,317,FR,28,1.11961,-0.10496,0.29999,134,68,48,0.30295,1.23985,-0.11716,1,1,0.450
30.3100,317,BR,21,0.66704,-0.09696,0.29943,134,108,97,0.27833,0.75582,-0.09455,1,1,0.450
30.3200,317,FL,13,0.97396,0.17513,0.30352,134,68,46,0.33430,1.17089,0.20103,1,0,0.450
30.3200,317,BL,6,0.51525,0.16476,0.30502,133,133,127,0.28390,0.58657,0.16212,1,1,0.450
30.3200,317,FR,28,1.12039,-0.10557,0.30003,134,68,48,0.30298,1.24056,-0.11761,1,1,0.450
30.3200,317,BR,21,0.66773,-0.09804,0.29941,134,108,97,0.27831,0.75676,-0.09575,1,1,0.450
30.3280,318,FL,12,0.97295,0.17479,0.30366,134,68,46,0.33442,1.16940,0.20052,1,0,0.450
30.3280,318,BL,5,0.51449,0.16455,0.30560,133,133,127,0.28448,0.58562,0.16108,1,1,0.450
30.3280,318,FR,27,1.11917,-0.10599,0.30003,134,68,48,0.30298,1.23425,-0.11876,1,1,0.450
30.3280,318,BR,20,0.66656,-0.09866,0.29945,134,108,97,0.27835,0.75036,-0.09731,1,1,0.450
30.3380,318,FL,12,0.97307,0.17486,0.30387,134,68,46,0.33459,1.17004,0.20057,1,0,0.450
30.3380,318,BL,5,0.51487,0.16401,0.30576,132,132,127,0.28464,0.58566,0.16070,1,1,0.450
30.3380,318,FR,27,1.12037,-0.10611,0.29996,134,68,48,0.30292,1.24235,-0.11914,1,1,0.450
30.3380,318,BR,20,0.66729,-0.09844,0.29942,134,108,97,0.27832,0.75594,-0.09738,1,1,0.450
30.3480,318,FL,12,0.97286,0.17417,0.30414,134,68,46,0.33482,1.16926,0.19986,1,0,0.450
30.3480,318,BL,5,0.51500,0.16326,0.30661,132,132,127,0.28548,0.58548,0.15926,1,1,0.450
30.3480,318,FR,27,1.12006,-0.10666,0.30000,134,68,48,0.30296,1.24193,-0.11956,1,1,0.450
30.3480,318,BR,20,0.66701,-0.09948,0.29943,134,108,97,0.27833,0.75568,-0.09837,1,1,0.450
30.3580,319,FL,11,0.97255,0.17359,0.30431,134,68,46,0.33496,1.16841,0.19926,1,0,0.450
30.3580,319,BL,4,0.51496,0.16255,0.30729,132,132,127,0.28617,0.58515,0.15784,1,1,0.450
30.3580,319,FR,26,1.11962,-0.10717,0.29999,134,68,48,0.30295,1.23625,-0.12082,1,1,0.450
30.3580,319,BR,19,0.66662,-0.10033,0.29948,134,108,97,0.27838,0.74988,-0.10009,1,1,0.450
30.3680,319,FL,11,0.97182,0.17355,0.30469,134,68,46,0.33528,1.16731,0.19953,1,0,0.450
30.3680,319,BL,4,0.51471,0.16172,0.30807,132,132,127,0.28695,0.58459,0.15679,1,1,0.450
30.3680,319,FR,26,1.11933,-0.10712,0.29990,134,68,48,0.30286,1.24237,-0.12099,1,1,0.450
30.3680,319,BR,19,0.66596,-0.10010,0.29949,134,108,97,0.27838,0.75359,-0.10004,1,1,0.450
30.3760,319,FL,11,0.97079,0.17317,0.30484,134,68,46,0.33541,1.16556,0.19884,1,0,0.450
30.3760,319,BL,4,0.51424,0.16143,0.30848,131,131,126,0.28735,0.58339,0.15573,1,1,0.450
30.3780,319,FR,26,1.11817,-0.10757,0.29994,134,68,48,0.30290,1.24113,-0.12131,1,1,0.450
30.3780,319,BR,19,0.66485,-0.10102,0.29947,134,108,97,0.27837,0.75246,-0.10098,1,1,0.450
30.3860,320,FL,10,0.97040,0.17271,0.30495,133,67,45,0.33550,1.16483,0.19825,1,0,0.450
30.3880,320,BL,3,0.51427,0.16078,0.30883,131,131,126,0.28770,0.58269,0.15454,1,1,0.450
30.3880,320,FR,25,1.11798,-0.10805,0.29994,134,68,48,0.30290,1.23563,-0.12262,1,1,0.450
30.3880,320,BR,18,0.66463,-0.10190,0.29951,134,108,97,0.27841,0.74686,-0.10284,1,1,0.450
30.3960,320,FL,10,0.96935,0.17297,0.30523,133,67,45,0.33574,1.16328,0.19858,1,0,0.450
30.3960,320,BL,3,0.51397,0.16032,0.30908,131,131,126,0.28795,0.58165,0.15390,1,1,0.450
30.3960,320,FR,25,1.11736,-0.10795,0.29982,134,68,48,0.30279,1.24118,-0.12284,1,1,0.450
30.3960,320,BR,18,0.66361,-0.10159,0.29948,134,108,97,0.27838,0.75010,-0.10296,1,1,0.450
30.4060,320,FL,10,0.96815,0.17271,0.30538,133,67,45,0.33586,1.16115,0.19785,1,0,0.450
30.4060,320,BL,3,0.51359,0.16024,0.30935,131,131,126,0.28822,0.58012,0.15307,1,1,0.450
30.4080,320,FR,25,1.11590,-0.10844,0.29987,134,68,48,0.30284,1.23964,-0.12320,1,1,0.450
30.4080,320,BR,18,0.66221,-0.10251,0.29947,134,108,97,0.27837,0.74863,-0.10397,1,1,0.450
30.4180,321,FL,9,0.96721,0.17242,0.30546,133,67,45,0.33593,1.15959,0.19709,1,0,0.450
30.4180,321,BL,2,0.51360,0.16000,0.30937,131,131,126,0.28824,0.57848,0.15234,1,1,0.450
30.4180,321,FR,24,1.11504,-0.10909,0.29988,134,68,48,0.30285,1.23340,-0.12479,1,1,0.450
30.4180,321,BR,17,0.66133,-0.10345,0.29949,134,108,97,0.27839,0.74769,-0.10514,1,1,0.450
30.4280,321,FL,9,0.96573,0.17310,0.30548,133,67,45,0.33595,1.15670,0.19759,1,0,0.450
30.4280,321,BL,2,0.51320,0.16026,0.30916,131,131,126,0.28803,0.57722,0.15240,1,1,0.450
30.4280,321,FR,24,1.11317,-0.10891,0.29974,134,68,48,0.30272,1.23761,-0.12503,1,1,0.450
30.4280,321,BR,17,0.65912,-0.10276,0.29939,134,108,97,0.27829,0.74403,-0.10631,1,1,0.450
30.4400,321,FL,9,0.96491,0.17280,0.30557,133,67,45,0.33602,1.15488,0.19657,1,0,0.450
30.4400,321,BL,2,0.51351,0.16025,0.30896,131,131,126,0.28783,0.57564,0.15218,1,1,0.450
30.4400,321,FR,24,1.11184,-0.10978,0.29980,134,68,48,0.30278,1.23610,-0.12592,1,1,0.450
30.4400,321,BR,17,0.65796,-0.10382,0.29939,134,108,97,0.27829,0.74252,-0.10764,1,1,0.450
30.4500,322,FL,8,0.96396,0.17269,0.30543,133,67,45,0.33591,1.15247,0.19575,1,0,0.450
30.4500,322,BL,1,0.51359,0.16041,0.30877,131,131,126,0.28764,0.57416,0.15209,1,1,0.450
30.4500,322,FR,23,1.10984,-0.11065,0.29980,134,68,48,0.30277,1.22852,-0.12799,1,1,0.450
30.4500,322,BR,16,0.65614,-0.10450,0.29941,134,108,97,0.27831,0.74016,-0.10889,1,1,0.450
30.4720,323,FL,7,0.96334,0.17324,0.30549,133,67,45,0.33595,1.15027,0.19588,1,0,0.450
30.4720,323,BL,30,0.78907,0.16283,0.29986,134,75,64,0.27966,0.81320,0.16659,1,0,0.450
30.4720,323,FR,22,1.10854,-0.11102,0.29971,134,68,48,0.30270,1.22310,-0.13424,1,1,0.450
30.4720,323,BR,15,0.65460,-0.10381,0.29931,134,108,97,0.27821,0.73778,-0.10969,1,1,0.450
30.4900,323,FL,7,0.96239,0.17384,0.30454,134,68,46,0.33516,1.19567,0.19519,1,0,0.450
30.4900,323,BL,30,0.78474,0.16077,0.29993,134,75,64,0.27973,0.80750,0.15846,1,0,0.450
30.4900,323,FR,22,1.10456,-0.11163,0.29948,134,68,48,0.30248,1.22267,-0.13759,1,1,0.450
30.4900,323,BR,15,0.65091,-0.10318,0.29917,134,108,97,0.27807,0.73193,-0.11102,1,1,0.450
30.5000,323,FL,7,0.96166,0.17325,0.30512,133,67,45,0.33564,1.19442,0.19352,1,0,0.450
30.5000,323,BL,30,0.78179,0.15963,0.29998,134,75,64,0.27977,0.80287,0.15861,1,0,0.450
30.5000,323,FR,22,1.10162,-0.11307,0.29952,134,68,48,0.30252,1.21912,-0.13948,1,1,0.450
30.5000,323,BR,15,0.64884,-0.10400,0.29886,134,108,97,0.27776,0.72835,-0.11224,1,1,0.450
30.5080,324,FL,6,0.96077,0.17318,0.30495,133,67,45,0.33550,1.19192,0.19294,1,0,0.450
30.5080,324,BL,29,0.77951,0.15896,0.29998,134,86,75,0.27888,0.84617,0.15803,1,0,0.450
30.5100,324,FR,21,1.09947,-0.11366,0.29951,134,68,48,0.30251,1.21240,-0.14020,1,1,0.450
30.5100,324,BR,14,0.64704,-0.10459,0.29891,134,108,97,0.27781,0.72568,-0.11314,1,1,0.450
30.5200,324,FL,6,0.96078,0.17382,0.30455,134,68,46,0.33516,1.19048,0.19327,1,0,0.450
30.5220,324,BL,29,0.77811,0.15780,0.29989,134,86,75,0.27879,0.84705,0.15505,1,0,0.450
30.5220,324,FR,21,1.09797,-0.11440,0.29958,134,68,48,0.30258,1.21409,-0.14387,1,1,0.450
30.5220,324,BR,14,0.64613,-0.10389,0.29877,134,108,97,0.27767,0.72359,-0.11358,1,1,0.450
30.5320,325,FL,5,0.95978,0.17365,0.30456,134,68,46,0.33517,1.18840,0.19297,1,0,0.450
30.5320,325,BL,28,0.77628,0.15756,0.29997,134,86,75,0.27887,0.84115,0.15465,1,0,0.450
30.5320,325,FR,20,1.09620,-0.11433,0.29958,134,68,48,0.30258,1.20833,-0.14309,1,1,0.450
30.5320,325,BR,13,0.64452,-0.10426,0.29879,134,108,97,0.27769,0.72139,-0.11397,1,1,0.450
30.5420,325,FL,5,0.95831,0.17395,0.30490,133,67,45,0.33546,1.18531,0.19322,1,0,0.450
30.5420,325,BL,28,0.77433,0.15664,0.29999,134,86,75,0.27889,0.84160,0.15192,1,0,0.450
30.5420,325,FR,20,1.09480,-0.11409,0.29952,134,68,48,0.30252,1.21165,-0.14450,1,1,0.450
30.5420,325,BR,13,0.64281,-0.10348,0.29886,134,108,97,0.27776,0.71916,-0.11386,1,1,0.450
30.5540,325,FL,5,0.95637,0.17342,0.30581,132,66,44,0.33623,1.18224,0.19247,1,0,0.450
30.5540,325,BL,28,0.77250,0.15656,0.30000,134,86,75,0.27890,0.84042,0.15178,1,0,0.450
30.5540,325,FR,20,1.09291,-0.11409,0.29962,134,68,48,0.30261,1.20986,-0.14399,1,1,0.450
30.5540,325,BR,13,0.64084,-0.10418,0.29912,134,108,97,0.27802,0.71746,-0.11401,1,1,0.450
30.5680,326,FL,4,0.95487,0.17295,0.30699,132,66,44,0.33723,1.17919,0.19181,1,0,0.450
30.5680,326,BL,27,0.77082,0.15642,0.30001,134,86,75,0.27891,0.83481,0.15221,1,0,0.450
30.5680,326,FR,19,1.09136,-0.11409,0.29972,134,68,48,0.30270,1.20449,-0.14333,1,1,0.450
30.5680,326,BR,12,0.63910,-0.10470,0.29949,134,108,97,0.27839,0.71591,-0.11412,1,1,0.450
30.5800,326,FL,4,0.95316,0.17276,0.30797,132,66,44,0.33805,1.17562,0.19165,1,0,0.450
30.5800,326,BL,27,0.76902,0.15572,0.30003,134,86,75,0.27893,0.83606,0.15058,1,0,0.450
30.5800,326,FR,19,1.09022,-0.11351,0.29970,134,68,48,0.30269,1.20836,-0.14378,1,1,0.450
30.5800,326,BR,12,0.63737,-0.10421,0.29976,134,108,97,0.27866,0.71417,-0.11366,1,1,0.450
30.5920,327,FL,3,0.95202,0.17225,0.30906,131,65,43,0.33897,1.17318,0.19109,1,0,0.450
30.5920,327,BL,26,0.76772,0.15586,0.30003,134,86,75,0.27893,0.83146,0.15131,1,0,0.450
30.5920,327,FR,18,1.08895,-0.11325,0.29984,134,68,48,0.30281,1.20317,-0.14239,1,1,0.450
30.5920,327,BR,11,0.63606,-0.10484,0.30007,134,108,97,0.27897,0.71304,-0.11360,1,1,0.450
30.6020,327,FL,3,0.95205,0.17229,0.30936,131,65,43,0.33923,1.17207,0.19149,1,0,0.450
30.6040,327,BL,26,0.76709,0.15540,0.30006,134,86,75,0.27895,0.83413,0.15044,1,0,0.450
30.6040,327,FR,18,1.08907,-0.11245,0.29977,134,68,48,0.30275,1.20806,-0.14254,1,1,0.450
30.6040,327,BR,11,0.63586,-0.10392,0.30019,134,108,97,0.27909,0.71236,-0.11292,1,1,0.450
30.6120,327,FL,3,0.95071,0.17167,0.31016,131,65,43,0.33990,1.17006,0.19098,1,0,0.450
30.6120,327,BL,26,0.76597,0.15568,0.30005,134,86,75,0.27895,0.83365,0.15079,1,0,0.450
30.6120,327,FR,18,1.08785,-0.11225,0.29990,134,68,48,0.30287,1.20694,-0.14176,1,1,0.450
30.6120,327,BR,11,0.63453,-0.10444,0.30040,134,108,97,0.27930,0.71142,-0.11267,1,1,0.450
30.6220,328,FL,2,0.95143,0.17158,0.31038,131,65,43,0.34009,1.17114,0.19161,1,0,0.450
30.6240,328,BL,25,0.76612,0.15611,0.30005,134,86,75,0.27895,0.82977,0.15193,1,0,0.450
30.6240,328,FR,17,1.08818,-0.11171,0.29993,134,68,48,0.30289,1.20710,-0.14111,1,1,0.450
30.6240,328,BR,10,0.63510,-0.10407,0.30052,134,108,97,0.27942,0.71151,-0.11214,1,1,0.450
30.6320,328,FL,2,0.95160,0.17136,0.31012,131,65,43,0.33987,1.17127,0.19182,1,0,0.450
30.6320,328,BL,25,0.76603,0.15590,0.30008,134,86,75,0.27898,0.83307,0.15141,1,0,0.450
30.6320,328,FR,17,1.08866,-0.11098,0.29984,134,68,48,0.30281,1.20816,-0.14062,1,1,0.450
30.6320,328,BR,10,0.63524,-0.10306,0.30052,134,108,97,0.27942,0.71138,-0.11113,1,1,0.450
30.6420,328,FL,2,0.95147,0.17086,0.31046,131,65,43,0.34016,1.17209,0.19201,1,0,0.450
30.6420,328,BL,25,0.76624,0.15659,0.30007,134,86,75,0.27896,0.83378,0.15223,1,0,0.450
30.6420,328,FR,17,1.08876,-0.11057,0.29993,134,68,48,0.30289,1.20810,-0.13976,1,1,0.450
30.6420,328,BR,10,0.63543,-0.10300,0.30068,134,108,97,0.27958,0.71168,-0.11038,1,1,0.450
30.6520,329,FL,1,0.95157,0.17046,0.31068,131,65,43,0.34035,1.17333,0.19218,1,0,0.450
30.6520,329,BL,24,0.76679,0.15730,0.30007,134,86,75,0.27897,0.83016,0.15362,1,0,0.450
30.6520,329,FR,16,1.08924,-0.11014,0.29998,134,68,48,0.30294,1.21262,-0.13968,1,1,0.450
30.6520,329,BR,9,0.63584,-0.10262,0.30087,134,108,97,0.27976,0.71223,-0.10940,1,1,0.450
30.6620,329,FL,1,0.95180,0.17023,0.31051,131,65,43,0.34020,1.17469,0.19219,1,0,0.450
30.6620,329,BL,24,0.76765,0.15741,0.30010,134,86,75,0.27899,0.83451,0.15357,1,0,0.450
30.6620,329,FR,16,1.09042,-0.10948,0.29993,134,68,48,0.30289,1.21432,-0.13906,1,1,0.450
30.6620,329,BR,9,0.63657,-0.10154,0.30082,134,108,97,0.27971,0.71305,-0.10803,1,1,0.450
30.6720,329,FL,1,0.95054,0.16957,0.31153,131,65,43,0.34107,1.17328,0.19154,1,0,0.450
30.6720,329,BL,24,0.76793,0.15825,0.30008,134,86,75,0.27897,0.83528,0.15461,1,0,0.450
30.6720,329,FR,16,1.09024,-0.10932,0.30012,134,68,48,0.30306,1.21439,-0.13823,1,1,0.450
30.6720,329,BR,9,0.63593,-0.10177,0.30108,134,108,97,0.27998,0.71348,-0.10705,1,1,0.450
30.6820,330,FL,30,1.21729,0.17079,0.29997,134,81,70,0.27887,1.32158,0.18224,1,1,0.450
30.6820,330,BL,23,0.76845,0.15907,0.30006,134,86,75,0.27896,0.83170,0.15622,1,0,0.450
30.6820,330,FR,15,1.09043,-0.10915,0.30024,134,68,48,0.30318,1.21473,-0.13753,1,1,0.450
30.6820,330,BR,8,0.63580,-0.10168,0.30114,134,108,97,0.28003,0.71402,-0.10586,1,1,0.450
30.7100,330,FL,30,1.22097,0.17100,0.29995,134,81,70,0.27885,1.33889,0.18190,1,1,0.450
30.7120,330,BL,23,0.77224,0.15994,0.30010,134,86,75,0.27900,0.84218,0.15697,1,0,0.450
30.7120,330,FR,15,1.09413,-0.10863,0.30012,134,68,48,0.30307,1.21825,-0.13707,1,1,0.450
30.7120,330,BR,8,0.63920,-0.10005,0.30062,134,108,97,0.27951,0.71758,-0.10376,1,1,0.450
30.7220,331,FL,29,1.22519,0.17235,0.29997,134,81,70,0.27887,1.33871,0.18275,1,1,0.450
30.7220,331,BL,22,0.77620,0.16311,0.30011,134,86,75,0.27901,0.84239,0.16064,1,0,0.450
30.7220,331,FR,14,1.09577,-0.10804,0.30033,134,68,48,0.30326,1.22212,-0.13474,1,1,0.450
30.7220,331,BR,7,0.63845,-0.10000,0.30170,134,108,97,0.28059,0.72077,-0.10071,1,1,0.450
30.7320,331,FL,29,1.22636,0.17245,0.29991,134,81,70,0.27881,1.34978,0.18149,1,1,0.450
30.7320,331,BL,22,0.77728,0.16305,0.30011,134,86,75,0.27901,0.84895,0.16027,1,0,0.450
30.7320,331,FR,14,1.09655,-0.10816,0.30027,134,68,48,0.30320,1.22406,-0.13444,1,1,0.450
30.7320,331,BR,7,0.63804,-0.09992,0.30154,134,108,97,0.28043,0.72149,-0.09991,1,1,0.450
30.7400,331,FL,29,1.22705,0.17296,0.29994,134,81,70,0.27884,1.35019,0.18206,1,1,0.450
30.7400,331,BL,22,0.77783,0.16389,0.30008,134,86,75,0.27898,0.80003,0.16137,1,0,0.450
30.7420,331,FR,14,1.09645,-0.10800,0.30038,134,68,48,0.30331,1.22453,-0.13367,1,1,0.450
30.7420,331,BR,7,0.63762,-0.10008,0.30163,134,108,97,0.28052,0.72165,-0.09928,1,1,0.450
30.7520,332,FL,28,1.22710,0.17315,0.29991,134,81,70,0.27881,1.34558,0.18490,1,1,0.450
30.7520,332,BL,21,0.77827,0.16424,0.30017,134,86,75,0.27907,0.84223,0.16094,1,0,0.450
30.7520,332,FR,13,1.09787,-0.10693,0.29996,134,68,48,0.30292,1.22591,-0.13254,1,1,0.450
30.7520,332,BR,6,0.63831,-0.09950,0.30129,134,108,97,0.28018,0.72266,-0.09835,1,1,0.450
30.7620,332,FL,28,1.22738,0.17345,0.29984,134,81,70,0.27874,1.35330,0.18235,1,1,0.450
30.7620,332,BL,21,0.77814,0.16404,0.30010,134,86,75,0.27899,0.84948,0.16208,1,0,0.450
30.7620,332,FR,13,1.09700,-0.10766,0.30033,134,68,48,0.30327,1.22542,-0.13301,1,1,0.450
30.7620,332,BR,6,0.63775,-0.09977,0.30148,134,108,97,0.28037,0.72210,-0.09835,1,1,0.450
30.7720,333,FL,27,1.22828,0.17436,0.29989,134,81,70,0.27879,1.34855,0.18454,1,1,0.450
30.7720,333,BL,20,0.77895,0.16507,0.30011,134,86,75,0.27901,0.84517,0.16455,1,0,0.450
30.7720,333,FR,12,1.09759,-0.10694,0.30061,134,68,48,0.30352,1.22622,-0.13202,1,1,0.450
30.7720,333,BR,5,0.63831,-0.09947,0.30220,134,108,97,0.28109,0.72274,-0.09735,1,1,0.450
30.7820,333,FL,27,1.22793,0.17423,0.29974,134,81,70,0.27864,1.35533,0.18363,1,1,0.450
30.7820,333,BL,20,0.77854,0.16442,0.30014,134,86,75,0.27904,0.84874,0.16391,1,0,0.450
30.7820,333,FR,12,1.09760,-0.10710,0.30067,134,68,48,0.30357,1.22659,-0.13219,1,1,0.450
30.7820,333,BR,5,0.63782,-0.09943,0.30261,134,108,97,0.28150,0.72252,-0.09727,1,1,0.450
30.7900,333,FL,27,1.22849,0.17520,0.29980,134,81,70,0.27870,1.35566,0.18482,1,1,0.450
30.7920,333,BL,20,0.77904,0.16547,0.30016,134,86,75,0.27905,0.84961,0.16511,1,0,0.450
30.7920,333,FR,12,1.09785,-0.10630,0.30091,134,68,48,0.30379,1.22699,-0.13109,1,1,0.450
30.7920,333,BR,5,0.63818,-0.09898,0.30317,134,108,97,0.28205,0.72271,-0.09621,1,1,0.450
30.8020,334,FL,26,1.22841,0.17579,0.29980,134,81,70,0.27870,1.35002,0.18655,1,1,0.450
30.8020,334,BL,19,0.77893,0.16605,0.30020,134,86,75,0.27909,0.84393,0.16702,1,0,0.450
30.8020,334,FR,11,1.09776,-0.10582,0.30110,134,68,48,0.30397,1.22686,-0.13044,1,1,0.450
30.8020,334,BR,4,0.63812,-0.09863,0.30376,134,108,97,0.28265,0.72259,-0.09538,1,1,0.450
30.8220,334,FL,26,1.22843,0.17577,0.29962,134,81,70,0.27852,1.35699,0.18558,1,1,0.450
30.8220,334,BL,19,0.77883,0.16572,0.30024,134,86,75,0.27913,0.84769,0.16666,1,0,0.450
30.8220,334,FR,11,1.09798,-0.10561,0.30125,134,68,48,0.30411,1.22744,-0.13040,1,1,0.450
30.8220,334,BR,4,0.63794,-0.09815,0.30428,134,108,97,0.28317,0.72245,-0.09478,1,1,0.450
30.8320,335,FL,25,1.22771,0.17749,0.29970,134,81,70,0.27860,1.35003,0.18929,1,1,0.450
30.8320,335,BL,18,0.77807,0.16763,0.30030,134,86,75,0.27920,0.84153,0.17013,1,0,0.450
30.8320,335,FR,10,1.09696,-0.10432,0.30178,134,68,48,0.30460,1.22631,-0.12845,1,1,0.450
30.8320,335,BR,3,0.63742,-0.09748,0.30545,133,107,96,0.28433,0.72101,-0.09269,1,1,0.450
30.8500,335,FL,25,1.22772,0.17699,0.29946,134,81,70,0.27836,1.35739,0.18702,1,1,0.450
30.8500,335,BL,18,0.77782,0.16687,0.30034,134,86,75,0.27924,0.84506,0.16972,1,0,0.450
30.8500,335,FR,10,1.09713,-0.10457,0.30187,134,68,48,0.30468,1.22669,-0.12889,1,1,0.450
30.8500,335,BR,3,0.63732,-0.09728,0.30566,133,107,96,0.28454,0.72087,-0.09267,1,1,0.450
30.8600,335,FL,25,1.22562,0.17858,0.29959,134,81,70,0.27849,1.35436,0.18990,1,1,0.450
30.8600,335,BL,18,0.77583,0.16832,0.30039,134,86,75,0.27929,0.84320,0.17163,1,0,0.450
30.8600,335,FR,10,1.09525,-0.10393,0.30232,134,68,48,0.30509,1.22421,-0.12729,1,1,0.450
30.8600,335,BR,3,0.63620,-0.09739,0.30625,132,107,96,0.28512,0.71857,-0.09145,1,1,0.450
30.8700,336,FL,24,1.22556,0.17946,0.29956,134,81,70,0.27846,1.34875,0.19194,1,1,0.450
30.8700,336,BL,17,0.77575,0.16901,0.30042,134,86,75,0.27932,0.84296,0.17281,1,0,0.450
30.8700,336,FR,9,1.09539,-0.10355,0.30240,134,68,48,0.30516,1.22405,-0.12639,1,1,0.450
30.8700,336,BR,2,0.63666,-0.09731,0.30627,132,107,96,0.28515,0.71841,-0.09095,1,1,0.450
30.8820,336,FL,24,1.22561,0.17869,0.29929,134,81,70,0.27819,1.35609,0.18936,1,1,0.450
30.8820,336,BL,17,0.77542,0.16790,0.30047,134,86,75,0.27937,0.84068,0.17402,1,0,0.450
30.8820,336,FR,9,1.09551,-0.10404,0.30259,134,68,48,0.30534,1.22432,-0.12714,1,1,0.450
30.8840,336,BR,2,0.63678,-0.09744,0.30633,132,107,96,0.28521,0.71839,-0.09178,1,1,0.450
30.8940,337,FL,23,1.22481,0.18073,0.29946,134,81,70,0.27836,1.34815,0.19491,1,1,0.450
30.8940,337,BL,16,0.77497,0.16916,0.30049,134,86,75,0.27939,0.83995,0.17597,1,0,0.450
30.8940,337,FR,8,1.09571,-0.10354,0.30281,134,68,48,0.30554,1.22377,-0.12551,1,1,0.450
30.8940,337,BR,1,0.63747,-0.09760,0.30619,132,107,96,0.28507,0.71832,-0.09150,1,1,0.450
30.9160,337,FL,23,1.22362,0.18000,0.29923,134,81,70,0.27813,1.34758,0.20052,1,1,0.450
30.9160,337,BL,16,0.77358,0.16759,0.30061,134,86,75,0.27951,0.83716,0.17623,1,0,0.450
30.9160,337,FR,8,1.09506,-0.10444,0.30296,134,68,48,0.30567,1.22274,-0.12639,1,1,0.450
30.9160,337,BR,1,0.63668,-0.09798,0.30632,132,107,96,0.28520,0.71773,-0.09274,1,1,0.450
30.9260,338,FL,22,1.22258,0.18262,0.29933,134,81,70,0.27823,1.34115,0.20417,1,1,0.450
30.9260,338,BL,15,0.77303,0.16845,0.30061,134,86,75,0.27951,0.83586,0.17860,1,0,0.450
30.9260,338,FR,7,1.09623,-0.10400,0.30303,134,68,48,0.30574,1.22247,-0.12426,1,1,0.450
30.9260,338,BR,30,0.90859,-0.09431,0.30001,134,68,48,0.30707,0.83563,-0.09542,1,0,0.450
30.9360,338,FL,22,1.22208,0.18272,0.29921,134,81,70,0.27811,1.34362,0.20889,1,1,0.450
30.9360,338,BL,15,0.77261,0.16720,0.30074,134,86,75,0.27964,0.83430,0.17893,1,0,0.450
30.9360,338,FR,7,1.09644,-0.10437,0.30322,134,68,48,0.30592,1.22247,-0.12451,1,1,0.450
30.9380,338,BR,30,0.90794,-0.09316,0.30005,134,68,48,0.30711,0.83223,-0.08484,1,0,0.450
30.9460,338,FL,22,1.22106,0.18269,0.29913,134,81,70,0.27803,1.34289,0.20802,1,1,0.450
30.9460,338,BL,15,0.77152,0.16737,0.30072,134,86,75,0.27962,0.83314,0.17926,1,0,0.450
30.9460,338,FR,7,1.09552,-0.10418,0.30342,134,68,48,0.30610,1.22132,-0.12408,1,1,0.450
30.9460,338,BR,30,0.90692,-0.09272,0.30009,134,68,48,0.30714,0.83112,-0.08419,1,0,0.450
30.9580,339,FL,21,1.22072,0.18341,0.29916,134,81,70,0.27806,1.33780,0.20928,1,1,0.450
30.9580,339,BL,14,0.77135,0.16765,0.30078,134,86,75,0.27968,0.83271,0.18011,1,0,0.450
30.9580,339,FR,6,1.09555,-0.10445,0.30316,134,68,48,0.30586,1.22103,-0.12385,1,1,0.450
30.9580,339,BR,29,0.90673,-0.09221,0.30008,134,68,48,0.30713,0.82652,-0.08350,1,0,0.450
30.9680,339,FL,21,1.22023,0.18286,0.29900,134,81,70,0.27790,1.34153,0.21177,1,1,0.450
30.9680,339,BL,14,0.77079,0.16633,0.30084,134,86,75,0.27974,0.83143,0.18005,1,0,0.450
30.9680,339,FR,6,1.09509,-0.10526,0.30289,134,68,48,0.30561,1.22029,-0.12470,1,1,0.450
30.9680,339,BR,29,0.90572,-0.09118,0.30013,134,68,48,0.30717,0.82634,-0.07704,1,0,0.450
30.9800,339,FL,21,1.21960,0.18279,0.29901,134,81,70,0.27791,1.34102,0.21127,1,1,0.450
30.9800,339,BL,14,0.77013,0.16660,0.30082,134,86,75,0.27971,0.83088,0.18031,1,0,0.450
30.9800,339,FR,6,1.09440,-0.10520,0.30299,134,68,48,0.30570,1.21936,-0.12457,1,1,0.450
30.9800,339,BR,29,0.90512,-0.09102,0.30014,134,68,48,0.30719,0.82606,-0.07678,1,0,0.450
30.9920,340,FL,20,1.21837,0.18300,0.29905,134,81,70,0.27795,1.33539,0.21130,1,1,0.450
30.9920,340,BL,13,0.76886,0.16686,0.30099,134,86,75,0.27988,0.82964,0.18056,1,0,0.450
30.9920,340,FR,5,1.09317,-0.10505,0.30336,134,68,48,0.30604,1.21777,-0.12431,1,1,0.450
30.9920,340,BR,28,0.90391,-0.09087,0.30014,134,68,48,0.30719,0.82052,-0.07690,1,0,0.450
31.0040,340,FL,20,1.21856,0.18240,0.29893,134,81,70,0.27783,1.34025,0.21283,1,1,0.450
31.0040,340,BL,13,0.76895,0.16568,0.30126,134,86,75,0.28015,0.82915,0.18012,1,0,0.450
31.0040,340,FR,5,1.09334,-0.10529,0.30394,134,68,48,0.30657,1.21767,-0.12481,1,1,0.450
31.0040,340,BR,28,0.90368,-0.09006,0.30019,134,68,48,0.30723,0.82285,-0.07309,1,0,0.450
31.0180,341,FL,19,1.21784,0.18267,0.29906,134,81,70,0.27796,1.33527,0.21207,1,1,0.450
31.0180,341,BL,12,0.76812,0.16663,0.30154,134,86,75,0.28043,0.82863,0.18010,1,0,0.450
31.0180,341,FR,4,1.09266,-0.10415,0.30516,133,67,48,0.30770,1.21645,-0.12341,1,1,0.450
31.0180,341,BR,27,0.90315,-0.09006,0.30020,134,68,48,0.30724,0.81848,-0.07368,1,0,0.450
31.0280,341,FL,19,1.21700,0.18248,0.29899,134,81,70,0.27789,1.33938,0.21314,1,1,0.450
31.0280,341,BL,12,0.76689,0.16627,0.30210,134,86,75,0.28099,0.82733,0.17955,1,0,0.450
31.0280,341,FR,4,1.09145,-0.10327,0.30659,132,66,47,0.30901,1.21475,-0.12232,1,1,0.450
31.0280,341,BR,27,0.90201,-0.08922,0.30025,134,68,48,0.30729,0.82064,-0.07142,1,0,0.450
31.0380,341,FL,19,1.21712,0.18300,0.29916,134,81,70,0.27806,1.33967,0.21297,1,1,0.450
31.0380,341,BL,12,0.76697,0.16733,0.30246,134,86,75,0.28135,0.82759,0.17971,1,0,0.450
31.0380,341,FR,4,1.09168,-0.10209,0.30822,132,66,47,0.31052,1.21465,-0.12061,1,1,0.450
31.0380,341,BR,27,0.90243,-0.08921,0.30026,134,68,48,0.30729,0.82178,-0.07200,1,0,0.450
31.0500,342,FL,18,1.21638,0.18337,0.29922,134,81,70,0.27812,1.33474,0.21248,1,1,0.450
31.0500,342,BL,11,0.76597,0.16800,0.30275,134,86,75,0.28164,0.82691,0.17973,1,0,0.450
31.0500,342,FR,3,1.09072,-0.10118,0.30924,131,66,47,0.31146,1.21336,-0.11913,1,1,0.450
31.0500,342,BR,26,0.90179,-0.08913,0.30027,134,68,48,0.30730,0.81672,-0.07268,1,0,0.450
31.0600,342,FL,18,1.21712,0.18319,0.29911,134,81,70,0.27801,1.34045,0.21331,1,1,0.450
31.0600,342,BL,11,0.76627,0.16764,0.30322,134,86,75,0.28211,0.82731,0.17930,1,0,0.450
31.0600,342,FR,3,1.09088,-0.10062,0.31039,131,66,47,0.31252,1.21329,-0.11819,1,1,0.450
31.0600,342,BR,26,0.90225,-0.08832,0.30031,134,68,48,0.30734,0.82074,-0.07114,1,0,0.450
31.0680,342,FL,18,1.21566,0.18365,0.29926,134,81,70,0.27816,1.33938,0.21305,1,1,0.450
31.0680,342,BL,11,0.76445,0.16867,0.30330,134,86,75,0.28219,0.82634,0.17937,1,0,0.450
31.0680,342,FR,3,1.08896,-0.09964,0.31102,131,66,47,0.31310,1.21098,-0.11663,1,1,0.450
31.0700,342,BR,26,0.90116,-0.08843,0.30029,134,68,48,0.30732,0.82045,-0.07196,1,0,0.450
31.0800,343,FL,17,1.21653,0.18353,0.29925,134,81,70,0.27815,1.34023,0.21299,1,1,0.450
31.0800,343,BL,10,0.76543,0.16837,0.30341,134,86,75,0.28229,0.82707,0.17928,1,0,0.450
31.0800,343,FR,2,1.08980,-0.09971,0.31125,131,66,47,0.31332,1.21239,-0.11714,1,1,0.450
31.0800,343,BR,25,0.90204,-0.08857,0.30029,134,68,48,0.30732,0.81693,-0.07289,1,0,0.450
31.0900,343,FL,17,1.21713,0.18293,0.29913,134,81,70,0.27803,1.34144,0.21283,1,1,0.450
31.0900,343,BL,10,0.76542,0.16755,0.30353,134,86,75,0.28242,0.82774,0.17826,1,0,0.450
31.0900,343,FR,2,1.08947,-0.09933,0.31104,131,66,47,0.31312,1.21234,-0.11711,1,1,0.450
31.0900,343,BR,25,0.90246,-0.08823,0.30031,134,68,48,0.30734,0.82121,-0.07224,1,0,0.450
31.0980,343,FL,17,1.21683,0.18287,0.29919,134,81,70,0.27809,1.34127,0.21227,1,1,0.450
31.0980,343,BL,10,0.76488,0.16781,0.30339,134,86,75,0.28228,0.82789,0.17784,1,0,0.450
31.0980,343,FR,2,1.08855,-0.09881,0.31088,131,66,47,0.31297,1.21190,-0.11695,1,1,0.450
31.0980,343,BR,25,0.90239,-0.08871,0.30027,134,68,48,0.30730,0.82168,-0.07309,1,0,0.450
31.1080,344,FL,16,1.21922,0.18200,0.29923,134,81,70,0.27813,1.34782,0.21233,1,1,0.450
31.1080,344,BL,9,0.76753,0.16649,0.30359,134,86,75,0.28248,0.83027,0.17669,1,0,0.450
31.1080,344,FR,1,1.09058,-0.09913,0.31075,131,66,47,0.31285,1.21607,-0.11882,1,1,0.450
31.1080,344,BR,24,0.90475,-0.08955,0.30027,134,68,48,0.30730,0.81954,-0.07452,1,0,0.450
31.1180,344,FL,16,1.22039,0.18109,0.29919,134,81,70,0.27809,1.34953,0.21179,1,1,0.450
31.1180,344,BL,9,0.76801,0.16527,0.30363,134,86,75,0.28251,0.83179,0.17489,1,0,0.450
31.1180,344,FR,1,1.09054,-0.09874,0.31042,131,66,47,0.31255,1.21680,-0.11915,1,1,0.450
31.1200,344,BR,24,0.90588,-0.08971,0.30026,134,68,48,0.30730,0.82461,-0.07459,1,0,0.450
31.1280,344,FL,16,1.22172,0.18038,0.29938,134,81,70,0.27828,1.35063,0.21085,1,1,0.450
31.1300,344,BL,9,0.76930,0.16452,0.30386,134,86,75,0.28274,0.83367,0.17333,1,0,0.450
31.1300,344,FR,1,1.09065,-0.09831,0.31044,131,66,47,0.31257,1.21892,-0.11999,1,1,0.450
31.1300,344,BR,24,0.90741,-0.09092,0.30023,134,68,48,0.30727,0.82651,-0.07595,1,0,0.450
31.1380,345,FL,15,1.22232,0.17981,0.29948,134,81,70,0.27838,1.35141,0.20991,1,1,0.450
31.1380,345,BL,8,0.76943,0.16415,0.30363,134,86,75,0.28252,0.83474,0.17181,1,0,0.450
31.1380,345,FR,30,1.35802,-0.09272,0.29999,134,114,103,0.27889,1.46847,-0.11005,1,1,0.450
31.1380,345,BR,23,0.90827,-0.09194,0.30020,134,68,48,0.30724,0.82278,-0.07759,1,0,0.450
31.1600,345,FL,15,1.22530,0.17829,0.29947,134,81,70,0.27837,1.35425,0.20927,1,1,0.450
31.1620,345,BL,8,0.77245,0.16152,0.30436,134,86,75,0.28324,0.83779,0.16911,1,0,0.450
31.1620,345,FR,30,1.36095,-0.09337,0.30002,134,114,103,0.27892,1.47949,-0.11088,1,1,0.450
31.1620,345,BR,23,0.91116,-0.09279,0.30029,134,68,48,0.30732,0.83094,-0.07837,1,0,0.450
31.1700,346,FL,14,1.22649,0.17751,0.29969,134,81,70,0.27859,1.35759,0.20644,1,1,0.450
31.1700,346,BL,7,0.77131,0.16194,0.30484,134,86,75,0.28372,0.84036,0.16666,1,0,0.450
31.1700,346,FR,29,1.36396,-0.09539,0.30003,134,114,103,0.27893,1.47783,-0.11300,1,1,0.450
31.1700,346,BR,22,0.91398,-0.09549,0.30029,134,68,48,0.30732,0.82971,-0.08220,1,0,0.450
31.1800,346,FL,14,1.22744,0.17777,0.29933,134,81,70,0.27823,1.36065,0.20584,1,1,0.450
31.1800,346,BL,7,0.77082,0.16209,0.30404,134,86,75,0.28292,0.84120,0.16610,1,0,0.450
31.1800,346,FR,29,1.36612,-0.09580,0.30006,134,114,103,0.27896,1.48669,-0.11368,1,1,0.450
31.1820,346,BR,22,0.91595,-0.09562,0.30025,134,68,48,0.30728,0.83654,-0.08301,1,0,0.450
31.1900,346,FL,14,1.22751,0.17795,0.29944,134,81,70,0.27834,1.36175,0.20503,1,1,0.450
31.1900,346,BL,7,0.77026,0.16242,0.30403,134,86,75,0.28291,0.84147,0.16557,1,0,0.450
31.1900,346,FR,29,1.36735,-0.09645,0.30007,134,114,103,0.27897,1.48786,-0.11388,1,1,0.450
31.1900,346,BR,22,0.91703,-0.09661,0.30019,134,68,48,0.30723,0.83835,-0.08457,1,0,0.450
31.2000,347,FL,13,1.22804,0.17771,0.29928,134,81,70,0.27818,1.36258,0.20442,1,1,0.450
31.2000,347,BL,6,0.77055,0.16215,0.30358,134,86,75,0.28247,0.84217,0.16468,1,0,0.450
31.2000,347,FR,28,1.36836,-0.09697,0.30007,134,114,103,0.27897,1.48398,-0.11493,1,1,0.450
31.2000,347,BR,21,0.91800,-0.09747,0.30017,134,68,48,0.30721,0.83460,-0.08641,1,0,0.450
31.2100,347,FL,13,1.22846,0.17774,0.29910,134,81,70,0.27800,1.36377,0.20441,1,1,0.450
31.2100,347,BL,6,0.77053,0.16187,0.30347,134,86,75,0.28236,0.84248,0.16409,1,0,0.450
31.2100,347,FR,28,1.36909,-0.09700,0.30010,134,114,103,0.27899,1.49091,-0.11548,1,1,0.450
31.2100,347,BR,21,0.91864,-0.09724,0.30018,134,68,48,0.30722,0.83945,-0.08641,1,0,0.450
31.2200,347,FL,13,1.22812,0.17749,0.29941,134,81,70,0.27831,1.36348,0.20380,1,1,0.450
31.2200,347,BL,6,0.77020,0.16174,0.30414,134,86,75,0.28303,0.84241,0.16326,1,0,0.450
31.2200,347,FR,28,1.36910,-0.09753,0.30011,134,114,103,0.27901,1.49091,-0.11569,1,1,0.450
31.2200,347,BR,21,0.91860,-0.09807,0.30019,134,68,48,0.30723,0.83976,-0.08748,1,0,0.450
31.2300,348,FL,12,1.22897,0.17696,0.29948,134,81,70,0.27838,1.36464,0.20303,1,1,0.450
31.2300,348,BL,5,0.77080,0.16123,0.30451,134,86,75,0.28339,0.84337,0.16218,1,0,0.450
31.2300,348,FR,27,1.37036,-0.09820,0.30011,134,114,103,0.27901,1.48724,-0.11699,1,1,0.450
31.2300,348,BR,20,0.91983,-0.09904,0.30021,134,68,48,0.30725,0.83605,-0.08929,1,0,0.450
31.2380,348,FL,12,1.22810,0.17715,0.29950,134,81,70,0.27840,1.36388,0.20332,1,1,0.450
31.2380,348,BL,5,0.76987,0.16110,0.30498,133,85,74,0.28386,0.84254,0.16174,1,0,0.450
31.2380,348,FR,27,1.36928,-0.09801,0.30014,134,114,103,0.27903,1.49209,-0.11750,1,1,0.450
31.2400,348,BR,20,0.91868,-0.09840,0.30027,134,68,48,0.30730,0.83891,-0.08896,1,0,0.450
31.2500,348,FL,12,1.22922,0.17654,0.29971,134,81,70,0.27861,1.36511,0.20253,1,1,0.450
31.2500,348,BL,5,0.77101,0.16034,0.30549,133,85,74,0.28437,0.84371,0.16058,1,0,0.450
31.2500,348,FR,27,1.37088,-0.09874,0.30015,134,114,103,0.27904,1.49372,-0.11791,1,1,0.450
31.2500,348,BR,20,0.92024,-0.09957,0.30025,134,68,48,0.30729,0.84073,-0.09021,1,0,0.450
31.2580,349,FL,11,1.22892,0.17583,0.30007,134,81,70,0.27897,1.36446,0.20179,1,1,0.450
31.2580,349,BL,4,0.77076,0.15974,0.30655,132,85,74,0.28542,0.84379,0.15901,1,0,0.450
31.2580,349,FR,26,1.37058,-0.09929,0.30010,134,114,103,0.27900,1.48939,-0.11857,1,1,0.450
31.2600,349,BR,19,0.91989,-0.10047,0.30033,134,68,48,0.30735,0.83546,-0.09176,1,0,0.450
31.2680,349,FL,11,1.22894,0.17595,0.30005,134,81,70,0.27895,1.36454,0.20202,1,1,0.450
31.2700,349,BL,4,0.77077,0.15932,0.30688,132,85,74,0.28576,0.84370,0.15847,1,0,0.450
31.2700,349,FR,26,1.37036,-0.09924,0.30018,134,114,103,0.27907,1.49401,-0.11986,1,1,0.450
31.2700,349,BR,19,0.91967,-0.09999,0.30040,134,68,48,0.30742,0.83892,-0.09173,1,0,0.450
31.2800,349,FL,11,1.22913,0.17519,0.30045,134,81,70,0.27934,1.36459,0.20110,1,1,0.450
31.2800,349,BL,4,0.77117,0.15848,0.30777,132,85,74,0.28664,0.84387,0.15690,1,0,0.450
31.2800,349,FR,26,1.37093,-0.10003,0.30018,134,114,103,0.27908,1.49460,-0.12026,1,1,0.450
31.2800,349,BR,19,0.92020,-0.10130,0.30042,134,68,48,0.30743,0.83971,-0.09301,1,0,0.450
31.2880,350,FL,10,1.22806,0.17481,0.30073,134,81,70,0.27963,1.36293,0.20037,1,1,0.450
31.2880,350,BL,3,0.77035,0.15836,0.30846,131,84,73,0.28733,0.84298,0.15571,1,0,0.450
31.2880,350,FR,25,1.36958,-0.10057,0.30019,134,114,103,0.27909,1.48820,-0.12152,1,1,0.450
31.2880,350,BR,18,0.91890,-0.10205,0.30049,134,68,48,0.30750,0.83313,-0.09470,1,0,0.450
31.2980,350,FL,10,1.22855,0.17497,0.30061,134,81,70,0.27951,1.36363,0.20048,1,1,0.450
31.2980,350,BL,3,0.77102,0.15777,0.30838,131,84,73,0.28726,0.84293,0.15530,1,0,0.450
31.2980,350,FR,25,1.37022,-0.10068,0.30021,134,114,103,0.27911,1.49462,-0.12246,1,1,0.450
31.3000,350,BR,18,0.91941,-0.10178,0.30052,134,68,48,0.30753,0.83757,-0.09494,1,0,0.450
31.3080,350,FL,10,1.22796,0.17461,0.30097,134,81,70,0.27987,1.36267,0.19963,1,1,0.450
31.3080,350,BL,3,0.77098,0.15758,0.30882,131,84,73,0.28769,0.84210,0.15446,1,0,0.450
31.3080,350,FR,25,1.36977,-0.10143,0.30023,134,114,103,0.27913,1.49418,-0.12292,1,1,0.450
31.3080,350,BR,18,0.91893,-0.10283,0.30053,134,68,48,0.30754,0.83734,-0.09623,1,0,0.450
31.3180,351,FL,9,1.22748,0.17442,0.30107,134,81,70,0.27996,1.36177,0.19889,1,1,0.450
31.3180,351,BL,2,0.77096,0.15757,0.30894,131,84,73,0.28781,0.84128,0.15397,1,0,0.450
31.3180,351,FR,24,1.36912,-0.10214,0.30024,134,114,103,0.27913,1.48845,-0.12444,1,1,0.450
31.3180,351,BR,17,0.91832,-0.10355,0.30057,134,68,48,0.30757,0.83652,-0.09732,1,0,0.450
31.3280,351,FL,9,1.22708,0.17496,0.30116,134,81,70,0.28006,1.36079,0.19924,1,1,0.450
31.3280,351,BL,2,0.77111,0.15754,0.30894,131,84,73,0.28781,0.84070,0.15409,1,0,0.450
31.3300,351,FR,24,1.36822,-0.10222,0.30025,134,114,103,0.27915,1.49317,-0.12529,1,1,0.450
31.3300,351,BR,17,0.91736,-0.10293,0.30064,134,68,48,0.30764,0.83440,-0.09850,1,0,0.450
31.3380,351,FL,9,1.22636,0.17487,0.30142,134,81,70,0.28031,1.35921,0.19852,1,1,0.450
31.3380,351,BL,2,0.77099,0.15774,0.30915,131,84,73,0.28802,0.83986,0.15402,1,0,0.450
31.3380,351,FR,24,1.36688,-0.10289,0.30029,134,114,103,0.27918,1.49186,-0.12598,1,1,0.450
31.3380,351,BR,17,0.91614,-0.10358,0.30065,134,68,48,0.30764,0.83281,-0.09945,1,0,0.450
31.3480,352,FL,8,1.22624,0.17474,0.30142,134,81,70,0.28031,1.35842,0.19772,1,1,0.450
31.3480,352,BL,1,0.77146,0.15776,0.30893,131,84,73,0.28780,0.83936,0.15409,1,0,0.450
31.3480,352,FR,23,1.36621,-0.10380,0.30029,134,114,103,0.27919,1.48604,-0.12787,1,1,0.450
31.3480,352,BR,16,0.91557,-0.10418,0.30069,134,68,48,0.30768,0.83187,-0.10063,1,0,0.450
31.3700,352,FL,8,1.22603,0.17547,0.30140,134,81,70,0.28029,1.35699,0.19811,1,1,0.450
31.3700,352,BL,1,0.77176,0.15785,0.30892,131,84,73,0.28779,0.83959,0.15477,1,0,0.450
31.3700,352,FR,23,1.36482,-0.10408,0.30033,134,114,103,0.27923,1.48485,-0.13265,1,1,0.450
31.3720,352,BR,16,0.91432,-0.10334,0.30077,134,68,48,0.30775,0.82978,-0.10137,1,0,0.450
31.3820,353,FL,7,1.22542,0.17519,0.30140,134,81,70,0.28029,1.35401,0.19658,1,1,0.450
31.3820,353,BL,30,1.04255,0.16216,0.29987,134,68,46,0.32590,1.17332,0.16620,1,0,0.450
31.3820,353,FR,22,1.36197,-0.10554,0.30027,134,114,103,0.27917,1.47802,-0.13413,1,1,0.450
31.3820,353,BR,15,0.91189,-0.10420,0.30090,134,68,48,0.30787,0.82615,-0.10313,1,0,0.450
31.3940,353,FL,7,1.22303,0.17540,0.30200,134,81,70,0.28089,1.35090,0.19665,1,1,0.450
31.3940,353,BL,30,1.03994,0.16118,0.29983,134,68,46,0.32587,1.16929,0.16031,1,0,0.450
31.3940,353,FR,22,1.35926,-0.10561,0.30037,134,114,103,0.27927,1.47871,-0.13705,1,1,0.450
31.3940,353,BR,15,0.90911,-0.10345,0.30108,134,68,48,0.30804,0.82277,-0.10338,1,0,0.450
31.4040,354,FL,6,1.22362,0.17525,0.30199,134,81,70,0.28089,1.35003,0.19598,1,1,0.450
31.4040,354,BL,29,1.03892,0.16027,0.29985,134,68,46,0.32589,1.16487,0.15961,1,0,0.450
31.4040,354,FR,21,1.35830,-0.10630,0.30034,134,114,103,0.27924,1.47396,-0.13749,1,1,0.450
31.4040,354,BR,14,0.90859,-0.10417,0.30103,134,68,48,0.30799,0.82111,-0.10449,1,0,0.450
31.4200,354,FL,6,1.22273,0.17583,0.30182,134,81,70,0.28072,1.34805,0.19655,1,1,0.450
31.4200,354,BL,29,1.03700,0.15934,0.29982,134,68,46,0.32586,1.16452,0.15588,1,0,0.450
31.4200,354,FR,21,1.35645,-0.10610,0.30038,134,114,103,0.27928,1.47641,-0.13933,1,1,0.450
31.4200,354,BR,14,0.90692,-0.10314,0.30118,134,68,48,0.30812,0.81853,-0.10468,1,0,0.450
31.4300,354,FL,6,1.22160,0.17541,0.30219,134,81,70,0.28108,1.34580,0.19575,1,1,0.450
31.4300,354,BL,29,1.03508,0.15864,0.29983,134,68,46,0.32587,1.16301,0.15523,1,0,0.450
31.4300,354,FR,21,1.35463,-0.10660,0.30041,134,114,103,0.27931,1.47474,-0.13961,1,1,0.450
31.4300,354,BR,14,0.90525,-0.10398,0.30127,134,68,48,0.30821,0.81639,-0.10548,1,0,0.450
31.4400,355,FL,5,1.22105,0.17527,0.30242,134,81,70,0.28131,1.34453,0.19539,1,1,0.450
31.4400,355,BL,28,1.03399,0.15826,0.29983,134,68,46,0.32587,1.15816,0.15517,1,0,0.450
31.4400,355,FR,20,1.35359,-0.10690,0.30043,134,114,103,0.27933,1.47000,-0.13965,1,1,0.450
31.4400,355,BR,13,0.90432,-0.10433,0.30140,134,68,48,0.30833,0.81501,-0.10602,1,0,0.450
31.4500,355,FL,5,1.22103,0.17557,0.30263,134,81,70,0.28151,1.34368,0.19592,1,1,0.450
31.4500,355,BL,28,1.03320,0.15737,0.29980,134,68,46,0.32584,1.16041,0.15269,1,0,0.450
31.4500,355,FR,20,1.35288,-0.10656,0.30050,134,114,103,0.27939,1.47408,-0.14081,1,1,0.450
31.4500,355,BR,13,0.90370,-0.10334,0.30164,134,68,48,0.30855,0.81368,-0.10602,1,0,0.450
31.4600,355,FL,5,1.22033,0.17502,0.30324,134,81,70,0.28213,1.34239,0.19517,1,1,0.450
31.4600,355,BL,28,1.03242,0.15717,0.29980,134,68,46,0.32584,1.15997,0.15249,1,0,0.450
31.4600,355,FR,20,1.35209,-0.10678,0.30056,134,114,103,0.27945,1.47347,-0.14073,1,1,0.450
31.4600,355,BR,13,0.90283,-0.10395,0.30174,134,68,48,0.30863,0.81291,-0.10626,1,0,0.450
31.4700,356,FL,4,1.21985,0.17457,0.30392,134,81,70,0.28281,1.34132,0.19449,1,1,0.450
31.4700,356,BL,27,1.03173,0.15695,0.29981,134,68,46,0.32585,1.15558,0.15275,1,0,0.450
31.4700,356,FR,19,1.35140,-0.10702,0.30060,134,114,103,0.27950,1.46919,-0.14044,1,1,0.450
31.4700,356,BR,12,0.90210,-0.10438,0.30199,134,68,48,0.30886,0.81207,-0.10651,1,0,0.450
31.4820,356,FL,4,1.21857,0.17425,0.30467,134,81,70,0.28355,1.33925,0.19426,1,1,0.450
31.4820,356,BL,27,1.03041,0.15624,0.29978,134,68,46,0.32582,1.15802,0.15117,1,0,0.450
31.4820,356,FR,19,1.35003,-0.10670,0.30072,134,114,103,0.27962,1.47293,-0.14108,1,1,0.450
31.4820,356,BR,12,0.90046,-0.10371,0.30242,134,68,48,0.30925,0.81039,-0.10621,1,0,0.450
31.4920,357,FL,3,1.21811,0.17348,0.30567,133,81,70,0.28455,1.33826,0.19324,1,1,0.450
31.4920,357,BL,26,1.02991,0.15617,0.29977,134,68,46,0.35448,1.15414,0.15165,1,0,0.450
31.4920,357,FR,18,1.34945,-0.10694,0.30083,134,114,103,0.27972,1.46889,-0.14043,1,1,0.450
31.4920,357,BR,11,0.89976,-0.10440,0.30264,134,68,48,0.30944,0.80976,-0.10636,1,0,0.450
31.5000,357,FL,3,1.21792,0.17316,0.30619,132,80,69,0.28507,1.33733,0.19283,1,1,0.450
31.5000,357,BL,26,1.02941,0.15553,0.29975,134,68,46,0.35446,1.15774,0.15061,1,0,0.450
31.5000,357,FR,18,1.34888,-0.10664,0.30094,134,114,103,0.27984,1.47338,-0.14087,1,1,0.450
31.5000,357,BR,11,0.89903,-0.10375,0.30313,134,68,48,0.30990,0.80884,-0.10605,1,0,0.450
31.5120,357,FL,3,1.21824,0.17266,0.30684,132,80,69,0.28572,1.33769,0.19229,1,1,0.450
31.5120,357,BL,26,1.02991,0.15564,0.29973,134,68,46,0.35445,1.15854,0.15084,1,0,0.450
31.5120,357,FR,18,1.34933,-0.10672,0.30102,134,114,103,0.27992,1.47394,-0.14059,1,1,0.450
31.5120,357,BR,11,0.89940,-0.10418,0.30325,134,68,48,0.31000,0.80939,-0.10605,1,0,0.450
31.5220,358,FL,2,1.21810,0.17210,0.30741,132,80,69,0.28628,1.33765,0.19170,1,1,0.450
31.5220,358,BL,25,1.03000,0.15574,0.29973,134,68,46,0.32579,1.15486,0.15155,1,0,0.450
31.5220,358,FR,17,1.34940,-0.10675,0.30108,134,114,103,0.27997,1.47410,-0.14036,1,1,0.450
31.5220,358,BR,10,0.89930,-0.10441,0.30343,134,68,48,0.31017,0.80953,-0.10586,1,0,0.450
31.5300,358,FL,2,1.21651,0.17136,0.30771,132,80,69,0.28659,1.33533,0.19045,1,1,0.450
31.5300,358,BL,25,1.02875,0.15520,0.29971,134,68,46,0.35443,1.15781,0.15084,1,0,0.450
31.5300,358,FR,17,1.34795,-0.10658,0.30119,134,114,103,0.28009,1.47422,-0.14003,1,1,0.450
31.5300,358,BR,10,0.89730,-0.10420,0.30388,134,68,48,0.31057,0.80803,-0.10541,1,0,0.450
31.5400,358,FL,2,1.21804,0.17126,0.30796,132,80,69,0.28683,1.33817,0.19106,1,1,0.450
31.5400,358,BL,25,1.03050,0.15569,0.29968,134,68,46,0.32574,1.15995,0.15153,1,0,0.450
31.5400,358,FR,17,1.34965,-0.10632,0.30124,134,114,103,0.28013,1.47571,-0.13954,1,1,0.450
31.5400,358,BR,10,0.89923,-0.10395,0.30390,134,68,48,0.31060,0.80973,-0.10508,1,0,0.450
31.5500,358,FL,2,1.21804,0.17085,0.30803,132,80,69,0.28691,1.33910,0.19108,1,1,0.450
31.5500,358,BL,25,1.03124,0.15618,0.29968,134,68,46,0.32574,1.16062,0.15202,1,0,0.450
31.5500,358,FR,17,1.35036,-0.10601,0.30127,134,114,103,0.28017,1.47639,-0.13908,1,1,0.450
31.5500,358,BR,10,0.89970,-0.10374,0.30399,134,68,48,0.31067,0.81081,-0.10433,1,0,0.450
31.5600,359,FL,1,1.21814,0.17065,0.30804,132,80,69,0.28691,1.34025,0.19119,1,1,0.450
31.5600,359,BL,24,1.03220,0.15679,0.29968,134,68,46,0.32574,1.15773,0.15317,1,0,0.450
31.5600,359,FR,16,1.35118,-0.10565,0.30130,134,114,103,0.28019,1.48109,-0.13900,1,1,0.450
31.5600,359,BR,9,0.90031,-0.10347,0.30403,134,68,48,0.31071,0.81190,-0.10354,1,0,0.450
31.5700,359,FL,1,1.21696,0.17005,0.30823,132,80,69,0.28710,1.33866,0.19061,1,1,0.450
31.5700,359,BL,24,1.03225,0.15666,0.29963,134,68,46,0.32570,1.16197,0.15295,1,0,0.450
31.5700,359,FR,16,1.35092,-0.10522,0.30144,134,114,103,0.28034,1.48247,-0.13837,1,1,0.450
31.5700,359,BR,9,0.89928,-0.10290,0.30434,134,68,48,0.31099,0.81191,-0.10250,1,0,0.450
31.5800,359,FL,1,1.21689,0.16978,0.30852,131,80,69,0.28739,1.33967,0.19112,1,1,0.450
31.5800,359,BL,24,1.03358,0.15768,0.29959,134,68,46,0.32566,1.16370,0.15411,1,0,0.450
31.5800,359,FR,16,1.35192,-0.10476,0.30154,134,114,103,0.28044,1.48358,-0.13749,1,1,0.450
31.5800,359,BR,9,0.90004,-0.10251,0.30429,134,68,48,0.31095,0.81330,-0.10141,1,0,0.450
31.5900,360,FL,30,1.48770,0.17520,0.30008,134,134,134,0.27898,1.58922,0.18590,1,1,0.450
31.5900,360,BL,23,1.03615,0.15910,0.29956,134,68,46,0.32564,1.16235,0.15595,1,0,0.450
31.5900,360,FR,15,1.35421,-0.10377,0.30159,134,114,103,0.28049,1.48576,-0.13657,1,1,0.450
31.5900,360,BR,8,0.90227,-0.10123,0.30414,134,68,48,0.31081,0.81599,-0.09957,1,0,0.450
31.6100,360,FL,30,1.48856,0.17550,0.30009,134,134,134,0.27899,1.60209,0.18706,1,1,0.450
31.6100,360,BL,23,1.03686,0.15950,0.29960,134,68,46,0.32567,1.16982,0.15647,1,0,0.450
31.6100,360,FR,15,1.35499,-0.10277,0.30179,134,114,103,0.28068,1.48642,-0.13614,1,1,0.450
31.6100,360,BR,8,0.90319,-0.09934,0.30491,133,67,47,0.31151,0.81730,-0.09771,1,0,0.450
31.6200,361,FL,29,1.49088,0.17701,0.30011,134,134,134,0.27901,1.59996,0.18872,1,1,0.450
31.6200,361,BL,22,1.03897,0.16172,0.29956,134,68,46,0.32564,1.16786,0.15955,1,0,0.450
31.6200,361,FR,14,1.35577,-0.10225,0.30194,134,114,103,0.28083,1.48904,-0.13382,1,1,0.450
31.6200,361,BR,7,0.90205,-0.10001,0.30514,133,67,47,0.31172,0.81906,-0.09588,1,0,0.450
31.6280,361,FL,29,1.49307,0.17758,0.30012,134,134,134,0.27902,1.61120,0.18973,1,1,0.450
31.6300,361,BL,22,1.04080,0.16197,0.29949,134,68,46,0.32558,1.17550,0.16029,1,0,0.450
31.6300,361,FR,14,1.35656,-0.10223,0.30193,134,114,103,0.28083,1.49184,-0.13302,1,1,0.450
31.6300,361,BR,7,0.90183,-0.10003,0.30466,134,68,48,0.31129,0.81971,-0.09526,1,0,0.450
31.6400,361,FL,29,1.49398,0.17813,0.30014,134,134,134,0.27904,1.61206,0.19017,1,1,0.450
31.6400,361,BL,22,1.04158,0.16277,0.29942,134,68,46,0.32552,1.17660,0.16140,1,0,0.450
31.6400,361,FR,14,1.35686,-0.10210,0.30201,134,114,103,0.28090,1.49273,-0.13224,1,1,0.450
31.6400,361,BR,7,0.90177,-0.10018,0.30457,134,68,48,0.31120,0.82010,-0.09468,1,0,0.450
31.6500,362,FL,28,1.49585,0.17901,0.30015,134,134,134,0.27905,1.60926,0.19152,1,1,0.450
31.6500,362,BL,21,1.04339,0.16386,0.29940,134,68,46,0.32550,1.17387,0.16334,1,0,0.450
31.6500,362,FR,13,1.35807,-0.10178,0.30189,134,114,103,0.28078,1.49472,-0.13115,1,1,0.450
31.6500,362,BR,6,0.90237,-0.10018,0.30397,134,68,48,0.31065,0.82134,-0.09381,1,0,0.450
31.6600,362,FL,28,1.49666,0.17924,0.30014,134,134,134,0.27904,1.61771,0.19214,1,1,0.450
31.6600,362,BL,21,1.04384,0.16366,0.29937,134,68,46,0.32547,1.17937,0.16348,1,0,0.450
31.6600,362,FR,13,1.35806,-0.10183,0.30205,134,114,103,0.28094,1.49571,-0.13091,1,1,0.450
31.6600,362,BR,6,0.90220,-0.10015,0.30409,134,68,48,0.31076,0.82134,-0.09345,1,0,0.450
31.6700,362,FL,28,1.49579,0.17962,0.30017,134,134,134,0.27907,1.61682,0.19251,1,1,0.450
31.6700,362,BL,21,1.04292,0.16419,0.29934,134,68,46,0.32545,1.17857,0.16420,1,0,0.450
31.6700,362,FR,13,1.35716,-0.10169,0.30224,134,114,103,0.28113,1.49466,-0.13035,1,1,0.450
31.6700,362,BR,6,0.90145,-0.10035,0.30454,134,68,48,0.31117,0.82059,-0.09297,1,0,0.450
31.6780,363,FL,27,1.49685,0.18042,0.30017,134,134,134,0.27907,1.61300,0.19388,1,1,0.450
31.6800,363,BL,20,1.04395,0.16504,0.29936,134,68,46,0.32547,1.17474,0.16586,1,0,0.450
31.6800,363,FR,12,1.35794,-0.10121,0.30226,134,114,103,0.28116,1.49575,-0.12944,1,1,0.450
31.6800,363,BR,5,0.90201,-0.10012,0.30473,134,68,48,0.31135,0.82131,-0.09219,1,0,0.450
31.6900,363,FL,27,1.49718,0.18048,0.30015,134,134,134,0.27905,1.62027,0.19441,1,1,0.450
31.6900,363,BL,20,1.04388,0.16457,0.29933,134,68,46,0.32544,1.17938,0.16579,1,0,0.450
31.6900,363,FR,12,1.35766,-0.10140,0.30241,134,114,103,0.28130,1.49607,-0.12946,1,1,0.450
31.6900,363,BR,5,0.90186,-0.10006,0.30491,133,67,47,0.31151,0.82107,-0.09210,1,0,0.450
31.7000,363,FL,27,1.49727,0.18129,0.30018,134,134,134,0.27908,1.62036,0.19518,1,1,0.450
31.7000,363,BL,20,1.04393,0.16563,0.29932,134,68,46,0.32543,1.17954,0.16692,1,0,0.450
31.7000,363,FR,12,1.35772,-0.10075,0.30266,134,114,103,0.28155,1.49588,-0.12844,1,1,0.450
31.7000,363,BR,5,0.90215,-0.09970,0.30554,133,67,47,0.31208,0.82117,-0.09102,1,0,0.450
31.7080,364,FL,26,1.49663,0.18183,0.30018,134,134,134,0.27908,1.61468,0.19634,1,1,0.450
31.7100,364,BL,19,1.04333,0.16621,0.29937,134,68,46,0.32548,1.17377,0.16833,1,0,0.450
31.7100,364,FR,11,1.35732,-0.10037,0.30284,134,114,103,0.28173,1.49504,-0.12783,1,1,0.450
31.7100,364,BR,4,0.90192,-0.09949,0.30618,132,66,46,0.31266,0.82098,-0.09012,1,0,0.450
31.7180,364,FL,26,1.49777,0.18218,0.30015,134,134,134,0.27904,1.62239,0.19719,1,1,0.450
31.7180,364,BL,19,1.04402,0.16612,0.29936,134,68,46,0.32546,1.17897,0.16862,1,0,0.450
31.7180,364,FR,11,1.35778,-0.10016,0.30306,134,114,103,0.28195,1.49595,-0.12756,1,1,0.450
31.7180,364,BR,4,0.90267,-0.09890,0.30654,132,66,46,0.31299,0.82139,-0.08958,1,0,0.450
31.7280,364,FL,26,1.49740,0.18297,0.30018,134,134,134,0.27908,1.62201,0.19793,1,1,0.450
31.7280,364,BL,19,1.04363,0.16715,0.29936,134,68,46,0.32547,1.17867,0.16970,1,0,0.450
31.7280,364,FR,11,1.35758,-0.09950,0.30336,134,114,103,0.28224,1.49522,-0.12655,1,1,0.450
31.7280,364,BR,4,0.90287,-0.09852,0.30725,132,66,46,0.31363,0.82123,-0.08841,1,0,0.450
31.7400,365,FL,25,1.49692,0.18375,0.30018,134,134,134,0.27908,1.61638,0.19936,1,1,0.450
31.7400,365,BL,18,1.04319,0.16802,0.29942,134,68,46,0.32552,1.17292,0.17141,1,0,0.450
31.7400,365,FR,10,1.35736,-0.09887,0.30354,134,114,103,0.28242,1.49444,-0.12565,1,1,0.450
31.7400,365,BR,3,0.90295,-0.09809,0.30785,132,66,46,0.31418,0.82104,-0.08719,1,0,0.450
31.7500,365,FL,25,1.49604,0.18383,0.30013,134,134,134,0.27903,1.62180,0.20004,1,1,0.450
31.7500,365,BL,18,1.04194,0.16756,0.29943,134,68,46,0.32553,1.17580,0.17156,1,0,0.450
31.7500,365,FR,10,1.35649,-0.09912,0.30384,134,114,103,0.28272,1.49309,-0.12570,1,1,0.450
31.7500,365,BR,3,0.90268,-0.09799,0.30830,132,66,46,0.31459,0.82050,-0.08684,1,0,0.450
31.7600,365,FL,25,1.49508,0.18486,0.30018,134,134,134,0.27907,1.62084,0.20104,1,1,0.450
31.7600,365,BL,18,1.04098,0.16880,0.29940,134,68,46,0.32550,1.17486,0.17297,1,0,0.450
31.7620,365,FR,10,1.35568,-0.09853,0.30402,134,114,103,0.28291,1.49166,-0.12441,1,1,0.450
31.7620,365,BR,3,0.90263,-0.09779,0.30859,131,65,45,0.31485,0.81918,-0.08580,1,0,0.450
31.7700,366,FL,24,1.49454,0.18590,0.30018,134,134,134,0.27907,1.61505,0.20281,1,1,0.450
31.7700,366,BL,17,1.04046,0.16985,0.29944,134,68,46,0.32554,1.17422,0.17432,1,0,0.450
31.7700,366,FR,9,1.35531,-0.09790,0.30411,134,114,103,0.28299,1.49075,-0.12328,1,1,0.450
31.7720,366,BR,2,0.90284,-0.09740,0.30880,131,65,45,0.31505,0.81834,-0.08466,1,0,0.450
31.7860,366,FL,24,1.49334,0.18596,0.30011,134,134,134,0.27901,1.62018,0.20357,1,1,0.450
31.7860,366,BL,17,1.03879,0.16924,0.29939,134,68,46,0.32549,1.17144,0.17543,1,0,0.450
31.7860,366,FR,9,1.35429,-0.09843,0.30429,134,114,103,0.28317,1.48880,-0.12348,1,1,0.450
31.7860,366,BR,2,0.90276,-0.09752,0.30884,131,65,45,0.31508,0.81769,-0.08469,1,0,0.450
31.7960,367,FL,23,1.49143,0.18768,0.30016,134,134,134,0.27906,1.61265,0.20621,1,1,0.450
31.7960,367,BL,16,1.03710,0.17090,0.29940,134,68,46,0.32550,1.16932,0.17760,1,0,0.450
31.7960,367,FR,8,1.35322,-0.09774,0.30441,134,114,103,0.28329,1.48641,-0.12159,1,1,0.450
31.7980,367,BR,1,0.90312,-0.09738,0.30883,131,65,45,0.31507,0.81556,-0.08382,1,0,0.450
31.8180,367,FL,23,1.48976,0.18792,0.30012,134,134,134,0.27901,1.61164,0.21181,1,1,0.450
31.8200,367,BL,16,1.03517,0.17005,0.29934,134,68,46,0.32545,1.16656,0.17826,1,0,0.450
31.8200,367,FR,8,1.35237,-0.09851,0.30425,134,114,103,0.28313,1.48404,-0.12188,1,1,0.450
31.8200,367,BR,1,0.90307,-0.09762,0.30883,131,65,45,0.31507,0.81541,-0.08412,1,0,0.450
31.8340,368,FL,22,1.48632,0.18985,0.30001,134,134,134,0.27891,1.60401,0.21344,1,1,0.450
31.8340,368,BL,15,1.03214,0.17138,0.29927,134,68,46,0.32539,1.16237,0.18096,1,0,0.450
31.8340,368,FR,7,1.35114,-0.09828,0.30358,134,114,103,0.28247,1.48008,-0.11999,1,1,0.450
31.8340,368,BR,30,1.17510,-0.09198,0.29986,134,70,59,0.28672,1.25073,-0.09305,1,1,0.450
31.8440,368,FL,22,1.48336,0.19099,0.30004,134,134,134,0.27894,1.60443,0.21818,1,1,0.450
31.8460,368,BL,15,1.02911,0.17127,0.29934,134,68,46,0.35414,1.15808,0.18229,1,0,0.450
31.8460,368,FR,7,1.34967,-0.09812,0.30412,134,114,103,0.28300,1.47641,-0.11898,1,1,0.450
31.8460,368,BR,30,1.17206,-0.09007,0.29985,134,70,59,0.28671,1.24587,-0.08516,1,1,0.450
31.8540,369,FL,21,1.48167,0.19154,0.30000,134,134,134,0.27890,1.59855,0.21822,1,1,0.450
31.8540,369,BL,14,1.02783,0.17183,0.29929,134,68,46,0.35411,1.15585,0.18331,1,0,0.450
31.8540,369,FR,6,1.34938,-0.09793,0.30393,134,114,103,0.28281,1.47473,-0.11831,1,1,0.450
31.8540,369,BR,29,1.17031,-0.08926,0.29987,134,70,59,0.28673,1.24053,-0.08463,1,1,0.450
31.8640,369,FL,21,1.48025,0.19165,0.29994,134,134,134,0.27884,1.60157,0.22090,1,1,0.450
31.8640,369,BL,14,1.02630,0.17095,0.29920,134,68,46,0.35404,1.15324,0.18367,1,0,0.450
31.8640,369,FR,6,1.34893,-0.09843,0.30352,134,114,103,0.28240,1.47285,-0.11863,1,1,0.450
31.8640,369,BR,29,1.16854,-0.08802,0.29986,134,70,59,0.28672,1.23993,-0.07996,1,1,0.450
31.8740,369,FL,21,1.47874,0.19210,0.29996,134,134,125,0.27886,1.59999,0.22105,1,1,0.450
31.8740,369,BL,14,1.02505,0.17164,0.29922,134,68,46,0.35405,1.15149,0.18436,1,0,0.450
31.8740,369,FR,6,1.34830,-0.09795,0.30376,134,114,103,0.28264,1.47121,-0.11790,1,1,0.450
31.8740,369,BR,29,1.16704,-0.08745,0.29987,134,70,59,0.28673,1.23894,-0.07935,1,1,0.450
31.8840,370,FL,20,1.47736,0.19263,0.29999,134,134,125,0.27889,1.59461,0.22121,1,1,0.450
31.8840,370,BL,13,1.02377,0.17211,0.29936,134,68,46,0.35416,1.19989,0.18504,1,0,0.450
31.8840,370,FR,5,1.34755,-0.09767,0.30409,134,114,103,0.28297,1.46947,-0.11729,1,1,0.450
31.8840,370,BR,28,1.16564,-0.08690,0.29988,134,70,59,0.28673,1.23356,-0.07927,1,1,0.450
31.8940,370,FL,20,1.47707,0.19247,0.30002,134,134,125,0.27892,1.60220,0.22227,1,1,0.450
31.8940,370,BL,13,1.02141,0.17145,0.29862,134,68,46,0.35358,1.19943,0.18579,1,0,0.450
31.8940,370,FR,5,1.34609,-0.09790,0.30422,134,114,103,0.28311,1.46643,-0.11763,1,1,0.450
31.8940,370,BR,28,1.16480,-0.08602,0.29992,134,70,59,0.28677,1.23239,-0.07645,1,1,0.450
31.9040,370,FL,20,1.47533,0.19279,0.30010,134,134,125,0.27900,1.60027,0.22199,1,1,0.450
31.9040,370,BL,13,1.01993,0.17228,0.29884,134,68,46,0.35375,1.19784,0.18623,1,0,0.450
31.9040,370,FR,5,1.34487,-0.09719,0.30491,133,114,103,0.28379,1.46439,-0.11664,1,1,0.450
31.9040,370,BR,28,1.16324,-0.08581,0.29994,134,70,59,0.28679,1.23162,-0.07611,1,1,0.450
31.9160,371,FL,19,1.47466,0.19321,0.30017,134,134,125,0.27907,1.59572,0.22173,1,1,0.450
31.9160,371,BL,12,1.01925,0.17285,0.29915,134,68,46,0.35400,1.19699,0.18662,1,0,0.450
31.9160,371,FR,4,1.34466,-0.09658,0.30585,132,113,102,0.28473,1.46321,-0.11573,1,1,0.450
31.9160,371,BR,27,1.16255,-0.08544,0.29995,134,70,59,0.28681,1.22699,-0.07643,1,1,0.450
31.9240,371,FL,19,1.47338,0.19305,0.30021,134,134,125,0.27911,1.59968,0.22281,1,1,0.450
31.9240,371,BL,12,1.01725,0.17249,0.29943,134,68,46,0.35422,1.19492,0.18621,1,0,0.450
31.9240,371,FR,4,1.34323,-0.09593,0.30677,132,113,102,0.28565,1.46045,-0.11477,1,1,0.450
31.9240,371,BR,27,1.16096,-0.08460,0.29996,134,70,59,0.28682,1.22849,-0.07441,1,1,0.450
31.9340,371,FL,19,1.47297,0.19328,0.30031,134,134,125,0.27921,1.59918,0.22256,1,1,0.450
31.9340,371,BL,12,1.01700,0.17314,0.29965,134,68,46,0.35439,1.19459,0.18645,1,0,0.450
31.9360,371,FR,4,1.34322,-0.09539,0.30763,132,113,102,0.28650,1.45983,-0.11403,1,1,0.450
31.9360,371,BR,27,1.16071,-0.08452,0.29998,134,70,59,0.28683,1.22896,-0.07450,1,1,0.450
31.9460,372,FL,18,1.47223,0.19349,0.30040,134,134,125,0.27930,1.59465,0.22180,1,1,0.450
31.9460,372,BL,11,1.01610,0.17377,0.30001,134,68,46,0.35467,1.19386,0.18648,1,0,0.450
31.9460,372,FR,3,1.34259,-0.09462,0.30877,131,113,102,0.28764,1.45828,-0.11285,1,1,0.450
31.9460,372,BR,26,1.15997,-0.08443,0.29999,134,70,59,0.28684,1.22428,-0.07521,1,1,0.450
31.9540,372,FL,18,1.47077,0.19330,0.30046,134,134,125,0.27936,1.59848,0.22250,1,1,0.450
31.9540,372,BL,11,1.01380,0.17350,0.30041,134,68,46,0.35498,1.19170,0.18592,1,0,0.450
31.9540,372,FR,3,1.34086,-0.09385,0.30966,131,113,102,0.28853,1.45528,-0.11162,1,1,0.450
31.9560,372,BR,26,1.15825,-0.08376,0.30001,134,70,59,0.28686,1.22599,-0.07393,1,1,0.450
31.9660,372,FL,18,1.47124,0.19324,0.30056,134,134,125,0.27945,1.59878,0.22209,1,1,0.450
31.9660,372,BL,11,1.01458,0.17372,0.30054,134,68,46,0.35509,1.19218,0.18589,1,0,0.450
31.9660,372,FR,3,1.34177,-0.09364,0.31027,131,113,102,0.28913,1.45612,-0.11164,1,1,0.450
31.9660,372,BR,26,1.15886,-0.08395,0.30001,134,70,59,0.28686,1.22735,-0.07436,1,1,0.450
31.9740,373,FL,17,1.47100,0.19305,0.30059,134,134,125,0.27949,1.59855,0.22178,1,1,0.450
31.9740,373,BL,10,1.01436,0.17369,0.30065,134,68,46,0.35517,1.19188,0.18552,1,0,0.450
31.9740,373,FR,2,1.34176,-0.09326,0.31058,131,113,102,0.28944,1.45604,-0.11152,1,1,0.450
31.9740,373,BR,25,1.15859,-0.08418,0.30001,134,70,59,0.28686,1.22303,-0.07537,1,1,0.450
31.9840,373,FL,17,1.47113,0.19249,0.30061,134,134,125,0.27951,1.59977,0.22154,1,1,0.450
31.9840,373,BL,10,1.01390,0.17278,0.30079,134,68,46,0.35528,1.19129,0.18455,1,0,0.450
31.9840,373,FR,2,1.34171,-0.09298,0.31063,131,113,102,0.28949,1.45579,-0.11143,1,1,0.450
31.9840,373,BR,25,1.15852,-0.08387,0.30003,134,70,59,0.28688,1.22650,-0.07461,1,1,0.450
31.9940,373,FL,17,1.47101,0.19224,0.30071,134,134,125,0.27961,1.59953,0.22086,1,1,0.450
31.9940,373,BL,10,1.01388,0.17284,0.30097,134,68,46,0.35543,1.19138,0.18391,1,0,0.450
31.9940,373,FR,2,1.34157,-0.09248,0.31107,131,113,102,0.28994,1.45611,-0.11141,1,1,0.450
31.9940,373,BR,25,1.15863,-0.08447,0.30002,134,70,59,0.28688,1.22721,-0.07539,1,1,0.450
32.0040,374,FL,16,1.47127,0.19183,0.30075,134,134,125,0.27965,1.60381,0.22106,1,1,0.450
32.0040,374,BL,9,1.01416,0.17237,0.30110,134,68,46,0.35553,1.19162,0.18297,1,0,0.450
32.0040,374,FR,1,1.34170,-0.09219,0.31120,131,113,102,0.29006,1.45718,-0.11181,1,1,0.450
32.0060,374,BR,24,1.15901,-0.08513,0.30002,134,70,59,0.28687,1.22349,-0.07683,1,1,0.450
32.0140,374,FL,16,1.47187,0.19113,0.30080,134,134,125,0.27970,1.60547,0.22050,1,1,0.450
32.0140,374,BL,9,1.01414,0.17125,0.30111,134,68,46,0.35553,1.19171,0.18147,1,0,0.450
32.0140,374,FR,1,1.34175,-0.09196,0.31111,131,113,102,0.28998,1.45788,-0.11190,1,1,0.450
32.0140,374,BR,24,1.15966,-0.08526,0.30004,134,70,59,0.28689,1.22777,-0.07665,1,1,0.450
32.0240,374,FL,16,1.47228,0.19069,0.30092,134,134,125,0.27982,1.60574,0.21965,1,1,0.450
32.0240,374,BL,9,1.01464,0.17087,0.30130,134,68,46,0.35568,1.19245,0.18015,1,0,0.450
32.0240,374,FR,1,1.34161,-0.09158,0.31150,131,113,102,0.29036,1.45873,-0.11229,1,1,0.450
32.0240,374,BR,24,1.16053,-0.08636,0.30003,134,70,59,0.28688,1.22919,-0.07791,1,1,0.450
32.0340,375,FL,15,1.47308,0.19010,0.30102,134,134,125,0.27991,1.60647,0.21891,1,1,0.450
32.0340,375,BL,8,1.01543,0.17007,0.30140,134,68,46,0.35576,1.19344,0.17847,1,0,0.450
32.0340,375,FR,30,1.60997,-0.08503,0.29996,134,134,134,0.27886,1.71263,-0.09322,1,1,0.450
32.0340,375,BR,23,1.16170,-0.08756,0.30001,134,70,59,0.28686,1.22620,-0.07983,1,1,0.450
32.0540,375,FL,15,1.47449,0.18927,0.30102,134,134,125,0.27991,1.60800,0.21861,1,1,0.450
32.0540,375,BL,8,1.01659,0.16819,0.30099,134,68,46,0.35544,1.19450,0.17623,1,0,0.450
32.0540,375,FR,30,1.61133,-0.08521,0.29995,134,134,134,0.27885,1.72501,-0.09391,1,1,0.450
32.0540,375,BR,23,1.16326,-0.08822,0.30004,134,70,59,0.28689,1.23361,-0.08051,1,1,0.450
32.0620,376,FL,14,1.47463,0.18859,0.30120,134,134,125,0.28009,1.60895,0.21678,1,1,0.450
32.0640,376,BL,7,1.01585,0.16762,0.30198,134,68,46,0.35621,1.19559,0.17363,1,0,0.450
32.0640,376,FR,29,1.61315,-0.08642,0.29996,134,134,134,0.27886,1.72199,-0.09508,1,1,0.450
32.0640,376,BR,22,1.16493,-0.09080,0.30006,134,70,59,0.28691,1.23140,-0.08395,1,1,0.450
32.0740,376,FL,14,1.47568,0.18851,0.30123,134,134,125,0.28012,1.61122,0.21646,1,1,0.450
32.0740,376,BL,7,1.01575,0.16721,0.30184,134,68,46,0.35611,1.19644,0.17247,1,0,0.450
32.0740,376,FR,29,1.61472,-0.08669,0.29995,134,134,134,0.27884,1.73185,-0.09551,1,1,0.450
32.0740,376,BR,22,1.16653,-0.09105,0.30008,134,70,59,0.28693,1.23791,-0.08439,1,1,0.450
32.0840,376,FL,14,1.47505,0.18837,0.30137,134,134,125,0.28026,1.61092,0.21547,1,1,0.450
32.0840,376,BL,7,1.01499,0.16729,0.30213,134,68,46,0.35633,1.19612,0.17150,1,0,0.450
32.0840,376,FR,29,1.61495,-0.08736,0.29997,134,134,134,0.27887,1.73185,-0.09582,1,1,0.450
32.0840,376,BR,22,1.16663,-0.09220,0.30006,134,70,59,0.28691,1.23865,-0.08583,1,1,0.450
32.0920,377,FL,13,1.47515,0.18819,0.30136,134,134,125,0.28025,1.61127,0.21494,1,1,0.450
32.0920,377,BL,6,1.01489,0.16707,0.30212,134,68,46,0.35632,1.19626,0.17066,1,0,0.450
32.0920,377,FR,28,1.61543,-0.08781,0.29997,134,134,134,0.27887,1.72754,-0.09698,1,1,0.450
32.0920,377,BR,21,1.16709,-0.09292,0.30006,134,70,59,0.28691,1.23436,-0.08761,1,1,0.450
32.1020,377,FL,13,1.47608,0.18801,0.30134,134,134,125,0.28023,1.61297,0.21472,1,1,0.450
32.1020,377,BL,6,1.01515,0.16650,0.30192,134,68,46,0.35617,1.19684,0.16968,1,0,0.450
32.1020,377,FR,28,1.61661,-0.08808,0.29993,134,134,134,0.27883,1.73578,-0.09743,1,1,0.450
32.1020,377,BR,21,1.16833,-0.09310,0.30008,134,70,59,0.28693,1.23985,-0.08783,1,1,0.450
32.1120,377,FL,13,1.47588,0.18760,0.30151,134,134,125,0.28040,1.61279,0.21390,1,1,0.450
32.1120,377,BL,6,1.01513,0.16617,0.30237,134,68,46,0.35652,1.19679,0.16868,1,0,0.450
32.1120,377,FR,28,1.61694,-0.08872,0.29996,134,134,134,0.27886,1.73592,-0.09782,1,1,0.450
32.1120,377,BR,21,1.16857,-0.09413,0.30008,134,70,59,0.28693,1.24062,-0.08903,1,1,0.450
32.1200,377,FL,13,1.47575,0.18709,0.30169,134,134,125,0.28058,1.61279,0.21326,1,1,0.450
32.1220,377,BL,6,1.01490,0.16558,0.30304,134,68,46,0.35705,1.19660,0.16749,1,0,0.450
32.1220,377,FR,28,1.61709,-0.08930,0.29997,134,134,134,0.27886,1.73609,-0.09826,1,1,0.450
32.1220,377,BR,21,1.16870,-0.09500,0.30013,134,70,59,0.28697,1.24077,-0.08998,1,1,0.450
32.1320,378,FL,12,1.47503,0.18676,0.30180,134,134,125,0.28069,1.61205,0.21278,1,1,0.450
32.1320,378,BL,5,1.01422,0.16529,0.30346,134,68,46,0.35738,1.19589,0.16663,1,0,0.450
32.1320,378,FR,27,1.61651,-0.08965,0.29997,134,134,134,0.27887,1.73054,-0.09943,1,1,0.450
32.1320,378,BR,20,1.16812,-0.09556,0.30015,134,70,59,0.28700,1.23523,-0.09148,1,1,0.450
32.1400,378,FL,12,1.47487,0.18659,0.30200,134,134,125,0.28089,1.61245,0.21274,1,1,0.450
32.1420,378,BL,5,1.01369,0.16459,0.30390,134,68,46,0.35773,1.19510,0.16557,1,0,0.450
32.1420,378,FR,27,1.61646,-0.08987,0.29991,134,134,134,0.27881,1.73696,-0.09986,1,1,0.450
32.1420,378,BR,20,1.16814,-0.09564,0.30021,134,70,59,0.28706,1.23916,-0.09164,1,1,0.450
32.1500,378,FL,12,1.47473,0.18601,0.30220,134,134,125,0.28109,1.61234,0.21202,1,1,0.450
32.1500,378,BL,5,1.01377,0.16390,0.30445,134,68,46,0.35816,1.19491,0.16435,1,0,0.450
32.1500,378,FR,27,1.61689,-0.09045,0.29994,134,134,134,0.27884,1.73723,-0.10021,1,1,0.450
32.1500,378,BR,20,1.16849,-0.09669,0.30022,134,70,59,0.28706,1.23998,-0.09276,1,1,0.450
32.1600,379,FL,11,1.47413,0.18546,0.30239,134,134,125,0.28128,1.61173,0.21135,1,1,0.450
32.1600,379,BL,4,1.01329,0.16325,0.30507,133,67,45,0.35865,1.19411,0.16299,1,0,0.450
32.1600,379,FR,26,1.61657,-0.09099,0.29995,134,134,134,0.27884,1.73185,-0.10152,1,1,0.450
32.1600,379,BR,19,1.16814,-0.09762,0.30026,134,70,59,0.28710,1.23459,-0.09463,1,1,0.450
32.1700,379,FL,11,1.47363,0.18560,0.30263,134,134,125,0.28152,1.61164,0.21155,1,1,0.450
32.1700,379,BL,4,1.01262,0.16275,0.30546,133,67,45,0.35896,1.19286,0.16228,1,0,0.450
32.1700,379,FR,26,1.61621,-0.09101,0.29988,134,134,134,0.27877,1.73764,-0.10181,1,1,0.450
32.1700,379,BR,19,1.16781,-0.09747,0.30032,134,70,59,0.28716,1.23811,-0.09470,1,1,0.450
32.1800,379,FL,11,1.47227,0.18527,0.30284,134,134,125,0.28173,1.61003,0.21089,1,1,0.450
32.1800,379,BL,4,1.01179,0.16249,0.30591,132,66,44,0.35931,1.19129,0.16129,1,0,0.450
32.1800,379,FR,26,1.61520,-0.09150,0.29991,134,134,134,0.27881,1.73648,-0.10209,1,1,0.450
32.1800,379,BR,19,1.16676,-0.09838,0.30033,134,70,59,0.28717,1.23743,-0.09574,1,1,0.450
32.1900,380,FL,10,1.47190,0.18500,0.30285,134,134,125,0.28174,1.60953,0.21021,1,1,0.450
32.1900,380,BL,3,1.01184,0.16224,0.30588,132,66,44,0.35929,1.19045,0.16049,1,0,0.450
32.1900,380,FR,25,1.61503,-0.09214,0.29992,134,134,134,0.27881,1.73119,-0.10360,1,1,0.450
32.1900,380,BR,18,1.16659,-0.09930,0.30034,134,70,59,0.28718,1.23200,-0.09790,1,1,0.450
32.2000,380,FL,10,1.47120,0.18547,0.30309,134,134,125,0.28198,1.60864,0.21058,1,1,0.450
32.2000,380,BL,3,1.01129,0.16224,0.30607,132,66,44,0.35944,1.18920,0.16041,1,0,0.450
32.2000,380,FR,25,1.61396,-0.09209,0.29983,134,134,134,0.27873,1.73604,-0.10399,1,1,0.450
32.2000,380,BR,18,1.16559,-0.09879,0.30041,134,70,59,0.28725,1.23462,-0.09791,1,1,0.450
32.2100,380,FL,10,1.47043,0.18530,0.30324,134,134,125,0.28213,1.60735,0.20984,1,1,0.450
32.2100,380,BL,3,1.01124,0.16228,0.30616,132,66,44,0.35951,1.18823,0.16003,1,0,0.450
32.2100,380,FR,25,1.61319,-0.09277,0.29988,134,134,134,0.27877,1.73511,-0.10453,1,1,0.450
32.2100,380,BR,18,1.16485,-0.09966,0.30041,134,70,59,0.28725,1.23405,-0.09910,1,1,0.450
32.2200,381,FL,9,1.47034,0.18512,0.30329,134,134,125,0.28218,1.60672,0.20912,1,1,0.450
32.2200,381,BL,2,1.01168,0.16226,0.30611,132,66,44,0.35947,1.18792,0.15972,1,0,0.450
32.2200,381,FR,24,1.61277,-0.09352,0.29988,134,134,134,0.27878,1.72946,-0.10633,1,1,0.450
32.2200,381,BR,17,1.16450,-0.10036,0.30045,134,70,59,0.28729,1.23343,-0.10024,1,1,0.450
32.2300,381,FL,9,1.46987,0.18582,0.30349,134,134,125,0.28238,1.60568,0.20964,1,1,0.450
32.2300,381,BL,2,1.01149,0.16250,0.30605,132,66,44,0.35942,1.18736,0.16025,1,0,0.450
32.2300,381,FR,24,1.61168,-0.09350,0.29978,134,134,134,0.27868,1.73401,-0.10678,1,1,0.450
32.2300,381,BR,17,1.16351,-0.09958,0.30052,134,70,59,0.28736,1.23090,-0.10134,1,1,0.450
32.2380,381,FL,9,1.46964,0.18568,0.30358,134,134,125,0.28247,1.60460,0.20887,1,1,0.450
32.2400,381,BL,2,1.01176,0.16267,0.30590,132,66,44,0.35930,1.18722,0.16037,1,0,0.450
32.2400,381,FR,24,1.61067,-0.09427,0.29983,134,134,134,0.27872,1.73286,-0.10765,1,1,0.450
32.2400,381,BR,17,1.16271,-0.10024,0.30052,134,70,59,0.28736,1.22966,-0.10237,1,1,0.450
32.2500,382,FL,8,1.46995,0.18559,0.30360,134,134,125,0.28248,1.60428,0.20830,1,1,0.450
32.2500,382,BL,1,1.01235,0.16272,0.30572,133,67,45,0.35916,1.18765,0.16051,1,0,0.450
32.2500,382,FR,23,1.61032,-0.09497,0.29983,134,134,134,0.27873,1.72714,-0.10953,1,1,0.450
32.2500,382,BR,16,1.16251,-0.10060,0.30057,134,70,59,0.28740,1.22904,-0.10323,1,1,0.450
32.2700,382,FL,8,1.46978,0.18625,0.30378,134,134,125,0.28266,1.60297,0.20861,1,1,0.450
32.2700,382,BL,1,1.01225,0.16293,0.30568,133,67,45,0.35913,1.18809,0.16123,1,0,0.450
32.2700,382,FR,23,1.60890,-0.09525,0.29976,134,134,134,0.27866,1.72589,-0.11492,1,1,0.450
32.2700,382,BR,16,1.16141,-0.09976,0.30069,134,70,59,0.28752,1.22673,-0.10375,1,1,0.450
32.2800,383,FL,7,1.47017,0.18602,0.30360,134,134,125,0.28249,1.60143,0.20734,1,1,0.450
32.2800,383,BL,30,1.28286,0.17002,0.29990,134,103,92,0.27880,1.36068,0.17543,1,1,0.450
32.2800,383,FR,22,1.60711,-0.09640,0.29968,134,134,134,0.27858,1.71986,-0.11595,1,1,0.450
32.2800,383,BR,15,1.16006,-0.10025,0.30070,134,70,59,0.28753,1.22423,-0.10519,1,1,0.450
32.2880,383,FL,7,1.46905,0.18596,0.30448,134,134,125,0.28336,1.60024,0.20745,1,1,0.450
32.2880,383,BL,30,1.28138,0.16911,0.29990,134,103,92,0.27879,1.35780,0.16874,1,1,0.450
32.2880,383,FR,22,1.60585,-0.09659,0.29965,134,134,134,0.27855,1.72157,-0.11908,1,1,0.450
32.2880,383,BR,15,1.15899,-0.09966,0.30094,134,70,59,0.28776,1.22239,-0.10536,1,1,0.450
32.3000,383,FL,7,1.46941,0.18572,0.30471,134,134,125,0.28359,1.60024,0.20689,1,1,0.450
32.3000,383,BL,30,1.28144,0.16855,0.29992,134,103,92,0.27882,1.35832,0.16831,1,1,0.450
32.3000,383,FR,22,1.60589,-0.09695,0.29964,134,134,134,0.27853,1.72174,-0.11901,1,1,0.450
32.3000,383,BR,15,1.15917,-0.10021,0.30099,134,70,59,0.28781,1.22227,-0.10604,1,1,0.450
32.3080,384,FL,6,1.46828,0.18567,0.30459,134,134,125,0.28347,1.59853,0.20654,1,1,0.450
32.3080,384,BL,29,1.28003,0.16817,0.29992,134,103,92,0.27882,1.35275,0.16793,1,1,0.450
32.3080,384,FR,21,1.60454,-0.09729,0.29964,134,134,134,0.27854,1.71622,-0.11943,1,1,0.450
32.3080,384,BR,14,1.15784,-0.10054,0.30102,134,70,59,0.28784,1.22085,-0.10655,1,1,0.450
32.3180,384,FL,6,1.46798,0.18628,0.30465,134,134,125,0.28353,1.59781,0.20725,1,1,0.450
32.3200,384,BL,29,1.27882,0.16724,0.29991,134,92,81,0.27881,1.35307,0.16385,1,1,0.450
32.3200,384,FR,21,1.60382,-0.09705,0.29955,134,134,134,0.27845,1.71946,-0.12117,1,1,0.450
32.3200,384,BR,14,1.15747,-0.09964,0.30121,134,70,59,0.28802,1.21938,-0.10673,1,1,0.450
32.3280,384,FL,6,1.46775,0.18621,0.30489,133,133,125,0.28377,1.59706,0.20704,1,1,0.450
32.3280,384,BL,29,1.27832,0.16693,0.29992,134,92,81,0.27882,1.35300,0.16356,1,1,0.450
32.3280,384,FR,21,1.60334,-0.09715,0.29958,134,134,134,0.27848,1.71905,-0.12096,1,1,0.450
32.3280,384,BR,14,1.15709,-0.10007,0.30125,134,70,59,0.28807,1.21888,-0.10720,1,1,0.450
32.3380,385,FL,5,1.46675,0.18609,0.30517,133,133,125,0.28405,1.59559,0.20680,1,1,0.450
32.3380,385,BL,28,1.27703,0.16671,0.29993,134,92,81,0.27883,1.34770,0.16357,1,1,0.450
32.3380,385,FR,20,1.60210,-0.09733,0.29960,134,134,134,0.27850,1.71377,-0.12091,1,1,0.450
32.3400,385,BR,13,1.15590,-0.10031,0.30139,134,70,59,0.28820,1.21752,-0.10752,1,1,0.450
32.3480,385,FL,5,1.46695,0.18657,0.30556,133,133,125,0.28444,1.59543,0.20753,1,1,0.450
32.3480,385,BL,28,1.27649,0.16592,0.29992,134,92,81,0.27882,1.34999,0.16100,1,1,0.450
32.3480,385,FR,20,1.60209,-0.09692,0.29952,134,134,134,0.27842,1.71807,-0.12196,1,1,0.450
32.3500,385,BR,13,1.15616,-0.09932,0.30168,134,70,59,0.28848,1.21689,-0.10741,1,1,0.450
32.3580,385,FL,5,1.46568,0.18599,0.30615,132,132,124,0.28503,1.59374,0.20681,1,1,0.450
32.3580,385,BL,28,1.27536,0.16585,0.29993,134,92,81,0.27883,1.34930,0.16095,1,1,0.450
32.3580,385,FR,20,1.60088,-0.09701,0.29960,134,134,134,0.27850,1.71698,-0.12162,1,1,0.450
32.3580,385,BR,13,1.15488,-0.09994,0.30182,134,70,59,0.28861,1.21584,-0.10752,1,1,0.450
32.3720,386,FL,4,1.46591,0.18573,0.30687,132,132,124,0.28574,1.59369,0.20652,1,1,0.450
32.3720,386,BL,27,1.27525,0.16575,0.29994,134,92,81,0.27884,1.34522,0.16130,1,1,0.450
32.3720,386,FR,19,1.60086,-0.09707,0.29964,134,134,134,0.27854,1.71291,-0.12122,1,1,0.450
32.3720,386,BR,12,1.15500,-0.10021,0.30210,134,70,59,0.28889,1.21563,-0.10770,1,1,0.450
32.3840,386,FL,4,1.46530,0.18537,0.30769,132,132,124,0.28657,1.59274,0.20629,1,1,0.450
32.3840,386,BL,27,1.27445,0.16507,0.29995,134,92,81,0.27884,1.34781,0.15970,1,1,0.450
32.3840,386,FR,19,1.60061,-0.09667,0.29959,134,134,134,0.27849,1.71719,-0.12169,1,1,0.450
32.3840,386,BR,12,1.15471,-0.09971,0.30254,134,70,59,0.28931,1.21507,-0.10725,1,1,0.450
32.3960,387,FL,3,1.46423,0.18460,0.30844,131,131,123,0.28731,1.59145,0.20528,1,1,0.450
32.3960,387,BL,26,1.27360,0.16511,0.29995,134,92,81,0.27885,1.34343,0.16032,1,1,0.450
32.3960,387,FR,18,1.59967,-0.09676,0.29970,134,134,134,0.27859,1.71236,-0.12082,1,1,0.450
32.3960,387,BR,11,1.15369,-0.10044,0.30276,134,70,59,0.28953,1.21429,-0.10728,1,1,0.450
32.4120,387,FL,3,1.46393,0.18425,0.30902,131,131,123,0.28789,1.59116,0.20491,1,1,0.450
32.4120,387,BL,26,1.27331,0.16452,0.29996,134,92,81,0.27886,1.34681,0.15936,1,1,0.450
32.4120,387,FR,18,1.59993,-0.09637,0.29962,134,134,134,0.27852,1.71710,-0.12108,1,1,0.450
32.4120,387,BR,11,1.15390,-0.09996,0.30325,134,70,59,0.29000,1.21428,-0.10684,1,1,0.450
32.4220,388,FL,2,1.46357,0.18360,0.30948,131,131,123,0.28835,1.59137,0.20448,1,1,0.450
32.4220,388,BL,25,1.27361,0.16488,0.29995,134,92,81,0.27885,1.34352,0.16043,1,1,0.450
32.4220,388,FR,17,1.60017,-0.09611,0.29973,134,134,134,0.27863,1.71748,-0.12025,1,1,0.450
32.4220,388,BR,10,1.15398,-0.10039,0.30338,134,70,59,0.29012,1.21484,-0.10648,1,1,0.450
32.4400,388,FL,2,1.46275,0.18325,0.30938,131,131,123,0.28825,1.59059,0.20401,1,1,0.450
32.4400,388,BL,25,1.27321,0.16438,0.29996,134,92,81,0.27885,1.34690,0.15980,1,1,0.450
32.4400,388,FR,17,1.60018,-0.09573,0.29963,134,134,134,0.27853,1.71808,-0.11995,1,1,0.450
32.4400,388,BR,10,1.15366,-0.09987,0.30367,134,70,59,0.29041,1.21483,-0.10591,1,1,0.450
32.4500,388,FL,2,1.46217,0.18251,0.30973,131,131,123,0.28859,1.59176,0.20392,1,1,0.450
32.4520,388,BL,25,1.27454,0.16526,0.29994,134,92,81,0.27883,1.34872,0.16099,1,1,0.450
32.4520,388,FR,17,1.60139,-0.09509,0.29973,134,134,134,0.27863,1.71955,-0.11862,1,1,0.450
32.4520,388,BR,10,1.15437,-0.10005,0.30376,134,70,59,0.29050,1.21669,-0.10493,1,1,0.450
32.4620,389,FL,1,1.46327,0.18260,0.30971,131,131,123,0.28858,1.59479,0.20484,1,1,0.450
32.4620,389,BL,24,1.27658,0.16607,0.29993,134,92,81,0.27883,1.34661,0.16241,1,1,0.450
32.4620,389,FR,16,1.60348,-0.09432,0.29976,134,134,134,0.27866,1.72573,-0.11823,1,1,0.450
32.4620,389,BR,9,1.15632,-0.09937,0.30380,134,70,59,0.29053,1.21904,-0.10386,1,1,0.450
32.4720,389,FL,1,1.46285,0.18217,0.30978,131,131,123,0.28864,1.59506,0.20493,1,1,0.450
32.4720,389,BL,24,1.27830,0.16636,0.29993,134,92,81,0.27882,1.35208,0.16263,1,1,0.450
32.4720,389,FR,16,1.60547,-0.09330,0.29975,134,134,134,0.27865,1.72851,-0.11707,1,1,0.450
32.4720,389,BR,9,1.15744,-0.09842,0.30389,134,70,59,0.29062,1.22162,-0.10212,1,1,0.450
32.4820,390,FL,30,1.73107,0.19037,0.30000,134,134,134,0.27890,1.83492,0.20420,1,1,0.450
32.4820,390,BL,23,1.28120,0.16778,0.29993,134,103,92,0.27883,1.35120,0.16460,1,1,0.450
32.4820,390,FR,15,1.60837,-0.09211,0.29999,134,134,134,0.27889,1.73106,-0.11583,1,1,0.450
32.4820,390,BR,8,1.16040,-0.09722,0.30446,134,70,59,0.29118,1.22509,-0.10029,1,1,0.450
32.5020,390,FL,30,1.73217,0.19080,0.30002,134,134,134,0.27892,1.84685,0.20574,1,1,0.450
32.5020,390,BL,23,1.28221,0.16793,0.29989,134,103,92,0.27879,1.35859,0.16514,1,1,0.450
32.5020,390,FR,15,1.60916,-0.09152,0.29994,134,134,134,0.27884,1.73305,-0.11510,1,1,0.450
32.5020,390,BR,8,1.15994,-0.09678,0.30341,134,70,59,0.29016,1.22640,-0.09885,1,1,0.450
32.5100,390,FL,30,1.73646,0.19286,0.30002,134,134,134,0.27892,1.85102,0.20737,1,1,0.450
32.5100,390,BL,23,1.28624,0.17043,0.29985,134,103,92,0.27875,1.36333,0.16807,1,1,0.450
32.5100,390,FR,15,1.61173,-0.09041,0.29983,134,134,134,0.27872,1.73759,-0.11247,1,1,0.450
32.5100,390,BR,8,1.16063,-0.09660,0.30359,134,70,59,0.29033,1.23023,-0.09670,1,1,0.450
32.5200,391,FL,29,1.73788,0.19351,0.30003,134,134,134,0.27893,1.84782,0.20841,1,1,0.450
32.5200,391,BL,22,1.28753,0.17113,0.29982,134,103,92,0.27872,1.36048,0.16968,1,1,0.450
32.5220,391,FR,14,1.61227,-0.09030,0.29978,134,134,134,0.27868,1.73939,-0.11161,1,1,0.450
32.5220,391,BR,7,1.16019,-0.09689,0.30328,134,70,59,0.29003,1.23119,-0.09599,1,1,0.450
32.5300,391,FL,29,1.74029,0.19392,0.30003,134,134,134,0.27892,1.85861,0.20958,1,1,0.450
32.5300,391,BL,22,1.28966,0.17122,0.29973,134,103,92,0.27863,1.36804,0.17024,1,1,0.450
32.5300,391,FR,14,1.61339,-0.09047,0.29945,134,134,134,0.27835,1.74263,-0.11086,1,1,0.450
32.5300,391,BR,7,1.15983,-0.09732,0.30219,134,70,59,0.28897,1.23239,-0.09574,1,1,0.450
32.5400,391,FL,29,1.74077,0.19436,0.30005,134,134,134,0.27895,1.85896,0.20980,1,1,0.450
32.5400,391,BL,22,1.28997,0.17185,0.29966,134,103,92,0.27856,1.36899,0.17122,1,1,0.450
32.5400,391,FR,14,1.61300,-0.09050,0.29947,134,134,134,0.27837,1.74304,-0.11028,1,1,0.450
32.5400,391,BR,7,1.15901,-0.09755,0.30191,134,70,59,0.28871,1.23227,-0.09530,1,1,0.450
32.5500,392,FL,28,1.74268,0.19497,0.30005,134,134,134,0.27895,1.85607,0.21083,1,1,0.450
32.5500,392,BL,21,1.29177,0.17270,0.29962,134,103,92,0.27851,1.36622,0.17277,1,1,0.450
32.5500,392,FR,13,1.61409,-0.09022,0.29926,134,134,134,0.27816,1.74502,-0.10951,1,1,0.450
32.5500,392,BR,6,1.15946,-0.09741,0.30119,134,70,59,0.28801,1.23351,-0.09467,1,1,0.450
32.5600,392,FL,28,1.74355,0.19504,0.30003,134,134,134,0.27893,1.86415,0.21158,1,1,0.450
32.5600,392,BL,21,1.29239,0.17237,0.29958,134,103,92,0.27848,1.37157,0.17282,1,1,0.450
32.5600,392,FR,13,1.61446,-0.09033,0.29914,134,134,134,0.27804,1.74623,-0.10950,1,1,0.450
32.5600,392,BR,6,1.15942,-0.09733,0.30108,134,70,59,0.28790,1.23393,-0.09437,1,1,0.450
32.5700,392,FL,28,1.74352,0.19546,0.30006,134,134,134,0.27896,1.86403,0.21186,1,1,0.450
32.5700,392,BL,21,1.29229,0.17300,0.29958,134,103,92,0.27848,1.37180,0.17361,1,1,0.450
32.5700,392,FR,13,1.61414,-0.09010,0.29939,134,134,134,0.27829,1.74599,-0.10897,1,1,0.450
32.5700,392,BR,6,1.15910,-0.09731,0.30169,134,70,59,0.28849,1.23385,-0.09380,1,1,0.450
32.5800,393,FL,27,1.74470,0.19612,0.30006,134,134,134,0.27896,1.86024,0.21301,1,1,0.450
32.5800,393,BL,20,1.29343,0.17378,0.29961,134,103,92,0.27851,1.36799,0.17507,1,1,0.450
32.5800,393,FR,12,1.61501,-0.08963,0.29947,134,134,134,0.27837,1.74716,-0.10824,1,1,0.450
32.5800,393,BR,5,1.15973,-0.09696,0.30211,134,70,59,0.28890,1.23484,-0.09299,1,1,0.450
32.5880,393,FL,27,1.74441,0.19605,0.30003,134,134,134,0.27892,1.86658,0.21369,1,1,0.450
32.5900,393,BL,20,1.29292,0.17320,0.29961,134,103,92,0.27851,1.37178,0.17493,1,1,0.450
32.5900,393,FR,12,1.61471,-0.08984,0.29946,134,134,134,0.27836,1.74701,-0.10848,1,1,0.450
32.5900,393,BR,5,1.15941,-0.09688,0.30243,134,70,59,0.28921,1.23465,-0.09278,1,1,0.450
32.6000,393,FL,27,1.74525,0.19666,0.30005,134,134,134,0.27895,1.86734,0.21417,1,1,0.450
32.6000,393,BL,20,1.29376,0.17407,0.29963,134,103,92,0.27853,1.37275,0.17582,1,1,0.450
32.6000,393,FR,12,1.61559,-0.08919,0.29975,134,134,134,0.27865,1.74754,-0.10780,1,1,0.450
32.6000,393,BR,5,1.16045,-0.09630,0.30337,134,70,59,0.29012,1.23580,-0.09174,1,1,0.450
32.6080,394,FL,26,1.74480,0.19724,0.30006,134,134,134,0.27895,1.86174,0.21526,1,1,0.450
32.6080,394,BL,19,1.29343,0.17480,0.29976,134,103,92,0.27866,1.36697,0.17712,1,1,0.450
32.6080,394,FR,11,1.61576,-0.08847,0.30022,134,134,134,0.27911,1.74693,-0.10720,1,1,0.450
32.6080,394,BR,4,1.16067,-0.09569,0.30491,133,70,59,0.29162,1.23652,-0.09024,1,1,0.450
32.6200,394,FL,26,1.74489,0.19721,0.30001,134,134,134,0.27890,1.86816,0.21603,1,1,0.450
32.6200,394,BL,19,1.29335,0.17429,0.29979,134,103,92,0.27868,1.37084,0.17704,1,1,0.450
32.6200,394,FR,11,1.61606,-0.08854,0.30029,134,134,134,0.27919,1.74710,-0.10741,1,1,0.450
32.6200,394,BR,4,1.16094,-0.09532,0.30550,133,70,59,0.29218,1.23700,-0.08980,1,1,0.450
32.6280,394,FL,26,1.74488,0.19800,0.30004,134,134,134,0.27894,1.86805,0.21666,1,1,0.450
32.6300,394,BL,19,1.29337,0.17544,0.29985,134,103,92,0.27875,1.37092,0.17815,1,1,0.450
32.6300,394,FR,11,1.61618,-0.08772,0.30077,134,134,134,0.27967,1.74671,-0.10646,1,1,0.450
32.6300,394,BR,4,1.16125,-0.09465,0.30688,132,69,58,0.29353,1.23740,-0.08825,1,1,0.450
32.6440,395,FL,25,1.74480,0.19850,0.30004,134,134,134,0.27893,1.86276,0.21775,1,1,0.450
32.6440,395,BL,18,1.29332,0.17610,0.29992,134,103,92,0.27882,1.36552,0.17953,1,1,0.450
32.6440,395,FR,10,1.61626,-0.08725,0.30101,134,134,134,0.27991,1.74646,-0.10586,1,1,0.450
32.6440,395,BR,3,1.16131,-0.09414,0.30761,132,69,58,0.29423,1.23761,-0.08705,1,1,0.450
32.6540,395,FL,25,1.74450,0.19883,0.29998,134,134,134,0.27888,1.86861,0.21882,1,1,0.450
32.6540,395,BL,18,1.29278,0.17634,0.30000,134,103,92,0.27889,1.36893,0.18020,1,1,0.450
32.6540,395,FR,10,1.61585,-0.08706,0.30132,134,134,134,0.28022,1.74577,-0.10559,1,1,0.450
32.6540,395,BR,3,1.16110,-0.09330,0.30865,131,69,58,0.29524,1.23704,-0.08568,1,1,0.450
32.6660,396,FL,24,1.74458,0.19958,0.30002,134,134,134,0.27892,1.86340,0.22005,1,1,0.450
32.6660,396,BL,17,1.29275,0.17747,0.29996,134,103,92,0.27886,1.36929,0.18154,1,1,0.450
32.6660,396,FR,9,1.61536,-0.08669,0.30144,134,134,134,0.28033,1.74530,-0.10469,1,1,0.450
32.6660,396,BR,2,1.16117,-0.09298,0.30869,131,69,58,0.29528,1.23594,-0.08489,1,1,0.450
32.6800,396,FL,24,1.74402,0.19967,0.29995,134,134,134,0.27885,1.86890,0.22094,1,1,0.450
32.6800,396,BL,17,1.29182,0.17704,0.29994,134,103,92,0.27884,1.36737,0.18283,1,1,0.450
32.6800,396,FR,9,1.61461,-0.08722,0.30146,134,134,134,0.28035,1.74426,-0.10496,1,1,0.450
32.6800,396,BR,2,1.16107,-0.09296,0.30847,131,69,58,0.29507,1.23486,-0.08499,1,1,0.450
32.6920,397,FL,23,1.74240,0.20048,0.30000,134,134,134,0.27890,1.86180,0.22253,1,1,0.450
32.6920,397,BL,16,1.29036,0.17781,0.29995,134,103,92,0.27884,1.36556,0.18408,1,1,0.450
32.6920,397,FR,8,1.61362,-0.08722,0.30169,134,134,134,0.28058,1.74244,-0.10414,1,1,0.450
32.6920,397,BR,1,1.16090,-0.09331,0.30853,131,69,58,0.29512,1.23332,-0.08518,1,1,0.450
32.7180,397,FL,23,1.74127,0.20086,0.29998,134,134,134,0.27887,1.86104,0.22813,1,1,0.450
32.7180,397,BL,16,1.28913,0.17693,0.29996,134,103,92,0.27886,1.36352,0.18471,1,1,0.450
32.7180,397,FR,8,1.61332,-0.08796,0.30166,134,134,134,0.28055,1.74116,-0.10448,1,1,0.450
32.7180,397,BR,1,1.16113,-0.09362,0.30821,132,69,58,0.29481,1.23294,-0.08623,1,1,0.450
32.7260,398,FL,22,1.73887,0.20271,0.29992,134,134,134,0.27882,1.85444,0.22994,1,1,0.450
32.7260,398,BL,15,1.28726,0.17736,0.30004,134,103,92,0.27894,1.36035,0.18664,1,1,0.450
32.7260,398,FR,7,1.61368,-0.08768,0.30182,134,134,134,0.28071,1.73933,-0.10273,1,1,0.450
32.7260,398,BR,30,1.43298,-0.08365,0.29988,134,134,125,0.27877,1.51109,-0.08376,1,1,0.450
32.7380,398,FL,22,1.73718,0.20288,0.29992,134,134,134,0.27882,1.85600,0.23345,1,1,0.450
32.7400,398,BL,15,1.28550,0.17667,0.30032,134,103,92,0.27922,1.35787,0.18667,1,1,0.450
32.7400,398,FR,7,1.61244,-0.08766,0.30241,134,134,134,0.28130,1.73727,-0.10280,1,1,0.450
32.7400,398,BR,30,1.43122,-0.08276,0.29988,134,134,125,0.27878,1.50759,-0.07720,1,1,0.450
32.7500,398,FL,22,1.73565,0.20337,0.29990,134,134,134,0.27880,1.85461,0.23356,1,1,0.450
32.7500,398,BL,15,1.28421,0.17726,0.30033,134,103,92,0.27923,1.35596,0.18739,1,1,0.450
32.7500,398,FR,7,1.61184,-0.08740,0.30261,134,134,134,0.28150,1.73558,-0.10205,1,1,0.450
32.7500,398,BR,30,1.42973,-0.08214,0.29990,134,125,114,0.27880,1.50661,-0.07665,1,1,0.450
32.7600,399,FL,21,1.73426,0.20382,0.29988,134,134,134,0.27878,1.84892,0.23391,1,1,0.450
32.7600,399,BL,14,1.28317,0.17757,0.30035,134,103,92,0.27925,1.35412,0.18818,1,1,0.450
32.7600,399,FR,6,1.61149,-0.08759,0.30223,134,134,134,0.28112,1.73422,-0.10189,1,1,0.450
32.7600,399,BR,29,1.42826,-0.08162,0.29990,134,125,114,0.27880,1.50102,-0.07640,1,1,0.450
32.7720,399,FL,21,1.73323,0.20357,0.29984,134,134,134,0.27874,1.85226,0.23607,1,1,0.450
32.7720,399,BL,14,1.28208,0.17655,0.30043,134,103,92,0.27932,1.35226,0.18817,1,1,0.450
32.7720,399,FR,6,1.61089,-0.08818,0.30221,134,134,134,0.28110,1.73280,-0.10254,1,1,0.450
32.7720,399,BR,29,1.42690,-0.08070,0.29989,134,125,114,0.27879,1.50099,-0.07219,1,1,0.450
32.7800,399,FL,21,1.73218,0.20367,0.29987,134,134,134,0.27877,1.85131,0.23588,1,1,0.450
32.7800,399,BL,14,1.28113,0.17699,0.30049,134,103,92,0.27939,1.35110,0.18854,1,1,0.450
32.7800,399,FR,6,1.61020,-0.08803,0.30250,134,134,134,0.28139,1.73146,-0.10220,1,1,0.450
32.7820,399,BR,29,1.42585,-0.08045,0.29990,134,125,114,0.27880,1.50040,-0.07191,1,1,0.450
32.7920,400,FL,20,1.73167,0.20390,0.29989,134,134,134,0.27879,1.84678,0.23567,1,1,0.450
32.7920,400,BL,13,1.28077,0.17720,0.30066,134,103,92,0.27955,1.35033,0.18897,1,1,0.450
32.7920,400,FR,5,1.61029,-0.08798,0.30283,134,134,134,0.28171,1.73082,-0.10204,1,1,0.450
32.7940,400,BR,28,1.42527,-0.08014,0.29991,134,125,114,0.27881,1.49585,-0.07213,1,1,0.450
32.8040,400,FL,20,1.73072,0.20357,0.29990,134,134,134,0.27879,1.85070,0.23711,1,1,0.450
32.8040,400,BL,13,1.27956,0.17634,0.30089,134,92,81,0.27979,1.34876,0.18865,1,1,0.450
32.8040,400,FR,5,1.60946,-0.08802,0.30343,134,134,134,0.28232,1.72907,-0.10224,1,1,0.450
32.8040,400,BR,28,1.42404,-0.07936,0.29990,134,125,114,0.27880,1.49734,-0.06935,1,1,0.450
32.8160,401,FL,19,1.72875,0.20375,0.29999,134,134,134,0.27889,1.84505,0.23614,1,1,0.450
32.8160,401,BL,12,1.27742,0.17714,0.30109,134,92,81,0.27999,1.34689,0.18871,1,1,0.450
32.8160,401,FR,4,1.60754,-0.08719,0.30433,134,134,134,0.28321,1.72626,-0.10106,1,1,0.450
32.8160,401,BR,27,1.42225,-0.07933,0.29991,134,125,114,0.27881,1.49212,-0.06995,1,1,0.450
32.8300,401,FL,19,1.72842,0.20362,0.30002,134,134,134,0.27892,1.84981,0.23732,1,1,0.450
32.8300,401,BL,12,1.27678,0.17662,0.30156,134,92,81,0.28045,1.34588,0.18843,1,1,0.450
32.8300,401,FR,4,1.60744,-0.08676,0.30546,133,133,133,0.28434,1.72505,-0.10054,1,1,0.450
32.8300,401,BR,27,1.42175,-0.07851,0.29991,134,125,114,0.27881,1.49505,-0.06803,1,1,0.450
32.8400,401,FL,19,1.72752,0.20395,0.30016,134,134,134,0.27906,1.84916,0.23704,1,1,0.450
32.8400,401,BL,12,1.27573,0.17753,0.30184,134,92,81,0.28073,1.34512,0.18851,1,1,0.450
32.8400,401,FR,4,1.60671,-0.08566,0.30672,132,132,132,0.28560,1.72346,-0.09905,1,1,0.450
32.8400,401,BR,27,1.42109,-0.07847,0.29991,134,125,114,0.27881,1.49491,-0.06815,1,1,0.450
32.8500,402,FL,18,1.72650,0.20424,0.30021,134,134,134,0.27911,1.84440,0.23632,1,1,0.450
32.8500,402,BL,11,1.27451,0.17805,0.30209,134,92,81,0.28098,1.34408,0.18856,1,1,0.450
32.8500,402,FR,3,1.60576,-0.08496,0.30750,132,132,132,0.28638,1.72179,-0.09787,1,1,0.450
32.8500,402,BR,26,1.42019,-0.07841,0.29992,134,125,114,0.27882,1.49013,-0.06899,1,1,0.450
32.8580,402,FL,18,1.72668,0.20410,0.30024,134,134,134,0.27914,1.84974,0.23720,1,1,0.450
32.8580,402,BL,11,1.27422,0.17761,0.30250,134,92,81,0.28139,1.34382,0.18813,1,1,0.450
32.8580,402,FR,3,1.60580,-0.08443,0.30848,131,131,131,0.28735,1.72110,-0.09720,1,1,0.450
32.8580,402,BR,26,1.42029,-0.07774,0.29992,134,125,114,0.27882,1.49398,-0.06767,1,1,0.450
32.8700,402,FL,18,1.72705,0.20416,0.30031,134,134,134,0.27920,1.85005,0.23701,1,1,0.450
32.8700,402,BL,11,1.27479,0.17776,0.30248,134,92,81,0.28137,1.34422,0.18808,1,1,0.450
32.8700,402,FR,3,1.60656,-0.08408,0.30875,131,131,131,0.28762,1.72209,-0.09701,1,1,0.450
32.8700,402,BR,26,1.42082,-0.07788,0.29991,134,125,114,0.27881,1.49502,-0.06796,1,1,0.450
32.8780,403,FL,17,1.72647,0.20420,0.30033,134,134,134,0.27922,1.84953,0.23681,1,1,0.450
32.8780,403,BL,10,1.27406,0.17794,0.30255,134,92,81,0.28144,1.34372,0.18775,1,1,0.450
32.8780,403,FR,2,1.60593,-0.08350,0.30888,131,131,131,0.28775,1.72143,-0.09626,1,1,0.450
32.8800,403,BR,25,1.42033,-0.07809,0.29991,134,125,114,0.27881,1.49051,-0.06897,1,1,0.450
32.8880,403,FL,17,1.72651,0.20392,0.30033,134,134,134,0.27922,1.85068,0.23680,1,1,0.450
32.8880,403,BL,10,1.27369,0.17723,0.30279,134,92,81,0.28168,1.34343,0.18709,1,1,0.450
32.8880,403,FR,2,1.60577,-0.08314,0.30908,131,131,131,0.28795,1.72120,-0.09600,1,1,0.450
32.8880,403,BR,25,1.42035,-0.07759,0.29991,134,125,114,0.27881,1.49437,-0.06806,1,1,0.450
32.9000,403,FL,17,1.72752,0.20366,0.30039,134,134,134,0.27929,1.85139,0.23638,1,1,0.450
32.9000,403,BL,10,1.27498,0.17687,0.30286,134,92,81,0.28175,1.34457,0.18646,1,1,0.450
32.9000,403,FR,2,1.60673,-0.08285,0.30906,131,131,131,0.28793,1.72359,-0.09650,1,1,0.450
32.9000,403,BR,25,1.42153,-0.07818,0.29989,134,125,114,0.27879,1.49601,-0.06872,1,1,0.450
32.9100,404,FL,16,1.72749,0.20342,0.30041,134,134,134,0.27931,1.85544,0.23662,1,1,0.450
32.9100,404,BL,9,1.27468,0.17674,0.30284,134,92,81,0.28173,1.34479,0.18558,1,1,0.450
32.9100,404,FR,1,1.60612,-0.08238,0.30890,131,131,131,0.28777,1.72386,-0.09614,1,1,0.450
32.9100,404,BR,24,1.42166,-0.07877,0.29988,134,125,114,0.27878,1.49200,-0.07010,1,1,0.450
32.9200,404,FL,16,1.72899,0.20276,0.30042,134,134,134,0.27932,1.85782,0.23624,1,1,0.450
32.9200,404,BL,9,1.27588,0.17539,0.30297,134,92,81,0.28186,1.34612,0.18411,1,1,0.450
32.9200,404,FR,1,1.60696,-0.08207,0.30876,131,131,131,0.28763,1.72601,-0.09659,1,1,0.450
32.9200,404,BR,24,1.42326,-0.07888,0.29987,134,125,114,0.27877,1.49745,-0.06985,1,1,0.450
32.9300,404,FL,16,1.72896,0.20255,0.30053,134,134,134,0.27942,1.85788,0.23545,1,1,0.450
32.9320,404,BL,9,1.27554,0.17543,0.30286,134,92,81,0.28175,1.34664,0.18309,1,1,0.450
32.9320,404,FR,1,1.60607,-0.08156,0.30890,131,131,131,0.28777,1.72571,-0.09622,1,1,0.450
32.9320,404,BR,24,1.42362,-0.07972,0.29984,134,125,114,0.27874,1.49821,-0.07081,1,1,0.450
32.9400,405,FL,15,1.73099,0.20177,0.30059,134,134,134,0.27948,1.85962,0.23482,1,1,0.450
32.9400,405,BL,8,1.27776,0.17413,0.30292,134,92,81,0.28180,1.34887,0.18137,1,1,0.450
32.9400,405,FR,30,1.87626,-0.07128,0.30002,134,134,134,0.27892,1.98019,-0.07772,1,1,0.450
32.9400,405,BR,23,1.42596,-0.08099,0.29983,134,125,114,0.27873,1.49643,-0.07282,1,1,0.450
32.9600,405,FL,15,1.73184,0.20131,0.30064,134,134,134,0.27953,1.86163,0.23420,1,1,0.450
32.9620,405,BL,8,1.27764,0.17345,0.30317,134,92,81,0.28206,1.34989,0.17983,1,1,0.450
32.9620,405,FR,30,1.87767,-0.07156,0.30003,134,134,134,0.27892,1.99266,-0.07830,1,1,0.450
32.9620,405,BR,23,1.42729,-0.08137,0.29985,134,125,114,0.27875,1.50411,-0.07304,1,1,0.450
32.9720,406,FL,14,1.73210,0.20083,0.30072,134,134,134,0.27961,1.86312,0.23238,1,1,0.450
32.9720,406,BL,7,1.27685,0.17368,0.30333,134,92,81,0.28221,1.35093,0.17816,1,1,0.450
32.9720,406,FR,29,1.87930,-0.07283,0.30005,134,134,134,0.27894,1.98959,-0.07993,1,1,0.450
32.9720,406,BR,22,1.42876,-0.08328,0.29982,134,125,114,0.27872,1.50163,-0.07609,1,1,0.450
32.9800,406,FL,14,1.73243,0.20087,0.30062,134,134,134,0.27952,1.86482,0.23198,1,1,0.450
32.9820,406,BL,7,1.27636,0.17359,0.30300,134,92,81,0.28189,1.35114,0.17739,1,1,0.450
32.9820,406,FR,29,1.88044,-0.07317,0.30004,134,134,134,0.27894,1.99914,-0.08036,1,1,0.450
32.9820,406,BR,22,1.42970,-0.08333,0.29979,134,125,114,0.27868,1.50777,-0.07633,1,1,0.450
32.9900,406,FL,14,1.73306,0.20078,0.30063,134,134,134,0.27953,1.86605,0.23125,1,1,0.450
32.9900,406,BL,7,1.27670,0.17365,0.30277,134,92,81,0.28166,1.35191,0.17686,1,1,0.450
32.9900,406,FR,29,1.88188,-0.07370,0.30006,134,134,134,0.27896,2.00046,-0.08065,1,1,0.450
32.9900,406,BR,22,1.43101,-0.08417,0.29973,134,134,125,0.27863,1.50960,-0.07746,1,1,0.450
33.0020,407,FL,13,1.73341,0.20051,0.30061,134,134,134,0.27951,1.86661,0.23063,1,1,0.450
33.0020,407,BL,6,1.27687,0.17349,0.30272,134,92,81,0.28161,1.35241,0.17607,1,1,0.450
33.0020,407,FR,28,1.88253,-0.07421,0.30006,134,134,134,0.27896,1.99633,-0.08193,1,1,0.450
33.0020,407,BR,21,1.43164,-0.08488,0.29973,134,134,125,0.27863,1.50556,-0.07923,1,1,0.450
33.0100,407,FL,13,1.73302,0.20060,0.30066,134,134,134,0.27956,1.86686,0.23059,1,1,0.450
33.0100,407,BL,6,1.27626,0.17341,0.30296,134,92,81,0.28185,1.35188,0.17560,1,1,0.450
33.0100,407,FR,28,1.88245,-0.07432,0.30005,134,134,134,0.27894,2.00347,-0.08220,1,1,0.450
33.0120,407,BR,21,1.43138,-0.08462,0.29973,134,134,125,0.27863,1.50981,-0.07902,1,1,0.450
33.0200,407,FL,13,1.73297,0.20033,0.30080,134,134,134,0.27969,1.86693,0.23003,1,1,0.450
33.0200,407,BL,6,1.27626,0.17324,0.30328,134,92,81,0.28217,1.35192,0.17499,1,1,0.450
33.0220,407,FR,28,1.88278,-0.07476,0.30007,134,134,134,0.27897,2.00371,-0.08252,1,1,0.450
33.0220,407,BR,21,1.43164,-0.08530,0.29971,134,134,125,0.27861,1.51039,-0.07986,1,1,0.450
33.0300,408,FL,12,1.73359,0.19988,0.30086,134,134,134,0.27976,1.86771,0.22934,1,1,0.450
33.0300,408,BL,5,1.27676,0.17282,0.30355,134,92,81,0.28244,1.35256,0.17406,1,1,0.450
33.0300,408,FR,27,1.88367,-0.07536,0.30007,134,134,134,0.27897,1.99967,-0.08396,1,1,0.450
33.0300,408,BR,20,1.43251,-0.08610,0.29973,134,134,125,0.27863,1.50637,-0.08170,1,1,0.450
33.0400,408,FL,12,1.73351,0.19998,0.30095,134,134,134,0.27984,1.86803,0.22948,1,1,0.450
33.0400,408,BL,5,1.27664,0.17251,0.30386,134,92,81,0.28274,1.35232,0.17360,1,1,0.450
33.0400,408,FR,27,1.88382,-0.07539,0.30004,134,134,134,0.27894,2.00646,-0.08422,1,1,0.450
33.0420,408,BR,20,1.43245,-0.08574,0.29974,134,134,125,0.27864,1.51060,-0.08146,1,1,0.450
33.0520,408,FL,12,1.73328,0.19947,0.30121,134,134,134,0.28010,1.86767,0.22880,1,1,0.450
33.0520,408,BL,5,1.27662,0.17201,0.30454,134,92,81,0.28342,1.35215,0.17254,1,1,0.450
33.0520,408,FR,27,1.88385,-0.07592,0.30007,134,134,134,0.27897,2.00642,-0.08459,1,1,0.450
33.0520,408,BR,20,1.43245,-0.08665,0.29975,134,134,125,0.27865,1.51086,-0.08239,1,1,0.450
33.0600,409,FL,11,1.73266,0.19916,0.30137,134,134,134,0.28026,1.86678,0.22826,1,1,0.450
33.0600,409,BL,4,1.27614,0.17182,0.30503,133,92,81,0.28392,1.35157,0.17170,1,1,0.450
33.0600,409,FR,26,1.88317,-0.07636,0.30007,134,134,134,0.27897,2.00069,-0.08594,1,1,0.450
33.0600,409,BR,19,1.43179,-0.08725,0.29979,134,134,125,0.27869,1.50506,-0.08409,1,1,0.450
33.0700,409,FL,11,1.73278,0.19925,0.30145,134,134,134,0.28034,1.86716,0.22841,1,1,0.450
33.0720,409,BL,4,1.27640,0.17133,0.30532,133,92,81,0.28420,1.35139,0.17117,1,1,0.450
33.0720,409,FR,26,1.88356,-0.07643,0.30002,134,134,134,0.27892,2.00742,-0.08631,1,1,0.450
33.0720,409,BR,19,1.43195,-0.08699,0.29979,134,134,125,0.27869,1.50931,-0.08404,1,1,0.450
33.0800,409,FL,11,1.73232,0.19875,0.30174,134,134,134,0.28064,1.86637,0.22765,1,1,0.450
33.0800,409,BL,4,1.27633,0.17093,0.30593,132,91,80,0.28481,1.35089,0.17010,1,1,0.450
33.0800,409,FR,26,1.88324,-0.07702,0.30006,134,134,134,0.27895,2.00703,-0.08674,1,1,0.450
33.0800,409,BR,19,1.43162,-0.08795,0.29980,134,134,125,0.27870,1.50922,-0.08504,1,1,0.450
33.0900,410,FL,10,1.73196,0.19836,0.30189,134,134,134,0.28078,1.86565,0.22698,1,1,0.450
33.0900,410,BL,3,1.27626,0.17063,0.30633,132,91,80,0.28521,1.35042,0.16913,1,1,0.450
33.0920,410,FR,25,1.88280,-0.07759,0.30006,134,134,134,0.27896,2.00146,-0.08825,1,1,0.450
33.0920,410,BR,18,1.43122,-0.08871,0.29985,134,134,125,0.27875,1.50354,-0.08697,1,1,0.450
33.1000,410,FL,10,1.73155,0.19869,0.30207,134,134,134,0.28096,1.86504,0.22727,1,1,0.450
33.1000,410,BL,3,1.27622,0.17042,0.30663,132,91,80,0.28551,1.34977,0.16888,1,1,0.450
33.1000,410,FR,25,1.88232,-0.07759,0.30000,134,134,134,0.27890,2.00711,-0.08866,1,1,0.450
33.1000,410,BR,18,1.43052,-0.08825,0.29987,134,134,125,0.27877,1.50676,-0.08691,1,1,0.450
33.1100,410,FL,10,1.73062,0.19846,0.30231,134,134,134,0.28120,1.86349,0.22655,1,1,0.450
33.1100,410,BL,3,1.27587,0.17048,0.30699,132,91,80,0.28586,1.34873,0.16835,1,1,0.450
33.1100,410,FR,25,1.88120,-0.07817,0.30004,134,134,134,0.27894,2.00591,-0.08914,1,1,0.450
33.1100,410,BR,18,1.42946,-0.08902,0.29987,134,125,114,0.27877,1.50576,-0.08788,1,1,0.450
33.1200,411,FL,9,1.73050,0.19813,0.30238,134,134,134,0.28127,1.86291,0.22576,1,1,0.450
33.1200,411,BL,2,1.27622,0.17032,0.30710,132,91,80,0.28598,1.34826,0.16774,1,1,0.450
33.1200,411,FR,24,1.88087,-0.07892,0.30004,134,134,134,0.27894,2.00037,-0.09095,1,1,0.450
33.1200,411,BR,17,1.42918,-0.08979,0.29991,134,125,114,0.27881,1.50528,-0.08896,1,1,0.450
33.1300,411,FL,9,1.72977,0.19874,0.30258,134,134,134,0.28147,1.86148,0.22625,1,1,0.450
33.1300,411,BL,2,1.27604,0.17041,0.30727,132,91,80,0.28615,1.34765,0.16796,1,1,0.450
33.1300,411,FR,24,1.87973,-0.07886,0.29997,134,134,134,0.27887,2.00520,-0.09135,1,1,0.450
33.1300,411,BR,17,1.42781,-0.08902,0.29993,134,125,114,0.27883,1.50266,-0.08999,1,1,0.450
33.1420,411,FL,9,1.72961,0.19845,0.30271,134,134,134,0.28160,1.86066,0.22529,1,1,0.450
33.1420,411,BL,2,1.27653,0.17041,0.30727,132,91,80,0.28614,1.34702,0.16782,1,1,0.450
33.1420,411,FR,24,1.87905,-0.07976,0.30002,134,134,134,0.27891,2.00442,-0.09234,1,1,0.450
33.1420,411,BR,17,1.42729,-0.08988,0.29993,134,125,114,0.27883,1.50182,-0.09116,1,1,0.450
33.1500,412,FL,8,1.72895,0.19841,0.30276,134,134,134,0.28165,1.85906,0.22475,1,1,0.450
33.1500,412,BL,1,1.27627,0.17055,0.30745,132,91,80,0.28633,1.34637,0.16771,1,1,0.450
33.1500,412,FR,23,1.87759,-0.08038,0.30001,134,134,134,0.27891,1.99760,-0.09416,1,1,0.450
33.1500,412,BR,16,1.42598,-0.09025,0.30000,134,125,114,0.27890,1.50008,-0.09200,1,1,0.450
33.1720,413,FL,7,1.72865,0.19908,0.30286,134,134,134,0.28175,1.85766,0.22508,1,1,0.450
33.1720,413,BL,30,1.54953,0.18206,0.29986,134,134,134,0.27876,1.62649,0.18751,1,1,0.450
33.1720,413,FR,22,1.87643,-0.08061,0.29998,134,134,134,0.27888,1.99269,-0.09991,1,1,0.450
33.1720,413,BR,15,1.42477,-0.08940,0.30003,134,125,114,0.27893,1.49798,-0.09250,1,1,0.450
33.1800,413,FL,7,1.72806,0.19973,0.30227,134,134,134,0.28116,1.85466,0.22474,1,1,0.450
33.1800,413,BL,30,1.54642,0.18017,0.29988,134,134,134,0.27878,1.62272,0.18028,1,1,0.450
33.1800,413,FR,22,1.87340,-0.08131,0.29982,134,134,134,0.27872,1.99332,-0.10331,1,1,0.450
33.1820,413,BR,15,1.42207,-0.08868,0.30003,134,125,114,0.27893,1.49350,-0.09367,1,1,0.450
33.1920,413,FL,7,1.72782,0.19912,0.30288,134,134,134,0.28177,1.85410,0.22380,1,1,0.450
33.1920,413,BL,30,1.54614,0.17950,0.29989,134,134,134,0.27879,1.62297,0.17960,1,1,0.450
33.1920,413,FR,22,1.87288,-0.08206,0.29986,134,134,134,0.27875,1.99295,-0.10382,1,1,0.450
33.1920,413,BR,15,1.42162,-0.08931,0.30002,134,125,114,0.27891,1.49284,-0.09447,1,1,0.450
33.2020,414,FL,6,1.72729,0.19902,0.30299,134,134,134,0.28188,1.85246,0.22321,1,1,0.450
33.2020,414,BL,29,1.54462,0.17886,0.29989,134,134,134,0.27879,1.61730,0.17888,1,1,0.450
33.2020,414,FR,21,1.87132,-0.08279,0.29987,134,134,134,0.27877,1.98712,-0.10474,1,1,0.450
33.2020,414,BR,14,1.42031,-0.08976,0.30011,134,125,114,0.27901,1.49094,-0.09534,1,1,0.450
33.2120,414,FL,6,1.72640,0.19951,0.30292,134,134,134,0.28180,1.85058,0.22364,1,1,0.450
33.2120,414,BL,29,1.54287,0.17790,0.29988,134,134,134,0.27878,1.61710,0.17472,1,1,0.450
33.2120,414,FR,21,1.86980,-0.08263,0.29982,134,134,134,0.27872,1.99003,-0.10669,1,1,0.450
33.2120,414,BR,14,1.41878,-0.08877,0.30018,134,125,114,0.27908,1.48853,-0.09539,1,1,0.450
33.2200,414,FL,6,1.72576,0.19937,0.30291,134,134,134,0.28179,1.84928,0.22330,1,1,0.450
33.2220,414,BL,29,1.54171,0.17754,0.29989,134,134,134,0.27879,1.61641,0.17436,1,1,0.450
33.2220,414,FR,21,1.86859,-0.08288,0.29983,134,134,134,0.27873,1.98886,-0.10670,1,1,0.450
33.2220,414,BR,14,1.41777,-0.08919,0.30016,134,125,114,0.27906,1.48716,-0.09589,1,1,0.450
33.2320,415,FL,5,1.72526,0.19924,0.30313,134,134,134,0.28202,1.84824,0.22303,1,1,0.450
33.2320,415,BL,28,1.54083,0.17726,0.29989,134,134,134,0.27879,1.61153,0.17427,1,1,0.450
33.2320,415,FR,20,1.86771,-0.08315,0.29985,134,134,134,0.27875,1.98395,-0.10684,1,1,0.450
33.2320,415,BR,13,1.41697,-0.08941,0.30026,134,125,114,0.27916,1.48610,-0.09627,1,1,0.450
33.2420,415,FL,5,1.72517,0.19961,0.30334,134,134,134,0.28223,1.84708,0.22345,1,1,0.450
33.2420,415,BL,28,1.53987,0.17633,0.29989,134,134,134,0.27879,1.61339,0.17151,1,1,0.450
33.2420,415,FR,20,1.86703,-0.08288,0.29981,134,134,134,0.27871,1.98804,-0.10815,1,1,0.450
33.2420,415,BR,13,1.41625,-0.08843,0.30042,134,125,114,0.27932,1.48461,-0.09620,1,1,0.450
33.2520,415,FL,5,1.72435,0.19909,0.30393,134,134,134,0.28281,1.84572,0.22281,1,1,0.450
33.2520,415,BL,28,1.53897,0.17620,0.29990,134,134,134,0.27879,1.61297,0.17140,1,1,0.450
33.2520,415,FR,20,1.86604,-0.08305,0.29988,134,134,134,0.27878,1.98714,-0.10796,1,1,0.450
33.2520,415,BR,13,1.41528,-0.08901,0.30054,134,125,114,0.27944,1.48367,-0.09639,1,1,0.450
33.2640,416,FL,4,1.72366,0.19852,0.30481,134,134,134,0.28369,1.84441,0.22208,1,1,0.450
33.2640,416,BL,27,1.53815,0.17603,0.29990,134,134,134,0.27880,1.60820,0.17164,1,1,0.450
33.2640,416,FR,19,1.86522,-0.08327,0.29994,134,134,134,0.27884,1.98244,-0.10768,1,1,0.450
33.2640,416,BR,12,1.41441,-0.08949,0.30082,134,125,114,0.27972,1.48276,-0.09654,1,1,0.450
33.2720,416,FL,4,1.72264,0.19829,0.30538,133,133,133,0.28426,1.84249,0.22181,1,1,0.450
33.2720,416,BL,27,1.53682,0.17528,0.29990,134,134,134,0.27880,1.61032,0.16993,1,1,0.450
33.2720,416,FR,19,1.86411,-0.08294,0.29993,134,134,134,0.27883,1.98633,-0.10837,1,1,0.450
33.2720,416,BR,12,1.41302,-0.08882,0.30113,134,125,114,0.28003,1.48108,-0.09617,1,1,0.450
33.2840,416,FL,4,1.72254,0.19761,0.30632,132,132,132,0.28520,1.84193,0.22101,1,1,0.450
33.2840,416,BL,27,1.53668,0.17529,0.29990,134,134,134,0.27880,1.61069,0.17009,1,1,0.450
33.2840,416,FR,19,1.86386,-0.08306,0.30005,134,134,134,0.27894,1.98619,-0.10802,1,1,0.450
33.2840,416,BR,12,1.41280,-0.08948,0.30134,134,125,114,0.28023,1.48087,-0.09624,1,1,0.450
33.2920,417,FL,3,1.72215,0.19695,0.30720,132,132,132,0.28607,1.84105,0.22016,1,1,0.450
33.2920,417,BL,26,1.53621,0.17525,0.29991,134,134,134,0.27881,1.60623,0.17059,1,1,0.450
33.2920,417,FR,18,1.86339,-0.08320,0.30011,134,134,134,0.27901,1.98183,-0.10751,1,1,0.450
33.2920,417,BR,11,1.41222,-0.08992,0.30161,134,125,114,0.28050,1.48036,-0.09621,1,1,0.450
33.3040,417,FL,3,1.72188,0.19661,0.30773,132,132,132,0.28660,1.84011,0.21967,1,1,0.450
33.3040,417,BL,26,1.53572,0.17464,0.29992,134,134,134,0.27881,1.60946,0.16952,1,1,0.450
33.3040,417,FR,18,1.86313,-0.08283,0.30010,134,134,134,0.27900,1.98654,-0.10787,1,1,0.450
33.3040,417,BR,11,1.41165,-0.08933,0.30198,134,125,114,0.28088,1.47961,-0.09570,1,1,0.450
33.3120,417,FL,3,1.72140,0.19593,0.30847,131,131,131,0.28734,1.83944,0.21894,1,1,0.450
33.3120,417,BL,26,1.53551,0.17480,0.29991,134,134,134,0.27881,1.60975,0.16991,1,1,0.450
33.3120,417,FR,18,1.86275,-0.08288,0.30021,134,134,134,0.27911,1.98631,-0.10742,1,1,0.450
33.3120,417,BR,11,1.41119,-0.08989,0.30212,134,125,114,0.28101,1.47943,-0.09559,1,1,0.450
33.3220,418,FL,2,1.72060,0.19531,0.30891,131,131,131,0.28778,1.83852,0.21830,1,1,0.450
33.3220,418,BL,25,1.53486,0.17491,0.29991,134,134,134,0.27881,1.60509,0.17060,1,1,0.450
33.3220,418,FR,17,1.86207,-0.08292,0.30025,134,134,134,0.27915,1.98576,-0.10717,1,1,0.450
33.3240,418,BR,10,1.41035,-0.09018,0.30229,134,125,114,0.28118,1.47878,-0.09540,1,1,0.450
33.3320,418,FL,2,1.72145,0.19529,0.30885,131,131,131,0.28772,1.83959,0.21856,1,1,0.450
33.3320,418,BL,25,1.53551,0.17463,0.29991,134,134,134,0.27881,1.60957,0.17013,1,1,0.450
33.3320,418,FR,17,1.86291,-0.08225,0.30022,134,134,134,0.27912,1.98742,-0.10682,1,1,0.450
33.3320,418,BR,10,1.41101,-0.08911,0.30252,134,125,114,0.28141,1.47913,-0.09456,1,1,0.450
33.3420,418,FL,2,1.72122,0.19472,0.30914,131,131,131,0.28801,1.83990,0.21839,1,1,0.450
33.3420,418,BL,25,1.53587,0.17517,0.29990,134,134,134,0.27880,1.61036,0.17084,1,1,0.450
33.3420,418,FR,17,1.86312,-0.08201,0.30031,134,134,134,0.27921,1.98761,-0.10614,1,1,0.450
33.3420,418,BR,10,1.41111,-0.08927,0.30259,134,125,114,0.28148,1.47966,-0.09398,1,1,0.450
33.3520,419,FL,1,1.72129,0.19437,0.30921,131,131,131,0.28808,1.84094,0.21859,1,1,0.450
33.3520,419,BL,24,1.53647,0.17577,0.29990,134,134,134,0.27879,1.60684,0.17197,1,1,0.450
33.3520,419,FR,16,1.86367,-0.08161,0.30034,134,134,134,0.27924,1.99227,-0.10600,1,1,0.450
33.3520,419,BR,9,1.41152,-0.08896,0.30267,134,125,114,0.28156,1.48037,-0.09314,1,1,0.450
33.3620,419,FL,1,1.72052,0.19394,0.30908,131,131,131,0.28795,1.84034,0.21800,1,1,0.450
33.3620,419,BL,24,1.53641,0.17559,0.29988,134,134,134,0.27878,1.61064,0.17178,1,1,0.450
33.3620,419,FR,16,1.86359,-0.08112,0.30033,134,134,134,0.27923,1.99330,-0.10540,1,1,0.450
33.3620,419,BR,9,1.41078,-0.08837,0.30273,134,125,114,0.28161,1.48016,-0.09210,1,1,0.450
33.3720,419,FL,1,1.72118,0.19372,0.30931,131,131,131,0.28818,1.84214,0.21887,1,1,0.450
33.3720,419,BL,24,1.53823,0.17679,0.29986,134,134,134,0.27876,1.61292,0.17318,1,1,0.450
33.3720,419,FR,16,1.86515,-0.08039,0.30044,134,134,134,0.27934,1.99477,-0.10432,1,1,0.450
33.3720,419,BR,9,1.41230,-0.08775,0.30282,134,125,114,0.28170,1.48212,-0.09075,1,1,0.450
33.3820,420,FL,30,1.98916,0.20319,0.30002,134,134,134,0.27891,2.09235,0.21772,1,1,0.450
33.3820,420,BL,23,1.53957,0.17794,0.29985,134,134,134,0.27875,1.61006,0.17476,1,1,0.450
33.3820,420,FR,15,1.86635,-0.07960,0.30054,134,134,134,0.27944,1.99594,-0.10338,1,1,0.450
33.3820,420,BR,8,1.41326,-0.08695,0.30290,134,125,114,0.28179,1.48365,-0.08910,1,1,0.450
33.4040,420,FL,30,1.99069,0.20368,0.30002,134,134,134,0.27892,2.10485,0.21938,1,1,0.450
33.4040,420,BL,23,1.54108,0.17847,0.29984,134,134,134,0.27873,1.61768,0.17567,1,1,0.450
33.4040,420,FR,15,1.86772,-0.07877,0.30052,134,134,134,0.27942,1.99781,-0.10262,1,1,0.450
33.4040,420,BR,8,1.41411,-0.08576,0.30235,134,125,114,0.28124,1.48512,-0.08729,1,1,0.450
33.4120,421,FL,29,1.99328,0.20557,0.30003,134,134,134,0.27893,2.10273,0.22114,1,1,0.450
33.4120,421,BL,22,1.54347,0.18124,0.29985,134,134,134,0.27875,1.61595,0.17913,1,1,0.450
33.4120,421,FR,14,1.86905,-0.07749,0.30069,134,134,134,0.27959,2.00002,-0.10027,1,1,0.450
33.4120,421,BR,7,1.41438,-0.08495,0.30340,134,125,114,0.28229,1.48744,-0.08440,1,1,0.450
33.4300,421,FL,29,1.99429,0.20587,0.30003,134,134,134,0.27892,2.11210,0.22219,1,1,0.450
33.4300,421,BL,22,1.54434,0.18122,0.29984,134,134,134,0.27874,1.62194,0.17963,1,1,0.450
33.4300,421,FR,14,1.86950,-0.07742,0.30063,134,134,134,0.27953,2.00169,-0.09977,1,1,0.450
33.4300,421,BR,7,1.41386,-0.08489,0.30311,134,125,114,0.28200,1.48793,-0.08356,1,1,0.450
33.4400,421,FL,29,1.99619,0.20715,0.30005,134,134,134,0.27895,2.11392,0.22317,1,1,0.450
33.4420,421,BL,22,1.54604,0.18302,0.29978,134,134,134,0.27868,1.62423,0.18185,1,1,0.450
33.4420,421,FR,14,1.87009,-0.07711,0.30068,134,134,134,0.27958,2.00347,-0.09801,1,1,0.450
33.4420,421,BR,7,1.41361,-0.08519,0.30286,134,125,114,0.28175,1.48882,-0.08230,1,1,0.450
33.4500,422,FL,28,1.99701,0.20779,0.30005,134,134,134,0.27895,2.10990,0.22419,1,1,0.450
33.4500,422,BL,21,1.54680,0.18383,0.29977,134,134,134,0.27867,1.62033,0.18349,1,1,0.450
33.4500,422,FR,13,1.87049,-0.07681,0.30062,134,134,134,0.27952,2.00420,-0.09733,1,1,0.450
33.4500,422,BR,6,1.41375,-0.08495,0.30271,134,125,114,0.28160,1.48936,-0.08135,1,1,0.450
33.4620,422,FL,28,1.99841,0.20815,0.30004,134,134,134,0.27893,2.11847,0.22523,1,1,0.450
33.4620,422,BL,21,1.54802,0.18388,0.29976,134,134,134,0.27866,1.62610,0.18391,1,1,0.450
33.4620,422,FR,13,1.87142,-0.07665,0.30059,134,134,134,0.27949,2.00600,-0.09696,1,1,0.450
33.4620,422,BR,6,1.41421,-0.08461,0.30263,134,125,114,0.28152,1.49011,-0.08068,1,1,0.450
33.4720,423,FL,27,1.99896,0.20894,0.30006,134,134,134,0.27896,2.11395,0.22639,1,1,0.450
33.4720,423,BL,20,1.54849,0.18495,0.29976,134,134,134,0.27866,1.62193,0.18573,1,1,0.450
33.4720,423,FR,12,1.87158,-0.07613,0.30083,134,134,134,0.27972,2.00628,-0.09601,1,1,0.450
33.4720,423,BR,5,1.41438,-0.08434,0.30325,134,125,114,0.28214,1.49045,-0.07963,1,1,0.450
33.4820,423,FL,27,1.99931,0.20909,0.30003,134,134,134,0.27892,2.12089,0.22726,1,1,0.450
33.4820,423,BL,20,1.54866,0.18467,0.29978,134,134,134,0.27867,1.62633,0.18591,1,1,0.450
33.4820,423,FR,12,1.87173,-0.07611,0.30085,134,134,134,0.27975,2.00692,-0.09602,1,1,0.450
33.4820,423,BR,5,1.41426,-0.08397,0.30350,134,125,114,0.28239,1.49053,-0.07906,1,1,0.450
33.4920,423,FL,27,1.99948,0.20975,0.30005,134,134,134,0.27895,2.12099,0.22778,1,1,0.450
33.4920,423,BL,20,1.54877,0.18560,0.29977,134,134,134,0.27867,1.62673,0.18697,1,1,0.450
33.4920,423,FR,12,1.87162,-0.07565,0.30110,134,134,134,0.27999,2.00676,-0.09522,1,1,0.450
33.4920,423,BR,5,1.41433,-0.08366,0.30409,134,125,114,0.28298,1.49045,-0.07816,1,1,0.450
33.5020,424,FL,26,1.99952,0.21035,0.30006,134,134,134,0.27895,2.11593,0.22888,1,1,0.450
33.5020,424,BL,19,1.54882,0.18639,0.29982,134,134,134,0.27872,1.62159,0.18843,1,1,0.450
33.5020,424,FR,11,1.87166,-0.07511,0.30130,134,134,134,0.28019,2.00661,-0.09455,1,1,0.450
33.5020,424,BR,4,1.41442,-0.08313,0.30477,134,125,114,0.28365,1.49051,-0.07702,1,1,0.450
33.5120,424,FL,26,1.99955,0.21043,0.30001,134,134,134,0.27890,2.12223,0.22973,1,1,0.450
33.5120,424,BL,19,1.54868,0.18613,0.29985,134,134,134,0.27875,1.62546,0.18858,1,1,0.450
33.5120,424,FR,11,1.87165,-0.07502,0.30144,134,134,134,0.28033,2.00673,-0.09463,1,1,0.450
33.5120,424,BR,4,1.41434,-0.08258,0.30526,133,125,114,0.28414,1.49049,-0.07623,1,1,0.450
33.5200,424,FL,26,1.99938,0.21107,0.30004,134,134,134,0.27894,2.12201,0.23019,1,1,0.450
33.5200,424,BL,19,1.54846,0.18717,0.29986,134,134,134,0.27876,1.62549,0.18963,1,1,0.450
33.5200,424,FR,11,1.87123,-0.07447,0.30173,134,134,134,0.28062,2.00611,-0.09383,1,1,0.450
33.5200,424,BR,4,1.41420,-0.08206,0.30595,132,124,113,0.28483,1.48996,-0.07507,1,1,0.450
33.5320,425,FL,25,1.99916,0.21155,0.30004,134,134,134,0.27894,2.11660,0.23122,1,1,0.450
33.5320,425,BL,18,1.54822,0.18781,0.29990,134,134,134,0.27880,1.61999,0.19105,1,1,0.450
33.5320,425,FR,10,1.87096,-0.07414,0.30188,134,134,134,0.28078,2.00566,-0.09328,1,1,0.450
33.5320,425,BR,3,1.41410,-0.08175,0.30637,132,124,113,0.28525,1.48954,-0.07422,1,1,0.450
33.5420,425,FL,25,1.99829,0.21158,0.29998,134,134,134,0.27888,2.12180,0.23208,1,1,0.450
33.5420,425,BL,18,1.54720,0.18746,0.29993,134,134,134,0.27883,1.62281,0.19129,1,1,0.450
33.5420,425,FR,10,1.87023,-0.07434,0.30207,134,134,134,0.28096,2.00471,-0.09343,1,1,0.450
33.5420,425,BR,3,1.41354,-0.08155,0.30675,132,124,113,0.28563,1.48873,-0.07367,1,1,0.450
33.5520,425,FL,25,1.99729,0.21210,0.30002,134,134,134,0.27892,2.12074,0.23247,1,1,0.450
33.5520,425,BL,18,1.54621,0.18827,0.29994,134,134,134,0.27884,1.62191,0.19225,1,1,0.450
33.5520,425,FR,10,1.86925,-0.07410,0.30231,134,134,134,0.28120,2.00324,-0.09277,1,1,0.450
33.5520,425,BR,3,1.41309,-0.08146,0.30722,132,124,113,0.28609,1.48757,-0.07293,1,1,0.450
33.5620,426,FL,24,1.99714,0.21286,0.30003,134,134,134,0.27892,2.11533,0.23385,1,1,0.450
33.5620,426,BL,17,1.54605,0.18914,0.29997,134,134,134,0.27886,1.62166,0.19344,1,1,0.450
33.5620,426,FR,9,1.86905,-0.07380,0.30243,134,134,134,0.28132,2.00277,-0.09197,1,1,0.450
33.5620,426,BR,2,1.41336,-0.08123,0.30734,132,124,113,0.28621,1.48683,-0.07231,1,1,0.450
33.5720,426,FL,24,1.99702,0.21306,0.29995,134,134,134,0.27885,2.12118,0.23492,1,1,0.450
33.5720,426,BL,17,1.54568,0.18874,0.29996,134,134,134,0.27886,1.62010,0.19472,1,1,0.450
33.5720,426,FR,9,1.86893,-0.07416,0.30251,134,134,134,0.28140,2.00239,-0.09215,1,1,0.450
33.5720,426,BR,2,1.41371,-0.08110,0.30719,132,124,113,0.28607,1.48649,-0.07232,1,1,0.450
33.5880,426,FL,24,1.99563,0.21366,0.30000,134,134,134,0.27890,2.11966,0.23554,1,1,0.450
33.5880,426,BL,17,1.54446,0.18936,0.29998,134,134,134,0.27888,1.61855,0.19562,1,1,0.450
33.5880,426,FR,9,1.86818,-0.07407,0.30272,134,134,134,0.28160,2.00082,-0.09150,1,1,0.450
33.5880,426,BR,2,1.41354,-0.08128,0.30740,132,124,113,0.28628,1.48553,-0.07216,1,1,0.450
33.6040,427,FL,23,1.99438,0.21496,0.30001,134,134,134,0.27891,2.11300,0.23772,1,1,0.450
33.6040,427,BL,16,1.54337,0.19020,0.30002,134,134,134,0.27892,1.61695,0.19725,1,1,0.450
33.6040,427,FR,8,1.86788,-0.07390,0.30276,134,134,134,0.28165,1.99937,-0.09033,1,1,0.450
33.6040,427,BR,1,1.41418,-0.08142,0.30709,132,124,113,0.28597,1.48479,-0.07240,1,1,0.450
33.6260,428,FL,22,1.99254,0.21566,0.29998,134,134,134,0.27888,2.10693,0.24380,1,1,0.450
33.6260,428,BL,15,1.54173,0.18940,0.30006,134,134,134,0.27895,1.61398,0.19825,1,1,0.450
33.6260,428,FR,7,1.86773,-0.07463,0.30279,134,134,134,0.28168,1.99747,-0.09037,1,1,0.450
33.6260,428,BR,30,1.68701,-0.07163,0.29986,134,134,134,0.27876,1.76416,-0.07115,1,1,0.450
33.6360,428,FL,22,1.98953,0.21635,0.29986,134,134,134,0.27876,2.10743,0.24737,1,1,0.450
33.6360,428,BL,15,1.53898,0.18880,0.30019,134,134,134,0.27908,1.60966,0.19907,1,1,0.450
33.6360,428,FR,7,1.86669,-0.07471,0.30289,134,134,134,0.28178,1.99438,-0.08972,1,1,0.450
33.6360,428,BR,30,1.68394,-0.06993,0.29988,134,134,134,0.27878,1.76002,-0.06414,1,1,0.450
33.6480,428,FL,22,1.98816,0.21685,0.29988,134,134,134,0.27878,2.10619,0.24756,1,1,0.450
33.6480,428,BL,15,1.53781,0.18938,0.30024,134,134,134,0.27913,1.60800,0.19977,1,1,0.450
33.6480,428,FR,7,1.86591,-0.07432,0.30336,134,134,134,0.28225,1.99288,-0.08899,1,1,0.450
33.6480,428,BR,30,1.68266,-0.06938,0.29990,134,134,134,0.27880,1.75929,-0.06364,1,1,0.450
33.6620,429,FL,21,1.98630,0.21733,0.29989,134,134,134,0.27879,2.10011,0.24784,1,1,0.450
33.6620,429,BL,14,1.53614,0.18981,0.30033,134,134,134,0.27922,1.60582,0.20043,1,1,0.450
33.6620,429,FR,6,1.86482,-0.07420,0.30342,134,134,134,0.28230,1.99077,-0.08848,1,1,0.450
33.6620,429,BR,29,1.68079,-0.06891,0.29990,134,134,134,0.27880,1.75328,-0.06344,1,1,0.450
33.6720,429,FL,21,1.98580,0.21731,0.29982,134,134,134,0.27872,2.10381,0.25030,1,1,0.450
33.6720,429,BL,14,1.53583,0.18895,0.30036,134,134,134,0.27926,1.60427,0.20083,1,1,0.450
33.6720,429,FR,6,1.86520,-0.07485,0.30311,134,134,134,0.28200,1.99010,-0.08912,1,1,0.450
33.6720,429,BR,29,1.67984,-0.06768,0.29989,134,134,134,0.27879,1.75364,-0.05895,1,1,0.450
33.6820,430,FL,20,1.98411,0.21742,0.29985,134,134,134,0.27875,2.09824,0.24962,1,1,0.450
33.6820,430,BL,13,1.53419,0.18943,0.30042,134,134,134,0.27931,1.60253,0.20118,1,1,0.450
33.6820,430,FR,5,1.86384,-0.07458,0.30341,134,134,134,0.28229,1.98796,-0.08866,1,1,0.450
33.6820,430,BR,28,1.67815,-0.06744,0.29990,134,134,134,0.27880,1.74841,-0.05914,1,1,0.450
33.6920,430,FL,20,1.98367,0.21712,0.29982,134,134,134,0.27872,2.10246,0.25124,1,1,0.450
33.6920,430,BL,13,1.53375,0.18843,0.30061,134,134,134,0.27950,1.60123,0.20111,1,1,0.450
33.6920,430,FR,5,1.86384,-0.07504,0.30364,134,134,134,0.28253,1.98708,-0.08922,1,1,0.450
33.6940,430,BR,28,1.67732,-0.06654,0.29990,134,134,134,0.27880,1.75028,-0.05627,1,1,0.450
33.7020,430,FL,20,1.98270,0.21723,0.29990,134,134,134,0.27879,2.10163,0.25098,1,1,0.450
33.7020,430,BL,13,1.53275,0.18901,0.30073,134,134,134,0.27963,1.60033,0.20128,1,1,0.450
33.7020,430,FR,5,1.86298,-0.07454,0.30430,134,134,134,0.28318,1.98565,-0.08863,1,1,0.450
33.7020,430,BR,28,1.67641,-0.06642,0.29991,134,134,134,0.27880,1.74984,-0.05615,1,1,0.450
33.7140,431,FL,19,1.98189,0.21742,0.29995,134,134,134,0.27885,2.09696,0.25041,1,1,0.450
33.7140,431,BL,12,1.53191,0.18940,0.30098,134,134,134,0.27988,1.59940,0.20145,1,1,0.450
33.7140,431,FR,4,1.86240,-0.07403,0.30511,133,133,133,0.28399,1.98444,-0.08802,1,1,0.450
33.7140,431,BR,27,1.67560,-0.06627,0.29991,134,134,134,0.27881,1.74512,-0.05670,1,1,0.450
33.7240,431,FL,19,1.98068,0.21714,0.29996,134,134,134,0.27886,2.10072,0.25142,1,1,0.450
33.7240,431,BL,12,1.53036,0.18886,0.30138,134,134,134,0.28028,1.59766,0.20100,1,1,0.450
33.7240,431,FR,4,1.86111,-0.07364,0.30595,132,132,132,0.28483,1.98216,-0.08753,1,1,0.450
33.7240,431,BR,27,1.67410,-0.06556,0.29991,134,134,134,0.27881,1.74699,-0.05479,1,1,0.450
33.7340,431,FL,19,1.97991,0.21732,0.30008,134,134,134,0.27897,2.10015,0.25111,1,1,0.450
33.7340,431,BL,12,1.52953,0.18957,0.30161,134,134,134,0.28050,1.59697,0.20112,1,1,0.450
33.7340,431,FR,4,1.86040,-0.07292,0.30693,132,132,132,0.28581,1.98091,-0.08660,1,1,0.450
33.7360,431,BR,27,1.67350,-0.06553,0.29992,134,134,134,0.27881,1.74692,-0.05491,1,1,0.450
33.7440,432,FL,18,1.97998,0.21748,0.30013,134,134,134,0.27903,2.09633,0.25035,1,1,0.450
33.7440,432,BL,11,1.52958,0.18997,0.30187,134,134,134,0.28076,1.59691,0.20117,1,1,0.450
33.7440,432,FR,3,1.86068,-0.07233,0.30781,132,132,132,0.28668,1.98078,-0.08585,1,1,0.450
33.7440,432,BR,26,1.67356,-0.06546,0.29992,134,134,134,0.27882,1.74306,-0.05570,1,1,0.450
33.7540,432,FL,18,1.97919,0.21722,0.30013,134,134,134,0.27903,2.10054,0.25112,1,1,0.450
33.7560,432,BL,11,1.52833,0.18951,0.30224,134,134,134,0.28113,1.59577,0.20065,1,1,0.450
33.7560,432,FR,3,1.85963,-0.07184,0.30833,132,132,132,0.28720,1.97893,-0.08512,1,1,0.450
33.7560,432,BR,26,1.67252,-0.06483,0.29993,134,134,134,0.27883,1.74568,-0.05436,1,1,0.450
33.7640,432,FL,18,1.97939,0.21727,0.30024,134,134,134,0.27913,2.10087,0.25074,1,1,0.450
33.7640,432,BL,11,1.52855,0.18997,0.30239,134,134,134,0.28128,1.59607,0.20062,1,1,0.450
33.7640,432,FR,3,1.85984,-0.07132,0.30908,131,131,131,0.28795,1.97910,-0.08460,1,1,0.450
33.7640,432,BR,26,1.67289,-0.06497,0.29992,134,134,134,0.27882,1.74659,-0.05470,1,1,0.450
33.7740,433,FL,17,1.97875,0.21727,0.30027,134,134,134,0.27917,2.10036,0.25049,1,1,0.450
33.7740,433,BL,10,1.52770,0.19019,0.30252,134,134,134,0.28141,1.59552,0.20039,1,1,0.450
33.7760,433,FR,2,1.85901,-0.07079,0.30941,131,131,131,0.28828,1.97814,-0.08402,1,1,0.450
33.7760,433,BR,25,1.67229,-0.06511,0.29992,134,134,134,0.27882,1.74201,-0.05571,1,1,0.450
33.7860,433,FL,17,1.97964,0.21675,0.30024,134,134,134,0.27914,2.10208,0.25033,1,1,0.450
33.7860,433,BL,10,1.52843,0.18921,0.30275,134,134,134,0.28164,1.59597,0.19962,1,1,0.450
33.7860,433,FR,2,1.85979,-0.07065,0.30935,131,131,131,0.28821,1.97925,-0.08419,1,1,0.450
33.7860,433,BR,25,1.67296,-0.06473,0.29992,134,134,134,0.27882,1.74648,-0.05487,1,1,0.450
33.7960,433,FL,17,1.98004,0.21647,0.30033,134,134,134,0.27923,2.10244,0.24965,1,1,0.450
33.7960,433,BL,10,1.52869,0.18924,0.30280,134,134,134,0.28169,1.59675,0.19894,1,1,0.450
33.7960,433,FR,2,1.85962,-0.07007,0.30954,131,131,131,0.28841,1.98000,-0.08412,1,1,0.450
33.7960,433,BR,25,1.67353,-0.06534,0.29991,134,134,134,0.27881,1.74748,-0.05558,1,1,0.450
33.8060,434,FL,16,1.98068,0.21613,0.30035,134,134,134,0.27925,2.10715,0.24991,1,1,0.450
33.8060,434,BL,9,1.52920,0.18891,0.30287,134,134,134,0.28176,1.59755,0.19815,1,1,0.450
33.8060,434,FR,1,1.85973,-0.06979,0.30952,131,131,131,0.28839,1.98120,-0.08429,1,1,0.450
33.8060,434,BR,24,1.67428,-0.06590,0.29990,134,134,134,0.27880,1.74415,-0.05698,1,1,0.450
33.8160,434,FL,16,1.98150,0.21554,0.30036,134,134,134,0.27925,2.10902,0.24938,1,1,0.450
33.8160,434,BL,9,1.52944,0.18801,0.30295,134,134,134,0.28184,1.59835,0.19689,1,1,0.450
33.8160,434,FR,1,1.85964,-0.06949,0.30940,131,131,131,0.28827,1.98159,-0.08414,1,1,0.450
33.8160,434,BR,24,1.67510,-0.06588,0.29989,134,134,134,0.27879,1.74881,-0.05661,1,1,0.450
33.8260,434,FL,16,1.98244,0.21504,0.30048,134,134,134,0.27938,2.10988,0.24854,1,1,0.450
33.8260,434,BL,9,1.53026,0.18758,0.30304,134,134,134,0.28193,1.59978,0.19571,1,1,0.450
33.8260,434,FR,1,1.85955,-0.06912,0.30961,131,131,131,0.28848,1.98272,-0.08468,1,1,0.450
33.8260,434,BR,24,1.67635,-0.06685,0.29987,134,134,134,0.27876,1.75050,-0.05770,1,1,0.450
33.8360,435,FL,15,1.98370,0.21441,0.30057,134,134,134,0.27947,2.11117,0.24776,1,1,0.450
33.8360,435,BL,8,1.53131,0.18685,0.30302,134,134,134,0.28191,1.60141,0.19420,1,1,0.450
33.8360,435,FR,30,2.12808,-0.05834,0.30002,134,134,134,0.27892,2.23208,-0.06486,1,1,0.450
33.8360,435,BR,23,1.67789,-0.06792,0.29985,134,134,134,0.27875,1.74791,-0.05952,1,1,0.450
33.8560,435,FL,15,1.98541,0.21355,0.30058,134,134,134,0.27947,2.11295,0.24736,1,1,0.450
33.8560,435,BL,8,1.53287,0.18517,0.30304,134,134,134,0.28193,1.60325,0.19228,1,1,0.450
33.8580,435,FR,30,2.12977,-0.05865,0.30002,134,134,134,0.27892,2.24478,-0.06542,1,1,0.450
33.8580,435,BR,23,1.67958,-0.06839,0.29987,134,134,134,0.27877,1.75570,-0.05983,1,1,0.450
33.8660,436,FL,14,1.98672,0.21290,0.30070,134,134,134,0.27959,2.11618,0.24513,1,1,0.450
33.8680,436,BL,7,1.53236,0.18538,0.30346,134,134,134,0.28235,1.60566,0.19023,1,1,0.450
33.8680,436,FR,29,2.13290,-0.06017,0.30004,134,134,134,0.27893,2.24324,-0.06723,1,1,0.450
33.8680,436,BR,22,1.68252,-0.07073,0.29985,134,134,134,0.27875,1.75475,-0.06325,1,1,0.450
33.8760,436,FL,14,1.98650,0.21297,0.30064,134,134,134,0.27953,2.11715,0.24493,1,1,0.450
33.8760,436,BL,7,1.53136,0.18529,0.30324,134,134,134,0.28212,1.60550,0.18951,1,1,0.450
33.8760,436,FR,29,2.13329,-0.06033,0.30003,134,134,134,0.27893,2.25199,-0.06748,1,1,0.450
33.8760,436,BR,22,1.68272,-0.07056,0.29983,134,134,134,0.27873,1.76017,-0.06325,1,1,0.450
33.8860,436,FL,14,1.98725,0.21293,0.30066,134,134,134,0.27955,2.11895,0.24394,1,1,0.450
33.8880,436,BL,7,1.53146,0.18552,0.30299,134,134,134,0.28188,1.60644,0.18891,1,1,0.450
33.8880,436,FR,29,2.13519,-0.06099,0.30005,134,134,134,0.27895,2.25379,-0.06789,1,1,0.450
33.8880,436,BR,22,1.68448,-0.07163,0.29977,134,134,134,0.27867,1.76249,-0.06464,1,1,0.450
33.8960,437,FL,13,1.98764,0.21272,0.30060,134,134,134,0.27949,2.11973,0.24334,1,1,0.450
33.8960,437,BL,6,1.53156,0.18533,0.30271,134,134,134,0.28160,1.60699,0.18809,1,1,0.450
33.8960,437,FR,28,2.13606,-0.06149,0.30006,134,134,134,0.27895,2.24987,-0.06915,1,1,0.450
33.8960,437,BR,21,1.68531,-0.07237,0.29976,134,134,134,0.27865,1.75873,-0.06648,1,1,0.450
33.9060,437,FL,13,1.98799,0.21275,0.30053,134,134,134,0.27943,2.12081,0.24330,1,1,0.450
33.9080,437,BL,6,1.53154,0.18515,0.30261,134,134,134,0.28150,1.60728,0.18759,1,1,0.450
33.9080,437,FR,28,2.13679,-0.06159,0.30003,134,134,134,0.27893,2.25780,-0.06937,1,1,0.450
33.9080,437,BR,21,1.68585,-0.07216,0.29974,134,134,134,0.27864,1.76380,-0.06629,1,1,0.450
33.9180,437,FL,13,1.98811,0.21241,0.30074,134,134,134,0.27964,2.12114,0.24256,1,1,0.450
33.9180,437,BL,6,1.53164,0.18500,0.30311,134,134,134,0.28200,1.60754,0.18683,1,1,0.450
33.9180,437,FR,28,2.13735,-0.06217,0.30006,134,134,134,0.27896,2.25829,-0.06980,1,1,0.450
33.9180,437,BR,21,1.68634,-0.07302,0.29974,134,134,134,0.27863,1.76467,-0.06731,1,1,0.450
33.9260,438,FL,12,1.98775,0.21210,0.30089,134,134,134,0.27979,2.12078,0.24200,1,1,0.450
33.9260,438,BL,5,1.53123,0.18482,0.30363,134,134,134,0.28252,1.60731,0.18605,1,1,0.450
33.9260,438,FR,27,2.13708,-0.06265,0.30007,134,134,134,0.27896,2.25307,-0.07115,1,1,0.450
33.9260,438,BR,20,1.68607,-0.07361,0.29977,134,134,134,0.27867,1.75945,-0.06898,1,1,0.450
33.9380,438,FL,12,1.98837,0.21206,0.30087,134,134,134,0.27976,2.12196,0.24199,1,1,0.450
33.9380,438,BL,5,1.53165,0.18436,0.30374,134,134,134,0.28262,1.60778,0.18549,1,1,0.450
33.9380,438,FR,27,2.13802,-0.06281,0.30003,134,134,134,0.27893,2.26066,-0.07153,1,1,0.450
33.9380,438,BR,20,1.68681,-0.07342,0.29977,134,134,134,0.27866,1.76444,-0.06888,1,1,0.450
33.9480,438,FL,12,1.98784,0.21150,0.30121,134,134,134,0.28011,2.12113,0.24119,1,1,0.450
33.9500,438,BL,5,1.53136,0.18395,0.30464,134,134,134,0.28353,1.60745,0.18431,1,1,0.450
33.9500,438,FR,27,2.13759,-0.06344,0.30006,134,134,134,0.27896,2.26014,-0.07201,1,1,0.450
33.9500,438,BR,20,1.68636,-0.07438,0.29979,134,134,134,0.27869,1.76423,-0.06990,1,1,0.450
33.9620,439,FL,11,1.98786,0.21095,0.30140,134,134,134,0.28029,2.12095,0.24052,1,1,0.450
33.9620,439,BL,4,1.53143,0.18340,0.30531,133,133,133,0.28419,1.60755,0.18311,1,1,0.450
33.9620,439,FR,26,2.13763,-0.06401,0.30006,134,134,134,0.27896,2.25513,-0.07347,1,1,0.450
33.9620,439,BR,19,1.68642,-0.07517,0.29984,134,134,134,0.27874,1.75913,-0.07175,1,1,0.450
33.9720,439,FL,11,1.98760,0.21075,0.30165,134,134,134,0.28055,2.12079,0.24036,1,1,0.450
33.9720,439,BL,4,1.53127,0.18268,0.30609,132,132,132,0.28497,1.60713,0.18197,1,1,0.450
33.9720,439,FR,26,2.13753,-0.06428,0.30001,134,134,134,0.27891,2.26136,-0.07398,1,1,0.450
33.9720,439,BR,19,1.68613,-0.07525,0.29989,134,134,134,0.27878,1.76288,-0.07193,1,1,0.450
33.9840,440,FL,10,1.98716,0.21025,0.30190,134,134,134,0.28079,2.12009,0.23952,1,1,0.450
33.9840,440,BL,3,1.53117,0.18229,0.30660,132,132,132,0.28548,1.60663,0.18085,1,1,0.450
33.9840,440,FR,25,2.13730,-0.06492,0.30005,134,134,134,0.27894,2.25591,-0.07549,1,1,0.450
33.9840,440,BR,18,1.68588,-0.07627,0.29989,134,134,134,0.27878,1.75771,-0.07407,1,1,0.450
33.9980,440,FL,10,1.98677,0.21028,0.30207,134,134,134,0.28096,2.11956,0.23957,1,1,0.450
33.9980,440,BL,3,1.53100,0.18174,0.30702,132,132,132,0.28589,1.60613,0.17994,1,1,0.450
33.9980,440,FR,25,2.13693,-0.06507,0.29998,134,134,134,0.27888,2.26168,-0.07597,1,1,0.450
33.9980,440,BR,18,1.68531,-0.07613,0.29993,134,134,134,0.27882,1.76105,-0.07424,1,1,0.450
34.0100,440,FL,10,1.98587,0.20983,0.30235,134,134,134,0.28124,2.11820,0.23842,1,1,0.450
34.0100,440,BL,3,1.53086,0.18153,0.30739,132,132,132,0.28627,1.60477,0.17892,1,1,0.450
34.0100,440,FR,25,2.13620,-0.06599,0.30003,134,134,134,0.27892,2.26090,-0.07671,1,1,0.450
34.0100,440,BR,18,1.68458,-0.07746,0.29992,134,134,134,0.27882,1.76051,-0.07578,1,1,0.450
34.0200,441,FL,9,1.98558,0.20951,0.30244,134,134,134,0.28133,2.11748,0.23747,1,1,0.450
34.0200,441,BL,2,1.53116,0.18141,0.30747,132,132,132,0.28635,1.60398,0.17825,1,1,0.450
34.0200,441,FR,24,2.13582,-0.06691,0.30003,134,134,134,0.27893,2.25532,-0.07867,1,1,0.450
34.0200,441,BR,17,1.68422,-0.07842,0.29996,134,134,134,0.27886,1.76002,-0.07720,1,1,0.450
34.0300,441,FL,9,1.98482,0.21016,0.30262,134,134,134,0.28151,2.11609,0.23793,1,1,0.450
34.0300,441,BL,2,1.53096,0.18155,0.30752,132,132,132,0.28639,1.60325,0.17856,1,1,0.450
34.0300,441,FR,24,2.13471,-0.06689,0.29996,134,134,134,0.27886,2.26020,-0.07909,1,1,0.450
34.0300,441,BR,17,1.68289,-0.07769,0.29998,134,134,134,0.27888,1.75745,-0.07833,1,1,0.450
34.0400,441,FL,9,1.98473,0.20995,0.30267,134,134,134,0.28156,2.11537,0.23697,1,1,0.450
34.0400,441,BL,2,1.53152,0.18165,0.30727,132,132,132,0.28614,1.60270,0.17863,1,1,0.450
34.0400,441,FR,24,2.13410,-0.06784,0.30001,134,134,134,0.27891,2.25947,-0.08015,1,1,0.450
34.0400,441,BR,17,1.68243,-0.07853,0.29995,134,134,134,0.27885,1.75668,-0.07959,1,1,0.450
34.0500,442,FL,8,1.98416,0.20994,0.30268,134,134,134,0.28157,2.11387,0.23641,1,1,0.450
34.0500,442,BL,1,1.53130,0.18186,0.30735,132,132,132,0.28623,1.60221,0.17866,1,1,0.450
34.0500,442,FR,23,2.13268,-0.06850,0.30000,134,134,134,0.27890,2.25269,-0.08205,1,1,0.450
34.0500,442,BR,16,1.68118,-0.07888,0.30001,134,134,134,0.27891,1.75498,-0.08049,1,1,0.450
34.0680,442,FL,8,1.98376,0.21071,0.30273,134,134,134,0.28162,2.11227,0.23685,1,1,0.450
34.0700,442,BL,1,1.53125,0.18207,0.30745,132,132,132,0.28633,1.60251,0.17946,1,1,0.450
34.0700,442,FR,23,2.13122,-0.06867,0.29997,134,134,134,0.27887,2.25187,-0.08743,1,1,0.450
34.0700,442,BR,16,1.67972,-0.07793,0.30005,134,134,134,0.27895,1.75252,-0.08091,1,1,0.450
34.0780,443,FL,7,1.98394,0.21055,0.30242,134,134,134,0.28131,2.11073,0.23551,1,1,0.450
34.0780,443,BL,30,1.80256,0.19236,0.29988,134,134,134,0.27878,1.88023,0.19832,1,1,0.450
34.0780,443,FR,22,2.12949,-0.07001,0.29988,134,134,134,0.27878,2.24597,-0.08879,1,1,0.450
34.0780,443,BR,15,1.67831,-0.07847,0.30002,134,134,134,0.27892,1.75015,-0.08253,1,1,0.450
34.0900,443,FL,7,1.98384,0.21065,0.30292,134,134,134,0.28181,2.10978,0.23544,1,1,0.450
34.0900,443,BL,30,1.80160,0.19115,0.29988,134,134,134,0.27878,1.87794,0.19123,1,1,0.450
34.0900,443,FR,22,2.12853,-0.07049,0.29987,134,134,134,0.27877,2.24837,-0.09249,1,1,0.450
34.0900,443,BR,15,1.67742,-0.07783,0.30018,134,134,134,0.27908,1.74825,-0.08301,1,1,0.450
34.1000,443,FL,7,1.98271,0.21037,0.30308,134,134,134,0.28197,2.10774,0.23470,1,1,0.450
34.1000,443,BL,30,1.79981,0.19054,0.29990,134,134,134,0.27880,1.87664,0.19075,1,1,0.450
34.1000,443,FR,22,2.12672,-0.07093,0.29986,134,134,134,0.27876,2.24668,-0.09254,1,1,0.450
34.1000,443,BR,15,1.67578,-0.07841,0.30019,134,134,134,0.27908,1.74621,-0.08370,1,1,0.450
34.1080,444,FL,6,1.98234,0.21037,0.30300,134,134,134,0.28189,2.10673,0.23441,1,1,0.450
34.1080,444,BL,29,1.79886,0.19013,0.29990,134,134,134,0.27880,1.87155,0.19027,1,1,0.450
34.1080,444,FR,21,2.12577,-0.07134,0.29986,134,134,134,0.27876,2.24151,-0.09310,1,1,0.450
34.1080,444,BR,14,1.67502,-0.07870,0.30024,134,134,134,0.27914,1.74497,-0.08432,1,1,0.450
34.1180,444,FL,6,1.98229,0.21093,0.30282,134,134,134,0.28171,2.10581,0.23497,1,1,0.450
34.1200,444,BL,29,1.79792,0.18906,0.29989,134,134,134,0.27879,1.87215,0.18602,1,1,0.450
34.1200,444,FR,21,2.12513,-0.07120,0.29980,134,134,134,0.27870,2.24528,-0.09508,1,1,0.450
34.1200,444,BR,14,1.67439,-0.07775,0.30028,134,134,134,0.27918,1.74347,-0.08449,1,1,0.450
34.1280,444,FL,6,1.98158,0.21063,0.30308,134,134,134,0.28196,2.10447,0.23447,1,1,0.450
34.1280,444,BL,29,1.79687,0.18872,0.29990,134,134,134,0.27880,1.87156,0.18569,1,1,0.450
34.1280,444,FR,21,2.12407,-0.07141,0.29983,134,134,134,0.27873,2.24428,-0.09499,1,1,0.450
34.1280,444,BR,14,1.67343,-0.07828,0.30031,134,134,134,0.27921,1.74235,-0.08492,1,1,0.450
34.1380,445,FL,5,1.98043,0.21039,0.30343,134,134,134,0.28231,2.10269,0.23403,1,1,0.450
34.1380,445,BL,28,1.79545,0.18843,0.29991,134,134,134,0.27880,1.86615,0.18561,1,1,0.450
34.1380,445,FR,20,2.12267,-0.07169,0.29986,134,134,134,0.27876,2.23891,-0.09506,1,1,0.450
34.1380,445,BR,13,1.67205,-0.07864,0.30047,134,134,134,0.27937,1.74082,-0.08530,1,1,0.450
34.1500,445,FL,5,1.98031,0.21067,0.30385,134,134,134,0.28274,2.10181,0.23445,1,1,0.450
34.1500,445,BL,28,1.79478,0.18757,0.29990,134,134,134,0.27880,1.86832,0.18297,1,1,0.450
34.1500,445,FR,20,2.12228,-0.07134,0.29983,134,134,134,0.27873,2.24335,-0.09620,1,1,0.450
34.1500,445,BR,13,1.67155,-0.07769,0.30067,134,134,134,0.27957,1.73968,-0.08515,1,1,0.450
34.1580,445,FL,5,1.97914,0.20997,0.30450,134,134,134,0.28339,2.10003,0.23357,1,1,0.450
34.1580,445,BL,28,1.79354,0.18743,0.29991,134,134,134,0.27881,1.86756,0.18287,1,1,0.450
34.1580,445,FR,20,2.12094,-0.07154,0.29991,134,134,134,0.27881,2.24213,-0.09597,1,1,0.450
34.1580,445,BR,13,1.67019,-0.07837,0.30080,134,134,134,0.27969,1.73842,-0.08532,1,1,0.450
34.1680,446,FL,4,1.97914,0.20944,0.30543,133,133,133,0.28431,2.09939,0.23282,1,1,0.450
34.1680,446,BL,27,1.79327,0.18725,0.29992,134,134,134,0.27881,1.86334,0.18311,1,1,0.450
34.1700,446,FR,19,2.12067,-0.07177,0.29997,134,134,134,0.27887,2.23795,-0.09572,1,1,0.450
34.1700,446,BR,12,1.66993,-0.07885,0.30111,134,134,134,0.28000,1.73800,-0.08552,1,1,0.450
34.1780,446,FL,4,1.97840,0.20905,0.30629,132,132,132,0.28517,2.09790,0.23238,1,1,0.450
34.1780,446,BL,27,1.79249,0.18650,0.29992,134,134,134,0.27882,1.86600,0.18144,1,1,0.450
34.1780,446,FR,19,2.12013,-0.07147,0.29999,134,134,134,0.27889,2.24246,-0.09635,1,1,0.450
34.1780,446,BR,12,1.66901,-0.07832,0.30147,134,134,134,0.28037,1.73698,-0.08511,1,1,0.450
34.1900,446,FL,4,1.97735,0.20825,0.30709,132,132,132,0.28596,2.09632,0.23132,1,1,0.450
34.1900,446,BL,27,1.79148,0.18646,0.29992,134,134,134,0.27882,1.86549,0.18157,1,1,0.450
34.1900,446,FR,19,2.11897,-0.07170,0.30009,134,134,134,0.27899,2.24145,-0.09605,1,1,0.450
34.1900,446,BR,12,1.66780,-0.07908,0.30165,134,134,134,0.28054,1.73593,-0.08523,1,1,0.450
34.1980,447,FL,3,1.97698,0.20748,0.30806,132,132,132,0.28693,2.09536,0.23013,1,1,0.450
34.1980,447,BL,26,1.79101,0.18640,0.29993,134,134,134,0.27883,1.86106,0.18208,1,1,0.450
34.2000,447,FR,18,2.11847,-0.07191,0.30016,134,134,134,0.27905,2.23710,-0.09552,1,1,0.450
34.2000,447,BR,11,1.66721,-0.07968,0.30196,134,134,134,0.28085,1.73534,-0.08526,1,1,0.450
34.2100,447,FL,3,1.97736,0.20729,0.30849,131,131,131,0.28736,2.09550,0.23011,1,1,0.450
34.2100,447,BL,26,1.79122,0.18580,0.29993,134,134,134,0.27883,1.86500,0.18108,1,1,0.450
34.2100,447,FR,18,2.11893,-0.07149,0.30014,134,134,134,0.27903,2.24248,-0.09593,1,1,0.450
34.2100,447,BR,11,1.66741,-0.07889,0.30227,134,134,134,0.28116,1.73531,-0.08476,1,1,0.450
34.2180,447,FL,3,1.97636,0.20647,0.30902,131,131,131,0.28789,2.09424,0.22913,1,1,0.450
34.2180,447,BL,26,1.79055,0.18598,0.29992,134,134,134,0.27882,1.86479,0.18144,1,1,0.450
34.2180,447,FR,18,2.11807,-0.07159,0.30025,134,134,134,0.27914,2.24180,-0.09547,1,1,0.450
34.2180,447,BR,11,1.66637,-0.07954,0.30238,134,134,134,0.28127,1.73471,-0.08460,1,1,0.450
34.2300,448,FL,2,1.97717,0.20641,0.30919,131,131,131,0.28806,2.09544,0.22934,1,1,0.450
34.2300,448,BL,25,1.79124,0.18624,0.29992,134,134,134,0.27882,1.86147,0.18226,1,1,0.450
34.2300,448,FR,17,2.11877,-0.07140,0.30026,134,134,134,0.27916,2.24244,-0.09522,1,1,0.450
34.2300,448,BR,10,1.66718,-0.07931,0.30251,134,134,134,0.28140,1.73529,-0.08432,1,1,0.450
34.2380,448,FL,2,1.97613,0.20566,0.30934,131,131,131,0.28821,2.09424,0.22858,1,1,0.450
34.2380,448,BL,25,1.79082,0.18588,0.29992,134,134,134,0.27882,1.86484,0.18170,1,1,0.450
34.2400,448,FR,17,2.11841,-0.07097,0.30027,134,134,134,0.27917,2.24321,-0.09481,1,1,0.450
34.2400,448,BR,10,1.66614,-0.07884,0.30277,134,134,134,0.28166,1.73481,-0.08341,1,1,0.450
34.2500,448,FL,2,1.97613,0.20535,0.30946,131,131,131,0.28833,2.09491,0.22866,1,1,0.450
34.2500,448,BL,25,1.79119,0.18634,0.29990,134,134,134,0.27880,1.86571,0.18241,1,1,0.450
34.2500,448,FR,17,2.11861,-0.07082,0.30033,134,134,134,0.27922,2.24335,-0.09430,1,1,0.450
34.2500,448,BR,10,1.66639,-0.07887,0.30279,134,134,134,0.28168,1.73519,-0.08301,1,1,0.450
34.2600,449,FL,1,1.97543,0.20483,0.30952,131,131,131,0.28839,2.09490,0.22828,1,1,0.450
34.2600,449,BL,24,1.79130,0.18695,0.29989,134,134,134,0.27879,1.86172,0.18355,1,1,0.450
34.2600,449,FR,16,2.11856,-0.07056,0.30036,134,134,134,0.27925,2.24756,-0.09410,1,1,0.450
34.2600,449,BR,9,1.66602,-0.07885,0.30280,134,134,134,0.28169,1.73536,-0.08219,1,1,0.450
34.2700,449,FL,1,1.97612,0.20463,0.30949,131,131,131,0.28836,2.09654,0.22879,1,1,0.450
34.2700,449,BL,24,1.79296,0.18720,0.29988,134,134,134,0.27878,1.86725,0.18381,1,1,0.450
34.2700,449,FR,16,2.12016,-0.06970,0.30036,134,134,134,0.27925,2.25010,-0.09331,1,1,0.450
34.2700,449,BR,9,1.66714,-0.07756,0.30285,134,134,134,0.28174,1.73682,-0.08062,1,1,0.450
34.2800,449,FL,1,1.97708,0.20459,0.30949,131,131,131,0.28836,2.09972,0.23036,1,1,0.450
34.2800,449,BL,24,1.79512,0.18864,0.29987,134,134,134,0.27876,1.86977,0.18525,1,1,0.450
34.2800,449,FR,16,2.12214,-0.06871,0.30051,134,134,134,0.27941,2.25168,-0.09228,1,1,0.450
34.2800,449,BR,9,1.66926,-0.07636,0.30312,134,134,134,0.28201,1.73921,-0.07881,1,1,0.450
34.2900,450,FL,30,2.24626,0.21514,0.30002,134,134,134,0.27892,2.34944,0.22963,1,1,0.450
34.2900,450,BL,23,1.79669,0.18994,0.29984,134,134,134,0.27874,1.86708,0.18688,1,1,0.450
34.2900,450,FR,15,2.12348,-0.06788,0.30061,134,134,134,0.27950,2.25305,-0.09131,1,1,0.450
34.2900,450,BR,8,1.67031,-0.07556,0.30296,134,134,134,0.28185,1.74096,-0.07705,1,1,0.450
34.3100,450,FL,30,2.24696,0.21546,0.30002,134,134,134,0.27891,2.36110,0.23112,1,1,0.450
34.3100,450,BL,23,1.79734,0.19019,0.29988,134,134,134,0.27878,1.87396,0.18765,1,1,0.450
34.3100,450,FR,15,2.12399,-0.06730,0.30057,134,134,134,0.27947,2.25413,-0.09077,1,1,0.450
34.3100,450,BR,8,1.67024,-0.07457,0.30304,134,134,134,0.28193,1.74161,-0.07552,1,1,0.450
34.3200,451,FL,29,2.25056,0.21741,0.30004,134,134,134,0.27894,2.36002,0.23303,1,1,0.450
34.3220,451,BL,22,1.80068,0.19284,0.29983,134,134,134,0.27873,1.87338,0.19119,1,1,0.450
34.3220,451,FR,14,2.12573,-0.06658,0.30063,134,134,134,0.27952,2.25786,-0.08809,1,1,0.450
34.3220,451,BR,7,1.67015,-0.07495,0.30305,134,134,134,0.28194,1.74419,-0.07346,1,1,0.450
34.3300,451,FL,29,2.25163,0.21773,0.30003,134,134,134,0.27893,2.36942,0.23409,1,1,0.450
34.3300,451,BL,22,1.80156,0.19280,0.29980,134,134,134,0.27870,1.87955,0.19179,1,1,0.450
34.3300,451,FR,14,2.12602,-0.06667,0.30056,134,134,134,0.27946,2.25957,-0.08770,1,1,0.450
34.3300,451,BR,7,1.66952,-0.07492,0.30276,134,134,134,0.28165,1.74438,-0.07278,1,1,0.450
34.3400,451,FL,29,2.25178,0.21821,0.30006,134,134,134,0.27895,2.36947,0.23435,1,1,0.450
34.3400,451,BL,22,1.80158,0.19355,0.29976,134,134,134,0.27866,1.88004,0.19286,1,1,0.450
34.3400,451,FR,14,2.12550,-0.06667,0.30068,134,134,134,0.27958,2.25951,-0.08700,1,1,0.450
34.3400,451,BR,7,1.66876,-0.07520,0.30289,134,134,134,0.28178,1.74405,-0.07225,1,1,0.450
34.3500,452,FL,28,2.25323,0.21886,0.30006,134,134,134,0.27896,2.36611,0.23537,1,1,0.450
34.3500,452,BL,21,1.80296,0.19446,0.29974,134,134,134,0.27864,1.87670,0.19451,1,1,0.450
34.3500,452,FR,13,2.12637,-0.06646,0.30056,134,134,134,0.27945,2.26091,-0.08621,1,1,0.450
34.3500,452,BR,6,1.66923,-0.07511,0.30249,134,134,134,0.28138,1.74495,-0.07153,1,1,0.450
34.3600,452,FL,28,2.25312,0.21883,0.30004,134,134,134,0.27894,2.37317,0.23608,1,1,0.450
34.3600,452,BL,21,1.80270,0.19403,0.29973,134,134,134,0.27863,1.88098,0.19449,1,1,0.450
34.3600,452,FR,13,2.12602,-0.06664,0.30055,134,134,134,0.27945,2.26115,-0.08631,1,1,0.450
34.3600,452,BR,6,1.66865,-0.07508,0.30253,134,134,134,0.28142,1.74444,-0.07121,1,1,0.450
34.3700,452,FL,28,2.25356,0.21941,0.30006,134,134,134,0.27896,2.37354,0.23650,1,1,0.450
34.3700,452,BL,21,1.80306,0.19489,0.29972,134,134,134,0.27862,1.88163,0.19551,1,1,0.450
34.3700,452,FR,13,2.12608,-0.06630,0.30073,134,134,134,0.27963,2.26130,-0.08560,1,1,0.450
34.3700,452,BR,6,1.66876,-0.07489,0.30296,134,134,134,0.28185,1.74460,-0.07046,1,1,0.450
34.3800,453,FL,27,2.25447,0.22008,0.30007,134,134,134,0.27896,2.36946,0.23762,1,1,0.450
34.3800,453,BL,20,1.80394,0.19576,0.29975,134,134,134,0.27865,1.87755,0.19703,1,1,0.450
34.3800,453,FR,12,2.12672,-0.06577,0.30085,134,134,134,0.27974,2.26211,-0.08486,1,1,0.450
34.3800,453,BR,5,1.66925,-0.07440,0.30342,134,134,134,0.28231,1.74527,-0.06943,1,1,0.450
34.3900,453,FL,27,2.25465,0.22014,0.30003,134,134,134,0.27893,2.37624,0.23841,1,1,0.450
34.3900,453,BL,20,1.80395,0.19541,0.29977,134,134,134,0.27867,1.88180,0.19711,1,1,0.450
34.3920,453,FR,12,2.12673,-0.06583,0.30093,134,134,134,0.27983,2.26250,-0.08495,1,1,0.450
34.3920,453,BR,5,1.66917,-0.07407,0.30377,134,134,134,0.28266,1.74511,-0.06896,1,1,0.450
34.4000,453,FL,27,2.25409,0.22058,0.30006,134,134,134,0.27896,2.37560,0.23872,1,1,0.450
34.4000,453,BL,20,1.80335,0.19617,0.29978,134,134,134,0.27868,1.88140,0.19792,1,1,0.450
34.4020,453,FR,12,2.12610,-0.06540,0.30123,134,134,134,0.28013,2.26153,-0.08439,1,1,0.450
34.4020,453,BR,5,1.66879,-0.07369,0.30460,134,134,134,0.28348,1.74462,-0.06796,1,1,0.450
34.4120,454,FL,26,2.25458,0.22123,0.30006,134,134,134,0.27896,2.37101,0.23983,1,1,0.450
34.4120,454,BL,19,1.80382,0.19713,0.29982,134,134,134,0.27872,1.87671,0.19947,1,1,0.450
34.4120,454,FR,11,2.12640,-0.06473,0.30137,134,134,134,0.28026,2.26178,-0.08365,1,1,0.450
34.4120,454,BR,4,1.66912,-0.07295,0.30512,133,133,133,0.28400,1.74485,-0.06664,1,1,0.450
34.4220,454,FL,26,2.25440,0.22135,0.30001,134,134,134,0.27891,2.37712,0.24069,1,1,0.450
34.4220,454,BL,19,1.80346,0.19698,0.29986,134,134,134,0.27875,1.88040,0.19976,1,1,0.450
34.4220,454,FR,11,2.12611,-0.06470,0.30158,134,134,134,0.28047,2.26155,-0.08369,1,1,0.450
34.4240,454,BR,4,1.66894,-0.07237,0.30573,132,132,132,0.28461,1.74432,-0.06579,1,1,0.450
34.4360,455,FL,25,2.25355,0.22182,0.30005,134,134,134,0.27895,2.37099,0.24165,1,1,0.450
34.4360,455,BL,18,1.80259,0.19780,0.29987,134,134,134,0.27877,1.87447,0.20129,1,1,0.450
34.4360,455,FR,10,2.12522,-0.06434,0.30187,134,134,134,0.28076,2.26023,-0.08305,1,1,0.450
34.4360,455,BR,3,1.66842,-0.07213,0.30638,132,132,132,0.28526,1.74342,-0.06481,1,1,0.450
34.4460,455,FL,25,2.25350,0.22215,0.29999,134,134,134,0.27888,2.37705,0.24277,1,1,0.450
34.4460,455,BL,18,1.80233,0.19789,0.29990,134,134,134,0.27880,1.87812,0.20202,1,1,0.450
34.4460,455,FR,10,2.12498,-0.06431,0.30204,134,134,134,0.28093,2.25995,-0.08292,1,1,0.450
34.4460,455,BR,3,1.66849,-0.07150,0.30676,132,132,132,0.28563,1.74271,-0.06390,1,1,0.450
34.4560,455,FL,25,2.25287,0.22278,0.30003,134,134,134,0.27893,2.37637,0.24324,1,1,0.450
34.4560,455,BL,18,1.80166,0.19881,0.29990,134,134,134,0.27880,1.87766,0.20317,1,1,0.450
34.4560,455,FR,10,2.12426,-0.06404,0.30230,134,134,134,0.28119,2.25880,-0.08219,1,1,0.450
34.4560,455,BR,3,1.66838,-0.07137,0.30710,132,132,132,0.28598,1.74165,-0.06323,1,1,0.450
34.4680,456,FL,24,2.25212,0.22338,0.30003,134,134,134,0.27893,2.37034,0.24447,1,1,0.450
34.4680,456,BL,17,1.80095,0.19945,0.29994,134,134,134,0.27883,1.87676,0.20413,1,1,0.450
34.4680,456,FR,9,2.12374,-0.06387,0.30239,134,134,134,0.28128,2.25776,-0.08157,1,1,0.450
34.4680,456,BR,2,1.66834,-0.07131,0.30721,132,132,132,0.28609,1.74080,-0.06272,1,1,0.450
34.4780,456,FL,24,2.25085,0.22337,0.29996,134,134,134,0.27886,2.37502,0.24536,1,1,0.450
34.4780,456,BL,17,1.79953,0.19878,0.29995,134,134,134,0.27885,1.87392,0.20518,1,1,0.450
34.4780,456,FR,9,2.12290,-0.06449,0.30256,134,134,134,0.28145,2.25619,-0.08199,1,1,0.450
34.4780,456,BR,2,1.66810,-0.07145,0.30729,132,132,132,0.28617,1.73994,-0.06292,1,1,0.450
34.4880,456,FL,24,2.24939,0.22393,0.30001,134,134,134,0.27890,2.37342,0.24598,1,1,0.450
34.4880,456,BL,17,1.79828,0.19933,0.29996,134,134,134,0.27886,1.87220,0.20603,1,1,0.450
34.4900,456,FR,9,2.12220,-0.06448,0.30270,134,134,134,0.28159,2.25459,-0.08141,1,1,0.450
34.4900,456,BR,2,1.66796,-0.07169,0.30738,132,132,132,0.28626,1.73908,-0.06296,1,1,0.450
34.5000,457,FL,23,2.24906,0.22492,0.30001,134,134,134,0.27891,2.36770,0.24783,1,1,0.450
34.5000,457,BL,16,1.79805,0.19995,0.29999,134,134,134,0.27888,1.87164,0.20726,1,1,0.450
34.5000,457,FR,8,2.12242,-0.06429,0.30269,134,134,134,0.28158,2.25417,-0.08056,1,1,0.450
34.5000,457,BR,1,1.66881,-0.07165,0.30706,132,132,132,0.28594,1.73885,-0.06319,1,1,0.450
34.5240,458,FL,22,2.24768,0.22528,0.29998,134,134,134,0.27888,2.36212,0.25342,1,1,0.450
34.5240,458,BL,15,1.79675,0.19904,0.30003,134,134,134,0.27893,1.86929,0.20780,1,1,0.450
34.5240,458,FR,7,2.12226,-0.06499,0.30278,134,134,134,0.28167,2.25267,-0.08089,1,1,0.450
34.5240,458,BR,30,1.94214,-0.06198,0.29986,134,134,134,0.27876,2.01929,-0.06151,1,1,0.450
34.5340,458,FL,22,2.24472,0.22622,0.29984,134,134,134,0.27873,2.36257,0.25759,1,1,0.450
34.5340,458,BL,15,1.79428,0.19799,0.29991,134,134,134,0.27881,1.86483,0.20898,1,1,0.450
34.5340,458,FR,7,2.12227,-0.06567,0.30211,134,134,134,0.28100,2.25008,-0.08050,1,1,0.450
34.5340,458,BR,30,1.93928,-0.06008,0.29987,134,134,134,0.27877,2.01535,-0.05420,1,1,0.450
34.5440,458,FL,22,2.24335,0.22674,0.29986,134,134,134,0.27875,2.36127,0.25783,1,1,0.450
34.5440,458,BL,15,1.79313,0.19852,0.29999,134,134,134,0.27889,1.86319,0.20953,1,1,0.450
34.5440,458,FR,7,2.12152,-0.06518,0.30271,134,134,134,0.28160,2.24869,-0.07975,1,1,0.450
34.5440,458,BR,30,1.93808,-0.05962,0.29989,134,134,134,0.27879,2.01468,-0.05370,1,1,0.450
34.5540,459,FL,21,2.24171,0.22714,0.29987,134,134,134,0.27877,2.35543,0.25802,1,1,0.450
34.5560,459,BL,14,1.79163,0.19883,0.30011,134,134,134,0.27901,1.86128,0.20999,1,1,0.450
34.5560,459,FR,6,2.12052,-0.06505,0.30292,134,134,134,0.28180,2.24685,-0.07931,1,1,0.450
34.5560,459,BR,29,1.93648,-0.05929,0.29989,134,134,134,0.27879,2.00894,-0.05364,1,1,0.450
34.5660,459,FL,21,2.24100,0.22697,0.29981,134,134,134,0.27871,2.35893,0.26032,1,1,0.450
34.5660,459,BL,14,1.79109,0.19783,0.30017,134,134,134,0.27906,1.85959,0.21008,1,1,0.450
34.5660,459,FR,6,2.12062,-0.06569,0.30263,134,134,134,0.28152,2.24596,-0.07996,1,1,0.450
34.5660,459,BR,29,1.93540,-0.05830,0.29988,134,134,134,0.27878,2.00916,-0.04935,1,1,0.450
34.5740,459,FL,21,2.23888,0.22702,0.29983,134,134,134,0.27873,2.35692,0.26005,1,1,0.450
34.5740,459,BL,14,1.78899,0.19822,0.30015,134,134,134,0.27905,1.85743,0.21030,1,1,0.450
34.5760,459,FR,6,2.11877,-0.06546,0.30276,134,134,134,0.28165,2.24341,-0.07959,1,1,0.450
34.5760,459,BR,29,1.93329,-0.05815,0.29989,134,134,134,0.27879,2.00751,-0.04917,1,1,0.450
34.5860,460,FL,20,2.23842,0.22724,0.29986,134,134,134,0.27876,2.35248,0.25981,1,1,0.450
34.5860,460,BL,13,1.78866,0.19844,0.30031,134,134,134,0.27921,1.85670,0.21070,1,1,0.450
34.5860,460,FR,5,2.11876,-0.06539,0.30314,134,134,134,0.28203,2.24282,-0.07941,1,1,0.450
34.5860,460,BR,28,1.93281,-0.05788,0.29989,134,134,134,0.27879,2.00308,-0.04943,1,1,0.450
34.5940,460,FL,20,2.23742,0.22684,0.29982,134,134,134,0.27872,2.35618,0.26128,1,1,0.450
34.5940,460,BL,13,1.78756,0.19746,0.30049,134,134,134,0.27939,1.85501,0.21040,1,1,0.450
34.5940,460,FR,5,2.11802,-0.06567,0.30342,134,134,134,0.28231,2.24117,-0.07986,1,1,0.450
34.5940,460,BR,28,1.93143,-0.05710,0.29989,134,134,134,0.27879,2.00438,-0.04662,1,1,0.450
34.6060,460,FL,20,2.23663,0.22691,0.29989,134,134,134,0.27879,2.35550,0.26100,1,1,0.450
34.6060,460,BL,13,1.78679,0.19792,0.30060,134,134,134,0.27949,1.85423,0.21052,1,1,0.450
34.6060,460,FR,5,2.11742,-0.06526,0.30396,134,134,134,0.28285,2.24008,-0.07936,1,1,0.450
34.6060,460,BR,28,1.93073,-0.05705,0.29990,134,134,134,0.27879,2.00416,-0.04657,1,1,0.450
34.6160,461,FL,19,2.23566,0.22710,0.29997,134,134,134,0.27887,2.35076,0.26029,1,1,0.450
34.6160,461,BL,12,1.78566,0.19853,0.30093,134,134,134,0.27983,1.85324,0.21060,1,1,0.450
34.6160,461,FR,4,2.11644,-0.06456,0.30507,133,133,133,0.28395,2.23829,-0.07843,1,1,0.450
34.6160,461,BR,27,1.92977,-0.05692,0.29991,134,134,134,0.27880,1.99929,-0.04718,1,1,0.450
34.6260,461,FL,19,2.23460,0.22672,0.29997,134,134,134,0.27887,2.35464,0.26127,1,1,0.450
34.6260,461,BL,12,1.78430,0.19783,0.30127,134,134,134,0.28017,1.85162,0.21013,1,1,0.450
34.6260,461,FR,4,2.11530,-0.06432,0.30576,132,132,132,0.28464,2.23634,-0.07824,1,1,0.450
34.6260,461,BR,27,1.92840,-0.05626,0.29991,134,134,134,0.27880,2.00130,-0.04534,1,1,0.450
34.6360,461,FL,19,2.23439,0.22685,0.30009,134,134,134,0.27898,2.35458,0.26091,1,1,0.450
34.6360,461,BL,12,1.78409,0.19850,0.30149,134,134,134,0.28039,1.85144,0.21021,1,1,0.450
34.6360,461,FR,4,2.11527,-0.06361,0.30676,132,132,132,0.28564,2.23579,-0.07738,1,1,0.450
34.6360,461,BR,27,1.92831,-0.05626,0.29991,134,134,134,0.27881,2.00174,-0.04547,1,1,0.450
34.6460,462,FL,18,2.23395,0.22699,0.30014,134,134,134,0.27904,2.35030,0.26007,1,1,0.450
34.6460,462,BL,11,1.78353,0.19894,0.30174,134,134,134,0.28064,1.85098,0.21017,1,1,0.450
34.6460,462,FR,3,2.11490,-0.06296,0.30760,132,132,132,0.28648,2.23490,-0.07648,1,1,0.450
34.6460,462,BR,26,1.92788,-0.05625,0.29992,134,134,134,0.27881,1.99738,-0.04631,1,1,0.450
34.6540,462,FL,18,2.23440,0.22660,0.30012,134,134,134,0.27902,2.35558,0.26089,1,1,0.450
34.6560,462,BL,11,1.78378,0.19818,0.30206,134,134,134,0.28095,1.85091,0.20966,1,1,0.450
34.6560,462,FR,3,2.11533,-0.06280,0.30802,132,132,132,0.28690,2.23494,-0.07636,1,1,0.450
34.6560,462,BR,26,1.92801,-0.05564,0.29992,134,134,134,0.27882,2.00117,-0.04498,1,1,0.450
34.6660,462,FL,18,2.23412,0.22660,0.30023,134,134,134,0.27912,2.35543,0.26045,1,1,0.450
34.6660,462,BL,11,1.78341,0.19863,0.30214,134,134,134,0.28103,1.85084,0.20950,1,1,0.450
34.6660,462,FR,3,2.11498,-0.06218,0.30862,131,131,131,0.28749,2.23449,-0.07576,1,1,0.450
34.6660,462,BR,26,1.92788,-0.05584,0.29991,134,134,134,0.27881,2.00152,-0.04531,1,1,0.450
34.6740,463,FL,17,2.23352,0.22655,0.30026,134,134,134,0.27916,2.35494,0.26012,1,1,0.450
34.6740,463,BL,10,1.78268,0.19881,0.30231,134,134,134,0.28120,1.85025,0.20920,1,1,0.450
34.6760,463,FR,2,2.11425,-0.06161,0.30902,131,131,131,0.28789,2.23383,-0.07520,1,1,0.450
34.6760,463,BR,25,1.92734,-0.05605,0.29991,134,134,134,0.27881,1.99702,-0.04641,1,1,0.450
34.6860,463,FL,17,2.23376,0.22612,0.30024,134,134,134,0.27913,2.35609,0.25999,1,1,0.450
34.6860,463,BL,10,1.78258,0.19800,0.30254,134,134,134,0.28143,1.85016,0.20848,1,1,0.450
34.6860,463,FR,2,2.11421,-0.06139,0.30896,131,131,131,0.28783,2.23377,-0.07507,1,1,0.450
34.6860,463,BR,25,1.92737,-0.05561,0.29991,134,134,134,0.27881,2.00084,-0.04550,1,1,0.450
34.6940,463,FL,17,2.23480,0.22577,0.30031,134,134,134,0.27920,2.35697,0.25937,1,1,0.450
34.6940,463,BL,10,1.78371,0.19782,0.30258,134,134,134,0.28147,1.85143,0.20785,1,1,0.450
34.6940,463,FR,2,2.11491,-0.06106,0.30908,131,131,131,0.28795,2.23565,-0.07543,1,1,0.450
34.6940,463,BR,25,1.92854,-0.05621,0.29990,134,134,134,0.27880,2.00246,-0.04621,1,1,0.450
34.7040,464,FL,16,2.23547,0.22539,0.30034,134,134,134,0.27924,2.36172,0.25958,1,1,0.450
34.7040,464,BL,9,1.78418,0.19752,0.30264,134,134,134,0.28153,1.85234,0.20700,1,1,0.450
34.7040,464,FR,1,2.11497,-0.06073,0.30907,131,131,131,0.28794,2.23671,-0.07556,1,1,0.450
34.7040,464,BR,24,1.92929,-0.05680,0.29989,134,134,134,0.27879,1.99910,-0.04760,1,1,0.450
34.7160,464,FL,16,2.23634,0.22473,0.30034,134,134,134,0.27924,2.36356,0.25904,1,1,0.450
34.7160,464,BL,9,1.78454,0.19652,0.30275,134,134,134,0.28164,1.85313,0.20573,1,1,0.450
34.7160,464,FR,1,2.11501,-0.06048,0.30892,131,131,131,0.28779,2.23749,-0.07552,1,1,0.450
34.7160,464,BR,24,1.93012,-0.05679,0.29989,134,134,134,0.27878,2.00375,-0.04722,1,1,0.450
34.7240,464,FL,16,2.23626,0.22450,0.30047,134,134,134,0.27937,2.36379,0.25816,1,1,0.450
34.7240,464,BL,9,1.78397,0.19670,0.30275,134,134,134,0.28164,1.85369,0.20483,1,1,0.450
34.7240,464,FR,1,2.11385,-0.05988,0.30936,131,131,131,0.28823,2.23621,-0.07515,1,1,0.450
34.7240,464,BR,24,1.93046,-0.05757,0.29986,134,134,134,0.27875,2.00457,-0.04820,1,1,0.450
34.7340,465,FL,15,2.23839,0.22364,0.30054,134,134,134,0.27944,2.36574,0.25734,1,1,0.450
34.7340,465,BL,8,1.78619,0.19549,0.30285,134,134,134,0.28174,1.85604,0.20316,1,1,0.450
34.7360,465,FR,30,2.38301,-0.04879,0.30002,134,134,134,0.27891,2.48701,-0.05519,1,1,0.450
34.7360,465,BR,23,1.93282,-0.05880,0.29984,134,134,134,0.27874,2.00287,-0.05022,1,1,0.450
34.7540,465,FL,15,2.24000,0.22281,0.30062,134,134,134,0.27952,2.36769,0.25674,1,1,0.450
34.7540,465,BL,8,1.78734,0.19419,0.30288,134,134,134,0.28177,1.85790,0.20126,1,1,0.450
34.7540,465,FR,30,2.38465,-0.04915,0.30002,134,134,134,0.27892,2.49967,-0.05583,1,1,0.450
34.7540,465,BR,23,1.93445,-0.05928,0.29986,134,134,134,0.27876,2.01058,-0.05052,1,1,0.450
34.7660,466,FL,14,2.24159,0.22197,0.30075,134,134,134,0.27964,2.37081,0.25457,1,1,0.450
34.7680,466,BL,7,1.78744,0.19391,0.30351,134,134,134,0.28240,1.86051,0.19893,1,1,0.450
34.7680,466,FR,29,2.38787,-0.05069,0.30004,134,134,134,0.27894,2.49821,-0.05766,1,1,0.450
34.7700,466,BR,22,1.93753,-0.06171,0.29986,134,134,134,0.27875,2.00969,-0.05398,1,1,0.450
34.7880,466,FL,14,2.24223,0.22189,0.30064,134,134,134,0.27954,2.37294,0.25397,1,1,0.450
34.7880,466,BL,7,1.78698,0.19375,0.30302,134,134,134,0.28191,1.86129,0.19787,1,1,0.450
34.7880,466,FR,29,2.38937,-0.05109,0.30003,134,134,134,0.27893,2.50808,-0.05812,1,1,0.450
34.7880,466,BR,22,1.93883,-0.06194,0.29983,134,134,134,0.27872,2.01625,-0.05437,1,1,0.450
34.7980,467,FL,13,2.24244,0.22143,0.30068,134,134,134,0.27958,2.37409,0.25236,1,1,0.450
34.7980,467,BL,6,1.78652,0.19373,0.30282,134,134,134,0.28171,1.86198,0.19631,1,1,0.450
34.7980,467,FR,28,2.39080,-0.05226,0.30006,134,134,134,0.27896,2.50461,-0.05981,1,1,0.450
34.7980,467,BR,21,1.94013,-0.06374,0.29978,134,134,134,0.27868,2.01333,-0.05737,1,1,0.450
34.8060,467,FL,13,2.24338,0.22145,0.30061,134,134,134,0.27950,2.37596,0.25226,1,1,0.450
34.8080,467,BL,6,1.78701,0.19347,0.30270,134,134,134,0.28159,1.86280,0.19573,1,1,0.450
34.8080,467,FR,28,2.39228,-0.05250,0.30004,134,134,134,0.27894,2.51330,-0.06012,1,1,0.450
34.8080,467,BR,21,1.94139,-0.06363,0.29976,134,134,134,0.27866,2.01921,-0.05745,1,1,0.450
34.8180,467,FL,13,2.24290,0.22122,0.30080,134,134,134,0.27970,2.37550,0.25170,1,1,0.450
34.8180,467,BL,6,1.78662,0.19345,0.30313,134,134,134,0.28202,1.86252,0.19513,1,1,0.450
34.8180,467,FR,28,2.39206,-0.05292,0.30006,134,134,134,0.27896,2.51298,-0.06041,1,1,0.450
34.8180,467,BR,21,1.94111,-0.06424,0.29975,134,134,134,0.27865,2.01930,-0.05823,1,1,0.450
34.8280,468,FL,12,2.24377,0.22065,0.30087,134,134,134,0.27977,2.37662,0.25077,1,1,0.450
34.8280,468,BL,5,1.78729,0.19301,0.30348,134,134,134,0.28236,1.86347,0.19404,1,1,0.450
34.8280,468,FR,27,2.39325,-0.05373,0.30007,134,134,134,0.27896,2.50924,-0.06206,1,1,0.450
34.8280,468,BR,20,1.94229,-0.06525,0.29978,134,134,134,0.27867,2.01555,-0.06031,1,1,0.450
34.8380,468,FL,12,2.24336,0.22075,0.30097,134,134,134,0.27987,2.37653,0.25089,1,1,0.450
34.8380,468,BL,5,1.78678,0.19282,0.30385,134,134,134,0.28274,1.86302,0.19362,1,1,0.450
34.8380,468,FR,27,2.39291,-0.05376,0.30003,134,134,134,0.27893,2.51552,-0.06232,1,1,0.450
34.8380,468,BR,20,1.94176,-0.06482,0.29979,134,134,134,0.27869,2.01926,-0.06002,1,1,0.450
34.8480,468,FL,12,2.24332,0.22021,0.30124,134,134,134,0.28013,2.37638,0.25010,1,1,0.450
34.8480,468,BL,5,1.78690,0.19241,0.30455,134,134,134,0.28344,1.86307,0.19260,1,1,0.450
34.8480,468,FR,27,2.39309,-0.05439,0.30006,134,134,134,0.27896,2.51563,-0.06283,1,1,0.450
34.8480,468,BR,20,1.94191,-0.06575,0.29980,134,134,134,0.27870,2.01965,-0.06102,1,1,0.450
34.8580,469,FL,11,2.24382,0.21951,0.30143,134,134,134,0.28032,2.37683,0.24932,1,1,0.450
34.8580,469,BL,4,1.78738,0.19165,0.30524,133,133,133,0.28413,1.86361,0.19123,1,1,0.450
34.8580,469,FR,26,2.39374,-0.05508,0.30006,134,134,134,0.27896,2.51124,-0.06439,1,1,0.450
34.8580,469,BR,19,1.94257,-0.06671,0.29985,134,134,134,0.27875,2.01523,-0.06298,1,1,0.450
34.8680,469,FL,11,2.24327,0.21960,0.30161,134,134,134,0.28050,2.37629,0.24948,1,1,0.450
34.8680,469,BL,4,1.78688,0.19131,0.30575,132,132,132,0.28463,1.86306,0.19063,1,1,0.450
34.8680,469,FR,26,2.39314,-0.05507,0.30001,134,134,134,0.27891,2.51694,-0.06466,1,1,0.450
34.8680,469,BR,19,1.94178,-0.06631,0.29988,134,134,134,0.27878,2.01847,-0.06274,1,1,0.450
34.8880,470,FL,10,2.24326,0.21889,0.30187,134,134,134,0.28076,2.37621,0.24850,1,1,0.450
34.8880,470,BL,3,1.78716,0.19061,0.30636,132,132,132,0.28524,1.86291,0.18923,1,1,0.450
34.8880,470,FR,25,2.39352,-0.05581,0.30005,134,134,134,0.27894,2.51212,-0.06628,1,1,0.450
34.8880,470,BR,18,1.94213,-0.06752,0.29988,134,134,134,0.27878,2.01394,-0.06499,1,1,0.450
34.9000,470,FL,10,2.24245,0.21867,0.30216,134,134,134,0.28105,2.37516,0.24790,1,1,0.450
34.9000,470,BL,3,1.78686,0.19001,0.30695,132,132,132,0.28582,1.86168,0.18786,1,1,0.450
34.9000,470,FR,25,2.39284,-0.05649,0.29999,134,134,134,0.27888,2.51759,-0.06722,1,1,0.450
34.9000,470,BR,18,1.94124,-0.06806,0.29994,134,134,134,0.27884,2.01700,-0.06591,1,1,0.450
34.9100,470,FL,10,2.24138,0.21838,0.30245,134,134,134,0.28134,2.37347,0.24701,1,1,0.450
34.9100,470,BL,3,1.78643,0.18998,0.30738,132,132,132,0.28626,1.86043,0.18702,1,1,0.450
34.9100,470,FR,25,2.39169,-0.05724,0.30003,134,134,134,0.27893,2.51637,-0.06782,1,1,0.450
34.9100,470,BR,18,1.94011,-0.06905,0.29995,134,134,134,0.27885,2.01596,-0.06722,1,1,0.450
34.9200,471,FL,9,2.24123,0.21809,0.30241,134,134,134,0.28130,2.37297,0.24618,1,1,0.450
34.9200,471,BL,2,1.78675,0.18986,0.30723,132,132,132,0.28611,1.85982,0.18646,1,1,0.450
34.9200,471,FR,24,2.39145,-0.05805,0.30003,134,134,134,0.27893,2.51093,-0.06970,1,1,0.450
34.9200,471,BR,17,1.93990,-0.06987,0.29996,134,134,134,0.27886,2.01561,-0.06844,1,1,0.450
34.9300,471,FL,9,2.24088,0.21870,0.30252,134,134,134,0.28141,2.37226,0.24666,1,1,0.450
34.9300,471,BL,2,1.78689,0.18993,0.30712,132,132,132,0.28600,1.85942,0.18684,1,1,0.450
34.9300,471,FR,24,2.39096,-0.05802,0.29996,134,134,134,0.27886,2.51643,-0.07010,1,1,0.450
34.9300,471,BR,17,1.93915,-0.06914,0.29995,134,134,134,0.27885,2.01372,-0.06952,1,1,0.450
34.9400,471,FL,9,2.24013,0.21857,0.30270,134,134,134,0.28159,2.37052,0.24574,1,1,0.450
34.9420,471,BL,2,1.78678,0.19020,0.30720,132,132,132,0.28608,1.85851,0.18682,1,1,0.450
34.9420,471,FR,24,2.38938,-0.05888,0.30001,134,134,134,0.27890,2.51471,-0.07106,1,1,0.450
34.9420,471,BR,17,1.93778,-0.06992,0.29997,134,134,134,0.27887,2.01192,-0.07069,1,1,0.450
34.9500,472,FL,8,2.24014,0.21843,0.30271,134,134,134,0.28160,2.36984,0.24494,1,1,0.450
34.9500,472,BL,1,1.78727,0.19029,0.30702,132,132,132,0.28590,1.85822,0.18696,1,1,0.450
34.9500,472,FR,23,2.38874,-0.05982,0.30001,134,134,134,0.27891,2.50875,-0.07327,1,1,0.450
34.9500,472,BR,16,1.93726,-0.07046,0.30001,134,134,134,0.27891,2.01102,-0.07186,1,1,0.450
34.9700,472,FL,8,2.24001,0.21915,0.30279,134,134,134,0.28168,2.36862,0.24523,1,1,0.450
34.9700,472,BL,1,1.78760,0.19046,0.30690,132,132,132,0.28578,1.85869,0.18789,1,1,0.450
34.9700,472,FR,23,2.38765,-0.06015,0.29998,134,134,134,0.27888,2.50831,-0.07886,1,1,0.450
34.9700,472,BR,16,1.93612,-0.06957,0.30004,134,134,134,0.27894,2.00901,-0.07246,1,1,0.450
34.9800,473,FL,7,2.23972,0.21912,0.30226,134,134,134,0.28115,2.36622,0.24400,1,1,0.450
34.9800,473,BL,30,2.05796,0.20086,0.29988,134,134,134,0.27878,2.13562,0.20687,1,1,0.450
34.9800,473,FR,22,2.38499,-0.06141,0.29987,134,134,134,0.27877,2.50142,-0.08013,1,1,0.450
34.9820,473,BR,15,1.93392,-0.07001,0.30003,134,134,134,0.27892,2.00559,-0.07405,1,1,0.450
34.9900,473,FL,7,2.23928,0.21898,0.30309,134,134,134,0.28198,2.36513,0.24373,1,1,0.450
34.9900,473,BL,30,2.05701,0.19963,0.29988,134,134,134,0.27878,2.13335,0.19976,1,1,0.450
34.9900,473,FR,22,2.38403,-0.06192,0.29989,134,134,134,0.27878,2.50386,-0.08381,1,1,0.450
34.9900,473,BR,15,1.93292,-0.06953,0.30019,134,134,134,0.27909,2.00374,-0.07448,1,1,0.450
35.0000,473,FL,7,2.23829,0.21870,0.30330,134,134,134,0.28219,2.36335,0.24303,1,1,0.450
35.0000,473,BL,30,2.05547,0.19912,0.29990,134,134,134,0.27880,2.13230,0.19938,1,1,0.450
35.0000,473,FR,22,2.38245,-0.06229,0.29987,134,134,134,0.27877,2.50242,-0.08377,1,1,0.450
35.0000,473,BR,15,1.93149,-0.07004,0.30021,134,134,134,0.27911,2.00196,-0.07507,1,1,0.450
35.0100,474,FL,6,2.23832,0.21872,0.30310,134,134,134,0.28199,2.36253,0.24267,1,1,0.450
35.0100,474,BL,29,2.05466,0.19851,0.29990,134,134,134,0.27880,2.12735,0.19872,1,1,0.450
35.0120,474,FR,21,2.38166,-0.06288,0.29987,134,134,134,0.27877,2.49738,-0.08455,1,1,0.450
35.0120,474,BR,14,1.93095,-0.07044,0.30025,134,134,134,0.27914,2.00081,-0.07593,1,1,0.450
35.0200,474,FL,6,2.23726,0.21917,0.30306,134,134,134,0.28195,2.36073,0.24314,1,1,0.450
35.0200,474,BL,29,2.05298,0.19756,0.29989,134,134,134,0.27879,2.12722,0.19456,1,1,0.450
35.0200,474,FR,21,2.38025,-0.06269,0.29982,134,134,134,0.27872,2.50042,-0.08643,1,1,0.450
35.0200,474,BR,14,1.92946,-0.06948,0.30031,134,134,134,0.27921,1.99864,-0.07595,1,1,0.450
35.0300,474,FL,6,2.23706,0.21893,0.30335,134,134,134,0.28223,2.35985,0.24267,1,1,0.450
35.0300,474,BL,29,2.05232,0.19716,0.29990,134,134,134,0.27880,2.12702,0.19418,1,1,0.450
35.0300,474,FR,21,2.37957,-0.06294,0.29985,134,134,134,0.27875,2.49980,-0.08640,1,1,0.450
35.0300,474,BR,14,1.92894,-0.07002,0.30037,134,134,134,0.27926,1.99781,-0.07648,1,1,0.450
35.0400,475,FL,5,2.23646,0.21881,0.30357,134,134,134,0.28246,2.35859,0.24235,1,1,0.450
35.0400,475,BL,28,2.05132,0.19684,0.29991,134,134,134,0.27880,2.12202,0.19408,1,1,0.450
35.0400,475,FR,20,2.37862,-0.06321,0.29987,134,134,134,0.27877,2.49483,-0.08650,1,1,0.450
35.0420,475,BR,13,1.92806,-0.07033,0.30049,134,134,134,0.27939,1.99671,-0.07691,1,1,0.450
35.0500,475,FL,5,2.23531,0.21887,0.30401,134,134,134,0.28290,2.35673,0.24256,1,1,0.450
35.0500,475,BL,28,2.04983,0.19601,0.29990,134,134,134,0.27880,2.12338,0.19146,1,1,0.450
35.0500,475,FR,20,2.37738,-0.06289,0.29985,134,134,134,0.27875,2.49847,-0.08761,1,1,0.450
35.0500,475,BR,13,1.92661,-0.06946,0.30069,134,134,134,0.27958,1.99483,-0.07667,1,1,0.450
35.0620,476,FL,4,2.23457,0.21815,0.30490,133,133,133,0.28379,2.35535,0.24158,1,1,0.450
35.0620,476,BL,27,2.04902,0.19585,0.29991,134,134,134,0.27881,2.11908,0.19165,1,1,0.450
35.0620,476,FR,19,2.37645,-0.06312,0.29994,134,134,134,0.27884,2.49371,-0.08709,1,1,0.450
35.0620,476,BR,12,1.92568,-0.07022,0.30090,134,134,134,0.27979,1.99393,-0.07689,1,1,0.450
35.0700,476,FL,4,2.23393,0.21782,0.30577,132,132,132,0.28465,2.35369,0.24111,1,1,0.450
35.0720,476,BL,27,2.04802,0.19501,0.29991,134,134,134,0.27881,2.12151,0.18992,1,1,0.450
35.0720,476,FR,19,2.37568,-0.06292,0.29995,134,134,134,0.27885,2.49795,-0.08787,1,1,0.450
35.0720,476,BR,12,1.92462,-0.06968,0.30131,134,134,134,0.28021,1.99254,-0.07663,1,1,0.450
35.0820,476,FL,4,2.23391,0.21724,0.30657,132,132,132,0.28545,2.35329,0.24036,1,1,0.450
35.0820,476,BL,27,2.04800,0.19497,0.29991,134,134,134,0.27881,2.12200,0.19004,1,1,0.450
35.0820,476,FR,19,2.37555,-0.06308,0.30005,134,134,134,0.27895,2.49792,-0.08759,1,1,0.450
35.0820,476,BR,12,1.92452,-0.07031,0.30149,134,134,134,0.28038,1.99248,-0.07677,1,1,0.450
35.0920,477,FL,3,2.23339,0.21639,0.30760,132,132,132,0.28648,2.35219,0.23925,1,1,0.450
35.0920,477,BL,26,2.04742,0.19487,0.29992,134,134,134,0.27882,2.11744,0.19048,1,1,0.450
35.0920,477,FR,18,2.37498,-0.06329,0.30013,134,134,134,0.27902,2.49349,-0.08710,1,1,0.450
35.0920,477,BR,11,1.92380,-0.07092,0.30177,134,134,134,0.28066,1.99190,-0.07680,1,1,0.450
35.1020,477,FL,3,2.23314,0.21603,0.30812,132,132,132,0.28700,2.35128,0.23869,1,1,0.450
35.1020,477,BL,26,2.04695,0.19419,0.29993,134,134,134,0.27882,2.12068,0.18940,1,1,0.450
35.1020,477,FR,18,2.37471,-0.06301,0.30011,134,134,134,0.27901,2.49821,-0.08753,1,1,0.450
35.1020,477,BR,11,1.92323,-0.07039,0.30216,134,134,134,0.28105,1.99112,-0.07639,1,1,0.450
35.1120,477,FL,3,2.23188,0.21513,0.30896,131,131,131,0.28783,2.34958,0.23747,1,1,0.450
35.1120,477,BL,26,2.04616,0.19425,0.29992,134,134,134,0.27882,2.12041,0.18969,1,1,0.450
35.1120,477,FR,18,2.37371,-0.06325,0.30024,134,134,134,0.27914,2.49746,-0.08716,1,1,0.450
35.1120,477,BR,11,1.92199,-0.07122,0.30234,134,134,134,0.28123,1.99039,-0.07639,1,1,0.450
35.1220,478,FL,2,2.23262,0.21489,0.30939,131,131,131,0.28825,2.35067,0.23756,1,1,0.450
35.1220,478,BL,25,2.04670,0.19445,0.29992,134,134,134,0.27882,2.11695,0.19048,1,1,0.450
35.1220,478,FR,17,2.37426,-0.06311,0.30026,134,134,134,0.27916,2.49796,-0.08693,1,1,0.450
35.1220,478,BR,10,1.92267,-0.07109,0.30247,134,134,134,0.28136,1.99079,-0.07618,1,1,0.450
35.1320,478,FL,2,2.23190,0.21446,0.30926,131,131,131,0.28813,2.34958,0.23697,1,1,0.450
35.1320,478,BL,25,2.04611,0.19394,0.29992,134,134,134,0.27882,2.12014,0.18977,1,1,0.450
35.1320,478,FR,17,2.37382,-0.06275,0.30024,134,134,134,0.27914,2.49852,-0.08672,1,1,0.450
35.1320,478,BR,10,1.92172,-0.07053,0.30267,134,134,134,0.28156,1.99010,-0.07549,1,1,0.450
35.1400,478,FL,2,2.23076,0.21366,0.30970,131,131,131,0.28857,2.34849,0.23607,1,1,0.450
35.1400,478,BL,25,2.04572,0.19426,0.29990,134,134,134,0.27880,2.12027,0.19035,1,1,0.450
35.1400,478,FR,17,2.37316,-0.06286,0.30033,134,134,134,0.27923,2.49806,-0.08618,1,1,0.450
35.1400,478,BR,10,1.92083,-0.07116,0.30277,134,134,134,0.28166,1.98975,-0.07526,1,1,0.450
35.1500,478,FL,2,2.23250,0.21384,0.30965,131,131,131,0.28852,2.35183,0.23739,1,1,0.450
35.1520,478,BL,25,2.04755,0.19493,0.29990,134,134,134,0.27880,2.12210,0.19113,1,1,0.450
35.1520,478,FR,17,2.37501,-0.06225,0.30034,134,134,134,0.27923,2.49966,-0.08573,1,1,0.450
35.1520,478,BR,10,1.92292,-0.07024,0.30286,134,134,134,0.28175,1.99149,-0.07443,1,1,0.450
35.1620,479,FL,1,2.23268,0.21363,0.30947,131,131,131,0.28834,2.35312,0.23770,1,1,0.450
35.1620,479,BL,24,2.04836,0.19567,0.29990,134,134,134,0.27880,2.11871,0.19222,1,1,0.450
35.1620,479,FR,16,2.37578,-0.06170,0.30037,134,134,134,0.27926,2.50447,-0.08549,1,1,0.450
35.1620,479,BR,9,1.92350,-0.06981,0.30285,134,134,134,0.28174,1.99252,-0.07338,1,1,0.450
35.1700,479,FL,1,2.23060,0.21262,0.30987,131,131,131,0.28873,2.35000,0.23604,1,1,0.450
35.1700,479,BL,24,2.04784,0.19550,0.29988,134,134,134,0.27878,2.12207,0.19211,1,1,0.450
35.1700,479,FR,16,2.37501,-0.06149,0.30041,134,134,134,0.27931,2.50523,-0.08475,1,1,0.450
35.1700,479,BR,9,1.92156,-0.06982,0.30283,134,134,134,0.28172,1.99194,-0.07227,1,1,0.450
35.1800,479,FL,1,2.23252,0.21292,0.30968,131,131,131,0.28854,2.35500,0.23853,1,1,0.450
35.1820,479,BL,24,2.05054,0.19689,0.29986,134,134,134,0.27876,2.12529,0.19366,1,1,0.450
35.1820,479,FR,16,2.37755,-0.06046,0.30051,134,134,134,0.27940,2.50715,-0.08391,1,1,0.450
35.1820,479,BR,9,1.92471,-0.06817,0.30315,134,134,134,0.28203,1.99455,-0.07065,1,1,0.450
35.1900,480,FL,30,2.50171,0.22348,0.30002,134,134,128,0.27892,2.60490,0.23799,1,1,0.450
35.1900,480,BL,23,2.05215,0.19823,0.29985,134,134,134,0.27875,2.12255,0.19522,1,1,0.450
35.1900,480,FR,15,2.37897,-0.05956,0.30064,134,134,134,0.27953,2.50851,-0.08297,1,1,0.450
35.1900,480,BR,8,1.92584,-0.06727,0.30308,134,134,134,0.28196,1.99643,-0.06876,1,1,0.450
35.2140,481,FL,29,2.50248,0.22377,0.30002,134,134,128,0.27891,2.61200,0.23989,1,1,0.450
35.2140,481,BL,22,2.05289,0.19856,0.29990,134,134,134,0.27880,2.12485,0.19640,1,1,0.450
35.2140,481,FR,14,2.37978,-0.05873,0.30064,134,134,134,0.27954,2.50940,-0.08258,1,1,0.450
35.2140,481,BR,7,1.92642,-0.06562,0.30340,134,134,134,0.28229,1.99730,-0.06688,1,1,0.450
35.2240,481,FL,29,2.50592,0.22543,0.30003,134,134,128,0.27893,2.62372,0.24186,1,1,0.450
35.2240,481,BL,22,2.05600,0.20069,0.29986,134,134,134,0.27875,2.13352,0.19901,1,1,0.450
35.2240,481,FR,14,2.38118,-0.05803,0.30070,134,134,134,0.27960,2.51350,-0.08009,1,1,0.450
35.2240,481,BR,7,1.92542,-0.06583,0.30344,134,134,134,0.28233,1.99951,-0.06449,1,1,0.450
35.2380,481,FL,29,2.50784,0.22632,0.30005,134,134,128,0.27895,2.62554,0.24245,1,1,0.450
35.2380,481,BL,22,2.05767,0.20184,0.29979,134,134,134,0.27869,2.13597,0.20085,1,1,0.450
35.2380,481,FR,14,2.38180,-0.05806,0.30072,134,134,134,0.27962,2.51533,-0.07900,1,1,0.450
35.2400,481,BR,7,1.92536,-0.06606,0.30319,134,134,134,0.28207,2.00032,-0.06374,1,1,0.450
35.2520,482,FL,28,2.50897,0.22708,0.30006,134,134,128,0.27896,2.62185,0.24355,1,1,0.450
35.2520,482,BL,21,2.05871,0.20296,0.29977,134,134,134,0.27867,2.13243,0.20281,1,1,0.450
35.2520,482,FR,13,2.38213,-0.05789,0.30073,134,134,134,0.27963,2.51643,-0.07801,1,1,0.450
35.2520,482,BR,6,1.92508,-0.06611,0.30308,134,134,134,0.28197,2.00077,-0.06275,1,1,0.450
35.2780,483,FL,27,2.50914,0.22727,0.30004,134,134,128,0.27894,2.62418,0.24499,1,1,0.450
35.2780,483,BL,20,2.05871,0.20288,0.29976,134,134,134,0.27866,2.13196,0.20376,1,1,0.450
35.2800,483,FR,12,2.38190,-0.05794,0.30067,134,134,134,0.27956,2.51685,-0.07782,1,1,0.450
35.2800,483,BR,5,1.92457,-0.06594,0.30294,134,134,134,0.28183,2.00040,-0.06205,1,1,0.450
35.2940,483,FL,27,2.51004,0.22830,0.30003,134,134,128,0.27893,2.63163,0.24655,1,1,0.450
35.2940,483,BL,20,2.05937,0.20392,0.29977,134,134,134,0.27867,2.13713,0.20533,1,1,0.450
35.2940,483,FR,12,2.38218,-0.05735,0.30093,134,134,134,0.27982,2.51763,-0.07672,1,1,0.450
35.2940,483,BR,5,1.92475,-0.06533,0.30383,134,134,134,0.28272,2.00069,-0.06038,1,1,0.450
35.3080,484,FL,26,2.51014,0.22926,0.30006,134,134,128,0.27896,2.62655,0.24788,1,1,0.450
35.3080,484,BL,19,2.05941,0.20526,0.29981,134,134,134,0.27871,2.13228,0.20750,1,1,0.450
35.3080,484,FR,11,2.38209,-0.05658,0.30133,134,134,134,0.28022,2.51724,-0.07565,1,1,0.450
35.3080,484,BR,4,1.92489,-0.06460,0.30498,133,133,133,0.28386,2.00070,-0.05867,1,1,0.450
35.3200,484,FL,26,2.51010,0.22950,0.30001,134,134,128,0.27891,2.63279,0.24884,1,1,0.450
35.3200,484,BL,19,2.05922,0.20527,0.29985,134,134,134,0.27875,2.13603,0.20799,1,1,0.450
35.3200,484,FR,11,2.38203,-0.05637,0.30150,134,134,134,0.28039,2.51713,-0.07558,1,1,0.450
35.3200,484,BR,4,1.92484,-0.06377,0.30566,133,133,133,0.28454,2.00057,-0.05740,1,1,0.450
35.3300,484,FL,26,2.51038,0.23031,0.30004,134,134,128,0.27894,2.63303,0.24942,1,1,0.450
35.3300,484,BL,19,2.05942,0.20661,0.29984,134,134,134,0.27874,2.13651,0.20938,1,1,0.450
35.3300,484,FR,11,2.38192,-0.05572,0.30172,134,134,134,0.28062,2.51684,-0.07458,1,1,0.450
35.3300,484,BR,4,1.92509,-0.06312,0.30612,132,132,132,0.28500,2.00022,-0.05603,1,1,0.450
35.3400,485,FL,25,2.51001,0.23087,0.30004,134,134,128,0.27894,2.62747,0.25050,1,1,0.450
35.3400,485,BL,18,2.05905,0.20740,0.29989,134,134,134,0.27879,2.13085,0.21096,1,1,0.450
35.3400,485,FR,10,2.38154,-0.05532,0.30188,134,134,134,0.28077,2.51616,-0.07395,1,1,0.450
35.3400,485,BR,3,1.92494,-0.06273,0.30657,132,132,132,0.28545,1.99971,-0.05494,1,1,0.450
35.3500,485,FL,25,2.50962,0.23085,0.29998,134,134,128,0.27888,2.63316,0.25132,1,1,0.450
35.3500,485,BL,18,2.05847,0.20699,0.29992,134,134,134,0.27882,2.13418,0.21121,1,1,0.450
35.3500,485,FR,10,2.38111,-0.05565,0.30209,134,134,134,0.28098,2.51567,-0.07422,1,1,0.450
35.3500,485,BR,3,1.92478,-0.06248,0.30690,132,132,132,0.28578,1.99893,-0.05466,1,1,0.450
35.3600,485,FL,25,2.50852,0.23135,0.30002,134,134,128,0.27892,2.63200,0.25169,1,1,0.450
35.3600,485,BL,18,2.05738,0.20772,0.29992,134,134,134,0.27882,2.13321,0.21214,1,1,0.450
35.3600,485,FR,10,2.38012,-0.05549,0.30232,134,134,134,0.28121,2.51410,-0.07360,1,1,0.450
35.3600,485,BR,3,1.92437,-0.06255,0.30723,132,132,132,0.28611,1.99777,-0.05416,1,1,0.450
35.3700,486,FL,24,2.50822,0.23210,0.30003,134,134,128,0.27893,2.62643,0.25310,1,1,0.450
35.3720,486,BL,17,2.05710,0.20850,0.29994,134,134,134,0.27884,2.13277,0.21327,1,1,0.450
35.3720,486,FR,9,2.37992,-0.05524,0.30234,134,134,134,0.28123,2.51354,-0.07284,1,1,0.450
35.3720,486,BR,2,1.92469,-0.06244,0.30716,132,132,132,0.28604,1.99709,-0.05372,1,1,0.450
35.3800,486,FL,24,2.50712,0.23199,0.29996,134,134,128,0.27885,2.63127,0.25390,1,1,0.450
35.3800,486,BL,17,2.05584,0.20766,0.29995,134,134,134,0.27885,2.13013,0.21417,1,1,0.450
35.3800,486,FR,9,2.37925,-0.05592,0.30250,134,134,134,0.28139,2.51221,-0.07340,1,1,0.450
35.3800,486,BR,2,1.92452,-0.06260,0.30723,132,132,132,0.28611,1.99647,-0.05407,1,1,0.450
35.3920,487,FL,23,2.50645,0.23289,0.30000,134,134,128,0.27890,2.62509,0.25560,1,1,0.450
35.3920,487,BL,16,2.05531,0.20846,0.29994,134,134,134,0.27884,2.12927,0.21534,1,1,0.450
35.3920,487,FR,8,2.37912,-0.05570,0.30263,134,134,134,0.28152,2.51142,-0.07249,1,1,0.450
35.3920,487,BR,1,1.92506,-0.06265,0.30707,132,132,132,0.28595,1.99588,-0.05417,1,1,0.450
35.4160,487,FL,23,2.50518,0.23323,0.29997,134,134,128,0.27887,2.62409,0.26122,1,1,0.450
35.4160,487,BL,16,2.05406,0.20760,0.29998,134,134,134,0.27888,2.12708,0.21593,1,1,0.450
35.4160,487,FR,8,2.37881,-0.05639,0.30267,134,134,134,0.28156,2.51000,-0.07278,1,1,0.450
35.4160,487,BR,1,1.92523,-0.06281,0.30695,132,132,132,0.28583,1.99558,-0.05487,1,1,0.450
35.4280,488,FL,22,2.50228,0.23469,0.29989,134,134,128,0.27879,2.61700,0.26241,1,1,0.450
35.4280,488,BL,15,2.05167,0.20814,0.29997,134,134,134,0.27887,2.12337,0.21768,1,1,0.450
35.4300,488,FR,7,2.37857,-0.05625,0.30247,134,134,134,0.28136,2.50717,-0.07134,1,1,0.450
35.4300,488,BR,30,2.19670,-0.05226,0.29988,134,134,134,0.27878,2.27457,-0.05219,1,1,0.450
35.4400,488,FL,22,2.50066,0.23513,0.29988,134,134,128,0.27877,2.61846,0.26638,1,1,0.450
35.4400,488,BL,15,2.05026,0.20731,0.30012,134,134,134,0.27902,2.12069,0.21805,1,1,0.450
35.4400,488,FR,7,2.37811,-0.05645,0.30282,134,134,134,0.28171,2.50569,-0.07134,1,1,0.450
35.4400,488,BR,30,2.19509,-0.05115,0.29987,134,134,134,0.27877,2.27120,-0.04530,1,1,0.450
35.4500,488,FL,22,2.49880,0.23546,0.29986,134,134,128,0.27876,2.61672,0.26635,1,1,0.450
35.4520,488,BL,15,2.04860,0.20777,0.30014,134,134,134,0.27904,2.11852,0.21858,1,1,0.450
35.4520,488,FR,7,2.37703,-0.05622,0.30304,134,134,134,0.28193,2.50362,-0.07072,1,1,0.450
35.4520,488,BR,30,2.19326,-0.05069,0.29990,134,134,134,0.27879,2.26987,-0.04490,1,1,0.450
35.4600,489,FL,21,2.49796,0.23595,0.29986,134,134,128,0.27876,2.61162,0.26669,1,1,0.450
35.4600,489,BL,14,2.04806,0.20811,0.30019,134,134,134,0.27908,2.11727,0.21931,1,1,0.450
35.4600,489,FR,6,2.37711,-0.05626,0.30283,134,134,134,0.28172,2.50280,-0.07046,1,1,0.450
35.4600,489,BR,29,2.19239,-0.05017,0.29989,134,134,134,0.27879,2.26487,-0.04466,1,1,0.450
35.4700,489,FL,21,2.49698,0.23566,0.29981,134,134,128,0.27871,2.61489,0.26885,1,1,0.450
35.4720,489,BL,14,2.04710,0.20705,0.30023,134,134,134,0.27913,2.11547,0.21923,1,1,0.450
35.4720,489,FR,6,2.37658,-0.05681,0.30278,134,134,134,0.28167,2.50150,-0.07113,1,1,0.450
35.4720,489,BR,29,2.19102,-0.04930,0.29989,134,134,134,0.27878,2.26479,-0.04047,1,1,0.450
35.4800,489,FL,21,2.49592,0.23577,0.29984,134,134,128,0.27874,2.61392,0.26864,1,1,0.450
35.4800,489,BL,14,2.04613,0.20749,0.30028,134,134,134,0.27918,2.11431,0.21955,1,1,0.450
35.4800,489,FR,6,2.37590,-0.05658,0.30307,134,134,134,0.28196,2.50015,-0.07075,1,1,0.450
35.4800,489,BR,29,2.18997,-0.04906,0.29990,134,134,134,0.27880,2.26420,-0.04021,1,1,0.450
35.4900,490,FL,20,2.49495,0.23596,0.29986,134,134,128,0.27876,2.60897,0.26834,1,1,0.450
35.4920,490,BL,13,2.04523,0.20773,0.30044,134,134,134,0.27933,2.11315,0.21987,1,1,0.450
35.4920,490,FR,5,2.37532,-0.05646,0.30342,134,134,134,0.28230,2.49889,-0.07050,1,1,0.450
35.4920,490,BR,28,2.18897,-0.04884,0.29990,134,134,134,0.27880,2.25923,-0.04052,1,1,0.450
35.5020,490,FL,20,2.49419,0.23555,0.29984,134,134,128,0.27874,2.61294,0.26975,1,1,0.450
35.5020,490,BL,13,2.04434,0.20677,0.30064,134,134,134,0.27954,2.11172,0.21951,1,1,0.450
35.5020,490,FR,5,2.37467,-0.05662,0.30386,134,134,134,0.28275,2.49755,-0.07088,1,1,0.450
35.5020,490,BR,28,2.18785,-0.04810,0.29990,134,134,134,0.27880,2.26081,-0.03777,1,1,0.450
35.5100,490,FL,20,2.49220,0.23567,0.29994,134,134,128,0.27883,2.61119,0.26937,1,1,0.450
35.5100,490,BL,13,2.04219,0.20748,0.30084,134,134,134,0.27974,2.10985,0.21954,1,1,0.450
35.5100,490,FR,5,2.37270,-0.05585,0.30472,134,134,134,0.28361,2.49479,-0.06986,1,1,0.450
35.5100,490,BR,28,2.18601,-0.04808,0.29991,134,134,134,0.27880,2.25945,-0.03778,1,1,0.450
35.5240,491,FL,19,2.49254,0.23588,0.29999,134,134,128,0.27889,2.60763,0.26882,1,1,0.450
35.5240,491,BL,12,2.04261,0.20786,0.30113,134,134,134,0.28002,2.10995,0.21977,1,1,0.450
35.5240,491,FR,4,2.37335,-0.05547,0.30557,133,133,133,0.28445,2.49492,-0.06933,1,1,0.450
35.5240,491,BR,27,2.18633,-0.04790,0.29991,134,134,134,0.27881,2.25589,-0.03835,1,1,0.450
35.5340,491,FL,19,2.49133,0.23555,0.30002,134,134,128,0.27892,2.61145,0.26970,1,1,0.450
35.5340,491,BL,12,2.04090,0.20743,0.30154,134,134,134,0.28044,2.10838,0.21920,1,1,0.450
35.5340,491,FR,4,2.37177,-0.05483,0.30663,132,132,132,0.28551,2.49239,-0.06869,1,1,0.450
35.5360,491,BR,27,2.18481,-0.04724,0.29992,134,134,134,0.27881,2.25772,-0.03651,1,1,0.450
35.5460,492,FL,18,2.49124,0.23573,0.30014,134,134,128,0.27904,2.60757,0.26865,1,1,0.450
35.5460,492,BL,11,2.04082,0.20816,0.30180,134,134,134,0.28069,2.10827,0.21930,1,1,0.450
35.5460,492,FR,3,2.37192,-0.05410,0.30772,132,132,132,0.28660,2.49201,-0.06763,1,1,0.450
35.5460,492,BR,26,2.18487,-0.04724,0.29992,134,134,134,0.27882,2.25437,-0.03737,1,1,0.450
35.5540,492,FL,18,2.48978,0.23552,0.30016,134,134,128,0.27906,2.61126,0.26937,1,1,0.450
35.5540,492,BL,11,2.03873,0.20787,0.30225,134,134,134,0.28114,2.10655,0.21876,1,1,0.450
35.5540,492,FR,3,2.36998,-0.05340,0.30853,131,131,131,0.28740,2.48901,-0.06655,1,1,0.450
35.5560,492,BR,26,2.18321,-0.04661,0.29993,134,134,134,0.27883,2.25638,-0.03612,1,1,0.450
35.5660,492,FL,18,2.49070,0.23547,0.30022,134,134,128,0.27911,2.61205,0.26909,1,1,0.450
35.5660,492,BL,11,2.04002,0.20795,0.30225,134,134,134,0.28114,2.10732,0.21879,1,1,0.450
35.5660,492,FR,3,2.37137,-0.05321,0.30887,131,131,131,0.28774,2.49090,-0.06675,1,1,0.450
35.5660,492,BR,26,2.18420,-0.04675,0.29992,134,134,134,0.27882,2.25792,-0.03646,1,1,0.450
35.5760,493,FL,17,2.49013,0.23543,0.30026,134,134,128,0.27916,2.61163,0.26874,1,1,0.450
35.5760,493,BL,10,2.03915,0.20824,0.30239,134,134,134,0.28128,2.10695,0.21841,1,1,0.450
35.5760,493,FR,2,2.37049,-0.05253,0.30924,131,131,131,0.28811,2.48985,-0.06592,1,1,0.450
35.5760,493,BR,25,2.18367,-0.04697,0.29992,134,134,134,0.27882,2.25335,-0.03749,1,1,0.450
35.5840,493,FL,17,2.48965,0.23512,0.30025,134,134,128,0.27914,2.61223,0.26857,1,1,0.450
35.5840,493,BL,10,2.03819,0.20769,0.30265,134,134,134,0.28154,2.10619,0.21774,1,1,0.450
35.5860,493,FR,2,2.36959,-0.05205,0.30935,131,131,131,0.28822,2.48872,-0.06535,1,1,0.450
35.5860,493,BR,25,2.18308,-0.04650,0.29992,134,134,134,0.27882,2.25659,-0.03661,1,1,0.450
35.5960,493,FL,17,2.49130,0.23478,0.30031,134,134,128,0.27920,2.61359,0.26809,1,1,0.450
35.5960,493,BL,10,2.04013,0.20733,0.30272,134,134,134,0.28161,2.10791,0.21723,1,1,0.450
35.5960,493,FR,2,2.37114,-0.05197,0.30940,131,131,131,0.28827,2.49164,-0.06606,1,1,0.450
35.5960,493,BR,25,2.18482,-0.04704,0.29990,134,134,134,0.27880,2.25881,-0.03729,1,1,0.450
35.6040,494,FL,16,2.49134,0.23446,0.30035,134,134,128,0.27924,2.61778,0.26826,1,1,0.450
35.6040,494,BL,9,2.03980,0.20721,0.30273,134,134,134,0.28162,2.10831,0.21634,1,1,0.450
35.6040,494,FR,1,2.37040,-0.05143,0.30941,131,131,131,0.28828,2.49175,-0.06579,1,1,0.450
35.6060,494,BR,24,2.18497,-0.04763,0.29990,134,134,134,0.27880,2.25482,-0.03865,1,1,0.450
35.6160,494,FL,16,2.49196,0.23399,0.30033,134,134,128,0.27922,2.61942,0.26789,1,1,0.450
35.6160,494,BL,9,2.03996,0.20638,0.30280,134,134,134,0.28169,2.10876,0.21534,1,1,0.450
35.6160,494,FR,1,2.37039,-0.05122,0.30929,131,131,131,0.28816,2.49217,-0.06564,1,1,0.450
35.6160,494,BR,24,2.18557,-0.04742,0.29989,134,134,134,0.27879,2.25928,-0.03816,1,1,0.450
35.6260,494,FL,16,2.49308,0.23342,0.30047,134,134,128,0.27937,2.62046,0.26693,1,1,0.450
35.6280,494,BL,9,2.04094,0.20588,0.30295,134,134,134,0.28183,2.11044,0.21395,1,1,0.450
35.6280,494,FR,1,2.37024,-0.05075,0.30955,131,131,131,0.28842,2.49345,-0.06620,1,1,0.450
35.6280,494,BR,24,2.18703,-0.04854,0.29987,134,134,134,0.27876,2.26117,-0.03938,1,1,0.450
35.6400,495,FL,15,2.49530,0.23255,0.30058,134,134,128,0.27947,2.62253,0.26610,1,1,0.450
35.6400,495,BL,8,2.04311,0.20467,0.30309,134,134,134,0.28198,2.11301,0.21212,1,1,0.450
35.6400,495,FR,30,2.63968,-0.04003,0.30002,134,108,97,0.27892,2.74369,-0.04651,1,1,0.450
35.6400,495,BR,23,2.18951,-0.04983,0.29986,134,134,134,0.27875,2.25949,-0.04138,1,1,0.450
35.6620,496,FL,14,2.49717,0.23164,0.30056,134,134,128,0.27946,2.62525,0.26512,1,1,0.450
35.6620,496,BL,7,2.04409,0.20335,0.30303,134,134,134,0.28192,2.11534,0.20988,1,1,0.450
35.6640,496,FR,29,2.64207,-0.04066,0.30002,134,108,97,0.27891,2.75253,-0.04816,1,1,0.450
35.6640,496,BR,22,2.19185,-0.05076,0.29988,134,134,134,0.27878,2.26354,-0.04302,1,1,0.450
35.6740,496,FL,14,2.49826,0.23129,0.30063,134,134,128,0.27952,2.62902,0.26327,1,1,0.450
35.6740,496,BL,7,2.04297,0.20366,0.30313,134,134,134,0.28202,2.11722,0.20804,1,1,0.450
35.6740,496,FR,29,2.64510,-0.04188,0.30003,134,108,97,0.27893,2.76381,-0.04906,1,1,0.450
35.6740,496,BR,22,2.19456,-0.05224,0.29984,134,134,134,0.27874,2.27192,-0.04465,1,1,0.450
35.6840,496,FL,14,2.49769,0.23136,0.30067,134,134,128,0.27956,2.62914,0.26262,1,1,0.450
35.6840,496,BL,7,2.04210,0.20390,0.30306,134,134,134,0.28195,2.11690,0.20749,1,1,0.450
35.6840,496,FR,29,2.64540,-0.04241,0.30005,134,108,97,0.27895,2.76399,-0.04933,1,1,0.450
35.6840,496,BR,22,2.19469,-0.05294,0.29978,134,134,134,0.27868,2.27273,-0.04589,1,1,0.450
35.6920,497,FL,13,2.49739,0.23131,0.30070,134,134,128,0.27959,2.62946,0.26189,1,1,0.450
35.6920,497,BL,6,2.04132,0.20407,0.30307,134,134,134,0.28196,2.11672,0.20680,1,1,0.450
35.6920,497,FR,28,2.64570,-0.04293,0.30006,134,108,97,0.27896,2.75952,-0.05064,1,1,0.450
35.6920,497,BR,21,2.19495,-0.05369,0.29977,134,134,134,0.27867,2.26834,-0.04780,1,1,0.450
35.7020,497,FL,13,2.49872,0.23149,0.30041,134,134,128,0.27931,2.63190,0.26191,1,1,0.450
35.7040,497,BL,6,2.04209,0.20386,0.30225,134,134,134,0.28114,2.11787,0.20650,1,1,0.450
35.7040,497,FR,28,2.64777,-0.04298,0.30003,134,108,97,0.27893,2.76880,-0.05081,1,1,0.450
35.7040,497,BR,21,2.19679,-0.05350,0.29972,134,134,134,0.27862,2.27482,-0.04769,1,1,0.450
35.7140,497,FL,13,2.49888,0.23119,0.30059,134,134,128,0.27949,2.63220,0.26123,1,1,0.450
35.7140,497,BL,6,2.04230,0.20373,0.30255,134,134,134,0.28144,2.11819,0.20575,1,1,0.450
35.7140,497,FR,28,2.64836,-0.04351,0.30006,134,108,97,0.27896,2.76930,-0.05116,1,1,0.450
35.7140,497,BR,21,2.19731,-0.05433,0.29970,134,134,134,0.27860,2.27578,-0.04867,1,1,0.450
35.7240,498,FL,12,2.49804,0.23092,0.30081,134,134,128,0.27970,2.63122,0.26068,1,1,0.450
35.7240,498,BL,5,2.04149,0.20366,0.30328,134,134,134,0.28216,2.11751,0.20495,1,1,0.450
35.7240,498,FR,27,2.64750,-0.04397,0.30007,134,108,97,0.27896,2.76349,-0.05249,1,1,0.450
35.7240,498,BR,20,2.19646,-0.05490,0.29975,134,134,134,0.27865,2.26994,-0.05034,1,1,0.450
35.7360,498,FL,12,2.49860,0.23094,0.30081,134,134,128,0.27971,2.63242,0.26073,1,1,0.450
35.7360,498,BL,5,2.04181,0.20327,0.30353,134,134,134,0.28242,2.11792,0.20449,1,1,0.450
35.7360,498,FR,27,2.64843,-0.04409,0.30003,134,108,97,0.27893,2.77108,-0.05284,1,1,0.450
35.7360,498,BR,20,2.19718,-0.05465,0.29975,134,134,134,0.27865,2.27490,-0.05021,1,1,0.450
35.7500,498,FL,12,2.49902,0.23027,0.30110,134,134,128,0.28000,2.63280,0.25979,1,1,0.450
35.7500,498,BL,5,2.04240,0.20267,0.30424,134,134,134,0.28313,2.11838,0.20323,1,1,0.450
35.7500,498,FR,27,2.64920,-0.04484,0.30006,134,108,97,0.27896,2.77177,-0.05344,1,1,0.450
35.7520,498,BR,20,2.19790,-0.05579,0.29976,134,134,134,0.27866,2.27596,-0.05140,1,1,0.450
35.7600,499,FL,11,2.49853,0.22959,0.30140,134,134,128,0.28029,2.63186,0.25899,1,1,0.450
35.7620,499,BL,4,2.04206,0.20202,0.30522,133,133,133,0.28411,2.11809,0.20166,1,1,0.450
35.7620,499,FR,26,2.64858,-0.04551,0.30006,134,108,97,0.27896,2.76609,-0.05496,1,1,0.450
35.7620,499,BR,19,2.19733,-0.05675,0.29983,134,134,134,0.27873,2.27021,-0.05339,1,1,0.450
35.7720,499,FL,11,2.49871,0.22951,0.30155,134,134,128,0.28044,2.63229,0.25910,1,1,0.450
35.7720,499,BL,4,2.04228,0.20125,0.30575,132,132,132,0.28463,2.11804,0.20077,1,1,0.450
35.7720,499,FR,26,2.64903,-0.04558,0.30001,134,108,97,0.27891,2.77288,-0.05528,1,1,0.450
35.7720,499,BR,19,2.19757,-0.05661,0.29986,134,134,134,0.27876,2.27451,-0.05334,1,1,0.450
35.7820,500,FL,10,2.49777,0.22899,0.30185,134,134,128,0.28074,2.63090,0.25823,1,1,0.450
35.7820,500,BL,3,2.04177,0.20091,0.30643,132,132,132,0.28531,2.11712,0.19954,1,1,0.450
35.7820,500,FR,25,2.64817,-0.04621,0.30005,134,108,97,0.27894,2.76679,-0.05676,1,1,0.450
35.7840,500,BR,18,2.19671,-0.05766,0.29987,134,134,134,0.27877,2.26870,-0.05546,1,1,0.450
35.7960,500,FL,10,2.49778,0.22915,0.30188,134,134,128,0.28077,2.63097,0.25840,1,1,0.450
35.7960,500,BL,3,2.04198,0.20046,0.30646,132,132,132,0.28534,2.11688,0.19898,1,1,0.450
35.7960,500,FR,25,2.64836,-0.04630,0.29998,134,108,97,0.27888,2.77313,-0.05721,1,1,0.450
35.7960,500,BR,18,2.19666,-0.05741,0.29988,134,134,134,0.27877,2.27261,-0.05559,1,1,0.450
35.8100,500,FL,10,2.49654,0.22874,0.30226,134,134,128,0.28115,2.62912,0.25735,1,1,0.450
35.8100,500,BL,3,2.04147,0.20030,0.30711,132,132,132,0.28598,2.11533,0.19795,1,1,0.450
35.8120,500,FR,25,2.64712,-0.04711,0.30003,134,108,97,0.27892,2.77182,-0.05784,1,1,0.450
35.8120,500,BR,18,2.19545,-0.05859,0.29990,134,134,134,0.27880,2.27155,-0.05694,1,1,0.450
35.8280,501,FL,9,2.49614,0.22839,0.30238,134,134,128,0.28127,2.62817,0.25628,1,1,0.450
35.8280,501,BL,2,2.04178,0.20019,0.30724,132,132,132,0.28612,2.11437,0.19723,1,1,0.450
35.8280,501,FR,24,2.64657,-0.04813,0.30003,134,108,97,0.27893,2.76608,-0.05990,1,1,0.450
35.8280,501,BR,17,2.19494,-0.05967,0.29995,134,134,134,0.27885,2.27085,-0.05849,1,1,0.450
35.8380,501,FL,9,2.49503,0.22898,0.30260,134,134,128,0.28149,2.62584,0.25619,1,1,0.450
35.8380,501,BL,2,2.04173,0.20045,0.30724,132,132,132,0.28612,2.11312,0.19757,1,1,0.450
35.8380,501,FR,24,2.64469,-0.04867,0.29997,134,108,97,0.27887,2.77017,-0.06095,1,1,0.450
35.8380,501,BR,17,2.19290,-0.05936,0.29998,134,134,134,0.27888,2.26737,-0.06036,1,1,0.450
35.8480,502,FL,8,2.49501,0.22874,0.30260,134,134,128,0.28149,2.62509,0.25526,1,1,0.450
35.8480,502,BL,1,2.04223,0.20052,0.30702,132,132,132,0.28590,2.11272,0.19759,1,1,0.450
35.8480,502,FR,23,2.64395,-0.04965,0.30001,134,108,97,0.27891,2.76399,-0.06319,1,1,0.450
35.8480,502,BR,16,2.19236,-0.06013,0.29997,134,134,134,0.27887,2.26638,-0.06163,1,1,0.450
35.8680,502,FL,8,2.49456,0.22955,0.30262,134,134,128,0.28151,2.62346,0.25575,1,1,0.450
35.8680,502,BL,1,2.04215,0.20073,0.30702,132,132,132,0.28590,2.11293,0.19837,1,1,0.450
35.8680,502,FR,23,2.64250,-0.04980,0.29997,134,108,97,0.27887,2.76345,-0.06858,1,1,0.450
35.8680,502,BR,16,2.19088,-0.05913,0.30000,134,134,134,0.27890,2.26396,-0.06207,1,1,0.450
35.8780,503,FL,7,2.49453,0.22951,0.30223,134,134,128,0.28112,2.62133,0.25448,1,1,0.450
35.8800,503,BL,30,2.31319,0.21116,0.29989,134,134,134,0.27878,2.39157,0.21711,1,1,0.450
35.8800,503,FR,22,2.64015,-0.05112,0.29988,134,108,97,0.27878,2.75687,-0.06991,1,1,0.450
35.8800,503,BR,15,2.18896,-0.05963,0.29998,134,134,134,0.27888,2.26087,-0.06372,1,1,0.450
35.8880,503,FL,7,2.49428,0.22956,0.30276,134,134,128,0.28165,2.62038,0.25432,1,1,0.450
35.8880,503,BL,30,2.31229,0.20996,0.29988,134,134,134,0.27878,2.38946,0.20990,1,1,0.450
35.8880,503,FR,22,2.63915,-0.05167,0.29988,134,108,97,0.27878,2.75930,-0.07376,1,1,0.450
35.8880,503,BR,15,2.18796,-0.05892,0.30011,134,134,134,0.27900,2.25894,-0.06418,1,1,0.450
35.9000,503,FL,7,2.49332,0.22926,0.30305,134,134,128,0.28194,2.61863,0.25363,1,1,0.450
35.9000,503,BL,30,2.31076,0.20948,0.29991,134,134,134,0.27880,2.38850,0.20958,1,1,0.450
35.9000,503,FR,22,2.63755,-0.05204,0.29987,134,108,97,0.27877,2.75785,-0.07373,1,1,0.450
35.9000,503,BR,15,2.18651,-0.05939,0.30013,134,134,134,0.27903,2.25713,-0.06472,1,1,0.450
35.9140,504,FL,6,2.49229,0.22916,0.30302,134,134,128,0.28191,2.61663,0.25308,1,1,0.450
35.9140,504,BL,29,2.30897,0.20894,0.29990,134,134,134,0.27880,2.38249,0.20896,1,1,0.450
35.9140,504,FR,21,2.63572,-0.05265,0.29988,134,108,97,0.27878,2.75173,-0.07449,1,1,0.450
35.9140,504,BR,14,2.18489,-0.05982,0.30021,134,134,134,0.27910,2.25499,-0.06547,1,1,0.450
35.9260,504,FL,6,2.49242,0.22973,0.30292,134,134,128,0.28181,2.61567,0.25360,1,1,0.450
35.9260,504,BL,29,2.30798,0.20768,0.29990,134,134,134,0.27880,2.38304,0.20446,1,1,0.450
35.9260,504,FR,21,2.63502,-0.05267,0.29983,134,108,97,0.27873,2.75541,-0.07671,1,1,0.450
35.9260,504,BR,14,2.18428,-0.05895,0.30029,134,134,134,0.27919,2.25328,-0.06589,1,1,0.450
35.9400,505,FL,5,2.49167,0.22944,0.30317,134,134,128,0.28206,2.61412,0.25308,1,1,0.450
35.9400,505,BL,28,2.30678,0.20736,0.29992,134,134,134,0.27882,2.37824,0.20432,1,1,0.450
35.9400,505,FR,20,2.63379,-0.05288,0.29986,134,108,97,0.27876,2.75017,-0.07643,1,1,0.450
35.9400,505,BR,13,2.18318,-0.05947,0.30035,134,134,134,0.27924,2.25197,-0.06633,1,1,0.450
35.9500,505,FL,5,2.49021,0.22947,0.30374,134,134,128,0.28262,2.61169,0.25321,1,1,0.450
35.9500,505,BL,28,2.30491,0.20645,0.29992,134,134,134,0.27882,2.37918,0.20160,1,1,0.450
35.9500,505,FR,20,2.63216,-0.05265,0.29985,134,108,97,0.27875,2.75343,-0.07767,1,1,0.450
35.9500,505,BR,13,2.18132,-0.05868,0.30061,134,134,134,0.27950,2.24966,-0.06619,1,1,0.450
35.9600,505,FL,5,2.49000,0.22884,0.30466,134,134,128,0.28354,2.61084,0.25235,1,1,0.450
35.9600,505,BL,28,2.30452,0.20631,0.29993,134,134,134,0.27883,2.37929,0.20153,1,1,0.450
35.9620,505,FR,20,2.63167,-0.05282,0.29994,134,108,97,0.27884,2.75306,-0.07739,1,1,0.450
35.9620,505,BR,13,2.18090,-0.05938,0.30082,134,134,134,0.27971,2.24913,-0.06640,1,1,0.450
35.9740,506,FL,4,2.48899,0.22823,0.30530,133,133,127,0.28418,2.60915,0.25151,1,1,0.450
35.9740,506,BL,27,2.30334,0.20615,0.29994,134,134,134,0.27883,2.37408,0.20181,1,1,0.450
35.9740,506,FR,19,2.63049,-0.05307,0.29999,134,108,97,0.27889,2.74791,-0.07711,1,1,0.450
35.9740,506,BR,12,2.17964,-0.05986,0.30105,134,134,134,0.27994,2.24789,-0.06654,1,1,0.450
35.9900,506,FL,4,2.48806,0.22756,0.30652,132,132,127,0.28540,2.60729,0.25081,1,1,0.450
35.9900,506,BL,27,2.30225,0.20541,0.29991,134,134,134,0.27881,2.37579,0.20032,1,1,0.450
35.9900,506,FR,19,2.62967,-0.05280,0.30002,134,119,108,0.27892,2.75207,-0.07765,1,1,0.450
35.9900,506,BR,12,2.17846,-0.05950,0.30150,134,134,134,0.28039,2.24656,-0.06612,1,1,0.450
36.0020,507,FL,3,2.48751,0.22648,0.30778,132,132,127,0.28666,2.60594,0.24918,1,1,0.450
36.0020,507,BL,26,2.30168,0.20540,0.29995,134,134,134,0.27885,2.37233,0.20076,1,1,0.450
36.0020,507,FR,18,2.62889,-0.05305,0.30016,134,119,108,0.27906,2.74755,-0.07682,1,1,0.450
36.0020,507,BR,11,2.17760,-0.06050,0.30185,134,134,134,0.28075,2.24580,-0.06617,1,1,0.450
36.0120,507,FL,3,2.48775,0.22615,0.30845,131,131,126,0.28732,2.60582,0.24898,1,1,0.450
36.0120,507,BL,26,2.30174,0.20484,0.29992,134,134,134,0.27882,2.37553,0.20003,1,1,0.450
36.0120,507,FR,18,2.62924,-0.05265,0.30015,134,119,108,0.27905,2.75281,-0.07718,1,1,0.450
36.0120,507,BR,11,2.17766,-0.05978,0.30222,134,134,134,0.28111,2.24568,-0.06562,1,1,0.450
36.0220,507,FL,3,2.48607,0.22513,0.30892,131,131,126,0.28779,2.60374,0.24757,1,1,0.450
36.0220,507,BL,26,2.30059,0.20492,0.29995,134,134,134,0.27885,2.37546,0.20019,1,1,0.450
36.0220,507,FR,18,2.62780,-0.05289,0.30026,134,119,108,0.27916,2.75169,-0.07676,1,1,0.450
36.0220,507,BR,11,2.17592,-0.06065,0.30231,134,134,134,0.28120,2.24453,-0.06555,1,1,0.450
36.0340,508,FL,2,2.48771,0.22522,0.30916,131,131,126,0.28803,2.60602,0.24804,1,1,0.450
36.0340,508,BL,25,2.30191,0.20527,0.29996,134,134,134,0.27885,2.37272,0.20114,1,1,0.450
36.0340,508,FR,17,2.62914,-0.05261,0.30027,134,119,108,0.27917,2.75287,-0.07647,1,1,0.450
36.0340,508,BR,10,2.17752,-0.06024,0.30242,134,134,134,0.28131,2.24563,-0.06522,1,1,0.450
36.0460,508,FL,2,2.48672,0.22435,0.30929,131,131,126,0.28816,2.60530,0.24743,1,1,0.450
36.0460,508,BL,25,2.30167,0.20505,0.29996,134,134,134,0.27886,2.37625,0.20072,1,1,0.450
36.0460,508,FR,17,2.62897,-0.05208,0.30028,134,119,108,0.27918,2.75371,-0.07594,1,1,0.450
36.0460,508,BR,10,2.17666,-0.05965,0.30264,134,134,134,0.28153,2.24542,-0.06407,1,1,0.450
36.0560,509,FL,1,2.48686,0.22399,0.30937,131,131,126,0.28824,2.60666,0.24761,1,1,0.450
36.0560,509,BL,24,2.30244,0.20582,0.29994,134,134,134,0.27884,2.37334,0.20216,1,1,0.450
36.0560,509,FR,16,2.62952,-0.05174,0.30035,134,119,108,0.27925,2.75832,-0.07563,1,1,0.450
36.0560,509,BR,9,2.17723,-0.05949,0.30269,134,134,134,0.28158,2.24620,-0.06328,1,1,0.450
36.0660,509,FL,1,2.48679,0.22368,0.30926,131,131,126,0.28813,2.60705,0.24746,1,1,0.450
36.0660,509,BL,24,2.30326,0.20582,0.29994,134,134,134,0.27883,2.37801,0.20221,1,1,0.450
36.0660,509,FR,16,2.63030,-0.05112,0.30035,134,108,97,0.27925,2.76008,-0.07499,1,1,0.450
36.0680,509,BR,9,2.17737,-0.05859,0.30277,134,134,134,0.28165,2.24688,-0.06198,1,1,0.450
36.0760,509,FL,1,2.48762,0.22355,0.30941,131,131,126,0.28828,2.60954,0.24866,1,1,0.450
36.0760,509,BL,24,2.30525,0.20712,0.29991,134,134,134,0.27881,2.38043,0.20360,1,1,0.450
36.0760,509,FR,16,2.63205,-0.05030,0.30047,134,108,97,0.27937,2.76162,-0.07398,1,1,0.450
36.0760,509,BR,9,2.17914,-0.05770,0.30284,134,134,134,0.28172,2.24904,-0.06046,1,1,0.450
36.0880,510,FL,30,2.75517,0.23332,0.30001,134,86,75,0.27890,2.80847,0.24789,1,0,0.450
36.0880,510,BL,23,2.30581,0.20802,0.29988,134,134,134,0.27878,2.37671,0.20501,1,1,0.450
36.0880,510,FR,15,2.63234,-0.04986,0.30056,134,108,97,0.27946,2.76217,-0.07311,1,1,0.450
36.0900,510,BR,8,2.17894,-0.05756,0.30261,134,134,134,0.28150,2.24976,-0.05914,1,1,0.450
36.1180,511,FL,29,2.75805,0.23418,0.30000,134,86,75,0.27889,2.81811,0.25036,1,0,0.450
36.1180,511,BL,22,2.30865,0.20913,0.29990,134,134,134,0.27880,2.38126,0.20696,1,1,0.450
36.1180,511,FR,14,2.63489,-0.04862,0.30050,134,108,97,0.27940,2.76516,-0.07204,1,1,0.450
36.1180,511,BR,7,2.18104,-0.05566,0.30266,134,134,134,0.28155,2.25238,-0.05675,1,1,0.450
36.1280,511,FL,29,2.76197,0.23634,0.30000,134,86,75,0.27890,2.83075,0.25285,1,0,0.450
36.1280,511,BL,22,2.31219,0.21164,0.29986,134,134,134,0.27876,2.39068,0.21010,1,1,0.450
36.1280,511,FR,14,2.63660,-0.04774,0.30055,134,108,97,0.27945,2.76980,-0.06896,1,1,0.450
36.1280,511,BR,7,2.18014,-0.05597,0.30252,134,134,134,0.28141,2.25495,-0.05398,1,1,0.450
36.1380,511,FL,29,2.76292,0.23701,0.30002,134,86,75,0.27892,2.83159,0.25323,1,0,0.450
36.1380,511,BL,22,2.31291,0.21244,0.29981,134,134,134,0.27871,2.39209,0.21160,1,1,0.450
36.1380,511,FR,14,2.63659,-0.04784,0.30061,134,108,97,0.27951,2.77056,-0.06825,1,1,0.450
36.1380,511,BR,7,2.17982,-0.05617,0.30251,134,134,134,0.28140,2.25514,-0.05336,1,1,0.450
36.1480,512,FL,28,2.76292,0.23741,0.30002,134,86,75,0.27892,2.82662,0.25405,1,0,0.450
36.1480,512,BL,21,2.31285,0.21300,0.29980,134,134,134,0.27870,2.38716,0.21293,1,1,0.450
36.1480,512,FR,13,2.63619,-0.04783,0.30064,134,108,97,0.27954,2.77055,-0.06771,1,1,0.450
36.1480,512,BR,6,2.17910,-0.05637,0.30257,134,134,134,0.28145,2.25482,-0.05283,1,1,0.450
36.1560,512,FL,28,2.76360,0.23746,0.29998,134,86,75,0.27888,2.83480,0.25480,1,0,0.450
36.1560,512,BL,21,2.31338,0.21272,0.29977,134,134,134,0.27867,2.39235,0.21307,1,1,0.450
36.1560,512,FR,13,2.63640,-0.04805,0.30047,134,108,97,0.27937,2.77156,-0.06769,1,1,0.450
36.1560,512,BR,6,2.17893,-0.05635,0.30210,134,134,134,0.28099,2.25480,-0.05260,1,1,0.450
36.1680,512,FL,28,2.76401,0.23790,0.30001,134,86,75,0.27891,2.83511,0.25513,1,0,0.450
36.1680,512,BL,21,2.31368,0.21340,0.29975,134,134,134,0.27864,2.39297,0.21394,1,1,0.450
36.1680,512,FR,13,2.63647,-0.04781,0.30060,134,108,97,0.27950,2.77166,-0.06716,1,1,0.450
36.1680,512,BR,6,2.17912,-0.05622,0.30232,134,134,134,0.28121,2.25497,-0.05200,1,1,0.450
36.1780,513,FL,27,2.76504,0.23866,0.30001,134,86,75,0.27891,2.83098,0.25632,1,0,0.450
36.1780,513,BL,20,2.31468,0.21439,0.29979,134,134,134,0.27869,2.38880,0.21557,1,1,0.450
36.1780,513,FR,12,2.63725,-0.04722,0.30077,134,108,97,0.27966,2.77257,-0.06631,1,1,0.450
36.1780,513,BR,5,2.17976,-0.05571,0.30293,134,134,134,0.28182,2.25580,-0.05085,1,1,0.450
36.1880,513,FL,27,2.76531,0.23870,0.29995,134,86,75,0.27885,2.83806,0.25709,1,0,0.450
36.1900,513,BL,20,2.31479,0.21404,0.29981,134,134,134,0.27871,2.39325,0.21565,1,1,0.450
36.1900,513,FR,12,2.63730,-0.04727,0.30087,134,108,97,0.27977,2.77308,-0.06642,1,1,0.450
36.1900,513,BR,5,2.17965,-0.05539,0.30338,134,134,134,0.28227,2.25575,-0.05039,1,1,0.450
36.2000,513,FL,27,2.76475,0.23914,0.29999,134,86,75,0.27889,2.83741,0.25742,1,0,0.450
36.2020,513,BL,20,2.31417,0.21475,0.29982,134,134,134,0.27872,2.39283,0.21643,1,1,0.450
36.2020,513,FR,12,2.63664,-0.04690,0.30116,134,108,97,0.28006,2.77214,-0.06587,1,1,0.450
36.2020,513,BR,5,2.17924,-0.05508,0.30413,134,134,134,0.28302,2.25519,-0.04950,1,1,0.450
36.2100,514,FL,26,2.76467,0.23974,0.29999,134,86,75,0.27889,2.83203,0.25849,1,0,0.450
36.2120,514,BL,19,2.31410,0.21568,0.29987,134,134,134,0.27877,2.38733,0.21793,1,1,0.450
36.2120,514,FR,11,2.63652,-0.04624,0.30133,134,108,97,0.28022,2.77176,-0.06517,1,1,0.450
36.2120,514,BR,4,2.17921,-0.05436,0.30478,134,134,134,0.28367,2.25508,-0.04808,1,1,0.450
36.2220,514,FL,26,2.76465,0.23973,0.29991,134,86,75,0.27880,2.83844,0.25923,1,0,0.450
36.2220,514,BL,19,2.31391,0.21536,0.29989,134,134,134,0.27879,2.39121,0.21808,1,1,0.450
36.2220,514,FR,11,2.63637,-0.04633,0.30145,134,108,97,0.28034,2.77176,-0.06535,1,1,0.450
36.2220,514,BR,4,2.17908,-0.05391,0.30520,133,133,133,0.28408,2.25474,-0.04747,1,1,0.450
36.2300,514,FL,26,2.76428,0.24042,0.29995,134,86,75,0.27885,2.83801,0.25975,1,0,0.450
36.2300,514,BL,19,2.31349,0.21648,0.29991,134,134,134,0.27881,2.39098,0.21924,1,1,0.450
36.2320,514,FR,11,2.63580,-0.04576,0.30179,134,108,97,0.28068,2.77085,-0.06449,1,1,0.450
36.2320,514,BR,4,2.17893,-0.05341,0.30594,132,132,132,0.28482,2.25405,-0.04620,1,1,0.450
36.2420,515,FL,25,2.76445,0.24099,0.29995,134,86,75,0.27885,2.83277,0.26085,1,0,0.450
36.2420,515,BL,18,2.31363,0.21728,0.29994,134,134,134,0.27884,2.38565,0.22079,1,1,0.450
36.2420,515,FR,10,2.63580,-0.04532,0.30190,134,108,97,0.28079,2.77075,-0.06386,1,1,0.450
36.2420,515,BR,3,2.17911,-0.05294,0.30625,132,132,132,0.28512,2.25380,-0.04521,1,1,0.450
36.2520,515,FL,25,2.76349,0.24094,0.29985,134,86,75,0.27875,2.83797,0.26163,1,0,0.450
36.2520,515,BL,18,2.31251,0.21684,0.29998,134,134,134,0.27888,2.38842,0.22102,1,1,0.450
36.2520,515,FR,10,2.63496,-0.04570,0.30211,134,108,97,0.28100,2.76964,-0.06411,1,1,0.450
36.2520,515,BR,3,2.17862,-0.05282,0.30665,132,132,132,0.28553,2.25270,-0.04492,1,1,0.450
36.2680,516,FL,24,2.76279,0.24157,0.29990,134,86,75,0.27880,2.83168,0.26284,1,0,0.450
36.2680,516,BL,17,2.31178,0.21769,0.29997,134,134,134,0.27887,2.38782,0.22213,1,1,0.450
36.2680,516,FR,9,2.63422,-0.04549,0.30230,134,108,97,0.28119,2.76846,-0.06339,1,1,0.450
36.2700,516,BR,2,2.17852,-0.05279,0.30686,132,132,132,0.28573,2.25160,-0.04443,1,1,0.450
36.2860,516,FL,24,2.76219,0.24204,0.29979,134,86,75,0.27869,2.83736,0.26398,1,0,0.450
36.2860,516,BL,17,2.31094,0.21754,0.30000,134,134,134,0.27890,2.38541,0.22383,1,1,0.450
36.2860,516,FR,9,2.63377,-0.04583,0.30247,134,108,97,0.28136,2.76741,-0.06332,1,1,0.450
36.2860,516,BR,2,2.17893,-0.05267,0.30681,132,132,132,0.28569,2.25075,-0.04442,1,1,0.450
36.2960,517,FL,23,2.75975,0.24322,0.29986,134,86,75,0.27876,2.82881,0.26625,1,0,0.450
36.2960,517,BL,16,2.30885,0.21846,0.30003,134,134,134,0.27893,2.38261,0.22540,1,1,0.450
36.2960,517,FR,8,2.63276,-0.04574,0.30264,134,108,97,0.28153,2.76475,-0.06217,1,1,0.450
36.2960,517,BR,1,2.17892,-0.05300,0.30685,132,132,132,0.28572,2.24948,-0.04447,1,1,0.450
36.3260,518,FL,22,2.75912,0.24352,0.29978,134,86,75,0.27868,2.82300,0.27141,1,0,0.450
36.3260,518,BL,15,2.30825,0.21754,0.30006,134,134,134,0.27895,2.38089,0.22600,1,1,0.450
36.3260,518,FR,7,2.63295,-0.04640,0.30263,134,108,97,0.28152,2.76402,-0.06260,1,1,0.450
36.3280,518,BR,30,2.45295,-0.04362,0.29983,134,134,134,0.27872,2.52992,-0.04380,1,1,0.450
36.3400,518,FL,22,2.75526,0.24461,0.29960,134,86,75,0.27850,2.82228,0.27544,1,0,0.450
36.3400,518,BL,15,2.30477,0.21686,0.30010,134,134,134,0.27900,2.37541,0.22734,1,1,0.450
36.3400,518,FR,7,2.63198,-0.04670,0.30246,134,108,97,0.28135,2.76008,-0.06171,1,1,0.450
36.3400,518,BR,30,2.44900,-0.04159,0.29988,134,134,134,0.27877,2.52362,-0.03632,1,1,0.450
36.3500,518,FL,22,2.75376,0.24534,0.29960,134,86,75,0.27850,2.82073,0.27606,1,0,0.450
36.3500,518,BL,15,2.30375,0.21742,0.30017,134,134,134,0.27906,2.37329,0.22836,1,1,0.450
36.3500,518,FR,7,2.63190,-0.04648,0.30273,134,108,97,0.28162,2.75879,-0.06103,1,1,0.450
36.3500,518,BR,30,2.44763,-0.04083,0.29990,134,134,134,0.27880,2.52255,-0.03541,1,1,0.450
36.3600,519,FL,21,2.75257,0.24572,0.29960,134,86,75,0.27850,2.81526,0.27632,1,0,0.450
36.3600,519,BL,14,2.30278,0.21775,0.30023,134,134,134,0.27913,2.37177,0.22892,1,1,0.450
36.3600,519,FR,6,2.63145,-0.04640,0.30260,134,108,97,0.28149,2.75748,-0.06071,1,1,0.450
36.3600,519,BR,29,2.44640,-0.04044,0.29990,134,134,134,0.27880,2.51719,-0.03523,1,1,0.450
36.3700,519,FL,21,2.75148,0.24528,0.29950,134,86,75,0.27840,2.81824,0.27810,1,0,0.450
36.3700,519,BL,14,2.30170,0.21659,0.30028,134,134,134,0.27918,2.36988,0.22866,1,1,0.450
36.3700,519,FR,6,2.63062,-0.04698,0.30256,134,108,97,0.28145,2.75603,-0.06145,1,1,0.450
36.3700,519,BR,29,2.44478,-0.03977,0.29988,134,134,134,0.27878,2.51659,-0.03172,1,1,0.450
36.3800,519,FL,21,2.75056,0.24551,0.29955,134,86,75,0.27845,2.81746,0.27820,1,0,0.450
36.3800,519,BL,14,2.30094,0.21711,0.30032,134,134,134,0.27921,2.36880,0.22914,1,1,0.450
36.3800,519,FR,6,2.63029,-0.04677,0.30280,134,108,97,0.28169,2.75487,-0.06105,1,1,0.450
36.3800,519,BR,29,2.44390,-0.03936,0.29989,134,134,134,0.27879,2.51635,-0.03105,1,1,0.450
36.3900,520,FL,20,2.74875,0.24561,0.29957,134,86,75,0.27847,2.81163,0.27779,1,0,0.450
36.3900,520,BL,13,2.29911,0.21733,0.30046,134,134,134,0.27936,2.36689,0.22929,1,1,0.450
36.3900,520,FR,5,2.62870,-0.04655,0.30315,134,119,108,0.28204,2.75261,-0.06070,1,1,0.450
36.3900,520,BR,28,2.44207,-0.03929,0.29988,134,134,134,0.27878,2.51035,-0.03164,1,1,0.450
36.4020,520,FL,20,2.74894,0.24523,0.29951,134,86,75,0.27841,2.81636,0.27922,1,0,0.450
36.4020,520,BL,13,2.29931,0.21636,0.30071,134,134,134,0.27961,2.36626,0.22908,1,1,0.450
36.4020,520,FR,5,2.62915,-0.04684,0.30367,134,119,108,0.28255,2.75238,-0.06124,1,1,0.450
36.4020,520,BR,28,2.44170,-0.03849,0.29987,134,134,134,0.27877,2.51275,-0.02898,1,1,0.450
36.4120,521,FL,19,2.74737,0.24540,0.29962,134,86,75,0.27852,2.81107,0.27847,1,0,0.450
36.4120,521,BL,12,2.29761,0.21710,0.30090,134,134,134,0.27979,2.36489,0.22911,1,1,0.450
36.4120,521,FR,4,2.62764,-0.04607,0.30451,134,119,108,0.28340,2.75006,-0.06023,1,1,0.450
36.4120,521,BR,27,2.44033,-0.03843,0.29986,134,134,134,0.27876,2.50801,-0.02953,1,1,0.450
36.4220,521,FL,19,2.74687,0.24503,0.29957,134,86,75,0.27847,2.81532,0.27945,1,0,0.450
36.4220,521,BL,12,2.29693,0.21638,0.30128,134,134,134,0.28018,2.36375,0.22869,1,1,0.450
36.4240,521,FR,4,2.62714,-0.04590,0.30527,133,118,107,0.28415,2.74870,-0.06009,1,1,0.450
36.4240,521,BR,27,2.43933,-0.03777,0.29986,134,134,134,0.27876,2.51035,-0.02772,1,1,0.450
36.4340,521,FL,19,2.74657,0.24523,0.29972,134,86,75,0.27862,2.81528,0.27913,1,0,0.450
36.4340,521,BL,12,2.29652,0.21720,0.30151,134,134,134,0.28041,2.36362,0.22876,1,1,0.450
36.4340,521,FR,4,2.62681,-0.04510,0.30643,132,118,107,0.28531,2.74781,-0.05905,1,1,0.450
36.4340,521,BR,27,2.43923,-0.03773,0.29985,134,134,134,0.27874,2.51092,-0.02796,1,1,0.450
36.4420,522,FL,18,2.74497,0.24537,0.29978,134,86,75,0.27867,2.80990,0.27841,1,0,0.450
36.4420,522,BL,11,2.29469,0.21768,0.30177,134,134,134,0.28066,2.36204,0.22872,1,1,0.450
36.4420,522,FR,3,2.62517,-0.04433,0.30722,132,118,107,0.28609,2.74554,-0.05806,1,1,0.450
36.4440,522,BR,26,2.43766,-0.03772,0.29985,134,134,134,0.27875,2.50542,-0.02867,1,1,0.450
36.4540,522,FL,18,2.74600,0.24500,0.29971,134,86,75,0.27861,2.81556,0.27919,1,0,0.450
36.4540,522,BL,11,2.29568,0.21697,0.30218,134,134,134,0.28107,2.36240,0.22828,1,1,0.450
36.4540,522,FR,3,2.62631,-0.04418,0.30788,132,118,107,0.28675,2.74629,-0.05790,1,1,0.450
36.4540,522,BR,26,2.43819,-0.03712,0.29986,134,134,134,0.27875,2.50953,-0.02730,1,1,0.450
36.4640,522,FL,18,2.74504,0.24507,0.29985,134,86,75,0.27875,2.81490,0.27875,1,0,0.450
36.4640,522,BL,11,2.29442,0.21759,0.30226,134,134,134,0.28115,2.36184,0.22807,1,1,0.450
36.4640,522,FR,3,2.62507,-0.04334,0.30851,131,117,106,0.28738,2.74473,-0.05696,1,1,0.450
36.4640,522,BR,26,2.43750,-0.03730,0.29984,134,134,134,0.27874,2.50942,-0.02774,1,1,0.450
36.4740,523,FL,17,2.74573,0.24494,0.29987,134,86,75,0.27877,2.81554,0.27851,1,0,0.450
36.4740,523,BL,10,2.29523,0.21749,0.30240,134,134,134,0.28129,2.36239,0.22781,1,1,0.450
36.4740,523,FR,2,2.62587,-0.04305,0.30886,131,117,106,0.28773,2.74602,-0.05697,1,1,0.450
36.4740,523,BR,25,2.43817,-0.03751,0.29984,134,134,134,0.27874,2.50612,-0.02868,1,1,0.450
36.4820,523,FL,17,2.74540,0.24452,0.29982,134,86,75,0.27872,2.81613,0.27839,1,0,0.450
36.4820,523,BL,10,2.29435,0.21692,0.30267,134,134,134,0.28156,2.36191,0.22699,1,1,0.450
36.4820,523,FR,2,2.62497,-0.04258,0.30894,131,117,106,0.28781,2.74471,-0.05632,1,1,0.450
36.4820,523,BR,25,2.43753,-0.03713,0.29983,134,134,134,0.27873,2.50913,-0.02773,1,1,0.450
36.4920,523,FL,17,2.74554,0.24441,0.29990,134,86,75,0.27879,2.81628,0.27791,1,0,0.450
36.4920,523,BL,10,2.29449,0.21704,0.30270,134,134,134,0.28159,2.36227,0.22666,1,1,0.450
36.4920,523,FR,2,2.62484,-0.04219,0.30916,131,117,106,0.28803,2.74524,-0.05627,1,1,0.450
36.4940,523,BR,25,2.43790,-0.03752,0.29981,134,134,134,0.27871,2.51001,-0.02832,1,1,0.450
36.5020,524,FL,16,2.74695,0.24394,0.29992,134,86,75,0.27881,2.82160,0.27803,1,0,0.450
36.5020,524,BL,9,2.29593,0.21646,0.30279,134,134,134,0.28167,2.36376,0.22580,1,1,0.450
36.5020,524,FR,1,2.62579,-0.04200,0.30911,131,117,106,0.28798,2.74773,-0.05688,1,1,0.450
36.5020,524,BR,24,2.43934,-0.03815,0.29981,134,134,134,0.27871,2.50737,-0.02960,1,1,0.450
36.5120,524,FL,16,2.74704,0.24340,0.29987,134,86,75,0.27877,2.82271,0.27765,1,0,0.450
36.5120,524,BL,9,2.29536,0.21575,0.30282,134,134,134,0.28171,2.36386,0.22463,1,1,0.450
36.5120,524,FR,1,2.62503,-0.04163,0.30892,131,117,106,0.28779,2.74725,-0.05641,1,1,0.450
36.5140,524,BR,24,2.43927,-0.03802,0.29979,134,134,134,0.27869,2.51102,-0.02905,1,1,0.450
36.5240,524,FL,16,2.74874,0.24282,0.30002,134,86,75,0.27892,2.82433,0.27683,1,0,0.450
36.5240,524,BL,9,2.29700,0.21511,0.30301,134,134,134,0.28190,2.36600,0.22342,1,1,0.450
36.5240,524,FR,1,2.62570,-0.04137,0.30910,131,117,106,0.28797,2.74927,-0.05727,1,1,0.450
36.5240,524,BR,24,2.44135,-0.03901,0.29981,134,134,134,0.27871,2.51371,-0.02999,1,1,0.450
36.5340,525,FL,15,2.74833,0.24253,0.30013,134,86,75,0.27903,2.82439,0.27593,1,0,0.450
36.5340,525,BL,8,2.29585,0.21525,0.30278,134,134,134,0.28166,2.36620,0.22220,1,1,0.450
36.5340,525,FR,30,2.89209,-0.02986,0.30006,134,68,48,0.30711,3.19978,-0.03714,1,0,0.450
36.5340,525,BR,23,2.44132,-0.03985,0.29978,134,134,134,0.27868,2.50958,-0.03155,1,1,0.450
36.5600,525,FL,15,2.75090,0.24143,0.30002,134,86,75,0.27892,2.82689,0.27541,1,0,0.450
36.5600,525,BL,8,2.29851,0.21322,0.30265,134,134,134,0.28154,2.36873,0.22008,1,1,0.450
36.5600,525,FR,30,2.89466,-0.03028,0.30010,134,68,48,0.30715,3.16093,-0.03737,1,0,0.450
36.5600,525,BR,23,2.44370,-0.04057,0.29973,134,134,134,0.27863,2.51674,-0.03198,1,1,0.450
36.5700,526,FL,14,2.75379,0.24028,0.30017,134,86,75,0.27907,2.83198,0.27246,1,0,0.450
36.5700,526,BL,7,2.29915,0.21290,0.30310,134,134,134,0.28199,2.37299,0.21707,1,1,0.450
36.5700,526,FR,29,2.89964,-0.03239,0.30010,134,68,48,0.30715,3.16169,-0.03955,1,0,0.450
36.5700,526,BR,22,2.44867,-0.04376,0.29978,134,134,134,0.27868,2.51837,-0.03599,1,1,0.450
36.5820,526,FL,14,2.75411,0.24034,0.30010,134,86,75,0.27900,2.83363,0.27218,1,0,0.450
36.5820,526,BL,7,2.29855,0.21274,0.30294,134,134,134,0.28183,2.37336,0.21624,1,1,0.450
36.5820,526,FR,29,2.90070,-0.03260,0.30013,134,68,48,0.30717,3.16987,-0.03958,1,0,0.450
36.5820,526,BR,22,2.44944,-0.04371,0.29976,134,134,134,0.27866,2.52399,-0.03603,1,1,0.450
36.5900,526,FL,14,2.75362,0.24031,0.30024,134,86,75,0.27914,2.83366,0.27149,1,0,0.450
36.5900,526,BL,7,2.29778,0.21295,0.30313,134,134,134,0.28202,2.37313,0.21565,1,1,0.450
36.5900,526,FR,29,2.90092,-0.03304,0.30014,134,68,48,0.30719,3.16993,-0.03977,1,0,0.450
36.5900,526,BR,22,2.44961,-0.04449,0.29973,134,134,134,0.27863,2.52473,-0.03711,1,1,0.450
36.6000,527,FL,13,2.75458,0.24012,0.30010,134,86,75,0.27899,2.83515,0.27082,1,0,0.450
36.6020,527,BL,6,2.29835,0.21280,0.30264,134,134,134,0.28153,2.37419,0.21491,1,1,0.450
36.6020,527,FR,28,2.90250,-0.03357,0.30014,134,68,48,0.30719,3.16698,-0.04096,1,0,0.450
36.6020,527,BR,21,2.45115,-0.04534,0.29970,134,134,134,0.27860,2.52190,-0.03898,1,1,0.450
36.6100,527,FL,13,2.75488,0.24012,0.30004,134,86,75,0.27893,2.83602,0.27081,1,0,0.450
36.6100,527,BL,6,2.29836,0.21255,0.30261,134,134,134,0.28150,2.37437,0.21437,1,1,0.450
36.6100,527,FR,28,2.90304,-0.03364,0.30017,134,68,48,0.30721,3.17410,-0.04109,1,0,0.450
36.6100,527,BR,21,2.45145,-0.04511,0.29969,134,134,134,0.27859,2.52646,-0.03867,1,1,0.450
36.6260,528,FL,12,2.75444,0.23980,0.30028,134,86,75,0.27918,2.83559,0.27016,1,0,0.450
36.6260,528,BL,5,2.29799,0.21242,0.30320,134,134,134,0.28209,2.37414,0.21360,1,1,0.450
36.6260,528,FR,27,2.90289,-0.03412,0.30019,134,68,48,0.30723,3.16921,-0.04227,1,0,0.450
36.6260,528,BR,20,2.45129,-0.04587,0.29969,134,134,134,0.27859,2.52207,-0.04047,1,1,0.450
36.6420,528,FL,12,2.75520,0.23948,0.30032,134,86,75,0.27922,2.83686,0.26976,1,0,0.450
36.6420,528,BL,5,2.29848,0.21178,0.30370,134,134,134,0.28259,2.37479,0.21251,1,1,0.450
36.6420,528,FR,27,2.90396,-0.03460,0.30020,134,68,48,0.30724,3.17660,-0.04290,1,0,0.450
36.6420,528,BR,20,2.45210,-0.04611,0.29971,134,134,134,0.27861,2.52694,-0.04077,1,1,0.450
36.6580,529,FL,11,2.75517,0.23875,0.30068,134,86,75,0.27958,2.83666,0.26872,1,0,0.450
36.6580,529,BL,4,2.29866,0.21115,0.30465,134,134,134,0.28353,2.37493,0.21102,1,1,0.450
36.6580,529,FR,26,2.90420,-0.03542,0.30022,134,68,48,0.30726,3.17204,-0.04443,1,0,0.450
36.6580,529,BR,19,2.45236,-0.04737,0.29973,134,134,134,0.27863,2.52285,-0.04308,1,1,0.450
36.6700,529,FL,11,2.75509,0.23832,0.30088,134,86,75,0.27977,2.83643,0.26847,1,0,0.450
36.6700,529,BL,4,2.29862,0.21014,0.30552,133,133,133,0.28440,2.37486,0.20942,1,1,0.450
36.6700,529,FR,26,2.90410,-0.03580,0.30024,134,68,48,0.30727,3.17809,-0.04501,1,0,0.450
36.6700,529,BR,19,2.45200,-0.04761,0.29979,134,134,134,0.27869,2.52642,-0.04336,1,1,0.450
36.6840,530,FL,10,2.75375,0.23787,0.30123,134,86,75,0.28013,2.83460,0.26753,1,0,0.450
36.6840,530,BL,3,2.29770,0.20991,0.30629,132,132,132,0.28517,2.37360,0.20815,1,1,0.450
36.6840,530,FR,25,2.90279,-0.03647,0.30026,134,68,48,0.30729,3.17194,-0.04643,1,0,0.450
36.6840,530,BR,18,2.45076,-0.04870,0.29980,134,134,134,0.27870,2.52062,-0.04559,1,1,0.450
36.6960,530,FL,10,2.75407,0.23773,0.30126,134,86,75,0.28016,2.83492,0.26726,1,0,0.450
36.6960,530,BL,3,2.29831,0.20916,0.30649,132,132,132,0.28536,2.37346,0.20706,1,1,0.450
36.6960,530,FR,25,2.90335,-0.03692,0.30027,134,68,48,0.30730,3.17862,-0.04722,1,0,0.450
36.6960,530,BR,18,2.45101,-0.04897,0.29982,134,134,134,0.27872,2.52479,-0.04620,1,1,0.450
36.7060,530,FL,10,2.75331,0.23731,0.30160,134,86,75,0.28049,2.83382,0.26627,1,0,0.450
36.7060,530,BL,3,2.29817,0.20893,0.30696,132,132,132,0.28583,2.37237,0.20609,1,1,0.450
36.7060,530,FR,25,2.90281,-0.03773,0.30030,134,68,48,0.30733,3.17796,-0.04776,1,0,0.450
36.7060,530,BR,18,2.45050,-0.05016,0.29982,134,134,134,0.27872,2.52458,-0.04761,1,1,0.450
36.7160,531,FL,9,2.75253,0.23721,0.30170,134,86,75,0.28059,2.83250,0.26568,1,0,0.450
36.7160,531,BL,2,2.29779,0.20902,0.30714,132,132,132,0.28602,2.37145,0.20559,1,1,0.450
36.7180,531,FR,24,2.90173,-0.03830,0.30030,134,68,48,0.30733,3.17212,-0.04933,1,0,0.450
36.7180,531,BR,17,2.44949,-0.05073,0.29986,134,134,134,0.27876,2.52335,-0.04858,1,1,0.450
36.7280,531,FL,9,2.75232,0.23758,0.30178,134,86,75,0.28067,2.83188,0.26584,1,0,0.450
36.7280,531,BL,2,2.29820,0.20891,0.30701,132,132,132,0.28589,2.37092,0.20565,1,1,0.450
36.7280,531,FR,24,2.90141,-0.03850,0.30031,134,68,48,0.30734,3.17768,-0.04997,1,0,0.450
36.7280,531,BR,17,2.44886,-0.05035,0.29985,134,134,134,0.27875,2.52209,-0.04990,1,1,0.450
36.7400,531,FL,9,2.75125,0.23757,0.30195,134,86,75,0.28084,2.82979,0.26508,1,0,0.450
36.7400,531,BL,2,2.29772,0.20927,0.30719,132,132,132,0.28606,2.36986,0.20562,1,1,0.450
36.7400,531,FR,24,2.89953,-0.03922,0.30034,134,68,48,0.30736,3.17574,-0.05071,1,0,0.450
36.7400,531,BR,17,2.44719,-0.05100,0.29986,134,134,134,0.27876,2.51999,-0.05097,1,1,0.450
36.7500,532,FL,8,2.75124,0.23743,0.30192,134,86,75,0.28082,2.82900,0.26413,1,0,0.450
36.7500,532,BL,1,2.29826,0.20938,0.30696,132,132,132,0.28584,2.36953,0.20577,1,1,0.450
36.7500,532,FR,23,2.89879,-0.04030,0.30034,134,68,48,0.30737,3.17018,-0.05302,1,0,0.450
36.7500,532,BR,16,2.44660,-0.05167,0.29990,134,134,134,0.27880,2.51894,-0.05234,1,1,0.450
36.7800,533,FL,7,2.75102,0.23812,0.30198,134,86,75,0.28087,2.82762,0.26444,1,0,0.450
36.7800,533,BL,30,2.57143,0.22159,0.29990,134,128,119,0.27880,2.64814,0.22553,1,1,0.450
36.7800,533,FR,22,2.89757,-0.04064,0.30037,134,68,48,0.30739,3.16635,-0.05902,1,0,0.450
36.7800,533,BR,15,2.44528,-0.05083,0.29992,134,134,134,0.27882,2.51696,-0.05288,1,1,0.450
36.7900,533,FL,7,2.75066,0.23814,0.30201,134,86,75,0.28090,2.82447,0.26282,1,0,0.450
36.7900,533,BL,30,2.56859,0.21884,0.29987,134,128,119,0.27876,2.64519,0.21656,1,1,0.450
36.7900,533,FR,22,2.89423,-0.04258,0.30034,134,68,48,0.30737,3.16693,-0.06426,1,0,0.450
36.7920,533,BR,15,2.44221,-0.05067,0.29994,134,134,134,0.27883,2.51226,-0.05496,1,1,0.450
36.8000,533,FL,7,2.75045,0.23805,0.30197,134,86,75,0.28086,2.82351,0.26236,1,0,0.450
36.8000,533,BL,30,2.56749,0.21828,0.29988,134,128,119,0.27878,2.64460,0.21620,1,1,0.450
36.8000,533,FR,22,2.89308,-0.04308,0.30032,134,68,48,0.30734,3.16577,-0.06453,1,0,0.450
36.8000,533,BR,15,2.44143,-0.05102,0.29992,134,134,134,0.27881,2.51067,-0.05579,1,1,0.450
36.8100,534,FL,6,2.75015,0.23794,0.30179,134,86,75,0.28069,2.82240,0.26190,1,0,0.450
36.8100,534,BL,29,2.56641,0.21778,0.29988,134,128,119,0.27878,2.63972,0.21577,1,1,0.450
36.8100,534,FR,21,2.89200,-0.04361,0.30031,134,68,48,0.30734,3.16078,-0.06508,1,0,0.450
36.8120,534,BR,14,2.44057,-0.05140,0.29996,134,134,134,0.27886,2.50928,-0.05647,1,1,0.450
36.8200,534,FL,6,2.74960,0.23843,0.30170,134,86,75,0.28059,2.82097,0.26237,1,0,0.450
36.8200,534,BL,29,2.56519,0.21671,0.29982,134,128,119,0.27872,2.64033,0.21092,1,1,0.450
36.8200,534,FR,21,2.89082,-0.04350,0.30032,134,68,48,0.30735,3.16425,-0.06731,1,0,0.450
36.8200,534,BR,14,2.43932,-0.05043,0.29999,134,134,134,0.27888,2.50735,-0.05655,1,1,0.450
36.8320,535,FL,5,2.74852,0.23807,0.30199,134,86,75,0.28088,2.81934,0.26181,1,0,0.450
36.8320,535,BL,28,2.56384,0.21644,0.29984,134,128,119,0.27873,2.63574,0.21107,1,1,0.450
36.8320,535,FR,20,2.88946,-0.04367,0.30034,134,68,48,0.30736,3.15934,-0.06676,1,0,0.450
36.8320,535,BR,13,2.43803,-0.05094,0.30002,134,134,134,0.27892,2.50590,-0.05689,1,1,0.450
36.8420,535,FL,5,2.74794,0.23839,0.30222,134,86,75,0.28111,2.81771,0.26210,1,0,0.450
36.8420,535,BL,28,2.56261,0.21539,0.29977,134,128,119,0.27867,2.63749,0.20785,1,1,0.450
36.8420,535,FR,20,2.88823,-0.04353,0.30037,134,68,48,0.30739,3.16313,-0.06833,1,0,0.450
36.8420,535,BR,13,2.43669,-0.05001,0.30017,134,134,134,0.27907,2.50394,-0.05694,1,1,0.450
36.8520,535,FL,5,2.74791,0.23799,0.30269,134,86,75,0.28158,2.81725,0.26164,1,0,0.450
36.8520,535,BL,28,2.56229,0.21522,0.29978,134,128,119,0.27868,2.63756,0.20773,1,1,0.450
36.8520,535,FR,20,2.88790,-0.04368,0.30041,134,68,48,0.30743,3.16284,-0.06816,1,0,0.450
36.8520,535,BR,13,2.43646,-0.05049,0.30026,134,134,134,0.27916,2.50352,-0.05720,1,1,0.450
36.8620,536,FL,4,2.74734,0.23740,0.30354,134,86,75,0.28243,2.81618,0.26087,1,0,0.450
36.8620,536,BL,27,2.56162,0.21503,0.29979,134,128,119,0.27868,2.63329,0.20816,1,1,0.450
36.8620,536,FR,19,2.88720,-0.04394,0.30047,134,68,48,0.30748,3.15862,-0.06771,1,0,0.450
36.8620,536,BR,12,2.43570,-0.05097,0.30053,134,134,134,0.27943,2.50274,-0.05737,1,1,0.450
36.8740,536,FL,4,2.74685,0.23716,0.30413,134,86,75,0.28301,2.81478,0.26051,1,0,0.450
36.8740,536,BL,27,2.56086,0.21417,0.29972,134,128,119,0.27862,2.63607,0.20613,1,1,0.450
36.8740,536,FR,19,2.88642,-0.04370,0.30054,134,68,48,0.30755,3.16304,-0.06857,1,0,0.450
36.8740,536,BR,12,2.43462,-0.05034,0.30081,134,134,134,0.27971,2.50145,-0.05707,1,1,0.450
36.8820,536,FL,4,2.74491,0.23603,0.30525,133,85,74,0.28413,2.81231,0.25905,1,0,0.450
36.8820,536,BL,27,2.55927,0.21410,0.29973,134,128,119,0.27863,2.63488,0.20623,1,1,0.450
36.8820,536,FR,19,2.88469,-0.04402,0.30065,134,68,48,0.30764,3.16157,-0.06824,1,0,0.450
36.8820,536,BR,12,2.43266,-0.05135,0.30109,134,134,134,0.27998,2.49987,-0.05718,1,1,0.450
36.8940,537,FL,3,2.74602,0.23562,0.30628,132,85,74,0.28516,2.81325,0.25852,1,0,0.450
36.8940,537,BL,26,2.56001,0.21406,0.29974,134,128,119,0.27864,2.63205,0.20701,1,1,0.450
36.8940,537,FR,18,2.88542,-0.04414,0.30071,134,68,48,0.30770,3.15871,-0.06754,1,0,0.450
36.8940,537,BR,11,2.43352,-0.05161,0.30138,134,134,134,0.28027,2.50033,-0.05727,1,1,0.450
36.9020,537,FL,3,2.74565,0.23499,0.30692,132,85,74,0.28580,2.81209,0.25755,1,0,0.450
36.9040,537,BL,26,2.55958,0.21331,0.29968,134,128,119,0.27858,2.63540,0.20573,1,1,0.450
36.9040,537,FR,18,2.88493,-0.04395,0.30080,134,68,48,0.30778,3.16345,-0.06803,1,0,0.450
36.9040,537,BR,11,2.43259,-0.05124,0.30174,134,134,134,0.28063,2.49953,-0.05681,1,1,0.450
36.9140,537,FL,3,2.74461,0.23425,0.30766,132,85,74,0.28653,2.81081,0.25652,1,0,0.450
36.9140,537,BL,26,2.55890,0.21337,0.29967,134,128,119,0.27857,2.63512,0.20603,1,1,0.450
36.9140,537,FR,18,2.88409,-0.04418,0.30088,134,68,48,0.30786,3.16280,-0.06771,1,0,0.450
36.9140,537,BR,11,2.43160,-0.05196,0.30190,134,134,134,0.28079,2.49886,-0.05687,1,1,0.450
36.9240,538,FL,2,2.74445,0.23362,0.30843,131,84,73,0.28730,2.81064,0.25577,1,0,0.450
36.9240,538,BL,25,2.55890,0.21351,0.29968,134,128,119,0.27858,2.63152,0.20705,1,1,0.450
36.9240,538,FR,17,2.88402,-0.04422,0.30094,134,68,48,0.30791,3.16288,-0.06743,1,0,0.450
36.9240,538,BR,10,2.43140,-0.05228,0.30215,134,134,134,0.28104,2.49876,-0.05669,1,1,0.450
36.9340,538,FL,2,2.74363,0.23312,0.30852,131,84,73,0.28739,2.80938,0.25497,1,0,0.450
36.9340,538,BL,25,2.55827,0.21285,0.29961,134,128,119,0.27851,2.63484,0.20623,1,1,0.450
36.9340,538,FR,17,2.88321,-0.04406,0.30101,134,68,48,0.30797,3.16375,-0.06707,1,0,0.450
36.9340,538,BR,10,2.43011,-0.05187,0.30238,134,134,134,0.28127,2.49768,-0.05624,1,1,0.450
36.9420,538,FL,2,2.74505,0.23310,0.30869,131,84,73,0.28757,2.81183,0.25569,1,0,0.450
36.9420,538,BL,25,2.55989,0.21346,0.29959,134,128,119,0.27849,2.63684,0.20705,1,1,0.450
36.9420,538,FR,17,2.88474,-0.04367,0.30104,134,68,48,0.30800,3.16508,-0.06649,1,0,0.450
36.9420,538,BR,10,2.43188,-0.05154,0.30239,134,134,134,0.28128,2.49925,-0.05574,1,1,0.450
36.9540,539,FL,1,2.74504,0.23276,0.30868,131,84,73,0.28755,2.81255,0.25587,1,0,0.450
36.9540,539,BL,24,2.56048,0.21401,0.29959,134,128,119,0.27849,2.63367,0.20832,1,1,0.450
36.9540,539,FR,16,2.88532,-0.04326,0.30107,134,68,48,0.30803,3.16932,-0.06669,1,0,0.450
36.9540,539,BR,9,2.43220,-0.05125,0.30244,134,134,134,0.28133,2.50012,-0.05486,1,1,0.450
36.9620,539,FL,1,2.74421,0.23227,0.30866,131,84,73,0.28753,2.81184,0.25525,1,0,0.450
36.9640,539,BL,24,2.56049,0.21382,0.29951,134,128,119,0.27841,2.63766,0.20809,1,1,0.450
36.9640,539,FR,16,2.88502,-0.04285,0.30116,134,68,48,0.30811,3.17076,-0.06585,1,0,0.450
36.9640,539,BR,9,2.43124,-0.05068,0.30254,134,134,134,0.28143,2.49976,-0.05385,1,1,0.450
36.9740,539,FL,1,2.74404,0.23196,0.30890,131,84,73,0.28777,2.81219,0.25568,1,0,0.450
36.9740,539,BL,24,2.56125,0.21460,0.29948,134,128,119,0.27838,2.63880,0.20912,1,1,0.450
36.9740,539,FR,16,2.88555,-0.04250,0.30124,134,68,48,0.30818,3.17128,-0.06512,1,0,0.450
36.9740,539,BR,9,2.43169,-0.05046,0.30260,134,134,134,0.28149,2.50060,-0.05300,1,1,0.450
36.9840,540,FL,30,3.01288,0.24192,0.30012,134,68,46,0.35476,3.15865,0.25442,1,0,0.450
36.9840,540,BL,23,2.56271,0.21589,0.29946,134,128,119,0.27836,2.63653,0.21113,1,1,0.450
36.9840,540,FR,15,2.88672,-0.04166,0.30134,134,68,48,0.30827,3.17256,-0.06412,1,0,0.450
36.9840,540,BR,8,2.43255,-0.04956,0.30263,134,134,134,0.28152,2.50208,-0.05123,1,1,0.450
37.0080,540,FL,30,3.01526,0.24257,0.30011,134,68,46,0.35475,3.17426,0.25826,1,0,0.450
37.0080,540,BL,23,2.56502,0.21674,0.29942,134,128,119,0.27832,2.64608,0.21309,1,1,0.450
37.0080,540,FR,15,2.88879,-0.04032,0.30144,134,68,48,0.30836,3.17496,-0.06333,1,0,0.450
37.0080,540,BR,8,2.43458,-0.04726,0.30261,134,134,134,0.28150,2.50421,-0.04880,1,1,0.450
37.0160,541,FL,29,3.01784,0.24463,0.30014,134,68,46,0.35477,3.17232,0.26008,1,0,0.450
37.0180,541,BL,22,2.56744,0.21983,0.29940,134,128,119,0.27830,2.64452,0.21699,1,1,0.450
37.0180,541,FR,14,2.88998,-0.03896,0.30161,134,68,48,0.30851,3.17734,-0.06074,1,0,0.450
37.0180,541,BR,7,2.43441,-0.04647,0.30341,134,134,134,0.28230,2.50640,-0.04562,1,1,0.450
37.0260,541,FL,29,3.01963,0.24513,0.30014,134,68,46,0.35477,3.18324,0.26239,1,0,0.450
37.0260,541,BL,22,2.56897,0.21997,0.29933,134,128,119,0.27823,2.65178,0.21825,1,1,0.450
37.0260,541,FR,14,2.89057,-0.03897,0.30166,134,68,48,0.30856,3.17967,-0.06014,1,0,0.450
37.0260,541,BR,7,2.43411,-0.04634,0.30303,134,134,134,0.28192,2.50696,-0.04482,1,1,0.450
37.0380,541,FL,29,3.02058,0.24582,0.30018,134,68,46,0.35480,3.18413,0.26273,1,0,0.450
37.0380,541,BL,22,2.56979,0.22103,0.29927,134,128,119,0.27817,2.65300,0.21960,1,1,0.450
37.0380,541,FR,14,2.89076,-0.03882,0.30174,134,68,48,0.30863,3.18047,-0.05919,1,0,0.450
37.0380,541,BR,7,2.43394,-0.04642,0.30312,134,134,134,0.28201,2.50728,-0.04405,1,1,0.450
37.0460,542,FL,28,3.02073,0.24640,0.30018,134,68,46,0.35481,3.17966,0.26380,1,0,0.450
37.0460,542,BL,21,2.56990,0.22186,0.29927,134,128,119,0.27817,2.64851,0.22119,1,1,0.450
37.0460,542,FR,13,2.89055,-0.03857,0.30174,134,68,48,0.30863,3.18048,-0.05849,1,0,0.450
37.0460,542,BR,6,2.43352,-0.04630,0.30312,134,134,134,0.28201,2.50718,-0.04310,1,1,0.450
37.0580,542,FL,28,3.02136,0.24654,0.30016,134,68,46,0.35478,3.18761,0.26515,1,0,0.450
37.0580,542,BL,21,2.57030,0.22161,0.29920,134,128,119,0.27810,2.65371,0.22163,1,1,0.450
37.0580,542,FR,13,2.89045,-0.03868,0.30178,134,68,48,0.30867,3.18127,-0.05845,1,0,0.450
37.0580,542,BR,6,2.43320,-0.04613,0.30292,134,134,134,0.28181,2.50697,-0.04269,1,1,0.450
37.0700,542,FL,28,3.02187,0.24727,0.30020,134,68,46,0.35481,3.18814,0.26568,1,0,0.450
37.0700,542,BL,21,2.57074,0.22272,0.29918,134,128,119,0.27808,2.65440,0.22288,1,1,0.450
37.0700,542,FR,13,2.89057,-0.03823,0.30194,134,68,48,0.30881,3.18149,-0.05749,1,0,0.450
37.0700,542,BR,6,2.43337,-0.04588,0.30333,134,134,134,0.28221,2.50714,-0.04170,1,1,0.450
37.0860,543,FL,27,3.02279,0.24813,0.30020,134,68,46,0.35482,3.18424,0.26704,1,0,0.450
37.0860,543,BL,20,2.57162,0.22384,0.29922,134,128,119,0.27812,2.65047,0.22472,1,1,0.450
37.0860,543,FR,12,2.89116,-0.03759,0.30207,134,68,48,0.30893,3.18223,-0.05653,1,0,0.450
37.0860,543,BR,5,2.43385,-0.04527,0.30385,134,134,134,0.28273,2.50773,-0.04038,1,1,0.450
37.1000,543,FL,27,3.02242,0.24853,0.30017,134,68,46,0.35479,3.19039,0.26832,1,0,0.450
37.1000,543,BL,20,2.57104,0.22396,0.29922,134,128,119,0.27812,2.65425,0.22543,1,1,0.450
37.1000,543,FR,12,2.89046,-0.03739,0.30247,134,68,48,0.30930,3.18164,-0.05626,1,0,0.450
37.1000,543,BR,5,2.43336,-0.04468,0.30478,134,134,134,0.28366,2.50696,-0.03915,1,1,0.450
37.1120,544,FL,26,3.02278,0.24944,0.30020,134,68,46,0.35482,3.18580,0.26958,1,0,0.450
37.1120,544,BL,19,2.57137,0.22550,0.29922,134,128,119,0.27812,2.64973,0.22751,1,1,0.450
37.1120,544,FR,11,2.89056,-0.03641,0.30268,134,68,48,0.30949,3.18141,-0.05513,1,0,0.450
37.1120,544,BR,4,2.43371,-0.04361,0.30556,133,133,133,0.28444,2.50706,-0.03721,1,1,0.450
37.1240,544,FL,26,3.02262,0.24967,0.30015,134,68,46,0.35478,3.19180,0.27056,1,0,0.450
37.1240,544,BL,19,2.57096,0.22544,0.29921,134,128,119,0.27811,2.65352,0.22810,1,1,0.450
37.1240,544,FR,11,2.89001,-0.03646,0.30302,134,68,48,0.30979,3.18087,-0.05516,1,0,0.450
37.1240,544,BR,4,2.43347,-0.04304,0.30610,132,132,132,0.28498,2.50632,-0.03629,1,1,0.450
37.1340,545,FL,25,3.02157,0.25021,0.30019,134,68,46,0.35481,3.18570,0.27156,1,0,0.450
37.1340,545,BL,18,2.56993,0.22645,0.29921,134,128,119,0.27811,2.64744,0.22977,1,1,0.450
37.1340,545,FR,10,2.88907,-0.03601,0.30321,134,68,48,0.30997,3.17924,-0.05439,1,0,0.450
37.1340,545,BR,3,2.43304,-0.04271,0.30664,132,132,132,0.28551,2.50532,-0.03510,1,1,0.450
37.1440,545,FL,25,3.02123,0.25028,0.30012,134,68,46,0.35476,3.19131,0.27243,1,0,0.450
37.1460,545,BL,18,2.56935,0.22615,0.29918,134,128,119,0.27808,2.65089,0.23020,1,1,0.450
37.1460,545,FR,10,2.88849,-0.03625,0.30349,134,68,48,0.31022,3.17849,-0.05464,1,0,0.450
37.1460,545,BR,3,2.43280,-0.04229,0.30698,132,132,132,0.28585,2.50463,-0.03444,1,1,0.450
37.1580,545,FL,25,3.02051,0.25086,0.30017,134,68,46,0.35479,3.19058,0.27285,1,0,0.450
37.1580,545,BL,18,2.56863,0.22714,0.29917,134,128,119,0.27807,2.65026,0.23132,1,1,0.450
37.1580,545,FR,10,2.88775,-0.03593,0.30369,134,68,48,0.31040,3.17724,-0.05385,1,0,0.450
37.1580,545,BR,3,2.43270,-0.04208,0.30731,132,132,132,0.28618,2.50349,-0.03366,1,1,0.450
37.1660,546,FL,24,3.01929,0.25166,0.30018,134,68,46,0.35480,3.18427,0.27428,1,0,0.450
37.1680,546,BL,17,2.56745,0.22809,0.29921,134,128,119,0.27811,2.64886,0.23262,1,1,0.450
37.1680,546,FR,9,2.88682,-0.03571,0.30382,134,68,48,0.31052,3.17543,-0.05299,1,0,0.450
37.1680,546,BR,2,2.43264,-0.04202,0.30746,132,132,132,0.28633,2.50207,-0.03300,1,1,0.450
37.1780,546,FL,24,3.01913,0.25176,0.30012,134,68,46,0.35475,3.19007,0.27534,1,0,0.450
37.1780,546,BL,17,2.56696,0.22751,0.29913,134,128,119,0.27803,2.64736,0.23376,1,1,0.450
37.1780,546,FR,9,2.88650,-0.03622,0.30404,134,68,48,0.31072,3.17478,-0.05339,1,0,0.450
37.1780,546,BR,2,2.43295,-0.04188,0.30738,132,132,132,0.28626,2.50153,-0.03315,1,1,0.450
37.1880,546,FL,24,3.01730,0.25244,0.30015,134,68,46,0.35478,3.18801,0.27596,1,0,0.450
37.1880,546,BL,17,2.56540,0.22827,0.29915,134,128,119,0.27805,2.64530,0.23483,1,1,0.450
37.1880,546,FR,9,2.88568,-0.03611,0.30412,134,68,48,0.31079,3.17269,-0.05260,1,0,0.450
37.1880,546,BR,2,2.43294,-0.04212,0.30738,132,132,132,0.28626,2.50049,-0.03305,1,1,0.450
37.1980,547,FL,23,3.01659,0.25315,0.30015,134,68,46,0.35478,3.18209,0.27749,1,0,0.450
37.1980,547,BL,16,2.56477,0.22870,0.29917,134,128,119,0.27807,2.64435,0.23572,1,1,0.450
37.2000,547,FR,8,2.88553,-0.03597,0.30408,134,68,48,0.31075,3.17181,-0.05202,1,0,0.450
37.2000,547,BR,1,2.43337,-0.04212,0.30717,132,132,132,0.28604,2.49999,-0.03310,1,1,0.450
37.2200,547,FL,23,3.01506,0.25363,0.30012,134,68,46,0.35475,3.18119,0.28350,1,0,0.450
37.2200,547,BL,16,2.56324,0.22794,0.29910,134,128,119,0.27800,2.64180,0.23633,1,1,0.450
37.2200,547,FR,8,2.88517,-0.03656,0.30412,134,68,48,0.31079,3.16996,-0.05217,1,0,0.450
37.2220,547,BR,1,2.43369,-0.04227,0.30702,132,132,132,0.28589,2.50011,-0.03367,1,1,0.450
37.2300,548,FL,22,3.01147,0.25482,0.30002,134,68,46,0.35467,3.17343,0.28414,1,0,0.450
37.2300,548,BL,15,2.56027,0.22838,0.29912,134,128,119,0.27802,2.63728,0.23792,1,1,0.450
37.2300,548,FR,7,2.88467,-0.03655,0.30353,134,68,48,0.31025,3.16666,-0.05095,1,0,0.450
37.2300,548,BR,30,2.70448,-0.03196,0.29996,134,97,86,0.27886,2.77632,-0.03508,1,1,0.450
37.2400,548,FL,22,3.01021,0.25545,0.30003,134,68,46,0.35469,3.17540,0.28835,1,0,0.450
37.2400,548,BL,15,2.55898,0.22783,0.29921,134,128,119,0.27811,2.63511,0.23834,1,1,0.450
37.2400,548,FR,7,2.88392,-0.03648,0.30440,134,68,48,0.31104,3.16494,-0.05060,1,0,0.450
37.2400,548,BR,30,2.70317,-0.03072,0.29996,134,97,86,0.27886,2.77323,-0.02791,1,1,0.450
37.2500,548,FL,22,3.00866,0.25578,0.30001,134,68,46,0.35466,3.17387,0.28815,1,0,0.450
37.2500,548,BL,15,2.55769,0.22837,0.29924,134,128,119,0.27814,2.63326,0.23897,1,1,0.450
37.2500,548,FR,7,2.88328,-0.03624,0.30444,134,68,48,0.31108,3.16324,-0.04998,1,0,0.450
37.2500,548,BR,30,2.70164,-0.03023,0.29999,134,97,86,0.27888,2.77224,-0.02741,1,1,0.450
37.2600,549,FL,21,3.00715,0.25622,0.30000,134,68,46,0.35466,3.16822,0.28838,1,0,0.450
37.2600,549,BL,14,2.55638,0.22868,0.29929,134,128,119,0.27819,2.63145,0.23958,1,1,0.450
37.2600,549,FR,6,2.88257,-0.03625,0.30432,134,68,48,0.31097,3.16147,-0.04967,1,0,0.450
37.2600,549,BR,29,2.70011,-0.02979,0.29999,134,97,86,0.27888,2.76668,-0.02730,1,1,0.450
37.2700,549,FL,21,3.00596,0.25609,0.29995,134,68,46,0.35462,3.17139,0.29077,1,0,0.450
37.2700,549,BL,14,2.55513,0.22772,0.29928,134,128,119,0.27818,2.62929,0.23960,1,1,0.450
37.2700,549,FR,6,2.88177,-0.03681,0.30438,134,68,48,0.31102,3.15969,-0.05023,1,0,0.450
37.2700,549,BR,29,2.69849,-0.02881,0.29999,134,97,86,0.27889,2.76609,-0.02294,1,1,0.450
37.2800,549,FL,21,3.00421,0.25614,0.29999,134,68,46,0.35465,3.16966,0.29028,1,0,0.450
37.2800,549,BL,14,2.55344,0.22831,0.29940,134,128,119,0.27830,2.62755,0.23989,1,1,0.450
37.2800,549,FR,6,2.88027,-0.03643,0.30485,133,67,47,0.31146,3.15729,-0.04963,1,0,0.450
37.2800,549,BR,29,2.69675,-0.02865,0.30001,134,97,86,0.27890,2.76491,-0.02264,1,1,0.450
37.2900,550,FL,20,3.00326,0.25635,0.30002,134,68,46,0.35467,3.16484,0.28991,1,0,0.450
37.2900,550,BL,13,2.55252,0.22868,0.29958,134,128,119,0.27848,2.62642,0.24030,1,1,0.450
37.2900,550,FR,5,2.87966,-0.03633,0.30530,133,69,52,0.29455,3.15561,-0.04933,1,0,0.450
37.2900,550,BR,28,2.69569,-0.02833,0.30001,134,97,86,0.27891,2.75998,-0.02298,1,1,0.450
37.3000,550,FL,20,3.00232,0.25605,0.29999,134,68,46,0.35466,3.16875,0.29141,1,0,0.450
37.3000,550,BL,13,2.55129,0.22792,0.29970,134,128,119,0.27860,2.62473,0.24006,1,1,0.450
37.3000,550,FR,5,2.87855,-0.03647,0.30583,132,68,52,0.29506,3.15353,-0.04958,1,0,0.450
37.3000,550,BR,28,2.69427,-0.02749,0.30002,134,97,86,0.27892,2.76092,-0.02017,1,1,0.450
37.3100,550,FL,20,3.00071,0.25607,0.30007,134,68,46,0.35471,3.16719,0.29081,1,0,0.450
37.3100,550,BL,13,2.54961,0.22866,0.29991,134,128,119,0.27881,2.62328,0.24021,1,1,0.450
37.3100,550,FR,5,2.87695,-0.03584,0.30663,132,68,52,0.29583,3.15088,-0.04872,1,0,0.450
37.3100,550,BR,28,2.69268,-0.02746,0.30003,134,97,86,0.27893,2.75993,-0.02005,1,1,0.450
37.3220,551,FL,19,2.99963,0.25615,0.30012,134,68,46,0.35475,3.16240,0.29002,1,0,0.450
37.3220,551,BL,12,2.54838,0.22909,0.30017,134,128,119,0.27907,2.62217,0.24037,1,1,0.450
37.3220,551,FR,4,2.87587,-0.03548,0.30740,132,68,52,0.29657,3.19864,-0.04812,1,0,0.450
37.3220,551,BR,27,2.69152,-0.02732,0.30004,134,97,86,0.27893,2.75496,-0.02076,1,1,0.450
37.3300,551,FL,19,2.99973,0.25622,0.30014,134,68,46,0.35477,3.16705,0.29245,1,0,0.450
37.3300,551,BL,12,2.54795,0.22821,0.30010,134,128,119,0.27900,2.62215,0.23994,1,1,0.450
37.3300,551,FR,4,2.87527,-0.03559,0.30819,132,68,52,0.29733,3.19744,-0.04806,1,0,0.450
37.3300,551,BR,27,2.69085,-0.02632,0.30011,134,97,86,0.27901,2.75546,-0.02033,1,1,0.450
37.3420,552,FL,18,2.99842,0.25601,0.30022,134,68,46,0.35483,3.16189,0.29082,1,0,0.450
37.3420,552,BL,11,2.54659,0.22895,0.30027,134,128,119,0.27916,2.62099,0.24004,1,1,0.450
37.3420,552,FR,3,2.87393,-0.03508,0.30874,131,67,51,0.29786,3.19518,-0.04742,1,0,0.450
37.3420,552,BR,26,2.68946,-0.02645,0.30011,134,97,86,0.27901,2.75086,-0.02117,1,1,0.450
37.3520,552,FL,18,2.99797,0.25564,0.30020,134,68,46,0.35482,3.16645,0.29165,1,0,0.450
37.3520,552,BL,11,2.54569,0.22823,0.30046,134,128,119,0.27936,2.61981,0.23960,1,1,0.450
37.3520,552,FR,3,2.87331,-0.03498,0.30914,131,67,51,0.29824,3.19330,-0.04743,1,0,0.450
37.3520,552,BR,26,2.68847,-0.02579,0.30014,134,97,86,0.27904,2.75303,-0.02004,1,1,0.450
37.3620,552,FL,18,2.99677,0.25549,0.30028,134,68,46,0.35488,3.16525,0.29089,1,0,0.450
37.3620,552,BL,11,2.54443,0.22877,0.30062,134,128,119,0.27951,2.61889,0.23952,1,1,0.450
37.3620,552,FR,3,2.87198,-0.03444,0.30960,131,67,51,0.29869,3.19138,-0.04692,1,0,0.450
37.3620,552,BR,26,2.68735,-0.02604,0.30013,134,97,86,0.27903,2.75259,-0.02025,1,1,0.450
37.3700,552,FL,18,2.99689,0.25505,0.30032,134,68,46,0.35491,3.16557,0.29030,1,0,0.450
37.3700,552,BL,11,2.54428,0.22877,0.30085,134,128,119,0.27975,2.61913,0.23920,1,1,0.450
37.3700,552,FR,3,2.87151,-0.03460,0.31001,131,67,51,0.29908,3.19019,-0.04726,1,0,0.450
37.3700,552,BR,26,2.68734,-0.02632,0.30014,134,97,86,0.27903,2.75260,-0.02072,1,1,0.450
37.3820,553,FL,17,2.99737,0.25436,0.30030,134,68,46,0.35489,3.16597,0.28953,1,0,0.450
37.3820,553,BL,10,2.54493,0.22839,0.30078,134,128,119,0.27967,2.61947,0.23877,1,1,0.450
37.3820,553,FR,2,2.87211,-0.03490,0.30963,131,67,51,0.29872,3.19104,-0.04833,1,0,0.450
37.3820,553,BR,25,2.68758,-0.02674,0.30013,134,97,86,0.27903,2.74901,-0.02197,1,1,0.450
37.3900,553,FL,17,2.99728,0.25349,0.30022,134,68,46,0.35483,3.16675,0.28881,1,0,0.450
37.3920,553,BL,10,2.54450,0.22737,0.30059,134,128,119,0.27949,2.61885,0.23771,1,1,0.450
37.3920,553,FR,2,2.87134,-0.03453,0.30896,131,67,51,0.29807,3.19109,-0.04912,1,0,0.450
37.3920,553,BR,25,2.68688,-0.02656,0.30015,134,97,86,0.27905,2.75166,-0.02137,1,1,0.450
37.4000,553,FL,17,2.99836,0.25269,0.30020,134,68,46,0.35482,3.16727,0.28784,1,0,0.450
37.4000,553,BL,10,2.54619,0.22665,0.30056,134,128,119,0.27946,2.61977,0.23692,1,1,0.450
37.4000,553,FR,2,2.87260,-0.03460,0.30814,132,68,52,0.29728,3.19482,-0.05075,1,0,0.450
37.4000,553,BR,25,2.68784,-0.02738,0.30013,134,97,86,0.27903,2.75311,-0.02221,1,1,0.450
37.4120,554,FL,16,2.99931,0.25177,0.30017,134,68,46,0.35479,3.17171,0.28787,1,0,0.450
37.4120,554,BL,9,2.54755,0.22564,0.30047,134,128,119,0.27936,2.62061,0.23569,1,1,0.450
37.4120,554,FR,1,2.87314,-0.03467,0.30704,132,68,52,0.29622,3.19842,-0.05257,1,0,0.450
37.4120,554,BR,24,2.68862,-0.02829,0.30013,134,97,86,0.27903,2.74980,-0.02392,1,1,0.450
37.4240,554,FL,16,3.00099,0.25044,0.30015,134,68,46,0.35478,3.17422,0.28646,1,0,0.450
37.4240,554,BL,9,2.54855,0.22419,0.30039,134,128,119,0.27928,2.62230,0.23362,1,1,0.450
37.4240,554,FR,1,2.87284,-0.03438,0.30627,132,68,52,0.29548,3.19917,-0.05383,1,0,0.450
37.4260,554,BR,24,2.68990,-0.02887,0.30017,134,97,86,0.27906,2.75448,-0.02415,1,1,0.450
37.4360,555,FL,15,3.00242,0.24963,0.30042,134,68,46,0.35499,3.17568,0.28484,1,0,0.450
37.4360,555,BL,8,2.54970,0.22367,0.30081,134,128,119,0.27971,2.62434,0.23168,1,1,0.450
37.4360,555,FR,30,3.14075,-0.02544,0.29990,134,70,59,0.28675,3.24288,-0.03195,1,1,0.450
37.4360,555,BR,23,2.69179,-0.03049,0.30014,134,97,86,0.27904,2.75290,-0.02663,1,1,0.450
37.4700,556,FL,14,3.00512,0.24960,0.30055,134,68,46,0.35509,3.17686,0.28606,1,0,0.450
37.4700,556,BL,7,2.55264,0.22166,0.30034,134,128,119,0.27924,2.62760,0.22924,1,1,0.450
37.4700,556,FR,29,3.14312,-0.02597,0.29986,134,70,59,0.28672,3.25368,-0.03387,1,1,0.450
37.4700,556,BR,22,2.69422,-0.03090,0.30038,134,97,86,0.27927,2.75734,-0.03010,1,1,0.450
37.4800,556,FL,14,3.01054,0.24796,0.30015,134,68,46,0.35478,3.18154,0.28512,1,0,0.450
37.4800,556,BL,7,2.55748,0.21762,0.30036,134,128,119,0.27925,2.63452,0.22374,1,1,0.450
37.4820,556,FR,29,3.14948,-0.02711,0.29976,134,70,59,0.28662,3.27041,-0.03320,1,1,0.450
37.4820,556,BR,22,2.70070,-0.03446,0.30050,134,97,86,0.27939,2.76890,-0.03345,1,1,0.450
37.4920,557,FL,13,3.01288,0.24661,0.30007,134,68,46,0.35471,3.18375,0.28403,1,0,0.450
37.4920,557,BL,6,2.55983,0.21529,0.30079,134,128,119,0.27968,2.63763,0.22099,1,1,0.450
37.4920,557,FR,28,3.15255,-0.02778,0.29977,134,70,59,0.28662,3.26825,-0.03429,1,1,0.450
37.4940,557,BR,21,2.70373,-0.03649,0.30048,134,97,86,0.27937,2.76724,-0.03627,1,1,0.450
37.5020,557,FL,13,3.01474,0.24558,0.30004,134,68,46,0.35469,3.18534,0.28365,1,0,0.450
37.5020,557,BL,6,2.56118,0.21311,0.30101,134,128,119,0.27991,2.64012,0.21839,1,1,0.450
37.5020,557,FR,28,3.15402,-0.02801,0.29967,134,70,59,0.28653,3.27750,-0.03385,1,1,0.450
37.5020,557,BR,21,2.70532,-0.03729,0.30058,134,97,86,0.27948,2.77276,-0.03652,1,1,0.450
37.5140,557,FL,13,3.01731,0.24389,0.30012,134,68,46,0.35475,3.18736,0.28218,1,0,0.450
37.5140,557,BL,6,2.56408,0.21038,0.30208,134,128,119,0.28097,2.64347,0.21531,1,1,0.450
37.5140,557,FR,28,3.15708,-0.02891,0.29968,134,70,59,0.28654,3.28036,-0.03429,1,1,0.450
37.5140,557,BR,21,2.70843,-0.03966,0.30059,134,97,86,0.27948,2.77606,-0.03847,1,1,0.450
37.5220,558,FL,12,3.01868,0.24217,0.30007,134,68,46,0.35472,3.18810,0.28068,1,0,0.450
37.5220,558,BL,5,2.56551,0.20801,0.30333,134,128,119,0.28222,2.64600,0.21208,1,1,0.450
37.5240,558,FR,27,3.15848,-0.02990,0.29965,134,70,59,0.28651,3.27654,-0.03588,1,1,0.450
37.5240,558,BR,20,2.70991,-0.04178,0.30064,134,97,86,0.27954,2.77215,-0.04135,1,1,0.450
37.5320,558,FL,12,3.02103,0.24093,0.29993,134,68,46,0.35460,3.19005,0.27987,1,0,0.450
37.5320,558,BL,5,2.56725,0.20583,0.30341,134,128,119,0.28230,2.64907,0.20947,1,1,0.450
37.5320,558,FR,27,3.16013,-0.03036,0.29952,134,70,59,0.28639,3.28504,-0.03570,1,1,0.450
37.5320,558,BR,20,2.71173,-0.04271,0.30074,134,97,86,0.27963,2.77743,-0.04183,1,1,0.450
37.5420,558,FL,12,3.02383,0.23802,0.29955,134,68,46,0.35430,3.19192,0.27754,1,0,0.450
37.5440,558,BL,5,2.57034,0.20193,0.30450,134,128,119,0.28338,2.65325,0.20476,1,1,0.450
37.5440,558,FR,27,3.16308,-0.03201,0.29949,134,70,59,0.28636,3.28775,-0.03677,1,1,0.450
37.5440,558,BR,20,2.71477,-0.04593,0.30072,134,97,86,0.27962,2.78058,-0.04444,1,1,0.450
37.5580,559,FL,11,3.02607,0.23530,0.29922,134,68,46,0.35405,3.19306,0.27509,1,0,0.450
37.5580,559,BL,4,2.57253,0.19838,0.30583,132,127,118,0.28471,2.65723,0.20000,1,1,0.450
37.5580,559,FR,26,3.16508,-0.03361,0.29942,134,70,59,0.28629,3.28437,-0.03890,1,1,0.450
37.5580,559,BR,19,2.71693,-0.04894,0.30075,134,97,86,0.27964,2.77709,-0.04808,1,1,0.450
37.5660,559,FL,11,3.02829,0.23132,0.29918,134,68,46,0.35401,3.19572,0.27165,1,0,0.450
37.5660,559,BL,4,2.57315,0.19452,0.30782,132,127,118,0.28669,2.66090,0.19337,1,1,0.450
37.5680,559,FR,26,3.16731,-0.03592,0.29922,134,70,59,0.28610,3.29292,-0.03994,1,1,0.450
37.5680,559,BR,19,2.71931,-0.05276,0.30085,134,97,86,0.27975,2.78290,-0.05054,1,1,0.450
37.5780,559,FL,11,3.02791,0.22951,0.29955,134,68,46,0.35431,3.19675,0.26874,1,0,0.450
37.5780,559,BL,4,2.57222,0.19324,0.30938,131,126,117,0.28825,2.66051,0.19072,1,1,0.450
37.5780,559,FR,26,3.16843,-0.03797,0.29924,134,70,59,0.28612,3.29390,-0.04162,1,1,0.450
37.5780,559,BR,19,2.72020,-0.05545,0.30086,134,97,86,0.27976,2.78465,-0.05314,1,1,0.450
37.5860,560,FL,10,3.02799,0.22709,0.29980,134,68,46,0.35451,3.19808,0.26523,1,0,0.450
37.5860,560,BL,3,2.57167,0.19190,0.31054,131,126,117,0.28941,2.66053,0.18681,1,1,0.450
37.5880,560,FR,25,3.16973,-0.04093,0.29922,134,70,59,0.28610,3.28989,-0.04562,1,1,0.450
37.5880,560,BR,18,2.72130,-0.05878,0.30088,134,97,86,0.27977,2.78080,-0.05801,1,1,0.450
37.6000,560,FL,10,3.02883,0.22609,0.30001,134,68,46,0.35467,3.19964,0.26336,1,0,0.450
37.6000,560,BL,3,2.57160,0.19121,0.31070,131,126,117,0.28956,2.66105,0.18501,1,1,0.450
37.6020,560,FR,25,3.17061,-0.04245,0.29906,134,70,59,0.28595,3.29715,-0.04646,1,1,0.450
37.6020,560,BR,18,2.72204,-0.06013,0.30099,134,97,86,0.27988,2.78531,-0.05961,1,1,0.450
37.6100,560,FL,10,3.02938,0.22387,0.30023,134,68,46,0.35484,3.15107,0.25917,1,0,0.450
37.6100,560,BL,3,2.57212,0.19018,0.31092,131,126,117,0.28978,2.66117,0.18181,1,1,0.450
37.6100,560,FR,25,3.17220,-0.04626,0.29913,134,70,59,0.28601,3.29841,-0.05062,1,1,0.450
37.6100,560,BR,18,2.72350,-0.06396,0.30099,134,97,86,0.27988,2.78741,-0.06433,1,1,0.450
37.6200,561,FL,9,3.03083,0.22344,0.30008,134,68,46,0.32608,3.15298,0.25741,1,0,0.450
37.6220,561,BL,2,2.57228,0.19047,0.31118,131,126,117,0.29004,2.66131,0.18110,1,1,0.450
37.6220,561,FR,24,3.17209,-0.04826,0.29915,134,70,59,0.28603,3.29430,-0.05342,1,1,0.450
37.6220,561,BR,17,2.72396,-0.06564,0.30119,134,97,86,0.28008,2.78476,-0.06768,1,1,0.450
37.6360,561,FL,9,3.03149,0.22321,0.30036,134,68,46,0.32632,3.15418,0.25632,1,0,0.450
37.6360,561,BL,2,2.57249,0.19039,0.31099,131,126,117,0.28985,2.66160,0.18071,1,1,0.450
37.6380,561,FR,24,3.17268,-0.04956,0.29901,134,70,59,0.28590,3.30130,-0.05406,1,1,0.450
37.6380,561,BR,17,2.72440,-0.06627,0.30140,134,97,86,0.28029,2.78356,-0.07065,1,1,0.450
37.6480,562,FL,8,3.03174,0.22261,0.30060,134,68,46,0.32652,3.15446,0.25334,1,0,0.450
37.6480,562,BL,1,2.57283,0.19076,0.31051,131,126,117,0.28937,2.66158,0.18040,1,1,0.450
37.6480,562,FR,23,3.17269,-0.05278,0.29912,134,70,59,0.28600,3.29515,-0.05995,1,1,0.450
37.6480,562,BR,16,2.72450,-0.06852,0.30145,134,97,86,0.28035,2.78363,-0.07460,1,1,0.450
37.6660,562,FL,8,3.03156,0.22305,0.30107,134,68,46,0.32693,3.15419,0.25301,1,0,0.450
37.6660,562,BL,1,2.57199,0.19126,0.31088,131,126,117,0.28974,2.66162,0.18053,1,1,0.450
37.6660,562,FR,23,3.17172,-0.05362,0.29901,134,70,59,0.28589,3.29514,-0.06607,1,1,0.450
37.6680,562,BR,16,2.72358,-0.06826,0.30180,134,97,86,0.28069,2.78144,-0.07637,1,1,0.450
37.6780,563,FL,7,3.03342,0.22339,0.30092,134,68,46,0.32680,3.15594,0.25146,1,0,0.450
37.6780,563,BL,30,2.84327,0.20434,0.30009,134,70,53,0.28954,2.82088,0.21223,1,0,0.450
37.6800,563,FR,22,3.17312,-0.05562,0.29894,134,70,59,0.28582,3.29249,-0.06806,1,1,0.450
37.6800,563,BR,15,2.72491,-0.06911,0.30178,134,97,86,0.28067,2.78244,-0.07969,1,1,0.450
37.6900,563,FL,7,3.03320,0.22406,0.30160,134,68,46,0.32738,3.15597,0.25193,1,0,0.450
37.6900,563,BL,30,2.84248,0.20269,0.30008,134,70,53,0.28953,2.81849,0.20291,1,0,0.450
37.6900,563,FR,22,3.17238,-0.05667,0.29891,134,70,59,0.28580,3.29510,-0.07321,1,1,0.450
37.6900,563,BR,15,2.72431,-0.06854,0.30240,134,97,86,0.28129,2.78067,-0.08165,1,1,0.450
37.7020,564,FL,6,3.03300,0.22434,0.30138,134,68,46,0.32719,3.15607,0.25148,1,0,0.450
37.7040,564,BL,29,2.84283,0.20167,0.30014,134,70,53,0.28959,2.81438,0.20154,1,0,0.450
37.7040,564,FR,21,3.17287,-0.05694,0.29885,134,70,59,0.28574,3.29146,-0.07323,1,1,0.450
37.7040,564,BR,14,2.72462,-0.06905,0.30231,134,97,86,0.28120,2.78123,-0.08286,1,1,0.450
37.7120,564,FL,6,3.03264,0.22525,0.30128,134,68,46,0.32710,3.15571,0.25189,1,0,0.450
37.7120,564,BL,29,2.84217,0.20025,0.30015,134,70,53,0.28959,2.81530,0.19604,1,0,0.450
37.7120,564,FR,21,3.17255,-0.05715,0.29876,134,70,59,0.28565,3.29560,-0.07586,1,1,0.450
37.7120,564,BR,14,2.72429,-0.06831,0.30255,134,97,86,0.28144,2.78037,-0.08357,1,1,0.450
37.7220,564,FL,6,3.03144,0.22486,0.30113,134,68,46,0.32698,3.15454,0.25142,1,0,0.450
37.7220,564,BL,29,2.84129,0.19989,0.30017,134,70,53,0.28961,2.81474,0.19566,1,0,0.450
37.7220,564,FR,21,3.17164,-0.05728,0.29876,134,70,59,0.28565,3.29482,-0.07563,1,1,0.450
37.7220,564,BR,14,2.72329,-0.06880,0.30245,134,97,86,0.28134,2.77966,-0.08398,1,1,0.450
37.7340,565,FL,5,3.03141,0.22488,0.30148,134,68,46,0.32728,3.15449,0.25127,1,0,0.450
37.7340,565,BL,28,2.84143,0.19944,0.30016,134,70,53,0.28961,2.81062,0.19531,1,0,0.450
37.7340,565,FR,20,3.17175,-0.05773,0.29879,134,70,59,0.28568,3.29065,-0.07617,1,1,0.450
37.7340,565,BR,13,2.72336,-0.06905,0.30258,134,97,86,0.28147,2.77978,-0.08466,1,1,0.450
37.7440,565,FL,5,3.03058,0.22492,0.30192,134,68,46,0.32765,3.15350,0.25117,1,0,0.450
37.7440,565,BL,28,2.84033,0.19838,0.30017,134,70,53,0.28962,2.81226,0.19202,1,0,0.450
37.7440,565,FR,20,3.17090,-0.05767,0.29869,134,70,59,0.28558,3.29471,-0.07754,1,1,0.450
37.7440,565,BR,13,2.72237,-0.06842,0.30296,134,97,86,0.28185,2.77837,-0.08465,1,1,0.450
37.7540,565,FL,5,3.02950,0.22435,0.30223,134,68,46,0.35641,3.15235,0.25047,1,0,0.450
37.7540,565,BL,28,2.83949,0.19822,0.30017,134,70,53,0.28962,2.81203,0.19218,1,0,0.450
37.7540,565,FR,20,3.16990,-0.05800,0.29875,134,70,59,0.28564,3.29377,-0.07749,1,1,0.450
37.7560,565,BR,13,2.72137,-0.06906,0.30301,134,97,86,0.28190,2.77755,-0.08491,1,1,0.450
37.7640,566,FL,4,3.03042,0.22367,0.30354,134,68,46,0.32904,3.15315,0.24965,1,0,0.450
37.7640,566,BL,27,2.84037,0.19805,0.30017,134,70,53,0.28962,2.80862,0.19233,1,0,0.450
37.7640,566,FR,19,3.17073,-0.05837,0.29882,134,70,59,0.28570,3.29038,-0.07744,1,1,0.450
37.7640,566,BR,12,2.72218,-0.06958,0.30338,134,97,86,0.28226,2.77822,-0.08519,1,1,0.450
37.7760,566,FL,4,3.02975,0.22312,0.30417,134,68,46,0.35794,3.15231,0.24884,1,0,0.450
37.7760,566,BL,27,2.83953,0.19711,0.30019,134,70,53,0.28964,2.81109,0.19042,1,0,0.450
37.7760,566,FR,19,3.17007,-0.05847,0.29870,134,70,59,0.28559,3.29475,-0.07831,1,1,0.450
37.7760,566,BR,12,2.72127,-0.06930,0.30382,134,97,86,0.28271,2.77710,-0.08500,1,1,0.450
37.7860,566,FL,4,3.02934,0.22192,0.30532,133,67,45,0.35884,3.15187,0.24725,1,0,0.450
37.7860,566,BL,27,2.83950,0.19704,0.30017,134,70,53,0.28962,2.81176,0.19093,1,0,0.450
37.7860,566,FR,19,3.16971,-0.05913,0.29882,134,70,59,0.28571,3.29453,-0.07833,1,1,0.450
37.7860,566,BR,12,2.72084,-0.07038,0.30404,134,97,86,0.28292,2.77693,-0.08523,1,1,0.450
37.8020,567,FL,3,3.02919,0.22104,0.30650,132,66,44,0.35978,3.15176,0.24594,1,0,0.450
37.8020,567,BL,26,2.83959,0.19694,0.30018,134,70,53,0.28963,2.80750,0.19138,1,0,0.450
37.8020,567,FR,18,3.16966,-0.05966,0.29886,134,70,59,0.28575,3.29035,-0.07808,1,1,0.450
37.8040,567,BR,11,2.72063,-0.07114,0.30437,134,97,86,0.28326,2.77676,-0.08550,1,1,0.450
37.8200,567,FL,3,3.02976,0.22059,0.30726,132,66,44,0.36038,3.15283,0.24553,1,0,0.450
37.8200,567,BL,26,2.84052,0.19629,0.30020,134,70,53,0.28964,2.81199,0.19043,1,0,0.450
37.8200,567,FR,18,3.17061,-0.05974,0.29874,134,70,59,0.28563,3.29639,-0.07870,1,1,0.450
37.8200,567,BR,11,2.72122,-0.07068,0.30490,133,96,85,0.28378,2.77736,-0.08513,1,1,0.450
37.8340,568,FL,2,3.02900,0.21993,0.30708,132,66,44,0.36024,3.15267,0.24504,1,0,0.450
37.8360,568,BL,25,2.84062,0.19672,0.30016,134,70,53,0.28961,2.80847,0.19178,1,0,0.450
37.8360,568,FR,17,3.17030,-0.05994,0.29882,134,70,59,0.28571,3.29625,-0.07845,1,1,0.450
37.8360,568,BR,10,2.72070,-0.07100,0.30481,134,97,86,0.28369,2.77752,-0.08470,1,1,0.450
37.8520,569,FL,1,3.02986,0.21980,0.30684,132,66,44,0.36005,3.15530,0.24619,1,0,0.450
37.8520,569,BL,24,2.84259,0.19689,0.30014,134,70,53,0.28959,2.80982,0.19234,1,0,0.450
37.8520,569,FR,16,3.17213,-0.05924,0.29869,134,70,59,0.28558,3.30313,-0.07857,1,1,0.450
37.8520,569,BR,9,2.72214,-0.06939,0.30513,133,96,85,0.28401,2.77932,-0.08312,1,1,0.450
37.8680,569,FL,1,3.02821,0.21898,0.30564,133,67,45,0.35910,3.15492,0.24582,1,0,0.450
37.8680,569,BL,24,2.84297,0.19720,0.30006,134,70,53,0.28951,2.81466,0.19322,1,0,0.450
37.8680,569,FR,16,3.17200,-0.05901,0.29855,134,70,59,0.28544,3.30401,-0.07788,1,1,0.450
37.8680,569,BR,9,2.72112,-0.06899,0.30475,134,97,86,0.28364,2.77983,-0.08149,1,1,0.450
37.8840,570,FL,30,3.29455,0.22862,0.29994,134,103,92,0.27884,3.40135,0.24835,1,1,0.450
37.8840,570,BL,23,2.84546,0.19908,0.29999,134,70,53,0.28944,2.81313,0.19571,1,0,0.450
37.8840,570,FR,15,3.17374,-0.05822,0.29860,134,70,59,0.28549,3.30613,-0.07644,1,1,0.450
37.8840,570,BR,8,2.72215,-0.06816,0.30423,134,97,86,0.28311,2.78236,-0.07927,1,1,0.450
37.9180,571,FL,29,3.29975,0.23009,0.29998,134,103,92,0.27887,3.40965,0.25134,1,1,0.450
37.9180,571,BL,22,2.85064,0.20134,0.30004,134,70,53,0.28949,2.81854,0.19855,1,0,0.450
37.9180,571,FR,14,3.17872,-0.05564,0.29889,134,70,59,0.28578,3.31092,-0.07513,1,1,0.450
37.9180,571,BR,7,2.72716,-0.06390,0.30543,133,96,85,0.28431,2.78767,-0.07441,1,1,0.450
37.9380,571,FL,29,3.30487,0.23308,0.30001,134,103,92,0.27891,3.42161,0.25514,1,1,0.450
37.9380,571,BL,22,2.85547,0.20493,0.30000,134,70,53,0.28945,2.82837,0.20307,1,0,0.450
37.9380,571,FR,14,3.18134,-0.05441,0.29870,134,81,70,0.27760,3.31709,-0.07096,1,1,0.450
37.9380,571,BR,7,2.72611,-0.06381,0.30506,133,96,85,0.28394,2.79171,-0.07040,1,1,0.450
37.9600,572,FL,28,3.30859,0.23497,0.29999,134,103,92,0.27889,3.42168,0.25659,1,1,0.450
37.9600,572,BL,21,2.85888,0.20747,0.29988,134,70,53,0.28933,2.82829,0.20704,1,0,0.450
37.9600,572,FR,13,3.18308,-0.05406,0.29838,134,81,70,0.27728,3.32052,-0.06880,1,1,0.450
37.9600,572,BR,6,2.72661,-0.06342,0.30418,134,97,86,0.28306,2.79387,-0.06859,1,1,0.450
37.9780,573,FL,27,3.30998,0.23593,0.30002,134,103,92,0.27892,3.42321,0.25925,1,1,0.450
37.9780,573,BL,20,2.86020,0.20850,0.29986,134,70,53,0.28932,2.82866,0.20950,1,0,0.450
37.9780,573,FR,12,3.18395,-0.05346,0.29812,134,81,70,0.27703,3.32201,-0.06806,1,1,0.450
37.9780,573,BR,5,2.72709,-0.06220,0.30398,134,97,86,0.28286,2.79510,-0.06623,1,1,0.450
37.9920,573,FL,27,3.31126,0.23664,0.30005,134,103,92,0.27895,3.43055,0.26091,1,1,0.450
37.9920,573,BL,20,2.86131,0.20917,0.29985,134,70,53,0.28931,2.83417,0.21101,1,0,0.450
37.9920,573,FR,12,3.18449,-0.05320,0.29820,134,81,70,0.27710,3.32336,-0.06754,1,1,0.450
37.9940,573,BR,5,2.72720,-0.06150,0.30467,134,97,86,0.28356,2.79593,-0.06461,1,1,0.450
38.0080,574,FL,26,3.31208,0.23752,0.30003,134,103,92,0.27893,3.42768,0.26145,1,1,0.450
38.0100,574,BL,19,2.86197,0.21065,0.29989,134,70,53,0.28935,2.83044,0.21297,1,0,0.450
38.0100,574,FR,11,3.18481,-0.05229,0.29871,134,81,70,0.27761,3.32359,-0.06650,1,1,0.450
38.0100,574,BR,4,2.72757,-0.06060,0.30598,132,96,85,0.28486,2.79664,-0.06260,1,1,0.450
38.0240,574,FL,26,3.31302,0.23800,0.30003,134,103,92,0.27893,3.43450,0.26305,1,1,0.450
38.0240,574,BL,19,2.86278,0.21106,0.29993,134,70,53,0.28939,2.83519,0.21392,1,0,0.450
38.0240,574,FR,11,3.18551,-0.05177,0.29881,134,81,70,0.27771,3.32445,-0.06629,1,1,0.450
38.0240,574,BR,4,2.72817,-0.05924,0.30685,132,96,85,0.28573,2.79749,-0.06050,1,1,0.450
38.0380,575,FL,25,3.31244,0.23879,0.30005,134,103,92,0.27895,3.42887,0.26394,1,1,0.450
38.0380,575,BL,18,2.86218,0.21259,0.30002,134,70,53,0.28947,2.82962,0.21578,1,0,0.450
38.0380,575,FR,10,3.18489,-0.05069,0.29951,134,81,70,0.27841,3.32314,-0.06526,1,1,0.450
38.0380,575,BR,3,2.72789,-0.05817,0.30836,132,96,85,0.28723,2.79714,-0.05795,1,1,0.450
38.0500,575,FL,25,3.31204,0.23888,0.30005,134,103,92,0.27894,3.43431,0.26523,1,1,0.450
38.0500,575,BL,18,2.86169,0.21241,0.30006,134,70,53,0.28951,2.83287,0.21631,1,0,0.450
38.0500,575,FR,10,3.18457,-0.05079,0.29955,134,81,70,0.27845,3.32254,-0.06550,1,1,0.450
38.0500,575,BR,3,2.72783,-0.05740,0.30880,131,95,84,0.28767,2.79670,-0.05670,1,1,0.450
38.0620,576,FL,24,3.31198,0.23962,0.30007,134,103,92,0.27897,3.42916,0.26621,1,1,0.450
38.0620,576,BL,17,2.86154,0.21363,0.30004,134,70,53,0.28949,2.83297,0.21768,1,0,0.450
38.0620,576,FR,9,3.18413,-0.05041,0.29984,134,81,70,0.27874,3.32183,-0.06466,1,1,0.450
38.0620,576,BR,2,2.72802,-0.05688,0.30915,131,95,84,0.28802,2.79563,-0.05578,1,1,0.450
38.0780,576,FL,24,3.31108,0.23957,0.30006,134,103,92,0.27895,3.43394,0.26731,1,1,0.450
38.0780,576,BL,17,2.86057,0.21292,0.30005,134,70,53,0.28950,2.83079,0.21871,1,0,0.450
38.0780,576,FR,9,3.18358,-0.05106,0.29983,134,81,70,0.27873,3.32068,-0.06530,1,1,0.450
38.0780,576,BR,2,2.72805,-0.05674,0.30914,131,95,84,0.28801,2.79506,-0.05565,1,1,0.450
38.0940,577,FL,23,3.30873,0.24013,0.30010,134,103,92,0.27900,3.42638,0.26835,1,1,0.450
38.0940,577,BL,16,2.85843,0.21367,0.30013,134,70,53,0.28958,2.82801,0.21954,1,0,0.450
38.0940,577,FR,8,3.18237,-0.05082,0.30038,134,81,70,0.27928,3.31783,-0.06467,1,1,0.450
38.0940,577,BR,1,2.72780,-0.05663,0.31003,131,95,84,0.28890,2.79378,-0.05517,1,1,0.450
38.1360,578,FL,22,3.30699,0.24062,0.30022,134,103,92,0.27912,3.41962,0.27388,1,1,0.450
38.1360,578,BL,15,2.85705,0.21264,0.30016,134,70,53,0.28961,2.82560,0.22030,1,0,0.450
38.1360,578,FR,7,3.18214,-0.05197,0.30016,134,81,70,0.27906,3.31609,-0.06523,1,1,0.450
38.1360,578,BR,30,3.00335,-0.04588,0.29984,134,68,46,0.35453,3.18179,-0.04539,1,0,0.450
38.1460,578,FL,22,3.29970,0.24088,0.30021,134,103,92,0.27911,3.41535,0.27726,1,1,0.450
38.1460,578,BL,15,2.85055,0.21102,0.30034,134,70,53,0.28978,2.81666,0.22067,1,0,0.450
38.1460,578,FR,7,3.17927,-0.05303,0.30027,134,70,59,0.28711,3.30821,-0.06579,1,1,0.450
38.1460,578,BR,30,2.99633,-0.04485,0.29981,134,68,46,0.35451,3.17323,-0.03987,1,0,0.450
38.1540,579,FL,21,3.29812,0.24082,0.30020,134,103,92,0.27910,3.41034,0.27669,1,1,0.450
38.1540,579,BL,14,2.84943,0.21117,0.30036,134,70,53,0.28980,2.81418,0.22064,1,0,0.450
38.1540,579,FR,6,3.17907,-0.05282,0.30036,134,70,59,0.28720,3.30689,-0.06562,1,1,0.450
38.1540,579,BR,29,2.99481,-0.04484,0.29983,134,68,46,0.35453,3.16877,-0.04028,1,0,0.450
38.1660,579,FL,21,3.29743,0.24031,0.30020,134,103,92,0.27909,3.41350,0.27849,1,1,0.450
38.1660,579,BL,14,2.84920,0.20986,0.30042,134,70,53,0.28986,2.81253,0.22021,1,0,0.450
38.1660,579,FR,6,3.17987,-0.05341,0.29992,134,70,59,0.28678,3.30638,-0.06662,1,1,0.450
38.1660,579,BR,29,2.99388,-0.04428,0.29976,134,68,46,0.35447,3.16865,-0.03699,1,0,0.450
38.1740,579,FL,21,3.29557,0.24020,0.30021,134,103,92,0.27910,3.41180,0.27812,1,1,0.450
38.1740,579,BL,14,2.84740,0.21016,0.30040,134,70,53,0.28983,2.81054,0.22010,1,0,0.450
38.1760,579,FR,6,3.17851,-0.05307,0.30004,134,70,59,0.28689,3.30412,-0.06636,1,1,0.450
38.1760,579,BR,29,2.99198,-0.04429,0.29977,134,68,46,0.35448,3.16723,-0.03697,1,0,0.450
38.1880,580,FL,20,3.29463,0.24023,0.30022,134,103,92,0.27912,3.40739,0.27761,1,1,0.450
38.1880,580,BL,13,2.84657,0.21024,0.30051,134,70,53,0.28994,2.80930,0.22014,1,0,0.450
38.1880,580,FR,5,3.17810,-0.05292,0.30027,134,70,59,0.28711,3.30307,-0.06626,1,1,0.450
38.1880,580,BR,28,2.99103,-0.04426,0.29977,134,68,46,0.35448,3.16280,-0.03749,1,0,0.450
38.1980,580,FL,20,3.29296,0.23965,0.30026,134,103,92,0.27916,3.41027,0.27885,1,1,0.450
38.1980,580,BL,13,2.84507,0.20895,0.30070,134,70,53,0.29012,2.80694,0.21957,1,0,0.450
38.1980,580,FR,5,3.17740,-0.05322,0.30037,134,70,59,0.28721,3.30112,-0.06701,1,1,0.450
38.1980,580,BR,28,2.98919,-0.04376,0.29970,134,68,46,0.35442,3.16353,-0.03528,1,0,0.450
38.2080,580,FL,20,3.29250,0.23960,0.30031,134,103,92,0.27921,3.40994,0.27858,1,1,0.450
38.2100,580,BL,13,2.84471,0.20919,0.30081,134,70,53,0.29023,2.80630,0.21944,1,0,0.450
38.2100,580,FR,5,3.17745,-0.05285,0.30082,134,70,59,0.28765,3.30059,-0.06668,1,1,0.450
38.2100,580,BR,28,2.98880,-0.04385,0.29970,134,68,46,0.35443,3.16354,-0.03531,1,0,0.450
38.2180,581,FL,19,3.29128,0.23962,0.30035,134,103,92,0.27924,3.40541,0.27783,1,1,0.450
38.2180,581,BL,12,2.84341,0.20934,0.30100,134,70,53,0.29041,2.80503,0.21928,1,0,0.450
38.2180,581,FR,4,3.17641,-0.05242,0.30124,134,70,59,0.28805,3.29897,-0.06628,1,1,0.450
38.2180,581,BR,27,2.98763,-0.04393,0.29971,134,68,46,0.35443,3.15898,-0.03607,1,0,0.450
38.2300,581,FL,19,3.29091,0.23906,0.30042,134,103,92,0.27931,3.40985,0.27872,1,1,0.450
38.2300,581,BL,12,2.84312,0.20822,0.30127,134,70,53,0.29068,2.80410,0.21858,1,0,0.450
38.2300,581,FR,4,3.17662,-0.05240,0.30156,134,70,59,0.28836,3.29849,-0.06665,1,1,0.450
38.2300,581,BR,27,2.98717,-0.04351,0.29963,134,68,46,0.35437,3.16203,-0.03456,1,0,0.450
38.2380,581,FL,19,3.29044,0.23898,0.30049,134,103,92,0.27939,3.40953,0.27831,1,1,0.450
38.2380,581,BL,12,2.84254,0.20853,0.30141,134,70,53,0.29081,2.80373,0.21831,1,0,0.450
38.2400,581,FR,4,3.17617,-0.05186,0.30216,134,70,59,0.28894,3.29768,-0.06614,1,1,0.450
38.2400,581,BR,27,2.98678,-0.04373,0.29963,134,68,46,0.35437,3.16198,-0.03478,1,0,0.450
38.2500,582,FL,18,3.28955,0.23897,0.30055,134,103,92,0.27945,3.40545,0.27733,1,1,0.450
38.2500,582,BL,11,2.84147,0.20877,0.30168,134,70,53,0.29107,2.80285,0.21804,1,0,0.450
38.2500,582,FR,3,3.17523,-0.05128,0.30284,134,70,59,0.28960,3.29633,-0.06549,1,1,0.450
38.2500,582,BR,26,2.98597,-0.04390,0.29963,134,68,46,0.35437,3.15782,-0.03576,1,0,0.450
38.2580,582,FL,18,3.28907,0.23841,0.30068,134,103,92,0.27958,3.41000,0.27779,1,1,0.450
38.2580,582,BL,11,2.84074,0.20797,0.30217,134,70,53,0.29154,2.80208,0.21714,1,0,0.450
38.2580,582,FR,3,3.17475,-0.05076,0.30366,134,70,59,0.29040,3.29530,-0.06517,1,1,0.450
38.2580,582,BR,26,2.98549,-0.04363,0.29957,134,68,46,0.35432,3.16135,-0.03484,1,0,0.450
38.2700,582,FL,18,3.28902,0.23832,0.30075,134,103,92,0.27964,3.41010,0.27732,1,1,0.450
38.2700,582,BL,11,2.84058,0.20823,0.30226,134,70,53,0.29163,2.80215,0.21686,1,0,0.450
38.2700,582,FR,3,3.17458,-0.05031,0.30418,134,70,59,0.29090,3.29516,-0.06474,1,1,0.450
38.2700,582,BR,26,2.98555,-0.04393,0.29955,134,68,46,0.35431,3.16174,-0.03523,1,0,0.450
38.2800,583,FL,17,3.28995,0.23800,0.30078,134,103,92,0.27968,3.41103,0.27678,1,1,0.450
38.2800,583,BL,10,2.84148,0.20812,0.30243,134,70,53,0.29179,2.80308,0.21630,1,0,0.450
38.2800,583,FR,2,3.17535,-0.05004,0.30461,134,70,59,0.29133,3.29638,-0.06458,1,1,0.450
38.2800,583,BR,25,2.98649,-0.04438,0.29956,134,68,46,0.35431,3.15927,-0.03653,1,0,0.450
38.2880,583,FL,17,3.28864,0.23758,0.30090,134,103,92,0.27980,3.41167,0.27621,1,1,0.450
38.2880,583,BL,10,2.83939,0.20781,0.30279,134,70,53,0.29214,2.80198,0.21531,1,0,0.450
38.2880,583,FR,2,3.17327,-0.04915,0.30505,133,70,59,0.29175,3.29355,-0.06341,1,1,0.450
38.2880,583,BR,25,2.98527,-0.04414,0.29949,134,68,46,0.35426,3.16220,-0.03589,1,0,0.450
38.2980,583,FL,17,3.29054,0.23706,0.30095,134,103,92,0.27985,3.41346,0.27539,1,1,0.450
38.2980,583,BL,10,2.84151,0.20747,0.30288,134,70,53,0.29222,2.80389,0.21470,1,0,0.450
38.2980,583,FR,2,3.17488,-0.04919,0.30542,133,70,59,0.29211,3.29656,-0.06409,1,1,0.450
38.2980,583,BR,25,2.98723,-0.04485,0.29946,134,68,46,0.35424,3.16462,-0.03680,1,0,0.450
38.3080,584,FL,16,3.29146,0.23649,0.30099,134,103,92,0.27988,3.41785,0.27533,1,1,0.450
38.3080,584,BL,9,2.84212,0.20722,0.30294,134,70,53,0.29228,2.80522,0.21371,1,0,0.450
38.3080,584,FR,1,3.17490,-0.04896,0.30555,133,70,59,0.29224,3.29745,-0.06415,1,1,0.450
38.3080,584,BR,24,2.98814,-0.04557,0.29946,134,68,46,0.35424,3.16199,-0.03832,1,0,0.450
38.3180,584,FL,16,3.29208,0.23572,0.30109,134,103,92,0.27998,3.42033,0.27444,1,1,0.450
38.3180,584,BL,9,2.84213,0.20641,0.30307,134,70,53,0.29241,2.80600,0.21241,1,0,0.450
38.3180,584,FR,1,3.17461,-0.04866,0.30574,132,69,58,0.29241,3.29712,-0.06396,1,1,0.450
38.3180,584,BR,24,2.98884,-0.04567,0.29937,134,68,46,0.35417,3.16687,-0.03813,1,0,0.450
38.3280,584,FL,16,3.29227,0.23525,0.30120,134,103,92,0.28009,3.42074,0.27335,1,1,0.450
38.3280,584,BL,9,2.84193,0.20648,0.30309,134,70,53,0.29243,2.80676,0.21145,1,0,0.450
38.3280,584,FR,1,3.17352,-0.04821,0.30623,132,69,58,0.29290,3.29635,-0.06390,1,1,0.450
38.3280,584,BR,24,2.98925,-0.04654,0.29933,134,68,46,0.35414,3.16770,-0.03916,1,0,0.450
38.3380,585,FL,15,3.29428,0.23432,0.30126,134,103,92,0.28016,3.42272,0.27239,1,1,0.450
38.3380,585,BL,8,2.84390,0.20551,0.30318,134,70,53,0.29251,2.80899,0.21001,1,0,0.450
38.3380,585,FR,30,3.44360,-0.03771,0.30015,134,134,125,0.27904,3.54366,-0.04146,1,1,0.450
38.3380,585,BR,23,2.99137,-0.04764,0.29932,134,68,46,0.35413,3.16630,-0.04111,1,0,0.450
38.3600,585,FL,15,3.29522,0.23320,0.30136,134,103,92,0.28025,3.42397,0.27147,1,1,0.450
38.3600,585,BL,8,2.84472,0.20400,0.30322,134,70,53,0.29255,2.81056,0.20810,1,0,0.450
38.3600,585,FR,30,3.44466,-0.03847,0.30015,134,134,125,0.27904,3.55822,-0.04283,1,1,0.450
38.3620,585,BR,23,2.99224,-0.04828,0.29930,134,68,46,0.35411,3.17454,-0.04185,1,0,0.450
38.3720,586,FL,14,3.29700,0.23210,0.30138,134,103,92,0.28028,3.42787,0.26839,1,1,0.450
38.3720,586,BL,7,2.84441,0.20434,0.30316,134,70,53,0.29249,2.81337,0.20583,1,0,0.450
38.3720,586,FR,29,3.44805,-0.04066,0.30018,134,134,125,0.27908,3.55722,-0.04550,1,1,0.450
38.3720,586,BR,22,2.99542,-0.05096,0.29923,134,68,46,0.35405,3.17400,-0.04579,1,0,0.450
38.3840,586,FL,14,3.29793,0.23199,0.30144,134,103,92,0.28033,3.43081,0.26751,1,1,0.450
38.3840,586,BL,7,2.84438,0.20430,0.30283,134,70,53,0.29218,2.81433,0.20492,1,0,0.450
38.3840,586,FR,29,3.45039,-0.04141,0.30019,134,134,125,0.27908,3.56950,-0.04630,1,1,0.450
38.3840,586,BR,22,2.99732,-0.05131,0.29915,134,68,46,0.35399,3.18212,-0.04650,1,0,0.450
38.3960,587,FL,13,3.29837,0.23173,0.30149,134,103,92,0.28039,3.43198,0.26641,1,1,0.450
38.3960,587,BL,6,2.84436,0.20447,0.30269,134,70,53,0.29204,2.81493,0.20412,1,0,0.450
38.3960,587,FR,28,3.45155,-0.04217,0.30022,134,134,125,0.27912,3.56601,-0.04781,1,1,0.450
38.3960,587,BR,21,2.99835,-0.05238,0.29907,134,68,46,0.35393,3.17898,-0.04871,1,0,0.450
38.4040,587,FL,13,3.29778,0.23182,0.30150,134,103,92,0.28039,3.43225,0.26638,1,1,0.450
38.4040,587,BL,6,2.84366,0.20439,0.30245,134,70,53,0.29181,2.81446,0.20373,1,0,0.450
38.4040,587,FR,28,3.45173,-0.04231,0.30020,134,134,125,0.27910,3.57440,-0.04783,1,1,0.450
38.4040,587,BR,21,2.99810,-0.05207,0.29900,134,68,46,0.35388,3.18398,-0.04850,1,0,0.450
38.4160,587,FL,13,3.29866,0.23142,0.30158,134,103,92,0.28047,3.43353,0.26537,1,1,0.450
38.4160,587,BL,6,2.84441,0.20437,0.30252,134,70,53,0.29188,2.81532,0.20305,1,0,0.450
38.4160,587,FR,28,3.45307,-0.04304,0.30024,134,134,125,0.27914,3.57566,-0.04857,1,1,0.450
38.4160,587,BR,21,2.99935,-0.05305,0.29895,134,68,46,0.35384,3.18545,-0.04967,1,0,0.450
38.4240,588,FL,12,3.29847,0.23105,0.30175,134,103,92,0.28064,3.43334,0.26465,1,1,0.450
38.4240,588,BL,5,2.84415,0.20425,0.30306,134,70,53,0.29240,2.81529,0.20218,1,0,0.450
38.4240,588,FR,27,3.45293,-0.04369,0.30025,134,134,125,0.27915,3.57081,-0.05006,1,1,0.450
38.4240,588,BR,20,2.99921,-0.05373,0.29899,134,68,46,0.35387,3.18060,-0.05144,1,0,0.450
38.4360,588,FL,12,3.29817,0.23121,0.30186,134,103,92,0.28075,3.43371,0.26475,1,1,0.450
38.4360,588,BL,5,2.84393,0.20413,0.30319,134,70,53,0.29252,2.81508,0.20202,1,0,0.450
38.4360,588,FR,27,3.45336,-0.04375,0.30022,134,134,125,0.27911,3.57855,-0.05003,1,1,0.450
38.4360,588,BR,20,2.99916,-0.05331,0.29894,134,68,46,0.35383,3.18539,-0.05115,1,0,0.450
38.4440,588,FL,12,3.29824,0.23057,0.30208,134,103,92,0.28097,3.43363,0.26375,1,1,0.450
38.4460,588,BL,5,2.84420,0.20376,0.30377,134,70,53,0.29308,2.81516,0.20095,1,0,0.450
38.4460,588,FR,27,3.45352,-0.04450,0.30026,134,134,125,0.27915,3.57865,-0.05082,1,1,0.450
38.4460,588,BR,20,2.99929,-0.05435,0.29891,134,68,46,0.35381,3.18565,-0.05224,1,0,0.450
38.4560,589,FL,11,3.29833,0.23019,0.30223,134,103,92,0.28112,3.43352,0.26319,1,1,0.450
38.4560,589,BL,4,2.84436,0.20345,0.30422,134,70,53,0.29351,2.81532,0.20013,1,0,0.450
38.4560,589,FR,26,3.45356,-0.04501,0.30026,134,134,125,0.27916,3.57381,-0.05222,1,1,0.450
38.4560,589,BR,19,2.99934,-0.05492,0.29895,134,68,46,0.35384,3.18075,-0.05391,1,0,0.450
38.4640,589,FL,11,3.29848,0.22998,0.30249,134,103,92,0.28138,3.43389,0.26310,1,1,0.450
38.4640,589,BL,4,2.84482,0.20282,0.30479,134,70,53,0.29406,2.81572,0.19934,1,0,0.450
38.4640,589,FR,26,3.45428,-0.04528,0.30021,134,134,125,0.27911,3.58136,-0.05242,1,1,0.450
38.4640,589,BR,19,2.99955,-0.05483,0.29893,134,68,46,0.35382,3.18554,-0.05391,1,0,0.450
38.4740,589,FL,11,3.29783,0.22950,0.30276,134,103,92,0.28165,3.43275,0.26223,1,1,0.450
38.4740,589,BL,4,2.84455,0.20264,0.30546,133,69,52,0.29470,2.81511,0.19838,1,0,0.450
38.4740,589,FR,26,3.45345,-0.04589,0.30026,134,134,125,0.27915,3.58046,-0.05305,1,1,0.450
38.4740,589,BR,19,2.99875,-0.05571,0.29892,134,68,46,0.35381,3.18478,-0.05484,1,0,0.450
38.4840,590,FL,10,3.29803,0.22878,0.30296,134,103,92,0.28185,3.43264,0.26128,1,1,0.450
38.4840,590,BL,3,2.84499,0.20199,0.30611,132,68,52,0.29533,2.81521,0.19702,1,0,0.450
38.4840,590,FR,25,3.45364,-0.04671,0.30026,134,134,125,0.27916,3.57564,-0.05479,1,1,0.450
38.4840,590,BR,18,2.99895,-0.05671,0.29898,134,68,46,0.35386,3.17987,-0.05693,1,0,0.450
38.4940,590,FL,10,3.29715,0.22895,0.30325,134,103,92,0.28213,3.43140,0.26141,1,1,0.450
38.4940,590,BL,3,2.84463,0.20176,0.30652,132,68,52,0.29572,2.81476,0.19647,1,0,0.450
38.4940,590,FR,25,3.45292,-0.04677,0.30020,134,134,125,0.27909,3.58144,-0.05491,1,1,0.450
38.4940,590,BR,18,2.99776,-0.05633,0.29896,134,68,46,0.35385,3.18294,-0.05690,1,0,0.450
38.5040,590,FL,10,3.29681,0.22825,0.30345,134,103,92,0.28233,3.43076,0.26020,1,1,0.450
38.5040,590,BL,3,2.84490,0.20133,0.30688,132,68,52,0.29607,2.81388,0.19532,1,0,0.450
38.5040,590,FR,25,3.45271,-0.04770,0.30025,134,134,125,0.27914,3.58117,-0.05580,1,1,0.450
38.5040,590,BR,18,2.99754,-0.05761,0.29893,134,68,46,0.35382,3.18286,-0.05821,1,0,0.450
38.5140,591,FL,9,3.29603,0.22798,0.30360,134,103,92,0.28249,3.42921,0.25947,1,1,0.450
38.5140,591,BL,2,2.84461,0.20127,0.30722,132,68,52,0.29640,2.81305,0.19449,1,0,0.450
38.5140,591,FR,24,3.45152,-0.04836,0.30025,134,134,125,0.27915,3.57483,-0.05749,1,1,0.450
38.5140,591,BR,17,2.99641,-0.05828,0.29898,134,68,46,0.35386,3.18152,-0.05918,1,0,0.450
38.5220,591,FL,9,3.29487,0.22843,0.30374,134,103,92,0.28263,3.42748,0.25968,1,1,0.450
38.5220,591,BL,2,2.84429,0.20136,0.30720,132,68,52,0.29637,2.81224,0.19446,1,0,0.450
38.5240,591,FR,24,3.45054,-0.04839,0.30018,134,134,125,0.27908,3.58047,-0.05775,1,1,0.450
38.5240,591,BR,17,2.99480,-0.05775,0.29888,134,68,46,0.35378,3.17906,-0.06033,1,0,0.450
38.5340,591,FL,9,3.29482,0.22783,0.30388,134,103,92,0.28276,3.42711,0.25847,1,1,0.450
38.5340,591,BL,2,2.84496,0.20105,0.30721,132,68,52,0.29638,2.81127,0.19374,1,0,0.450
38.5340,591,FR,24,3.45035,-0.04946,0.30023,134,134,125,0.27913,3.57987,-0.05884,1,1,0.450
38.5340,591,BR,17,2.99479,-0.05896,0.29889,134,68,46,0.35379,3.17893,-0.06175,1,0,0.450
38.5420,592,FL,8,3.29387,0.22778,0.30393,134,103,92,0.28281,3.42492,0.25761,1,1,0.450
38.5420,592,BL,1,2.84484,0.20127,0.30725,132,68,52,0.29643,2.81017,0.19349,1,0,0.450
38.5440,592,FR,23,3.44856,-0.05036,0.30023,134,134,125,0.27912,3.57284,-0.06098,1,1,0.450
38.5440,592,BR,16,2.99312,-0.05962,0.29893,134,68,46,0.35382,3.17690,-0.06302,1,0,0.450
38.5620,592,FL,8,3.29335,0.22818,0.30394,134,103,92,0.28283,3.42366,0.25763,1,1,0.450
38.5620,592,BL,1,2.84516,0.20121,0.30708,132,68,52,0.29626,2.80964,0.19371,1,0,0.450
38.5620,592,FR,23,3.44799,-0.05077,0.30020,134,134,125,0.27909,3.57349,-0.06676,1,1,0.450
38.5620,592,BR,16,2.99201,-0.05906,0.29882,134,68,46,0.35374,3.17541,-0.06373,1,0,0.450
38.5720,593,FL,7,3.29242,0.22798,0.30377,134,103,92,0.28266,3.42024,0.25595,1,1,0.450
38.5720,593,BL,30,3.11827,0.21176,0.29992,134,68,48,0.30289,3.19105,0.21776,1,0,0.450
38.5720,593,FR,22,3.44507,-0.05230,0.30011,134,134,125,0.27901,3.56635,-0.06805,1,1,0.450
38.5720,593,BR,15,2.98944,-0.06012,0.29882,134,68,46,0.35374,3.17188,-0.06591,1,0,0.450
38.5840,593,FL,7,3.29183,0.22872,0.30319,134,103,92,0.28208,3.41834,0.25601,1,1,0.450
38.5840,593,BL,30,3.11665,0.21039,0.29992,134,68,48,0.30289,3.18793,0.21019,1,0,0.450
38.5840,593,FR,22,3.44351,-0.05286,0.30007,134,134,125,0.27897,3.56835,-0.07224,1,1,0.450
38.5840,593,BR,15,2.98765,-0.05921,0.29875,134,68,46,0.35368,3.16911,-0.06676,1,0,0.450
38.5940,593,FL,7,3.29037,0.22816,0.30366,134,103,92,0.28255,3.41554,0.25497,1,1,0.450
38.5940,593,BL,30,3.11415,0.20968,0.29994,134,68,48,0.30290,3.18600,0.20951,1,0,0.450
38.5960,593,FR,22,3.44098,-0.05345,0.30007,134,134,125,0.27896,3.56573,-0.07232,1,1,0.450
38.5960,593,BR,15,2.98538,-0.05992,0.29877,134,68,46,0.35370,3.16629,-0.06754,1,0,0.450
38.6100,594,FL,6,3.29096,0.22820,0.30350,134,103,92,0.28239,3.41474,0.25444,1,1,0.450
38.6100,594,BL,29,3.11317,0.20869,0.29994,134,68,48,0.30290,3.18089,0.20843,1,0,0.450
38.6100,594,FR,21,3.43996,-0.05448,0.30006,134,134,125,0.27896,3.56034,-0.07373,1,1,0.450
38.6120,594,BR,14,2.98482,-0.06040,0.29878,134,68,46,0.35371,3.16469,-0.06887,1,0,0.450
38.6280,594,FL,6,3.28987,0.22874,0.30309,134,103,92,0.28198,3.41195,0.25468,1,1,0.450
38.6280,594,BL,29,3.11077,0.20718,0.29993,134,68,48,0.30290,3.17976,0.20347,1,0,0.450
38.6280,594,FR,21,3.43788,-0.05478,0.29999,134,134,125,0.27889,3.56287,-0.07648,1,1,0.450
38.6280,594,BR,14,2.98251,-0.05959,0.29864,134,68,46,0.35360,3.16139,-0.06953,1,0,0.450
38.6400,595,FL,5,3.28860,0.22834,0.30329,134,103,92,0.28218,3.40907,0.25384,1,1,0.450
38.6400,595,BL,28,3.10835,0.20646,0.29995,134,68,48,0.30291,3.17392,0.20288,1,0,0.450
38.6400,595,FR,20,3.43544,-0.05537,0.30002,134,134,125,0.27892,3.55620,-0.07655,1,1,0.450
38.6400,595,BR,13,2.98042,-0.06040,0.29874,134,68,46,0.35367,3.15870,-0.07049,1,0,0.450
38.6500,595,FL,5,3.28723,0.22824,0.30378,134,103,92,0.28267,3.40648,0.25379,1,1,0.450
38.6500,595,BL,28,3.10651,0.20552,0.29996,134,68,48,0.30292,3.17465,0.20005,1,0,0.450
38.6500,595,FR,20,3.43387,-0.05520,0.30001,134,134,125,0.27891,3.55972,-0.07799,1,1,0.450
38.6500,595,BR,13,2.97835,-0.05959,0.29885,134,68,46,0.33037,3.15614,-0.07032,1,0,0.450
38.6580,595,FL,5,3.28658,0.22751,0.30458,134,103,92,0.28347,3.40493,0.25277,1,1,0.450
38.6600,595,BL,28,3.10541,0.20535,0.29997,134,68,48,0.30294,3.17421,0.19992,1,0,0.450
38.6600,595,FR,20,3.43263,-0.05549,0.30010,134,134,125,0.27899,3.55836,-0.07776,1,1,0.450
38.6600,595,BR,13,2.97730,-0.06035,0.29907,134,68,46,0.33056,3.15491,-0.07059,1,0,0.450
38.6700,596,FL,4,3.28654,0.22712,0.30528,133,103,92,0.28416,3.40416,0.25216,1,1,0.450
38.6700,596,BL,27,3.10501,0.20517,0.29998,134,68,48,0.30294,3.16985,0.20020,1,0,0.450
38.6700,596,FR,19,3.43225,-0.05570,0.30014,134,134,125,0.27904,3.55402,-0.07753,1,1,0.450
38.6700,596,BR,12,2.97694,-0.06071,0.29931,134,68,46,0.33076,3.15439,-0.07077,1,0,0.450
38.6800,596,FL,4,3.28511,0.22649,0.30616,132,102,91,0.28504,3.40157,0.25145,1,1,0.450
38.6800,596,BL,27,3.10350,0.20439,0.30000,134,68,48,0.30295,3.17149,0.19841,1,0,0.450
38.6800,596,FR,19,3.43102,-0.05544,0.30017,134,134,125,0.27907,3.55805,-0.07827,1,1,0.450
38.6800,596,BR,12,2.97501,-0.06026,0.29956,134,68,46,0.33097,3.15241,-0.07026,1,0,0.450
38.6900,596,FL,4,3.28516,0.22585,0.30721,132,102,91,0.28609,3.40096,0.25050,1,1,0.450
38.6900,596,BL,27,3.10329,0.20443,0.30001,134,68,48,0.30297,3.17200,0.19863,1,0,0.450
38.6900,596,FR,19,3.43065,-0.05560,0.30029,134,134,125,0.27918,3.55759,-0.07786,1,1,0.450
38.6900,596,BR,12,2.97481,-0.06096,0.29983,134,68,46,0.33120,3.15212,-0.07035,1,0,0.450
38.6980,597,FL,3,3.28415,0.22503,0.30814,132,102,91,0.28701,3.39896,0.24926,1,1,0.450
38.7000,597,BL,26,3.10202,0.20438,0.30002,134,68,48,0.30298,3.16676,0.19919,1,0,0.450
38.7000,597,FR,18,3.42937,-0.05580,0.30036,134,125,114,0.27926,3.55245,-0.07728,1,1,0.450
38.7000,597,BR,11,2.97341,-0.06157,0.30014,134,68,46,0.33146,3.15081,-0.07031,1,0,0.450
38.7100,597,FL,3,3.28443,0.22489,0.30862,131,102,91,0.28749,3.39884,0.24938,1,1,0.450
38.7100,597,BL,26,3.10209,0.20383,0.30004,134,68,48,0.30299,3.17027,0.19818,1,0,0.450
38.7100,597,FR,18,3.42975,-0.05528,0.30036,134,125,114,0.27926,3.55790,-0.07777,1,1,0.450
38.7100,597,BR,11,2.97328,-0.06061,0.30034,134,68,46,0.33163,3.15035,-0.06964,1,0,0.450
38.7180,597,FL,3,3.28348,0.22404,0.30931,131,102,91,0.28818,3.39733,0.24842,1,1,0.450
38.7180,597,BL,26,3.10112,0.20410,0.30004,134,68,48,0.30300,3.16996,0.19864,1,0,0.450
38.7180,597,FR,18,3.42853,-0.05533,0.30048,134,125,114,0.27937,3.55669,-0.07717,1,1,0.450
38.7180,597,BR,11,2.97209,-0.06127,0.30053,134,68,46,0.33178,3.19937,-0.06941,1,0,0.450
38.7300,598,FL,2,3.28393,0.22399,0.30939,131,102,91,0.28826,3.39766,0.24893,1,1,0.450
38.7300,598,BL,25,3.10254,0.20476,0.30022,134,68,48,0.30316,3.16372,0.20017,1,0,0.450
38.7300,598,FR,17,3.43000,-0.05495,0.30066,134,125,114,0.27956,3.56156,-0.07618,1,1,0.450
38.7300,598,BR,10,2.97169,-0.06121,0.29959,134,68,46,0.33099,3.15104,-0.06957,1,0,0.450
38.7380,598,FL,2,3.28408,0.22362,0.30973,131,102,91,0.28860,3.39807,0.24871,1,1,0.450
38.7380,598,BL,25,3.10149,0.20419,0.30007,134,68,48,0.30302,3.17012,0.19894,1,0,0.450
38.7400,598,FR,17,3.42906,-0.05439,0.30054,134,125,114,0.27943,3.55792,-0.07633,1,1,0.450
38.7400,598,BR,10,2.97237,-0.06006,0.30089,134,68,46,0.33208,3.19929,-0.06798,1,0,0.450
38.7480,598,FL,2,3.28395,0.22317,0.30983,131,102,91,0.28869,3.39863,0.24911,1,1,0.450
38.7480,598,BL,25,3.10292,0.20530,0.30027,134,68,48,0.30321,3.16814,0.20068,1,0,0.450
38.7480,598,FR,17,3.43031,-0.05395,0.30077,134,134,125,0.27967,3.56266,-0.07505,1,1,0.450
38.7480,598,BR,10,2.97154,-0.06016,0.29979,134,68,46,0.33116,3.15076,-0.06764,1,0,0.450
38.7580,599,FL,1,3.28428,0.22298,0.30994,131,102,91,0.28881,3.39989,0.24941,1,1,0.450
38.7580,599,BL,24,3.10216,0.20570,0.30006,134,68,48,0.30301,3.16717,0.20124,1,0,0.450
38.7580,599,FR,16,3.42940,-0.05355,0.30064,134,125,114,0.27954,3.56218,-0.07554,1,1,0.450
38.7580,599,BR,9,2.97283,-0.05937,0.30105,134,68,46,0.33222,3.19979,-0.06609,1,0,0.450
38.7680,599,FL,1,3.28408,0.22259,0.30996,131,102,91,0.28883,3.40025,0.24961,1,1,0.450
38.7680,599,BL,24,3.10425,0.20639,0.30033,134,68,48,0.30326,3.16888,0.20222,1,0,0.450
38.7680,599,FR,16,3.43147,-0.05263,0.30089,134,134,125,0.27978,3.56882,-0.07413,1,1,0.450
38.7680,599,BR,9,2.97193,-0.05852,0.29987,134,68,46,0.33122,3.15144,-0.06484,1,0,0.450
38.7780,599,FL,1,3.28322,0.22202,0.31059,131,102,91,0.28945,3.39938,0.24909,1,1,0.450
38.7780,599,BL,24,3.10301,0.20691,0.30006,134,68,48,0.30301,3.17226,0.20258,1,0,0.450
38.7780,599,FR,16,3.42970,-0.05250,0.30083,134,125,114,0.27972,3.56358,-0.07387,1,1,0.450
38.7780,599,BR,9,2.97226,-0.05835,0.30115,134,68,46,0.33230,3.15011,-0.06332,1,0,0.450
38.7860,600,FL,30,3.55117,0.23079,0.29997,134,134,134,0.27887,3.65337,0.24494,1,1,0.450
38.7860,600,BL,23,3.10336,0.20795,0.30002,134,68,48,0.30298,3.16828,0.20436,1,0,0.450
38.7860,600,FR,15,3.42973,-0.05215,0.30090,134,125,114,0.27979,3.56401,-0.07314,1,1,0.450
38.7860,600,BR,8,2.97185,-0.05813,0.30083,134,68,46,0.33203,3.15013,-0.06192,1,0,0.450
38.8060,600,FL,30,3.55397,0.23139,0.29994,134,134,134,0.27884,3.66711,0.24660,1,1,0.450
38.8080,600,BL,23,3.10636,0.20908,0.30009,134,68,48,0.30304,3.17693,0.20580,1,0,0.450
38.8080,600,FR,15,3.43273,-0.05061,0.30080,134,134,125,0.27969,3.56679,-0.07283,1,1,0.450
38.8080,600,BR,8,2.97493,-0.05489,0.30073,134,68,46,0.33195,3.15255,-0.05907,1,0,0.450
38.8160,601,FL,29,3.55558,0.23288,0.29997,134,134,134,0.27887,3.66391,0.24788,1,1,0.450
38.8160,601,BL,22,3.10772,0.21174,0.30010,134,68,48,0.30305,3.17450,0.20909,1,0,0.450
38.8160,601,FR,14,3.43261,-0.04990,0.30104,134,134,125,0.27993,3.56779,-0.07050,1,1,0.450
38.8160,601,BR,7,2.97353,-0.05489,0.30166,134,68,46,0.33273,3.15343,-0.05651,1,0,0.450
38.8320,601,FL,29,3.55648,0.23321,0.29995,134,134,134,0.27885,3.67307,0.24889,1,1,0.450
38.8320,601,BL,22,3.10863,0.21197,0.30012,134,68,48,0.30306,3.18034,0.20991,1,0,0.450
38.8320,601,FR,14,3.43297,-0.04988,0.30100,134,134,125,0.27990,3.56937,-0.07009,1,1,0.450
38.8320,601,BR,7,2.97279,-0.05458,0.30130,134,68,46,0.33243,3.15350,-0.05535,1,0,0.450
38.8440,602,FL,28,3.55686,0.23405,0.29998,134,134,134,0.27888,3.66842,0.24984,1,1,0.450
38.8440,602,BL,21,3.10885,0.21353,0.30010,134,68,48,0.30305,3.17633,0.21232,1,0,0.450
38.8440,602,FR,13,3.43225,-0.04965,0.30117,134,134,125,0.28006,3.56912,-0.06892,1,1,0.450
38.8440,602,BR,6,2.97180,-0.05446,0.30164,134,68,46,0.33272,3.15303,-0.05394,1,0,0.450
38.8540,602,FL,28,3.55814,0.23447,0.29994,134,134,134,0.27884,3.67677,0.25079,1,1,0.450
38.8540,602,BL,21,3.11016,0.21393,0.30012,134,68,48,0.30307,3.18188,0.21314,1,0,0.450
38.8540,602,FR,13,3.43325,-0.04943,0.30107,134,134,125,0.27996,3.57078,-0.06861,1,1,0.450
38.8540,602,BR,6,2.97224,-0.05380,0.30126,134,68,46,0.33240,3.15363,-0.05271,1,0,0.450
38.8660,602,FL,28,3.55908,0.23527,0.29997,134,134,134,0.27887,3.67754,0.25131,1,1,0.450
38.8660,602,BL,21,3.11098,0.21518,0.30012,134,68,48,0.30307,3.18324,0.21460,1,0,0.450
38.8660,602,FR,13,3.43353,-0.04890,0.30124,134,134,125,0.28013,3.57120,-0.06763,1,1,0.450
38.8660,602,BR,6,2.97260,-0.05331,0.30173,134,68,46,0.33279,3.15401,-0.05154,1,0,0.450
38.8780,603,FL,27,3.55858,0.23583,0.29997,134,134,134,0.27887,3.67205,0.25234,1,1,0.450
38.8780,603,BL,20,3.11045,0.21606,0.30016,134,68,48,0.30310,3.17773,0.21616,1,0,0.450
38.8780,603,FR,12,3.43284,-0.04839,0.30141,134,134,125,0.28030,3.57045,-0.06695,1,1,0.450
38.8780,603,BR,5,2.97192,-0.05278,0.30240,134,68,46,0.33335,3.15330,-0.05022,1,0,0.450
38.8880,603,FL,27,3.55860,0.23602,0.29992,134,134,134,0.27882,3.67853,0.25309,1,1,0.450
38.8880,603,BL,20,3.11052,0.21616,0.30023,134,68,48,0.30317,3.18174,0.21655,1,0,0.450
38.8880,603,FR,12,3.43271,-0.04818,0.30160,134,134,125,0.28050,3.57086,-0.06695,1,1,0.450
38.8880,603,BR,5,2.97136,-0.05198,0.30294,134,68,46,0.33381,3.15261,-0.04906,1,0,0.450
38.8960,603,FL,27,3.55791,0.23649,0.29995,134,134,134,0.27885,3.67769,0.25336,1,1,0.450
38.8980,603,BL,20,3.10975,0.21701,0.30023,134,68,48,0.30317,3.18137,0.21756,1,0,0.450
38.8980,603,FR,12,3.43164,-0.04787,0.30180,134,134,125,0.28070,3.56963,-0.06631,1,1,0.450
38.8980,603,BR,5,2.97064,-0.05175,0.30341,134,68,46,0.33420,3.15151,-0.04813,1,0,0.450
38.9120,604,FL,26,3.55879,0.23716,0.29995,134,134,134,0.27885,3.67349,0.25453,1,1,0.450
38.9120,604,BL,19,3.11059,0.21812,0.30026,134,68,48,0.30320,3.17708,0.21937,1,0,0.450
38.9120,604,FR,11,3.43210,-0.04720,0.30193,134,134,125,0.28082,3.57026,-0.06560,1,1,0.450
38.9120,604,BR,4,2.97107,-0.05078,0.30387,134,68,46,0.33459,3.15168,-0.04666,1,0,0.450
38.9220,604,FL,26,3.55835,0.23732,0.29988,134,134,134,0.27878,3.67918,0.25524,1,1,0.450
38.9220,604,BL,19,3.11014,0.21839,0.30035,134,68,48,0.30328,3.18056,0.21992,1,0,0.450
38.9220,604,FR,11,3.43139,-0.04700,0.30226,134,134,125,0.28115,3.56983,-0.06555,1,1,0.450
38.9220,604,BR,4,2.97022,-0.04982,0.30466,134,68,46,0.33525,3.15023,-0.04519,1,0,0.450
38.9340,605,FL,25,3.55771,0.23796,0.29992,134,134,134,0.27882,3.67322,0.25628,1,1,0.450
38.9340,605,BL,18,3.10941,0.21959,0.30035,134,68,48,0.30328,3.17501,0.22200,1,0,0.450
38.9340,605,FR,10,3.43022,-0.04669,0.30245,134,134,125,0.28134,3.56846,-0.06476,1,1,0.450
38.9340,605,BR,3,2.96966,-0.04951,0.30498,133,67,45,0.33553,3.19866,-0.04415,1,0,0.450
38.9420,605,FL,25,3.55649,0.23808,0.29975,134,134,134,0.27865,3.67586,0.25621,1,1,0.450
38.9440,605,BL,18,3.11063,0.21989,0.30104,134,68,48,0.30391,3.17566,0.22343,1,0,0.450
38.9440,605,FR,10,3.43191,-0.04674,0.30317,134,134,125,0.28206,3.57206,-0.06442,1,1,0.450
38.9440,605,BR,3,2.96956,-0.04953,0.30465,134,68,46,0.33525,3.19954,-0.04394,1,0,0.450
38.9540,605,FL,25,3.55597,0.23864,0.29980,134,134,134,0.27870,3.67505,0.25672,1,1,0.450
38.9540,605,BL,18,3.10989,0.22057,0.30099,134,68,48,0.30387,3.17561,0.22453,1,0,0.450
38.9540,605,FR,10,3.43085,-0.04679,0.30323,134,134,125,0.28212,3.57057,-0.06391,1,1,0.450
38.9540,605,BR,3,2.96938,-0.04955,0.30478,134,68,46,0.33536,3.19850,-0.04364,1,0,0.450
38.9620,606,FL,24,3.55498,0.23934,0.29981,134,134,134,0.27870,3.66880,0.25814,1,1,0.450
38.9620,606,BL,17,3.10897,0.22130,0.30105,134,68,48,0.30392,3.17438,0.22568,1,0,0.450
38.9640,606,FR,9,3.43020,-0.04667,0.30344,134,134,125,0.28232,3.56937,-0.06320,1,1,0.450
38.9640,606,BR,2,2.96932,-0.04964,0.30495,133,67,45,0.33550,3.19740,-0.04336,1,0,0.450
38.9720,606,FL,24,3.55496,0.23944,0.29970,134,134,134,0.27860,3.67425,0.25900,1,1,0.450
38.9720,606,BL,17,3.10917,0.22069,0.30121,134,68,48,0.30407,3.17299,0.22689,1,0,0.450
38.9720,606,FR,9,3.43059,-0.04720,0.30365,134,134,125,0.28254,3.56952,-0.06365,1,1,0.450
38.9720,606,BR,2,2.96975,-0.04965,0.30482,134,68,46,0.33539,3.19746,-0.04367,1,0,0.450
38.9820,606,FL,24,3.55391,0.24002,0.29975,134,134,134,0.27864,3.67312,0.25955,1,1,0.450
38.9820,606,BL,17,3.10815,0.22157,0.30126,134,68,48,0.30412,3.17192,0.22778,1,0,0.450
38.9820,606,FR,9,3.42955,-0.04683,0.30396,134,125,114,0.28285,3.56816,-0.06292,1,1,0.450
38.9820,606,BR,2,2.96924,-0.04921,0.30538,133,67,45,0.33586,3.19565,-0.04278,1,0,0.450
38.9900,606,FL,24,3.55289,0.24047,0.29975,134,134,134,0.27864,3.67216,0.26003,1,1,0.450
38.9920,606,BL,17,3.10717,0.22197,0.30126,134,68,48,0.30411,3.17069,0.22864,1,0,0.450
38.9920,606,FR,9,3.42889,-0.04698,0.30390,134,125,114,0.28278,3.56680,-0.06258,1,1,0.450
38.9920,606,BR,2,2.96923,-0.04930,0.30514,133,67,45,0.33566,3.19472,-0.04291,1,0,0.450
39.0020,607,FL,23,3.55204,0.24089,0.29975,134,134,134,0.27865,3.66591,0.26125,1,1,0.450
39.0020,607,BL,16,3.10647,0.22229,0.30128,134,68,48,0.30414,3.16959,0.22931,1,0,0.450
39.0020,607,FR,8,3.42861,-0.04698,0.30385,134,125,114,0.28274,3.56587,-0.06224,1,1,0.450
39.0020,607,BR,1,2.96933,-0.04941,0.30496,133,67,45,0.33551,3.19443,-0.04304,1,0,0.450
39.0220,608,FL,22,3.55058,0.24104,0.29968,134,134,134,0.27858,3.65973,0.26674,1,1,0.450
39.0220,608,BL,15,3.10554,0.22139,0.30149,134,68,48,0.30433,3.16727,0.23006,1,0,0.450
39.0220,608,FR,7,3.42853,-0.04778,0.30417,134,125,114,0.28305,3.56456,-0.06250,1,1,0.450
39.0220,608,BR,30,3.24109,-0.04298,0.29986,134,92,81,0.27876,3.31864,-0.04359,1,1,0.450
39.0340,608,FL,22,3.54852,0.24056,0.29962,134,134,134,0.27852,3.66250,0.26824,1,1,0.450
39.0340,608,BL,15,3.10206,0.22299,0.30207,134,68,48,0.30486,3.16514,0.22960,1,0,0.450
39.0340,608,FR,7,3.42368,-0.04537,0.30659,132,124,113,0.28547,3.55823,-0.06166,1,1,0.450
39.0340,608,BR,30,3.23750,-0.04107,0.29994,134,92,81,0.27884,3.31384,-0.03738,1,1,0.450
39.0420,608,FL,22,3.54699,0.24097,0.29959,134,134,134,0.27849,3.66094,0.26790,1,1,0.450
39.0420,608,BL,15,3.10123,0.22420,0.30226,134,68,48,0.30503,3.16288,0.23113,1,0,0.450
39.0420,608,FR,7,3.42304,-0.04525,0.30695,132,124,113,0.28583,3.55706,-0.06099,1,1,0.450
39.0420,608,BR,30,3.23564,-0.04015,0.29995,134,92,81,0.27885,3.31266,-0.03666,1,1,0.450
39.0540,609,FL,21,3.54602,0.24134,0.29959,134,134,134,0.27849,3.65578,0.26791,1,1,0.450
39.0540,609,BL,14,3.10023,0.22523,0.30243,134,68,48,0.30519,3.16179,0.23194,1,0,0.450
39.0540,609,FR,6,3.42168,-0.04464,0.30736,132,124,113,0.28623,3.55550,-0.06026,1,1,0.450
39.0540,609,BR,29,3.23436,-0.03954,0.29996,134,92,81,0.27886,3.30722,-0.03634,1,1,0.450
39.0640,609,FL,21,3.54477,0.24131,0.29949,134,134,134,0.27839,3.65851,0.26957,1,1,0.450
39.0640,609,BL,14,3.09923,0.22558,0.30279,134,68,48,0.30552,3.15991,0.23270,1,0,0.450
39.0640,609,FR,6,3.42020,-0.04459,0.30782,132,124,113,0.28669,3.55330,-0.06007,1,1,0.450
39.0640,609,BR,29,3.23211,-0.03806,0.29996,134,92,81,0.27886,3.30637,-0.03195,1,1,0.450
39.0780,609,FL,21,3.54396,0.24147,0.29951,134,134,134,0.27840,3.65774,0.26938,1,1,0.450
39.0780,609,BL,14,3.09862,0.22643,0.30288,134,68,48,0.30560,3.15882,0.23398,1,0,0.450
39.0780,609,FR,6,3.41969,-0.04469,0.30816,132,124,113,0.28703,3.55207,-0.05993,1,1,0.450
39.0780,609,BR,29,3.23088,-0.03723,0.29998,134,92,81,0.27888,3.30561,-0.03132,1,1,0.450
39.0880,610,FL,20,3.54253,0.24189,0.29953,134,134,134,0.27843,3.65224,0.26936,1,1,0.450
39.0880,610,BL,13,3.09739,0.22717,0.30303,134,68,48,0.30575,3.15704,0.23517,1,0,0.450
39.0880,610,FR,5,3.41887,-0.04467,0.30848,131,123,113,0.28735,3.55018,-0.05960,1,1,0.450
39.0880,610,BR,28,3.22908,-0.03638,0.29998,134,81,70,0.27888,3.29983,-0.03099,1,1,0.450
39.1020,610,FL,20,3.54140,0.24179,0.29945,134,134,134,0.27835,3.65537,0.27080,1,1,0.450
39.1040,610,BL,13,3.09656,0.22660,0.30351,134,68,48,0.30618,3.15533,0.23546,1,0,0.450
39.1040,610,FR,5,3.41797,-0.04488,0.30909,131,123,113,0.28796,3.54873,-0.05976,1,1,0.450
39.1040,610,BR,28,3.22736,-0.03536,0.29997,134,81,70,0.27887,3.30088,-0.02810,1,1,0.450
39.1140,611,FL,19,3.54065,0.24218,0.29954,134,134,134,0.27844,3.65065,0.27025,1,1,0.450
39.1140,611,BL,12,3.09596,0.22769,0.30377,134,68,48,0.30642,3.15445,0.23638,1,0,0.450
39.1160,611,FR,4,3.41750,-0.04436,0.31002,131,123,113,0.28888,3.54754,-0.05895,1,1,0.450
39.1160,611,BR,27,3.22644,-0.03470,0.29999,134,81,70,0.27888,3.29645,-0.02808,1,1,0.450
39.1280,611,FL,19,3.54020,0.24214,0.29946,134,134,134,0.27836,3.65456,0.27142,1,1,0.450
39.1280,611,BL,12,3.09571,0.22730,0.30430,134,68,48,0.30691,3.15352,0.23661,1,0,0.450
39.1280,611,FR,4,3.41714,-0.04429,0.31064,131,123,113,0.28951,3.54656,-0.05880,1,1,0.450
39.1280,611,BR,27,3.22532,-0.03362,0.29998,134,81,70,0.27888,3.29872,-0.02602,1,1,0.450
39.1360,611,FL,19,3.53890,0.24244,0.29955,134,134,134,0.27845,3.65342,0.27120,1,1,0.450
39.1360,611,BL,12,3.09432,0.22824,0.30443,134,68,48,0.30703,3.15236,0.23703,1,0,0.450
39.1360,611,FR,4,3.41572,-0.04348,0.31129,131,123,113,0.29015,3.54479,-0.05773,1,1,0.450
39.1360,611,BR,27,3.22408,-0.03334,0.29999,134,81,70,0.27888,3.29797,-0.02590,1,1,0.450
39.1460,612,FL,18,3.53865,0.24268,0.29958,134,134,134,0.27848,3.64916,0.27071,1,1,0.450
39.1460,612,BL,11,3.09415,0.22861,0.30469,134,68,48,0.30727,3.15196,0.23736,1,0,0.450
39.1480,612,FR,3,3.41557,-0.04309,0.31197,131,123,113,0.29083,3.54459,-0.05717,1,1,0.450
39.1480,612,BR,26,3.22379,-0.03313,0.29999,134,81,70,0.27889,3.29373,-0.02643,1,1,0.450
39.1560,612,FL,18,3.53948,0.24253,0.29948,134,134,134,0.27838,3.65432,0.27161,1,1,0.450
39.1560,612,BL,11,3.09504,0.22809,0.30519,133,67,48,0.30772,3.15256,0.23720,1,0,0.450
39.1560,612,FR,3,3.41606,-0.04293,0.31234,131,123,113,0.29120,3.54509,-0.05704,1,1,0.450
39.1560,612,BR,26,3.22400,-0.03228,0.29999,134,81,70,0.27889,3.29759,-0.02503,1,1,0.450
39.1660,612,FL,18,3.53875,0.24264,0.29957,134,134,134,0.27847,3.65387,0.27135,1,1,0.450
39.1660,612,BL,11,3.09400,0.22863,0.30518,133,67,48,0.30772,3.15219,0.23723,1,0,0.450
39.1660,612,FR,3,3.41482,-0.04238,0.31257,131,123,113,0.29143,3.54386,-0.05632,1,1,0.450
39.1680,612,BR,26,3.22346,-0.03231,0.29999,134,81,70,0.27888,3.29752,-0.02518,1,1,0.450
39.1760,613,FL,17,3.53977,0.24257,0.29960,134,134,134,0.27850,3.65481,0.27122,1,1,0.450
39.1760,613,BL,10,3.09513,0.22860,0.30539,133,67,48,0.30791,3.15319,0.23720,1,0,0.450
39.1760,613,FR,2,3.41561,-0.04224,0.31294,131,123,113,0.29179,3.54544,-0.05642,1,1,0.450
39.1760,613,BR,25,3.22442,-0.03236,0.29999,134,81,70,0.27889,3.29448,-0.02598,1,1,0.450
39.1860,613,FL,17,3.53982,0.24231,0.29948,134,134,134,0.27838,3.65553,0.27114,1,1,0.450
39.1860,613,BL,10,3.09468,0.22816,0.30563,133,67,48,0.30813,3.15346,0.23662,1,0,0.450
39.1860,613,FR,2,3.41450,-0.04187,0.31264,131,123,113,0.29150,3.54437,-0.05590,1,1,0.450
39.1860,613,BR,25,3.22407,-0.03178,0.29998,134,81,70,0.27888,3.29790,-0.02506,1,1,0.450
39.1960,613,FL,17,3.54132,0.24201,0.29956,134,134,134,0.27846,3.65700,0.27058,1,1,0.450
39.1980,613,BL,10,3.09616,0.22810,0.30569,133,67,48,0.30819,3.15530,0.23624,1,0,0.450
39.1980,613,FR,2,3.41511,-0.04171,0.31275,131,123,113,0.29160,3.54657,-0.05632,1,1,0.450
39.1980,613,BR,25,3.22567,-0.03222,0.29997,134,81,70,0.27886,3.29998,-0.02567,1,1,0.450
39.2080,614,FL,16,3.54151,0.24181,0.29958,134,134,134,0.27848,3.66168,0.27077,1,1,0.450
39.2080,614,BL,9,3.09570,0.22819,0.30559,133,67,48,0.30809,3.15596,0.23566,1,0,0.450
39.2080,614,FR,1,3.41406,-0.04131,0.31261,131,123,113,0.29147,3.54613,-0.05591,1,1,0.450
39.2080,614,BR,24,3.22598,-0.03256,0.29996,134,81,70,0.27885,3.29616,-0.02673,1,1,0.450
39.2160,614,FL,16,3.54311,0.24126,0.29945,134,134,134,0.27835,3.66416,0.27011,1,1,0.450
39.2160,614,BL,9,3.09662,0.22755,0.30556,133,67,48,0.30807,3.15806,0.23462,1,0,0.450
39.2160,614,FR,1,3.41373,-0.04099,0.31242,131,123,113,0.29127,3.54646,-0.05573,1,1,0.450
39.2180,614,BR,24,3.22746,-0.03246,0.29992,134,81,70,0.27882,3.30163,-0.02652,1,1,0.450
39.2300,614,FL,16,3.54535,0.24067,0.29961,134,134,134,0.27850,3.66634,0.26935,1,1,0.450
39.2300,614,BL,9,3.09871,0.22704,0.30577,132,66,47,0.30827,3.16087,0.23356,1,0,0.450
39.2300,614,FR,1,3.41451,-0.04092,0.31255,131,123,113,0.29141,3.54866,-0.05649,1,1,0.450
39.2300,614,BR,24,3.22983,-0.03330,0.29991,134,81,70,0.27881,3.30443,-0.02750,1,1,0.450
39.2400,615,FL,15,3.54682,0.24001,0.29967,134,134,134,0.27857,3.66858,0.26824,1,1,0.450
39.2400,615,BL,8,3.09911,0.22681,0.30488,133,67,48,0.30744,3.16321,0.23202,1,0,0.450
39.2400,615,FR,30,3.68250,-0.03822,0.30002,134,134,134,0.27891,3.78705,-0.04777,1,1,0.450
39.2400,615,BR,23,3.23175,-0.03441,0.29985,134,92,81,0.27875,3.30221,-0.02930,1,1,0.450
39.2620,616,FL,14,3.55011,0.23909,0.29962,134,134,134,0.27852,3.67218,0.26767,1,1,0.450
39.2620,616,BL,7,3.10201,0.22532,0.30590,132,66,47,0.30838,3.16696,0.23014,1,0,0.450
39.2620,616,FR,29,3.68586,-0.03874,0.30001,134,134,134,0.27891,3.79669,-0.04956,1,1,0.450
39.2640,616,BR,22,3.23501,-0.03488,0.29990,134,92,81,0.27879,3.30720,-0.03045,1,1,0.450
39.2740,616,FL,14,3.55224,0.23884,0.29931,134,134,134,0.27821,3.67781,0.26597,1,1,0.450
39.2740,616,BL,7,3.10120,0.22585,0.30493,133,67,48,0.30749,3.17035,0.22869,1,0,0.450
39.2740,616,FR,29,3.69032,-0.03980,0.30003,134,134,134,0.27892,3.80943,-0.05067,1,1,0.450
39.2740,616,BR,22,3.23904,-0.03603,0.29978,134,92,81,0.27868,3.31715,-0.03187,1,1,0.450
39.2860,616,FL,14,3.55180,0.23908,0.29925,134,134,134,0.27815,3.67906,0.26520,1,1,0.450
39.2880,616,BL,7,3.09984,0.22632,0.30446,134,68,48,0.30705,3.17028,0.22828,1,0,0.450
39.2880,616,FR,29,3.69148,-0.04032,0.30005,134,134,134,0.27894,3.81046,-0.05094,1,1,0.450
39.2880,616,BR,22,3.23992,-0.03676,0.29967,134,92,81,0.27857,3.31903,-0.03315,1,1,0.450
39.3020,617,FL,13,3.55286,0.23921,0.29902,134,134,134,0.27792,3.68185,0.26442,1,1,0.450
39.3020,617,BL,6,3.09976,0.22655,0.30363,134,68,48,0.30629,3.17143,0.22790,1,0,0.450
39.3020,617,FR,28,3.69407,-0.04081,0.30005,134,134,134,0.27895,3.80828,-0.05203,1,1,0.450
39.3020,617,BR,21,3.24232,-0.03761,0.29958,134,92,81,0.27848,3.31717,-0.03505,1,1,0.450
39.3120,617,FL,13,3.55303,0.23945,0.29879,134,134,134,0.27769,3.68302,0.26451,1,1,0.450
39.3120,617,BL,6,3.09944,0.22648,0.30339,134,68,48,0.30607,3.17196,0.22743,1,0,0.450
39.3120,617,FR,28,3.69508,-0.04084,0.30003,134,134,134,0.27893,3.81653,-0.05237,1,1,0.450
39.3120,617,BR,21,3.24300,-0.03743,0.29952,134,92,81,0.27842,3.32274,-0.03517,1,1,0.450
39.3240,618,FL,12,3.55404,0.23907,0.29889,134,134,134,0.27780,3.68448,0.26389,1,1,0.450
39.3240,618,BL,5,3.10027,0.22616,0.30373,134,68,48,0.30638,3.17324,0.22668,1,0,0.450
39.3240,618,FR,27,3.69676,-0.04134,0.30005,134,134,134,0.27895,3.81318,-0.05344,1,1,0.450
39.3240,618,BR,20,3.24457,-0.03831,0.29949,134,92,81,0.27839,3.31980,-0.03695,1,1,0.450
39.3500,618,FL,12,3.55407,0.23916,0.29884,134,134,134,0.27774,3.68463,0.26420,1,1,0.450
39.3500,618,BL,5,3.10020,0.22587,0.30419,134,68,48,0.30681,3.17376,0.22610,1,0,0.450
39.3500,618,FR,27,3.69685,-0.04128,0.30002,134,134,134,0.27891,3.81995,-0.05382,1,1,0.450
39.3500,618,BR,20,3.24440,-0.03786,0.29948,134,92,81,0.27838,3.32398,-0.03677,1,1,0.450
39.3780,619,FL,11,3.55485,0.23789,0.29970,134,134,134,0.27860,3.68459,0.26271,1,1,0.450
39.3800,619,BL,4,3.10100,0.22491,0.30680,132,66,47,0.30921,3.17546,0.22353,1,0,0.450
39.3800,619,FR,26,3.69730,-0.04248,0.30005,134,134,134,0.27895,3.81521,-0.05566,1,1,0.450
39.3800,619,BR,19,3.24497,-0.03968,0.29963,134,92,81,0.27853,3.31932,-0.03939,1,1,0.450
39.3900,620,FL,10,3.55612,0.23688,0.30024,134,134,134,0.27914,3.68506,0.26182,1,1,0.450
39.3900,620,BL,3,3.10223,0.22312,0.30914,131,66,47,0.31136,3.17743,0.22036,1,0,0.450
39.3900,620,FR,25,3.69828,-0.04348,0.30000,134,134,134,0.27890,3.81736,-0.05785,1,1,0.450
39.3900,620,BR,18,3.24580,-0.04081,0.29978,134,92,81,0.27868,3.31873,-0.04161,1,1,0.450
39.4020,620,FL,10,3.55583,0.23701,0.30035,134,134,134,0.27924,3.68455,0.26203,1,1,0.450
39.4020,620,BL,3,3.10216,0.22236,0.30965,131,66,47,0.31184,3.17729,0.21921,1,0,0.450
39.4020,620,FR,25,3.69821,-0.04349,0.29997,134,134,134,0.27886,3.82342,-0.05826,1,1,0.450
39.4020,620,BR,18,3.24545,-0.04077,0.29975,134,92,81,0.27865,3.32266,-0.04198,1,1,0.450
39.4120,621,FL,9,3.55518,0.23677,0.30035,134,134,134,0.27925,3.68366,0.26129,1,1,0.450
39.4120,621,BL,2,3.10200,0.22204,0.30969,131,66,47,0.31187,3.17629,0.21826,1,0,0.450
39.4120,621,FR,24,3.69793,-0.04406,0.30000,134,134,134,0.27889,3.81783,-0.05952,1,1,0.450
39.4120,621,BR,17,3.24514,-0.04186,0.29970,134,92,81,0.27860,3.32260,-0.04324,1,1,0.450
39.4220,621,FL,9,3.55485,0.23727,0.30032,134,134,134,0.27922,3.68330,0.26174,1,1,0.450
39.4220,621,BL,2,3.10225,0.22192,0.30956,131,66,47,0.31175,3.17573,0.21830,1,0,0.450
39.4240,621,FR,24,3.69810,-0.04401,0.29992,134,134,134,0.27882,3.82414,-0.05998,1,1,0.450
39.4240,621,BR,17,3.24484,-0.04141,0.29965,134,92,81,0.27855,3.32151,-0.04449,1,1,0.450
39.4380,621,FL,9,3.55427,0.23712,0.30067,134,134,134,0.27957,3.68233,0.26099,1,1,0.450
39.4380,621,BL,2,3.10232,0.22204,0.30993,131,66,47,0.31209,3.17445,0.21831,1,0,0.450
39.4380,621,FR,24,3.69734,-0.04468,0.29998,134,134,134,0.27888,3.82331,-0.06064,1,1,0.450
39.4380,621,BR,17,3.24415,-0.04219,0.29968,134,92,81,0.27858,3.32074,-0.04552,1,1,0.450
39.4460,622,FL,8,3.55339,0.23715,0.30093,134,134,134,0.27983,3.68037,0.26011,1,1,0.450
39.4460,622,BL,1,3.10219,0.22246,0.31021,131,66,47,0.31235,3.17312,0.21872,1,0,0.450
39.4460,622,FR,23,3.69550,-0.04567,0.29999,134,134,134,0.27889,3.81610,-0.06275,1,1,0.450
39.4460,622,BR,16,3.24247,-0.04273,0.29978,134,92,81,0.27868,3.31858,-0.04683,1,1,0.450
39.4700,622,FL,8,3.55342,0.23782,0.30077,134,134,134,0.27967,3.67967,0.26057,1,1,0.450
39.4700,622,BL,1,3.10277,0.22258,0.30978,131,66,47,0.31195,3.17317,0.21978,1,0,0.450
39.4700,622,FR,23,3.69497,-0.04595,0.29996,134,134,134,0.27886,3.81623,-0.06827,1,1,0.450
39.4720,622,BR,16,3.24171,-0.04171,0.29972,134,92,81,0.27862,3.31726,-0.04724,1,1,0.450
39.4860,623,FL,7,3.55338,0.23797,0.30044,134,134,134,0.27934,3.67732,0.25931,1,1,0.450
39.4860,623,BL,30,3.37347,0.22462,0.29986,134,114,103,0.27875,3.45161,0.22807,1,1,0.450
39.4860,623,FR,22,3.69172,-0.04756,0.29987,134,134,134,0.27877,3.80869,-0.07005,1,1,0.450
39.4860,623,BR,15,3.23906,-0.04173,0.29974,134,92,81,0.27864,3.31314,-0.04890,1,1,0.450
39.5020,624,FL,6,3.55147,0.23782,0.30135,134,134,134,0.28024,3.67421,0.25890,1,1,0.450
39.5040,624,BL,29,3.37107,0.22345,0.29985,134,114,103,0.27875,3.44362,0.22110,1,1,0.450
39.5060,624,FR,21,3.68902,-0.04828,0.29989,134,134,134,0.27879,3.80533,-0.07405,1,1,0.450
39.5060,624,BR,14,3.23622,-0.04106,0.29994,134,92,81,0.27884,3.30958,-0.04922,1,1,0.450
39.5220,624,FL,6,3.55206,0.23836,0.30097,134,134,134,0.27987,3.67294,0.25907,1,1,0.450
39.5220,624,BL,29,3.36968,0.22210,0.29986,134,114,103,0.27876,3.44417,0.21643,1,1,0.450
39.5220,624,FR,21,3.68769,-0.04849,0.29980,134,134,134,0.27870,3.80846,-0.07636,1,1,0.450
39.5220,624,BR,14,3.23524,-0.04026,0.29997,134,92,81,0.27886,3.30693,-0.04974,1,1,0.450
39.5320,625,FL,5,3.55051,0.23796,0.30116,134,134,134,0.28005,3.67019,0.25839,1,1,0.450
39.5320,625,BL,28,3.36716,0.22159,0.29988,134,114,103,0.27878,3.43810,0.21621,1,1,0.450
39.5320,625,FR,20,3.68515,-0.04896,0.29983,134,134,134,0.27873,3.80186,-0.07629,1,1,0.450
39.5320,625,BR,13,3.23302,-0.04095,0.30006,134,92,81,0.27895,3.30410,-0.05039,1,1,0.450
39.5440,625,FL,5,3.55052,0.23832,0.30154,134,134,134,0.28043,3.66913,0.25883,1,1,0.450
39.5440,625,BL,28,3.36642,0.22072,0.29987,134,114,103,0.27877,3.44020,0.21347,1,1,0.450
39.5440,625,FR,20,3.68463,-0.04867,0.29980,134,134,134,0.27870,3.80622,-0.07771,1,1,0.450
39.5440,625,BR,13,3.23238,-0.03996,0.30027,134,92,81,0.27917,3.30270,-0.05028,1,1,0.450
39.5540,625,FL,5,3.54906,0.23764,0.30228,134,134,134,0.28117,3.66695,0.25797,1,1,0.450
39.5540,625,BL,28,3.36498,0.22059,0.29988,134,114,103,0.27878,3.43924,0.21337,1,1,0.450
39.5540,625,FR,20,3.68305,-0.04887,0.29989,134,134,134,0.27878,3.80482,-0.07749,1,1,0.450
39.5540,625,BR,13,3.23074,-0.04064,0.30042,134,92,81,0.27932,3.30120,-0.05045,1,1,0.450
39.5660,626,FL,4,3.54921,0.23710,0.30315,134,134,134,0.28203,3.66638,0.25728,1,1,0.450
39.5660,626,BL,27,3.36471,0.22041,0.29988,134,114,103,0.27878,3.43505,0.21373,1,1,0.450
39.5660,626,FR,19,3.68274,-0.04913,0.29994,134,134,134,0.27884,3.80061,-0.07717,1,1,0.450
39.5660,626,BR,12,3.23047,-0.04103,0.30068,134,92,81,0.27958,3.30070,-0.05064,1,1,0.450
39.5780,626,FL,4,3.54780,0.23658,0.30411,134,134,134,0.28299,3.66383,0.25665,1,1,0.450
39.5780,626,BL,27,3.36331,0.21967,0.29988,134,114,103,0.27878,3.43711,0.21193,1,1,0.450
39.5780,626,FR,19,3.68145,-0.04890,0.29997,134,134,134,0.27887,3.80452,-0.07802,1,1,0.450
39.5780,626,BR,12,3.22865,-0.04055,0.30106,134,81,70,0.27995,3.29897,-0.05018,1,1,0.450
39.5880,626,FL,4,3.54728,0.23568,0.30527,133,133,133,0.28415,3.66256,0.25547,1,1,0.450
39.5880,626,BL,27,3.36271,0.21965,0.29988,134,114,103,0.27878,3.43705,0.21207,1,1,0.450
39.5880,626,FR,19,3.68063,-0.04919,0.30010,134,134,134,0.27900,3.80391,-0.07776,1,1,0.450
39.5880,626,BR,12,3.22778,-0.04132,0.30131,134,81,70,0.28020,3.29817,-0.05029,1,1,0.450
39.5960,627,FL,3,3.54691,0.23505,0.30624,132,132,132,0.28512,3.66158,0.25447,1,1,0.450
39.5960,627,BL,26,3.36239,0.21960,0.29989,134,114,103,0.27879,3.43281,0.21271,1,1,0.450
39.5960,627,FR,18,3.68020,-0.04943,0.30017,134,134,134,0.27907,3.79969,-0.07723,1,1,0.450
39.5960,627,BR,11,3.22720,-0.04177,0.30162,134,81,70,0.28051,3.29773,-0.05031,1,1,0.450
39.6080,627,FL,3,3.54733,0.23475,0.30676,132,132,132,0.28564,3.66146,0.25424,1,1,0.450
39.6080,627,BL,26,3.36249,0.21899,0.29989,134,114,103,0.27879,3.43667,0.21152,1,1,0.450
39.6080,627,FR,18,3.68041,-0.04911,0.30017,134,134,134,0.27906,3.80494,-0.07790,1,1,0.450
39.6080,627,BR,11,3.22710,-0.04101,0.30191,134,81,70,0.28080,3.29740,-0.04979,1,1,0.450
39.6160,627,FL,3,3.54637,0.23387,0.30731,132,132,132,0.28619,3.66011,0.25317,1,1,0.450
39.6160,627,BL,26,3.36176,0.21917,0.29988,134,114,103,0.27878,3.43643,0.21187,1,1,0.450
39.6160,627,FR,18,3.67943,-0.04928,0.30027,134,134,134,0.27917,3.80415,-0.07753,1,1,0.450
39.6160,627,BR,11,3.22598,-0.04165,0.30201,134,81,70,0.28090,3.29665,-0.04964,1,1,0.450
39.6260,628,FL,2,3.54641,0.23349,0.30770,132,132,132,0.28658,3.66010,0.25276,1,1,0.450
39.6260,628,BL,25,3.36176,0.21930,0.29988,134,114,103,0.27878,3.43245,0.21273,1,1,0.450
39.6260,628,FR,17,3.67934,-0.04933,0.30030,134,134,134,0.27920,3.80412,-0.07740,1,1,0.450
39.6260,628,BR,10,3.22586,-0.04173,0.30215,134,81,70,0.28105,3.29647,-0.04947,1,1,0.450
39.6360,628,FL,2,3.54719,0.23330,0.30768,132,132,132,0.28655,3.66120,0.25299,1,1,0.450
39.6360,628,BL,25,3.36241,0.21902,0.29988,134,114,103,0.27878,3.43696,0.21208,1,1,0.450
39.6360,628,FR,17,3.68005,-0.04876,0.30029,134,134,134,0.27919,3.80577,-0.07721,1,1,0.450
39.6360,628,BR,10,3.22634,-0.04065,0.30237,134,81,70,0.28126,3.29676,-0.04855,1,1,0.450
39.6460,628,FL,2,3.54726,0.23279,0.30768,132,132,132,0.28655,3.66204,0.25297,1,1,0.450
39.6460,628,BL,25,3.36279,0.21960,0.29986,134,114,103,0.27876,3.43775,0.21277,1,1,0.450
39.6460,628,FR,17,3.68030,-0.04852,0.30035,134,134,134,0.27925,3.80585,-0.07662,1,1,0.450
39.6460,628,BR,10,3.22663,-0.04064,0.30236,134,81,70,0.28125,3.29725,-0.04791,1,1,0.450
39.6540,629,FL,1,3.54662,0.23223,0.30771,132,132,132,0.28658,3.66191,0.25246,1,1,0.450
39.6560,629,BL,24,3.36264,0.22005,0.29986,134,114,103,0.27875,3.43349,0.21391,1,1,0.450
39.6560,629,FR,16,3.68003,-0.04836,0.30037,134,134,134,0.27927,3.80973,-0.07671,1,1,0.450
39.6560,629,BR,9,3.22615,-0.04069,0.30238,134,81,70,0.28127,3.29711,-0.04725,1,1,0.450
39.6660,629,FL,1,3.54670,0.23200,0.30755,132,132,132,0.28642,3.66250,0.25235,1,1,0.450
39.6660,629,BL,24,3.36306,0.21988,0.29984,134,114,103,0.27874,3.43783,0.21364,1,1,0.450
39.6660,629,FR,16,3.68039,-0.04785,0.30035,134,134,134,0.27925,3.81115,-0.07627,1,1,0.450
39.6660,629,BR,9,3.22613,-0.03982,0.30242,134,81,70,0.28131,3.29718,-0.04623,1,1,0.450
39.6760,629,FL,1,3.54668,0.23140,0.30763,132,132,132,0.28651,3.66361,0.25251,1,1,0.450
39.6760,629,BL,24,3.36416,0.22106,0.29981,134,114,103,0.27871,3.43936,0.21498,1,1,0.450
39.6760,629,FR,16,3.68119,-0.04729,0.30044,134,134,134,0.27934,3.81187,-0.07517,1,1,0.450
39.6760,629,BR,9,3.22681,-0.03953,0.30234,134,81,70,0.28123,3.29840,-0.04487,1,1,0.450
39.6840,630,FL,30,3.81485,0.23208,0.30002,134,134,134,0.27892,3.91841,0.24316,1,1,0.450
39.6840,630,BL,23,3.36449,0.22190,0.29978,134,114,103,0.27868,3.43554,0.21658,1,1,0.450
39.6840,630,FR,15,3.68129,-0.04695,0.30045,134,134,134,0.27935,3.81209,-0.07435,1,1,0.450
39.6840,630,BR,8,3.22663,-0.03943,0.30201,134,81,70,0.28090,3.29876,-0.04370,1,1,0.450
39.7040,630,FL,30,3.81765,0.23270,0.30002,134,134,134,0.27892,3.93222,0.24449,1,1,0.450
39.7040,630,BL,23,3.36729,0.22278,0.29980,134,114,103,0.27870,3.44436,0.21730,1,1,0.450
39.7040,630,FR,15,3.68422,-0.04541,0.30047,134,134,134,0.27937,3.81475,-0.07384,1,1,0.450
39.7040,630,BR,8,3.22992,-0.03665,0.30247,134,81,70,0.28136,3.30140,-0.04125,1,1,0.450
39.7140,631,FL,29,3.81945,0.23442,0.30004,134,134,134,0.27894,3.92933,0.24636,1,1,0.450
39.7140,631,BL,22,3.36893,0.22522,0.29983,134,114,103,0.27873,3.44192,0.22059,1,1,0.450
39.7160,631,FR,14,3.68486,-0.04438,0.30075,134,134,134,0.27964,3.81642,-0.07143,1,1,0.450
39.7160,631,BR,7,3.22937,-0.03657,0.30332,134,81,70,0.28220,3.30305,-0.03873,1,1,0.450
39.7240,631,FL,29,3.82130,0.23505,0.30003,134,134,134,0.27893,3.93957,0.24742,1,1,0.450
39.7240,631,BL,22,3.37058,0.22556,0.29979,134,114,103,0.27869,3.44879,0.22133,1,1,0.450
39.7240,631,FR,14,3.68585,-0.04417,0.30059,134,134,134,0.27948,3.81891,-0.07062,1,1,0.450
39.7240,631,BR,7,3.22936,-0.03638,0.30273,134,81,70,0.28162,3.30399,-0.03771,1,1,0.450
39.7340,631,FL,29,3.82223,0.23579,0.30006,134,134,134,0.27895,3.94039,0.24791,1,1,0.450
39.7340,631,BL,22,3.37137,0.22661,0.29974,134,114,103,0.27864,3.45010,0.22272,1,1,0.450
39.7340,631,FR,14,3.68601,-0.04396,0.30068,134,134,134,0.27958,3.81961,-0.06964,1,1,0.450
39.7360,631,BR,7,3.22922,-0.03643,0.30279,134,81,70,0.28168,3.30436,-0.03686,1,1,0.450
39.7440,632,FL,28,3.82298,0.23643,0.30006,134,134,134,0.27896,3.93633,0.24910,1,1,0.450
39.7440,632,BL,21,3.37209,0.22749,0.29974,134,114,103,0.27864,3.44610,0.22447,1,1,0.450
39.7440,632,FR,13,3.68641,-0.04360,0.30064,134,134,134,0.27954,3.82025,-0.06889,1,1,0.450
39.7440,632,BR,6,3.22941,-0.03617,0.30264,134,81,70,0.28153,3.30485,-0.03591,1,1,0.450
39.7540,632,FL,28,3.82291,0.23652,0.30004,134,134,134,0.27893,3.94346,0.24965,1,1,0.450
39.7540,632,BL,21,3.37186,0.22722,0.29974,134,114,103,0.27864,3.45037,0.22440,1,1,0.450
39.7540,632,FR,13,3.68610,-0.04360,0.30063,134,134,134,0.27953,3.82052,-0.06882,1,1,0.450
39.7540,632,BR,6,3.22883,-0.03604,0.30275,134,81,70,0.28164,3.30450,-0.03534,1,1,0.450
39.7640,632,FL,28,3.82410,0.23735,0.30006,134,134,134,0.27896,3.94458,0.25032,1,1,0.450
39.7640,632,BL,21,3.37296,0.22832,0.29971,134,114,103,0.27861,3.45182,0.22572,1,1,0.450
39.7640,632,FR,13,3.68671,-0.04316,0.30074,134,134,134,0.27964,3.82148,-0.06781,1,1,0.450
39.7640,632,BR,6,3.22937,-0.03584,0.30293,134,81,70,0.28182,3.30514,-0.03451,1,1,0.450
39.7740,633,FL,27,3.82443,0.23798,0.30007,134,134,134,0.27896,3.93994,0.25159,1,1,0.450
39.7760,633,BL,20,3.37326,0.22910,0.29974,134,114,103,0.27864,3.44721,0.22739,1,1,0.450
39.7760,633,FR,12,3.68685,-0.04273,0.30089,134,134,134,0.27978,3.82171,-0.06710,1,1,0.450
39.7760,633,BR,5,3.22941,-0.03550,0.30340,134,81,70,0.28228,3.30533,-0.03353,1,1,0.450
39.7880,633,FL,27,3.82469,0.23812,0.30003,134,134,134,0.27893,3.94681,0.25224,1,1,0.450
39.7880,633,BL,20,3.37332,0.22884,0.29974,134,114,103,0.27864,3.45153,0.22744,1,1,0.450
39.7880,633,FR,12,3.68687,-0.04274,0.30089,134,134,134,0.27978,3.82218,-0.06708,1,1,0.450
39.7880,633,BR,5,3.22929,-0.03519,0.30350,134,81,70,0.28239,3.30524,-0.03299,1,1,0.450
39.8000,633,FL,27,3.82419,0.23887,0.30006,134,134,134,0.27896,3.94625,0.25284,1,1,0.450
39.8000,633,BL,20,3.37278,0.22995,0.29975,134,114,103,0.27865,3.45124,0.22866,1,1,0.450
39.8000,633,FR,12,3.68614,-0.04221,0.30120,134,134,134,0.28010,3.82127,-0.06613,1,1,0.450
39.8000,633,BR,5,3.22881,-0.03485,0.30431,134,81,70,0.28319,3.30452,-0.03182,1,1,0.450
39.8120,634,FL,26,3.82353,0.23946,0.30006,134,134,134,0.27896,3.94051,0.25411,1,1,0.450
39.8120,634,BL,19,3.37215,0.23071,0.29980,134,114,103,0.27870,3.44538,0.23037,1,1,0.450
39.8120,634,FR,11,3.68553,-0.04181,0.30136,134,134,134,0.28026,3.82036,-0.06544,1,1,0.450
39.8140,634,BR,4,3.22835,-0.03457,0.30485,133,81,70,0.28373,3.30393,-0.03074,1,1,0.450
39.8260,634,FL,26,3.82393,0.23975,0.30002,134,134,134,0.27892,3.94723,0.25495,1,1,0.450
39.8260,634,BL,19,3.37233,0.23071,0.29982,134,114,103,0.27872,3.44963,0.23076,1,1,0.450
39.8260,634,FR,11,3.68568,-0.04172,0.30152,134,134,134,0.28041,3.82073,-0.06532,1,1,0.450
39.8260,634,BR,4,3.22862,-0.03396,0.30529,133,81,70,0.28417,3.30374,-0.02992,1,1,0.450
39.8400,635,FL,25,3.82294,0.24052,0.30005,134,134,134,0.27895,3.94098,0.25636,1,1,0.450
39.8400,635,BL,18,3.37135,0.23186,0.29985,134,114,103,0.27875,3.44360,0.23284,1,1,0.450
39.8400,635,FR,10,3.68473,-0.04116,0.30187,134,134,134,0.28076,3.81918,-0.06432,1,1,0.450
39.8400,635,BR,3,3.22818,-0.03364,0.30605,132,80,69,0.28493,3.30280,-0.02859,1,1,0.450
39.8500,635,FL,25,3.82331,0.24105,0.29999,134,134,134,0.27889,3.94749,0.25750,1,1,0.450
39.8500,635,BL,18,3.37151,0.23204,0.29987,134,114,103,0.27877,3.44765,0.23367,1,1,0.450
39.8500,635,FR,10,3.68495,-0.04111,0.30200,134,134,134,0.28089,3.81933,-0.06405,1,1,0.450
39.8500,635,BR,3,3.22885,-0.03305,0.30629,132,80,69,0.28517,3.30249,-0.02782,1,1,0.450
39.8600,635,FL,25,3.82220,0.24164,0.30003,134,134,134,0.27893,3.94629,0.25796,1,1,0.450
39.8600,635,BL,18,3.37043,0.23281,0.29988,134,114,103,0.27878,3.44668,0.23468,1,1,0.450
39.8600,635,FR,10,3.68406,-0.04085,0.30227,134,134,134,0.28116,3.81778,-0.06335,1,1,0.450
39.8600,635,BR,3,3.22850,-0.03304,0.30670,132,80,69,0.28558,3.30153,-0.02713,1,1,0.450
39.8700,636,FL,24,3.82203,0.24230,0.30004,134,134,134,0.27893,3.94087,0.25946,1,1,0.450
39.8700,636,BL,17,3.37028,0.23346,0.29990,134,114,103,0.27880,3.44639,0.23564,1,1,0.450
39.8700,636,FR,9,3.68402,-0.04060,0.30231,134,134,134,0.28120,3.81742,-0.06269,1,1,0.450
39.8700,636,BR,2,3.22883,-0.03290,0.30677,132,80,69,0.28564,3.30113,-0.02667,1,1,0.450
39.8840,636,FL,24,3.82074,0.24235,0.29996,134,134,134,0.27886,3.94554,0.26022,1,1,0.450
39.8840,636,BL,17,3.36881,0.23282,0.29993,134,114,103,0.27883,3.44357,0.23676,1,1,0.450
39.8840,636,FR,9,3.68317,-0.04118,0.30254,134,134,134,0.28143,3.81580,-0.06303,1,1,0.450
39.8840,636,BR,2,3.22862,-0.03300,0.30696,132,80,69,0.28583,3.30031,-0.02684,1,1,0.450
39.9160,637,FL,23,3.81924,0.24337,0.30001,134,134,134,0.27891,3.93855,0.26220,1,1,0.450
39.9160,637,BL,16,3.36753,0.23376,0.29996,134,114,103,0.27886,3.44179,0.23812,1,1,0.450
39.9160,637,FR,8,3.68254,-0.04096,0.30269,134,134,134,0.28158,3.81407,-0.06199,1,1,0.450
39.9160,637,BR,1,3.22879,-0.03310,0.30706,132,80,69,0.28593,3.29930,-0.02673,1,1,0.450
39.9380,638,FL,22,3.81537,0.24512,0.29997,134,134,134,0.27887,3.93058,0.26961,1,1,0.450
39.9380,638,BL,15,3.36401,0.23375,0.30008,134,114,103,0.27897,3.43642,0.24045,1,1,0.450
39.9380,638,FR,7,3.68152,-0.04149,0.30250,134,134,134,0.28139,3.80974,-0.06098,1,1,0.450
39.9380,638,BR,30,3.50038,-0.03173,0.29986,134,134,134,0.27876,3.57749,-0.03376,1,1,0.450
39.9460,638,FL,22,3.81257,0.24570,0.29986,134,134,134,0.27876,3.93134,0.27298,1,1,0.450
39.9480,638,BL,15,3.36157,0.23319,0.30015,134,114,103,0.27905,3.43213,0.24155,1,1,0.450
39.9480,638,FR,7,3.68054,-0.04182,0.30266,134,134,134,0.28155,3.80690,-0.06065,1,1,0.450
39.9480,638,BR,30,3.49741,-0.02994,0.29988,134,134,134,0.27878,3.57367,-0.02671,1,1,0.450
39.9580,639,FL,21,3.81157,0.24591,0.29984,134,134,134,0.27874,3.92625,0.27274,1,1,0.450
39.9580,639,BL,14,3.36082,0.23359,0.30016,134,114,103,0.27906,3.43081,0.24210,1,1,0.450
39.9580,639,FR,6,3.68019,-0.04170,0.30263,134,134,134,0.28152,3.80587,-0.06029,1,1,0.450
39.9580,639,BR,29,3.49640,-0.02959,0.29990,134,134,134,0.27879,3.56903,-0.02653,1,1,0.450
39.9680,639,FL,21,3.81069,0.24578,0.29978,134,134,134,0.27868,3.92963,0.27494,1,1,0.450
39.9680,639,BL,14,3.36008,0.23268,0.30021,134,114,103,0.27910,3.42895,0.24233,1,1,0.450
39.9680,639,FR,6,3.68016,-0.04234,0.30239,134,134,134,0.28128,3.80470,-0.06094,1,1,0.450
39.9700,639,BR,29,3.49511,-0.02848,0.29989,134,134,134,0.27879,3.56913,-0.02220,1,1,0.450
39.9800,639,FL,21,3.80962,0.24591,0.29982,134,134,134,0.27871,3.92863,0.27474,1,1,0.450
39.9800,639,BL,14,3.35912,0.23320,0.30025,134,114,103,0.27914,3.42779,0.24270,1,1,0.450
39.9800,639,FR,6,3.67947,-0.04202,0.30272,134,134,134,0.28161,3.80334,-0.06047,1,1,0.450
39.9820,639,BR,29,3.49402,-0.02820,0.29990,134,134,134,0.27880,3.56850,-0.02190,1,1,0.450
39.9920,640,FL,20,3.80847,0.24615,0.29984,134,134,134,0.27874,3.92349,0.27461,1,1,0.450
39.9920,640,BL,13,3.35805,0.23355,0.30041,134,114,103,0.27931,3.42643,0.24313,1,1,0.450
39.9920,640,FR,5,3.67876,-0.04186,0.30309,134,134,134,0.28198,3.80181,-0.06014,1,1,0.450
39.9920,640,BR,28,3.49279,-0.02787,0.29990,134,134,134,0.27880,3.56329,-0.02199,1,1,0.450
40.0020,640,FL,20,3.80709,0.24580,0.29983,134,134,134,0.27873,3.92693,0.27587,1,1,0.450
40.0020,640,BL,13,3.35646,0.23271,0.30066,134,114,103,0.27956,3.42438,0.24283,1,1,0.450
40.0020,640,FR,5,3.67745,-0.04186,0.30371,134,134,134,0.28259,3.79970,-0.06031,1,1,0.450
40.0020,640,BR,28,3.49110,-0.02708,0.29990,134,134,134,0.27880,3.56436,-0.01930,1,1,0.450
40.0120,640,FL,20,3.80618,0.24597,0.29992,134,134,134,0.27882,3.92618,0.27559,1,1,0.450
40.0120,640,BL,13,3.35556,0.23341,0.30086,134,114,103,0.27976,3.42348,0.24300,1,1,0.450
40.0120,640,FR,5,3.67676,-0.04120,0.30455,134,134,134,0.28344,3.79834,-0.05942,1,1,0.450
40.0120,640,BR,28,3.49031,-0.02697,0.29991,134,134,134,0.27881,3.56407,-0.01924,1,1,0.450
40.0220,641,FL,19,3.80609,0.24615,0.29996,134,134,134,0.27886,3.92217,0.27514,1,1,0.450
40.0220,641,BL,12,3.35548,0.23377,0.30109,134,114,103,0.27999,3.42326,0.24317,1,1,0.450
40.0220,641,FR,4,3.67689,-0.04080,0.30524,133,133,133,0.28412,3.79794,-0.05885,1,1,0.450
40.0220,641,BR,27,3.49019,-0.02683,0.29992,134,134,134,0.27881,3.56002,-0.01970,1,1,0.450
40.0380,641,FL,19,3.80498,0.24583,0.29998,134,134,134,0.27888,3.92610,0.27595,1,1,0.450
40.0380,641,BL,12,3.35393,0.23327,0.30147,134,114,103,0.28036,3.42173,0.24269,1,1,0.450
40.0380,641,FR,4,3.67548,-0.04028,0.30614,132,132,132,0.28501,3.79573,-0.05835,1,1,0.450
40.0380,641,BR,27,3.48882,-0.02611,0.29992,134,134,134,0.27882,3.56203,-0.01790,1,1,0.450
40.0520,642,FL,18,3.80355,0.24613,0.30013,134,134,134,0.27903,3.92100,0.27492,1,1,0.450
40.0520,642,BL,11,3.35230,0.23441,0.30182,134,114,103,0.28071,3.42040,0.24275,1,1,0.450
40.0520,642,FR,3,3.67411,-0.03905,0.30752,132,132,132,0.28640,3.79337,-0.05650,1,1,0.450
40.0520,642,BR,26,3.48757,-0.02609,0.29992,134,134,134,0.27882,3.55735,-0.01863,1,1,0.450
40.0740,643,FL,17,3.80446,0.24573,0.30013,134,134,134,0.27903,3.92677,0.27548,1,1,0.450
40.0740,643,BL,10,3.35304,0.23367,0.30225,134,114,103,0.28114,3.42069,0.24221,1,1,0.450
40.0740,643,FR,2,3.67506,-0.03863,0.30837,131,131,131,0.28724,3.79416,-0.05637,1,1,0.450
40.0740,643,BR,25,3.48817,-0.02551,0.29993,134,134,134,0.27883,3.55766,-0.01821,1,1,0.450
40.0840,643,FL,17,3.80393,0.24534,0.30020,134,134,134,0.27910,3.92734,0.27478,1,1,0.450
40.0840,643,BL,10,3.35195,0.23348,0.30249,134,114,103,0.28138,3.42011,0.24123,1,1,0.450
40.0840,643,FR,2,3.67416,-0.03752,0.30864,131,131,131,0.28751,3.79304,-0.05511,1,1,0.450
40.0860,643,BR,25,3.48767,-0.02533,0.29992,134,134,134,0.27882,3.56142,-0.01778,1,1,0.450
40.0940,643,FL,17,3.80411,0.24531,0.30028,134,134,134,0.27917,3.92755,0.27429,1,1,0.450
40.0940,643,BL,10,3.35206,0.23371,0.30260,134,114,103,0.28149,3.42053,0.24084,1,1,0.450
40.0940,643,FR,2,3.67396,-0.03695,0.30905,131,131,131,0.28792,3.79346,-0.05474,1,1,0.450
40.0940,643,BR,25,3.48806,-0.02575,0.29990,134,134,134,0.27880,3.56230,-0.01855,1,1,0.450
40.1040,644,FL,16,3.80469,0.24504,0.30029,134,134,134,0.27918,3.93219,0.27444,1,1,0.450
40.1040,644,BL,9,3.35255,0.23347,0.30259,134,114,103,0.28148,3.42123,0.24012,1,1,0.450
40.1040,644,FR,1,3.67410,-0.03659,0.30909,131,131,131,0.28796,3.79470,-0.05477,1,1,0.450
40.1040,644,BR,24,3.48874,-0.02627,0.29990,134,134,134,0.27880,3.55889,-0.01981,1,1,0.450
40.1140,644,FL,16,3.80640,0.24425,0.30027,134,134,134,0.27916,3.93465,0.27392,1,1,0.450
40.1140,644,BL,9,3.35398,0.23212,0.30265,134,114,103,0.28153,3.42274,0.23872,1,1,0.450
40.1140,644,FR,1,3.67512,-0.03654,0.30883,131,131,131,0.28770,3.79726,-0.05529,1,1,0.450
40.1140,644,BR,24,3.49037,-0.02638,0.29989,134,134,134,0.27879,3.56432,-0.01966,1,1,0.450
40.1240,644,FL,16,3.80642,0.24403,0.30040,134,134,134,0.27930,3.93487,0.27309,1,1,0.450
40.1240,644,BL,9,3.35353,0.23233,0.30264,134,114,103,0.28153,3.42342,0.23776,1,1,0.450
40.1240,644,FR,1,3.67400,-0.03590,0.30924,131,131,131,0.28811,3.79624,-0.05481,1,1,0.450
40.1240,644,BR,24,3.49073,-0.02715,0.29986,134,134,134,0.27876,3.56506,-0.02059,1,1,0.450
40.1340,645,FL,15,3.80860,0.24314,0.30050,134,134,134,0.27940,3.93678,0.27234,1,1,0.450
40.1340,645,BL,8,3.35585,0.23099,0.30295,134,114,103,0.28184,3.42579,0.23603,1,1,0.450
40.1340,645,FR,30,3.94335,-0.03434,0.30002,134,134,134,0.27891,4.04707,-0.04441,1,1,0.450
40.1340,645,BR,23,3.49311,-0.02842,0.29986,134,134,134,0.27876,3.56332,-0.02247,1,1,0.450
40.1540,645,FL,15,3.80925,0.24247,0.30056,134,134,134,0.27945,3.93794,0.27185,1,1,0.450
40.1540,645,BL,8,3.35594,0.22999,0.30271,134,114,103,0.28160,3.42660,0.23433,1,1,0.450
40.1540,645,FR,30,3.94407,-0.03453,0.30002,134,134,134,0.27892,4.05878,-0.04531,1,1,0.450
40.1540,645,BR,23,3.49382,-0.02868,0.29986,134,134,134,0.27876,3.57017,-0.02265,1,1,0.450
40.1620,646,FL,14,3.81126,0.24128,0.30062,134,134,134,0.27952,3.94094,0.26971,1,1,0.450
40.1620,646,BL,7,3.35685,0.22909,0.30343,134,114,103,0.28232,3.42962,0.23173,1,1,0.450
40.1620,646,FR,29,3.94745,-0.03622,0.30003,134,134,134,0.27893,4.05747,-0.04708,1,1,0.450
40.1640,646,BR,22,3.49704,-0.03130,0.29986,134,134,134,0.27876,3.56930,-0.02612,1,1,0.450
40.1740,646,FL,14,3.81175,0.24118,0.30060,134,134,134,0.27949,3.94269,0.26933,1,1,0.450
40.1740,646,BL,7,3.35636,0.22894,0.30325,134,114,103,0.28213,3.43025,0.23087,1,1,0.450
40.1740,646,FR,29,3.94852,-0.03647,0.30002,134,134,134,0.27892,4.06691,-0.04769,1,1,0.450
40.1740,646,BR,22,3.49794,-0.03125,0.29985,134,134,134,0.27875,3.57536,-0.02630,1,1,0.450
40.1820,646,FL,14,3.81214,0.24099,0.30067,134,134,134,0.27956,3.94403,0.26809,1,1,0.450
40.1820,646,BL,7,3.35612,0.22920,0.30311,134,114,103,0.28200,3.43092,0.23005,1,1,0.450
40.1820,646,FR,29,3.94994,-0.03735,0.30005,134,134,134,0.27895,4.06823,-0.04833,1,1,0.450
40.1820,646,BR,22,3.49921,-0.03247,0.29980,134,134,134,0.27869,3.57719,-0.02787,1,1,0.450
40.1920,647,FL,13,3.81310,0.24074,0.30058,134,134,134,0.27947,3.94560,0.26736,1,1,0.450
40.1920,647,BL,6,3.35664,0.22900,0.30273,134,114,103,0.28161,3.43197,0.22927,1,1,0.450
40.1920,647,FR,28,3.95150,-0.03798,0.30005,134,134,134,0.27895,4.06497,-0.04957,1,1,0.450
40.1920,647,BR,21,3.50069,-0.03328,0.29977,134,134,134,0.27867,3.57408,-0.02967,1,1,0.450
40.2020,647,FL,13,3.81357,0.24063,0.30051,134,134,134,0.27941,3.94682,0.26720,1,1,0.450
40.2020,647,BL,6,3.35665,0.22872,0.30262,134,114,103,0.28151,3.43246,0.22861,1,1,0.450
40.2020,647,FR,28,3.95233,-0.03817,0.30003,134,134,134,0.27893,4.07299,-0.05013,1,1,0.450
40.2020,647,BR,21,3.50135,-0.03316,0.29976,134,134,134,0.27866,3.57930,-0.02969,1,1,0.450
40.2120,647,FL,13,3.81378,0.24026,0.30069,134,134,134,0.27959,3.94724,0.26636,1,1,0.450
40.2120,647,BL,6,3.35683,0.22858,0.30300,134,114,103,0.28188,3.43282,0.22782,1,1,0.450
40.2120,647,FR,28,3.95298,-0.03884,0.30005,134,134,134,0.27895,4.07356,-0.05064,1,1,0.450
40.2120,647,BR,21,3.50192,-0.03409,0.29975,134,134,134,0.27865,3.58025,-0.03081,1,1,0.450
40.2220,648,FL,12,3.81349,0.23993,0.30086,134,134,134,0.27975,3.94696,0.26577,1,1,0.450
40.2220,648,BL,5,3.35646,0.22840,0.30354,134,114,103,0.28242,3.43264,0.22700,1,1,0.450
40.2220,648,FR,27,3.95277,-0.03936,0.30006,134,134,134,0.27896,4.06839,-0.05186,1,1,0.450
40.2220,648,BR,20,3.50171,-0.03470,0.29978,134,134,134,0.27868,3.57506,-0.03234,1,1,0.450
40.2300,648,FL,12,3.81369,0.23991,0.30086,134,134,134,0.27976,3.94767,0.26575,1,1,0.450
40.2300,648,BL,5,3.35641,0.22810,0.30369,134,114,103,0.28258,3.43279,0.22650,1,1,0.450
40.2300,648,FR,27,3.95317,-0.03951,0.30002,134,134,134,0.27892,4.07541,-0.05247,1,1,0.450
40.2300,648,BR,20,3.50194,-0.03444,0.29978,134,134,134,0.27868,3.57949,-0.03232,1,1,0.450
40.2400,648,FL,12,3.81414,0.23943,0.30103,134,134,134,0.27993,3.94824,0.26495,1,1,0.450
40.2420,648,BL,5,3.35695,0.22773,0.30404,134,114,103,0.28293,3.43324,0.22566,1,1,0.450
40.2420,648,FR,27,3.95402,-0.04018,0.30005,134,134,134,0.27895,4.07619,-0.05301,1,1,0.450
40.2420,648,BR,20,3.50271,-0.03536,0.29977,134,134,134,0.27867,3.58061,-0.03337,1,1,0.450
40.2500,648,FL,12,3.81428,0.23882,0.30128,134,134,134,0.28017,3.94817,0.26426,1,1,0.450
40.2500,648,BL,5,3.35713,0.22712,0.30486,133,114,103,0.28374,3.43348,0.22441,1,1,0.450
40.2500,648,FR,27,3.95415,-0.04080,0.30005,134,134,134,0.27895,4.07631,-0.05353,1,1,0.450
40.2500,648,BR,20,3.50285,-0.03618,0.29983,134,134,134,0.27873,3.58071,-0.03424,1,1,0.450
40.2600,649,FL,11,3.81379,0.23830,0.30151,134,134,134,0.28040,3.94737,0.26362,1,1,0.450
40.2600,649,BL,4,3.35672,0.22667,0.30563,133,114,103,0.28451,3.43316,0.22322,1,1,0.450
40.2620,649,FR,26,3.95356,-0.04129,0.30006,134,134,134,0.27895,4.07064,-0.05476,1,1,0.450
40.2620,649,BR,19,3.50230,-0.03689,0.29988,134,134,134,0.27878,3.57497,-0.03577,1,1,0.450
40.2700,649,FL,11,3.81404,0.23817,0.30164,134,134,134,0.28053,3.94796,0.26358,1,1,0.450
40.2700,649,BL,4,3.35694,0.22597,0.30605,132,113,102,0.28493,3.43312,0.22238,1,1,0.450
40.2700,649,FR,26,3.95410,-0.04149,0.30001,134,134,134,0.27890,4.07750,-0.05542,1,1,0.450
40.2700,649,BR,19,3.50263,-0.03683,0.29990,134,134,134,0.27880,3.57937,-0.03595,1,1,0.450
40.2800,649,FL,11,3.81318,0.23779,0.30191,134,134,134,0.28080,3.94675,0.26284,1,1,0.450
40.2800,649,BL,4,3.35643,0.22578,0.30660,132,113,102,0.28547,3.43226,0.22143,1,1,0.450
40.2800,649,FR,26,3.95334,-0.04205,0.30004,134,134,134,0.27894,4.07667,-0.05584,1,1,0.450
40.2800,649,BR,19,3.50185,-0.03771,0.29991,134,134,134,0.27880,3.57882,-0.03693,1,1,0.450
40.2920,650,FL,10,3.81319,0.23721,0.30202,134,134,134,0.28091,3.94666,0.26198,1,1,0.450
40.2920,650,BL,3,3.35666,0.22523,0.30691,132,113,102,0.28579,3.43201,0.22022,1,1,0.450
40.2920,650,FR,25,3.95354,-0.04280,0.30004,134,134,134,0.27894,4.07172,-0.05733,1,1,0.450
40.2920,650,BR,18,3.50203,-0.03872,0.29994,134,134,134,0.27884,3.57378,-0.03893,1,1,0.450
40.3000,650,FL,10,3.81247,0.23755,0.30227,134,134,134,0.28116,3.94570,0.26225,1,1,0.450
40.3000,650,BL,3,3.35618,0.22507,0.30734,132,113,102,0.28622,3.43115,0.21986,1,1,0.450
40.3000,650,FR,25,3.95267,-0.04276,0.29998,134,134,134,0.27888,4.07695,-0.05787,1,1,0.450
40.3000,650,BR,18,3.50099,-0.03824,0.29999,134,134,134,0.27888,3.57661,-0.03894,1,1,0.450
40.3100,650,FL,10,3.81179,0.23728,0.30246,134,134,134,0.28135,3.94467,0.26140,1,1,0.450
40.3100,650,BL,3,3.35611,0.22504,0.30754,132,113,102,0.28641,3.43013,0.21932,1,1,0.450
40.3100,650,FR,25,3.95209,-0.04346,0.30003,134,134,134,0.27892,4.07632,-0.05847,1,1,0.450
40.3100,650,BR,18,3.50041,-0.03919,0.29997,134,134,134,0.27887,3.57620,-0.04014,1,1,0.450
40.3220,651,FL,9,3.81164,0.23693,0.30252,134,134,134,0.28141,3.94415,0.26055,1,1,0.450
40.3220,651,BL,2,3.35642,0.22486,0.30757,132,113,102,0.28644,3.42957,0.21866,1,1,0.450
40.3220,651,FR,24,3.95185,-0.04429,0.30003,134,134,134,0.27893,4.07083,-0.06016,1,1,0.450
40.3240,651,BR,17,3.50018,-0.04005,0.30000,134,134,134,0.27890,3.57585,-0.04135,1,1,0.450
40.3340,651,FL,9,3.81084,0.23758,0.30271,134,134,134,0.28160,3.94261,0.26086,1,1,0.450
40.3340,651,BL,2,3.35628,0.22508,0.30758,132,113,102,0.28645,3.42873,0.21905,1,1,0.450
40.3360,651,FR,24,3.95059,-0.04440,0.29996,134,134,134,0.27886,4.07553,-0.06094,1,1,0.450
40.3360,651,BR,17,3.49873,-0.03941,0.30002,134,134,134,0.27892,3.57307,-0.04259,1,1,0.450
40.3480,652,FL,8,3.81070,0.23733,0.30281,134,134,134,0.28169,3.94167,0.25974,1,1,0.450
40.3480,652,BL,1,3.35686,0.22520,0.30735,132,113,102,0.28622,3.42813,0.21917,1,1,0.450
40.3500,652,FR,23,3.94974,-0.04554,0.30001,134,134,134,0.27891,4.06922,-0.06314,1,1,0.450
40.3500,652,BR,16,3.49807,-0.04035,0.30001,134,134,134,0.27891,3.57200,-0.04405,1,1,0.450
40.3720,653,FL,7,3.81043,0.23798,0.30289,134,134,134,0.28178,3.94001,0.25979,1,1,0.450
40.3720,653,BL,30,3.63053,0.22764,0.29986,134,134,134,0.27876,3.70762,0.23052,1,1,0.450
40.3720,653,FR,22,3.94824,-0.04616,0.29998,134,134,134,0.27888,4.06376,-0.06922,1,1,0.450
40.3720,653,BR,15,3.49660,-0.03962,0.30007,134,134,134,0.27897,3.56949,-0.04497,1,1,0.450
40.3840,653,FL,7,3.81015,0.23853,0.30243,134,134,134,0.28132,3.93710,0.25918,1,1,0.450
40.3840,653,BL,30,3.62740,0.22563,0.29988,134,134,134,0.27878,3.70365,0.22312,1,1,0.450
40.3840,653,FR,22,3.94510,-0.04713,0.29983,134,134,134,0.27873,4.06414,-0.07312,1,1,0.450
40.3840,653,BR,15,3.49392,-0.03892,0.30012,134,134,134,0.27902,3.56479,-0.04632,1,1,0.450
40.3960,653,FL,7,3.80862,0.23747,0.30343,134,134,134,0.28232,3.93506,0.25781,1,1,0.450
40.3960,653,BL,30,3.62593,0.22489,0.29990,134,134,134,0.27880,3.70270,0.22240,1,1,0.450
40.3960,653,FR,22,3.94346,-0.04794,0.29988,134,134,134,0.27877,4.06268,-0.07353,1,1,0.450
40.3960,653,BR,15,3.49229,-0.03993,0.30022,134,134,134,0.27912,3.56305,-0.04712,1,1,0.450
40.4120,654,FL,6,3.80859,0.23741,0.30338,134,134,134,0.28227,3.93390,0.25721,1,1,0.450
40.4140,654,BL,29,3.62479,0.22410,0.29990,134,134,134,0.27880,3.69744,0.22174,1,1,0.450
40.4140,654,FR,21,3.94234,-0.04872,0.29988,134,134,134,0.27878,4.05730,-0.07436,1,1,0.450
40.4140,654,BR,14,3.49149,-0.04049,0.30031,134,134,134,0.27920,3.56146,-0.04821,1,1,0.450
40.4260,654,FL,6,3.80778,0.23800,0.30320,134,134,134,0.28209,3.93184,0.25768,1,1,0.450
40.4260,654,BL,29,3.62275,0.22284,0.29989,134,134,134,0.27879,3.69684,0.21726,1,1,0.450
40.4260,654,FR,21,3.94069,-0.04874,0.29982,134,134,134,0.27872,4.05995,-0.07667,1,1,0.450
40.4280,654,BR,14,3.48994,-0.03968,0.30037,134,134,134,0.27927,3.55884,-0.04866,1,1,0.450
40.4360,655,FL,5,3.80642,0.23758,0.30365,134,134,134,0.28253,3.92956,0.25698,1,1,0.450
40.4380,655,BL,28,3.62091,0.22246,0.29991,134,134,134,0.27881,3.69146,0.21718,1,1,0.450
40.4380,655,FR,20,3.93883,-0.04900,0.29986,134,134,134,0.27876,4.05418,-0.07627,1,1,0.450
40.4380,655,BR,13,3.48819,-0.04033,0.30048,134,134,134,0.27937,3.55682,-0.04916,1,1,0.450
40.4540,655,FL,5,3.80584,0.23784,0.30409,134,134,134,0.28297,3.92819,0.25732,1,1,0.450
40.4540,655,BL,28,3.61977,0.22158,0.29990,134,134,134,0.27880,3.69311,0.21444,1,1,0.450
40.4540,655,FR,20,3.93797,-0.04875,0.29984,134,134,134,0.27874,4.05812,-0.07770,1,1,0.450
40.4540,655,BR,13,3.48723,-0.03940,0.30072,134,134,134,0.27961,3.55519,-0.04906,1,1,0.450
40.4640,656,FL,4,3.80525,0.23694,0.30525,133,133,133,0.28413,3.92662,0.25617,1,1,0.450
40.4640,656,BL,27,3.61891,0.22129,0.29991,134,134,134,0.27881,3.68876,0.21465,1,1,0.450
40.4640,656,FR,19,3.93704,-0.04906,0.29995,134,134,134,0.27885,4.05337,-0.07708,1,1,0.450
40.4640,656,BR,12,3.48630,-0.04033,0.30098,134,134,134,0.27988,3.55426,-0.04939,1,1,0.450
40.4740,656,FL,4,3.80456,0.23657,0.30615,132,132,132,0.28503,3.92498,0.25570,1,1,0.450
40.4740,656,BL,27,3.61792,0.22048,0.29992,134,134,134,0.27881,3.69119,0.21284,1,1,0.450
40.4740,656,FR,19,3.93633,-0.04885,0.29996,134,134,134,0.27886,4.05765,-0.07798,1,1,0.450
40.4740,656,BR,12,3.48530,-0.03982,0.30140,134,134,134,0.28030,3.55295,-0.04911,1,1,0.450
40.4840,656,FL,4,3.80326,0.23570,0.30711,132,132,132,0.28599,3.92310,0.25451,1,1,0.450
40.4840,656,BL,27,3.61685,0.22043,0.29992,134,134,134,0.27882,3.69064,0.21296,1,1,0.450
40.4840,656,FR,19,3.93510,-0.04909,0.30008,134,134,134,0.27898,4.05664,-0.07766,1,1,0.450
40.4840,656,BR,12,3.48393,-0.04067,0.30162,134,134,134,0.28051,3.55187,-0.04922,1,1,0.450
40.4940,657,FL,3,3.80360,0.23508,0.30809,132,132,132,0.28696,3.92304,0.25370,1,1,0.450
40.4960,657,BL,26,3.61691,0.22033,0.29993,134,134,134,0.27882,3.68676,0.21357,1,1,0.450
40.4960,657,FR,18,3.93517,-0.04927,0.30013,134,134,134,0.27903,4.05279,-0.07707,1,1,0.450
40.4960,657,BR,11,3.48402,-0.04112,0.30187,134,134,134,0.28076,3.55177,-0.04933,1,1,0.450
40.5040,657,FL,3,3.80269,0.23460,0.30851,131,131,131,0.28738,3.92146,0.25302,1,1,0.450
40.5040,657,BL,26,3.61591,0.21964,0.29993,134,134,134,0.27883,3.68944,0.21234,1,1,0.450
40.5040,657,FR,18,3.93441,-0.04903,0.30012,134,134,134,0.27902,4.05701,-0.07770,1,1,0.450
40.5040,657,BR,11,3.48286,-0.04064,0.30221,134,134,134,0.28110,3.55062,-0.04888,1,1,0.450
40.5160,657,FL,3,3.80300,0.23413,0.30913,131,131,131,0.28800,3.92183,0.25264,1,1,0.450
40.5160,657,BL,26,3.61632,0.21979,0.29992,134,134,134,0.27882,3.69036,0.21268,1,1,0.450
40.5160,657,FR,18,3.93466,-0.04906,0.30022,134,134,134,0.27912,4.05734,-0.07735,1,1,0.450
40.5160,657,BR,11,3.48317,-0.04102,0.30234,134,134,134,0.28123,3.55095,-0.04884,1,1,0.450
40.5240,658,FL,2,3.80213,0.23346,0.30956,131,131,131,0.28843,3.92078,0.25181,1,1,0.450
40.5240,658,BL,25,3.61575,0.21995,0.29993,134,134,134,0.27882,3.68577,0.21353,1,1,0.450
40.5240,658,FR,17,3.93403,-0.04909,0.30027,134,134,134,0.27917,4.05688,-0.07705,1,1,0.450
40.5240,658,BR,10,3.48229,-0.04135,0.30253,134,134,134,0.28142,3.55045,-0.04857,1,1,0.450
40.5360,658,FL,2,3.80291,0.23344,0.30946,131,131,131,0.28833,3.92186,0.25213,1,1,0.450
40.5360,658,BL,25,3.61643,0.21954,0.29993,134,134,134,0.27882,3.69028,0.21283,1,1,0.450
40.5360,658,FR,17,3.93491,-0.04857,0.30023,134,134,134,0.27913,4.05858,-0.07690,1,1,0.450
40.5360,658,BR,10,3.48298,-0.04032,0.30274,134,134,134,0.28163,3.55086,-0.04787,1,1,0.450
40.5460,658,FL,2,3.80187,0.23263,0.30977,131,131,131,0.28864,3.92120,0.25148,1,1,0.450
40.5460,658,BL,25,3.61626,0.22004,0.29991,134,134,134,0.27881,3.69056,0.21348,1,1,0.450
40.5460,658,FR,17,3.93452,-0.04846,0.30033,134,134,134,0.27923,4.05832,-0.07623,1,1,0.450
40.5460,658,BR,10,3.48229,-0.04071,0.30280,134,134,134,0.28169,3.55093,-0.04731,1,1,0.450
40.5540,659,FL,1,3.80109,0.23216,0.30991,131,131,131,0.28878,3.92091,0.25109,1,1,0.450
40.5540,659,BL,24,3.61618,0.22044,0.29990,134,134,134,0.27880,3.68644,0.21464,1,1,0.450
40.5560,659,FR,16,3.93426,-0.04836,0.30035,134,134,134,0.27925,4.06233,-0.07638,1,1,0.450
40.5560,659,BR,9,3.48177,-0.04077,0.30283,134,134,134,0.28172,3.55082,-0.04677,1,1,0.450
40.5660,659,FL,1,3.80291,0.23237,0.30956,131,131,131,0.28842,3.92437,0.25222,1,1,0.450
40.5660,659,BL,24,3.61834,0.22057,0.29989,134,134,134,0.27879,3.69245,0.21458,1,1,0.450
40.5660,659,FR,16,3.93652,-0.04745,0.30032,134,134,134,0.27922,4.06524,-0.07588,1,1,0.450
40.5660,659,BR,9,3.48393,-0.03913,0.30296,134,134,134,0.28185,3.55273,-0.04539,1,1,0.450
40.5760,659,FL,1,3.80181,0.23166,0.30995,131,131,131,0.28881,3.92368,0.25197,1,1,0.450
40.5760,659,BL,24,3.61893,0.22158,0.29986,134,134,134,0.27876,3.69339,0.21564,1,1,0.450
40.5760,659,FR,16,3.93677,-0.04703,0.30048,134,134,134,0.27938,4.06564,-0.07489,1,1,0.450
40.5760,659,BR,9,3.48366,-0.03911,0.30295,134,134,134,0.28184,3.55372,-0.04410,1,1,0.450
40.5860,660,FL,30,4.06967,0.23229,0.30002,134,134,134,0.27892,4.17330,0.24331,1,1,0.450
40.5860,660,BL,23,3.61945,0.22238,0.29983,134,134,134,0.27873,3.68986,0.21720,1,1,0.450
40.5860,660,FR,15,3.93693,-0.04674,0.30054,134,134,134,0.27943,4.06611,-0.07415,1,1,0.450
40.5860,660,BR,8,3.48344,-0.03899,0.30265,134,134,134,0.28154,3.55420,-0.04302,1,1,0.450
40.6040,660,FL,30,4.07222,0.23277,0.30002,134,134,134,0.27892,4.18684,0.24448,1,1,0.450
40.6060,660,BL,23,3.62198,0.22312,0.29984,134,134,134,0.27873,3.69848,0.21798,1,1,0.450
40.6060,660,FR,15,3.93938,-0.04571,0.30045,134,134,134,0.27935,4.06866,-0.07362,1,1,0.450
40.6060,660,BR,8,3.48577,-0.03699,0.30256,134,134,134,0.28145,3.55660,-0.04094,1,1,0.450
40.6160,661,FL,29,4.07582,0.23444,0.30003,134,134,134,0.27893,4.18575,0.24626,1,1,0.450
40.6160,661,BL,22,3.62537,0.22556,0.29983,134,134,134,0.27872,3.69794,0.22135,1,1,0.450
40.6160,661,FR,14,3.94134,-0.04486,0.30057,134,134,134,0.27946,4.07228,-0.07131,1,1,0.450
40.6160,661,BR,7,3.48613,-0.03694,0.30299,134,134,134,0.28188,3.55956,-0.03876,1,1,0.450
40.6240,661,FL,29,4.07637,0.23477,0.30003,134,134,134,0.27893,4.19466,0.24702,1,1,0.450
40.6260,661,BL,22,3.62573,0.22556,0.29981,134,134,134,0.27871,3.70356,0.22173,1,1,0.450
40.6260,661,FR,14,3.94115,-0.04489,0.30054,134,134,134,0.27944,4.07351,-0.07086,1,1,0.450
40.6260,661,BR,7,3.48493,-0.03699,0.30283,134,134,134,0.28172,3.55948,-0.03794,1,1,0.450
40.6360,661,FL,29,4.07718,0.23528,0.30005,134,134,134,0.27895,4.19538,0.24732,1,1,0.450
40.6360,661,BL,22,3.62641,0.22632,0.29976,134,134,134,0.27866,3.70473,0.22284,1,1,0.450
40.6360,661,FR,14,3.94117,-0.04489,0.30060,134,134,134,0.27949,4.07416,-0.07013,1,1,0.450
40.6360,661,BR,7,3.48462,-0.03721,0.30282,134,134,134,0.28171,3.55966,-0.03749,1,1,0.450
40.6480,662,FL,28,4.07814,0.23590,0.30006,134,134,134,0.27895,4.19153,0.24849,1,1,0.450
40.6480,662,BL,21,3.62731,0.22723,0.29974,134,134,134,0.27864,3.70097,0.22465,1,1,0.450
40.6480,662,FR,13,3.94153,-0.04469,0.30055,134,134,134,0.27944,4.07507,-0.06933,1,1,0.450
40.6480,662,BR,6,3.48453,-0.03713,0.30257,134,134,134,0.28146,3.56012,-0.03664,1,1,0.450
40.6640,662,FL,28,4.07893,0.23609,0.30003,134,134,134,0.27893,4.19951,0.24913,1,1,0.450
40.6640,662,BL,21,3.62792,0.22715,0.29972,134,134,134,0.27862,3.70613,0.22483,1,1,0.450
40.6640,662,FR,13,3.94189,-0.04468,0.30044,134,134,134,0.27934,4.07615,-0.06917,1,1,0.450
40.6640,662,BR,6,3.48457,-0.03690,0.30234,134,134,134,0.28124,3.56038,-0.03601,1,1,0.450
40.6780,663,FL,27,4.07962,0.23701,0.30006,134,134,134,0.27896,4.19515,0.25056,1,1,0.450
40.6780,663,BL,20,3.62853,0.22846,0.29973,134,134,134,0.27863,3.70211,0.22703,1,1,0.450
40.6780,663,FR,12,3.94207,-0.04405,0.30073,134,134,134,0.27963,4.07652,-0.06805,1,1,0.450
40.6780,663,BR,5,3.48471,-0.03650,0.30315,134,134,134,0.28203,3.56073,-0.03469,1,1,0.450
40.6960,663,FL,27,4.07934,0.23720,0.30003,134,134,134,0.27893,4.20149,0.25125,1,1,0.450
40.6960,663,BL,20,3.62807,0.22825,0.29976,134,134,134,0.27866,3.70585,0.22722,1,1,0.450
40.6960,663,FR,12,3.94167,-0.04407,0.30083,134,134,134,0.27972,4.07641,-0.06800,1,1,0.450
40.6960,663,BR,5,3.48422,-0.03620,0.30363,134,134,134,0.28252,3.56028,-0.03398,1,1,0.450
40.7060,664,FL,26,4.07945,0.23822,0.30006,134,134,134,0.27896,4.19644,0.25282,1,1,0.450
40.7060,664,BL,19,3.62817,0.22981,0.29980,134,134,134,0.27870,3.70102,0.22957,1,1,0.450
40.7060,664,FR,11,3.94159,-0.04311,0.30122,134,134,134,0.28011,4.07597,-0.06676,1,1,0.450
40.7060,664,BR,4,3.48441,-0.03533,0.30481,134,134,134,0.28369,3.56033,-0.03206,1,1,0.450
40.7160,664,FL,26,4.08002,0.23835,0.30000,134,134,134,0.27890,4.20332,0.25346,1,1,0.450
40.7160,664,BL,19,3.62854,0.22964,0.29982,134,134,134,0.27872,3.70542,0.22977,1,1,0.450
40.7160,664,FR,11,3.94201,-0.04303,0.30129,134,134,134,0.28018,4.07655,-0.06687,1,1,0.450
40.7160,664,BR,4,3.48479,-0.03460,0.30518,133,133,133,0.28406,3.56065,-0.03116,1,1,0.450
40.7300,664,FL,26,4.07982,0.23895,0.30004,134,134,134,0.27894,4.20307,0.25389,1,1,0.450
40.7300,664,BL,19,3.62831,0.23066,0.29983,134,134,134,0.27872,3.70545,0.23083,1,1,0.450
40.7300,664,FR,11,3.94159,-0.04250,0.30159,134,134,134,0.28048,4.07588,-0.06606,1,1,0.450
40.7300,664,BR,4,3.48470,-0.03411,0.30583,132,132,132,0.28471,3.56016,-0.02997,1,1,0.450
40.7400,665,FL,25,4.07937,0.23972,0.30004,134,134,134,0.27894,4.19744,0.25531,1,1,0.450
40.7400,665,BL,18,3.62787,0.23183,0.29988,134,134,134,0.27878,3.69970,0.23288,1,1,0.450
40.7400,665,FR,10,3.94110,-0.04186,0.30179,134,134,134,0.28068,4.07496,-0.06513,1,1,0.450
40.7400,665,BR,3,3.48453,-0.03349,0.30646,132,132,132,0.28534,3.55952,-0.02838,1,1,0.450
40.7500,665,FL,25,4.07945,0.23984,0.29998,134,134,134,0.27888,4.20366,0.25605,1,1,0.450
40.7520,665,BL,18,3.62772,0.23158,0.29990,134,134,134,0.27880,3.70355,0.23322,1,1,0.450
40.7520,665,FR,10,3.94098,-0.04213,0.30194,134,134,134,0.28083,4.07493,-0.06528,1,1,0.450
40.7520,665,BR,3,3.48472,-0.03315,0.30665,132,132,132,0.28553,3.55891,-0.02807,1,1,0.450
40.7600,665,FL,25,4.07882,0.24051,0.30002,134,134,134,0.27892,4.20296,0.25659,1,1,0.450
40.7600,665,BL,18,3.62708,0.23250,0.29989,134,134,134,0.27879,3.70311,0.23436,1,1,0.450
40.7600,665,FR,10,3.94031,-0.04183,0.30214,134,134,134,0.28103,4.07381,-0.06448,1,1,0.450
40.7600,665,BR,3,3.48466,-0.03307,0.30685,132,132,132,0.28573,3.55796,-0.02744,1,1,0.450
40.7700,666,FL,24,4.07806,0.24117,0.30003,134,134,134,0.27892,4.19695,0.25809,1,1,0.450
40.7700,666,BL,17,3.62636,0.23313,0.29992,134,134,134,0.27882,3.70220,0.23536,1,1,0.450
40.7700,666,FR,9,3.93980,-0.04166,0.30220,134,134,134,0.28109,4.07281,-0.06381,1,1,0.450
40.7700,666,BR,2,3.48463,-0.03310,0.30692,132,132,132,0.28580,3.55714,-0.02704,1,1,0.450
40.7800,666,FL,24,4.07735,0.24122,0.29996,134,134,134,0.27885,4.20221,0.25886,1,1,0.450
40.7820,666,BL,17,3.62543,0.23244,0.29993,134,134,134,0.27882,3.70000,0.23649,1,1,0.450
40.7820,666,FR,9,3.93935,-0.04227,0.30236,134,134,134,0.28125,4.07184,-0.06422,1,1,0.450
40.7820,666,BR,2,3.48478,-0.03317,0.30686,132,132,132,0.28573,3.55653,-0.02744,1,1,0.450
40.7900,666,FL,24,4.07627,0.24200,0.30000,134,134,134,0.27890,4.20101,0.25975,1,1,0.450
40.7900,666,BL,17,3.62454,0.23312,0.29992,134,134,134,0.27882,3.69874,0.23754,1,1,0.450
40.7900,666,FR,9,3.93897,-0.04214,0.30249,134,134,134,0.28138,4.07066,-0.06342,1,1,0.450
40.7900,666,BR,2,3.48500,-0.03334,0.30680,132,132,132,0.28568,3.55587,-0.02752,1,1,0.450
40.8000,667,FL,23,4.07481,0.24259,0.30000,134,134,134,0.27890,4.19414,0.26133,1,1,0.450
40.8000,667,BL,16,3.62326,0.23341,0.29998,134,134,134,0.27888,3.69696,0.23832,1,1,0.450
40.8000,667,FR,8,3.93838,-0.04216,0.30250,134,134,134,0.28139,4.06913,-0.06294,1,1,0.450
40.8000,667,BR,1,3.48478,-0.03355,0.30689,132,132,132,0.28577,3.55534,-0.02760,1,1,0.450
40.8200,667,FL,23,4.07403,0.24299,0.29997,134,134,134,0.27887,4.19380,0.26703,1,1,0.450
40.8220,667,BL,16,3.62246,0.23256,0.30000,134,134,134,0.27890,3.69524,0.23890,1,1,0.450
40.8220,667,FR,8,3.93852,-0.04279,0.30257,134,134,134,0.28146,4.06825,-0.06318,1,1,0.450
40.8220,667,BR,1,3.48545,-0.03361,0.30665,132,132,132,0.28553,3.55591,-0.02849,1,1,0.450
40.8320,668,FL,22,4.07158,0.24425,0.29989,134,134,134,0.27879,4.18717,0.26802,1,1,0.450
40.8320,668,BL,15,3.62042,0.23323,0.30011,134,134,134,0.27901,3.69212,0.24031,1,1,0.450
40.8320,668,FR,7,3.93820,-0.04228,0.30255,134,134,134,0.28144,4.06586,-0.06168,1,1,0.450
40.8320,668,BR,30,3.75634,-0.03206,0.29989,134,134,134,0.27879,3.83419,-0.03464,1,1,0.450
40.8420,668,FL,22,4.06958,0.24452,0.29990,134,134,134,0.27880,4.18850,0.27155,1,1,0.450
40.8420,668,BL,15,3.61835,0.23260,0.30026,134,134,134,0.27916,3.68928,0.24058,1,1,0.450
40.8420,668,FR,7,3.93660,-0.04234,0.30328,134,134,134,0.28216,4.06350,-0.06158,1,1,0.450
40.8420,668,BR,30,3.75426,-0.03100,0.29988,134,134,134,0.27878,3.83056,-0.02784,1,1,0.450
40.8540,669,FL,21,4.06828,0.24489,0.29988,134,134,134,0.27878,4.18317,0.27143,1,1,0.450
40.8540,669,BL,14,3.61728,0.23309,0.30027,134,134,134,0.27917,3.68763,0.24123,1,1,0.450
40.8540,669,FR,6,3.93614,-0.04214,0.30342,134,134,134,0.28231,4.06210,-0.06098,1,1,0.450
40.8540,669,BR,29,3.75298,-0.03045,0.29990,134,134,134,0.27880,3.82563,-0.02752,1,1,0.450
40.8640,669,FL,21,4.06690,0.24492,0.29983,134,134,134,0.27873,4.18608,0.27381,1,1,0.450
40.8640,669,BL,14,3.61600,0.23218,0.30032,134,134,134,0.27921,3.68529,0.24151,1,1,0.450
40.8640,669,FR,6,3.93565,-0.04269,0.30320,134,134,134,0.28209,4.06043,-0.06142,1,1,0.450
40.8640,669,BR,29,3.75131,-0.02934,0.29989,134,134,134,0.27879,3.82537,-0.02314,1,1,0.450
40.8720,669,FL,21,4.06533,0.24511,0.29986,134,134,134,0.27876,4.18458,0.27370,1,1,0.450
40.8720,669,BL,14,3.61456,0.23266,0.30035,134,134,134,0.27925,3.68360,0.24189,1,1,0.450
40.8720,669,FR,6,3.93453,-0.04240,0.30340,134,134,134,0.28229,4.05867,-0.06093,1,1,0.450
40.8720,669,BR,29,3.74979,-0.02905,0.29990,134,134,134,0.27880,3.82432,-0.02283,1,1,0.450
40.8840,670,FL,20,4.06526,0.24545,0.29987,134,134,134,0.27877,4.18046,0.27376,1,1,0.450
40.8840,670,BL,13,3.61466,0.23295,0.30049,134,134,134,0.27939,3.68325,0.24246,1,1,0.450
40.8840,670,FR,5,3.93495,-0.04237,0.30366,134,134,134,0.28254,4.05851,-0.06075,1,1,0.450
40.8840,670,BR,28,3.74966,-0.02864,0.29990,134,134,134,0.27880,3.82020,-0.02281,1,1,0.450
40.8920,670,FL,20,4.06379,0.24514,0.29984,134,134,134,0.27874,4.18377,0.27513,1,1,0.450
40.8920,670,BL,13,3.61305,0.23206,0.30065,134,134,134,0.27955,3.68112,0.24226,1,1,0.450
40.8920,670,FR,5,3.93379,-0.04257,0.30390,134,134,134,0.28278,4.05635,-0.06101,1,1,0.450
40.8920,670,BR,28,3.74787,-0.02779,0.29990,134,134,134,0.27880,3.82115,-0.02003,1,1,0.450
40.9020,670,FL,20,4.06341,0.24529,0.29991,134,134,134,0.27881,4.18347,0.27496,1,1,0.450
40.9020,670,BL,13,3.61276,0.23256,0.30076,134,134,134,0.27965,3.68067,0.24252,1,1,0.450
40.9020,670,FR,5,3.93371,-0.04219,0.30448,134,134,134,0.28336,4.05580,-0.06054,1,1,0.450
40.9020,670,BR,28,3.74757,-0.02763,0.29990,134,134,134,0.27880,3.82134,-0.01990,1,1,0.450
40.9120,671,FL,19,4.06261,0.24552,0.29997,134,134,134,0.27887,4.17879,0.27454,1,1,0.450
40.9120,671,BL,12,3.61188,0.23303,0.30102,134,134,134,0.27991,3.67982,0.24268,1,1,0.450
40.9120,671,FR,4,3.93301,-0.04162,0.30533,133,133,133,0.28421,4.05446,-0.05980,1,1,0.450
40.9120,671,BR,27,3.74675,-0.02745,0.29991,134,134,134,0.27881,3.81658,-0.02028,1,1,0.450
40.9220,671,FL,19,4.06201,0.24520,0.29996,134,134,134,0.27885,4.18310,0.27549,1,1,0.450
40.9220,671,BL,12,3.61111,0.23229,0.30134,134,134,134,0.28023,3.67858,0.24233,1,1,0.450
40.9220,671,FR,4,3.93267,-0.04148,0.30591,132,132,132,0.28479,4.05327,-0.05967,1,1,0.450
40.9220,671,BR,27,3.74588,-0.02670,0.29991,134,134,134,0.27881,3.81910,-0.01843,1,1,0.450
40.9320,671,FL,19,4.06075,0.24543,0.30007,134,134,134,0.27897,4.18207,0.27518,1,1,0.450
40.9320,671,BL,12,3.60966,0.23311,0.30156,134,134,134,0.28045,3.67751,0.24240,1,1,0.450
40.9320,671,FR,4,3.93125,-0.04062,0.30685,132,132,132,0.28573,4.05127,-0.05853,1,1,0.450
40.9320,671,BR,27,3.74479,-0.02667,0.29991,134,134,134,0.27881,3.81852,-0.01853,1,1,0.450
40.9400,671,FL,19,4.06021,0.24563,0.30014,134,134,134,0.27904,4.18165,0.27511,1,1,0.450
40.9400,671,BL,12,3.60906,0.23357,0.30185,134,134,134,0.28074,3.67686,0.24248,1,1,0.450
40.9400,671,FR,4,3.93086,-0.03997,0.30780,132,132,132,0.28668,4.05039,-0.05768,1,1,0.450
40.9400,671,BR,27,3.74429,-0.02659,0.29992,134,134,134,0.27882,3.81807,-0.01863,1,1,0.450
40.9520,672,FL,18,4.06047,0.24569,0.30016,134,134,134,0.27906,4.17793,0.27447,1,1,0.450
40.9520,672,BL,11,3.60939,0.23378,0.30201,134,134,134,0.28090,3.67700,0.24249,1,1,0.450
40.9520,672,FR,3,3.93137,-0.03965,0.30825,132,132,132,0.28712,4.05069,-0.05722,1,1,0.450
40.9520,672,BR,26,3.74453,-0.02658,0.29993,134,134,134,0.27882,3.81437,-0.01929,1,1,0.450
40.9600,672,FL,18,4.05968,0.24540,0.30019,134,134,134,0.27908,4.18225,0.27499,1,1,0.450
40.9620,672,BL,11,3.60799,0.23341,0.30240,134,134,134,0.28129,3.67597,0.24187,1,1,0.450
40.9620,672,FR,3,3.93005,-0.03895,0.30898,131,131,131,0.28785,4.04868,-0.05641,1,1,0.450
40.9620,672,BR,26,3.74354,-0.02598,0.29993,134,134,134,0.27883,3.81705,-0.01811,1,1,0.450
40.9700,672,FL,18,4.05941,0.24547,0.30028,134,134,134,0.27918,4.18211,0.27463,1,1,0.450
40.9700,672,BL,11,3.60775,0.23381,0.30252,134,134,134,0.28141,3.67578,0.24185,1,1,0.450
40.9700,672,FR,3,3.92988,-0.03852,0.30950,131,131,131,0.28837,4.04842,-0.05589,1,1,0.450
40.9700,672,BR,26,3.74347,-0.02614,0.29992,134,134,134,0.27882,3.81752,-0.01848,1,1,0.450
40.9800,673,FL,17,4.06019,0.24523,0.30029,134,134,134,0.27919,4.18277,0.27434,1,1,0.450
40.9820,673,BL,10,3.60865,0.23356,0.30261,134,134,134,0.28150,3.67647,0.24147,1,1,0.450
40.9820,673,FR,2,3.93077,-0.03839,0.30957,131,131,131,0.28844,4.04984,-0.05610,1,1,0.450
40.9820,673,BR,25,3.74421,-0.02644,0.29992,134,134,134,0.27882,3.81425,-0.01947,1,1,0.450
40.9900,673,FL,17,4.06058,0.24467,0.30028,134,134,134,0.27918,4.18410,0.27404,1,1,0.450
40.9900,673,BL,10,3.60858,0.23270,0.30280,134,134,134,0.28169,3.67667,0.24049,1,1,0.450
40.9900,673,FR,2,3.93061,-0.03796,0.30958,131,131,131,0.28845,4.05000,-0.05604,1,1,0.450
40.9900,673,BR,25,3.74442,-0.02614,0.29992,134,134,134,0.27882,3.81821,-0.01877,1,1,0.450
41.0000,673,FL,17,4.06018,0.24459,0.30036,134,134,134,0.27926,4.18380,0.27342,1,1,0.450
41.0000,673,BL,10,3.60798,0.23302,0.30285,134,134,134,0.28174,3.67662,0.24001,1,1,0.450
41.0000,673,FR,2,3.92972,-0.03736,0.30976,131,131,131,0.28863,4.04950,-0.05553,1,1,0.450
41.0000,673,BR,25,3.74426,-0.02661,0.29990,134,134,134,0.27880,3.81852,-0.01942,1,1,0.450
41.0100,674,FL,16,4.06168,0.24401,0.30038,134,134,134,0.27927,4.18920,0.27348,1,1,0.450
41.0100,674,BL,9,3.60959,0.23224,0.30295,134,134,134,0.28183,3.67814,0.23902,1,1,0.450
41.0100,674,FR,1,3.93082,-0.03736,0.30964,131,131,131,0.28850,4.05239,-0.05638,1,1,0.450
41.0100,674,BR,24,3.74584,-0.02740,0.29990,134,134,134,0.27880,3.81602,-0.02089,1,1,0.450
41.0200,674,FL,16,4.06172,0.24355,0.30041,134,134,134,0.27931,4.19050,0.27284,1,1,0.450
41.0200,674,BL,9,3.60871,0.23175,0.30299,134,134,134,0.28187,3.67834,0.23775,1,1,0.450
41.0200,674,FR,1,3.92967,-0.03671,0.30980,131,131,131,0.28866,4.05088,-0.05557,1,1,0.450
41.0200,674,BR,24,3.74596,-0.02730,0.29989,134,134,134,0.27878,3.81993,-0.02059,1,1,0.450
41.0300,674,FL,16,4.06360,0.24276,0.30052,134,134,134,0.27942,4.19209,0.27192,1,1,0.450
41.0300,674,BL,9,3.61078,0.23071,0.30310,134,134,134,0.28199,3.68055,0.23625,1,1,0.450
41.0300,674,FR,1,3.93063,-0.03664,0.30987,131,131,131,0.28874,4.05415,-0.05698,1,1,0.450
41.0300,674,BR,24,3.74814,-0.02859,0.29986,134,134,134,0.27876,3.82260,-0.02198,1,1,0.450
41.0380,675,FL,15,4.06402,0.24229,0.30061,134,134,134,0.27950,4.19269,0.27110,1,1,0.450
41.0380,675,BL,8,3.61076,0.23051,0.30276,134,134,134,0.28164,3.68144,0.23492,1,1,0.450
41.0400,675,FR,30,4.19908,-0.03531,0.30002,134,134,134,0.27892,4.30281,-0.04535,1,1,0.450
41.0400,675,BR,23,3.74882,-0.02954,0.29983,134,134,134,0.27873,3.81907,-0.02354,1,1,0.450
41.0600,675,FL,15,4.06581,0.24117,0.30069,134,134,134,0.27959,4.19392,0.27096,1,1,0.450
41.0600,675,BL,8,3.61300,0.22812,0.30365,134,134,134,0.28253,3.68310,0.23286,1,1,0.450
41.0600,675,FR,30,4.20046,-0.03557,0.30002,134,134,134,0.27892,4.31515,-0.04629,1,1,0.450
41.0600,675,BR,23,3.75022,-0.02988,0.29990,134,134,134,0.27880,3.82651,-0.02390,1,1,0.450
41.0700,676,FL,14,4.06793,0.24036,0.30078,134,134,134,0.27967,4.19845,0.26813,1,1,0.450
41.0700,676,BL,7,3.61277,0.22835,0.30373,134,134,134,0.28261,3.68641,0.23037,1,1,0.450
41.0700,676,FR,29,4.20481,-0.03747,0.30004,134,134,134,0.27894,4.31486,-0.04827,1,1,0.450
41.0700,676,BR,22,3.75434,-0.03285,0.29987,134,134,134,0.27877,3.82675,-0.02778,1,1,0.450
41.0800,676,FL,14,4.06820,0.24047,0.30072,134,134,134,0.27961,4.20026,0.26783,1,1,0.450
41.0800,676,BL,7,3.61204,0.22820,0.30344,134,134,134,0.28232,3.68667,0.22958,1,1,0.450
41.0800,676,FR,29,4.20601,-0.03772,0.30004,134,134,134,0.27893,4.32440,-0.04884,1,1,0.450
41.0800,676,BR,22,3.75532,-0.03284,0.29984,134,134,134,0.27874,3.83309,-0.02816,1,1,0.450
41.0880,676,FL,14,4.06766,0.24049,0.30080,134,134,134,0.27969,4.20026,0.26716,1,1,0.450
41.0880,676,BL,7,3.61121,0.22844,0.30347,134,134,134,0.28235,3.68633,0.22905,1,1,0.450
41.0880,676,FR,29,4.20625,-0.03817,0.30006,134,134,134,0.27896,4.32455,-0.04905,1,1,0.450
41.0880,676,BR,22,3.75543,-0.03364,0.29979,134,134,134,0.27869,3.83369,-0.02925,1,1,0.450
41.0980,677,FL,13,4.06852,0.24032,0.30071,134,134,134,0.27960,4.20163,0.26655,1,1,0.450
41.1000,677,BL,6,3.61170,0.22825,0.30310,134,134,134,0.28199,3.68727,0.22833,1,1,0.450
41.1000,677,FR,28,4.20770,-0.03865,0.30006,134,134,134,0.27896,4.32119,-0.05011,1,1,0.450
41.1000,677,BR,21,3.75682,-0.03442,0.29977,134,134,134,0.27867,3.83043,-0.03095,1,1,0.450
41.1080,677,FL,13,4.06887,0.24033,0.30067,134,134,134,0.27957,4.20266,0.26650,1,1,0.450
41.1080,677,BL,6,3.61174,0.22803,0.30302,134,134,134,0.28191,3.68754,0.22777,1,1,0.450
41.1080,677,FR,28,4.20842,-0.03874,0.30004,134,134,134,0.27894,4.32910,-0.05056,1,1,0.450
41.1080,677,BR,21,3.75737,-0.03424,0.29976,134,134,134,0.27866,3.83552,-0.03092,1,1,0.450
41.1180,677,FL,13,4.06844,0.24005,0.30090,134,134,134,0.27979,4.20222,0.26586,1,1,0.450
41.1180,677,BL,6,3.61140,0.22794,0.30356,134,134,134,0.28245,3.68730,0.22703,1,1,0.450
41.1180,677,FR,28,4.20827,-0.03923,0.30007,134,134,134,0.27896,4.32888,-0.05090,1,1,0.450
41.1180,677,BR,21,3.75717,-0.03500,0.29976,134,134,134,0.27865,3.83563,-0.03184,1,1,0.450
41.1280,678,FL,12,4.06916,0.23954,0.30100,134,134,134,0.27989,4.20318,0.26510,1,1,0.450
41.1280,678,BL,5,3.61192,0.22746,0.30403,134,134,134,0.28292,3.68806,0.22601,1,1,0.450
41.1280,678,FR,27,4.20932,-0.03991,0.30007,134,134,134,0.27897,4.32498,-0.05225,1,1,0.450
41.1280,678,BR,20,3.75819,-0.03590,0.29979,134,134,134,0.27868,3.83171,-0.03362,1,1,0.450
41.1380,678,FL,12,4.06923,0.23955,0.30107,134,134,134,0.27996,4.20367,0.26515,1,1,0.450
41.1380,678,BL,5,3.61187,0.22712,0.30431,134,134,134,0.28319,3.68802,0.22548,1,1,0.450
41.1380,678,FR,27,4.20960,-0.04000,0.30003,134,134,134,0.27893,4.33187,-0.05277,1,1,0.450
41.1380,678,BR,20,3.75827,-0.03561,0.29979,134,134,134,0.27869,3.83606,-0.03357,1,1,0.450
41.1460,678,FL,12,4.06865,0.23913,0.30135,134,134,134,0.28024,4.20282,0.26449,1,1,0.450
41.1460,678,BL,5,3.61152,0.22683,0.30504,133,133,133,0.28392,3.68759,0.22454,1,1,0.450
41.1460,678,FR,27,4.20911,-0.04051,0.30006,134,134,134,0.27896,4.33131,-0.05315,1,1,0.450
41.1460,678,BR,20,3.75777,-0.03641,0.29981,134,134,134,0.27870,3.83577,-0.03444,1,1,0.450
41.1560,679,FL,11,4.06910,0.23855,0.30150,134,134,134,0.28039,4.20326,0.26386,1,1,0.450
41.1560,679,BL,4,3.61196,0.22617,0.30560,133,133,133,0.28448,3.68802,0.22339,1,1,0.450
41.1580,679,FR,26,4.20973,-0.04108,0.30006,134,134,134,0.27896,4.32686,-0.05443,1,1,0.450
41.1580,679,BR,19,3.75838,-0.03722,0.29984,134,134,134,0.27874,3.83125,-0.03610,1,1,0.450
41.1660,679,FL,11,4.06898,0.23853,0.30164,134,134,134,0.28053,4.20327,0.26396,1,1,0.450
41.1660,679,BL,4,3.61184,0.22566,0.30605,132,132,132,0.28493,3.68782,0.22267,1,1,0.450
41.1660,679,FR,26,4.20970,-0.04114,0.30001,134,134,134,0.27891,4.33313,-0.05497,1,1,0.450
41.1660,679,BR,19,3.75815,-0.03697,0.29987,134,134,134,0.27877,3.83511,-0.03609,1,1,0.450
41.1780,679,FL,11,4.06812,0.23812,0.30195,134,134,134,0.28084,4.20208,0.26324,1,1,0.450
41.1780,679,BL,4,3.61133,0.22539,0.30675,132,132,132,0.28562,3.68696,0.22168,1,1,0.450
41.1780,679,FR,26,4.20895,-0.04167,0.30005,134,134,134,0.27894,4.33232,-0.05535,1,1,0.450
41.1780,679,BR,19,3.75739,-0.03784,0.29988,134,134,134,0.27878,3.83454,-0.03702,1,1,0.450
41.1860,680,FL,10,4.06812,0.23751,0.30212,134,134,134,0.28101,4.20197,0.26242,1,1,0.450
41.1860,680,BL,3,3.61153,0.22473,0.30725,132,132,132,0.28612,3.68671,0.22035,1,1,0.450
41.1860,680,FR,25,4.20917,-0.04238,0.30005,134,134,134,0.27895,4.32739,-0.05679,1,1,0.450
41.1860,680,BR,18,3.75759,-0.03886,0.29992,134,134,134,0.27882,3.82952,-0.03898,1,1,0.450
41.1960,680,FL,10,4.06774,0.23775,0.30226,134,134,134,0.28115,4.20151,0.26258,1,1,0.450
41.2120,680,BL,3,3.61139,0.22448,0.30744,132,132,132,0.28632,3.68611,0.21995,1,1,0.450
41.2120,680,FR,25,4.20881,-0.04243,0.29999,134,134,134,0.27889,4.33314,-0.05742,1,1,0.450
41.2120,680,BR,18,3.75702,-0.03852,0.29995,134,134,134,0.27884,3.83291,-0.03913,1,1,0.450
41.2220,681,FL,9,4.06706,0.23742,0.30249,134,134,134,0.28138,4.20046,0.26173,1,1,0.450
41.2220,681,BL,2,3.61130,0.22433,0.30776,132,132,132,0.28663,3.68511,0.21922,1,1,0.450
41.2220,681,FR,24,4.20824,-0.04312,0.30003,134,134,134,0.27893,4.32725,-0.05888,1,1,0.450
41.2220,681,BR,17,3.75644,-0.03950,0.29994,134,134,134,0.27884,3.83253,-0.04032,1,1,0.450
41.2320,681,FL,9,4.06551,0.23773,0.30285,134,134,134,0.28174,4.19748,0.26100,1,1,0.450
41.2320,681,BL,2,3.61110,0.22451,0.30799,132,132,132,0.28686,3.68314,0.21894,1,1,0.450
41.2320,681,FR,24,4.20596,-0.04414,0.29997,134,134,134,0.27887,4.33095,-0.06053,1,1,0.450
41.2320,681,BR,17,3.75402,-0.03986,0.30001,134,134,134,0.27891,3.82858,-0.04282,1,1,0.450
41.2420,682,FL,8,4.06519,0.23766,0.30290,134,134,134,0.28179,4.19635,0.26030,1,1,0.450
41.2420,682,BL,1,3.61130,0.22466,0.30789,132,132,132,0.28676,3.68253,0.21895,1,1,0.450
41.2420,682,FR,23,4.20490,-0.04495,0.30001,134,134,134,0.27891,4.32442,-0.06239,1,1,0.450
41.2420,682,BR,16,3.75318,-0.04051,0.30001,134,134,134,0.27891,3.82722,-0.04406,1,1,0.450
41.2620,682,FL,8,4.06501,0.23836,0.30281,134,134,134,0.28170,4.19521,0.26064,1,1,0.450
41.2620,682,BL,1,3.61146,0.22479,0.30768,132,132,132,0.28656,3.68250,0.21954,1,1,0.450
41.2620,682,FR,23,4.20389,-0.04521,0.29997,134,134,134,0.27887,4.32390,-0.06789,1,1,0.450
41.2620,682,BR,16,3.75214,-0.03965,0.30001,134,134,134,0.27891,3.82530,-0.04462,1,1,0.450
41.2700,682,FL,8,4.06487,0.23829,0.30267,134,134,134,0.28156,4.19317,0.25953,1,1,0.450
41.2700,682,BL,1,3.61202,0.22505,0.30760,132,132,132,0.28647,3.68373,0.22062,1,1,0.450
41.2700,682,FR,23,4.20190,-0.04627,0.29989,134,134,134,0.27878,4.32227,-0.06839,1,1,0.450
41.2700,682,BR,16,3.75050,-0.04019,0.29998,134,134,134,0.27888,3.82269,-0.04608,1,1,0.450
41.2820,683,FL,7,4.06494,0.23829,0.30239,134,134,134,0.28128,4.19226,0.25893,1,1,0.450
41.2820,683,BL,30,3.88267,0.22608,0.29988,134,134,134,0.27878,3.96048,0.22937,1,1,0.450
41.2820,683,FR,22,4.20059,-0.04718,0.29989,134,134,134,0.27879,4.31626,-0.06996,1,1,0.450
41.2820,683,BR,15,3.74954,-0.04039,0.30007,134,134,134,0.27896,3.82090,-0.04706,1,1,0.450
41.2900,683,FL,7,4.06401,0.23837,0.30304,134,134,134,0.28193,4.19051,0.25878,1,1,0.450
41.2900,683,BL,30,3.88112,0.22489,0.29988,134,134,134,0.27877,3.95742,0.22241,1,1,0.450
41.2900,683,FR,22,4.19903,-0.04760,0.29988,134,134,134,0.27878,4.31807,-0.07365,1,1,0.450
41.2900,683,BR,15,3.74792,-0.03966,0.30015,134,134,134,0.27905,3.81854,-0.04735,1,1,0.450
41.3000,683,FL,7,4.06420,0.23831,0.30303,134,134,134,0.28192,4.18997,0.25835,1,1,0.450
41.3000,683,BL,30,3.88055,0.22439,0.29989,134,134,134,0.27879,3.95735,0.22198,1,1,0.450
41.3000,683,FR,22,4.19841,-0.04797,0.29986,134,134,134,0.27876,4.31753,-0.07371,1,1,0.450
41.3000,683,BR,15,3.74756,-0.04003,0.30014,134,134,134,0.27903,3.81760,-0.04798,1,1,0.450
41.3100,684,FL,6,4.06371,0.23823,0.30293,134,134,134,0.28182,4.18868,0.25797,1,1,0.450
41.3100,684,BL,29,3.87939,0.22394,0.29989,134,134,134,0.27879,3.95203,0.22159,1,1,0.450
41.3100,684,FR,21,4.19724,-0.04845,0.29986,134,134,134,0.27876,4.31212,-0.07421,1,1,0.450
41.3100,684,BR,14,3.74656,-0.04035,0.30017,134,134,134,0.27907,3.81620,-0.04858,1,1,0.450
41.3200,684,FL,6,4.06320,0.23879,0.30293,134,134,134,0.28182,4.18738,0.25858,1,1,0.450
41.3200,684,BL,29,3.87808,0.22302,0.29989,134,134,134,0.27878,3.95217,0.21742,1,1,0.450
41.3200,684,FR,21,4.19624,-0.04822,0.29981,134,134,134,0.27871,4.31547,-0.07624,1,1,0.450
41.3200,684,BR,14,3.74556,-0.03930,0.30025,134,134,134,0.27915,3.81435,-0.04857,1,1,0.450
41.3300,684,FL,6,4.06199,0.23844,0.30324,134,134,134,0.28213,4.18555,0.25805,1,1,0.450
41.3300,684,BL,29,3.87665,0.22280,0.29990,134,134,134,0.27880,3.95119,0.21718,1,1,0.450
41.3300,684,FR,21,4.19476,-0.04836,0.29985,134,134,134,0.27875,4.31410,-0.07603,1,1,0.450
41.3300,684,BR,14,3.74413,-0.03981,0.30030,134,134,134,0.27920,3.81283,-0.04885,1,1,0.450
41.3400,685,FL,5,4.06201,0.23837,0.30354,134,134,134,0.28242,4.18486,0.25783,1,1,0.450
41.3400,685,BL,28,3.87606,0.22249,0.29990,134,134,134,0.27880,3.94663,0.21724,1,1,0.450
41.3400,685,FR,20,4.19422,-0.04861,0.29987,134,134,134,0.27877,4.30953,-0.07600,1,1,0.450
41.3400,685,BR,13,3.74374,-0.04005,0.30045,134,134,134,0.27934,3.81202,-0.04928,1,1,0.450
41.3500,685,FL,5,4.06140,0.23852,0.30394,134,134,134,0.28283,4.18357,0.25820,1,1,0.450
41.3500,685,BL,28,3.87501,0.22172,0.29990,134,134,134,0.27879,3.94834,0.21457,1,1,0.450
41.3500,685,FR,20,4.19347,-0.04823,0.29984,134,134,134,0.27874,4.31356,-0.07727,1,1,0.450
41.3500,685,BR,13,3.74283,-0.03907,0.30062,134,134,134,0.27952,3.81062,-0.04896,1,1,0.450
41.3600,685,FL,5,4.06011,0.23779,0.30475,134,134,134,0.28363,4.18165,0.25723,1,1,0.450
41.3600,685,BL,28,3.87379,0.22164,0.29990,134,134,134,0.27880,3.94760,0.21452,1,1,0.450
41.3600,685,FR,20,4.19211,-0.04841,0.29993,134,134,134,0.27883,4.31238,-0.07697,1,1,0.450
41.3600,685,BR,13,3.74140,-0.03979,0.30081,134,134,134,0.27970,3.80936,-0.04907,1,1,0.450
41.3740,686,FL,4,4.06007,0.23731,0.30565,133,133,133,0.28453,4.18096,0.25652,1,1,0.450
41.3740,686,BL,27,3.87352,0.22149,0.29991,134,134,134,0.27881,3.94341,0.21494,1,1,0.450
41.3740,686,FR,19,4.19186,-0.04861,0.29999,134,134,134,0.27889,4.30824,-0.07654,1,1,0.450
41.3740,686,BR,12,3.74114,-0.04024,0.30112,134,134,134,0.28001,3.80895,-0.04924,1,1,0.450
41.3840,686,FL,4,4.05915,0.23666,0.30682,132,132,132,0.28570,4.17915,0.25589,1,1,0.450
41.3840,686,BL,27,3.87254,0.22077,0.29992,134,134,134,0.27881,3.94584,0.21321,1,1,0.450
41.3840,686,FR,19,4.19115,-0.04829,0.30003,134,134,134,0.27893,4.31258,-0.07723,1,1,0.450
41.3840,686,BR,12,3.74002,-0.03983,0.30155,134,134,134,0.28045,3.80779,-0.04875,1,1,0.450
41.3940,687,FL,3,4.05872,0.23590,0.30777,132,132,132,0.28664,4.17815,0.25477,1,1,0.450
41.3940,687,BL,26,3.87211,0.22079,0.29992,134,134,134,0.27882,3.94195,0.21393,1,1,0.450
41.3940,687,FR,18,4.19057,-0.04848,0.30014,134,134,134,0.27904,4.30819,-0.07635,1,1,0.450
41.3960,687,BR,11,3.73939,-0.04057,0.30177,134,134,134,0.28066,3.80728,-0.04881,1,1,0.450
41.4060,687,FL,3,4.05769,0.23541,0.30835,132,132,132,0.28723,4.17636,0.25404,1,1,0.450
41.4060,687,BL,26,3.87109,0.22012,0.29992,134,134,134,0.27882,3.94463,0.21277,1,1,0.450
41.4060,687,FR,18,4.18976,-0.04824,0.30014,134,134,134,0.27903,4.31243,-0.07695,1,1,0.450
41.4060,687,BR,11,3.73814,-0.04011,0.30216,134,134,134,0.28105,3.80605,-0.04836,1,1,0.450
41.4200,687,FL,3,4.05734,0.23472,0.30903,131,131,131,0.28790,4.17596,0.25337,1,1,0.450
41.4200,687,BL,26,3.87088,0.22030,0.29992,134,134,134,0.27881,3.94495,0.21317,1,1,0.450
41.4200,687,FR,18,4.18939,-0.04828,0.30024,134,134,134,0.27914,4.31218,-0.07648,1,1,0.450
41.4200,687,BR,11,3.73776,-0.04064,0.30228,134,134,134,0.28117,3.80579,-0.04826,1,1,0.450
41.4300,688,FL,2,4.05737,0.23419,0.30937,131,131,131,0.28824,4.17619,0.25293,1,1,0.450
41.4300,688,BL,25,3.87099,0.22060,0.29992,134,134,134,0.27882,3.94105,0.21420,1,1,0.450
41.4300,688,FR,17,4.18947,-0.04815,0.30027,134,134,134,0.27917,4.31231,-0.07607,1,1,0.450
41.4300,688,BR,10,3.73777,-0.04071,0.30245,134,134,134,0.28134,3.80587,-0.04786,1,1,0.450
41.4540,689,FL,1,4.05795,0.23392,0.30944,131,131,131,0.28831,4.17729,0.25318,1,1,0.450
41.4540,689,BL,24,3.87186,0.22037,0.29992,134,134,134,0.27882,3.94165,0.21426,1,1,0.450
41.4540,689,FR,16,4.19051,-0.04751,0.30026,134,134,134,0.27916,4.31828,-0.07629,1,1,0.450
41.4540,689,BR,9,3.73845,-0.03969,0.30269,134,134,134,0.28158,3.80662,-0.04682,1,1,0.450
41.4620,689,FL,1,4.05726,0.23308,0.30933,131,131,131,0.28820,4.17806,0.25279,1,1,0.450
41.4620,689,BL,24,3.87256,0.22094,0.29989,134,134,134,0.27879,3.94665,0.21473,1,1,0.450
41.4640,689,FR,16,4.19101,-0.04666,0.30033,134,134,134,0.27923,4.31980,-0.07501,1,1,0.450
41.4640,689,BR,9,3.73830,-0.03891,0.30279,134,134,134,0.28168,3.80733,-0.04502,1,1,0.450
41.4740,689,FL,1,4.05799,0.23282,0.30951,131,131,131,0.28838,4.18028,0.25373,1,1,0.450
41.4740,689,BL,24,3.87448,0.22205,0.29987,134,134,134,0.27877,3.94896,0.21607,1,1,0.450
41.4740,689,FR,16,4.19269,-0.04604,0.30044,134,134,134,0.27934,4.32130,-0.07414,1,1,0.450
41.4740,689,BR,9,3.73996,-0.03819,0.30292,134,134,134,0.28181,3.80941,-0.04365,1,1,0.450
41.4840,690,FL,30,4.32548,0.23330,0.30002,134,134,134,0.27892,4.42911,0.24439,1,1,0.450
41.4840,690,BL,23,3.87530,0.22311,0.29984,134,134,134,0.27874,3.94560,0.21775,1,1,0.450
41.4840,690,FR,15,4.19319,-0.04551,0.30054,134,134,134,0.27944,4.32205,-0.07319,1,1,0.450
41.4840,690,BR,8,3.73994,-0.03790,0.30274,134,134,134,0.28163,3.81042,-0.04212,1,1,0.450
41.5040,690,FL,30,4.32806,0.23384,0.30002,134,134,134,0.27892,4.44266,0.24563,1,1,0.450
41.5040,690,BL,23,3.87788,0.22389,0.29986,134,134,134,0.27876,3.95426,0.21856,1,1,0.450
41.5040,690,FR,15,4.19582,-0.04430,0.30056,134,134,134,0.27945,4.32458,-0.07263,1,1,0.450
41.5040,690,BR,8,3.74265,-0.03569,0.30285,134,134,134,0.28173,3.81300,-0.03986,1,1,0.450
41.5120,691,FL,29,4.32969,0.23526,0.30003,134,134,134,0.27893,4.43959,0.24712,1,1,0.450
41.5120,691,BL,22,3.87937,0.22619,0.29989,134,134,134,0.27879,3.95161,0.22159,1,1,0.450
41.5120,691,FR,14,4.19645,-0.04318,0.30079,134,134,134,0.27968,4.32579,-0.07075,1,1,0.450
41.5140,691,BR,7,3.74237,-0.03490,0.30389,134,134,134,0.28277,3.81476,-0.03719,1,1,0.450
41.5240,691,FL,29,4.33255,0.23584,0.30003,134,134,134,0.27892,4.45085,0.24809,1,1,0.450
41.5240,691,BL,22,3.88203,0.22662,0.29985,134,134,134,0.27875,3.95948,0.22234,1,1,0.450
41.5240,691,FR,14,4.19817,-0.04305,0.30064,134,134,134,0.27953,4.32949,-0.06989,1,1,0.450
41.5240,691,BR,7,3.74256,-0.03483,0.30320,134,134,134,0.28208,3.81656,-0.03629,1,1,0.450
41.5320,691,FL,29,4.33235,0.23641,0.30005,134,134,134,0.27895,4.45052,0.24842,1,1,0.450
41.5320,691,BL,22,3.88169,0.22748,0.29982,134,134,134,0.27872,3.95972,0.22355,1,1,0.450
41.5320,691,FR,14,4.19723,-0.04299,0.30084,134,134,134,0.27974,4.32908,-0.06907,1,1,0.450
41.5320,691,BR,7,3.74129,-0.03508,0.30360,134,134,134,0.28248,3.81598,-0.03548,1,1,0.450
41.5440,692,FL,28,4.33395,0.23699,0.30005,134,134,134,0.27895,4.44733,0.24957,1,1,0.450
41.5440,692,BL,21,3.88323,0.22834,0.29980,134,134,134,0.27870,3.95658,0.22535,1,1,0.450
41.5440,692,FR,13,4.19816,-0.04284,0.30076,134,134,134,0.27965,4.33067,-0.06833,1,1,0.450
41.5440,692,BR,6,3.74171,-0.03500,0.30330,134,134,134,0.28219,3.81694,-0.03479,1,1,0.450
41.5540,692,FL,28,4.33499,0.23727,0.30003,134,134,134,0.27893,4.45555,0.25025,1,1,0.450
41.5540,692,BL,21,3.88409,0.22843,0.29979,134,134,134,0.27868,3.96201,0.22563,1,1,0.450
41.5540,692,FR,13,4.19871,-0.04270,0.30066,134,134,134,0.27956,4.33204,-0.06803,1,1,0.450
41.5540,692,BR,6,3.74175,-0.03465,0.30305,134,134,134,0.28194,3.81751,-0.03394,1,1,0.450
41.5640,692,FL,28,4.33637,0.23805,0.30006,134,134,134,0.27896,4.45685,0.25084,1,1,0.450
41.5640,692,BL,21,3.88537,0.22954,0.29976,134,134,134,0.27866,3.96371,0.22695,1,1,0.450
41.5640,692,FR,13,4.19947,-0.04225,0.30080,134,134,134,0.27970,4.33317,-0.06708,1,1,0.450
41.5640,692,BR,6,3.74242,-0.03437,0.30327,134,134,134,0.28215,3.81839,-0.03301,1,1,0.450
41.5780,693,FL,27,4.33615,0.23855,0.30006,134,134,134,0.27896,4.45165,0.25199,1,1,0.450
41.5780,693,BL,20,3.88514,0.23017,0.29981,134,134,134,0.27871,3.95854,0.22847,1,1,0.450
41.5780,693,FR,12,4.19916,-0.04189,0.30100,134,134,134,0.27989,4.33285,-0.06650,1,1,0.450
41.5780,693,BR,5,3.74201,-0.03410,0.30393,134,134,134,0.28282,3.81824,-0.03206,1,1,0.450
41.5880,693,FL,27,4.33727,0.23907,0.30003,134,134,134,0.27893,4.45940,0.25296,1,1,0.450
41.5880,693,BL,20,3.88606,0.23042,0.29982,134,134,134,0.27872,3.96370,0.22898,1,1,0.450
41.5880,693,FR,12,4.19986,-0.04159,0.30108,134,134,134,0.27997,4.33419,-0.06605,1,1,0.450
41.5880,693,BR,5,3.74244,-0.03354,0.30429,134,134,134,0.28318,3.81879,-0.03111,1,1,0.450
41.5980,693,FL,27,4.33740,0.23960,0.30006,134,134,134,0.27895,4.45946,0.25336,1,1,0.450
41.5980,693,BL,20,3.88614,0.23123,0.29982,134,134,134,0.27872,3.96407,0.22991,1,1,0.450
41.5980,693,FR,12,4.19979,-0.04112,0.30130,134,134,134,0.28019,4.33397,-0.06541,1,1,0.450
41.5980,693,BR,5,3.74255,-0.03309,0.30488,133,133,133,0.28376,3.81885,-0.03013,1,1,0.450
41.6120,694,FL,26,4.33745,0.24035,0.30006,134,134,134,0.27896,4.45442,0.25477,1,1,0.450
41.6120,694,BL,19,3.88620,0.23225,0.29987,134,134,134,0.27877,3.95899,0.23174,1,1,0.450
41.6120,694,FR,11,4.19979,-0.04044,0.30152,134,134,134,0.28041,4.33379,-0.06451,1,1,0.450
41.6120,694,BR,4,3.74260,-0.03250,0.30558,133,133,133,0.28446,3.81891,-0.02872,1,1,0.450
41.6260,694,FL,26,4.33680,0.24057,0.30001,134,134,134,0.27891,4.46008,0.25552,1,1,0.450
41.6260,694,BL,19,3.88539,0.23217,0.29992,134,134,134,0.27882,3.96216,0.23203,1,1,0.450
41.6260,694,FR,11,4.19913,-0.04040,0.30177,134,134,134,0.28066,4.33312,-0.06440,1,1,0.450
41.6260,694,BR,4,3.74203,-0.03204,0.30630,132,132,132,0.28518,3.81810,-0.02779,1,1,0.450
41.6400,695,FL,25,4.33652,0.24137,0.30005,134,134,134,0.27894,4.45454,0.25696,1,1,0.450
41.6400,695,BL,18,3.88507,0.23338,0.29993,134,134,134,0.27883,3.95685,0.23417,1,1,0.450
41.6400,695,FR,10,4.19860,-0.03978,0.30206,134,134,134,0.28095,4.33233,-0.06339,1,1,0.450
41.6400,695,BR,3,3.74187,-0.03157,0.30696,132,132,132,0.28584,3.81746,-0.02645,1,1,0.450
41.6520,695,FL,25,4.33643,0.24192,0.29998,134,134,134,0.27888,4.46059,0.25808,1,1,0.450
41.6520,695,BL,18,3.88476,0.23371,0.29998,134,134,134,0.27888,3.96049,0.23508,1,1,0.450
41.6520,695,FR,10,4.19832,-0.03966,0.30227,134,134,134,0.28116,4.33196,-0.06300,1,1,0.450
41.6520,695,BR,3,3.74198,-0.03090,0.30736,132,132,132,0.28624,3.81665,-0.02535,1,1,0.450
41.6620,696,FL,24,4.33571,0.24276,0.30003,134,134,134,0.27893,4.45454,0.25959,1,1,0.450
41.6620,696,BL,17,3.88403,0.23483,0.29997,134,134,134,0.27887,3.95993,0.23649,1,1,0.450
41.6620,696,FR,9,4.19757,-0.03928,0.30250,134,134,134,0.28139,4.33068,-0.06203,1,1,0.450
41.6620,696,BR,2,3.74191,-0.03073,0.30762,132,132,132,0.28650,3.81558,-0.02446,1,1,0.450
41.6780,696,FL,24,4.33470,0.24269,0.29995,134,134,134,0.27885,4.45952,0.26018,1,1,0.450
41.6780,696,BL,17,3.88281,0.23411,0.29998,134,134,134,0.27888,3.95741,0.23754,1,1,0.450
41.6780,696,FR,9,4.19682,-0.03989,0.30258,134,134,134,0.28147,4.32944,-0.06251,1,1,0.450
41.6780,696,BR,2,3.74155,-0.03089,0.30760,132,132,132,0.28648,3.81489,-0.02460,1,1,0.450
41.6880,696,FL,24,4.33362,0.24404,0.30000,134,134,134,0.27890,4.45832,0.26165,1,1,0.450
41.6880,696,BL,17,3.88189,0.23538,0.29998,134,134,134,0.27888,3.95611,0.23936,1,1,0.450
41.6880,696,FR,9,4.19639,-0.03956,0.30277,134,134,134,0.28166,4.32804,-0.06109,1,1,0.450
41.6880,696,BR,2,3.74219,-0.03097,0.30750,132,132,132,0.28638,3.81374,-0.02450,1,1,0.450
41.7020,697,FL,23,4.33220,0.24466,0.30000,134,134,134,0.27890,4.45150,0.26325,1,1,0.450
41.7020,697,BL,16,3.88065,0.23567,0.30005,134,134,134,0.27895,3.95438,0.24026,1,1,0.450
41.7020,697,FR,8,4.19581,-0.03963,0.30282,134,134,134,0.28171,4.32654,-0.06065,1,1,0.450
41.7020,697,BR,1,3.74200,-0.03120,0.30759,132,132,132,0.28647,3.81319,-0.02458,1,1,0.450
41.7260,698,FL,22,4.33065,0.24526,0.29997,134,134,134,0.27887,4.44594,0.26927,1,1,0.450
41.7260,698,BL,15,3.87918,0.23494,0.30008,134,134,134,0.27897,3.95178,0.24110,1,1,0.450
41.7260,698,FR,7,4.19562,-0.04028,0.30282,134,134,134,0.28171,4.32488,-0.06070,1,1,0.450
41.7260,698,BR,30,4.01519,-0.03114,0.29987,134,134,134,0.27876,4.09230,-0.03342,1,1,0.450
41.7340,698,FL,22,4.32776,0.24641,0.29985,134,134,134,0.27875,4.44665,0.27337,1,1,0.450
41.7340,698,BL,15,3.87655,0.23438,0.30011,134,134,134,0.27900,3.94752,0.24243,1,1,0.450
41.7340,698,FR,7,4.19501,-0.04043,0.30269,134,134,134,0.28158,4.32209,-0.05975,1,1,0.450
41.7340,698,BR,30,4.01241,-0.02906,0.29988,134,134,134,0.27878,4.08866,-0.02592,1,1,0.450
41.7460,698,FL,22,4.32672,0.24685,0.29986,134,134,134,0.27876,4.44565,0.27357,1,1,0.450
41.7460,698,BL,15,3.87577,0.23475,0.30015,134,134,134,0.27905,3.94617,0.24307,1,1,0.450
41.7460,698,FR,7,4.19471,-0.04023,0.30304,134,134,134,0.28193,4.32117,-0.05925,1,1,0.450
41.7460,698,BR,30,4.01149,-0.02862,0.29990,134,134,134,0.27880,4.08825,-0.02551,1,1,0.450
41.7560,699,FL,21,4.32586,0.24748,0.29986,134,134,134,0.27876,4.44052,0.27424,1,1,0.450
41.7560,699,BL,14,3.87517,0.23515,0.30021,134,134,134,0.27910,3.94498,0.24386,1,1,0.450
41.7560,699,FR,6,4.19473,-0.04018,0.30299,134,134,134,0.28187,4.32031,-0.05881,1,1,0.450
41.7560,699,BR,29,4.01065,-0.02802,0.29990,134,134,134,0.27880,4.08326,-0.02501,1,1,0.450
41.7660,699,FL,21,4.32463,0.24734,0.29979,134,134,134,0.27869,4.44357,0.27643,1,1,0.450
41.7660,699,BL,14,3.87404,0.23415,0.30023,134,134,134,0.27913,3.94283,0.24401,1,1,0.450
41.7660,699,FR,6,4.19426,-0.04082,0.30269,134,134,134,0.28158,4.31880,-0.05940,1,1,0.450
41.7680,699,BR,29,4.00907,-0.02699,0.29989,134,134,134,0.27879,4.08308,-0.02072,1,1,0.450
41.7760,699,FL,21,4.32355,0.24751,0.29982,134,134,134,0.27872,4.44257,0.27631,1,1,0.450
41.7760,699,BL,14,3.87308,0.23460,0.30025,134,134,134,0.27915,3.94165,0.24440,1,1,0.450
41.7760,699,FR,6,4.19358,-0.04058,0.30290,134,134,134,0.28179,4.31751,-0.05901,1,1,0.450
41.7760,699,BR,29,4.00802,-0.02670,0.29990,134,134,134,0.27880,4.08249,-0.02041,1,1,0.450
41.7880,700,FL,20,4.32258,0.24775,0.29984,134,134,134,0.27874,4.43759,0.27621,1,1,0.450
41.7880,700,BL,13,3.87219,0.23486,0.30039,134,134,134,0.27929,3.94049,0.24478,1,1,0.450
41.7880,700,FR,5,4.19300,-0.04046,0.30322,134,134,134,0.28211,4.31628,-0.05874,1,1,0.450
41.7880,700,BR,28,4.00702,-0.02643,0.29990,134,134,134,0.27880,4.07751,-0.02052,1,1,0.450
41.8000,700,FL,20,4.32165,0.24740,0.29982,134,134,134,0.27872,4.44142,0.27756,1,1,0.450
41.8000,700,BL,13,3.87116,0.23390,0.30059,134,134,134,0.27949,3.93883,0.24454,1,1,0.450
41.8000,700,FR,5,4.19239,-0.04067,0.30362,134,134,134,0.28251,4.31481,-0.05912,1,1,0.450
41.8000,700,BR,28,4.00576,-0.02561,0.29990,134,134,134,0.27880,4.07900,-0.01778,1,1,0.450
41.8140,701,FL,19,4.32014,0.24759,0.29992,134,134,134,0.27881,4.43614,0.27679,1,1,0.450
41.8140,701,BL,12,3.86955,0.23469,0.30081,134,134,134,0.27970,3.93741,0.24465,1,1,0.450
41.8140,701,FR,4,4.19094,-0.03984,0.30457,134,134,134,0.28345,4.31264,-0.05805,1,1,0.450
41.8140,701,BR,27,4.00439,-0.02551,0.29991,134,134,134,0.27881,4.07415,-0.01818,1,1,0.450
41.8240,701,FL,19,4.31978,0.24735,0.29994,134,134,134,0.27884,4.44075,0.27768,1,1,0.450
41.8240,701,BL,12,3.86895,0.23419,0.30129,134,134,134,0.28019,3.93638,0.24433,1,1,0.450
41.8240,701,FR,4,4.19069,-0.03943,0.30571,133,133,133,0.28459,4.31135,-0.05757,1,1,0.450
41.8260,701,BR,27,4.00373,-0.02471,0.29991,134,134,134,0.27881,4.07690,-0.01637,1,1,0.450
41.8380,701,FL,19,4.31911,0.24752,0.30006,134,134,134,0.27896,4.44025,0.27733,1,1,0.450
41.8380,701,BL,12,3.86818,0.23495,0.30150,134,134,134,0.28040,3.93585,0.24439,1,1,0.450
41.8380,701,FR,4,4.19002,-0.03863,0.30668,132,132,132,0.28556,4.31015,-0.05654,1,1,0.450
41.8400,701,BR,27,4.00319,-0.02471,0.29991,134,134,134,0.27881,4.07687,-0.01652,1,1,0.450
41.8500,702,FL,18,4.31798,0.24775,0.30013,134,134,134,0.27903,4.43535,0.27657,1,1,0.450
41.8520,702,BL,11,3.86683,0.23565,0.30181,134,134,134,0.28071,3.93471,0.24438,1,1,0.450
41.8520,702,FR,3,4.18890,-0.03766,0.30774,132,132,132,0.28661,4.30830,-0.05516,1,1,0.450
41.8520,702,BR,26,4.00210,-0.02466,0.29992,134,134,134,0.27882,4.07186,-0.01723,1,1,0.450
41.8620,702,FL,18,4.31835,0.24739,0.30014,134,134,134,0.27904,4.44068,0.27710,1,1,0.450
41.8620,702,BL,11,3.86690,0.23506,0.30224,134,134,134,0.28113,3.93458,0.24384,1,1,0.450
41.8620,702,FR,3,4.18909,-0.03722,0.30864,131,131,131,0.28751,4.30812,-0.05478,1,1,0.450
41.8620,702,BR,26,4.00221,-0.02408,0.29993,134,134,134,0.27883,4.07568,-0.01614,1,1,0.450
41.8720,703,FL,17,4.31754,0.24745,0.30024,134,134,134,0.27914,4.44004,0.27662,1,1,0.450
41.8720,703,BL,10,3.86596,0.23560,0.30231,134,134,134,0.28120,3.93401,0.24365,1,1,0.450
41.8720,703,FR,2,4.18822,-0.03647,0.30910,131,131,131,0.28797,4.30710,-0.05391,1,1,0.450
41.8720,703,BR,25,4.00160,-0.02430,0.29992,134,134,134,0.27882,4.07155,-0.01715,1,1,0.450
41.8820,703,FL,17,4.31845,0.24692,0.30020,134,134,134,0.27910,4.44174,0.27647,1,1,0.450
41.8820,703,BL,10,3.86672,0.23456,0.30255,134,134,134,0.28144,3.93441,0.24290,1,1,0.450
41.8820,703,FR,2,4.18913,-0.03639,0.30905,131,131,131,0.28792,4.30831,-0.05410,1,1,0.450
41.8820,703,BR,25,4.00229,-0.02392,0.29992,134,134,134,0.27882,4.07604,-0.01648,1,1,0.450
41.8920,703,FL,17,4.31874,0.24674,0.30029,134,134,134,0.27919,4.44199,0.27587,1,1,0.450
41.8920,703,BL,10,3.86689,0.23471,0.30259,134,134,134,0.28148,3.93505,0.24233,1,1,0.450
41.8920,703,FR,2,4.18894,-0.03581,0.30929,131,131,131,0.28816,4.30881,-0.05388,1,1,0.450
41.8920,703,BR,25,4.00273,-0.02443,0.29990,134,134,134,0.27880,4.07690,-0.01712,1,1,0.450
41.9060,704,FL,16,4.31933,0.24641,0.30032,134,134,134,0.27921,4.44665,0.27600,1,1,0.450
41.9060,704,BL,9,3.86736,0.23440,0.30268,134,134,134,0.28157,3.93578,0.24156,1,1,0.450
41.9060,704,FR,1,4.18903,-0.03548,0.30937,131,131,131,0.28824,4.30999,-0.05408,1,1,0.450
41.9060,704,BR,24,4.00341,-0.02497,0.29990,134,134,134,0.27880,4.07349,-0.01838,1,1,0.450
41.9160,704,FL,16,4.32050,0.24559,0.30034,134,134,134,0.27924,4.44882,0.27521,1,1,0.450
41.9160,704,BL,9,3.86792,0.23324,0.30285,134,134,134,0.28174,3.93695,0.23991,1,1,0.450
41.9160,704,FR,1,4.18906,-0.03508,0.30928,131,131,131,0.28815,4.31113,-0.05414,1,1,0.450
41.9160,704,BR,24,4.00465,-0.02526,0.29989,134,134,134,0.27879,4.07854,-0.01842,1,1,0.450
41.9280,704,FL,16,4.32122,0.24520,0.30045,134,134,134,0.27935,4.44949,0.27450,1,1,0.450
41.9280,704,BL,9,3.86852,0.23293,0.30290,134,134,134,0.28178,3.93813,0.23890,1,1,0.450
41.9280,704,FR,1,4.18897,-0.03477,0.30946,131,131,131,0.28833,4.31188,-0.05457,1,1,0.450
41.9280,704,BR,24,4.00564,-0.02609,0.29987,134,134,134,0.27877,4.07995,-0.01939,1,1,0.450
41.9400,705,FL,15,4.32098,0.24488,0.30054,134,134,134,0.27943,4.44979,0.27345,1,1,0.450
41.9400,705,BL,8,3.86753,0.23306,0.30238,134,134,134,0.28127,3.93847,0.23751,1,1,0.450
41.9400,705,FR,30,4.45616,-0.03283,0.30002,134,134,134,0.27892,4.55990,-0.04292,1,1,0.450
41.9400,705,BR,23,4.00590,-0.02714,0.29982,134,134,134,0.27872,4.07614,-0.02120,1,1,0.450
41.9600,705,FL,15,4.32402,0.24344,0.30051,134,134,134,0.27940,4.45252,0.27286,1,1,0.450
41.9600,705,BL,8,3.87082,0.23029,0.30298,134,134,134,0.28187,3.94150,0.23485,1,1,0.450
41.9600,705,FR,30,4.45916,-0.03349,0.30002,134,134,134,0.27891,4.57387,-0.04408,1,1,0.450
41.9600,705,BR,23,4.00891,-0.02821,0.29987,134,134,134,0.27877,4.08519,-0.02220,1,1,0.450
41.9700,706,FL,14,4.32534,0.24270,0.30069,134,134,134,0.27959,4.45571,0.27043,1,1,0.450
41.9700,706,BL,7,3.87023,0.23056,0.30336,134,134,134,0.28224,3.94395,0.23261,1,1,0.450
41.9720,706,FR,29,4.46222,-0.03513,0.30004,134,134,134,0.27894,4.57226,-0.04589,1,1,0.450
41.9720,706,BR,22,4.01176,-0.03066,0.29986,134,134,134,0.27876,4.08412,-0.02560,1,1,0.450
41.9820,706,FL,14,4.32623,0.24278,0.30055,134,134,134,0.27944,4.45842,0.26990,1,1,0.450
41.9820,706,BL,7,3.86990,0.23050,0.30277,134,134,134,0.28166,3.94477,0.23187,1,1,0.450
41.9820,706,FR,29,4.46420,-0.03554,0.30003,134,134,134,0.27893,4.58261,-0.04662,1,1,0.450
41.9820,706,BR,22,4.01352,-0.03082,0.29981,134,134,134,0.27871,4.09123,-0.02615,1,1,0.450
41.9900,706,FL,14,4.32516,0.24276,0.30071,134,134,134,0.27961,4.45778,0.26921,1,1,0.450
41.9900,706,BL,7,3.86861,0.23073,0.30304,134,134,134,0.28193,3.94401,0.23118,1,1,0.450
41.9900,706,FR,29,4.46382,-0.03600,0.30006,134,134,134,0.27895,4.58210,-0.04684,1,1,0.450
41.9900,706,BR,22,4.01301,-0.03160,0.29978,134,134,134,0.27868,4.09124,-0.02724,1,1,0.450
42.0020,707,FL,13,4.32664,0.24253,0.30053,134,134,134,0.27942,4.45983,0.26850,1,1,0.450
42.0020,707,BL,6,3.86968,0.23048,0.30244,134,134,134,0.28133,3.94549,0.23046,1,1,0.450
42.0020,707,FR,28,4.46596,-0.03658,0.30006,134,134,134,0.27895,4.57946,-0.04801,1,1,0.450
42.0020,707,BR,21,4.01509,-0.03250,0.29975,134,134,134,0.27865,4.08863,-0.02908,1,1,0.450
42.0120,707,FL,13,4.32703,0.24245,0.30060,134,134,134,0.27950,4.46091,0.26833,1,1,0.450
42.0120,707,BL,6,3.86976,0.23019,0.30268,134,134,134,0.28157,3.94580,0.22974,1,1,0.450
42.0120,707,FR,28,4.46672,-0.03679,0.30004,134,134,134,0.27894,4.58740,-0.04857,1,1,0.450
42.0120,707,BR,21,4.01568,-0.03245,0.29975,134,134,134,0.27865,4.09379,-0.02918,1,1,0.450
42.0260,708,FL,12,4.32655,0.24216,0.30082,134,134,134,0.27972,4.46040,0.26768,1,1,0.450
42.0260,708,BL,5,3.86939,0.23009,0.30323,134,134,134,0.28212,3.94552,0.22899,1,1,0.450
42.0260,708,FR,27,4.46650,-0.03729,0.30007,134,134,134,0.27896,4.58213,-0.04969,1,1,0.450
42.0260,708,BR,20,4.01540,-0.03318,0.29975,134,134,134,0.27865,4.08885,-0.03086,1,1,0.450
42.0360,708,FL,12,4.32723,0.24192,0.30086,134,134,134,0.27976,4.46169,0.26740,1,1,0.450
42.0360,708,BL,5,3.86978,0.22949,0.30359,134,134,134,0.28247,3.94605,0.22806,1,1,0.450
42.0360,708,FR,27,4.46757,-0.03770,0.30003,134,134,134,0.27893,4.58985,-0.05049,1,1,0.450
42.0360,708,BR,20,4.01628,-0.03331,0.29976,134,134,134,0.27866,4.09396,-0.03125,1,1,0.450
42.0460,708,FL,12,4.32718,0.24138,0.30115,134,134,134,0.28004,4.46145,0.26665,1,1,0.450
42.0460,708,BL,5,3.86995,0.22902,0.30430,134,134,134,0.28319,3.94614,0.22697,1,1,0.450
42.0480,708,FR,27,4.46772,-0.03832,0.30006,134,134,134,0.27896,4.58991,-0.05095,1,1,0.450
42.0480,708,BR,20,4.01638,-0.03424,0.29978,134,134,134,0.27867,4.09435,-0.03227,1,1,0.450
42.0560,709,FL,11,4.32670,0.24099,0.30135,134,134,134,0.28024,4.46068,0.26608,1,1,0.450
42.0580,709,BL,4,3.86956,0.22871,0.30495,133,133,133,0.28383,3.94575,0.22599,1,1,0.450
42.0580,709,FR,26,4.46714,-0.03879,0.30006,134,134,134,0.27896,4.58425,-0.05217,1,1,0.450
42.0580,709,BR,19,4.01583,-0.03487,0.29983,134,134,134,0.27872,4.08860,-0.03381,1,1,0.450
42.0680,709,FL,11,4.32705,0.24082,0.30146,134,134,134,0.28035,4.46128,0.26611,1,1,0.450
42.0680,709,BL,4,3.86986,0.22792,0.30542,133,133,133,0.28430,3.94595,0.22505,1,1,0.450
42.0680,709,FR,26,4.46770,-0.03894,0.30001,134,134,134,0.27891,4.59112,-0.05279,1,1,0.450
42.0680,709,BR,19,4.01619,-0.03477,0.29985,134,134,134,0.27874,4.09301,-0.03392,1,1,0.450
42.0800,709,FL,11,4.32614,0.24030,0.30181,134,134,134,0.28070,4.45997,0.26525,1,1,0.450
42.0800,709,BL,4,3.86934,0.22755,0.30620,132,132,132,0.28508,3.94503,0.22381,1,1,0.450
42.0800,709,FR,26,4.46690,-0.03957,0.30004,134,134,134,0.27894,4.59026,-0.05325,1,1,0.450
42.0800,709,BR,19,4.01538,-0.03581,0.29987,134,134,134,0.27876,4.09242,-0.03501,1,1,0.450
42.0900,710,FL,10,4.32604,0.23967,0.30196,134,134,134,0.28085,4.45971,0.26429,1,1,0.450
42.0900,710,BL,3,3.86952,0.22695,0.30661,132,132,132,0.28549,3.94463,0.22243,1,1,0.450
42.0900,710,FR,25,4.46701,-0.04039,0.30005,134,134,134,0.27894,4.58522,-0.05479,1,1,0.450
42.0900,710,BR,18,4.01548,-0.03697,0.29991,134,134,134,0.27880,4.08728,-0.03714,1,1,0.450
42.1000,710,FL,10,4.32530,0.24006,0.30216,134,134,134,0.28105,4.45873,0.26462,1,1,0.450
42.1000,710,BL,3,3.86905,0.22683,0.30698,132,132,132,0.28586,3.94372,0.22217,1,1,0.450
42.1000,710,FR,25,4.46611,-0.04032,0.29999,134,134,134,0.27888,4.59043,-0.05531,1,1,0.450
42.1000,710,BR,18,4.01440,-0.03644,0.29994,134,134,134,0.27884,4.09008,-0.03715,1,1,0.450
42.1100,710,FL,10,4.32502,0.23972,0.30230,134,134,134,0.28119,4.45829,0.26383,1,1,0.450
42.1100,710,BL,3,3.86930,0.22662,0.30708,132,132,132,0.28596,3.94303,0.22158,1,1,0.450
42.1100,710,FR,25,4.46611,-0.04099,0.30003,134,134,134,0.27893,4.59038,-0.05585,1,1,0.450
42.1100,710,BR,18,4.01436,-0.03739,0.29991,134,134,134,0.27881,4.09029,-0.03827,1,1,0.450
42.1200,711,FL,9,4.32412,0.23952,0.30245,134,134,134,0.28134,4.45666,0.26310,1,1,0.450
42.1200,711,BL,2,3.86892,0.22667,0.30735,132,132,132,0.28622,3.94198,0.22093,1,1,0.450
42.1200,711,FR,24,4.46480,-0.04166,0.30003,134,134,134,0.27893,4.58381,-0.05738,1,1,0.450
42.1200,711,BR,17,4.01313,-0.03809,0.29997,134,134,134,0.27887,4.08882,-0.03931,1,1,0.450
42.1300,711,FL,9,4.32398,0.24002,0.30253,134,134,134,0.28142,4.45614,0.26334,1,1,0.450
42.1300,711,BL,2,3.86942,0.22664,0.30713,132,132,132,0.28601,3.94151,0.22126,1,1,0.450
42.1300,711,FR,24,4.46455,-0.04186,0.29996,134,134,134,0.27886,4.58955,-0.05824,1,1,0.450
42.1300,711,BR,17,4.01263,-0.03758,0.29996,134,134,134,0.27886,4.08709,-0.04064,1,1,0.450
42.1400,711,FL,9,4.32359,0.23985,0.30268,134,134,134,0.28157,4.45497,0.26250,1,1,0.450
42.1400,711,BL,2,3.86962,0.22680,0.30709,132,132,132,0.28597,3.94084,0.22128,1,1,0.450
42.1400,711,FR,24,4.46350,-0.04267,0.30001,134,134,134,0.27891,4.58837,-0.05915,1,1,0.450
42.1400,711,BR,17,4.01175,-0.03830,0.29996,134,134,134,0.27886,4.08588,-0.04175,1,1,0.450
42.1500,712,FL,8,4.32300,0.23988,0.30268,134,134,134,0.28157,4.45346,0.26198,1,1,0.450
42.1500,712,BL,1,3.86940,0.22702,0.30716,132,132,132,0.28604,3.94031,0.22135,1,1,0.450
42.1500,712,FR,23,4.46205,-0.04330,0.30001,134,134,134,0.27890,4.58153,-0.06083,1,1,0.450
42.1500,712,BR,16,4.01048,-0.03862,0.30001,134,134,134,0.27891,4.08413,-0.04258,1,1,0.450
42.1700,712,FL,8,4.32263,0.24065,0.30272,134,134,134,0.28161,4.45189,0.26246,1,1,0.450
42.1700,712,BL,1,3.86936,0.22724,0.30723,132,132,132,0.28610,3.94064,0.22213,1,1,0.450
42.1700,712,FR,23,4.46060,-0.04342,0.29997,134,134,134,0.27887,4.58053,-0.06619,1,1,0.450
42.1700,712,BR,16,4.00906,-0.03762,0.30005,134,134,134,0.27894,4.08167,-0.04293,1,1,0.450
42.1800,713,FL,7,4.32256,0.24057,0.30224,134,134,134,0.28113,4.44979,0.26121,1,1,0.450
42.1800,713,BL,30,4.14026,0.22843,0.29989,134,134,134,0.27878,4.21808,0.23181,1,1,0.450
42.1800,713,FR,22,4.45824,-0.04472,0.29987,134,134,134,0.27877,4.57398,-0.06736,1,1,0.450
42.1800,713,BR,15,4.00715,-0.03809,0.30004,134,134,134,0.27894,4.07857,-0.04452,1,1,0.450
42.1900,713,FL,7,4.32257,0.24056,0.30289,134,134,134,0.28178,4.44937,0.26107,1,1,0.450
42.1900,713,BL,30,4.13991,0.22726,0.29987,134,134,134,0.27877,4.21621,0.22478,1,1,0.450
42.1900,713,FR,22,4.45783,-0.04523,0.29988,134,134,134,0.27878,4.57688,-0.07123,1,1,0.450
42.1900,713,BR,15,4.00669,-0.03740,0.30014,134,134,134,0.27904,4.07735,-0.04491,1,1,0.450
42.1980,713,FL,7,4.32144,0.24031,0.30314,134,134,134,0.28203,4.44729,0.26035,1,1,0.450
42.1980,713,BL,30,4.13811,0.22671,0.29990,134,134,134,0.27879,4.21490,0.22432,1,1,0.450
42.2000,713,FR,22,4.45598,-0.04566,0.29987,134,134,134,0.27877,4.57516,-0.07130,1,1,0.450
42.2000,713,BR,15,4.00499,-0.03791,0.30016,134,134,134,0.27906,4.07529,-0.04554,1,1,0.450
42.2100,714,FL,6,4.32110,0.24038,0.30299,134,134,134,0.28188,4.44630,0.26012,1,1,0.450
42.2100,714,BL,29,4.13713,0.22632,0.29990,134,134,134,0.27879,4.20979,0.22400,1,1,0.450
42.2100,714,FR,21,4.45499,-0.04607,0.29987,134,134,134,0.27877,4.56994,-0.07174,1,1,0.450
42.2100,714,BR,14,4.00422,-0.03814,0.30021,134,134,134,0.27911,4.07399,-0.04613,1,1,0.450
42.2200,714,FL,6,4.32048,0.24086,0.30291,134,134,134,0.28180,4.44468,0.26062,1,1,0.450
42.2200,714,BL,29,4.13554,0.22529,0.29989,134,134,134,0.27879,4.20964,0.21974,1,1,0.450
42.2200,714,FR,21,4.45373,-0.04592,0.29982,134,134,134,0.27872,4.57303,-0.07383,1,1,0.450
42.2200,714,BR,14,4.00299,-0.03722,0.30028,134,134,134,0.27918,4.07186,-0.04623,1,1,0.450
42.2280,714,FL,6,4.31931,0.24045,0.30326,134,134,134,0.28214,4.44286,0.26002,1,1,0.450
42.2280,714,BL,29,4.13409,0.22505,0.29990,134,134,134,0.27880,4.20865,0.21949,1,1,0.450
42.2300,714,FR,21,4.45223,-0.04609,0.29985,134,134,134,0.27875,4.57163,-0.07364,1,1,0.450
42.2300,714,BR,14,4.00155,-0.03775,0.30034,134,134,134,0.27924,4.07029,-0.04654,1,1,0.450
42.2400,715,FL,5,4.31988,0.24049,0.30350,134,134,134,0.28239,4.44285,0.25993,1,1,0.450
42.2400,715,BL,28,4.13409,0.22472,0.29990,134,134,134,0.27880,4.20467,0.21952,1,1,0.450
42.2400,715,FR,20,4.45227,-0.04635,0.29987,134,134,134,0.27877,4.56762,-0.07368,1,1,0.450
42.2400,715,BR,13,4.00177,-0.03794,0.30047,134,134,134,0.27937,4.07005,-0.04702,1,1,0.450
42.2480,715,FL,5,4.31857,0.24051,0.30393,134,134,134,0.28282,4.44071,0.26009,1,1,0.450
42.2480,715,BL,28,4.13240,0.22392,0.29990,134,134,134,0.27880,4.20574,0.21681,1,1,0.450
42.2480,715,FR,20,4.45088,-0.04601,0.29985,134,134,134,0.27874,4.57106,-0.07493,1,1,0.450
42.2480,715,BR,13,4.00015,-0.03710,0.30066,134,134,134,0.27955,4.06809,-0.04671,1,1,0.450
42.2580,715,FL,5,4.31852,0.23999,0.30471,134,134,134,0.28359,4.44014,0.25940,1,1,0.450
42.2580,715,BL,28,4.13220,0.22381,0.29991,134,134,134,0.27880,4.20603,0.21674,1,1,0.450
42.2600,715,FR,20,4.45058,-0.04617,0.29993,134,134,134,0.27883,4.57086,-0.07469,1,1,0.450
42.2600,715,BR,13,3.99991,-0.03769,0.30083,134,134,134,0.27972,4.06774,-0.04691,1,1,0.450
42.2680,716,FL,4,4.31795,0.23947,0.30545,133,133,133,0.28433,4.43893,0.25868,1,1,0.450
42.2680,716,BL,27,4.13147,0.22366,0.29991,134,134,134,0.27881,4.20135,0.21714,1,1,0.450
42.2680,716,FR,19,4.44987,-0.04637,0.29998,134,134,134,0.27888,4.56626,-0.07427,1,1,0.450
42.2680,716,BR,12,3.99914,-0.03813,0.30107,134,134,134,0.27997,4.06698,-0.04704,1,1,0.450
42.2780,716,FL,4,4.31679,0.23913,0.30611,132,132,132,0.28499,4.43704,0.25836,1,1,0.450
42.2780,716,BL,27,4.13019,0.22294,0.29991,134,134,134,0.27881,4.20349,0.21537,1,1,0.450
42.2780,716,FR,19,4.44883,-0.04606,0.29998,134,134,134,0.27888,4.57023,-0.07508,1,1,0.450
42.2780,716,BR,12,3.99776,-0.03751,0.30140,134,134,134,0.28029,4.06544,-0.04661,1,1,0.450
42.2880,716,FL,4,4.31679,0.23834,0.30726,132,132,132,0.28613,4.43651,0.25730,1,1,0.450
42.2880,716,BL,27,4.13018,0.22293,0.29992,134,134,134,0.27881,4.20399,0.21552,1,1,0.450
42.2880,716,FR,19,4.44868,-0.04624,0.30010,134,134,134,0.27900,4.57023,-0.07473,1,1,0.450
42.2880,716,BR,12,3.99759,-0.03827,0.30165,134,134,134,0.28054,4.06533,-0.04669,1,1,0.450
42.2980,717,FL,3,4.31597,0.23777,0.30772,132,132,132,0.28659,4.43523,0.25652,1,1,0.450
42.2980,717,BL,26,4.12928,0.22289,0.29992,134,134,134,0.27882,4.19913,0.21616,1,1,0.450
42.2980,717,FR,18,4.44777,-0.04640,0.30014,134,134,134,0.27904,4.56543,-0.07415,1,1,0.450
42.2980,717,BR,11,3.99657,-0.03863,0.30183,134,134,134,0.28072,4.06444,-0.04668,1,1,0.450
42.3080,717,FL,3,4.31545,0.23729,0.30847,131,131,131,0.28734,4.43415,0.25590,1,1,0.450
42.3080,717,BL,26,4.12885,0.22227,0.29993,134,134,134,0.27883,4.20241,0.21499,1,1,0.450
42.3080,717,FR,18,4.44754,-0.04610,0.30015,134,134,134,0.27905,4.57024,-0.07468,1,1,0.450
42.3100,717,BR,11,3.99593,-0.03816,0.30226,134,134,134,0.28115,4.06376,-0.04619,1,1,0.450
42.3180,717,FL,3,4.31593,0.23689,0.30901,131,131,131,0.28788,4.43474,0.25566,1,1,0.450
42.3180,717,BL,26,4.12934,0.22250,0.29992,134,134,134,0.27882,4.20341,0.21542,1,1,0.450
42.3180,717,FR,18,4.44789,-0.04604,0.30025,134,134,134,0.27914,4.57063,-0.07425,1,1,0.450
42.3180,717,BR,11,3.99636,-0.03841,0.30235,134,134,134,0.28124,4.06420,-0.04604,1,1,0.450
42.3280,718,FL,2,4.31520,0.23640,0.30918,131,131,131,0.28805,4.43397,0.25511,1,1,0.450
42.3280,718,BL,25,4.12882,0.22267,0.29992,134,134,134,0.27882,4.19885,0.21626,1,1,0.450
42.3280,718,FR,17,4.44734,-0.04601,0.30027,134,134,134,0.27917,4.57018,-0.07398,1,1,0.450
42.3280,718,BR,10,3.99563,-0.03860,0.30245,134,134,134,0.28134,4.06374,-0.04576,1,1,0.450
42.3400,718,FL,2,4.31581,0.23618,0.30925,131,131,131,0.28812,4.43496,0.25529,1,1,0.450
42.3400,718,BL,25,4.12962,0.22242,0.29992,134,134,134,0.27882,4.20347,0.21569,1,1,0.450
42.3400,718,FR,17,4.44830,-0.04539,0.30026,134,134,134,0.27915,4.57205,-0.07365,1,1,0.450
42.3400,718,BR,10,3.99628,-0.03761,0.30271,134,134,134,0.28160,4.06434,-0.04484,1,1,0.450
42.3480,718,FL,2,4.31491,0.23553,0.30942,131,131,131,0.28829,4.43447,0.25480,1,1,0.450
42.3480,718,BL,25,4.12943,0.22288,0.29990,134,134,134,0.27880,4.20373,0.21633,1,1,0.450
42.3480,718,FR,17,4.44791,-0.04529,0.30034,134,134,134,0.27924,4.57173,-0.07303,1,1,0.450
42.3480,718,BR,10,3.99568,-0.03792,0.30274,134,134,134,0.28163,4.06435,-0.04433,1,1,0.450
42.3580,719,FL,1,4.31597,0.23551,0.30932,131,131,131,0.28819,4.43721,0.25565,1,1,0.450
42.3580,719,BL,24,4.13095,0.22365,0.29990,134,134,134,0.27880,4.20116,0.21775,1,1,0.450
42.3580,719,FR,16,4.44936,-0.04472,0.30035,134,134,134,0.27925,4.57710,-0.07302,1,1,0.450
42.3580,719,BR,9,3.99721,-0.03717,0.30281,134,134,134,0.28170,4.06581,-0.04335,1,1,0.450
42.3700,719,FL,1,4.31589,0.23514,0.30924,131,131,131,0.28811,4.43778,0.25570,1,1,0.450
42.3700,719,BL,24,4.13188,0.22375,0.29989,134,134,134,0.27879,4.20586,0.21760,1,1,0.450
42.3700,719,FR,16,4.45032,-0.04397,0.30038,134,134,134,0.27928,4.57901,-0.07235,1,1,0.450
42.3700,719,BR,9,3.99755,-0.03613,0.30294,134,134,134,0.28183,4.06679,-0.04185,1,1,0.450
42.3800,719,FL,1,4.31488,0.23453,0.30974,131,131,131,0.28861,4.43744,0.25549,1,1,0.450
42.3800,719,BL,24,4.13255,0.22481,0.29985,134,134,134,0.27875,4.20700,0.21884,1,1,0.450
42.3820,719,FR,16,4.45054,-0.04358,0.30053,134,134,134,0.27942,4.57946,-0.07132,1,1,0.450
42.3820,719,BR,9,3.99734,-0.03608,0.30289,134,134,134,0.28178,4.06763,-0.04059,1,1,0.450
42.3920,720,FL,30,4.58525,0.23608,0.30002,134,119,108,0.27892,4.68886,0.24706,1,1,0.450
42.3920,720,BL,23,4.13507,0.22626,0.29984,134,134,134,0.27874,4.20538,0.22088,1,1,0.450
42.3920,720,FR,15,4.45283,-0.04258,0.30059,134,134,134,0.27949,4.58146,-0.07040,1,1,0.450
42.3920,720,BR,8,3.99979,-0.03468,0.30292,134,134,134,0.28181,4.07013,-0.03866,1,1,0.450
42.4140,721,FL,29,4.58735,0.23672,0.30001,134,119,108,0.27891,4.69737,0.24901,1,1,0.450
42.4160,721,BL,22,4.13716,0.22720,0.29991,134,134,134,0.27881,4.20899,0.22247,1,1,0.450
42.4160,721,FR,14,4.45485,-0.04130,0.30065,134,134,134,0.27954,4.58369,-0.06961,1,1,0.450
42.4160,721,BR,7,4.00139,-0.03256,0.30356,134,134,134,0.28245,4.07245,-0.03610,1,1,0.450
42.4240,721,FL,29,4.59058,0.23814,0.30003,134,119,108,0.27893,4.70888,0.25044,1,1,0.450
42.4260,721,BL,22,4.14007,0.22900,0.29986,134,134,134,0.27876,4.21752,0.22457,1,1,0.450
42.4260,721,FR,14,4.45611,-0.04077,0.30074,134,134,134,0.27963,4.58763,-0.06743,1,1,0.450
42.4260,721,BR,7,4.00028,-0.03278,0.30348,134,134,134,0.28237,4.07451,-0.03395,1,1,0.450
42.4420,722,FL,28,4.59095,0.23869,0.30005,134,119,108,0.27895,4.70431,0.25142,1,1,0.450
42.4420,722,BL,21,4.14027,0.22978,0.29981,134,134,134,0.27871,4.21354,0.22660,1,1,0.450
42.4420,722,FR,13,4.45564,-0.04079,0.30081,134,134,134,0.27971,4.58775,-0.06673,1,1,0.450
42.4420,722,BR,6,3.99957,-0.03290,0.30352,134,134,134,0.28241,4.07432,-0.03321,1,1,0.450
42.4520,722,FL,28,4.59336,0.23935,0.30003,134,119,108,0.27893,4.71393,0.25236,1,1,0.450
42.4520,722,BL,21,4.14245,0.23050,0.29978,134,134,134,0.27867,4.22037,0.22764,1,1,0.450
42.4520,722,FR,13,4.45688,-0.04071,0.30065,134,134,134,0.27955,4.59054,-0.06589,1,1,0.450
42.4520,722,BR,6,3.99973,-0.03272,0.30295,134,134,134,0.28184,4.07554,-0.03210,1,1,0.450
42.4620,722,FL,28,4.59332,0.23984,0.30006,134,119,108,0.27896,4.71379,0.25267,1,1,0.450
42.4620,722,BL,21,4.14231,0.23123,0.29975,134,134,134,0.27865,4.22069,0.22869,1,1,0.450
42.4620,722,FR,13,4.45643,-0.04054,0.30081,134,134,134,0.27971,4.59018,-0.06531,1,1,0.450
42.4620,722,BR,6,3.99940,-0.03269,0.30324,134,134,134,0.28213,4.07526,-0.03137,1,1,0.450
42.4780,723,FL,27,4.59451,0.24053,0.30006,134,119,108,0.27896,4.71003,0.25399,1,1,0.450
42.4780,723,BL,20,4.14347,0.23215,0.29977,134,134,134,0.27867,4.21690,0.23049,1,1,0.450
42.4780,723,FR,12,4.45730,-0.04007,0.30090,134,134,134,0.27980,4.59127,-0.06451,1,1,0.450
42.4780,723,BR,5,4.00009,-0.03230,0.30358,134,134,134,0.28246,4.07615,-0.03040,1,1,0.450
42.4880,723,FL,27,4.59439,0.24088,0.30003,134,119,108,0.27893,4.71651,0.25481,1,1,0.450
42.4880,723,BL,20,4.14319,0.23219,0.29981,134,134,134,0.27871,4.22084,0.23081,1,1,0.450
42.4900,723,FR,12,4.45702,-0.03990,0.30105,134,134,134,0.27995,4.59133,-0.06423,1,1,0.450
42.4900,723,BR,5,3.99966,-0.03191,0.30418,134,134,134,0.28307,4.07589,-0.02943,1,1,0.450
42.5000,723,FL,27,4.59517,0.24164,0.30006,134,119,108,0.27896,4.71724,0.25540,1,1,0.450
42.5000,723,BL,20,4.14391,0.23329,0.29981,134,134,134,0.27871,4.22184,0.23202,1,1,0.450
42.5000,723,FR,12,4.45745,-0.03926,0.30131,134,134,134,0.28021,4.59176,-0.06335,1,1,0.450
42.5000,723,BR,5,4.00022,-0.03131,0.30487,133,133,133,0.28375,4.07636,-0.02825,1,1,0.450
42.5080,724,FL,26,4.59400,0.24212,0.30006,134,119,108,0.27896,4.71097,0.25656,1,1,0.450
42.5080,724,BL,19,4.14278,0.23394,0.29988,134,134,134,0.27878,4.21550,0.23353,1,1,0.450
42.5100,724,FR,11,4.45647,-0.03885,0.30156,134,134,134,0.28046,4.59036,-0.06275,1,1,0.450
42.5100,724,BR,4,3.99936,-0.03104,0.30567,133,133,133,0.28455,4.07559,-0.02711,1,1,0.450
42.5180,724,FL,26,4.59515,0.24229,0.30001,134,119,108,0.27891,4.71845,0.25728,1,1,0.450
42.5180,724,BL,19,4.14371,0.23383,0.29987,134,134,134,0.27877,4.22051,0.23373,1,1,0.450
42.5180,724,FR,11,4.45726,-0.03875,0.30159,134,134,134,0.28048,4.59159,-0.06277,1,1,0.450
42.5180,724,BR,4,4.00005,-0.03029,0.30584,132,132,132,0.28472,4.07603,-0.02641,1,1,0.450
42.5300,724,FL,26,4.59496,0.24293,0.30004,134,119,108,0.27894,4.71818,0.25773,1,1,0.450
42.5300,724,BL,19,4.14348,0.23490,0.29990,134,134,134,0.27879,4.22058,0.23478,1,1,0.450
42.5300,724,FR,11,4.45685,-0.03812,0.30194,134,134,134,0.28083,4.59091,-0.06194,1,1,0.450
42.5300,724,BR,4,3.99995,-0.02972,0.30662,132,132,132,0.28550,4.07562,-0.02509,1,1,0.450
42.5400,725,FL,25,4.59403,0.24354,0.30005,134,119,108,0.27894,4.71208,0.25905,1,1,0.450
42.5400,725,BL,18,4.14257,0.23573,0.29995,134,134,134,0.27884,4.21435,0.23659,1,1,0.450
42.5400,725,FR,10,4.45600,-0.03775,0.30213,134,134,134,0.28102,4.58966,-0.06118,1,1,0.450
42.5400,725,BR,3,3.99941,-0.02952,0.30712,132,132,132,0.28600,4.07469,-0.02402,1,1,0.450
42.5520,725,FL,25,4.59414,0.24370,0.29999,134,119,108,0.27889,4.71832,0.25984,1,1,0.450
42.5520,725,BL,18,4.14246,0.23553,0.29997,134,134,134,0.27887,4.21820,0.23693,1,1,0.450
42.5520,725,FR,10,4.45590,-0.03792,0.30229,134,134,134,0.28118,4.58966,-0.06126,1,1,0.450
42.5520,725,BR,3,3.99957,-0.02908,0.30736,132,132,132,0.28623,4.07408,-0.02357,1,1,0.450
42.5620,726,FL,24,4.59293,0.24441,0.30003,134,119,108,0.27893,4.71177,0.26127,1,1,0.450
42.5640,726,BL,17,4.14126,0.23645,0.29996,134,134,134,0.27886,4.21714,0.23814,1,1,0.450
42.5640,726,FR,9,4.45480,-0.03771,0.30252,134,134,134,0.28141,4.58794,-0.06041,1,1,0.450
42.5640,726,BR,2,3.99916,-0.02918,0.30763,132,132,132,0.28650,4.07275,-0.02299,1,1,0.450
42.5780,726,FL,24,4.59280,0.24460,0.29996,134,119,108,0.27885,4.71764,0.26213,1,1,0.450
42.5780,726,BL,17,4.14087,0.23601,0.29997,134,134,134,0.27887,4.21554,0.23948,1,1,0.450
42.5780,726,FR,9,4.45467,-0.03810,0.30261,134,134,134,0.28150,4.58755,-0.06064,1,1,0.450
42.5780,726,BR,2,3.99949,-0.02905,0.30752,132,132,132,0.28639,4.07240,-0.02300,1,1,0.450
42.5900,726,FL,24,4.59086,0.24566,0.30001,134,119,108,0.27891,4.71556,0.26328,1,1,0.450
42.5900,726,BL,17,4.13915,0.23701,0.30000,134,134,134,0.27889,4.21336,0.24097,1,1,0.450
42.5900,726,FR,9,4.45366,-0.03794,0.30285,134,134,134,0.28174,4.58530,-0.05950,1,1,0.450
42.5900,726,BR,2,3.99944,-0.02933,0.30765,132,132,132,0.28652,4.07104,-0.02289,1,1,0.450
42.6060,727,FL,23,4.58961,0.24656,0.30001,134,119,108,0.27891,4.70892,0.26520,1,1,0.450
42.6060,727,BL,16,4.13809,0.23750,0.30005,134,134,134,0.27894,4.21173,0.24215,1,1,0.450
42.6060,727,FR,8,4.45333,-0.03791,0.30282,134,134,134,0.28171,4.58398,-0.05879,1,1,0.450
42.6080,727,BR,1,3.99963,-0.02949,0.30755,132,132,132,0.28642,4.07057,-0.02303,1,1,0.450
42.6380,728,FL,22,4.58816,0.24745,0.29998,134,119,108,0.27888,4.70343,0.27164,1,1,0.450
42.6380,728,BL,15,4.13675,0.23682,0.30007,134,134,134,0.27896,4.20917,0.24333,1,1,0.450
42.6380,728,FR,7,4.45349,-0.03858,0.30288,134,134,134,0.28177,4.58244,-0.05864,1,1,0.450
42.6380,728,BR,30,4.27278,-0.02900,0.29986,134,134,134,0.27876,4.34990,-0.03121,1,1,0.450
42.6480,728,FL,22,4.58419,0.24889,0.29988,134,119,108,0.27878,4.70303,0.27591,1,1,0.450
42.6480,728,BL,15,4.13314,0.23688,0.30024,134,134,134,0.27914,4.20374,0.24502,1,1,0.450
42.6480,728,FR,7,4.45202,-0.03831,0.30330,134,134,134,0.28219,4.57821,-0.05724,1,1,0.450
42.6500,728,BR,30,4.26881,-0.02655,0.29988,134,134,134,0.27878,4.34505,-0.02338,1,1,0.450
42.6580,729,FL,21,4.58297,0.24922,0.29986,134,119,108,0.27876,4.69769,0.27581,1,1,0.450
42.6580,729,BL,14,4.13227,0.23734,0.30028,134,134,134,0.27917,4.20204,0.24578,1,1,0.450
42.6580,729,FR,6,4.45167,-0.03818,0.30319,134,134,134,0.28208,4.57703,-0.05681,1,1,0.450
42.6580,729,BR,29,4.26758,-0.02607,0.29990,134,134,134,0.27880,4.34021,-0.02312,1,1,0.450
42.6740,729,FL,21,4.58154,0.24902,0.29982,134,119,108,0.27872,4.70060,0.27788,1,1,0.450
42.6740,729,BL,14,4.13083,0.23637,0.30034,134,134,134,0.27924,4.19979,0.24577,1,1,0.450
42.6740,729,FR,6,4.45071,-0.03867,0.30314,134,134,134,0.28203,4.57522,-0.05732,1,1,0.450
42.6740,729,BR,29,4.26584,-0.02517,0.29989,134,134,134,0.27879,4.33987,-0.01898,1,1,0.450
42.6840,730,FL,20,4.57946,0.24936,0.29986,134,128,119,0.27876,4.69461,0.27746,1,1,0.450
42.6840,730,BL,13,4.12887,0.23721,0.30043,134,134,134,0.27932,4.19753,0.24633,1,1,0.450
42.6860,730,FR,5,4.44923,-0.03805,0.30363,134,134,134,0.28251,4.57263,-0.05641,1,1,0.450
42.6860,730,BR,28,4.26374,-0.02469,0.29991,134,134,134,0.27880,4.33423,-0.01886,1,1,0.450
42.7020,730,FL,20,4.57904,0.24914,0.29984,134,128,119,0.27874,4.69893,0.27899,1,1,0.450
42.7040,730,BL,13,4.12843,0.23630,0.30070,134,134,134,0.27960,4.19625,0.24636,1,1,0.450
42.7040,730,FR,5,4.44922,-0.03840,0.30411,134,134,134,0.28299,4.57178,-0.05680,1,1,0.450
42.7040,730,BR,28,4.26298,-0.02373,0.29990,134,134,134,0.27880,4.33625,-0.01604,1,1,0.450
42.7140,731,FL,19,4.57798,0.24949,0.29995,134,128,119,0.27885,4.69406,0.27837,1,1,0.450
42.7140,731,BL,12,4.12734,0.23731,0.30098,134,134,134,0.27988,4.19521,0.24675,1,1,0.450
42.7140,731,FR,4,4.44849,-0.03743,0.30531,133,133,133,0.28419,4.56999,-0.05558,1,1,0.450
42.7140,731,BR,27,4.26195,-0.02337,0.29991,134,134,134,0.27881,4.33173,-0.01622,1,1,0.450
42.7260,731,FL,19,4.57726,0.24931,0.29997,134,128,119,0.27887,4.69837,0.27929,1,1,0.450
42.7260,731,BL,12,4.12628,0.23689,0.30143,134,134,134,0.28032,4.19391,0.24648,1,1,0.450
42.7260,731,FR,4,4.44768,-0.03699,0.30636,132,132,132,0.28524,4.56819,-0.05498,1,1,0.450
42.7260,731,BR,27,4.26096,-0.02254,0.29992,134,134,134,0.27882,4.33415,-0.01438,1,1,0.450
42.7380,731,FL,19,4.57541,0.24961,0.30010,134,128,119,0.27900,4.69680,0.27893,1,1,0.450
42.7380,731,BL,12,4.12420,0.23791,0.30167,134,134,134,0.28056,4.19225,0.24660,1,1,0.450
42.7380,731,FR,4,4.44569,-0.03590,0.30748,132,132,132,0.28635,4.56545,-0.05346,1,1,0.450
42.7380,731,BR,27,4.25930,-0.02248,0.29992,134,134,134,0.27882,4.33302,-0.01451,1,1,0.450
42.7460,732,FL,18,4.57608,0.24977,0.30014,134,128,119,0.27903,4.69344,0.27839,1,1,0.450
42.7460,732,BL,11,4.12509,0.23817,0.30187,134,134,134,0.28076,4.19260,0.24678,1,1,0.450
42.7480,732,FR,3,4.44693,-0.03547,0.30828,132,132,132,0.28716,4.56651,-0.05299,1,1,0.450
42.7480,732,BR,26,4.25992,-0.02236,0.29993,134,134,134,0.27882,4.32973,-0.01515,1,1,0.450
42.7560,732,FL,18,4.57597,0.24947,0.30012,134,128,119,0.27902,4.69824,0.27906,1,1,0.450
42.7560,732,BL,11,4.12462,0.23758,0.30221,134,134,134,0.28110,4.19208,0.24627,1,1,0.450
42.7560,732,FR,3,4.44664,-0.03507,0.30870,131,131,131,0.28757,4.56576,-0.05254,1,1,0.450
42.7560,732,BR,26,4.25954,-0.02172,0.29993,134,134,134,0.27883,4.33299,-0.01390,1,1,0.450
42.7680,732,FL,18,4.57573,0.24954,0.30023,134,128,119,0.27912,4.69811,0.27871,1,1,0.450
42.7680,732,BL,11,4.12433,0.23802,0.30231,134,134,134,0.28120,4.19204,0.24617,1,1,0.450
42.7680,732,FR,3,4.44637,-0.03449,0.30924,131,131,131,0.28811,4.56545,-0.05194,1,1,0.450
42.7680,732,BR,26,4.25947,-0.02187,0.29992,134,134,134,0.27882,4.33340,-0.01422,1,1,0.450
42.7760,733,FL,17,4.57514,0.24957,0.30027,134,128,119,0.27917,4.69769,0.27843,1,1,0.450
42.7760,733,BL,10,4.12352,0.23832,0.30251,134,134,134,0.28140,4.19154,0.24592,1,1,0.450
42.7760,733,FR,2,4.44554,-0.03389,0.30966,131,131,131,0.28853,4.56451,-0.05115,1,1,0.450
42.7760,733,BR,25,4.25896,-0.02203,0.29993,134,134,134,0.27882,4.32890,-0.01513,1,1,0.450
42.7860,733,FL,17,4.57535,0.24920,0.30024,134,128,119,0.27914,4.69886,0.27831,1,1,0.450
42.7860,733,BL,10,4.12338,0.23756,0.30273,134,134,134,0.28162,4.19140,0.24528,1,1,0.450
42.7860,733,FR,2,4.44545,-0.03361,0.30967,131,131,131,0.28853,4.56450,-0.05101,1,1,0.450
42.7860,733,BR,25,4.25903,-0.02155,0.29993,134,134,134,0.27882,4.33280,-0.01435,1,1,0.450
42.7960,733,FL,17,4.57640,0.24886,0.30031,134,128,119,0.27921,4.69976,0.27771,1,1,0.450
42.7960,733,BL,10,4.12449,0.23734,0.30277,134,134,134,0.28165,4.19268,0.24464,1,1,0.450
42.7960,733,FR,2,4.44617,-0.03333,0.30973,131,131,131,0.28859,4.56633,-0.05143,1,1,0.450
42.7960,733,BR,25,4.26022,-0.02217,0.29991,134,134,134,0.27881,4.33445,-0.01509,1,1,0.450
42.8060,734,FL,16,4.57708,0.24849,0.30034,134,128,119,0.27924,4.70452,0.27783,1,1,0.450
42.8060,734,BL,9,4.12500,0.23699,0.30280,134,134,134,0.28169,4.19357,0.24378,1,1,0.450
42.8060,734,FR,1,4.44629,-0.03304,0.30967,131,131,131,0.28854,4.56751,-0.05161,1,1,0.450
42.8060,734,BR,24,4.26099,-0.02276,0.29990,134,134,134,0.27880,4.33108,-0.01631,1,1,0.450
42.8160,734,FL,16,4.57705,0.24810,0.30036,134,128,119,0.27925,4.70569,0.27731,1,1,0.450
42.8160,734,BL,9,4.12421,0.23645,0.30289,134,134,134,0.28178,4.19355,0.24271,1,1,0.450
42.8160,734,FR,1,4.44532,-0.03252,0.30971,131,131,131,0.28857,4.56650,-0.05091,1,1,0.450
42.8160,734,BR,24,4.26104,-0.02258,0.29989,134,134,134,0.27879,4.33498,-0.01597,1,1,0.450
42.8260,734,FL,16,4.57883,0.24739,0.30048,134,128,119,0.27938,4.70720,0.27648,1,1,0.450
42.8260,734,BL,9,4.12613,0.23551,0.30310,134,134,134,0.28199,4.19568,0.24130,1,1,0.450
42.8260,734,FR,1,4.44618,-0.03237,0.30979,131,131,131,0.28866,4.56924,-0.05220,1,1,0.450
42.8260,734,BR,24,4.26311,-0.02377,0.29987,134,134,134,0.27877,4.33752,-0.01727,1,1,0.450
42.8360,735,FL,15,4.58014,0.24668,0.30059,134,119,108,0.27949,4.70851,0.27568,1,1,0.450
42.8360,735,BL,8,4.12716,0.23471,0.30312,134,134,134,0.28201,4.19741,0.23965,1,1,0.450
42.8360,735,FR,30,4.71490,-0.03087,0.30002,134,97,86,0.27892,4.81862,-0.04096,1,0,0.450
42.8360,735,BR,23,4.26467,-0.02492,0.29986,134,134,134,0.27876,4.33485,-0.01893,1,1,0.450
42.8560,735,FL,15,4.58098,0.24593,0.30064,134,119,108,0.27953,4.70942,0.27536,1,1,0.450
42.8560,735,BL,8,4.12785,0.23326,0.30318,134,134,134,0.28207,4.19833,0.23789,1,1,0.450
42.8560,735,FR,30,4.71565,-0.03107,0.30002,134,97,86,0.27892,4.83035,-0.04184,1,0,0.450
42.8560,735,BR,23,4.26541,-0.02517,0.29988,134,134,134,0.27878,4.34170,-0.01925,1,1,0.450
42.8640,736,FL,14,4.58245,0.24518,0.30072,134,119,108,0.27962,4.71256,0.27311,1,1,0.450
42.8660,736,BL,7,4.12767,0.23323,0.30363,134,134,134,0.28252,4.20085,0.23568,1,1,0.450
42.8660,736,FR,29,4.71885,-0.03266,0.30004,134,97,86,0.27893,4.82888,-0.04353,1,0,0.450
42.8660,736,BR,22,4.26842,-0.02767,0.29987,134,134,134,0.27876,4.34072,-0.02266,1,1,0.450
42.8760,736,FL,14,4.58285,0.24520,0.30064,134,119,108,0.27953,4.71419,0.27286,1,1,0.450
42.8760,736,BL,7,4.12722,0.23310,0.30332,134,134,134,0.28221,4.20128,0.23498,1,1,0.450
42.8760,736,FR,29,4.71987,-0.03285,0.30003,134,97,86,0.27893,4.83826,-0.04410,1,0,0.450
42.8760,736,BR,22,4.26926,-0.02754,0.29984,134,134,134,0.27874,4.34677,-0.02284,1,1,0.450
42.8840,736,FL,14,4.58310,0.24512,0.30071,134,119,108,0.27960,4.71545,0.27173,1,1,0.450
42.8840,736,BL,7,4.12679,0.23341,0.30319,134,134,134,0.28207,4.20177,0.23424,1,1,0.450
42.8840,736,FR,29,4.72122,-0.03362,0.30005,134,97,86,0.27895,4.83952,-0.04461,1,0,0.450
42.8840,736,BR,22,4.27045,-0.02870,0.29979,134,134,134,0.27868,4.34853,-0.02434,1,1,0.450
42.8940,737,FL,13,4.58402,0.24490,0.30060,134,119,108,0.27949,4.71689,0.27111,1,1,0.450
42.8940,737,BL,6,4.12735,0.23317,0.30276,134,134,134,0.28165,4.20277,0.23349,1,1,0.450
42.8940,737,FR,28,4.72272,-0.03417,0.30005,134,97,86,0.27895,4.83620,-0.04575,1,0,0.450
42.8940,737,BR,21,4.27189,-0.02948,0.29976,134,134,134,0.27866,4.34536,-0.02609,1,1,0.450
42.9040,737,FL,13,4.58441,0.24487,0.30055,134,119,108,0.27944,4.71803,0.27101,1,1,0.450
42.9040,737,BL,6,4.12734,0.23294,0.30270,134,134,134,0.28159,4.20314,0.23291,1,1,0.450
42.9040,737,FR,28,4.72349,-0.03430,0.30003,134,97,86,0.27893,4.84416,-0.04626,1,0,0.450
42.9040,737,BR,21,4.27248,-0.02932,0.29975,134,134,134,0.27865,4.35051,-0.02607,1,1,0.450
42.9140,737,FL,13,4.58455,0.24454,0.30075,134,119,108,0.27965,4.71838,0.27022,1,1,0.450
42.9140,737,BL,6,4.12746,0.23284,0.30315,134,134,134,0.28204,4.20342,0.23217,1,1,0.450
42.9140,737,FR,28,4.72407,-0.03493,0.30006,134,97,86,0.27896,4.84467,-0.04673,1,0,0.450
42.9140,737,BR,21,4.27298,-0.03020,0.29974,134,134,134,0.27864,4.35138,-0.02714,1,1,0.450
42.9240,738,FL,12,4.58421,0.24423,0.30091,134,119,108,0.27980,4.71803,0.26968,1,1,0.450
42.9240,738,BL,5,4.12705,0.23264,0.30369,134,134,134,0.28258,4.20318,0.23137,1,1,0.450
42.9240,738,FR,27,4.72381,-0.03541,0.30006,134,97,86,0.27896,4.83944,-0.04790,1,0,0.450
42.9240,738,BR,20,4.27272,-0.03079,0.29978,134,134,134,0.27868,4.34614,-0.02864,1,1,0.450
42.9320,738,FL,12,4.58381,0.24437,0.30093,134,119,108,0.27983,4.71799,0.26983,1,1,0.450
42.9320,738,BL,5,4.12650,0.23250,0.30392,134,134,134,0.28280,4.20273,0.23103,1,1,0.450
42.9320,738,FR,27,4.72350,-0.03540,0.30003,134,97,86,0.27893,4.84575,-0.04837,1,0,0.450
42.9340,738,BR,20,4.27224,-0.03034,0.29978,134,134,134,0.27868,4.34983,-0.02845,1,1,0.450
42.9420,738,FL,12,4.58476,0.24375,0.30107,134,119,108,0.27996,4.71911,0.26897,1,1,0.450
42.9420,738,BL,5,4.12752,0.23188,0.30425,134,134,134,0.28314,4.20364,0.23002,1,1,0.450
42.9420,738,FR,27,4.72493,-0.03613,0.30005,134,97,86,0.27895,4.84712,-0.04895,1,0,0.450
42.9440,738,BR,20,4.27360,-0.03140,0.29976,134,134,134,0.27866,4.35153,-0.02959,1,1,0.450
42.9520,739,FL,11,4.58483,0.24319,0.30133,134,119,108,0.28022,4.71898,0.26830,1,1,0.450
42.9520,739,BL,4,4.12764,0.23134,0.30505,133,133,133,0.28393,4.20380,0.22882,1,1,0.450
42.9520,739,FR,26,4.72501,-0.03672,0.30006,134,97,86,0.27896,4.84211,-0.05025,1,0,0.450
42.9520,739,BR,19,4.27368,-0.03220,0.29982,134,134,134,0.27872,4.34651,-0.03124,1,1,0.450
42.9620,739,FL,11,4.58437,0.24322,0.30151,134,119,108,0.28041,4.71851,0.26852,1,1,0.450
42.9620,739,BL,4,4.12715,0.23091,0.30567,133,133,133,0.28455,4.20344,0.22812,1,1,0.450
42.9620,739,FR,26,4.72445,-0.03667,0.30001,134,97,86,0.27891,4.84784,-0.05071,1,0,0.450
42.9620,739,BR,19,4.27297,-0.03178,0.29986,134,134,134,0.27876,4.34976,-0.03108,1,1,0.450
42.9720,739,FL,11,4.58432,0.24254,0.30176,134,119,108,0.28065,4.71846,0.26760,1,1,0.450
42.9720,739,BL,4,4.12736,0.23021,0.30629,132,132,132,0.28517,4.20317,0.22683,1,1,0.450
42.9720,739,FR,26,4.72487,-0.03740,0.30004,134,97,86,0.27894,4.84821,-0.05125,1,0,0.450
42.9720,739,BR,19,4.27332,-0.03299,0.29986,134,134,134,0.27876,4.35042,-0.03226,1,1,0.450
42.9820,740,FL,10,4.58359,0.24224,0.30196,134,119,108,0.28086,4.71737,0.26701,1,1,0.450
42.9820,740,BL,3,4.12688,0.23001,0.30681,132,132,132,0.28568,4.20239,0.22590,1,1,0.450
42.9820,740,FR,25,4.72405,-0.03789,0.30004,134,97,86,0.27894,4.84224,-0.05250,1,0,0.450
42.9820,740,BR,18,4.27252,-0.03365,0.29991,134,134,134,0.27881,4.34436,-0.03393,1,1,0.450
42.9920,740,FL,10,4.58329,0.24245,0.30206,134,119,108,0.28095,4.71703,0.26719,1,1,0.450
42.9920,740,BL,3,4.12673,0.22973,0.30698,132,132,132,0.28586,4.20194,0.22546,1,1,0.450
42.9920,740,FR,25,4.72376,-0.03793,0.29998,134,97,86,0.27888,4.84806,-0.05314,1,0,0.450
42.9920,740,BR,18,4.27204,-0.03330,0.29992,134,134,134,0.27882,4.34777,-0.03406,1,1,0.450
43.0020,740,FL,10,4.58265,0.24200,0.30235,134,119,108,0.28124,4.71602,0.26636,1,1,0.450
43.0020,740,BL,3,4.12660,0.22937,0.30751,132,132,132,0.28639,4.20103,0.22445,1,1,0.450
43.0020,740,FR,25,4.72327,-0.03860,0.30002,134,97,86,0.27892,4.84750,-0.05363,1,0,0.450
43.0020,740,BR,18,4.27154,-0.03434,0.29993,134,134,134,0.27883,4.34747,-0.03518,1,1,0.450
43.0120,741,FL,9,4.58254,0.24179,0.30243,134,119,108,0.28132,4.71574,0.26571,1,1,0.450
43.0120,741,BL,2,4.12690,0.22921,0.30755,132,132,132,0.28643,4.20045,0.22396,1,1,0.450
43.0120,741,FR,24,4.72325,-0.03922,0.30003,134,97,86,0.27893,4.84226,-0.05511,1,0,0.450
43.0120,741,BR,17,4.27150,-0.03504,0.29995,134,134,134,0.27885,4.34739,-0.03619,1,1,0.450
43.0200,741,FL,9,4.58164,0.24229,0.30260,134,119,108,0.28149,4.71426,0.26599,1,1,0.450
43.0200,741,BL,2,4.12654,0.22934,0.30766,132,132,132,0.28653,4.19960,0.22399,1,1,0.450
43.0220,741,FR,24,4.72208,-0.03928,0.29996,134,97,86,0.27885,4.84707,-0.05578,1,0,0.450
43.0220,741,BR,17,4.27012,-0.03450,0.29997,134,134,134,0.27887,4.34476,-0.03738,1,1,0.450
43.0320,741,FL,9,4.58127,0.24212,0.30273,134,119,108,0.28162,4.71335,0.26531,1,1,0.450
43.0320,741,BL,2,4.12666,0.22938,0.30773,132,132,132,0.28661,4.19887,0.22380,1,1,0.450
43.0320,741,FR,24,4.72132,-0.03991,0.30000,134,97,86,0.27890,4.84619,-0.05645,1,0,0.450
43.0320,741,BR,17,4.26949,-0.03518,0.29997,134,134,134,0.27887,4.34385,-0.03830,1,1,0.450
43.0420,742,FL,8,4.58081,0.24209,0.30282,134,119,108,0.28171,4.71199,0.26452,1,1,0.450
43.0420,742,BL,1,4.12690,0.22956,0.30762,132,132,132,0.28649,4.19815,0.22391,1,1,0.450
43.0420,742,FR,23,4.72017,-0.04078,0.30001,134,97,86,0.27891,4.83968,-0.05837,1,0,0.450
43.0420,742,BR,16,4.26846,-0.03576,0.30001,134,134,134,0.27890,4.34246,-0.03948,1,1,0.450
43.0620,742,FL,8,4.58033,0.24285,0.30282,134,119,108,0.28171,4.71052,0.26500,1,1,0.450
43.0620,742,BL,1,4.12669,0.22979,0.30760,132,132,132,0.28648,4.19792,0.22452,1,1,0.450
43.0620,742,FR,23,4.71880,-0.04089,0.29997,134,97,86,0.27887,4.83979,-0.06366,1,0,0.450
43.0620,742,BR,16,4.26708,-0.03481,0.30004,134,134,134,0.27894,4.34008,-0.03989,1,1,0.450
43.0720,742,FL,8,4.58038,0.24266,0.30276,134,119,108,0.28164,4.70858,0.26357,1,1,0.450
43.0720,742,BL,1,4.12763,0.23000,0.30739,132,132,132,0.28626,4.19918,0.22575,1,1,0.450
43.0720,742,FR,23,4.71686,-0.04230,0.29991,134,97,86,0.27880,4.83831,-0.06458,1,0,0.450
43.0720,742,BR,16,4.26549,-0.03550,0.30003,134,134,134,0.27892,4.33751,-0.04164,1,1,0.450
43.0820,743,FL,7,4.58065,0.24243,0.30266,134,119,108,0.28155,4.70818,0.26286,1,1,0.450
43.0820,743,BL,30,4.39870,0.23054,0.29990,134,134,134,0.27879,4.47913,0.23386,1,1,0.450
43.0820,743,FR,22,4.71612,-0.04322,0.29992,134,97,86,0.27882,4.83265,-0.06614,1,0,0.450
43.0820,743,BR,15,4.26502,-0.03580,0.30013,134,134,134,0.27903,4.33639,-0.04257,1,1,0.450
43.0900,743,FL,7,4.57943,0.24268,0.30314,134,128,119,0.28202,4.70604,0.26295,1,1,0.450
43.0900,743,BL,30,4.39681,0.22948,0.29991,134,134,134,0.27881,4.47644,0.22707,1,1,0.450
43.0920,743,FR,22,4.71427,-0.04341,0.29990,134,97,86,0.27880,4.83445,-0.06953,1,0,0.450
43.0920,743,BR,15,4.26311,-0.03502,0.30021,134,134,134,0.27911,4.33373,-0.04275,1,1,0.450
43.1000,743,FL,7,4.57952,0.24256,0.30317,134,128,119,0.28206,4.70539,0.26248,1,1,0.450
43.1000,743,BL,30,4.39613,0.22895,0.29992,134,134,134,0.27882,4.47497,0.22652,1,1,0.450
43.1000,743,FR,22,4.71360,-0.04377,0.29988,134,97,86,0.27878,4.83341,-0.06959,1,0,0.450
43.1000,743,BR,15,4.26271,-0.03546,0.30020,134,134,134,0.27909,4.33278,-0.04337,1,1,0.450
43.1120,744,FL,6,4.57904,0.24258,0.30294,134,128,119,0.28183,4.70409,0.26221,1,1,0.450
43.1120,744,BL,29,4.39492,0.22850,0.29992,134,134,134,0.27882,4.46949,0.22614,1,1,0.450
43.1120,744,FR,21,4.71245,-0.04418,0.29987,134,97,86,0.27877,4.82789,-0.07001,1,0,0.450
43.1120,744,BR,14,4.26173,-0.03575,0.30022,134,134,134,0.27911,4.33137,-0.04400,1,1,0.450
43.1200,744,FL,6,4.57846,0.24301,0.30307,134,128,119,0.28196,4.70274,0.26271,1,1,0.450
43.1200,744,BL,29,4.39363,0.22756,0.29992,134,134,134,0.27882,4.46962,0.22186,1,1,0.450
43.1220,744,FR,21,4.71144,-0.04396,0.29983,134,97,86,0.27873,4.83127,-0.07203,1,0,0.450
43.1220,744,BR,14,4.26070,-0.03480,0.30033,134,134,134,0.27922,4.32953,-0.04399,1,1,0.450
43.1300,744,FL,6,4.57719,0.24269,0.30338,134,128,119,0.28227,4.70085,0.26218,1,1,0.450
43.1300,744,BL,29,4.39217,0.22733,0.29994,134,134,134,0.27884,4.46870,0.22167,1,1,0.450
43.1300,744,FR,21,4.70995,-0.04409,0.29987,134,97,86,0.27876,4.82992,-0.07179,1,0,0.450
43.1320,744,BR,14,4.25924,-0.03532,0.30039,134,134,134,0.27928,4.32800,-0.04430,1,1,0.450
43.1420,745,FL,5,4.57717,0.24260,0.30370,134,128,119,0.28259,4.70009,0.26195,1,1,0.450
43.1420,745,BL,28,4.39154,0.22700,0.29994,134,134,134,0.27884,4.46391,0.22171,1,1,0.450
43.1420,745,FR,20,4.70938,-0.04434,0.29989,134,97,86,0.27879,4.82516,-0.07174,1,0,0.450
43.1420,745,BR,13,4.25882,-0.03560,0.30053,134,134,134,0.27943,4.32717,-0.04476,1,1,0.450
43.1500,745,FL,5,4.57653,0.24275,0.30411,134,128,119,0.28300,4.69878,0.26230,1,1,0.450
43.1500,745,BL,28,4.39051,0.22621,0.29995,134,134,134,0.27885,4.46560,0.21898,1,1,0.450
43.1500,745,FR,20,4.70863,-0.04397,0.29987,134,97,86,0.27876,4.82921,-0.07301,1,0,0.450
43.1500,745,BR,13,4.25789,-0.03465,0.30072,134,134,134,0.27962,4.32577,-0.04446,1,1,0.450
43.1600,745,FL,5,4.57525,0.24202,0.30491,133,127,118,0.28379,4.69685,0.26133,1,1,0.450
43.1600,745,BL,28,4.38926,0.22611,0.29996,134,134,134,0.27886,4.46485,0.21891,1,1,0.450
43.1600,745,FR,20,4.70726,-0.04415,0.29995,134,97,86,0.27885,4.82801,-0.07272,1,0,0.450
43.1600,745,BR,13,4.25646,-0.03537,0.30090,134,134,134,0.27980,4.32450,-0.04459,1,1,0.450
43.1700,746,FL,4,4.57522,0.24151,0.30581,132,127,118,0.28469,4.69616,0.26059,1,1,0.450
43.1720,746,BL,27,4.38897,0.22593,0.29997,134,134,134,0.27886,4.46047,0.21932,1,1,0.450
43.1720,746,FR,19,4.70700,-0.04437,0.30001,134,97,86,0.27891,4.82370,-0.07229,1,0,0.450
43.1720,746,BR,12,4.25619,-0.03586,0.30120,134,134,134,0.28010,4.32407,-0.04478,1,1,0.450
43.1820,746,FL,4,4.57457,0.24118,0.30659,132,127,118,0.28547,4.69485,0.26035,1,1,0.450
43.1820,746,BL,27,4.38824,0.22522,0.29998,134,134,134,0.27888,4.46314,0.21756,1,1,0.450
43.1820,746,FR,19,4.70651,-0.04402,0.30002,134,97,86,0.27892,4.82822,-0.07308,1,0,0.450
43.1820,746,BR,12,4.25536,-0.03521,0.30155,134,134,134,0.28045,4.32309,-0.04435,1,1,0.450
43.1960,747,FL,3,4.57268,0.24013,0.30762,132,127,118,0.28649,4.69214,0.25881,1,1,0.450
43.1960,747,BL,26,4.38661,0.22519,0.29998,134,134,134,0.27888,4.45788,0.21819,1,1,0.450
43.1960,747,FR,18,4.70469,-0.04430,0.30015,134,97,86,0.27905,4.82255,-0.07219,1,0,0.450
43.1960,747,BR,11,4.25332,-0.03619,0.30181,134,134,134,0.28070,4.32148,-0.04441,1,1,0.450
43.2060,747,FL,3,4.57348,0.23968,0.30862,131,126,117,0.28749,4.69242,0.25832,1,1,0.450
43.2060,747,BL,26,4.38709,0.22456,0.30000,134,134,134,0.27890,4.46213,0.21714,1,1,0.450
43.2060,747,FR,18,4.70541,-0.04397,0.30016,134,97,86,0.27906,4.82822,-0.07269,1,0,0.450
43.2060,747,BR,11,4.25382,-0.03566,0.30231,134,134,134,0.28120,4.32155,-0.04397,1,1,0.450
43.2220,748,FL,2,4.57244,0.23892,0.30906,131,126,117,0.28793,4.69107,0.25737,1,1,0.450
43.2220,748,BL,25,4.38634,0.22466,0.30000,134,134,134,0.27890,4.45767,0.21801,1,1,0.450
43.2220,748,FR,17,4.70450,-0.04412,0.30026,134,97,86,0.27916,4.82748,-0.07232,1,0,0.450
43.2220,748,BR,10,4.25274,-0.03629,0.30238,134,134,134,0.28127,4.32093,-0.04389,1,1,0.450
43.2320,748,FL,2,4.57167,0.23822,0.30943,131,126,117,0.28830,4.68993,0.25648,1,1,0.450
43.2320,748,BL,25,4.38574,0.22424,0.30001,134,134,134,0.27891,4.46096,0.21743,1,1,0.450
43.2320,748,FR,17,4.70396,-0.04379,0.30026,134,97,86,0.27916,4.82789,-0.07199,1,0,0.450
43.2320,748,BR,10,4.25169,-0.03584,0.30271,134,134,134,0.28160,4.32001,-0.04318,1,1,0.450
43.2420,748,FL,2,4.57311,0.23804,0.30958,131,126,117,0.28844,4.69275,0.25716,1,1,0.450
43.2420,748,BL,25,4.38740,0.22485,0.30000,134,134,134,0.27890,4.46309,0.21824,1,1,0.450
43.2420,748,FR,17,4.70554,-0.04342,0.30032,134,97,86,0.27922,4.82919,-0.07142,1,0,0.450
43.2420,748,BR,10,4.25355,-0.03550,0.30276,134,134,134,0.28165,4.32171,-0.04257,1,1,0.450
43.2520,749,FL,1,4.57318,0.23768,0.30952,131,126,117,0.28839,4.69384,0.25734,1,1,0.450
43.2520,749,BL,24,4.38806,0.22542,0.30000,134,134,134,0.27889,4.45940,0.21940,1,1,0.450
43.2520,749,FR,16,4.70618,-0.04303,0.30036,134,97,86,0.27925,4.83403,-0.07150,1,0,0.450
43.2520,749,BR,9,4.25399,-0.03518,0.30281,134,134,134,0.28169,4.32257,-0.04170,1,1,0.450
43.2620,749,FL,1,4.57243,0.23727,0.30941,131,126,117,0.28828,4.69340,0.25676,1,1,0.450
43.2640,749,BL,24,4.38808,0.22521,0.30000,134,134,134,0.27890,4.46331,0.21910,1,1,0.450
43.2640,749,FR,16,4.70614,-0.04260,0.30035,134,97,86,0.27925,4.83495,-0.07100,1,0,0.450
43.2640,749,BR,9,4.25331,-0.03457,0.30287,134,134,134,0.28176,4.32243,-0.04070,1,1,0.450
43.2740,749,FL,1,4.57313,0.23704,0.30958,131,126,117,0.28845,4.69549,0.25773,1,1,0.450
43.2740,749,BL,24,4.38997,0.22631,0.29998,134,134,134,0.27888,4.46565,0.22033,1,1,0.450
43.2740,749,FR,16,4.70777,-0.04196,0.30047,134,97,86,0.27937,4.83640,-0.07014,1,0,0.450
43.2740,749,BR,9,4.25497,-0.03386,0.30306,134,134,134,0.28195,4.32447,-0.03940,1,1,0.450
43.2820,750,FL,30,4.83951,0.23721,0.29999,134,70,53,0.28945,4.84339,0.24840,1,0,0.450
43.2820,750,BL,23,4.38986,0.22712,0.29995,134,134,134,0.27884,4.46124,0.22181,1,1,0.450
43.2840,750,FR,15,4.70727,-0.04174,0.30058,134,97,86,0.27947,4.83642,-0.06927,1,0,0.450
43.2840,750,BR,8,4.25369,-0.03412,0.30276,134,134,134,0.28165,4.32454,-0.03822,1,1,0.450
43.3060,750,FL,30,4.84266,0.23772,0.29998,134,70,53,0.28943,4.80859,0.24974,1,0,0.450
43.3060,750,BL,23,4.39303,0.22786,0.29995,134,134,134,0.27884,4.47111,0.22269,1,1,0.450
43.3060,750,FR,15,4.71031,-0.04061,0.30048,134,97,86,0.27938,4.83947,-0.06873,1,0,0.450
43.3060,750,BR,8,4.25674,-0.03196,0.30250,134,134,134,0.28139,4.32740,-0.03620,1,1,0.450
43.3140,751,FL,29,4.84464,0.23941,0.29996,134,70,53,0.28942,4.80630,0.25167,1,0,0.450
43.3140,751,BL,22,4.39524,0.23056,0.30005,134,134,134,0.27895,4.46979,0.22624,1,1,0.450
43.3140,751,FR,14,4.71122,-0.03941,0.30077,134,97,86,0.27967,4.84127,-0.06645,1,0,0.450
43.3140,751,BR,7,4.25634,-0.03136,0.30380,134,134,134,0.28269,4.32958,-0.03324,1,1,0.450
43.3240,751,FL,29,4.84668,0.23980,0.29990,134,70,53,0.28936,4.81818,0.25248,1,0,0.450
43.3240,751,BL,22,4.39709,0.23072,0.30001,134,134,134,0.27890,4.47760,0.22689,1,1,0.450
43.3240,751,FR,14,4.71221,-0.03943,0.30059,134,97,86,0.27949,4.84388,-0.06590,1,0,0.450
43.3260,751,BR,7,4.25605,-0.03136,0.30312,134,134,134,0.28201,4.33064,-0.03251,1,1,0.450
43.3340,751,FL,29,4.84857,0.24057,0.29993,134,70,53,0.28938,4.81992,0.25299,1,0,0.450
43.3340,751,BL,22,4.39867,0.23177,0.29996,134,134,134,0.27886,4.47970,0.22829,1,1,0.450
43.3340,751,FR,14,4.71286,-0.03942,0.30069,134,97,86,0.27958,4.84560,-0.06492,1,0,0.450
43.3340,751,BR,7,4.25607,-0.03156,0.30307,134,134,134,0.28196,4.33151,-0.03183,1,1,0.450
43.3440,752,FL,28,4.84868,0.24098,0.29993,134,70,53,0.28939,4.81467,0.25395,1,0,0.450
43.3440,752,BL,21,4.39875,0.23242,0.29996,134,134,134,0.27885,4.47453,0.22977,1,1,0.450
43.3440,752,FR,13,4.71267,-0.03921,0.30069,134,97,86,0.27959,4.84557,-0.06440,1,0,0.450
43.3440,752,BR,6,4.25573,-0.03139,0.30305,134,134,134,0.28194,4.33148,-0.03099,1,1,0.450
43.3540,752,FL,28,4.85040,0.24123,0.29982,134,70,53,0.28928,4.82478,0.25458,1,0,0.450
43.3540,752,BL,21,4.40035,0.23254,0.29993,134,134,134,0.27883,4.48120,0.23009,1,1,0.450
43.3540,752,FR,13,4.71372,-0.03909,0.30050,134,97,86,0.27940,4.84757,-0.06414,1,0,0.450
43.3540,752,BR,6,4.25617,-0.03106,0.30263,134,134,134,0.28152,4.33250,-0.03034,1,1,0.450
43.3640,752,FL,28,4.85026,0.24174,0.29986,134,70,53,0.28932,4.82447,0.25501,1,0,0.450
43.3640,752,BL,21,4.40002,0.23318,0.29993,134,134,134,0.27883,4.48113,0.23094,1,1,0.450
43.3640,752,FR,13,4.71323,-0.03888,0.30076,134,97,86,0.27965,4.84711,-0.06356,1,0,0.450
43.3640,752,BR,6,4.25583,-0.03103,0.30319,134,134,134,0.28207,4.33221,-0.02966,1,1,0.450
43.3720,753,FL,27,4.85067,0.24233,0.29987,134,70,53,0.28933,4.81926,0.25619,1,0,0.450
43.3720,753,BL,20,4.40043,0.23394,0.29996,134,134,134,0.27886,4.47588,0.23250,1,1,0.450
43.3720,753,FR,12,4.71346,-0.03849,0.30088,134,97,86,0.27978,4.84745,-0.06287,1,0,0.450
43.3720,753,BR,5,4.25593,-0.03074,0.30364,134,134,134,0.28253,4.33247,-0.02879,1,1,0.450
43.3860,753,FL,27,4.85190,0.24243,0.29972,134,70,53,0.28918,4.82813,0.25661,1,0,0.450
43.3860,753,BL,20,4.40150,0.23376,0.29996,134,134,134,0.27886,4.48162,0.23254,1,1,0.450
43.3860,753,FR,12,4.71422,-0.03840,0.30083,134,97,86,0.27973,4.84889,-0.06288,1,0,0.450
43.3860,753,BR,5,4.25632,-0.03032,0.30379,134,134,134,0.28267,4.33324,-0.02826,1,1,0.450
43.3960,753,FL,27,4.85142,0.24319,0.29977,134,70,53,0.28924,4.82725,0.25747,1,0,0.450
43.3960,753,BL,20,4.40090,0.23475,0.29999,134,134,134,0.27889,4.48115,0.23369,1,1,0.450
43.3960,753,FR,12,4.71357,-0.03789,0.30119,134,97,86,0.28008,4.84800,-0.06199,1,0,0.450
43.3960,753,BR,5,4.25597,-0.02995,0.30467,134,134,134,0.28355,4.33268,-0.02708,1,1,0.450
43.4040,754,FL,26,4.85145,0.24376,0.29977,134,70,53,0.28924,4.82153,0.25858,1,0,0.450
43.4060,754,BL,19,4.40096,0.23557,0.30005,134,134,134,0.27895,4.47525,0.23526,1,1,0.450
43.4060,754,FR,11,4.71359,-0.03731,0.30140,134,97,86,0.28029,4.84781,-0.06135,1,0,0.450
43.4060,754,BR,4,4.25602,-0.02932,0.30546,133,133,133,0.28434,4.33276,-0.02582,1,1,0.450
43.4220,754,FL,26,4.85193,0.24362,0.29958,134,70,53,0.28905,4.82980,0.25835,1,0,0.450
43.4220,754,BL,19,4.40120,0.23524,0.30007,134,134,134,0.27896,4.47993,0.23508,1,1,0.450
43.4220,754,FR,11,4.71369,-0.03730,0.30144,134,97,86,0.28034,4.84829,-0.06154,1,0,0.450
43.4220,754,BR,4,4.25593,-0.02886,0.30581,132,132,132,0.28469,4.33298,-0.02522,1,1,0.450
43.4320,755,FL,25,4.85187,0.24490,0.29967,134,70,53,0.28913,4.82274,0.26075,1,0,0.450
43.4320,755,BL,18,4.40109,0.23709,0.30010,134,134,134,0.27900,4.47381,0.23778,1,1,0.450
43.4320,755,FR,10,4.71329,-0.03631,0.30186,134,97,86,0.28075,4.84758,-0.06006,1,0,0.450
43.4320,755,BR,3,4.25609,-0.02788,0.30673,132,132,132,0.28560,4.33219,-0.02313,1,1,0.450
43.4520,755,FL,25,4.85199,0.24451,0.29939,134,70,53,0.28887,4.83190,0.25929,1,0,0.450
43.4520,755,BL,18,4.40076,0.23658,0.30016,134,134,134,0.27905,4.47775,0.23763,1,1,0.450
43.4520,755,FR,10,4.71288,-0.03657,0.30193,134,97,86,0.28082,4.84739,-0.06048,1,0,0.450
43.4520,755,BR,3,4.25559,-0.02769,0.30706,132,132,132,0.28594,4.33211,-0.02273,1,1,0.450
43.4600,755,FL,25,4.85028,0.24606,0.29955,134,70,53,0.28902,4.82814,0.26197,1,0,0.450
43.4600,755,BL,18,4.39926,0.23834,0.30017,134,134,134,0.27907,4.47605,0.23985,1,1,0.450
43.4600,755,FR,10,4.71152,-0.03603,0.30231,134,97,86,0.28120,4.84518,-0.05887,1,0,0.450
43.4600,755,BR,3,4.25539,-0.02742,0.30753,132,132,132,0.28640,4.32984,-0.02140,1,1,0.450
43.4720,756,FL,24,4.85038,0.24661,0.29951,134,70,53,0.28899,4.82259,0.26296,1,0,0.450
43.4720,756,BL,17,4.39927,0.23894,0.30021,134,134,134,0.27911,4.47604,0.24086,1,1,0.450
43.4720,756,FR,9,4.71151,-0.03583,0.30233,134,97,86,0.28122,4.84489,-0.05831,1,0,0.450
43.4720,756,BR,2,4.25572,-0.02728,0.30753,132,132,132,0.28640,4.32954,-0.02094,1,1,0.450
43.4880,756,FL,24,4.85047,0.24616,0.29917,134,70,53,0.28866,4.83205,0.26116,1,0,0.450
43.4880,756,BL,17,4.39861,0.23821,0.30027,134,134,134,0.27917,4.47310,0.24186,1,1,0.450
43.4880,756,FR,9,4.71093,-0.03644,0.30244,134,97,86,0.28133,4.84424,-0.05893,1,0,0.450
43.4880,756,BR,2,4.25557,-0.02744,0.30758,132,132,132,0.28645,4.32945,-0.02148,1,1,0.450
43.4980,757,FL,23,4.84778,0.24785,0.29942,134,70,53,0.28890,4.82013,0.26553,1,0,0.450
43.4980,757,BL,16,4.39667,0.23931,0.30029,134,134,134,0.27919,4.47037,0.24364,1,1,0.450
43.4980,757,FR,8,4.71028,-0.03624,0.30258,134,97,86,0.28147,4.84201,-0.05749,1,0,0.450
43.4980,757,BR,1,4.25585,-0.02769,0.30749,132,132,132,0.28636,4.32811,-0.02144,1,1,0.450
43.5160,757,FL,23,4.84861,0.24761,0.29912,134,70,53,0.28861,4.81902,0.26985,1,0,0.450
43.5160,757,BL,16,4.39703,0.23829,0.30036,134,134,134,0.27926,4.46933,0.24413,1,1,0.450
43.5160,757,FR,8,4.71071,-0.03687,0.30254,134,97,86,0.28142,4.84215,-0.05812,1,0,0.450
43.5180,757,BR,1,4.25640,-0.02772,0.30728,132,132,132,0.28615,4.32906,-0.02237,1,1,0.450
43.5320,758,FL,22,4.84692,0.24831,0.29887,134,70,53,0.28837,4.81319,0.26982,1,0,0.450
43.5320,758,BL,15,4.39534,0.23851,0.30031,134,134,134,0.27920,4.46653,0.24545,1,1,0.450
43.5320,758,FR,7,4.71065,-0.03683,0.30222,134,97,86,0.28111,4.84025,-0.05711,1,0,0.450
43.5320,758,BR,30,4.52745,-0.02699,0.29988,134,134,128,0.27878,4.60619,-0.02661,1,1,0.450
43.5400,758,FL,22,4.84485,0.24884,0.29875,134,70,53,0.28825,4.81172,0.27417,1,0,0.450
43.5400,758,BL,15,4.39367,0.23780,0.30049,134,134,134,0.27938,4.46314,0.24614,1,1,0.450
43.5400,758,FR,7,4.70991,-0.03710,0.30254,134,97,86,0.28143,4.83816,-0.05699,1,0,0.450
43.5400,758,BR,30,4.52484,-0.02574,0.29991,134,134,128,0.27880,4.59655,-0.01764,1,1,0.450
43.5500,758,FL,22,4.84420,0.24872,0.29863,134,70,53,0.28814,4.81158,0.27348,1,0,0.450
43.5500,758,BL,15,4.39295,0.23796,0.30046,134,134,134,0.27936,4.46195,0.24646,1,1,0.450
43.5500,758,FR,7,4.70948,-0.03696,0.30264,134,97,86,0.28153,4.83725,-0.05669,1,0,0.450
43.5500,758,BR,30,4.52385,-0.02525,0.29991,134,134,128,0.27881,4.59494,-0.01659,1,1,0.450
43.5600,759,FL,21,4.84333,0.24928,0.29865,134,70,53,0.28816,4.80581,0.27426,1,0,0.450
43.5600,759,BL,14,4.39239,0.23833,0.30048,134,134,134,0.27937,4.46083,0.24721,1,1,0.450
43.5600,759,FR,6,4.70954,-0.03700,0.30242,134,97,86,0.28131,4.83643,-0.05638,1,0,0.450
43.5620,759,BR,29,4.52309,-0.02473,0.29991,134,134,128,0.27881,4.58969,-0.01601,1,1,0.450
43.5700,759,FL,21,4.84291,0.24886,0.29842,134,70,53,0.28794,4.80833,0.27617,1,0,0.450
43.5700,759,BL,14,4.39206,0.23732,0.30055,134,134,134,0.27945,4.45942,0.24720,1,1,0.450
43.5700,759,FR,6,4.70918,-0.03749,0.30234,134,97,86,0.28123,4.83542,-0.05698,1,0,0.450
43.5700,759,BR,29,4.52142,-0.02381,0.29994,134,134,128,0.27884,4.58702,-0.01065,1,1,0.450
43.5800,759,FL,21,4.84131,0.24890,0.29849,134,70,53,0.28800,4.80706,0.27598,1,0,0.450
43.5800,759,BL,14,4.39044,0.23769,0.30059,134,134,134,0.27949,4.45782,0.24740,1,1,0.450
43.5800,759,FR,6,4.70786,-0.03723,0.30266,134,97,86,0.28155,4.83349,-0.05655,1,0,0.450
43.5800,759,BR,29,4.52011,-0.02357,0.29996,134,134,128,0.27886,4.58622,-0.01054,1,1,0.450
43.5900,760,FL,20,4.84070,0.24919,0.29853,134,70,53,0.28804,4.80171,0.27603,1,0,0.450
43.5900,760,BL,13,4.39005,0.23800,0.30074,134,134,134,0.27964,4.45710,0.24783,1,1,0.450
43.5900,760,FR,5,4.70784,-0.03716,0.30298,134,97,86,0.28187,4.83271,-0.05632,1,0,0.450
43.5900,760,BR,28,4.51942,-0.02329,0.29997,134,134,128,0.27886,4.58044,-0.01093,1,1,0.450
43.6000,760,FL,20,4.84003,0.24862,0.29831,134,70,53,0.28783,4.80481,0.27707,1,0,0.450
43.6000,760,BL,13,4.38932,0.23705,0.30094,134,134,134,0.27983,4.45574,0.24745,1,1,0.450
43.6000,760,FR,5,4.70684,-0.03726,0.30333,134,97,86,0.28222,4.83116,-0.05663,1,0,0.450
43.6000,760,BR,28,4.51754,-0.02256,0.30000,134,134,128,0.27889,4.58045,-0.00753,1,1,0.450
43.6100,760,FL,20,4.83933,0.24887,0.29849,134,70,53,0.28801,4.80450,0.27706,1,0,0.450
43.6100,760,BL,13,4.38863,0.23767,0.30113,134,134,134,0.28002,4.45515,0.24758,1,1,0.450
43.6100,760,FR,5,4.70660,-0.03664,0.30423,134,97,86,0.28312,4.83022,-0.05581,1,0,0.450
43.6100,760,BR,28,4.51743,-0.02244,0.30002,134,134,128,0.27892,4.58144,-0.00806,1,1,0.450
43.6200,761,FL,19,4.83820,0.24911,0.29855,134,70,53,0.28807,4.84923,0.27673,1,0,0.450
43.6200,761,BL,12,4.38735,0.23823,0.30141,134,134,134,0.28030,4.45404,0.24768,1,1,0.450
43.6200,761,FR,4,4.70538,-0.03601,0.30503,133,96,85,0.28391,4.82836,-0.05487,1,0,0.450
43.6200,761,BR,27,4.51628,-0.02233,0.30003,134,134,128,0.27893,4.57609,-0.00845,1,1,0.450
43.6300,761,FL,19,4.83574,0.24967,0.29915,134,70,53,0.28864,4.80381,0.27933,1,0,0.450
43.6300,761,BL,12,4.38506,0.23757,0.30165,134,134,134,0.28055,4.45186,0.24736,1,1,0.450
43.6300,761,FR,4,4.70503,-0.03584,0.30594,132,96,85,0.28482,4.82658,-0.05459,1,0,0.450
43.6300,761,BR,27,4.51711,-0.02170,0.30020,134,134,128,0.27910,4.58661,-0.01169,1,1,0.450
43.6420,761,FL,19,4.83739,0.24913,0.29859,134,70,53,0.28810,4.80273,0.27746,1,0,0.450
43.6420,761,BL,12,4.38642,0.23850,0.30204,134,134,134,0.28093,4.45295,0.24738,1,1,0.450
43.6420,761,FR,4,4.70426,-0.03492,0.30682,132,96,85,0.28569,4.82613,-0.05346,1,0,0.450
43.6420,761,BR,27,4.51481,-0.02175,0.30010,134,134,128,0.27900,4.57910,-0.00784,1,1,0.450
43.6520,762,FL,18,4.83745,0.24905,0.29866,134,70,53,0.28816,4.84882,0.27683,1,0,0.450
43.6520,762,BL,11,4.38639,0.23862,0.30224,134,134,134,0.28113,4.45293,0.24725,1,1,0.450
43.6520,762,FR,3,4.70465,-0.03448,0.30749,132,96,85,0.28637,4.82614,-0.05290,1,0,0.450
43.6520,762,BR,26,4.51513,-0.02166,0.30010,134,134,128,0.27900,4.57526,-0.00797,1,1,0.450
43.6620,762,FL,18,4.83479,0.24970,0.29927,134,70,53,0.28876,4.80366,0.27905,1,0,0.450
43.6620,762,BL,11,4.38364,0.23824,0.30247,134,134,134,0.28136,4.45083,0.24672,1,1,0.450
43.6620,762,FR,3,4.70384,-0.03391,0.30826,132,96,85,0.28714,4.82412,-0.05209,1,0,0.450
43.6620,762,BR,26,4.51603,-0.02122,0.30025,134,134,128,0.27915,4.58628,-0.01188,1,1,0.450
43.6760,763,FL,17,4.83683,0.24897,0.29868,134,70,53,0.28818,4.80258,0.27713,1,0,0.450
43.6760,763,BL,10,4.38548,0.23878,0.30278,134,134,134,0.28166,4.45243,0.24658,1,1,0.450
43.6760,763,FR,2,4.70324,-0.03331,0.30873,131,95,84,0.28760,4.82421,-0.05154,1,0,0.450
43.6760,763,BR,25,4.51396,-0.02143,0.30015,134,134,128,0.27905,4.57485,-0.00879,1,1,0.450
43.6900,763,FL,17,4.83787,0.24816,0.29855,134,70,53,0.28806,4.80387,0.27677,1,0,0.450
43.6900,763,BL,10,4.38629,0.23762,0.30305,134,134,134,0.28194,4.45327,0.24540,1,1,0.450
43.6900,763,FR,2,4.70400,-0.03297,0.30883,131,95,84,0.28770,4.82540,-0.05163,1,0,0.450
43.6900,763,BR,25,4.51476,-0.02119,0.30020,134,134,128,0.27910,4.57996,-0.00796,1,1,0.450
43.6980,763,FL,17,4.83760,0.24809,0.29870,134,70,53,0.28820,4.80379,0.27612,1,0,0.450
43.6980,763,BL,10,4.38571,0.23794,0.30306,134,134,134,0.28195,4.45363,0.24469,1,1,0.450
43.6980,763,FR,2,4.70300,-0.03217,0.30902,131,95,84,0.28789,4.82512,-0.05110,1,0,0.450
43.7000,763,BR,25,4.51499,-0.02189,0.30019,134,134,128,0.27908,4.58111,-0.00927,1,1,0.450
43.7080,764,FL,16,4.83902,0.24765,0.29870,134,70,53,0.28821,4.80950,0.27619,1,0,0.450
43.7080,764,BL,9,4.38717,0.23728,0.30311,134,134,134,0.28199,4.45510,0.24387,1,1,0.450
43.7080,764,FR,1,4.70402,-0.03220,0.30894,131,95,84,0.28781,4.82755,-0.05186,1,0,0.450
43.7080,764,BR,24,4.51648,-0.02252,0.30018,134,134,128,0.27908,4.57824,-0.01059,1,1,0.450
43.7180,764,FL,16,4.83991,0.24701,0.29863,134,70,53,0.28814,4.81092,0.27580,1,0,0.450
43.7180,764,BL,9,4.38750,0.23633,0.30325,134,134,134,0.28213,4.45628,0.24237,1,1,0.450
43.7180,764,FR,1,4.70386,-0.03183,0.30891,131,95,84,0.28778,4.82770,-0.05168,1,0,0.450
43.7180,764,BR,24,4.51742,-0.02264,0.30022,134,134,128,0.27912,4.58393,-0.01097,1,1,0.450
43.7300,764,FL,16,4.84082,0.24659,0.29883,134,70,53,0.28833,4.81182,0.27507,1,0,0.450
43.7300,764,BL,9,4.38834,0.23589,0.30332,134,134,134,0.28221,4.45781,0.24113,1,1,0.450
43.7300,764,FR,1,4.70381,-0.03149,0.30914,131,95,84,0.28800,4.82900,-0.05224,1,0,0.450
43.7300,764,BR,24,4.51886,-0.02374,0.30019,134,134,128,0.27909,4.58628,-0.01263,1,1,0.450
43.7380,765,FL,15,4.84053,0.24635,0.29889,134,70,53,0.28839,4.81200,0.27417,1,0,0.450
43.7380,765,BL,8,4.38735,0.23611,0.30272,134,134,134,0.28161,4.45809,0.23996,1,1,0.450
43.7380,765,FR,30,4.97072,-0.02984,0.30005,134,68,46,0.33138,5.19184,-0.04348,1,0,0.450
43.7380,765,BR,23,4.51896,-0.02461,0.30014,134,134,128,0.27904,4.58196,-0.01420,1,1,0.450
43.7580,765,FL,15,4.84415,0.24498,0.29866,134,70,53,0.28817,4.81473,0.27388,1,0,0.450
43.7580,765,BL,8,4.39143,0.23320,0.30333,134,134,134,0.28221,4.46170,0.23756,1,1,0.450
43.7580,765,FR,30,4.97398,-0.03037,0.30011,134,68,46,0.33143,5.15182,-0.04370,1,0,0.450
43.7580,765,BR,23,4.52204,-0.02543,0.30022,134,134,128,0.27911,4.58979,-0.01487,1,1,0.450
43.7680,766,FL,14,4.84497,0.24438,0.29898,134,70,53,0.28848,4.81737,0.27160,1,0,0.450
43.7680,766,BL,7,4.39013,0.23370,0.30399,134,134,134,0.28288,4.46382,0.23549,1,1,0.450
43.7680,766,FR,29,4.97620,-0.03182,0.30012,134,68,46,0.33144,5.19965,-0.04528,1,0,0.450
43.7680,766,BR,22,4.52457,-0.02762,0.30027,134,134,128,0.27916,4.58902,-0.01782,1,1,0.450
43.7780,766,FL,14,4.84571,0.24451,0.29867,134,70,53,0.28818,4.81954,0.27108,1,0,0.450
43.7780,766,BL,7,4.38986,0.23369,0.30321,134,134,134,0.28210,4.46487,0.23473,1,1,0.450
43.7780,766,FR,29,4.97847,-0.03223,0.30019,134,68,46,0.33150,5.15755,-0.04535,1,0,0.450
43.7780,766,BR,22,4.52583,-0.02790,0.30020,134,134,128,0.27910,4.59519,-0.01881,1,1,0.450
43.7880,766,FL,14,4.84600,0.24457,0.29880,134,70,53,0.28830,4.82070,0.27041,1,0,0.450
43.7880,766,BL,7,4.38948,0.23383,0.30319,134,134,134,0.28208,4.46537,0.23412,1,1,0.450
43.7880,766,FR,29,4.97944,-0.03273,0.30019,134,68,46,0.33150,5.15870,-0.04544,1,0,0.450
43.7880,766,BR,22,4.52726,-0.02876,0.30018,134,134,128,0.27908,4.59781,-0.01999,1,1,0.450
43.7980,767,FL,13,4.84583,0.24442,0.29881,134,70,53,0.28831,4.82070,0.26994,1,0,0.450
43.8000,767,BL,6,4.38914,0.23373,0.30317,134,134,134,0.28206,4.46545,0.23337,1,1,0.450
43.8000,767,FR,28,4.97965,-0.03311,0.30019,134,68,46,0.33150,5.15398,-0.04634,1,0,0.450
43.8000,767,BR,21,4.52739,-0.02940,0.30019,134,134,128,0.27908,4.59341,-0.02159,1,1,0.450
43.8080,767,FL,13,4.84689,0.24439,0.29851,134,70,53,0.28803,4.82228,0.26975,1,0,0.450
43.8080,767,BL,6,4.38980,0.23349,0.30290,134,134,134,0.28179,4.46651,0.23283,1,1,0.450
43.8080,767,FR,28,4.98105,-0.03328,0.30025,134,68,46,0.35486,5.16160,-0.04666,1,0,0.450
43.8080,767,BR,21,4.52845,-0.02935,0.30018,134,134,128,0.27908,4.59899,-0.02165,1,1,0.450
43.8180,767,FL,13,4.84635,0.24421,0.29885,134,70,53,0.28835,4.82188,0.26923,1,0,0.450
43.8180,767,BL,6,4.38932,0.23345,0.30349,134,134,134,0.28238,4.46631,0.23212,1,1,0.450
43.8180,767,FR,28,4.98107,-0.03379,0.30026,134,68,46,0.35487,5.16119,-0.04673,1,0,0.450
43.8180,767,BR,21,4.52840,-0.03010,0.30017,134,134,128,0.27907,4.59968,-0.02286,1,1,0.450
43.8280,768,FL,12,4.84728,0.24372,0.29891,134,70,53,0.28841,4.82311,0.26852,1,0,0.450
43.8280,768,BL,5,4.38997,0.23296,0.30383,134,134,134,0.28272,4.46731,0.23112,1,1,0.450
43.8280,768,FR,27,4.98230,-0.03444,0.30027,134,68,46,0.35487,5.15764,-0.04799,1,0,0.450
43.8280,768,BR,20,4.52961,-0.03098,0.30020,134,134,128,0.27909,4.59604,-0.02461,1,1,0.450
43.8380,768,FL,12,4.84686,0.24377,0.29884,134,70,53,0.28834,4.82268,0.26864,1,0,0.450
43.8380,768,BL,5,4.38949,0.23269,0.30425,134,134,134,0.28314,4.46700,0.23062,1,1,0.450
43.8380,768,FR,27,4.98186,-0.03439,0.30033,134,68,46,0.35492,5.16329,-0.04833,1,0,0.450
43.8380,768,BR,20,4.52878,-0.03054,0.30024,134,134,128,0.27914,4.59966,-0.02434,1,1,0.450
43.8480,768,FL,12,4.84677,0.24339,0.29915,134,70,53,0.28864,4.82267,0.26802,1,0,0.450
43.8480,768,BL,5,4.38953,0.23235,0.30484,134,134,134,0.28372,4.46707,0.22970,1,1,0.450
43.8480,768,FR,27,4.98224,-0.03501,0.30034,134,68,46,0.35492,5.16334,-0.04854,1,0,0.450
43.8480,768,BR,20,4.52914,-0.03148,0.30022,134,134,128,0.27912,4.60050,-0.02560,1,1,0.450
43.8560,769,FL,11,4.84641,0.24297,0.29934,134,70,53,0.28882,4.82214,0.26749,1,0,0.450
43.8580,769,BL,4,4.38914,0.23199,0.30552,133,133,133,0.28440,4.46688,0.22865,1,1,0.450
43.8580,769,FR,26,4.98182,-0.03546,0.30034,134,68,46,0.35493,5.15805,-0.04969,1,0,0.450
43.8580,769,BR,19,4.52875,-0.03212,0.30027,134,134,128,0.27917,4.59510,-0.02713,1,1,0.450
43.8680,769,FL,11,4.84734,0.24275,0.29918,134,70,53,0.28867,4.82325,0.26748,1,0,0.450
43.8680,769,BL,4,4.39000,0.23113,0.30579,132,132,132,0.28467,4.46767,0.22779,1,1,0.450
43.8680,769,FR,26,4.98297,-0.03558,0.30040,134,68,46,0.35497,5.16533,-0.05032,1,0,0.450
43.8680,769,BR,19,4.52947,-0.03200,0.30031,134,134,128,0.27920,4.60014,-0.02713,1,1,0.450
43.8760,769,FL,11,4.84646,0.24223,0.29967,134,70,53,0.28914,4.82218,0.26673,1,0,0.450
43.8760,769,BL,4,4.38939,0.23070,0.30670,132,132,132,0.28558,4.46694,0.22646,1,1,0.450
43.8760,769,FR,26,4.98246,-0.03624,0.30041,134,68,46,0.35498,5.16454,-0.05057,1,0,0.450
43.8760,769,BR,19,4.52892,-0.03309,0.30033,134,134,128,0.27922,4.60007,-0.02839,1,1,0.450
43.8880,770,FL,10,4.84629,0.24191,0.29976,134,70,53,0.28922,4.82198,0.26620,1,0,0.450
43.8880,770,BL,3,4.38926,0.23037,0.30700,132,132,132,0.28588,4.46663,0.22555,1,1,0.450
43.8880,770,FR,25,4.98238,-0.03670,0.30041,134,68,46,0.35498,5.15956,-0.05178,1,0,0.450
43.8880,770,BR,18,4.52885,-0.03375,0.30035,134,134,128,0.27925,4.59491,-0.03005,1,1,0.450
43.8960,770,FL,10,4.84577,0.24199,0.29970,134,70,53,0.28917,4.82133,0.26615,1,0,0.450
43.8960,770,BL,3,4.38904,0.22999,0.30725,132,132,132,0.28613,4.46584,0.22492,1,1,0.450
43.8960,770,FR,25,4.98194,-0.03683,0.30048,134,68,46,0.35504,5.16523,-0.05255,1,0,0.450
43.8960,770,BR,18,4.52797,-0.03359,0.30041,134,134,128,0.27931,4.59825,-0.03022,1,1,0.450
43.9060,770,FL,10,4.84559,0.24173,0.29994,134,70,53,0.28939,4.82120,0.26545,1,0,0.450
43.9060,770,BL,3,4.38932,0.22982,0.30733,132,132,132,0.28620,4.46531,0.22434,1,1,0.450
43.9060,770,FR,25,4.98225,-0.03753,0.30049,134,68,46,0.35505,5.16536,-0.05292,1,0,0.450
43.9060,770,BR,18,4.52825,-0.03457,0.30037,134,134,128,0.27926,4.59894,-0.03157,1,1,0.450
43.9180,771,FL,9,4.84525,0.24148,0.30008,134,70,53,0.28954,4.82056,0.26474,1,0,0.450
43.9180,771,BL,2,4.38931,0.22976,0.30753,132,132,132,0.28640,4.46473,0.22375,1,1,0.450
43.9180,771,FR,24,4.98180,-0.03819,0.30050,134,68,46,0.35505,5.15989,-0.05440,1,0,0.450
43.9180,771,BR,17,4.52784,-0.03529,0.30042,134,134,128,0.27932,4.59843,-0.03263,1,1,0.450
43.9280,771,FL,9,4.84430,0.24207,0.30006,134,70,53,0.28951,4.81888,0.26499,1,0,0.450
43.9280,771,BL,2,4.38903,0.22999,0.30754,132,132,132,0.28641,4.46384,0.22403,1,1,0.450
43.9280,771,FR,24,4.98050,-0.03830,0.30055,134,68,46,0.35509,5.16432,-0.05508,1,0,0.450
43.9280,771,BR,17,4.52619,-0.03471,0.30046,134,134,128,0.27936,4.59611,-0.03390,1,1,0.450
43.9380,771,FL,9,4.84364,0.24199,0.30022,134,70,53,0.28966,4.81763,0.26429,1,0,0.450
43.9380,771,BL,2,4.38880,0.23024,0.30761,132,132,132,0.28648,4.46302,0.22401,1,1,0.450
43.9380,771,FR,24,4.97932,-0.03896,0.30059,134,68,46,0.33183,5.16326,-0.05584,1,0,0.450
43.9380,771,BR,17,4.52514,-0.03533,0.30045,134,134,128,0.27935,4.59463,-0.03483,1,1,0.450
43.9500,772,FL,8,4.84380,0.24186,0.30021,134,70,53,0.28965,4.81730,0.26349,1,0,0.450
43.9500,772,BL,1,4.38937,0.23031,0.30738,132,132,132,0.28626,4.46293,0.22417,1,1,0.450
43.9500,772,FR,23,4.97900,-0.03987,0.30059,134,68,46,0.33183,5.15783,-0.05780,1,0,0.450
43.9500,772,BR,16,4.52494,-0.03589,0.30047,134,134,128,0.27936,4.59408,-0.03598,1,1,0.450
43.9700,772,FL,8,4.84352,0.24243,0.30014,134,70,53,0.28959,4.81571,0.26354,1,0,0.450
43.9700,772,BL,1,4.38970,0.23048,0.30731,132,132,132,0.28619,4.46331,0.22492,1,1,0.450
43.9700,772,FR,23,4.97768,-0.04035,0.30068,134,68,46,0.33191,5.15726,-0.06366,1,0,0.450
43.9700,772,BR,16,4.52346,-0.03515,0.30054,134,134,128,0.27943,4.59220,-0.03669,1,1,0.450
43.9780,773,FL,7,4.84369,0.24233,0.29973,134,70,53,0.28919,4.81418,0.26217,1,0,0.450
43.9800,773,BL,30,4.66083,0.23152,0.29985,134,108,97,0.27875,4.74306,0.23393,1,1,0.450
43.9800,773,FR,22,4.97586,-0.04173,0.30059,134,68,46,0.33183,5.15141,-0.06500,1,0,0.450
43.9800,773,BR,15,4.52208,-0.03556,0.30047,134,134,128,0.27937,4.58975,-0.03831,1,1,0.450
43.9900,773,FL,7,4.84333,0.24237,0.30007,134,70,53,0.28952,4.81315,0.26213,1,0,0.450
43.9900,773,BL,30,4.66030,0.23040,0.29981,134,108,97,0.27871,4.74157,0.22675,1,1,0.450
43.9900,773,FR,22,4.97504,-0.04209,0.30072,134,68,46,0.33194,5.15415,-0.06877,1,0,0.450
43.9900,773,BR,15,4.52099,-0.03486,0.30057,134,134,128,0.27947,4.58840,-0.03856,1,1,0.450
44.0000,773,FL,7,4.84248,0.24212,0.30024,134,70,53,0.28968,4.81154,0.26141,1,0,0.450
44.0000,773,BL,30,4.65878,0.22979,0.29984,134,108,97,0.27873,4.74058,0.22636,1,1,0.450
44.0000,773,FR,22,4.97351,-0.04257,0.30071,134,68,46,0.33193,5.15283,-0.06898,1,0,0.450
44.0000,773,BR,15,4.51962,-0.03533,0.30055,134,134,128,0.27945,4.58658,-0.03919,1,1,0.450
44.0100,774,FL,6,4.84289,0.24209,0.29998,134,70,53,0.28944,4.81125,0.26101,1,0,0.450
44.0100,774,BL,29,4.65832,0.22918,0.29983,134,108,97,0.27873,4.73613,0.22589,1,1,0.450
44.0100,774,FR,21,4.97304,-0.04317,0.30070,134,68,46,0.33193,5.19829,-0.06961,1,0,0.450
44.0100,774,BR,14,4.51947,-0.03570,0.30057,134,134,128,0.27947,4.58571,-0.04001,1,1,0.450
44.0200,774,FL,6,4.84144,0.24244,0.29989,134,70,53,0.28935,4.80869,0.26132,1,0,0.450
44.0200,774,BL,29,4.65694,0.22823,0.29976,134,108,97,0.27866,4.73552,0.22046,1,1,0.450
44.0200,774,FR,21,4.97149,-0.04311,0.30086,134,68,46,0.33206,5.15244,-0.07182,1,0,0.450
44.0200,774,BR,14,4.51690,-0.03490,0.30061,134,134,128,0.27951,4.58334,-0.04020,1,1,0.450
44.0300,774,FL,6,4.84187,0.24234,0.30003,134,70,53,0.28948,4.80897,0.26109,1,0,0.450
44.0300,774,BL,29,4.65650,0.22779,0.29982,134,108,97,0.27872,4.73659,0.22108,1,1,0.450
44.0300,774,FR,21,4.97117,-0.04321,0.30080,134,68,46,0.33201,5.15119,-0.07178,1,0,0.450
44.0300,774,BR,14,4.51751,-0.03506,0.30065,134,134,128,0.27954,4.58312,-0.04049,1,1,0.450
44.0400,775,FL,5,4.84149,0.24223,0.30019,134,70,53,0.28963,4.80809,0.26078,1,0,0.450
44.0400,775,BL,28,4.65583,0.22752,0.29981,134,108,97,0.27871,4.73205,0.22122,1,1,0.450
44.0400,775,FR,20,4.97051,-0.04353,0.30083,134,68,46,0.33203,5.19669,-0.07177,1,0,0.450
44.0400,775,BR,13,4.51684,-0.03534,0.30076,134,134,128,0.27965,4.58235,-0.04086,1,1,0.450
44.0500,775,FL,5,4.84007,0.24233,0.30040,134,70,53,0.28984,4.80562,0.26099,1,0,0.450
44.0500,775,BL,28,4.65464,0.22665,0.29972,134,108,97,0.27862,4.73298,0.21726,1,1,0.450
44.0500,775,FR,20,4.96907,-0.04336,0.30102,134,68,46,0.33219,5.15157,-0.07320,1,0,0.450
44.0500,775,BR,13,4.51429,-0.03455,0.30089,134,134,128,0.27978,4.58015,-0.04088,1,1,0.450
44.0600,775,FL,5,4.84049,0.24188,0.30114,134,70,53,0.29055,4.80608,0.26050,1,0,0.450
44.0620,775,BL,28,4.65449,0.22652,0.29979,134,108,97,0.27869,4.73425,0.21822,1,1,0.450
44.0620,775,FR,20,4.96899,-0.04335,0.30103,134,68,46,0.33220,5.15045,-0.07298,1,0,0.450
44.0620,775,BR,13,4.51503,-0.03483,0.30108,134,134,128,0.27998,4.58028,-0.04084,1,1,0.450
44.0700,776,FL,4,4.84027,0.24138,0.30176,134,70,53,0.29115,4.80547,0.25979,1,0,0.450
44.0700,776,BL,27,4.65408,0.22639,0.29979,134,108,97,0.27869,4.73004,0.21876,1,1,0.450
44.0700,776,FR,19,4.96855,-0.04363,0.30108,134,68,46,0.33225,5.19628,-0.07257,1,0,0.450
44.0720,776,BR,12,4.51452,-0.03526,0.30132,134,134,128,0.28021,4.57975,-0.04098,1,1,0.450
44.0800,776,FL,4,4.83893,0.24091,0.30247,134,70,53,0.29183,4.80308,0.25929,1,0,0.450
44.0800,776,BL,27,4.65313,0.22554,0.29968,134,108,97,0.27858,4.73189,0.21576,1,1,0.450
44.0800,776,FR,19,4.96724,-0.04357,0.30133,134,68,46,0.33245,5.15166,-0.07347,1,0,0.450
44.0800,776,BR,12,4.51198,-0.03484,0.30165,134,134,128,0.28054,4.57776,-0.04090,1,1,0.450
44.0920,776,FL,4,4.83944,0.24017,0.30377,134,70,53,0.29307,4.80378,0.25834,1,0,0.450
44.0920,776,BL,27,4.65331,0.22559,0.29978,134,108,97,0.27867,4.73345,0.21696,1,1,0.450
44.0920,776,FR,19,4.96742,-0.04359,0.30139,134,68,46,0.33250,5.15071,-0.07318,1,0,0.450
44.0920,776,BR,12,4.51292,-0.03531,0.30200,134,134,128,0.28089,4.57824,-0.04070,1,1,0.450
44.1020,777,FL,3,4.83933,0.23948,0.30457,134,70,53,0.29385,4.80341,0.25722,1,0,0.450
44.1020,777,BL,26,4.65319,0.22555,0.29978,134,108,97,0.27868,4.72954,0.21780,1,1,0.450
44.1020,777,FR,18,4.96725,-0.04389,0.30146,134,68,46,0.33256,5.19683,-0.07254,1,0,0.450
44.1020,777,BR,11,4.51260,-0.03587,0.30229,134,134,128,0.28118,4.57809,-0.04073,1,1,0.450
44.1100,777,FL,3,4.83736,0.23846,0.30569,133,69,52,0.29492,4.80039,0.25565,1,0,0.450
44.1100,777,BL,26,4.65187,0.22467,0.29965,134,108,97,0.27855,4.73142,0.21549,1,1,0.450
44.1100,777,FR,18,4.96540,-0.04411,0.30176,134,68,46,0.33282,5.15205,-0.07303,1,0,0.450
44.1100,777,BR,11,4.50935,-0.03605,0.30284,134,134,128,0.28173,4.57560,-0.04073,1,1,0.450
44.1220,778,FL,2,4.83882,0.23817,0.30643,132,68,52,0.29564,4.80252,0.25545,1,0,0.450
44.1220,778,BL,25,4.65300,0.22492,0.29976,134,108,97,0.27866,4.73010,0.21760,1,1,0.450
44.1220,778,FR,17,4.96654,-0.04397,0.30178,134,68,46,0.33283,5.15176,-0.07285,1,0,0.450
44.1220,778,BR,10,4.51143,-0.03607,0.30299,134,134,128,0.28188,4.57705,-0.04047,1,1,0.450
44.1300,778,FL,2,4.83798,0.23757,0.30671,132,68,52,0.29591,4.80098,0.25427,1,0,0.450
44.1300,778,BL,25,4.65240,0.22431,0.29972,134,108,97,0.27862,4.73365,0.21686,1,1,0.450
44.1300,778,FR,17,4.96564,-0.04391,0.30199,134,68,46,0.33301,5.15230,-0.07269,1,0,0.450
44.1300,778,BR,10,4.50984,-0.03577,0.30347,134,134,128,0.28235,4.57619,-0.03997,1,1,0.450
44.1400,778,FL,2,4.83772,0.23708,0.30730,132,68,52,0.29647,4.80096,0.25370,1,0,0.450
44.1420,778,BL,25,4.65264,0.22456,0.29970,134,108,97,0.27860,4.73434,0.21745,1,1,0.450
44.1420,778,FR,17,4.96564,-0.04406,0.30208,134,68,46,0.33309,5.15250,-0.07234,1,0,0.450
44.1420,778,BR,10,4.50976,-0.03625,0.30358,134,134,128,0.28246,4.57630,-0.03990,1,1,0.450
44.1500,778,FL,2,4.83841,0.23693,0.30757,132,68,52,0.29673,4.80236,0.25417,1,0,0.450
44.1500,778,BL,25,4.65379,0.22500,0.29970,134,108,97,0.27860,4.73550,0.21799,1,1,0.450
44.1500,778,FR,17,4.96670,-0.04374,0.30212,134,68,46,0.33312,5.15362,-0.07198,1,0,0.450
44.1500,778,BR,10,4.51071,-0.03587,0.30367,134,134,128,0.28255,4.57745,-0.03932,1,1,0.450
44.1600,779,FL,1,4.83764,0.23662,0.30772,132,68,52,0.29688,4.80191,0.25389,1,0,0.450
44.1620,779,BL,24,4.65369,0.22542,0.29970,134,108,97,0.27860,4.73153,0.21914,1,1,0.450
44.1620,779,FR,16,4.96645,-0.04356,0.30217,134,68,46,0.33316,5.15741,-0.07219,1,0,0.450
44.1620,779,BR,9,4.51017,-0.03594,0.30375,134,134,128,0.28264,4.57745,-0.03875,1,1,0.450
44.1700,779,FL,1,4.83819,0.23653,0.30772,132,68,52,0.29688,4.80258,0.25467,1,0,0.450
44.1700,779,BL,24,4.65500,0.22545,0.29965,134,108,97,0.27855,4.73707,0.21904,1,1,0.450
44.1700,779,FR,16,4.96731,-0.04285,0.30238,134,68,46,0.33334,5.15973,-0.07160,1,0,0.450
44.1700,779,BR,9,4.51055,-0.03459,0.30407,134,134,128,0.28296,4.57829,-0.03749,1,1,0.450
44.1800,779,FL,1,4.83724,0.23612,0.30815,132,68,52,0.29729,4.80163,0.25451,1,0,0.450
44.1800,779,BL,24,4.65514,0.22626,0.29961,134,108,97,0.27851,4.73758,0.22000,1,1,0.450
44.1800,779,FR,16,4.96711,-0.04257,0.30251,134,68,46,0.33345,5.15979,-0.07077,1,0,0.450
44.1800,779,BR,9,4.51001,-0.03471,0.30409,134,134,128,0.28297,4.57851,-0.03656,1,1,0.450
44.1900,780,FL,30,5.10827,0.23768,0.30002,134,68,48,0.30297,5.20750,0.24764,1,1,0.450
44.1900,780,BL,23,4.65705,0.22757,0.29959,134,108,97,0.27849,4.73561,0.22201,1,1,0.450
44.1900,780,FR,15,4.96875,-0.04161,0.30255,134,68,46,0.33348,5.16139,-0.06992,1,0,0.450
44.1900,780,BR,8,4.51167,-0.03345,0.30396,134,134,128,0.28285,4.58029,-0.03488,1,1,0.450
44.2100,780,FL,30,5.10948,0.23811,0.29999,134,68,48,0.30295,5.22217,0.24929,1,1,0.450
44.2100,780,BL,23,4.65808,0.22802,0.29957,134,108,97,0.27847,4.74419,0.22281,1,1,0.450
44.2100,780,FR,15,4.96925,-0.04075,0.30264,134,68,46,0.33356,5.16243,-0.06935,1,0,0.450
44.2100,780,BR,8,4.51171,-0.03190,0.30392,134,134,128,0.28280,4.58133,-0.03313,1,1,0.450
44.2200,781,FL,29,5.11061,0.23954,0.30003,134,68,48,0.30298,5.21857,0.25094,1,1,0.450
44.2200,781,BL,22,4.65898,0.23003,0.29954,134,108,97,0.27844,4.74105,0.22603,1,1,0.450
44.2200,781,FR,14,4.96888,-0.04045,0.30288,134,68,46,0.33375,5.16345,-0.06732,1,0,0.450
44.2200,781,BR,7,4.51043,-0.03253,0.30440,134,134,128,0.28329,4.58141,-0.03167,1,1,0.450
44.2300,781,FL,29,5.11218,0.23989,0.30001,134,68,48,0.30297,5.22965,0.25179,1,1,0.450
44.2300,781,BL,22,4.66009,0.23000,0.29947,134,108,97,0.27837,4.74842,0.22667,1,1,0.450
44.2300,781,FR,14,4.96865,-0.04081,0.30297,134,68,46,0.33383,5.16498,-0.06692,1,0,0.450
44.2320,781,BR,7,4.50967,-0.03259,0.30387,134,134,128,0.28275,4.58106,-0.03147,1,1,0.450
44.2400,781,FL,29,5.11272,0.24040,0.30004,134,68,48,0.30300,5.23010,0.25209,1,1,0.450
44.2400,781,BL,22,4.66049,0.23089,0.29941,134,108,97,0.27831,4.74921,0.22788,1,1,0.450
44.2400,781,FR,14,4.96843,-0.04079,0.30298,134,68,46,0.33384,5.16520,-0.06619,1,0,0.450
44.2400,781,BR,7,4.50941,-0.03270,0.30369,134,134,128,0.28258,4.58079,-0.03103,1,1,0.450
44.2500,782,FL,28,5.11243,0.24078,0.30004,134,68,48,0.30300,5.22492,0.25312,1,1,0.450
44.2500,782,BL,21,4.66018,0.23147,0.29941,134,108,97,0.27831,4.74405,0.22941,1,1,0.450
44.2500,782,FR,13,4.96793,-0.04060,0.30297,134,68,46,0.33383,5.16475,-0.06574,1,0,0.450
44.2500,782,BR,6,4.50887,-0.03254,0.30365,134,134,128,0.28253,4.58033,-0.03026,1,1,0.450
44.2600,782,FL,28,5.11344,0.24089,0.30000,134,68,48,0.30296,5.23366,0.25352,1,1,0.450
44.2600,782,BL,21,4.66075,0.23128,0.29937,134,108,97,0.27827,4.74988,0.22949,1,1,0.450
44.2600,782,FR,13,4.96770,-0.04076,0.30312,134,68,46,0.33396,5.16537,-0.06572,1,0,0.450
44.2600,782,BR,6,4.50871,-0.03227,0.30359,134,134,128,0.28248,4.58003,-0.02995,1,1,0.450
44.2700,782,FL,28,5.11286,0.24130,0.30003,134,68,48,0.30299,5.23298,0.25382,1,1,0.450
44.2700,782,BL,21,4.66015,0.23201,0.29936,134,108,97,0.27826,4.74941,0.23034,1,1,0.450
44.2700,782,FR,13,4.96706,-0.04044,0.30329,134,68,46,0.33410,5.16444,-0.06517,1,0,0.450
44.2700,782,BR,6,4.50837,-0.03207,0.30407,134,134,128,0.28296,4.57941,-0.02915,1,1,0.450
44.2800,783,FL,27,5.11273,0.24177,0.30003,134,68,48,0.30299,5.22778,0.25501,1,1,0.450
44.2800,783,BL,20,4.66001,0.23270,0.29939,134,108,97,0.27829,4.74413,0.23191,1,1,0.450
44.2800,783,FR,12,4.96682,-0.04007,0.30336,134,68,46,0.33416,5.16403,-0.06461,1,0,0.450
44.2800,783,BR,5,4.50829,-0.03170,0.30446,134,134,128,0.28334,4.57911,-0.02827,1,1,0.450
44.2900,783,FL,27,5.11268,0.24174,0.29996,134,68,48,0.30292,5.23459,0.25527,1,1,0.450
44.2900,783,BL,20,4.65956,0.23230,0.29937,134,108,97,0.27827,4.74840,0.23179,1,1,0.450
44.2900,783,FR,12,4.96610,-0.04020,0.30364,134,68,46,0.33440,5.16340,-0.06485,1,0,0.450
44.2900,783,BR,5,4.50799,-0.03125,0.30494,133,133,127,0.28382,4.57841,-0.02775,1,1,0.450
44.2980,783,FL,27,5.11229,0.24223,0.30000,134,68,48,0.30296,5.23411,0.25563,1,1,0.450
44.2980,783,BL,20,4.65919,0.23326,0.29937,134,108,97,0.27827,4.74804,0.23269,1,1,0.450
44.2980,783,FR,12,4.96578,-0.03960,0.30383,134,68,46,0.33456,5.16251,-0.06418,1,0,0.450
44.3000,783,BR,5,4.50806,-0.03063,0.30561,133,133,127,0.28449,4.57806,-0.02652,1,1,0.450
44.3120,784,FL,26,5.11190,0.24260,0.30000,134,68,48,0.30295,5.22849,0.25676,1,1,0.450
44.3120,784,BL,19,4.65885,0.23392,0.29942,134,108,97,0.27832,4.74228,0.23419,1,1,0.450
44.3120,784,FR,11,4.96558,-0.03907,0.30400,134,68,46,0.33470,5.16176,-0.06375,1,0,0.450
44.3120,784,BR,4,4.50807,-0.02992,0.30631,132,132,127,0.28518,4.57789,-0.02520,1,1,0.450
44.3220,784,FL,26,5.11131,0.24264,0.29990,134,68,48,0.30287,5.23430,0.25702,1,1,0.450
44.3220,784,BL,19,4.65789,0.23396,0.29942,134,108,97,0.27832,4.74567,0.23438,1,1,0.450
44.3220,784,FR,11,4.96450,-0.03895,0.30439,134,68,46,0.33503,5.16014,-0.06386,1,0,0.450
44.3220,784,BR,4,4.50771,-0.02895,0.30714,132,132,127,0.28601,4.57682,-0.02386,1,1,0.450
44.3320,785,FL,25,5.11010,0.24305,0.29994,134,68,48,0.30290,5.22766,0.25822,1,1,0.450
44.3320,785,BL,18,4.65675,0.23489,0.29942,134,108,97,0.27832,4.73909,0.23623,1,1,0.450
44.3340,785,FR,10,4.96354,-0.03851,0.30456,134,68,46,0.33517,5.15832,-0.06323,1,0,0.450
44.3340,785,BR,3,4.50730,-0.02853,0.30766,132,132,127,0.28653,4.57578,-0.02257,1,1,0.450
44.3420,785,FL,25,5.11036,0.24305,0.29982,134,68,48,0.30279,5.23412,0.25853,1,1,0.450
44.3440,785,BL,18,4.65651,0.23485,0.29938,134,108,97,0.27828,4.74328,0.23658,1,1,0.450
44.3440,785,FR,10,4.96284,-0.03859,0.30481,134,68,46,0.33538,5.15749,-0.06348,1,0,0.450
44.3440,785,BR,3,4.50734,-0.02767,0.30788,132,132,127,0.28675,4.57489,-0.02169,1,1,0.450
44.3540,785,FL,25,5.10891,0.24350,0.29987,134,68,48,0.30284,5.23260,0.25884,1,1,0.450
44.3540,785,BL,18,4.65514,0.23577,0.29937,134,108,97,0.27827,4.74185,0.23759,1,1,0.450
44.3540,785,FR,10,4.96170,-0.03831,0.30495,133,67,45,0.33550,5.15537,-0.06281,1,0,0.450
44.3540,785,BR,3,4.50698,-0.02749,0.30817,132,132,127,0.28704,4.57342,-0.02071,1,1,0.450
44.3640,786,FL,24,5.10782,0.24420,0.29988,134,68,48,0.30285,5.22613,0.26041,1,1,0.450
44.3640,786,BL,17,4.65403,0.23686,0.29940,134,108,97,0.27830,4.74064,0.23887,1,1,0.450
44.3640,786,FR,9,4.96056,-0.03798,0.30506,133,67,45,0.33559,5.15345,-0.06199,1,0,0.450
44.3640,786,BR,2,4.50696,-0.02717,0.30825,132,132,127,0.28712,4.57150,-0.01982,1,1,0.450
44.3740,786,FL,24,5.10653,0.24398,0.29974,134,68,48,0.30272,5.23094,0.26064,1,1,0.450
44.3740,786,BL,17,4.65232,0.23615,0.29931,134,108,97,0.27821,4.73766,0.23998,1,1,0.450
44.3740,786,FR,9,4.95930,-0.03858,0.30516,133,67,45,0.33568,5.15115,-0.06257,1,0,0.450
44.3740,786,BR,2,4.50667,-0.02725,0.30819,132,132,127,0.28706,4.57041,-0.01980,1,1,0.450
44.3860,786,FL,24,5.10518,0.24481,0.29980,134,68,48,0.30278,5.22941,0.26147,1,1,0.450
44.3860,786,BL,17,4.65113,0.23720,0.29930,134,108,97,0.27820,4.73616,0.24126,1,1,0.450
44.3860,786,FR,9,4.95845,-0.03829,0.30524,133,67,45,0.33575,5.19929,-0.06157,1,0,0.450
44.3860,786,BR,2,4.50698,-0.02722,0.30799,132,132,127,0.28686,4.56876,-0.01955,1,1,0.450
44.4000,787,FL,23,5.10312,0.24579,0.29982,134,68,48,0.30279,5.22130,0.26447,1,1,0.450
44.4000,787,BL,16,4.64967,0.23755,0.29899,134,108,97,0.27790,4.73368,0.24217,1,1,0.450
44.4000,787,FR,8,4.95805,-0.03831,0.30511,133,67,45,0.33564,5.19864,-0.06062,1,0,0.450
44.4020,787,BR,1,4.50692,-0.02750,0.30778,132,132,127,0.28666,4.56749,-0.01952,1,1,0.450
44.4420,788,FL,22,5.10115,0.24642,0.29972,134,68,48,0.30270,5.21522,0.27097,1,1,0.450
44.4420,788,BL,15,4.64754,0.23717,0.29886,134,108,97,0.27776,4.73048,0.24332,1,1,0.450
44.4420,788,FR,7,4.95707,-0.03879,0.30509,133,67,45,0.33561,5.19563,-0.06043,1,0,0.450
44.4420,788,BR,30,4.78249,-0.02877,0.29987,134,75,64,0.27966,4.80462,-0.03368,1,0,0.450
44.4660,789,FL,21,5.09288,0.24828,0.29954,134,68,48,0.30253,5.20610,0.27545,1,1,0.450
44.4660,789,BL,14,4.63976,0.23785,0.29890,134,108,97,0.27780,4.71991,0.24592,1,1,0.450
44.4660,789,FR,6,4.95333,-0.03846,0.30510,133,67,45,0.33563,5.18556,-0.05803,1,0,0.450
44.4660,789,BR,29,4.77388,-0.02557,0.29995,134,86,75,0.27885,4.84013,-0.02443,1,0,0.450
44.4760,789,FL,21,5.08847,0.24953,0.29961,134,68,48,0.30260,5.20467,0.27917,1,1,0.450
44.4760,789,BL,14,4.63649,0.23797,0.29887,134,108,97,0.27777,4.71419,0.24736,1,1,0.450
44.4760,789,FR,6,4.95217,-0.03871,0.30473,134,68,46,0.33532,5.18085,-0.05750,1,0,0.450
44.4760,789,BR,29,4.76952,-0.02365,0.29990,134,86,75,0.27879,4.83855,-0.02061,1,0,0.450
44.4860,790,FL,20,5.08704,0.24951,0.29964,134,68,48,0.30262,5.19917,0.27841,1,0,0.450
44.4860,790,BL,13,4.63522,0.23841,0.29897,134,108,97,0.27787,4.71231,0.24771,1,1,0.450
44.4860,790,FR,5,4.95145,-0.03835,0.30509,133,67,45,0.33562,5.17900,-0.05699,1,0,0.450
44.4860,790,BR,28,4.76803,-0.02345,0.29996,134,86,75,0.27886,4.83313,-0.02039,1,0,0.450
44.4960,790,FL,20,5.08642,0.24929,0.29955,134,68,48,0.30255,5.20315,0.27990,1,1,0.450
44.4960,790,BL,13,4.63452,0.23751,0.29895,134,108,97,0.27785,4.71064,0.24765,1,1,0.450
44.4960,790,FR,5,4.95126,-0.03864,0.30528,133,67,45,0.33578,5.17760,-0.05743,1,0,0.450
44.4960,790,BR,28,4.76684,-0.02253,0.29998,134,86,75,0.27888,4.83430,-0.01766,1,0,0.450
44.5060,790,FL,20,5.08501,0.24937,0.29965,134,68,48,0.30264,5.20182,0.27945,1,1,0.450
44.5060,790,BL,13,4.63306,0.23832,0.29920,134,108,97,0.27810,4.70943,0.24782,1,1,0.450
44.5060,790,FR,5,4.94983,-0.03803,0.30634,132,66,44,0.33667,5.17509,-0.05654,1,0,0.450
44.5060,790,BR,28,4.76548,-0.02240,0.30000,134,86,75,0.27889,4.83354,-0.01749,1,0,0.450
44.5180,791,FL,19,5.08386,0.24941,0.29971,134,68,48,0.30269,5.19676,0.27890,1,0,0.450
44.5180,791,BL,12,4.63184,0.23869,0.29945,134,108,97,0.27835,4.70820,0.24798,1,1,0.450
44.5180,791,FR,4,4.94887,-0.03774,0.30710,132,66,44,0.33732,5.17297,-0.05611,1,0,0.450
44.5180,791,BR,27,4.76421,-0.02225,0.30000,134,86,75,0.27890,4.82833,-0.01793,1,0,0.450
44.5300,791,FL,19,5.08310,0.24892,0.29966,134,68,48,0.30264,5.20084,0.27959,1,1,0.450
44.5300,791,BL,12,4.63071,0.23795,0.29960,134,108,97,0.27850,4.70667,0.24756,1,1,0.450
44.5300,791,FR,4,4.94793,-0.03762,0.30759,132,66,44,0.33773,5.17075,-0.05620,1,0,0.450
44.5300,791,BR,27,4.76282,-0.02154,0.30002,134,86,75,0.27892,4.82996,-0.01623,1,0,0.450
44.5400,791,FL,19,5.08196,0.24875,0.29977,134,68,48,0.30275,5.19973,0.27890,1,0,0.450
44.5400,791,BL,12,4.62957,0.23849,0.29982,134,119,108,0.27872,4.70567,0.24751,1,1,0.450
44.5400,791,FR,4,4.94703,-0.03709,0.30847,131,65,43,0.33847,5.16880,-0.05569,1,0,0.450
44.5400,791,BR,27,4.76170,-0.02166,0.30002,134,86,75,0.27892,4.82948,-0.01640,1,0,0.450
44.5520,792,FL,18,5.08128,0.24859,0.29984,134,68,48,0.30281,5.19517,0.27801,1,0,0.450
44.5520,792,BL,11,4.62876,0.23869,0.30009,134,119,108,0.27899,4.70499,0.24733,1,1,0.450
44.5520,792,FR,3,4.94639,-0.03681,0.30915,131,65,43,0.33905,5.16719,-0.05535,1,0,0.450
44.5520,792,BR,26,4.76095,-0.02177,0.30003,134,86,75,0.27893,4.82476,-0.01717,1,0,0.450
44.5620,792,FL,18,5.08002,0.24816,0.29984,134,68,48,0.30282,5.19901,0.27836,1,0,0.450
44.5620,792,BL,11,4.62663,0.23827,0.30047,134,119,108,0.27937,4.70339,0.24662,1,1,0.450
44.5620,792,FR,3,4.94412,-0.03613,0.31008,131,65,43,0.33984,5.16359,-0.05467,1,0,0.450
44.5620,792,BR,26,4.75921,-0.02123,0.30006,134,86,75,0.27895,4.82634,-0.01612,1,0,0.450
44.5720,793,FL,17,5.08011,0.24771,0.29993,134,68,48,0.30289,5.19894,0.27748,1,0,0.450
44.5720,793,BL,10,4.62704,0.23828,0.30058,134,119,108,0.27947,4.70345,0.24626,1,1,0.450
44.5720,793,FR,2,4.94464,-0.03598,0.31038,131,65,43,0.34010,5.16419,-0.05498,1,0,0.450
44.5740,793,BR,25,4.75933,-0.02168,0.30005,134,86,75,0.27895,4.82311,-0.01724,1,0,0.450
44.5880,793,FL,17,5.08123,0.24690,0.29982,134,68,48,0.30280,5.20054,0.27703,1,1,0.450
44.5880,793,BL,10,4.62796,0.23702,0.30053,134,119,108,0.27942,4.70385,0.24523,1,1,0.450
44.5880,793,FR,2,4.94558,-0.03598,0.30996,131,65,43,0.33974,5.16545,-0.05563,1,0,0.450
44.5880,793,BR,25,4.75983,-0.02151,0.30007,134,86,75,0.27897,4.82699,-0.01681,1,0,0.450
44.5980,793,FL,17,5.08081,0.24644,0.29998,134,68,48,0.30294,5.20021,0.27585,1,1,0.450
44.5980,793,BL,10,4.62725,0.23723,0.30082,134,119,108,0.27972,4.70389,0.24414,1,1,0.450
44.5980,793,FR,2,4.94441,-0.03499,0.31079,131,65,43,0.34044,5.16490,-0.05516,1,0,0.450
44.5980,793,BR,25,4.75963,-0.02241,0.30006,134,86,75,0.27896,4.82727,-0.01785,1,0,0.450
44.6080,794,FL,16,5.08137,0.24604,0.30002,134,68,48,0.30298,5.20479,0.27582,1,1,0.450
44.6080,794,BL,9,4.62781,0.23681,0.30097,134,119,108,0.27986,4.70450,0.24318,1,1,0.450
44.6080,794,FR,1,4.94463,-0.03471,0.31100,131,65,43,0.34062,5.16641,-0.05536,1,0,0.450
44.6080,794,BR,24,4.76029,-0.02312,0.30006,134,86,75,0.27896,4.82381,-0.01931,1,0,0.450
44.6180,794,FL,16,5.08261,0.24546,0.30002,134,68,48,0.30298,5.20667,0.27517,1,1,0.450
44.6180,794,BL,9,4.62843,0.23586,0.30103,134,119,108,0.27992,4.70552,0.24172,1,1,0.450
44.6180,794,FR,1,4.94453,-0.03433,0.31124,131,65,43,0.34083,5.16713,-0.05520,1,0,0.450
44.6200,794,BR,24,4.76128,-0.02324,0.30009,134,86,75,0.27899,4.82828,-0.01930,1,0,0.450
44.6280,794,FL,16,5.08446,0.24492,0.30013,134,68,48,0.30308,5.20816,0.27428,1,1,0.450
44.6280,794,BL,9,4.63050,0.23507,0.30121,134,108,97,0.28010,4.70767,0.24018,1,1,0.450
44.6280,794,FR,1,4.94548,-0.03418,0.31146,131,65,43,0.34101,5.17064,-0.05592,1,0,0.450
44.6280,794,BR,24,4.76353,-0.02457,0.30007,134,86,75,0.27897,4.83098,-0.02072,1,0,0.450
44.6400,795,FL,15,5.08589,0.24458,0.30022,134,68,48,0.30316,5.20941,0.27370,1,1,0.450
44.6400,795,BL,8,4.63191,0.23443,0.30116,134,108,97,0.28006,4.70941,0.23861,1,1,0.450
44.6400,795,FR,30,5.21418,-0.03461,0.29996,134,81,70,0.27886,5.31850,-0.04534,1,1,0.450
44.6400,795,BR,23,4.76533,-0.02575,0.30006,134,86,75,0.27896,4.82846,-0.02253,1,0,0.450
44.6600,795,FL,15,5.08825,0.24415,0.30001,134,68,48,0.30297,5.21124,0.27360,1,1,0.450
44.6600,795,BL,8,4.63422,0.23270,0.30096,134,108,97,0.27985,4.71162,0.23680,1,1,0.450
44.6600,795,FR,30,5.21624,-0.03455,0.29993,134,81,70,0.27883,5.33415,-0.04466,1,1,0.450
44.6600,795,BR,23,4.76749,-0.02623,0.30013,134,86,75,0.27902,4.83744,-0.02273,1,0,0.450
44.6680,796,FL,14,5.08868,0.24375,0.30031,134,68,48,0.30325,5.21395,0.27171,1,1,0.450
44.6680,796,BL,7,4.63228,0.23309,0.30201,134,108,97,0.28090,4.71356,0.23453,1,1,0.450
44.6680,796,FR,29,5.21893,-0.03562,0.29996,134,81,70,0.27886,5.33183,-0.04587,1,1,0.450
44.6680,796,BR,22,4.76995,-0.02863,0.30013,134,86,75,0.27903,4.83584,-0.02592,1,0,0.450
44.6800,796,FL,14,5.09002,0.24382,0.30025,134,68,48,0.30319,5.21663,0.27146,1,1,0.450
44.6800,796,BL,7,4.63227,0.23294,0.30169,134,108,97,0.28059,4.71485,0.23382,1,1,0.450
44.6800,796,FR,29,5.22073,-0.03572,0.29992,134,81,70,0.27882,5.34320,-0.04509,1,1,0.450
44.6800,796,BR,22,4.77167,-0.02855,0.30013,134,86,75,0.27902,4.84289,-0.02564,1,0,0.450
44.6880,796,FL,14,5.08944,0.24367,0.30044,134,68,48,0.30336,5.21676,0.27056,1,1,0.450
44.6880,796,BL,7,4.63119,0.23316,0.30199,134,108,97,0.28088,4.71465,0.23308,1,1,0.450
44.6880,796,FR,29,5.22108,-0.03622,0.29993,134,81,70,0.27883,5.34427,-0.04461,1,1,0.450
44.6880,796,BR,22,4.77184,-0.02945,0.30009,134,86,75,0.27899,4.84402,-0.02640,1,0,0.450
44.6980,797,FL,13,5.08974,0.24341,0.30037,134,68,48,0.30330,5.21718,0.27009,1,1,0.450
44.6980,797,BL,6,4.63137,0.23293,0.30172,134,108,97,0.28061,4.71507,0.23239,1,1,0.450
44.6980,797,FR,28,5.22162,-0.03665,0.29994,134,81,70,0.27883,5.33954,-0.04598,1,1,0.450
44.6980,797,BR,21,4.77236,-0.03004,0.30008,134,86,75,0.27898,4.83937,-0.02812,1,0,0.450
44.7080,797,FL,13,5.09130,0.24319,0.30030,134,68,48,0.30323,5.21925,0.26984,1,1,0.450
44.7080,797,BL,6,4.63233,0.23259,0.30150,134,108,97,0.28039,4.71637,0.23178,1,1,0.450
44.7080,797,FR,28,5.22294,-0.03693,0.29988,134,81,70,0.27878,5.34780,-0.04647,1,1,0.450
44.7080,797,BR,21,4.77370,-0.02997,0.30010,134,86,75,0.27900,4.84469,-0.02811,1,0,0.450
44.7180,797,FL,13,5.09139,0.24265,0.30055,134,68,48,0.30347,5.21948,0.26889,1,1,0.450
44.7180,797,BL,6,4.63246,0.23242,0.30216,134,108,97,0.28105,4.71669,0.23099,1,1,0.450
44.7180,797,FR,28,5.22341,-0.03759,0.29987,134,81,70,0.27877,5.34917,-0.04584,1,1,0.450
44.7180,797,BR,21,4.77404,-0.03081,0.30010,134,86,75,0.27899,4.84580,-0.02867,1,0,0.450
44.7300,798,FL,12,5.09095,0.24223,0.30074,134,68,48,0.30364,5.21910,0.26818,1,1,0.450
44.7300,798,BL,5,4.63192,0.23230,0.30279,134,108,97,0.28168,4.71631,0.23024,1,1,0.450
44.7300,798,FR,27,5.22298,-0.03822,0.29988,134,81,70,0.27878,5.34322,-0.04771,1,1,0.450
44.7300,798,BR,20,4.77360,-0.03140,0.30014,134,86,75,0.27904,4.83990,-0.03056,1,0,0.450
44.7400,798,FL,12,5.09147,0.24203,0.30086,134,68,48,0.30375,5.22010,0.26797,1,1,0.450
44.7400,798,BL,5,4.63191,0.23196,0.30329,134,108,97,0.28218,4.71648,0.22971,1,1,0.450
44.7400,798,FR,27,5.22325,-0.03843,0.29974,134,81,70,0.27864,5.35060,-0.04718,1,1,0.450
44.7400,798,BR,20,4.77381,-0.03115,0.30018,134,86,75,0.27908,4.84405,-0.03025,1,0,0.450
44.7560,799,FL,11,5.09176,0.24117,0.30110,134,68,48,0.30397,5.22043,0.26682,1,1,0.450
44.7560,799,BL,4,4.63236,0.23141,0.30384,134,108,97,0.28273,4.71678,0.22850,1,1,0.450
44.7560,799,FR,26,5.22383,-0.03944,0.29979,134,81,70,0.27869,5.34537,-0.04961,1,1,0.450
44.7560,799,BR,19,4.77433,-0.03228,0.30019,134,86,75,0.27909,4.83935,-0.03274,1,0,0.450
44.7720,799,FL,11,5.09152,0.24087,0.30136,134,68,48,0.30421,5.22045,0.26654,1,1,0.450
44.7720,799,BL,4,4.63173,0.23094,0.30469,134,108,97,0.28357,4.71623,0.22759,1,1,0.450
44.7720,799,FR,26,5.22330,-0.03964,0.29961,134,81,70,0.27851,5.35179,-0.04881,1,1,0.450
44.7720,799,BR,19,4.77368,-0.03214,0.30026,134,86,75,0.27916,4.84254,-0.03265,1,0,0.450
44.7840,800,FL,10,5.09114,0.23964,0.30178,134,68,48,0.30459,5.22012,0.26473,1,1,0.450
44.7840,800,BL,3,4.63171,0.23022,0.30557,133,107,96,0.28445,4.71545,0.22565,1,1,0.450
44.7840,800,FR,25,5.22332,-0.04126,0.29969,134,81,70,0.27859,5.34558,-0.05246,1,1,0.450
44.7840,800,BR,18,4.77365,-0.03394,0.30030,134,86,75,0.27920,4.83716,-0.03605,1,0,0.450
44.8000,800,FL,10,5.09125,0.23984,0.30188,134,68,48,0.30468,5.22042,0.26490,1,1,0.450
44.8000,800,BL,3,4.63158,0.23008,0.30569,133,107,96,0.28457,4.71510,0.22540,1,1,0.450
44.8000,800,FR,25,5.22308,-0.04139,0.29961,134,81,70,0.27851,5.35127,-0.05318,1,1,0.450
44.8000,800,BR,18,4.77333,-0.03348,0.30038,134,86,75,0.27928,4.84049,-0.03626,1,0,0.450
44.8100,800,FL,10,5.08939,0.23933,0.30225,134,68,48,0.30503,5.21819,0.26358,1,1,0.450
44.8100,800,BL,3,4.63042,0.23022,0.30629,132,107,96,0.28517,4.71294,0.22461,1,1,0.450
44.8100,800,FR,25,5.22142,-0.04220,0.29953,134,81,70,0.27843,5.35048,-0.05227,1,1,0.450
44.8100,800,BR,18,4.77150,-0.03456,0.30036,134,86,75,0.27926,4.83907,-0.03743,1,0,0.450
44.8200,801,FL,9,5.08999,0.23873,0.30235,134,68,48,0.30512,5.21848,0.26237,1,1,0.450
44.8200,801,BL,2,4.63136,0.23003,0.30626,132,107,96,0.28513,4.71315,0.22388,1,1,0.450
44.8200,801,FR,24,5.22173,-0.04354,0.29957,134,81,70,0.27847,5.34477,-0.05555,1,1,0.450
44.8200,801,BR,17,4.77187,-0.03558,0.30041,134,86,75,0.27931,4.83923,-0.03904,1,0,0.450
44.8320,801,FL,9,5.08967,0.23926,0.30260,134,68,48,0.30535,5.21808,0.26291,1,1,0.450
44.8320,801,BL,2,4.63104,0.23027,0.30639,132,107,96,0.28526,4.71263,0.22436,1,1,0.450
44.8320,801,FR,24,5.22093,-0.04347,0.29949,134,81,70,0.27839,5.34992,-0.05607,1,1,0.450
44.8320,801,BR,17,4.77096,-0.03471,0.30053,134,86,75,0.27943,4.83633,-0.04055,1,0,0.450
44.8440,802,FL,8,5.08995,0.23889,0.30268,134,68,48,0.30542,5.21787,0.26181,1,1,0.450
44.8440,802,BL,1,4.63175,0.23044,0.30618,132,107,96,0.28506,4.71287,0.22468,1,1,0.450
44.8440,802,FR,23,5.22076,-0.04428,0.29938,134,81,70,0.27828,5.34449,-0.05719,1,1,0.450
44.8440,802,BR,16,4.77074,-0.03538,0.30045,134,86,75,0.27935,4.83588,-0.04177,1,0,0.450
44.8680,802,FL,8,5.09020,0.23939,0.30288,134,68,48,0.30561,5.21744,0.26159,1,1,0.450
44.8700,802,BL,1,4.63193,0.23066,0.30611,132,107,96,0.28499,4.71281,0.22517,1,1,0.450
44.8700,802,FR,23,5.21967,-0.04556,0.29949,134,81,70,0.27839,5.34241,-0.06729,1,1,0.450
44.8700,802,BR,16,4.76998,-0.03483,0.30065,134,86,75,0.27954,4.83378,-0.04312,1,0,0.450
44.8880,803,FL,7,5.09000,0.23939,0.30284,134,68,48,0.30557,5.21607,0.26048,1,1,0.450
44.8880,803,BL,30,4.90224,0.22861,0.30001,134,68,48,0.30707,4.82899,0.23026,1,0,0.450
44.8880,803,FR,22,5.21805,-0.04619,0.29925,134,81,70,0.27815,5.33697,-0.06662,1,1,0.450
44.8880,803,BR,15,4.76830,-0.03471,0.30061,134,86,75,0.27950,4.83123,-0.04456,1,0,0.450
44.8960,803,FL,7,5.08948,0.23936,0.30351,134,68,48,0.30618,5.21505,0.25977,1,1,0.450
44.8980,803,BL,30,4.90101,0.22701,0.30006,134,68,48,0.30711,4.82560,0.21920,1,0,0.450
44.8980,803,FR,22,5.21647,-0.04753,0.29925,134,81,70,0.27815,5.33804,-0.07312,1,1,0.450
44.8980,803,BR,15,4.76698,-0.03429,0.30086,134,86,75,0.27976,4.82876,-0.04578,1,0,0.450
44.9080,804,FL,6,5.08964,0.23956,0.30315,134,68,48,0.30585,5.21509,0.25981,1,1,0.450
44.9080,804,BL,29,4.90099,0.22653,0.30011,134,68,48,0.30716,4.82069,0.21830,1,0,0.450
44.9080,804,FR,21,5.21665,-0.04721,0.29911,134,81,70,0.27801,5.33392,-0.07216,1,1,0.450
44.9080,804,BR,14,4.76711,-0.03425,0.30079,134,86,75,0.27968,4.82861,-0.04626,1,0,0.450
44.9180,804,FL,6,5.08867,0.24028,0.30297,134,68,48,0.30569,5.21375,0.26046,1,1,0.450
44.9180,804,BL,29,4.89950,0.22552,0.30014,134,68,48,0.30718,4.82043,0.21207,1,0,0.450
44.9180,804,FR,21,5.21553,-0.04698,0.29901,134,81,70,0.27791,5.33694,-0.07504,1,1,0.450
44.9180,804,BR,14,4.76600,-0.03315,0.30086,134,86,75,0.27976,4.82687,-0.04630,1,0,0.450
44.9280,804,FL,6,5.08745,0.24007,0.30312,134,68,48,0.30582,5.21233,0.26018,1,1,0.450
44.9280,804,BL,29,4.89839,0.22534,0.30015,134,68,48,0.30720,4.81950,0.21173,1,0,0.450
44.9280,804,FR,21,5.21447,-0.04683,0.29900,134,81,70,0.27791,5.33603,-0.07437,1,1,0.450
44.9280,804,BR,14,4.76488,-0.03354,0.30087,134,86,75,0.27977,4.82581,-0.04653,1,0,0.450
44.9380,805,FL,5,5.08740,0.23999,0.30348,134,68,48,0.30616,5.21194,0.25998,1,1,0.450
44.9380,805,BL,28,4.89823,0.22507,0.30016,134,68,48,0.30720,4.81504,0.21177,1,0,0.450
44.9380,805,FR,20,5.21434,-0.04709,0.29904,134,81,70,0.27794,5.33147,-0.07448,1,1,0.450
44.9380,805,BR,13,4.76478,-0.03386,0.30104,134,86,75,0.27994,4.82561,-0.04696,1,0,0.450
44.9500,805,FL,5,5.08757,0.24033,0.30385,134,68,48,0.30650,5.21180,0.26055,1,1,0.450
44.9500,805,BL,28,4.89799,0.22420,0.30020,134,68,48,0.30724,4.81736,0.20795,1,0,0.450
44.9500,805,FR,20,5.21456,-0.04650,0.29891,134,81,70,0.27782,5.33636,-0.07602,1,1,0.450
44.9500,805,BR,13,4.76487,-0.03266,0.30125,134,86,75,0.28014,4.82520,-0.04660,1,0,0.450
44.9620,806,FL,4,5.08683,0.23928,0.30495,133,67,48,0.30751,5.21062,0.25925,1,1,0.450
44.9620,806,BL,27,4.89749,0.22415,0.30021,134,68,48,0.30725,4.81304,0.20847,1,0,0.450
44.9620,806,FR,19,5.21389,-0.04677,0.29903,134,81,70,0.27794,5.33144,-0.07533,1,1,0.450
44.9620,806,BR,12,4.76409,-0.03362,0.30148,134,86,75,0.28037,4.82477,-0.04666,1,0,0.450
44.9740,806,FL,4,5.08644,0.23865,0.30630,132,66,47,0.30875,5.20970,0.25839,1,1,0.450
44.9740,806,BL,27,4.89688,0.22325,0.30026,134,68,48,0.30729,4.81573,0.20618,1,0,0.450
44.9740,806,FR,19,5.21365,-0.04656,0.29895,134,81,70,0.27785,5.33608,-0.07643,1,1,0.450
44.9740,806,BR,12,4.76358,-0.03318,0.30201,134,86,75,0.28091,4.82396,-0.04623,1,0,0.450
44.9840,806,FL,4,5.08528,0.23729,0.30762,132,66,47,0.30997,5.20820,0.25658,1,1,0.450
44.9840,806,BL,27,4.89608,0.22320,0.30026,134,68,48,0.30729,4.81563,0.20672,1,0,0.450
44.9840,806,FR,19,5.21256,-0.04711,0.29911,134,81,70,0.27801,5.33519,-0.07625,1,1,0.450
44.9840,806,BR,12,4.76235,-0.03434,0.30229,134,86,75,0.28118,4.82313,-0.04636,1,0,0.450
44.9940,807,FL,3,5.08582,0.23646,0.30897,131,66,47,0.31121,5.20861,0.25538,1,1,0.450
44.9940,807,BL,26,4.89660,0.22306,0.30027,134,68,48,0.30730,4.81175,0.20730,1,0,0.450
44.9940,807,FR,18,5.21299,-0.04752,0.29918,134,81,70,0.27808,5.33132,-0.07592,1,1,0.450
44.9940,807,BR,11,4.76272,-0.03488,0.30264,134,86,75,0.28153,4.82342,-0.04651,1,0,0.450
45.0080,807,FL,3,5.08542,0.23587,0.30986,131,66,47,0.31203,5.20784,0.25426,1,1,0.450
45.0080,807,BL,26,4.89646,0.22223,0.30032,134,68,48,0.30734,4.81513,0.20573,1,0,0.450
45.0080,807,FR,18,5.21314,-0.04736,0.29907,134,81,70,0.27797,5.33644,-0.07678,1,1,0.450
45.0080,807,BR,11,4.76239,-0.03454,0.30311,134,86,75,0.28200,4.82331,-0.04605,1,0,0.450
45.0180,807,FL,3,5.08405,0.23488,0.31080,131,66,47,0.31290,5.20629,0.25283,1,1,0.450
45.0180,807,BL,26,4.89602,0.22233,0.30030,134,68,48,0.30732,4.81548,0.20657,1,0,0.450
45.0180,807,FR,18,5.21233,-0.04782,0.29923,134,81,70,0.27813,5.33599,-0.07652,1,1,0.450
45.0180,807,BR,11,4.76126,-0.03556,0.30324,134,86,75,0.28213,4.82297,-0.04612,1,0,0.450
45.0280,808,FL,2,5.08484,0.23486,0.31107,131,66,47,0.31315,5.20763,0.25326,1,1,0.450
45.0280,808,BL,25,4.89698,0.22253,0.30030,134,68,48,0.30732,4.81205,0.20751,1,0,0.450
45.0280,808,FR,17,5.21328,-0.04766,0.29924,134,81,70,0.27814,5.33697,-0.07639,1,1,0.450
45.0280,808,BR,10,4.76222,-0.03527,0.30337,134,86,75,0.28226,4.82386,-0.04593,1,0,0.450
45.0380,808,FL,2,5.08466,0.23455,0.31088,131,66,47,0.31297,5.20774,0.25326,1,1,0.450
45.0380,808,BL,25,4.89735,0.22212,0.30031,134,68,48,0.30734,4.81627,0.20685,1,0,0.450
45.0380,808,FR,17,5.21384,-0.04712,0.29912,134,81,70,0.27802,5.33807,-0.07633,1,1,0.450
45.0380,808,BR,10,4.76227,-0.03442,0.30351,134,86,75,0.28239,4.82442,-0.04499,1,0,0.450
45.0500,808,FL,2,5.08466,0.23423,0.31076,131,66,47,0.31286,5.20882,0.25372,1,1,0.450
45.0500,808,BL,25,4.89807,0.22273,0.30027,134,68,48,0.30730,4.81750,0.20778,1,0,0.450
45.0500,808,FR,17,5.21440,-0.04685,0.29920,134,81,70,0.27810,5.33856,-0.07578,1,1,0.450
45.0500,808,BR,10,4.76278,-0.03427,0.30346,134,86,75,0.28235,4.82538,-0.04437,1,0,0.450
45.0600,809,FL,1,5.08398,0.23377,0.31058,131,66,47,0.31270,5.20926,0.25376,1,1,0.450
45.0600,809,BL,24,4.89847,0.22342,0.30026,134,68,48,0.30729,4.81338,0.20908,1,0,0.450
45.0600,809,FR,16,5.21465,-0.04641,0.29922,134,81,70,0.27812,5.34346,-0.07563,1,1,0.450
45.0600,809,BR,9,4.76265,-0.03401,0.30344,134,86,75,0.28232,4.82594,-0.04337,1,0,0.450
45.0900,810,FL,30,5.35021,0.22810,0.29998,134,114,103,0.27888,5.46022,0.24630,1,1,0.450
45.0900,810,BL,23,4.90049,0.22371,0.30026,134,68,48,0.30729,4.81500,0.21020,1,0,0.450
45.0900,810,FR,15,5.21666,-0.04545,0.29916,134,81,70,0.27806,5.34587,-0.07505,1,1,0.450
45.0900,810,BR,8,4.76429,-0.03238,0.30359,134,86,75,0.28247,4.82808,-0.04143,1,0,0.450
45.1120,811,FL,29,5.35470,0.23001,0.30002,134,114,103,0.27892,5.46819,0.24860,1,1,0.450
45.1120,811,BL,22,4.90498,0.22663,0.30026,134,68,48,0.30729,4.82004,0.21359,1,0,0.450
45.1120,811,FR,14,5.22081,-0.04284,0.29938,134,81,70,0.27828,5.34978,-0.07275,1,1,0.450
45.1120,811,BR,7,4.76788,-0.02902,0.30407,134,86,75,0.28295,4.83340,-0.03616,1,0,0.450
45.1220,811,FL,29,5.35943,0.23185,0.30006,134,114,103,0.27896,5.47971,0.25028,1,1,0.450
45.1220,811,BL,22,4.90942,0.22874,0.30024,134,68,48,0.30727,4.82960,0.21634,1,0,0.450
45.1220,811,FR,14,5.22351,-0.04208,0.29923,134,81,70,0.27813,5.35556,-0.07017,1,1,0.450
45.1220,811,BR,7,4.76761,-0.02904,0.30365,134,86,75,0.28254,4.83719,-0.03353,1,0,0.450
45.1320,811,FL,29,5.36002,0.23257,0.30006,134,114,103,0.27896,5.48024,0.25056,1,1,0.450
45.1320,811,BL,22,4.90986,0.22962,0.30021,134,68,48,0.30724,4.83080,0.21794,1,0,0.450
45.1320,811,FR,14,5.22325,-0.04207,0.29939,134,81,70,0.27829,5.35599,-0.06944,1,1,0.450
45.1320,811,BR,7,4.76702,-0.02913,0.30392,134,86,75,0.28280,4.83731,-0.03268,1,0,0.450
45.1460,812,FL,28,5.36184,0.23328,0.30007,134,114,103,0.27896,5.47720,0.25184,1,1,0.450
45.1460,812,BL,21,4.91161,0.23057,0.30019,134,68,48,0.30723,4.82788,0.21992,1,0,0.450
45.1460,812,FR,13,5.22431,-0.04190,0.29931,134,81,70,0.27821,5.35792,-0.06851,1,1,0.450
45.1460,812,BR,6,4.76740,-0.02913,0.30369,134,86,75,0.28258,4.83844,-0.03195,1,0,0.450
45.1580,812,FL,28,5.36334,0.23379,0.30009,134,114,103,0.27899,5.48486,0.25285,1,1,0.450
45.1580,812,BL,21,4.91300,0.23098,0.30017,134,68,48,0.30721,4.83360,0.22066,1,0,0.450
45.1580,812,FR,13,5.22516,-0.04166,0.29894,134,81,70,0.27784,5.35990,-0.06788,1,1,0.450
45.1580,812,BR,6,4.76746,-0.02872,0.30299,134,86,75,0.28188,4.83935,-0.03081,1,0,0.450
45.1700,812,FL,28,5.36345,0.23438,0.30010,134,114,103,0.27900,5.48496,0.25313,1,1,0.450
45.1700,812,BL,21,4.91304,0.23181,0.30017,134,68,48,0.30721,4.83404,0.22184,1,0,0.450
45.1700,812,FR,13,5.22487,-0.04142,0.29923,134,81,70,0.27813,5.35973,-0.06724,1,1,0.450
45.1700,812,BR,6,4.76714,-0.02860,0.30357,134,86,75,0.28246,4.83934,-0.02993,1,0,0.450
45.1800,813,FL,27,5.36435,0.23528,0.30011,134,114,103,0.27900,5.48092,0.25460,1,1,0.450
45.1820,813,BL,20,4.91392,0.23305,0.30021,134,68,48,0.30725,4.82996,0.22390,1,0,0.450
45.1820,813,FR,12,5.22541,-0.04070,0.29939,134,81,70,0.27829,5.36051,-0.06618,1,1,0.450
45.1820,813,BR,5,4.76738,-0.02802,0.30424,134,86,75,0.28313,4.84013,-0.02843,1,0,0.450
45.1900,813,FL,27,5.36536,0.23551,0.30013,134,114,103,0.27902,5.48789,0.25555,1,1,0.450
45.1900,813,BL,20,4.91483,0.23292,0.30024,134,68,48,0.30728,4.83494,0.22413,1,0,0.450
45.1900,813,FR,12,5.22625,-0.04058,0.29930,134,81,70,0.27820,5.36190,-0.06604,1,1,0.450
45.1900,813,BR,5,4.76795,-0.02751,0.30446,134,86,75,0.28334,4.84083,-0.02770,1,0,0.450
45.2000,813,FL,27,5.36572,0.23624,0.30014,134,114,103,0.27904,5.48824,0.25596,1,1,0.450
45.2000,813,BL,20,4.91517,0.23400,0.30027,134,68,48,0.30730,4.83556,0.22532,1,0,0.450
45.2000,813,FR,12,5.22641,-0.03993,0.29969,134,81,70,0.27859,5.36188,-0.06523,1,1,0.450
45.2000,813,BR,5,4.76823,-0.02689,0.30536,133,85,74,0.28424,4.84128,-0.02633,1,0,0.450
45.2140,814,FL,26,5.36593,0.23689,0.30014,134,114,103,0.27904,5.48344,0.25723,1,1,0.450
45.2140,814,BL,19,4.91539,0.23496,0.30033,134,68,48,0.30736,4.83065,0.22700,1,0,0.450
45.2140,814,FR,11,5.22662,-0.03917,0.29991,134,81,70,0.27881,5.36185,-0.06445,1,1,0.450
45.2140,814,BR,4,4.76841,-0.02612,0.30613,132,85,74,0.28501,4.84174,-0.02474,1,0,0.450
45.2220,814,FL,26,5.36585,0.23709,0.30016,134,114,103,0.27906,5.48921,0.25823,1,1,0.450
45.2220,814,BL,19,4.91524,0.23487,0.30041,134,68,48,0.30743,4.83438,0.22723,1,0,0.450
45.2220,814,FR,11,5.22661,-0.03905,0.30002,134,81,70,0.27892,5.36194,-0.06430,1,1,0.450
45.2220,814,BR,4,4.76838,-0.02555,0.30679,132,85,74,0.28566,4.84157,-0.02379,1,0,0.450
45.2340,815,FL,25,5.36580,0.23784,0.30018,134,114,103,0.27907,5.48410,0.25944,1,1,0.450
45.2340,815,BL,18,4.91516,0.23599,0.30042,134,68,48,0.30744,4.82944,0.22925,1,0,0.450
45.2340,815,FR,10,5.22635,-0.03848,0.30037,134,81,70,0.27927,5.36144,-0.06343,1,1,0.450
45.2340,815,BR,3,4.76837,-0.02507,0.30750,132,85,74,0.28638,4.84135,-0.02250,1,0,0.450
45.2460,815,FL,25,5.36537,0.23804,0.30019,134,114,103,0.27909,5.48942,0.26049,1,1,0.450
45.2460,815,BL,18,4.91466,0.23580,0.30049,134,68,48,0.30750,4.83272,0.22960,1,0,0.450
45.2460,815,FR,10,5.22614,-0.03852,0.30037,134,81,70,0.27927,5.36106,-0.06338,1,1,0.450
45.2460,815,BR,3,4.76830,-0.02463,0.30778,132,85,74,0.28665,4.84101,-0.02168,1,0,0.450
45.2560,815,FL,25,5.36492,0.23894,0.30022,134,114,103,0.27911,5.48900,0.26111,1,1,0.450
45.2560,815,BL,18,4.91419,0.23704,0.30051,134,68,48,0.30752,4.83244,0.23110,1,0,0.450
45.2560,815,FR,10,5.22550,-0.03809,0.30078,134,81,70,0.27967,5.36006,-0.06235,1,1,0.450
45.2560,815,BR,3,4.76824,-0.02435,0.30835,132,85,74,0.28723,4.84002,-0.02065,1,0,0.450
45.2660,816,FL,24,5.36435,0.23965,0.30022,134,114,103,0.27912,5.48334,0.26257,1,1,0.450
45.2660,816,BL,17,4.91365,0.23780,0.30055,134,68,48,0.30756,4.83172,0.23223,1,0,0.450
45.2660,816,FR,9,5.22509,-0.03783,0.30090,134,81,70,0.27980,5.35923,-0.06160,1,1,0.450
45.2660,816,BR,2,4.76824,-0.02424,0.30854,131,84,73,0.28741,4.83932,-0.01996,1,0,0.450
45.2780,816,FL,24,5.36309,0.23962,0.30023,134,114,103,0.27913,5.48768,0.26335,1,1,0.450
45.2780,816,BL,17,4.91238,0.23708,0.30063,134,68,48,0.30762,4.82916,0.23324,1,0,0.450
45.2780,816,FR,9,5.22448,-0.03844,0.30098,134,81,70,0.27987,5.35794,-0.06204,1,1,0.450
45.2780,816,BR,2,4.76802,-0.02435,0.30865,131,84,73,0.28752,4.83876,-0.02008,1,0,0.450
45.2860,816,FL,24,5.36165,0.24043,0.30027,134,114,103,0.27916,5.48628,0.26418,1,1,0.450
45.2860,816,BL,17,4.91106,0.23790,0.30065,134,68,48,0.30765,4.82745,0.23437,1,0,0.450
45.2860,816,FR,9,5.22369,-0.03828,0.30129,134,81,70,0.28018,5.35621,-0.06114,1,1,0.450
45.2860,816,BR,2,4.76792,-0.02450,0.30898,131,84,73,0.28785,4.83782,-0.01983,1,0,0.450
45.2960,817,FL,23,5.36127,0.24117,0.30027,134,114,103,0.27917,5.48075,0.26585,1,1,0.450
45.2960,817,BL,16,4.91075,0.23839,0.30067,134,68,48,0.30766,4.82681,0.23540,1,0,0.450
45.2960,817,FR,8,5.22367,-0.03824,0.30124,134,81,70,0.28014,5.35574,-0.06053,1,1,0.450
45.2960,817,BR,1,4.76838,-0.02451,0.30875,131,84,73,0.28762,4.83738,-0.01998,1,0,0.450
45.3160,817,FL,23,5.36031,0.24155,0.30032,134,114,103,0.27921,5.48006,0.27094,1,1,0.450
45.3160,817,BL,16,4.90991,0.23762,0.30074,134,68,48,0.30773,4.82517,0.23615,1,0,0.450
45.3160,817,FR,8,5.22373,-0.03887,0.30114,134,81,70,0.28004,5.35481,-0.06077,1,1,0.450
45.3180,817,BR,1,4.76895,-0.02452,0.30852,131,84,73,0.28739,4.83744,-0.02066,1,0,0.450
45.3260,818,FL,22,5.35786,0.24287,0.30026,134,114,103,0.27915,5.47369,0.27223,1,1,0.450
45.3260,818,BL,15,4.90780,0.23822,0.30073,134,68,48,0.30771,4.82208,0.23784,1,0,0.450
45.3260,818,FR,7,5.22328,-0.03890,0.30099,134,81,70,0.27988,5.35225,-0.05955,1,1,0.450
45.3260,818,BR,30,5.04037,-0.02714,0.29986,134,68,46,0.32589,5.17114,-0.03062,1,0,0.450
45.3360,818,FL,22,5.35622,0.24305,0.30029,134,114,103,0.27918,5.47519,0.27566,1,1,0.450
45.3360,818,BL,15,4.90654,0.23685,0.30074,134,68,48,0.30772,4.81939,0.23836,1,0,0.450
45.3360,818,FR,7,5.22334,-0.03994,0.30041,134,81,70,0.27931,5.35119,-0.06029,1,1,0.450
45.3360,818,BR,30,5.03892,-0.02612,0.29982,134,68,46,0.32586,5.16823,-0.02461,1,0,0.450
45.3460,818,FL,22,5.35495,0.24351,0.30029,134,114,103,0.27918,5.47407,0.27587,1,1,0.450
45.3460,818,BL,15,4.90548,0.23744,0.30078,134,68,48,0.30776,4.81785,0.23886,1,0,0.450
45.3460,818,FR,7,5.22281,-0.03954,0.30090,134,81,70,0.27980,5.34978,-0.05958,1,1,0.450
45.3460,818,BR,30,5.03767,-0.02560,0.29985,134,68,46,0.32588,5.16750,-0.02414,1,0,0.450
45.3560,819,FL,21,5.35335,0.24392,0.30030,134,114,103,0.27920,5.46853,0.27623,1,1,0.450
45.3560,819,BL,14,4.90401,0.23781,0.30090,134,68,48,0.30787,4.81593,0.23941,1,0,0.450
45.3560,819,FR,6,5.22182,-0.03942,0.30110,134,81,70,0.28000,5.34797,-0.05913,1,1,0.450
45.3560,819,BR,29,5.03606,-0.02519,0.29985,134,68,46,0.32588,5.16195,-0.02384,1,0,0.450
45.3660,819,FL,21,5.35235,0.24370,0.30033,134,114,103,0.27922,5.47180,0.27807,1,1,0.450
45.3660,819,BL,14,4.90331,0.23680,0.30101,134,68,48,0.30797,4.81407,0.23964,1,0,0.450
45.3660,819,FR,6,5.22190,-0.04008,0.30075,134,81,70,0.27964,5.34702,-0.05984,1,1,0.450
45.3660,819,BR,29,5.03494,-0.02418,0.29982,134,68,46,0.32586,5.16240,-0.02007,1,0,0.450
45.3760,819,FL,21,5.35091,0.24385,0.30034,134,114,103,0.27924,5.47054,0.27803,1,1,0.450
45.3780,819,BL,14,4.90187,0.23722,0.30098,134,68,48,0.30795,4.81258,0.23997,1,0,0.450
45.3780,819,FR,6,5.22066,-0.03986,0.30087,134,81,70,0.27977,5.34520,-0.05943,1,1,0.450
45.3780,819,BR,29,5.03346,-0.02391,0.29982,134,68,46,0.32586,5.16132,-0.01979,1,0,0.450
45.3880,820,FL,20,5.35036,0.24412,0.30036,134,114,103,0.27926,5.46625,0.27803,1,1,0.450
45.3880,820,BL,13,4.90145,0.23751,0.30111,134,68,48,0.30806,4.81171,0.24047,1,0,0.450
45.3880,820,FR,5,5.22063,-0.03979,0.30111,134,81,70,0.28000,5.34451,-0.05920,1,1,0.450
45.3880,820,BR,28,5.03285,-0.02353,0.29982,134,68,46,0.32586,5.15695,-0.01976,1,0,0.450
45.3980,820,FL,20,5.34820,0.24373,0.30044,134,114,103,0.27933,5.46895,0.27908,1,1,0.450
45.3980,820,BL,13,4.89919,0.23661,0.30139,134,68,48,0.30832,4.80912,0.24025,1,0,0.450
45.3980,820,FR,5,5.21875,-0.03990,0.30146,134,81,70,0.28035,5.34175,-0.05944,1,1,0.450
45.3980,820,BR,28,5.03064,-0.02277,0.29979,134,68,46,0.32584,5.15776,-0.01737,1,0,0.450
45.4120,821,FL,19,5.34831,0.24388,0.30050,134,114,103,0.27940,5.46554,0.27858,1,1,0.450
45.4120,821,BL,12,4.89935,0.23713,0.30153,134,68,48,0.30844,4.80902,0.24057,1,0,0.450
45.4120,821,FR,4,5.21918,-0.03954,0.30212,134,81,70,0.28101,5.34163,-0.05897,1,1,0.450
45.4120,821,BR,27,5.03073,-0.02256,0.29979,134,68,46,0.32584,5.15451,-0.01760,1,0,0.450
45.4260,821,FL,19,5.34722,0.24352,0.30060,134,114,103,0.27950,5.46944,0.27925,1,1,0.450
45.4280,821,BL,12,4.89814,0.23644,0.30195,134,68,48,0.30882,4.80756,0.24031,1,0,0.450
45.4280,821,FR,4,5.21850,-0.03928,0.30274,134,81,70,0.28163,5.33985,-0.05878,1,1,0.450
45.4280,821,BR,27,5.02959,-0.02181,0.29977,134,68,46,0.35448,5.15708,-0.01595,1,0,0.450
45.4380,821,FL,19,5.34652,0.24374,0.30073,134,114,103,0.27963,5.46907,0.27894,1,1,0.450
45.4380,821,BL,12,4.89716,0.23729,0.30224,134,68,48,0.30909,4.80696,0.24038,1,0,0.450
45.4380,821,FR,4,5.21758,-0.03831,0.30403,134,81,70,0.28291,5.33836,-0.05759,1,1,0.450
45.4380,821,BR,27,5.02895,-0.02175,0.29976,134,68,46,0.35447,5.15679,-0.01601,1,0,0.450
45.4480,822,FL,18,5.34562,0.24392,0.30080,134,114,103,0.27969,5.46467,0.27835,1,1,0.450
45.4480,822,BL,11,4.89606,0.23775,0.30253,134,68,48,0.30934,4.80599,0.24045,1,0,0.450
45.4480,822,FR,3,5.21662,-0.03767,0.30487,133,81,70,0.28376,5.33696,-0.05668,1,1,0.450
45.4480,822,BR,26,5.02811,-0.02169,0.29977,134,68,46,0.35448,5.15226,-0.01661,1,0,0.450
45.4560,822,FL,18,5.34513,0.24355,0.30092,134,114,103,0.27982,5.46928,0.27864,1,1,0.450
45.4580,822,BL,11,4.89534,0.23718,0.30302,134,68,48,0.30979,4.80521,0.23998,1,0,0.450
45.4580,822,FR,3,5.21629,-0.03711,0.30553,133,81,70,0.28441,5.33611,-0.05616,1,1,0.450
45.4580,822,BR,26,5.02770,-0.02116,0.29975,134,68,46,0.35446,5.15596,-0.01563,1,0,0.450
45.4660,822,FL,18,5.34507,0.24365,0.30100,134,114,103,0.27989,5.46938,0.27831,1,1,0.450
45.4660,822,BL,11,4.89513,0.23764,0.30310,134,68,48,0.30986,4.80528,0.23996,1,0,0.450
45.4660,822,FR,3,5.21604,-0.03658,0.30610,132,80,69,0.28498,5.33580,-0.05551,1,1,0.450
45.4660,822,BR,26,5.02771,-0.02129,0.29973,134,68,46,0.35445,5.15628,-0.01591,1,0,0.450
45.4760,823,FL,17,5.34595,0.24351,0.30103,134,114,103,0.27993,5.47025,0.27800,1,1,0.450
45.4760,823,BL,10,4.89602,0.23761,0.30324,134,68,48,0.30999,4.80612,0.23965,1,0,0.450
45.4760,823,FR,2,5.21688,-0.03626,0.30650,132,80,69,0.28538,5.33711,-0.05530,1,1,0.450
45.4760,823,BR,25,5.02859,-0.02153,0.29973,134,68,46,0.35445,5.15340,-0.01678,1,0,0.450
45.4860,823,FL,17,5.34607,0.24302,0.30113,134,114,103,0.28002,5.47166,0.27757,1,1,0.450
45.4860,823,BL,10,4.89578,0.23688,0.30361,134,68,48,0.31033,4.80625,0.23892,1,0,0.450
45.4860,823,FR,2,5.21675,-0.03587,0.30656,132,80,69,0.28543,5.33698,-0.05498,1,1,0.450
45.4860,823,BR,25,5.02878,-0.02121,0.29970,134,68,46,0.35443,5.15773,-0.01618,1,0,0.450
45.4960,823,FL,17,5.34577,0.24301,0.30121,134,114,103,0.28010,5.47153,0.27697,1,1,0.450
45.4960,823,BL,10,4.89514,0.23735,0.30368,134,68,48,0.31039,4.80636,0.23859,1,0,0.450
45.4960,823,FR,2,5.21571,-0.03517,0.30696,132,80,69,0.28584,5.33626,-0.05427,1,1,0.450
45.4960,823,BR,25,5.02865,-0.02159,0.29968,134,68,46,0.35441,5.15798,-0.01675,1,0,0.450
45.5060,824,FL,16,5.34646,0.24274,0.30124,134,114,103,0.28013,5.47617,0.27699,1,1,0.450
45.5060,824,BL,9,4.89563,0.23714,0.30376,134,68,48,0.31046,4.80716,0.23795,1,0,0.450
45.5060,824,FR,1,5.21578,-0.03489,0.30712,132,80,69,0.28599,5.33732,-0.05432,1,1,0.450
45.5060,824,BR,24,5.02947,-0.02211,0.29968,134,68,46,0.35441,5.15500,-0.01795,1,0,0.450
45.5160,824,FL,16,5.34790,0.24191,0.30133,134,114,103,0.28022,5.47892,0.27622,1,1,0.450
45.5160,824,BL,9,4.89669,0.23590,0.30397,134,68,48,0.31065,4.80871,0.23665,1,0,0.450
45.5160,824,FR,1,5.21659,-0.03482,0.30696,132,80,69,0.28584,5.33901,-0.05479,1,1,0.450
45.5160,824,BR,24,5.03110,-0.02227,0.29963,134,68,46,0.32569,5.16078,-0.01793,1,0,0.450
45.5260,824,FL,16,5.34806,0.24164,0.30144,134,114,103,0.28034,5.47927,0.27534,1,1,0.450
45.5260,824,BL,9,4.89633,0.23608,0.30390,134,68,48,0.31059,4.80957,0.23576,1,0,0.450
45.5260,824,FR,1,5.21547,-0.03424,0.30740,132,80,69,0.28627,5.33795,-0.05443,1,1,0.450
45.5260,824,BR,24,5.03151,-0.02305,0.29958,134,68,46,0.32566,5.16154,-0.01882,1,0,0.450
45.5340,825,FL,15,5.34923,0.24106,0.30151,134,114,103,0.28040,5.48070,0.27453,1,1,0.450
45.5340,825,BL,8,4.89718,0.23550,0.30374,134,68,48,0.31044,4.81103,0.23448,1,0,0.450
45.5340,825,FR,30,5.48468,-0.03716,0.30008,134,134,134,0.27898,5.58626,-0.04714,1,1,0.450
45.5360,825,BR,23,5.03302,-0.02406,0.29956,134,68,46,0.32563,5.15921,-0.02048,1,0,0.450
45.5540,825,FL,15,5.35026,0.24027,0.30159,134,114,103,0.28049,5.48210,0.27402,1,1,0.450
45.5540,825,BL,8,4.89815,0.23413,0.30369,134,68,48,0.31041,4.81234,0.23305,1,0,0.450
45.5540,825,FR,30,5.48602,-0.03744,0.30009,134,134,134,0.27899,5.59963,-0.04826,1,1,0.450
45.5540,825,BR,23,5.03420,-0.02434,0.29953,134,68,46,0.32562,5.16718,-0.02084,1,0,0.450
45.5640,826,FL,14,5.35213,0.23935,0.30166,134,114,103,0.28055,5.48542,0.27159,1,1,0.450
45.5660,826,BL,7,4.89845,0.23417,0.30402,134,68,48,0.31070,4.81517,0.23091,1,0,0.450
45.5660,826,FR,29,5.48922,-0.03919,0.30011,134,134,134,0.27901,5.59837,-0.05020,1,1,0.450
45.5660,826,BR,22,5.03720,-0.02677,0.29950,134,68,46,0.32559,5.16611,-0.02412,1,0,0.450
45.5760,826,FL,14,5.35304,0.23922,0.30167,134,114,103,0.28057,5.48825,0.27072,1,1,0.450
45.5760,826,BL,7,4.89832,0.23423,0.30352,134,68,48,0.31024,4.81617,0.23020,1,0,0.450
45.5760,826,FR,29,5.49139,-0.03982,0.30011,134,134,134,0.27901,5.60958,-0.05122,1,1,0.450
45.5760,826,BR,22,5.03903,-0.02700,0.29944,134,68,46,0.32553,5.17372,-0.02480,1,0,0.450
45.5840,826,FL,14,5.35231,0.23912,0.30182,134,114,103,0.28071,5.48794,0.26988,1,1,0.450
45.5860,826,BL,7,4.89730,0.23461,0.30366,134,68,48,0.31038,4.81562,0.22958,1,0,0.450
45.5860,826,FR,29,5.49109,-0.04040,0.30014,134,134,134,0.27904,5.60923,-0.05170,1,1,0.450
45.5860,826,BR,22,5.03861,-0.02775,0.29939,134,68,46,0.32549,5.17358,-0.02587,1,0,0.450
45.5960,827,FL,13,5.35404,0.23876,0.30166,134,114,103,0.28055,5.49040,0.26891,1,1,0.450
45.5960,827,BL,6,4.89850,0.23448,0.30306,134,68,48,0.30983,4.81726,0.22891,1,0,0.450
45.5960,827,FR,28,5.49339,-0.04122,0.30014,134,134,134,0.27904,5.60687,-0.05307,1,1,0.450
45.5960,827,BR,21,5.04086,-0.02866,0.29935,134,68,46,0.32546,5.17127,-0.02765,1,0,0.450
45.6060,827,FL,13,5.35358,0.23878,0.30181,134,114,103,0.28070,5.49088,0.26860,1,1,0.450
45.6060,827,BL,6,4.89783,0.23455,0.30323,134,68,48,0.30998,4.81698,0.22849,1,0,0.450
45.6060,827,FR,28,5.49364,-0.04148,0.30014,134,134,134,0.27903,5.61475,-0.05370,1,1,0.450
45.6060,827,BR,21,5.04076,-0.02845,0.29933,134,68,46,0.32544,5.17620,-0.02773,1,0,0.450
45.6160,827,FL,13,5.35322,0.23858,0.30192,134,114,103,0.28081,5.49064,0.26786,1,1,0.450
45.6160,827,BL,6,4.89748,0.23474,0.30342,134,68,48,0.31015,4.81663,0.22805,1,0,0.450
45.6160,827,FR,28,5.49350,-0.04202,0.30016,134,134,134,0.27906,5.61459,-0.05424,1,1,0.450
45.6160,827,BR,21,5.04054,-0.02911,0.29929,134,68,46,0.32541,5.17615,-0.02862,1,0,0.450
45.6240,828,FL,12,5.35402,0.23811,0.30198,134,114,103,0.28087,5.49179,0.26698,1,1,0.450
45.6240,828,BL,5,4.89805,0.23449,0.30360,134,68,48,0.31032,4.81737,0.22726,1,0,0.450
45.6240,828,FR,27,5.49458,-0.04281,0.30017,134,134,134,0.27907,5.61081,-0.05565,1,1,0.450
45.6240,828,BR,20,5.04160,-0.02992,0.29930,134,68,46,0.32542,5.17238,-0.03029,1,0,0.450
45.6360,828,FL,12,5.35377,0.23825,0.30211,134,114,103,0.28100,5.49215,0.26701,1,1,0.450
45.6360,828,BL,5,4.89789,0.23438,0.30378,134,68,48,0.31049,4.81725,0.22713,1,0,0.450
45.6360,828,FR,27,5.49493,-0.04287,0.30014,134,134,134,0.27904,5.61810,-0.05612,1,1,0.450
45.6360,828,BR,20,5.04155,-0.02945,0.29928,134,68,46,0.32540,5.17704,-0.03016,1,0,0.450
45.6440,828,FL,12,5.35335,0.23781,0.30237,134,114,103,0.28126,5.49141,0.26614,1,1,0.450
45.6440,828,BL,5,4.89774,0.23426,0.30438,134,68,48,0.31103,4.81690,0.22628,1,0,0.450
45.6440,828,FR,27,5.49445,-0.04353,0.30018,134,134,134,0.27907,5.61761,-0.05677,1,1,0.450
45.6440,828,BR,20,5.04104,-0.03030,0.29927,134,68,46,0.32539,5.17663,-0.03113,1,0,0.450
45.6540,829,FL,11,5.35386,0.23727,0.30247,134,114,103,0.28136,5.49186,0.26541,1,1,0.450
45.6540,829,BL,4,4.89830,0.23382,0.30481,134,68,48,0.31142,4.81735,0.22539,1,0,0.450
45.6540,829,FR,26,5.49503,-0.04419,0.30018,134,134,134,0.27908,5.61317,-0.05808,1,1,0.450
45.6540,829,BR,19,5.04161,-0.03103,0.29930,134,68,46,0.32541,5.17213,-0.03268,1,0,0.450
45.6640,829,FL,11,5.35398,0.23706,0.30270,134,114,103,0.28159,5.49218,0.26518,1,1,0.450
45.6640,829,BL,4,4.89874,0.23327,0.30530,133,67,47,0.31186,4.81771,0.22471,1,0,0.450
45.6640,829,FR,26,5.49561,-0.04452,0.30014,134,134,134,0.27904,5.62031,-0.05886,1,1,0.450
45.6640,829,BR,19,5.04177,-0.03091,0.29929,134,68,46,0.32541,5.17677,-0.03291,1,0,0.450
45.6760,829,FL,11,5.35335,0.23664,0.30299,134,114,103,0.28187,5.49097,0.26436,1,1,0.450
45.6760,829,BL,4,4.89853,0.23316,0.30595,132,66,46,0.31246,4.81712,0.22386,1,0,0.450
45.6760,829,FR,26,5.49475,-0.04513,0.30018,134,134,134,0.27907,5.61944,-0.05945,1,1,0.450
45.6760,829,BR,19,5.04091,-0.03172,0.29929,134,68,46,0.32541,5.17593,-0.03381,1,0,0.450
45.6840,830,FL,10,5.35317,0.23606,0.30318,134,114,103,0.28206,5.49027,0.26348,1,1,0.450
45.6840,830,BL,3,4.89866,0.23278,0.30659,132,66,46,0.31303,4.81692,0.22273,1,0,0.450
45.6840,830,FR,25,5.49432,-0.04589,0.30018,134,134,134,0.27908,5.61387,-0.06090,1,1,0.450
45.6840,830,BR,18,5.04052,-0.03254,0.29935,134,68,46,0.32546,5.17024,-0.03551,1,0,0.450
45.6960,830,FL,10,5.35295,0.23590,0.30340,134,114,103,0.28229,5.48995,0.26320,1,1,0.450
45.6960,830,BL,3,4.89896,0.23224,0.30693,132,66,46,0.31334,4.81682,0.22199,1,0,0.450
45.6960,830,FR,25,5.49444,-0.04627,0.30012,134,134,134,0.27902,5.62030,-0.06184,1,1,0.450
45.6960,830,BR,18,5.04020,-0.03246,0.29934,134,68,46,0.32545,5.17420,-0.03594,1,0,0.450
45.7100,830,FL,10,5.35228,0.23521,0.30370,134,114,103,0.28258,5.48849,0.26190,1,1,0.450
45.7100,830,BL,3,4.89903,0.23192,0.30750,132,66,46,0.31386,4.81583,0.22074,1,0,0.450
45.7100,830,FR,25,5.49351,-0.04730,0.30017,134,134,134,0.27907,5.61937,-0.06280,1,1,0.450
45.7100,830,BR,18,5.03928,-0.03373,0.29934,134,68,46,0.32545,5.17330,-0.03734,1,0,0.450
45.7200,831,FL,9,5.35157,0.23463,0.30387,134,114,103,0.28275,5.48694,0.26074,1,1,0.450
45.7200,831,BL,2,4.89899,0.23164,0.30791,132,66,46,0.31423,4.81482,0.21951,1,0,0.450
45.7200,831,FR,24,5.49240,-0.04832,0.30017,134,134,134,0.27907,5.61301,-0.06458,1,1,0.450
45.7220,831,BR,17,5.03823,-0.03477,0.29940,134,68,46,0.32550,5.17202,-0.03868,1,0,0.450
45.7340,831,FL,9,5.35044,0.23490,0.30409,134,114,103,0.28297,5.48504,0.26052,1,1,0.450
45.7340,831,BL,2,4.89905,0.23156,0.30787,132,66,46,0.31420,4.81358,0.21929,1,0,0.450
45.7340,831,FR,24,5.49133,-0.04874,0.30011,134,134,134,0.27901,5.61830,-0.06566,1,1,0.450
45.7340,831,BR,17,5.03664,-0.03455,0.29935,134,68,46,0.32546,5.16942,-0.04020,1,0,0.450
45.7480,832,FL,8,5.34941,0.23450,0.30412,134,114,103,0.28300,5.48266,0.25910,1,1,0.450
45.7480,832,BL,1,4.89918,0.23161,0.30781,132,66,46,0.31415,4.81187,0.21865,1,0,0.450
45.7480,832,FR,23,5.48935,-0.05009,0.30016,134,134,134,0.27905,5.61070,-0.06794,1,1,0.450
45.7480,832,BR,16,5.03491,-0.03582,0.29935,134,68,46,0.32546,5.16722,-0.04201,1,0,0.450
45.7980,833,FL,7,5.34841,0.23496,0.30402,134,114,103,0.28291,5.47978,0.25879,1,1,0.450
45.7980,833,BL,30,5.17469,0.22965,0.29985,134,70,59,0.28670,5.24954,0.23072,1,1,0.450
45.7980,833,FR,22,5.48733,-0.05089,0.30012,134,134,134,0.27902,5.60495,-0.07420,1,1,0.450
45.7980,833,BR,15,5.03265,-0.03548,0.29929,134,68,46,0.32541,5.16405,-0.04323,1,0,0.450
45.8100,834,FL,6,5.34497,0.23427,0.30389,134,114,103,0.28278,5.46996,0.25519,1,1,0.450
45.8100,834,BL,29,5.16607,0.22476,0.29985,134,70,59,0.28671,5.23572,0.22052,1,1,0.450
45.8100,834,FR,21,5.47896,-0.05451,0.30002,134,134,125,0.27892,5.59606,-0.08081,1,1,0.450
45.8100,834,BR,14,5.02479,-0.03722,0.29929,134,68,46,0.35411,5.15334,-0.04784,1,0,0.450
45.8200,834,FL,6,5.34441,0.23440,0.30363,134,114,103,0.28252,5.46756,0.25501,1,1,0.450
45.8200,834,BL,29,5.16368,0.22322,0.29986,134,70,59,0.28672,5.23513,0.21558,1,1,0.450
45.8200,834,FR,21,5.47691,-0.05478,0.29996,134,134,125,0.27886,5.59840,-0.08325,1,1,0.450
45.8200,834,BR,14,5.02291,-0.03669,0.29928,134,68,46,0.35409,5.19968,-0.04878,1,0,0.450
45.8300,834,FL,6,5.34310,0.23395,0.30391,134,114,103,0.28280,5.46475,0.25440,1,1,0.450
45.8300,834,BL,29,5.16275,0.22279,0.29992,134,70,59,0.28677,5.23198,0.21530,1,1,0.450
45.8300,834,FR,21,5.47613,-0.05527,0.30005,134,134,125,0.27894,5.60047,-0.08268,1,1,0.450
45.8300,834,BR,14,5.02079,-0.03771,0.29860,134,68,46,0.35357,5.19952,-0.05036,1,0,0.450
45.8400,835,FL,5,5.34279,0.23352,0.30424,134,114,103,0.28312,5.46340,0.25364,1,1,0.450
45.8400,835,BL,28,5.16143,0.22224,0.29993,134,70,59,0.28678,5.22680,0.21511,1,1,0.450
45.8400,835,FR,20,5.47486,-0.05581,0.30007,134,134,125,0.27897,5.59499,-0.08270,1,1,0.450
45.8400,835,BR,13,5.01987,-0.03834,0.29877,134,68,46,0.35370,5.19799,-0.05113,1,0,0.450
45.8500,835,FL,5,5.34097,0.23322,0.30480,134,114,103,0.28368,5.46054,0.25318,1,1,0.450
45.8500,835,BL,28,5.15946,0.22135,0.29994,134,70,59,0.28679,5.22725,0.21222,1,1,0.450
45.8500,835,FR,20,5.47322,-0.05563,0.30007,134,134,125,0.27897,5.59848,-0.08420,1,1,0.450
45.8500,835,BR,13,5.01757,-0.03774,0.29888,134,68,46,0.35378,5.19550,-0.05083,1,0,0.450
45.8580,835,FL,5,5.34146,0.23281,0.30548,133,114,103,0.28436,5.46031,0.25258,1,1,0.450
45.8580,835,BL,28,5.15936,0.22093,0.29995,134,70,59,0.28681,5.22781,0.21186,1,1,0.450
45.8580,835,FR,20,5.47305,-0.05602,0.30014,134,134,125,0.27904,5.59815,-0.08426,1,1,0.450
45.8580,835,BR,13,5.01767,-0.03840,0.29905,134,68,46,0.35391,5.19526,-0.05145,1,0,0.450
45.8680,836,FL,4,5.34083,0.23218,0.30627,132,113,102,0.28514,5.45878,0.25159,1,1,0.450
45.8700,836,BL,27,5.15840,0.22061,0.29996,134,70,59,0.28681,5.22290,0.21216,1,1,0.450
45.8700,836,FR,19,5.47211,-0.05640,0.30020,134,134,125,0.27909,5.59333,-0.08395,1,1,0.450
45.8700,836,BR,12,5.01667,-0.03898,0.29929,134,68,46,0.35410,5.19426,-0.05178,1,0,0.450
45.8780,836,FL,4,5.34011,0.23175,0.30706,132,113,102,0.28594,5.45707,0.25104,1,1,0.450
45.8780,836,BL,27,5.15751,0.21974,0.29997,134,70,59,0.28682,5.22510,0.21012,1,1,0.450
45.8780,836,FR,19,5.47153,-0.05623,0.30022,134,134,125,0.27912,5.59795,-0.08513,1,1,0.450
45.8780,836,BR,12,5.01543,-0.03842,0.29951,134,68,46,0.35428,5.19284,-0.05145,1,0,0.450
45.8880,836,FL,4,5.33880,0.23074,0.30830,132,113,102,0.28717,5.45480,0.24945,1,1,0.450
45.8880,836,BL,27,5.15629,0.21966,0.29999,134,70,59,0.28684,5.22459,0.21020,1,1,0.450
45.8880,836,FR,19,5.47008,-0.05660,0.30036,134,134,125,0.27926,5.59657,-0.08477,1,1,0.450
45.8880,836,BR,12,5.01391,-0.03947,0.29987,134,68,46,0.35456,5.19163,-0.05163,1,0,0.450
45.8980,837,FL,3,5.33905,0.23031,0.30912,131,113,102,0.28799,5.45440,0.24881,1,1,0.450
45.8980,837,BL,26,5.15610,0.21951,0.30000,134,70,59,0.28685,5.22049,0.21089,1,1,0.450
45.8980,837,FR,18,5.46992,-0.05680,0.30042,134,134,125,0.27932,5.59247,-0.08421,1,1,0.450
45.8980,837,BR,11,5.01379,-0.03980,0.30015,134,68,46,0.35478,5.19130,-0.05179,1,0,0.450
45.9080,837,FL,3,5.33786,0.22963,0.30990,131,113,102,0.28877,5.45225,0.24779,1,1,0.450
45.9080,837,BL,26,5.15506,0.21884,0.30001,134,70,59,0.28687,5.22284,0.20957,1,1,0.450
45.9080,837,FR,18,5.46913,-0.05658,0.30048,134,134,125,0.27937,5.59697,-0.08493,1,1,0.450
45.9080,837,BR,11,5.01218,-0.03947,0.30048,134,68,46,0.35504,5.18987,-0.05122,1,0,0.450
45.9180,837,FL,3,5.33827,0.22925,0.31050,131,113,102,0.28937,5.45252,0.24759,1,1,0.450
45.9180,837,BL,26,5.15519,0.21904,0.30002,134,70,59,0.28687,5.22370,0.20999,1,1,0.450
45.9180,837,FR,18,5.46909,-0.05657,0.30057,134,134,125,0.27947,5.59679,-0.08451,1,1,0.450
45.9180,837,BR,11,5.01240,-0.03976,0.30062,134,68,46,0.35515,5.18988,-0.05115,1,0,0.450
45.9300,838,FL,2,5.33751,0.22873,0.31093,131,113,102,0.28979,5.45136,0.24693,1,1,0.450
45.9300,838,BL,25,5.15443,0.21921,0.30002,134,70,59,0.28687,5.21891,0.21096,1,1,0.450
45.9300,838,FR,17,5.46828,-0.05655,0.30063,134,134,125,0.27952,5.59611,-0.08424,1,1,0.450
45.9300,838,BR,10,5.01145,-0.04000,0.30084,134,68,46,0.35532,5.18909,-0.05086,1,0,0.450
45.9440,838,FL,2,5.33807,0.22840,0.31114,131,113,102,0.29000,5.45225,0.24721,1,1,0.450
45.9440,838,BL,25,5.15504,0.21905,0.30004,134,70,59,0.28689,5.22310,0.21040,1,1,0.450
45.9440,838,FR,17,5.46906,-0.05588,0.30067,134,134,125,0.27956,5.59792,-0.08391,1,1,0.450
45.9440,838,BR,10,5.01171,-0.03888,0.30102,134,68,46,0.35546,5.18912,-0.04971,1,0,0.450
45.9540,839,FL,1,5.33646,0.22752,0.31175,131,113,102,0.29061,5.45059,0.24621,1,1,0.450
45.9540,839,BL,24,5.15410,0.21969,0.30003,134,70,59,0.28689,5.21869,0.21196,1,1,0.450
45.9540,839,FR,16,5.46775,-0.05583,0.30080,134,134,125,0.27970,5.60076,-0.08377,1,1,0.450
45.9540,839,BR,9,5.01021,-0.03942,0.30128,134,68,46,0.35567,5.18820,-0.04899,1,0,0.450
45.9680,839,FL,1,5.33652,0.22729,0.31173,131,113,102,0.29059,5.45124,0.24629,1,1,0.450
45.9700,839,BL,24,5.15463,0.21965,0.30005,134,70,59,0.28690,5.22296,0.21189,1,1,0.450
45.9700,839,FR,16,5.46820,-0.05534,0.30085,134,134,125,0.27974,5.60229,-0.08336,1,1,0.450
45.9700,839,BR,9,5.01010,-0.03838,0.30133,134,68,46,0.35571,5.18803,-0.04769,1,0,0.450
45.9940,840,FL,30,5.60577,0.22187,0.29996,134,134,134,0.27886,5.70840,0.23093,1,1,0.450
45.9940,840,BL,23,5.15744,0.22157,0.30003,134,70,59,0.28688,5.22216,0.21459,1,1,0.450
45.9940,840,FR,15,5.47045,-0.05425,0.30095,134,134,125,0.27985,5.60399,-0.08215,1,1,0.450
45.9940,840,BR,8,5.01283,-0.03670,0.30147,134,68,46,0.35581,5.19051,-0.04516,1,0,0.450
46.0300,841,FL,29,5.60843,0.22270,0.29994,134,134,134,0.27884,5.71749,0.23266,1,1,0.450
46.0300,841,BL,22,5.16035,0.22413,0.30008,134,70,59,0.28693,5.22616,0.21764,1,1,0.450
46.0300,841,FR,14,5.47239,-0.05255,0.30104,134,134,125,0.27993,5.60625,-0.08094,1,1,0.450
46.0300,841,BR,7,5.01417,-0.03346,0.30156,134,68,46,0.35589,5.19255,-0.04041,1,0,0.450
46.0400,841,FL,29,5.61254,0.22496,0.29996,134,134,134,0.27885,5.72965,0.23428,1,1,0.450
46.0400,841,BL,22,5.16433,0.22790,0.30012,134,70,59,0.28697,5.23575,0.22154,1,1,0.450
46.0400,841,FR,14,5.47400,-0.05128,0.30136,134,134,125,0.28026,5.61023,-0.07776,1,1,0.450
46.0400,841,BR,7,5.01349,-0.03238,0.30227,134,68,46,0.35644,5.19481,-0.03604,1,0,0.450
46.0480,842,FL,28,5.61308,0.22565,0.29998,134,134,134,0.27888,5.72515,0.23529,1,1,0.450
46.0480,842,BL,21,5.16468,0.22887,0.30009,134,70,59,0.28694,5.23212,0.22395,1,1,0.450
46.0500,842,FR,13,5.47375,-0.05115,0.30141,134,134,125,0.28030,5.61014,-0.07705,1,1,0.450
46.0500,842,BR,6,5.01331,-0.03221,0.30241,134,68,46,0.35655,5.19491,-0.03497,1,0,0.450
46.0620,842,FL,28,5.61339,0.22573,0.29994,134,134,134,0.27884,5.73253,0.23564,1,1,0.450
46.0620,842,BL,21,5.16505,0.22864,0.30011,134,70,59,0.28696,5.23670,0.22394,1,1,0.450
46.0620,842,FR,13,5.47402,-0.05123,0.30146,134,134,125,0.28035,5.61110,-0.07708,1,1,0.450
46.0620,842,BR,6,5.01302,-0.03198,0.30233,134,68,46,0.35649,5.19467,-0.03439,1,0,0.450
46.0720,843,FL,27,5.61371,0.22658,0.29996,134,134,134,0.27886,5.72769,0.23705,1,1,0.450
46.0720,843,BL,20,5.16530,0.23003,0.30012,134,70,59,0.28696,5.23244,0.22629,1,1,0.450
46.0720,843,FR,12,5.47375,-0.05057,0.30159,134,134,125,0.28048,5.61082,-0.07603,1,1,0.450
46.0720,843,BR,5,5.01293,-0.03133,0.30280,134,68,46,0.35686,5.19450,-0.03293,1,0,0.450
46.0820,843,FL,27,5.61381,0.22673,0.29991,134,134,134,0.27881,5.73425,0.23744,1,1,0.450
46.0820,843,BL,20,5.16544,0.22990,0.30018,134,70,59,0.28703,5.23653,0.22636,1,1,0.450
46.0820,843,FR,12,5.47383,-0.05048,0.30178,134,134,125,0.28067,5.61144,-0.07612,1,1,0.450
46.0820,843,BR,5,5.01256,-0.03081,0.30327,134,68,46,0.35723,5.19413,-0.03206,1,0,0.450
46.0920,843,FL,27,5.61317,0.22727,0.29994,134,134,134,0.27884,5.73344,0.23779,1,1,0.450
46.0920,843,BL,20,5.16475,0.23078,0.30019,134,70,59,0.28704,5.23625,0.22737,1,1,0.450
46.0920,843,FR,12,5.47281,-0.05007,0.30203,134,134,125,0.28092,5.61033,-0.07541,1,1,0.450
46.0920,843,BR,5,5.01184,-0.03049,0.30397,134,68,46,0.35778,5.19310,-0.03107,1,0,0.450
46.1020,844,FL,26,5.61352,0.22793,0.29994,134,134,134,0.27884,5.72874,0.23920,1,1,0.450
46.1020,844,BL,19,5.16509,0.23184,0.30024,134,70,59,0.28708,5.23149,0.22934,1,1,0.450
46.1020,844,FR,11,5.47280,-0.04939,0.30223,134,134,125,0.28112,5.61049,-0.07470,1,1,0.450
46.1020,844,BR,4,5.01182,-0.02960,0.30465,134,68,46,0.35831,5.19282,-0.02958,1,0,0.450
46.1120,844,FL,26,5.61276,0.22789,0.29987,134,134,134,0.27877,5.73411,0.23950,1,1,0.450
46.1120,844,BL,19,5.16437,0.23155,0.30030,134,70,59,0.28714,5.23461,0.22927,1,1,0.450
46.1120,844,FR,11,5.47210,-0.04947,0.30244,134,134,125,0.28133,5.61002,-0.07491,1,1,0.450
46.1120,844,BR,4,5.01092,-0.02919,0.30501,133,67,45,0.35860,5.19165,-0.02882,1,0,0.450
46.1220,844,FL,26,5.61235,0.22846,0.29991,134,134,134,0.27880,5.73355,0.23984,1,1,0.450
46.1220,844,BL,19,5.16390,0.23263,0.30030,134,70,59,0.28715,5.23455,0.23044,1,1,0.450
46.1220,844,FR,11,5.47111,-0.04905,0.30263,134,134,125,0.28152,5.60906,-0.07419,1,1,0.450
46.1220,844,BR,4,5.01030,-0.02868,0.30550,133,67,45,0.35899,5.19032,-0.02767,1,0,0.450
46.1380,845,FL,25,5.61230,0.22907,0.29991,134,134,134,0.27881,5.72838,0.24126,1,1,0.450
46.1380,845,BL,18,5.16381,0.23364,0.30033,134,70,59,0.28717,5.22930,0.23256,1,1,0.450
46.1380,845,FR,10,5.47069,-0.04863,0.30278,134,134,125,0.28166,5.60861,-0.07349,1,1,0.450
46.1380,845,BR,3,5.01020,-0.02810,0.30582,132,66,44,0.35924,5.18943,-0.02646,1,0,0.450
46.1480,845,FL,25,5.61133,0.22943,0.29983,134,134,134,0.27873,5.73335,0.24200,1,1,0.450
46.1480,845,BL,18,5.16289,0.23377,0.30041,134,70,59,0.28725,5.23203,0.23326,1,1,0.450
46.1480,845,FR,10,5.46987,-0.04887,0.30304,134,134,125,0.28193,5.60758,-0.07336,1,1,0.450
46.1500,845,BR,3,5.00979,-0.02791,0.30602,132,66,44,0.35940,5.18779,-0.02590,1,0,0.450
46.1600,845,FL,25,5.61012,0.22999,0.29987,134,134,134,0.27877,5.73199,0.24242,1,1,0.450
46.1600,845,BL,18,5.16171,0.23450,0.30041,134,70,59,0.28725,5.23103,0.23436,1,1,0.450
46.1600,845,FR,10,5.46871,-0.04879,0.30318,134,134,125,0.28207,5.60584,-0.07276,1,1,0.450
46.1600,845,BR,3,5.00934,-0.02804,0.30614,132,66,44,0.35950,5.18646,-0.02553,1,0,0.450
46.1680,846,FL,24,5.60929,0.23062,0.29988,134,134,134,0.27877,5.72592,0.24407,1,1,0.450
46.1680,846,BL,17,5.16096,0.23507,0.30044,134,70,59,0.28728,5.22997,0.23537,1,1,0.450
46.1680,846,FR,9,5.46825,-0.04873,0.30320,134,134,125,0.28209,5.60482,-0.07217,1,1,0.450
46.1680,846,BR,2,5.00940,-0.02816,0.30607,132,66,44,0.35944,5.18578,-0.02533,1,0,0.450
46.1780,846,FL,24,5.60906,0.23082,0.29978,134,134,134,0.27867,5.73134,0.24479,1,1,0.450
46.1780,846,BL,17,5.16083,0.23449,0.30050,134,70,59,0.28734,5.22828,0.23674,1,1,0.450
46.1780,846,FR,9,5.46856,-0.04933,0.30333,134,134,125,0.28222,5.60465,-0.07253,1,1,0.450
46.1780,846,BR,2,5.01000,-0.02824,0.30581,132,66,44,0.35923,5.18592,-0.02585,1,0,0.450
46.1880,846,FL,24,5.60806,0.23158,0.29982,134,134,134,0.27872,5.73020,0.24566,1,1,0.450
46.1880,846,BL,17,5.16002,0.23514,0.30050,134,70,59,0.28734,5.22710,0.23776,1,1,0.450
46.1880,846,FR,9,5.46833,-0.04919,0.30346,134,134,125,0.28235,5.60354,-0.07173,1,1,0.450
46.1880,846,BR,2,5.01030,-0.02843,0.30572,133,67,45,0.35916,5.18581,-0.02600,1,0,0.450
46.1980,847,FL,23,5.60671,0.23217,0.29982,134,134,134,0.27872,5.72346,0.24738,1,1,0.450
46.1980,847,BL,16,5.15885,0.23542,0.30057,134,70,59,0.28740,5.22544,0.23852,1,1,0.450
46.1980,847,FR,8,5.46778,-0.04919,0.30352,134,134,125,0.28240,5.60218,-0.07124,1,1,0.450
46.1980,847,BR,1,5.01009,-0.02863,0.30571,133,67,45,0.35915,5.18548,-0.02613,1,0,0.450
46.2200,847,FL,23,5.60588,0.23241,0.29976,134,134,134,0.27866,5.72280,0.25275,1,1,0.450
46.2200,847,BL,16,5.15834,0.23455,0.30068,134,70,59,0.28751,5.22371,0.23901,1,1,0.450
46.2200,847,FR,8,5.46804,-0.04986,0.30371,134,134,125,0.28260,5.60156,-0.07165,1,1,0.450
46.2200,847,BR,1,5.01036,-0.02875,0.30557,133,67,45,0.35905,5.18611,-0.02683,1,0,0.450
46.2300,848,FL,22,5.60351,0.23352,0.29967,134,134,134,0.27857,5.71619,0.25371,1,1,0.450
46.2320,848,BL,15,5.15639,0.23504,0.30072,134,70,59,0.28755,5.22063,0.24043,1,1,0.450
46.2320,848,FR,7,5.46791,-0.04968,0.30353,134,134,125,0.28241,5.59928,-0.07036,1,1,0.450
46.2320,848,BR,30,5.28061,-0.03453,0.29990,134,103,92,0.27880,5.35845,-0.03953,1,1,0.450
46.2440,848,FL,22,5.60303,0.23382,0.29964,134,134,134,0.27854,5.71863,0.25696,1,1,0.450
46.2440,848,BL,15,5.15619,0.23464,0.30100,134,70,59,0.28782,5.21950,0.24083,1,1,0.450
46.2440,848,FR,7,5.46761,-0.04955,0.30446,134,134,125,0.28335,5.59893,-0.07039,1,1,0.450
46.2440,848,BR,30,5.27987,-0.03345,0.29990,134,92,81,0.27880,5.35628,-0.03269,1,1,0.450
46.2520,849,FL,21,5.60168,0.23415,0.29963,134,134,134,0.27853,5.71331,0.25676,1,1,0.450
46.2520,849,BL,14,5.15487,0.23548,0.30107,134,70,59,0.28789,5.21806,0.24156,1,1,0.450
46.2520,849,FR,6,5.46635,-0.04914,0.30467,134,134,125,0.28355,5.59705,-0.06962,1,1,0.450
46.2520,849,BR,29,5.27840,-0.03278,0.29992,134,92,81,0.27882,5.35110,-0.03222,1,1,0.450
46.2640,849,FL,21,5.60151,0.23396,0.29954,134,134,134,0.27844,5.71712,0.25860,1,1,0.450
46.2640,849,BL,14,5.15504,0.23459,0.30123,134,70,59,0.28805,5.21715,0.24182,1,1,0.450
46.2640,849,FR,6,5.46659,-0.04981,0.30464,134,134,125,0.28352,5.59683,-0.07034,1,1,0.450
46.2640,849,BR,29,5.27772,-0.03182,0.29992,134,92,81,0.27881,5.35194,-0.02812,1,1,0.450
46.2720,849,FL,21,5.59996,0.23409,0.29956,134,134,134,0.27846,5.71565,0.25836,1,1,0.450
46.2720,849,BL,14,5.15351,0.23517,0.30124,134,70,59,0.28806,5.21562,0.24226,1,1,0.450
46.2720,849,FR,6,5.46520,-0.04951,0.30478,134,134,125,0.28366,5.59484,-0.06989,1,1,0.450
46.2720,849,BR,29,5.27612,-0.03148,0.29993,134,92,81,0.27883,5.35077,-0.02781,1,1,0.450
46.2820,850,FL,20,5.59926,0.23429,0.29958,134,134,134,0.27848,5.71086,0.25830,1,1,0.450
46.2820,850,BL,13,5.15298,0.23543,0.30142,134,70,59,0.28823,5.21470,0.24270,1,1,0.450
46.2820,850,FR,5,5.46482,-0.04942,0.30515,133,133,125,0.28404,5.59416,-0.06972,1,1,0.450
46.2840,850,BR,28,5.27535,-0.03122,0.29993,134,92,81,0.27883,5.34601,-0.02782,1,1,0.450
46.2920,850,FL,20,5.59917,0.23396,0.29950,134,134,134,0.27840,5.71510,0.25946,1,1,0.450
46.2920,850,BL,13,5.15313,0.23452,0.30168,134,70,59,0.28848,5.21401,0.24268,1,1,0.450
46.2920,850,FR,5,5.46499,-0.04992,0.30545,133,133,125,0.28433,5.59374,-0.07032,1,1,0.450
46.2920,850,BR,28,5.27471,-0.03034,0.29993,134,92,81,0.27883,5.34817,-0.02516,1,1,0.450
46.3020,850,FL,20,5.59791,0.23403,0.29956,134,134,134,0.27846,5.71393,0.25919,1,1,0.450
46.3020,850,BL,13,5.15186,0.23502,0.30176,134,70,59,0.28856,5.21286,0.24289,1,1,0.450
46.3020,850,FR,5,5.46379,-0.04954,0.30586,132,132,124,0.28474,5.59215,-0.06987,1,1,0.450
46.3020,850,BR,28,5.27351,-0.03022,0.29994,134,92,81,0.27883,5.34741,-0.02506,1,1,0.450
46.3120,851,FL,19,5.59779,0.23416,0.29962,134,134,134,0.27852,5.70979,0.25879,1,1,0.450
46.3120,851,BL,12,5.15184,0.23542,0.30209,134,70,59,0.28887,5.21258,0.24312,1,1,0.450
46.3120,851,FR,4,5.46381,-0.04916,0.30678,132,132,124,0.28565,5.59188,-0.06945,1,1,0.450
46.3120,851,BR,27,5.27330,-0.03005,0.29994,134,92,81,0.27884,5.34324,-0.02535,1,1,0.450
46.3220,851,FL,19,5.59706,0.23383,0.29954,134,134,134,0.27844,5.71356,0.25951,1,1,0.450
46.3220,851,BL,12,5.15114,0.23474,0.30243,134,70,59,0.28921,5.21147,0.24281,1,1,0.450
46.3220,851,FR,4,5.46297,-0.04907,0.30717,132,132,124,0.28604,5.59056,-0.06940,1,1,0.450
46.3220,851,BR,27,5.27207,-0.02932,0.29995,134,92,81,0.27884,5.34540,-0.02364,1,1,0.450
46.3320,851,FL,19,5.59653,0.23392,0.29963,134,134,134,0.27853,5.71308,0.25915,1,1,0.450
46.3320,851,BL,12,5.15063,0.23534,0.30259,134,70,59,0.28937,5.21105,0.24293,1,1,0.450
46.3320,851,FR,4,5.46241,-0.04849,0.30780,132,132,124,0.28667,5.58990,-0.06878,1,1,0.450
46.3320,851,BR,27,5.27162,-0.02931,0.29995,134,92,81,0.27884,5.34543,-0.02376,1,1,0.450
46.3420,851,FL,19,5.59691,0.23394,0.29967,134,134,134,0.27857,5.71344,0.25902,1,1,0.450
46.3420,851,BL,12,5.15104,0.23557,0.30281,134,70,59,0.28958,5.21135,0.24295,1,1,0.450
46.3420,851,FR,4,5.46280,-0.04818,0.30842,131,131,123,0.28729,5.59026,-0.06844,1,1,0.450
46.3420,851,BR,27,5.27192,-0.02929,0.29995,134,92,81,0.27885,5.34573,-0.02388,1,1,0.450
46.3520,852,FL,18,5.59681,0.23393,0.29971,134,134,134,0.27861,5.70943,0.25833,1,1,0.450
46.3520,852,BL,11,5.15082,0.23594,0.30299,134,70,59,0.28975,5.21132,0.24285,1,1,0.450
46.3520,852,FR,3,5.46251,-0.04773,0.30891,131,131,123,0.28778,5.58978,-0.06778,1,1,0.450
46.3520,852,BR,26,5.27177,-0.02932,0.29996,134,92,81,0.27886,5.34157,-0.02444,1,1,0.450
46.3600,852,FL,18,5.59584,0.23366,0.29965,134,134,134,0.27855,5.71319,0.25866,1,1,0.450
46.3600,852,BL,11,5.14944,0.23569,0.30345,134,70,59,0.29020,5.21034,0.24237,1,1,0.450
46.3600,852,FR,3,5.46045,-0.04704,0.30938,131,131,123,0.28825,5.58762,-0.06702,1,1,0.450
46.3600,852,BR,26,5.27037,-0.02867,0.29997,134,92,81,0.27886,5.34385,-0.02336,1,1,0.450
46.3700,852,FL,18,5.59724,0.23335,0.29973,134,134,134,0.27863,5.71443,0.25804,1,1,0.450
46.3700,852,BL,11,5.15117,0.23569,0.30359,134,70,59,0.29034,5.21173,0.24225,1,1,0.450
46.3700,852,FR,3,5.46194,-0.04708,0.30987,131,131,123,0.28873,5.58986,-0.06742,1,1,0.450
46.3700,852,BR,26,5.27176,-0.02899,0.29996,134,92,81,0.27886,5.34575,-0.02390,1,1,0.450
46.3800,853,FL,17,5.59779,0.23303,0.29975,134,134,134,0.27865,5.71507,0.25759,1,1,0.450
46.3800,853,BL,10,5.15145,0.23563,0.30360,134,70,59,0.29034,5.21249,0.24176,1,1,0.450
46.3800,853,FR,2,5.46196,-0.04686,0.30981,131,131,123,0.28867,5.59027,-0.06736,1,1,0.450
46.3800,853,BR,25,5.27221,-0.02929,0.29996,134,92,81,0.27886,5.34208,-0.02475,1,1,0.450
46.3880,853,FL,17,5.59789,0.23257,0.29968,134,134,134,0.27858,5.71592,0.25712,1,1,0.450
46.3900,853,BL,10,5.15101,0.23521,0.30388,134,70,59,0.29061,5.21277,0.24100,1,1,0.450
46.3900,853,FR,2,5.46069,-0.04630,0.30978,131,131,123,0.28865,5.58926,-0.06685,1,1,0.450
46.3900,853,BR,25,5.27196,-0.02888,0.29996,134,92,81,0.27886,5.34562,-0.02413,1,1,0.450
46.4000,853,FL,17,5.59930,0.23208,0.29975,134,134,134,0.27864,5.71724,0.25636,1,1,0.450
46.4000,853,BL,10,5.15248,0.23499,0.30397,134,70,59,0.29071,5.21444,0.24046,1,1,0.450
46.4000,853,FR,2,5.46147,-0.04628,0.30990,131,131,123,0.28876,5.59139,-0.06747,1,1,0.450
46.4000,853,BR,25,5.27342,-0.02948,0.29995,134,92,81,0.27885,5.34755,-0.02495,1,1,0.450
46.4100,854,FL,16,5.59975,0.23159,0.29978,134,134,134,0.27868,5.72219,0.25601,1,1,0.450
46.4100,854,BL,9,5.15225,0.23495,0.30390,134,70,59,0.29063,5.21540,0.23955,1,1,0.450
46.4100,854,FR,1,5.46053,-0.04585,0.30984,131,131,123,0.28871,5.59126,-0.06729,1,1,0.450
46.4100,854,BR,24,5.27396,-0.03010,0.29994,134,92,81,0.27883,5.34395,-0.02615,1,1,0.450
46.4220,854,FL,16,5.60016,0.23113,0.29971,134,134,134,0.27860,5.72368,0.25521,1,1,0.450
46.4220,854,BL,9,5.15175,0.23463,0.30383,134,70,59,0.29057,5.21624,0.23858,1,1,0.450
46.4220,854,FR,1,5.45911,-0.04524,0.30999,131,131,123,0.28885,5.58935,-0.06651,1,1,0.450
46.4220,854,BR,24,5.27431,-0.02993,0.29991,134,92,81,0.27881,5.34825,-0.02602,1,1,0.450
46.4340,855,FL,15,5.60180,0.23034,0.29984,134,134,134,0.27874,5.72563,0.25390,1,1,0.450
46.4340,855,BL,8,5.15295,0.23424,0.30363,134,70,59,0.29037,5.21857,0.23723,1,1,0.450
46.4340,855,FR,30,5.72637,-0.05219,0.30001,134,134,134,0.27891,5.83027,-0.06566,1,1,0.450
46.4340,855,BR,23,5.27629,-0.03113,0.29986,134,92,81,0.27876,5.34667,-0.02798,1,1,0.450
46.4560,855,FL,15,5.60438,0.22915,0.29978,134,134,134,0.27868,5.72841,0.25296,1,1,0.450
46.4560,855,BL,8,5.15505,0.23275,0.30311,134,70,59,0.28987,5.22161,0.23519,1,1,0.450
46.4580,855,FR,30,5.72876,-0.05299,0.30002,134,134,134,0.27891,5.84351,-0.06751,1,1,0.450
46.4580,855,BR,23,5.27866,-0.03176,0.29984,134,92,81,0.27874,5.35510,-0.02890,1,1,0.450
46.4700,856,FL,14,5.60775,0.22799,0.29970,134,134,134,0.27860,5.73452,0.24990,1,1,0.450
46.4700,856,BL,7,5.15583,0.23280,0.30308,134,70,59,0.28984,5.22629,0.23272,1,1,0.450
46.4700,856,FR,29,5.73426,-0.05528,0.30003,134,134,134,0.27893,5.84433,-0.06990,1,1,0.450
46.4700,856,BR,22,5.28388,-0.03460,0.29980,134,103,92,0.27870,5.35651,-0.03269,1,1,0.450
46.4800,856,FL,14,5.60855,0.22810,0.29940,134,134,134,0.27830,5.73757,0.24912,1,1,0.450
46.4800,856,BL,7,5.15503,0.23304,0.30208,134,70,59,0.28887,5.22745,0.23193,1,1,0.450
46.4800,856,FR,29,5.73645,-0.05580,0.30003,134,134,134,0.27892,5.85484,-0.07105,1,1,0.450
46.4800,856,BR,22,5.28576,-0.03481,0.29972,134,103,92,0.27862,5.36401,-0.03354,1,1,0.450
46.4900,856,FL,14,5.60939,0.22808,0.29933,134,134,134,0.27823,5.73970,0.24827,1,1,0.450
46.4900,856,BL,7,5.15516,0.23321,0.30154,134,70,59,0.28835,5.22850,0.23142,1,1,0.450
46.4900,856,FR,29,5.73864,-0.05641,0.30005,134,134,134,0.27895,5.85693,-0.07139,1,1,0.450
46.4900,856,BR,22,5.28772,-0.03578,0.29963,134,103,92,0.27852,5.36674,-0.03487,1,1,0.450
46.5000,857,FL,13,5.60929,0.22790,0.29928,134,134,134,0.27818,5.73996,0.24790,1,1,0.450
46.5000,857,BL,6,5.15474,0.23306,0.30135,134,70,59,0.28816,5.22866,0.23073,1,1,0.450
46.5000,857,FR,28,5.73892,-0.05675,0.30005,134,134,134,0.27895,5.85237,-0.07216,1,1,0.450
46.5000,857,BR,21,5.28795,-0.03631,0.29961,134,103,92,0.27851,5.36234,-0.03611,1,1,0.450
46.5080,857,FL,13,5.60967,0.22808,0.29908,134,134,134,0.27798,5.74117,0.24786,1,1,0.450
46.5080,857,BL,6,5.15472,0.23310,0.30104,134,70,59,0.28786,5.22908,0.23058,1,1,0.450
46.5080,857,FR,28,5.73984,-0.05678,0.30003,134,134,134,0.27893,5.86052,-0.07285,1,1,0.450
46.5080,857,BR,21,5.28862,-0.03599,0.29957,134,103,92,0.27846,5.36766,-0.03613,1,1,0.450
46.5200,857,FL,13,5.61038,0.22775,0.29924,134,134,134,0.27814,5.74235,0.24720,1,1,0.450
46.5200,857,BL,6,5.15527,0.23292,0.30141,134,70,59,0.28822,5.22992,0.22999,1,1,0.450
46.5200,857,FR,28,5.74116,-0.05733,0.30006,134,134,134,0.27895,5.86176,-0.07325,1,1,0.450
46.5200,857,BR,21,5.28982,-0.03678,0.29955,134,103,92,0.27844,5.36930,-0.03708,1,1,0.450
46.5300,858,FL,12,5.61027,0.22736,0.29946,134,134,134,0.27836,5.74220,0.24665,1,1,0.450
46.5300,858,BL,5,5.15501,0.23267,0.30217,134,70,59,0.28896,5.23008,0.22907,1,1,0.450
46.5300,858,FR,27,5.74107,-0.05783,0.30006,134,134,134,0.27896,5.85667,-0.07427,1,1,0.450
46.5300,858,BR,20,5.28973,-0.03740,0.29960,134,103,92,0.27850,5.36422,-0.03840,1,1,0.450
46.5400,858,FL,12,5.61110,0.22731,0.29938,134,134,134,0.27828,5.74333,0.24664,1,1,0.450
46.5420,858,BL,5,5.15577,0.23223,0.30243,134,70,59,0.28920,5.23097,0.22860,1,1,0.450
46.5420,858,FR,27,5.74210,-0.05799,0.30002,134,134,134,0.27892,5.86438,-0.07511,1,1,0.450
46.5420,858,BR,20,5.29052,-0.03715,0.29958,134,103,92,0.27848,5.36932,-0.03852,1,1,0.450
46.5520,859,FL,11,5.61099,0.22678,0.29986,134,134,134,0.27875,5.74269,0.24612,1,1,0.450
46.5520,859,BL,4,5.15585,0.23186,0.30376,134,70,59,0.29049,5.23126,0.22750,1,1,0.450
46.5520,859,FR,26,5.74172,-0.05846,0.30005,134,134,134,0.27895,5.85876,-0.07607,1,1,0.450
46.5520,859,BR,19,5.29018,-0.03786,0.29965,134,103,92,0.27855,5.36396,-0.03988,1,1,0.450
46.5660,859,FL,11,5.61107,0.22676,0.30001,134,134,134,0.27890,5.74228,0.24626,1,1,0.450
46.5660,859,BL,4,5.15593,0.23151,0.30464,134,70,59,0.29135,5.23184,0.22684,1,1,0.450
46.5660,859,FR,26,5.74131,-0.05852,0.30000,134,134,134,0.27890,5.86468,-0.07690,1,1,0.450
46.5660,859,BR,19,5.28964,-0.03744,0.29970,134,103,92,0.27860,5.36723,-0.03992,1,1,0.450
46.5740,859,FL,11,5.61192,0.22558,0.30055,134,134,134,0.27945,5.74249,0.24505,1,1,0.450
46.5760,859,BL,4,5.15696,0.23038,0.30642,132,69,58,0.29308,5.23302,0.22471,1,1,0.450
46.5760,859,FR,26,5.74198,-0.05956,0.30003,134,134,134,0.27893,5.86525,-0.07774,1,1,0.450
46.5760,859,BR,19,5.29036,-0.03895,0.29979,134,103,92,0.27869,5.36792,-0.04130,1,1,0.450
46.5860,860,FL,10,5.61244,0.22498,0.30075,134,134,134,0.27965,5.74285,0.24432,1,1,0.450
46.5860,860,BL,3,5.15747,0.22972,0.30706,132,69,58,0.29370,5.23356,0.22343,1,1,0.450
46.5860,860,FR,25,5.74251,-0.06020,0.30003,134,134,134,0.27893,5.86059,-0.07895,1,1,0.450
46.5860,860,BR,18,5.29090,-0.03977,0.29985,134,103,92,0.27875,5.36318,-0.04286,1,1,0.450
46.5940,860,FL,10,5.61205,0.22502,0.30102,134,134,134,0.27992,5.74204,0.24447,1,1,0.450
46.5940,860,BL,3,5.15707,0.22921,0.30792,132,69,58,0.29454,5.23345,0.22245,1,1,0.450
46.5940,860,FR,25,5.74182,-0.06022,0.29997,134,134,134,0.27887,5.86601,-0.07974,1,1,0.450
46.5960,860,BR,18,5.29004,-0.03947,0.29992,134,103,92,0.27882,5.36617,-0.04302,1,1,0.450
46.6080,860,FL,10,5.61179,0.22456,0.30120,134,134,134,0.28009,5.74184,0.24367,1,1,0.450
46.6080,860,BL,3,5.15717,0.22865,0.30833,132,69,58,0.29493,5.23278,0.22145,1,1,0.450
46.6080,860,FR,25,5.74213,-0.06082,0.30001,134,134,134,0.27891,5.86630,-0.08015,1,1,0.450
46.6080,860,BR,18,5.29025,-0.04054,0.29990,134,103,92,0.27880,5.36674,-0.04411,1,1,0.450
46.6340,861,FL,9,5.61065,0.22437,0.30141,134,134,134,0.28030,5.74027,0.24290,1,1,0.450
46.6360,861,BL,2,5.15655,0.22862,0.30871,131,69,58,0.29530,5.23123,0.22064,1,1,0.450
46.6360,861,FR,24,5.74101,-0.06147,0.30002,134,134,134,0.27891,5.85993,-0.08141,1,1,0.450
46.6380,861,BR,17,5.28912,-0.04141,0.29996,134,103,92,0.27885,5.36555,-0.04526,1,1,0.450
46.6580,862,FL,8,5.60949,0.22484,0.30154,134,134,134,0.28043,5.73818,0.24214,1,1,0.450
46.6580,862,BL,1,5.15711,0.22890,0.30810,132,69,58,0.29471,5.22884,0.22151,1,1,0.450
46.6580,862,FR,23,5.73963,-0.06266,0.29997,134,134,134,0.27887,5.85924,-0.08424,1,1,0.450
46.6580,862,BR,16,5.28740,-0.04175,0.29993,134,103,92,0.27883,5.36265,-0.04790,1,1,0.450
46.6780,863,FL,7,5.60910,0.22569,0.30157,134,134,134,0.28046,5.73533,0.24187,1,1,0.450
46.6780,863,BL,30,5.42914,0.22106,0.29985,134,125,114,0.27875,5.50654,0.22118,1,1,0.450
46.6780,863,FR,22,5.73653,-0.06393,0.29999,134,134,134,0.27888,5.85188,-0.09108,1,1,0.450
46.6780,863,BR,15,5.28466,-0.04105,0.29998,134,103,92,0.27888,5.35823,-0.04957,1,1,0.450
46.6900,863,FL,7,5.60917,0.22560,0.30173,134,134,134,0.28062,5.73360,0.24116,1,1,0.450
46.6900,863,BL,30,5.42726,0.21932,0.29987,134,125,114,0.27877,5.50364,0.21402,1,1,0.450
46.6900,863,FR,22,5.73440,-0.06492,0.29988,134,134,134,0.27877,5.85330,-0.09513,1,1,0.450
46.6900,863,BR,15,5.28284,-0.04030,0.30015,134,103,92,0.27905,5.35475,-0.05045,1,1,0.450
46.7040,864,FL,6,5.60817,0.22536,0.30194,134,134,134,0.28083,5.73170,0.24055,1,1,0.450
46.7040,864,BL,29,5.42549,0.21887,0.29989,134,125,114,0.27879,5.49824,0.21385,1,1,0.450
46.7040,864,FR,21,5.73256,-0.06535,0.29987,134,134,134,0.27877,5.84735,-0.09505,1,1,0.450
46.7040,864,BR,14,5.28126,-0.04075,0.30018,134,103,92,0.27908,5.35258,-0.05105,1,1,0.450
46.7140,864,FL,6,5.60835,0.22614,0.30151,134,134,134,0.28040,5.73063,0.24118,1,1,0.450
46.7140,864,BL,29,5.42425,0.21775,0.29988,134,125,114,0.27878,5.49835,0.20944,1,1,0.450
46.7140,864,FR,21,5.73163,-0.06534,0.29981,134,134,134,0.27871,5.85068,-0.09756,1,1,0.450
46.7140,864,BR,14,5.28053,-0.03979,0.30024,134,103,92,0.27914,5.35057,-0.05136,1,1,0.450
46.7280,864,FL,6,5.60762,0.22608,0.30155,134,134,134,0.28045,5.72928,0.24099,1,1,0.450
46.7280,864,BL,29,5.42300,0.21744,0.29990,134,125,114,0.27879,5.49754,0.20909,1,1,0.450
46.7280,864,FR,21,5.73041,-0.06547,0.29982,134,134,134,0.27872,5.84949,-0.09746,1,1,0.450
46.7280,864,BR,14,5.27949,-0.04017,0.30023,134,92,81,0.27913,5.34920,-0.05181,1,1,0.450
46.7380,865,FL,5,5.60636,0.22590,0.30204,134,134,134,0.28093,5.72710,0.24061,1,1,0.450
46.7380,865,BL,28,5.42125,0.21717,0.29990,134,125,114,0.27880,5.49182,0.20931,1,1,0.450
46.7380,865,FR,20,5.72869,-0.06571,0.29986,134,134,134,0.27876,5.84380,-0.09722,1,1,0.450
46.7380,865,BR,13,5.27781,-0.04048,0.30043,134,92,81,0.27933,5.34727,-0.05218,1,1,0.450
46.7480,865,FL,5,5.60572,0.22616,0.30250,134,134,134,0.28139,5.72562,0.24101,1,1,0.450
46.7480,865,BL,28,5.42017,0.21641,0.29989,134,125,114,0.27879,5.49350,0.20657,1,1,0.450
46.7480,865,FR,20,5.72786,-0.06534,0.29984,134,134,134,0.27874,5.84784,-0.09865,1,1,0.450
46.7480,865,BR,13,5.27678,-0.03949,0.30064,134,92,81,0.27954,5.34574,-0.05189,1,1,0.450
46.7580,865,FL,5,5.60511,0.22553,0.30322,134,134,134,0.28211,5.72437,0.24022,1,1,0.450
46.7580,865,BL,28,5.41944,0.21634,0.29990,134,125,114,0.27880,5.49325,0.20651,1,1,0.450
46.7580,865,FR,20,5.72700,-0.06549,0.29993,134,134,134,0.27882,5.84712,-0.09839,1,1,0.450
46.7580,865,BR,13,5.27591,-0.04009,0.30080,134,92,81,0.27969,5.34489,-0.05200,1,1,0.450
46.7660,866,FL,4,5.60398,0.22489,0.30404,134,134,134,0.28292,5.72250,0.23932,1,1,0.450
46.7660,866,BL,27,5.41830,0.21625,0.29991,134,125,114,0.27880,5.48821,0.20712,1,1,0.450
46.7660,866,FR,19,5.72580,-0.06571,0.29998,134,134,134,0.27888,5.84213,-0.09779,1,1,0.450
46.7660,866,BR,12,5.27456,-0.04057,0.30106,134,92,81,0.27995,5.34366,-0.05206,1,1,0.450
46.7780,866,FL,4,5.60455,0.22469,0.30499,133,133,133,0.28387,5.72229,0.23911,1,1,0.450
46.7780,866,BL,27,5.41861,0.21549,0.29990,134,125,114,0.27880,5.49194,0.20521,1,1,0.450
46.7780,866,FR,19,5.72631,-0.06546,0.30000,134,134,134,0.27890,5.84768,-0.09889,1,1,0.450
46.7780,866,BR,12,5.27479,-0.03991,0.30143,134,92,81,0.28032,5.34358,-0.05171,1,1,0.450
46.7860,866,FL,4,5.60400,0.22383,0.30598,132,132,132,0.28486,5.72113,0.23798,1,1,0.450
46.7860,866,BL,27,5.41817,0.21550,0.29991,134,125,114,0.27880,5.49199,0.20534,1,1,0.450
46.7860,866,FR,19,5.72569,-0.06567,0.30012,134,134,134,0.27902,5.84725,-0.09859,1,1,0.450
46.7860,866,BR,12,5.27404,-0.04064,0.30161,134,92,81,0.28050,5.34314,-0.05173,1,1,0.450
46.7960,867,FL,3,5.60371,0.22313,0.30690,132,132,132,0.28578,5.72027,0.23696,1,1,0.450
46.7980,867,BL,26,5.41782,0.21545,0.29991,134,125,114,0.27881,5.48775,0.20613,1,1,0.450
46.7980,867,FR,18,5.72525,-0.06592,0.30018,134,134,134,0.27907,5.84301,-0.09789,1,1,0.450
46.7980,867,BR,11,5.27348,-0.04111,0.30187,134,92,81,0.28076,5.34261,-0.05177,1,1,0.450
46.8060,867,FL,3,5.60334,0.22273,0.30752,132,132,132,0.28639,5.71923,0.23644,1,1,0.450
46.8060,867,BL,26,5.41740,0.21481,0.29992,134,125,114,0.27881,5.49104,0.20482,1,1,0.450
46.8060,867,FR,18,5.72497,-0.06569,0.30019,134,134,134,0.27908,5.84780,-0.09873,1,1,0.450
46.8060,867,BR,11,5.27278,-0.04053,0.30223,134,92,81,0.28112,5.34195,-0.05127,1,1,0.450
46.8160,867,FL,3,5.60244,0.22207,0.30796,132,132,132,0.28683,5.71808,0.23567,1,1,0.450
46.8160,867,BL,26,5.41672,0.21496,0.29990,134,125,114,0.27880,5.49088,0.20513,1,1,0.450
46.8160,867,FR,18,5.72404,-0.06583,0.30028,134,134,134,0.27917,5.84705,-0.09841,1,1,0.450
46.8160,867,BR,11,5.27175,-0.04103,0.30228,134,92,81,0.28117,5.34120,-0.05120,1,1,0.450
46.8260,868,FL,2,5.60328,0.22178,0.30820,132,132,132,0.28707,5.71930,0.23560,1,1,0.450
46.8260,868,BL,25,5.41741,0.21516,0.29990,134,125,114,0.27880,5.48761,0.20616,1,1,0.450
46.8280,868,FR,17,5.72467,-0.06578,0.30029,134,134,134,0.27919,5.84762,-0.09830,1,1,0.450
46.8280,868,BR,10,5.27249,-0.04089,0.30238,134,92,81,0.28127,5.34169,-0.05094,1,1,0.450
46.8360,868,FL,2,5.60240,0.22126,0.30817,132,132,132,0.28704,5.71806,0.23494,1,1,0.450
46.8360,868,BL,25,5.41683,0.21471,0.29990,134,125,114,0.27880,5.49082,0.20524,1,1,0.450
46.8360,868,FR,17,5.72413,-0.06549,0.30029,134,134,134,0.27918,5.84823,-0.09816,1,1,0.450
46.8360,868,BR,10,5.27138,-0.04034,0.30258,134,92,81,0.28147,5.34096,-0.05018,1,1,0.450
46.8460,868,FL,2,5.60316,0.22094,0.30838,131,131,131,0.28725,5.71982,0.23523,1,1,0.450
46.8460,868,BL,25,5.41792,0.21527,0.29988,134,125,114,0.27878,5.49243,0.20594,1,1,0.450
46.8460,868,FR,17,5.72499,-0.06527,0.30035,134,134,134,0.27925,5.84895,-0.09769,1,1,0.450
46.8460,868,BR,10,5.27240,-0.04016,0.30266,134,92,81,0.28155,5.34193,-0.04967,1,1,0.450
46.8560,869,FL,1,5.60160,0.22028,0.30834,132,132,132,0.28721,5.71825,0.23429,1,1,0.450
46.8560,869,BL,24,5.41710,0.21560,0.29987,134,125,114,0.27877,5.48752,0.20713,1,1,0.450
46.8560,869,FR,16,5.72400,-0.06526,0.30038,134,134,134,0.27927,5.85226,-0.09799,1,1,0.450
46.8560,869,BR,9,5.27096,-0.04047,0.30260,134,92,81,0.28149,5.34128,-0.04911,1,1,0.450
46.8660,869,FL,1,5.60250,0.22009,0.30819,132,132,132,0.28706,5.72032,0.23457,1,1,0.450
46.8660,869,BL,24,5.41849,0.21561,0.29986,134,125,114,0.27876,5.49286,0.20689,1,1,0.450
46.8660,869,FR,16,5.72529,-0.06469,0.30035,134,134,134,0.27925,5.85450,-0.09759,1,1,0.450
46.8660,869,BR,9,5.27199,-0.03929,0.30264,134,92,81,0.28153,5.34224,-0.04790,1,1,0.450
46.8760,869,FL,1,5.60251,0.21964,0.30820,132,132,132,0.28707,5.72152,0.23479,1,1,0.450
46.8760,869,BL,24,5.41958,0.21655,0.29983,134,125,114,0.27873,5.49432,0.20791,1,1,0.450
46.8760,869,FR,16,5.72610,-0.06427,0.30045,134,134,134,0.27934,5.85515,-0.09682,1,1,0.450
46.8760,869,BR,9,5.27272,-0.03895,0.30261,134,92,81,0.28150,5.34352,-0.04674,1,1,0.450
46.8840,870,FL,30,5.87040,0.20991,0.30002,134,134,134,0.27892,5.97433,0.21691,1,1,0.450
46.8860,870,BL,23,5.42002,0.21734,0.29980,134,125,114,0.27870,5.49064,0.20956,1,1,0.450
46.8860,870,FR,15,5.72623,-0.06399,0.30049,134,134,134,0.27938,5.85545,-0.09616,1,1,0.450
46.8860,870,BR,8,5.27253,-0.03877,0.30235,134,92,81,0.28124,5.34398,-0.04561,1,1,0.450
46.9040,870,FL,30,5.87333,0.21021,0.30002,134,134,134,0.27892,5.98829,0.21748,1,1,0.450
46.9040,870,BL,23,5.42295,0.21798,0.29982,134,125,114,0.27872,5.49965,0.20987,1,1,0.450
46.9040,870,FR,15,5.72910,-0.06292,0.30048,134,134,134,0.27937,5.85830,-0.09589,1,1,0.450
46.9040,870,BR,8,5.27555,-0.03648,0.30262,134,92,81,0.28151,5.34669,-0.04352,1,1,0.450
46.9160,871,FL,29,5.87532,0.21159,0.30004,134,134,134,0.27894,5.98559,0.21914,1,1,0.450
46.9160,871,BL,22,5.42480,0.22021,0.29984,134,125,114,0.27874,5.49747,0.21309,1,1,0.450
46.9160,871,FR,14,5.72982,-0.06205,0.30073,134,134,134,0.27963,5.86003,-0.09393,1,1,0.450
46.9160,871,BR,7,5.27513,-0.03619,0.30352,134,92,81,0.28241,5.34847,-0.04120,1,1,0.450
46.9280,871,FL,29,5.87661,0.21203,0.30003,134,134,134,0.27893,5.99529,0.21968,1,1,0.450
46.9280,871,BL,22,5.42589,0.22043,0.29981,134,125,114,0.27871,5.50379,0.21350,1,1,0.450
46.9280,871,FR,14,5.73019,-0.06201,0.30063,134,134,134,0.27953,5.86198,-0.09331,1,1,0.450
46.9280,871,BR,7,5.27441,-0.03613,0.30311,134,92,81,0.28200,5.34889,-0.04025,1,1,0.450
46.9360,871,FL,29,5.87774,0.21273,0.30005,134,134,134,0.27895,5.99630,0.22010,1,1,0.450
46.9360,871,BL,22,5.42688,0.22155,0.29976,134,125,114,0.27866,5.50533,0.21493,1,1,0.450
46.9360,871,FR,14,5.73037,-0.06184,0.30069,134,134,134,0.27959,5.86285,-0.09234,1,1,0.450
46.9380,871,BR,7,5.27420,-0.03613,0.30306,134,92,81,0.28194,5.34930,-0.03937,1,1,0.450
46.9460,872,FL,28,5.87911,0.21325,0.30005,134,134,134,0.27895,5.99289,0.22136,1,1,0.450
46.9460,872,BL,21,5.42822,0.22234,0.29974,134,125,114,0.27864,5.50200,0.21677,1,1,0.450
46.9460,872,FR,13,5.73133,-0.06152,0.30060,134,134,134,0.27949,5.86408,-0.09175,1,1,0.450
46.9460,872,BR,6,5.27499,-0.03577,0.30274,134,92,81,0.28163,5.35037,-0.03851,1,1,0.450
46.9560,872,FL,28,5.87976,0.21339,0.30003,134,134,134,0.27893,6.00074,0.22165,1,1,0.450
46.9580,872,BL,21,5.42868,0.22218,0.29974,134,125,114,0.27864,5.50702,0.21661,1,1,0.450
46.9580,872,FR,13,5.73159,-0.06149,0.30058,134,134,134,0.27947,5.86507,-0.09165,1,1,0.450
46.9580,872,BR,6,5.27490,-0.03553,0.30275,134,92,81,0.28164,5.35057,-0.03790,1,1,0.450
46.9660,872,FL,28,5.88025,0.21400,0.30006,134,134,134,0.27896,6.00116,0.22210,1,1,0.450
46.9660,872,BL,21,5.42910,0.22307,0.29973,134,125,114,0.27863,5.50781,0.21768,1,1,0.450
46.9660,872,FR,13,5.73164,-0.06113,0.30079,134,134,134,0.27968,5.86531,-0.09087,1,1,0.450
46.9660,872,BR,6,5.27495,-0.03537,0.30326,134,92,81,0.28215,5.35074,-0.03711,1,1,0.450
46.9760,873,FL,27,5.87993,0.21449,0.30006,134,134,134,0.27896,5.99589,0.22344,1,1,0.450
46.9760,873,BL,20,5.42877,0.22368,0.29976,134,125,114,0.27866,5.50253,0.21937,1,1,0.450
46.9760,873,FR,12,5.73122,-0.06082,0.30092,134,134,134,0.27982,5.86488,-0.09030,1,1,0.450
46.9760,873,BR,5,5.27449,-0.03517,0.30373,134,92,81,0.28262,5.35041,-0.03629,1,1,0.450
46.9860,873,FL,27,5.88081,0.21467,0.30003,134,134,134,0.27892,6.00342,0.22386,1,1,0.450
46.9860,873,BL,20,5.42943,0.22351,0.29975,134,125,114,0.27865,5.50747,0.21933,1,1,0.450
46.9860,873,FR,12,5.73171,-0.06081,0.30088,134,134,134,0.27977,5.86596,-0.09027,1,1,0.450
46.9860,873,BR,5,5.27481,-0.03476,0.30373,134,92,81,0.28262,5.35071,-0.03576,1,1,0.450
46.9960,873,FL,27,5.88092,0.21527,0.30006,134,134,134,0.27896,6.00346,0.22432,1,1,0.450
46.9960,873,BL,20,5.42951,0.22445,0.29975,134,125,114,0.27865,5.50785,0.22035,1,1,0.450
46.9960,873,FR,12,5.73156,-0.06033,0.30114,134,134,134,0.28004,5.86571,-0.08951,1,1,0.450
46.9960,873,BR,5,5.27486,-0.03437,0.30434,134,92,81,0.28323,5.35062,-0.03475,1,1,0.450
47.0060,874,FL,26,5.88090,0.21583,0.30006,134,134,134,0.27896,5.99839,0.22574,1,1,0.450
47.0060,874,BL,19,5.42950,0.22522,0.29980,134,125,114,0.27870,5.50273,0.22218,1,1,0.450
47.0060,874,FR,11,5.73147,-0.05986,0.30132,134,134,134,0.28021,5.86547,-0.08886,1,1,0.450
47.0060,874,BR,4,5.27485,-0.03390,0.30491,133,92,81,0.28380,5.35054,-0.03367,1,1,0.450
47.0160,874,FL,26,5.88025,0.21578,0.30001,134,134,134,0.27891,6.00406,0.22603,1,1,0.450
47.0160,874,BL,19,5.42865,0.22475,0.29982,134,125,114,0.27872,5.50592,0.22195,1,1,0.450
47.0160,874,FR,11,5.73081,-0.06007,0.30144,134,134,134,0.28033,5.86486,-0.08911,1,1,0.450
47.0160,874,BR,4,5.27431,-0.03370,0.30530,133,92,81,0.28418,5.34983,-0.03327,1,1,0.450
47.0260,874,FL,26,5.88056,0.21648,0.30005,134,134,134,0.27894,6.00432,0.22657,1,1,0.450
47.0260,874,BL,19,5.42892,0.22587,0.29981,134,125,114,0.27871,5.50645,0.22311,1,1,0.450
47.0260,874,FR,11,5.73075,-0.05952,0.30168,134,134,134,0.28057,5.86472,-0.08823,1,1,0.450
47.0260,874,BR,4,5.27459,-0.03321,0.30578,132,91,80,0.28466,5.34955,-0.03220,1,1,0.450
47.0360,875,FL,25,5.87968,0.21698,0.30005,134,134,134,0.27895,5.99829,0.22801,1,1,0.450
47.0360,875,BL,18,5.42808,0.22650,0.29987,134,125,114,0.27877,5.50034,0.22495,1,1,0.450
47.0360,875,FR,10,5.73006,-0.05922,0.30188,134,134,134,0.28077,5.86357,-0.08764,1,1,0.450
47.0360,875,BR,3,5.27417,-0.03304,0.30630,132,91,80,0.28518,5.34885,-0.03132,1,1,0.450
47.0460,875,FL,25,5.87989,0.21699,0.29999,134,134,134,0.27888,6.00463,0.22844,1,1,0.450
47.0460,875,BL,18,5.42807,0.22608,0.29987,134,125,114,0.27877,5.50427,0.22488,1,1,0.450
47.0460,875,FR,10,5.73019,-0.05943,0.30193,134,134,134,0.28082,5.86373,-0.08792,1,1,0.450
47.0460,875,BR,3,5.27449,-0.03268,0.30638,132,91,80,0.28526,5.34880,-0.03099,1,1,0.450
47.0560,875,FL,25,5.87873,0.21770,0.30003,134,134,134,0.27893,6.00339,0.22902,1,1,0.450
47.0560,875,BL,18,5.42694,0.22706,0.29989,134,125,114,0.27879,5.50326,0.22601,1,1,0.450
47.0560,875,FR,10,5.72917,-0.05908,0.30228,134,134,134,0.28117,5.86207,-0.08701,1,1,0.450
47.0560,875,BR,3,5.27412,-0.03262,0.30696,132,91,80,0.28584,5.34762,-0.03020,1,1,0.450
47.0660,876,FL,24,5.87818,0.21823,0.30003,134,134,134,0.27893,5.99762,0.23059,1,1,0.450
47.0660,876,BL,17,5.42644,0.22758,0.29993,134,125,114,0.27883,5.50256,0.22685,1,1,0.450
47.0660,876,FR,9,5.72883,-0.05893,0.30238,134,134,134,0.28127,5.86132,-0.08648,1,1,0.450
47.0660,876,BR,2,5.27412,-0.03258,0.30715,132,91,80,0.28602,5.34704,-0.02975,1,1,0.450
47.0740,876,FL,24,5.87738,0.21842,0.29996,134,134,134,0.27886,6.00282,0.23123,1,1,0.450
47.0740,876,BL,17,5.42541,0.22715,0.29995,134,125,114,0.27885,5.50031,0.22817,1,1,0.450
47.0740,876,FR,9,5.72829,-0.05931,0.30254,134,134,134,0.28143,5.86018,-0.08665,1,1,0.450
47.0740,876,BR,2,5.27421,-0.03253,0.30725,132,91,80,0.28612,5.34647,-0.02969,1,1,0.450
47.0860,876,FL,24,5.87658,0.21906,0.30000,134,134,134,0.27890,6.00190,0.23192,1,1,0.450
47.0860,876,BL,17,5.42476,0.22781,0.29995,134,125,114,0.27885,5.49936,0.22909,1,1,0.450
47.0860,876,FR,9,5.72796,-0.05914,0.30268,134,134,134,0.28157,5.85925,-0.08596,1,1,0.450
47.0860,876,BR,2,5.27434,-0.03257,0.30736,132,91,80,0.28623,5.34585,-0.02949,1,1,0.450
47.0940,877,FL,23,5.87537,0.21993,0.30001,134,134,134,0.27891,5.99536,0.23400,1,1,0.450
47.0940,877,BL,16,5.42368,0.22843,0.30000,134,125,114,0.27890,5.49790,0.23024,1,1,0.450
47.0940,877,FR,8,5.72748,-0.05900,0.30276,134,134,134,0.28165,5.85783,-0.08513,1,1,0.450
47.0960,877,BR,1,5.27449,-0.03266,0.30740,132,91,80,0.28627,5.34517,-0.02937,1,1,0.450
47.1140,877,FL,23,5.87452,0.22003,0.29997,134,134,134,0.27887,5.99516,0.23927,1,1,0.450
47.1160,877,BL,16,5.42274,0.22752,0.30002,134,125,114,0.27892,5.49617,0.23062,1,1,0.450
47.1160,877,FR,8,5.72726,-0.05967,0.30278,134,134,134,0.28167,5.85680,-0.08560,1,1,0.450
47.1160,877,BR,1,5.27461,-0.03273,0.30735,132,91,80,0.28623,5.34508,-0.02987,1,1,0.450
47.1240,878,FL,22,5.87249,0.22139,0.29990,134,134,134,0.27879,5.98900,0.24050,1,1,0.450
47.1240,878,BL,15,5.42098,0.22835,0.30002,134,125,114,0.27892,5.49359,0.23234,1,1,0.450
47.1240,878,FR,7,5.72693,-0.05935,0.30274,134,134,134,0.28163,5.85457,-0.08411,1,1,0.450
47.1240,878,BR,30,5.54653,-0.04220,0.29988,134,134,134,0.27878,5.62420,-0.04789,1,1,0.450
47.1360,878,FL,22,5.87115,0.22170,0.29984,134,134,134,0.27874,5.99096,0.24426,1,1,0.450
47.1360,878,BL,15,5.41981,0.22713,0.29999,134,125,114,0.27888,5.49114,0.23292,1,1,0.450
47.1360,878,FR,7,5.72699,-0.06024,0.30223,134,134,134,0.28112,5.85354,-0.08462,1,1,0.450
47.1360,878,BR,30,5.54520,-0.04109,0.29987,134,134,134,0.27877,5.62153,-0.04089,1,1,0.450
47.1440,878,FL,22,5.86985,0.22217,0.29984,134,134,134,0.27874,5.98976,0.24434,1,1,0.450
47.1440,878,BL,15,5.41870,0.22776,0.30003,134,125,114,0.27893,5.48963,0.23348,1,1,0.450
47.1440,878,FR,7,5.72630,-0.05979,0.30269,134,134,134,0.28158,5.85210,-0.08384,1,1,0.450
47.1440,878,BR,30,5.54398,-0.04054,0.29989,134,134,134,0.27879,5.62079,-0.04038,1,1,0.450
47.1540,879,FL,21,5.86823,0.22266,0.29986,134,134,134,0.27876,5.98395,0.24493,1,1,0.450
47.1540,879,BL,14,5.41721,0.22818,0.30016,134,125,114,0.27905,5.48776,0.23409,1,1,0.450
47.1540,879,FR,6,5.72525,-0.05962,0.30292,134,134,134,0.28181,5.85024,-0.08331,1,1,0.450
47.1560,879,BR,29,5.54237,-0.04009,0.29989,134,134,134,0.27879,5.61505,-0.03989,1,1,0.450
47.1640,879,FL,21,5.86749,0.22252,0.29980,134,134,134,0.27870,5.98760,0.24693,1,1,0.450
47.1640,879,BL,14,5.41654,0.22722,0.30021,134,125,114,0.27911,5.48606,0.23430,1,1,0.450
47.1640,879,FR,6,5.72522,-0.06026,0.30270,134,134,134,0.28159,5.84922,-0.08390,1,1,0.450
47.1640,879,BR,29,5.54133,-0.03902,0.29989,134,134,134,0.27879,5.61555,-0.03564,1,1,0.450
47.1740,879,FL,21,5.86595,0.22268,0.29982,134,134,134,0.27872,5.98614,0.24679,1,1,0.450
47.1740,879,BL,14,5.41510,0.22769,0.30019,134,125,114,0.27908,5.48449,0.23468,1,1,0.450
47.1740,879,FR,6,5.72401,-0.06000,0.30275,134,134,134,0.28163,5.84740,-0.08347,1,1,0.450
47.1740,879,BR,29,5.53981,-0.03873,0.29990,134,134,134,0.27880,5.61449,-0.03535,1,1,0.450
47.1840,880,FL,20,5.86530,0.22297,0.29984,134,134,134,0.27874,5.98146,0.24690,1,1,0.450
47.1860,880,BL,13,5.41458,0.22800,0.30033,134,125,114,0.27923,5.48359,0.23517,1,1,0.450
47.1860,880,FR,5,5.72385,-0.05990,0.30308,134,134,134,0.28197,5.84654,-0.08322,1,1,0.450
47.1860,880,BR,28,5.53911,-0.03837,0.29990,134,134,134,0.27880,5.60979,-0.03522,1,1,0.450
47.1940,880,FL,20,5.86401,0.22261,0.29981,134,134,134,0.27871,5.98502,0.24804,1,1,0.450
47.1940,880,BL,13,5.41310,0.22708,0.30050,134,125,114,0.27940,5.48163,0.23493,1,1,0.450
47.1940,880,FR,5,5.72273,-0.06011,0.30335,134,134,134,0.28223,5.84458,-0.08350,1,1,0.450
47.1940,880,BR,28,5.53755,-0.03756,0.29989,134,134,134,0.27879,5.61106,-0.03258,1,1,0.450
47.2040,880,FL,20,5.86346,0.22275,0.29988,134,134,134,0.27878,5.98454,0.24783,1,1,0.450
47.2040,880,BL,13,5.41265,0.22763,0.30064,134,125,114,0.27954,5.48103,0.23518,1,1,0.450
47.2040,880,FR,5,5.72252,-0.05967,0.30398,134,134,134,0.28287,5.84378,-0.08297,1,1,0.450
47.2040,880,BR,28,5.53706,-0.03740,0.29990,134,134,134,0.27880,5.61106,-0.03248,1,1,0.450
47.2140,881,FL,19,5.86265,0.22296,0.29995,134,134,134,0.27884,5.97986,0.24751,1,1,0.450
47.2140,881,BL,12,5.41176,0.22815,0.30092,134,125,114,0.27981,5.48020,0.23531,1,1,0.450
47.2140,881,FR,4,5.72179,-0.05906,0.30484,133,133,133,0.28373,5.84239,-0.08216,1,1,0.450
47.2140,881,BR,27,5.53625,-0.03724,0.29991,134,134,134,0.27881,5.60629,-0.03273,1,1,0.450
47.2240,881,FL,19,5.86204,0.22261,0.29994,134,134,134,0.27884,5.98425,0.24817,1,1,0.450
47.2240,881,BL,12,5.41088,0.22749,0.30125,134,125,114,0.28014,5.47899,0.23494,1,1,0.450
47.2260,881,FR,4,5.72123,-0.05884,0.30551,133,133,133,0.28439,5.84099,-0.08194,1,1,0.450
47.2260,881,BR,27,5.53539,-0.03650,0.29991,134,134,134,0.27881,5.60887,-0.03104,1,1,0.450
47.2340,881,FL,19,5.86132,0.22278,0.30006,134,134,134,0.27896,5.98369,0.24779,1,1,0.450
47.2340,881,BL,12,5.41009,0.22829,0.30146,134,125,114,0.28035,5.47839,0.23500,1,1,0.450
47.2340,881,FR,4,5.72053,-0.05802,0.30653,132,132,132,0.28541,5.83973,-0.08087,1,1,0.450
47.2340,881,BR,27,5.53478,-0.03648,0.29991,134,134,134,0.27881,5.60877,-0.03119,1,1,0.450
47.2440,882,FL,18,5.86031,0.22298,0.30012,134,134,134,0.27901,5.97881,0.24731,1,1,0.450
47.2440,882,BL,11,5.40897,0.22878,0.30172,134,125,114,0.28061,5.47733,0.23505,1,1,0.450
47.2440,882,FR,3,5.71961,-0.05732,0.30731,132,132,132,0.28618,5.83829,-0.07994,1,1,0.450
47.2440,882,BR,26,5.53379,-0.03640,0.29992,134,134,134,0.27882,5.60382,-0.03168,1,1,0.450
47.2560,882,FL,18,5.86061,0.22256,0.30010,134,134,134,0.27900,5.98403,0.24768,1,1,0.450
47.2560,882,BL,11,5.40906,0.22809,0.30208,134,125,114,0.28097,5.47706,0.23455,1,1,0.450
47.2560,882,FR,3,5.72002,-0.05707,0.30783,132,132,132,0.28670,5.83822,-0.07967,1,1,0.450
47.2560,882,BR,26,5.53385,-0.03581,0.29992,134,134,134,0.27882,5.60760,-0.03065,1,1,0.450
47.2660,882,FL,18,5.85965,0.22269,0.30022,134,134,134,0.27912,5.98329,0.24722,1,1,0.450
47.2660,882,BL,11,5.40788,0.22883,0.30223,134,125,114,0.28112,5.47639,0.23441,1,1,0.450
47.2660,882,FR,3,5.71884,-0.05615,0.30856,131,131,131,0.28743,5.83667,-0.07858,1,1,0.450
47.2660,882,BR,26,5.53307,-0.03596,0.29992,134,134,134,0.27881,5.60730,-0.03101,1,1,0.450
47.2760,883,FL,17,5.86028,0.22249,0.30025,134,134,134,0.27915,5.98387,0.24689,1,1,0.450
47.2760,883,BL,10,5.40862,0.22867,0.30239,134,125,114,0.28128,5.47688,0.23409,1,1,0.450
47.2760,883,FR,2,5.71962,-0.05595,0.30892,131,131,131,0.28779,5.83782,-0.07866,1,1,0.450
47.2760,883,BR,25,5.53369,-0.03624,0.29992,134,134,134,0.27882,5.60392,-0.03190,1,1,0.450
47.2900,883,FL,17,5.86056,0.22193,0.30024,134,134,134,0.27913,5.98510,0.24652,1,1,0.450
47.2900,883,BL,10,5.40845,0.22787,0.30261,134,125,114,0.28150,5.47690,0.23318,1,1,0.450
47.2900,883,FR,2,5.71952,-0.05560,0.30890,131,131,131,0.28777,5.83774,-0.07846,1,1,0.450
47.2900,883,BR,25,5.53382,-0.03592,0.29992,134,134,134,0.27882,5.60782,-0.03135,1,1,0.450
47.3020,884,FL,16,5.86098,0.22158,0.30031,134,134,134,0.27921,5.98951,0.24619,1,1,0.450
47.3020,884,BL,9,5.40885,0.22780,0.30265,134,125,114,0.28154,5.47760,0.23240,1,1,0.450
47.3020,884,FR,1,5.71952,-0.05507,0.30905,131,131,131,0.28792,5.83881,-0.07861,1,1,0.450
47.3020,884,BR,24,5.53440,-0.03662,0.29990,134,134,134,0.27880,5.60477,-0.03268,1,1,0.450
47.3120,884,FL,16,5.86197,0.22071,0.30031,134,134,134,0.27921,5.99146,0.24535,1,1,0.450
47.3120,884,BL,9,5.40930,0.22662,0.30278,134,125,114,0.28167,5.47844,0.23082,1,1,0.450
47.3140,884,FR,1,5.71968,-0.05478,0.30882,131,131,131,0.28769,5.84014,-0.07877,1,1,0.450
47.3140,884,BR,24,5.53540,-0.03688,0.29989,134,134,134,0.27879,5.60959,-0.03291,1,1,0.450
47.3240,884,FL,16,5.86276,0.22022,0.30043,134,134,134,0.27933,5.99227,0.24437,1,1,0.450
47.3240,884,BL,9,5.40984,0.22640,0.30285,134,125,114,0.28174,5.47974,0.22960,1,1,0.450
47.3240,884,FR,1,5.71946,-0.05430,0.30913,131,131,131,0.28800,5.84056,-0.07899,1,1,0.450
47.3240,884,BR,24,5.53646,-0.03789,0.29987,134,134,134,0.27876,5.61106,-0.03411,1,1,0.450
47.3340,885,FL,15,5.86415,0.21934,0.30054,134,134,134,0.27944,5.99366,0.24334,1,1,0.450
47.3360,885,BL,8,5.41100,0.22544,0.30292,134,125,114,0.28181,5.48147,0.22775,1,1,0.450
47.3360,885,FR,30,5.98775,-0.06322,0.30002,134,134,134,0.27891,6.09098,-0.07745,1,1,0.450
47.3360,885,BR,23,5.53810,-0.03925,0.29985,134,134,134,0.27875,5.60854,-0.03593,1,1,0.450
47.3580,885,FL,15,5.86471,0.21873,0.30054,134,134,134,0.27944,5.99468,0.24278,1,1,0.450
47.3580,885,BL,8,5.41108,0.22450,0.30252,134,125,114,0.28141,5.48213,0.22615,1,1,0.450
47.3580,885,FR,30,5.98840,-0.06349,0.30002,134,134,134,0.27892,6.10259,-0.07890,1,1,0.450
47.3600,885,BR,23,5.53873,-0.03950,0.29985,134,134,134,0.27875,5.61532,-0.03660,1,1,0.450
47.3700,886,FL,14,5.86737,0.21738,0.30061,134,134,134,0.27951,5.99900,0.23975,1,1,0.450
47.3700,886,BL,7,5.41206,0.22389,0.30313,134,125,114,0.28202,5.48581,0.22304,1,1,0.450
47.3700,886,FR,29,5.99293,-0.06585,0.30004,134,134,134,0.27893,6.10244,-0.08111,1,1,0.450
47.3700,886,BR,22,5.54301,-0.04290,0.29984,134,134,134,0.27874,5.61558,-0.04078,1,1,0.450
47.3800,886,FL,14,5.86777,0.21738,0.30057,134,134,134,0.27947,6.00079,0.23925,1,1,0.450
47.3800,886,BL,7,5.41148,0.22382,0.30286,134,125,114,0.28174,5.48622,0.22215,1,1,0.450
47.3800,886,FR,29,5.99408,-0.06620,0.30003,134,134,134,0.27893,6.11192,-0.08215,1,1,0.450
47.3800,886,BR,22,5.54397,-0.04295,0.29982,134,134,134,0.27872,5.62182,-0.04143,1,1,0.450
47.3900,886,FL,14,5.86797,0.21728,0.30066,134,134,134,0.27956,6.00175,0.23820,1,1,0.450
47.3900,886,BL,7,5.41120,0.22405,0.30286,134,125,114,0.28175,5.48662,0.22137,1,1,0.450
47.3920,886,FR,29,5.99523,-0.06696,0.30006,134,134,134,0.27895,6.11298,-0.08263,1,1,0.450
47.3920,886,BR,22,5.54496,-0.04409,0.29977,134,134,134,0.27867,5.62334,-0.04293,1,1,0.450
47.4000,887,FL,13,5.86831,0.21700,0.30053,134,134,134,0.27943,6.00240,0.23757,1,1,0.450
47.4000,887,BL,6,5.41128,0.22381,0.30241,134,125,114,0.28130,5.48706,0.22053,1,1,0.450
47.4000,887,FR,28,5.99598,-0.06752,0.30006,134,134,134,0.27895,6.10891,-0.08359,1,1,0.450
47.4000,887,BR,21,5.54566,-0.04488,0.29975,134,134,134,0.27865,5.61934,-0.04446,1,1,0.450
47.4120,887,FL,13,5.86863,0.21699,0.30055,134,134,134,0.27945,6.00338,0.23746,1,1,0.450
47.4120,887,BL,6,5.41130,0.22359,0.30254,134,125,114,0.28143,5.48723,0.21999,1,1,0.450
47.4120,887,FR,28,5.99662,-0.06766,0.30004,134,134,134,0.27893,6.11673,-0.08440,1,1,0.450
47.4120,887,BR,21,5.54615,-0.04470,0.29975,134,134,134,0.27865,5.62433,-0.04462,1,1,0.450
47.4200,887,FL,13,5.86821,0.21663,0.30081,134,134,134,0.27970,6.00294,0.23671,1,1,0.450
47.4200,887,BL,6,5.41097,0.22346,0.30321,134,125,114,0.28210,5.48700,0.21913,1,1,0.450
47.4200,887,FR,28,5.99649,-0.06826,0.30006,134,134,134,0.27896,6.11651,-0.08483,1,1,0.450
47.4220,887,BR,21,5.54594,-0.04557,0.29976,134,134,134,0.27866,5.62442,-0.04566,1,1,0.450
47.4300,888,FL,12,5.86833,0.21631,0.30089,134,134,134,0.27978,6.00310,0.23619,1,1,0.450
47.4300,888,BL,5,5.41100,0.22320,0.30357,134,125,114,0.28245,5.48717,0.21839,1,1,0.450
47.4300,888,FR,27,5.99673,-0.06874,0.30007,134,134,134,0.27896,6.11177,-0.08581,1,1,0.450
47.4300,888,BR,20,5.54617,-0.04616,0.29978,134,134,134,0.27868,5.61962,-0.04696,1,1,0.450
47.4400,888,FL,12,5.86893,0.21618,0.30095,134,134,134,0.27985,6.00421,0.23607,1,1,0.450
47.4400,888,BL,5,5.41142,0.22266,0.30385,134,125,114,0.28274,5.48755,0.21773,1,1,0.450
47.4400,888,FR,27,5.99761,-0.06897,0.30003,134,134,134,0.27893,6.11925,-0.08676,1,1,0.450
47.4400,888,BR,20,5.54687,-0.04604,0.29979,134,134,134,0.27869,5.62456,-0.04722,1,1,0.450
47.4500,888,FL,12,5.86883,0.21561,0.30124,134,134,134,0.28013,6.00390,0.23534,1,1,0.450
47.4500,888,BL,5,5.41152,0.22214,0.30460,134,125,114,0.28348,5.48757,0.21658,1,1,0.450
47.4500,888,FR,27,5.99769,-0.06958,0.30006,134,134,134,0.27896,6.11927,-0.08720,1,1,0.450
47.4500,888,BR,20,5.54691,-0.04700,0.29980,134,134,134,0.27870,5.62487,-0.04822,1,1,0.450
47.4600,889,FL,11,5.86831,0.21517,0.30145,134,134,134,0.28034,6.00305,0.23483,1,1,0.450
47.4600,889,BL,4,5.41109,0.22173,0.30533,133,125,114,0.28421,5.48717,0.21548,1,1,0.450
47.4600,889,FR,26,5.99707,-0.07002,0.30006,134,134,134,0.27896,6.11353,-0.08813,1,1,0.450
47.4600,889,BR,19,5.54630,-0.04764,0.29986,134,134,134,0.27876,5.61903,-0.04950,1,1,0.450
47.4700,889,FL,11,5.86775,0.21533,0.30161,134,134,134,0.28050,6.00249,0.23507,1,1,0.450
47.4700,889,BL,4,5.41056,0.22141,0.30585,132,124,113,0.28473,5.48648,0.21495,1,1,0.450
47.4700,889,FR,26,5.99645,-0.06993,0.30001,134,134,134,0.27891,6.11920,-0.08881,1,1,0.450
47.4700,889,BR,19,5.54554,-0.04719,0.29989,134,134,134,0.27879,5.62220,-0.04949,1,1,0.450
47.4800,889,FL,11,5.86764,0.21472,0.30183,134,134,134,0.28072,6.00232,0.23415,1,1,0.450
47.4800,889,BL,4,5.41077,0.22086,0.30630,132,124,113,0.28518,5.48614,0.21379,1,1,0.450
47.4800,889,FR,26,5.99676,-0.07068,0.30004,134,134,134,0.27894,6.11947,-0.08938,1,1,0.450
47.4800,889,BR,19,5.54578,-0.04838,0.29988,134,134,134,0.27877,5.62272,-0.05073,1,1,0.450
47.4880,890,FL,10,5.86773,0.21423,0.30196,134,134,134,0.28085,6.00228,0.23347,1,1,0.450
47.4880,890,BL,3,5.41103,0.22033,0.30664,132,124,113,0.28551,5.48603,0.21271,1,1,0.450
47.4880,890,FR,25,5.99700,-0.07129,0.30005,134,134,134,0.27894,6.11452,-0.09054,1,1,0.450
47.4880,890,BR,18,5.54599,-0.04922,0.29991,134,134,134,0.27881,5.61772,-0.05234,1,1,0.450
47.4980,890,FL,10,5.86736,0.21445,0.30215,134,134,134,0.28104,6.00182,0.23365,1,1,0.450
47.4980,890,BL,3,5.41088,0.22002,0.30695,132,124,113,0.28582,5.48540,0.21227,1,1,0.450
47.5000,890,FR,25,5.99662,-0.07132,0.29999,134,134,134,0.27888,6.12023,-0.09139,1,1,0.450
47.5000,890,BR,18,5.54543,-0.04887,0.29995,134,134,134,0.27884,5.62109,-0.05260,1,1,0.450
47.5080,890,FL,10,5.86666,0.21415,0.30239,134,134,134,0.28128,6.00072,0.23286,1,1,0.450
47.5080,890,BL,3,5.41078,0.21990,0.30726,132,124,113,0.28614,5.48436,0.21163,1,1,0.450
47.5080,890,FR,25,5.99601,-0.07199,0.30003,134,134,134,0.27893,6.11956,-0.09191,1,1,0.450
47.5080,890,BR,18,5.54479,-0.04981,0.29994,134,134,134,0.27884,5.62063,-0.05374,1,1,0.450
47.5180,891,FL,9,5.86583,0.21410,0.30248,134,134,134,0.28137,5.99929,0.23235,1,1,0.450
47.5180,891,BL,2,5.41040,0.22006,0.30741,132,124,113,0.28628,5.48333,0.21127,1,1,0.450
47.5180,891,FR,24,5.99483,-0.07249,0.30003,134,134,134,0.27893,6.11309,-0.09308,1,1,0.450
47.5180,891,BR,17,5.54367,-0.05030,0.29998,134,134,134,0.27888,5.61928,-0.05457,1,1,0.450
47.5280,891,FL,9,5.86570,0.21457,0.30257,134,134,134,0.28146,5.99882,0.23257,1,1,0.450
47.5300,891,BL,2,5.41086,0.22001,0.30719,132,124,113,0.28607,5.48288,0.21158,1,1,0.450
47.5300,891,FR,24,5.99459,-0.07269,0.29996,134,134,134,0.27886,6.11882,-0.09419,1,1,0.450
47.5300,891,BR,17,5.54320,-0.04979,0.29997,134,134,134,0.27887,5.61754,-0.05583,1,1,0.450
47.5380,891,FL,9,5.86529,0.21444,0.30272,134,134,134,0.28160,5.99763,0.23178,1,1,0.450
47.5380,891,BL,2,5.41107,0.22015,0.30716,132,124,113,0.28604,5.48218,0.21162,1,1,0.450
47.5380,891,FR,24,5.99353,-0.07346,0.30001,134,134,134,0.27891,6.11763,-0.09505,1,1,0.450
47.5380,891,BR,17,5.54231,-0.05049,0.29997,134,134,134,0.27887,5.61632,-0.05689,1,1,0.450
47.5480,892,FL,8,5.86469,0.21449,0.30276,134,134,134,0.28164,5.99610,0.23134,1,1,0.450
47.5500,892,BL,1,5.41088,0.22038,0.30723,132,124,113,0.28610,5.48163,0.21172,1,1,0.450
47.5500,892,FR,23,5.99208,-0.07402,0.30001,134,134,134,0.27891,6.11075,-0.09643,1,1,0.450
47.5500,892,BR,16,5.54104,-0.05076,0.30003,134,134,134,0.27893,5.61456,-0.05766,1,1,0.450
47.5680,892,FL,8,5.86485,0.21511,0.30282,134,134,134,0.28171,5.99528,0.23156,1,1,0.450
47.5680,892,BL,1,5.41153,0.22044,0.30691,132,124,113,0.28579,5.48211,0.21260,1,1,0.450
47.5680,892,FR,23,5.99134,-0.07442,0.29998,134,134,134,0.27888,6.11029,-0.10213,1,1,0.450
47.5680,892,BR,16,5.54032,-0.04992,0.30004,134,134,134,0.27893,5.61289,-0.05824,1,1,0.450
47.5780,893,FL,7,5.86466,0.21479,0.30272,134,134,134,0.28161,5.99298,0.23020,1,1,0.450
47.5780,893,BL,30,5.68255,0.21048,0.29989,134,134,134,0.27878,5.76044,0.21062,1,1,0.450
47.5780,893,FR,22,5.98894,-0.07565,0.29990,134,134,134,0.27880,6.10371,-0.10301,1,1,0.450
47.5780,893,BR,15,5.53835,-0.05047,0.30010,134,134,134,0.27899,5.60980,-0.05967,1,1,0.450
47.5880,893,FL,7,5.86314,0.21473,0.30344,134,134,134,0.28233,5.99089,0.23016,1,1,0.450
47.5880,893,BL,30,5.68073,0.20957,0.29988,134,134,134,0.27878,5.75688,0.20402,1,1,0.450
47.5880,893,FR,22,5.98723,-0.07578,0.29991,134,134,134,0.27880,6.10524,-0.10642,1,1,0.450
47.5880,893,BR,15,5.53655,-0.04983,0.30030,134,134,134,0.27919,5.60734,-0.05970,1,1,0.450
47.5980,893,FL,7,5.86311,0.21454,0.30361,134,134,134,0.28250,5.98987,0.22953,1,1,0.450
47.5980,893,BL,30,5.67977,0.20889,0.29990,134,134,134,0.27880,5.75642,0.20344,1,1,0.450
47.5980,893,FR,22,5.98627,-0.07627,0.29989,134,134,134,0.27879,6.10440,-0.10656,1,1,0.450
47.5980,893,BR,15,5.53585,-0.05039,0.30029,134,134,134,0.27919,5.60599,-0.06050,1,1,0.450
47.6080,894,FL,6,5.86213,0.21449,0.30356,134,134,134,0.28245,5.98807,0.22919,1,1,0.450
47.6080,894,BL,29,5.67815,0.20852,0.29990,134,134,134,0.27880,5.75067,0.20332,1,1,0.450
47.6080,894,FR,21,5.98466,-0.07664,0.29990,134,134,134,0.27879,6.09858,-0.10676,1,1,0.450
47.6080,894,BR,14,5.53440,-0.05068,0.30033,134,134,134,0.27923,5.60414,-0.06104,1,1,0.450
47.6200,894,FL,6,5.86217,0.21511,0.30341,134,134,134,0.28229,5.98720,0.22982,1,1,0.450
47.6200,894,BL,29,5.67708,0.20747,0.29989,134,134,134,0.27879,5.75091,0.19898,1,1,0.450
47.6200,894,FR,21,5.98398,-0.07651,0.29984,134,134,134,0.27874,6.10213,-0.10908,1,1,0.450
47.6200,894,BR,14,5.53384,-0.04971,0.30039,134,134,134,0.27929,5.60249,-0.06121,1,1,0.450
47.6300,894,FL,6,5.86026,0.21475,0.30382,134,134,134,0.28270,5.98452,0.22923,1,1,0.450
47.6300,894,BL,29,5.67498,0.20727,0.29991,134,134,134,0.27880,5.74927,0.19875,1,1,0.450
47.6300,894,FR,21,5.98184,-0.07663,0.29988,134,134,134,0.27878,6.10014,-0.10884,1,1,0.450
47.6300,894,BR,14,5.53170,-0.05023,0.30047,134,134,134,0.27937,5.60034,-0.06148,1,1,0.450
47.6400,895,FL,5,5.86080,0.21477,0.30409,134,134,134,0.28297,5.98446,0.22912,1,1,0.450
47.6400,895,BL,28,5.67489,0.20689,0.29991,134,134,134,0.27881,5.74522,0.19890,1,1,0.450
47.6400,895,FR,20,5.98181,-0.07691,0.29990,134,134,134,0.27879,6.09608,-0.10872,1,1,0.450
47.6400,895,BR,13,5.53186,-0.05047,0.30063,134,134,134,0.27952,5.59997,-0.06203,1,1,0.450
47.6560,895,FL,5,5.85944,0.21488,0.30452,134,134,134,0.28341,5.98223,0.22937,1,1,0.450
47.6560,895,BL,28,5.67312,0.20612,0.29990,134,134,134,0.27880,5.74614,0.19612,1,1,0.450
47.6560,895,FR,20,5.98039,-0.07654,0.29988,134,134,134,0.27878,6.09943,-0.11013,1,1,0.450
47.6560,895,BR,13,5.53023,-0.04960,0.30082,134,134,134,0.27972,5.59797,-0.06171,1,1,0.450
47.6660,896,FL,4,5.85901,0.21402,0.30571,133,133,133,0.28459,5.98084,0.22825,1,1,0.450
47.6660,896,BL,27,5.67240,0.20590,0.29991,134,134,134,0.27881,5.74197,0.19655,1,1,0.450
47.6660,896,FR,19,5.97959,-0.07681,0.29999,134,134,134,0.27889,6.09485,-0.10929,1,1,0.450
47.6660,896,BR,12,5.52944,-0.05048,0.30110,134,134,134,0.28000,5.59710,-0.06199,1,1,0.450
47.6800,896,FL,4,5.85766,0.21367,0.30661,132,132,132,0.28549,5.97852,0.22784,1,1,0.450
47.6800,896,BL,27,5.67088,0.20516,0.29992,134,134,134,0.27881,5.74383,0.19470,1,1,0.450
47.6800,896,FR,19,5.97837,-0.07654,0.30000,134,134,134,0.27890,6.09863,-0.11031,1,1,0.450
47.6820,896,BR,12,5.52786,-0.04993,0.30152,134,134,134,0.28041,5.59535,-0.06160,1,1,0.450
47.7000,897,FL,3,5.85704,0.21266,0.30781,132,132,132,0.28669,5.97720,0.22656,1,1,0.450
47.7000,897,BL,26,5.67011,0.20511,0.29992,134,134,134,0.27882,5.73965,0.19548,1,1,0.450
47.7000,897,FR,18,5.97745,-0.07678,0.30013,134,134,134,0.27903,6.09393,-0.10929,1,1,0.450
47.7000,897,BR,11,5.52692,-0.05080,0.30180,134,134,134,0.28069,5.59439,-0.06173,1,1,0.450
47.7320,898,FL,2,5.85690,0.21169,0.30905,131,131,131,0.28792,5.97623,0.22542,1,1,0.450
47.7320,898,BL,25,5.66986,0.20447,0.29993,134,134,134,0.27883,5.73909,0.19499,1,1,0.450
47.7320,898,FR,17,5.97746,-0.07659,0.30018,134,134,134,0.27907,6.09897,-0.10995,1,1,0.450
47.7320,898,BR,10,5.52650,-0.05058,0.30237,134,134,134,0.28126,5.59397,-0.06116,1,1,0.450
47.7400,898,FL,2,5.85571,0.21019,0.30981,131,131,131,0.28867,5.97505,0.22388,1,1,0.450
47.7420,898,BL,25,5.66944,0.20447,0.29992,134,134,134,0.27882,5.74298,0.19474,1,1,0.450
47.7420,898,FR,17,5.97694,-0.07617,0.30028,134,134,134,0.27917,6.09970,-0.10902,1,1,0.450
47.7420,898,BR,10,5.52529,-0.05051,0.30273,134,134,134,0.28162,5.59345,-0.05999,1,1,0.450
47.7520,899,FL,1,5.85575,0.20975,0.30997,131,131,131,0.28884,5.97606,0.22373,1,1,0.450
47.7520,899,BL,24,5.66998,0.20493,0.29990,134,134,134,0.27880,5.73999,0.19633,1,1,0.450
47.7520,899,FR,16,5.97725,-0.07614,0.30032,134,134,134,0.27921,6.10400,-0.10929,1,1,0.450
47.7520,899,BR,9,5.52564,-0.05058,0.30269,134,134,134,0.28158,5.59396,-0.05956,1,1,0.450
47.7620,899,FL,1,5.85690,0.20962,0.30965,131,131,131,0.28852,5.97899,0.22409,1,1,0.450
47.7620,899,BL,24,5.67167,0.20502,0.29988,134,134,134,0.27878,5.74547,0.19609,1,1,0.450
47.7620,899,FR,16,5.97899,-0.07544,0.30026,134,134,134,0.27916,6.10648,-0.10887,1,1,0.450
47.7620,899,BR,9,5.52713,-0.04924,0.30262,134,134,134,0.28151,5.59547,-0.05819,1,1,0.450
47.7720,899,FL,1,5.85570,0.20897,0.31013,131,131,131,0.28900,5.97778,0.22343,1,1,0.450
47.7720,899,BL,24,5.67200,0.20573,0.29986,134,134,134,0.27876,5.74618,0.19697,1,1,0.450
47.7720,899,FR,16,5.97896,-0.07529,0.30040,134,134,134,0.27929,6.10668,-0.10810,1,1,0.450
47.7720,899,BR,9,5.52659,-0.04955,0.30260,134,134,134,0.28149,5.59613,-0.05734,1,1,0.450
47.7820,900,FL,30,6.12365,0.19874,0.30002,134,134,134,0.27892,6.22763,0.20564,1,1,0.450
47.7820,900,BL,23,5.67340,0.20662,0.29985,134,134,134,0.27875,5.74353,0.19873,1,1,0.450
47.7820,900,FR,15,5.98010,-0.07481,0.30048,134,134,134,0.27938,6.10781,-0.10746,1,1,0.450
47.7820,900,BR,8,5.52764,-0.04890,0.30271,134,134,134,0.28159,5.59753,-0.05606,1,1,0.450
47.8020,900,FL,30,6.12621,0.19903,0.30003,134,134,134,0.27892,6.24120,0.20624,1,1,0.450
47.8020,900,BL,23,5.67598,0.20725,0.29984,134,134,134,0.27874,5.75211,0.19894,1,1,0.450
47.8020,900,FR,15,5.98264,-0.07380,0.30052,134,134,134,0.27941,6.11049,-0.10699,1,1,0.450
47.8020,900,BR,8,5.53002,-0.04707,0.30264,134,134,134,0.28153,5.60008,-0.05392,1,1,0.450
47.8120,901,FL,29,6.12975,0.20049,0.30003,134,134,134,0.27893,6.24004,0.20787,1,1,0.450
47.8120,901,BL,22,5.67939,0.20980,0.29986,134,134,134,0.27876,5.75151,0.20242,1,1,0.450
47.8120,901,FR,14,5.98479,-0.07263,0.30063,134,134,134,0.27953,6.11353,-0.10511,1,1,0.450
47.8120,901,BR,7,5.53110,-0.04588,0.30348,134,134,134,0.28237,5.60343,-0.05120,1,1,0.450
47.8220,901,FL,29,6.13024,0.20070,0.30003,134,134,134,0.27892,6.24892,0.20815,1,1,0.450
47.8220,901,BL,22,5.67972,0.20976,0.29986,134,134,134,0.27876,5.75699,0.20242,1,1,0.450
47.8220,901,FR,14,5.98474,-0.07253,0.30067,134,134,134,0.27957,6.11470,-0.10475,1,1,0.450
47.8220,901,BR,7,5.53003,-0.04575,0.30349,134,134,134,0.28238,5.60364,-0.05023,1,1,0.450
47.8300,901,FL,29,6.13149,0.20138,0.30005,134,134,134,0.27895,6.25007,0.20860,1,1,0.450
47.8320,901,BL,22,5.68082,0.21077,0.29981,134,134,134,0.27871,5.75863,0.20375,1,1,0.450
47.8320,901,FR,14,5.98497,-0.07245,0.30074,134,134,134,0.27963,6.11585,-0.10376,1,1,0.450
47.8320,901,BR,7,5.52971,-0.04603,0.30343,134,134,134,0.28232,5.60414,-0.04962,1,1,0.450
47.8400,901,FL,29,6.13311,0.20195,0.30005,134,134,134,0.27895,6.25168,0.20906,1,1,0.450
47.8400,901,BL,22,5.68238,0.21156,0.29978,134,134,134,0.27868,5.76040,0.20479,1,1,0.450
47.8400,901,FR,14,5.98596,-0.07222,0.30065,134,134,134,0.27955,6.11746,-0.10309,1,1,0.450
47.8400,901,BR,7,5.53024,-0.04580,0.30308,134,134,134,0.28197,5.60523,-0.04884,1,1,0.450
47.8500,902,FL,28,6.13399,0.20253,0.30005,134,134,134,0.27895,6.24776,0.21041,1,1,0.450
47.8500,902,BL,21,5.68324,0.21241,0.29979,134,134,134,0.27869,5.75661,0.20662,1,1,0.450
47.8500,902,FR,13,5.98647,-0.07182,0.30066,134,134,134,0.27955,6.11826,-0.10234,1,1,0.450
47.8520,902,BR,6,5.53047,-0.04554,0.30309,134,134,134,0.28197,5.60599,-0.04789,1,1,0.450
47.8620,902,FL,28,6.13470,0.20271,0.30003,134,134,134,0.27893,6.25569,0.21074,1,1,0.450
47.8620,902,BL,21,5.68377,0.21224,0.29979,134,134,134,0.27869,5.76166,0.20648,1,1,0.450
47.8620,902,FR,13,5.98681,-0.07179,0.30066,134,134,134,0.27956,6.11938,-0.10222,1,1,0.450
47.8620,902,BR,6,5.53040,-0.04529,0.30315,134,134,134,0.28203,5.60622,-0.04732,1,1,0.450
47.8720,903,FL,27,6.13397,0.20327,0.30006,134,134,134,0.27896,6.24992,0.21208,1,1,0.450
47.8720,903,BL,20,5.68300,0.21306,0.29979,134,134,134,0.27869,5.75624,0.20837,1,1,0.450
47.8720,903,FR,12,5.98585,-0.07144,0.30094,134,134,134,0.27983,6.11835,-0.10147,1,1,0.450
47.8720,903,BR,5,5.52954,-0.04521,0.30388,134,134,134,0.28276,5.60554,-0.04644,1,1,0.450
47.8840,903,FL,27,6.13575,0.20360,0.30002,134,134,134,0.27892,6.25835,0.21261,1,1,0.450
47.8840,903,BL,20,5.68455,0.21304,0.29979,134,134,134,0.27868,5.76205,0.20852,1,1,0.450
47.8840,903,FR,12,5.98714,-0.07131,0.30088,134,134,134,0.27977,6.12043,-0.10131,1,1,0.450
47.8840,903,BR,5,5.53045,-0.04468,0.30387,134,134,134,0.28275,5.60669,-0.04578,1,1,0.450
47.8940,903,FL,27,6.13541,0.20428,0.30005,134,134,134,0.27895,6.25792,0.21316,1,1,0.450
47.8940,903,BL,20,5.68419,0.21402,0.29980,134,134,134,0.27870,5.76200,0.20961,1,1,0.450
47.8940,903,FR,12,5.98665,-0.07078,0.30121,134,134,134,0.28011,6.11973,-0.10043,1,1,0.450
47.8940,903,BR,5,5.53018,-0.04435,0.30469,134,134,134,0.28357,5.60638,-0.04465,1,1,0.450
47.9040,904,FL,26,6.13615,0.20498,0.30005,134,134,134,0.27895,6.25362,0.21472,1,1,0.450
47.9040,904,BL,19,5.68493,0.21498,0.29985,134,134,134,0.27875,5.75763,0.21162,1,1,0.450
47.9040,904,FR,11,5.98725,-0.07011,0.30138,134,134,134,0.28028,6.12027,-0.09964,1,1,0.450
47.9040,904,BR,4,5.53077,-0.04363,0.30533,133,133,133,0.28421,5.60701,-0.04332,1,1,0.450
47.9140,904,FL,26,6.13620,0.20506,0.30000,134,134,134,0.27890,6.25997,0.21505,1,1,0.450
47.9160,904,BL,19,5.68479,0.21480,0.29989,134,134,134,0.27879,5.76153,0.21149,1,1,0.450
47.9160,904,FR,11,5.98721,-0.06996,0.30157,134,134,134,0.28046,6.12034,-0.09975,1,1,0.450
47.9160,904,BR,4,5.53067,-0.04290,0.30599,132,132,132,0.28486,5.60702,-0.04234,1,1,0.450
47.9260,904,FL,26,6.13552,0.20562,0.30004,134,134,134,0.27894,6.25922,0.21547,1,1,0.450
47.9260,904,BL,19,5.68410,0.21569,0.29989,134,134,134,0.27879,5.76107,0.21247,1,1,0.450
47.9260,904,FR,11,5.98639,-0.06958,0.30184,134,134,134,0.28073,6.11925,-0.09895,1,1,0.450
47.9260,904,BR,4,5.53018,-0.04271,0.30653,132,132,132,0.28541,5.60619,-0.04142,1,1,0.450
47.9360,905,FL,25,6.13524,0.20637,0.30004,134,134,134,0.27894,6.25382,0.21713,1,1,0.450
47.9360,905,BL,18,5.68385,0.21672,0.29994,134,134,134,0.27884,5.75557,0.21465,1,1,0.450
47.9360,905,FR,10,5.98603,-0.06901,0.30204,134,134,134,0.28093,6.11864,-0.09807,1,1,0.450
47.9360,905,BR,3,5.53006,-0.04221,0.30709,132,132,132,0.28597,5.60568,-0.04009,1,1,0.450
47.9480,905,FL,25,6.13495,0.20645,0.29998,134,134,134,0.27888,6.25965,0.21760,1,1,0.450
47.9480,905,BL,18,5.68334,0.21640,0.29996,134,134,134,0.27886,5.75900,0.21474,1,1,0.450
47.9480,905,FR,10,5.98572,-0.06926,0.30215,134,134,134,0.28104,6.11827,-0.09821,1,1,0.450
47.9480,905,BR,3,5.52996,-0.04197,0.30726,132,132,132,0.28614,5.60518,-0.03968,1,1,0.450
47.9580,905,FL,25,6.13435,0.20729,0.30002,134,134,134,0.27892,6.25899,0.21829,1,1,0.450
47.9580,905,BL,18,5.68274,0.21757,0.29997,134,134,134,0.27887,5.75859,0.21610,1,1,0.450
47.9580,905,FR,10,5.98497,-0.06883,0.30246,134,134,134,0.28135,6.11714,-0.09717,1,1,0.450
47.9580,905,BR,3,5.52985,-0.04176,0.30773,132,132,132,0.28660,5.60408,-0.03877,1,1,0.450
47.9680,906,FL,24,6.13370,0.20798,0.30003,134,134,134,0.27893,6.25313,0.22002,1,1,0.450
47.9680,906,BL,17,5.68213,0.21828,0.30001,134,134,134,0.27890,5.75783,0.21719,1,1,0.450
47.9680,906,FR,9,5.98449,-0.06862,0.30254,134,134,134,0.28143,6.11622,-0.09646,1,1,0.450
47.9680,906,BR,2,5.52981,-0.04172,0.30784,132,132,132,0.28671,5.60331,-0.03820,1,1,0.450
47.9820,906,FL,24,6.13266,0.20797,0.29995,134,134,134,0.27885,6.25807,0.22044,1,1,0.450
47.9820,906,BL,17,5.68087,0.21761,0.30002,134,134,134,0.27891,5.75531,0.21830,1,1,0.450
47.9820,906,FR,9,5.98377,-0.06920,0.30267,134,134,134,0.28156,6.11492,-0.09687,1,1,0.450
47.9820,906,BR,2,5.52957,-0.04185,0.30788,132,132,132,0.28675,5.60266,-0.03841,1,1,0.450
47.9920,907,FL,23,6.13214,0.20936,0.30001,134,134,134,0.27890,6.25214,0.22309,1,1,0.450
47.9920,907,BL,16,5.68049,0.21881,0.30000,134,134,134,0.27890,5.75463,0.22011,1,1,0.450
47.9920,907,FR,8,5.98379,-0.06886,0.30279,134,134,134,0.28167,6.11420,-0.09546,1,1,0.450
47.9920,907,BR,1,5.53054,-0.04191,0.30754,132,132,132,0.28641,5.60193,-0.03848,1,1,0.450
48.0140,907,FL,23,6.13114,0.20968,0.29997,134,134,134,0.27887,6.25179,0.22864,1,1,0.450
48.0140,907,BL,16,5.67940,0.21795,0.30004,134,134,134,0.27894,5.75274,0.22078,1,1,0.450
48.0140,907,FR,8,5.98357,-0.06954,0.30281,134,134,134,0.28169,6.11305,-0.09578,1,1,0.450
48.0140,907,BR,1,5.53068,-0.04205,0.30742,132,132,132,0.28629,5.60177,-0.03907,1,1,0.450
48.0220,908,FL,22,6.12798,0.21091,0.29988,134,134,134,0.27878,6.24441,0.22981,1,1,0.450
48.0240,908,BL,15,5.67671,0.21849,0.30004,134,134,134,0.27893,5.74882,0.22243,1,1,0.450
48.0240,908,FR,7,5.98286,-0.06960,0.30260,134,134,134,0.28149,6.10991,-0.09454,1,1,0.450
48.0240,908,BR,30,5.80162,-0.05224,0.29989,134,134,134,0.27878,5.87928,-0.05808,1,1,0.450
48.0320,908,FL,22,6.12766,0.21145,0.29985,134,134,134,0.27875,6.24743,0.23374,1,1,0.450
48.0320,908,BL,15,5.67648,0.21756,0.30009,134,134,134,0.27899,5.74746,0.22300,1,1,0.450
48.0320,908,FR,7,5.98353,-0.07000,0.30249,134,134,134,0.28138,6.10992,-0.09465,1,1,0.450
48.0320,908,BR,30,5.80140,-0.05104,0.29988,134,134,134,0.27877,5.87773,-0.05094,1,1,0.450
48.0420,908,FL,22,6.12640,0.21202,0.29985,134,134,134,0.27875,6.24631,0.23392,1,1,0.450
48.0420,908,BL,15,5.67530,0.21824,0.30012,134,134,134,0.27901,5.74610,0.22362,1,1,0.450
48.0420,908,FR,7,5.98274,-0.06940,0.30304,134,134,134,0.28193,6.10846,-0.09369,1,1,0.450
48.0420,908,BR,30,5.80024,-0.05041,0.29990,134,134,134,0.27880,5.87705,-0.05039,1,1,0.450
48.0520,909,FL,21,6.12518,0.21265,0.29987,134,134,134,0.27877,6.24087,0.23470,1,1,0.450
48.0520,909,BL,14,5.67428,0.21867,0.30020,134,134,134,0.27910,5.74458,0.22440,1,1,0.450
48.0520,909,FR,6,5.98224,-0.06930,0.30317,134,134,134,0.28205,6.10714,-0.09317,1,1,0.450
48.0520,909,BR,29,5.79905,-0.04985,0.29990,134,134,134,0.27879,5.87172,-0.04977,1,1,0.450
48.0620,909,FL,21,6.12412,0.21251,0.29980,134,134,134,0.27870,6.24421,0.23672,1,1,0.450
48.0620,909,BL,14,5.67326,0.21766,0.30023,134,134,134,0.27913,5.74262,0.22459,1,1,0.450
48.0620,909,FR,6,5.98182,-0.06999,0.30284,134,134,134,0.28173,6.10579,-0.09375,1,1,0.450
48.0620,909,BR,29,5.79772,-0.04881,0.29989,134,134,134,0.27879,5.87192,-0.04554,1,1,0.450
48.0720,909,FL,21,6.12301,0.21273,0.29982,134,134,134,0.27872,6.24314,0.23669,1,1,0.450
48.0720,909,BL,14,5.67230,0.21811,0.30022,134,134,134,0.27911,5.74140,0.22507,1,1,0.450
48.0720,909,FR,6,5.98119,-0.06978,0.30294,134,134,134,0.28183,6.10454,-0.09336,1,1,0.450
48.0720,909,BR,29,5.79663,-0.04845,0.29990,134,134,134,0.27880,5.87129,-0.04517,1,1,0.450
48.0820,910,FL,20,6.12200,0.21305,0.29985,134,134,134,0.27875,6.23812,0.23684,1,1,0.450
48.0820,910,BL,13,5.67135,0.21844,0.30037,134,134,134,0.27926,5.74022,0.22552,1,1,0.450
48.0820,910,FR,5,5.98053,-0.06961,0.30333,134,134,134,0.28221,6.10325,-0.09300,1,1,0.450
48.0820,910,BR,28,5.79560,-0.04810,0.29990,134,134,134,0.27880,5.86626,-0.04503,1,1,0.450
48.0900,910,FL,20,6.12072,0.21274,0.29982,134,134,134,0.27872,6.24168,0.23802,1,1,0.450
48.0900,910,BL,13,5.66992,0.21752,0.30054,134,134,134,0.27944,5.73824,0.22533,1,1,0.450
48.0920,910,FR,5,5.97949,-0.06983,0.30359,134,134,134,0.28248,6.10136,-0.09326,1,1,0.450
48.0920,910,BR,28,5.79406,-0.04726,0.29990,134,134,134,0.27879,5.86756,-0.04238,1,1,0.450
48.1020,910,FL,20,6.12036,0.21287,0.29988,134,134,134,0.27877,6.24137,0.23785,1,1,0.450
48.1020,910,BL,13,5.66967,0.21798,0.30062,134,134,134,0.27952,5.73784,0.22558,1,1,0.450
48.1020,910,FR,5,5.97942,-0.06951,0.30402,134,134,134,0.28291,6.10087,-0.09285,1,1,0.450
48.1020,910,BR,28,5.79378,-0.04712,0.29990,134,134,134,0.27880,5.86776,-0.04228,1,1,0.450
48.1100,910,FL,20,6.11895,0.21316,0.29994,134,134,134,0.27884,6.24009,0.23791,1,1,0.450
48.1120,910,BL,13,5.66813,0.21858,0.30090,134,134,134,0.27980,5.73643,0.22574,1,1,0.450
48.1120,910,FR,5,5.97808,-0.06875,0.30493,133,133,133,0.28381,6.09880,-0.09191,1,1,0.450
48.1120,910,BR,28,5.79239,-0.04691,0.29991,134,134,134,0.27881,5.86638,-0.04215,1,1,0.450
48.1220,911,FL,19,6.11836,0.21335,0.29999,134,134,134,0.27889,6.23561,0.23758,1,1,0.450
48.1220,911,BL,12,5.66752,0.21903,0.30115,134,134,134,0.28005,5.73571,0.22590,1,1,0.450
48.1220,911,FR,4,5.97764,-0.06827,0.30565,133,133,133,0.28453,6.09783,-0.09117,1,1,0.450
48.1220,911,BR,27,5.79180,-0.04677,0.29992,134,134,134,0.27881,5.86187,-0.04244,1,1,0.450
48.1300,911,FL,19,6.11769,0.21307,0.30002,134,134,134,0.27892,6.24003,0.23817,1,1,0.450
48.1320,911,BL,12,5.66642,0.21863,0.30159,134,134,134,0.28048,5.73458,0.22548,1,1,0.450
48.1320,911,FR,4,5.97671,-0.06770,0.30681,132,132,132,0.28569,6.09605,-0.09054,1,1,0.450
48.1320,911,BR,27,5.79091,-0.04602,0.29992,134,134,134,0.27882,5.86442,-0.04077,1,1,0.450
48.1400,911,FL,19,6.11771,0.21317,0.30011,134,134,134,0.27901,6.24009,0.23785,1,1,0.450
48.1400,911,BL,12,5.66658,0.21912,0.30172,134,134,134,0.28061,5.73458,0.22558,1,1,0.450
48.1400,911,FR,4,5.97711,-0.06722,0.30750,132,132,132,0.28637,6.09612,-0.08992,1,1,0.450
48.1400,911,BR,27,5.79103,-0.04604,0.29992,134,134,134,0.27882,5.86504,-0.04097,1,1,0.450
48.1500,912,FL,18,6.11737,0.21330,0.30016,134,134,134,0.27906,6.23585,0.23731,1,1,0.450
48.1500,912,BL,11,5.66611,0.21958,0.30194,134,134,134,0.28084,5.73424,0.22554,1,1,0.450
48.1500,912,FR,3,5.97679,-0.06662,0.30819,132,132,132,0.28706,6.09531,-0.08898,1,1,0.450
48.1500,912,BR,26,5.79067,-0.04602,0.29993,134,134,134,0.27883,5.86069,-0.04149,1,1,0.450
48.1600,912,FL,18,6.11722,0.21291,0.30015,134,134,134,0.27905,6.24070,0.23768,1,1,0.450
48.1600,912,BL,11,5.66561,0.21893,0.30228,134,134,134,0.28117,5.73367,0.22500,1,1,0.450
48.1600,912,FR,3,5.97641,-0.06624,0.30868,131,131,131,0.28755,6.09461,-0.08874,1,1,0.450
48.1600,912,BR,26,5.79030,-0.04543,0.29993,134,134,134,0.27883,5.86403,-0.04047,1,1,0.450
48.1700,912,FL,18,6.11636,0.21303,0.30026,134,134,134,0.27916,6.24002,0.23725,1,1,0.450
48.1700,912,BL,11,5.66460,0.21956,0.30241,134,134,134,0.28130,5.73302,0.22491,1,1,0.450
48.1700,912,FR,3,5.97547,-0.06550,0.30924,131,131,131,0.28811,6.09336,-0.08779,1,1,0.450
48.1700,912,BR,26,5.78964,-0.04558,0.29992,134,134,134,0.27882,5.86387,-0.04082,1,1,0.450
48.1800,913,FL,17,6.11777,0.21265,0.30026,134,134,134,0.27915,6.24122,0.23698,1,1,0.450
48.1800,913,BL,10,5.66631,0.21898,0.30247,134,134,134,0.28136,5.73421,0.22451,1,1,0.450
48.1800,913,FR,2,5.97718,-0.06570,0.30924,131,131,131,0.28811,6.09589,-0.08862,1,1,0.450
48.1800,913,BR,25,5.79098,-0.04595,0.29992,134,134,134,0.27882,5.86119,-0.04174,1,1,0.450
48.1900,913,FL,17,6.11677,0.21234,0.30027,134,134,134,0.27917,6.24144,0.23656,1,1,0.450
48.1900,913,BL,10,5.66444,0.21878,0.30271,134,134,134,0.28159,5.73323,0.22362,1,1,0.450
48.1900,913,FR,2,5.97530,-0.06474,0.30935,131,131,131,0.28822,6.09350,-0.08741,1,1,0.450
48.1900,913,BR,25,5.78993,-0.04552,0.29992,134,134,134,0.27882,5.86388,-0.04106,1,1,0.450
48.1980,913,FL,17,6.11783,0.21192,0.30033,134,134,134,0.27922,6.24231,0.23588,1,1,0.450
48.1980,913,BL,10,5.66572,0.21838,0.30278,134,134,134,0.28166,5.73437,0.22294,1,1,0.450
48.1980,913,FR,2,5.97618,-0.06460,0.30945,131,131,131,0.28832,6.09575,-0.08811,1,1,0.450
48.2000,913,BR,25,5.79115,-0.04626,0.29990,134,134,134,0.27880,5.86563,-0.04203,1,1,0.450
48.2100,914,FL,16,6.11760,0.21177,0.30036,134,134,134,0.27925,6.24631,0.23590,1,1,0.450
48.2100,914,BL,9,5.66516,0.21847,0.30279,134,134,134,0.28168,5.73439,0.22233,1,1,0.450
48.2100,914,FR,1,5.97541,-0.06417,0.30948,131,131,131,0.28835,6.09525,-0.08766,1,1,0.450
48.2100,914,BR,24,5.79101,-0.04663,0.29990,134,134,134,0.27879,5.86133,-0.04293,1,1,0.450
48.2200,914,FL,16,6.11850,0.21105,0.30037,134,134,134,0.27927,6.24835,0.23505,1,1,0.450
48.2200,914,BL,9,5.66539,0.21753,0.30282,134,134,134,0.28170,5.73524,0.22085,1,1,0.450
48.2200,914,FR,1,5.97526,-0.06370,0.30958,131,131,131,0.28845,6.09565,-0.08751,1,1,0.450
48.2200,914,BR,24,5.79206,-0.04685,0.29988,134,134,134,0.27878,5.86629,-0.04314,1,1,0.450
48.2300,914,FL,16,6.11918,0.21065,0.30047,134,134,134,0.27937,6.24902,0.23425,1,1,0.450
48.2300,914,BL,9,5.66594,0.21726,0.30276,134,134,134,0.28165,5.73632,0.21983,1,1,0.450
48.2300,914,FR,1,5.97520,-0.06345,0.30982,131,131,131,0.28868,6.09637,-0.08786,1,1,0.450
48.2300,914,BR,24,5.79302,-0.04774,0.29985,134,134,134,0.27875,5.86771,-0.04424,1,1,0.450
48.2400,915,FL,15,6.12066,0.20975,0.30055,134,134,134,0.27944,6.25049,0.23316,1,1,0.450
48.2400,915,BL,8,5.66723,0.21633,0.30248,134,134,134,0.28137,5.73814,0.21796,1,1,0.450
48.2400,915,FR,30,6.24446,-0.07321,0.30002,134,134,134,0.27892,6.34767,-0.08744,1,1,0.450
48.2400,915,BR,23,5.79479,-0.04919,0.29981,134,134,134,0.27871,5.86532,-0.04613,1,1,0.450
48.2580,915,FL,15,6.12220,0.20878,0.30063,134,134,134,0.27953,6.25238,0.23254,1,1,0.450
48.2580,915,BL,8,5.66834,0.21470,0.30323,134,134,134,0.28211,5.73978,0.21591,1,1,0.450
48.2580,915,FR,30,6.24608,-0.07370,0.30002,134,134,134,0.27892,6.36026,-0.08902,1,1,0.450
48.2580,915,BR,23,5.79639,-0.04978,0.29987,134,134,134,0.27877,5.87298,-0.04702,1,1,0.450
48.2700,916,FL,14,6.12393,0.20808,0.30066,134,134,134,0.27956,6.25578,0.23015,1,1,0.450
48.2700,916,BL,7,5.66848,0.21489,0.30317,134,134,134,0.28206,5.74234,0.21390,1,1,0.450
48.2700,916,FR,29,6.24949,-0.07540,0.30004,134,134,134,0.27894,6.35899,-0.09070,1,1,0.450
48.2700,916,BR,22,5.79956,-0.05223,0.29983,134,134,134,0.27873,5.87219,-0.05027,1,1,0.450
48.2800,916,FL,14,6.12378,0.20812,0.30059,134,134,134,0.27948,6.25690,0.22974,1,1,0.450
48.2800,916,BL,7,5.66745,0.21485,0.30282,134,134,134,0.28171,5.74216,0.21307,1,1,0.450
48.2800,916,FR,29,6.25001,-0.07570,0.30004,134,134,134,0.27893,6.36785,-0.09170,1,1,0.450
48.2800,916,BR,22,5.79992,-0.05222,0.29981,134,134,134,0.27870,5.87778,-0.05082,1,1,0.450
48.2880,916,FL,14,6.12394,0.20802,0.30062,134,134,134,0.27952,6.25766,0.22888,1,1,0.450
48.2880,916,BL,7,5.66727,0.21496,0.30264,134,134,134,0.28153,5.74250,0.21241,1,1,0.450
48.2880,916,FR,29,6.25100,-0.07633,0.30006,134,134,134,0.27895,6.36874,-0.09208,1,1,0.450
48.2880,916,BR,22,5.80075,-0.05320,0.29975,134,134,134,0.27865,5.87909,-0.05211,1,1,0.450
48.2980,917,FL,13,6.12486,0.20772,0.30056,134,134,134,0.27946,6.25897,0.22821,1,1,0.450
48.2980,917,BL,6,5.66788,0.21471,0.30242,134,134,134,0.28131,5.74349,0.21162,1,1,0.450
48.2980,917,FR,28,6.25238,-0.07691,0.30006,134,134,134,0.27896,6.36530,-0.09306,1,1,0.450
48.2980,917,BR,21,5.80208,-0.05401,0.29974,134,134,134,0.27864,5.87571,-0.05364,1,1,0.450
48.3080,917,FL,13,6.12519,0.20770,0.30057,134,134,134,0.27946,6.26001,0.22808,1,1,0.450
48.3080,917,BL,6,5.66787,0.21453,0.30251,134,134,134,0.28140,5.74371,0.21110,1,1,0.450
48.3080,917,FR,28,6.25304,-0.07707,0.30004,134,134,134,0.27894,6.37313,-0.09391,1,1,0.450
48.3080,917,BR,21,5.80258,-0.05383,0.29974,134,134,134,0.27864,5.88074,-0.05380,1,1,0.450
48.3180,917,FL,13,6.12528,0.20732,0.30077,134,134,134,0.27966,6.26022,0.22732,1,1,0.450
48.3180,917,BL,6,5.66798,0.21429,0.30301,134,134,134,0.28190,5.74394,0.21027,1,1,0.450
48.3180,917,FR,28,6.25352,-0.07770,0.30007,134,134,134,0.27896,6.37353,-0.09437,1,1,0.450
48.3180,917,BR,21,5.80297,-0.05472,0.29973,134,134,134,0.27863,5.88148,-0.05487,1,1,0.450
48.3280,918,FL,12,6.12543,0.20688,0.30088,134,134,134,0.27977,6.26043,0.22667,1,1,0.450
48.3280,918,BL,5,5.66802,0.21392,0.30344,134,134,134,0.28232,5.74414,0.20932,1,1,0.450
48.3280,918,FR,27,6.25382,-0.07828,0.30007,134,134,134,0.27897,6.36886,-0.09542,1,1,0.450
48.3280,918,BR,20,5.80326,-0.05547,0.29976,134,134,134,0.27866,5.87678,-0.05629,1,1,0.450
48.3380,918,FL,12,6.12499,0.20706,0.30093,134,134,134,0.27982,6.26028,0.22684,1,1,0.450
48.3380,918,BL,5,5.66750,0.21381,0.30368,134,134,134,0.28257,5.74359,0.20902,1,1,0.450
48.3380,918,FR,27,6.25345,-0.07824,0.30003,134,134,134,0.27893,6.37507,-0.09613,1,1,0.450
48.3380,918,BR,20,5.80273,-0.05498,0.29977,134,134,134,0.27867,5.88043,-0.05623,1,1,0.450
48.3480,918,FL,12,6.12538,0.20648,0.30114,134,134,134,0.28003,6.26065,0.22610,1,1,0.450
48.3480,918,BL,5,5.66802,0.21325,0.30424,134,134,134,0.28313,5.74399,0.20802,1,1,0.450
48.3480,918,FR,27,6.25415,-0.07888,0.30006,134,134,134,0.27896,6.37572,-0.09662,1,1,0.450
48.3480,918,BR,20,5.80337,-0.05593,0.29976,134,134,134,0.27866,5.88134,-0.05725,1,1,0.450
48.3560,919,FL,11,6.12487,0.20594,0.30142,134,134,134,0.28031,6.25979,0.22544,1,1,0.450
48.3580,919,BL,4,5.66763,0.21277,0.30513,133,133,133,0.28401,5.74360,0.20674,1,1,0.450
48.3580,919,FR,26,6.25354,-0.07944,0.30006,134,134,134,0.27896,6.36999,-0.09767,1,1,0.450
48.3580,919,BR,19,5.80278,-0.05672,0.29983,134,134,134,0.27873,5.87553,-0.05866,1,1,0.450
48.3660,919,FL,11,6.12481,0.20606,0.30151,134,134,134,0.28040,6.25989,0.22570,1,1,0.450
48.3680,919,BL,4,5.66753,0.21237,0.30546,133,133,133,0.28434,5.74341,0.20628,1,1,0.450
48.3680,919,FR,26,6.25352,-0.07937,0.30001,134,134,134,0.27891,6.37627,-0.09839,1,1,0.450
48.3680,919,BR,19,5.80260,-0.05626,0.29985,134,134,134,0.27874,5.87934,-0.05867,1,1,0.450
48.3760,919,FL,11,6.12475,0.20533,0.30180,134,134,134,0.28070,6.25973,0.22478,1,1,0.450
48.3780,919,BL,4,5.66774,0.21161,0.30617,132,132,132,0.28505,5.74318,0.20488,1,1,0.450
48.3780,919,FR,26,6.25385,-0.08012,0.30005,134,134,134,0.27894,6.37654,-0.09893,1,1,0.450
48.3780,919,BR,19,5.80286,-0.05750,0.29985,134,134,134,0.27875,5.87990,-0.05985,1,1,0.450
48.3880,920,FL,10,6.12397,0.20508,0.30198,134,134,134,0.28087,6.25857,0.22423,1,1,0.450
48.3880,920,BL,3,5.66723,0.21147,0.30660,132,132,132,0.28548,5.74232,0.20402,1,1,0.450
48.3880,920,FR,25,6.25298,-0.08056,0.30005,134,134,134,0.27895,6.37048,-0.09994,1,1,0.450
48.3880,920,BR,18,5.80200,-0.05811,0.29990,134,134,134,0.27880,5.87373,-0.06128,1,1,0.450
48.3960,920,FL,10,6.12353,0.20526,0.30212,134,134,134,0.28101,6.25799,0.22431,1,1,0.450
48.3960,920,BL,3,5.66706,0.21112,0.30688,132,132,132,0.28576,5.74155,0.20347,1,1,0.450
48.3960,920,FR,25,6.25254,-0.08070,0.29999,134,134,134,0.27888,6.37612,-0.10089,1,1,0.450
48.3960,920,BR,18,5.80138,-0.05790,0.29992,134,134,134,0.27882,5.87697,-0.06170,1,1,0.450
48.4060,920,FL,10,6.12292,0.20503,0.30235,134,134,134,0.28124,6.25708,0.22368,1,1,0.450
48.4060,920,BL,3,5.66694,0.21101,0.30722,132,132,132,0.28610,5.74067,0.20291,1,1,0.450
48.4060,920,FR,25,6.25206,-0.08123,0.30003,134,134,134,0.27893,6.37560,-0.10129,1,1,0.450
48.4060,920,BR,18,5.80087,-0.05869,0.29992,134,134,134,0.27882,5.87667,-0.06268,1,1,0.450
48.4160,921,FL,9,6.12269,0.20477,0.30243,134,134,134,0.28132,6.25652,0.22290,1,1,0.450
48.4160,921,BL,2,5.66722,0.21086,0.30725,132,132,132,0.28612,5.73992,0.20243,1,1,0.450
48.4160,921,FR,24,6.25179,-0.08198,0.30003,134,134,134,0.27893,6.37007,-0.10270,1,1,0.450
48.4160,921,BR,17,5.80061,-0.05950,0.29994,134,134,134,0.27884,5.87631,-0.06383,1,1,0.450
48.4260,921,FL,9,6.12197,0.20539,0.30257,134,134,134,0.28146,6.25520,0.22342,1,1,0.450
48.4260,921,BL,2,5.66696,0.21100,0.30733,132,132,132,0.28620,5.73927,0.20263,1,1,0.450
48.4260,921,FR,24,6.25072,-0.08187,0.29996,134,134,134,0.27886,6.37493,-0.10346,1,1,0.450
48.4260,921,BR,17,5.79936,-0.05872,0.29996,134,134,134,0.27886,5.87371,-0.06474,1,1,0.450
48.4360,921,FL,9,6.12177,0.20516,0.30271,134,134,134,0.28160,6.25439,0.22250,1,1,0.450
48.4360,921,BL,2,5.66747,0.21101,0.30722,132,132,132,0.28610,5.73853,0.20262,1,1,0.450
48.4360,921,FR,24,6.25008,-0.08276,0.30001,134,134,134,0.27891,6.37419,-0.10442,1,1,0.450
48.4360,921,BR,17,5.79884,-0.05958,0.29995,134,134,134,0.27885,5.87292,-0.06594,1,1,0.450
48.4460,922,FL,8,6.12114,0.20524,0.30278,134,134,134,0.28167,6.25283,0.22207,1,1,0.450
48.4460,922,BL,1,5.66729,0.21124,0.30731,132,132,132,0.28618,5.73790,0.20274,1,1,0.450
48.4460,922,FR,23,6.24864,-0.08330,0.30001,134,134,134,0.27891,6.36732,-0.10578,1,1,0.450
48.4460,922,BR,16,5.79756,-0.05985,0.30001,134,134,134,0.27890,5.87120,-0.06672,1,1,0.450
48.4660,922,FL,8,6.12125,0.20580,0.30278,134,134,134,0.28167,6.25200,0.22228,1,1,0.450
48.4660,922,BL,1,5.66785,0.21127,0.30709,132,132,132,0.28597,5.73809,0.20342,1,1,0.450
48.4660,922,FR,23,6.24789,-0.08368,0.29998,134,134,134,0.27888,6.36685,-0.11145,1,1,0.450
48.4660,922,BR,16,5.79683,-0.05905,0.30002,134,134,134,0.27892,5.86953,-0.06729,1,1,0.450
48.4760,923,FL,7,6.12081,0.20578,0.30260,134,134,134,0.28149,6.24954,0.22137,1,1,0.450
48.4760,923,BL,30,5.93904,0.20159,0.29988,134,134,134,0.27878,6.01693,0.20176,1,1,0.450
48.4760,923,FR,22,6.24540,-0.08455,0.29989,134,134,134,0.27879,6.36020,-0.11189,1,1,0.450
48.4760,923,BR,15,5.79474,-0.05935,0.30000,134,134,134,0.27890,5.86639,-0.06843,1,1,0.450
48.4860,923,FL,7,6.12107,0.20627,0.30251,134,134,134,0.28140,6.24867,0.22145,1,1,0.450
48.4860,923,BL,30,5.93787,0.20033,0.29987,134,134,134,0.27877,6.01401,0.19465,1,1,0.450
48.4860,923,FR,22,6.24413,-0.08517,0.29986,134,134,134,0.27876,6.36198,-0.11621,1,1,0.450
48.4860,923,BR,15,5.79375,-0.05834,0.30004,134,134,134,0.27893,5.86401,-0.06902,1,1,0.450
48.4960,923,FL,7,6.12011,0.20606,0.30280,134,134,134,0.28169,6.24695,0.22093,1,1,0.450
48.4960,923,BL,30,5.93634,0.19997,0.29989,134,134,134,0.27879,6.01296,0.19432,1,1,0.450
48.4960,923,FR,22,6.24252,-0.08544,0.29985,134,134,134,0.27875,6.36049,-0.11615,1,1,0.450
48.4960,923,BR,15,5.79231,-0.05866,0.30005,134,134,134,0.27894,5.86218,-0.06941,1,1,0.450
48.5060,924,FL,6,6.11962,0.20595,0.30290,134,134,134,0.28179,6.24563,0.22051,1,1,0.450
48.5060,924,BL,29,5.93515,0.19954,0.29989,134,134,134,0.27879,6.00763,0.19413,1,1,0.450
48.5060,924,FR,21,6.24127,-0.08594,0.29987,134,134,134,0.27876,6.35502,-0.11649,1,1,0.450
48.5060,924,BR,14,5.79126,-0.05899,0.30014,134,134,134,0.27904,5.86062,-0.06998,1,1,0.450
48.5140,924,FL,6,6.11868,0.20653,0.30282,134,134,134,0.28170,6.24386,0.22112,1,1,0.450
48.5140,924,BL,29,5.93341,0.19873,0.29988,134,134,134,0.27878,6.00719,0.19001,1,1,0.450
48.5140,924,FR,21,6.23985,-0.08565,0.29981,134,134,134,0.27871,6.35787,-0.11863,1,1,0.450
48.5140,924,BR,14,5.78985,-0.05788,0.30021,134,134,134,0.27911,5.85836,-0.06984,1,1,0.450
48.5260,924,FL,6,6.11911,0.20648,0.30271,134,134,134,0.28160,6.24375,0.22095,1,1,0.450
48.5260,924,BL,29,5.93328,0.19839,0.29989,134,134,134,0.27879,6.00753,0.18963,1,1,0.450
48.5260,924,FR,21,6.23972,-0.08584,0.29982,134,134,134,0.27872,6.35777,-0.11860,1,1,0.450
48.5260,924,BR,14,5.78994,-0.05825,0.30017,134,134,134,0.27907,5.85805,-0.07033,1,1,0.450
48.5340,925,FL,5,6.11780,0.20634,0.30298,134,134,134,0.28186,6.24169,0.22068,1,1,0.450
48.5360,925,BL,28,5.93165,0.19819,0.29990,134,134,134,0.27879,6.00191,0.18993,1,1,0.450
48.5360,925,FR,20,6.23813,-0.08602,0.29985,134,134,134,0.27874,6.35220,-0.11829,1,1,0.450
48.5360,925,BR,13,5.78835,-0.05849,0.30029,134,134,134,0.27919,5.85636,-0.07059,1,1,0.450
48.5440,925,FL,5,6.11739,0.20668,0.30326,134,134,134,0.28214,6.24061,0.22120,1,1,0.450
48.5440,925,BL,28,5.93068,0.19748,0.29989,134,134,134,0.27879,6.00364,0.18719,1,1,0.450
48.5440,925,FR,20,6.23749,-0.08558,0.29981,134,134,134,0.27871,6.35627,-0.11972,1,1,0.450
48.5440,925,BR,13,5.78763,-0.05741,0.30046,134,134,134,0.27936,5.85497,-0.07025,1,1,0.450
48.5540,925,FL,5,6.11702,0.20620,0.30399,134,134,134,0.28287,6.23966,0.22062,1,1,0.450
48.5560,925,BL,28,5.93024,0.19738,0.29990,134,134,134,0.27880,6.00368,0.18710,1,1,0.450
48.5560,925,FR,20,6.23698,-0.08568,0.29989,134,134,134,0.27879,6.35589,-0.11946,1,1,0.450
48.5560,925,BR,13,5.78711,-0.05798,0.30061,134,134,134,0.27951,5.85451,-0.07040,1,1,0.450
48.5640,926,FL,4,6.11648,0.20572,0.30472,134,134,134,0.28361,6.23850,0.22007,1,1,0.450
48.5640,926,BL,27,5.92947,0.19728,0.29990,134,134,134,0.27880,5.99900,0.18771,1,1,0.450
48.5640,926,FR,19,6.23623,-0.08581,0.29994,134,134,134,0.27884,6.35127,-0.11882,1,1,0.450
48.5640,926,BR,12,5.78633,-0.05832,0.30085,134,134,134,0.27974,5.85366,-0.07047,1,1,0.450
48.5760,926,FL,4,6.11527,0.20546,0.30542,133,133,133,0.28430,6.23645,0.21977,1,1,0.450
48.5760,926,BL,27,5.92814,0.19664,0.29990,134,134,134,0.27880,6.00102,0.18586,1,1,0.450
48.5760,926,FR,19,6.23519,-0.08542,0.29994,134,134,134,0.27884,6.35518,-0.11976,1,1,0.450
48.5760,926,BR,12,5.78495,-0.05766,0.30119,134,134,134,0.28009,5.85212,-0.06995,1,1,0.450
48.5840,926,FL,4,6.11444,0.20459,0.30666,132,132,132,0.28554,6.23497,0.21870,1,1,0.450
48.5860,926,BL,27,5.92746,0.19667,0.29991,134,134,134,0.27881,6.00087,0.18604,1,1,0.450
48.5860,926,FR,19,6.23436,-0.08556,0.30008,134,134,134,0.27898,6.35459,-0.11931,1,1,0.450
48.5860,926,BR,12,5.78400,-0.05847,0.30147,134,134,134,0.28036,5.85140,-0.06997,1,1,0.450
48.5940,927,FL,3,6.11426,0.20415,0.30728,132,132,132,0.28616,6.23446,0.21816,1,1,0.450
48.5940,927,BL,26,5.92711,0.19666,0.29991,134,134,134,0.27881,5.99662,0.18688,1,1,0.450
48.5940,927,FR,18,6.23401,-0.08565,0.30012,134,134,134,0.27902,6.35035,-0.11855,1,1,0.450
48.5940,927,BR,11,5.78363,-0.05872,0.30168,134,134,134,0.28058,5.85094,-0.06998,1,1,0.450
48.6060,927,FL,3,6.11459,0.20384,0.30780,132,132,132,0.28668,6.23429,0.21782,1,1,0.450
48.6060,927,BL,26,5.92719,0.19609,0.29992,134,134,134,0.27882,6.00035,0.18557,1,1,0.450
48.6060,927,FR,18,6.23441,-0.08525,0.30011,134,134,134,0.27901,6.35560,-0.11926,1,1,0.450
48.6060,927,BR,11,5.78377,-0.05806,0.30203,134,134,134,0.28092,5.85086,-0.06939,1,1,0.450
48.6160,927,FL,3,6.11335,0.20301,0.30854,131,131,131,0.28741,6.23270,0.21683,1,1,0.450
48.6160,927,BL,26,5.92646,0.19630,0.29991,134,134,134,0.27881,6.00012,0.18597,1,1,0.450
48.6160,927,FR,18,6.23346,-0.08531,0.30023,134,134,134,0.27913,6.35493,-0.11873,1,1,0.450
48.6160,927,BR,11,5.78256,-0.05872,0.30218,134,134,134,0.28107,5.85023,-0.06920,1,1,0.450
48.6240,928,FL,2,6.11333,0.20262,0.30897,131,131,131,0.28784,6.23280,0.21651,1,1,0.450
48.6240,928,BL,25,5.92650,0.19650,0.29992,134,134,134,0.27881,5.99623,0.18708,1,1,0.450
48.6240,928,FR,17,6.23347,-0.08523,0.30026,134,134,134,0.27916,6.35501,-0.11845,1,1,0.450
48.6240,928,BR,10,5.78253,-0.05879,0.30236,134,134,134,0.28125,5.85018,-0.06896,1,1,0.450
48.6360,928,FL,2,6.11413,0.20258,0.30876,131,131,131,0.28763,6.23396,0.21685,1,1,0.450
48.6360,928,BL,25,5.92719,0.19614,0.29992,134,134,134,0.27881,6.00069,0.18621,1,1,0.450
48.6360,928,FR,17,6.23444,-0.08464,0.30022,134,134,134,0.27912,6.35675,-0.11829,1,1,0.450
48.6360,928,BR,10,5.78332,-0.05772,0.30253,134,134,134,0.28142,5.85075,-0.06814,1,1,0.450
48.6460,928,FL,2,6.11394,0.20206,0.30889,131,131,131,0.28776,6.23445,0.21673,1,1,0.450
48.6460,928,BL,25,5.92767,0.19669,0.29990,134,134,134,0.27880,6.00159,0.18686,1,1,0.450
48.6460,928,FR,17,6.23475,-0.08438,0.30030,134,134,134,0.27920,6.35706,-0.11762,1,1,0.450
48.6460,928,BR,10,5.78349,-0.05781,0.30255,134,134,134,0.28144,5.85144,-0.06754,1,1,0.450
48.6540,929,FL,1,6.11223,0.20133,0.30915,131,131,131,0.28802,6.23284,0.21581,1,1,0.450
48.6540,929,BL,24,5.92701,0.19714,0.29989,134,134,134,0.27879,5.99691,0.18822,1,1,0.450
48.6540,929,FR,16,6.23386,-0.08429,0.30034,134,134,134,0.27924,6.36060,-0.11776,1,1,0.450
48.6540,929,BR,9,5.78206,-0.05812,0.30260,134,134,134,0.28149,5.85089,-0.06690,1,1,0.450
48.6660,929,FL,1,6.11315,0.20131,0.30898,131,131,131,0.28784,6.23488,0.21630,1,1,0.450
48.6660,929,BL,24,5.92835,0.19706,0.29988,134,134,134,0.27878,6.00217,0.18789,1,1,0.450
48.6660,929,FR,16,6.23527,-0.08364,0.30032,134,134,134,0.27921,6.36284,-0.11736,1,1,0.450
48.6660,929,BR,9,5.78326,-0.05690,0.30272,134,134,134,0.28161,5.85198,-0.06579,1,1,0.450
48.6760,929,FL,1,6.11294,0.20083,0.30931,131,131,131,0.28818,6.23563,0.21662,1,1,0.450
48.6760,929,BL,24,5.92980,0.19823,0.29985,134,134,134,0.27875,6.00400,0.18910,1,1,0.450
48.6760,929,FR,16,6.23636,-0.08303,0.30046,134,134,134,0.27936,6.36398,-0.11630,1,1,0.450
48.6760,929,BR,9,5.78402,-0.05653,0.30274,134,134,134,0.28163,5.85374,-0.06439,1,1,0.450
48.6860,930,FL,30,6.38121,0.19047,0.30002,134,134,134,0.27892,6.48520,0.19721,1,1,0.450
48.6860,930,BL,23,5.93098,0.19905,0.29983,134,134,134,0.27873,6.00108,0.19076,1,1,0.450
48.6860,930,FR,15,6.23733,-0.08253,0.30052,134,134,134,0.27942,6.36501,-0.11562,1,1,0.450
48.6860,930,BR,8,5.78479,-0.05599,0.30265,134,134,134,0.28154,5.85500,-0.06317,1,1,0.450
48.7060,930,FL,30,6.38319,0.19097,0.30002,134,134,134,0.27892,6.49818,0.19797,1,1,0.450
48.7060,930,BL,23,5.93299,0.19981,0.29987,134,134,134,0.27877,6.00905,0.19125,1,1,0.450
48.7060,930,FR,15,6.23956,-0.08129,0.30058,134,134,134,0.27948,6.36690,-0.11505,1,1,0.450
48.7060,930,BR,8,5.78717,-0.05383,0.30294,134,134,134,0.28183,5.85736,-0.06080,1,1,0.450
48.7160,931,FL,29,6.38728,0.19272,0.30004,134,134,134,0.27893,6.49762,0.20000,1,1,0.450
48.7160,931,BL,22,5.93690,0.20246,0.29985,134,134,134,0.27875,6.00907,0.19498,1,1,0.450
48.7160,931,FR,14,6.24171,-0.08043,0.30068,134,134,134,0.27957,6.37113,-0.11254,1,1,0.450
48.7160,931,BR,7,5.78729,-0.05380,0.30326,134,134,134,0.28215,5.86067,-0.05845,1,1,0.450
48.7280,931,FL,29,6.38850,0.19302,0.30003,134,134,134,0.27893,6.50719,0.20036,1,1,0.450
48.7280,931,BL,22,5.93792,0.20247,0.29983,134,134,134,0.27873,6.01539,0.19519,1,1,0.450
48.7280,931,FR,14,6.24215,-0.08042,0.30063,134,134,134,0.27953,6.37298,-0.11215,1,1,0.450
48.7280,931,BR,7,5.78680,-0.05365,0.30304,134,134,134,0.28193,5.86121,-0.05757,1,1,0.450
48.7500,932,FL,28,6.38977,0.19372,0.30005,134,134,134,0.27895,6.50356,0.20169,1,1,0.450
48.7500,932,BL,21,5.93904,0.20358,0.29978,134,134,134,0.27868,6.01229,0.19750,1,1,0.450
48.7500,932,FR,13,6.24238,-0.08032,0.30072,134,134,134,0.27962,6.37410,-0.11110,1,1,0.450
48.7500,932,BR,6,5.78647,-0.05385,0.30306,134,134,134,0.28195,5.86171,-0.05677,1,1,0.450
48.7620,932,FL,28,6.39058,0.19427,0.30003,134,134,134,0.27893,6.51158,0.20229,1,1,0.450
48.7620,932,BL,21,5.93967,0.20404,0.29976,134,134,134,0.27866,6.01750,0.19809,1,1,0.450
48.7620,932,FR,13,6.24253,-0.08010,0.30061,134,134,134,0.27950,6.37517,-0.11049,1,1,0.450
48.7620,932,BR,6,5.78607,-0.05350,0.30273,134,134,134,0.28162,5.86192,-0.05554,1,1,0.450
48.7720,933,FL,27,6.39134,0.19511,0.30006,134,134,134,0.27896,6.50732,0.20385,1,1,0.450
48.7720,933,BL,20,5.94035,0.20522,0.29976,134,134,134,0.27866,6.01362,0.20044,1,1,0.450
48.7720,933,FR,12,6.24277,-0.07959,0.30084,134,134,134,0.27974,6.37562,-0.10948,1,1,0.450
48.7720,933,BR,5,5.78628,-0.05321,0.30333,134,134,134,0.28221,5.86237,-0.05438,1,1,0.450
48.7820,933,FL,27,6.39238,0.19532,0.30003,134,134,134,0.27892,6.51499,0.20425,1,1,0.450
48.7820,933,BL,20,5.94118,0.20504,0.29977,134,134,134,0.27867,6.01872,0.20042,1,1,0.450
48.7820,933,FR,12,6.24353,-0.07952,0.30083,134,134,134,0.27973,6.37693,-0.10946,1,1,0.450
48.7820,933,BR,5,5.78678,-0.05277,0.30347,134,134,134,0.28236,5.86308,-0.05376,1,1,0.450
48.7920,933,FL,27,6.39198,0.19586,0.30006,134,134,134,0.27895,6.51450,0.20467,1,1,0.450
48.7920,933,BL,20,5.94074,0.20582,0.29977,134,134,134,0.27867,6.01857,0.20132,1,1,0.450
48.7920,933,FR,12,6.24296,-0.07915,0.30112,134,134,134,0.28001,6.37621,-0.10875,1,1,0.450
48.7920,933,BR,5,5.78641,-0.05260,0.30415,134,134,134,0.28303,5.86263,-0.05295,1,1,0.450
48.8020,934,FL,26,6.39208,0.19645,0.30006,134,134,134,0.27896,6.50956,0.20615,1,1,0.450
48.8020,934,BL,19,5.94086,0.20657,0.29982,134,134,134,0.27872,6.01356,0.20316,1,1,0.450
48.8020,934,FR,11,6.24303,-0.07867,0.30130,134,134,134,0.28019,6.37615,-0.10809,1,1,0.450
48.8020,934,BR,4,5.78652,-0.05216,0.30480,134,134,134,0.28368,5.86274,-0.05192,1,1,0.450
48.8120,934,FL,26,6.39154,0.19642,0.30001,134,134,134,0.27891,6.51532,0.20645,1,1,0.450
48.8120,934,BL,19,5.94015,0.20615,0.29985,134,134,134,0.27875,6.01683,0.20289,1,1,0.450
48.8120,934,FR,11,6.24258,-0.07874,0.30145,134,134,134,0.28034,6.37571,-0.10829,1,1,0.450
48.8120,934,BR,4,5.78606,-0.05181,0.30531,133,133,133,0.28419,5.86238,-0.05133,1,1,0.450
48.8200,934,FL,26,6.39201,0.19715,0.30004,134,134,134,0.27894,6.51573,0.20700,1,1,0.450
48.8220,934,BL,19,5.94058,0.20733,0.29985,134,134,134,0.27875,6.01754,0.20404,1,1,0.450
48.8220,934,FR,11,6.24265,-0.07804,0.30170,134,134,134,0.28059,6.37574,-0.10736,1,1,0.450
48.8220,934,BR,4,5.78637,-0.05110,0.30597,132,132,132,0.28484,5.86231,-0.05000,1,1,0.450
48.8300,934,FL,26,6.39238,0.19773,0.30004,134,134,134,0.27894,6.51613,0.20746,1,1,0.450
48.8300,934,BL,19,5.94094,0.20817,0.29990,134,134,134,0.27879,6.01792,0.20495,1,1,0.450
48.8300,934,FR,11,6.24284,-0.07750,0.30188,134,134,134,0.28077,6.37584,-0.10668,1,1,0.450
48.8300,934,BR,4,5.78670,-0.05048,0.30646,132,132,132,0.28533,5.86237,-0.04881,1,1,0.450
48.8400,935,FL,25,6.39203,0.19835,0.30005,134,134,134,0.27894,6.51064,0.20899,1,1,0.450
48.8400,935,BL,18,5.94060,0.20907,0.29993,134,134,134,0.27883,6.01241,0.20692,1,1,0.450
48.8400,935,FR,10,6.24242,-0.07697,0.30205,134,134,134,0.28094,6.37518,-0.10589,1,1,0.450
48.8400,935,BR,3,5.78652,-0.05006,0.30689,132,132,132,0.28577,5.86183,-0.04762,1,1,0.450
48.8500,935,FL,25,6.39163,0.19841,0.29999,134,134,134,0.27888,6.51637,0.20944,1,1,0.450
48.8500,935,BL,18,5.93997,0.20872,0.29996,134,134,134,0.27886,6.01573,0.20697,1,1,0.450
48.8520,935,FR,10,6.24195,-0.07728,0.30222,134,134,134,0.28111,6.37467,-0.10607,1,1,0.450
48.8520,935,BR,3,5.78637,-0.04985,0.30711,132,132,132,0.28598,5.86101,-0.04734,1,1,0.450
48.8600,935,FL,25,6.39056,0.19902,0.30003,134,134,134,0.27893,6.51523,0.20993,1,1,0.450
48.8600,935,BL,18,5.93893,0.20955,0.29995,134,134,134,0.27885,6.01482,0.20802,1,1,0.450
48.8600,935,FR,10,6.24094,-0.07705,0.30244,134,134,134,0.28133,6.37315,-0.10531,1,1,0.450
48.8600,935,BR,3,5.78594,-0.04990,0.30739,132,132,132,0.28626,5.85984,-0.04676,1,1,0.450
48.8700,936,FL,24,6.38986,0.19972,0.30003,134,134,134,0.27893,6.50932,0.21170,1,1,0.450
48.8700,936,BL,17,5.93827,0.21023,0.29998,134,134,134,0.27888,6.01398,0.20909,1,1,0.450
48.8700,936,FR,9,6.24046,-0.07687,0.30248,134,134,134,0.28137,6.37221,-0.10458,1,1,0.450
48.8700,936,BR,2,5.78592,-0.04995,0.30741,132,132,132,0.28628,5.85904,-0.04635,1,1,0.450
48.8800,936,FL,24,6.38961,0.19996,0.29996,134,134,134,0.27886,6.51507,0.21241,1,1,0.450
48.8800,936,BL,17,5.93775,0.20974,0.29999,134,134,134,0.27888,6.01231,0.21048,1,1,0.450
48.8800,936,FR,9,6.24032,-0.07735,0.30264,134,134,134,0.28153,6.37170,-0.10478,1,1,0.450
48.8800,936,BR,2,5.78642,-0.04994,0.30727,132,132,132,0.28615,5.85861,-0.04668,1,1,0.450
48.8900,936,FL,24,6.38858,0.20081,0.30001,134,134,134,0.27891,6.51392,0.21337,1,1,0.450
48.8900,936,BL,17,5.93690,0.21048,0.29999,134,134,134,0.27889,6.01113,0.21162,1,1,0.450
48.8900,936,FR,9,6.23995,-0.07718,0.30276,134,134,134,0.28165,6.37057,-0.10390,1,1,0.450
48.8900,936,BR,2,5.78663,-0.05010,0.30721,132,132,132,0.28608,5.85798,-0.04668,1,1,0.450
48.9040,937,FL,23,6.38716,0.20148,0.30001,134,134,134,0.27891,6.50713,0.21524,1,1,0.450
48.9040,937,BL,16,5.93563,0.21083,0.30005,134,134,134,0.27894,6.00940,0.21250,1,1,0.450
48.9040,937,FR,8,6.23935,-0.07720,0.30278,134,134,134,0.28167,6.36907,-0.10335,1,1,0.450
48.9040,937,BR,1,5.78640,-0.05032,0.30729,132,132,132,0.28617,5.85742,-0.04676,1,1,0.450
48.9260,938,FL,22,6.38559,0.20213,0.29998,134,134,134,0.27888,6.50177,0.22151,1,1,0.450
48.9260,938,BL,15,5.93410,0.21009,0.30007,134,134,134,0.27897,6.00677,0.21343,1,1,0.450
48.9280,938,FR,7,6.23917,-0.07791,0.30280,134,134,134,0.28169,6.36737,-0.10338,1,1,0.450
48.9280,938,BR,30,6.05917,-0.06120,0.29986,134,134,134,0.27876,6.13613,-0.06659,1,1,0.450
48.9420,938,FL,22,6.38294,0.20319,0.29987,134,134,134,0.27877,6.50288,0.22520,1,1,0.450
48.9420,938,BL,15,5.93156,0.20983,0.30020,134,134,134,0.27910,6.00289,0.21464,1,1,0.450
48.9440,938,FR,7,6.23832,-0.07769,0.30304,134,134,134,0.28193,6.36461,-0.10227,1,1,0.450
48.9440,938,BR,30,6.05659,-0.05916,0.29988,134,134,134,0.27878,6.13291,-0.05914,1,1,0.450
48.9520,939,FL,21,6.38131,0.20414,0.29987,134,134,134,0.27876,6.49706,0.22600,1,1,0.450
48.9520,939,BL,14,5.93038,0.21066,0.30023,134,134,134,0.27913,6.00071,0.21603,1,1,0.450
48.9520,939,FR,6,6.23807,-0.07746,0.30317,134,134,134,0.28206,6.36298,-0.10136,1,1,0.450
48.9520,939,BR,29,6.05500,-0.05811,0.29990,134,134,134,0.27880,6.12767,-0.05811,1,1,0.450
48.9640,939,FL,21,6.37985,0.20404,0.29982,134,134,134,0.27871,6.50000,0.22801,1,1,0.450
48.9640,939,BL,14,5.92894,0.20976,0.30031,134,134,134,0.27921,5.99835,0.21620,1,1,0.450
48.9640,939,FR,6,6.23722,-0.07792,0.30304,134,134,134,0.28193,6.36118,-0.10173,1,1,0.450
48.9660,939,BR,29,6.05327,-0.05711,0.29989,134,134,134,0.27879,6.12749,-0.05391,1,1,0.450
48.9760,939,FL,21,6.37895,0.20440,0.29983,134,134,134,0.27873,6.49911,0.22808,1,1,0.450
48.9760,939,BL,14,5.92827,0.21044,0.30030,134,134,134,0.27920,5.99725,0.21691,1,1,0.450
48.9760,939,FR,6,6.23695,-0.07764,0.30315,134,134,134,0.28204,6.36010,-0.10121,1,1,0.450
48.9760,939,BR,29,6.05233,-0.05655,0.29990,134,134,134,0.27880,6.12701,-0.05340,1,1,0.450
48.9860,940,FL,20,6.37738,0.20476,0.29986,134,134,134,0.27876,6.49355,0.22824,1,1,0.450
48.9860,940,BL,13,5.92676,0.21088,0.30048,134,134,134,0.27938,5.99551,0.21743,1,1,0.450
48.9860,940,FR,5,6.23577,-0.07734,0.30360,134,134,134,0.28249,6.35815,-0.10067,1,1,0.450
48.9860,940,BR,28,6.05072,-0.05614,0.29991,134,134,134,0.27880,6.12140,-0.05322,1,1,0.450
48.9960,940,FL,20,6.37701,0.20448,0.29983,134,134,134,0.27873,6.49798,0.22946,1,1,0.450
48.9960,940,BL,13,5.92633,0.20997,0.30068,134,134,134,0.27958,5.99434,0.21737,1,1,0.450
48.9960,940,FR,5,6.23578,-0.07764,0.30394,134,134,134,0.28283,6.35738,-0.10106,1,1,0.450
48.9960,940,BR,28,6.05006,-0.05522,0.29990,134,134,134,0.27880,6.12357,-0.05051,1,1,0.450
49.0060,940,FL,20,6.37565,0.20471,0.29991,134,134,134,0.27881,6.49676,0.22926,1,1,0.450
49.0060,940,BL,13,5.92490,0.21071,0.30082,134,134,134,0.27972,5.99311,0.21757,1,1,0.450
49.0060,940,FR,5,6.23445,-0.07692,0.30464,134,134,134,0.28353,6.35548,-0.10012,1,1,0.450
49.0060,940,BR,28,6.04881,-0.05505,0.29991,134,134,134,0.27881,6.12280,-0.05039,1,1,0.450
49.0180,941,FL,19,6.37538,0.20497,0.29997,134,134,134,0.27887,6.49258,0.22906,1,1,0.450
49.0180,941,BL,12,5.92466,0.21115,0.30109,134,134,134,0.27999,5.99266,0.21785,1,1,0.450
49.0180,941,FR,4,6.23450,-0.07642,0.30552,133,133,133,0.28440,6.35491,-0.09943,1,1,0.450
49.0180,941,BR,27,6.04852,-0.05482,0.29992,134,134,134,0.27881,6.11857,-0.05059,1,1,0.450
49.0260,941,FL,19,6.37422,0.20478,0.29999,134,134,134,0.27889,6.49651,0.22973,1,1,0.450
49.0260,941,BL,12,5.92304,0.21082,0.30151,134,134,134,0.28040,5.99106,0.21750,1,1,0.450
49.0260,941,FR,4,6.23307,-0.07583,0.30649,132,132,132,0.28536,6.35257,-0.09867,1,1,0.450
49.0280,941,BR,27,6.04715,-0.05400,0.29992,134,134,134,0.27882,6.12063,-0.04885,1,1,0.450
49.0360,941,FL,19,6.37365,0.20498,0.30009,134,134,134,0.27899,6.49605,0.22950,1,1,0.450
49.0360,941,BL,12,5.92252,0.21143,0.30168,134,134,134,0.28057,5.99051,0.21768,1,1,0.450
49.0360,941,FR,4,6.23271,-0.07525,0.30726,132,132,132,0.28613,6.35182,-0.09788,1,1,0.450
49.0360,941,BR,27,6.04672,-0.05396,0.29992,134,134,134,0.27882,6.12072,-0.04898,1,1,0.450
49.0460,942,FL,18,6.37378,0.20515,0.30015,134,134,134,0.27905,6.49226,0.22900,1,1,0.450
49.0460,942,BL,11,5.92260,0.21190,0.30195,134,134,134,0.28084,5.99056,0.21771,1,1,0.450
49.0460,942,FR,3,6.23299,-0.07462,0.30820,132,132,132,0.28707,6.35166,-0.09696,1,1,0.450
49.0480,942,BR,26,6.04684,-0.05389,0.29993,134,134,134,0.27883,6.11687,-0.04947,1,1,0.450
49.0560,942,FL,18,6.37362,0.20483,0.30013,134,134,134,0.27903,6.49706,0.22945,1,1,0.450
49.0560,942,BL,11,5.92212,0.21129,0.30225,134,134,134,0.28114,5.98997,0.21725,1,1,0.450
49.0560,942,FR,3,6.23273,-0.07428,0.30855,131,131,131,0.28742,6.35097,-0.09660,1,1,0.450
49.0560,942,BR,26,6.04644,-0.05323,0.29993,134,134,134,0.27883,6.12017,-0.04838,1,1,0.450
49.0660,942,FL,18,6.37271,0.20501,0.30025,134,134,134,0.27914,6.49636,0.22908,1,1,0.450
49.0660,942,BL,11,5.92102,0.21200,0.30240,134,134,134,0.28129,5.98930,0.21722,1,1,0.450
49.0660,942,FR,3,6.23164,-0.07349,0.30922,131,131,131,0.28809,6.34954,-0.09556,1,1,0.450
49.0660,942,BR,26,6.04574,-0.05333,0.29992,134,134,134,0.27882,6.11996,-0.04868,1,1,0.450
49.0760,943,FL,17,6.37338,0.20483,0.30026,134,134,134,0.27916,6.49697,0.22883,1,1,0.450
49.0760,943,BL,10,5.92181,0.21180,0.30253,134,134,134,0.28142,5.98983,0.21694,1,1,0.450
49.0760,943,FR,2,6.23245,-0.07333,0.30948,131,131,131,0.28835,6.35078,-0.09574,1,1,0.450
49.0760,943,BR,25,6.04640,-0.05357,0.29993,134,134,134,0.27882,6.11661,-0.04951,1,1,0.450
49.0860,943,FL,17,6.37368,0.20431,0.30024,134,134,134,0.27914,6.49822,0.22853,1,1,0.450
49.0860,943,BL,10,5.92166,0.21102,0.30274,134,134,134,0.28163,5.98988,0.21609,1,1,0.450
49.0860,943,FR,2,6.23236,-0.07299,0.30937,131,131,131,0.28824,6.35075,-0.09556,1,1,0.450
49.0860,943,BR,25,6.04655,-0.05321,0.29993,134,134,134,0.27882,6.12054,-0.04891,1,1,0.450
49.0960,943,FL,17,6.37320,0.20430,0.30033,134,134,134,0.27923,6.49785,0.22797,1,1,0.450
49.0960,943,BL,10,5.92096,0.21142,0.30279,134,134,134,0.28168,5.98976,0.21569,1,1,0.450
49.0960,943,FR,2,6.23139,-0.07229,0.30963,131,131,131,0.28850,6.35006,-0.09496,1,1,0.450
49.0960,943,BR,25,6.04630,-0.05362,0.29991,134,134,134,0.27881,6.12076,-0.04952,1,1,0.450
49.1040,944,FL,16,6.37292,0.20420,0.30035,134,134,134,0.27925,6.50188,0.22797,1,1,0.450
49.1040,944,BL,9,5.92040,0.21153,0.30283,134,134,134,0.28172,5.98963,0.21517,1,1,0.450
49.1060,944,FR,1,6.23059,-0.07179,0.30977,131,131,131,0.28864,6.34964,-0.09450,1,1,0.450
49.1060,944,BR,24,6.04619,-0.05401,0.29990,134,134,134,0.27880,6.11660,-0.05054,1,1,0.450
49.1160,944,FL,16,6.37514,0.20321,0.30032,134,134,134,0.27922,6.50477,0.22737,1,1,0.450
49.1160,944,BL,9,5.92249,0.20981,0.30295,134,134,134,0.28183,5.99148,0.21373,1,1,0.450
49.1160,944,FR,1,6.23240,-0.07206,0.30940,131,131,131,0.28827,6.35306,-0.09579,1,1,0.450
49.1160,944,BR,24,6.04833,-0.05421,0.29989,134,134,134,0.27879,6.12261,-0.05067,1,1,0.450
49.1240,944,FL,16,6.37532,0.20282,0.30047,134,134,134,0.27937,6.50517,0.22634,1,1,0.450
49.1240,944,BL,9,5.92211,0.20991,0.30288,134,134,134,0.28177,5.99240,0.21246,1,1,0.450
49.1240,944,FR,1,6.23129,-0.07131,0.30982,131,131,131,0.28869,6.35210,-0.09533,1,1,0.450
49.1240,944,BR,24,6.04888,-0.05523,0.29986,134,134,134,0.27876,6.12351,-0.05176,1,1,0.450
49.1360,945,FL,15,6.37621,0.20232,0.30052,134,134,134,0.27942,6.50606,0.22569,1,1,0.450
49.1360,945,BL,8,5.92292,0.20927,0.30282,134,134,134,0.28171,5.99344,0.21126,1,1,0.450
49.1360,945,FR,30,6.49961,-0.08081,0.30002,134,134,128,0.27892,6.60281,-0.09521,1,1,0.450
49.1360,945,BR,23,6.04996,-0.05609,0.29984,134,134,134,0.27874,6.12051,-0.05320,1,1,0.450
49.1540,945,FL,15,6.37813,0.20117,0.30054,134,134,134,0.27944,6.50801,0.22503,1,1,0.450
49.1560,945,BL,8,5.92465,0.20731,0.30291,134,134,134,0.28180,5.99543,0.20895,1,1,0.450
49.1560,945,FR,30,6.50154,-0.08135,0.30002,134,134,128,0.27892,6.61570,-0.09682,1,1,0.450
49.1560,945,BR,23,6.05189,-0.05690,0.29986,134,134,134,0.27876,6.12842,-0.05422,1,1,0.450
49.1640,946,FL,14,6.38006,0.20029,0.30061,134,134,134,0.27951,6.51161,0.22261,1,1,0.450
49.1640,946,BL,7,5.92493,0.20722,0.30317,134,134,134,0.28206,5.99830,0.20669,1,1,0.450
49.1640,946,FR,29,6.50516,-0.08313,0.30003,134,134,128,0.27893,6.61465,-0.09854,1,1,0.450
49.1640,946,BR,22,6.05527,-0.05950,0.29984,134,134,134,0.27874,6.12783,-0.05759,1,1,0.450
49.1740,946,FL,14,6.37994,0.20027,0.30062,134,134,134,0.27951,6.51256,0.22233,1,1,0.450
49.1740,946,BL,7,5.92406,0.20711,0.30322,134,134,134,0.28211,5.99826,0.20584,1,1,0.450
49.1740,946,FR,29,6.50553,-0.08333,0.30003,134,134,128,0.27893,6.62335,-0.09946,1,1,0.450
49.1740,946,BR,22,6.05549,-0.05937,0.29983,134,134,134,0.27873,6.13324,-0.05797,1,1,0.450
49.1820,946,FL,14,6.38070,0.20016,0.30062,134,134,134,0.27952,6.51431,0.22116,1,1,0.450
49.1840,946,BL,7,5.92418,0.20736,0.30291,134,134,134,0.28180,5.99917,0.20519,1,1,0.450
49.1840,946,FR,29,6.50738,-0.08418,0.30005,134,134,128,0.27895,6.62512,-0.10004,1,1,0.450
49.1840,946,BR,22,6.05716,-0.06057,0.29977,134,134,134,0.27867,6.13544,-0.05953,1,1,0.450
49.1940,947,FL,13,6.38100,0.19997,0.30059,134,134,134,0.27949,6.51493,0.22064,1,1,0.450
49.1940,947,BL,6,5.92422,0.20718,0.30276,134,134,134,0.28165,5.99956,0.20446,1,1,0.450
49.1940,947,FR,28,6.50806,-0.08465,0.30005,134,134,128,0.27895,6.62096,-0.10093,1,1,0.450
49.1940,947,BR,21,6.05779,-0.06121,0.29976,134,134,134,0.27866,6.13141,-0.06092,1,1,0.450
49.2020,947,FL,13,6.38085,0.19997,0.30054,134,134,134,0.27944,6.51543,0.22051,1,1,0.450
49.2020,947,BL,6,5.92369,0.20704,0.30273,134,134,134,0.28161,5.99938,0.20387,1,1,0.450
49.2020,947,FR,28,6.50822,-0.08478,0.30003,134,134,128,0.27893,6.62830,-0.10173,1,1,0.450
49.2040,947,BR,21,6.05780,-0.06104,0.29975,134,134,134,0.27865,6.13590,-0.06108,1,1,0.450
49.2120,947,FL,13,6.38089,0.19976,0.30066,134,134,134,0.27956,6.51566,0.21986,1,1,0.450
49.2140,947,BL,6,5.92375,0.20702,0.30293,134,134,134,0.28182,5.99950,0.20333,1,1,0.450
49.2140,947,FR,28,6.50869,-0.08529,0.30006,134,134,128,0.27895,6.62870,-0.10210,1,1,0.450
49.2140,947,BR,21,6.05818,-0.06178,0.29973,134,134,134,0.27862,6.13662,-0.06204,1,1,0.450
49.2220,948,FL,12,6.38166,0.19924,0.30079,134,134,134,0.27969,6.51668,0.21906,1,1,0.450
49.2220,948,BL,5,5.92432,0.20656,0.30339,134,134,134,0.28228,6.00028,0.20231,1,1,0.450
49.2220,948,FR,27,6.50977,-0.08602,0.30006,134,134,128,0.27896,6.62480,-0.10330,1,1,0.450
49.2220,948,BR,20,6.05923,-0.06270,0.29976,134,134,134,0.27865,6.13273,-0.06365,1,1,0.450
49.2340,948,FL,12,6.38127,0.19936,0.30086,134,134,134,0.27975,6.51662,0.21922,1,1,0.450
49.2340,948,BL,5,5.92378,0.20639,0.30371,134,134,134,0.28260,5.99989,0.20190,1,1,0.450
49.2340,948,FR,27,6.50946,-0.08600,0.30003,134,134,128,0.27892,6.63107,-0.10402,1,1,0.450
49.2340,948,BR,20,6.05876,-0.06223,0.29977,134,134,134,0.27867,6.13647,-0.06361,1,1,0.450
49.2420,948,FL,12,6.38168,0.19874,0.30105,134,134,134,0.27995,6.51705,0.21835,1,1,0.450
49.2420,948,BL,5,5.92431,0.20578,0.30425,134,134,134,0.28313,6.00027,0.20079,1,1,0.450
49.2420,948,FR,27,6.51025,-0.08674,0.30005,134,134,128,0.27895,6.63181,-0.10460,1,1,0.450
49.2420,948,BR,20,6.05947,-0.06333,0.29976,134,134,134,0.27866,6.13747,-0.06478,1,1,0.450
49.2540,949,FL,11,6.38119,0.19837,0.30129,134,134,134,0.28019,6.51628,0.21783,1,1,0.450
49.2540,949,BL,4,5.92393,0.20548,0.30499,133,133,133,0.28387,5.99986,0.19981,1,1,0.450
49.2540,949,FR,26,6.50968,-0.08718,0.30006,134,134,128,0.27895,6.62613,-0.10556,1,1,0.450
49.2540,949,BR,19,6.05892,-0.06393,0.29982,134,134,134,0.27872,6.13174,-0.06608,1,1,0.450
49.2620,949,FL,11,6.38158,0.19820,0.30139,134,134,134,0.28028,6.51695,0.21782,1,1,0.450
49.2620,949,BL,4,5.92422,0.20477,0.30539,133,133,133,0.28427,6.00013,0.19895,1,1,0.450
49.2620,949,FR,26,6.51027,-0.08736,0.30001,134,134,128,0.27890,6.63301,-0.10649,1,1,0.450
49.2620,949,BR,19,6.05932,-0.06383,0.29983,134,134,134,0.27873,6.13618,-0.06637,1,1,0.450
49.2720,949,FL,11,6.38114,0.19760,0.30170,134,134,134,0.28059,6.51626,0.21705,1,1,0.450
49.2720,949,BL,4,5.92408,0.20417,0.30617,132,132,132,0.28505,5.99962,0.19768,1,1,0.450
49.2720,949,FR,26,6.51007,-0.08798,0.30004,134,134,128,0.27894,6.63276,-0.10692,1,1,0.450
49.2720,949,BR,19,6.05907,-0.06487,0.29985,134,134,134,0.27875,6.13618,-0.06741,1,1,0.450
49.2820,950,FL,10,6.38079,0.19719,0.30189,134,134,134,0.28079,6.51566,0.21636,1,1,0.450
49.2820,950,BL,3,5.92395,0.20378,0.30666,132,132,132,0.28554,5.99908,0.19663,1,1,0.450
49.2820,950,FR,25,6.50977,-0.08855,0.30004,134,134,128,0.27894,6.62726,-0.10803,1,1,0.450
49.2820,950,BR,18,6.05876,-0.06568,0.29990,134,134,134,0.27879,6.13060,-0.06898,1,1,0.450
49.2920,950,FL,10,6.38045,0.19738,0.30202,134,134,134,0.28091,6.51527,0.21658,1,1,0.450
49.2920,950,BL,3,5.92376,0.20345,0.30690,132,132,132,0.28578,5.99858,0.19612,1,1,0.450
49.2920,950,FR,25,6.50945,-0.08857,0.29998,134,134,128,0.27888,6.63303,-0.10887,1,1,0.450
49.2920,950,BR,18,6.05825,-0.06533,0.29992,134,134,134,0.27882,6.13400,-0.06923,1,1,0.450
49.3020,950,FL,10,6.37942,0.19718,0.30230,134,134,134,0.28119,6.51375,0.21593,1,1,0.450
49.3020,950,BL,3,5.92328,0.20340,0.30738,132,132,132,0.28625,5.99732,0.19547,1,1,0.450
49.3020,950,FR,25,6.50842,-0.08907,0.30002,134,134,128,0.27892,6.63194,-0.10923,1,1,0.450
49.3020,950,BR,18,6.05722,-0.06612,0.29992,134,134,134,0.27882,6.13311,-0.07019,1,1,0.450
49.3120,951,FL,9,6.37921,0.19689,0.30240,134,134,134,0.28129,6.51323,0.21517,1,1,0.450
49.3120,951,BL,2,5.92357,0.20316,0.30747,132,132,132,0.28635,5.99661,0.19484,1,1,0.450
49.3120,951,FR,24,6.50822,-0.08981,0.30003,134,134,128,0.27892,6.62648,-0.11060,1,1,0.450
49.3120,951,BR,17,6.05702,-0.06697,0.29995,134,134,134,0.27885,6.13280,-0.07134,1,1,0.450
49.3240,951,FL,9,6.37875,0.19744,0.30248,134,134,134,0.28137,6.51239,0.21554,1,1,0.450
49.3240,951,BL,2,5.92357,0.20325,0.30737,132,132,132,0.28625,5.99604,0.19507,1,1,0.450
49.3240,951,FR,24,6.50762,-0.08984,0.29995,134,134,128,0.27885,6.63184,-0.11150,1,1,0.450
49.3240,951,BR,17,6.05619,-0.06635,0.29995,134,134,134,0.27885,6.13073,-0.07244,1,1,0.450
49.3360,951,FL,9,6.37821,0.19725,0.30268,134,134,134,0.28157,6.51096,0.21463,1,1,0.450
49.3360,951,BL,2,5.92380,0.20333,0.30745,132,132,132,0.28632,5.99508,0.19495,1,1,0.450
49.3360,951,FR,24,6.50643,-0.09070,0.30000,134,134,128,0.27890,6.63052,-0.11243,1,1,0.450
49.3380,951,BR,17,6.05517,-0.06720,0.29996,134,134,134,0.27886,6.12934,-0.07365,1,1,0.450
49.3480,952,FL,8,6.37777,0.19725,0.30277,134,134,134,0.28166,6.50955,0.21393,1,1,0.450
49.3480,952,BL,1,5.92400,0.20352,0.30740,132,132,132,0.28628,5.99442,0.19515,1,1,0.450
49.3480,952,FR,23,6.50515,-0.09154,0.30001,134,134,128,0.27891,6.62384,-0.11412,1,1,0.450
49.3480,952,BR,16,6.05405,-0.06767,0.30002,134,134,134,0.27891,6.12776,-0.07477,1,1,0.450
49.3680,952,FL,8,6.37706,0.19810,0.30279,134,134,134,0.28168,6.50739,0.21451,1,1,0.450
49.3680,952,BL,1,5.92359,0.20384,0.30760,132,132,132,0.28648,5.99442,0.19583,1,1,0.450
49.3680,952,FR,23,6.50311,-0.09157,0.29997,134,134,128,0.27887,6.62201,-0.11939,1,1,0.450
49.3680,952,BR,16,6.05215,-0.06659,0.30007,134,134,134,0.27897,6.12464,-0.07503,1,1,0.450
49.3780,953,FL,7,6.37753,0.19785,0.30244,134,134,134,0.28133,6.50587,0.21306,1,1,0.450
49.3780,953,BL,30,6.19534,0.19340,0.29988,134,134,134,0.27878,6.27323,0.19343,1,1,0.450
49.3780,953,FR,22,6.50137,-0.09306,0.29988,134,134,128,0.27878,6.61611,-0.12066,1,1,0.450
49.3780,953,BR,15,6.05083,-0.06715,0.30002,134,134,134,0.27892,6.12218,-0.07678,1,1,0.450
49.3880,953,FL,7,6.37590,0.19796,0.30305,134,134,134,0.28193,6.50361,0.21322,1,1,0.450
49.3880,953,BL,30,6.19322,0.19265,0.29988,134,134,134,0.27878,6.26935,0.18697,1,1,0.450
49.3880,953,FR,22,6.49936,-0.09304,0.29988,134,134,128,0.27878,6.61728,-0.12395,1,1,0.450
49.3880,953,BR,15,6.04880,-0.06631,0.30022,134,134,134,0.27911,6.11938,-0.07665,1,1,0.450
49.3960,953,FL,7,6.37560,0.19755,0.30347,134,134,134,0.28236,6.50244,0.21239,1,1,0.450
49.3960,953,BL,30,6.19228,0.19199,0.29990,134,134,134,0.27880,6.26892,0.18639,1,1,0.450
49.3980,953,FR,22,6.49834,-0.09359,0.29988,134,134,128,0.27878,6.61644,-0.12413,1,1,0.450
49.3980,953,BR,15,6.04796,-0.06695,0.30025,134,134,134,0.27915,6.11806,-0.07737,1,1,0.450
49.4080,954,FL,6,6.37578,0.19768,0.30320,134,134,134,0.28208,6.50188,0.21223,1,1,0.450
49.4080,954,BL,29,6.19161,0.19151,0.29990,134,134,134,0.27880,6.26412,0.18617,1,1,0.450
49.4080,954,FR,21,6.49770,-0.09405,0.29987,134,134,128,0.27877,6.61152,-0.12448,1,1,0.450
49.4080,954,BR,14,6.04760,-0.06719,0.30027,134,134,134,0.27916,6.11708,-0.07807,1,1,0.450
49.4180,954,FL,6,6.37471,0.19810,0.30313,134,134,134,0.28202,6.49979,0.21270,1,1,0.450
49.4180,954,BL,29,6.18960,0.19061,0.29989,134,134,134,0.27879,6.26340,0.18195,1,1,0.450
49.4180,954,FR,21,6.49604,-0.09383,0.29982,134,134,128,0.27872,6.61414,-0.12666,1,1,0.450
49.4180,954,BR,14,6.04595,-0.06622,0.30032,134,134,134,0.27922,6.11460,-0.07801,1,1,0.450
49.4340,955,FL,5,6.37446,0.19794,0.30342,134,134,134,0.28231,6.49887,0.21234,1,1,0.450
49.4340,955,BL,28,6.18887,0.19025,0.29990,134,134,134,0.27880,6.25915,0.18204,1,1,0.450
49.4340,955,FR,20,6.49529,-0.09405,0.29985,134,134,128,0.27875,6.60946,-0.12617,1,1,0.450
49.4340,955,BR,13,6.04535,-0.06668,0.30038,134,134,134,0.27928,6.11366,-0.07851,1,1,0.450
49.4500,955,FL,5,6.37306,0.19814,0.30385,134,134,134,0.28274,6.49621,0.21258,1,1,0.450
49.4500,955,BL,28,6.18664,0.18936,0.29990,134,134,134,0.27880,6.25960,0.17916,1,1,0.450
49.4500,955,FR,20,6.49342,-0.09380,0.29983,134,134,128,0.27873,6.61231,-0.12777,1,1,0.450
49.4500,955,BR,13,6.04339,-0.06581,0.30062,134,134,134,0.27952,6.11103,-0.07838,1,1,0.450
49.4620,956,FL,4,6.37181,0.19727,0.30503,133,133,133,0.28391,6.49399,0.21149,1,1,0.450
49.4620,956,BL,27,6.18525,0.18916,0.29991,134,134,134,0.27881,6.25478,0.17959,1,1,0.450
49.4620,956,FR,19,6.49192,-0.09406,0.29994,134,134,128,0.27884,6.60707,-0.12692,1,1,0.450
49.4620,956,BR,12,6.04185,-0.06669,0.30091,134,134,134,0.27981,6.10949,-0.07864,1,1,0.450
49.4720,956,FL,4,6.37124,0.19701,0.30587,132,132,132,0.28475,6.49241,0.21121,1,1,0.450
49.4720,956,BL,27,6.18417,0.18839,0.29991,134,134,134,0.27881,6.25708,0.17769,1,1,0.450
49.4720,956,FR,19,6.49115,-0.09380,0.29995,134,134,128,0.27885,6.61121,-0.12802,1,1,0.450
49.4720,956,BR,12,6.04089,-0.06605,0.30131,134,134,134,0.28020,6.10804,-0.07831,1,1,0.450
49.4820,956,FL,4,6.37128,0.19639,0.30658,132,132,132,0.28546,6.49208,0.21047,1,1,0.450
49.4820,956,BL,27,6.18416,0.18835,0.29991,134,134,134,0.27881,6.25758,0.17777,1,1,0.450
49.4820,956,FR,19,6.49103,-0.09396,0.30004,134,134,128,0.27894,6.61118,-0.12776,1,1,0.450
49.4820,956,BR,12,6.04079,-0.06667,0.30144,134,134,134,0.28033,6.10797,-0.07843,1,1,0.450
49.4920,957,FL,3,6.37003,0.19551,0.30768,132,132,132,0.28655,6.49014,0.20929,1,1,0.450
49.4920,957,BL,26,6.18308,0.18831,0.29992,134,134,134,0.27882,6.25257,0.17857,1,1,0.450
49.4920,957,FR,18,6.48990,-0.09416,0.30012,134,134,128,0.27902,6.60631,-0.12693,1,1,0.450
49.4920,957,BR,11,6.03940,-0.06728,0.30175,134,134,134,0.28064,6.10690,-0.07839,1,1,0.450
49.5000,957,FL,3,6.37043,0.19519,0.30837,131,131,131,0.28724,6.48996,0.20882,1,1,0.450
49.5020,957,BL,26,6.18309,0.18764,0.29992,134,134,134,0.27882,6.25627,0.17723,1,1,0.450
49.5020,957,FR,18,6.49020,-0.09389,0.30012,134,134,128,0.27901,6.61149,-0.12774,1,1,0.450
49.5020,957,BR,11,6.03951,-0.06671,0.30216,134,134,134,0.28105,6.10661,-0.07798,1,1,0.450
49.5120,957,FL,3,6.37008,0.19468,0.30887,131,131,131,0.28774,6.48950,0.20829,1,1,0.450
49.5120,957,BL,26,6.18294,0.18775,0.29992,134,134,134,0.27882,6.25662,0.17751,1,1,0.450
49.5120,957,FR,18,6.48990,-0.09395,0.30021,134,134,128,0.27911,6.61129,-0.12743,1,1,0.450
49.5120,957,BR,11,6.03915,-0.06714,0.30222,134,134,134,0.28111,6.10651,-0.07793,1,1,0.450
49.5200,957,FL,3,6.36923,0.19404,0.30933,131,131,131,0.28820,6.48863,0.20767,1,1,0.450
49.5200,957,BL,26,6.18231,0.18791,0.29992,134,134,134,0.27882,6.25601,0.17781,1,1,0.450
49.5220,957,FR,18,6.48922,-0.09395,0.30025,134,134,128,0.27915,6.61075,-0.12714,1,1,0.450
49.5220,957,BR,11,6.03830,-0.06739,0.30238,134,134,134,0.28127,6.10589,-0.07769,1,1,0.450
49.5320,958,FL,2,6.36924,0.19375,0.30962,131,131,131,0.28849,6.48872,0.20729,1,1,0.450
49.5320,958,BL,25,6.18244,0.18809,0.29992,134,134,134,0.27882,6.25217,0.17883,1,1,0.450
49.5320,958,FR,17,6.48929,-0.09391,0.30028,134,134,128,0.27917,6.61088,-0.12690,1,1,0.450
49.5320,958,BR,10,6.03831,-0.06749,0.30252,134,134,134,0.28141,6.10594,-0.07747,1,1,0.450
49.5400,958,FL,2,6.36903,0.19326,0.30970,131,131,131,0.28857,6.48902,0.20725,1,1,0.450
49.5400,958,BL,25,6.18271,0.18783,0.29992,134,134,134,0.27882,6.25623,0.17809,1,1,0.450
49.5400,958,FR,17,6.48973,-0.09336,0.30027,134,134,128,0.27917,6.61227,-0.12659,1,1,0.450
49.5400,958,BR,10,6.03830,-0.06662,0.30274,134,134,134,0.28163,6.10618,-0.07647,1,1,0.450
49.5500,958,FL,2,6.36995,0.19312,0.30963,131,131,131,0.28850,6.49122,0.20779,1,1,0.450
49.5500,958,BL,25,6.18396,0.18842,0.29990,134,134,134,0.27880,6.25792,0.17878,1,1,0.450
49.5500,958,FR,17,6.49085,-0.09302,0.30033,134,134,128,0.27922,6.61317,-0.12605,1,1,0.450
49.5520,958,BR,10,6.03961,-0.06632,0.30276,134,134,134,0.28164,6.10749,-0.07587,1,1,0.450
49.5600,959,FL,1,6.37013,0.19289,0.30953,131,131,131,0.28840,6.49260,0.20797,1,1,0.450
49.5600,959,BL,24,6.18487,0.18907,0.29990,134,134,134,0.27880,6.25469,0.18020,1,1,0.450
49.5600,959,FR,16,6.49167,-0.09260,0.30036,134,134,128,0.27925,6.61802,-0.12624,1,1,0.450
49.5600,959,BR,9,6.04024,-0.06592,0.30280,134,134,134,0.28169,6.10855,-0.07492,1,1,0.450
49.5700,959,FL,1,6.36995,0.19249,0.30957,131,131,131,0.28844,6.49301,0.20810,1,1,0.450
49.5700,959,BL,24,6.18586,0.18915,0.29989,134,134,134,0.27879,6.25948,0.17990,1,1,0.450
49.5700,959,FR,16,6.49266,-0.09191,0.30040,134,134,128,0.27929,6.62000,-0.12568,1,1,0.450
49.5700,959,BR,9,6.04063,-0.06484,0.30301,134,134,134,0.28190,6.10958,-0.07345,1,1,0.450
49.5800,959,FL,1,6.36995,0.19219,0.30974,131,131,131,0.28861,6.49467,0.20872,1,1,0.450
49.5800,959,BL,24,6.18729,0.19023,0.29987,134,134,134,0.27877,6.26135,0.18103,1,1,0.450
49.5800,959,FR,16,6.49375,-0.09134,0.30055,134,134,128,0.27944,6.62096,-0.12482,1,1,0.450
49.5800,959,BR,9,6.04168,-0.06427,0.30319,134,134,134,0.28208,6.11116,-0.07213,1,1,0.450
49.5900,960,FL,30,6.63819,0.18196,0.30002,134,108,97,0.27892,6.74220,0.18859,1,1,0.450
49.5900,960,BL,23,6.18801,0.19114,0.29983,134,134,134,0.27873,6.25796,0.18278,1,1,0.450
49.5900,960,FR,15,6.49406,-0.09097,0.30060,134,134,128,0.27950,6.62164,-0.12401,1,1,0.450
49.5920,960,BR,8,6.04147,-0.06415,0.30273,134,134,134,0.28162,6.11196,-0.07092,1,1,0.450
49.6100,960,FL,30,6.64087,0.18246,0.30002,134,108,97,0.27892,6.75588,0.18932,1,1,0.450
49.6100,960,BL,23,6.19065,0.19186,0.29988,134,134,134,0.27878,6.26685,0.18342,1,1,0.450
49.6100,960,FR,15,6.49650,-0.08999,0.30057,134,134,128,0.27946,6.62442,-0.12344,1,1,0.450
49.6100,960,BR,8,6.04362,-0.06223,0.30316,134,134,134,0.28205,6.11449,-0.06887,1,1,0.450
49.6200,961,FL,29,6.64384,0.18393,0.30004,134,108,97,0.27894,6.75416,0.19108,1,1,0.450
49.6200,961,BL,22,6.19341,0.19409,0.29985,134,134,134,0.27875,6.26578,0.18679,1,1,0.450
49.6200,961,FR,14,6.49760,-0.08952,0.30072,134,134,128,0.27962,6.62755,-0.12122,1,1,0.450
49.6200,961,BR,7,6.04282,-0.06270,0.30338,134,134,134,0.28226,6.11666,-0.06699,1,1,0.450
49.6300,961,FL,29,6.64475,0.18402,0.30003,134,108,97,0.27893,6.76344,0.19127,1,1,0.450
49.6300,961,BL,22,6.19411,0.19383,0.29982,134,134,134,0.27871,6.27177,0.18673,1,1,0.450
49.6300,961,FR,14,6.49776,-0.08972,0.30062,134,134,128,0.27952,6.62908,-0.12114,1,1,0.450
49.6300,961,BR,7,6.04216,-0.06265,0.30304,134,134,134,0.28193,6.11672,-0.06650,1,1,0.450
49.6420,962,FL,28,6.64516,0.18455,0.30006,134,108,97,0.27896,6.75896,0.19244,1,1,0.450
49.6420,962,BL,21,6.19440,0.19473,0.29977,134,134,134,0.27867,6.26779,0.18880,1,1,0.450
49.6420,962,FR,13,6.49726,-0.08972,0.30076,134,134,128,0.27965,6.62931,-0.12030,1,1,0.450
49.6420,962,BR,6,6.04121,-0.06294,0.30317,134,134,134,0.28206,6.11647,-0.06586,1,1,0.450
49.6520,962,FL,28,6.64609,0.18462,0.30004,134,108,97,0.27893,6.76711,0.19260,1,1,0.450
49.6520,962,BL,21,6.19512,0.19460,0.29974,134,134,134,0.27863,6.27309,0.18878,1,1,0.450
49.6520,962,FR,13,6.49754,-0.08991,0.30054,134,134,128,0.27944,6.63055,-0.12029,1,1,0.450
49.6520,962,BR,6,6.04098,-0.06279,0.30262,134,134,134,0.28151,6.11668,-0.06538,1,1,0.450
49.6660,962,FL,28,6.64671,0.18513,0.30006,134,108,97,0.27896,6.76765,0.19294,1,1,0.450
49.6660,962,BL,21,6.19567,0.19542,0.29971,134,134,134,0.27860,6.27404,0.18981,1,1,0.450
49.6660,962,FR,13,6.49767,-0.08969,0.30067,134,134,128,0.27956,6.63088,-0.11961,1,1,0.450
49.6660,962,BR,6,6.04114,-0.06275,0.30279,134,134,134,0.28168,6.11691,-0.06472,1,1,0.450
49.6760,963,FL,27,6.64663,0.18575,0.30007,134,108,97,0.27897,6.76263,0.19439,1,1,0.450
49.6760,963,BL,20,6.19560,0.19627,0.29975,134,134,134,0.27865,6.26901,0.19174,1,1,0.450
49.6760,963,FR,12,6.49746,-0.08927,0.30087,134,134,128,0.27976,6.63064,-0.11887,1,1,0.450
49.6760,963,BR,5,6.04089,-0.06246,0.30348,134,134,134,0.28236,6.11686,-0.06363,1,1,0.450
49.6840,963,FL,27,6.64757,0.18586,0.30003,134,108,97,0.27893,6.77021,0.19470,1,1,0.450
49.6840,963,BL,20,6.19633,0.19605,0.29976,134,134,134,0.27866,6.27400,0.19162,1,1,0.450
49.6860,963,FR,12,6.49805,-0.08926,0.30089,134,134,128,0.27978,6.63180,-0.11895,1,1,0.450
49.6860,963,BR,5,6.04128,-0.06200,0.30375,134,134,134,0.28263,6.11733,-0.06308,1,1,0.450
49.6960,963,FL,27,6.64771,0.18632,0.30006,134,108,97,0.27896,6.77026,0.19503,1,1,0.450
49.6960,963,BL,20,6.19643,0.19680,0.29976,134,134,134,0.27866,6.27440,0.19243,1,1,0.450
49.6960,963,FR,12,6.49796,-0.08886,0.30114,134,134,128,0.28003,6.63161,-0.11835,1,1,0.450
49.6960,963,BR,5,6.04136,-0.06168,0.30432,134,134,134,0.28321,6.11734,-0.06227,1,1,0.450
49.7040,964,FL,26,6.64716,0.18688,0.30006,134,108,97,0.27896,6.76465,0.19647,1,1,0.450
49.7040,964,BL,19,6.19591,0.19758,0.29982,134,134,134,0.27871,6.26871,0.19425,1,1,0.450
49.7040,964,FR,11,6.49750,-0.08836,0.30136,134,134,128,0.28026,6.63080,-0.11768,1,1,0.450
49.7040,964,BR,4,6.04103,-0.06122,0.30511,133,133,133,0.28399,6.11701,-0.06107,1,1,0.450
49.7140,964,FL,26,6.64773,0.18686,0.30001,134,108,97,0.27891,6.77156,0.19675,1,1,0.450
49.7140,964,BL,19,6.19628,0.19725,0.29983,134,134,134,0.27873,6.27314,0.19405,1,1,0.450
49.7160,964,FR,11,6.49789,-0.08838,0.30143,134,134,128,0.28032,6.63146,-0.11790,1,1,0.450
49.7160,964,BR,4,6.04137,-0.06065,0.30541,133,133,133,0.28430,6.11730,-0.06047,1,1,0.450
49.7260,964,FL,26,6.64811,0.18753,0.30005,134,108,97,0.27894,6.77188,0.19722,1,1,0.450
49.7260,964,BL,19,6.19662,0.19842,0.29984,134,134,134,0.27873,6.27381,0.19516,1,1,0.450
49.7260,964,FR,11,6.49785,-0.08769,0.30175,134,134,128,0.28064,6.63136,-0.11702,1,1,0.450
49.7260,964,BR,4,6.04163,-0.05994,0.30616,132,132,132,0.28504,6.11713,-0.05911,1,1,0.450
49.7340,965,FL,25,6.64668,0.18805,0.30005,134,108,97,0.27895,6.76530,0.19868,1,1,0.450
49.7340,965,BL,18,6.19523,0.19911,0.29990,134,134,134,0.27880,6.26712,0.19706,1,1,0.450
49.7340,965,FR,10,6.49665,-0.08740,0.30199,134,134,128,0.28088,6.62959,-0.11636,1,1,0.450
49.7340,965,BR,3,6.04075,-0.05983,0.30680,132,132,132,0.28567,6.11598,-0.05812,1,1,0.450
49.7460,965,FL,25,6.64741,0.18812,0.29999,134,108,97,0.27888,6.77219,0.19911,1,1,0.450
49.7460,965,BL,18,6.19571,0.19889,0.29990,134,134,134,0.27880,6.27162,0.19712,1,1,0.450
49.7460,965,FR,10,6.49703,-0.08748,0.30204,134,134,128,0.28093,6.63026,-0.11654,1,1,0.450
49.7460,965,BR,3,6.04129,-0.05922,0.30688,132,132,132,0.28576,6.11596,-0.05756,1,1,0.450
49.7540,965,FL,25,6.64686,0.18880,0.30003,134,108,97,0.27893,6.77157,0.19963,1,1,0.450
49.7540,965,BL,18,6.19513,0.19987,0.29990,134,134,134,0.27880,6.27132,0.19825,1,1,0.450
49.7540,965,FR,10,6.49631,-0.08714,0.30230,134,134,128,0.28120,6.62919,-0.11569,1,1,0.450
49.7540,965,BR,3,6.04116,-0.05907,0.30725,132,132,132,0.28613,6.11492,-0.05683,1,1,0.450
49.7660,966,FL,24,6.64617,0.18945,0.30003,134,108,97,0.27893,6.76568,0.20133,1,1,0.450
49.7660,966,BL,17,6.19448,0.20055,0.29993,134,134,134,0.27883,6.27052,0.19929,1,1,0.450
49.7660,966,FR,9,6.49578,-0.08696,0.30240,134,134,128,0.28129,6.62821,-0.11501,1,1,0.450
49.7660,966,BR,2,6.04112,-0.05904,0.30737,132,132,132,0.28624,6.11404,-0.05631,1,1,0.450
49.7740,966,FL,24,6.64491,0.18953,0.29996,134,108,97,0.27886,6.77041,0.20185,1,1,0.450
49.7740,966,BL,17,6.19300,0.20000,0.29995,134,134,134,0.27885,6.26779,0.20053,1,1,0.450
49.7740,966,FR,9,6.49487,-0.08747,0.30259,134,134,128,0.28148,6.62663,-0.11529,1,1,0.450
49.7760,966,BR,2,6.04083,-0.05916,0.30752,132,132,132,0.28639,6.11314,-0.05639,1,1,0.450
49.7860,966,FL,24,6.64410,0.19018,0.30001,134,108,97,0.27891,6.76948,0.20256,1,1,0.450
49.7860,966,BL,17,6.19233,0.20064,0.29995,134,134,134,0.27885,6.26682,0.20147,1,1,0.450
49.7860,966,FR,9,6.49450,-0.08735,0.30271,134,134,128,0.28160,6.62569,-0.11462,1,1,0.450
49.7860,966,BR,2,6.04096,-0.05926,0.30754,132,132,132,0.28641,6.11243,-0.05634,1,1,0.450
49.7940,967,FL,23,6.64347,0.19106,0.30001,134,108,97,0.27891,6.76354,0.20468,1,1,0.450
49.7940,967,BL,16,6.19179,0.20121,0.29998,134,134,134,0.27887,6.26600,0.20260,1,1,0.450
49.7940,967,FR,8,6.49441,-0.08723,0.30275,134,134,128,0.28164,6.62492,-0.11383,1,1,0.450
49.7940,967,BR,1,6.04148,-0.05934,0.30733,132,132,132,0.28620,6.11199,-0.05645,1,1,0.450
49.8140,967,FL,23,6.64203,0.19121,0.29998,134,108,97,0.27887,6.76301,0.21004,1,1,0.450
49.8140,967,BL,16,6.19031,0.20028,0.30001,134,134,134,0.27891,6.26361,0.20303,1,1,0.450
49.8140,967,FR,8,6.49390,-0.08796,0.30276,134,134,128,0.28165,6.62331,-0.11427,1,1,0.450
49.8140,967,BR,1,6.04131,-0.05954,0.30735,132,132,132,0.28623,6.11185,-0.05706,1,1,0.450
49.8240,968,FL,22,6.64003,0.19268,0.29990,134,108,97,0.27880,6.75683,0.21151,1,1,0.450
49.8240,968,BL,15,6.18864,0.20094,0.29997,134,134,134,0.27887,6.26096,0.20480,1,1,0.450
49.8240,968,FR,7,6.49395,-0.08775,0.30266,134,134,128,0.28155,6.62136,-0.11277,1,1,0.450
49.8240,968,BR,30,6.31331,-0.06990,0.29988,134,134,134,0.27878,6.39169,-0.07579,1,1,0.450
49.8340,968,FL,22,6.63838,0.19294,0.29986,134,108,97,0.27876,6.75854,0.21511,1,1,0.450
49.8340,968,BL,15,6.18711,0.19989,0.30005,134,134,134,0.27895,6.25827,0.20515,1,1,0.450
49.8340,968,FR,7,6.49346,-0.08832,0.30250,134,134,128,0.28139,6.61991,-0.11310,1,1,0.450
49.8340,968,BR,30,6.31170,-0.06890,0.29988,134,134,134,0.27878,6.38886,-0.06880,1,1,0.450
49.8420,968,FL,22,6.63705,0.19351,0.29987,134,108,97,0.27877,6.75739,0.21527,1,1,0.450
49.8440,968,BL,15,6.18590,0.20053,0.30009,134,134,134,0.27899,6.25675,0.20575,1,1,0.450
49.8440,968,FR,7,6.49270,-0.08773,0.30311,134,134,128,0.28200,6.61843,-0.11214,1,1,0.450
49.8440,968,BR,30,6.31051,-0.06830,0.29990,134,134,134,0.27880,6.38825,-0.06832,1,1,0.450
49.8540,969,FL,21,6.63640,0.19411,0.29988,134,108,97,0.27878,6.75241,0.21607,1,1,0.450
49.8540,969,BL,14,6.18548,0.20085,0.30016,134,134,134,0.27906,6.25576,0.20650,1,1,0.450
49.8540,969,FR,6,6.49283,-0.08774,0.30314,134,134,128,0.28203,6.61783,-0.11177,1,1,0.450
49.8540,969,BR,29,6.30990,-0.06778,0.29990,134,134,134,0.27880,6.38342,-0.06773,1,1,0.450
49.8660,969,FL,21,6.63509,0.19405,0.29982,134,108,97,0.27872,6.75550,0.21819,1,1,0.450
49.8660,969,BL,14,6.18421,0.19991,0.30018,134,134,134,0.27908,6.25358,0.20673,1,1,0.450
49.8660,969,FR,6,6.49228,-0.08832,0.30282,134,134,128,0.28170,6.61619,-0.11223,1,1,0.450
49.8660,969,BR,29,6.30834,-0.06667,0.29990,134,134,134,0.27880,6.38336,-0.06334,1,1,0.450
49.8780,969,FL,21,6.63375,0.19433,0.29984,134,108,97,0.27874,6.75421,0.21821,1,1,0.450
49.8780,969,BL,14,6.18303,0.20041,0.30020,134,134,134,0.27910,6.25210,0.20727,1,1,0.450
49.8780,969,FR,6,6.49147,-0.08809,0.30299,134,134,128,0.28188,6.61464,-0.11178,1,1,0.450
49.8780,969,BR,29,6.30703,-0.06626,0.29991,134,134,134,0.27881,6.38255,-0.06295,1,1,0.450
49.8880,970,FL,20,6.63212,0.19465,0.29987,134,108,97,0.27877,6.74853,0.21831,1,1,0.450
49.8880,970,BL,13,6.18145,0.20080,0.30037,134,134,134,0.27927,6.25029,0.20769,1,1,0.450
49.8880,970,FR,5,6.49021,-0.08782,0.30339,134,134,128,0.28228,6.61259,-0.11129,1,1,0.450
49.8880,970,BR,28,6.30539,-0.06593,0.29992,134,134,134,0.27881,6.37685,-0.06284,1,1,0.450
49.9040,970,FL,20,6.63188,0.19426,0.29984,134,108,97,0.27873,6.75310,0.21948,1,1,0.450
49.9060,970,BL,13,6.18114,0.19974,0.30054,134,134,134,0.27944,6.24927,0.20749,1,1,0.450
49.9060,970,FR,5,6.49031,-0.08818,0.30366,134,134,128,0.28254,6.61203,-0.11182,1,1,0.450
49.9060,970,BR,28,6.30490,-0.06513,0.29992,134,134,134,0.27881,6.37918,-0.06019,1,1,0.450
49.9160,971,FL,19,6.63036,0.19458,0.29996,134,108,97,0.27886,6.74769,0.21891,1,1,0.450
49.9180,971,BL,12,6.17955,0.20077,0.30084,134,134,134,0.27973,6.24783,0.20770,1,1,0.450
49.9180,971,FR,4,6.48905,-0.08710,0.30492,133,133,127,0.28380,6.60966,-0.11044,1,1,0.450
49.9180,971,BR,27,6.30346,-0.06489,0.29993,134,134,134,0.27883,6.37416,-0.06033,1,1,0.450
49.9300,971,FL,19,6.62909,0.19436,0.29998,134,119,108,0.27887,6.75140,0.21957,1,1,0.450
49.9300,971,BL,12,6.17793,0.20033,0.30129,134,134,134,0.28019,6.24600,0.20738,1,1,0.450
49.9300,971,FR,4,6.48770,-0.08660,0.30591,132,132,127,0.28479,6.60732,-0.10982,1,1,0.450
49.9300,971,BR,27,6.30193,-0.06411,0.29991,134,134,134,0.27880,6.37544,-0.05883,1,1,0.450
49.9400,971,FL,19,6.62767,0.19468,0.30012,134,119,108,0.27902,6.75038,0.21919,1,1,0.450
49.9400,971,BL,12,6.17631,0.20144,0.30162,134,134,134,0.28051,6.24469,0.20749,1,1,0.450
49.9400,971,FR,4,6.48624,-0.08540,0.30728,132,132,127,0.28615,6.60505,-0.10816,1,1,0.450
49.9400,971,BR,27,6.30075,-0.06402,0.29994,134,134,134,0.27884,6.37544,-0.05879,1,1,0.450
49.9500,972,FL,18,6.62723,0.19486,0.30017,134,119,108,0.27907,6.74593,0.21870,1,1,0.450
49.9500,972,BL,11,6.17590,0.20184,0.30186,134,134,134,0.28075,6.24408,0.20758,1,1,0.450
49.9500,972,FR,3,6.48611,-0.08483,0.30800,132,132,127,0.28687,6.60447,-0.10733,1,1,0.450
49.9500,972,BR,26,6.30032,-0.06396,0.29995,134,134,134,0.27885,6.37101,-0.05937,1,1,0.450
49.9620,972,FL,18,6.62821,0.19436,0.30015,134,119,108,0.27904,6.75174,0.21904,1,1,0.450
49.9620,972,BL,11,6.17669,0.20097,0.30216,134,134,134,0.28105,6.24457,0.20699,1,1,0.450
49.9620,972,FR,3,6.48709,-0.08471,0.30848,131,131,126,0.28735,6.60523,-0.10741,1,1,0.450
49.9620,972,BR,26,6.30098,-0.06346,0.29992,134,134,134,0.27882,6.37479,-0.05857,1,1,0.450
49.9700,972,FL,18,6.62677,0.19456,0.30028,134,119,108,0.27917,6.75065,0.21857,1,1,0.450
49.9700,972,BL,11,6.17486,0.20189,0.30229,134,134,134,0.28118,6.24352,0.20680,1,1,0.450
49.9700,972,FR,3,6.48531,-0.08358,0.30911,131,131,126,0.28798,6.60297,-0.10588,1,1,0.450
49.9700,972,BR,26,6.29982,-0.06357,0.29995,134,134,134,0.27885,6.37468,-0.05873,1,1,0.450
49.9800,973,FL,17,6.62742,0.19442,0.30029,134,119,108,0.27919,6.75124,0.21832,1,1,0.450
49.9800,973,BL,10,6.17568,0.20171,0.30247,134,134,134,0.28136,6.24395,0.20660,1,1,0.450
49.9800,973,FR,2,6.48613,-0.08352,0.30945,131,131,126,0.28832,6.60419,-0.10601,1,1,0.450
49.9800,973,BR,25,6.30049,-0.06381,0.29996,134,134,134,0.27885,6.37130,-0.05962,1,1,0.450
49.9900,973,FL,17,6.62846,0.19365,0.30027,134,119,108,0.27917,6.75302,0.21789,1,1,0.450
49.9900,973,BL,10,6.17644,0.20053,0.30266,134,134,134,0.28155,6.24470,0.20548,1,1,0.450
49.9900,973,FR,2,6.48686,-0.08329,0.30942,131,131,126,0.28829,6.60558,-0.10651,1,1,0.450
49.9900,973,BR,25,6.30126,-0.06367,0.29992,134,134,134,0.27882,6.37532,-0.05935,1,1,0.450
50.0000,973,FL,17,6.62818,0.19356,0.30035,134,119,108,0.27925,6.75277,0.21730,1,1,0.450
50.0000,973,BL,10,6.17594,0.20082,0.30266,134,134,134,0.28155,6.24479,0.20494,1,1,0.450
50.0000,973,FR,2,6.48605,-0.08266,0.30951,131,131,126,0.28838,6.60533,-0.10604,1,1,0.450
50.0020,973,BR,25,6.30125,-0.06412,0.29994,134,134,134,0.27884,6.37626,-0.05984,1,1,0.450
50.0100,974,FL,16,6.62965,0.19293,0.30037,134,119,108,0.27927,6.75827,0.21710,1,1,0.450
50.0100,974,BL,9,6.17746,0.20004,0.30274,134,134,134,0.28163,6.24630,0.20388,1,1,0.450
50.0100,974,FR,1,6.48709,-0.08270,0.30939,131,131,126,0.28825,6.60797,-0.10689,1,1,0.450
50.0100,974,BR,24,6.30280,-0.06498,0.29994,134,134,134,0.27884,6.37364,-0.06123,1,1,0.450
50.0220,974,FL,16,6.62973,0.19240,0.30042,134,119,108,0.27931,6.75946,0.21641,1,1,0.450
50.0220,974,BL,9,6.17669,0.19946,0.30285,134,134,134,0.28174,6.24648,0.20256,1,1,0.450
50.0220,974,FR,1,6.48601,-0.08202,0.30954,131,131,126,0.28841,6.60678,-0.10624,1,1,0.450
50.0220,974,BR,24,6.30296,-0.06491,0.29994,134,134,134,0.27884,6.37762,-0.06112,1,1,0.450
50.0300,974,FL,16,6.63082,0.19174,0.30055,134,108,97,0.27944,6.76059,0.21529,1,1,0.450
50.0300,974,BL,9,6.17759,0.19889,0.30278,134,134,134,0.28167,6.24803,0.20107,1,1,0.450
50.0320,974,FR,1,6.48600,-0.08169,0.30993,131,131,126,0.28879,6.60832,-0.10683,1,1,0.450
50.0320,974,BR,24,6.30447,-0.06625,0.29990,134,134,134,0.27879,6.37965,-0.06263,1,1,0.450
50.0400,975,FL,15,6.63191,0.19110,0.30059,134,108,97,0.27949,6.76160,0.21453,1,1,0.450
50.0400,975,BL,8,6.17859,0.19820,0.30257,134,134,134,0.28146,6.24937,0.19966,1,1,0.450
50.0420,975,FR,30,6.75512,-0.09188,0.30001,134,86,75,0.27890,6.80842,-0.10627,1,0,0.450
50.0420,975,BR,23,6.30571,-0.06726,0.29987,134,134,134,0.27877,6.37662,-0.06416,1,1,0.450
50.0600,975,FL,15,6.63437,0.18980,0.30061,134,108,97,0.27950,6.76434,0.21370,1,1,0.450
50.0600,975,BL,8,6.18068,0.19603,0.30318,134,134,134,0.28207,6.25190,0.19726,1,1,0.450
50.0620,975,FR,30,6.75777,-0.09259,0.29999,134,86,75,0.27889,6.82257,-0.10811,1,0,0.450
50.0620,975,BR,23,6.30835,-0.06823,0.29993,134,134,134,0.27883,6.38568,-0.06541,1,1,0.450
50.0700,976,FL,14,6.63539,0.18922,0.30075,134,108,97,0.27964,6.76730,0.21122,1,1,0.450
50.0700,976,BL,7,6.17983,0.19653,0.30324,134,134,134,0.28212,6.25390,0.19521,1,1,0.450
50.0700,976,FR,29,6.76062,-0.09432,0.30002,134,86,75,0.27892,6.82063,-0.10979,1,0,0.450
50.0700,976,BR,22,6.31091,-0.07067,0.29990,134,134,134,0.27880,6.38420,-0.06868,1,1,0.450
50.0800,976,FL,14,6.63515,0.18933,0.30071,134,108,97,0.27961,6.76817,0.21101,1,1,0.450
50.0800,976,BL,7,6.17887,0.19646,0.30314,134,134,134,0.28203,6.25358,0.19454,1,1,0.450
50.0800,976,FR,29,6.76097,-0.09448,0.30000,134,86,75,0.27890,6.82976,-0.11070,1,0,0.450
50.0800,976,BR,22,6.31111,-0.07048,0.29988,134,134,134,0.27878,6.38981,-0.06909,1,1,0.450
50.0900,976,FL,14,6.63582,0.18925,0.30074,134,108,97,0.27964,6.76975,0.20997,1,1,0.450
50.0900,976,BL,7,6.17898,0.19666,0.30293,134,134,134,0.28182,6.25439,0.19390,1,1,0.450
50.0900,976,FR,29,6.76272,-0.09525,0.30002,134,86,75,0.27892,6.83143,-0.11120,1,0,0.450
50.0900,976,BR,22,6.31265,-0.07163,0.29982,134,134,134,0.27872,6.39185,-0.07057,1,1,0.450
50.1000,977,FL,13,6.63556,0.18909,0.30074,134,108,97,0.27963,6.76964,0.20949,1,1,0.450
50.1000,977,BL,6,6.17857,0.19659,0.30294,134,134,134,0.28183,6.25428,0.19316,1,1,0.450
50.1000,977,FR,28,6.76273,-0.09566,0.30002,134,86,75,0.27892,6.82645,-0.11202,1,0,0.450
50.1000,977,BR,21,6.31262,-0.07222,0.29983,134,134,134,0.27873,6.38694,-0.07189,1,1,0.450
50.1080,977,FL,13,6.63528,0.18924,0.30067,134,108,97,0.27956,6.76996,0.20952,1,1,0.450
50.1100,977,BL,6,6.17801,0.19656,0.30279,134,134,134,0.28168,6.25384,0.19284,1,1,0.450
50.1100,977,FR,28,6.76273,-0.09565,0.29998,134,86,75,0.27888,6.83394,-0.11272,1,0,0.450
50.1100,977,BR,21,6.31249,-0.07187,0.29981,134,134,134,0.27871,6.39140,-0.07190,1,1,0.450
50.1180,977,FL,13,6.63641,0.18877,0.30081,134,108,97,0.27970,6.77148,0.20866,1,1,0.450
50.1180,977,BL,6,6.17904,0.19615,0.30308,134,134,134,0.28197,6.25501,0.19200,1,1,0.450
50.1180,977,FR,28,6.76450,-0.09640,0.30001,134,86,75,0.27891,6.83564,-0.11331,1,0,0.450
50.1180,977,BR,21,6.31412,-0.07293,0.29979,134,134,134,0.27869,6.39340,-0.07314,1,1,0.450
50.1280,978,FL,12,6.63656,0.18832,0.30098,134,108,97,0.27987,6.77168,0.20800,1,1,0.450
50.1280,978,BL,5,6.17910,0.19579,0.30363,134,134,134,0.28252,6.25526,0.19102,1,1,0.450
50.1280,978,FR,27,6.76480,-0.09697,0.30002,134,86,75,0.27891,6.83077,-0.11436,1,0,0.450
50.1280,978,BR,20,6.31440,-0.07367,0.29983,134,134,134,0.27873,6.38857,-0.07456,1,1,0.450
50.1380,978,FL,12,6.63665,0.18832,0.30106,134,108,97,0.27996,6.77219,0.20805,1,1,0.450
50.1380,978,BL,5,6.17902,0.19540,0.30401,134,134,134,0.28289,6.25523,0.19048,1,1,0.450
50.1380,978,FR,27,6.76510,-0.09705,0.29996,134,86,75,0.27885,6.83788,-0.11514,1,0,0.450
50.1380,978,BR,20,6.31454,-0.07339,0.29985,134,134,134,0.27875,6.39300,-0.07466,1,1,0.450
50.1480,978,FL,12,6.63599,0.18793,0.30135,134,108,97,0.28024,6.77126,0.20747,1,1,0.450
50.1480,978,BL,5,6.17862,0.19509,0.30477,134,134,134,0.28365,6.25469,0.18955,1,1,0.450
50.1480,978,FR,27,6.76457,-0.09752,0.29999,134,86,75,0.27889,6.83726,-0.11549,1,0,0.450
50.1480,978,BR,20,6.31395,-0.07414,0.29986,134,134,134,0.27876,6.39261,-0.07549,1,1,0.450
50.1580,979,FL,11,6.63635,0.18730,0.30147,134,108,97,0.28036,6.77158,0.20670,1,1,0.450
50.1580,979,BL,4,6.17901,0.19442,0.30523,133,133,133,0.28411,6.25497,0.18831,1,1,0.450
50.1580,979,FR,26,6.76511,-0.09820,0.29999,134,86,75,0.27889,6.83251,-0.11665,1,0,0.450
50.1580,979,BR,19,6.31448,-0.07511,0.29989,134,134,134,0.27879,6.38777,-0.07709,1,1,0.450
50.1680,979,FL,11,6.63583,0.18744,0.30163,134,108,97,0.28052,6.77106,0.20695,1,1,0.450
50.1680,979,BL,4,6.17851,0.19412,0.30574,132,132,132,0.28462,6.25442,0.18776,1,1,0.450
50.1680,979,FR,26,6.76455,-0.09811,0.29991,134,86,75,0.27881,6.83836,-0.11732,1,0,0.450
50.1680,979,BR,19,6.31377,-0.07465,0.29993,134,134,134,0.27883,6.39111,-0.07709,1,1,0.450
50.1780,979,FL,11,6.63572,0.18678,0.30190,134,108,97,0.28079,6.77085,0.20605,1,1,0.450
50.1780,979,BL,4,6.17872,0.19345,0.30635,132,132,132,0.28522,6.25409,0.18649,1,1,0.450
50.1780,979,FR,26,6.76482,-0.09886,0.29995,134,86,75,0.27885,6.83858,-0.11790,1,0,0.450
50.1780,979,BR,19,6.31396,-0.07583,0.29993,134,134,134,0.27883,6.39155,-0.07828,1,1,0.450
50.1900,980,FL,10,6.63496,0.18647,0.30212,134,108,97,0.28101,6.76965,0.20550,1,1,0.450
50.1900,980,BL,3,6.17820,0.19323,0.30692,132,132,132,0.28579,6.25329,0.18549,1,1,0.450
50.1900,980,FR,25,6.76393,-0.09930,0.29995,134,86,75,0.27885,6.83226,-0.11890,1,0,0.450
50.1900,980,BR,18,6.31308,-0.07647,0.29999,134,134,134,0.27889,6.38512,-0.07970,1,1,0.450
50.2000,980,FL,10,6.63480,0.18659,0.30223,134,108,97,0.28112,6.76955,0.20544,1,1,0.450
50.2000,980,BL,3,6.17836,0.19279,0.30706,132,132,132,0.28594,6.25261,0.18497,1,1,0.450
50.2020,980,FR,25,6.76399,-0.09955,0.29985,134,86,75,0.27875,6.83851,-0.11994,1,0,0.450
50.2020,980,BR,18,6.31294,-0.07643,0.30000,134,134,134,0.27890,6.38893,-0.08031,1,1,0.450
50.2120,981,FL,9,6.63410,0.18630,0.30247,134,108,97,0.28136,6.76838,0.20468,1,1,0.450
50.2120,981,BL,2,6.17829,0.19266,0.30736,132,132,132,0.28623,6.25163,0.18430,1,1,0.450
50.2120,981,FR,24,6.76332,-0.10022,0.29991,134,86,75,0.27880,6.83224,-0.12117,1,0,0.450
50.2120,981,BR,17,6.31224,-0.07733,0.30001,134,134,134,0.27890,6.38841,-0.08146,1,1,0.450
50.2260,981,FL,9,6.63328,0.18693,0.30257,134,108,97,0.28146,6.76705,0.20511,1,1,0.450
50.2260,981,BL,2,6.17795,0.19287,0.30736,132,132,132,0.28624,6.25083,0.18451,1,1,0.450
50.2260,981,FR,24,6.76228,-0.10018,0.29978,134,86,75,0.27868,6.83747,-0.12179,1,0,0.450
50.2260,981,BR,17,6.31098,-0.07667,0.30002,134,134,134,0.27892,6.38555,-0.08254,1,1,0.450
50.2360,981,FL,9,6.63290,0.18663,0.30279,134,108,97,0.28168,6.76572,0.20388,1,1,0.450
50.2360,981,BL,2,6.17853,0.19287,0.30735,132,132,132,0.28623,6.24976,0.18438,1,1,0.450
50.2360,981,FR,24,6.76120,-0.10138,0.29986,134,86,75,0.27875,6.83596,-0.12334,1,0,0.450
50.2360,981,BR,17,6.31010,-0.07778,0.30004,134,134,134,0.27893,6.38428,-0.08413,1,1,0.450
50.2480,982,FL,8,6.63231,0.18672,0.30283,134,108,97,0.28172,6.76419,0.20350,1,1,0.450
50.2480,982,BL,1,6.17836,0.19310,0.30741,132,132,132,0.28629,6.24920,0.18446,1,1,0.450
50.2480,982,FR,23,6.75979,-0.10190,0.29985,134,86,75,0.27875,6.82897,-0.12456,1,0,0.450
50.2480,982,BR,16,6.30885,-0.07803,0.30009,134,134,134,0.27899,6.38254,-0.08492,1,1,0.450
50.2980,983,FL,7,6.63217,0.18735,0.30282,134,108,97,0.28171,6.76281,0.20379,1,1,0.450
50.2980,983,BL,30,6.45179,0.18433,0.29983,134,134,134,0.27873,6.52875,0.18468,1,1,0.450
50.2980,983,FR,22,6.75854,-0.10224,0.29978,134,86,75,0.27868,6.82243,-0.12984,1,0,0.450
50.3000,983,BR,15,6.30769,-0.07721,0.30013,134,134,134,0.27903,6.38022,-0.08548,1,1,0.450
50.3140,984,FL,6,6.63110,0.18742,0.30277,134,108,97,0.28166,6.75710,0.20195,1,1,0.450
50.3160,984,BL,29,6.44612,0.18111,0.29988,134,134,134,0.27878,6.51660,0.17617,1,1,0.450
50.3160,984,FR,21,6.75299,-0.10449,0.29961,134,86,75,0.27850,6.81571,-0.13501,1,0,0.450
50.3160,984,BR,14,6.30297,-0.07743,0.30029,134,134,134,0.27919,6.37246,-0.08826,1,1,0.450
50.3240,984,FL,6,6.62995,0.18775,0.30281,134,119,108,0.28170,6.75489,0.20241,1,1,0.450
50.3240,984,BL,29,6.44364,0.18018,0.29989,134,134,134,0.27878,6.51540,0.17229,1,1,0.450
50.3240,984,FR,21,6.75109,-0.10413,0.29950,134,86,75,0.27840,6.81785,-0.13658,1,0,0.450
50.3240,984,BR,14,6.30135,-0.07662,0.30039,134,134,134,0.27929,6.36934,-0.08848,1,1,0.450
50.3340,985,FL,5,6.62993,0.18738,0.30306,134,119,108,0.28194,6.75410,0.20187,1,1,0.450
50.3340,985,BL,28,6.44303,0.17984,0.29989,134,134,134,0.27878,6.51128,0.17238,1,1,0.450
50.3360,985,FR,20,6.75049,-0.10434,0.29954,134,86,75,0.27844,6.81330,-0.13614,1,0,0.450
50.3360,985,BR,13,6.30095,-0.07729,0.30044,134,134,134,0.27934,6.36853,-0.08893,1,1,0.450
50.3440,985,FL,5,6.62966,0.18757,0.30322,134,119,108,0.28211,6.75306,0.20226,1,1,0.450
50.3440,985,BL,28,6.44185,0.17906,0.29987,134,134,134,0.27877,6.51285,0.16980,1,1,0.450
50.3440,985,FR,20,6.74993,-0.10395,0.29946,134,86,75,0.27836,6.81724,-0.13748,1,0,0.450
50.3440,985,BR,13,6.30040,-0.07640,0.30058,134,134,134,0.27948,6.36720,-0.08869,1,1,0.450
50.3540,985,FL,5,6.62902,0.18697,0.30399,134,119,108,0.28287,6.75184,0.20153,1,1,0.450
50.3540,985,BL,28,6.44110,0.17890,0.29986,134,134,134,0.27876,6.51269,0.16980,1,1,0.450
50.3540,985,FR,20,6.74904,-0.10414,0.29956,134,86,75,0.27845,6.81650,-0.13732,1,0,0.450
50.3540,985,BR,13,6.29952,-0.07704,0.30074,134,134,134,0.27963,6.36637,-0.08889,1,1,0.450
50.3640,986,FL,4,6.62836,0.18640,0.30498,133,118,107,0.28386,6.75061,0.20076,1,1,0.450
50.3640,986,BL,27,6.44042,0.17871,0.29987,134,134,134,0.27877,6.50807,0.17018,1,1,0.450
50.3640,986,FR,19,6.74838,-0.10437,0.29962,134,86,75,0.27852,6.81200,-0.13690,1,0,0.450
50.3640,986,BR,12,6.29874,-0.07752,0.30105,134,134,134,0.27995,6.36565,-0.08907,1,1,0.450
50.3740,986,FL,4,6.62789,0.18616,0.30567,133,118,107,0.28455,6.74943,0.20054,1,1,0.450
50.3740,986,BL,27,6.43955,0.17801,0.29987,134,134,134,0.27877,6.51054,0.16832,1,1,0.450
50.3740,986,FR,19,6.74801,-0.10404,0.29957,134,86,75,0.27847,6.81637,-0.13787,1,0,0.450
50.3740,986,BR,12,6.29816,-0.07687,0.30140,134,134,134,0.28029,6.36474,-0.08867,1,1,0.450
50.3840,986,FL,4,6.62654,0.18537,0.30658,132,118,107,0.28545,6.74752,0.19945,1,1,0.450
50.3840,986,BL,27,6.43858,0.17799,0.29985,134,134,134,0.27875,6.51023,0.16856,1,1,0.450
50.3840,986,FR,19,6.74678,-0.10427,0.29970,134,86,75,0.27860,6.81543,-0.13761,1,0,0.450
50.3840,986,BR,12,6.29673,-0.07763,0.30159,134,134,134,0.28049,6.36374,-0.08873,1,1,0.450
50.3940,987,FL,3,6.62680,0.18476,0.30756,132,118,107,0.28643,6.74742,0.19865,1,1,0.450
50.3940,987,BL,26,6.43874,0.17789,0.29986,134,134,134,0.27876,6.50646,0.16916,1,1,0.450
50.3940,987,FR,18,6.74693,-0.10446,0.29977,134,86,75,0.27867,6.81173,-0.13704,1,0,0.450
50.3940,987,BR,11,6.29685,-0.07808,0.30188,134,134,134,0.28077,6.36377,-0.08883,1,1,0.450
50.4040,987,FL,3,6.62648,0.18438,0.30805,132,118,107,0.28692,6.74654,0.19815,1,1,0.450
50.4040,987,BL,26,6.43823,0.17729,0.29986,134,134,134,0.27876,6.50948,0.16779,1,1,0.450
50.4040,987,FR,18,6.74691,-0.10413,0.29971,134,86,75,0.27861,6.81644,-0.13776,1,0,0.450
50.4040,987,BR,11,6.29649,-0.07753,0.30225,134,134,134,0.28114,6.36337,-0.08831,1,1,0.450
50.4140,987,FL,3,6.62525,0.18366,0.30874,131,117,106,0.28761,6.74497,0.19720,1,1,0.450
50.4140,987,BL,26,6.43758,0.17740,0.29985,134,134,134,0.27874,6.50947,0.16820,1,1,0.450
50.4140,987,FR,18,6.74593,-0.10428,0.29984,134,86,75,0.27874,6.81582,-0.13740,1,0,0.450
50.4140,987,BR,11,6.29527,-0.07818,0.30240,134,134,134,0.28129,6.36269,-0.08826,1,1,0.450
50.4240,988,FL,2,6.62512,0.18321,0.30934,131,117,106,0.28821,6.74488,0.19672,1,1,0.450
50.4240,988,BL,25,6.43761,0.17752,0.29985,134,134,134,0.27875,6.50556,0.16907,1,1,0.450
50.4240,988,FR,17,6.74591,-0.10429,0.29989,134,86,75,0.27878,6.81593,-0.13718,1,0,0.450
50.4240,988,BR,10,6.29515,-0.07837,0.30260,134,134,134,0.28149,6.36261,-0.08813,1,1,0.450
50.4320,988,FL,2,6.62514,0.18296,0.30920,131,117,106,0.28807,6.74497,0.19664,1,1,0.450
50.4320,988,BL,25,6.43761,0.17713,0.29984,134,134,134,0.27874,6.50925,0.16815,1,1,0.450
50.4320,988,FR,17,6.74628,-0.10382,0.29981,134,86,75,0.27871,6.81706,-0.13714,1,0,0.450
50.4340,988,BR,10,6.29520,-0.07754,0.30280,134,134,134,0.28169,6.36270,-0.08736,1,1,0.450
50.4440,988,FL,2,6.62579,0.18268,0.30933,131,117,106,0.28820,6.74649,0.19689,1,1,0.450
50.4440,988,BL,25,6.43870,0.17758,0.29982,134,134,134,0.27872,6.51079,0.16873,1,1,0.450
50.4440,988,FR,17,6.74720,-0.10359,0.29989,134,86,75,0.27879,6.81790,-0.13666,1,0,0.450
50.4440,988,BR,10,6.29617,-0.07747,0.30283,134,134,134,0.28172,6.36386,-0.08691,1,1,0.450
50.4520,989,FL,1,6.62584,0.18233,0.30935,131,117,106,0.28822,6.74759,0.19702,1,1,0.450
50.4520,989,BL,24,6.43941,0.17810,0.29982,134,134,134,0.27872,6.50741,0.16987,1,1,0.450
50.4520,989,FR,16,6.74785,-0.10326,0.29993,134,86,75,0.27882,6.82261,-0.13679,1,0,0.450
50.4520,989,BR,9,6.29664,-0.07718,0.30291,134,134,134,0.28180,6.36472,-0.08615,1,1,0.450
50.4620,989,FL,1,6.62509,0.18197,0.30922,131,117,106,0.28809,6.74721,0.19655,1,1,0.450
50.4620,989,BL,24,6.43934,0.17792,0.29980,134,134,134,0.27870,6.51109,0.16934,1,1,0.450
50.4620,989,FR,16,6.74790,-0.10280,0.29988,134,86,75,0.27878,6.82368,-0.13647,1,0,0.450
50.4620,989,BR,9,6.29610,-0.07648,0.30299,134,134,134,0.28188,6.36470,-0.08509,1,1,0.450
50.4720,989,FL,1,6.62583,0.18171,0.30934,131,117,106,0.28821,6.74966,0.19758,1,1,0.450
50.4720,989,BL,24,6.44145,0.17890,0.29982,134,134,134,0.27872,6.51379,0.17023,1,1,0.450
50.4720,989,FR,16,6.74965,-0.10222,0.30002,134,86,75,0.27892,6.82524,-0.13577,1,0,0.450
50.4720,989,BR,9,6.29789,-0.07573,0.30321,134,134,134,0.28210,6.36686,-0.08386,1,1,0.450
50.4820,990,FL,30,6.89280,0.17094,0.30006,134,68,48,0.30711,7.15046,0.17849,1,0,0.450
50.4820,990,BL,23,6.44203,0.17971,0.29980,134,134,134,0.27870,6.51024,0.17169,1,1,0.450
50.4820,990,FR,15,6.74989,-0.10186,0.30012,134,86,75,0.27902,6.82583,-0.13501,1,0,0.450
50.4820,990,BR,8,6.29752,-0.07559,0.30311,134,134,134,0.28199,6.36764,-0.08265,1,1,0.450
50.5020,990,FL,30,6.89532,0.17131,0.30008,134,68,48,0.30713,7.16182,0.17863,1,0,0.450
50.5020,990,BL,23,6.44444,0.18031,0.29978,134,134,134,0.27868,6.51781,0.17182,1,1,0.450
50.5020,990,FR,15,6.75229,-0.10097,0.30004,134,86,75,0.27894,6.82847,-0.13450,1,0,0.450
50.5020,990,BR,8,6.29970,-0.07392,0.30268,134,134,134,0.28157,6.37005,-0.08072,1,1,0.450
50.5120,991,FL,29,6.89874,0.17280,0.30009,134,68,48,0.30714,7.16070,0.18030,1,0,0.450
50.5120,991,BL,22,6.44779,0.18284,0.29981,134,134,134,0.27871,6.51741,0.17525,1,1,0.450
50.5120,991,FR,14,6.75429,-0.09990,0.30024,134,86,75,0.27913,6.83160,-0.13245,1,0,0.450
50.5120,991,BR,7,6.30042,-0.07316,0.30372,134,134,134,0.28260,6.37321,-0.07811,1,1,0.450
50.5240,991,FL,29,6.89996,0.17309,0.30012,134,68,48,0.30716,7.16912,0.18044,1,0,0.450
50.5240,991,BL,22,6.44875,0.18291,0.29980,134,134,134,0.27869,6.52305,0.17530,1,1,0.450
50.5240,991,FR,14,6.75478,-0.09988,0.30016,134,86,75,0.27906,6.83352,-0.13197,1,0,0.450
50.5240,991,BR,7,6.29974,-0.07314,0.30349,134,134,134,0.28238,6.37391,-0.07722,1,1,0.450
50.5340,991,FL,29,6.90130,0.17377,0.30014,134,68,48,0.30718,7.17030,0.18085,1,0,0.450
50.5340,991,BL,22,6.44998,0.18400,0.29974,134,134,134,0.27864,6.52499,0.17679,1,1,0.450
50.5340,991,FR,14,6.75490,-0.09989,0.30025,134,86,75,0.27915,6.83482,-0.13092,1,0,0.450
50.5340,991,BR,7,6.29910,-0.07354,0.30344,134,134,134,0.28232,6.37430,-0.07657,1,1,0.450
50.5440,992,FL,28,6.90222,0.17427,0.30014,134,68,48,0.30718,7.16666,0.18200,1,0,0.450
50.5440,992,BL,21,6.45087,0.18477,0.29972,134,134,134,0.27862,6.52157,0.17859,1,1,0.450
50.5440,992,FR,13,6.75535,-0.09964,0.30013,134,86,75,0.27902,6.83559,-0.13036,1,0,0.450
50.5440,992,BR,6,6.29932,-0.07321,0.30297,134,134,134,0.28186,6.37490,-0.07570,1,1,0.450
50.5540,992,FL,28,6.90287,0.17437,0.30016,134,68,48,0.30720,7.17390,0.18215,1,0,0.450
50.5540,992,BL,21,6.45129,0.18459,0.29971,134,134,134,0.27861,6.52619,0.17833,1,1,0.450
50.5540,992,FR,13,6.75574,-0.09961,0.30002,134,86,75,0.27891,6.83659,-0.13029,1,0,0.450
50.5540,992,BR,6,6.29932,-0.07298,0.30287,134,134,134,0.28176,6.37524,-0.07512,1,1,0.450
50.5660,992,FL,28,6.90351,0.17495,0.30018,134,68,48,0.30722,7.17440,0.18254,1,0,0.450
50.5660,992,BL,21,6.45190,0.18549,0.29969,134,134,134,0.27859,6.52724,0.17940,1,1,0.450
50.5660,992,FR,13,6.75590,-0.09927,0.30022,134,86,75,0.27911,6.83699,-0.12952,1,0,0.450
50.5660,992,BR,6,6.29945,-0.07284,0.30327,134,134,134,0.28215,6.37557,-0.07436,1,1,0.450
50.5760,993,FL,27,6.90336,0.17555,0.30018,134,68,48,0.30722,7.16964,0.18391,1,0,0.450
50.5760,993,BL,20,6.45175,0.18623,0.29974,134,134,134,0.27864,6.52250,0.18117,1,1,0.450
50.5760,993,FR,12,6.75563,-0.09888,0.30042,134,86,75,0.27931,6.83675,-0.12883,1,0,0.450
50.5760,993,BR,5,6.29908,-0.07261,0.30396,134,134,134,0.28285,6.37546,-0.07340,1,1,0.450
50.5860,993,FL,27,6.90351,0.17553,0.30020,134,68,48,0.30724,7.17611,0.18415,1,0,0.450
50.5860,993,BL,20,6.45165,0.18578,0.29973,134,134,134,0.27863,6.52643,0.18080,1,1,0.450
50.5860,993,FR,12,6.75572,-0.09898,0.30035,134,86,75,0.27925,6.83716,-0.12901,1,0,0.450
50.5860,993,BR,5,6.29902,-0.07234,0.30404,134,134,134,0.28293,6.37542,-0.07306,1,1,0.450
50.5980,993,FL,27,6.90443,0.17634,0.30022,134,68,48,0.30725,7.17690,0.18473,1,0,0.450
50.5980,993,BL,20,6.45257,0.18702,0.29974,134,134,134,0.27864,6.52770,0.18208,1,1,0.450
50.5980,993,FR,12,6.75624,-0.09825,0.30063,134,86,75,0.27953,6.83771,-0.12800,1,0,0.450
50.5980,993,BR,5,6.29966,-0.07170,0.30474,134,134,134,0.28363,6.37602,-0.07174,1,1,0.450
50.6080,994,FL,26,6.90392,0.17695,0.30022,134,68,48,0.30726,7.17171,0.18614,1,0,0.450
50.6080,994,BL,19,6.45210,0.18786,0.29981,134,134,134,0.27870,6.52248,0.18392,1,1,0.450
50.6080,994,FR,11,6.75582,-0.09768,0.30090,134,86,75,0.27979,6.83696,-0.12729,1,0,0.450
50.6080,994,BR,4,6.29931,-0.07118,0.30561,133,133,133,0.28449,6.37580,-0.07041,1,1,0.450
50.6180,994,FL,26,6.90319,0.17693,0.30024,134,68,48,0.30727,7.17716,0.18646,1,0,0.450
50.6180,994,BL,19,6.45113,0.18746,0.29984,134,134,134,0.27874,6.52537,0.18364,1,1,0.450
50.6180,994,FR,11,6.75526,-0.09776,0.30104,134,86,75,0.27993,6.83628,-0.12748,1,0,0.450
50.6180,994,BR,4,6.29881,-0.07080,0.30621,132,132,132,0.28509,6.37519,-0.06978,1,1,0.450
50.6260,994,FL,26,6.90365,0.17765,0.30026,134,68,48,0.30729,7.17751,0.18693,1,0,0.450
50.6260,994,BL,19,6.45160,0.18868,0.29983,134,134,134,0.27873,6.52615,0.18486,1,1,0.450
50.6280,994,FR,11,6.75527,-0.09709,0.30128,134,86,75,0.28017,6.83630,-0.12655,1,0,0.450
50.6280,994,BR,4,6.29908,-0.07016,0.30674,132,132,132,0.28562,6.37504,-0.06847,1,1,0.450
50.6380,995,FL,25,6.90401,0.17824,0.30026,134,68,48,0.30729,7.17317,0.18838,1,0,0.450
50.6380,995,BL,18,6.45193,0.18950,0.29986,134,134,134,0.27876,6.52180,0.18680,1,1,0.450
50.6380,995,FR,10,6.75543,-0.09665,0.30138,134,86,75,0.28028,6.83640,-0.12587,1,0,0.450
50.6380,995,BR,3,6.29939,-0.06970,0.30700,132,132,132,0.28587,6.37503,-0.06746,1,1,0.450
50.6460,995,FL,25,6.90294,0.17833,0.30027,134,68,48,0.30730,7.17817,0.18889,1,0,0.450
50.6460,995,BL,18,6.45061,0.18922,0.29990,134,134,134,0.27880,6.52435,0.18682,1,1,0.450
50.6460,995,FR,10,6.75458,-0.09682,0.30157,134,86,75,0.28047,6.83517,-0.12595,1,0,0.450
50.6460,995,BR,3,6.29886,-0.06941,0.30745,132,132,132,0.28633,6.37405,-0.06682,1,1,0.450
50.6580,995,FL,25,6.90307,0.17900,0.30030,134,68,48,0.30733,7.17819,0.18934,1,0,0.450
50.6580,995,BL,18,6.45075,0.19022,0.29987,134,134,134,0.27877,6.52476,0.18800,1,1,0.450
50.6580,995,FR,10,6.75438,-0.09645,0.30176,134,86,75,0.28065,6.83487,-0.12514,1,0,0.450
50.6580,995,BR,3,6.29913,-0.06918,0.30762,132,132,132,0.28650,6.37346,-0.06613,1,1,0.450
50.6660,996,FL,24,6.90187,0.17972,0.30030,134,68,48,0.30733,7.17222,0.19104,1,0,0.450
50.6660,996,BL,17,6.44960,0.19096,0.29992,134,134,134,0.27882,6.52344,0.18912,1,1,0.450
50.6660,996,FR,9,6.75348,-0.09627,0.30190,134,86,75,0.28079,6.83337,-0.12436,1,0,0.450
50.6680,996,BR,2,6.29874,-0.06929,0.30784,132,132,132,0.28671,6.37237,-0.06556,1,1,0.450
50.6760,996,FL,24,6.90166,0.17982,0.30031,134,68,48,0.30734,7.17790,0.19162,1,0,0.450
50.6760,996,BL,17,6.44909,0.19038,0.29990,134,134,134,0.27880,6.52229,0.19031,1,1,0.450
50.6760,996,FR,9,6.75339,-0.09676,0.30188,134,86,75,0.28078,6.83297,-0.12468,1,0,0.450
50.6760,996,BR,2,6.29918,-0.06927,0.30759,132,132,132,0.28646,6.37200,-0.06586,1,1,0.450
50.6860,996,FL,24,6.90079,0.18066,0.30034,134,68,48,0.30737,7.17700,0.19249,1,0,0.450
50.6860,996,BL,17,6.44834,0.19117,0.29990,134,134,134,0.27879,6.52131,0.19145,1,1,0.450
50.6860,996,FR,9,6.75298,-0.09656,0.30208,134,86,75,0.28097,6.83191,-0.12379,1,0,0.450
50.6860,996,BR,2,6.29937,-0.06941,0.30760,132,132,132,0.28648,6.37127,-0.06578,1,1,0.450
50.6960,997,FL,23,6.89984,0.18146,0.30035,134,68,48,0.30737,7.17120,0.19448,1,0,0.450
50.6960,997,BL,16,6.44752,0.19165,0.29994,134,134,134,0.27884,6.52012,0.19252,1,1,0.450
50.6960,997,FR,8,6.75268,-0.09650,0.30213,134,86,75,0.28102,6.83088,-0.12309,1,0,0.450
50.6980,997,BR,1,6.29954,-0.06957,0.30753,132,132,132,0.28640,6.37083,-0.06588,1,1,0.450
50.7260,998,FL,22,6.89826,0.18168,0.30037,134,68,48,0.30739,7.16700,0.20032,1,0,0.450
50.7260,998,BL,15,6.44585,0.19076,0.29995,134,134,134,0.27885,6.51777,0.19291,1,1,0.450
50.7260,998,FR,7,6.75213,-0.09720,0.30214,134,86,75,0.28103,6.82915,-0.12345,1,0,0.450
50.7260,998,BR,30,6.57280,-0.08144,0.29990,134,128,119,0.27880,6.64950,-0.08515,1,1,0.450
50.7380,998,FL,22,6.89462,0.18348,0.30035,134,68,48,0.30738,7.16735,0.20517,1,0,0.450
50.7380,998,BL,15,6.44238,0.19099,0.30013,134,134,134,0.27903,6.51286,0.19482,1,1,0.450
50.7380,998,FR,7,6.75103,-0.09679,0.30255,134,86,75,0.28144,6.82530,-0.12155,1,0,0.450
50.7380,998,BR,30,6.56953,-0.07872,0.29988,134,128,119,0.27878,6.64612,-0.07631,1,1,0.450
50.7480,998,FL,22,6.89357,0.18424,0.30034,134,68,48,0.30736,7.16630,0.20568,1,0,0.450
50.7480,998,BL,15,6.44177,0.19163,0.30012,134,134,134,0.27902,6.51125,0.19604,1,1,0.450
50.7480,998,FR,7,6.75112,-0.09657,0.30271,134,86,75,0.28160,6.82441,-0.12082,1,0,0.450
50.7480,998,BR,30,6.56850,-0.07784,0.29990,134,128,119,0.27879,6.64561,-0.07568,1,1,0.450
50.7580,999,FL,21,6.89210,0.18473,0.30034,134,68,48,0.30736,7.16095,0.20614,1,0,0.450
50.7580,999,BL,14,6.44046,0.19206,0.30017,134,134,134,0.27906,6.50953,0.19672,1,1,0.450
50.7580,999,FR,6,6.75024,-0.09642,0.30262,134,86,75,0.28151,6.82277,-0.12032,1,0,0.450
50.7580,999,BR,29,6.56699,-0.07735,0.29989,134,128,119,0.27879,6.64030,-0.07529,1,1,0.450
50.7680,999,FL,21,6.89132,0.18468,0.30033,134,68,48,0.30736,7.16478,0.20847,1,0,0.450
50.7680,999,BL,14,6.43971,0.19115,0.30015,134,134,134,0.27904,6.50788,0.19705,1,1,0.450
50.7700,999,FR,6,6.75029,-0.09708,0.30229,134,86,75,0.28118,6.82183,-0.12087,1,0,0.450
50.7700,999,BR,29,6.56610,-0.07614,0.29983,134,128,119,0.27873,6.64125,-0.07031,1,1,0.450
50.7800,999,FL,21,6.89039,0.18488,0.30035,134,68,48,0.30737,7.16393,0.20834,1,0,0.450
50.7800,999,BL,14,6.43890,0.19168,0.30020,134,134,134,0.27909,6.50686,0.19751,1,1,0.450
50.7800,999,FR,6,6.74970,-0.09678,0.30260,134,86,75,0.28149,6.82065,-0.12038,1,0,0.450
50.7800,999,BR,29,6.56513,-0.07576,0.29985,134,128,119,0.27874,6.64069,-0.07000,1,1,0.450
50.7900,1000,FL,20,6.88846,0.18524,0.30038,134,68,48,0.30740,7.15839,0.20826,1,0,0.450
50.7900,1000,BL,13,6.43697,0.19213,0.30037,134,134,134,0.27927,6.50477,0.19797,1,1,0.450
50.7900,1000,FR,5,6.74808,-0.09643,0.30301,134,86,75,0.28190,6.81833,-0.11975,1,0,0.450
50.7900,1000,BR,28,6.56318,-0.07540,0.29985,134,128,119,0.27875,6.63510,-0.07006,1,1,0.450
50.8000,1000,FL,20,6.88788,0.18502,0.30042,134,68,48,0.30744,7.16287,0.20972,1,0,0.450
50.8000,1000,BL,13,6.43625,0.19122,0.30056,134,134,134,0.27946,6.50347,0.19796,1,1,0.450
50.8000,1000,FR,5,6.74794,-0.09672,0.30340,134,86,75,0.28228,6.81742,-0.12014,1,0,0.450
50.8000,1000,BR,28,6.56259,-0.07439,0.29978,134,128,119,0.27868,6.63749,-0.06689,1,1,0.450
50.8100,1000,FL,20,6.88762,0.18519,0.30048,134,68,48,0.30749,7.16268,0.20949,1,0,0.450
50.8100,1000,BL,13,6.43603,0.19184,0.30067,134,134,134,0.27957,6.50318,0.19819,1,1,0.450
50.8100,1000,FR,5,6.74794,-0.09612,0.30406,134,86,75,0.28295,6.81687,-0.11938,1,0,0.450
50.8100,1000,BR,28,6.56234,-0.07422,0.29979,134,128,119,0.27869,6.63763,-0.06678,1,1,0.450
50.8200,1001,FL,19,6.88700,0.18547,0.30053,134,68,48,0.30754,7.15852,0.20903,1,0,0.450
50.8200,1001,BL,12,6.43539,0.19233,0.30092,134,134,134,0.27981,6.50248,0.19838,1,1,0.450
50.8200,1001,FR,4,6.74754,-0.09555,0.30477,134,86,75,0.28366,6.81593,-0.11855,1,0,0.450
50.8200,1001,BR,27,6.56172,-0.07402,0.29980,134,128,119,0.27870,6.63342,-0.06723,1,1,0.450
50.8300,1001,FL,19,6.88624,0.18531,0.30064,134,68,48,0.30763,7.16306,0.20986,1,0,0.450
50.8300,1001,BL,12,6.43421,0.19189,0.30132,134,134,134,0.28021,6.50127,0.19807,1,1,0.450
50.8300,1001,FR,4,6.74683,-0.09503,0.30588,132,85,74,0.28476,6.81441,-0.11791,1,0,0.450
50.8300,1001,BR,27,6.56103,-0.07315,0.29974,134,128,119,0.27864,6.63626,-0.06523,1,1,0.450
50.8400,1001,FL,19,6.88578,0.18551,0.30071,134,68,48,0.30770,7.16267,0.20957,1,0,0.450
50.8400,1001,BL,12,6.43379,0.19256,0.30150,134,134,134,0.28039,6.50079,0.19821,1,1,0.450
50.8400,1001,FR,4,6.74658,-0.09433,0.30673,132,85,74,0.28560,6.81382,-0.11698,1,0,0.450
50.8400,1001,BR,27,6.56063,-0.07312,0.29975,134,128,119,0.27864,6.63627,-0.06537,1,1,0.450
50.8500,1002,FL,18,6.88489,0.18578,0.30076,134,68,48,0.30775,7.15830,0.20887,1,0,0.450
50.8500,1002,BL,11,6.43277,0.19314,0.30176,134,134,134,0.28065,6.49988,0.19828,1,1,0.450
50.8500,1002,FR,3,6.74574,-0.09359,0.30745,132,85,74,0.28632,6.81256,-0.11580,1,0,0.450
50.8500,1002,BR,26,6.55980,-0.07302,0.29975,134,128,119,0.27865,6.63184,-0.06608,1,1,0.450
50.8600,1002,FL,18,6.88503,0.18549,0.30084,134,68,48,0.30782,7.16371,0.20928,1,0,0.450
50.8600,1002,BL,11,6.43256,0.19257,0.30213,134,134,134,0.28102,6.49958,0.19785,1,1,0.450
50.8600,1002,FR,3,6.74599,-0.09314,0.30821,132,85,74,0.28708,6.81239,-0.11536,1,0,0.450
50.8600,1002,BR,26,6.56006,-0.07243,0.29966,134,128,119,0.27856,6.63600,-0.06552,1,1,0.450
50.8680,1002,FL,18,6.88427,0.18577,0.30094,134,68,48,0.30791,7.16307,0.20909,1,0,0.450
50.8680,1002,BL,11,6.43164,0.19328,0.30226,134,134,134,0.28116,6.49901,0.19787,1,1,0.450
50.8680,1002,FR,3,6.74507,-0.09239,0.30879,131,84,73,0.28766,6.81125,-0.11424,1,0,0.450
50.8700,1002,BR,26,6.55942,-0.07240,0.29968,134,128,119,0.27858,6.63564,-0.06518,1,1,0.450
50.8780,1003,FL,17,6.88429,0.18575,0.30096,134,68,48,0.30793,7.16316,0.20889,1,0,0.450
50.8780,1003,BL,10,6.43164,0.19337,0.30241,134,134,134,0.28130,6.49897,0.19774,1,1,0.450
50.8780,1003,FR,2,6.74508,-0.09210,0.30913,131,84,73,0.28800,6.81137,-0.11389,1,0,0.450
50.8780,1003,BR,25,6.55950,-0.07252,0.29969,134,128,119,0.27859,6.63212,-0.06615,1,1,0.450
50.8880,1003,FL,17,6.88494,0.18529,0.30104,134,68,48,0.30800,7.16533,0.20841,1,0,0.450
50.8880,1003,BL,10,6.43194,0.19247,0.30265,134,134,134,0.28154,6.49934,0.19697,1,1,0.450
50.8880,1003,FR,2,6.74567,-0.09185,0.30925,131,84,73,0.28812,6.81213,-0.11390,1,0,0.450
50.8880,1003,BR,25,6.56027,-0.07210,0.29962,134,128,119,0.27852,6.63681,-0.06549,1,1,0.450
50.8980,1003,FL,17,6.88533,0.18503,0.30108,134,68,48,0.30804,7.16564,0.20780,1,0,0.450
50.8980,1003,BL,10,6.43227,0.19247,0.30265,134,134,134,0.28154,6.50001,0.19638,1,1,0.450
50.8980,1003,FR,2,6.74563,-0.09145,0.30934,131,84,73,0.28821,6.81287,-0.11400,1,0,0.450
50.8980,1003,BR,25,6.56077,-0.07267,0.29960,134,128,119,0.27850,6.63764,-0.06622,1,1,0.450
50.9080,1004,FL,16,6.88593,0.18464,0.30111,134,68,48,0.30806,7.16993,0.20803,1,0,0.450
50.9080,1004,BL,9,6.43273,0.19210,0.30272,134,134,134,0.28161,6.50076,0.19556,1,1,0.450
50.9080,1004,FR,1,6.74574,-0.09124,0.30934,131,84,73,0.28821,6.81393,-0.11427,1,0,0.450
50.9080,1004,BR,24,6.56148,-0.07328,0.29960,134,128,119,0.27850,6.63465,-0.06760,1,1,0.450
50.9180,1004,FL,16,6.88551,0.18436,0.30121,134,68,48,0.30815,7.17134,0.20727,1,0,0.450
50.9180,1004,BL,9,6.43156,0.19170,0.30281,134,134,134,0.28170,6.50031,0.19465,1,1,0.450
50.9180,1004,FR,1,6.74469,-0.09068,0.30949,131,84,73,0.28836,6.81250,-0.11345,1,0,0.450
50.9180,1004,BR,24,6.56142,-0.07298,0.29951,134,128,119,0.27841,6.63859,-0.06730,1,1,0.450
50.9260,1004,FL,16,6.88630,0.18384,0.30130,134,68,48,0.30823,7.17214,0.20639,1,0,0.450
50.9280,1004,BL,9,6.43221,0.19126,0.30282,134,134,134,0.28170,6.50146,0.19350,1,1,0.450
50.9280,1004,FR,1,6.74460,-0.09038,0.30976,131,84,73,0.28862,6.81329,-0.11409,1,0,0.450
50.9280,1004,BR,24,6.56249,-0.07401,0.29948,134,128,119,0.27838,6.64005,-0.06854,1,1,0.450
50.9380,1005,FL,15,6.88809,0.18290,0.30136,134,68,48,0.30829,7.17375,0.20561,1,0,0.450
50.9380,1005,BL,8,6.43402,0.18999,0.30287,134,134,134,0.28176,6.50344,0.19182,1,1,0.450
50.9380,1005,FR,30,7.01463,-0.10052,0.30012,134,68,46,0.35476,7.16040,-0.11281,1,0,0.450
50.9380,1005,BR,23,6.56442,-0.07522,0.29946,134,128,119,0.27836,6.63821,-0.07041,1,1,0.450
50.9600,1005,FL,15,6.88882,0.18186,0.30151,134,68,48,0.30843,7.17480,0.20498,1,0,0.450
50.9600,1005,BL,8,6.43457,0.18819,0.30307,134,134,134,0.28195,6.50439,0.18959,1,1,0.450
50.9600,1005,FR,30,7.01558,-0.10095,0.30011,134,68,46,0.35475,7.17460,-0.11644,1,0,0.450
50.9600,1005,BR,23,6.56533,-0.07578,0.29944,134,128,119,0.27834,6.64631,-0.07212,1,1,0.450
50.9680,1006,FL,14,6.88991,0.18117,0.30159,134,68,48,0.30849,7.17783,0.20236,1,0,0.450
50.9680,1006,BL,7,6.43390,0.18853,0.30325,134,134,134,0.28213,6.50629,0.18736,1,1,0.450
50.9700,1006,FR,29,7.01849,-0.10285,0.30015,134,68,46,0.35478,7.17301,-0.11818,1,0,0.450
50.9700,1006,BR,22,6.56802,-0.07854,0.29938,134,128,119,0.27828,6.64516,-0.07587,1,1,0.450
50.9780,1006,FL,14,6.89045,0.18126,0.30158,134,68,48,0.30849,7.18001,0.20198,1,0,0.450
50.9780,1006,BL,7,6.43375,0.18834,0.30283,134,134,134,0.28172,6.50669,0.18672,1,1,0.450
50.9780,1006,FR,29,7.02020,-0.10326,0.30015,134,68,46,0.35478,7.18385,-0.12044,1,0,0.450
50.9780,1006,BR,22,6.56946,-0.07853,0.29930,134,128,119,0.27820,6.65236,-0.07701,1,1,0.450
50.9880,1006,FL,14,6.89065,0.18110,0.30166,134,68,48,0.30856,7.18072,0.20110,1,0,0.450
50.9880,1006,BL,7,6.43365,0.18840,0.30288,134,134,134,0.28176,6.50702,0.18598,1,1,0.450
50.9900,1006,FR,29,7.02106,-0.10389,0.30018,134,68,46,0.35480,7.18466,-0.12072,1,0,0.450
50.9900,1006,BR,22,6.57022,-0.07953,0.29924,134,128,119,0.27814,6.65348,-0.07826,1,1,0.450
50.9980,1007,FL,13,6.89085,0.18092,0.30160,134,68,48,0.30850,7.18133,0.20043,1,0,0.450
50.9980,1007,BL,6,6.43355,0.18831,0.30261,134,134,134,0.28150,6.50725,0.18525,1,1,0.450
50.9980,1007,FR,28,7.02174,-0.10443,0.30019,134,68,46,0.35481,7.18072,-0.12179,1,0,0.450
50.9980,1007,BR,21,6.57083,-0.08030,0.29923,134,128,119,0.27813,6.64955,-0.07981,1,1,0.450
51.0080,1007,FL,13,6.89021,0.18109,0.30170,134,68,48,0.30860,7.18144,0.20047,1,0,0.450
51.0080,1007,BL,6,6.43281,0.18823,0.30268,134,134,134,0.28157,6.50652,0.18484,1,1,0.450
51.0080,1007,FR,28,7.02171,-0.10451,0.30016,134,68,46,0.35479,7.18801,-0.12308,1,0,0.450
51.0080,1007,BR,21,6.57059,-0.07996,0.29917,134,128,119,0.27807,6.65409,-0.08016,1,1,0.450
51.0180,1007,FL,13,6.89078,0.18065,0.30183,134,68,48,0.30871,7.18217,0.19960,1,0,0.450
51.0180,1007,BL,6,6.43340,0.18791,0.30301,134,134,134,0.28190,6.50710,0.18398,1,1,0.450
51.0180,1007,FR,28,7.02273,-0.10520,0.30020,134,68,46,0.35482,7.18904,-0.12356,1,0,0.450
51.0180,1007,BR,21,6.57153,-0.08101,0.29915,134,128,119,0.27805,6.65529,-0.08133,1,1,0.450
51.0280,1008,FL,12,6.89086,0.18023,0.30198,134,68,48,0.30885,7.18223,0.19899,1,0,0.450
51.0280,1008,BL,5,6.43345,0.18752,0.30352,134,134,134,0.28241,6.50721,0.18300,1,1,0.450
51.0280,1008,FR,27,7.02292,-0.10575,0.30021,134,68,46,0.35482,7.18441,-0.12464,1,0,0.450
51.0280,1008,BR,20,6.57170,-0.08174,0.29918,134,128,119,0.27808,6.65062,-0.08275,1,1,0.450
51.0380,1008,FL,12,6.89058,0.18030,0.30217,134,68,48,0.30902,7.18240,0.19906,1,0,0.450
51.0380,1008,BL,5,6.43325,0.18717,0.30384,134,134,134,0.28272,6.50683,0.18245,1,1,0.450
51.0380,1008,FR,27,7.02315,-0.10590,0.30017,134,68,46,0.35479,7.19116,-0.12571,1,0,0.450
51.0380,1008,BR,20,6.57169,-0.08147,0.29914,134,128,119,0.27804,6.65504,-0.08309,1,1,0.450
51.0480,1008,FL,12,6.89046,0.17969,0.30241,134,68,48,0.30924,7.18191,0.19838,1,0,0.450
51.0480,1008,BL,5,6.43338,0.18651,0.30466,134,134,134,0.28354,6.50676,0.18122,1,1,0.450
51.0480,1008,FR,27,7.02307,-0.10643,0.30020,134,68,46,0.35482,7.19110,-0.12607,1,0,0.450
51.0480,1008,BR,20,6.57161,-0.08242,0.29915,134,128,119,0.27805,6.65506,-0.08399,1,1,0.450
51.0560,1009,FL,11,6.88986,0.17932,0.30259,134,68,48,0.30941,7.18087,0.19790,1,0,0.450
51.0560,1009,BL,4,6.43297,0.18617,0.30526,133,133,133,0.28414,6.50620,0.18020,1,1,0.450
51.0580,1009,FR,26,7.02234,-0.10682,0.30021,134,68,46,0.35482,7.18541,-0.12697,1,0,0.450
51.0580,1009,BR,19,6.57090,-0.08303,0.29919,134,128,119,0.27809,6.64926,-0.08524,1,1,0.450
51.0680,1009,FL,11,6.88986,0.17938,0.30279,134,68,48,0.30959,7.18115,0.19808,1,0,0.450
51.0680,1009,BL,4,6.43314,0.18558,0.30555,133,133,133,0.28443,6.50607,0.17956,1,1,0.450
51.0680,1009,FR,26,7.02286,-0.10692,0.30015,134,68,46,0.35478,7.19208,-0.12787,1,0,0.450
51.0680,1009,BR,19,6.57116,-0.08279,0.29915,134,128,119,0.27805,6.65377,-0.08557,1,1,0.450
51.0760,1009,FL,11,6.88935,0.17884,0.30306,134,68,48,0.30983,7.18024,0.19735,1,0,0.450
51.0780,1009,BL,4,6.43301,0.18504,0.30624,132,132,132,0.28512,6.50540,0.17837,1,1,0.450
51.0780,1009,FR,26,7.02245,-0.10746,0.30019,134,68,46,0.35481,7.19167,-0.12822,1,0,0.450
51.0780,1009,BR,19,6.57073,-0.08381,0.29916,134,128,119,0.27806,6.65347,-0.08653,1,1,0.450
51.0860,1010,FL,10,6.88851,0.17857,0.30325,134,68,48,0.31000,7.17884,0.19685,1,0,0.450
51.0860,1010,BL,3,6.43253,0.18480,0.30675,132,132,132,0.28562,6.50447,0.17740,1,1,0.450
51.0860,1010,FR,25,7.02144,-0.10785,0.30020,134,68,46,0.35481,7.18563,-0.12917,1,0,0.450
51.0860,1010,BR,18,6.56975,-0.08443,0.29920,134,128,119,0.27810,6.64729,-0.08789,1,1,0.450
51.0960,1010,FL,10,6.88809,0.17873,0.30351,134,68,48,0.31024,7.17840,0.19699,1,0,0.450
51.0980,1010,BL,3,6.43256,0.18425,0.30699,132,132,132,0.28587,6.50374,0.17675,1,1,0.450
51.0980,1010,FR,25,7.02149,-0.10800,0.30013,134,68,46,0.35476,7.19164,-0.13011,1,0,0.450
51.0980,1010,BR,18,6.56952,-0.08429,0.29916,134,128,119,0.27806,6.65118,-0.08843,1,1,0.450
51.1060,1010,FL,10,6.88730,0.17846,0.30370,134,68,48,0.31041,7.17704,0.19626,1,0,0.450
51.1060,1010,BL,3,6.43246,0.18409,0.30728,132,132,132,0.28615,6.50253,0.17607,1,1,0.450
51.1060,1010,FR,25,7.02068,-0.10856,0.30018,134,68,46,0.35480,7.19084,-0.13051,1,0,0.450
51.1060,1010,BR,18,6.56871,-0.08523,0.29915,134,128,119,0.27805,6.65046,-0.08950,1,1,0.450
51.1160,1011,FL,9,6.88638,0.17841,0.30381,134,68,48,0.31051,7.17532,0.19581,1,0,0.450
51.1160,1011,BL,2,6.43212,0.18418,0.30748,132,132,132,0.28635,6.50139,0.17563,1,1,0.450
51.1180,1011,FR,24,7.01935,-0.10898,0.30018,134,68,46,0.35480,7.18439,-0.13160,1,0,0.450
51.1180,1011,BR,17,6.56744,-0.08571,0.29919,134,128,119,0.27809,6.64894,-0.09027,1,1,0.450
51.1260,1011,FL,9,6.88588,0.17890,0.30401,134,68,48,0.31069,7.17436,0.19609,1,0,0.450
51.1260,1011,BL,2,6.43242,0.18407,0.30736,132,132,132,0.28624,6.50062,0.17578,1,1,0.450
51.1260,1011,FR,24,7.01895,-0.10917,0.30012,134,68,46,0.35476,7.18996,-0.13274,1,0,0.450
51.1260,1011,BR,17,6.56673,-0.08525,0.29911,134,128,119,0.27801,6.64720,-0.09151,1,1,0.450
51.1360,1011,FL,9,6.88516,0.17883,0.30413,134,68,48,0.31080,7.17254,0.19547,1,0,0.450
51.1360,1011,BL,2,6.43235,0.18426,0.30745,132,132,132,0.28633,6.49972,0.17566,1,1,0.450
51.1360,1011,FR,24,7.01734,-0.10970,0.30016,134,68,46,0.35478,7.18812,-0.13319,1,0,0.450
51.1360,1011,BR,17,6.56537,-0.08588,0.29913,134,128,119,0.27804,6.64539,-0.09242,1,1,0.450
51.1480,1012,FL,8,6.88487,0.17867,0.30409,134,68,48,0.31077,7.17132,0.19476,1,0,0.450
51.1480,1012,BL,1,6.43281,0.18429,0.30723,132,132,132,0.28610,6.49905,0.17571,1,1,0.450
51.1480,1012,FR,23,7.01636,-0.11051,0.30016,134,68,46,0.35479,7.18192,-0.13484,1,0,0.450
51.1480,1012,BR,16,6.56449,-0.08641,0.29915,134,128,119,0.27806,6.64413,-0.09344,1,1,0.450
51.1660,1012,FL,8,6.88433,0.17938,0.30408,134,68,48,0.31075,7.16916,0.19511,1,0,0.450
51.1660,1012,BL,1,6.43282,0.18451,0.30728,132,132,132,0.28616,6.49904,0.17622,1,1,0.450
51.1660,1012,FR,23,7.01450,-0.11080,0.30012,134,68,46,0.35475,7.18068,-0.14064,1,0,0.450
51.1660,1012,BR,16,6.56268,-0.08551,0.29910,134,128,119,0.27800,6.64119,-0.09387,1,1,0.450
51.1780,1013,FL,7,6.88408,0.17910,0.30387,134,68,48,0.31056,7.16676,0.19380,1,0,0.450
51.1780,1013,BL,30,6.70478,0.17444,0.29996,134,97,86,0.27886,6.77662,0.17762,1,1,0.450
51.1780,1013,FR,22,7.01203,-0.11199,0.30004,134,68,46,0.35469,7.17413,-0.14122,1,0,0.450
51.1780,1013,BR,15,6.56061,-0.08609,0.29910,134,128,119,0.27800,6.63804,-0.09537,1,1,0.450
51.1860,1013,FL,7,6.88233,0.17912,0.30450,134,68,48,0.31114,7.16384,0.19347,1,0,0.450
51.1860,1013,BL,30,6.70256,0.17335,0.29996,134,97,86,0.27886,6.77263,0.17061,1,1,0.450
51.1860,1013,FR,22,7.00985,-0.11247,0.30005,134,68,46,0.35470,7.17526,-0.14525,1,0,0.450
51.1880,1013,BR,15,6.55828,-0.08540,0.29919,134,128,119,0.27809,6.63506,-0.09562,1,1,0.450
51.1960,1013,FL,7,6.88183,0.17879,0.30482,134,68,48,0.31143,7.16237,0.19280,1,0,0.450
51.1960,1013,BL,30,6.70129,0.17293,0.29998,134,97,86,0.27888,6.77192,0.17017,1,1,0.450
51.1960,1013,FR,22,7.00851,-0.11278,0.30004,134,68,46,0.35469,7.17395,-0.14499,1,0,0.450
51.1960,1013,BR,15,6.55719,-0.08591,0.29927,134,128,119,0.27817,6.63343,-0.09615,1,1,0.450
51.2080,1014,FL,6,6.88156,0.17885,0.30462,134,68,48,0.31125,7.16097,0.19248,1,0,0.450
51.2080,1014,BL,29,6.69997,0.17235,0.29998,134,97,86,0.27888,6.76656,0.16991,1,1,0.450
51.2080,1014,FR,21,7.00720,-0.11338,0.30003,134,68,46,0.35468,7.16846,-0.14544,1,0,0.450
51.2080,1014,BR,14,6.55616,-0.08628,0.29930,134,128,119,0.27820,6.63173,-0.09693,1,1,0.450
51.2160,1014,FL,6,6.88019,0.17930,0.30466,134,68,48,0.31128,7.15835,0.19289,1,0,0.450
51.2160,1014,BL,29,6.69768,0.17137,0.29999,134,97,86,0.27888,6.76530,0.16553,1,1,0.450
51.2180,1014,FR,21,7.00531,-0.11328,0.29998,134,68,46,0.35464,7.17095,-0.14783,1,0,0.450
51.2180,1014,BR,14,6.55421,-0.08538,0.29929,134,128,119,0.27819,6.62887,-0.09695,1,1,0.450
51.2260,1014,FL,6,6.87926,0.17907,0.30502,133,69,52,0.29428,7.15666,0.19244,1,0,0.450
51.2260,1014,BL,29,6.69647,0.17116,0.30000,134,97,86,0.27890,6.76466,0.16519,1,1,0.450
51.2260,1014,FR,21,7.00410,-0.11336,0.30000,134,68,46,0.35466,7.16971,-0.14742,1,0,0.450
51.2260,1014,BR,14,6.55310,-0.08591,0.29939,134,128,119,0.27829,6.62760,-0.09733,1,1,0.450
51.2360,1015,FL,5,6.87865,0.17900,0.30546,133,69,52,0.29470,7.15500,0.19220,1,0,0.450
51.2360,1015,BL,28,6.69531,0.17082,0.30001,134,97,86,0.27890,6.75962,0.16549,1,1,0.450
51.2360,1015,FR,20,7.00305,-0.11358,0.30003,134,68,46,0.35468,7.16477,-0.14709,1,0,0.450
51.2360,1015,BR,13,6.55212,-0.08625,0.29955,134,128,119,0.27845,6.62636,-0.09777,1,1,0.450
51.2460,1015,FL,5,6.87772,0.17931,0.30579,132,68,52,0.29502,7.15300,0.19260,1,0,0.450
51.2460,1015,BL,28,6.69381,0.16997,0.30001,134,97,86,0.27891,6.76048,0.16264,1,1,0.450
51.2460,1015,FR,20,7.00204,-0.11326,0.30000,134,68,46,0.35466,7.16857,-0.14866,1,0,0.450
51.2460,1015,BR,13,6.55091,-0.08539,0.29963,134,128,119,0.27853,6.62451,-0.09758,1,1,0.450
51.2560,1015,FL,5,6.87629,0.17867,0.30671,132,68,52,0.29590,7.15057,0.19173,1,0,0.450
51.2560,1015,BL,28,6.69250,0.16989,0.30002,134,97,86,0.27892,6.75976,0.16249,1,1,0.450
51.2560,1015,FR,20,7.00073,-0.11330,0.30007,134,68,46,0.35472,7.16732,-0.14804,1,0,0.450
51.2580,1015,BR,13,6.54952,-0.08623,0.29986,134,128,119,0.27876,6.62338,-0.09777,1,1,0.450
51.2660,1016,FL,4,6.87482,0.17828,0.30742,132,68,52,0.29659,7.19795,0.19116,1,0,0.450
51.2660,1016,BL,27,6.69090,0.16978,0.30003,134,97,86,0.27893,6.75436,0.16321,1,1,0.450
51.2660,1016,FR,19,6.99920,-0.11338,0.30012,134,68,46,0.35476,7.16209,-0.14726,1,0,0.450
51.2660,1016,BR,12,6.54783,-0.08661,0.30011,134,128,119,0.27900,6.62182,-0.09789,1,1,0.450
51.2760,1016,FL,4,6.87441,0.17839,0.30807,132,68,52,0.29722,7.19682,0.19106,1,0,0.450
51.2760,1016,BL,27,6.69016,0.16876,0.30011,134,97,86,0.27901,6.75479,0.16275,1,1,0.450
51.2760,1016,FR,19,6.99922,-0.11348,0.30014,134,68,46,0.35477,7.16660,-0.14974,1,0,0.450
51.2760,1016,BR,12,6.54741,-0.08570,0.30002,134,128,119,0.27892,6.62162,-0.09749,1,1,0.450
51.2860,1016,FL,4,6.87303,0.17796,0.30857,131,67,51,0.29770,7.19469,0.19046,1,0,0.450
51.2860,1016,BL,27,6.68890,0.16887,0.30011,134,97,86,0.27900,6.75416,0.16278,1,1,0.450
51.2860,1016,FR,19,6.99800,-0.11333,0.30020,134,68,46,0.35482,7.16538,-0.14897,1,0,0.450
51.2860,1016,BR,12,6.54612,-0.08643,0.30017,134,128,119,0.27907,6.62059,-0.09763,1,1,0.450
51.2960,1017,FL,3,6.87229,0.17763,0.30919,131,67,51,0.29829,7.19287,0.19024,1,0,0.450
51.2960,1017,BL,26,6.68781,0.16890,0.30011,134,97,86,0.27901,6.74924,0.16378,1,1,0.450
51.2960,1017,FR,18,6.99705,-0.11320,0.30025,134,68,46,0.35486,7.16067,-0.14790,1,0,0.450
51.2960,1017,BR,11,6.54508,-0.08662,0.30038,134,128,119,0.27928,6.61956,-0.09756,1,1,0.450
51.3040,1017,FL,3,6.87099,0.17735,0.30956,131,67,51,0.29865,7.19046,0.18992,1,0,0.450
51.3040,1017,BL,26,6.68656,0.16828,0.30014,134,97,86,0.27903,6.75119,0.16255,1,1,0.450
51.3060,1017,FR,18,6.99624,-0.11287,0.30024,134,68,46,0.35485,7.16493,-0.14868,1,0,0.450
51.3060,1017,BR,11,6.54371,-0.08607,0.30058,134,128,119,0.27947,6.61819,-0.09709,1,1,0.450
51.3160,1017,FL,3,6.87109,0.17756,0.31007,131,67,51,0.29914,7.19010,0.19027,1,0,0.450
51.3160,1017,BL,26,6.68697,0.16860,0.30013,134,97,86,0.27903,6.75229,0.16287,1,1,0.450
51.3160,1017,FR,18,6.99669,-0.11245,0.30032,134,68,46,0.35491,7.16535,-0.14780,1,0,0.450
51.3160,1017,BR,11,6.54418,-0.08633,0.30079,134,128,119,0.27969,6.61886,-0.09700,1,1,0.450
51.3240,1018,FL,2,6.87000,0.17741,0.30991,131,67,51,0.29898,7.18849,0.19065,1,0,0.450
51.3240,1018,BL,25,6.68586,0.16895,0.30013,134,97,86,0.27903,6.74731,0.16415,1,1,0.450
51.3240,1018,FR,17,6.99577,-0.11192,0.30032,134,68,46,0.35491,7.16457,-0.14706,1,0,0.450
51.3240,1018,BR,10,6.54309,-0.08627,0.30077,134,128,119,0.27967,6.61799,-0.09656,1,1,0.450
51.3340,1018,FL,2,6.87077,0.17766,0.30931,131,67,51,0.29840,7.18977,0.19183,1,0,0.450
51.3340,1018,BL,25,6.68615,0.16866,0.30015,134,97,86,0.27905,6.75100,0.16346,1,1,0.450
51.3340,1018,FR,17,6.99670,-0.11104,0.30023,134,68,46,0.35484,7.16627,-0.14649,1,0,0.450
51.3340,1018,BR,10,6.54394,-0.08506,0.30068,134,128,119,0.27958,6.61814,-0.09577,1,1,0.450
51.3440,1018,FL,2,6.87103,0.17744,0.30860,131,67,51,0.29772,7.19195,0.19308,1,0,0.450
51.3440,1018,BL,25,6.68626,0.16941,0.30013,134,97,86,0.27903,6.75160,0.16422,1,1,0.450
51.3440,1018,FR,17,6.99695,-0.11028,0.30023,134,68,46,0.35484,7.16609,-0.14545,1,0,0.450
51.3440,1018,BR,10,6.54460,-0.08461,0.30058,134,128,119,0.27947,6.61838,-0.09501,1,1,0.450
51.3560,1019,FL,1,6.87154,0.17728,0.30782,132,68,52,0.29697,7.19499,0.19443,1,0,0.450
51.3560,1019,BL,24,6.68680,0.17021,0.30013,134,97,86,0.27903,6.74807,0.16586,1,1,0.450
51.3560,1019,FR,16,6.99765,-0.10948,0.30021,134,68,46,0.35482,7.17035,-0.14551,1,0,0.450
51.3560,1019,BR,9,6.54564,-0.08379,0.30055,134,128,119,0.27944,6.61893,-0.09393,1,1,0.450
51.3660,1019,FL,1,6.87066,0.17711,0.30676,132,68,52,0.29595,7.19551,0.19566,1,0,0.450
51.3660,1019,BL,24,6.68703,0.17046,0.30016,134,97,86,0.27906,6.75172,0.16576,1,1,0.450
51.3660,1019,FR,16,6.99835,-0.10841,0.30011,134,68,46,0.35475,7.17176,-0.14445,1,0,0.450
51.3660,1019,BR,9,6.54591,-0.08255,0.30025,134,128,119,0.27915,6.61945,-0.09234,1,1,0.450
51.3760,1019,FL,1,6.87148,0.17690,0.30643,132,68,52,0.29564,7.19799,0.19697,1,0,0.450
51.3760,1019,BL,24,6.68910,0.17199,0.30014,134,97,86,0.27903,6.75428,0.16732,1,1,0.450
51.3760,1019,FR,16,7.00023,-0.10723,0.30025,134,68,46,0.35485,7.17352,-0.14279,1,0,0.450
51.3760,1019,BR,9,6.54770,-0.08164,0.30058,134,128,119,0.27948,6.62175,-0.09056,1,1,0.450
51.3860,1020,FL,30,7.13976,0.16862,0.29990,134,70,59,0.28676,7.24187,0.17514,1,1,0.450
51.3860,1020,BL,23,6.69079,0.17328,0.30013,134,97,86,0.27903,6.75192,0.16949,1,1,0.450
51.3860,1020,FR,15,7.00160,-0.10659,0.30046,134,68,46,0.35502,7.17499,-0.14166,1,0,0.450
51.3860,1020,BR,8,6.54874,-0.08112,0.30076,134,128,119,0.27965,6.62355,-0.08879,1,1,0.450
51.4060,1020,FL,30,7.14175,0.16901,0.29986,134,70,59,0.28671,7.25691,0.17605,1,1,0.450
51.4060,1020,BL,23,6.69282,0.17343,0.30036,134,97,86,0.27926,6.76058,0.17179,1,1,0.450
51.4060,1020,FR,15,7.00390,-0.10678,0.30051,134,68,46,0.35506,7.17586,-0.14323,1,0,0.450
51.4060,1020,BR,8,6.55114,-0.07943,0.30007,134,128,119,0.27897,6.62645,-0.08685,1,1,0.450
51.4160,1021,FL,29,7.14602,0.16996,0.29984,134,70,59,0.28670,7.25728,0.17665,1,1,0.450
51.4160,1021,BL,22,6.69707,0.17619,0.30039,134,97,86,0.27929,6.76062,0.17559,1,1,0.450
51.4160,1021,FR,14,7.00712,-0.10588,0.30037,134,68,46,0.35495,7.17853,-0.14217,1,0,0.450
51.4160,1021,BR,7,6.55429,-0.07762,0.30056,134,128,119,0.27945,6.63075,-0.08366,1,1,0.450
51.4280,1021,FL,29,7.14809,0.17001,0.29978,134,70,59,0.28663,7.26898,0.17618,1,1,0.450
51.4280,1021,BL,22,6.69923,0.17663,0.30047,134,97,86,0.27937,6.76761,0.17574,1,1,0.450
51.4280,1021,FR,14,7.00934,-0.10530,0.30018,134,68,46,0.35480,7.18086,-0.14216,1,0,0.450
51.4280,1021,BR,7,6.55596,-0.07583,0.30006,134,128,119,0.27896,6.63316,-0.08169,1,1,0.450
51.4380,1021,FL,29,7.14950,0.17060,0.29978,134,70,59,0.28664,7.27019,0.17642,1,1,0.450
51.4380,1021,BL,22,6.70062,0.17829,0.30046,134,97,86,0.27935,6.76928,0.17726,1,1,0.450
51.4380,1021,FR,14,7.01023,-0.10426,0.30013,134,68,46,0.35476,7.18139,-0.14123,1,0,0.450
51.4380,1021,BR,7,6.55698,-0.07409,0.30059,134,128,119,0.27948,6.63481,-0.07945,1,1,0.450
51.4520,1022,FL,28,7.15250,0.17122,0.29976,134,70,59,0.28662,7.26821,0.17763,1,1,0.450
51.4520,1022,BL,21,6.70368,0.18014,0.30048,134,97,86,0.27938,6.76721,0.17997,1,1,0.450
51.4520,1022,FR,13,7.01276,-0.10311,0.30018,134,68,46,0.35480,7.18363,-0.14030,1,0,0.450
51.4520,1022,BR,6,6.55951,-0.07184,0.30120,134,128,119,0.28010,6.63797,-0.07684,1,1,0.450
51.4640,1022,FL,28,7.15529,0.17177,0.29966,134,70,59,0.28652,7.27875,0.17733,1,1,0.450
51.4640,1022,BL,21,6.70661,0.18169,0.30061,134,97,86,0.27950,6.77409,0.18076,1,1,0.450
51.4640,1022,FR,13,7.01587,-0.10152,0.30004,134,68,46,0.35469,7.18631,-0.13933,1,0,0.450
51.4640,1022,BR,6,6.56229,-0.06883,0.30187,134,128,119,0.28076,6.64181,-0.07352,1,1,0.450
51.4740,1023,FL,27,7.15659,0.17278,0.29965,134,70,59,0.28651,7.27464,0.17902,1,1,0.450
51.4760,1023,BL,20,6.70795,0.18392,0.30062,134,97,86,0.27951,6.77038,0.18381,1,1,0.450
51.4760,1023,FR,12,7.01692,-0.09975,0.29996,134,68,46,0.35463,7.18680,-0.13770,1,0,0.450
51.4760,1023,BR,5,6.56350,-0.06643,0.30301,134,128,119,0.28190,6.64405,-0.07027,1,1,0.450
51.4860,1023,FL,27,7.15950,0.17369,0.29950,134,70,59,0.28637,7.28441,0.17905,1,1,0.450
51.4860,1023,BL,20,6.71103,0.18571,0.30070,134,97,86,0.27960,6.77691,0.18496,1,1,0.450
51.4860,1023,FR,12,7.02041,-0.09761,0.29966,134,68,46,0.35439,7.18969,-0.13652,1,0,0.450
51.4860,1023,BR,5,6.56645,-0.06280,0.30319,134,128,119,0.28208,6.64847,-0.06629,1,1,0.450
51.4980,1023,FL,27,7.16080,0.17518,0.29948,134,70,59,0.28635,7.28547,0.18002,1,1,0.450
51.4980,1023,BL,20,6.71244,0.18868,0.30071,134,97,86,0.27960,6.77837,0.18732,1,1,0.450
51.4980,1023,FR,12,7.02180,-0.09493,0.29943,134,68,46,0.35422,7.18996,-0.13411,1,0,0.450
51.4980,1023,BR,5,6.56806,-0.05956,0.30465,134,128,119,0.28353,6.65156,-0.06168,1,1,0.450
51.5140,1024,FL,26,7.16413,0.17744,0.29938,134,70,59,0.28625,7.28339,0.18251,1,1,0.450
51.5140,1024,BL,19,6.71599,0.19293,0.30072,134,97,86,0.27961,6.77614,0.19188,1,1,0.450
51.5140,1024,FR,11,7.02532,-0.09103,0.29908,134,68,46,0.35394,7.19208,-0.13098,1,0,0.450
51.5140,1024,BR,4,6.57150,-0.05439,0.30634,132,127,118,0.28522,6.65732,-0.05490,1,1,0.450
51.5240,1024,FL,26,7.16599,0.18003,0.29921,134,70,59,0.28608,7.29164,0.18393,1,1,0.450
51.5260,1024,BL,19,6.71778,0.19676,0.30087,134,97,86,0.27977,6.78185,0.19458,1,1,0.450
51.5260,1024,FR,11,7.02607,-0.08741,0.29945,134,68,46,0.35423,7.19495,-0.12708,1,0,0.450
51.5260,1024,BR,4,6.57019,-0.05148,0.30895,131,126,117,0.28782,6.65829,-0.04915,1,1,0.450
51.5340,1025,FL,25,7.16787,0.18300,0.29923,134,70,59,0.28611,7.28802,0.18784,1,1,0.450
51.5340,1025,BL,18,6.71933,0.20036,0.30086,134,97,86,0.27975,6.77908,0.19962,1,1,0.450
51.5340,1025,FR,10,7.02605,-0.08504,0.29984,134,68,46,0.35453,7.19653,-0.12334,1,0,0.450
51.5340,1025,BR,3,6.56969,-0.04974,0.31031,131,126,117,0.28918,6.65799,-0.04561,1,1,0.450
51.5520,1025,FL,25,7.16883,0.18496,0.29907,134,70,59,0.28595,7.29543,0.18910,1,1,0.450
51.5520,1025,BL,18,6.72011,0.20222,0.30096,134,97,86,0.27985,6.78374,0.20182,1,1,0.450
51.5520,1025,FR,10,7.02668,-0.08371,0.30005,134,68,46,0.35470,7.19816,-0.12099,1,0,0.450
51.5540,1025,BR,3,6.56937,-0.04890,0.31055,131,126,117,0.28941,6.65821,-0.04312,1,1,0.450
51.5640,1026,FL,24,7.16975,0.18920,0.29913,134,70,59,0.28601,7.29055,0.19494,1,1,0.450
51.5640,1026,BL,17,6.72089,0.20665,0.30096,134,97,86,0.27986,6.78516,0.20715,1,1,0.450
51.5640,1026,FR,9,7.02653,-0.08115,0.30035,134,68,46,0.35493,7.19876,-0.11619,1,0,0.450
51.5640,1026,BR,2,6.56924,-0.04785,0.31116,131,126,117,0.29003,6.65774,-0.03905,1,1,0.450
51.5820,1026,FL,24,7.17051,0.19108,0.29895,134,70,59,0.28584,7.29821,0.19561,1,1,0.450
51.5820,1026,BL,17,6.72131,0.20779,0.30120,134,97,86,0.28009,6.78404,0.21121,1,1,0.450
51.5820,1026,FR,9,7.02714,-0.08099,0.30087,134,68,46,0.35534,7.15002,-0.11441,1,0,0.450
51.5820,1026,BR,2,6.56937,-0.04812,0.31124,131,126,117,0.29011,6.65799,-0.03866,1,1,0.450
51.5900,1026,FL,24,7.16927,0.19437,0.29910,134,70,59,0.28598,7.29746,0.19970,1,1,0.450
51.5900,1026,BL,17,6.72099,0.21035,0.30140,134,97,86,0.28030,6.78035,0.21577,1,1,0.450
51.5900,1026,FR,9,7.02816,-0.08006,0.30078,134,68,46,0.35527,7.15096,-0.11148,1,0,0.450
51.5900,1026,BR,2,6.56934,-0.04844,0.31117,131,126,117,0.29004,6.65770,-0.03744,1,1,0.450
51.6000,1027,FL,23,7.16935,0.19565,0.29909,134,70,59,0.28597,7.29199,0.20261,1,1,0.450
51.6000,1027,BL,16,6.72102,0.21106,0.30149,134,97,86,0.28039,6.78029,0.21781,1,1,0.450
51.6000,1027,FR,8,7.02829,-0.08018,0.30075,134,68,46,0.35525,7.15115,-0.11063,1,0,0.450
51.6000,1027,BR,1,6.56948,-0.04868,0.31091,131,126,117,0.28978,6.65788,-0.03761,1,1,0.450
51.6200,1027,FL,23,7.17003,0.19698,0.29903,134,70,59,0.28591,7.29350,0.20965,1,1,0.450
51.6200,1027,BL,16,6.72175,0.21110,0.30173,134,97,86,0.28062,6.77991,0.21991,1,1,0.450
51.6200,1027,FR,8,7.02964,-0.08052,0.30106,134,68,46,0.35549,7.15249,-0.10994,1,0,0.450
51.6220,1027,BR,1,6.57034,-0.04858,0.31013,131,126,117,0.28899,6.65911,-0.03863,1,1,0.450
51.6340,1028,FL,22,7.16960,0.19845,0.29893,134,70,59,0.28581,7.28902,0.21084,1,1,0.450
51.6340,1028,BL,15,6.72130,0.21173,0.30181,134,97,86,0.28070,6.77897,0.22267,1,1,0.450
51.6340,1028,FR,7,7.02989,-0.08082,0.30100,134,68,46,0.35545,7.15244,-0.10867,1,0,0.450
51.6340,1028,BR,30,6.83984,-0.06166,0.30010,134,70,53,0.28955,6.81744,-0.06957,1,0,0.450
51.6440,1028,FL,22,7.16932,0.19975,0.29891,134,70,59,0.28579,7.29208,0.21654,1,1,0.450
51.6440,1028,BL,15,6.72120,0.21094,0.30235,134,97,86,0.28124,6.77763,0.22500,1,1,0.450
51.6440,1028,FR,7,7.03015,-0.08208,0.30146,134,68,46,0.32726,7.15298,-0.10938,1,0,0.450
51.6440,1028,BR,30,6.83960,-0.05975,0.30007,134,70,53,0.28952,6.81561,-0.05995,1,0,0.450
51.6580,1029,FL,21,7.16981,0.19974,0.29885,134,70,59,0.28574,7.28841,0.21623,1,1,0.450
51.6580,1029,BL,14,6.72151,0.21123,0.30226,134,97,86,0.28115,6.77820,0.22581,1,1,0.450
51.6580,1029,FR,6,7.03010,-0.08226,0.30121,134,68,46,0.32705,7.15312,-0.10915,1,0,0.450
51.6580,1029,BR,29,6.83995,-0.05904,0.30014,134,70,53,0.28959,6.81150,-0.05883,1,0,0.450
51.6680,1029,FL,21,7.16944,0.19998,0.29876,134,70,59,0.28565,7.29251,0.21892,1,1,0.450
51.6680,1029,BL,14,6.72111,0.21044,0.30249,134,97,86,0.28138,6.77731,0.22633,1,1,0.450
51.6680,1029,FR,6,7.02976,-0.08300,0.30120,134,68,46,0.35560,7.15279,-0.10948,1,0,0.450
51.6680,1029,BR,29,6.83934,-0.05771,0.30014,134,70,53,0.28959,6.81246,-0.05338,1,0,0.450
51.6780,1029,FL,21,7.16845,0.20013,0.29877,134,70,59,0.28566,7.29167,0.21870,1,1,0.450
51.6780,1029,BL,14,6.71999,0.21094,0.30245,134,97,86,0.28134,6.77653,0.22674,1,1,0.450
51.6780,1029,FR,6,7.02839,-0.08262,0.30122,134,68,46,0.35562,7.15145,-0.10897,1,0,0.450
51.6780,1029,BR,29,6.83839,-0.05735,0.30017,134,70,53,0.28961,6.81183,-0.05299,1,0,0.450
51.6880,1030,FL,20,7.16858,0.20048,0.29879,134,70,59,0.28568,7.28750,0.21913,1,1,0.450
51.6880,1030,BL,13,6.72013,0.21111,0.30256,134,97,86,0.28145,6.77661,0.22732,1,1,0.450
51.6880,1030,FR,5,7.02854,-0.08270,0.30151,134,68,46,0.35585,7.15149,-0.10891,1,0,0.450
51.6880,1030,BR,28,6.83854,-0.05701,0.30016,134,70,53,0.28961,6.80774,-0.05276,1,0,0.450
51.6960,1030,FL,20,7.16783,0.20033,0.29868,134,70,59,0.28558,7.29164,0.22039,1,1,0.450
51.6960,1030,BL,13,6.71924,0.21040,0.30290,134,97,86,0.28179,6.77530,0.22710,1,1,0.450
51.6960,1030,FR,5,7.02781,-0.08265,0.30188,134,68,46,0.35613,7.15067,-0.10888,1,0,0.450
51.6960,1030,BR,28,6.83755,-0.05607,0.30017,134,70,53,0.28962,6.80947,-0.04959,1,0,0.450
51.7060,1030,FL,20,7.16801,0.20059,0.29877,134,70,59,0.28566,7.29186,0.22032,1,1,0.450
51.7080,1030,BL,13,6.71947,0.21090,0.30302,134,97,86,0.28191,6.77561,0.22725,1,1,0.450
51.7080,1030,FR,5,7.02810,-0.08215,0.30256,134,68,46,0.35667,7.15082,-0.10826,1,0,0.450
51.7080,1030,BR,28,6.83791,-0.05600,0.30017,134,70,53,0.28962,6.81044,-0.04983,1,0,0.450
51.7160,1031,FL,19,7.16777,0.20095,0.29882,134,70,59,0.28571,7.28741,0.22025,1,1,0.450
51.7160,1031,BL,12,6.71911,0.21143,0.30329,134,97,86,0.28218,6.77535,0.22740,1,1,0.450
51.7160,1031,FR,4,7.02781,-0.08141,0.30344,134,68,46,0.35737,7.15042,-0.10734,1,0,0.450
51.7160,1031,BR,27,6.83774,-0.05587,0.30017,134,70,53,0.28962,6.80597,-0.05001,1,0,0.450
51.7260,1031,FL,19,7.16708,0.20106,0.29870,134,70,59,0.28559,7.29179,0.22110,1,1,0.450
51.7280,1031,BL,12,6.71818,0.21118,0.30377,134,97,86,0.28266,6.77417,0.22721,1,1,0.450
51.7280,1031,FR,4,7.02702,-0.08081,0.30420,134,68,46,0.35796,7.19956,-0.10652,1,0,0.450
51.7280,1031,BR,27,6.83692,-0.05497,0.30019,134,70,53,0.28964,6.80846,-0.04813,1,0,0.450
51.7360,1031,FL,19,7.16831,0.20202,0.29870,134,70,59,0.28559,7.29186,0.22202,1,1,0.450
51.7360,1031,BL,12,6.71871,0.21208,0.30376,134,97,86,0.28265,6.77764,0.22711,1,1,0.450
51.7360,1031,FR,4,7.02684,-0.07972,0.30588,132,66,44,0.35928,7.19885,-0.10455,1,0,0.450
51.7360,1031,BR,27,6.83773,-0.05489,0.30020,134,70,53,0.28965,6.80707,-0.04986,1,0,0.450
51.7480,1032,FL,18,7.16777,0.20235,0.29869,134,70,59,0.28558,7.28724,0.22161,1,1,0.450
51.7480,1032,BL,11,6.71797,0.21276,0.30396,134,97,86,0.28285,6.77690,0.22745,1,1,0.450
51.7480,1032,FR,3,7.02618,-0.07903,0.30642,132,66,44,0.35972,7.19836,-0.10369,1,0,0.450
51.7480,1032,BR,26,6.83719,-0.05478,0.30021,134,70,53,0.28966,6.80199,-0.05015,1,0,0.450
51.7560,1032,FL,18,7.16803,0.20263,0.29853,134,70,59,0.28543,7.29268,0.22225,1,1,0.450
51.7580,1032,BL,11,6.71779,0.21271,0.30448,134,97,86,0.28337,6.77673,0.22732,1,1,0.450
51.7580,1032,FR,3,7.02597,-0.07846,0.30703,132,66,44,0.36020,7.19840,-0.10281,1,0,0.450
51.7580,1032,BR,26,6.83735,-0.05400,0.30022,134,70,53,0.28967,6.80553,-0.04913,1,0,0.450
51.7660,1032,FL,18,7.16795,0.20292,0.29863,134,70,59,0.28552,7.29266,0.22215,1,1,0.450
51.7660,1032,BL,11,6.71770,0.21314,0.30451,134,97,86,0.28339,6.77692,0.22736,1,1,0.450
51.7660,1032,FR,3,7.02582,-0.07807,0.30725,132,66,44,0.36037,7.19849,-0.10243,1,0,0.450
51.7680,1032,BR,26,6.83757,-0.05417,0.30019,134,70,53,0.28964,6.80654,-0.04989,1,0,0.450
51.7780,1033,FL,17,7.16885,0.20284,0.29868,134,70,59,0.28557,7.29388,0.22177,1,1,0.450
51.7780,1033,BL,10,6.71820,0.21326,0.30480,134,97,86,0.28368,6.77799,0.22705,1,1,0.450
51.7780,1033,FR,2,7.02606,-0.07796,0.30788,132,66,44,0.36087,7.19884,-0.10231,1,0,0.450
51.7780,1033,BR,25,6.83865,-0.05454,0.30020,134,70,53,0.28964,6.80323,-0.05072,1,0,0.450
51.7860,1033,FL,17,7.16869,0.20274,0.29845,134,70,59,0.28535,7.29472,0.22158,1,1,0.450
51.7860,1033,BL,10,6.71735,0.21295,0.30482,134,97,86,0.28370,6.77779,0.22649,1,1,0.450
51.7880,1033,FR,2,7.02495,-0.07759,0.30718,132,66,44,0.36031,7.19794,-0.10217,1,0,0.450
51.7880,1033,BR,25,6.83845,-0.05404,0.30019,134,70,53,0.28963,6.80676,-0.05042,1,0,0.450
51.7960,1033,FL,17,7.16903,0.20240,0.29849,134,70,59,0.28539,7.29496,0.22111,1,1,0.450
51.7960,1033,BL,10,6.71774,0.21258,0.30468,134,97,86,0.28357,6.77845,0.22585,1,1,0.450
51.7960,1033,FR,2,7.02490,-0.07746,0.30687,132,66,44,0.36007,7.19874,-0.10297,1,0,0.450
51.7960,1033,BR,25,6.83898,-0.05464,0.30014,134,70,53,0.28959,6.80789,-0.05129,1,0,0.450
51.8060,1034,FL,16,7.17077,0.20121,0.29852,134,70,59,0.28542,7.30082,0.22086,1,1,0.450
51.8060,1034,BL,9,6.71954,0.21082,0.30461,134,97,86,0.28350,6.78042,0.22402,1,1,0.450
51.8060,1034,FR,1,7.02602,-0.07766,0.30654,132,66,44,0.35981,7.15160,-0.10498,1,0,0.450
51.8060,1034,BR,24,6.84079,-0.05578,0.30013,134,70,53,0.28958,6.80526,-0.05258,1,0,0.450
51.8160,1034,FL,16,7.17042,0.19999,0.29864,134,70,59,0.28553,7.30273,0.21939,1,1,0.450
51.8160,1034,BL,9,6.71918,0.20932,0.30492,133,96,85,0.28380,6.77862,0.22211,1,1,0.450
51.8160,1034,FR,1,7.02615,-0.07737,0.30590,132,66,44,0.35930,7.15243,-0.10575,1,0,0.450
51.8160,1034,BR,24,6.84171,-0.05620,0.30006,134,70,53,0.28951,6.81331,-0.05170,1,0,0.450
51.8260,1034,FL,16,7.17069,0.19956,0.29877,134,70,59,0.28566,7.30296,0.21866,1,1,0.450
51.8260,1034,BL,9,6.71913,0.20910,0.30479,134,97,86,0.28367,6.77955,0.22069,1,1,0.450
51.8260,1034,FR,1,7.02521,-0.07663,0.30549,133,67,45,0.35898,7.15238,-0.10584,1,0,0.450
51.8260,1034,BR,24,6.84231,-0.05722,0.30002,134,70,53,0.28947,6.81450,-0.05297,1,0,0.450
51.8420,1035,FL,15,7.16977,0.20116,0.29893,134,70,59,0.28581,7.30477,0.21683,1,1,0.450
51.8420,1035,BL,8,6.71571,0.21298,0.30491,133,96,85,0.28380,6.77901,0.22182,1,1,0.450
51.8420,1035,FR,30,7.29202,-0.08734,0.29996,134,103,92,0.27886,7.39888,-0.10701,1,1,0.450
51.8440,1035,BR,23,6.84279,-0.05782,0.29996,134,70,53,0.28942,6.81083,-0.05483,1,0,0.450
51.8620,1036,FL,14,7.17390,0.19967,0.29864,134,70,59,0.28554,7.30831,0.21560,1,1,0.450
51.8620,1036,BL,7,6.71961,0.21055,0.30576,132,96,85,0.28464,6.78360,0.21904,1,1,0.450
51.8620,1036,FR,29,7.29520,-0.08917,0.29999,134,103,92,0.27888,7.40515,-0.11056,1,1,0.450
51.8620,1036,BR,22,6.84631,-0.05927,0.29996,134,70,53,0.28941,6.81280,-0.05799,1,0,0.450
51.8720,1036,FL,14,7.17719,0.19904,0.29808,134,70,59,0.28500,7.31287,0.21384,1,1,0.450
51.8720,1036,BL,7,6.72173,0.20946,0.30415,134,97,86,0.28303,6.78728,0.21657,1,1,0.450
51.8720,1036,FR,29,7.29969,-0.09059,0.30000,134,103,92,0.27890,7.41640,-0.11284,1,1,0.450
51.8720,1036,BR,22,6.85061,-0.06107,0.29987,134,70,53,0.28933,6.82197,-0.06066,1,0,0.450
51.8800,1036,FL,14,7.17717,0.19883,0.29828,134,70,59,0.28519,7.31337,0.21325,1,1,0.450
51.8800,1036,BL,7,6.72136,0.20915,0.30442,134,97,86,0.28330,6.78760,0.21541,1,1,0.450
51.8820,1036,FR,29,7.30047,-0.09114,0.30001,134,103,92,0.27891,7.41721,-0.11295,1,1,0.450
51.8820,1036,BR,22,6.85124,-0.06202,0.29985,134,70,53,0.28931,6.82333,-0.06202,1,0,0.450
51.8920,1036,FL,14,7.17782,0.19863,0.29835,134,70,59,0.28525,7.31446,0.21262,1,1,0.450
51.8920,1036,BL,7,6.72155,0.20882,0.30458,134,97,86,0.28346,6.78842,0.21446,1,1,0.450
51.8920,1036,FR,29,7.30168,-0.09161,0.30001,134,103,92,0.27891,7.41841,-0.11329,1,1,0.450
51.8920,1036,BR,22,6.85237,-0.06287,0.29986,134,70,53,0.28932,6.82464,-0.06307,1,0,0.450
51.9000,1037,FL,13,7.17892,0.19865,0.29835,134,70,59,0.28526,7.31665,0.21174,1,1,0.450
51.9000,1037,BL,6,6.72177,0.20888,0.30478,134,97,86,0.28366,6.78962,0.21392,1,1,0.450
51.9000,1037,FR,28,7.30384,-0.09224,0.30002,134,103,92,0.27891,7.41585,-0.11418,1,1,0.450
51.9000,1037,BR,21,6.85442,-0.06401,0.29985,134,70,53,0.28931,6.82214,-0.06489,1,0,0.450
51.9120,1037,FL,13,7.17912,0.19930,0.29808,134,70,59,0.28499,7.31813,0.21197,1,1,0.450
51.9120,1037,BL,6,6.72132,0.20887,0.30464,134,97,86,0.28352,6.78960,0.21391,1,1,0.450
51.9120,1037,FR,28,7.30474,-0.09224,0.30003,134,103,92,0.27893,7.42293,-0.11548,1,1,0.450
51.9120,1037,BR,21,6.85523,-0.06363,0.29980,134,70,53,0.28926,6.82722,-0.06542,1,0,0.450
51.9220,1037,FL,13,7.17903,0.19874,0.29827,134,70,59,0.28518,7.31785,0.21153,1,1,0.450
51.9220,1037,BL,6,6.72129,0.20802,0.30508,133,96,85,0.28396,6.78993,0.21243,1,1,0.450
51.9220,1037,FR,28,7.30506,-0.09267,0.30004,134,103,92,0.27894,7.42327,-0.11547,1,1,0.450
51.9220,1037,BR,21,6.85548,-0.06470,0.29979,134,70,53,0.28926,6.82783,-0.06649,1,0,0.450
51.9320,1038,FL,12,7.17933,0.19843,0.29833,134,70,59,0.28523,7.31824,0.21110,1,1,0.450
51.9320,1038,BL,5,6.72142,0.20763,0.30525,133,96,85,0.28413,6.79039,0.21145,1,1,0.450
51.9320,1038,FR,27,7.30564,-0.09298,0.30004,134,103,92,0.27894,7.41905,-0.11612,1,1,0.450
51.9320,1038,BR,20,6.85602,-0.06538,0.29981,134,70,53,0.28928,6.82351,-0.06764,1,0,0.450
51.9440,1038,FL,12,7.18016,0.19861,0.29820,134,81,70,0.27710,7.31967,0.21141,1,1,0.450
51.9440,1038,BL,5,6.72206,0.20695,0.30557,133,96,85,0.28445,6.79113,0.21068,1,1,0.450
51.9440,1038,FR,27,7.30687,-0.09301,0.30006,134,103,92,0.27896,7.42626,-0.11740,1,1,0.450
51.9440,1038,BR,20,6.85718,-0.06524,0.29980,134,70,53,0.28926,6.82866,-0.06814,1,0,0.450
51.9560,1039,FL,11,7.18026,0.19777,0.29870,134,81,70,0.27760,7.31955,0.21079,1,1,0.450
51.9580,1039,BL,4,6.72230,0.20601,0.30681,132,96,85,0.28569,6.79163,0.20884,1,1,0.450
51.9580,1039,FR,26,7.30741,-0.09347,0.30004,134,103,92,0.27893,7.42309,-0.11751,1,1,0.450
51.9580,1039,BR,19,6.85757,-0.06641,0.29984,134,70,53,0.28930,6.82468,-0.06951,1,0,0.450
51.9680,1039,FL,11,7.18026,0.19777,0.29876,134,81,70,0.27766,7.31959,0.21129,1,1,0.450
51.9680,1039,BL,4,6.72229,0.20512,0.30752,132,96,85,0.28639,6.79169,0.20755,1,1,0.450
51.9680,1039,FR,26,7.30730,-0.09339,0.30010,134,103,92,0.27899,7.42766,-0.11910,1,1,0.450
51.9680,1039,BR,19,6.85748,-0.06608,0.29989,134,70,53,0.28935,6.82820,-0.06977,1,0,0.450
51.9780,1039,FL,11,7.17960,0.19713,0.29930,134,70,59,0.28617,7.31841,0.21077,1,1,0.450
51.9780,1039,BL,4,6.72197,0.20438,0.30867,131,95,84,0.28754,6.79125,0.20593,1,1,0.450
51.9780,1039,FR,26,7.30686,-0.09369,0.30006,134,103,92,0.27895,7.42852,-0.11855,1,1,0.450
51.9780,1039,BR,19,6.85691,-0.06705,0.29992,134,70,53,0.28938,6.82802,-0.07044,1,0,0.450
51.9880,1040,FL,10,7.17972,0.19672,0.29942,134,70,59,0.28629,7.31838,0.21024,1,1,0.450
51.9880,1040,BL,3,6.72224,0.20376,0.30902,131,95,84,0.28789,6.79114,0.20474,1,1,0.450
51.9880,1040,FR,25,7.30720,-0.09414,0.30006,134,103,92,0.27896,7.42379,-0.11942,1,1,0.450
51.9880,1040,BR,18,6.85722,-0.06793,0.29996,134,70,53,0.28941,6.82314,-0.07183,1,0,0.450
51.9980,1040,FL,10,7.17941,0.19712,0.29951,134,70,59,0.28637,7.31781,0.21092,1,1,0.450
51.9980,1040,BL,3,6.72222,0.20325,0.30948,131,95,84,0.28835,6.79063,0.20414,1,1,0.450
51.9980,1040,FR,25,7.30654,-0.09394,0.30014,134,103,92,0.27903,7.42781,-0.12097,1,1,0.450
51.9980,1040,BR,18,6.85663,-0.06727,0.30001,134,70,53,0.28946,6.82624,-0.07192,1,0,0.450
52.0080,1040,FL,10,7.17881,0.19687,0.29986,134,70,59,0.28672,7.31680,0.21050,1,1,0.450
52.0080,1040,BL,3,6.72215,0.20291,0.31006,131,95,84,0.28892,6.78982,0.20346,1,1,0.450
52.0080,1040,FR,25,7.30624,-0.09421,0.30008,134,103,92,0.27898,7.42868,-0.12043,1,1,0.450
52.0080,1040,BR,18,6.85616,-0.06804,0.29999,134,70,53,0.28945,6.82605,-0.07264,1,0,0.450
52.0180,1041,FL,9,7.17808,0.19667,0.30014,134,70,59,0.28699,7.31531,0.21020,1,1,0.450
52.0180,1041,BL,2,6.72183,0.20276,0.31060,131,95,84,0.28947,6.78904,0.20273,1,1,0.450
52.0180,1041,FR,24,7.30506,-0.09449,0.30010,134,103,92,0.27899,7.42234,-0.12120,1,1,0.450
52.0180,1041,BR,17,6.85507,-0.06848,0.30008,134,70,53,0.28953,6.82465,-0.07318,1,0,0.450
52.0300,1041,FL,9,7.17785,0.19756,0.30003,134,70,59,0.28688,7.31456,0.21102,1,1,0.450
52.0300,1041,BL,2,6.72228,0.20264,0.31038,131,95,84,0.28924,6.78832,0.20325,1,1,0.450
52.0300,1041,FR,24,7.30429,-0.09441,0.30017,134,103,92,0.27907,7.42625,-0.12289,1,1,0.450
52.0300,1041,BR,17,6.85441,-0.06755,0.30007,134,70,53,0.28952,6.82273,-0.07398,1,0,0.450
52.0400,1041,FL,9,7.17702,0.19745,0.30041,134,70,59,0.28725,7.31252,0.21062,1,1,0.450
52.0400,1041,BL,2,6.72222,0.20259,0.31090,131,95,84,0.28976,6.78739,0.20321,1,1,0.450
52.0400,1041,FR,24,7.30262,-0.09477,0.30020,134,103,92,0.27910,7.42461,-0.12319,1,1,0.450
52.0400,1041,BR,17,6.85288,-0.06800,0.30011,134,70,53,0.28956,6.82077,-0.07452,1,0,0.450
52.0500,1042,FL,8,7.17680,0.19763,0.30034,134,70,59,0.28719,7.31150,0.21037,1,1,0.450
52.0500,1042,BL,1,6.72261,0.20267,0.31072,131,95,84,0.28958,6.78669,0.20381,1,1,0.450
52.0500,1042,FR,23,7.30169,-0.09521,0.30020,134,103,92,0.27910,7.41861,-0.12425,1,1,0.450
52.0500,1042,BR,16,6.85209,-0.06811,0.30014,134,70,53,0.28959,6.81953,-0.07512,1,0,0.450
52.0780,1043,FL,7,7.17637,0.19851,0.30053,134,70,59,0.28737,7.30954,0.21152,1,1,0.450
52.0780,1043,BL,30,6.99623,0.19147,0.29983,134,68,46,0.35453,7.17477,0.19091,1,0,0.450
52.0780,1043,FR,22,7.29976,-0.09491,0.30024,134,103,92,0.27914,7.41242,-0.12841,1,1,0.450
52.0780,1043,BR,15,6.85044,-0.06668,0.30022,134,70,53,0.28967,6.81683,-0.07487,1,0,0.450
52.0880,1043,FL,7,7.17425,0.19998,0.30018,134,70,59,0.28703,7.30458,0.21259,1,1,0.450
52.0880,1043,BL,30,6.99190,0.19087,0.29979,134,68,46,0.35450,7.16889,0.18578,1,0,0.450
52.0880,1043,FR,22,7.29506,-0.09471,0.30022,134,103,92,0.27911,7.41096,-0.13144,1,1,0.450
52.0880,1043,BR,15,6.84612,-0.06455,0.30017,134,70,53,0.28962,6.81105,-0.07459,1,0,0.450
52.0960,1043,FL,7,7.17340,0.19975,0.30069,134,70,59,0.28752,7.30264,0.21247,1,1,0.450
52.0980,1043,BL,30,6.99005,0.19097,0.29981,134,68,46,0.35451,7.16777,0.18593,1,0,0.450
52.0980,1043,FR,22,7.29309,-0.09462,0.30023,134,103,92,0.27913,7.40927,-0.13115,1,1,0.450
52.0980,1043,BR,15,6.84445,-0.06460,0.30018,134,70,53,0.28963,6.80851,-0.07439,1,0,0.450
52.1080,1044,FL,6,7.17420,0.19960,0.30070,134,70,59,0.28753,7.30221,0.21242,1,1,0.450
52.1080,1044,BL,29,6.98941,0.19100,0.29981,134,68,46,0.35451,7.16341,0.18627,1,0,0.450
52.1080,1044,FR,21,7.29243,-0.09469,0.30023,134,103,92,0.27913,7.40475,-0.13092,1,1,0.450
52.1080,1044,BR,14,6.84421,-0.06461,0.30028,134,70,53,0.28972,6.80726,-0.07436,1,0,0.450
52.1180,1044,FL,6,7.17371,0.20018,0.30039,134,70,59,0.28723,7.30029,0.21349,1,1,0.450
52.1180,1044,BL,29,6.98734,0.19057,0.29974,134,68,46,0.35446,7.16218,0.18310,1,0,0.450
52.1180,1044,FR,21,7.29053,-0.09406,0.30023,134,103,92,0.27913,7.40675,-0.13260,1,1,0.450
52.1180,1044,BR,14,6.84268,-0.06316,0.30035,134,70,53,0.28979,6.80456,-0.07371,1,0,0.450
52.1280,1044,FL,6,7.17304,0.20002,0.30044,134,70,59,0.28728,7.29883,0.21340,1,1,0.450
52.1280,1044,BL,29,6.98609,0.19065,0.29975,134,68,46,0.35447,7.16143,0.18311,1,0,0.450
52.1280,1044,FR,21,7.28926,-0.09393,0.30024,134,103,92,0.27914,7.40564,-0.13228,1,1,0.450
52.1280,1044,BR,14,6.84152,-0.06327,0.30032,134,70,53,0.28976,6.80307,-0.07357,1,0,0.450
52.1380,1045,FL,5,7.17204,0.19987,0.30066,134,70,59,0.28750,7.29708,0.21335,1,1,0.450
52.1380,1045,BL,28,6.98458,0.19072,0.29975,134,68,46,0.35447,7.15644,0.18372,1,0,0.450
52.1380,1045,FR,20,7.28770,-0.09391,0.30026,134,103,92,0.27916,7.40064,-0.13172,1,1,0.450
52.1380,1045,BR,13,6.84005,-0.06326,0.30045,134,70,53,0.28988,6.80127,-0.07348,1,0,0.450
52.1480,1045,FL,5,7.17151,0.20018,0.30079,134,70,59,0.28762,7.29564,0.21411,1,1,0.450
52.1480,1045,BL,28,6.98318,0.19029,0.29968,134,68,46,0.35441,7.15762,0.18155,1,0,0.450
52.1480,1045,FR,20,7.28638,-0.09330,0.30030,134,103,92,0.27920,7.40390,-0.13296,1,1,0.450
52.1480,1045,BR,13,6.83890,-0.06191,0.30063,134,70,53,0.29006,6.84928,-0.07279,1,0,0.450
52.1560,1045,FL,5,7.17103,0.19995,0.30146,134,70,59,0.28827,7.29414,0.21417,1,1,0.450
52.1580,1045,BL,28,6.98288,0.19051,0.29970,134,68,46,0.35443,7.15670,0.18174,1,0,0.450
52.1580,1045,FR,20,7.28658,-0.09383,0.30019,134,103,92,0.27908,7.40367,-0.13115,1,1,0.450
52.1580,1045,BR,13,6.83882,-0.06281,0.30043,134,70,53,0.28987,6.80170,-0.07486,1,0,0.450
52.1680,1046,FL,4,7.17118,0.19951,0.30145,134,70,59,0.28826,7.29431,0.21359,1,1,0.450
52.1680,1046,BL,27,6.98222,0.19055,0.29969,134,68,46,0.35442,7.15368,0.18236,1,0,0.450
52.1680,1046,FR,19,7.28518,-0.09328,0.30038,134,103,92,0.27928,7.39965,-0.13189,1,1,0.450
52.1680,1046,BR,12,6.83774,-0.06208,0.30091,134,70,53,0.29033,6.84779,-0.07251,1,0,0.450
52.1760,1046,FL,4,7.16961,0.19935,0.30205,134,70,59,0.28883,7.29145,0.21400,1,1,0.450
52.1760,1046,BL,27,6.98074,0.19024,0.29963,134,68,46,0.35437,7.15460,0.18105,1,0,0.450
52.1760,1046,FR,19,7.28452,-0.09328,0.30025,134,103,92,0.27915,7.40307,-0.13124,1,1,0.450
52.1760,1046,BR,12,6.83672,-0.06189,0.30083,134,70,53,0.29025,6.84911,-0.07384,1,0,0.450
52.1860,1046,FL,4,7.16925,0.19894,0.30258,134,70,59,0.28936,7.29083,0.21361,1,1,0.450
52.1880,1046,BL,27,6.98041,0.19040,0.29963,134,68,46,0.35437,7.15469,0.18119,1,0,0.450
52.1880,1046,FR,19,7.28402,-0.09320,0.30032,134,103,92,0.27922,7.40290,-0.13085,1,1,0.450
52.1880,1046,BR,12,6.83613,-0.06220,0.30100,134,70,53,0.29042,6.84848,-0.07378,1,0,0.450
52.1960,1047,FL,3,7.16971,0.19856,0.30322,134,70,59,0.28998,7.29107,0.21332,1,1,0.450
52.1960,1047,BL,26,6.98066,0.19067,0.29964,134,68,46,0.35438,7.15156,0.18224,1,0,0.450
52.1960,1047,FR,18,7.28424,-0.09306,0.30038,134,103,92,0.27927,7.39975,-0.12982,1,1,0.450
52.1960,1047,BR,11,6.83639,-0.06221,0.30126,134,70,53,0.29066,6.84860,-0.07343,1,0,0.450
52.2060,1047,FL,3,7.16869,0.19808,0.30364,134,70,59,0.29038,7.28939,0.21297,1,1,0.450
52.2060,1047,BL,26,6.97961,0.19033,0.29957,134,68,46,0.33098,7.15443,0.18122,1,0,0.450
52.2060,1047,FR,18,7.28327,-0.09254,0.30044,134,103,92,0.27934,7.40373,-0.13041,1,1,0.450
52.2060,1047,BR,11,6.83514,-0.06143,0.30158,134,70,53,0.29098,6.84742,-0.07252,1,0,0.450
52.2160,1047,FL,3,7.16907,0.19762,0.30452,134,70,59,0.29123,7.28985,0.21261,1,1,0.450
52.2180,1047,BL,26,6.98025,0.19078,0.29956,134,68,46,0.35431,7.15546,0.18174,1,0,0.450
52.2180,1047,FR,18,7.28375,-0.09232,0.30054,134,103,92,0.27944,7.40439,-0.12977,1,1,0.450
52.2180,1047,BR,11,6.83555,-0.06161,0.30179,134,70,53,0.29118,6.84800,-0.07207,1,0,0.450
52.2280,1048,FL,2,7.16819,0.19706,0.30508,133,70,59,0.29178,7.28888,0.21200,1,1,0.450
52.2280,1048,BL,25,6.97982,0.19113,0.29956,134,68,46,0.33097,7.15163,0.18298,1,0,0.450
52.2280,1048,FR,17,7.28326,-0.09216,0.30060,134,103,92,0.27950,7.40407,-0.12929,1,1,0.450
52.2280,1048,BR,10,6.83477,-0.06178,0.30200,134,70,53,0.29138,6.84769,-0.07157,1,0,0.450
52.2400,1048,FL,2,7.16881,0.19677,0.30553,133,70,59,0.29221,7.28987,0.21209,1,1,0.450
52.2400,1048,BL,25,6.98067,0.19120,0.29950,134,68,46,0.35427,7.15658,0.18261,1,0,0.450
52.2400,1048,FR,17,7.28419,-0.09127,0.30068,134,103,92,0.27958,7.40658,-0.12857,1,1,0.450
52.2400,1048,BR,10,6.83548,-0.06072,0.30237,134,70,53,0.29173,6.84840,-0.07028,1,0,0.450
52.2520,1049,FL,1,7.16768,0.19609,0.30605,132,69,58,0.29272,7.28900,0.21150,1,1,0.450
52.2520,1049,BL,24,6.98071,0.19193,0.29948,134,68,46,0.35425,7.15360,0.18430,1,0,0.450
52.2520,1049,FR,16,7.28407,-0.09087,0.30078,134,103,92,0.27967,7.41017,-0.12825,1,1,0.450
52.2520,1049,BR,9,6.83487,-0.06105,0.30245,134,70,53,0.29181,6.84884,-0.06947,1,0,0.450
52.2600,1049,FL,1,7.16770,0.19589,0.30620,132,69,58,0.29286,7.28960,0.21150,1,1,0.450
52.2600,1049,BL,24,6.98138,0.19212,0.29939,134,68,46,0.35418,7.15845,0.18428,1,0,0.450
52.2620,1049,FR,16,7.28473,-0.08997,0.30083,134,103,92,0.27973,7.41261,-0.12728,1,1,0.450
52.2620,1049,BR,9,6.83510,-0.06008,0.30261,134,70,53,0.29197,6.84942,-0.06809,1,0,0.450
52.2720,1049,FL,1,7.16732,0.19553,0.30668,132,69,58,0.29333,7.28905,0.21136,1,1,0.450
52.2720,1049,BL,24,6.98221,0.19292,0.29935,134,68,46,0.35415,7.15972,0.18526,1,0,0.450
52.2720,1049,FR,16,7.28537,-0.08949,0.30092,134,103,92,0.27981,7.41350,-0.12617,1,1,0.450
52.2720,1049,BR,9,6.83531,-0.06024,0.30256,134,70,53,0.29192,6.80062,-0.06727,1,0,0.450
52.2820,1050,FL,30,7.43583,0.18393,0.30015,134,134,125,0.27905,7.53589,0.18756,1,1,0.450
52.2820,1050,BL,23,6.98355,0.19417,0.29930,134,68,46,0.35411,7.15873,0.18733,1,0,0.450
52.2820,1050,FR,15,7.28563,-0.08783,0.30131,134,103,92,0.28020,7.41504,-0.12617,1,1,0.450
52.2820,1050,BR,8,6.83521,-0.05858,0.30299,134,70,53,0.29233,6.84928,-0.06341,1,0,0.450
52.3040,1050,FL,30,7.43817,0.18504,0.30016,134,134,125,0.27906,7.55143,0.18941,1,1,0.450
52.3060,1050,BL,23,6.98591,0.19502,0.29927,134,68,46,0.35409,7.16731,0.18849,1,0,0.450
52.3060,1050,FR,15,7.28910,-0.08719,0.30098,134,103,92,0.27987,7.41782,-0.12347,1,1,0.450
52.3060,1050,BR,8,6.83850,-0.05829,0.30192,134,70,53,0.29130,6.80529,-0.06374,1,0,0.450
52.3160,1051,FL,29,7.44166,0.18756,0.30018,134,134,125,0.27908,7.55083,0.19238,1,1,0.450
52.3160,1051,BL,22,6.98900,0.19789,0.29920,134,68,46,0.35403,7.16775,0.19241,1,0,0.450
52.3160,1051,FR,14,7.29013,-0.08476,0.30144,134,103,92,0.28034,7.42153,-0.12169,1,1,0.450
52.3160,1051,BR,7,6.83794,-0.05646,0.30317,134,70,53,0.29250,6.80534,-0.05859,1,0,0.450
52.3280,1051,FL,29,7.44156,0.18805,0.30019,134,134,125,0.27909,7.56070,0.19292,1,1,0.450
52.3280,1051,BL,22,6.98845,0.19798,0.29915,134,68,46,0.35400,7.17331,0.19266,1,0,0.450
52.3280,1051,FR,14,7.28932,-0.08449,0.30158,134,103,92,0.28047,7.42169,-0.12097,1,1,0.450
52.3280,1051,BR,7,6.83668,-0.05657,0.30320,134,70,53,0.29253,6.80497,-0.05763,1,0,0.450
52.3380,1051,FL,29,7.44373,0.18911,0.30022,134,134,125,0.27912,7.56272,0.19390,1,1,0.450
52.3380,1051,BL,22,6.99047,0.19929,0.29905,134,68,46,0.35392,7.17564,0.19440,1,0,0.450
52.3380,1051,FR,14,7.29050,-0.08424,0.30153,134,103,92,0.28042,7.42403,-0.11944,1,1,0.450
52.3380,1051,BR,7,6.83709,-0.05697,0.30277,134,70,53,0.29212,6.80618,-0.05688,1,0,0.450
52.3480,1052,FL,28,7.44466,0.18977,0.30023,134,134,125,0.27913,7.55920,0.19532,1,1,0.450
52.3480,1052,BL,21,6.99137,0.20006,0.29905,134,68,46,0.35392,7.17219,0.19624,1,0,0.450
52.3480,1052,FR,13,7.29107,-0.08388,0.30151,134,103,92,0.28040,7.42500,-0.11871,1,1,0.450
52.3480,1052,BR,6,6.83732,-0.05672,0.30267,134,70,53,0.29202,6.80689,-0.05594,1,0,0.450
52.3560,1052,FL,28,7.44557,0.19005,0.30021,134,134,125,0.27911,7.56829,0.19548,1,1,0.450
52.3560,1052,BL,21,6.99183,0.19996,0.29899,134,68,46,0.35387,7.17795,0.19619,1,0,0.450
52.3560,1052,FR,13,7.29106,-0.08388,0.30156,134,103,92,0.28046,7.42603,-0.11842,1,1,0.450
52.3560,1052,BR,6,6.83714,-0.05670,0.30247,134,70,53,0.29183,6.80695,-0.05551,1,0,0.450
52.3660,1052,FL,28,7.44605,0.19058,0.30025,134,134,125,0.27915,7.56869,0.19605,1,1,0.450
52.3680,1052,BL,21,6.99223,0.20068,0.29894,134,68,46,0.35383,7.17856,0.19709,1,0,0.450
52.3680,1052,FR,13,7.29125,-0.08356,0.30168,134,103,92,0.28057,7.42643,-0.11769,1,1,0.450
52.3680,1052,BR,6,6.83730,-0.05667,0.30270,134,70,53,0.29205,6.80721,-0.05494,1,0,0.450
52.3760,1053,FL,27,7.44720,0.19133,0.30026,134,134,125,0.27915,7.56516,0.19763,1,1,0.450
52.3760,1053,BL,20,6.99337,0.20151,0.29896,134,68,46,0.35385,7.17503,0.19897,1,0,0.450
52.3760,1053,FR,12,7.29213,-0.08310,0.30177,134,103,92,0.28066,7.42760,-0.11684,1,1,0.450
52.3760,1053,BR,5,6.83795,-0.05640,0.30298,134,70,53,0.29232,6.80810,-0.05409,1,0,0.450
52.3860,1053,FL,27,7.44704,0.19143,0.30023,134,134,125,0.27912,7.57229,0.19763,1,1,0.450
52.3880,1053,BL,20,6.99272,0.20114,0.29892,134,68,46,0.35382,7.17924,0.19873,1,0,0.450
52.3880,1053,FR,12,7.29134,-0.08322,0.30195,134,103,92,0.28084,7.42731,-0.11687,1,1,0.450
52.3880,1053,BR,5,6.83735,-0.05630,0.30327,134,70,53,0.29259,6.80753,-0.05375,1,0,0.450
52.3960,1053,FL,27,7.44781,0.19217,0.30027,134,134,125,0.27916,7.57301,0.19839,1,1,0.450
52.3960,1053,BL,20,6.99343,0.20219,0.29889,134,68,46,0.35379,7.18011,0.19981,1,0,0.450
52.3960,1053,FR,12,7.29187,-0.08256,0.30213,134,103,92,0.28102,7.42785,-0.11591,1,1,0.450
52.3960,1053,BR,5,6.83800,-0.05582,0.30377,134,70,53,0.29308,6.80802,-0.05272,1,0,0.450
52.4080,1054,FL,26,7.44725,0.19270,0.30027,134,134,125,0.27917,7.56757,0.19982,1,1,0.450
52.4080,1054,BL,19,6.99291,0.20280,0.29895,134,68,46,0.35383,7.17461,0.20153,1,0,0.450
52.4080,1054,FR,11,7.29148,-0.08217,0.30234,134,103,92,0.28123,7.42710,-0.11528,1,1,0.450
52.4080,1054,BR,4,6.83775,-0.05557,0.30441,134,70,53,0.29370,6.80781,-0.05178,1,0,0.450
52.4220,1054,FL,26,7.44792,0.19310,0.30022,134,134,125,0.27912,7.57508,0.20014,1,1,0.450
52.4220,1054,BL,19,6.99306,0.20289,0.29892,134,68,46,0.35381,7.17934,0.20174,1,0,0.450
52.4220,1054,FR,11,7.29150,-0.08192,0.30260,134,103,92,0.28149,7.42733,-0.11499,1,1,0.450
52.4220,1054,BR,4,6.83819,-0.05494,0.30496,133,69,52,0.29422,6.80798,-0.05086,1,0,0.450
52.4340,1055,FL,25,7.44746,0.19409,0.30027,134,134,125,0.27917,7.56953,0.20211,1,1,0.450
52.4340,1055,BL,18,6.99263,0.20430,0.29894,134,68,46,0.35383,7.17390,0.20418,1,0,0.450
52.4340,1055,FR,10,7.29118,-0.08102,0.30297,134,103,92,0.28186,7.42639,-0.11368,1,1,0.450
52.4340,1055,BR,3,6.83835,-0.05433,0.30596,132,68,52,0.29519,6.80768,-0.04921,1,0,0.450
52.4420,1055,FL,25,7.44668,0.19428,0.30021,134,134,125,0.27910,7.57529,0.20232,1,1,0.450
52.4440,1055,BL,18,6.99136,0.20406,0.29893,134,68,46,0.35382,7.17688,0.20435,1,0,0.450
52.4440,1055,FR,10,7.29024,-0.08114,0.30326,134,103,92,0.28214,7.42499,-0.11368,1,1,0.450
52.4440,1055,BR,3,6.83801,-0.05405,0.30641,132,68,52,0.29562,6.80718,-0.04850,1,0,0.450
52.4540,1055,FL,25,7.44662,0.19505,0.30025,134,134,125,0.27915,7.57516,0.20304,1,1,0.450
52.4540,1055,BL,18,6.99131,0.20518,0.29890,134,68,46,0.35380,7.17694,0.20548,1,0,0.450
52.4540,1055,FR,10,7.29010,-0.08051,0.30343,134,103,92,0.28232,7.42456,-0.11266,1,1,0.450
52.4540,1055,BR,3,6.83834,-0.05360,0.30679,132,68,52,0.29598,6.80666,-0.04739,1,0,0.450
52.4620,1056,FL,24,7.44530,0.19583,0.30026,134,134,125,0.27915,7.56870,0.20484,1,1,0.450
52.4640,1056,BL,17,6.99007,0.20603,0.29895,134,68,46,0.35384,7.17548,0.20663,1,0,0.450
52.4640,1056,FR,9,7.28919,-0.08020,0.30359,134,103,92,0.28247,7.42280,-0.11177,1,1,0.450
52.4640,1056,BR,2,6.83805,-0.05353,0.30713,132,68,52,0.29630,6.80560,-0.04645,1,0,0.450
52.4740,1056,FL,24,7.44493,0.19582,0.30019,134,134,125,0.27909,7.57495,0.20503,1,1,0.450
52.4740,1056,BL,17,6.98899,0.20552,0.29885,134,68,46,0.35376,7.17369,0.20775,1,0,0.450
52.4740,1056,FR,9,7.28837,-0.08055,0.30375,134,103,92,0.28264,7.42169,-0.11201,1,1,0.450
52.4740,1056,BR,2,6.83798,-0.05344,0.30713,132,68,52,0.29631,6.80505,-0.04635,1,0,0.450
52.4840,1056,FL,24,7.44354,0.19691,0.30024,134,134,125,0.27913,7.57314,0.20615,1,1,0.450
52.4840,1056,BL,17,6.98788,0.20672,0.29888,134,68,46,0.35378,7.17224,0.20927,1,0,0.450
52.4840,1056,FR,9,7.28764,-0.08015,0.30393,134,103,92,0.28281,7.41996,-0.11077,1,1,0.450
52.4840,1056,BR,2,6.83818,-0.05343,0.30732,132,68,52,0.29649,6.80372,-0.04567,1,0,0.450
52.4960,1057,FL,23,7.44232,0.19775,0.30023,134,134,125,0.27913,7.56667,0.20822,1,1,0.450
52.4960,1057,BL,16,6.98676,0.20736,0.29892,134,68,46,0.35381,7.17081,0.21050,1,0,0.450
52.4960,1057,FR,8,7.28697,-0.08008,0.30396,134,103,92,0.28285,7.41840,-0.10999,1,1,0.450
52.4960,1057,BR,1,6.83828,-0.05352,0.30732,132,68,52,0.29649,6.80267,-0.04546,1,0,0.450
52.5180,1057,FL,23,7.44084,0.19834,0.30020,134,134,125,0.27910,7.56641,0.21421,1,1,0.450
52.5180,1057,BL,16,6.98482,0.20695,0.29882,134,68,46,0.35374,7.16828,0.21150,1,0,0.450
52.5180,1057,FR,8,7.28605,-0.08056,0.30393,134,103,92,0.28282,7.41605,-0.10982,1,1,0.450
52.5180,1057,BR,1,6.83849,-0.05362,0.30724,132,68,52,0.29641,6.80222,-0.04571,1,0,0.450
52.5280,1058,FL,22,7.43748,0.19999,0.30009,134,134,125,0.27899,7.55875,0.21571,1,1,0.450
52.5280,1058,BL,15,6.98192,0.20799,0.29881,134,68,46,0.35372,7.16416,0.21397,1,0,0.450
52.5280,1058,FR,7,7.28502,-0.08061,0.30326,134,103,92,0.28215,7.41225,-0.10821,1,1,0.450
52.5280,1058,BR,30,7.11050,-0.06384,0.29992,134,68,48,0.30289,7.18329,-0.06990,1,0,0.450
52.5420,1058,FL,22,7.43577,0.20059,0.30010,134,134,125,0.27900,7.56073,0.21980,1,1,0.450
52.5420,1058,BL,15,6.97971,0.20731,0.29871,134,68,46,0.33025,7.16153,0.21472,1,0,0.450
52.5420,1058,FR,7,7.28346,-0.08088,0.30342,134,103,92,0.28230,7.40982,-0.10795,1,1,0.450
52.5420,1058,BR,30,7.10879,-0.06247,0.29991,134,68,48,0.30288,7.18009,-0.06232,1,0,0.450
52.5540,1059,FL,21,7.43369,0.20160,0.30007,134,134,125,0.27897,7.55426,0.22054,1,1,0.450
52.5540,1059,BL,14,6.97827,0.20821,0.29875,134,68,46,0.33029,7.15876,0.21620,1,0,0.450
52.5540,1059,FR,6,7.28356,-0.08055,0.30354,134,103,92,0.28243,7.40786,-0.10694,1,1,0.450
52.5540,1059,BR,29,7.10668,-0.06126,0.29993,134,68,48,0.30290,7.17439,-0.06106,1,0,0.450
52.5660,1059,FL,21,7.43204,0.20180,0.30001,134,134,125,0.27891,7.55721,0.22315,1,1,0.450
52.5660,1059,BL,14,6.97642,0.20736,0.29865,134,68,46,0.33021,7.15585,0.21674,1,0,0.450
52.5660,1059,FR,6,7.28288,-0.08112,0.30318,134,103,92,0.28207,7.40557,-0.10723,1,1,0.450
52.5660,1059,BR,29,7.10471,-0.05990,0.29993,134,68,48,0.30290,7.17371,-0.05630,1,0,0.450
52.5740,1059,FL,21,7.42993,0.20224,0.30003,134,125,114,0.27893,7.55491,0.22316,1,1,0.450
52.5740,1059,BL,14,6.97460,0.20816,0.29872,134,68,46,0.33026,7.15357,0.21741,1,0,0.450
52.5760,1059,FR,6,7.28162,-0.08053,0.30348,134,103,92,0.28237,7.40318,-0.10634,1,1,0.450
52.5760,1059,BR,29,7.10262,-0.05937,0.29995,134,68,48,0.30291,7.17222,-0.05573,1,0,0.450
52.5860,1060,FL,20,7.42917,0.20267,0.30005,134,125,114,0.27895,7.55007,0.22353,1,1,0.450
52.5860,1060,BL,13,6.97400,0.20841,0.29879,134,68,46,0.33033,7.15255,0.21804,1,0,0.450
52.5860,1060,FR,5,7.28152,-0.08047,0.30362,134,103,92,0.28250,7.40227,-0.10607,1,1,0.450
52.5860,1060,BR,28,7.10184,-0.05890,0.29995,134,68,48,0.30291,7.16745,-0.05551,1,0,0.450
52.5940,1060,FL,20,7.42757,0.20254,0.30002,134,125,114,0.27892,7.55354,0.22499,1,1,0.450
52.5940,1060,BL,13,6.97191,0.20765,0.29882,134,68,46,0.33034,7.19999,0.21793,1,0,0.450
52.5940,1060,FR,5,7.28020,-0.08046,0.30383,134,103,92,0.28271,7.39966,-0.10600,1,1,0.450
52.5960,1060,BR,28,7.09993,-0.05789,0.29996,134,68,48,0.30292,7.16809,-0.05256,1,0,0.450
52.6080,1060,FL,20,7.42762,0.20272,0.30024,134,125,114,0.27914,7.55737,0.22414,1,1,0.450
52.6080,1060,BL,13,6.97003,0.20852,0.29795,134,68,46,0.32962,7.15061,0.21897,1,0,0.450
52.6080,1060,FR,5,7.27922,-0.08005,0.30425,134,92,81,0.28314,7.39745,-0.10556,1,1,0.450
52.6080,1060,BR,28,7.10020,-0.05795,0.30010,134,68,48,0.30305,7.16541,-0.05288,1,0,0.450
52.6200,1061,FL,19,7.42532,0.20321,0.30017,134,125,114,0.27907,7.54688,0.22452,1,1,0.450
52.6200,1061,BL,12,6.97014,0.20901,0.29940,134,68,46,0.33083,7.19773,0.21876,1,0,0.450
52.6200,1061,FR,4,7.27918,-0.07922,0.30553,133,92,81,0.28441,7.39674,-0.10423,1,1,0.450
52.6200,1061,BR,27,7.09782,-0.05733,0.29999,134,68,48,0.30295,7.16296,-0.05229,1,0,0.450
52.6300,1061,FL,19,7.42499,0.20292,0.30036,134,125,114,0.27926,7.55612,0.22484,1,1,0.450
52.6300,1061,BL,12,6.96659,0.20876,0.29853,134,68,46,0.33010,7.19692,0.21879,1,0,0.450
52.6300,1061,FR,4,7.27701,-0.07858,0.30625,132,91,80,0.28513,7.39273,-0.10362,1,1,0.450
52.6300,1061,BR,27,7.09727,-0.05681,0.30014,134,68,48,0.30309,7.16153,-0.05122,1,0,0.450
52.6420,1062,FL,18,7.42436,0.20318,0.30047,134,125,114,0.27937,7.55083,0.22394,1,1,0.450
52.6420,1062,BL,11,6.96661,0.20954,0.29893,134,68,46,0.33044,7.19656,0.21905,1,0,0.450
52.6420,1062,FR,3,7.27719,-0.07792,0.30738,132,91,80,0.28625,7.39226,-0.10267,1,1,0.450
52.6420,1062,BR,26,7.09681,-0.05683,0.30016,134,68,48,0.30311,7.15822,-0.05170,1,0,0.450
52.6540,1062,FL,18,7.42349,0.20293,0.30050,134,125,114,0.27940,7.55529,0.22459,1,1,0.450
52.6540,1062,BL,11,6.96489,0.20900,0.29913,134,68,46,0.33061,7.19480,0.21843,1,0,0.450
52.6540,1062,FR,3,7.27625,-0.07730,0.30801,132,91,80,0.28688,7.39014,-0.10178,1,1,0.450
52.6540,1062,BR,26,7.09570,-0.05613,0.30020,134,68,48,0.30315,7.16032,-0.05061,1,0,0.450
52.6660,1062,FL,18,7.42317,0.20292,0.30062,134,125,114,0.27951,7.55466,0.22399,1,1,0.450
52.6660,1062,BL,11,6.96493,0.20949,0.29942,134,68,46,0.33085,7.19461,0.21824,1,0,0.450
52.6660,1062,FR,3,7.27649,-0.07664,0.30900,131,91,80,0.28787,7.39011,-0.10120,1,1,0.450
52.6660,1062,BR,26,7.09558,-0.05643,0.30022,134,68,48,0.30316,7.16104,-0.05115,1,0,0.450
52.6800,1063,FL,17,7.42222,0.20292,0.30068,134,125,114,0.27958,7.55385,0.22368,1,1,0.450
52.6800,1063,BL,10,6.96382,0.20979,0.29967,134,68,46,0.33106,7.19365,0.21787,1,0,0.450
52.6800,1063,FR,2,7.27568,-0.07593,0.30964,131,91,80,0.28851,7.38875,-0.10039,1,1,0.450
52.6800,1063,BR,25,7.09468,-0.05663,0.30022,134,68,48,0.30317,7.15607,-0.05201,1,0,0.450
52.6900,1063,FL,17,7.42169,0.20251,0.30075,134,125,114,0.27965,7.55442,0.22322,1,1,0.450
52.6900,1063,BL,10,6.96250,0.20931,0.29992,134,68,46,0.33127,7.19247,0.21679,1,0,0.450
52.6900,1063,FR,2,7.27476,-0.07507,0.31018,131,91,80,0.28904,7.38737,-0.09948,1,1,0.450
52.6900,1063,BR,25,7.09406,-0.05639,0.30027,134,68,48,0.30321,7.15902,-0.05167,1,0,0.450
52.7000,1063,FL,17,7.42291,0.20181,0.30078,134,125,114,0.27967,7.55514,0.22248,1,1,0.450
52.7000,1063,BL,10,6.96425,0.20837,0.29990,134,68,46,0.33126,7.19367,0.21572,1,0,0.450
52.7000,1063,FR,2,7.27638,-0.07521,0.31009,131,91,80,0.28896,7.39048,-0.10100,1,1,0.450
52.7000,1063,BR,25,7.09549,-0.05740,0.30027,134,68,48,0.30320,7.16111,-0.05289,1,0,0.450
52.7100,1064,FL,16,7.42252,0.20151,0.30083,134,125,114,0.27973,7.55905,0.22241,1,1,0.450
52.7100,1064,BL,9,6.96361,0.20831,0.29993,134,68,46,0.33128,7.19336,0.21479,1,0,0.450
52.7100,1064,FR,1,7.27573,-0.07475,0.31018,131,91,80,0.28905,7.39014,-0.10069,1,1,0.450
52.7100,1064,BR,24,7.09525,-0.05803,0.30026,134,68,48,0.30320,7.15662,-0.05404,1,0,0.450
52.7200,1064,FL,16,7.42315,0.20084,0.30090,134,125,114,0.27980,7.56061,0.22163,1,1,0.450
52.7200,1064,BL,9,6.96352,0.20735,0.29993,134,68,46,0.33128,7.19356,0.21320,1,0,0.450
52.7200,1064,FR,1,7.27551,-0.07433,0.31042,131,91,80,0.28928,7.39014,-0.10056,1,1,0.450
52.7200,1064,BR,24,7.09599,-0.05826,0.30032,134,68,48,0.30325,7.16105,-0.05428,1,0,0.450
52.7320,1065,FL,15,7.42439,0.19993,0.30101,134,125,114,0.27991,7.56143,0.22058,1,1,0.450
52.7320,1065,BL,8,6.96514,0.20615,0.30019,134,68,46,0.33149,7.19499,0.21134,1,0,0.450
52.7320,1065,FR,30,7.54406,-0.08287,0.29993,134,134,134,0.27882,7.64510,-0.09672,1,1,0.450
52.7320,1065,BR,23,7.09764,-0.05981,0.30031,134,68,48,0.30324,7.15918,-0.05648,1,0,0.450
52.7540,1065,FL,15,7.42582,0.19898,0.30106,134,125,114,0.27996,7.56335,0.21994,1,1,0.450
52.7540,1065,BL,8,6.96585,0.20453,0.29950,134,68,46,0.33091,7.19603,0.20880,1,0,0.450
52.7540,1065,FR,30,7.54545,-0.08340,0.29991,134,134,134,0.27881,7.65743,-0.09842,1,1,0.450
52.7540,1065,BR,23,7.09933,-0.06075,0.30037,134,68,48,0.30330,7.16650,-0.05794,1,0,0.450
52.7640,1066,FL,14,7.42600,0.19778,0.30120,134,125,114,0.28009,7.56409,0.21777,1,1,0.450
52.7640,1066,BL,7,6.96536,0.20330,0.30061,134,68,46,0.33185,7.19701,0.20557,1,0,0.450
52.7640,1066,FR,29,7.54727,-0.08508,0.29993,134,134,134,0.27882,7.65429,-0.09973,1,1,0.450
52.7640,1066,BR,22,7.10092,-0.06378,0.30039,134,68,48,0.30332,7.16430,-0.06163,1,0,0.450
52.7780,1066,FL,14,7.42716,0.19750,0.30123,134,125,114,0.28012,7.56632,0.21706,1,1,0.450
52.7780,1066,BL,7,6.96534,0.20281,0.30040,134,68,46,0.33167,7.19791,0.20402,1,0,0.450
52.7780,1066,FR,29,7.54887,-0.08564,0.29990,134,134,134,0.27880,7.66411,-0.10092,1,1,0.450
52.7780,1066,BR,22,7.10265,-0.06440,0.30046,134,68,48,0.30338,7.17088,-0.06277,1,0,0.450
52.7920,1067,FL,13,7.42643,0.19727,0.30135,134,125,114,0.28024,7.56582,0.21592,1,1,0.450
52.7920,1067,BL,6,6.96454,0.20275,0.30075,134,68,46,0.33197,7.19745,0.20274,1,0,0.450
52.7920,1067,FR,28,7.54907,-0.08645,0.29993,134,134,134,0.27883,7.65917,-0.10184,1,1,0.450
52.7920,1067,BR,21,7.10268,-0.06578,0.30044,134,68,48,0.30337,7.16678,-0.06504,1,0,0.450
52.8020,1067,FL,13,7.42685,0.19695,0.30131,134,125,114,0.28020,7.56692,0.21561,1,1,0.450
52.8040,1067,BL,6,6.96420,0.20195,0.30046,134,68,46,0.33173,7.19744,0.20125,1,0,0.450
52.8040,1067,FR,28,7.54971,-0.08689,0.29988,134,134,134,0.27878,7.66678,-0.10279,1,1,0.450
52.8040,1067,BR,21,7.10348,-0.06626,0.30051,134,68,48,0.30343,7.17171,-0.06592,1,0,0.450
52.8140,1067,FL,13,7.42698,0.19645,0.30144,134,125,114,0.28034,7.56719,0.21467,1,1,0.450
52.8140,1067,BL,6,6.96444,0.20139,0.30087,134,68,46,0.33206,7.19764,0.20001,1,0,0.450
52.8140,1067,FR,28,7.55060,-0.08766,0.29991,134,134,134,0.27881,7.66745,-0.10323,1,1,0.450
52.8140,1067,BR,21,7.10424,-0.06757,0.30051,134,68,48,0.30343,7.17308,-0.06745,1,0,0.450
52.8240,1068,FL,12,7.42671,0.19579,0.30163,134,125,114,0.28052,7.56693,0.21386,1,1,0.450
52.8240,1068,BL,5,6.96417,0.20062,0.30160,134,68,46,0.33268,7.19729,0.19846,1,0,0.450
52.8240,1068,FR,27,7.55065,-0.08836,0.29992,134,134,134,0.27881,7.66251,-0.10435,1,1,0.450
52.8240,1068,BR,20,7.10425,-0.06870,0.30055,134,68,48,0.30346,7.16812,-0.06922,1,0,0.450
52.8340,1068,FL,12,7.42669,0.19566,0.30183,134,125,114,0.28072,7.56737,0.21393,1,1,0.450
52.8340,1068,BL,5,6.96361,0.19995,0.30202,134,68,46,0.33303,7.19671,0.19745,1,0,0.450
52.8340,1068,FR,27,7.55064,-0.08848,0.29985,134,134,134,0.27875,7.66884,-0.10501,1,1,0.450
52.8340,1068,BR,20,7.10439,-0.06869,0.30066,134,68,48,0.30356,7.17216,-0.06953,1,0,0.450
52.8440,1068,FL,12,7.42545,0.19529,0.30205,134,125,114,0.28094,7.56604,0.21334,1,1,0.450
52.8440,1068,BL,5,6.96268,0.19949,0.30269,134,68,46,0.33359,7.19539,0.19632,1,0,0.450
52.8440,1068,FR,27,7.54990,-0.08892,0.29988,134,134,134,0.27878,7.66789,-0.10520,1,1,0.450
52.8440,1068,BR,20,7.10358,-0.06960,0.30067,134,68,48,0.30358,7.17183,-0.07057,1,0,0.450
52.8560,1069,FL,11,7.42517,0.19470,0.30220,134,125,114,0.28109,7.56590,0.21271,1,1,0.450
52.8560,1069,BL,4,6.96242,0.19855,0.30319,134,68,46,0.33402,7.19472,0.19478,1,0,0.450
52.8560,1069,FR,26,7.55010,-0.08951,0.29988,134,134,134,0.27878,7.66300,-0.10623,1,1,0.450
52.8560,1069,BR,19,7.10373,-0.07074,0.30070,134,68,48,0.30360,7.16684,-0.07236,1,0,0.450
52.8660,1069,FL,11,7.42426,0.19478,0.30246,134,125,114,0.28135,7.56512,0.21290,1,1,0.450
52.8660,1069,BL,4,6.96129,0.19801,0.30365,134,68,46,0.33440,7.19309,0.19375,1,0,0.450
52.8660,1069,FR,26,7.54918,-0.08947,0.29980,134,134,134,0.27870,7.66810,-0.10676,1,1,0.450
52.8660,1069,BR,19,7.10294,-0.07068,0.30082,134,68,48,0.30371,7.16983,-0.07269,1,0,0.450
52.8760,1069,FL,11,7.42339,0.19449,0.30259,134,125,114,0.28148,7.56430,0.21224,1,1,0.450
52.8760,1069,BL,4,6.96091,0.19746,0.30389,134,68,46,0.33460,7.19174,0.19270,1,0,0.450
52.8760,1069,FR,26,7.54911,-0.09005,0.29984,134,134,134,0.27874,7.66787,-0.10701,1,1,0.450
52.8760,1069,BR,19,7.10277,-0.07192,0.30081,134,68,48,0.30370,7.17015,-0.07412,1,0,0.450
52.8860,1070,FL,10,7.42253,0.19434,0.30270,134,125,114,0.28159,7.56318,0.21172,1,1,0.450
52.8860,1070,BL,3,6.96051,0.19730,0.30407,134,68,46,0.33476,7.19045,0.19198,1,0,0.450
52.8860,1070,FR,25,7.54842,-0.09052,0.29985,134,134,134,0.27875,7.66204,-0.10805,1,1,0.450
52.8860,1070,BR,18,7.10202,-0.07269,0.30083,134,68,48,0.30372,7.16416,-0.07580,1,0,0.450
52.8960,1070,FL,10,7.42194,0.19488,0.30289,134,125,114,0.28178,7.56235,0.21219,1,1,0.450
52.8960,1070,BL,3,6.95996,0.19740,0.30411,134,68,46,0.33480,7.18924,0.19197,1,0,0.450
52.8960,1070,FR,25,7.54735,-0.09040,0.29975,134,134,134,0.27864,7.66676,-0.10869,1,1,0.450
52.8960,1070,BR,18,7.10116,-0.07215,0.30094,134,68,48,0.30382,7.16677,-0.07601,1,0,0.450
52.9060,1070,FL,10,7.42143,0.19475,0.30301,134,125,114,0.28190,7.56138,0.21145,1,1,0.450
52.9060,1070,BL,3,6.96022,0.19738,0.30409,134,68,46,0.33478,7.18842,0.19172,1,0,0.450
52.9060,1070,FR,25,7.54695,-0.09114,0.29980,134,134,134,0.27869,7.66616,-0.10924,1,1,0.450
52.9060,1070,BR,18,7.10077,-0.07312,0.30094,134,68,48,0.30383,7.16662,-0.07739,1,0,0.450
52.9160,1071,FL,9,7.42060,0.19479,0.30310,134,125,114,0.28199,7.55985,0.21101,1,1,0.450
52.9160,1071,BL,2,6.95993,0.19762,0.30414,134,68,46,0.33482,7.18742,0.19164,1,0,0.450
52.9160,1071,FR,24,7.54563,-0.09160,0.29980,134,134,134,0.27870,7.65956,-0.11046,1,1,0.450
52.9160,1071,BR,17,7.09953,-0.07349,0.30099,134,68,48,0.30386,7.16507,-0.07817,1,0,0.450
52.9240,1071,FL,9,7.42111,0.19536,0.30326,134,125,114,0.28214,7.56003,0.21152,1,1,0.450
52.9240,1071,BL,2,6.96046,0.19768,0.30391,134,68,46,0.33462,7.18768,0.19212,1,0,0.450
52.9260,1071,FR,24,7.54557,-0.09169,0.29969,134,134,134,0.27859,7.66494,-0.11131,1,1,0.450
52.9260,1071,BR,17,7.09973,-0.07282,0.30113,134,68,48,0.30400,7.16357,-0.07932,1,0,0.450
52.9360,1071,FL,9,7.42082,0.19520,0.30341,134,125,114,0.28230,7.55885,0.21076,1,1,0.450
52.9360,1071,BL,2,6.96073,0.19785,0.30386,134,68,46,0.33458,7.18745,0.19227,1,0,0.450
52.9360,1071,FR,24,7.54452,-0.09240,0.29974,134,134,134,0.27864,7.66376,-0.11210,1,1,0.450
52.9360,1071,BR,17,7.09885,-0.07344,0.30113,134,68,48,0.30400,7.16235,-0.08025,1,0,0.450
52.9440,1072,FL,8,7.42030,0.19520,0.30354,134,125,114,0.28242,7.55732,0.21020,1,1,0.450
52.9440,1072,BL,1,6.96063,0.19812,0.30383,134,68,46,0.33455,7.18719,0.19250,1,0,0.450
52.9440,1072,FR,23,7.54295,-0.09306,0.29974,134,134,134,0.27864,7.65672,-0.11364,1,1,0.450
52.9440,1072,BR,16,7.09752,-0.07373,0.30122,134,68,48,0.30408,7.16038,-0.08108,1,0,0.450
52.9680,1072,FL,8,7.42076,0.19583,0.30377,134,125,114,0.28266,7.55711,0.21081,1,1,0.450
52.9680,1072,BL,1,6.96081,0.19821,0.30374,134,68,46,0.33448,7.18767,0.19308,1,0,0.450
52.9680,1072,FR,23,7.54235,-0.09318,0.29966,134,134,134,0.27856,7.65582,-0.11878,1,1,0.450
52.9680,1072,BR,16,7.09743,-0.07278,0.30143,134,68,48,0.30427,7.15899,-0.08135,1,0,0.450
52.9780,1073,FL,7,7.42139,0.19497,0.30432,134,125,114,0.28321,7.55561,0.20893,1,1,0.450
52.9780,1073,BL,30,7.23192,0.18995,0.29988,134,92,81,0.27878,7.31019,0.19099,1,1,0.450
52.9780,1073,FR,22,7.54062,-0.09470,0.29962,134,134,134,0.27851,7.64988,-0.11990,1,1,0.450
52.9780,1073,BR,15,7.09613,-0.07355,0.30159,134,68,48,0.30442,7.15657,-0.08281,1,0,0.450
52.9880,1073,FL,7,7.42154,0.19539,0.30473,134,125,114,0.28362,7.55525,0.20933,1,1,0.450
52.9880,1073,BL,30,7.23087,0.18905,0.29988,134,92,81,0.27878,7.30744,0.18445,1,1,0.450
52.9880,1073,FR,22,7.53988,-0.09492,0.29955,134,134,134,0.27845,7.65168,-0.12337,1,1,0.450
52.9880,1073,BR,15,7.09596,-0.07269,0.30186,134,68,48,0.30467,7.15513,-0.08315,1,0,0.450
52.9960,1073,FL,7,7.41979,0.19506,0.30508,133,125,114,0.28396,7.55320,0.20883,1,1,0.450
52.9960,1073,BL,30,7.22916,0.18883,0.29990,134,81,70,0.27880,7.30618,0.18431,1,1,0.450
52.9960,1073,FR,22,7.53815,-0.09497,0.29954,134,134,134,0.27844,7.65016,-0.12292,1,1,0.450
52.9980,1073,BR,15,7.09419,-0.07311,0.30191,134,68,48,0.30472,7.15337,-0.08336,1,0,0.450
53.0060,1074,FL,6,7.42013,0.19497,0.30513,133,125,114,0.28401,7.55335,0.20857,1,1,0.450
53.0080,1074,BL,29,7.22918,0.18836,0.29990,134,81,70,0.27880,7.30206,0.18411,1,1,0.450
53.0080,1074,FR,21,7.53827,-0.09537,0.29954,134,134,134,0.27844,7.64599,-0.12305,1,1,0.450
53.0080,1074,BR,14,7.09452,-0.07362,0.30204,134,68,48,0.30483,7.15324,-0.08408,1,0,0.450
53.0160,1074,FL,6,7.41975,0.19554,0.30522,133,125,114,0.28410,7.55242,0.20921,1,1,0.450
53.0160,1074,BL,29,7.22796,0.18749,0.29990,134,81,70,0.27880,7.30218,0.18006,1,1,0.450
53.0160,1074,FR,21,7.53771,-0.09510,0.29944,134,134,134,0.27834,7.64922,-0.12495,1,1,0.450
53.0160,1074,BR,14,7.09427,-0.07279,0.30228,134,68,48,0.30505,7.15220,-0.08410,1,0,0.450
53.0260,1074,FL,6,7.41857,0.19541,0.30544,133,125,114,0.28432,7.55085,0.20897,1,1,0.450
53.0260,1074,BL,29,7.22664,0.18732,0.29991,134,81,70,0.27881,7.30130,0.17988,1,1,0.450
53.0260,1074,FR,21,7.53641,-0.09509,0.29947,134,134,134,0.27837,7.64801,-0.12457,1,1,0.450
53.0260,1074,BR,14,7.09301,-0.07319,0.30232,134,68,48,0.30509,7.15089,-0.08443,1,0,0.450
53.0360,1075,FL,5,7.41854,0.19548,0.30581,132,124,113,0.28469,7.55047,0.20898,1,1,0.450
53.0360,1075,BL,28,7.22621,0.18704,0.29991,134,81,70,0.27881,7.29689,0.18011,1,1,0.450
53.0360,1075,FR,20,7.53612,-0.09523,0.29949,134,134,134,0.27838,7.64362,-0.12424,1,1,0.450
53.0360,1075,BR,13,7.09288,-0.07345,0.30251,134,68,48,0.30527,7.15038,-0.08491,1,0,0.450
53.0460,1075,FL,5,7.41769,0.19583,0.30616,132,124,113,0.28504,7.54923,0.20953,1,1,0.450
53.0460,1075,BL,28,7.22474,0.18634,0.29991,134,81,70,0.27881,7.29815,0.17747,1,1,0.450
53.0460,1075,FR,20,7.53528,-0.09484,0.29939,134,134,134,0.27829,7.64693,-0.12548,1,1,0.450
53.0460,1075,BR,13,7.09231,-0.07256,0.30285,134,68,48,0.30557,7.19917,-0.08469,1,0,0.450
53.0540,1075,FL,5,7.41649,0.19565,0.30679,132,124,113,0.28567,7.54753,0.20947,1,1,0.450
53.0540,1075,BL,28,7.22437,0.18637,0.29990,134,81,70,0.27880,7.29598,0.17762,1,1,0.450
53.0540,1075,FR,20,7.53651,-0.09538,0.29963,134,134,134,0.27853,7.64609,-0.12376,1,1,0.450
53.0540,1075,BR,13,7.09314,-0.07359,0.30318,134,68,48,0.30588,7.15383,-0.08677,1,0,0.450
53.0640,1076,FL,4,7.41722,0.19518,0.30745,132,124,113,0.28633,7.54829,0.20883,1,1,0.450
53.0660,1076,BL,27,7.22415,0.18611,0.29993,134,81,70,0.27882,7.29395,0.17792,1,1,0.450
53.0660,1076,FR,19,7.53462,-0.09501,0.29950,134,134,134,0.27840,7.64269,-0.12461,1,1,0.450
53.0660,1076,BR,12,7.09158,-0.07322,0.30321,134,68,48,0.30591,7.19837,-0.08503,1,0,0.450
53.0740,1076,FL,4,7.41643,0.19521,0.30810,132,124,113,0.28697,7.54691,0.20908,1,1,0.450
53.0740,1076,BL,27,7.22359,0.18551,0.29991,134,81,70,0.27881,7.29440,0.17627,1,1,0.450
53.0740,1076,FR,19,7.53671,-0.09519,0.29961,134,134,134,0.27851,7.64635,-0.12409,1,1,0.450
53.0740,1076,BR,12,7.09356,-0.07334,0.30394,134,68,48,0.30658,7.15361,-0.08661,1,0,0.450
53.0840,1076,FL,4,7.41564,0.19454,0.30853,131,123,113,0.28740,7.54621,0.20817,1,1,0.450
53.0840,1076,BL,27,7.22261,0.18544,0.29993,134,81,70,0.27883,7.29620,0.17619,1,1,0.450
53.0840,1076,FR,19,7.53359,-0.09473,0.29950,134,134,134,0.27840,7.64615,-0.12517,1,1,0.450
53.0840,1076,BR,12,7.09048,-0.07313,0.30376,134,68,48,0.30642,7.19730,-0.08470,1,0,0.450
53.0940,1077,FL,3,7.41569,0.19415,0.30946,131,123,113,0.28833,7.54615,0.20782,1,1,0.450
53.0940,1077,BL,26,7.22311,0.18550,0.29992,134,81,70,0.27882,7.29051,0.17715,1,1,0.450
53.0940,1077,FR,18,7.53619,-0.09532,0.29974,134,134,134,0.27864,7.64183,-0.12285,1,1,0.450
53.0940,1077,BR,11,7.09308,-0.07437,0.30439,134,68,48,0.30699,7.15323,-0.08675,1,0,0.450
53.1020,1077,FL,3,7.41504,0.19384,0.30943,131,123,113,0.28830,7.54547,0.20738,1,1,0.450
53.1040,1077,BL,26,7.22215,0.18477,0.29994,134,81,70,0.27884,7.29539,0.17570,1,1,0.450
53.1040,1077,FR,18,7.53382,-0.09449,0.29943,134,134,134,0.27833,7.64677,-0.12509,1,1,0.450
53.1040,1077,BR,11,7.09058,-0.07294,0.30445,134,68,48,0.30704,7.19744,-0.08430,1,0,0.450
53.1120,1077,FL,3,7.41438,0.19344,0.31001,131,123,113,0.28888,7.54504,0.20697,1,1,0.450
53.1140,1077,BL,26,7.22240,0.18500,0.29993,134,81,70,0.27883,7.29385,0.17617,1,1,0.450
53.1140,1077,FR,18,7.53609,-0.09505,0.29973,134,134,134,0.27863,7.64607,-0.12318,1,1,0.450
53.1140,1077,BR,11,7.09278,-0.07435,0.30493,133,67,48,0.30749,7.15330,-0.08628,1,0,0.450
53.1220,1078,FL,2,7.41520,0.19319,0.31026,131,123,113,0.28913,7.54650,0.20692,1,1,0.450
53.1220,1078,BL,25,7.22324,0.18506,0.29994,134,81,70,0.27884,7.29295,0.17698,1,1,0.450
53.1220,1078,FR,17,7.53484,-0.09429,0.29957,134,134,134,0.27847,7.64800,-0.12438,1,1,0.450
53.1220,1078,BR,10,7.09137,-0.07336,0.30472,134,68,48,0.30730,7.19878,-0.08403,1,0,0.450
53.1320,1078,FL,2,7.41426,0.19294,0.31005,131,123,113,0.28892,7.54582,0.20661,1,1,0.450
53.1320,1078,BL,25,7.22310,0.18470,0.29994,134,81,70,0.27883,7.29411,0.17628,1,1,0.450
53.1320,1078,FR,17,7.53761,-0.09446,0.29966,134,134,134,0.27856,7.64789,-0.12266,1,1,0.450
53.1320,1078,BR,10,7.09388,-0.07378,0.30537,133,67,48,0.30790,7.15499,-0.08535,1,0,0.450
53.1420,1078,FL,2,7.41470,0.19262,0.31009,131,123,113,0.28896,7.54729,0.20673,1,1,0.450
53.1420,1078,BL,25,7.22448,0.18508,0.29992,134,81,70,0.27882,7.29840,0.17676,1,1,0.450
53.1420,1078,FR,17,7.53647,-0.09351,0.29951,134,134,134,0.27841,7.65029,-0.12340,1,1,0.450
53.1420,1078,BR,10,7.09238,-0.07286,0.30500,133,67,48,0.30755,7.15103,-0.08288,1,0,0.450
53.1520,1078,FL,2,7.41357,0.19217,0.31004,131,123,113,0.28890,7.54690,0.20639,1,1,0.450
53.1520,1078,BL,25,7.22464,0.18550,0.29990,134,81,70,0.27880,7.29881,0.17725,1,1,0.450
53.1520,1078,FR,17,7.53673,-0.09318,0.29953,134,134,134,0.27843,7.65042,-0.12261,1,1,0.450
53.1520,1078,BR,10,7.09236,-0.07324,0.30503,133,67,48,0.30758,7.15193,-0.08247,1,0,0.450
53.1620,1079,FL,1,7.41365,0.19206,0.31002,131,123,113,0.28889,7.54812,0.20659,1,1,0.450
53.1620,1079,BL,24,7.22570,0.18594,0.29989,134,81,70,0.27879,7.29581,0.17853,1,1,0.450
53.1620,1079,FR,16,7.53773,-0.09279,0.29953,134,134,134,0.27843,7.65572,-0.12277,1,1,0.450
53.1620,1079,BR,9,7.09306,-0.07302,0.30499,133,67,48,0.30755,7.15317,-0.08190,1,0,0.450
53.1720,1079,FL,1,7.41305,0.19161,0.30999,131,123,113,0.28886,7.54752,0.20640,1,1,0.450
53.1720,1079,BL,24,7.22740,0.18606,0.29987,134,81,70,0.27876,7.30142,0.17844,1,1,0.450
53.1720,1079,FR,16,7.53967,-0.09196,0.29944,134,134,134,0.27834,7.65860,-0.12172,1,1,0.450
53.1720,1079,BR,9,7.09400,-0.07238,0.30493,133,67,48,0.30749,7.15588,-0.08054,1,0,0.450
53.1820,1079,FL,1,7.41189,0.19115,0.31037,131,123,113,0.28924,7.54699,0.20611,1,1,0.450
53.1820,1079,BL,24,7.22829,0.18682,0.29980,134,81,70,0.27870,7.30293,0.17943,1,1,0.450
53.1820,1079,FR,16,7.54013,-0.09155,0.29951,134,134,134,0.27841,7.65973,-0.12072,1,1,0.450
53.1820,1079,BR,9,7.09371,-0.07249,0.30436,134,68,48,0.30697,7.15708,-0.07964,1,0,0.450
53.1920,1080,FL,30,7.68301,0.18559,0.30001,134,134,134,0.27890,7.78776,0.19349,1,1,0.450
53.1920,1080,BL,23,7.23220,0.18806,0.29982,134,92,81,0.27872,7.30264,0.18145,1,1,0.450
53.1920,1080,FR,15,7.54429,-0.09036,0.29964,134,134,134,0.27854,7.66329,-0.11967,1,1,0.450
53.1920,1080,BR,8,7.09821,-0.07120,0.30475,134,68,48,0.30733,7.16158,-0.07799,1,0,0.450
53.2140,1081,FL,29,7.68475,0.18624,0.30001,134,134,134,0.27891,7.79579,0.19544,1,1,0.450
53.2140,1081,BL,22,7.23387,0.18843,0.29989,134,92,81,0.27879,7.30591,0.18250,1,1,0.450
53.2140,1081,FR,14,7.54612,-0.08942,0.29971,134,134,134,0.27860,7.66591,-0.11887,1,1,0.450
53.2140,1081,BR,7,7.09886,-0.07030,0.30553,133,67,48,0.30804,7.16427,-0.07600,1,0,0.450
53.2300,1081,FL,29,7.68928,0.18759,0.30002,134,134,134,0.27892,7.80862,0.19682,1,1,0.450
53.2300,1081,BL,22,7.23787,0.18963,0.29970,134,92,81,0.27860,7.31600,0.18405,1,1,0.450
53.2300,1081,FR,14,7.54796,-0.08921,0.29917,134,134,134,0.27807,7.67175,-0.11667,1,1,0.450
53.2300,1081,BR,7,7.09749,-0.07115,0.30377,134,68,48,0.30642,7.16723,-0.07489,1,0,0.450
53.2400,1081,FL,29,7.69115,0.18833,0.30004,134,134,134,0.27894,7.81034,0.19726,1,1,0.450
53.2400,1081,BL,22,7.23948,0.19067,0.29961,134,92,81,0.27851,7.31863,0.18563,1,1,0.450
53.2400,1081,FR,14,7.54820,-0.08917,0.29912,134,134,134,0.27802,7.67366,-0.11573,1,1,0.450
53.2400,1081,BR,7,7.09679,-0.07138,0.30347,134,68,48,0.30614,7.16807,-0.07408,1,0,0.450
53.2520,1082,FL,28,7.69348,0.18882,0.30005,134,134,134,0.27894,7.80789,0.19842,1,1,0.450
53.2520,1082,BL,21,7.24165,0.19141,0.29953,134,92,81,0.27843,7.31649,0.18744,1,1,0.450
53.2520,1082,FR,13,7.54930,-0.08912,0.29888,134,134,134,0.27778,7.67618,-0.11502,1,1,0.450
53.2540,1082,BR,6,7.09698,-0.07144,0.30263,134,68,48,0.30537,7.16932,-0.07362,1,0,0.450
53.2640,1082,FL,28,7.69569,0.18898,0.30003,134,134,134,0.27892,7.81737,0.19881,1,1,0.450
53.2640,1082,BL,21,7.24348,0.19130,0.29944,134,92,81,0.27834,7.32333,0.18746,1,1,0.450
53.2640,1082,FR,13,7.55052,-0.08917,0.29855,134,134,134,0.27745,7.67867,-0.11492,1,1,0.450
53.2640,1082,BR,6,7.09764,-0.07128,0.30200,134,68,48,0.30480,7.17072,-0.07325,1,0,0.450
53.2740,1083,FL,27,7.69604,0.18951,0.30005,134,134,134,0.27895,7.81264,0.20003,1,1,0.450
53.2740,1083,BL,20,7.24379,0.19206,0.29947,134,92,81,0.27837,7.31902,0.18922,1,1,0.450
53.2740,1083,FR,12,7.55063,-0.08877,0.29887,134,134,134,0.27778,7.67890,-0.11430,1,1,0.450
53.2740,1083,BR,5,7.09764,-0.07120,0.30294,134,68,48,0.30566,7.17134,-0.07241,1,0,0.450
53.2840,1083,FL,27,7.69744,0.18963,0.30001,134,134,134,0.27891,7.82078,0.20049,1,1,0.450
53.2840,1083,BL,20,7.24482,0.19173,0.29942,134,92,81,0.27832,7.32456,0.18910,1,1,0.450
53.2840,1083,FR,12,7.55155,-0.08882,0.29865,134,134,134,0.27755,7.68043,-0.11434,1,1,0.450
53.2840,1083,BR,5,7.09829,-0.07092,0.30299,134,68,48,0.30571,7.17251,-0.07213,1,0,0.450
53.2960,1083,FL,27,7.69798,0.19019,0.30005,134,134,134,0.27894,7.82122,0.20093,1,1,0.450
53.2960,1083,BL,20,7.24536,0.19251,0.29945,134,92,81,0.27835,7.32534,0.18998,1,1,0.450
53.2960,1083,FR,12,7.55199,-0.08834,0.29904,134,134,134,0.27794,7.68079,-0.11369,1,1,0.450
53.2960,1083,BR,5,7.09877,-0.07063,0.30397,134,68,48,0.30661,7.17323,-0.07123,1,0,0.450
53.3100,1084,FL,26,7.69845,0.19084,0.30005,134,134,134,0.27895,7.81659,0.20239,1,1,0.450
53.3100,1084,BL,19,7.24592,0.19332,0.29955,134,92,81,0.27845,7.32059,0.19171,1,1,0.450
53.3100,1084,FR,11,7.55285,-0.08765,0.29941,134,134,134,0.27831,7.68113,-0.11302,1,1,0.450
53.3100,1084,BR,4,7.09955,-0.06997,0.30527,133,67,48,0.30780,7.17458,-0.06983,1,0,0.450
53.3220,1084,FL,26,7.69813,0.19089,0.30000,134,134,134,0.27890,7.82264,0.20287,1,1,0.450
53.3220,1084,BL,19,7.24543,0.19298,0.29963,134,92,81,0.27853,7.32397,0.19154,1,1,0.450
53.3220,1084,FR,11,7.55308,-0.08755,0.29970,134,134,134,0.27860,7.68077,-0.11321,1,1,0.450
53.3220,1084,BR,4,7.09972,-0.06938,0.30662,132,66,47,0.30904,7.17550,-0.06883,1,0,0.450
53.3320,1085,FL,25,7.69833,0.19171,0.30004,134,134,134,0.27893,7.81759,0.20446,1,1,0.450
53.3340,1085,BL,18,7.24568,0.19422,0.29969,134,92,81,0.27859,7.31911,0.19371,1,1,0.450
53.3340,1085,FR,10,7.55327,-0.08680,0.30017,134,134,134,0.27906,7.68063,-0.11215,1,1,0.450
53.3340,1085,BR,3,7.10000,-0.06876,0.30792,132,66,47,0.31024,7.17595,-0.06730,1,0,0.450
53.3440,1085,FL,25,7.69895,0.19179,0.29997,134,134,134,0.27887,7.82443,0.20500,1,1,0.450
53.3440,1085,BL,18,7.24598,0.19398,0.29969,134,92,81,0.27859,7.32351,0.19380,1,1,0.450
53.3440,1085,FR,10,7.55377,-0.08682,0.30014,134,134,134,0.27904,7.68104,-0.11232,1,1,0.450
53.3440,1085,BR,3,7.10050,-0.06807,0.30825,132,66,47,0.31054,7.17670,-0.06644,1,0,0.450
53.3600,1085,FL,25,7.69767,0.19229,0.30001,134,134,134,0.27891,7.82305,0.20535,1,1,0.450
53.3600,1085,BL,18,7.24480,0.19484,0.29977,134,92,81,0.27867,7.32234,0.19474,1,1,0.450
53.3600,1085,FR,10,7.55269,-0.08649,0.30070,134,134,134,0.27959,7.67940,-0.11164,1,1,0.450
53.3600,1085,BR,3,7.09966,-0.06782,0.30951,131,66,47,0.31171,7.17576,-0.06530,1,0,0.450
53.3700,1086,FL,24,7.69767,0.19325,0.30002,134,134,134,0.27892,7.81788,0.20715,1,1,0.450
53.3700,1086,BL,17,7.24471,0.19611,0.29980,134,92,81,0.27869,7.32233,0.19627,1,1,0.450
53.3700,1086,FR,9,7.55222,-0.08606,0.30081,134,134,134,0.27971,7.67886,-0.11046,1,1,0.450
53.3700,1086,BR,2,7.09980,-0.06755,0.30972,131,66,47,0.31190,7.17455,-0.06439,1,0,0.450
53.3800,1086,FL,24,7.69766,0.19336,0.29995,134,134,134,0.27885,7.82403,0.20777,1,1,0.450
53.3800,1086,BL,17,7.24420,0.19557,0.29974,134,92,81,0.27864,7.32110,0.19759,1,1,0.450
53.3800,1086,FR,9,7.55187,-0.08661,0.30079,134,134,134,0.27968,7.67836,-0.11079,1,1,0.450
53.3800,1086,BR,2,7.10022,-0.06754,0.30948,131,66,47,0.31168,7.17373,-0.06481,1,0,0.450
53.3900,1086,FL,24,7.69683,0.19411,0.30000,134,134,134,0.27890,7.82309,0.20860,1,1,0.450
53.3900,1086,BL,17,7.24351,0.19621,0.29972,134,92,81,0.27862,7.32018,0.19863,1,1,0.450
53.3920,1086,FR,9,7.55150,-0.08650,0.30087,134,134,134,0.27977,7.67752,-0.11006,1,1,0.450
53.3920,1086,BR,2,7.10039,-0.06774,0.30935,131,66,47,0.31156,7.17281,-0.06498,1,0,0.450
53.4000,1087,FL,23,7.69593,0.19486,0.30000,134,134,134,0.27890,7.81683,0.21052,1,1,0.450
53.4000,1087,BL,16,7.24271,0.19654,0.29976,134,92,81,0.27866,7.31907,0.19954,1,1,0.450
53.4000,1087,FR,8,7.55126,-0.08643,0.30089,134,134,134,0.27978,7.67667,-0.10945,1,1,0.450
53.4000,1087,BR,1,7.10054,-0.06796,0.30922,131,66,47,0.31144,7.17226,-0.06524,1,0,0.450
53.4220,1087,FL,23,7.69447,0.19503,0.29998,134,134,134,0.27888,7.81604,0.21591,1,1,0.450
53.4220,1087,BL,16,7.24111,0.19544,0.29980,134,92,81,0.27870,7.31671,0.19982,1,1,0.450
53.4220,1087,FR,8,7.55082,-0.08722,0.30110,134,134,134,0.27999,7.67509,-0.11000,1,1,0.450
53.4220,1087,BR,1,7.10051,-0.06821,0.30952,131,66,47,0.31172,7.17247,-0.06638,1,0,0.450
53.4320,1088,FL,22,7.69214,0.19648,0.29991,134,134,134,0.27880,7.80951,0.21745,1,1,0.450
53.4320,1088,BL,15,7.23921,0.19559,0.29990,134,92,81,0.27879,7.31366,0.20120,1,1,0.450
53.4320,1088,FR,7,7.55088,-0.08707,0.30108,134,134,134,0.27998,7.67351,-0.10869,1,1,0.450
53.4320,1088,BR,30,7.37135,-0.07277,0.29986,134,114,103,0.27876,7.44951,-0.07712,1,1,0.450
53.4420,1088,FL,22,7.69079,0.19707,0.29991,134,134,134,0.27881,7.81161,0.22139,1,1,0.450
53.4420,1088,BL,15,7.23776,0.19490,0.30000,134,92,81,0.27890,7.31150,0.20157,1,1,0.450
53.4420,1088,FR,7,7.55030,-0.08711,0.30152,134,134,134,0.28042,7.67196,-0.10859,1,1,0.450
53.4420,1088,BR,30,7.37016,-0.07160,0.29986,134,114,103,0.27875,7.44690,-0.07005,1,1,0.450
53.4520,1089,FL,21,7.68921,0.19735,0.29989,134,134,134,0.27878,7.80598,0.22128,1,1,0.450
53.4520,1089,BL,14,7.23639,0.19525,0.30001,134,92,81,0.27891,7.30961,0.20203,1,1,0.450
53.4520,1089,FR,6,7.54949,-0.08697,0.30157,134,134,134,0.28046,7.67035,-0.10809,1,1,0.450
53.4520,1089,BR,29,7.36864,-0.07121,0.29988,134,114,103,0.27878,7.44172,-0.06979,1,1,0.450
53.4600,1089,FL,21,7.68841,0.19730,0.29983,134,134,134,0.27873,7.80961,0.22355,1,1,0.450
53.4620,1089,BL,14,7.23568,0.19418,0.30005,134,92,81,0.27895,7.30780,0.20224,1,1,0.450
53.4620,1089,FR,6,7.54973,-0.08778,0.30113,134,134,134,0.28003,7.66944,-0.10881,1,1,0.450
53.4620,1089,BR,29,7.36767,-0.07019,0.29987,134,114,103,0.27876,7.44228,-0.06550,1,1,0.450
53.4720,1089,FL,21,7.68754,0.19740,0.29984,134,134,134,0.27874,7.80874,0.22342,1,1,0.450
53.4720,1089,BL,14,7.23502,0.19450,0.30004,134,92,81,0.27894,7.30681,0.20255,1,1,0.450
53.4720,1089,FR,6,7.54929,-0.08769,0.30113,134,134,134,0.28002,7.66863,-0.10861,1,1,0.450
53.4720,1089,BR,29,7.36681,-0.06996,0.29988,134,114,103,0.27878,7.44186,-0.06525,1,1,0.450
53.4800,1089,FL,21,7.68593,0.19769,0.29987,134,134,134,0.27877,7.80717,0.22366,1,1,0.450
53.4820,1089,BL,14,7.23342,0.19489,0.30021,134,92,81,0.27911,7.30507,0.20293,1,1,0.450
53.4820,1089,FR,6,7.54800,-0.08744,0.30156,134,134,134,0.28046,7.66653,-0.10816,1,1,0.450
53.4820,1089,BR,29,7.36517,-0.06965,0.29988,134,114,103,0.27878,7.44023,-0.06498,1,1,0.450
53.4920,1090,FL,20,7.68516,0.19787,0.29988,134,134,134,0.27878,7.80242,0.22354,1,1,0.450
53.4920,1090,BL,13,7.23272,0.19512,0.30034,134,92,81,0.27924,7.30408,0.20322,1,1,0.450
53.4920,1090,FR,5,7.54762,-0.08732,0.30187,134,134,134,0.28076,7.66553,-0.10785,1,1,0.450
53.4920,1090,BR,28,7.36440,-0.06945,0.29989,134,114,103,0.27878,7.43550,-0.06507,1,1,0.450
53.5020,1090,FL,20,7.68458,0.19756,0.29988,134,134,134,0.27878,7.80681,0.22482,1,1,0.450
53.5020,1090,BL,13,7.23189,0.19419,0.30055,134,92,81,0.27944,7.30281,0.20299,1,1,0.450
53.5020,1090,FR,5,7.54743,-0.08744,0.30240,134,134,134,0.28129,7.66433,-0.10815,1,1,0.450
53.5020,1090,BR,28,7.36365,-0.06863,0.29988,134,114,103,0.27878,7.43760,-0.06239,1,1,0.450
53.5120,1091,FL,19,7.68279,0.19778,0.29996,134,134,134,0.27886,7.80123,0.22417,1,1,0.450
53.5120,1091,BL,12,7.23001,0.19490,0.30069,134,92,81,0.27958,7.30112,0.20307,1,1,0.450
53.5120,1091,FR,4,7.54576,-0.08667,0.30306,134,134,134,0.28195,7.66196,-0.10711,1,1,0.450
53.5120,1091,BR,27,7.36202,-0.06856,0.29988,134,114,103,0.27878,7.43249,-0.06275,1,1,0.450
53.5220,1091,FL,19,7.68247,0.19764,0.29999,134,134,134,0.27889,7.80616,0.22506,1,1,0.450
53.5220,1091,BL,12,7.22926,0.19442,0.30112,134,81,70,0.28001,7.30019,0.20278,1,1,0.450
53.5220,1091,FR,4,7.54560,-0.08630,0.30421,134,134,134,0.28310,7.66058,-0.10648,1,1,0.450
53.5220,1091,BR,27,7.36166,-0.06777,0.29988,134,114,103,0.27878,7.43563,-0.06100,1,1,0.450
53.5320,1091,FL,19,7.68119,0.19796,0.30010,134,134,134,0.27900,7.80513,0.22482,1,1,0.450
53.5320,1091,BL,12,7.22782,0.19527,0.30130,134,81,70,0.28019,7.29909,0.20289,1,1,0.450
53.5320,1091,FR,4,7.54433,-0.08539,0.30510,133,133,133,0.28399,7.65860,-0.10522,1,1,0.450
53.5320,1091,BR,27,7.36061,-0.06771,0.29988,134,114,103,0.27878,7.43511,-0.06112,1,1,0.450
53.5420,1092,FL,18,7.68177,0.19818,0.30017,134,134,134,0.27906,7.80180,0.22442,1,1,0.450
53.5420,1092,BL,11,7.22844,0.19554,0.30155,134,81,70,0.28045,7.29948,0.20299,1,1,0.450
53.5420,1092,FR,3,7.54534,-0.08488,0.30614,132,132,132,0.28501,7.65915,-0.10456,1,1,0.450
53.5420,1092,BR,26,7.36126,-0.06764,0.29989,134,114,103,0.27879,7.43184,-0.06167,1,1,0.450
53.5500,1092,FL,18,7.68068,0.19813,0.30020,134,134,134,0.27910,7.80599,0.22502,1,1,0.450
53.5500,1092,BL,11,7.22673,0.19534,0.30196,134,81,70,0.28085,7.29806,0.20254,1,1,0.450
53.5500,1092,FR,3,7.54424,-0.08410,0.30700,132,132,132,0.28588,7.65685,-0.10324,1,1,0.450
53.5500,1092,BR,26,7.36017,-0.06693,0.29989,134,114,103,0.27879,7.43451,-0.06045,1,1,0.450
53.5620,1092,FL,18,7.68082,0.19831,0.30029,134,134,134,0.27918,7.80618,0.22488,1,1,0.450
53.5620,1092,BL,11,7.22700,0.19566,0.30202,134,81,70,0.28091,7.29819,0.20261,1,1,0.450
53.5620,1092,FR,3,7.54471,-0.08369,0.30760,132,132,132,0.28647,7.65724,-0.10287,1,1,0.450
53.5620,1092,BR,26,7.36053,-0.06701,0.29988,134,114,103,0.27878,7.43541,-0.06077,1,1,0.450
53.5700,1092,FL,18,7.68069,0.19836,0.30033,134,134,134,0.27922,7.80605,0.22480,1,1,0.450
53.5700,1092,BL,11,7.22683,0.19574,0.30216,134,81,70,0.28106,7.29804,0.20238,1,1,0.450
53.5700,1092,FR,3,7.54474,-0.08316,0.30799,132,132,132,0.28686,7.65726,-0.10242,1,1,0.450
53.5700,1092,BR,26,7.36046,-0.06714,0.29988,134,114,103,0.27878,7.43532,-0.06098,1,1,0.450
53.5800,1093,FL,17,7.68073,0.19830,0.30033,134,134,134,0.27923,7.80597,0.22466,1,1,0.450
53.5800,1093,BL,10,7.22699,0.19561,0.30224,134,81,70,0.28113,7.29799,0.20204,1,1,0.450
53.5800,1093,FR,2,7.54502,-0.08287,0.30797,132,132,132,0.28684,7.65794,-0.10232,1,1,0.450
53.5800,1093,BR,25,7.36055,-0.06738,0.29989,134,114,103,0.27878,7.43138,-0.06178,1,1,0.450
53.5900,1093,FL,17,7.68078,0.19789,0.30035,134,134,134,0.27925,7.80714,0.22450,1,1,0.450
53.5900,1093,BL,10,7.22654,0.19477,0.30249,134,81,70,0.28138,7.29774,0.20114,1,1,0.450
53.5900,1093,FR,2,7.54491,-0.08239,0.30815,132,132,132,0.28702,7.65782,-0.10212,1,1,0.450
53.5900,1093,BR,25,7.36065,-0.06704,0.29988,134,114,103,0.27878,7.43531,-0.06112,1,1,0.450
53.5980,1093,FL,17,7.68102,0.19770,0.30041,134,134,134,0.27930,7.80719,0.22400,1,1,0.450
53.6000,1093,BL,10,7.22693,0.19467,0.30249,134,81,70,0.28138,7.29813,0.20054,1,1,0.450
53.6000,1093,FR,2,7.54511,-0.08197,0.30810,132,132,132,0.28697,7.65897,-0.10220,1,1,0.450
53.6000,1093,BR,25,7.36108,-0.06763,0.29986,134,114,103,0.27876,7.43620,-0.06184,1,1,0.450
53.6100,1094,FL,16,7.68067,0.19764,0.30041,134,134,134,0.27931,7.81097,0.22421,1,1,0.450
53.6100,1094,BL,9,7.22640,0.19474,0.30248,134,81,70,0.28137,7.29790,0.20001,1,1,0.450
53.6100,1094,FR,1,7.54447,-0.08155,0.30803,132,132,132,0.28690,7.65871,-0.10172,1,1,0.450
53.6100,1094,BR,24,7.36084,-0.06797,0.29986,134,114,103,0.27875,7.43184,-0.06283,1,1,0.450
53.6200,1094,FL,16,7.68120,0.19709,0.30041,134,134,134,0.27930,7.81268,0.22354,1,1,0.450
53.6200,1094,BL,9,7.22637,0.19388,0.30243,134,81,70,0.28132,7.29822,0.19864,1,1,0.450
53.6200,1094,FR,1,7.54449,-0.08100,0.30796,132,132,132,0.28683,7.65935,-0.10136,1,1,0.450
53.6200,1094,BR,24,7.36161,-0.06810,0.29983,134,114,103,0.27873,7.43655,-0.06288,1,1,0.450
53.6280,1094,FL,16,7.68104,0.19694,0.30046,134,134,134,0.27935,7.81251,0.22277,1,1,0.450
53.6280,1094,BL,9,7.22609,0.19400,0.30214,134,81,70,0.28103,7.29844,0.19775,1,1,0.450
53.6300,1094,FR,1,7.54375,-0.08041,0.30803,132,132,132,0.28690,7.65951,-0.10094,1,1,0.450
53.6300,1094,BR,24,7.36178,-0.06890,0.29979,134,114,103,0.27869,7.43717,-0.06396,1,1,0.450
53.6380,1095,FL,15,7.68361,0.19587,0.30052,134,134,134,0.27941,7.81452,0.22210,1,1,0.450
53.6380,1095,BL,8,7.22908,0.19218,0.30246,134,81,70,0.28135,7.30101,0.19584,1,1,0.450
53.6380,1095,FR,30,7.81473,-0.08446,0.30002,134,134,134,0.27892,7.91814,-0.09638,1,1,0.450
53.6380,1095,BR,23,7.36446,-0.07030,0.29980,134,114,103,0.27870,7.43562,-0.06586,1,1,0.450
53.6580,1095,FL,15,7.68477,0.19493,0.30063,134,134,134,0.27953,7.81615,0.22146,1,1,0.450
53.6580,1095,BL,8,7.22978,0.19075,0.30292,134,81,70,0.28181,7.30225,0.19378,1,1,0.450
53.6580,1095,FR,30,7.81606,-0.08483,0.30003,134,134,134,0.27892,7.93052,-0.09763,1,1,0.450
53.6580,1095,BR,23,7.36577,-0.07088,0.29984,134,114,103,0.27873,7.44307,-0.06641,1,1,0.450
53.6680,1096,FL,14,7.68503,0.19428,0.30079,134,134,134,0.27969,7.81749,0.21941,1,1,0.450
53.6680,1096,BL,7,7.22900,0.19089,0.30333,134,81,70,0.28221,7.30325,0.19176,1,1,0.450
53.6680,1096,FR,29,7.81761,-0.08629,0.30005,134,134,134,0.27895,7.92737,-0.09918,1,1,0.450
53.6680,1096,BR,22,7.36713,-0.07304,0.29982,134,114,103,0.27872,7.44036,-0.06942,1,1,0.450
53.6780,1096,FL,14,7.68597,0.19413,0.30064,134,134,134,0.27953,7.81973,0.21884,1,1,0.450
53.6780,1096,BL,7,7.22916,0.19059,0.30283,134,81,70,0.28172,7.30404,0.19084,1,1,0.450
53.6780,1096,FR,29,7.81933,-0.08678,0.30004,134,134,134,0.27894,7.93749,-0.10017,1,1,0.450
53.6780,1096,BR,22,7.36866,-0.07328,0.29978,134,114,103,0.27868,7.44709,-0.07007,1,1,0.450
53.6880,1096,FL,14,7.68557,0.19394,0.30077,134,134,134,0.27967,7.81954,0.21810,1,1,0.450
53.6880,1096,BL,7,7.22868,0.19066,0.30303,134,81,70,0.28192,7.30386,0.19009,1,1,0.450
53.6880,1096,FR,29,7.81943,-0.08733,0.30006,134,134,134,0.27896,7.93747,-0.10048,1,1,0.450
53.6880,1096,BR,22,7.36864,-0.07411,0.29975,134,114,103,0.27865,7.44750,-0.07117,1,1,0.450
53.6960,1097,FL,13,7.68531,0.19375,0.30075,134,134,134,0.27965,7.81941,0.21748,1,1,0.450
53.6980,1097,BL,6,7.22827,0.19066,0.30300,134,81,70,0.28189,7.30369,0.18938,1,1,0.450
53.6980,1097,FR,28,7.81938,-0.08783,0.30006,134,134,134,0.27896,7.93262,-0.10152,1,1,0.450
53.6980,1097,BR,21,7.36859,-0.07475,0.29975,134,114,103,0.27865,7.44263,-0.07265,1,1,0.450
53.7060,1097,FL,13,7.68663,0.19366,0.30060,134,134,134,0.27950,7.82171,0.21719,1,1,0.450
53.7060,1097,BL,6,7.22915,0.19032,0.30261,134,81,70,0.28150,7.30478,0.18886,1,1,0.450
53.7060,1097,FR,28,7.82129,-0.08815,0.30004,134,134,134,0.27894,7.94174,-0.10238,1,1,0.450
53.7060,1097,BR,21,7.37030,-0.07476,0.29972,134,114,103,0.27862,7.44892,-0.07294,1,1,0.450
53.7160,1097,FL,13,7.68669,0.19325,0.30084,134,134,134,0.27973,7.82188,0.21639,1,1,0.450
53.7160,1097,BL,6,7.22924,0.19010,0.30312,134,81,70,0.28201,7.30497,0.18798,1,1,0.450
53.7160,1097,FR,28,7.82174,-0.08880,0.30007,134,134,134,0.27897,7.94209,-0.10286,1,1,0.450
53.7160,1097,BR,21,7.37066,-0.07567,0.29971,134,114,103,0.27861,7.44968,-0.07404,1,1,0.450
53.7300,1098,FL,12,7.68679,0.19287,0.30094,134,134,134,0.27984,7.82206,0.21570,1,1,0.450
53.7300,1098,BL,5,7.22925,0.18980,0.30349,134,81,70,0.28238,7.30509,0.18707,1,1,0.450
53.7300,1098,FR,27,7.82202,-0.08940,0.30007,134,134,134,0.27897,7.93740,-0.10406,1,1,0.450
53.7300,1098,BR,20,7.37092,-0.07642,0.29974,134,114,103,0.27864,7.44497,-0.07562,1,1,0.450
53.7400,1098,FL,12,7.68670,0.19278,0.30103,134,134,134,0.27993,7.82244,0.21548,1,1,0.450
53.7400,1098,BL,5,7.22908,0.18942,0.30384,134,81,70,0.28273,7.30479,0.18632,1,1,0.450
53.7400,1098,FR,27,7.82225,-0.08972,0.30004,134,134,134,0.27894,7.94426,-0.10493,1,1,0.450
53.7400,1098,BR,20,7.37095,-0.07641,0.29975,134,114,103,0.27865,7.44928,-0.07596,1,1,0.450
53.7520,1099,FL,11,7.68648,0.19234,0.30125,134,134,134,0.28015,7.82208,0.21475,1,1,0.450
53.7520,1099,BL,4,7.22910,0.18907,0.30435,134,81,70,0.28324,7.30459,0.18537,1,1,0.450
53.7520,1099,FR,26,7.82227,-0.09032,0.30007,134,134,134,0.27897,7.93910,-0.10611,1,1,0.450
53.7520,1099,BR,19,7.37092,-0.07731,0.29975,134,114,103,0.27865,7.44440,-0.07773,1,1,0.450
53.7600,1099,FL,11,7.68588,0.19251,0.30136,134,134,134,0.28026,7.82148,0.21494,1,1,0.450
53.7600,1099,BL,4,7.22857,0.18885,0.30473,134,81,70,0.28362,7.30395,0.18488,1,1,0.450
53.7600,1099,FR,26,7.82163,-0.09035,0.30002,134,134,134,0.27892,7.94477,-0.10677,1,1,0.450
53.7600,1099,BR,19,7.37010,-0.07691,0.29977,134,114,103,0.27867,7.44759,-0.07779,1,1,0.450
53.7700,1099,FL,11,7.68555,0.19217,0.30154,134,134,134,0.28043,7.82094,0.21432,1,1,0.450
53.7700,1099,BL,4,7.22855,0.18859,0.30511,133,81,70,0.28399,7.30352,0.18414,1,1,0.450
53.7700,1099,FR,26,7.82146,-0.09085,0.30005,134,134,134,0.27895,7.94455,-0.10714,1,1,0.450
53.7700,1099,BR,19,7.36991,-0.07768,0.29976,134,114,103,0.27866,7.44760,-0.07868,1,1,0.450
53.7800,1099,FL,11,7.68565,0.19167,0.30174,134,134,134,0.28063,7.82088,0.21356,1,1,0.450
53.7800,1099,BL,4,7.22889,0.18811,0.30561,133,81,70,0.28449,7.30337,0.18310,1,1,0.450
53.7800,1099,FR,26,7.82168,-0.09153,0.30006,134,134,134,0.27895,7.94478,-0.10772,1,1,0.450
53.7800,1099,BR,19,7.37011,-0.07858,0.29980,134,114,103,0.27870,7.44775,-0.07969,1,1,0.450
53.7900,1100,FL,10,7.68493,0.19138,0.30193,134,134,134,0.28082,7.81967,0.21298,1,1,0.450
53.7900,1100,BL,3,7.22847,0.18799,0.30609,132,80,69,0.28497,7.30264,0.18228,1,1,0.450
53.7900,1100,FR,25,7.82073,-0.09199,0.30006,134,134,134,0.27896,7.93864,-0.10889,1,1,0.450
53.7900,1100,BR,18,7.36921,-0.07918,0.29985,134,114,103,0.27875,7.44152,-0.08119,1,1,0.450
53.8000,1100,FL,10,7.68494,0.19157,0.30208,134,134,134,0.28097,7.81961,0.21312,1,1,0.450
53.8000,1100,BL,3,7.22880,0.18761,0.30633,132,80,69,0.28521,7.30228,0.18191,1,1,0.450
53.8020,1100,FR,25,7.82076,-0.09213,0.30000,134,134,134,0.27890,7.94478,-0.10977,1,1,0.450
53.8020,1100,BR,18,7.36904,-0.07886,0.29987,134,114,103,0.27877,7.44525,-0.08146,1,1,0.450
53.8100,1100,FL,10,7.68433,0.19127,0.30233,134,134,134,0.28122,7.81849,0.21233,1,1,0.450
53.8120,1100,BL,3,7.22879,0.18756,0.30667,132,80,69,0.28555,7.30143,0.18136,1,1,0.450
53.8120,1100,FR,25,7.82008,-0.09281,0.30004,134,134,134,0.27894,7.94403,-0.11033,1,1,0.450
53.8120,1100,BR,18,7.36836,-0.07973,0.29987,134,114,103,0.27877,7.44472,-0.08255,1,1,0.450
53.8240,1101,FL,9,7.68359,0.19112,0.30246,134,134,134,0.28135,7.81703,0.21180,1,1,0.450
53.8240,1101,BL,2,7.22844,0.18760,0.30697,132,80,69,0.28585,7.30062,0.18082,1,1,0.450
53.8240,1101,FR,24,7.81885,-0.09332,0.30004,134,134,134,0.27894,7.93751,-0.11162,1,1,0.450
53.8240,1101,BR,17,7.36723,-0.08021,0.29993,134,114,103,0.27883,7.44329,-0.08332,1,1,0.450
53.8340,1101,FL,9,7.68323,0.19149,0.30268,134,134,134,0.28157,7.81594,0.21179,1,1,0.450
53.8340,1101,BL,2,7.22896,0.18746,0.30704,132,80,69,0.28592,7.29989,0.18091,1,1,0.450
53.8340,1101,FR,24,7.81814,-0.09373,0.29998,134,134,134,0.27887,7.94278,-0.11283,1,1,0.450
53.8340,1101,BR,17,7.36632,-0.07990,0.29995,134,114,103,0.27885,7.44103,-0.08485,1,1,0.450
53.8440,1102,FL,8,7.68255,0.19137,0.30279,134,134,134,0.28168,7.81429,0.21116,1,1,0.450
53.8440,1102,BL,1,7.22874,0.18760,0.30723,132,80,69,0.28610,7.29914,0.18070,1,1,0.450
53.8460,1102,FR,23,7.81662,-0.09434,0.30002,134,134,134,0.27891,7.93575,-0.11433,1,1,0.450
53.8460,1102,BR,16,7.36502,-0.08049,0.29997,134,114,103,0.27887,7.43926,-0.08573,1,1,0.450
53.8680,1102,FL,8,7.68242,0.19190,0.30282,134,134,134,0.28171,7.81330,0.21139,1,1,0.450
53.8680,1102,BL,1,7.22916,0.18752,0.30712,132,80,69,0.28600,7.29890,0.18102,1,1,0.450
53.8680,1102,FR,23,7.81589,-0.09465,0.29998,134,134,134,0.27888,7.93544,-0.11987,1,1,0.450
53.8680,1102,BR,16,7.36422,-0.07976,0.30000,134,114,103,0.27889,7.43764,-0.08631,1,1,0.450
53.8760,1103,FL,7,7.68167,0.19172,0.30270,134,134,134,0.28159,7.81027,0.21009,1,1,0.450
53.8760,1103,BL,30,7.50061,0.18354,0.29988,134,134,134,0.27878,7.57846,0.18536,1,1,0.450
53.8760,1103,FR,22,7.81316,-0.09582,0.29990,134,134,134,0.27879,7.92857,-0.12068,1,1,0.450
53.8780,1103,BR,15,7.36185,-0.08052,0.30002,134,114,103,0.27892,7.43426,-0.08795,1,1,0.450
53.8880,1103,FL,7,7.68096,0.19233,0.30266,134,134,134,0.28155,7.80863,0.21049,1,1,0.450
53.8880,1103,BL,30,7.49881,0.18260,0.29988,134,134,134,0.27877,7.57504,0.17867,1,1,0.450
53.8880,1103,FR,22,7.81144,-0.09593,0.29987,134,134,134,0.27876,7.93003,-0.12423,1,1,0.450
53.8880,1103,BR,15,7.36028,-0.07947,0.30010,134,114,103,0.27900,7.43146,-0.08822,1,1,0.450
53.8980,1103,FL,7,7.68088,0.19210,0.30293,134,134,134,0.28182,7.80739,0.20982,1,1,0.450
53.8980,1103,BL,30,7.49761,0.18188,0.29990,134,134,134,0.27879,7.57434,0.17799,1,1,0.450
53.8980,1103,FR,22,7.81021,-0.09650,0.29985,134,134,134,0.27875,7.92887,-0.12450,1,1,0.450
53.8980,1103,BR,15,7.35938,-0.08004,0.30011,134,114,103,0.27900,7.42981,-0.08905,1,1,0.450
53.9080,1104,FL,6,7.68044,0.19206,0.30291,134,134,134,0.28179,7.80607,0.20949,1,1,0.450
53.9080,1104,BL,29,7.49636,0.18144,0.29989,134,134,134,0.27879,7.56895,0.17770,1,1,0.450
53.9080,1104,FR,21,7.80897,-0.09695,0.29986,134,134,134,0.27876,7.92338,-0.12489,1,1,0.450
53.9080,1104,BR,14,7.35837,-0.08035,0.30017,134,114,103,0.27907,7.42826,-0.08968,1,1,0.450
53.9160,1104,FL,6,7.67943,0.19260,0.30288,134,134,134,0.28177,7.80424,0.21008,1,1,0.450
53.9160,1104,BL,29,7.49460,0.18059,0.29989,134,134,134,0.27879,7.56856,0.17357,1,1,0.450
53.9160,1104,FR,21,7.80752,-0.09667,0.29981,134,134,134,0.27871,7.92627,-0.12693,1,1,0.450
53.9160,1104,BR,14,7.35690,-0.07928,0.30025,134,114,103,0.27914,7.42599,-0.08957,1,1,0.450
53.9280,1104,FL,6,7.67935,0.19247,0.30299,134,134,134,0.28188,7.80360,0.20980,1,1,0.450
53.9280,1104,BL,29,7.49408,0.18030,0.29990,134,134,134,0.27880,7.56851,0.17327,1,1,0.450
53.9280,1104,FR,21,7.80698,-0.09682,0.29983,134,134,134,0.27873,7.92578,-0.12683,1,1,0.450
53.9280,1104,BR,14,7.35652,-0.07967,0.30025,134,114,103,0.27914,7.42529,-0.08998,1,1,0.450
53.9360,1105,FL,5,7.67810,0.19224,0.30332,134,134,134,0.28221,7.80153,0.20941,1,1,0.450
53.9360,1105,BL,28,7.49242,0.18005,0.29990,134,134,134,0.27880,7.56286,0.17343,1,1,0.450
53.9360,1105,FR,20,7.80534,-0.09706,0.29986,134,134,134,0.27876,7.92016,-0.12666,1,1,0.450
53.9360,1105,BR,13,7.35492,-0.07999,0.30039,134,114,103,0.27929,7.42352,-0.09030,1,1,0.450
53.9480,1105,FL,5,7.67762,0.19255,0.30361,134,134,134,0.28250,7.80040,0.20988,1,1,0.450
53.9480,1105,BL,28,7.49144,0.17930,0.29990,134,134,134,0.27879,7.56463,0.17073,1,1,0.450
53.9480,1105,FR,20,7.80467,-0.09666,0.29982,134,134,134,0.27872,7.92424,-0.12801,1,1,0.450
53.9480,1105,BR,13,7.35414,-0.07895,0.30057,134,114,103,0.27946,7.42211,-0.09001,1,1,0.450
53.9580,1105,FL,5,7.67713,0.19193,0.30453,134,134,134,0.28341,7.79915,0.20912,1,1,0.450
53.9580,1105,BL,28,7.49081,0.17914,0.29990,134,134,134,0.27880,7.56448,0.17061,1,1,0.450
53.9580,1105,FR,20,7.80398,-0.09681,0.29992,134,134,134,0.27882,7.92369,-0.12774,1,1,0.450
53.9580,1105,BR,13,7.35345,-0.07965,0.30077,134,114,103,0.27966,7.42145,-0.09021,1,1,0.450
53.9700,1106,FL,4,7.67664,0.19143,0.30524,133,133,133,0.28412,7.79800,0.20847,1,1,0.450
53.9700,1106,BL,27,7.49004,0.17902,0.29991,134,134,134,0.27881,7.55979,0.17111,1,1,0.450
53.9700,1106,FR,19,7.80323,-0.09698,0.29997,134,134,134,0.27887,7.91905,-0.12722,1,1,0.450
53.9700,1106,BR,12,7.35268,-0.08004,0.30101,134,114,103,0.27991,7.42058,-0.09033,1,1,0.450
53.9800,1106,FL,4,7.67517,0.19096,0.30624,132,132,132,0.28512,7.79562,0.20798,1,1,0.450
53.9800,1106,BL,27,7.48859,0.17833,0.29991,134,134,134,0.27881,7.56173,0.16932,1,1,0.450
53.9800,1106,FR,19,7.80205,-0.09664,0.29999,134,134,134,0.27889,7.92292,-0.12803,1,1,0.450
53.9800,1106,BR,12,7.35107,-0.07954,0.30143,134,114,103,0.28032,7.41895,-0.08983,1,1,0.450
53.9920,1107,FL,3,7.67540,0.19028,0.30719,132,132,132,0.28607,7.79539,0.20712,1,1,0.450
53.9920,1107,BL,26,7.48858,0.17835,0.29991,134,134,134,0.27881,7.55828,0.17008,1,1,0.450
53.9920,1107,FR,18,7.80192,-0.09677,0.30010,134,134,134,0.27900,7.91892,-0.12708,1,1,0.450
53.9920,1107,BR,11,7.35103,-0.08018,0.30161,134,114,103,0.28050,7.41877,-0.08991,1,1,0.450
54.0000,1107,FL,3,7.67380,0.18968,0.30772,132,132,132,0.28660,7.79283,0.20626,1,1,0.450
54.0000,1107,BL,26,7.48691,0.17770,0.29992,134,134,134,0.27882,7.56028,0.16885,1,1,0.450
54.0000,1107,FR,18,7.80049,-0.09652,0.30010,134,134,134,0.27900,7.92252,-0.12775,1,1,0.450
54.0000,1107,BR,11,7.34912,-0.07974,0.30202,134,114,103,0.28091,7.41696,-0.08939,1,1,0.450
54.0120,1107,FL,3,7.67402,0.18917,0.30842,131,131,131,0.28729,7.79300,0.20568,1,1,0.450
54.0120,1107,BL,26,7.48726,0.17782,0.29991,134,134,134,0.27881,7.56117,0.16918,1,1,0.450
54.0120,1107,FR,18,7.80066,-0.09662,0.30020,134,134,134,0.27910,7.92280,-0.12740,1,1,0.450
54.0120,1107,BR,11,7.34933,-0.08023,0.30218,134,114,103,0.28107,7.41718,-0.08940,1,1,0.450
54.0220,1108,FL,2,7.67379,0.18858,0.30901,131,131,131,0.28788,7.79274,0.20513,1,1,0.450
54.0220,1108,BL,25,7.48719,0.17800,0.29992,134,134,134,0.27882,7.55710,0.17016,1,1,0.450
54.0220,1108,FR,17,7.80057,-0.09656,0.30025,134,134,134,0.27915,7.92281,-0.12708,1,1,0.450
54.0220,1108,BR,10,7.34909,-0.08043,0.30236,134,114,103,0.28125,7.41715,-0.08910,1,1,0.450
54.0320,1108,FL,2,7.67468,0.18849,0.30898,131,131,131,0.28785,7.79386,0.20534,1,1,0.450
54.0320,1108,BL,25,7.48786,0.17766,0.29992,134,134,134,0.27882,7.56156,0.16942,1,1,0.450
54.0320,1108,FR,17,7.80148,-0.09597,0.30023,134,134,134,0.27912,7.92451,-0.12686,1,1,0.450
54.0320,1108,BR,10,7.34983,-0.07938,0.30259,134,114,103,0.28148,7.41761,-0.08828,1,1,0.450
54.0420,1108,FL,2,7.67453,0.18798,0.30920,131,131,131,0.28807,7.79451,0.20532,1,1,0.450
54.0420,1108,BL,25,7.48828,0.17819,0.29990,134,134,134,0.27880,7.56241,0.17007,1,1,0.450
54.0420,1108,FR,17,7.80178,-0.09572,0.30031,134,134,134,0.27921,7.92473,-0.12625,1,1,0.450
54.0440,1108,BR,10,7.35005,-0.07944,0.30264,134,114,103,0.28153,7.41825,-0.08769,1,1,0.450
54.0520,1109,FL,1,7.67461,0.18763,0.30924,131,131,131,0.28811,7.79570,0.20550,1,1,0.450
54.0520,1109,BL,24,7.48896,0.17875,0.29990,134,134,134,0.27880,7.55898,0.17135,1,1,0.450
54.0520,1109,FR,16,7.80238,-0.09537,0.30033,134,134,134,0.27923,7.92939,-0.12639,1,1,0.450
54.0520,1109,BR,9,7.35054,-0.07913,0.30272,134,114,103,0.28161,7.41899,-0.08691,1,1,0.450
54.0620,1109,FL,1,7.67384,0.18725,0.30912,131,131,131,0.28799,7.79518,0.20493,1,1,0.450
54.0620,1109,BL,24,7.48892,0.17857,0.29989,134,134,134,0.27879,7.56279,0.17095,1,1,0.450
54.0620,1109,FR,16,7.80235,-0.09490,0.30033,134,134,134,0.27923,7.93046,-0.12589,1,1,0.450
54.0620,1109,BR,9,7.34987,-0.07849,0.30279,134,114,103,0.28168,7.41888,-0.08585,1,1,0.450
54.0720,1109,FL,1,7.67452,0.18700,0.30934,131,131,131,0.28821,7.79715,0.20578,1,1,0.450
54.0720,1109,BL,24,7.49087,0.17968,0.29987,134,134,134,0.27877,7.56519,0.17221,1,1,0.450
54.0720,1109,FR,16,7.80399,-0.09427,0.30044,134,134,134,0.27934,7.93200,-0.12495,1,1,0.450
54.0720,1109,BR,9,7.35148,-0.07788,0.30291,134,114,103,0.28180,7.42095,-0.08459,1,1,0.450
54.0820,1110,FL,30,7.94257,0.18244,0.30002,134,134,134,0.27891,8.04639,0.19155,1,1,0.450
54.0820,1110,BL,23,7.49230,0.18075,0.29986,134,134,134,0.27876,7.56245,0.17391,1,1,0.450
54.0820,1110,FR,15,7.80521,-0.09357,0.30054,134,134,134,0.27943,7.93327,-0.12410,1,1,0.450
54.0820,1110,BR,8,7.35238,-0.07717,0.30295,134,114,103,0.28184,7.42257,-0.08305,1,1,0.450
54.1080,1110,FL,30,7.94322,0.18267,0.30003,134,134,134,0.27892,8.05804,0.19245,1,1,0.450
54.1080,1110,BL,23,7.49289,0.18091,0.29983,134,134,134,0.27873,7.56929,0.17424,1,1,0.450
54.1080,1110,FR,15,7.80559,-0.09316,0.30051,134,134,134,0.27940,7.93443,-0.12349,1,1,0.450
54.1080,1110,BR,8,7.35206,-0.07662,0.30220,134,114,103,0.28109,7.42312,-0.08167,1,1,0.450
54.1180,1111,FL,29,7.94738,0.18476,0.30004,134,134,134,0.27894,8.05750,0.19458,1,1,0.450
54.1180,1111,BL,22,7.49691,0.18421,0.29986,134,134,134,0.27875,7.56921,0.17836,1,1,0.450
54.1180,1111,FR,14,7.80816,-0.09164,0.30072,134,134,134,0.27961,7.93813,-0.12087,1,1,0.450
54.1180,1111,BR,7,7.35339,-0.07538,0.30360,134,114,103,0.28248,7.42678,-0.07825,1,1,0.450
54.1300,1111,FL,29,7.94943,0.18517,0.30003,134,134,134,0.27893,8.06793,0.19522,1,1,0.450
54.1300,1111,BL,22,7.49875,0.18442,0.29983,134,134,134,0.27873,7.57635,0.17888,1,1,0.450
54.1300,1111,FR,14,7.80927,-0.09161,0.30063,134,134,134,0.27952,7.94087,-0.12025,1,1,0.450
54.1300,1111,BR,7,7.35329,-0.07530,0.30308,134,114,103,0.28197,7.42796,-0.07730,1,1,0.450
54.1400,1111,FL,29,7.94910,0.18568,0.30006,134,134,134,0.27896,8.06747,0.19548,1,1,0.450
54.1400,1111,BL,22,7.49831,0.18523,0.29981,134,134,134,0.27871,7.57642,0.17999,1,1,0.450
54.1400,1111,FR,14,7.80833,-0.09153,0.30083,134,134,134,0.27972,7.94030,-0.11950,1,1,0.450
54.1400,1111,BR,7,7.35215,-0.07551,0.30347,134,114,103,0.28236,7.42740,-0.07651,1,1,0.450
54.1480,1112,FL,28,7.95072,0.18630,0.30006,134,134,134,0.27895,8.06431,0.19674,1,1,0.450
54.1500,1112,BL,21,7.49987,0.18615,0.29977,134,134,134,0.27867,7.57327,0.18190,1,1,0.450
54.1500,1112,FR,13,7.80928,-0.09131,0.30060,134,134,134,0.27950,7.94185,-0.11873,1,1,0.450
54.1500,1112,BR,6,7.35265,-0.07535,0.30276,134,114,103,0.28165,7.42837,-0.07578,1,1,0.450
54.1620,1112,FL,28,7.95202,0.18640,0.30004,134,134,134,0.27893,8.07281,0.19715,1,1,0.450
54.1620,1112,BL,21,7.50098,0.18595,0.29976,134,134,134,0.27865,7.57899,0.18182,1,1,0.450
54.1620,1112,FR,13,7.81011,-0.09130,0.30058,134,134,134,0.27947,7.94354,-0.11870,1,1,0.450
54.1620,1112,BR,6,7.35307,-0.07502,0.30270,134,114,103,0.28159,7.42907,-0.07525,1,1,0.450
54.1740,1113,FL,27,7.95204,0.18712,0.30007,134,134,134,0.27896,8.06778,0.19850,1,1,0.450
54.1740,1113,BL,20,7.50094,0.18702,0.29977,134,134,134,0.27867,7.57433,0.18384,1,1,0.450
54.1740,1113,FR,12,7.80978,-0.09082,0.30088,134,134,134,0.27978,7.94324,-0.11777,1,1,0.450
54.1740,1113,BR,5,7.35279,-0.07480,0.30350,134,114,103,0.28239,7.42898,-0.07415,1,1,0.450
54.1900,1113,FL,27,7.95311,0.18744,0.30003,134,134,134,0.27893,8.07548,0.19917,1,1,0.450
54.1900,1113,BL,20,7.50180,0.18701,0.29978,134,134,134,0.27868,7.57944,0.18409,1,1,0.450
54.1900,1113,FR,12,7.81048,-0.09065,0.30093,134,134,134,0.27983,7.94456,-0.11759,1,1,0.450
54.1900,1113,BR,5,7.35318,-0.07425,0.30384,134,114,103,0.28273,7.42958,-0.07333,1,1,0.450
54.2000,1113,FL,27,7.95334,0.18841,0.30006,134,134,134,0.27896,8.07563,0.19993,1,1,0.450
54.2020,1113,BL,20,7.50201,0.18844,0.29981,134,134,134,0.27871,7.57990,0.18557,1,1,0.450
54.2020,1113,FR,12,7.81047,-0.08979,0.30131,134,134,134,0.28021,7.94429,-0.11641,1,1,0.450
54.2020,1113,BR,5,7.35343,-0.07351,0.30488,133,114,103,0.28376,7.42972,-0.07164,1,1,0.450
54.2120,1114,FL,26,7.95275,0.18889,0.30006,134,134,134,0.27896,8.06997,0.20119,1,1,0.450
54.2120,1114,BL,19,7.50145,0.18910,0.29987,134,134,134,0.27876,7.57414,0.18722,1,1,0.450
54.2120,1114,FR,11,7.81002,-0.08935,0.30149,134,134,134,0.28039,7.94348,-0.11583,1,1,0.450
54.2120,1114,BR,4,7.35306,-0.07310,0.30552,133,114,103,0.28440,7.42944,-0.07048,1,1,0.450
54.2240,1114,FL,26,7.95325,0.18916,0.30001,134,134,134,0.27891,8.07679,0.20184,1,1,0.450
54.2240,1114,BL,19,7.50175,0.18920,0.29989,134,134,134,0.27879,7.57849,0.18749,1,1,0.450
54.2240,1114,FR,11,7.81024,-0.08914,0.30166,134,134,134,0.28055,7.94394,-0.11569,1,1,0.450
54.2240,1114,BR,4,7.35331,-0.07228,0.30605,132,113,102,0.28493,7.42937,-0.06940,1,1,0.450
54.2340,1115,FL,25,7.95295,0.18993,0.30005,134,134,134,0.27894,8.07126,0.20332,1,1,0.450
54.2360,1115,BL,18,7.50142,0.19039,0.29990,134,134,134,0.27879,7.57324,0.18969,1,1,0.450
54.2360,1115,FR,10,7.80971,-0.08857,0.30192,134,134,134,0.28081,7.94311,-0.11470,1,1,0.450
54.2360,1115,BR,3,7.35319,-0.07188,0.30660,132,113,102,0.28548,7.42875,-0.06815,1,1,0.450
54.2460,1115,FL,25,7.95265,0.18998,0.29998,134,134,134,0.27888,8.07707,0.20387,1,1,0.450
54.2460,1115,BL,18,7.50092,0.19004,0.29993,134,134,134,0.27882,7.57664,0.18982,1,1,0.450
54.2460,1115,FR,10,7.80942,-0.08876,0.30206,134,134,134,0.28095,7.94274,-0.11491,1,1,0.450
54.2460,1115,BR,3,7.35305,-0.07154,0.30688,132,113,102,0.28576,7.42831,-0.06762,1,1,0.450
54.2560,1115,FL,25,7.95105,0.19057,0.30003,134,134,134,0.27892,8.07540,0.20433,1,1,0.450
54.2560,1115,BL,18,7.49936,0.19089,0.29995,134,134,134,0.27884,7.57516,0.19085,1,1,0.450
54.2560,1115,FR,10,7.80799,-0.08855,0.30240,134,134,134,0.28129,7.94064,-0.11413,1,1,0.450
54.2560,1115,BR,3,7.35223,-0.07163,0.30750,132,113,102,0.28637,7.42678,-0.06690,1,1,0.450
54.2680,1116,FL,24,7.95148,0.19133,0.30003,134,134,134,0.27893,8.07062,0.20602,1,1,0.450
54.2680,1116,BL,17,7.49977,0.19172,0.29995,134,134,134,0.27885,7.57552,0.19203,1,1,0.450
54.2680,1116,FR,9,7.80822,-0.08824,0.30241,134,134,134,0.28130,7.94083,-0.11336,1,1,0.450
54.2680,1116,BR,2,7.35288,-0.07137,0.30738,132,113,102,0.28625,7.42639,-0.06639,1,1,0.450
54.2820,1116,FL,24,7.95013,0.19157,0.29996,134,134,134,0.27886,8.07524,0.20682,1,1,0.450
54.2820,1116,BL,17,7.49822,0.19131,0.29998,134,134,134,0.27888,7.57269,0.19344,1,1,0.450
54.2820,1116,FR,9,7.80731,-0.08870,0.30260,134,134,134,0.28149,7.93912,-0.11346,1,1,0.450
54.2820,1116,BR,2,7.35265,-0.07149,0.30749,132,113,102,0.28636,7.42548,-0.06639,1,1,0.450
54.2920,1117,FL,23,7.94876,0.19269,0.30001,134,134,134,0.27890,8.06840,0.20904,1,1,0.450
54.2920,1117,BL,16,7.49706,0.19228,0.29999,134,134,134,0.27889,7.57104,0.19495,1,1,0.450
54.2920,1117,FR,8,7.80677,-0.08850,0.30275,134,134,134,0.28164,7.93756,-0.11233,1,1,0.450
54.2920,1117,BR,1,7.35291,-0.07168,0.30742,132,113,102,0.28630,7.42457,-0.06636,1,1,0.450
54.3160,1117,FL,23,7.94813,0.19313,0.29997,134,134,134,0.27887,8.06833,0.21472,1,1,0.450
54.3160,1117,BL,16,7.49636,0.19152,0.30000,134,134,134,0.27890,7.56953,0.19569,1,1,0.450
54.3160,1117,FR,8,7.80683,-0.08910,0.30273,134,134,134,0.28161,7.93682,-0.11255,1,1,0.450
54.3160,1117,BR,1,7.35341,-0.07175,0.30712,132,113,102,0.28600,7.42449,-0.06702,1,1,0.450
54.3280,1118,FL,22,7.94539,0.19480,0.29989,134,134,134,0.27879,8.06138,0.21636,1,1,0.450
54.3300,1118,BL,15,7.49407,0.19222,0.29998,134,134,134,0.27888,7.56602,0.19772,1,1,0.450
54.3300,1118,FR,7,7.80667,-0.08898,0.30249,134,134,134,0.28138,7.93415,-0.11092,1,1,0.450
54.3300,1118,BR,30,7.62504,-0.07560,0.29988,134,134,134,0.27878,7.70282,-0.07966,1,1,0.450
54.3380,1118,FL,22,7.94383,0.19535,0.29987,134,134,134,0.27877,8.06307,0.22034,1,1,0.450
54.3380,1118,BL,15,7.49268,0.19138,0.30010,134,134,134,0.27900,7.56339,0.19831,1,1,0.450
54.3380,1118,FR,7,7.80629,-0.08930,0.30271,134,134,134,0.28159,7.93280,-0.11092,1,1,0.450
54.3380,1118,BR,30,7.62355,-0.07438,0.29987,134,134,134,0.27877,7.69987,-0.07256,1,1,0.450
54.3520,1119,FL,21,7.94261,0.19578,0.29985,134,134,134,0.27875,8.05778,0.22038,1,1,0.450
54.3520,1119,BL,14,7.49168,0.19188,0.30011,134,134,134,0.27901,7.56187,0.19894,1,1,0.450
54.3540,1119,FR,6,7.80583,-0.08902,0.30291,134,134,134,0.28180,7.93152,-0.11025,1,1,0.450
54.3540,1119,BR,29,7.62239,-0.07383,0.29990,134,134,134,0.27879,7.69504,-0.07212,1,1,0.450
54.3620,1119,FL,21,7.94070,0.19587,0.29981,134,134,134,0.27871,8.06021,0.22273,1,1,0.450
54.3620,1119,BL,14,7.48983,0.19105,0.30020,134,134,134,0.27909,7.55904,0.19925,1,1,0.450
54.3620,1119,FR,6,7.80477,-0.08952,0.30281,134,134,134,0.28170,7.92920,-0.11052,1,1,0.450
54.3620,1119,BR,29,7.62022,-0.07268,0.29989,134,134,134,0.27878,7.69433,-0.06773,1,1,0.450
54.3740,1119,FL,21,7.93997,0.19613,0.29982,134,134,134,0.27872,8.05951,0.22277,1,1,0.450
54.3740,1119,BL,14,7.48931,0.19151,0.30018,134,134,134,0.27908,7.55810,0.19984,1,1,0.450
54.3740,1119,FR,6,7.80459,-0.08939,0.30277,134,134,134,0.28165,7.92842,-0.11019,1,1,0.450
54.3740,1119,BR,29,7.61950,-0.07226,0.29990,134,134,134,0.27880,7.69408,-0.06731,1,1,0.450
54.3840,1120,FL,20,7.93878,0.19646,0.29984,134,134,134,0.27874,8.05431,0.22285,1,1,0.450
54.3840,1120,BL,13,7.48819,0.19184,0.30031,134,134,134,0.27921,7.55675,0.20033,1,1,0.450
54.3840,1120,FR,5,7.80381,-0.08924,0.30308,134,134,134,0.28196,7.92688,-0.10986,1,1,0.450
54.3840,1120,BR,28,7.61827,-0.07188,0.29990,134,134,134,0.27880,7.68885,-0.06723,1,1,0.450
54.3960,1120,FL,20,7.93753,0.19612,0.29981,134,134,134,0.27871,8.05787,0.22410,1,1,0.450
54.3960,1120,BL,13,7.48679,0.19091,0.30050,134,134,134,0.27939,7.55479,0.20009,1,1,0.450
54.3960,1120,FR,5,7.80275,-0.08945,0.30339,134,134,134,0.28227,7.92503,-0.11014,1,1,0.450
54.3960,1120,BR,28,7.61674,-0.07108,0.29989,134,134,134,0.27879,7.69012,-0.06455,1,1,0.450
54.4060,1120,FL,20,7.93640,0.19632,0.29990,134,134,134,0.27880,8.05689,0.22388,1,1,0.450
54.4060,1120,BL,13,7.48565,0.19160,0.30069,134,134,134,0.27959,7.55370,0.20033,1,1,0.450
54.4060,1120,FR,5,7.80178,-0.08884,0.30422,134,134,134,0.28311,7.92339,-0.10936,1,1,0.450
54.4060,1120,BR,28,7.61572,-0.07090,0.29990,134,134,134,0.27880,7.68958,-0.06443,1,1,0.450
54.4140,1121,FL,19,7.93577,0.19651,0.29995,134,134,134,0.27885,8.05238,0.22352,1,1,0.450
54.4140,1121,BL,12,7.48498,0.19198,0.30094,134,134,134,0.27983,7.55296,0.20048,1,1,0.450
54.4160,1121,FR,4,7.80129,-0.08837,0.30496,133,133,133,0.28385,7.92237,-0.10873,1,1,0.450
54.4160,1121,BR,27,7.61510,-0.07077,0.29991,134,134,134,0.27881,7.68503,-0.06479,1,1,0.450
54.4260,1121,FL,19,7.93570,0.19616,0.29995,134,134,134,0.27885,8.05724,0.22430,1,1,0.450
54.4260,1121,BL,12,7.48468,0.19130,0.30127,134,134,134,0.28016,7.55229,0.20010,1,1,0.450
54.4260,1121,FR,4,7.80130,-0.08819,0.30567,133,133,133,0.28455,7.92159,-0.10856,1,1,0.450
54.4260,1121,BR,27,7.61473,-0.07002,0.29991,134,134,134,0.27881,7.68807,-0.06302,1,1,0.450
54.4360,1121,FL,19,7.93438,0.19638,0.30008,134,134,134,0.27898,8.05617,0.22391,1,1,0.450
54.4360,1121,BL,12,7.48316,0.19223,0.30152,134,134,134,0.28041,7.55120,0.20014,1,1,0.450
54.4360,1121,FR,4,7.79985,-0.08719,0.30677,132,132,132,0.28564,7.91944,-0.10723,1,1,0.450
54.4360,1121,BR,27,7.61357,-0.06999,0.29991,134,134,134,0.27881,7.68741,-0.06315,1,1,0.450
54.4440,1122,FL,18,7.93334,0.19663,0.30015,134,134,134,0.27905,8.05136,0.22331,1,1,0.450
54.4440,1122,BL,11,7.48193,0.19287,0.30187,134,134,134,0.28076,7.55012,0.20022,1,1,0.450
54.4440,1122,FR,3,7.79877,-0.08639,0.30781,132,132,132,0.28668,7.91772,-0.10602,1,1,0.450
54.4460,1122,BR,26,7.61259,-0.06991,0.29992,134,134,134,0.27882,7.68252,-0.06375,1,1,0.450
54.4580,1122,FL,18,7.93430,0.19619,0.30012,134,134,134,0.27902,8.05714,0.22386,1,1,0.450
54.4580,1122,BL,11,7.48281,0.19199,0.30216,134,134,134,0.28105,7.55045,0.19978,1,1,0.450
54.4580,1122,FR,3,7.79991,-0.08638,0.30819,132,132,132,0.28706,7.91862,-0.10615,1,1,0.450
54.4580,1122,BR,26,7.61324,-0.06930,0.29992,134,134,134,0.27882,7.68689,-0.06265,1,1,0.450
54.4700,1122,FL,18,7.93273,0.19637,0.30025,134,134,134,0.27914,8.05589,0.22333,1,1,0.450
54.4700,1122,BL,11,7.48085,0.19293,0.30228,134,134,134,0.28117,7.54929,0.19960,1,1,0.450
54.4700,1122,FR,3,7.79795,-0.08523,0.30887,131,131,131,0.28774,7.91608,-0.10468,1,1,0.450
54.4700,1122,BR,26,7.61189,-0.06944,0.29992,134,134,134,0.27882,7.68600,-0.06298,1,1,0.450
54.4800,1123,FL,17,7.93338,0.19622,0.30027,134,134,134,0.27917,8.05653,0.22298,1,1,0.450
54.4800,1123,BL,10,7.48160,0.19285,0.30247,134,134,134,0.28136,7.54976,0.19930,1,1,0.450
54.4800,1123,FR,2,7.79876,-0.08494,0.30937,131,131,131,0.28824,7.91727,-0.10454,1,1,0.450
54.4800,1123,BR,25,7.61257,-0.06973,0.29992,134,134,134,0.27882,7.68272,-0.06401,1,1,0.450
54.4900,1123,FL,17,7.93446,0.19551,0.30025,134,134,134,0.27915,8.05842,0.22264,1,1,0.450
54.4900,1123,BL,10,7.48238,0.19172,0.30267,134,134,134,0.28156,7.55057,0.19825,1,1,0.450
54.4900,1123,FR,2,7.79942,-0.08472,0.30925,131,131,131,0.28812,7.91862,-0.10498,1,1,0.450
54.4900,1123,BR,25,7.61344,-0.06952,0.29992,134,134,134,0.27882,7.68735,-0.06348,1,1,0.450
54.5000,1123,FL,17,7.93413,0.19538,0.30033,134,134,134,0.27922,8.05812,0.22201,1,1,0.450
54.5000,1123,BL,10,7.48185,0.19198,0.30266,134,134,134,0.28154,7.55062,0.19770,1,1,0.450
54.5000,1123,FR,2,7.79859,-0.08411,0.30933,131,131,131,0.28820,7.91829,-0.10458,1,1,0.450
54.5000,1123,BR,25,7.61329,-0.07002,0.29990,134,134,134,0.27880,7.68763,-0.06412,1,1,0.450
54.5100,1124,FL,16,7.93562,0.19480,0.30034,134,134,134,0.27924,8.06357,0.22194,1,1,0.450
54.5120,1124,BL,9,7.48340,0.19123,0.30273,134,134,134,0.28162,7.55214,0.19667,1,1,0.450
54.5120,1124,FR,1,7.79965,-0.08412,0.30920,131,131,131,0.28807,7.92100,-0.10536,1,1,0.450
54.5120,1124,BR,24,7.61487,-0.07083,0.29990,134,134,134,0.27879,7.68511,-0.06554,1,1,0.450
54.5220,1124,FL,16,7.93571,0.19428,0.30038,134,134,134,0.27928,8.06481,0.22132,1,1,0.450
54.5220,1124,BL,9,7.48264,0.19062,0.30284,134,134,134,0.28173,7.55234,0.19537,1,1,0.450
54.5220,1124,FR,1,7.79857,-0.08346,0.30934,131,131,131,0.28821,7.91982,-0.10476,1,1,0.450
54.5220,1124,BR,24,7.61501,-0.07075,0.29989,134,134,134,0.27879,7.68904,-0.06531,1,1,0.450
54.5320,1125,FL,15,7.93585,0.19396,0.30051,134,134,134,0.27940,8.06524,0.22031,1,1,0.450
54.5320,1125,BL,8,7.48239,0.19063,0.30262,134,134,134,0.28151,7.55302,0.19424,1,1,0.450
54.5320,1125,FR,30,8.06576,-0.08619,0.30002,134,134,134,0.27892,8.16930,-0.09827,1,1,0.450
54.5320,1125,BR,23,7.61566,-0.07180,0.29984,134,134,134,0.27873,7.68612,-0.06714,1,1,0.450
54.5520,1125,FL,15,7.93710,0.19331,0.30044,134,134,134,0.27934,8.06710,0.21972,1,1,0.450
54.5520,1125,BL,8,7.48315,0.18953,0.30195,134,134,134,0.28085,7.55427,0.19260,1,1,0.450
54.5520,1125,FR,30,8.06725,-0.08655,0.30003,134,134,134,0.27892,8.18174,-0.09951,1,1,0.450
54.5520,1125,BR,23,7.61711,-0.07218,0.29980,134,134,134,0.27870,7.69377,-0.06778,1,1,0.450
54.5620,1126,FL,14,7.94023,0.19165,0.30064,134,134,134,0.27953,8.07064,0.21754,1,1,0.450
54.5640,1126,BL,7,7.48566,0.18774,0.30340,134,134,134,0.28229,7.55826,0.18932,1,1,0.450
54.5640,1126,FR,29,8.07151,-0.08842,0.30003,134,134,134,0.27893,8.18129,-0.10132,1,1,0.450
54.5640,1126,BR,22,7.62122,-0.07519,0.29984,134,134,134,0.27874,7.69366,-0.07141,1,1,0.450
54.5740,1126,FL,14,7.94138,0.19148,0.30057,134,134,134,0.27946,8.07357,0.21668,1,1,0.450
54.5740,1126,BL,7,7.48534,0.18768,0.30287,134,134,134,0.28176,7.55963,0.18818,1,1,0.450
54.5740,1126,FR,29,8.07363,-0.08895,0.30003,134,134,134,0.27893,8.19181,-0.10233,1,1,0.450
54.5740,1126,BR,22,7.62315,-0.07556,0.29982,134,134,134,0.27872,7.70086,-0.07213,1,1,0.450
54.5860,1126,FL,14,7.94161,0.19136,0.30067,134,134,134,0.27956,8.07468,0.21564,1,1,0.450
54.5860,1126,BL,7,7.48504,0.18782,0.30292,134,134,134,0.28181,7.56013,0.18731,1,1,0.450
54.5860,1126,FR,29,8.07492,-0.08971,0.30005,134,134,134,0.27895,8.19299,-0.10281,1,1,0.450
54.5860,1126,BR,22,7.62428,-0.07673,0.29977,134,134,134,0.27867,7.70259,-0.07367,1,1,0.450
54.5940,1127,FL,13,7.94153,0.19106,0.30062,134,134,134,0.27951,8.07479,0.21498,1,1,0.450
54.5940,1127,BL,6,7.48475,0.18757,0.30273,134,134,134,0.28162,7.56022,0.18631,1,1,0.450
54.5940,1127,FR,28,8.07520,-0.09026,0.30006,134,134,134,0.27895,8.18844,-0.10385,1,1,0.450
54.5940,1127,BR,21,7.62451,-0.07756,0.29976,134,134,134,0.27866,7.69812,-0.07532,1,1,0.450
54.6040,1127,FL,13,7.94243,0.19102,0.30053,134,134,134,0.27943,8.07652,0.21486,1,1,0.450
54.6040,1127,BL,6,7.48521,0.18728,0.30259,134,134,134,0.28148,7.56101,0.18580,1,1,0.450
54.6040,1127,FR,28,8.07654,-0.09042,0.30003,134,134,134,0.27893,8.19698,-0.10451,1,1,0.450
54.6040,1127,BR,21,7.62568,-0.07743,0.29975,134,134,134,0.27865,7.70380,-0.07542,1,1,0.450
54.6160,1127,FL,13,7.94256,0.19063,0.30073,134,134,134,0.27962,8.07684,0.21405,1,1,0.450
54.6160,1127,BL,6,7.48532,0.18711,0.30300,134,134,134,0.28189,7.56128,0.18498,1,1,0.450
54.6160,1127,FR,28,8.07711,-0.09107,0.30006,134,134,134,0.27896,8.19747,-0.10500,1,1,0.450
54.6160,1127,BR,21,7.62616,-0.07835,0.29974,134,134,134,0.27863,7.70467,-0.07652,1,1,0.450
54.6240,1128,FL,12,7.94224,0.19024,0.30092,134,134,134,0.27981,8.07652,0.21335,1,1,0.450
54.6240,1128,BL,5,7.48494,0.18688,0.30366,134,134,134,0.28255,7.56108,0.18400,1,1,0.450
54.6260,1128,FR,27,8.07690,-0.09167,0.30006,134,134,134,0.27896,8.19229,-0.10619,1,1,0.450
54.6260,1128,BR,20,7.62595,-0.07910,0.29978,134,134,134,0.27868,7.69947,-0.07809,1,1,0.450
54.6340,1128,FL,12,7.94234,0.19033,0.30091,134,134,134,0.27980,8.07706,0.21351,1,1,0.450
54.6340,1128,BL,5,7.48483,0.18658,0.30378,134,134,134,0.28267,7.56107,0.18364,1,1,0.450
54.6340,1128,FR,27,8.07717,-0.09167,0.30003,134,134,134,0.27892,8.19917,-0.10677,1,1,0.450
54.6340,1128,BR,20,7.62604,-0.07867,0.29978,134,134,134,0.27868,7.70377,-0.07799,1,1,0.450
54.6460,1128,FL,12,7.94278,0.18969,0.30115,134,134,134,0.28004,8.07750,0.21260,1,1,0.450
54.6460,1128,BL,5,7.48542,0.18603,0.30438,134,134,134,0.28326,7.56153,0.18252,1,1,0.450
54.6460,1128,FR,27,8.07797,-0.09243,0.30006,134,134,134,0.27895,8.19990,-0.10738,1,1,0.450
54.6460,1128,BR,20,7.62678,-0.07978,0.29978,134,134,134,0.27868,7.70481,-0.07916,1,1,0.450
54.6540,1129,FL,11,7.94231,0.18917,0.30142,134,134,134,0.28031,8.07670,0.21191,1,1,0.450
54.6540,1129,BL,4,7.48507,0.18559,0.30523,133,133,133,0.28411,7.56118,0.18128,1,1,0.450
54.6540,1129,FR,26,8.07741,-0.09302,0.30006,134,134,134,0.27896,8.19424,-0.10858,1,1,0.450
54.6540,1129,BR,19,7.62624,-0.08058,0.29984,134,134,134,0.27874,7.69908,-0.08076,1,1,0.450
54.6680,1129,FL,11,7.94229,0.18923,0.30153,134,134,134,0.28042,8.07683,0.21214,1,1,0.450
54.6680,1129,BL,4,7.48498,0.18512,0.30564,133,133,133,0.28452,7.56112,0.18070,1,1,0.450
54.6680,1129,FR,26,8.07743,-0.09297,0.30001,134,134,134,0.27891,8.20056,-0.10917,1,1,0.450
54.6680,1129,BR,19,7.62609,-0.08016,0.29986,134,134,134,0.27876,7.70292,-0.08069,1,1,0.450
54.6860,1130,FL,10,7.94171,0.18847,0.30188,134,134,134,0.28077,8.07599,0.21100,1,1,0.450
54.6860,1130,BL,3,7.48479,0.18445,0.30650,132,132,132,0.28538,7.56037,0.17908,1,1,0.450
54.6860,1130,FR,25,8.07717,-0.09383,0.30004,134,134,134,0.27894,8.19505,-0.11060,1,1,0.450
54.6860,1130,BR,18,7.62578,-0.08156,0.29988,134,134,134,0.27878,7.69766,-0.08286,1,1,0.450
54.6960,1130,FL,10,7.94140,0.18819,0.30217,134,134,134,0.28106,8.07556,0.21050,1,1,0.450
54.6960,1130,BL,3,7.48485,0.18362,0.30710,132,132,132,0.28598,7.55959,0.17763,1,1,0.450
54.6960,1130,FR,25,8.07708,-0.09448,0.29999,134,134,134,0.27888,8.20109,-0.11181,1,1,0.450
54.6980,1130,BR,18,7.62548,-0.08208,0.29994,134,134,134,0.27884,7.70129,-0.08393,1,1,0.450
54.7100,1130,FL,10,7.94038,0.18806,0.30241,134,134,134,0.28130,8.07402,0.20984,1,1,0.450
54.7100,1130,BL,3,7.48441,0.18368,0.30745,132,132,132,0.28632,7.55836,0.17708,1,1,0.450
54.7100,1130,FR,25,8.07603,-0.09504,0.30003,134,134,134,0.27893,8.19999,-0.11223,1,1,0.450
54.7100,1130,BR,18,7.62442,-0.08285,0.29994,134,134,134,0.27884,7.70039,-0.08503,1,1,0.450
54.7340,1131,FL,9,7.93999,0.18767,0.30243,134,134,134,0.28132,8.07309,0.20873,1,1,0.450
54.7340,1131,BL,2,7.48470,0.18351,0.30739,132,132,132,0.28626,7.55741,0.17632,1,1,0.450
54.7340,1131,FR,24,8.07549,-0.09607,0.30003,134,134,134,0.27893,8.19419,-0.11404,1,1,0.450
54.7360,1131,BR,17,7.62391,-0.08396,0.29996,134,134,134,0.27886,7.69968,-0.08657,1,1,0.450
54.7560,1132,FL,8,7.93846,0.18837,0.30275,134,134,134,0.28164,8.06974,0.20847,1,1,0.450
54.7560,1132,BL,1,7.48445,0.18399,0.30749,132,132,132,0.28636,7.55584,0.17686,1,1,0.450
54.7560,1132,FR,23,8.07264,-0.09684,0.29997,134,134,134,0.27887,8.19188,-0.11649,1,1,0.450
54.7560,1132,BR,16,7.62105,-0.08378,0.30003,134,134,134,0.27893,7.69503,-0.08866,1,1,0.450
54.7840,1133,FL,7,7.93844,0.18895,0.30271,134,134,134,0.28160,8.06751,0.20785,1,1,0.450
54.7840,1133,BL,30,7.75761,0.18110,0.29986,134,134,134,0.27876,7.83475,0.18258,1,1,0.450
54.7840,1133,FR,22,8.07045,-0.09822,0.29998,134,134,134,0.27887,8.18549,-0.12344,1,1,0.450
54.7860,1133,BR,15,7.61917,-0.08354,0.30006,134,134,134,0.27895,7.69152,-0.09051,1,1,0.450
54.7940,1133,FL,7,7.93719,0.18871,0.30292,134,134,134,0.28181,8.06389,0.20663,1,1,0.450
54.7940,1133,BL,30,7.75415,0.17887,0.29988,134,134,134,0.27878,7.83037,0.17501,1,1,0.450
54.7940,1133,FR,22,8.06696,-0.09946,0.29986,134,134,134,0.27876,8.18557,-0.12755,1,1,0.450
54.7940,1133,BR,15,7.61600,-0.08337,0.30020,134,134,134,0.27910,7.68662,-0.09198,1,1,0.450
54.8080,1134,FL,6,7.93724,0.18870,0.30282,134,134,134,0.28171,8.06309,0.20625,1,1,0.450
54.8080,1134,BL,29,7.75325,0.17828,0.29990,134,134,134,0.27880,7.82586,0.17466,1,1,0.450
54.8080,1134,FR,21,8.06608,-0.09990,0.29985,134,134,134,0.27874,8.18054,-0.12759,1,1,0.450
54.8080,1134,BR,14,7.61548,-0.08383,0.30021,134,134,134,0.27911,7.68525,-0.09288,1,1,0.450
54.8200,1134,FL,6,7.93620,0.18924,0.30265,134,134,134,0.28154,8.06100,0.20676,1,1,0.450
54.8200,1134,BL,29,7.75124,0.17732,0.29989,134,134,134,0.27879,7.82522,0.17042,1,1,0.450
54.8200,1134,FR,21,8.06442,-0.09973,0.29979,134,134,134,0.27869,8.18318,-0.12975,1,1,0.450
54.8200,1134,BR,14,7.61386,-0.08289,0.30026,134,134,134,0.27916,7.68274,-0.09296,1,1,0.450
54.8320,1134,FL,6,7.93530,0.18885,0.30308,134,134,134,0.28197,8.05915,0.20614,1,1,0.450
54.8320,1134,BL,29,7.74971,0.17687,0.29990,134,134,134,0.27880,7.82415,0.16999,1,1,0.450
54.8320,1134,FR,21,8.06292,-0.09999,0.29983,134,134,134,0.27873,8.18176,-0.12966,1,1,0.450
54.8320,1134,BR,14,7.61252,-0.08357,0.30034,134,134,134,0.27923,7.68103,-0.09352,1,1,0.450
54.8420,1135,FL,5,7.93529,0.18877,0.30344,134,134,134,0.28233,8.05844,0.20592,1,1,0.450
54.8420,1135,BL,28,7.74912,0.17653,0.29991,134,134,134,0.27881,7.81958,0.17010,1,1,0.450
54.8420,1135,FR,20,8.06239,-0.10026,0.29985,134,134,134,0.27875,8.17720,-0.12958,1,1,0.450
54.8420,1135,BR,13,7.61214,-0.08384,0.30051,134,134,134,0.27941,7.68023,-0.09400,1,1,0.450
54.8520,1135,FL,5,7.93401,0.18880,0.30395,134,134,134,0.28283,8.05637,0.20611,1,1,0.450
54.8520,1135,BL,28,7.74744,0.17575,0.29990,134,134,134,0.27880,7.82065,0.16737,1,1,0.450
54.8520,1135,FR,20,8.06104,-0.09991,0.29984,134,134,134,0.27874,8.18064,-0.13090,1,1,0.450
54.8520,1135,BR,13,7.61057,-0.08297,0.30073,134,134,134,0.27962,7.67826,-0.09369,1,1,0.450
54.8620,1136,FL,4,7.93383,0.18815,0.30487,133,133,133,0.28376,8.05553,0.20523,1,1,0.450
54.8620,1136,BL,27,7.74712,0.17561,0.29991,134,134,134,0.27881,7.81685,0.16778,1,1,0.450
54.8620,1136,FR,19,8.06061,-0.10010,0.29993,134,134,134,0.27883,8.17639,-0.13014,1,1,0.450
54.8620,1136,BR,12,7.61017,-0.08369,0.30094,134,134,134,0.27983,7.67780,-0.09390,1,1,0.450
54.8720,1136,FL,4,7.93269,0.18789,0.30553,133,133,133,0.28441,8.05350,0.20489,1,1,0.450
54.8720,1136,BL,27,7.74578,0.17487,0.29991,134,134,134,0.27881,7.81890,0.16596,1,1,0.450
54.8720,1136,FR,19,8.05955,-0.09983,0.29993,134,134,134,0.27883,8.18031,-0.13111,1,1,0.450
54.8720,1136,BR,12,7.60878,-0.08305,0.30129,134,134,134,0.28018,7.67623,-0.09351,1,1,0.450
54.8820,1136,FL,4,7.93261,0.18720,0.30648,132,132,132,0.28536,8.05298,0.20406,1,1,0.450
54.8820,1136,BL,27,7.74567,0.17481,0.29991,134,134,134,0.27881,7.81931,0.16605,1,1,0.450
54.8820,1136,FR,19,8.05933,-0.09999,0.30004,134,134,134,0.27894,8.18022,-0.13080,1,1,0.450
54.8820,1136,BR,12,7.60857,-0.08376,0.30148,134,134,134,0.28038,7.67605,-0.09365,1,1,0.450
54.8900,1136,FL,4,7.93146,0.18639,0.30745,132,132,132,0.28632,8.05123,0.20292,1,1,0.450
54.8900,1136,BL,27,7.74469,0.17474,0.29992,134,134,134,0.27882,7.81836,0.16615,1,1,0.450
54.8920,1136,FR,19,8.05831,-0.10021,0.30011,134,134,134,0.27901,8.17939,-0.13068,1,1,0.450
54.8920,1136,BR,12,7.60731,-0.08435,0.30177,134,134,134,0.28067,7.67508,-0.09366,1,1,0.450
54.9020,1137,FL,3,7.93131,0.18597,0.30800,132,132,132,0.28688,8.05075,0.20228,1,1,0.450
54.9020,1137,BL,26,7.74440,0.17471,0.29993,134,134,134,0.27883,7.81415,0.16685,1,1,0.450
54.9020,1137,FR,18,8.05799,-0.10034,0.30014,134,134,134,0.27904,8.17518,-0.13000,1,1,0.450
54.9020,1137,BR,11,7.60699,-0.08468,0.30197,134,134,134,0.28086,7.67466,-0.09372,1,1,0.450
54.9120,1137,FL,3,7.93072,0.18541,0.30870,131,131,131,0.28758,8.04967,0.20174,1,1,0.450
54.9120,1137,BL,26,7.74396,0.17411,0.29993,134,134,134,0.27883,7.81740,0.16565,1,1,0.450
54.9120,1137,FR,18,8.05779,-0.10001,0.30015,134,134,134,0.27905,8.18000,-0.13059,1,1,0.450
54.9120,1137,BR,11,7.60633,-0.08418,0.30236,134,134,134,0.28125,7.67412,-0.09314,1,1,0.450
54.9220,1138,FL,2,7.92978,0.18479,0.30915,131,131,131,0.28801,8.04846,0.20091,1,1,0.450
54.9220,1138,BL,25,7.74331,0.17427,0.29992,134,134,134,0.27882,7.81327,0.16663,1,1,0.450
54.9220,1138,FR,17,8.05692,-0.10011,0.30025,134,134,134,0.27914,8.17934,-0.13018,1,1,0.450
54.9220,1138,BR,10,7.60533,-0.08473,0.30245,134,134,134,0.28134,7.67344,-0.09308,1,1,0.450
54.9300,1138,FL,2,7.93058,0.18467,0.30920,131,131,131,0.28807,8.04935,0.20096,1,1,0.450
54.9300,1138,BL,25,7.74392,0.17385,0.29992,134,134,134,0.27882,7.81769,0.16589,1,1,0.450
54.9320,1138,FR,17,8.05773,-0.09965,0.30022,134,134,134,0.27912,8.18100,-0.13005,1,1,0.450
54.9320,1138,BR,10,7.60594,-0.08378,0.30273,134,134,134,0.28162,7.67375,-0.09239,1,1,0.450
54.9420,1138,FL,2,7.93124,0.18438,0.30930,131,131,131,0.28817,8.05089,0.20121,1,1,0.450
54.9420,1138,BL,25,7.74489,0.17432,0.29991,134,134,134,0.27881,7.81909,0.16648,1,1,0.450
54.9420,1138,FR,17,8.05862,-0.09939,0.30029,134,134,134,0.27919,8.18171,-0.12955,1,1,0.450
54.9420,1138,BR,10,7.60691,-0.08370,0.30272,134,134,134,0.28161,7.67488,-0.09190,1,1,0.450
54.9540,1139,FL,1,7.93040,0.18375,0.30943,131,131,131,0.28830,8.05076,0.20085,1,1,0.450
54.9540,1139,BL,24,7.74491,0.17482,0.29990,134,134,134,0.27880,7.81500,0.16771,1,1,0.450
54.9540,1139,FR,16,8.05851,-0.09916,0.30033,134,134,134,0.27923,8.18582,-0.12964,1,1,0.450
54.9540,1139,BR,9,7.60645,-0.08371,0.30279,134,134,134,0.28168,7.67506,-0.09113,1,1,0.450
54.9660,1139,FL,1,7.93144,0.18365,0.30919,131,131,131,0.28806,8.05349,0.20153,1,1,0.450
54.9680,1139,BL,24,7.74665,0.17504,0.29990,134,134,134,0.27880,7.82058,0.16769,1,1,0.450
54.9680,1139,FR,16,8.06028,-0.09830,0.30033,134,134,134,0.27923,8.18837,-0.12901,1,1,0.450
54.9680,1139,BR,9,7.60797,-0.08224,0.30298,134,134,134,0.28187,7.67661,-0.08959,1,1,0.450
54.9840,1140,FL,30,8.19845,0.17862,0.30002,134,134,134,0.27891,8.30229,0.18799,1,1,0.450
54.9840,1140,BL,23,7.74817,0.17627,0.29988,134,134,134,0.27878,7.81834,0.16964,1,1,0.450
54.9840,1140,FR,15,8.06148,-0.09763,0.30049,134,134,134,0.27939,8.18949,-0.12798,1,1,0.450
54.9840,1140,BR,8,7.60890,-0.08165,0.30316,134,134,134,0.28205,7.67847,-0.08797,1,1,0.450
55.0100,1140,FL,30,8.20037,0.17932,0.30002,134,134,134,0.27892,8.31517,0.18915,1,1,0.450
55.0100,1140,BL,23,7.75007,0.17736,0.29986,134,134,134,0.27876,7.82641,0.17071,1,1,0.450
55.0100,1140,FR,15,8.06307,-0.09653,0.30057,134,134,134,0.27947,8.19155,-0.12695,1,1,0.450
55.0100,1140,BR,8,7.60990,-0.08004,0.30285,134,134,134,0.28174,7.68042,-0.08528,1,1,0.450
55.0180,1141,FL,29,8.20433,0.18137,0.30004,134,134,134,0.27894,8.31445,0.19128,1,1,0.450
55.0200,1141,BL,22,7.75380,0.18040,0.29985,134,134,134,0.27875,7.82626,0.17487,1,1,0.450
55.0200,1141,FR,14,8.06495,-0.09560,0.30065,134,134,134,0.27955,8.19550,-0.12413,1,1,0.450
55.0200,1141,BR,7,7.60975,-0.08004,0.30330,134,134,134,0.28219,7.68355,-0.08255,1,1,0.450
55.0300,1141,FL,29,8.20603,0.18163,0.30003,134,134,134,0.27893,8.32453,0.19182,1,1,0.450
55.0300,1141,BL,22,7.75528,0.18030,0.29982,134,134,134,0.27871,7.83310,0.17520,1,1,0.450
55.0300,1141,FR,14,8.06577,-0.09576,0.30054,134,134,134,0.27943,8.19788,-0.12381,1,1,0.450
55.0300,1141,BR,7,7.60962,-0.08003,0.30289,134,134,134,0.28178,7.68430,-0.08195,1,1,0.450
55.0440,1142,FL,28,8.20715,0.18231,0.30006,134,134,134,0.27896,8.32073,0.19300,1,1,0.450
55.0440,1142,BL,21,7.75625,0.18134,0.29977,134,134,134,0.27867,7.82985,0.17733,1,1,0.450
55.0440,1142,FR,13,8.06590,-0.09571,0.30063,134,134,134,0.27953,8.19887,-0.12283,1,1,0.450
55.0460,1142,BR,6,7.60922,-0.08033,0.30291,134,134,134,0.28180,7.68465,-0.08128,1,1,0.450
55.0560,1142,FL,28,8.20743,0.18244,0.30003,134,134,134,0.27893,8.32821,0.19342,1,1,0.450
55.0560,1142,BL,21,7.75633,0.18121,0.29973,134,134,134,0.27863,7.83452,0.17745,1,1,0.450
55.0560,1142,FR,13,8.06565,-0.09582,0.30042,134,134,134,0.27932,8.19944,-0.12276,1,1,0.450
55.0560,1142,BR,6,7.60854,-0.08013,0.30232,134,134,134,0.28121,7.68434,-0.08066,1,1,0.450
55.0720,1143,FL,27,8.20809,0.18307,0.30006,134,134,134,0.27896,8.32383,0.19468,1,1,0.450
55.0720,1143,BL,20,7.75691,0.18218,0.29972,134,134,134,0.27862,7.83048,0.17943,1,1,0.450
55.0720,1143,FR,12,8.06583,-0.09549,0.30063,134,134,134,0.27952,8.19978,-0.12195,1,1,0.450
55.0720,1143,BR,5,7.60876,-0.08002,0.30279,134,134,134,0.28168,7.68463,-0.07983,1,1,0.450
55.0840,1143,FL,27,8.20865,0.18344,0.30003,134,134,134,0.27893,8.33102,0.19540,1,1,0.450
55.0840,1143,BL,20,7.75728,0.18223,0.29975,134,134,134,0.27865,7.83508,0.17976,1,1,0.450
55.0840,1143,FR,12,8.06613,-0.09533,0.30074,134,134,134,0.27964,8.20054,-0.12172,1,1,0.450
55.0840,1143,BR,5,7.60884,-0.07957,0.30338,134,134,134,0.28227,7.68494,-0.07891,1,1,0.450
55.0980,1143,FL,27,8.20945,0.18423,0.30006,134,134,134,0.27896,8.33175,0.19603,1,1,0.450
55.0980,1143,BL,20,7.75803,0.18338,0.29976,134,134,134,0.27866,7.83614,0.18103,1,1,0.450
55.0980,1143,FR,12,8.06656,-0.09467,0.30103,134,134,134,0.27993,8.20097,-0.12076,1,1,0.450
55.0980,1143,BR,5,7.60942,-0.07896,0.30415,134,134,134,0.28303,7.68540,-0.07764,1,1,0.450
55.1100,1144,FL,26,8.20945,0.18496,0.30006,134,134,134,0.27896,8.32667,0.19747,1,1,0.450
55.1100,1144,BL,19,7.75805,0.18447,0.29982,134,134,134,0.27872,7.83101,0.18299,1,1,0.450
55.1100,1144,FR,11,8.06654,-0.09392,0.30128,134,134,134,0.28017,8.20063,-0.11991,1,1,0.450
55.1100,1144,BR,4,7.60951,-0.07815,0.30503,133,133,133,0.28392,7.68549,-0.07598,1,1,0.450
55.1200,1144,FL,26,8.20937,0.18498,0.30001,134,134,134,0.27891,8.33292,0.19792,1,1,0.450
55.1200,1144,BL,19,7.75778,0.18415,0.29985,134,134,134,0.27875,7.83478,0.18294,1,1,0.450
55.1200,1144,FR,11,8.06639,-0.09398,0.30142,134,134,134,0.28031,8.20058,-0.12008,1,1,0.450
55.1200,1144,BR,4,7.60939,-0.07764,0.30551,133,133,133,0.28439,7.68522,-0.07529,1,1,0.450
55.1300,1144,FL,26,8.20908,0.18567,0.30004,134,134,134,0.27894,8.33256,0.19840,1,1,0.450
55.1300,1144,BL,19,7.75746,0.18534,0.29986,134,134,134,0.27876,7.83468,0.18411,1,1,0.450
55.1300,1144,FR,11,8.06585,-0.09334,0.30172,134,134,134,0.28062,8.19974,-0.11918,1,1,0.450
55.1300,1144,BR,4,7.60924,-0.07706,0.30624,132,132,132,0.28512,7.68458,-0.07391,1,1,0.450
55.1380,1145,FL,25,8.20818,0.18613,0.30005,134,134,134,0.27894,8.32651,0.19969,1,1,0.450
55.1400,1145,BL,18,7.75660,0.18596,0.29991,134,134,134,0.27880,7.82851,0.18583,1,1,0.450
55.1400,1145,FR,10,8.06507,-0.09310,0.30187,134,134,134,0.28076,8.19857,-0.11862,1,1,0.450
55.1400,1145,BR,3,7.60873,-0.07695,0.30662,132,132,132,0.28550,7.68374,-0.07309,1,1,0.450
55.1500,1145,FL,25,8.20838,0.18613,0.29998,134,134,134,0.27888,8.33284,0.20023,1,1,0.450
55.1500,1145,BL,18,7.75657,0.18556,0.29991,134,134,134,0.27881,7.83245,0.18586,1,1,0.450
55.1500,1145,FR,10,8.06512,-0.09334,0.30196,134,134,134,0.28085,8.19870,-0.11890,1,1,0.450
55.1500,1145,BR,3,7.60899,-0.07655,0.30676,132,132,132,0.28564,7.68345,-0.07277,1,1,0.450
55.1580,1145,FL,25,8.20719,0.18680,0.30003,134,134,134,0.27893,8.33157,0.20076,1,1,0.450
55.1580,1145,BL,18,7.75541,0.18652,0.29993,134,134,134,0.27882,7.83141,0.18700,1,1,0.450
55.1580,1145,FR,10,8.06403,-0.09305,0.30227,134,134,134,0.28116,8.19698,-0.11805,1,1,0.450
55.1580,1145,BR,3,7.60857,-0.07655,0.30722,132,132,132,0.28609,7.68216,-0.07206,1,1,0.450
55.1700,1146,FL,24,8.20706,0.18743,0.30003,134,134,134,0.27893,8.32622,0.20231,1,1,0.450
55.1700,1146,BL,17,7.75530,0.18716,0.29995,134,134,134,0.27885,7.83117,0.18799,1,1,0.450
55.1700,1146,FR,9,8.06395,-0.09284,0.30230,134,134,134,0.28119,8.19664,-0.11743,1,1,0.450
55.1700,1146,BR,2,7.60888,-0.07643,0.30719,132,132,132,0.28607,7.68167,-0.07162,1,1,0.450
55.1780,1146,FL,24,8.20579,0.18750,0.29996,134,134,134,0.27886,8.33092,0.20298,1,1,0.450
55.1800,1146,BL,17,7.75383,0.18654,0.29997,134,134,134,0.27887,7.82841,0.18916,1,1,0.450
55.1800,1146,FR,9,8.06310,-0.09342,0.30251,134,134,134,0.28140,8.19505,-0.11775,1,1,0.450
55.1800,1146,BR,2,7.60869,-0.07658,0.30730,132,132,132,0.28617,7.68084,-0.07185,1,1,0.450
55.1880,1146,FL,24,8.20496,0.18814,0.30000,134,134,134,0.27890,8.32996,0.20370,1,1,0.450
55.1880,1146,BL,17,7.75315,0.18714,0.29996,134,134,134,0.27886,7.82739,0.19007,1,1,0.450
55.1880,1146,FR,9,8.06279,-0.09332,0.30259,134,134,134,0.28148,8.19413,-0.11710,1,1,0.450
55.1880,1146,BR,2,7.60884,-0.07671,0.30725,132,132,132,0.28612,7.68024,-0.07189,1,1,0.450
55.2000,1147,FL,23,8.20429,0.18903,0.30001,134,134,134,0.27891,8.32395,0.20571,1,1,0.450
55.2000,1147,BL,16,7.75258,0.18768,0.30000,134,134,134,0.27889,7.82652,0.19116,1,1,0.450
55.2000,1147,FR,8,8.06272,-0.09316,0.30261,134,134,134,0.28150,8.19337,-0.11631,1,1,0.450
55.2000,1147,BR,1,7.60934,-0.07677,0.30705,132,132,132,0.28593,7.67987,-0.07201,1,1,0.450
55.2180,1147,FL,23,8.20259,0.18932,0.29997,134,134,134,0.27887,8.32273,0.21125,1,1,0.450
55.2180,1147,BL,16,7.75092,0.18676,0.30004,134,134,134,0.27894,7.82381,0.19170,1,1,0.450
55.2180,1147,FR,8,8.06226,-0.09391,0.30265,134,134,134,0.28153,8.19151,-0.11665,1,1,0.450
55.2180,1147,BR,1,7.60932,-0.07701,0.30713,132,132,132,0.28600,7.68010,-0.07279,1,1,0.450
55.2280,1148,FL,22,8.20076,0.19064,0.29989,134,134,134,0.27879,8.31675,0.21248,1,1,0.450
55.2280,1148,BL,15,7.74944,0.18726,0.30000,134,134,134,0.27889,7.82134,0.19323,1,1,0.450
55.2280,1148,FR,7,8.06240,-0.09366,0.30238,134,134,134,0.28127,8.18990,-0.11530,1,1,0.450
55.2280,1148,BR,30,7.88083,-0.08018,0.29988,134,134,134,0.27878,7.95863,-0.08411,1,1,0.450
55.2380,1148,FL,22,8.19939,0.19102,0.29989,134,134,134,0.27879,8.31872,0.21616,1,1,0.450
55.2380,1148,BL,15,7.74802,0.18649,0.30011,134,134,134,0.27901,7.81915,0.19352,1,1,0.450
55.2380,1148,FR,7,8.06159,-0.09377,0.30286,134,134,134,0.28175,8.18842,-0.11527,1,1,0.450
55.2380,1148,BR,30,7.87949,-0.07911,0.29987,134,134,134,0.27877,7.95581,-0.07719,1,1,0.450
55.2480,1148,FL,22,8.19773,0.19139,0.29988,134,134,134,0.27878,8.31720,0.21614,1,1,0.450
55.2480,1148,BL,15,7.74653,0.18695,0.30015,134,134,134,0.27904,7.81725,0.19403,1,1,0.450
55.2480,1148,FR,7,8.06064,-0.09349,0.30319,134,134,134,0.28207,8.18662,-0.11460,1,1,0.450
55.2480,1148,BR,30,7.87791,-0.07865,0.29989,134,134,134,0.27879,7.95473,-0.07682,1,1,0.450
55.2580,1149,FL,21,8.19610,0.19187,0.29989,134,134,134,0.27879,8.31135,0.21665,1,1,0.450
55.2580,1149,BL,14,7.74508,0.18728,0.30022,134,134,134,0.27912,7.81532,0.19463,1,1,0.450
55.2580,1149,FR,6,8.05970,-0.09342,0.30318,134,134,134,0.28207,8.18485,-0.11417,1,1,0.450
55.2580,1149,BR,29,7.87631,-0.07823,0.29989,134,134,134,0.27879,7.94899,-0.07644,1,1,0.450
55.2680,1149,FL,21,8.19535,0.19177,0.29983,134,134,134,0.27873,8.31496,0.21880,1,1,0.450
55.2680,1149,BL,14,7.74441,0.18634,0.30028,134,134,134,0.27918,7.81364,0.19480,1,1,0.450
55.2680,1149,FR,6,8.05966,-0.09394,0.30299,134,134,134,0.28188,8.18389,-0.11469,1,1,0.450
55.2680,1149,BR,29,7.87527,-0.07717,0.29989,134,134,134,0.27878,7.94943,-0.07214,1,1,0.450
55.2780,1149,FL,21,8.19461,0.19200,0.29985,134,134,134,0.27875,8.31426,0.21878,1,1,0.450
55.2800,1149,BL,14,7.74383,0.18680,0.30028,134,134,134,0.27918,7.81278,0.19530,1,1,0.450
55.2800,1149,FR,6,8.05942,-0.09376,0.30312,134,134,134,0.28200,8.18296,-0.11432,1,1,0.450
55.2800,1149,BR,29,7.87454,-0.07679,0.29990,134,134,134,0.27879,7.94915,-0.07176,1,1,0.450
55.2880,1150,FL,20,8.19318,0.19225,0.29988,134,134,134,0.27878,8.30884,0.21873,1,1,0.450
55.2880,1150,BL,13,7.74241,0.18710,0.30043,134,134,134,0.27932,7.81122,0.19563,1,1,0.450
55.2880,1150,FR,5,8.05830,-0.09355,0.30347,134,134,134,0.28235,8.18115,-0.11393,1,1,0.450
55.2880,1150,BR,28,7.87310,-0.07654,0.29990,134,134,134,0.27880,7.94371,-0.07181,1,1,0.450
55.2980,1150,FL,20,8.19274,0.19189,0.29985,134,134,134,0.27875,8.31320,0.22002,1,1,0.450
55.2980,1150,BL,13,7.74187,0.18612,0.30064,134,134,134,0.27953,7.81003,0.19545,1,1,0.450
55.2980,1150,FR,5,8.05811,-0.09387,0.30388,134,134,134,0.28277,8.18019,-0.11441,1,1,0.450
55.2980,1150,BR,28,7.87235,-0.07570,0.29989,134,134,134,0.27879,7.94577,-0.06910,1,1,0.450
55.3100,1150,FL,20,8.19179,0.19206,0.29994,134,134,134,0.27884,8.31238,0.21974,1,1,0.450
55.3100,1150,BL,13,7.74091,0.18682,0.30079,134,134,134,0.27969,7.80915,0.19560,1,1,0.450
55.3100,1150,FR,5,8.05734,-0.09320,0.30465,134,134,134,0.28353,8.17877,-0.11355,1,1,0.450
55.3100,1150,BR,28,7.87150,-0.07558,0.29990,134,134,134,0.27880,7.94539,-0.06902,1,1,0.450
55.3200,1151,FL,19,8.19091,0.19229,0.29999,134,134,134,0.27889,8.30759,0.21935,1,1,0.450
55.3200,1151,BL,12,7.74002,0.18731,0.30107,134,134,134,0.27996,7.80810,0.19577,1,1,0.450
55.3200,1151,FR,4,8.05681,-0.09259,0.30547,133,133,133,0.28435,8.17745,-0.11274,1,1,0.450
55.3200,1151,BR,27,7.87059,-0.07541,0.29991,134,134,134,0.27881,7.94055,-0.06938,1,1,0.450
55.3340,1151,FL,19,8.19035,0.19197,0.30001,134,134,134,0.27891,8.31205,0.22011,1,1,0.450
55.3340,1151,BL,12,7.73911,0.18671,0.30146,134,134,134,0.28035,7.80703,0.19533,1,1,0.450
55.3340,1151,FR,4,8.05607,-0.09223,0.30636,132,132,132,0.28523,8.17600,-0.11241,1,1,0.450
55.3340,1151,BR,27,7.86979,-0.07469,0.29991,134,134,134,0.27881,7.94317,-0.06765,1,1,0.450
55.3460,1152,FL,18,8.18898,0.19222,0.30014,134,134,134,0.27904,8.30694,0.21921,1,1,0.450
55.3460,1152,BL,11,7.73761,0.18768,0.30173,134,134,134,0.28062,7.80579,0.19537,1,1,0.450
55.3460,1152,FR,3,8.05482,-0.09114,0.30752,132,132,132,0.28639,8.17391,-0.11089,1,1,0.450
55.3480,1152,BR,26,7.86860,-0.07469,0.29992,134,134,134,0.27881,7.93851,-0.06830,1,1,0.450
55.3580,1152,FL,18,8.18921,0.19190,0.30014,134,134,134,0.27904,8.31213,0.21973,1,1,0.450
55.3580,1152,BL,11,7.73757,0.18710,0.30219,134,134,134,0.28108,7.80544,0.19490,1,1,0.450
55.3580,1152,FR,3,8.05506,-0.09073,0.30828,132,132,132,0.28716,8.17361,-0.11042,1,1,0.450
55.3580,1152,BR,26,7.86858,-0.07406,0.29992,134,134,134,0.27882,7.94222,-0.06725,1,1,0.450
55.3680,1152,FL,18,8.18891,0.19192,0.30025,134,134,134,0.27914,8.31194,0.21924,1,1,0.450
55.3680,1152,BL,11,7.73720,0.18761,0.30227,134,134,134,0.28116,7.80533,0.19472,1,1,0.450
55.3680,1152,FR,3,8.05475,-0.09001,0.30886,131,131,131,0.28773,8.17320,-0.10968,1,1,0.450
55.3680,1152,BR,26,7.86843,-0.07428,0.29991,134,134,134,0.27881,7.94256,-0.06768,1,1,0.450
55.3800,1153,FL,17,8.18829,0.19195,0.30027,134,134,134,0.27917,8.31145,0.21900,1,1,0.450
55.3800,1153,BL,10,7.73643,0.18785,0.30240,134,134,134,0.28129,7.80476,0.19450,1,1,0.450
55.3800,1153,FR,2,8.05402,-0.08948,0.30915,131,131,131,0.28802,8.17237,-0.10904,1,1,0.450
55.3800,1153,BR,25,7.86788,-0.07442,0.29992,134,134,134,0.27881,7.93800,-0.06852,1,1,0.450
55.3880,1153,FL,17,8.18856,0.19147,0.30027,134,134,134,0.27917,8.31275,0.21861,1,1,0.450
55.3880,1153,BL,10,7.73622,0.18715,0.30268,134,134,134,0.28157,7.80474,0.19360,1,1,0.450
55.3880,1153,FR,2,8.05380,-0.08892,0.30942,131,131,131,0.28829,8.17231,-0.10866,1,1,0.450
55.3880,1153,BR,25,7.86806,-0.07413,0.29992,134,134,134,0.27881,7.94201,-0.06798,1,1,0.450
55.4000,1153,FL,17,8.18959,0.19111,0.30033,134,134,134,0.27922,8.31352,0.21806,1,1,0.450
55.4000,1153,BL,10,7.73747,0.18681,0.30269,134,134,134,0.28158,7.80592,0.19299,1,1,0.450
55.4000,1153,FR,2,8.05471,-0.08882,0.30939,131,131,131,0.28826,8.17448,-0.10932,1,1,0.450
55.4000,1153,BR,25,7.86919,-0.07473,0.29990,134,134,134,0.27880,7.94358,-0.06875,1,1,0.450
55.4120,1154,FL,16,8.19047,0.19056,0.30036,134,134,134,0.27925,8.31846,0.21790,1,1,0.450
55.4120,1154,BL,9,7.73816,0.18634,0.30272,134,134,134,0.28161,7.80703,0.19186,1,1,0.450
55.4120,1154,FR,1,8.05490,-0.08854,0.30928,131,131,131,0.28815,8.17601,-0.10957,1,1,0.450
55.4120,1154,BR,24,7.87016,-0.07555,0.29989,134,134,134,0.27879,7.94039,-0.07011,1,1,0.450
55.4240,1154,FL,16,8.18977,0.19029,0.30040,134,134,134,0.27930,8.31921,0.21718,1,1,0.450
55.4240,1154,BL,9,7.73635,0.18622,0.30273,134,134,134,0.28162,7.80653,0.19067,1,1,0.450
55.4240,1154,FR,1,8.05285,-0.08757,0.30968,131,131,131,0.28855,8.17320,-0.10815,1,1,0.450
55.4240,1154,BR,24,7.86965,-0.07541,0.29988,134,134,134,0.27877,7.94375,-0.06994,1,1,0.450
55.4340,1155,FL,15,8.19182,0.18938,0.30053,134,134,134,0.27943,8.32099,0.21609,1,1,0.450
55.4340,1155,BL,8,7.73862,0.18501,0.30283,134,134,134,0.28172,7.80889,0.18891,1,1,0.450
55.4360,1155,FR,30,8.32223,-0.09049,0.30002,134,134,134,0.27892,8.42576,-0.10235,1,1,0.450
55.4360,1155,BR,23,7.87210,-0.07695,0.29984,134,134,134,0.27874,7.94262,-0.07221,1,1,0.450
55.4560,1155,FL,15,8.19345,0.18838,0.30056,134,134,134,0.27946,8.32282,0.21552,1,1,0.450
55.4560,1155,BL,8,7.73993,0.18338,0.30267,134,134,134,0.28156,7.81061,0.18681,1,1,0.450
55.4560,1155,FR,30,8.32381,-0.09088,0.30002,134,134,134,0.27892,8.43832,-0.10358,1,1,0.450
55.4560,1155,BR,23,7.87369,-0.07749,0.29984,134,134,134,0.27874,7.95021,-0.07281,1,1,0.450
55.4660,1156,FL,14,8.19604,0.18712,0.30065,134,134,134,0.27955,8.32704,0.21282,1,1,0.450
55.4660,1156,BL,7,7.74083,0.18266,0.30319,134,134,134,0.28208,7.81430,0.18388,1,1,0.450
55.4660,1156,FR,29,8.32823,-0.09295,0.30004,134,134,134,0.27893,8.43807,-0.10561,1,1,0.450
55.4660,1156,BR,22,7.87789,-0.08063,0.29984,134,134,134,0.27873,7.95043,-0.07676,1,1,0.450
55.4760,1156,FL,14,8.19534,0.18709,0.30071,134,134,134,0.27960,8.32709,0.21271,1,1,0.450
55.4760,1156,BL,7,7.73959,0.18248,0.30334,134,134,134,0.28223,7.81372,0.18298,1,1,0.450
55.4760,1156,FR,29,8.32779,-0.09301,0.30003,134,134,134,0.27893,8.44596,-0.10618,1,1,0.450
55.4760,1156,BR,22,7.87731,-0.08033,0.29984,134,134,134,0.27874,7.95500,-0.07683,1,1,0.450
55.4840,1156,FL,14,8.19686,0.18683,0.30068,134,134,134,0.27957,8.32969,0.21139,1,1,0.450
55.4840,1156,BL,7,7.74040,0.18254,0.30296,134,134,134,0.28185,7.81539,0.18215,1,1,0.450
55.4860,1156,FR,29,8.33051,-0.09398,0.30005,134,134,134,0.27895,8.44861,-0.10687,1,1,0.450
55.4860,1156,BR,22,7.87986,-0.08176,0.29978,134,134,134,0.27868,7.95805,-0.07857,1,1,0.450
55.4960,1157,FL,13,8.19722,0.18657,0.30068,134,134,134,0.27958,8.33034,0.21085,1,1,0.450
55.4960,1157,BL,6,7.74054,0.18229,0.30292,134,134,134,0.28181,7.81592,0.18131,1,1,0.450
55.4960,1157,FR,28,8.33122,-0.09447,0.30005,134,134,134,0.27895,8.44449,-0.10789,1,1,0.450
55.4960,1157,BR,21,7.88052,-0.08242,0.29978,134,134,134,0.27867,7.95410,-0.08010,1,1,0.450
55.5060,1157,FL,13,8.19709,0.18652,0.30066,134,134,134,0.27956,8.33087,0.21066,1,1,0.450
55.5060,1157,BL,6,7.74001,0.18213,0.30295,134,134,134,0.28184,7.81577,0.18066,1,1,0.450
55.5060,1157,FR,28,8.33140,-0.09465,0.30003,134,134,134,0.27893,8.45185,-0.10855,1,1,0.450
55.5060,1157,BR,21,7.88054,-0.08231,0.29977,134,134,134,0.27867,7.95860,-0.08018,1,1,0.450
55.5140,1157,FL,13,8.19662,0.18629,0.30084,134,134,134,0.27973,8.33050,0.20998,1,1,0.450
55.5140,1157,BL,6,7.73957,0.18212,0.30336,134,134,134,0.28224,7.81544,0.17999,1,1,0.450
55.5140,1157,FR,28,8.33129,-0.09518,0.30006,134,134,134,0.27896,8.45167,-0.10894,1,1,0.450
55.5140,1157,BR,21,7.88036,-0.08306,0.29976,134,134,134,0.27866,7.95873,-0.08116,1,1,0.450
55.5240,1158,FL,12,8.19790,0.18576,0.30089,134,134,134,0.27979,8.33216,0.20916,1,1,0.450
55.5260,1158,BL,5,7.74060,0.18160,0.30359,134,134,134,0.28248,7.81668,0.17904,1,1,0.450
55.5260,1158,FR,27,8.33299,-0.09593,0.30006,134,134,134,0.27896,8.44842,-0.11028,1,1,0.450
55.5260,1158,BR,20,7.88202,-0.08401,0.29977,134,134,134,0.27867,7.95549,-0.08293,1,1,0.450
55.5340,1158,FL,12,8.19806,0.18569,0.30096,134,134,134,0.27986,8.33275,0.20914,1,1,0.450
55.5340,1158,BL,5,7.74057,0.18121,0.30388,134,134,134,0.28277,7.81683,0.17841,1,1,0.450
55.5340,1158,FR,27,8.33334,-0.09607,0.30003,134,134,134,0.27892,8.45536,-0.11096,1,1,0.450
55.5340,1158,BR,20,7.88218,-0.08376,0.29979,134,134,134,0.27869,7.95994,-0.08297,1,1,0.450
55.5460,1158,FL,12,8.19748,0.18529,0.30124,134,134,134,0.28013,8.33196,0.20847,1,1,0.450
55.5460,1158,BL,5,7.74020,0.18094,0.30458,134,134,134,0.28347,7.81637,0.17750,1,1,0.450
55.5460,1158,FR,27,8.33289,-0.09659,0.30006,134,134,134,0.27895,8.45484,-0.11136,1,1,0.450
55.5460,1158,BR,20,7.88170,-0.08456,0.29980,134,134,134,0.27869,7.95969,-0.08387,1,1,0.450
55.5540,1159,FL,11,8.19748,0.18459,0.30148,134,134,134,0.28037,8.33177,0.20766,1,1,0.450
55.5540,1159,BL,4,7.74023,0.18023,0.30547,133,133,133,0.28435,7.81641,0.17605,1,1,0.450
55.5540,1159,FR,26,8.33296,-0.09731,0.30006,134,134,134,0.27896,8.44982,-0.11267,1,1,0.450
55.5540,1159,BR,19,7.88178,-0.08556,0.29986,134,134,134,0.27876,7.95457,-0.08562,1,1,0.450
55.5640,1159,FL,11,8.19742,0.18470,0.30156,134,134,134,0.28045,8.33191,0.20787,1,1,0.450
55.5640,1159,BL,4,7.74013,0.17988,0.30569,133,133,133,0.28457,7.81628,0.17558,1,1,0.450
55.5660,1159,FR,26,8.33298,-0.09727,0.30001,134,134,134,0.27891,8.45614,-0.11326,1,1,0.450
55.5660,1159,BR,19,7.88162,-0.08513,0.29987,134,134,134,0.27877,7.95845,-0.08557,1,1,0.450
55.5740,1159,FL,11,8.19740,0.18403,0.30181,134,134,134,0.28071,8.33185,0.20691,1,1,0.450
55.5740,1159,BL,4,7.74039,0.17925,0.30627,132,132,132,0.28515,7.81606,0.17433,1,1,0.450
55.5740,1159,FR,26,8.33337,-0.09805,0.30004,134,134,134,0.27894,8.45648,-0.11385,1,1,0.450
55.5740,1159,BR,19,7.88194,-0.08635,0.29987,134,134,134,0.27876,7.95909,-0.08681,1,1,0.450
55.5840,1160,FL,10,8.19670,0.18371,0.30203,134,134,134,0.28092,8.33074,0.20631,1,1,0.450
55.5840,1160,BL,3,7.73992,0.17901,0.30684,132,132,132,0.28571,7.81533,0.17334,1,1,0.450
55.5840,1160,FR,25,8.33255,-0.09854,0.30005,134,134,134,0.27894,8.45047,-0.11503,1,1,0.450
55.5840,1160,BR,18,7.88114,-0.08702,0.29992,134,134,134,0.27882,7.95299,-0.08840,1,1,0.450
55.5940,1160,FL,10,8.19671,0.18374,0.30215,134,134,134,0.28104,8.33085,0.20635,1,1,0.450
55.5940,1160,BL,3,7.74008,0.17848,0.30708,132,132,132,0.28595,7.81503,0.17267,1,1,0.450
55.5940,1160,FR,25,8.33274,-0.09872,0.29998,134,134,134,0.27888,8.45678,-0.11586,1,1,0.450
55.5940,1160,BR,18,7.88112,-0.08688,0.29994,134,134,134,0.27884,7.95692,-0.08874,1,1,0.450
55.6040,1160,FL,10,8.19567,0.18354,0.30243,134,134,134,0.28132,8.32934,0.20564,1,1,0.450
55.6040,1160,BL,3,7.73962,0.17849,0.30753,132,132,132,0.28640,7.81379,0.17206,1,1,0.450
55.6060,1160,FR,25,8.33171,-0.09928,0.30003,134,134,134,0.27892,8.45569,-0.11628,1,1,0.450
55.6060,1160,BR,18,7.88008,-0.08769,0.29995,134,134,134,0.27884,7.95607,-0.08976,1,1,0.450
55.6160,1161,FL,9,8.19546,0.18327,0.30251,134,134,134,0.28140,8.32884,0.20483,1,1,0.450
55.6160,1161,BL,2,7.73991,0.17832,0.30754,132,132,132,0.28642,7.81305,0.17152,1,1,0.450
55.6160,1161,FR,24,8.33151,-0.10006,0.30003,134,134,134,0.27893,8.45024,-0.11785,1,1,0.450
55.6160,1161,BR,17,7.87988,-0.08854,0.29997,134,134,134,0.27887,7.95576,-0.09095,1,1,0.450
55.6260,1161,FL,9,8.19433,0.18393,0.30271,134,134,134,0.28160,8.32691,0.20528,1,1,0.450
55.6260,1161,BL,2,7.73929,0.17860,0.30774,132,132,132,0.28662,7.81208,0.17169,1,1,0.450
55.6260,1161,FR,24,8.32987,-0.09999,0.29996,134,134,134,0.27886,8.45455,-0.11850,1,1,0.450
55.6260,1161,BR,17,7.87807,-0.08780,0.30000,134,134,134,0.27890,7.95257,-0.09197,1,1,0.450
55.6360,1161,FL,9,8.19446,0.18359,0.30279,134,134,134,0.28168,8.32656,0.20420,1,1,0.450
55.6360,1161,BL,2,7.74015,0.17849,0.30752,132,132,132,0.28640,7.81152,0.17160,1,1,0.450
55.6360,1161,FR,24,8.32968,-0.10105,0.30001,134,134,134,0.27890,8.45427,-0.11966,1,1,0.450
55.6360,1161,BR,17,7.87800,-0.08882,0.29998,134,134,134,0.27888,7.95224,-0.09338,1,1,0.450
55.6460,1162,FL,8,8.19384,0.18362,0.30287,134,134,134,0.28175,8.32502,0.20371,1,1,0.450
55.6460,1162,BL,1,7.73997,0.17871,0.30761,132,132,132,0.28648,7.81093,0.17164,1,1,0.450
55.6460,1162,FR,23,8.32826,-0.10164,0.30001,134,134,134,0.27891,8.44745,-0.12118,1,1,0.450
55.6460,1162,BR,16,7.87673,-0.08914,0.30004,134,134,134,0.27894,7.95057,-0.09422,1,1,0.450
55.6680,1162,FL,8,8.19395,0.18417,0.30286,134,134,134,0.28175,8.32420,0.20389,1,1,0.450
55.6680,1162,BL,1,7.74055,0.17875,0.30737,132,132,132,0.28625,7.81113,0.17232,1,1,0.450
55.6680,1162,FR,23,8.32755,-0.10206,0.29998,134,134,134,0.27887,8.44714,-0.12686,1,1,0.450
55.6680,1162,BR,16,7.87600,-0.08838,0.30005,134,134,134,0.27895,7.94894,-0.09485,1,1,0.450
55.6780,1163,FL,7,8.19347,0.18415,0.30255,134,134,134,0.28144,8.32134,0.20264,1,1,0.450
55.6780,1163,BL,30,8.01144,0.17541,0.29989,134,134,134,0.27878,8.08930,0.17743,1,1,0.450
55.6780,1163,FR,22,8.32458,-0.10332,0.29988,134,134,134,0.27878,8.43996,-0.12792,1,1,0.450
55.6780,1163,BR,15,7.87350,-0.08883,0.30006,134,134,134,0.27896,7.94521,-0.09645,1,1,0.450
55.6880,1163,FL,7,8.19287,0.18442,0.30279,134,134,134,0.28168,8.32027,0.20283,1,1,0.450
55.6880,1163,BL,30,8.01035,0.17447,0.29988,134,134,134,0.27877,8.08660,0.17070,1,1,0.450
55.6880,1163,FR,22,8.32348,-0.10354,0.29987,134,134,134,0.27877,8.44212,-0.13154,1,1,0.450
55.6880,1163,BR,15,7.87241,-0.08788,0.30012,134,134,134,0.27901,7.94325,-0.09661,1,1,0.450
55.6980,1163,FL,7,8.19234,0.18414,0.30317,134,134,134,0.28205,8.31867,0.20204,1,1,0.450
55.6980,1163,BL,30,8.00891,0.17382,0.29990,134,134,134,0.27880,8.08565,0.17009,1,1,0.450
55.6980,1163,FR,22,8.32194,-0.10412,0.29987,134,134,134,0.27876,8.44067,-0.13181,1,1,0.450
55.6980,1163,BR,15,7.87111,-0.08842,0.30016,134,134,134,0.27906,7.94138,-0.09734,1,1,0.450
55.7080,1164,FL,6,8.19190,0.18408,0.30312,134,134,134,0.28201,8.31739,0.20165,1,1,0.450
55.7080,1164,BL,29,8.00771,0.17335,0.29990,134,134,134,0.27879,8.08031,0.16976,1,1,0.450
55.7080,1164,FR,21,8.32071,-0.10464,0.29987,134,134,134,0.27877,8.43519,-0.13229,1,1,0.450
55.7080,1164,BR,14,7.87011,-0.08875,0.30023,134,134,134,0.27913,7.93982,-0.09801,1,1,0.450
55.7180,1164,FL,6,8.19195,0.18473,0.30294,134,134,134,0.28183,8.31656,0.20233,1,1,0.450
55.7180,1164,BL,29,8.00672,0.17234,0.29989,134,134,134,0.27879,8.08070,0.16548,1,1,0.450
55.7180,1164,FR,21,8.32006,-0.10448,0.29981,134,134,134,0.27871,8.43882,-0.13452,1,1,0.450
55.7180,1164,BR,14,7.86956,-0.08770,0.30028,134,134,134,0.27918,7.93825,-0.09812,1,1,0.450
55.7300,1164,FL,6,8.19075,0.18440,0.30319,134,134,134,0.28208,8.31474,0.20184,1,1,0.450
55.7300,1164,BL,29,8.00528,0.17213,0.29990,134,134,134,0.27880,8.07971,0.16523,1,1,0.450
55.7300,1164,FR,21,8.31857,-0.10460,0.29984,134,134,134,0.27874,8.43743,-0.13432,1,1,0.450
55.7300,1164,BR,14,7.86812,-0.08816,0.30030,134,134,134,0.27919,7.93674,-0.09840,1,1,0.450
55.7400,1165,FL,5,8.19059,0.18432,0.30352,134,134,134,0.28241,8.31375,0.20157,1,1,0.450
55.7400,1165,BL,28,8.00447,0.17177,0.29990,134,134,134,0.27880,8.07493,0.16530,1,1,0.450
55.7400,1165,FR,20,8.31781,-0.10491,0.29987,134,134,134,0.27876,8.43265,-0.13427,1,1,0.450
55.7400,1165,BR,13,7.86751,-0.08846,0.30046,134,134,134,0.27936,7.93570,-0.09888,1,1,0.450
55.7500,1165,FL,5,8.18939,0.18443,0.30399,134,134,134,0.28287,8.31186,0.20187,1,1,0.450
55.7500,1165,BL,28,8.00296,0.17104,0.29990,134,134,134,0.27880,8.07616,0.16263,1,1,0.450
55.7500,1165,FR,20,8.31660,-0.10451,0.29985,134,134,134,0.27874,8.43624,-0.13556,1,1,0.450
55.7500,1165,BR,13,7.86609,-0.08751,0.30066,134,134,134,0.27956,7.93387,-0.09851,1,1,0.450
55.7600,1165,FL,5,8.18929,0.18384,0.30484,134,134,134,0.28372,8.31112,0.20112,1,1,0.450
55.7600,1165,BL,28,8.00261,0.17093,0.29991,134,134,134,0.27880,8.07630,0.16255,1,1,0.450
55.7600,1165,FR,20,8.31615,-0.10467,0.29994,134,134,134,0.27883,8.43590,-0.13532,1,1,0.450
55.7600,1165,BR,13,7.86571,-0.08813,0.30085,134,134,134,0.27974,7.93338,-0.09869,1,1,0.450
55.7700,1166,FL,4,8.18866,0.18327,0.30561,133,133,133,0.28449,8.30983,0.20030,1,1,0.450
55.7700,1166,BL,27,8.00191,0.17080,0.29991,134,134,134,0.27881,8.07166,0.16305,1,1,0.450
55.7700,1166,FR,19,8.31545,-0.10487,0.29999,134,134,134,0.27889,8.43134,-0.13478,1,1,0.450
55.7700,1166,BR,12,7.86491,-0.08863,0.30111,134,134,134,0.28000,7.93264,-0.09879,1,1,0.450
55.7800,1166,FL,4,8.18809,0.18300,0.30641,132,132,132,0.28528,8.30861,0.20017,1,1,0.450
55.7800,1166,BL,27,8.00112,0.17011,0.29991,134,134,134,0.27881,8.07427,0.16127,1,1,0.450
55.7800,1166,FR,19,8.31497,-0.10450,0.30000,134,134,134,0.27889,8.43581,-0.13565,1,1,0.450
55.7800,1166,BR,12,7.86414,-0.08792,0.30145,134,134,134,0.28035,7.93161,-0.09833,1,1,0.450
55.7880,1166,FL,4,8.18694,0.18219,0.30727,132,132,132,0.28615,8.30687,0.19904,1,1,0.450
55.7880,1166,BL,27,8.00014,0.17014,0.29992,134,134,134,0.27881,8.07380,0.16143,1,1,0.450
55.7880,1166,FR,19,8.31381,-0.10467,0.30011,134,134,134,0.27900,8.43486,-0.13528,1,1,0.450
55.7880,1166,BR,12,7.86286,-0.08868,0.30166,134,134,134,0.28055,7.93060,-0.09835,1,1,0.450
55.7980,1167,FL,3,8.18735,0.18177,0.30800,132,132,132,0.28687,8.30697,0.19844,1,1,0.450
55.8000,1167,BL,26,8.00036,0.17012,0.29992,134,134,134,0.27882,8.07009,0.16217,1,1,0.450
55.8000,1167,FR,18,8.31403,-0.10478,0.30015,134,134,134,0.27905,8.43116,-0.13461,1,1,0.450
55.8000,1167,BR,11,7.86309,-0.08897,0.30190,134,134,134,0.28079,7.93068,-0.09838,1,1,0.450
55.8080,1167,FL,3,8.18690,0.18137,0.30851,131,131,131,0.28738,8.30603,0.19803,1,1,0.450
55.8080,1167,BL,26,7.99996,0.16954,0.29993,134,134,134,0.27883,8.07335,0.16096,1,1,0.450
55.8080,1167,FR,18,8.31389,-0.10441,0.30015,134,134,134,0.27904,8.43599,-0.13521,1,1,0.450
55.8080,1167,BR,11,7.86254,-0.08837,0.30223,134,134,134,0.28113,7.93019,-0.09779,1,1,0.450
55.8180,1167,FL,3,8.18587,0.18068,0.30907,131,131,131,0.28794,8.30472,0.19717,1,1,0.450
55.8180,1167,BL,26,7.99927,0.16971,0.29992,134,134,134,0.27882,8.07319,0.16131,1,1,0.450
55.8180,1167,FR,18,8.31299,-0.10450,0.30025,134,134,134,0.27915,8.43531,-0.13477,1,1,0.450
55.8180,1167,BR,11,7.86148,-0.08896,0.30235,134,134,134,0.28124,7.92951,-0.09770,1,1,0.450
55.8280,1168,FL,2,8.18666,0.18049,0.30937,131,131,131,0.28824,8.30590,0.19724,1,1,0.450
55.8300,1168,BL,25,7.99997,0.16997,0.29992,134,134,134,0.27882,8.06990,0.16235,1,1,0.450
55.8300,1168,FR,17,8.31369,-0.10431,0.30028,134,134,134,0.27917,8.43597,-0.13448,1,1,0.450
55.8300,1168,BR,10,7.86228,-0.08880,0.30251,134,134,134,0.28140,7.93010,-0.09738,1,1,0.450
55.8380,1168,FL,2,8.18567,0.17992,0.30941,131,131,131,0.28828,8.30470,0.19666,1,1,0.450
55.8380,1168,BL,25,7.99945,0.16956,0.29992,134,134,134,0.27882,8.07316,0.16155,1,1,0.450
55.8380,1168,FR,17,8.31331,-0.10391,0.30027,134,134,134,0.27917,8.43667,-0.13420,1,1,0.450
55.8380,1168,BR,10,7.86128,-0.08825,0.30272,134,134,134,0.28161,7.92958,-0.09656,1,1,0.450
55.8480,1168,FL,2,8.18647,0.17970,0.30947,131,131,131,0.28834,8.30678,0.19720,1,1,0.450
55.8480,1168,BL,25,8.00066,0.17022,0.29990,134,134,134,0.27880,8.07486,0.16237,1,1,0.450
55.8480,1168,FR,17,8.31437,-0.10353,0.30033,134,134,134,0.27923,8.43756,-0.13355,1,1,0.450
55.8480,1168,BR,10,7.86250,-0.08796,0.30277,134,134,134,0.28166,7.93080,-0.09591,1,1,0.450
55.8580,1169,FL,1,8.18664,0.17943,0.30941,131,131,131,0.28828,8.30808,0.19740,1,1,0.450
55.8580,1169,BL,24,8.00147,0.17087,0.29990,134,134,134,0.27880,8.07152,0.16369,1,1,0.450
55.8580,1169,FR,16,8.31511,-0.10310,0.30036,134,134,134,0.27926,8.44233,-0.13363,1,1,0.450
55.8580,1169,BR,9,7.86307,-0.08757,0.30281,134,134,134,0.28170,7.93174,-0.09498,1,1,0.450
55.8680,1169,FL,1,8.18558,0.17886,0.30950,131,131,131,0.28836,8.30685,0.19665,1,1,0.450
55.8680,1169,BL,24,8.00153,0.17074,0.29988,134,134,134,0.27878,8.07543,0.16337,1,1,0.450
55.8680,1169,FR,16,8.31509,-0.10268,0.30037,134,134,134,0.27927,8.44355,-0.13304,1,1,0.450
55.8680,1169,BR,9,7.86224,-0.08708,0.30283,134,134,134,0.28171,7.93178,-0.09384,1,1,0.450
55.8780,1169,FL,1,8.18648,0.17874,0.30956,131,131,131,0.28843,8.30987,0.19797,1,1,0.450
55.8780,1169,BL,24,8.00366,0.17197,0.29987,134,134,134,0.27876,8.07803,0.16471,1,1,0.450
55.8780,1169,FR,16,8.31695,-0.10192,0.30050,134,134,134,0.27940,8.44510,-0.13215,1,1,0.450
55.8780,1169,BR,9,7.86429,-0.08609,0.30306,134,134,134,0.28195,7.93397,-0.09239,1,1,0.450
55.8880,1170,FL,30,8.45460,0.17498,0.30002,134,134,134,0.27892,8.55840,0.18419,1,1,0.450
55.8880,1170,BL,23,8.00432,0.17290,0.29984,134,134,134,0.27873,8.07449,0.16630,1,1,0.450
55.8880,1170,FR,15,8.31734,-0.10146,0.30060,134,134,134,0.27950,8.44568,-0.13133,1,1,0.450
55.8880,1170,BR,8,7.86424,-0.08584,0.30284,134,134,134,0.28173,7.93484,-0.09102,1,1,0.450
55.9080,1170,FL,30,8.45727,0.17549,0.30001,134,134,134,0.27891,8.57206,0.18519,1,1,0.450
55.9080,1170,BL,23,8.00699,0.17370,0.29988,134,134,134,0.27878,8.08328,0.16708,1,1,0.450
55.9080,1170,FR,15,8.32003,-0.10025,0.30056,134,134,134,0.27945,8.44823,-0.13083,1,1,0.450
55.9080,1170,BR,8,7.86700,-0.08344,0.30313,134,134,134,0.28202,7.93754,-0.08872,1,1,0.450
55.9180,1171,FL,29,8.46034,0.17712,0.30004,134,134,134,0.27893,8.57045,0.18699,1,1,0.450
55.9180,1171,BL,22,8.00984,0.17615,0.29987,134,134,134,0.27876,8.08225,0.17050,1,1,0.450
55.9180,1171,FR,14,8.32123,-0.09956,0.30074,134,134,134,0.27964,8.45147,-0.12844,1,1,0.450
55.9180,1171,BR,7,7.86620,-0.08376,0.30357,134,134,134,0.28246,7.93989,-0.08657,1,1,0.450
55.9280,1171,FL,29,8.46047,0.17716,0.30003,134,134,134,0.27893,8.57894,0.18735,1,1,0.450
55.9280,1171,BL,22,8.00979,0.17580,0.29984,134,134,134,0.27874,8.08742,0.17045,1,1,0.450
55.9280,1171,FR,14,8.32085,-0.09971,0.30067,134,134,134,0.27957,8.45217,-0.12839,1,1,0.450
55.9280,1171,BR,7,7.86516,-0.08369,0.30332,134,134,134,0.28220,7.93948,-0.08604,1,1,0.450
55.9360,1171,FL,29,8.46236,0.17787,0.30005,134,134,134,0.27895,8.58074,0.18780,1,1,0.450
55.9360,1171,BL,22,8.01152,0.17693,0.29978,134,134,134,0.27868,8.08971,0.17190,1,1,0.450
55.9360,1171,FR,14,8.32152,-0.09967,0.30070,134,134,134,0.27960,8.45398,-0.12734,1,1,0.450
55.9360,1171,BR,7,7.86508,-0.08394,0.30307,134,134,134,0.28196,7.94032,-0.08542,1,1,0.450
55.9460,1172,FL,28,8.46245,0.17828,0.30006,134,134,134,0.27895,8.57602,0.18886,1,1,0.450
55.9460,1172,BL,21,8.01157,0.17755,0.29978,134,134,134,0.27868,8.08511,0.17351,1,1,0.450
55.9460,1172,FR,13,8.32124,-0.09955,0.30073,134,134,134,0.27963,8.45396,-0.12685,1,1,0.450
55.9480,1172,BR,6,7.86460,-0.08389,0.30315,134,134,134,0.28204,7.94021,-0.08467,1,1,0.450
55.9560,1172,FL,28,8.46392,0.17847,0.30003,134,134,134,0.27893,8.58470,0.18933,1,1,0.450
55.9560,1172,BL,21,8.01285,0.17751,0.29975,134,134,134,0.27865,8.09093,0.17360,1,1,0.450
55.9560,1172,FR,13,8.32219,-0.09954,0.30056,134,134,134,0.27946,8.45576,-0.12668,1,1,0.450
55.9560,1172,BR,6,7.86513,-0.08362,0.30267,134,134,134,0.28156,7.94102,-0.08414,1,1,0.450
55.9660,1172,FL,28,8.46378,0.17897,0.30006,134,134,134,0.27896,8.58447,0.18968,1,1,0.450
55.9660,1172,BL,21,8.01265,0.17825,0.29975,134,134,134,0.27864,8.09108,0.17452,1,1,0.450
55.9680,1172,FR,13,8.32175,-0.09926,0.30080,134,134,134,0.27970,8.45535,-0.12604,1,1,0.450
55.9680,1172,BR,6,7.86476,-0.08355,0.30324,134,134,134,0.28213,7.94076,-0.08340,1,1,0.450
55.9760,1173,FL,27,8.46483,0.17964,0.30006,134,134,134,0.27896,8.58058,0.19107,1,1,0.450
55.9760,1173,BL,20,8.01368,0.17912,0.29977,134,134,134,0.27867,8.08718,0.17633,1,1,0.450
55.9760,1173,FR,12,8.32248,-0.09879,0.30090,134,134,134,0.27980,8.45633,-0.12528,1,1,0.450
55.9760,1173,BR,5,7.86531,-0.08314,0.30362,134,134,134,0.28251,7.94152,-0.08245,1,1,0.450
55.9860,1173,FL,27,8.46448,0.17963,0.30003,134,134,134,0.27893,8.58684,0.19147,1,1,0.450
55.9860,1173,BL,20,8.01314,0.17868,0.29979,134,134,134,0.27869,8.09088,0.17611,1,1,0.450
55.9860,1173,FR,12,8.32204,-0.09890,0.30100,134,134,134,0.27989,8.45621,-0.12543,1,1,0.450
55.9860,1173,BR,5,7.86476,-0.08294,0.30402,134,134,134,0.28291,7.94104,-0.08203,1,1,0.450
55.9960,1173,FL,27,8.46524,0.18034,0.30006,134,134,134,0.27896,8.58753,0.19202,1,1,0.450
55.9960,1173,BL,20,8.01385,0.17975,0.29979,134,134,134,0.27869,8.09186,0.17723,1,1,0.450
55.9960,1173,FR,12,8.32244,-0.09829,0.30122,134,134,134,0.28012,8.45661,-0.12458,1,1,0.450
55.9960,1173,BR,5,7.86530,-0.08237,0.30461,134,134,134,0.28350,7.94145,-0.08093,1,1,0.450
56.0060,1174,FL,26,8.46466,0.18081,0.30006,134,134,134,0.27896,8.58187,0.19326,1,1,0.450
56.0060,1174,BL,19,8.01330,0.18041,0.29985,134,134,134,0.27875,8.08615,0.17881,1,1,0.450
56.0060,1174,FR,11,8.32197,-0.09783,0.30146,134,134,134,0.28035,8.45580,-0.12402,1,1,0.450
56.0060,1174,BR,4,7.86494,-0.08193,0.30539,133,133,133,0.28427,7.94114,-0.07979,1,1,0.450
56.0160,1174,FL,26,8.46521,0.18095,0.30001,134,134,134,0.27891,8.58874,0.19381,1,1,0.450
56.0160,1174,BL,19,8.01365,0.18030,0.29986,134,134,134,0.27876,8.09055,0.17889,1,1,0.450
56.0160,1174,FR,11,8.32229,-0.09771,0.30153,134,134,134,0.28042,8.45638,-0.12405,1,1,0.450
56.0160,1174,BR,4,7.86524,-0.08125,0.30571,133,133,133,0.28459,7.94128,-0.07896,1,1,0.450
56.0260,1174,FL,26,8.46446,0.18149,0.30004,134,134,134,0.27894,8.58792,0.19418,1,1,0.450
56.0260,1174,BL,19,8.01289,0.18118,0.29988,134,134,134,0.27878,8.09000,0.17981,1,1,0.450
56.0260,1174,FR,11,8.32145,-0.09726,0.30187,134,134,134,0.28077,8.45518,-0.12333,1,1,0.450
56.0260,1174,BR,4,7.86474,-0.08092,0.30649,132,132,132,0.28537,7.94048,-0.07790,1,1,0.450
56.0360,1175,FL,25,8.46414,0.18208,0.30005,134,134,134,0.27894,8.58246,0.19559,1,1,0.450
56.0360,1175,BL,18,8.01258,0.18200,0.29992,134,134,134,0.27881,8.08443,0.18167,1,1,0.450
56.0360,1175,FR,10,8.32107,-0.09686,0.30203,134,134,134,0.28092,8.45459,-0.12262,1,1,0.450
56.0360,1175,BR,3,7.86459,-0.08059,0.30690,132,132,132,0.28578,7.93992,-0.07690,1,1,0.450
56.0440,1175,FL,25,8.46439,0.18211,0.29998,134,134,134,0.27888,8.58884,0.19614,1,1,0.450
56.0440,1175,BL,18,8.01260,0.18167,0.29994,134,134,134,0.27883,8.08845,0.18173,1,1,0.450
56.0440,1175,FR,10,8.32116,-0.09698,0.30214,134,134,134,0.28103,8.45478,-0.12284,1,1,0.450
56.0440,1175,BR,3,7.86480,-0.08008,0.30710,132,132,132,0.28598,7.93978,-0.07636,1,1,0.450
56.0560,1175,FL,25,8.46385,0.18278,0.30003,134,134,134,0.27892,8.58823,0.19666,1,1,0.450
56.0560,1175,BL,18,8.01204,0.18266,0.29993,134,134,134,0.27883,8.08814,0.18288,1,1,0.450
56.0560,1175,FR,10,8.32045,-0.09665,0.30239,134,134,134,0.28128,8.45373,-0.12199,1,1,0.450
56.0560,1175,BR,3,7.86469,-0.07993,0.30742,132,132,132,0.28630,7.93874,-0.07564,1,1,0.450
56.0640,1176,FL,24,8.46318,0.18343,0.30003,134,134,134,0.27893,8.58233,0.19822,1,1,0.450
56.0640,1176,BL,17,8.01140,0.18336,0.29997,134,134,134,0.27887,8.08735,0.18391,1,1,0.450
56.0660,1176,FR,9,8.31995,-0.09645,0.30251,134,134,134,0.28140,8.45277,-0.12131,1,1,0.450
56.0660,1176,BR,2,7.86465,-0.07987,0.30759,132,132,132,0.28647,7.93791,-0.07507,1,1,0.450
56.0760,1176,FL,24,8.46213,0.18337,0.29996,134,134,134,0.27886,8.58726,0.19873,1,1,0.450
56.0760,1176,BL,17,8.01013,0.18266,0.29998,134,134,134,0.27887,8.08481,0.18494,1,1,0.450
56.0760,1176,FR,9,8.31918,-0.09703,0.30263,134,134,134,0.28152,8.45146,-0.12175,1,1,0.450
56.0760,1176,BR,2,7.86434,-0.08001,0.30762,132,132,132,0.28649,7.93721,-0.07524,1,1,0.450
56.0840,1176,FL,24,8.46097,0.18429,0.30001,134,134,134,0.27890,8.58598,0.19974,1,1,0.450
56.0840,1176,BL,17,8.00915,0.18354,0.29998,134,134,134,0.27887,8.08345,0.18623,1,1,0.450
56.0840,1176,FR,9,8.31864,-0.09686,0.30279,134,134,134,0.28168,8.45010,-0.12078,1,1,0.450
56.0840,1176,BR,2,7.86456,-0.08017,0.30761,132,132,132,0.28648,7.93625,-0.07520,1,1,0.450
56.0960,1177,FL,23,8.46017,0.18489,0.30001,134,134,134,0.27891,8.57983,0.20141,1,1,0.450
56.0960,1177,BL,16,8.00846,0.18388,0.30002,134,134,134,0.27891,8.08243,0.18707,1,1,0.450
56.0960,1177,FR,8,8.31839,-0.09687,0.30283,134,134,134,0.28172,8.44921,-0.12031,1,1,0.450
56.0960,1177,BR,1,7.86471,-0.08029,0.30755,132,132,132,0.28642,7.93585,-0.07530,1,1,0.450
56.1140,1177,FL,23,8.45890,0.18532,0.29997,134,134,134,0.27887,8.57907,0.20709,1,1,0.450
56.1140,1177,BL,16,8.00719,0.18313,0.30005,134,134,134,0.27895,8.08020,0.18776,1,1,0.450
56.1140,1177,FR,8,8.31816,-0.09750,0.30285,134,134,134,0.28174,8.44778,-0.12047,1,1,0.450
56.1140,1177,BR,1,7.86496,-0.08045,0.30745,132,132,132,0.28632,7.93590,-0.07601,1,1,0.450
56.1260,1178,FL,22,8.45718,0.18660,0.29990,134,134,134,0.27880,8.57320,0.20825,1,1,0.450
56.1260,1178,BL,15,8.00579,0.18366,0.30000,134,134,134,0.27890,8.07787,0.18934,1,1,0.450
56.1260,1178,FR,7,8.31832,-0.09732,0.30271,134,134,134,0.28160,8.44616,-0.11917,1,1,0.450
56.1260,1178,BR,30,8.13705,-0.08404,0.29988,134,134,134,0.27878,8.21483,-0.08805,1,1,0.450
56.1340,1178,FL,22,8.45588,0.18699,0.29987,134,134,134,0.27877,8.57516,0.21205,1,1,0.450
56.1340,1178,BL,15,8.00457,0.18270,0.30007,134,134,134,0.27896,8.07561,0.18973,1,1,0.450
56.1340,1178,FR,7,8.31805,-0.09773,0.30267,134,134,134,0.28155,8.44501,-0.11933,1,1,0.450
56.1340,1178,BR,30,8.13579,-0.08296,0.29987,134,134,134,0.27877,8.21210,-0.08110,1,1,0.450
56.1440,1178,FL,22,8.45425,0.18738,0.29986,134,134,134,0.27876,8.57366,0.21208,1,1,0.450
56.1440,1178,BL,15,8.00312,0.18313,0.30009,134,134,134,0.27899,8.07375,0.19024,1,1,0.450
56.1440,1178,FR,7,8.31713,-0.09743,0.30305,134,134,134,0.28194,8.44330,-0.11867,1,1,0.450
56.1440,1178,BR,30,8.13426,-0.08249,0.29989,134,134,134,0.27879,8.21105,-0.08070,1,1,0.450
56.1560,1179,FL,21,8.45337,0.18804,0.29987,134,134,134,0.27877,8.56851,0.21283,1,1,0.450
56.1560,1179,BL,14,8.00251,0.18352,0.30017,134,134,134,0.27906,8.07249,0.19104,1,1,0.450
56.1560,1179,FR,6,8.31716,-0.09739,0.30304,134,134,134,0.28193,8.44245,-0.11823,1,1,0.450
56.1580,1179,BR,29,8.13342,-0.08190,0.29989,134,134,134,0.27879,8.20608,-0.08013,1,1,0.450
56.1700,1179,FL,21,8.45171,0.18790,0.29982,134,134,134,0.27871,8.57123,0.21491,1,1,0.450
56.1700,1179,BL,14,8.00083,0.18258,0.30022,134,134,134,0.27912,8.07000,0.19111,1,1,0.450
56.1700,1179,FR,6,8.31607,-0.09784,0.30292,134,134,134,0.28181,8.44036,-0.11863,1,1,0.450
56.1700,1179,BR,29,8.13148,-0.08091,0.29989,134,134,134,0.27878,8.20559,-0.07589,1,1,0.450
56.1820,1179,FL,21,8.45058,0.18822,0.29985,134,134,134,0.27874,8.57015,0.21501,1,1,0.450
56.1820,1179,BL,14,7.99992,0.18309,0.30027,134,134,134,0.27917,8.06865,0.19176,1,1,0.450
56.1820,1179,FR,6,8.31564,-0.09770,0.30316,134,134,134,0.28205,8.43902,-0.11822,1,1,0.450
56.1820,1179,BR,29,8.13037,-0.08043,0.29990,134,134,134,0.27880,8.20496,-0.07542,1,1,0.450
56.1900,1180,FL,20,8.44919,0.18845,0.29987,134,134,134,0.27877,8.56477,0.21493,1,1,0.450
56.1900,1180,BL,13,7.99856,0.18338,0.30042,134,134,134,0.27932,8.06711,0.19206,1,1,0.450
56.1900,1180,FR,5,8.31455,-0.09747,0.30348,134,134,134,0.28237,8.43727,-0.11783,1,1,0.450
56.1900,1180,BR,28,8.12897,-0.08021,0.29990,134,134,134,0.27880,8.19958,-0.07549,1,1,0.450
56.2000,1180,FL,20,8.44882,0.18808,0.29985,134,134,134,0.27874,8.56919,0.21618,1,1,0.450
56.2000,1180,BL,13,7.99808,0.18239,0.30063,134,134,134,0.27953,8.06600,0.19182,1,1,0.450
56.2000,1180,FR,5,8.31444,-0.09772,0.30394,134,134,134,0.28283,8.43644,-0.11828,1,1,0.450
56.2000,1180,BR,28,8.12831,-0.07941,0.29990,134,134,134,0.27879,8.20171,-0.07282,1,1,0.450
56.2100,1180,FL,20,8.44793,0.18824,0.29994,134,134,134,0.27883,8.56844,0.21588,1,1,0.450
56.2100,1180,BL,13,7.99715,0.18309,0.30080,134,134,134,0.27969,8.06520,0.19192,1,1,0.450
56.2100,1180,FR,5,8.31366,-0.09703,0.30474,134,134,134,0.28362,8.43502,-0.11738,1,1,0.450
56.2100,1180,BR,28,8.12752,-0.07932,0.29990,134,134,134,0.27880,8.20139,-0.07277,1,1,0.450
56.2200,1181,FL,19,8.44721,0.18842,0.29999,134,134,134,0.27888,8.61630,0.21443,1,1,0.450
56.2200,1181,BL,12,7.99640,0.18352,0.30106,134,134,134,0.27996,8.11692,0.19102,1,1,0.450
56.2200,1181,FR,4,8.31315,-0.09652,0.30549,133,133,133,0.28437,8.48689,-0.11772,1,1,0.450
56.2200,1181,BR,27,8.12679,-0.07919,0.29991,134,134,134,0.27881,8.24918,-0.07421,1,1,0.450
56.2320,1181,FL,19,8.28070,0.19243,0.29986,134,134,134,0.27875,8.30209,0.22476,1,1,0.450
56.2320,1181,BL,12,7.90125,0.18421,0.29958,134,134,134,0.27848,7.86213,0.19915,1,1,0.450
56.2320,1181,FR,4,8.29664,-0.09626,0.30220,134,134,134,0.28109,8.32523,-0.12342,1,1,0.450
56.2320,1181,BR,27,7.88561,-0.07380,0.29991,134,134,134,0.27881,7.86007,-0.07005,1,1,0.450
56.2460,1182,FL,18,8.28403,0.19092,0.29879,134,134,134,0.27769,8.30140,0.22764,1,1,0.450
56.2460,1182,BL,11,7.90636,0.18210,0.30215,134,134,134,0.28104,7.85247,0.19822,1,1,0.450
56.2460,1182,FR,3,8.29948,-0.09577,0.30480,134,134,134,0.28368,8.33380,-0.12623,1,1,0.450
56.2460,1182,BR,26,7.88806,-0.07288,0.30031,134,134,134,0.27921,7.85517,-0.06700,1,1,0.450
56.2560,1182,FL,18,8.28841,0.19018,0.29872,134,134,134,0.27763,8.30455,0.22796,1,1,0.450
56.2560,1182,BL,11,7.91057,0.18191,0.30227,134,134,134,0.28116,7.85761,0.19658,1,1,0.450
56.2560,1182,FR,3,8.30150,-0.09460,0.30539,133,133,133,0.28427,8.33972,-0.12473,1,1,0.450
56.2560,1182,BR,26,7.89169,-0.07234,0.30035,134,134,134,0.27924,7.85776,-0.06514,1,1,0.450
56.2660,1182,FL,18,8.29199,0.19016,0.29882,134,134,134,0.27772,8.30842,0.22762,1,1,0.450
56.2660,1182,BL,11,7.91352,0.18249,0.30249,134,134,134,0.28138,7.86190,0.19613,1,1,0.450
56.2680,1182,FR,3,8.30301,-0.09388,0.30654,132,132,132,0.28542,8.34381,-0.12384,1,1,0.450
56.2680,1182,BR,26,7.89514,-0.07252,0.30037,134,134,134,0.27927,7.86097,-0.06552,1,1,0.450
56.2760,1183,FL,17,8.29389,0.19012,0.29891,134,134,134,0.27781,8.31153,0.22742,1,1,0.450
56.2760,1183,BL,10,7.91410,0.18312,0.30277,134,134,134,0.28166,7.86483,0.19577,1,1,0.450
56.2760,1183,FR,2,8.30191,-0.09341,0.30750,132,132,132,0.28637,8.34350,-0.12303,1,1,0.450
56.2760,1183,BR,25,7.89724,-0.07257,0.30039,134,134,134,0.27928,7.86368,-0.06658,1,1,0.450
56.2880,1183,FL,17,8.29780,0.18913,0.29873,134,134,134,0.27763,8.31437,0.22809,1,1,0.450
56.2880,1183,BL,10,7.91801,0.18084,0.30241,134,134,134,0.28130,7.86904,0.19475,1,1,0.450
56.2880,1183,FR,2,8.30430,-0.09334,0.30654,132,132,132,0.28542,8.35066,-0.12544,1,1,0.450
56.2880,1183,BR,25,7.90039,-0.07236,0.30037,134,134,134,0.27926,7.86559,-0.06610,1,1,0.450
56.2960,1183,FL,17,8.30057,0.18886,0.29887,134,134,134,0.27778,8.31765,0.22735,1,1,0.450
56.2960,1183,BL,10,7.91972,0.18081,0.30258,134,134,134,0.28147,7.87294,0.19320,1,1,0.450
56.2960,1183,FR,2,8.30458,-0.09213,0.30711,132,132,132,0.28599,8.35411,-0.12488,1,1,0.450
56.2980,1183,BR,25,7.90363,-0.07346,0.30038,134,134,134,0.27927,7.86856,-0.06698,1,1,0.450
56.3060,1184,FL,16,8.30255,0.18864,0.29896,134,134,134,0.27786,8.32041,0.22707,1,1,0.450
56.3060,1184,BL,9,7.92083,0.18040,0.30283,134,134,134,0.28172,7.87564,0.19206,1,1,0.450
56.3060,1184,FR,1,8.30466,-0.09193,0.30739,132,132,132,0.28627,8.35562,-0.12493,1,1,0.450
56.3060,1184,BR,24,7.90617,-0.07431,0.30038,134,134,134,0.27928,7.87174,-0.06884,1,1,0.450
56.3160,1184,FL,16,8.30601,0.18779,0.29895,134,134,134,0.27786,8.32419,0.22724,1,1,0.450
56.3160,1184,BL,9,7.92310,0.17889,0.30314,134,134,134,0.28203,7.88004,0.19019,1,1,0.450
56.3160,1184,FR,1,8.30511,-0.09200,0.30744,132,132,132,0.28631,8.35699,-0.12551,1,1,0.450
56.3180,1184,BR,24,7.90971,-0.07496,0.30037,134,134,134,0.27927,7.87453,-0.07004,1,1,0.450
56.3260,1184,FL,16,8.30842,0.18699,0.29905,134,134,134,0.27795,8.32748,0.22600,1,1,0.450
56.3260,1184,BL,9,7.92448,0.17833,0.30307,134,134,134,0.28196,7.88354,0.18829,1,1,0.450
56.3260,1184,FR,1,8.30507,-0.09170,0.30775,132,132,132,0.28663,8.35804,-0.12619,1,1,0.450
56.3260,1184,BR,24,7.91281,-0.07650,0.30035,134,134,134,0.27925,7.87787,-0.07149,1,1,0.450
56.3360,1185,FL,15,8.31018,0.18642,0.29911,134,134,134,0.27801,8.33038,0.22503,1,1,0.450
56.3360,1185,BL,8,7.92514,0.17805,0.30270,134,134,134,0.28159,7.88618,0.18664,1,1,0.450
56.3360,1185,FR,30,8.30119,-0.08934,0.29976,134,134,134,0.27866,8.31269,-0.10307,1,1,0.450
56.3360,1185,BR,23,7.91530,-0.07779,0.30031,134,134,134,0.27921,7.88164,-0.07361,1,1,0.450
56.3560,1185,FL,15,8.31447,0.18636,0.29859,134,134,134,0.27749,8.33395,0.22584,1,1,0.450
56.3560,1185,BL,8,7.92802,0.17652,0.30101,134,134,134,0.27991,7.89183,0.18596,1,1,0.450
56.3560,1185,FR,30,8.30482,-0.09051,0.29971,134,134,134,0.27861,8.32743,-0.10539,1,1,0.450
56.3560,1185,BR,23,7.91905,-0.07884,0.30040,134,134,134,0.27929,7.88293,-0.07712,1,1,0.450
56.3640,1186,FL,14,8.31809,0.18474,0.29872,134,134,134,0.27762,8.33989,0.22328,1,1,0.450
56.3660,1186,BL,7,7.92952,0.17543,0.30132,134,134,134,0.28021,7.89857,0.18248,1,1,0.450
56.3660,1186,FR,29,8.31017,-0.09266,0.29972,134,134,134,0.27862,8.33253,-0.10839,1,1,0.450
56.3660,1186,BR,22,7.92429,-0.08218,0.30039,134,134,134,0.27928,7.88834,-0.08049,1,1,0.450
56.3740,1186,FL,14,8.32022,0.18458,0.29859,134,134,134,0.27749,8.34331,0.22337,1,1,0.450
56.3740,1186,BL,7,7.93025,0.17498,0.30080,134,134,134,0.27970,7.90222,0.18129,1,1,0.450
56.3740,1186,FR,29,8.31284,-0.09326,0.29970,134,134,134,0.27859,8.33915,-0.10885,1,1,0.450
56.3740,1186,BR,22,7.92686,-0.08271,0.30038,134,134,134,0.27928,7.89042,-0.08171,1,1,0.450
56.3840,1186,FL,14,8.32182,0.18412,0.29872,134,134,134,0.27762,8.34599,0.22222,1,1,0.450
56.3840,1186,BL,7,7.93104,0.17470,0.30091,134,134,134,0.27981,7.90499,0.17958,1,1,0.450
56.3840,1186,FR,29,8.31533,-0.09419,0.29971,134,134,134,0.27861,8.34134,-0.10985,1,1,0.450
56.3840,1186,BR,22,7.92930,-0.08424,0.30036,134,134,134,0.27926,7.89312,-0.08334,1,1,0.450
56.3940,1187,FL,13,8.32323,0.18373,0.29878,134,134,134,0.27768,8.34848,0.22134,1,1,0.450
56.3940,1187,BL,6,7.93162,0.17446,0.30097,134,134,134,0.27987,7.90758,0.17794,1,1,0.450
56.3940,1187,FR,28,8.31757,-0.09505,0.29972,134,134,134,0.27862,8.34313,-0.11149,1,1,0.450
56.3940,1187,BR,21,7.93148,-0.08552,0.30036,134,134,134,0.27925,7.89556,-0.08494,1,1,0.450
56.4060,1187,FL,13,8.32459,0.18381,0.29864,134,134,134,0.27754,8.35061,0.22191,1,1,0.450
56.4060,1187,BL,6,7.93200,0.17440,0.30069,134,134,134,0.27958,7.91006,0.17734,1,1,0.450
56.4060,1187,FR,28,8.31918,-0.09523,0.29968,134,134,134,0.27857,8.34797,-0.11227,1,1,0.450
56.4060,1187,BR,21,7.93297,-0.08540,0.30037,134,134,134,0.27926,7.89667,-0.08549,1,1,0.450
56.4140,1187,FL,13,8.32583,0.18320,0.29875,134,134,134,0.27765,8.35288,0.22048,1,1,0.450
56.4140,1187,BL,6,7.93253,0.17412,0.30089,134,134,134,0.27978,7.91227,0.17570,1,1,0.450
56.4140,1187,FR,28,8.32121,-0.09625,0.29970,134,134,134,0.27860,8.34978,-0.11336,1,1,0.450
56.4140,1187,BR,21,7.93495,-0.08682,0.30037,134,134,134,0.27926,7.89890,-0.08696,1,1,0.450
56.4260,1188,FL,12,8.32653,0.18280,0.29886,134,134,134,0.27776,8.35401,0.21900,1,1,0.450
56.4260,1188,BL,5,7.93275,0.17380,0.30116,134,134,134,0.28006,7.91366,0.17446,1,1,0.450
56.4260,1188,FR,27,8.32238,-0.09690,0.29970,134,134,134,0.27860,8.35030,-0.11485,1,1,0.450
56.4260,1188,BR,20,7.93606,-0.08764,0.30037,134,134,134,0.27927,7.90026,-0.08802,1,1,0.450
56.4340,1188,FL,12,8.32770,0.18276,0.29886,134,134,134,0.27776,8.35584,0.21908,1,1,0.450
56.4340,1188,BL,5,7.93308,0.17348,0.30128,134,134,134,0.28018,7.91580,0.17373,1,1,0.450
56.4340,1188,FR,27,8.32393,-0.09730,0.29964,134,134,134,0.27854,8.35351,-0.11572,1,1,0.450
56.4340,1188,BR,20,7.93744,-0.08771,0.30039,134,134,134,0.27929,7.90142,-0.08887,1,1,0.450
56.4460,1188,FL,12,8.32824,0.18224,0.29907,134,134,134,0.27797,8.35664,0.21812,1,1,0.450
56.4460,1188,BL,5,7.93342,0.17313,0.30187,134,134,134,0.28076,7.91679,0.17257,1,1,0.450
56.4460,1188,FR,27,8.32475,-0.09796,0.29967,134,134,134,0.27856,8.35416,-0.11638,1,1,0.450
56.4460,1188,BR,20,7.93827,-0.08865,0.30041,134,134,134,0.27931,7.90241,-0.08979,1,1,0.450
56.4540,1189,FL,11,8.32886,0.18147,0.29928,134,134,134,0.27818,8.35760,0.21692,1,1,0.450
56.4540,1189,BL,4,7.93369,0.17240,0.30257,134,134,134,0.28146,7.91794,0.17086,1,1,0.450
56.4560,1189,FR,26,8.32577,-0.09892,0.29967,134,134,134,0.27856,8.35444,-0.11824,1,1,0.450
56.4560,1189,BR,19,7.93925,-0.08986,0.30046,134,134,134,0.27935,7.90349,-0.09114,1,1,0.450
56.6200,1194,FL,6,8.31837,0.18017,0.29921,134,134,134,0.27811,8.32455,0.18356,1,1,0.450
56.6220,1194,BL,29,7.94060,0.18077,0.29989,134,134,134,0.27878,7.94082,0.18126,1,1,0.450
56.6220,1194,FR,21,8.32734,-0.10264,0.30027,134,134,134,0.27917,8.32836,-0.10266,1,1,0.450
56.6220,1194,BR,14,7.93804,-0.10326,0.29964,134,134,134,0.27854,7.94287,-0.10298,1,1,0.450
56.6580,1195,FL,5,8.33004,0.20127,0.28925,136,136,136,0.26818,8.35602,0.22997,1,1,0.450
56.6580,1195,BL,28,7.93442,0.16986,0.30006,134,134,134,0.27896,7.90356,0.16891,1,1,0.450
56.6580,1195,FR,20,8.32263,-0.09843,0.29873,134,134,134,0.27764,8.35249,-0.14000,1,1,0.450
56.6580,1195,BR,13,7.93611,-0.07653,0.29754,134,134,134,0.27645,7.89944,-0.10171,1,1,0.450
56.6680,1196,FL,4,8.32276,0.20104,0.28705,136,136,136,0.26599,8.34643,0.23317,1,1,0.450
56.6680,1196,BL,27,7.93047,0.17362,0.29990,134,134,134,0.27880,7.90082,0.16352,1,1,0.450
56.6680,1196,FR,19,8.31895,-0.09285,0.29861,134,134,134,0.27751,8.34384,-0.13325,1,1,0.450
56.6680,1196,BR,12,7.93224,-0.07558,0.29567,134,134,134,0.27458,7.89786,-0.09532,1,1,0.450
56.6780,1196,FL,4,8.32091,0.20000,0.28888,136,136,136,0.26782,8.34123,0.23305,1,1,0.450
56.6780,1196,BL,27,7.92911,0.17389,0.29993,134,134,134,0.27883,7.89812,0.16252,1,1,0.450
56.6780,1196,FR,19,8.31735,-0.09174,0.29872,134,134,134,0.27762,8.34352,-0.13283,1,1,0.450
56.6780,1196,BR,12,7.92957,-0.07476,0.29642,134,134,134,0.27533,7.89548,-0.09349,1,1,0.450
56.6920,1197,FL,3,8.31952,0.19824,0.29017,136,136,136,0.26910,8.33730,0.23104,1,1,0.450
56.6920,1197,BL,26,7.92835,0.17451,0.29994,134,134,134,0.27884,7.89846,0.16373,1,1,0.450
56.6920,1197,FR,18,8.31629,-0.09160,0.29890,134,134,134,0.27781,8.34304,-0.13160,1,1,0.450
56.6940,1197,BR,11,7.92798,-0.07587,0.29703,134,134,134,0.27594,7.89464,-0.09267,1,1,0.450
56.7480,1198,FL,2,8.31173,0.18598,0.29742,134,134,134,0.27632,8.30893,0.18777,1,1,0.450
56.7480,1198,BL,25,7.92771,0.18115,0.29975,134,134,134,0.27865,7.92800,0.18060,1,1,0.450
56.7480,1198,FR,17,8.31558,-0.10173,0.30038,134,134,134,0.27927,8.31443,-0.10026,1,1,0.450
56.7480,1198,BR,10,7.92811,-0.10341,0.29997,134,134,134,0.27887,7.93244,-0.10680,1,1,0.450
