time,current_plan_index,phase,period,dt,leg,event_ordinal,pred_touchdown_horizon_index,pred_touchdown_time
24.9520,213,3,30,0.03000,FL,0,27,7.20000
24.9520,213,3,30,0.03000,BL,0,20,6.99000
24.9520,213,3,30,0.03000,FR,0,12,6.75000
24.9520,213,3,30,0.03000,BR,0,5,6.54000
24.9520,213,3,30,0.03000,BR,1,35,7.44000
24.9900,214,4,30,0.03000,FL,0,26,7.20000
24.9900,214,4,30,0.03000,BL,0,19,6.99000
24.9900,214,4,30,0.03000,FR,0,11,6.75000
24.9900,214,4,30,0.03000,BR,0,4,6.54000
24.9900,214,4,30,0.03000,BR,1,34,7.44000
25.0020,215,5,30,0.03000,FL,0,25,7.20000
25.0020,215,5,30,0.03000,BL,0,18,6.99000
25.0020,215,5,30,0.03000,FR,0,10,6.75000
25.0020,215,5,30,0.03000,BR,0,3,6.54000
25.0020,215,5,30,0.03000,BR,1,33,7.44000
25.0140,215,5,30,0.03000,FL,0,25,7.20000
25.0140,215,5,30,0.03000,BL,0,18,6.99000
25.0140,215,5,30,0.03000,FR,0,10,6.75000
25.0140,215,5,30,0.03000,BR,0,3,6.54000
25.0140,215,5,30,0.03000,BR,1,33,7.44000
25.0240,216,6,30,0.03000,FL,0,24,7.20000
25.0240,216,6,30,0.03000,BL,0,17,6.99000
25.0240,216,6,30,0.03000,FR,0,9,6.75000
25.0240,216,6,30,0.03000,FR,1,39,7.65000
25.0240,216,6,30,0.03000,BR,0,2,6.54000
25.0240,216,6,30,0.03000,BR,1,32,7.44000
25.0340,216,6,30,0.03000,FL,0,24,7.20000
25.0340,216,6,30,0.03000,BL,0,17,6.99000
25.0340,216,6,30,0.03000,FR,0,9,6.75000
25.0340,216,6,30,0.03000,FR,1,39,7.65000
25.0340,216,6,30,0.03000,BR,0,2,6.54000
25.0340,216,6,30,0.03000,BR,1,32,7.44000
25.0440,216,6,30,0.03000,FL,0,24,7.20000
25.0440,216,6,30,0.03000,BL,0,17,6.99000
25.0440,216,6,30,0.03000,FR,0,9,6.75000
25.0440,216,6,30,0.03000,FR,1,39,7.65000
25.0440,216,6,30,0.03000,BR,0,2,6.54000
25.0440,216,6,30,0.03000,BR,1,32,7.44000
25.0540,217,7,30,0.03000,FL,0,23,7.20000
25.0540,217,7,30,0.03000,BL,0,16,6.99000
25.0540,217,7,30,0.03000,FR,0,8,6.75000
25.0540,217,7,30,0.03000,FR,1,38,7.65000
25.0540,217,7,30,0.03000,BR,0,1,6.54000
25.0540,217,7,30,0.03000,BR,1,31,7.44000
25.0720,217,7,30,0.03000,FL,0,23,7.20000
25.0720,217,7,30,0.03000,BL,0,16,6.99000
25.0720,217,7,30,0.03000,FR,0,8,6.75000
25.0720,217,7,30,0.03000,FR,1,38,7.65000
25.0720,217,7,30,0.03000,BR,0,1,6.54000
25.0720,217,7,30,0.03000,BR,1,31,7.44000
25.0820,217,7,30,0.03000,FL,0,23,7.20000
25.0820,217,7,30,0.03000,BL,0,16,6.99000
25.0820,217,7,30,0.03000,FR,0,8,6.75000
25.0820,217,7,30,0.03000,FR,1,38,7.65000
25.0820,217,7,30,0.03000,BR,0,1,6.54000
25.0820,217,7,30,0.03000,BR,1,31,7.44000
25.0900,218,8,30,0.03000,FL,0,22,7.20000
25.0900,218,8,30,0.03000,BL,0,15,6.99000
25.0900,218,8,30,0.03000,FR,0,7,6.75000
25.0900,218,8,30,0.03000,FR,1,37,7.65000
25.0900,218,8,30,0.03000,BR,0,30,7.44000
25.1000,218,8,30,0.03000,FL,0,22,7.20000
25.1000,218,8,30,0.03000,BL,0,15,6.99000
25.1000,218,8,30,0.03000,FR,0,7,6.75000
25.1000,218,8,30,0.03000,FR,1,37,7.65000
25.1000,218,8,30,0.03000,BR,0,30,7.44000
25.1100,218,8,30,0.03000,FL,0,22,7.20000
25.1100,218,8,30,0.03000,BL,0,15,6.99000
25.1100,218,8,30,0.03000,FR,0,7,6.75000
25.1100,218,8,30,0.03000,FR,1,37,7.65000
25.1100,218,8,30,0.03000,BR,0,30,7.44000
25.1200,219,9,30,0.03000,FL,0,21,7.20000
25.1200,219,9,30,0.03000,BL,0,14,6.99000
25.1200,219,9,30,0.03000,FR,0,6,6.75000
25.1200,219,9,30,0.03000,FR,1,36,7.65000
25.1200,219,9,30,0.03000,BR,0,29,7.44000
25.1340,219,9,30,0.03000,FL,0,21,7.20000
25.1340,219,9,30,0.03000,BL,0,14,6.99000
25.1340,219,9,30,0.03000,FR,0,6,6.75000
25.1340,219,9,30,0.03000,FR,1,36,7.65000
25.1340,219,9,30,0.03000,BR,0,29,7.44000
25.1440,220,10,30,0.03000,FL,0,20,7.20000
25.1440,220,10,30,0.03000,BL,0,13,6.99000
25.1440,220,10,30,0.03000,FR,0,5,6.75000
25.1440,220,10,30,0.03000,FR,1,35,7.65000
25.1440,220,10,30,0.03000,BR,0,28,7.44000
25.1520,220,10,30,0.03000,FL,0,20,7.20000
25.1520,220,10,30,0.03000,BL,0,13,6.99000
25.1520,220,10,30,0.03000,FR,0,5,6.75000
25.1520,220,10,30,0.03000,FR,1,35,7.65000
25.1520,220,10,30,0.03000,BR,0,28,7.44000
25.1620,220,10,30,0.03000,FL,0,20,7.20000
25.1620,220,10,30,0.03000,BL,0,13,6.99000
25.1620,220,10,30,0.03000,FR,0,5,6.75000
25.1620,220,10,30,0.03000,FR,1,35,7.65000
25.1620,220,10,30,0.03000,BR,0,28,7.44000
25.1720,220,10,30,0.03000,FL,0,20,7.20000
25.1720,220,10,30,0.03000,BL,0,13,6.99000
25.1720,220,10,30,0.03000,FR,0,5,6.75000
25.1720,220,10,30,0.03000,FR,1,35,7.65000
25.1720,220,10,30,0.03000,BR,0,28,7.44000
25.1820,221,11,30,0.03000,FL,0,19,7.20000
25.1820,221,11,30,0.03000,BL,0,12,6.99000
25.1820,221,11,30,0.03000,FR,0,4,6.75000
25.1820,221,11,30,0.03000,FR,1,34,7.65000
25.1820,221,11,30,0.03000,BR,0,27,7.44000
25.1920,221,11,30,0.03000,FL,0,19,7.20000
25.1920,221,11,30,0.03000,BL,0,12,6.99000
25.1920,221,11,30,0.03000,FR,0,4,6.75000
25.1920,221,11,30,0.03000,FR,1,34,7.65000
25.1920,221,11,30,0.03000,BR,0,27,7.44000
25.2020,221,11,30,0.03000,FL,0,19,7.20000
25.2020,221,11,30,0.03000,BL,0,12,6.99000
25.2020,221,11,30,0.03000,FR,0,4,6.75000
25.2020,221,11,30,0.03000,FR,1,34,7.65000
25.2020,221,11,30,0.03000,BR,0,27,7.44000
25.2140,222,12,30,0.03000,FL,0,18,7.20000
25.2140,222,12,30,0.03000,BL,0,11,6.99000
25.2140,222,12,30,0.03000,FR,0,3,6.75000
25.2140,222,12,30,0.03000,FR,1,33,7.65000
25.2140,222,12,30,0.03000,BR,0,26,7.44000
25.2240,222,12,30,0.03000,FL,0,18,7.20000
25.2240,222,12,30,0.03000,BL,0,11,6.99000
25.2240,222,12,30,0.03000,FR,0,3,6.75000
25.2240,222,12,30,0.03000,FR,1,33,7.65000
25.2240,222,12,30,0.03000,BR,0,26,7.44000
25.2320,222,12,30,0.03000,FL,0,18,7.20000
25.2320,222,12,30,0.03000,BL,0,11,6.99000
25.2320,222,12,30,0.03000,FR,0,3,6.75000
25.2320,222,12,30,0.03000,FR,1,33,7.65000
25.2320,222,12,30,0.03000,BR,0,26,7.44000
25.2420,223,13,30,0.03000,FL,0,17,7.20000
25.2420,223,13,30,0.03000,BL,0,10,6.99000
25.2420,223,13,30,0.03000,FR,0,2,6.75000
25.2420,223,13,30,0.03000,FR,1,32,7.65000
25.2420,223,13,30,0.03000,BR,0,25,7.44000
25.2520,223,13,30,0.03000,FL,0,17,7.20000
25.2520,223,13,30,0.03000,BL,0,10,6.99000
25.2520,223,13,30,0.03000,FR,0,2,6.75000
25.2520,223,13,30,0.03000,FR,1,32,7.65000
25.2520,223,13,30,0.03000,BR,0,25,7.44000
25.2620,223,13,30,0.03000,FL,0,17,7.20000
25.2620,223,13,30,0.03000,BL,0,10,6.99000
25.2620,223,13,30,0.03000,FR,0,2,6.75000
25.2620,223,13,30,0.03000,FR,1,32,7.65000
25.2620,223,13,30,0.03000,BR,0,25,7.44000
25.2700,224,14,30,0.03000,FL,0,16,7.20000
25.2700,224,14,30,0.03000,BL,0,9,6.99000
25.2700,224,14,30,0.03000,BL,1,39,7.89000
25.2700,224,14,30,0.03000,FR,0,1,6.75000
25.2700,224,14,30,0.03000,FR,1,31,7.65000
25.2700,224,14,30,0.03000,BR,0,24,7.44000
25.2780,224,14,30,0.03000,FL,0,16,7.20000
25.2780,224,14,30,0.03000,BL,0,9,6.99000
25.2780,224,14,30,0.03000,BL,1,39,7.89000
25.2780,224,14,30,0.03000,FR,0,1,6.75000
25.2780,224,14,30,0.03000,FR,1,31,7.65000
25.2780,224,14,30,0.03000,BR,0,24,7.44000
25.2900,224,14,30,0.03000,FL,0,16,7.20000
25.2900,224,14,30,0.03000,BL,0,9,6.99000
25.2900,224,14,30,0.03000,BL,1,39,7.89000
25.2900,224,14,30,0.03000,FR,0,1,6.75000
25.2900,224,14,30,0.03000,FR,1,31,7.65000
25.2900,224,14,30,0.03000,BR,0,24,7.44000
25.3020,225,15,30,0.03000,FL,0,15,7.20000
25.3020,225,15,30,0.03000,BL,0,8,6.99000
25.3020,225,15,30,0.03000,BL,1,38,7.89000
25.3020,225,15,30,0.03000,FR,0,30,7.65000
25.3020,225,15,30,0.03000,BR,0,23,7.44000
25.3220,225,15,30,0.03000,FL,0,15,7.20000
25.3220,225,15,30,0.03000,BL,0,8,6.99000
25.3220,225,15,30,0.03000,BL,1,38,7.89000
25.3220,225,15,30,0.03000,FR,0,30,7.65000
25.3220,225,15,30,0.03000,BR,0,23,7.44000
25.3340,226,16,30,0.03000,FL,0,14,7.20000
25.3340,226,16,30,0.03000,BL,0,7,6.99000
25.3340,226,16,30,0.03000,BL,1,37,7.89000
25.3340,226,16,30,0.03000,FR,0,29,7.65000
25.3340,226,16,30,0.03000,BR,0,22,7.44000
25.3440,226,16,30,0.03000,FL,0,14,7.20000
25.3440,226,16,30,0.03000,BL,0,7,6.99000
25.3440,226,16,30,0.03000,BL,1,37,7.89000
25.3440,226,16,30,0.03000,FR,0,29,7.65000
25.3440,226,16,30,0.03000,BR,0,22,7.44000
25.3540,227,17,30,0.03000,FL,0,13,7.20000
25.3540,227,17,30,0.03000,BL,0,6,6.99000
25.3540,227,17,30,0.03000,BL,1,36,7.89000
25.3540,227,17,30,0.03000,FR,0,28,7.65000
25.3540,227,17,30,0.03000,BR,0,21,7.44000
25.3620,227,17,30,0.03000,FL,0,13,7.20000
25.3620,227,17,30,0.03000,BL,0,6,6.99000
25.3620,227,17,30,0.03000,BL,1,36,7.89000
25.3620,227,17,30,0.03000,FR,0,28,7.65000
25.3620,227,17,30,0.03000,BR,0,21,7.44000
25.3740,227,17,30,0.03000,FL,0,13,7.20000
25.3740,227,17,30,0.03000,BL,0,6,6.99000
25.3740,227,17,30,0.03000,BL,1,36,7.89000
25.3740,227,17,30,0.03000,FR,0,28,7.65000
25.3740,227,17,30,0.03000,BR,0,21,7.44000
25.3840,228,18,30,0.03000,FL,0,12,7.20000
25.3840,228,18,30,0.03000,BL,0,5,6.99000
25.3840,228,18,30,0.03000,BL,1,35,7.89000
25.3840,228,18,30,0.03000,FR,0,27,7.65000
25.3840,228,18,30,0.03000,BR,0,20,7.44000
25.3940,228,18,30,0.03000,FL,0,12,7.20000
25.3940,228,18,30,0.03000,BL,0,5,6.99000
25.3940,228,18,30,0.03000,BL,1,35,7.89000
25.3940,228,18,30,0.03000,FR,0,27,7.65000
25.3940,228,18,30,0.03000,BR,0,20,7.44000
25.4040,228,18,30,0.03000,FL,0,12,7.20000
25.4040,228,18,30,0.03000,BL,0,5,6.99000
25.4040,228,18,30,0.03000,BL,1,35,7.89000
25.4040,228,18,30,0.03000,FR,0,27,7.65000
25.4040,228,18,30,0.03000,BR,0,20,7.44000
25.4120,228,18,30,0.03000,FL,0,12,7.20000
25.4120,228,18,30,0.03000,BL,0,5,6.99000
25.4120,228,18,30,0.03000,BL,1,35,7.89000
25.4120,228,18,30,0.03000,FR,0,27,7.65000
25.4120,228,18,30,0.03000,BR,0,20,7.44000
25.4220,229,19,30,0.03000,FL,0,11,7.20000
25.4220,229,19,30,0.03000,BL,0,4,6.99000
25.4220,229,19,30,0.03000,BL,1,34,7.89000
25.4220,229,19,30,0.03000,FR,0,26,7.65000
25.4220,229,19,30,0.03000,BR,0,19,7.44000
25.4320,229,19,30,0.03000,FL,0,11,7.20000
25.4320,229,19,30,0.03000,BL,0,4,6.99000
25.4320,229,19,30,0.03000,BL,1,34,7.89000
25.4320,229,19,30,0.03000,FR,0,26,7.65000
25.4320,229,19,30,0.03000,BR,0,19,7.44000
25.4400,229,19,30,0.03000,FL,0,11,7.20000
25.4400,229,19,30,0.03000,BL,0,4,6.99000
25.4400,229,19,30,0.03000,BL,1,34,7.89000
25.4400,229,19,30,0.03000,FR,0,26,7.65000
25.4400,229,19,30,0.03000,BR,0,19,7.44000
25.4500,230,20,30,0.03000,FL,0,10,7.20000
25.4500,230,20,30,0.03000,BL,0,3,6.99000
25.4500,230,20,30,0.03000,BL,1,33,7.89000
25.4500,230,20,30,0.03000,FR,0,25,7.65000
25.4500,230,20,30,0.03000,BR,0,18,7.44000
25.4600,230,20,30,0.03000,FL,0,10,7.20000
25.4600,230,20,30,0.03000,BL,0,3,6.99000
25.4600,230,20,30,0.03000,BL,1,33,7.89000
25.4600,230,20,30,0.03000,FR,0,25,7.65000
25.4600,230,20,30,0.03000,BR,0,18,7.44000
25.4680,230,20,30,0.03000,FL,0,10,7.20000
25.4680,230,20,30,0.03000,BL,0,3,6.99000
25.4680,230,20,30,0.03000,BL,1,33,7.89000
25.4680,230,20,30,0.03000,FR,0,25,7.65000
25.4680,230,20,30,0.03000,BR,0,18,7.44000
25.4780,231,21,30,0.03000,FL,0,9,7.20000
25.4780,231,21,30,0.03000,FL,1,39,8.10000
25.4780,231,21,30,0.03000,BL,0,2,6.99000
25.4780,231,21,30,0.03000,BL,1,32,7.89000
25.4780,231,21,30,0.03000,FR,0,24,7.65000
25.4780,231,21,30,0.03000,BR,0,17,7.44000
25.4880,231,21,30,0.03000,FL,0,9,7.20000
25.4880,231,21,30,0.03000,FL,1,39,8.10000
25.4880,231,21,30,0.03000,BL,0,2,6.99000
25.4880,231,21,30,0.03000,BL,1,32,7.89000
25.4880,231,21,30,0.03000,FR,0,24,7.65000
25.4880,231,21,30,0.03000,BR,0,17,7.44000
25.4980,231,21,30,0.03000,FL,0,9,7.20000
25.4980,231,21,30,0.03000,FL,1,39,8.10000
25.4980,231,21,30,0.03000,BL,0,2,6.99000
25.4980,231,21,30,0.03000,BL,1,32,7.89000
25.4980,231,21,30,0.03000,FR,0,24,7.65000
25.4980,231,21,30,0.03000,BR,0,17,7.44000
25.5080,232,22,30,0.03000,FL,0,8,7.20000
25.5080,232,22,30,0.03000,FL,1,38,8.10000
25.5080,232,22,30,0.03000,BL,0,1,6.99000
25.5080,232,22,30,0.03000,BL,1,31,7.89000
25.5080,232,22,30,0.03000,FR,0,23,7.65000
25.5080,232,22,30,0.03000,BR,0,16,7.44000
25.5280,232,22,30,0.03000,FL,0,8,7.20000
25.5280,232,22,30,0.03000,FL,1,38,8.10000
25.5280,232,22,30,0.03000,BL,0,1,6.99000
25.5280,232,22,30,0.03000,BL,1,31,7.89000
25.5280,232,22,30,0.03000,FR,0,23,7.65000
25.5280,232,22,30,0.03000,BR,0,16,7.44000
25.5360,233,23,30,0.03000,FL,0,7,7.20000
25.5360,233,23,30,0.03000,FL,1,37,8.10000
25.5360,233,23,30,0.03000,BL,0,30,7.89000
25.5360,233,23,30,0.03000,FR,0,22,7.65000
25.5360,233,23,30,0.03000,BR,0,15,7.44000
25.5460,233,23,30,0.03000,FL,0,7,7.20000
25.5460,233,23,30,0.03000,FL,1,37,8.10000
25.5460,233,23,30,0.03000,BL,0,30,7.89000
25.5460,233,23,30,0.03000,FR,0,22,7.65000
25.5460,233,23,30,0.03000,BR,0,15,7.44000
25.5560,233,23,30,0.03000,FL,0,7,7.20000
25.5560,233,23,30,0.03000,FL,1,37,8.10000
25.5560,233,23,30,0.03000,BL,0,30,7.89000
25.5560,233,23,30,0.03000,FR,0,22,7.65000
25.5560,233,23,30,0.03000,BR,0,15,7.44000
25.5660,234,24,30,0.03000,FL,0,6,7.20000
25.5660,234,24,30,0.03000,FL,1,36,8.10000
25.5660,234,24,30,0.03000,BL,0,29,7.89000
25.5660,234,24,30,0.03000,FR,0,21,7.65000
25.5660,234,24,30,0.03000,BR,0,14,7.44000
25.5760,234,24,30,0.03000,FL,0,6,7.20000
25.5760,234,24,30,0.03000,FL,1,36,8.10000
25.5760,234,24,30,0.03000,BL,0,29,7.89000
25.5760,234,24,30,0.03000,FR,0,21,7.65000
25.5760,234,24,30,0.03000,BR,0,14,7.44000
25.5840,234,24,30,0.03000,FL,0,6,7.20000
25.5840,234,24,30,0.03000,FL,1,36,8.10000
25.5840,234,24,30,0.03000,BL,0,29,7.89000
25.5840,234,24,30,0.03000,FR,0,21,7.65000
25.5840,234,24,30,0.03000,BR,0,14,7.44000
25.5940,235,25,30,0.03000,FL,0,5,7.20000
25.5940,235,25,30,0.03000,FL,1,35,8.10000
25.5940,235,25,30,0.03000,BL,0,28,7.89000
25.5940,235,25,30,0.03000,FR,0,20,7.65000
25.5940,235,25,30,0.03000,BR,0,13,7.44000
25.6020,235,25,30,0.03000,FL,0,5,7.20000
25.6020,235,25,30,0.03000,FL,1,35,8.10000
25.6020,235,25,30,0.03000,BL,0,28,7.89000
25.6020,235,25,30,0.03000,FR,0,20,7.65000
25.6020,235,25,30,0.03000,BR,0,13,7.44000
25.6120,235,25,30,0.03000,FL,0,5,7.20000
25.6120,235,25,30,0.03000,FL,1,35,8.10000
25.6120,235,25,30,0.03000,BL,0,28,7.89000
25.6120,235,25,30,0.03000,FR,0,20,7.65000
25.6120,235,25,30,0.03000,BR,0,13,7.44000
25.6220,235,25,30,0.03000,FL,0,5,7.20000
25.6220,235,25,30,0.03000,FL,1,35,8.10000
25.6220,235,25,30,0.03000,BL,0,28,7.89000
25.6220,235,25,30,0.03000,FR,0,20,7.65000
25.6220,235,25,30,0.03000,BR,0,13,7.44000
25.6300,236,26,30,0.03000,FL,0,4,7.20000
25.6300,236,26,30,0.03000,FL,1,34,8.10000
25.6300,236,26,30,0.03000,BL,0,27,7.89000
25.6300,236,26,30,0.03000,FR,0,19,7.65000
25.6300,236,26,30,0.03000,BR,0,12,7.44000
25.6400,236,26,30,0.03000,FL,0,4,7.20000
25.6400,236,26,30,0.03000,FL,1,34,8.10000
25.6400,236,26,30,0.03000,BL,0,27,7.89000
25.6400,236,26,30,0.03000,FR,0,19,7.65000
25.6400,236,26,30,0.03000,BR,0,12,7.44000
25.6500,236,26,30,0.03000,FL,0,4,7.20000
25.6500,236,26,30,0.03000,FL,1,34,8.10000
25.6500,236,26,30,0.03000,BL,0,27,7.89000
25.6500,236,26,30,0.03000,FR,0,19,7.65000
25.6500,236,26,30,0.03000,BR,0,12,7.44000
25.6580,237,27,30,0.03000,FL,0,3,7.20000
25.6580,237,27,30,0.03000,FL,1,33,8.10000
25.6580,237,27,30,0.03000,BL,0,26,7.89000
25.6580,237,27,30,0.03000,FR,0,18,7.65000
25.6580,237,27,30,0.03000,BR,0,11,7.44000
25.6680,237,27,30,0.03000,FL,0,3,7.20000
25.6680,237,27,30,0.03000,FL,1,33,8.10000
25.6680,237,27,30,0.03000,BL,0,26,7.89000
25.6680,237,27,30,0.03000,FR,0,18,7.65000
25.6680,237,27,30,0.03000,BR,0,11,7.44000
25.6780,237,27,30,0.03000,FL,0,3,7.20000
25.6780,237,27,30,0.03000,FL,1,33,8.10000
25.6780,237,27,30,0.03000,BL,0,26,7.89000
25.6780,237,27,30,0.03000,FR,0,18,7.65000
25.6780,237,27,30,0.03000,BR,0,11,7.44000
25.6880,238,28,30,0.03000,FL,0,2,7.20000
25.6880,238,28,30,0.03000,FL,1,32,8.10000
25.6880,238,28,30,0.03000,BL,0,25,7.89000
25.6880,238,28,30,0.03000,FR,0,17,7.65000
25.6880,238,28,30,0.03000,BR,0,10,7.44000
25.6960,238,28,30,0.03000,FL,0,2,7.20000
25.6960,238,28,30,0.03000,FL,1,32,8.10000
25.6960,238,28,30,0.03000,BL,0,25,7.89000
25.6960,238,28,30,0.03000,FR,0,17,7.65000
25.6960,238,28,30,0.03000,BR,0,10,7.44000
25.7060,238,28,30,0.03000,FL,0,2,7.20000
25.7060,238,28,30,0.03000,FL,1,32,8.10000
25.7060,238,28,30,0.03000,BL,0,25,7.89000
25.7060,238,28,30,0.03000,FR,0,17,7.65000
25.7060,238,28,30,0.03000,BR,0,10,7.44000
25.7160,239,29,30,0.03000,FL,0,1,7.20000
25.7160,239,29,30,0.03000,FL,1,31,8.10000
25.7160,239,29,30,0.03000,BL,0,24,7.89000
25.7160,239,29,30,0.03000,FR,0,16,7.65000
25.7160,239,29,30,0.03000,BR,0,9,7.44000
25.7160,239,29,30,0.03000,BR,1,39,8.34000
25.7260,239,29,30,0.03000,FL,0,1,7.20000
25.7260,239,29,30,0.03000,FL,1,31,8.10000
25.7260,239,29,30,0.03000,BL,0,24,7.89000
25.7260,239,29,30,0.03000,FR,0,16,7.65000
25.7260,239,29,30,0.03000,BR,0,9,7.44000
25.7260,239,29,30,0.03000,BR,1,39,8.34000
25.7340,239,29,30,0.03000,FL,0,1,7.20000
25.7340,239,29,30,0.03000,FL,1,31,8.10000
25.7340,239,29,30,0.03000,BL,0,24,7.89000
25.7340,239,29,30,0.03000,FR,0,16,7.65000
25.7340,239,29,30,0.03000,BR,0,9,7.44000
25.7340,239,29,30,0.03000,BR,1,39,8.34000
25.7440,240,0,30,0.03000,FL,0,30,8.10000
25.7440,240,0,30,0.03000,BL,0,23,7.89000
25.7440,240,0,30,0.03000,FR,0,15,7.65000
25.7440,240,0,30,0.03000,BR,0,8,7.44000
25.7440,240,0,30,0.03000,BR,1,38,8.34000
25.7660,240,0,30,0.03000,FL,0,30,8.10000
25.7660,240,0,30,0.03000,BL,0,23,7.89000
25.7660,240,0,30,0.03000,FR,0,15,7.65000
25.7660,240,0,30,0.03000,BR,0,8,7.44000
25.7660,240,0,30,0.03000,BR,1,38,8.34000
25.7760,241,1,30,0.03000,FL,0,29,8.10000
25.7760,241,1,30,0.03000,BL,0,22,7.89000
25.7760,241,1,30,0.03000,FR,0,14,7.65000
25.7760,241,1,30,0.03000,BR,0,7,7.44000
25.7760,241,1,30,0.03000,BR,1,37,8.34000
25.7840,241,1,30,0.03000,FL,0,29,8.10000
25.7840,241,1,30,0.03000,BL,0,22,7.89000
25.7840,241,1,30,0.03000,FR,0,14,7.65000
25.7840,241,1,30,0.03000,BR,0,7,7.44000
25.7840,241,1,30,0.03000,BR,1,37,8.34000
25.7940,241,1,30,0.03000,FL,0,29,8.10000
25.7940,241,1,30,0.03000,BL,0,22,7.89000
25.7940,241,1,30,0.03000,FR,0,14,7.65000
25.7940,241,1,30,0.03000,BR,0,7,7.44000
25.7940,241,1,30,0.03000,BR,1,37,8.34000
25.8040,242,2,30,0.03000,FL,0,28,8.10000
25.8040,242,2,30,0.03000,BL,0,21,7.89000
25.8040,242,2,30,0.03000,FR,0,13,7.65000
25.8040,242,2,30,0.03000,BR,0,6,7.44000
25.8040,242,2,30,0.03000,BR,1,36,8.34000
25.8120,242,2,30,0.03000,FL,0,28,8.10000
25.8120,242,2,30,0.03000,BL,0,21,7.89000
25.8120,242,2,30,0.03000,FR,0,13,7.65000
25.8120,242,2,30,0.03000,BR,0,6,7.44000
25.8120,242,2,30,0.03000,BR,1,36,8.34000
25.8220,242,2,30,0.03000,FL,0,28,8.10000
25.8220,242,2,30,0.03000,BL,0,21,7.89000
25.8220,242,2,30,0.03000,FR,0,13,7.65000
25.8220,242,2,30,0.03000,BR,0,6,7.44000
25.8220,242,2,30,0.03000,BR,1,36,8.34000
25.8300,242,2,30,0.03000,FL,0,28,8.10000
25.8300,242,2,30,0.03000,BL,0,21,7.89000
25.8300,242,2,30,0.03000,FR,0,13,7.65000
25.8300,242,2,30,0.03000,BR,0,6,7.44000
25.8300,242,2,30,0.03000,BR,1,36,8.34000
25.8400,243,3,30,0.03000,FL,0,27,8.10000
25.8400,243,3,30,0.03000,BL,0,20,7.89000
25.8400,243,3,30,0.03000,FR,0,12,7.65000
25.8400,243,3,30,0.03000,BR,0,5,7.44000
25.8400,243,3,30,0.03000,BR,1,35,8.34000
25.8500,243,3,30,0.03000,FL,0,27,8.10000
25.8500,243,3,30,0.03000,BL,0,20,7.89000
25.8500,243,3,30,0.03000,FR,0,12,7.65000
25.8500,243,3,30,0.03000,BR,0,5,7.44000
25.8500,243,3,30,0.03000,BR,1,35,8.34000
25.8600,243,3,30,0.03000,FL,0,27,8.10000
25.8600,243,3,30,0.03000,BL,0,20,7.89000
25.8600,243,3,30,0.03000,FR,0,12,7.65000
25.8600,243,3,30,0.03000,BR,0,5,7.44000
25.8600,243,3,30,0.03000,BR,1,35,8.34000
25.8700,244,4,30,0.03000,FL,0,26,8.10000
25.8700,244,4,30,0.03000,BL,0,19,7.89000
25.8700,244,4,30,0.03000,FR,0,11,7.65000
25.8700,244,4,30,0.03000,BR,0,4,7.44000
25.8700,244,4,30,0.03000,BR,1,34,8.34000
25.8780,244,4,30,0.03000,FL,0,26,8.10000
25.8780,244,4,30,0.03000,BL,0,19,7.89000
25.8780,244,4,30,0.03000,FR,0,11,7.65000
25.8780,244,4,30,0.03000,BR,0,4,7.44000
25.8780,244,4,30,0.03000,BR,1,34,8.34000
25.8880,244,4,30,0.03000,FL,0,26,8.10000
25.8880,244,4,30,0.03000,BL,0,19,7.89000
25.8880,244,4,30,0.03000,FR,0,11,7.65000
25.8880,244,4,30,0.03000,BR,0,4,7.44000
25.8880,244,4,30,0.03000,BR,1,34,8.34000
25.9000,245,5,30,0.03000,FL,0,25,8.10000
25.9000,245,5,30,0.03000,BL,0,18,7.89000
25.9000,245,5,30,0.03000,FR,0,10,7.65000
25.9000,245,5,30,0.03000,BR,0,3,7.44000
25.9000,245,5,30,0.03000,BR,1,33,8.34000
25.9080,245,5,30,0.03000,FL,0,25,8.10000
25.9080,245,5,30,0.03000,BL,0,18,7.89000
25.9080,245,5,30,0.03000,FR,0,10,7.65000
25.9080,245,5,30,0.03000,BR,0,3,7.44000
25.9080,245,5,30,0.03000,BR,1,33,8.34000
25.9180,245,5,30,0.03000,FL,0,25,8.10000
25.9180,245,5,30,0.03000,BL,0,18,7.89000
25.9180,245,5,30,0.03000,FR,0,10,7.65000
25.9180,245,5,30,0.03000,BR,0,3,7.44000
25.9180,245,5,30,0.03000,BR,1,33,8.34000
25.9280,246,6,30,0.03000,FL,0,24,8.10000
25.9280,246,6,30,0.03000,BL,0,17,7.89000
25.9280,246,6,30,0.03000,FR,0,9,7.65000
25.9280,246,6,30,0.03000,FR,1,39,8.55000
25.9280,246,6,30,0.03000,BR,0,2,7.44000
25.9280,246,6,30,0.03000,BR,1,32,8.34000
25.9360,246,6,30,0.03000,FL,0,24,8.10000
25.9360,246,6,30,0.03000,BL,0,17,7.89000
25.9360,246,6,30,0.03000,FR,0,9,7.65000
25.9360,246,6,30,0.03000,FR,1,39,8.55000
25.9360,246,6,30,0.03000,BR,0,2,7.44000
25.9360,246,6,30,0.03000,BR,1,32,8.34000
25.9460,246,6,30,0.03000,FL,0,24,8.10000
25.9460,246,6,30,0.03000,BL,0,17,7.89000
25.9460,246,6,30,0.03000,FR,0,9,7.65000
25.9460,246,6,30,0.03000,FR,1,39,8.55000
25.9460,246,6,30,0.03000,BR,0,2,7.44000
25.9460,246,6,30,0.03000,BR,1,32,8.34000
25.9560,247,7,30,0.03000,FL,0,23,8.10000
25.9560,247,7,30,0.03000,BL,0,16,7.89000
25.9560,247,7,30,0.03000,FR,0,8,7.65000
25.9560,247,7,30,0.03000,FR,1,38,8.55000
25.9560,247,7,30,0.03000,BR,0,1,7.44000
25.9560,247,7,30,0.03000,BR,1,31,8.34000
25.9740,247,7,30,0.03000,FL,0,23,8.10000
25.9740,247,7,30,0.03000,BL,0,16,7.89000
25.9740,247,7,30,0.03000,FR,0,8,7.65000
25.9740,247,7,30,0.03000,FR,1,38,8.55000
25.9740,247,7,30,0.03000,BR,0,1,7.44000
25.9740,247,7,30,0.03000,BR,1,31,8.34000
25.9840,248,8,30,0.03000,FL,0,22,8.10000
25.9840,248,8,30,0.03000,BL,0,15,7.89000
25.9840,248,8,30,0.03000,FR,0,7,7.65000
25.9840,248,8,30,0.03000,FR,1,37,8.55000
25.9840,248,8,30,0.03000,BR,0,30,8.34000
25.9940,248,8,30,0.03000,FL,0,22,8.10000
25.9940,248,8,30,0.03000,BL,0,15,7.89000
25.9940,248,8,30,0.03000,FR,0,7,7.65000
25.9940,248,8,30,0.03000,FR,1,37,8.55000
25.9940,248,8,30,0.03000,BR,0,30,8.34000
26.0040,248,8,30,0.03000,FL,0,22,8.10000
26.0040,248,8,30,0.03000,BL,0,15,7.89000
26.0040,248,8,30,0.03000,FR,0,7,7.65000
26.0040,248,8,30,0.03000,FR,1,37,8.55000
26.0040,248,8,30,0.03000,BR,0,30,8.34000
26.0120,248,8,30,0.03000,FL,0,22,8.10000
26.0120,248,8,30,0.03000,BL,0,15,7.89000
26.0120,248,8,30,0.03000,FR,0,7,7.65000
26.0120,248,8,30,0.03000,FR,1,37,8.55000
26.0120,248,8,30,0.03000,BR,0,30,8.34000
26.0220,249,9,30,0.03000,FL,0,21,8.10000
26.0220,249,9,30,0.03000,BL,0,14,7.89000
26.0220,249,9,30,0.03000,FR,0,6,7.65000
26.0220,249,9,30,0.03000,FR,1,36,8.55000
26.0220,249,9,30,0.03000,BR,0,29,8.34000
26.0300,249,9,30,0.03000,FL,0,21,8.10000
26.0300,249,9,30,0.03000,BL,0,14,7.89000
26.0300,249,9,30,0.03000,FR,0,6,7.65000
26.0300,249,9,30,0.03000,FR,1,36,8.55000
26.0300,249,9,30,0.03000,BR,0,29,8.34000
26.0400,249,9,30,0.03000,FL,0,21,8.10000
26.0400,249,9,30,0.03000,BL,0,14,7.89000
26.0400,249,9,30,0.03000,FR,0,6,7.65000
26.0400,249,9,30,0.03000,FR,1,36,8.55000
26.0400,249,9,30,0.03000,BR,0,29,8.34000
26.0500,250,10,30,0.03000,FL,0,20,8.10000
26.0500,250,10,30,0.03000,BL,0,13,7.89000
26.0500,250,10,30,0.03000,FR,0,5,7.65000
26.0500,250,10,30,0.03000,FR,1,35,8.55000
26.0500,250,10,30,0.03000,BR,0,28,8.34000
26.0600,250,10,30,0.03000,FL,0,20,8.10000
26.0600,250,10,30,0.03000,BL,0,13,7.89000
26.0600,250,10,30,0.03000,FR,0,5,7.65000
26.0600,250,10,30,0.03000,FR,1,35,8.55000
26.0600,250,10,30,0.03000,BR,0,28,8.34000
26.0680,250,10,30,0.03000,FL,0,20,8.10000
26.0680,250,10,30,0.03000,BL,0,13,7.89000
26.0680,250,10,30,0.03000,FR,0,5,7.65000
26.0680,250,10,30,0.03000,FR,1,35,8.55000
26.0680,250,10,30,0.03000,BR,0,28,8.34000
26.0780,251,11,30,0.03000,FL,0,19,8.10000
26.0780,251,11,30,0.03000,BL,0,12,7.89000
26.0780,251,11,30,0.03000,FR,0,4,7.65000
26.0780,251,11,30,0.03000,FR,1,34,8.55000
26.0780,251,11,30,0.03000,BR,0,27,8.34000
26.0880,251,11,30,0.03000,FL,0,19,8.10000
26.0880,251,11,30,0.03000,BL,0,12,7.89000
26.0880,251,11,30,0.03000,FR,0,4,7.65000
26.0880,251,11,30,0.03000,FR,1,34,8.55000
26.0880,251,11,30,0.03000,BR,0,27,8.34000
26.0980,251,11,30,0.03000,FL,0,19,8.10000
26.0980,251,11,30,0.03000,BL,0,12,7.89000
26.0980,251,11,30,0.03000,FR,0,4,7.65000
26.0980,251,11,30,0.03000,FR,1,34,8.55000
26.0980,251,11,30,0.03000,BR,0,27,8.34000
26.1060,252,12,30,0.03000,FL,0,18,8.10000
26.1060,252,12,30,0.03000,BL,0,11,7.89000
26.1060,252,12,30,0.03000,FR,0,3,7.65000
26.1060,252,12,30,0.03000,FR,1,33,8.55000
26.1060,252,12,30,0.03000,BR,0,26,8.34000
26.1160,252,12,30,0.03000,FL,0,18,8.10000
26.1160,252,12,30,0.03000,BL,0,11,7.89000
26.1160,252,12,30,0.03000,FR,0,3,7.65000
26.1160,252,12,30,0.03000,FR,1,33,8.55000
26.1160,252,12,30,0.03000,BR,0,26,8.34000
26.1260,252,12,30,0.03000,FL,0,18,8.10000
26.1260,252,12,30,0.03000,BL,0,11,7.89000
26.1260,252,12,30,0.03000,FR,0,3,7.65000
26.1260,252,12,30,0.03000,FR,1,33,8.55000
26.1260,252,12,30,0.03000,BR,0,26,8.34000
26.1360,253,13,30,0.03000,FL,0,17,8.10000
26.1360,253,13,30,0.03000,BL,0,10,7.89000
26.1360,253,13,30,0.03000,FR,0,2,7.65000
26.1360,253,13,30,0.03000,FR,1,32,8.55000
26.1360,253,13,30,0.03000,BR,0,25,8.34000
26.1440,253,13,30,0.03000,FL,0,17,8.10000
26.1440,253,13,30,0.03000,BL,0,10,7.89000
26.1440,253,13,30,0.03000,FR,0,2,7.65000
26.1440,253,13,30,0.03000,FR,1,32,8.55000
26.1440,253,13,30,0.03000,BR,0,25,8.34000
26.1520,253,13,30,0.03000,FL,0,17,8.10000
26.1520,253,13,30,0.03000,BL,0,10,7.89000
26.1520,253,13,30,0.03000,FR,0,2,7.65000
26.1520,253,13,30,0.03000,FR,1,32,8.55000
26.1520,253,13,30,0.03000,BR,0,25,8.34000
26.1620,253,13,30,0.03000,FL,0,17,8.10000
26.1620,253,13,30,0.03000,BL,0,10,7.89000
26.1620,253,13,30,0.03000,FR,0,2,7.65000
26.1620,253,13,30,0.03000,FR,1,32,8.55000
26.1620,253,13,30,0.03000,BR,0,25,8.34000
26.1720,254,14,30,0.03000,FL,0,16,8.10000
26.1720,254,14,30,0.03000,BL,0,9,7.89000
26.1720,254,14,30,0.03000,BL,1,39,8.79000
26.1720,254,14,30,0.03000,FR,0,1,7.65000
26.1720,254,14,30,0.03000,FR,1,31,8.55000
26.1720,254,14,30,0.03000,BR,0,24,8.34000
26.1820,254,14,30,0.03000,FL,0,16,8.10000
26.1820,254,14,30,0.03000,BL,0,9,7.89000
26.1820,254,14,30,0.03000,BL,1,39,8.79000
26.1820,254,14,30,0.03000,FR,0,1,7.65000
26.1820,254,14,30,0.03000,FR,1,31,8.55000
26.1820,254,14,30,0.03000,BR,0,24,8.34000
26.1900,254,14,30,0.03000,FL,0,16,8.10000
26.1900,254,14,30,0.03000,BL,0,9,7.89000
26.1900,254,14,30,0.03000,BL,1,39,8.79000
26.1900,254,14,30,0.03000,FR,0,1,7.65000
26.1900,254,14,30,0.03000,FR,1,31,8.55000
26.1900,254,14,30,0.03000,BR,0,24,8.34000
26.2000,255,15,30,0.03000,FL,0,15,8.10000
26.2000,255,15,30,0.03000,BL,0,8,7.89000
26.2000,255,15,30,0.03000,BL,1,38,8.79000
26.2000,255,15,30,0.03000,FR,0,30,8.55000
26.2000,255,15,30,0.03000,BR,0,23,8.34000
26.2220,255,15,30,0.03000,FL,0,15,8.10000
26.2220,255,15,30,0.03000,BL,0,8,7.89000
26.2220,255,15,30,0.03000,BL,1,38,8.79000
26.2220,255,15,30,0.03000,FR,0,30,8.55000
26.2220,255,15,30,0.03000,BR,0,23,8.34000
26.2320,256,16,30,0.03000,FL,0,14,8.10000
26.2320,256,16,30,0.03000,BL,0,7,7.89000
26.2320,256,16,30,0.03000,BL,1,37,8.79000
26.2320,256,16,30,0.03000,FR,0,29,8.55000
26.2320,256,16,30,0.03000,BR,0,22,8.34000
26.2400,256,16,30,0.03000,FL,0,14,8.10000
26.2400,256,16,30,0.03000,BL,0,7,7.89000
26.2400,256,16,30,0.03000,BL,1,37,8.79000
26.2400,256,16,30,0.03000,FR,0,29,8.55000
26.2400,256,16,30,0.03000,BR,0,22,8.34000
26.2500,256,16,30,0.03000,FL,0,14,8.10000
26.2500,256,16,30,0.03000,BL,0,7,7.89000
26.2500,256,16,30,0.03000,BL,1,37,8.79000
26.2500,256,16,30,0.03000,FR,0,29,8.55000
26.2500,256,16,30,0.03000,BR,0,22,8.34000
26.2600,257,17,30,0.03000,FL,0,13,8.10000
26.2600,257,17,30,0.03000,BL,0,6,7.89000
26.2600,257,17,30,0.03000,BL,1,36,8.79000
26.2600,257,17,30,0.03000,FR,0,28,8.55000
26.2600,257,17,30,0.03000,BR,0,21,8.34000
26.2680,257,17,30,0.03000,FL,0,13,8.10000
26.2680,257,17,30,0.03000,BL,0,6,7.89000
26.2680,257,17,30,0.03000,BL,1,36,8.79000
26.2680,257,17,30,0.03000,FR,0,28,8.55000
26.2680,257,17,30,0.03000,BR,0,21,8.34000
26.2780,257,17,30,0.03000,FL,0,13,8.10000
26.2780,257,17,30,0.03000,BL,0,6,7.89000
26.2780,257,17,30,0.03000,BL,1,36,8.79000
26.2780,257,17,30,0.03000,FR,0,28,8.55000
26.2780,257,17,30,0.03000,BR,0,21,8.34000
26.2880,258,18,30,0.03000,FL,0,12,8.10000
26.2880,258,18,30,0.03000,BL,0,5,7.89000
26.2880,258,18,30,0.03000,BL,1,35,8.79000
26.2880,258,18,30,0.03000,FR,0,27,8.55000
26.2880,258,18,30,0.03000,BR,0,20,8.34000
26.2980,258,18,30,0.03000,FL,0,12,8.10000
26.2980,258,18,30,0.03000,BL,0,5,7.89000
26.2980,258,18,30,0.03000,BL,1,35,8.79000
26.2980,258,18,30,0.03000,FR,0,27,8.55000
26.2980,258,18,30,0.03000,BR,0,20,8.34000
26.3080,258,18,30,0.03000,FL,0,12,8.10000
26.3080,258,18,30,0.03000,BL,0,5,7.89000
26.3080,258,18,30,0.03000,BL,1,35,8.79000
26.3080,258,18,30,0.03000,FR,0,27,8.55000
26.3080,258,18,30,0.03000,BR,0,20,8.34000
26.3200,259,19,30,0.03000,FL,0,11,8.10000
26.3200,259,19,30,0.03000,BL,0,4,7.89000
26.3200,259,19,30,0.03000,BL,1,34,8.79000
26.3200,259,19,30,0.03000,FR,0,26,8.55000
26.3200,259,19,30,0.03000,BR,0,19,8.34000
26.3300,259,19,30,0.03000,FL,0,11,8.10000
26.3300,259,19,30,0.03000,BL,0,4,7.89000
26.3300,259,19,30,0.03000,BL,1,34,8.79000
26.3300,259,19,30,0.03000,FR,0,26,8.55000
26.3300,259,19,30,0.03000,BR,0,19,8.34000
26.3400,259,19,30,0.03000,FL,0,11,8.10000
26.3400,259,19,30,0.03000,BL,0,4,7.89000
26.3400,259,19,30,0.03000,BL,1,34,8.79000
26.3400,259,19,30,0.03000,FR,0,26,8.55000
26.3400,259,19,30,0.03000,BR,0,19,8.34000
26.3500,260,20,30,0.03000,FL,0,10,8.10000
26.3500,260,20,30,0.03000,BL,0,3,7.89000
26.3500,260,20,30,0.03000,BL,1,33,8.79000
26.3500,260,20,30,0.03000,FR,0,25,8.55000
26.3500,260,20,30,0.03000,BR,0,18,8.34000
26.3600,260,20,30,0.03000,FL,0,10,8.10000
26.3600,260,20,30,0.03000,BL,0,3,7.89000
26.3600,260,20,30,0.03000,BL,1,33,8.79000
26.3600,260,20,30,0.03000,FR,0,25,8.55000
26.3600,260,20,30,0.03000,BR,0,18,8.34000
26.3700,260,20,30,0.03000,FL,0,10,8.10000
26.3700,260,20,30,0.03000,BL,0,3,7.89000
26.3700,260,20,30,0.03000,BL,1,33,8.79000
26.3700,260,20,30,0.03000,FR,0,25,8.55000
26.3700,260,20,30,0.03000,BR,0,18,8.34000
26.3800,261,21,30,0.03000,FL,0,9,8.10000
26.3800,261,21,30,0.03000,FL,1,39,9.00000
26.3800,261,21,30,0.03000,BL,0,2,7.89000
26.3800,261,21,30,0.03000,BL,1,32,8.79000
26.3800,261,21,30,0.03000,FR,0,24,8.55000
26.3800,261,21,30,0.03000,BR,0,17,8.34000
26.3880,261,21,30,0.03000,FL,0,9,8.10000
26.3880,261,21,30,0.03000,FL,1,39,9.00000
26.3880,261,21,30,0.03000,BL,0,2,7.89000
26.3880,261,21,30,0.03000,BL,1,32,8.79000
26.3880,261,21,30,0.03000,FR,0,24,8.55000
26.3880,261,21,30,0.03000,BR,0,17,8.34000
26.3980,261,21,30,0.03000,FL,0,9,8.10000
26.3980,261,21,30,0.03000,FL,1,39,9.00000
26.3980,261,21,30,0.03000,BL,0,2,7.89000
26.3980,261,21,30,0.03000,BL,1,32,8.79000
26.3980,261,21,30,0.03000,FR,0,24,8.55000
26.3980,261,21,30,0.03000,BR,0,17,8.34000
26.4080,262,22,30,0.03000,FL,0,8,8.10000
26.4080,262,22,30,0.03000,FL,1,38,9.00000
26.4080,262,22,30,0.03000,BL,0,1,7.89000
26.4080,262,22,30,0.03000,BL,1,31,8.79000
26.4080,262,22,30,0.03000,FR,0,23,8.55000
26.4080,262,22,30,0.03000,BR,0,16,8.34000
26.4320,262,22,30,0.03000,FL,0,8,8.10000
26.4320,262,22,30,0.03000,FL,1,38,9.00000
26.4320,262,22,30,0.03000,BL,0,1,7.89000
26.4320,262,22,30,0.03000,BL,1,31,8.79000
26.4320,262,22,30,0.03000,FR,0,23,8.55000
26.4320,262,22,30,0.03000,BR,0,16,8.34000
26.4460,263,23,30,0.03000,FL,0,7,8.10000
26.4460,263,23,30,0.03000,FL,1,37,9.00000
26.4460,263,23,30,0.03000,BL,0,30,8.79000
26.4460,263,23,30,0.03000,FR,0,22,8.55000
26.4460,263,23,30,0.03000,BR,0,15,8.34000
26.4560,263,23,30,0.03000,FL,0,7,8.10000
26.4560,263,23,30,0.03000,FL,1,37,9.00000
26.4560,263,23,30,0.03000,BL,0,30,8.79000
26.4560,263,23,30,0.03000,FR,0,22,8.55000
26.4560,263,23,30,0.03000,BR,0,15,8.34000
26.4660,264,24,30,0.03000,FL,0,6,8.10000
26.4660,264,24,30,0.03000,FL,1,36,9.00000
26.4660,264,24,30,0.03000,BL,0,29,8.79000
26.4660,264,24,30,0.03000,FR,0,21,8.55000
26.4660,264,24,30,0.03000,BR,0,14,8.34000
26.4760,264,24,30,0.03000,FL,0,6,8.10000
26.4760,264,24,30,0.03000,FL,1,36,9.00000
26.4760,264,24,30,0.03000,BL,0,29,8.79000
26.4760,264,24,30,0.03000,FR,0,21,8.55000
26.4760,264,24,30,0.03000,BR,0,14,8.34000
26.4860,264,24,30,0.03000,FL,0,6,8.10000
26.4860,264,24,30,0.03000,FL,1,36,9.00000
26.4860,264,24,30,0.03000,BL,0,29,8.79000
26.4860,264,24,30,0.03000,FR,0,21,8.55000
26.4860,264,24,30,0.03000,BR,0,14,8.34000
26.4960,265,25,30,0.03000,FL,0,5,8.10000
26.4960,265,25,30,0.03000,FL,1,35,9.00000
26.4960,265,25,30,0.03000,BL,0,28,8.79000
26.4960,265,25,30,0.03000,FR,0,20,8.55000
26.4960,265,25,30,0.03000,BR,0,13,8.34000
26.5040,265,25,30,0.03000,FL,0,5,8.10000
26.5040,265,25,30,0.03000,FL,1,35,9.00000
26.5040,265,25,30,0.03000,BL,0,28,8.79000
26.5040,265,25,30,0.03000,FR,0,20,8.55000
26.5040,265,25,30,0.03000,BR,0,13,8.34000
26.5140,265,25,30,0.03000,FL,0,5,8.10000
26.5140,265,25,30,0.03000,FL,1,35,9.00000
26.5140,265,25,30,0.03000,BL,0,28,8.79000
26.5140,265,25,30,0.03000,FR,0,20,8.55000
26.5140,265,25,30,0.03000,BR,0,13,8.34000
26.5220,265,25,30,0.03000,FL,0,5,8.10000
26.5220,265,25,30,0.03000,FL,1,35,9.00000
26.5220,265,25,30,0.03000,BL,0,28,8.79000
26.5220,265,25,30,0.03000,FR,0,20,8.55000
26.5220,265,25,30,0.03000,BR,0,13,8.34000
26.5320,266,26,30,0.03000,FL,0,4,8.10000
26.5320,266,26,30,0.03000,FL,1,34,9.00000
26.5320,266,26,30,0.03000,BL,0,27,8.79000
26.5320,266,26,30,0.03000,FR,0,19,8.55000
26.5320,266,26,30,0.03000,BR,0,12,8.34000
26.5420,266,26,30,0.03000,FL,0,4,8.10000
26.5420,266,26,30,0.03000,FL,1,34,9.00000
26.5420,266,26,30,0.03000,BL,0,27,8.79000
26.5420,266,26,30,0.03000,FR,0,19,8.55000
26.5420,266,26,30,0.03000,BR,0,12,8.34000
26.5520,266,26,30,0.03000,FL,0,4,8.10000
26.5520,266,26,30,0.03000,FL,1,34,9.00000
26.5520,266,26,30,0.03000,BL,0,27,8.79000
26.5520,266,26,30,0.03000,FR,0,19,8.55000
26.5520,266,26,30,0.03000,BR,0,12,8.34000
26.5620,267,27,30,0.03000,FL,0,3,8.10000
26.5620,267,27,30,0.03000,FL,1,33,9.00000
26.5620,267,27,30,0.03000,BL,0,26,8.79000
26.5620,267,27,30,0.03000,FR,0,18,8.55000
26.5620,267,27,30,0.03000,BR,0,11,8.34000
26.5700,267,27,30,0.03000,FL,0,3,8.10000
26.5700,267,27,30,0.03000,FL,1,33,9.00000
26.5700,267,27,30,0.03000,BL,0,26,8.79000
26.5700,267,27,30,0.03000,FR,0,18,8.55000
26.5700,267,27,30,0.03000,BR,0,11,8.34000
26.5800,267,27,30,0.03000,FL,0,3,8.10000
26.5800,267,27,30,0.03000,FL,1,33,9.00000
26.5800,267,27,30,0.03000,BL,0,26,8.79000
26.5800,267,27,30,0.03000,FR,0,18,8.55000
26.5800,267,27,30,0.03000,BR,0,11,8.34000
26.5900,268,28,30,0.03000,FL,0,2,8.10000
26.5900,268,28,30,0.03000,FL,1,32,9.00000
26.5900,268,28,30,0.03000,BL,0,25,8.79000
26.5900,268,28,30,0.03000,FR,0,17,8.55000
26.5900,268,28,30,0.03000,BR,0,10,8.34000
26.5980,268,28,30,0.03000,FL,0,2,8.10000
26.5980,268,28,30,0.03000,FL,1,32,9.00000
26.5980,268,28,30,0.03000,BL,0,25,8.79000
26.5980,268,28,30,0.03000,FR,0,17,8.55000
26.5980,268,28,30,0.03000,BR,0,10,8.34000
26.6060,268,28,30,0.03000,FL,0,2,8.10000
26.6060,268,28,30,0.03000,FL,1,32,9.00000
26.6060,268,28,30,0.03000,BL,0,25,8.79000
26.6060,268,28,30,0.03000,FR,0,17,8.55000
26.6060,268,28,30,0.03000,BR,0,10,8.34000
26.6160,269,29,30,0.03000,FL,0,1,8.10000
26.6160,269,29,30,0.03000,FL,1,31,9.00000
26.6160,269,29,30,0.03000,BL,0,24,8.79000
26.6160,269,29,30,0.03000,FR,0,16,8.55000
26.6160,269,29,30,0.03000,BR,0,9,8.34000
26.6160,269,29,30,0.03000,BR,1,39,9.24000
26.6260,269,29,30,0.03000,FL,0,1,8.10000
26.6260,269,29,30,0.03000,FL,1,31,9.00000
26.6260,269,29,30,0.03000,BL,0,24,8.79000
26.6260,269,29,30,0.03000,FR,0,16,8.55000
26.6260,269,29,30,0.03000,BR,0,9,8.34000
26.6260,269,29,30,0.03000,BR,1,39,9.24000
26.6360,269,29,30,0.03000,FL,0,1,8.10000
26.6360,269,29,30,0.03000,FL,1,31,9.00000
26.6360,269,29,30,0.03000,BL,0,24,8.79000
26.6360,269,29,30,0.03000,FR,0,16,8.55000
26.6360,269,29,30,0.03000,BR,0,9,8.34000
26.6360,269,29,30,0.03000,BR,1,39,9.24000
26.6540,270,0,30,0.03000,FL,0,30,9.00000
26.6540,270,0,30,0.03000,BL,0,23,8.79000
26.6540,270,0,30,0.03000,FR,0,15,8.55000
26.6540,270,0,30,0.03000,BR,0,8,8.34000
26.6540,270,0,30,0.03000,BR,1,38,9.24000
26.6740,271,1,30,0.03000,FL,0,29,9.00000
26.6740,271,1,30,0.03000,BL,0,22,8.79000
26.6740,271,1,30,0.03000,FR,0,14,8.55000
26.6740,271,1,30,0.03000,BR,0,7,8.34000
26.6740,271,1,30,0.03000,BR,1,37,9.24000
26.6820,271,1,30,0.03000,FL,0,29,9.00000
26.6820,271,1,30,0.03000,BL,0,22,8.79000
26.6820,271,1,30,0.03000,FR,0,14,8.55000
26.6820,271,1,30,0.03000,BR,0,7,8.34000
26.6820,271,1,30,0.03000,BR,1,37,9.24000
26.6980,271,1,30,0.03000,FL,0,29,9.00000
26.6980,271,1,30,0.03000,BL,0,22,8.79000
26.6980,271,1,30,0.03000,FR,0,14,8.55000
26.6980,271,1,30,0.03000,BR,0,7,8.34000
26.6980,271,1,30,0.03000,BR,1,37,9.24000
26.7180,272,2,30,0.03000,FL,0,28,9.00000
26.7180,272,2,30,0.03000,BL,0,21,8.79000
26.7180,272,2,30,0.03000,FR,0,13,8.55000
26.7180,272,2,30,0.03000,BR,0,6,8.34000
26.7180,272,2,30,0.03000,BR,1,36,9.24000
26.7320,272,2,30,0.03000,FL,0,28,9.00000
26.7320,272,2,30,0.03000,BL,0,21,8.79000
26.7320,272,2,30,0.03000,FR,0,13,8.55000
26.7320,272,2,30,0.03000,BR,0,6,8.34000
26.7320,272,2,30,0.03000,BR,1,36,9.24000
26.7420,273,3,30,0.03000,FL,0,27,9.00000
26.7420,273,3,30,0.03000,BL,0,20,8.79000
26.7420,273,3,30,0.03000,FR,0,12,8.55000
26.7420,273,3,30,0.03000,BR,0,5,8.34000
26.7420,273,3,30,0.03000,BR,1,35,9.24000
26.7540,273,3,30,0.03000,FL,0,27,9.00000
26.7540,273,3,30,0.03000,BL,0,20,8.79000
26.7540,273,3,30,0.03000,FR,0,12,8.55000
26.7540,273,3,30,0.03000,BR,0,5,8.34000
26.7540,273,3,30,0.03000,BR,1,35,9.24000
26.7640,274,4,30,0.03000,FL,0,26,9.00000
26.7640,274,4,30,0.03000,BL,0,19,8.79000
26.7640,274,4,30,0.03000,FR,0,11,8.55000
26.7640,274,4,30,0.03000,BR,0,4,8.34000
26.7640,274,4,30,0.03000,BR,1,34,9.24000
26.7720,274,4,30,0.03000,FL,0,26,9.00000
26.7720,274,4,30,0.03000,BL,0,19,8.79000
26.7720,274,4,30,0.03000,FR,0,11,8.55000
26.7720,274,4,30,0.03000,BR,0,4,8.34000
26.7720,274,4,30,0.03000,BR,1,34,9.24000
26.7820,274,4,30,0.03000,FL,0,26,9.00000
26.7820,274,4,30,0.03000,BL,0,19,8.79000
26.7820,274,4,30,0.03000,FR,0,11,8.55000
26.7820,274,4,30,0.03000,BR,0,4,8.34000
26.7820,274,4,30,0.03000,BR,1,34,9.24000
26.7900,274,4,30,0.03000,FL,0,26,9.00000
26.7900,274,4,30,0.03000,BL,0,19,8.79000
26.7900,274,4,30,0.03000,FR,0,11,8.55000
26.7900,274,4,30,0.03000,BR,0,4,8.34000
26.7900,274,4,30,0.03000,BR,1,34,9.24000
26.8000,275,5,30,0.03000,FL,0,25,9.00000
26.8000,275,5,30,0.03000,BL,0,18,8.79000
26.8000,275,5,30,0.03000,FR,0,10,8.55000
26.8000,275,5,30,0.03000,BR,0,3,8.34000
26.8000,275,5,30,0.03000,BR,1,33,9.24000
26.8080,275,5,30,0.03000,FL,0,25,9.00000
26.8080,275,5,30,0.03000,BL,0,18,8.79000
26.8080,275,5,30,0.03000,FR,0,10,8.55000
26.8080,275,5,30,0.03000,BR,0,3,8.34000
26.8080,275,5,30,0.03000,BR,1,33,9.24000
26.8200,275,5,30,0.03000,FL,0,25,9.00000
26.8200,275,5,30,0.03000,BL,0,18,8.79000
26.8200,275,5,30,0.03000,FR,0,10,8.55000
26.8200,275,5,30,0.03000,BR,0,3,8.34000
26.8200,275,5,30,0.03000,BR,1,33,9.24000
26.8280,276,6,30,0.03000,FL,0,24,9.00000
26.8280,276,6,30,0.03000,BL,0,17,8.79000
26.8280,276,6,30,0.03000,FR,0,9,8.55000
26.8280,276,6,30,0.03000,FR,1,39,9.45000
26.8280,276,6,30,0.03000,BR,0,2,8.34000
26.8280,276,6,30,0.03000,BR,1,32,9.24000
26.8360,276,6,30,0.03000,FL,0,24,9.00000
26.8360,276,6,30,0.03000,BL,0,17,8.79000
26.8360,276,6,30,0.03000,FR,0,9,8.55000
26.8360,276,6,30,0.03000,FR,1,39,9.45000
26.8360,276,6,30,0.03000,BR,0,2,8.34000
26.8360,276,6,30,0.03000,BR,1,32,9.24000
26.8460,276,6,30,0.03000,FL,0,24,9.00000
26.8460,276,6,30,0.03000,BL,0,17,8.79000
26.8460,276,6,30,0.03000,FR,0,9,8.55000
26.8460,276,6,30,0.03000,FR,1,39,9.45000
26.8460,276,6,30,0.03000,BR,0,2,8.34000
26.8460,276,6,30,0.03000,BR,1,32,9.24000
26.8560,277,7,30,0.03000,FL,0,23,9.00000
26.8560,277,7,30,0.03000,BL,0,16,8.79000
26.8560,277,7,30,0.03000,FR,0,8,8.55000
26.8560,277,7,30,0.03000,FR,1,38,9.45000
26.8560,277,7,30,0.03000,BR,0,1,8.34000
26.8560,277,7,30,0.03000,BR,1,31,9.24000
26.8740,277,7,30,0.03000,FL,0,23,9.00000
26.8740,277,7,30,0.03000,BL,0,16,8.79000
26.8740,277,7,30,0.03000,FR,0,8,8.55000
26.8740,277,7,30,0.03000,FR,1,38,9.45000
26.8740,277,7,30,0.03000,BR,0,1,8.34000
26.8740,277,7,30,0.03000,BR,1,31,9.24000
26.8840,278,8,30,0.03000,FL,0,22,9.00000
26.8840,278,8,30,0.03000,BL,0,15,8.79000
26.8840,278,8,30,0.03000,FR,0,7,8.55000
26.8840,278,8,30,0.03000,FR,1,37,9.45000
26.8840,278,8,30,0.03000,BR,0,30,9.24000
26.8940,278,8,30,0.03000,FL,0,22,9.00000
26.8940,278,8,30,0.03000,BL,0,15,8.79000
26.8940,278,8,30,0.03000,FR,0,7,8.55000
26.8940,278,8,30,0.03000,FR,1,37,9.45000
26.8940,278,8,30,0.03000,BR,0,30,9.24000
26.9020,278,8,30,0.03000,FL,0,22,9.00000
26.9020,278,8,30,0.03000,BL,0,15,8.79000
26.9020,278,8,30,0.03000,FR,0,7,8.55000
26.9020,278,8,30,0.03000,FR,1,37,9.45000
26.9020,278,8,30,0.03000,BR,0,30,9.24000
26.9120,278,8,30,0.03000,FL,0,22,9.00000
26.9120,278,8,30,0.03000,BL,0,15,8.79000
26.9120,278,8,30,0.03000,FR,0,7,8.55000
26.9120,278,8,30,0.03000,FR,1,37,9.45000
26.9120,278,8,30,0.03000,BR,0,30,9.24000
26.9200,279,9,30,0.03000,FL,0,21,9.00000
26.9200,279,9,30,0.03000,BL,0,14,8.79000
26.9200,279,9,30,0.03000,FR,0,6,8.55000
26.9200,279,9,30,0.03000,FR,1,36,9.45000
26.9200,279,9,30,0.03000,BR,0,29,9.24000
26.9300,279,9,30,0.03000,FL,0,21,9.00000
26.9300,279,9,30,0.03000,BL,0,14,8.79000
26.9300,279,9,30,0.03000,FR,0,6,8.55000
26.9300,279,9,30,0.03000,FR,1,36,9.45000
26.9300,279,9,30,0.03000,BR,0,29,9.24000
26.9460,280,10,30,0.03000,FL,0,20,9.00000
26.9460,280,10,30,0.03000,BL,0,13,8.79000
26.9460,280,10,30,0.03000,FR,0,5,8.55000
26.9460,280,10,30,0.03000,FR,1,35,9.45000
26.9460,280,10,30,0.03000,BR,0,28,9.24000
26.9580,280,10,30,0.03000,FL,0,20,9.00000
26.9580,280,10,30,0.03000,BL,0,13,8.79000
26.9580,280,10,30,0.03000,FR,0,5,8.55000
26.9580,280,10,30,0.03000,FR,1,35,9.45000
26.9580,280,10,30,0.03000,BR,0,28,9.24000
26.9760,281,11,30,0.03000,FL,0,19,9.00000
26.9760,281,11,30,0.03000,BL,0,12,8.79000
26.9760,281,11,30,0.03000,FR,0,4,8.55000
26.9760,281,11,30,0.03000,FR,1,34,9.45000
26.9760,281,11,30,0.03000,BR,0,27,9.24000
26.9880,281,11,30,0.03000,FL,0,19,9.00000
26.9880,281,11,30,0.03000,BL,0,12,8.79000
26.9880,281,11,30,0.03000,FR,0,4,8.55000
26.9880,281,11,30,0.03000,FR,1,34,9.45000
26.9880,281,11,30,0.03000,BR,0,27,9.24000
27.0020,281,11,30,0.03000,FL,0,19,9.00000
27.0020,281,11,30,0.03000,BL,0,12,8.79000
27.0020,281,11,30,0.03000,FR,0,4,8.55000
27.0020,281,11,30,0.03000,FR,1,34,9.45000
27.0020,281,11,30,0.03000,BR,0,27,9.24000
27.0280,282,12,30,0.03000,FL,0,18,9.00000
27.0280,282,12,30,0.03000,BL,0,11,8.79000
27.0280,282,12,30,0.03000,FR,0,3,8.55000
27.0280,282,12,30,0.03000,FR,1,33,9.45000
27.0280,282,12,30,0.03000,BR,0,26,9.24000
27.0400,283,13,30,0.03000,FL,0,17,9.00000
27.0400,283,13,30,0.03000,BL,0,10,8.79000
27.0400,283,13,30,0.03000,FR,0,2,8.55000
27.0400,283,13,30,0.03000,FR,1,32,9.45000
27.0400,283,13,30,0.03000,BR,0,25,9.24000
27.0520,283,13,30,0.03000,FL,0,17,9.00000
27.0520,283,13,30,0.03000,BL,0,10,8.79000
27.0520,283,13,30,0.03000,FR,0,2,8.55000
27.0520,283,13,30,0.03000,FR,1,32,9.45000
27.0520,283,13,30,0.03000,BR,0,25,9.24000
27.0620,283,13,30,0.03000,FL,0,17,9.00000
27.0620,283,13,30,0.03000,BL,0,10,8.79000
27.0620,283,13,30,0.03000,FR,0,2,8.55000
27.0620,283,13,30,0.03000,FR,1,32,9.45000
27.0620,283,13,30,0.03000,BR,0,25,9.24000
27.0720,284,14,30,0.03000,FL,0,16,9.00000
27.0720,284,14,30,0.03000,BL,0,9,8.79000
27.0720,284,14,30,0.03000,BL,1,39,9.69000
27.0720,284,14,30,0.03000,FR,0,1,8.55000
27.0720,284,14,30,0.03000,FR,1,31,9.45000
27.0720,284,14,30,0.03000,BR,0,24,9.24000
27.0800,284,14,30,0.03000,FL,0,16,9.00000
27.0800,284,14,30,0.03000,BL,0,9,8.79000
27.0800,284,14,30,0.03000,BL,1,39,9.69000
27.0800,284,14,30,0.03000,FR,0,1,8.55000
27.0800,284,14,30,0.03000,FR,1,31,9.45000
27.0800,284,14,30,0.03000,BR,0,24,9.24000
27.0900,284,14,30,0.03000,FL,0,16,9.00000
27.0900,284,14,30,0.03000,BL,0,9,8.79000
27.0900,284,14,30,0.03000,BL,1,39,9.69000
27.0900,284,14,30,0.03000,FR,0,1,8.55000
27.0900,284,14,30,0.03000,FR,1,31,9.45000
27.0900,284,14,30,0.03000,BR,0,24,9.24000
27.0980,285,15,30,0.03000,FL,0,15,9.00000
27.0980,285,15,30,0.03000,BL,0,8,8.79000
27.0980,285,15,30,0.03000,BL,1,38,9.69000
27.0980,285,15,30,0.03000,FR,0,30,9.45000
27.0980,285,15,30,0.03000,BR,0,23,9.24000
27.1180,285,15,30,0.03000,FL,0,15,9.00000
27.1180,285,15,30,0.03000,BL,0,8,8.79000
27.1180,285,15,30,0.03000,BL,1,38,9.69000
27.1180,285,15,30,0.03000,FR,0,30,9.45000
27.1180,285,15,30,0.03000,BR,0,23,9.24000
27.1260,286,16,30,0.03000,FL,0,14,9.00000
27.1260,286,16,30,0.03000,BL,0,7,8.79000
27.1260,286,16,30,0.03000,BL,1,37,9.69000
27.1260,286,16,30,0.03000,FR,0,29,9.45000
27.1260,286,16,30,0.03000,BR,0,22,9.24000
27.1380,286,16,30,0.03000,FL,0,14,9.00000
27.1380,286,16,30,0.03000,BL,0,7,8.79000
27.1380,286,16,30,0.03000,BL,1,37,9.69000
27.1380,286,16,30,0.03000,FR,0,29,9.45000
27.1380,286,16,30,0.03000,BR,0,22,9.24000
27.1500,286,16,30,0.03000,FL,0,14,9.00000
27.1500,286,16,30,0.03000,BL,0,7,8.79000
27.1500,286,16,30,0.03000,BL,1,37,9.69000
27.1500,286,16,30,0.03000,FR,0,29,9.45000
27.1500,286,16,30,0.03000,BR,0,22,9.24000
27.1580,287,17,30,0.03000,FL,0,13,9.00000
27.1580,287,17,30,0.03000,BL,0,6,8.79000
27.1580,287,17,30,0.03000,BL,1,36,9.69000
27.1580,287,17,30,0.03000,FR,0,28,9.45000
27.1580,287,17,30,0.03000,BR,0,21,9.24000
27.1680,287,17,30,0.03000,FL,0,13,9.00000
27.1680,287,17,30,0.03000,BL,0,6,8.79000
27.1680,287,17,30,0.03000,BL,1,36,9.69000
27.1680,287,17,30,0.03000,FR,0,28,9.45000
27.1680,287,17,30,0.03000,BR,0,21,9.24000
27.1760,287,17,30,0.03000,FL,0,13,9.00000
27.1760,287,17,30,0.03000,BL,0,6,8.79000
27.1760,287,17,30,0.03000,BL,1,36,9.69000
27.1760,287,17,30,0.03000,FR,0,28,9.45000
27.1760,287,17,30,0.03000,BR,0,21,9.24000
27.1860,288,18,30,0.03000,FL,0,12,9.00000
27.1860,288,18,30,0.03000,BL,0,5,8.79000
27.1860,288,18,30,0.03000,BL,1,35,9.69000
27.1860,288,18,30,0.03000,FR,0,27,9.45000
27.1860,288,18,30,0.03000,BR,0,20,9.24000
27.1960,288,18,30,0.03000,FL,0,12,9.00000
27.1960,288,18,30,0.03000,BL,0,5,8.79000
27.1960,288,18,30,0.03000,BL,1,35,9.69000
27.1960,288,18,30,0.03000,FR,0,27,9.45000
27.1960,288,18,30,0.03000,BR,0,20,9.24000
27.2060,288,18,30,0.03000,FL,0,12,9.00000
27.2060,288,18,30,0.03000,BL,0,5,8.79000
27.2060,288,18,30,0.03000,BL,1,35,9.69000
27.2060,288,18,30,0.03000,FR,0,27,9.45000
27.2060,288,18,30,0.03000,BR,0,20,9.24000
27.2140,289,19,30,0.03000,FL,0,11,9.00000
27.2140,289,19,30,0.03000,BL,0,4,8.79000
27.2140,289,19,30,0.03000,BL,1,34,9.69000
27.2140,289,19,30,0.03000,FR,0,26,9.45000
27.2140,289,19,30,0.03000,BR,0,19,9.24000
27.2220,289,19,30,0.03000,FL,0,11,9.00000
27.2220,289,19,30,0.03000,BL,0,4,8.79000
27.2220,289,19,30,0.03000,BL,1,34,9.69000
27.2220,289,19,30,0.03000,FR,0,26,9.45000
27.2220,289,19,30,0.03000,BR,0,19,9.24000
27.2320,289,19,30,0.03000,FL,0,11,9.00000
27.2320,289,19,30,0.03000,BL,0,4,8.79000
27.2320,289,19,30,0.03000,BL,1,34,9.69000
27.2320,289,19,30,0.03000,FR,0,26,9.45000
27.2320,289,19,30,0.03000,BR,0,19,9.24000
27.2420,289,19,30,0.03000,FL,0,11,9.00000
27.2420,289,19,30,0.03000,BL,0,4,8.79000
27.2420,289,19,30,0.03000,BL,1,34,9.69000
27.2420,289,19,30,0.03000,FR,0,26,9.45000
27.2420,289,19,30,0.03000,BR,0,19,9.24000
27.2500,290,20,30,0.03000,FL,0,10,9.00000
27.2500,290,20,30,0.03000,BL,0,3,8.79000
27.2500,290,20,30,0.03000,BL,1,33,9.69000
27.2500,290,20,30,0.03000,FR,0,25,9.45000
27.2500,290,20,30,0.03000,BR,0,18,9.24000
27.2600,290,20,30,0.03000,FL,0,10,9.00000
27.2600,290,20,30,0.03000,BL,0,3,8.79000
27.2600,290,20,30,0.03000,BL,1,33,9.69000
27.2600,290,20,30,0.03000,FR,0,25,9.45000
27.2600,290,20,30,0.03000,BR,0,18,9.24000
27.2680,290,20,30,0.03000,FL,0,10,9.00000
27.2680,290,20,30,0.03000,BL,0,3,8.79000
27.2680,290,20,30,0.03000,BL,1,33,9.69000
27.2680,290,20,30,0.03000,FR,0,25,9.45000
27.2680,290,20,30,0.03000,BR,0,18,9.24000
27.2780,291,21,30,0.03000,FL,0,9,9.00000
27.2780,291,21,30,0.03000,FL,1,39,9.90000
27.2780,291,21,30,0.03000,BL,0,2,8.79000
27.2780,291,21,30,0.03000,BL,1,32,9.69000
27.2780,291,21,30,0.03000,FR,0,24,9.45000
27.2780,291,21,30,0.03000,BR,0,17,9.24000
27.2880,291,21,30,0.03000,FL,0,9,9.00000
27.2880,291,21,30,0.03000,FL,1,39,9.90000
27.2880,291,21,30,0.03000,BL,0,2,8.79000
27.2880,291,21,30,0.03000,BL,1,32,9.69000
27.2880,291,21,30,0.03000,FR,0,24,9.45000
27.2880,291,21,30,0.03000,BR,0,17,9.24000
27.2960,291,21,30,0.03000,FL,0,9,9.00000
27.2960,291,21,30,0.03000,FL,1,39,9.90000
27.2960,291,21,30,0.03000,BL,0,2,8.79000
27.2960,291,21,30,0.03000,BL,1,32,9.69000
27.2960,291,21,30,0.03000,FR,0,24,9.45000
27.2960,291,21,30,0.03000,BR,0,17,9.24000
27.3100,292,22,30,0.03000,FL,0,8,9.00000
27.3100,292,22,30,0.03000,FL,1,38,9.90000
27.3100,292,22,30,0.03000,BL,0,1,8.79000
27.3100,292,22,30,0.03000,BL,1,31,9.69000
27.3100,292,22,30,0.03000,FR,0,23,9.45000
27.3100,292,22,30,0.03000,BR,0,16,9.24000
27.3280,292,22,30,0.03000,FL,0,8,9.00000
27.3280,292,22,30,0.03000,FL,1,38,9.90000
27.3280,292,22,30,0.03000,BL,0,1,8.79000
27.3280,292,22,30,0.03000,BL,1,31,9.69000
27.3280,292,22,30,0.03000,FR,0,23,9.45000
27.3280,292,22,30,0.03000,BR,0,16,9.24000
27.3380,293,23,30,0.03000,FL,0,7,9.00000
27.3380,293,23,30,0.03000,FL,1,37,9.90000
27.3380,293,23,30,0.03000,BL,0,30,9.69000
27.3380,293,23,30,0.03000,FR,0,22,9.45000
27.3380,293,23,30,0.03000,BR,0,15,9.24000
27.3480,293,23,30,0.03000,FL,0,7,9.00000
27.3480,293,23,30,0.03000,FL,1,37,9.90000
27.3480,293,23,30,0.03000,BL,0,30,9.69000
27.3480,293,23,30,0.03000,FR,0,22,9.45000
27.3480,293,23,30,0.03000,BR,0,15,9.24000
27.3560,293,23,30,0.03000,FL,0,7,9.00000
27.3560,293,23,30,0.03000,FL,1,37,9.90000
27.3560,293,23,30,0.03000,BL,0,30,9.69000
27.3560,293,23,30,0.03000,FR,0,22,9.45000
27.3560,293,23,30,0.03000,BR,0,15,9.24000
27.3660,294,24,30,0.03000,FL,0,6,9.00000
27.3660,294,24,30,0.03000,FL,1,36,9.90000
27.3660,294,24,30,0.03000,BL,0,29,9.69000
27.3660,294,24,30,0.03000,FR,0,21,9.45000
27.3660,294,24,30,0.03000,BR,0,14,9.24000
27.3760,294,24,30,0.03000,FL,0,6,9.00000
27.3760,294,24,30,0.03000,FL,1,36,9.90000
27.3760,294,24,30,0.03000,BL,0,29,9.69000
27.3760,294,24,30,0.03000,FR,0,21,9.45000
27.3760,294,24,30,0.03000,BR,0,14,9.24000
27.3840,294,24,30,0.03000,FL,0,6,9.00000
27.3840,294,24,30,0.03000,FL,1,36,9.90000
27.3840,294,24,30,0.03000,BL,0,29,9.69000
27.3840,294,24,30,0.03000,FR,0,21,9.45000
27.3840,294,24,30,0.03000,BR,0,14,9.24000
27.3960,295,25,30,0.03000,FL,0,5,9.00000
27.3960,295,25,30,0.03000,FL,1,35,9.90000
27.3960,295,25,30,0.03000,BL,0,28,9.69000
27.3960,295,25,30,0.03000,FR,0,20,9.45000
27.3960,295,25,30,0.03000,BR,0,13,9.24000
27.4040,295,25,30,0.03000,FL,0,5,9.00000
27.4040,295,25,30,0.03000,FL,1,35,9.90000
27.4040,295,25,30,0.03000,BL,0,28,9.69000
27.4040,295,25,30,0.03000,FR,0,20,9.45000
27.4040,295,25,30,0.03000,BR,0,13,9.24000
27.4140,295,25,30,0.03000,FL,0,5,9.00000
27.4140,295,25,30,0.03000,FL,1,35,9.90000
27.4140,295,25,30,0.03000,BL,0,28,9.69000
27.4140,295,25,30,0.03000,FR,0,20,9.45000
27.4140,295,25,30,0.03000,BR,0,13,9.24000
27.4220,295,25,30,0.03000,FL,0,5,9.00000
27.4220,295,25,30,0.03000,FL,1,35,9.90000
27.4220,295,25,30,0.03000,BL,0,28,9.69000
27.4220,295,25,30,0.03000,FR,0,20,9.45000
27.4220,295,25,30,0.03000,BR,0,13,9.24000
27.4320,296,26,30,0.03000,FL,0,4,9.00000
27.4320,296,26,30,0.03000,FL,1,34,9.90000
27.4320,296,26,30,0.03000,BL,0,27,9.69000
27.4320,296,26,30,0.03000,FR,0,19,9.45000
27.4320,296,26,30,0.03000,BR,0,12,9.24000
27.4420,296,26,30,0.03000,FL,0,4,9.00000
27.4420,296,26,30,0.03000,FL,1,34,9.90000
27.4420,296,26,30,0.03000,BL,0,27,9.69000
27.4420,296,26,30,0.03000,FR,0,19,9.45000
27.4420,296,26,30,0.03000,BR,0,12,9.24000
27.4500,296,26,30,0.03000,FL,0,4,9.00000
27.4500,296,26,30,0.03000,FL,1,34,9.90000
27.4500,296,26,30,0.03000,BL,0,27,9.69000
27.4500,296,26,30,0.03000,FR,0,19,9.45000
27.4500,296,26,30,0.03000,BR,0,12,9.24000
27.4600,297,27,30,0.03000,FL,0,3,9.00000
27.4600,297,27,30,0.03000,FL,1,33,9.90000
27.4600,297,27,30,0.03000,BL,0,26,9.69000
27.4600,297,27,30,0.03000,FR,0,18,9.45000
27.4600,297,27,30,0.03000,BR,0,11,9.24000
27.4680,297,27,30,0.03000,FL,0,3,9.00000
27.4680,297,27,30,0.03000,FL,1,33,9.90000
27.4680,297,27,30,0.03000,BL,0,26,9.69000
27.4680,297,27,30,0.03000,FR,0,18,9.45000
27.4680,297,27,30,0.03000,BR,0,11,9.24000
27.4780,297,27,30,0.03000,FL,0,3,9.00000
27.4780,297,27,30,0.03000,FL,1,33,9.90000
27.4780,297,27,30,0.03000,BL,0,26,9.69000
27.4780,297,27,30,0.03000,FR,0,18,9.45000
27.4780,297,27,30,0.03000,BR,0,11,9.24000
27.4880,298,28,30,0.03000,FL,0,2,9.00000
27.4880,298,28,30,0.03000,FL,1,32,9.90000
27.4880,298,28,30,0.03000,BL,0,25,9.69000
27.4880,298,28,30,0.03000,FR,0,17,9.45000
27.4880,298,28,30,0.03000,BR,0,10,9.24000
27.4960,298,28,30,0.03000,FL,0,2,9.00000
27.4960,298,28,30,0.03000,FL,1,32,9.90000
27.4960,298,28,30,0.03000,BL,0,25,9.69000
27.4960,298,28,30,0.03000,FR,0,17,9.45000
27.4960,298,28,30,0.03000,BR,0,10,9.24000
27.5060,298,28,30,0.03000,FL,0,2,9.00000
27.5060,298,28,30,0.03000,FL,1,32,9.90000
27.5060,298,28,30,0.03000,BL,0,25,9.69000
27.5060,298,28,30,0.03000,FR,0,17,9.45000
27.5060,298,28,30,0.03000,BR,0,10,9.24000
27.5140,299,29,30,0.03000,FL,0,1,9.00000
27.5140,299,29,30,0.03000,FL,1,31,9.90000
27.5140,299,29,30,0.03000,BL,0,24,9.69000
27.5140,299,29,30,0.03000,FR,0,16,9.45000
27.5140,299,29,30,0.03000,BR,0,9,9.24000
27.5140,299,29,30,0.03000,BR,1,39,10.14000
27.5240,299,29,30,0.03000,FL,0,1,9.00000
27.5240,299,29,30,0.03000,FL,1,31,9.90000
27.5240,299,29,30,0.03000,BL,0,24,9.69000
27.5240,299,29,30,0.03000,FR,0,16,9.45000
27.5240,299,29,30,0.03000,BR,0,9,9.24000
27.5240,299,29,30,0.03000,BR,1,39,10.14000
27.5340,299,29,30,0.03000,FL,0,1,9.00000
27.5340,299,29,30,0.03000,FL,1,31,9.90000
27.5340,299,29,30,0.03000,BL,0,24,9.69000
27.5340,299,29,30,0.03000,FR,0,16,9.45000
27.5340,299,29,30,0.03000,BR,0,9,9.24000
27.5340,299,29,30,0.03000,BR,1,39,10.14000
27.5420,299,29,30,0.03000,FL,0,1,9.00000
27.5420,299,29,30,0.03000,FL,1,31,9.90000
27.5420,299,29,30,0.03000,BL,0,24,9.69000
27.5420,299,29,30,0.03000,FR,0,16,9.45000
27.5420,299,29,30,0.03000,BR,0,9,9.24000
27.5420,299,29,30,0.03000,BR,1,39,10.14000
27.5520,300,0,30,0.03000,FL,0,30,9.90000
27.5520,300,0,30,0.03000,BL,0,23,9.69000
27.5520,300,0,30,0.03000,FR,0,15,9.45000
27.5520,300,0,30,0.03000,BR,0,8,9.24000
27.5520,300,0,30,0.03000,BR,1,38,10.14000
27.5720,300,0,30,0.03000,FL,0,30,9.90000
27.5720,300,0,30,0.03000,BL,0,23,9.69000
27.5720,300,0,30,0.03000,FR,0,15,9.45000
27.5720,300,0,30,0.03000,BR,0,8,9.24000
27.5720,300,0,30,0.03000,BR,1,38,10.14000
27.5800,301,1,30,0.03000,FL,0,29,9.90000
27.5800,301,1,30,0.03000,BL,0,22,9.69000
27.5800,301,1,30,0.03000,FR,0,14,9.45000
27.5800,301,1,30,0.03000,BR,0,7,9.24000
27.5800,301,1,30,0.03000,BR,1,37,10.14000
27.5900,301,1,30,0.03000,FL,0,29,9.90000
27.5900,301,1,30,0.03000,BL,0,22,9.69000
27.5900,301,1,30,0.03000,FR,0,14,9.45000
27.5900,301,1,30,0.03000,BR,0,7,9.24000
27.5900,301,1,30,0.03000,BR,1,37,10.14000
27.5980,301,1,30,0.03000,FL,0,29,9.90000
27.5980,301,1,30,0.03000,BL,0,22,9.69000
27.5980,301,1,30,0.03000,FR,0,14,9.45000
27.5980,301,1,30,0.03000,BR,0,7,9.24000
27.5980,301,1,30,0.03000,BR,1,37,10.14000
27.6080,302,2,30,0.03000,FL,0,28,9.90000
27.6080,302,2,30,0.03000,BL,0,21,9.69000
27.6080,302,2,30,0.03000,FR,0,13,9.45000
27.6080,302,2,30,0.03000,BR,0,6,9.24000
27.6080,302,2,30,0.03000,BR,1,36,10.14000
27.6180,302,2,30,0.03000,FL,0,28,9.90000
27.6180,302,2,30,0.03000,BL,0,21,9.69000
27.6180,302,2,30,0.03000,FR,0,13,9.45000
27.6180,302,2,30,0.03000,BR,0,6,9.24000
27.6180,302,2,30,0.03000,BR,1,36,10.14000
27.6260,302,2,30,0.03000,FL,0,28,9.90000
27.6260,302,2,30,0.03000,BL,0,21,9.69000
27.6260,302,2,30,0.03000,FR,0,13,9.45000
27.6260,302,2,30,0.03000,BR,0,6,9.24000
27.6260,302,2,30,0.03000,BR,1,36,10.14000
27.6360,303,3,30,0.03000,FL,0,27,9.90000
27.6360,303,3,30,0.03000,BL,0,20,9.69000
27.6360,303,3,30,0.03000,FR,0,12,9.45000
27.6360,303,3,30,0.03000,BR,0,5,9.24000
27.6360,303,3,30,0.03000,BR,1,35,10.14000
27.6460,303,3,30,0.03000,FL,0,27,9.90000
27.6460,303,3,30,0.03000,BL,0,20,9.69000
27.6460,303,3,30,0.03000,FR,0,12,9.45000
27.6460,303,3,30,0.03000,BR,0,5,9.24000
27.6460,303,3,30,0.03000,BR,1,35,10.14000
27.6600,303,3,30,0.03000,FL,0,27,9.90000
27.6600,303,3,30,0.03000,BL,0,20,9.69000
27.6600,303,3,30,0.03000,FR,0,12,9.45000
27.6600,303,3,30,0.03000,BR,0,5,9.24000
27.6600,303,3,30,0.03000,BR,1,35,10.14000
27.6700,304,4,30,0.03000,FL,0,26,9.90000
27.6700,304,4,30,0.03000,BL,0,19,9.69000
27.6700,304,4,30,0.03000,FR,0,11,9.45000
27.6700,304,4,30,0.03000,BR,0,4,9.24000
27.6700,304,4,30,0.03000,BR,1,34,10.14000
27.6820,304,4,30,0.03000,FL,0,26,9.90000
27.6820,304,4,30,0.03000,BL,0,19,9.69000
27.6820,304,4,30,0.03000,FR,0,11,9.45000
27.6820,304,4,30,0.03000,BR,0,4,9.24000
27.6820,304,4,30,0.03000,BR,1,34,10.14000
27.6900,304,4,30,0.03000,FL,0,26,9.90000
27.6900,304,4,30,0.03000,BL,0,19,9.69000
27.6900,304,4,30,0.03000,FR,0,11,9.45000
27.6900,304,4,30,0.03000,BR,0,4,9.24000
27.6900,304,4,30,0.03000,BR,1,34,10.14000
27.7020,305,5,30,0.03000,FL,0,25,9.90000
27.7020,305,5,30,0.03000,BL,0,18,9.69000
27.7020,305,5,30,0.03000,FR,0,10,9.45000
27.7020,305,5,30,0.03000,BR,0,3,9.24000
27.7020,305,5,30,0.03000,BR,1,33,10.14000
27.7120,305,5,30,0.03000,FL,0,25,9.90000
27.7120,305,5,30,0.03000,BL,0,18,9.69000
27.7120,305,5,30,0.03000,FR,0,10,9.45000
27.7120,305,5,30,0.03000,BR,0,3,9.24000
27.7120,305,5,30,0.03000,BR,1,33,10.14000
27.7220,305,5,30,0.03000,FL,0,25,9.90000
27.7220,305,5,30,0.03000,BL,0,18,9.69000
27.7220,305,5,30,0.03000,FR,0,10,9.45000
27.7220,305,5,30,0.03000,BR,0,3,9.24000
27.7220,305,5,30,0.03000,BR,1,33,10.14000
27.7360,306,6,30,0.03000,FL,0,24,9.90000
27.7360,306,6,30,0.03000,BL,0,17,9.69000
27.7360,306,6,30,0.03000,FR,0,9,9.45000
27.7360,306,6,30,0.03000,FR,1,39,10.35000
27.7360,306,6,30,0.03000,BR,0,2,9.24000
27.7360,306,6,30,0.03000,BR,1,32,10.14000
27.7500,306,6,30,0.03000,FL,0,24,9.90000
27.7500,306,6,30,0.03000,BL,0,17,9.69000
27.7500,306,6,30,0.03000,FR,0,9,9.45000
27.7500,306,6,30,0.03000,FR,1,39,10.35000
27.7500,306,6,30,0.03000,BR,0,2,9.24000
27.7500,306,6,30,0.03000,BR,1,32,10.14000
27.7620,307,7,30,0.03000,FL,0,23,9.90000
27.7620,307,7,30,0.03000,BL,0,16,9.69000
27.7620,307,7,30,0.03000,FR,0,8,9.45000
27.7620,307,7,30,0.03000,FR,1,38,10.35000
27.7620,307,7,30,0.03000,BR,0,1,9.24000
27.7620,307,7,30,0.03000,BR,1,31,10.14000
27.7920,308,8,30,0.03000,FL,0,22,9.90000
27.7920,308,8,30,0.03000,BL,0,15,9.69000
27.7920,308,8,30,0.03000,FR,0,7,9.45000
27.7920,308,8,30,0.03000,FR,1,37,10.35000
27.7920,308,8,30,0.03000,BR,0,30,10.14000
27.8020,308,8,30,0.03000,FL,0,22,9.90000
27.8020,308,8,30,0.03000,BL,0,15,9.69000
27.8020,308,8,30,0.03000,FR,0,7,9.45000
27.8020,308,8,30,0.03000,FR,1,37,10.35000
27.8020,308,8,30,0.03000,BR,0,30,10.14000
27.8100,308,8,30,0.03000,FL,0,22,9.90000
27.8100,308,8,30,0.03000,BL,0,15,9.69000
27.8100,308,8,30,0.03000,FR,0,7,9.45000
27.8100,308,8,30,0.03000,FR,1,37,10.35000
27.8100,308,8,30,0.03000,BR,0,30,10.14000
27.8200,309,9,30,0.03000,FL,0,21,9.90000
27.8200,309,9,30,0.03000,BL,0,14,9.69000
27.8200,309,9,30,0.03000,FR,0,6,9.45000
27.8200,309,9,30,0.03000,FR,1,36,10.35000
27.8200,309,9,30,0.03000,BR,0,29,10.14000
27.8300,309,9,30,0.03000,FL,0,21,9.90000
27.8300,309,9,30,0.03000,BL,0,14,9.69000
27.8300,309,9,30,0.03000,FR,0,6,9.45000
27.8300,309,9,30,0.03000,FR,1,36,10.35000
27.8300,309,9,30,0.03000,BR,0,29,10.14000
27.8380,309,9,30,0.03000,FL,0,21,9.90000
27.8380,309,9,30,0.03000,BL,0,14,9.69000
27.8380,309,9,30,0.03000,FR,0,6,9.45000
27.8380,309,9,30,0.03000,FR,1,36,10.35000
27.8380,309,9,30,0.03000,BR,0,29,10.14000
27.8480,310,10,30,0.03000,FL,0,20,9.90000
27.8480,310,10,30,0.03000,BL,0,13,9.69000
27.8480,310,10,30,0.03000,FR,0,5,9.45000
27.8480,310,10,30,0.03000,FR,1,35,10.35000
27.8480,310,10,30,0.03000,BR,0,28,10.14000
27.8560,310,10,30,0.03000,FL,0,20,9.90000
27.8560,310,10,30,0.03000,BL,0,13,9.69000
27.8560,310,10,30,0.03000,FR,0,5,9.45000
27.8560,310,10,30,0.03000,FR,1,35,10.35000
27.8560,310,10,30,0.03000,BR,0,28,10.14000
27.8680,310,10,30,0.03000,FL,0,20,9.90000
27.8680,310,10,30,0.03000,BL,0,13,9.69000
27.8680,310,10,30,0.03000,FR,0,5,9.45000
27.8680,310,10,30,0.03000,FR,1,35,10.35000
27.8680,310,10,30,0.03000,BR,0,28,10.14000
27.8760,311,11,30,0.03000,FL,0,19,9.90000
27.8760,311,11,30,0.03000,BL,0,12,9.69000
27.8760,311,11,30,0.03000,FR,0,4,9.45000
27.8760,311,11,30,0.03000,FR,1,34,10.35000
27.8760,311,11,30,0.03000,BR,0,27,10.14000
27.8860,311,11,30,0.03000,FL,0,19,9.90000
27.8860,311,11,30,0.03000,BL,0,12,9.69000
27.8860,311,11,30,0.03000,FR,0,4,9.45000
27.8860,311,11,30,0.03000,FR,1,34,10.35000
27.8860,311,11,30,0.03000,BR,0,27,10.14000
27.9000,311,11,30,0.03000,FL,0,19,9.90000
27.9000,311,11,30,0.03000,BL,0,12,9.69000
27.9000,311,11,30,0.03000,FR,0,4,9.45000
27.9000,311,11,30,0.03000,FR,1,34,10.35000
27.9000,311,11,30,0.03000,BR,0,27,10.14000
27.9140,312,12,30,0.03000,FL,0,18,9.90000
27.9140,312,12,30,0.03000,BL,0,11,9.69000
27.9140,312,12,30,0.03000,FR,0,3,9.45000
27.9140,312,12,30,0.03000,FR,1,33,10.35000
27.9140,312,12,30,0.03000,BR,0,26,10.14000
27.9260,312,12,30,0.03000,FL,0,18,9.90000
27.9260,312,12,30,0.03000,BL,0,11,9.69000
27.9260,312,12,30,0.03000,FR,0,3,9.45000
27.9260,312,12,30,0.03000,FR,1,33,10.35000
27.9260,312,12,30,0.03000,BR,0,26,10.14000
27.9400,313,13,30,0.03000,FL,0,17,9.90000
27.9400,313,13,30,0.03000,BL,0,10,9.69000
27.9400,313,13,30,0.03000,FR,0,2,9.45000
27.9400,313,13,30,0.03000,FR,1,32,10.35000
27.9400,313,13,30,0.03000,BR,0,25,10.14000
27.9480,313,13,30,0.03000,FL,0,17,9.90000
27.9480,313,13,30,0.03000,BL,0,10,9.69000
27.9480,313,13,30,0.03000,FR,0,2,9.45000
27.9480,313,13,30,0.03000,FR,1,32,10.35000
27.9480,313,13,30,0.03000,BR,0,25,10.14000
27.9580,313,13,30,0.03000,FL,0,17,9.90000
27.9580,313,13,30,0.03000,BL,0,10,9.69000
27.9580,313,13,30,0.03000,FR,0,2,9.45000
27.9580,313,13,30,0.03000,FR,1,32,10.35000
27.9580,313,13,30,0.03000,BR,0,25,10.14000
27.9760,314,14,30,0.03000,FL,0,16,9.90000
27.9760,314,14,30,0.03000,BL,0,9,9.69000
27.9760,314,14,30,0.03000,BL,1,39,10.59000
27.9760,314,14,30,0.03000,FR,0,1,9.45000
27.9760,314,14,30,0.03000,FR,1,31,10.35000
27.9760,314,14,30,0.03000,BR,0,24,10.14000
27.9860,314,14,30,0.03000,FL,0,16,9.90000
27.9860,314,14,30,0.03000,BL,0,9,9.69000
27.9860,314,14,30,0.03000,BL,1,39,10.59000
27.9860,314,14,30,0.03000,FR,0,1,9.45000
27.9860,314,14,30,0.03000,FR,1,31,10.35000
27.9860,314,14,30,0.03000,BR,0,24,10.14000
27.9940,315,15,30,0.03000,FL,0,15,9.90000
27.9940,315,15,30,0.03000,BL,0,8,9.69000
27.9940,315,15,30,0.03000,BL,1,38,10.59000
27.9940,315,15,30,0.03000,FR,0,30,10.35000
27.9940,315,15,30,0.03000,BR,0,23,10.14000
28.0120,315,15,30,0.03000,FL,0,15,9.90000
28.0120,315,15,30,0.03000,BL,0,8,9.69000
28.0120,315,15,30,0.03000,BL,1,38,10.59000
28.0120,315,15,30,0.03000,FR,0,30,10.35000
28.0120,315,15,30,0.03000,BR,0,23,10.14000
28.0240,316,16,30,0.03000,FL,0,14,9.90000
28.0240,316,16,30,0.03000,BL,0,7,9.69000
28.0240,316,16,30,0.03000,BL,1,37,10.59000
28.0240,316,16,30,0.03000,FR,0,29,10.35000
28.0240,316,16,30,0.03000,BR,0,22,10.14000
28.0320,316,16,30,0.03000,FL,0,14,9.90000
28.0320,316,16,30,0.03000,BL,0,7,9.69000
28.0320,316,16,30,0.03000,BL,1,37,10.59000
28.0320,316,16,30,0.03000,FR,0,29,10.35000
28.0320,316,16,30,0.03000,BR,0,22,10.14000
28.0440,316,16,30,0.03000,FL,0,14,9.90000
28.0440,316,16,30,0.03000,BL,0,7,9.69000
28.0440,316,16,30,0.03000,BL,1,37,10.59000
28.0440,316,16,30,0.03000,FR,0,29,10.35000
28.0440,316,16,30,0.03000,BR,0,22,10.14000
28.0520,316,16,30,0.03000,FL,0,14,9.90000
28.0520,316,16,30,0.03000,BL,0,7,9.69000
28.0520,316,16,30,0.03000,BL,1,37,10.59000
28.0520,316,16,30,0.03000,FR,0,29,10.35000
28.0520,316,16,30,0.03000,BR,0,22,10.14000
28.0620,317,17,30,0.03000,FL,0,13,9.90000
28.0620,317,17,30,0.03000,BL,0,6,9.69000
28.0620,317,17,30,0.03000,BL,1,36,10.59000
28.0620,317,17,30,0.03000,FR,0,28,10.35000
28.0620,317,17,30,0.03000,BR,0,21,10.14000
28.0740,317,17,30,0.03000,FL,0,13,9.90000
28.0740,317,17,30,0.03000,BL,0,6,9.69000
28.0740,317,17,30,0.03000,BL,1,36,10.59000
28.0740,317,17,30,0.03000,FR,0,28,10.35000
28.0740,317,17,30,0.03000,BR,0,21,10.14000
28.0840,318,18,30,0.03000,FL,0,12,9.90000
28.0840,318,18,30,0.03000,BL,0,5,9.69000
28.0840,318,18,30,0.03000,BL,1,35,10.59000
28.0840,318,18,30,0.03000,FR,0,27,10.35000
28.0840,318,18,30,0.03000,BR,0,20,10.14000
28.0960,318,18,30,0.03000,FL,0,12,9.90000
28.0960,318,18,30,0.03000,BL,0,5,9.69000
28.0960,318,18,30,0.03000,BL,1,35,10.59000
28.0960,318,18,30,0.03000,FR,0,27,10.35000
28.0960,318,18,30,0.03000,BR,0,20,10.14000
28.1060,318,18,30,0.03000,FL,0,12,9.90000
28.1060,318,18,30,0.03000,BL,0,5,9.69000
28.1060,318,18,30,0.03000,BL,1,35,10.59000
28.1060,318,18,30,0.03000,FR,0,27,10.35000
28.1060,318,18,30,0.03000,BR,0,20,10.14000
28.1160,319,19,30,0.03000,FL,0,11,9.90000
28.1160,319,19,30,0.03000,BL,0,4,9.69000
28.1160,319,19,30,0.03000,BL,1,34,10.59000
28.1160,319,19,30,0.03000,FR,0,26,10.35000
28.1160,319,19,30,0.03000,BR,0,19,10.14000
28.1260,319,19,30,0.03000,FL,0,11,9.90000
28.1260,319,19,30,0.03000,BL,0,4,9.69000
28.1260,319,19,30,0.03000,BL,1,34,10.59000
28.1260,319,19,30,0.03000,FR,0,26,10.35000
28.1260,319,19,30,0.03000,BR,0,19,10.14000
28.1360,319,19,30,0.03000,FL,0,11,9.90000
28.1360,319,19,30,0.03000,BL,0,4,9.69000
28.1360,319,19,30,0.03000,BL,1,34,10.59000
28.1360,319,19,30,0.03000,FR,0,26,10.35000
28.1360,319,19,30,0.03000,BR,0,19,10.14000
28.1440,320,20,30,0.03000,FL,0,10,9.90000
28.1440,320,20,30,0.03000,BL,0,3,9.69000
28.1440,320,20,30,0.03000,BL,1,33,10.59000
28.1440,320,20,30,0.03000,FR,0,25,10.35000
28.1440,320,20,30,0.03000,BR,0,18,10.14000
28.1520,320,20,30,0.03000,FL,0,10,9.90000
28.1520,320,20,30,0.03000,BL,0,3,9.69000
28.1520,320,20,30,0.03000,BL,1,33,10.59000
28.1520,320,20,30,0.03000,FR,0,25,10.35000
28.1520,320,20,30,0.03000,BR,0,18,10.14000
28.1620,320,20,30,0.03000,FL,0,10,9.90000
28.1620,320,20,30,0.03000,BL,0,3,9.69000
28.1620,320,20,30,0.03000,BL,1,33,10.59000
28.1620,320,20,30,0.03000,FR,0,25,10.35000
28.1620,320,20,30,0.03000,BR,0,18,10.14000
28.1720,320,20,30,0.03000,FL,0,10,9.90000
28.1720,320,20,30,0.03000,BL,0,3,9.69000
28.1720,320,20,30,0.03000,BL,1,33,10.59000
28.1720,320,20,30,0.03000,FR,0,25,10.35000
28.1720,320,20,30,0.03000,BR,0,18,10.14000
28.1800,321,21,30,0.03000,FL,0,9,9.90000
28.1800,321,21,30,0.03000,FL,1,39,10.80000
28.1800,321,21,30,0.03000,BL,0,2,9.69000
28.1800,321,21,30,0.03000,BL,1,32,10.59000
28.1800,321,21,30,0.03000,FR,0,24,10.35000
28.1800,321,21,30,0.03000,BR,0,17,10.14000
28.1900,321,21,30,0.03000,FL,0,9,9.90000
28.1900,321,21,30,0.03000,FL,1,39,10.80000
28.1900,321,21,30,0.03000,BL,0,2,9.69000
28.1900,321,21,30,0.03000,BL,1,32,10.59000
28.1900,321,21,30,0.03000,FR,0,24,10.35000
28.1900,321,21,30,0.03000,BR,0,17,10.14000
28.2000,321,21,30,0.03000,FL,0,9,9.90000
28.2000,321,21,30,0.03000,FL,1,39,10.80000
28.2000,321,21,30,0.03000,BL,0,2,9.69000
28.2000,321,21,30,0.03000,BL,1,32,10.59000
28.2000,321,21,30,0.03000,FR,0,24,10.35000
28.2000,321,21,30,0.03000,BR,0,17,10.14000
28.2080,322,22,30,0.03000,FL,0,8,9.90000
28.2080,322,22,30,0.03000,FL,1,38,10.80000
28.2080,322,22,30,0.03000,BL,0,1,9.69000
28.2080,322,22,30,0.03000,BL,1,31,10.59000
28.2080,322,22,30,0.03000,FR,0,23,10.35000
28.2080,322,22,30,0.03000,BR,0,16,10.14000
28.2320,322,22,30,0.03000,FL,0,8,9.90000
28.2320,322,22,30,0.03000,FL,1,38,10.80000
28.2320,322,22,30,0.03000,BL,0,1,9.69000
28.2320,322,22,30,0.03000,BL,1,31,10.59000
28.2320,322,22,30,0.03000,FR,0,23,10.35000
28.2320,322,22,30,0.03000,BR,0,16,10.14000
28.2400,323,23,30,0.03000,FL,0,7,9.90000
28.2400,323,23,30,0.03000,FL,1,37,10.80000
28.2400,323,23,30,0.03000,BL,0,30,10.59000
28.2400,323,23,30,0.03000,FR,0,22,10.35000
28.2400,323,23,30,0.03000,BR,0,15,10.14000
28.2520,323,23,30,0.03000,FL,0,7,9.90000
28.2520,323,23,30,0.03000,FL,1,37,10.80000
28.2520,323,23,30,0.03000,BL,0,30,10.59000
28.2520,323,23,30,0.03000,FR,0,22,10.35000
28.2520,323,23,30,0.03000,BR,0,15,10.14000
28.2660,324,24,30,0.03000,FL,0,6,9.90000
28.2660,324,24,30,0.03000,FL,1,36,10.80000
28.2660,324,24,30,0.03000,BL,0,29,10.59000
28.2660,324,24,30,0.03000,FR,0,21,10.35000
28.2660,324,24,30,0.03000,BR,0,14,10.14000
28.2760,324,24,30,0.03000,FL,0,6,9.90000
28.2760,324,24,30,0.03000,FL,1,36,10.80000
28.2760,324,24,30,0.03000,BL,0,29,10.59000
28.2760,324,24,30,0.03000,FR,0,21,10.35000
28.2760,324,24,30,0.03000,BR,0,14,10.14000
28.2880,324,24,30,0.03000,FL,0,6,9.90000
28.2880,324,24,30,0.03000,FL,1,36,10.80000
28.2880,324,24,30,0.03000,BL,0,29,10.59000
28.2880,324,24,30,0.03000,FR,0,21,10.35000
28.2880,324,24,30,0.03000,BR,0,14,10.14000
28.2960,325,25,30,0.03000,FL,0,5,9.90000
28.2960,325,25,30,0.03000,FL,1,35,10.80000
28.2960,325,25,30,0.03000,BL,0,28,10.59000
28.2960,325,25,30,0.03000,FR,0,20,10.35000
28.2960,325,25,30,0.03000,BR,0,13,10.14000
28.3040,325,25,30,0.03000,FL,0,5,9.90000
28.3040,325,25,30,0.03000,FL,1,35,10.80000
28.3040,325,25,30,0.03000,BL,0,28,10.59000
28.3040,325,25,30,0.03000,FR,0,20,10.35000
28.3040,325,25,30,0.03000,BR,0,13,10.14000
28.3140,325,25,30,0.03000,FL,0,5,9.90000
28.3140,325,25,30,0.03000,FL,1,35,10.80000
28.3140,325,25,30,0.03000,BL,0,28,10.59000
28.3140,325,25,30,0.03000,FR,0,20,10.35000
28.3140,325,25,30,0.03000,BR,0,13,10.14000
28.3240,326,26,30,0.03000,FL,0,4,9.90000
28.3240,326,26,30,0.03000,FL,1,34,10.80000
28.3240,326,26,30,0.03000,BL,0,27,10.59000
28.3240,326,26,30,0.03000,FR,0,19,10.35000
28.3240,326,26,30,0.03000,BR,0,12,10.14000
28.3340,326,26,30,0.03000,FL,0,4,9.90000
28.3340,326,26,30,0.03000,FL,1,34,10.80000
28.3340,326,26,30,0.03000,BL,0,27,10.59000
28.3340,326,26,30,0.03000,FR,0,19,10.35000
28.3340,326,26,30,0.03000,BR,0,12,10.14000
28.3440,326,26,30,0.03000,FL,0,4,9.90000
28.3440,326,26,30,0.03000,FL,1,34,10.80000
28.3440,326,26,30,0.03000,BL,0,27,10.59000
28.3440,326,26,30,0.03000,FR,0,19,10.35000
28.3440,326,26,30,0.03000,BR,0,12,10.14000
28.3540,327,27,30,0.03000,FL,0,3,9.90000
28.3540,327,27,30,0.03000,FL,1,33,10.80000
28.3540,327,27,30,0.03000,BL,0,26,10.59000
28.3540,327,27,30,0.03000,FR,0,18,10.35000
28.3540,327,27,30,0.03000,BR,0,11,10.14000
28.3640,327,27,30,0.03000,FL,0,3,9.90000
28.3640,327,27,30,0.03000,FL,1,33,10.80000
28.3640,327,27,30,0.03000,BL,0,26,10.59000
28.3640,327,27,30,0.03000,FR,0,18,10.35000
28.3640,327,27,30,0.03000,BR,0,11,10.14000
28.3740,327,27,30,0.03000,FL,0,3,9.90000
28.3740,327,27,30,0.03000,FL,1,33,10.80000
28.3740,327,27,30,0.03000,BL,0,26,10.59000
28.3740,327,27,30,0.03000,FR,0,18,10.35000
28.3740,327,27,30,0.03000,BR,0,11,10.14000
28.3820,327,27,30,0.03000,FL,0,3,9.90000
28.3820,327,27,30,0.03000,FL,1,33,10.80000
28.3820,327,27,30,0.03000,BL,0,26,10.59000
28.3820,327,27,30,0.03000,FR,0,18,10.35000
28.3820,327,27,30,0.03000,BR,0,11,10.14000
28.3920,328,28,30,0.03000,FL,0,2,9.90000
28.3920,328,28,30,0.03000,FL,1,32,10.80000
28.3920,328,28,30,0.03000,BL,0,25,10.59000
28.3920,328,28,30,0.03000,FR,0,17,10.35000
28.3920,328,28,30,0.03000,BR,0,10,10.14000
28.4020,328,28,30,0.03000,FL,0,2,9.90000
28.4020,328,28,30,0.03000,FL,1,32,10.80000
28.4020,328,28,30,0.03000,BL,0,25,10.59000
28.4020,328,28,30,0.03000,FR,0,17,10.35000
28.4020,328,28,30,0.03000,BR,0,10,10.14000
28.4100,328,28,30,0.03000,FL,0,2,9.90000
28.4100,328,28,30,0.03000,FL,1,32,10.80000
28.4100,328,28,30,0.03000,BL,0,25,10.59000
28.4100,328,28,30,0.03000,FR,0,17,10.35000
28.4100,328,28,30,0.03000,BR,0,10,10.14000
28.4200,329,29,30,0.03000,FL,0,1,9.90000
28.4200,329,29,30,0.03000,FL,1,31,10.80000
28.4200,329,29,30,0.03000,BL,0,24,10.59000
28.4200,329,29,30,0.03000,FR,0,16,10.35000
28.4200,329,29,30,0.03000,BR,0,9,10.14000
28.4200,329,29,30,0.03000,BR,1,39,11.04000
28.4300,329,29,30,0.03000,FL,0,1,9.90000
28.4300,329,29,30,0.03000,FL,1,31,10.80000
28.4300,329,29,30,0.03000,BL,0,24,10.59000
28.4300,329,29,30,0.03000,FR,0,16,10.35000
28.4300,329,29,30,0.03000,BR,0,9,10.14000
28.4300,329,29,30,0.03000,BR,1,39,11.04000
28.4380,329,29,30,0.03000,FL,0,1,9.90000
28.4380,329,29,30,0.03000,FL,1,31,10.80000
28.4380,329,29,30,0.03000,BL,0,24,10.59000
28.4380,329,29,30,0.03000,FR,0,16,10.35000
28.4380,329,29,30,0.03000,BR,0,9,10.14000
28.4380,329,29,30,0.03000,BR,1,39,11.04000
28.4480,330,0,30,0.03000,FL,0,30,10.80000
28.4480,330,0,30,0.03000,BL,0,23,10.59000
28.4480,330,0,30,0.03000,FR,0,15,10.35000
28.4480,330,0,30,0.03000,BR,0,8,10.14000
28.4480,330,0,30,0.03000,BR,1,38,11.04000
28.4680,330,0,30,0.03000,FL,0,30,10.80000
28.4680,330,0,30,0.03000,BL,0,23,10.59000
28.4680,330,0,30,0.03000,FR,0,15,10.35000
28.4680,330,0,30,0.03000,BR,0,8,10.14000
28.4680,330,0,30,0.03000,BR,1,38,11.04000
28.4760,331,1,30,0.03000,FL,0,29,10.80000
28.4760,331,1,30,0.03000,BL,0,22,10.59000
28.4760,331,1,30,0.03000,FR,0,14,10.35000
28.4760,331,1,30,0.03000,BR,0,7,10.14000
28.4760,331,1,30,0.03000,BR,1,37,11.04000
28.4860,331,1,30,0.03000,FL,0,29,10.80000
28.4860,331,1,30,0.03000,BL,0,22,10.59000
28.4860,331,1,30,0.03000,FR,0,14,10.35000
28.4860,331,1,30,0.03000,BR,0,7,10.14000
28.4860,331,1,30,0.03000,BR,1,37,11.04000
28.4960,331,1,30,0.03000,FL,0,29,10.80000
28.4960,331,1,30,0.03000,BL,0,22,10.59000
28.4960,331,1,30,0.03000,FR,0,14,10.35000
28.4960,331,1,30,0.03000,BR,0,7,10.14000
28.4960,331,1,30,0.03000,BR,1,37,11.04000
28.5040,332,2,30,0.03000,FL,0,28,10.80000
28.5040,332,2,30,0.03000,BL,0,21,10.59000
28.5040,332,2,30,0.03000,FR,0,13,10.35000
28.5040,332,2,30,0.03000,BR,0,6,10.14000
28.5040,332,2,30,0.03000,BR,1,36,11.04000
28.5140,332,2,30,0.03000,FL,0,28,10.80000
28.5140,332,2,30,0.03000,BL,0,21,10.59000
28.5140,332,2,30,0.03000,FR,0,13,10.35000
28.5140,332,2,30,0.03000,BR,0,6,10.14000
28.5140,332,2,30,0.03000,BR,1,36,11.04000
28.5240,332,2,30,0.03000,FL,0,28,10.80000
28.5240,332,2,30,0.03000,BL,0,21,10.59000
28.5240,332,2,30,0.03000,FR,0,13,10.35000
28.5240,332,2,30,0.03000,BR,0,6,10.14000
28.5240,332,2,30,0.03000,BR,1,36,11.04000
28.5320,332,2,30,0.03000,FL,0,28,10.80000
28.5320,332,2,30,0.03000,BL,0,21,10.59000
28.5320,332,2,30,0.03000,FR,0,13,10.35000
28.5320,332,2,30,0.03000,BR,0,6,10.14000
28.5320,332,2,30,0.03000,BR,1,36,11.04000
28.5420,333,3,30,0.03000,FL,0,27,10.80000
28.5420,333,3,30,0.03000,BL,0,20,10.59000
28.5420,333,3,30,0.03000,FR,0,12,10.35000
28.5420,333,3,30,0.03000,BR,0,5,10.14000
28.5420,333,3,30,0.03000,BR,1,35,11.04000
28.5500,333,3,30,0.03000,FL,0,27,10.80000
28.5500,333,3,30,0.03000,BL,0,20,10.59000
28.5500,333,3,30,0.03000,FR,0,12,10.35000
28.5500,333,3,30,0.03000,BR,0,5,10.14000
28.5500,333,3,30,0.03000,BR,1,35,11.04000
28.5600,333,3,30,0.03000,FL,0,27,10.80000
28.5600,333,3,30,0.03000,BL,0,20,10.59000
28.5600,333,3,30,0.03000,FR,0,12,10.35000
28.5600,333,3,30,0.03000,BR,0,5,10.14000
28.5600,333,3,30,0.03000,BR,1,35,11.04000
28.5700,334,4,30,0.03000,FL,0,26,10.80000
28.5700,334,4,30,0.03000,BL,0,19,10.59000
28.5700,334,4,30,0.03000,FR,0,11,10.35000
28.5700,334,4,30,0.03000,BR,0,4,10.14000
28.5700,334,4,30,0.03000,BR,1,34,11.04000
28.5780,334,4,30,0.03000,FL,0,26,10.80000
28.5780,334,4,30,0.03000,BL,0,19,10.59000
28.5780,334,4,30,0.03000,FR,0,11,10.35000
28.5780,334,4,30,0.03000,BR,0,4,10.14000
28.5780,334,4,30,0.03000,BR,1,34,11.04000
28.5880,334,4,30,0.03000,FL,0,26,10.80000
28.5880,334,4,30,0.03000,BL,0,19,10.59000
28.5880,334,4,30,0.03000,FR,0,11,10.35000
28.5880,334,4,30,0.03000,BR,0,4,10.14000
28.5880,334,4,30,0.03000,BR,1,34,11.04000
28.5980,335,5,30,0.03000,FL,0,25,10.80000
28.5980,335,5,30,0.03000,BL,0,18,10.59000
28.5980,335,5,30,0.03000,FR,0,10,10.35000
28.5980,335,5,30,0.03000,BR,0,3,10.14000
28.5980,335,5,30,0.03000,BR,1,33,11.04000
28.6060,335,5,30,0.03000,FL,0,25,10.80000
28.6060,335,5,30,0.03000,BL,0,18,10.59000
28.6060,335,5,30,0.03000,FR,0,10,10.35000
28.6060,335,5,30,0.03000,BR,0,3,10.14000
28.6060,335,5,30,0.03000,BR,1,33,11.04000
28.6160,335,5,30,0.03000,FL,0,25,10.80000
28.6160,335,5,30,0.03000,BL,0,18,10.59000
28.6160,335,5,30,0.03000,FR,0,10,10.35000
28.6160,335,5,30,0.03000,BR,0,3,10.14000
28.6160,335,5,30,0.03000,BR,1,33,11.04000
28.6280,336,6,30,0.03000,FL,0,24,10.80000
28.6280,336,6,30,0.03000,BL,0,17,10.59000
28.6280,336,6,30,0.03000,FR,0,9,10.35000
28.6280,336,6,30,0.03000,FR,1,39,11.25000
28.6280,336,6,30,0.03000,BR,0,2,10.14000
28.6280,336,6,30,0.03000,BR,1,32,11.04000
28.6420,336,6,30,0.03000,FL,0,24,10.80000
28.6420,336,6,30,0.03000,BL,0,17,10.59000
28.6420,336,6,30,0.03000,FR,0,9,10.35000
28.6420,336,6,30,0.03000,FR,1,39,11.25000
28.6420,336,6,30,0.03000,BR,0,2,10.14000
28.6420,336,6,30,0.03000,BR,1,32,11.04000
28.6560,337,7,30,0.03000,FL,0,23,10.80000
28.6560,337,7,30,0.03000,BL,0,16,10.59000
28.6560,337,7,30,0.03000,FR,0,8,10.35000
28.6560,337,7,30,0.03000,FR,1,38,11.25000
28.6560,337,7,30,0.03000,BR,0,1,10.14000
28.6560,337,7,30,0.03000,BR,1,31,11.04000
28.6820,337,7,30,0.03000,FL,0,23,10.80000
28.6820,337,7,30,0.03000,BL,0,16,10.59000
28.6820,337,7,30,0.03000,FR,0,8,10.35000
28.6820,337,7,30,0.03000,FR,1,38,11.25000
28.6820,337,7,30,0.03000,BR,0,1,10.14000
28.6820,337,7,30,0.03000,BR,1,31,11.04000
28.6940,338,8,30,0.03000,FL,0,22,10.80000
28.6940,338,8,30,0.03000,BL,0,15,10.59000
28.6940,338,8,30,0.03000,FR,0,7,10.35000
28.6940,338,8,30,0.03000,FR,1,37,11.25000
28.6940,338,8,30,0.03000,BR,0,30,11.04000
28.7060,338,8,30,0.03000,FL,0,22,10.80000
28.7060,338,8,30,0.03000,BL,0,15,10.59000
28.7060,338,8,30,0.03000,FR,0,7,10.35000
28.7060,338,8,30,0.03000,FR,1,37,11.25000
28.7060,338,8,30,0.03000,BR,0,30,11.04000
28.7200,339,9,30,0.03000,FL,0,21,10.80000
28.7200,339,9,30,0.03000,BL,0,14,10.59000
28.7200,339,9,30,0.03000,FR,0,6,10.35000
28.7200,339,9,30,0.03000,FR,1,36,11.25000
28.7200,339,9,30,0.03000,BR,0,29,11.04000
28.7340,339,9,30,0.03000,FL,0,21,10.80000
28.7340,339,9,30,0.03000,BL,0,14,10.59000
28.7340,339,9,30,0.03000,FR,0,6,10.35000
28.7340,339,9,30,0.03000,FR,1,36,11.25000
28.7340,339,9,30,0.03000,BR,0,29,11.04000
28.7500,340,10,30,0.03000,FL,0,20,10.80000
28.7500,340,10,30,0.03000,BL,0,13,10.59000
28.7500,340,10,30,0.03000,FR,0,5,10.35000
28.7500,340,10,30,0.03000,FR,1,35,11.25000
28.7500,340,10,30,0.03000,BR,0,28,11.04000
28.7620,340,10,30,0.03000,FL,0,20,10.80000
28.7620,340,10,30,0.03000,BL,0,13,10.59000
28.7620,340,10,30,0.03000,FR,0,5,10.35000
28.7620,340,10,30,0.03000,FR,1,35,11.25000
28.7620,340,10,30,0.03000,BR,0,28,11.04000
28.7740,341,11,30,0.03000,FL,0,19,10.80000
28.7740,341,11,30,0.03000,BL,0,12,10.59000
28.7740,341,11,30,0.03000,FR,0,4,10.35000
28.7740,341,11,30,0.03000,FR,1,34,11.25000
28.7740,341,11,30,0.03000,BR,0,27,11.04000
28.7860,341,11,30,0.03000,FL,0,19,10.80000
28.7860,341,11,30,0.03000,BL,0,12,10.59000
28.7860,341,11,30,0.03000,FR,0,4,10.35000
28.7860,341,11,30,0.03000,FR,1,34,11.25000
28.7860,341,11,30,0.03000,BR,0,27,11.04000
28.8040,342,12,30,0.03000,FL,0,18,10.80000
28.8040,342,12,30,0.03000,BL,0,11,10.59000
28.8040,342,12,30,0.03000,FR,0,3,10.35000
28.8040,342,12,30,0.03000,FR,1,33,11.25000
28.8040,342,12,30,0.03000,BR,0,26,11.04000
28.8160,342,12,30,0.03000,FL,0,18,10.80000
28.8160,342,12,30,0.03000,BL,0,11,10.59000
28.8160,342,12,30,0.03000,FR,0,3,10.35000
28.8160,342,12,30,0.03000,FR,1,33,11.25000
28.8160,342,12,30,0.03000,BR,0,26,11.04000
28.8300,342,12,30,0.03000,FL,0,18,10.80000
28.8300,342,12,30,0.03000,BL,0,11,10.59000
28.8300,342,12,30,0.03000,FR,0,3,10.35000
28.8300,342,12,30,0.03000,FR,1,33,11.25000
28.8300,342,12,30,0.03000,BR,0,26,11.04000
28.8480,343,13,30,0.03000,FL,0,17,10.80000
28.8480,343,13,30,0.03000,BL,0,10,10.59000
28.8480,343,13,30,0.03000,FR,0,2,10.35000
28.8480,343,13,30,0.03000,FR,1,32,11.25000
28.8480,343,13,30,0.03000,BR,0,25,11.04000
28.8620,343,13,30,0.03000,FL,0,17,10.80000
28.8620,343,13,30,0.03000,BL,0,10,10.59000
28.8620,343,13,30,0.03000,FR,0,2,10.35000
28.8620,343,13,30,0.03000,FR,1,32,11.25000
28.8620,343,13,30,0.03000,BR,0,25,11.04000
28.8740,344,14,30,0.03000,FL,0,16,10.80000
28.8740,344,14,30,0.03000,BL,0,9,10.59000
28.8740,344,14,30,0.03000,BL,1,39,11.49000
28.8740,344,14,30,0.03000,FR,0,1,10.35000
28.8740,344,14,30,0.03000,FR,1,31,11.25000
28.8740,344,14,30,0.03000,BR,0,24,11.04000
28.8840,344,14,30,0.03000,FL,0,16,10.80000
28.8840,344,14,30,0.03000,BL,0,9,10.59000
28.8840,344,14,30,0.03000,BL,1,39,11.49000
28.8840,344,14,30,0.03000,FR,0,1,10.35000
28.8840,344,14,30,0.03000,FR,1,31,11.25000
28.8840,344,14,30,0.03000,BR,0,24,11.04000
28.8980,345,15,30,0.03000,FL,0,15,10.80000
28.8980,345,15,30,0.03000,BL,0,8,10.59000
28.8980,345,15,30,0.03000,BL,1,38,11.49000
28.8980,345,15,30,0.03000,FR,0,30,11.25000
28.8980,345,15,30,0.03000,BR,0,23,11.04000
28.9220,345,15,30,0.03000,FL,0,15,10.80000
28.9220,345,15,30,0.03000,BL,0,8,10.59000
28.9220,345,15,30,0.03000,BL,1,38,11.49000
28.9220,345,15,30,0.03000,FR,0,30,11.25000
28.9220,345,15,30,0.03000,BR,0,23,11.04000
28.9300,346,16,30,0.03000,FL,0,14,10.80000
28.9300,346,16,30,0.03000,BL,0,7,10.59000
28.9300,346,16,30,0.03000,BL,1,37,11.49000
28.9300,346,16,30,0.03000,FR,0,29,11.25000
28.9300,346,16,30,0.03000,BR,0,22,11.04000
28.9400,346,16,30,0.03000,FL,0,14,10.80000
28.9400,346,16,30,0.03000,BL,0,7,10.59000
28.9400,346,16,30,0.03000,BL,1,37,11.49000
28.9400,346,16,30,0.03000,FR,0,29,11.25000
28.9400,346,16,30,0.03000,BR,0,22,11.04000
28.9500,346,16,30,0.03000,FL,0,14,10.80000
28.9500,346,16,30,0.03000,BL,0,7,10.59000
28.9500,346,16,30,0.03000,BL,1,37,11.49000
28.9500,346,16,30,0.03000,FR,0,29,11.25000
28.9500,346,16,30,0.03000,BR,0,22,11.04000
28.9580,347,17,30,0.03000,FL,0,13,10.80000
28.9580,347,17,30,0.03000,BL,0,6,10.59000
28.9580,347,17,30,0.03000,BL,1,36,11.49000
28.9580,347,17,30,0.03000,FR,0,28,11.25000
28.9580,347,17,30,0.03000,BR,0,21,11.04000
28.9680,347,17,30,0.03000,FL,0,13,10.80000
28.9680,347,17,30,0.03000,BL,0,6,10.59000
28.9680,347,17,30,0.03000,BL,1,36,11.49000
28.9680,347,17,30,0.03000,FR,0,28,11.25000
28.9680,347,17,30,0.03000,BR,0,21,11.04000
28.9780,347,17,30,0.03000,FL,0,13,10.80000
28.9780,347,17,30,0.03000,BL,0,6,10.59000
28.9780,347,17,30,0.03000,BL,1,36,11.49000
28.9780,347,17,30,0.03000,FR,0,28,11.25000
28.9780,347,17,30,0.03000,BR,0,21,11.04000
28.9880,348,18,30,0.03000,FL,0,12,10.80000
28.9880,348,18,30,0.03000,BL,0,5,10.59000
28.9880,348,18,30,0.03000,BL,1,35,11.49000
28.9880,348,18,30,0.03000,FR,0,27,11.25000
28.9880,348,18,30,0.03000,BR,0,20,11.04000
28.9980,348,18,30,0.03000,FL,0,12,10.80000
28.9980,348,18,30,0.03000,BL,0,5,10.59000
28.9980,348,18,30,0.03000,BL,1,35,11.49000
28.9980,348,18,30,0.03000,FR,0,27,11.25000
28.9980,348,18,30,0.03000,BR,0,20,11.04000
29.0060,348,18,30,0.03000,FL,0,12,10.80000
29.0060,348,18,30,0.03000,BL,0,5,10.59000
29.0060,348,18,30,0.03000,BL,1,35,11.49000
29.0060,348,18,30,0.03000,FR,0,27,11.25000
29.0060,348,18,30,0.03000,BR,0,20,11.04000
29.0160,349,19,30,0.03000,FL,0,11,10.80000
29.0160,349,19,30,0.03000,BL,0,4,10.59000
29.0160,349,19,30,0.03000,BL,1,34,11.49000
29.0160,349,19,30,0.03000,FR,0,26,11.25000
29.0160,349,19,30,0.03000,BR,0,19,11.04000
29.0260,349,19,30,0.03000,FL,0,11,10.80000
29.0260,349,19,30,0.03000,BL,0,4,10.59000
29.0260,349,19,30,0.03000,BL,1,34,11.49000
29.0260,349,19,30,0.03000,FR,0,26,11.25000
29.0260,349,19,30,0.03000,BR,0,19,11.04000
29.0360,349,19,30,0.03000,FL,0,11,10.80000
29.0360,349,19,30,0.03000,BL,0,4,10.59000
29.0360,349,19,30,0.03000,BL,1,34,11.49000
29.0360,349,19,30,0.03000,FR,0,26,11.25000
29.0360,349,19,30,0.03000,BR,0,19,11.04000
29.0440,350,20,30,0.03000,FL,0,10,10.80000
29.0440,350,20,30,0.03000,BL,0,3,10.59000
29.0440,350,20,30,0.03000,BL,1,33,11.49000
29.0440,350,20,30,0.03000,FR,0,25,11.25000
29.0440,350,20,30,0.03000,BR,0,18,11.04000
29.0540,350,20,30,0.03000,FL,0,10,10.80000
29.0540,350,20,30,0.03000,BL,0,3,10.59000
29.0540,350,20,30,0.03000,BL,1,33,11.49000
29.0540,350,20,30,0.03000,FR,0,25,11.25000
29.0540,350,20,30,0.03000,BR,0,18,11.04000
29.0640,350,20,30,0.03000,FL,0,10,10.80000
29.0640,350,20,30,0.03000,BL,0,3,10.59000
29.0640,350,20,30,0.03000,BL,1,33,11.49000
29.0640,350,20,30,0.03000,FR,0,25,11.25000
29.0640,350,20,30,0.03000,BR,0,18,11.04000
29.0720,350,20,30,0.03000,FL,0,10,10.80000
29.0720,350,20,30,0.03000,BL,0,3,10.59000
29.0720,350,20,30,0.03000,BL,1,33,11.49000
29.0720,350,20,30,0.03000,FR,0,25,11.25000
29.0720,350,20,30,0.03000,BR,0,18,11.04000
29.0820,351,21,30,0.03000,FL,0,9,10.80000
29.0820,351,21,30,0.03000,FL,1,39,11.70000
29.0820,351,21,30,0.03000,BL,0,2,10.59000
29.0820,351,21,30,0.03000,BL,1,32,11.49000
29.0820,351,21,30,0.03000,FR,0,24,11.25000
29.0820,351,21,30,0.03000,BR,0,17,11.04000
29.0900,351,21,30,0.03000,FL,0,9,10.80000
29.0900,351,21,30,0.03000,FL,1,39,11.70000
29.0900,351,21,30,0.03000,BL,0,2,10.59000
29.0900,351,21,30,0.03000,BL,1,32,11.49000
29.0900,351,21,30,0.03000,FR,0,24,11.25000
29.0900,351,21,30,0.03000,BR,0,17,11.04000
29.1000,351,21,30,0.03000,FL,0,9,10.80000
29.1000,351,21,30,0.03000,FL,1,39,11.70000
29.1000,351,21,30,0.03000,BL,0,2,10.59000
29.1000,351,21,30,0.03000,BL,1,32,11.49000
29.1000,351,21,30,0.03000,FR,0,24,11.25000
29.1000,351,21,30,0.03000,BR,0,17,11.04000
29.1100,352,22,30,0.03000,FL,0,8,10.80000
29.1100,352,22,30,0.03000,FL,1,38,11.70000
29.1100,352,22,30,0.03000,BL,0,1,10.59000
29.1100,352,22,30,0.03000,BL,1,31,11.49000
29.1100,352,22,30,0.03000,FR,0,23,11.25000
29.1100,352,22,30,0.03000,BR,0,16,11.04000
29.1300,352,22,30,0.03000,FL,0,8,10.80000
29.1300,352,22,30,0.03000,FL,1,38,11.70000
29.1300,352,22,30,0.03000,BL,0,1,10.59000
29.1300,352,22,30,0.03000,BL,1,31,11.49000
29.1300,352,22,30,0.03000,FR,0,23,11.25000
29.1300,352,22,30,0.03000,BR,0,16,11.04000
29.1380,353,23,30,0.03000,FL,0,7,10.80000
29.1380,353,23,30,0.03000,FL,1,37,11.70000
29.1380,353,23,30,0.03000,BL,0,30,11.49000
29.1380,353,23,30,0.03000,FR,0,22,11.25000
29.1380,353,23,30,0.03000,BR,0,15,11.04000
29.1460,353,23,30,0.03000,FL,0,7,10.80000
29.1460,353,23,30,0.03000,FL,1,37,11.70000
29.1460,353,23,30,0.03000,BL,0,30,11.49000
29.1460,353,23,30,0.03000,FR,0,22,11.25000
29.1460,353,23,30,0.03000,BR,0,15,11.04000
29.1580,353,23,30,0.03000,FL,0,7,10.80000
29.1580,353,23,30,0.03000,FL,1,37,11.70000
29.1580,353,23,30,0.03000,BL,0,30,11.49000
29.1580,353,23,30,0.03000,FR,0,22,11.25000
29.1580,353,23,30,0.03000,BR,0,15,11.04000
29.1660,354,24,30,0.03000,FL,0,6,10.80000
29.1660,354,24,30,0.03000,FL,1,36,11.70000
29.1660,354,24,30,0.03000,BL,0,29,11.49000
29.1660,354,24,30,0.03000,FR,0,21,11.25000
29.1660,354,24,30,0.03000,BR,0,14,11.04000
29.1760,354,24,30,0.03000,FL,0,6,10.80000
29.1760,354,24,30,0.03000,FL,1,36,11.70000
29.1760,354,24,30,0.03000,BL,0,29,11.49000
29.1760,354,24,30,0.03000,FR,0,21,11.25000
29.1760,354,24,30,0.03000,BR,0,14,11.04000
29.1840,354,24,30,0.03000,FL,0,6,10.80000
29.1840,354,24,30,0.03000,FL,1,36,11.70000
29.1840,354,24,30,0.03000,BL,0,29,11.49000
29.1840,354,24,30,0.03000,FR,0,21,11.25000
29.1840,354,24,30,0.03000,BR,0,14,11.04000
29.1940,355,25,30,0.03000,FL,0,5,10.80000
29.1940,355,25,30,0.03000,FL,1,35,11.70000
29.1940,355,25,30,0.03000,BL,0,28,11.49000
29.1940,355,25,30,0.03000,FR,0,20,11.25000
29.1940,355,25,30,0.03000,BR,0,13,11.04000
29.2040,355,25,30,0.03000,FL,0,5,10.80000
29.2040,355,25,30,0.03000,FL,1,35,11.70000
29.2040,355,25,30,0.03000,BL,0,28,11.49000
29.2040,355,25,30,0.03000,FR,0,20,11.25000
29.2040,355,25,30,0.03000,BR,0,13,11.04000
29.2140,355,25,30,0.03000,FL,0,5,10.80000
29.2140,355,25,30,0.03000,FL,1,35,11.70000
29.2140,355,25,30,0.03000,BL,0,28,11.49000
29.2140,355,25,30,0.03000,FR,0,20,11.25000
29.2140,355,25,30,0.03000,BR,0,13,11.04000
29.2240,356,26,30,0.03000,FL,0,4,10.80000
29.2240,356,26,30,0.03000,FL,1,34,11.70000
29.2240,356,26,30,0.03000,BL,0,27,11.49000
29.2240,356,26,30,0.03000,FR,0,19,11.25000
29.2240,356,26,30,0.03000,BR,0,12,11.04000
29.2320,356,26,30,0.03000,FL,0,4,10.80000
29.2320,356,26,30,0.03000,FL,1,34,11.70000
29.2320,356,26,30,0.03000,BL,0,27,11.49000
29.2320,356,26,30,0.03000,FR,0,19,11.25000
29.2320,356,26,30,0.03000,BR,0,12,11.04000
29.2420,356,26,30,0.03000,FL,0,4,10.80000
29.2420,356,26,30,0.03000,FL,1,34,11.70000
29.2420,356,26,30,0.03000,BL,0,27,11.49000
29.2420,356,26,30,0.03000,FR,0,19,11.25000
29.2420,356,26,30,0.03000,BR,0,12,11.04000
29.2520,356,26,30,0.03000,FL,0,4,10.80000
29.2520,356,26,30,0.03000,FL,1,34,11.70000
29.2520,356,26,30,0.03000,BL,0,27,11.49000
29.2520,356,26,30,0.03000,FR,0,19,11.25000
29.2520,356,26,30,0.03000,BR,0,12,11.04000
29.2600,357,27,30,0.03000,FL,0,3,10.80000
29.2600,357,27,30,0.03000,FL,1,33,11.70000
29.2600,357,27,30,0.03000,BL,0,26,11.49000
29.2600,357,27,30,0.03000,FR,0,18,11.25000
29.2600,357,27,30,0.03000,BR,0,11,11.04000
29.2700,357,27,30,0.03000,FL,0,3,10.80000
29.2700,357,27,30,0.03000,FL,1,33,11.70000
29.2700,357,27,30,0.03000,BL,0,26,11.49000
29.2700,357,27,30,0.03000,FR,0,18,11.25000
29.2700,357,27,30,0.03000,BR,0,11,11.04000
29.2800,357,27,30,0.03000,FL,0,3,10.80000
29.2800,357,27,30,0.03000,FL,1,33,11.70000
29.2800,357,27,30,0.03000,BL,0,26,11.49000
29.2800,357,27,30,0.03000,FR,0,18,11.25000
29.2800,357,27,30,0.03000,BR,0,11,11.04000
29.2900,358,28,30,0.03000,FL,0,2,10.80000
29.2900,358,28,30,0.03000,FL,1,32,11.70000
29.2900,358,28,30,0.03000,BL,0,25,11.49000
29.2900,358,28,30,0.03000,FR,0,17,11.25000
29.2900,358,28,30,0.03000,BR,0,10,11.04000
29.3000,358,28,30,0.03000,FL,0,2,10.80000
29.3000,358,28,30,0.03000,FL,1,32,11.70000
29.3000,358,28,30,0.03000,BL,0,25,11.49000
29.3000,358,28,30,0.03000,FR,0,17,11.25000
29.3000,358,28,30,0.03000,BR,0,10,11.04000
29.3100,358,28,30,0.03000,FL,0,2,10.80000
29.3100,358,28,30,0.03000,FL,1,32,11.70000
29.3100,358,28,30,0.03000,BL,0,25,11.49000
29.3100,358,28,30,0.03000,FR,0,17,11.25000
29.3100,358,28,30,0.03000,BR,0,10,11.04000
29.3200,359,29,30,0.03000,FL,0,1,10.80000
29.3200,359,29,30,0.03000,FL,1,31,11.70000
29.3200,359,29,30,0.03000,BL,0,24,11.49000
29.3200,359,29,30,0.03000,FR,0,16,11.25000
29.3200,359,29,30,0.03000,BR,0,9,11.04000
29.3200,359,29,30,0.03000,BR,1,39,11.94000
29.3320,359,29,30,0.03000,FL,0,1,10.80000
29.3320,359,29,30,0.03000,FL,1,31,11.70000
29.3320,359,29,30,0.03000,BL,0,24,11.49000
29.3320,359,29,30,0.03000,FR,0,16,11.25000
29.3320,359,29,30,0.03000,BR,0,9,11.04000
29.3320,359,29,30,0.03000,BR,1,39,11.94000
29.3420,359,29,30,0.03000,FL,0,1,10.80000
29.3420,359,29,30,0.03000,FL,1,31,11.70000
29.3420,359,29,30,0.03000,BL,0,24,11.49000
29.3420,359,29,30,0.03000,FR,0,16,11.25000
29.3420,359,29,30,0.03000,BR,0,9,11.04000
29.3420,359,29,30,0.03000,BR,1,39,11.94000
29.3560,360,0,30,0.03000,FL,0,30,11.70000
29.3560,360,0,30,0.03000,BL,0,23,11.49000
29.3560,360,0,30,0.03000,FR,0,15,11.25000
29.3560,360,0,30,0.03000,BR,0,8,11.04000
29.3560,360,0,30,0.03000,BR,1,38,11.94000
29.3840,361,1,30,0.03000,FL,0,29,11.70000
29.3840,361,1,30,0.03000,BL,0,22,11.49000
29.3840,361,1,30,0.03000,FR,0,14,11.25000
29.3840,361,1,30,0.03000,BR,0,7,11.04000
29.3840,361,1,30,0.03000,BR,1,37,11.94000
29.3980,361,1,30,0.03000,FL,0,29,11.70000
29.3980,361,1,30,0.03000,BL,0,22,11.49000
29.3980,361,1,30,0.03000,FR,0,14,11.25000
29.3980,361,1,30,0.03000,BR,0,7,11.04000
29.3980,361,1,30,0.03000,BR,1,37,11.94000
29.4100,362,2,30,0.03000,FL,0,28,11.70000
29.4100,362,2,30,0.03000,BL,0,21,11.49000
29.4100,362,2,30,0.03000,FR,0,13,11.25000
29.4100,362,2,30,0.03000,BR,0,6,11.04000
29.4100,362,2,30,0.03000,BR,1,36,11.94000
29.4200,362,2,30,0.03000,FL,0,28,11.70000
29.4200,362,2,30,0.03000,BL,0,21,11.49000
29.4200,362,2,30,0.03000,FR,0,13,11.25000
29.4200,362,2,30,0.03000,BR,0,6,11.04000
29.4200,362,2,30,0.03000,BR,1,36,11.94000
29.4300,362,2,30,0.03000,FL,0,28,11.70000
29.4300,362,2,30,0.03000,BL,0,21,11.49000
29.4300,362,2,30,0.03000,FR,0,13,11.25000
29.4300,362,2,30,0.03000,BR,0,6,11.04000
29.4300,362,2,30,0.03000,BR,1,36,11.94000
29.4420,363,3,30,0.03000,FL,0,27,11.70000
29.4420,363,3,30,0.03000,BL,0,20,11.49000
29.4420,363,3,30,0.03000,FR,0,12,11.25000
29.4420,363,3,30,0.03000,BR,0,5,11.04000
29.4420,363,3,30,0.03000,BR,1,35,11.94000
29.4540,363,3,30,0.03000,FL,0,27,11.70000
29.4540,363,3,30,0.03000,BL,0,20,11.49000
29.4540,363,3,30,0.03000,FR,0,12,11.25000
29.4540,363,3,30,0.03000,BR,0,5,11.04000
29.4540,363,3,30,0.03000,BR,1,35,11.94000
29.4640,364,4,30,0.03000,FL,0,26,11.70000
29.4640,364,4,30,0.03000,BL,0,19,11.49000
29.4640,364,4,30,0.03000,FR,0,11,11.25000
29.4640,364,4,30,0.03000,BR,0,4,11.04000
29.4640,364,4,30,0.03000,BR,1,34,11.94000
29.4760,364,4,30,0.03000,FL,0,26,11.70000
29.4760,364,4,30,0.03000,BL,0,19,11.49000
29.4760,364,4,30,0.03000,FR,0,11,11.25000
29.4760,364,4,30,0.03000,BR,0,4,11.04000
29.4760,364,4,30,0.03000,BR,1,34,11.94000
29.4860,364,4,30,0.03000,FL,0,26,11.70000
29.4860,364,4,30,0.03000,BL,0,19,11.49000
29.4860,364,4,30,0.03000,FR,0,11,11.25000
29.4860,364,4,30,0.03000,BR,0,4,11.04000
29.4860,364,4,30,0.03000,BR,1,34,11.94000
29.4980,365,5,30,0.03000,FL,0,25,11.70000
29.4980,365,5,30,0.03000,BL,0,18,11.49000
29.4980,365,5,30,0.03000,FR,0,10,11.25000
29.4980,365,5,30,0.03000,BR,0,3,11.04000
29.4980,365,5,30,0.03000,BR,1,33,11.94000
29.5060,365,5,30,0.03000,FL,0,25,11.70000
29.5060,365,5,30,0.03000,BL,0,18,11.49000
29.5060,365,5,30,0.03000,FR,0,10,11.25000
29.5060,365,5,30,0.03000,BR,0,3,11.04000
29.5060,365,5,30,0.03000,BR,1,33,11.94000
29.5160,365,5,30,0.03000,FL,0,25,11.70000
29.5160,365,5,30,0.03000,BL,0,18,11.49000
29.5160,365,5,30,0.03000,FR,0,10,11.25000
29.5160,365,5,30,0.03000,BR,0,3,11.04000
29.5160,365,5,30,0.03000,BR,1,33,11.94000
29.5260,366,6,30,0.03000,FL,0,24,11.70000
29.5260,366,6,30,0.03000,BL,0,17,11.49000
29.5260,366,6,30,0.03000,FR,0,9,11.25000
29.5260,366,6,30,0.03000,FR,1,39,12.15000
29.5260,366,6,30,0.03000,BR,0,2,11.04000
29.5260,366,6,30,0.03000,BR,1,32,11.94000
29.5380,366,6,30,0.03000,FL,0,24,11.70000
29.5380,366,6,30,0.03000,BL,0,17,11.49000
29.5380,366,6,30,0.03000,FR,0,9,11.25000
29.5380,366,6,30,0.03000,FR,1,39,12.15000
29.5380,366,6,30,0.03000,BR,0,2,11.04000
29.5380,366,6,30,0.03000,BR,1,32,11.94000
29.5540,367,7,30,0.03000,FL,0,23,11.70000
29.5540,367,7,30,0.03000,BL,0,16,11.49000
29.5540,367,7,30,0.03000,FR,0,8,11.25000
29.5540,367,7,30,0.03000,FR,1,38,12.15000
29.5540,367,7,30,0.03000,BR,0,1,11.04000
29.5540,367,7,30,0.03000,BR,1,31,11.94000
29.5760,367,7,30,0.03000,FL,0,23,11.70000
29.5760,367,7,30,0.03000,BL,0,16,11.49000
29.5760,367,7,30,0.03000,FR,0,8,11.25000
29.5760,367,7,30,0.03000,FR,1,38,12.15000
29.5760,367,7,30,0.03000,BR,0,1,11.04000
29.5760,367,7,30,0.03000,BR,1,31,11.94000
29.5840,368,8,30,0.03000,FL,0,22,11.70000
29.5840,368,8,30,0.03000,BL,0,15,11.49000
29.5840,368,8,30,0.03000,FR,0,7,11.25000
29.5840,368,8,30,0.03000,FR,1,37,12.15000
29.5840,368,8,30,0.03000,BR,0,30,11.94000
29.5940,368,8,30,0.03000,FL,0,22,11.70000
29.5940,368,8,30,0.03000,BL,0,15,11.49000
29.5940,368,8,30,0.03000,FR,0,7,11.25000
29.5940,368,8,30,0.03000,FR,1,37,12.15000
29.5940,368,8,30,0.03000,BR,0,30,11.94000
29.6040,368,8,30,0.03000,FL,0,22,11.70000
29.6040,368,8,30,0.03000,BL,0,15,11.49000
29.6040,368,8,30,0.03000,FR,0,7,11.25000
29.6040,368,8,30,0.03000,FR,1,37,12.15000
29.6040,368,8,30,0.03000,BR,0,30,11.94000
29.6140,369,9,30,0.03000,FL,0,21,11.70000
29.6140,369,9,30,0.03000,BL,0,14,11.49000
29.6140,369,9,30,0.03000,FR,0,6,11.25000
29.6140,369,9,30,0.03000,FR,1,36,12.15000
29.6140,369,9,30,0.03000,BR,0,29,11.94000
29.6220,369,9,30,0.03000,FL,0,21,11.70000
29.6220,369,9,30,0.03000,BL,0,14,11.49000
29.6220,369,9,30,0.03000,FR,0,6,11.25000
29.6220,369,9,30,0.03000,FR,1,36,12.15000
29.6220,369,9,30,0.03000,BR,0,29,11.94000
29.6320,369,9,30,0.03000,FL,0,21,11.70000
29.6320,369,9,30,0.03000,BL,0,14,11.49000
29.6320,369,9,30,0.03000,FR,0,6,11.25000
29.6320,369,9,30,0.03000,FR,1,36,12.15000
29.6320,369,9,30,0.03000,BR,0,29,11.94000
29.6420,369,9,30,0.03000,FL,0,21,11.70000
29.6420,369,9,30,0.03000,BL,0,14,11.49000
29.6420,369,9,30,0.03000,FR,0,6,11.25000
29.6420,369,9,30,0.03000,FR,1,36,12.15000
29.6420,369,9,30,0.03000,BR,0,29,11.94000
29.6500,370,10,30,0.03000,FL,0,20,11.70000
29.6500,370,10,30,0.03000,BL,0,13,11.49000
29.6500,370,10,30,0.03000,FR,0,5,11.25000
29.6500,370,10,30,0.03000,FR,1,35,12.15000
29.6500,370,10,30,0.03000,BR,0,28,11.94000
29.6600,370,10,30,0.03000,FL,0,20,11.70000
29.6600,370,10,30,0.03000,BL,0,13,11.49000
29.6600,370,10,30,0.03000,FR,0,5,11.25000
29.6600,370,10,30,0.03000,FR,1,35,12.15000
29.6600,370,10,30,0.03000,BR,0,28,11.94000
29.6700,370,10,30,0.03000,FL,0,20,11.70000
29.6700,370,10,30,0.03000,BL,0,13,11.49000
29.6700,370,10,30,0.03000,FR,0,5,11.25000
29.6700,370,10,30,0.03000,FR,1,35,12.15000
29.6700,370,10,30,0.03000,BR,0,28,11.94000
29.6780,371,11,30,0.03000,FL,0,19,11.70000
29.6780,371,11,30,0.03000,BL,0,12,11.49000
29.6780,371,11,30,0.03000,FR,0,4,11.25000
29.6780,371,11,30,0.03000,FR,1,34,12.15000
29.6780,371,11,30,0.03000,BR,0,27,11.94000
29.6900,371,11,30,0.03000,FL,0,19,11.70000
29.6900,371,11,30,0.03000,BL,0,12,11.49000
29.6900,371,11,30,0.03000,FR,0,4,11.25000
29.6900,371,11,30,0.03000,FR,1,34,12.15000
29.6900,371,11,30,0.03000,BR,0,27,11.94000
29.6980,371,11,30,0.03000,FL,0,19,11.70000
29.6980,371,11,30,0.03000,BL,0,12,11.49000
29.6980,371,11,30,0.03000,FR,0,4,11.25000
29.6980,371,11,30,0.03000,FR,1,34,12.15000
29.6980,371,11,30,0.03000,BR,0,27,11.94000
29.7100,372,12,30,0.03000,FL,0,18,11.70000
29.7100,372,12,30,0.03000,BL,0,11,11.49000
29.7100,372,12,30,0.03000,FR,0,3,11.25000
29.7100,372,12,30,0.03000,FR,1,33,12.15000
29.7100,372,12,30,0.03000,BR,0,26,11.94000
29.7180,372,12,30,0.03000,FL,0,18,11.70000
29.7180,372,12,30,0.03000,BL,0,11,11.49000
29.7180,372,12,30,0.03000,FR,0,3,11.25000
29.7180,372,12,30,0.03000,FR,1,33,12.15000
29.7180,372,12,30,0.03000,BR,0,26,11.94000
29.7280,372,12,30,0.03000,FL,0,18,11.70000
29.7280,372,12,30,0.03000,BL,0,11,11.49000
29.7280,372,12,30,0.03000,FR,0,3,11.25000
29.7280,372,12,30,0.03000,FR,1,33,12.15000
29.7280,372,12,30,0.03000,BR,0,26,11.94000
29.7380,373,13,30,0.03000,FL,0,17,11.70000
29.7380,373,13,30,0.03000,BL,0,10,11.49000
29.7380,373,13,30,0.03000,FR,0,2,11.25000
29.7380,373,13,30,0.03000,FR,1,32,12.15000
29.7380,373,13,30,0.03000,BR,0,25,11.94000
29.7500,373,13,30,0.03000,FL,0,17,11.70000
29.7500,373,13,30,0.03000,BL,0,10,11.49000
29.7500,373,13,30,0.03000,FR,0,2,11.25000
29.7500,373,13,30,0.03000,FR,1,32,12.15000
29.7500,373,13,30,0.03000,BR,0,25,11.94000
29.7580,373,13,30,0.03000,FL,0,17,11.70000
29.7580,373,13,30,0.03000,BL,0,10,11.49000
29.7580,373,13,30,0.03000,FR,0,2,11.25000
29.7580,373,13,30,0.03000,FR,1,32,12.15000
29.7580,373,13,30,0.03000,BR,0,25,11.94000
29.7680,374,14,30,0.03000,FL,0,16,11.70000
29.7680,374,14,30,0.03000,BL,0,9,11.49000
29.7680,374,14,30,0.03000,BL,1,39,12.39000
29.7680,374,14,30,0.03000,FR,0,1,11.25000
29.7680,374,14,30,0.03000,FR,1,31,12.15000
29.7680,374,14,30,0.03000,BR,0,24,11.94000
29.7780,374,14,30,0.03000,FL,0,16,11.70000
29.7780,374,14,30,0.03000,BL,0,9,11.49000
29.7780,374,14,30,0.03000,BL,1,39,12.39000
29.7780,374,14,30,0.03000,FR,0,1,11.25000
29.7780,374,14,30,0.03000,FR,1,31,12.15000
29.7780,374,14,30,0.03000,BR,0,24,11.94000
29.7900,374,14,30,0.03000,FL,0,16,11.70000
29.7900,374,14,30,0.03000,BL,0,9,11.49000
29.7900,374,14,30,0.03000,BL,1,39,12.39000
29.7900,374,14,30,0.03000,FR,0,1,11.25000
29.7900,374,14,30,0.03000,FR,1,31,12.15000
29.7900,374,14,30,0.03000,BR,0,24,11.94000
29.8000,375,15,30,0.03000,FL,0,15,11.70000
29.8000,375,15,30,0.03000,BL,0,8,11.49000
29.8000,375,15,30,0.03000,BL,1,38,12.39000
29.8000,375,15,30,0.03000,FR,0,30,12.15000
29.8000,375,15,30,0.03000,BR,0,23,11.94000
29.8200,375,15,30,0.03000,FL,0,15,11.70000
29.8200,375,15,30,0.03000,BL,0,8,11.49000
29.8200,375,15,30,0.03000,BL,1,38,12.39000
29.8200,375,15,30,0.03000,FR,0,30,12.15000
29.8200,375,15,30,0.03000,BR,0,23,11.94000
29.8400,376,16,30,0.03000,FL,0,14,11.70000
29.8400,376,16,30,0.03000,BL,0,7,11.49000
29.8400,376,16,30,0.03000,BL,1,37,12.39000
29.8400,376,16,30,0.03000,FR,0,29,12.15000
29.8400,376,16,30,0.03000,BR,0,22,11.94000
29.8500,376,16,30,0.03000,FL,0,14,11.70000
29.8500,376,16,30,0.03000,BL,0,7,11.49000
29.8500,376,16,30,0.03000,BL,1,37,12.39000
29.8500,376,16,30,0.03000,FR,0,29,12.15000
29.8500,376,16,30,0.03000,BR,0,22,11.94000
29.8580,377,17,30,0.03000,FL,0,13,11.70000
29.8580,377,17,30,0.03000,BL,0,6,11.49000
29.8580,377,17,30,0.03000,BL,1,36,12.39000
29.8580,377,17,30,0.03000,FR,0,28,12.15000
29.8580,377,17,30,0.03000,BR,0,21,11.94000
29.8680,377,17,30,0.03000,FL,0,13,11.70000
29.8680,377,17,30,0.03000,BL,0,6,11.49000
29.8680,377,17,30,0.03000,BL,1,36,12.39000
29.8680,377,17,30,0.03000,FR,0,28,12.15000
29.8680,377,17,30,0.03000,BR,0,21,11.94000
29.8800,377,17,30,0.03000,FL,0,13,11.70000
29.8800,377,17,30,0.03000,BL,0,6,11.49000
29.8800,377,17,30,0.03000,BL,1,36,12.39000
29.8800,377,17,30,0.03000,FR,0,28,12.15000
29.8800,377,17,30,0.03000,BR,0,21,11.94000
29.8900,378,18,30,0.03000,FL,0,12,11.70000
29.8900,378,18,30,0.03000,BL,0,5,11.49000
29.8900,378,18,30,0.03000,BL,1,35,12.39000
29.8900,378,18,30,0.03000,FR,0,27,12.15000
29.8900,378,18,30,0.03000,BR,0,20,11.94000
29.9020,378,18,30,0.03000,FL,0,12,11.70000
29.9020,378,18,30,0.03000,BL,0,5,11.49000
29.9020,378,18,30,0.03000,BL,1,35,12.39000
29.9020,378,18,30,0.03000,FR,0,27,12.15000
29.9020,378,18,30,0.03000,BR,0,20,11.94000
29.9120,378,18,30,0.03000,FL,0,12,11.70000
29.9120,378,18,30,0.03000,BL,0,5,11.49000
29.9120,378,18,30,0.03000,BL,1,35,12.39000
29.9120,378,18,30,0.03000,FR,0,27,12.15000
29.9120,378,18,30,0.03000,BR,0,20,11.94000
29.9220,379,19,30,0.03000,FL,0,11,11.70000
29.9220,379,19,30,0.03000,BL,0,4,11.49000
29.9220,379,19,30,0.03000,BL,1,34,12.39000
29.9220,379,19,30,0.03000,FR,0,26,12.15000
29.9220,379,19,30,0.03000,BR,0,19,11.94000
29.9300,379,19,30,0.03000,FL,0,11,11.70000
29.9300,379,19,30,0.03000,BL,0,4,11.49000
29.9300,379,19,30,0.03000,BL,1,34,12.39000
29.9300,379,19,30,0.03000,FR,0,26,12.15000
29.9300,379,19,30,0.03000,BR,0,19,11.94000
29.9400,379,19,30,0.03000,FL,0,11,11.70000
29.9400,379,19,30,0.03000,BL,0,4,11.49000
29.9400,379,19,30,0.03000,BL,1,34,12.39000
29.9400,379,19,30,0.03000,FR,0,26,12.15000
29.9400,379,19,30,0.03000,BR,0,19,11.94000
29.9480,380,20,30,0.03000,FL,0,10,11.70000
29.9480,380,20,30,0.03000,BL,0,3,11.49000
29.9480,380,20,30,0.03000,BL,1,33,12.39000
29.9480,380,20,30,0.03000,FR,0,25,12.15000
29.9480,380,20,30,0.03000,BR,0,18,11.94000
29.9580,380,20,30,0.03000,FL,0,10,11.70000
29.9580,380,20,30,0.03000,BL,0,3,11.49000
29.9580,380,20,30,0.03000,BL,1,33,12.39000
29.9580,380,20,30,0.03000,FR,0,25,12.15000
29.9580,380,20,30,0.03000,BR,0,18,11.94000
29.9660,380,20,30,0.03000,FL,0,10,11.70000
29.9660,380,20,30,0.03000,BL,0,3,11.49000
29.9660,380,20,30,0.03000,BL,1,33,12.39000
29.9660,380,20,30,0.03000,FR,0,25,12.15000
29.9660,380,20,30,0.03000,BR,0,18,11.94000
29.9760,381,21,30,0.03000,FL,0,9,11.70000
29.9760,381,21,30,0.03000,FL,1,39,12.60000
29.9760,381,21,30,0.03000,BL,0,2,11.49000
29.9760,381,21,30,0.03000,BL,1,32,12.39000
29.9760,381,21,30,0.03000,FR,0,24,12.15000
29.9760,381,21,30,0.03000,BR,0,17,11.94000
29.9860,381,21,30,0.03000,FL,0,9,11.70000
29.9860,381,21,30,0.03000,FL,1,39,12.60000
29.9860,381,21,30,0.03000,BL,0,2,11.49000
29.9860,381,21,30,0.03000,BL,1,32,12.39000
29.9860,381,21,30,0.03000,FR,0,24,12.15000
29.9860,381,21,30,0.03000,BR,0,17,11.94000
29.9940,381,21,30,0.03000,FL,0,9,11.70000
29.9940,381,21,30,0.03000,FL,1,39,12.60000
29.9940,381,21,30,0.03000,BL,0,2,11.49000
29.9940,381,21,30,0.03000,BL,1,32,12.39000
29.9940,381,21,30,0.03000,FR,0,24,12.15000
29.9940,381,21,30,0.03000,BR,0,17,11.94000
30.0040,382,22,30,0.03000,FL,0,8,11.70000
30.0040,382,22,30,0.03000,FL,1,38,12.60000
30.0040,382,22,30,0.03000,BL,0,1,11.49000
30.0040,382,22,30,0.03000,BL,1,31,12.39000
30.0040,382,22,30,0.03000,FR,0,23,12.15000
30.0040,382,22,30,0.03000,BR,0,16,11.94000
30.0300,382,22,30,0.03000,FL,0,8,11.70000
30.0300,382,22,30,0.03000,FL,1,38,12.60000
30.0300,382,22,30,0.03000,BL,0,1,11.49000
30.0300,382,22,30,0.03000,BL,1,31,12.39000
30.0300,382,22,30,0.03000,FR,0,23,12.15000
30.0300,382,22,30,0.03000,BR,0,16,11.94000
30.0380,383,23,30,0.03000,FL,0,7,11.70000
30.0380,383,23,30,0.03000,FL,1,37,12.60000
30.0380,383,23,30,0.03000,BL,0,30,12.39000
30.0380,383,23,30,0.03000,FR,0,22,12.15000
30.0380,383,23,30,0.03000,BR,0,15,11.94000
30.0480,383,23,30,0.03000,FL,0,7,11.70000
30.0480,383,23,30,0.03000,FL,1,37,12.60000
30.0480,383,23,30,0.03000,BL,0,30,12.39000
30.0480,383,23,30,0.03000,FR,0,22,12.15000
30.0480,383,23,30,0.03000,BR,0,15,11.94000
30.0600,383,23,30,0.03000,FL,0,7,11.70000
30.0600,383,23,30,0.03000,FL,1,37,12.60000
30.0600,383,23,30,0.03000,BL,0,30,12.39000
30.0600,383,23,30,0.03000,FR,0,22,12.15000
30.0600,383,23,30,0.03000,BR,0,15,11.94000
30.0680,384,24,30,0.03000,FL,0,6,11.70000
30.0680,384,24,30,0.03000,FL,1,36,12.60000
30.0680,384,24,30,0.03000,BL,0,29,12.39000
30.0680,384,24,30,0.03000,FR,0,21,12.15000
30.0680,384,24,30,0.03000,BR,0,14,11.94000
30.0780,384,24,30,0.03000,FL,0,6,11.70000
30.0780,384,24,30,0.03000,FL,1,36,12.60000
30.0780,384,24,30,0.03000,BL,0,29,12.39000
30.0780,384,24,30,0.03000,FR,0,21,12.15000
30.0780,384,24,30,0.03000,BR,0,14,11.94000
30.0880,384,24,30,0.03000,FL,0,6,11.70000
30.0880,384,24,30,0.03000,FL,1,36,12.60000
30.0880,384,24,30,0.03000,BL,0,29,12.39000
30.0880,384,24,30,0.03000,FR,0,21,12.15000
30.0880,384,24,30,0.03000,BR,0,14,11.94000
30.0960,385,25,30,0.03000,FL,0,5,11.70000
30.0960,385,25,30,0.03000,FL,1,35,12.60000
30.0960,385,25,30,0.03000,BL,0,28,12.39000
30.0960,385,25,30,0.03000,FR,0,20,12.15000
30.0960,385,25,30,0.03000,BR,0,13,11.94000
30.1060,385,25,30,0.03000,FL,0,5,11.70000
30.1060,385,25,30,0.03000,FL,1,35,12.60000
30.1060,385,25,30,0.03000,BL,0,28,12.39000
30.1060,385,25,30,0.03000,FR,0,20,12.15000
30.1060,385,25,30,0.03000,BR,0,13,11.94000
30.1160,385,25,30,0.03000,FL,0,5,11.70000
30.1160,385,25,30,0.03000,FL,1,35,12.60000
30.1160,385,25,30,0.03000,BL,0,28,12.39000
30.1160,385,25,30,0.03000,FR,0,20,12.15000
30.1160,385,25,30,0.03000,BR,0,13,11.94000
30.1260,386,26,30,0.03000,FL,0,4,11.70000
30.1260,386,26,30,0.03000,FL,1,34,12.60000
30.1260,386,26,30,0.03000,BL,0,27,12.39000
30.1260,386,26,30,0.03000,FR,0,19,12.15000
30.1260,386,26,30,0.03000,BR,0,12,11.94000
30.1340,386,26,30,0.03000,FL,0,4,11.70000
30.1340,386,26,30,0.03000,FL,1,34,12.60000
30.1340,386,26,30,0.03000,BL,0,27,12.39000
30.1340,386,26,30,0.03000,FR,0,19,12.15000
30.1340,386,26,30,0.03000,BR,0,12,11.94000
30.1440,386,26,30,0.03000,FL,0,4,11.70000
30.1440,386,26,30,0.03000,FL,1,34,12.60000
30.1440,386,26,30,0.03000,BL,0,27,12.39000
30.1440,386,26,30,0.03000,FR,0,19,12.15000
30.1440,386,26,30,0.03000,BR,0,12,11.94000
30.1540,387,27,30,0.03000,FL,0,3,11.70000
30.1540,387,27,30,0.03000,FL,1,33,12.60000
30.1540,387,27,30,0.03000,BL,0,26,12.39000
30.1540,387,27,30,0.03000,FR,0,18,12.15000
30.1540,387,27,30,0.03000,BR,0,11,11.94000
30.1620,387,27,30,0.03000,FL,0,3,11.70000
30.1620,387,27,30,0.03000,FL,1,33,12.60000
30.1620,387,27,30,0.03000,BL,0,26,12.39000
30.1620,387,27,30,0.03000,FR,0,18,12.15000
30.1620,387,27,30,0.03000,BR,0,11,11.94000
30.1700,387,27,30,0.03000,FL,0,3,11.70000
30.1700,387,27,30,0.03000,FL,1,33,12.60000
30.1700,387,27,30,0.03000,BL,0,26,12.39000
30.1700,387,27,30,0.03000,FR,0,18,12.15000
30.1700,387,27,30,0.03000,BR,0,11,11.94000
30.1820,387,27,30,0.03000,FL,0,3,11.70000
30.1820,387,27,30,0.03000,FL,1,33,12.60000
30.1820,387,27,30,0.03000,BL,0,26,12.39000
30.1820,387,27,30,0.03000,FR,0,18,12.15000
30.1820,387,27,30,0.03000,BR,0,11,11.94000
30.1900,388,28,30,0.03000,FL,0,2,11.70000
30.1900,388,28,30,0.03000,FL,1,32,12.60000
30.1900,388,28,30,0.03000,BL,0,25,12.39000
30.1900,388,28,30,0.03000,FR,0,17,12.15000
30.1900,388,28,30,0.03000,BR,0,10,11.94000
30.1980,388,28,30,0.03000,FL,0,2,11.70000
30.1980,388,28,30,0.03000,FL,1,32,12.60000
30.1980,388,28,30,0.03000,BL,0,25,12.39000
30.1980,388,28,30,0.03000,FR,0,17,12.15000
30.1980,388,28,30,0.03000,BR,0,10,11.94000
30.2080,388,28,30,0.03000,FL,0,2,11.70000
30.2080,388,28,30,0.03000,FL,1,32,12.60000
30.2080,388,28,30,0.03000,BL,0,25,12.39000
30.2080,388,28,30,0.03000,FR,0,17,12.15000
30.2080,388,28,30,0.03000,BR,0,10,11.94000
30.2180,389,29,30,0.03000,FL,0,1,11.70000
30.2180,389,29,30,0.03000,FL,1,31,12.60000
30.2180,389,29,30,0.03000,BL,0,24,12.39000
30.2180,389,29,30,0.03000,FR,0,16,12.15000
30.2180,389,29,30,0.03000,BR,0,9,11.94000
30.2180,389,29,30,0.03000,BR,1,39,12.84000
30.2260,389,29,30,0.03000,FL,0,1,11.70000
30.2260,389,29,30,0.03000,FL,1,31,12.60000
30.2260,389,29,30,0.03000,BL,0,24,12.39000
30.2260,389,29,30,0.03000,FR,0,16,12.15000
30.2260,389,29,30,0.03000,BR,0,9,11.94000
30.2260,389,29,30,0.03000,BR,1,39,12.84000
30.2360,389,29,30,0.03000,FL,0,1,11.70000
30.2360,389,29,30,0.03000,FL,1,31,12.60000
30.2360,389,29,30,0.03000,BL,0,24,12.39000
30.2360,389,29,30,0.03000,FR,0,16,12.15000
30.2360,389,29,30,0.03000,BR,0,9,11.94000
30.2360,389,29,30,0.03000,BR,1,39,12.84000
30.2440,390,0,30,0.03000,FL,0,30,12.60000
30.2440,390,0,30,0.03000,BL,0,23,12.39000
30.2440,390,0,30,0.03000,FR,0,15,12.15000
30.2440,390,0,30,0.03000,BR,0,8,11.94000
30.2440,390,0,30,0.03000,BR,1,38,12.84000
30.2640,390,0,30,0.03000,FL,0,30,12.60000
30.2640,390,0,30,0.03000,BL,0,23,12.39000
30.2640,390,0,30,0.03000,FR,0,15,12.15000
30.2640,390,0,30,0.03000,BR,0,8,11.94000
30.2640,390,0,30,0.03000,BR,1,38,12.84000
30.2740,391,1,30,0.03000,FL,0,29,12.60000
30.2740,391,1,30,0.03000,BL,0,22,12.39000
30.2740,391,1,30,0.03000,FR,0,14,12.15000
30.2740,391,1,30,0.03000,BR,0,7,11.94000
30.2740,391,1,30,0.03000,BR,1,37,12.84000
30.2820,391,1,30,0.03000,FL,0,29,12.60000
30.2820,391,1,30,0.03000,BL,0,22,12.39000
30.2820,391,1,30,0.03000,FR,0,14,12.15000
30.2820,391,1,30,0.03000,BR,0,7,11.94000
30.2820,391,1,30,0.03000,BR,1,37,12.84000
30.2920,391,1,30,0.03000,FL,0,29,12.60000
30.2920,391,1,30,0.03000,BL,0,22,12.39000
30.2920,391,1,30,0.03000,FR,0,14,12.15000
30.2920,391,1,30,0.03000,BR,0,7,11.94000
30.2920,391,1,30,0.03000,BR,1,37,12.84000
30.3000,391,1,30,0.03000,FL,0,29,12.60000
30.3000,391,1,30,0.03000,BL,0,22,12.39000
30.3000,391,1,30,0.03000,FR,0,14,12.15000
30.3000,391,1,30,0.03000,BR,0,7,11.94000
30.3000,391,1,30,0.03000,BR,1,37,12.84000
30.3100,392,2,30,0.03000,FL,0,28,12.60000
30.3100,392,2,30,0.03000,BL,0,21,12.39000
30.3100,392,2,30,0.03000,FR,0,13,12.15000
30.3100,392,2,30,0.03000,BR,0,6,11.94000
30.3100,392,2,30,0.03000,BR,1,36,12.84000
30.3200,392,2,30,0.03000,FL,0,28,12.60000
30.3200,392,2,30,0.03000,BL,0,21,12.39000
30.3200,392,2,30,0.03000,FR,0,13,12.15000
30.3200,392,2,30,0.03000,BR,0,6,11.94000
30.3200,392,2,30,0.03000,BR,1,36,12.84000
30.3320,392,2,30,0.03000,FL,0,28,12.60000
30.3320,392,2,30,0.03000,BL,0,21,12.39000
30.3320,392,2,30,0.03000,FR,0,13,12.15000
30.3320,392,2,30,0.03000,BR,0,6,11.94000
30.3320,392,2,30,0.03000,BR,1,36,12.84000
30.3440,393,3,30,0.03000,FL,0,27,12.60000
30.3440,393,3,30,0.03000,BL,0,20,12.39000
30.3440,393,3,30,0.03000,FR,0,12,12.15000
30.3440,393,3,30,0.03000,BR,0,5,11.94000
30.3440,393,3,30,0.03000,BR,1,35,12.84000
30.3540,393,3,30,0.03000,FL,0,27,12.60000
30.3540,393,3,30,0.03000,BL,0,20,12.39000
30.3540,393,3,30,0.03000,FR,0,12,12.15000
30.3540,393,3,30,0.03000,BR,0,5,11.94000
30.3540,393,3,30,0.03000,BR,1,35,12.84000
30.3620,393,3,30,0.03000,FL,0,27,12.60000
30.3620,393,3,30,0.03000,BL,0,20,12.39000
30.3620,393,3,30,0.03000,FR,0,12,12.15000
30.3620,393,3,30,0.03000,BR,0,5,11.94000
30.3620,393,3,30,0.03000,BR,1,35,12.84000
30.3760,394,4,30,0.03000,FL,0,26,12.60000
30.3760,394,4,30,0.03000,BL,0,19,12.39000
30.3760,394,4,30,0.03000,FR,0,11,12.15000
30.3760,394,4,30,0.03000,BR,0,4,11.94000
30.3760,394,4,30,0.03000,BR,1,34,12.84000
30.3880,394,4,30,0.03000,FL,0,26,12.60000
30.3880,394,4,30,0.03000,BL,0,19,12.39000
30.3880,394,4,30,0.03000,FR,0,11,12.15000
30.3880,394,4,30,0.03000,BR,0,4,11.94000
30.3880,394,4,30,0.03000,BR,1,34,12.84000
30.4000,395,5,30,0.03000,FL,0,25,12.60000
30.4000,395,5,30,0.03000,BL,0,18,12.39000
30.4000,395,5,30,0.03000,FR,0,10,12.15000
30.4000,395,5,30,0.03000,BR,0,3,11.94000
30.4000,395,5,30,0.03000,BR,1,33,12.84000
30.4120,395,5,30,0.03000,FL,0,25,12.60000
30.4120,395,5,30,0.03000,BL,0,18,12.39000
30.4120,395,5,30,0.03000,FR,0,10,12.15000
30.4120,395,5,30,0.03000,BR,0,3,11.94000
30.4120,395,5,30,0.03000,BR,1,33,12.84000
30.4240,396,6,30,0.03000,FL,0,24,12.60000
30.4240,396,6,30,0.03000,BL,0,17,12.39000
30.4240,396,6,30,0.03000,FR,0,9,12.15000
30.4240,396,6,30,0.03000,FR,1,39,13.05000
30.4240,396,6,30,0.03000,BR,0,2,11.94000
30.4240,396,6,30,0.03000,BR,1,32,12.84000
30.4340,396,6,30,0.03000,FL,0,24,12.60000
30.4340,396,6,30,0.03000,BL,0,17,12.39000
30.4340,396,6,30,0.03000,FR,0,9,12.15000
30.4340,396,6,30,0.03000,FR,1,39,13.05000
30.4340,396,6,30,0.03000,BR,0,2,11.94000
30.4340,396,6,30,0.03000,BR,1,32,12.84000
30.4460,396,6,30,0.03000,FL,0,24,12.60000
30.4460,396,6,30,0.03000,BL,0,17,12.39000
30.4460,396,6,30,0.03000,FR,0,9,12.15000
30.4460,396,6,30,0.03000,FR,1,39,13.05000
30.4460,396,6,30,0.03000,BR,0,2,11.94000
30.4460,396,6,30,0.03000,BR,1,32,12.84000
30.4540,397,7,30,0.03000,FL,0,23,12.60000
30.4540,397,7,30,0.03000,BL,0,16,12.39000
30.4540,397,7,30,0.03000,FR,0,8,12.15000
30.4540,397,7,30,0.03000,FR,1,38,13.05000
30.4540,397,7,30,0.03000,BR,0,1,11.94000
30.4540,397,7,30,0.03000,BR,1,31,12.84000
30.4740,397,7,30,0.03000,FL,0,23,12.60000
30.4740,397,7,30,0.03000,BL,0,16,12.39000
30.4740,397,7,30,0.03000,FR,0,8,12.15000
30.4740,397,7,30,0.03000,FR,1,38,13.05000
30.4740,397,7,30,0.03000,BR,0,1,11.94000
30.4740,397,7,30,0.03000,BR,1,31,12.84000
30.4840,398,8,30,0.03000,FL,0,22,12.60000
30.4840,398,8,30,0.03000,BL,0,15,12.39000
30.4840,398,8,30,0.03000,FR,0,7,12.15000
30.4840,398,8,30,0.03000,FR,1,37,13.05000
30.4840,398,8,30,0.03000,BR,0,30,12.84000
30.4920,398,8,30,0.03000,FL,0,22,12.60000
30.4920,398,8,30,0.03000,BL,0,15,12.39000
30.4920,398,8,30,0.03000,FR,0,7,12.15000
30.4920,398,8,30,0.03000,FR,1,37,13.05000
30.4920,398,8,30,0.03000,BR,0,30,12.84000
30.5020,398,8,30,0.03000,FL,0,22,12.60000
30.5020,398,8,30,0.03000,BL,0,15,12.39000
30.5020,398,8,30,0.03000,FR,0,7,12.15000
30.5020,398,8,30,0.03000,FR,1,37,13.05000
30.5020,398,8,30,0.03000,BR,0,30,12.84000
30.5120,398,8,30,0.03000,FL,0,22,12.60000
30.5120,398,8,30,0.03000,BL,0,15,12.39000
30.5120,398,8,30,0.03000,FR,0,7,12.15000
30.5120,398,8,30,0.03000,FR,1,37,13.05000
30.5120,398,8,30,0.03000,BR,0,30,12.84000
30.5220,399,9,30,0.03000,FL,0,21,12.60000
30.5220,399,9,30,0.03000,BL,0,14,12.39000
30.5220,399,9,30,0.03000,FR,0,6,12.15000
30.5220,399,9,30,0.03000,FR,1,36,13.05000
30.5220,399,9,30,0.03000,BR,0,29,12.84000
30.5300,399,9,30,0.03000,FL,0,21,12.60000
30.5300,399,9,30,0.03000,BL,0,14,12.39000
30.5300,399,9,30,0.03000,FR,0,6,12.15000
30.5300,399,9,30,0.03000,FR,1,36,13.05000
30.5300,399,9,30,0.03000,BR,0,29,12.84000
30.5400,399,9,30,0.03000,FL,0,21,12.60000
30.5400,399,9,30,0.03000,BL,0,14,12.39000
30.5400,399,9,30,0.03000,FR,0,6,12.15000
30.5400,399,9,30,0.03000,FR,1,36,13.05000
30.5400,399,9,30,0.03000,BR,0,29,12.84000
30.5540,400,10,30,0.03000,FL,0,20,12.60000
30.5540,400,10,30,0.03000,BL,0,13,12.39000
30.5540,400,10,30,0.03000,FR,0,5,12.15000
30.5540,400,10,30,0.03000,FR,1,35,13.05000
30.5540,400,10,30,0.03000,BR,0,28,12.84000
30.5660,400,10,30,0.03000,FL,0,20,12.60000
30.5660,400,10,30,0.03000,BL,0,13,12.39000
30.5660,400,10,30,0.03000,FR,0,5,12.15000
30.5660,400,10,30,0.03000,FR,1,35,13.05000
30.5660,400,10,30,0.03000,BR,0,28,12.84000
30.5800,401,11,30,0.03000,FL,0,19,12.60000
30.5800,401,11,30,0.03000,BL,0,12,12.39000
30.5800,401,11,30,0.03000,FR,0,4,12.15000
30.5800,401,11,30,0.03000,FR,1,34,13.05000
30.5800,401,11,30,0.03000,BR,0,27,12.84000
30.5920,401,11,30,0.03000,FL,0,19,12.60000
30.5920,401,11,30,0.03000,BL,0,12,12.39000
30.5920,401,11,30,0.03000,FR,0,4,12.15000
30.5920,401,11,30,0.03000,FR,1,34,13.05000
30.5920,401,11,30,0.03000,BR,0,27,12.84000
30.6000,401,11,30,0.03000,FL,0,19,12.60000
30.6000,401,11,30,0.03000,BL,0,12,12.39000
30.6000,401,11,30,0.03000,FR,0,4,12.15000
30.6000,401,11,30,0.03000,FR,1,34,13.05000
30.6000,401,11,30,0.03000,BR,0,27,12.84000
30.6100,402,12,30,0.03000,FL,0,18,12.60000
30.6100,402,12,30,0.03000,BL,0,11,12.39000
30.6100,402,12,30,0.03000,FR,0,3,12.15000
30.6100,402,12,30,0.03000,FR,1,33,13.05000
30.6100,402,12,30,0.03000,BR,0,26,12.84000
30.6220,402,12,30,0.03000,FL,0,18,12.60000
30.6220,402,12,30,0.03000,BL,0,11,12.39000
30.6220,402,12,30,0.03000,FR,0,3,12.15000
30.6220,402,12,30,0.03000,FR,1,33,13.05000
30.6220,402,12,30,0.03000,BR,0,26,12.84000
30.6320,402,12,30,0.03000,FL,0,18,12.60000
30.6320,402,12,30,0.03000,BL,0,11,12.39000
30.6320,402,12,30,0.03000,FR,0,3,12.15000
30.6320,402,12,30,0.03000,FR,1,33,13.05000
30.6320,402,12,30,0.03000,BR,0,26,12.84000
30.6440,403,13,30,0.03000,FL,0,17,12.60000
30.6440,403,13,30,0.03000,BL,0,10,12.39000
30.6440,403,13,30,0.03000,FR,0,2,12.15000
30.6440,403,13,30,0.03000,FR,1,32,13.05000
30.6440,403,13,30,0.03000,BR,0,25,12.84000
30.6520,403,13,30,0.03000,FL,0,17,12.60000
30.6520,403,13,30,0.03000,BL,0,10,12.39000
30.6520,403,13,30,0.03000,FR,0,2,12.15000
30.6520,403,13,30,0.03000,FR,1,32,13.05000
30.6520,403,13,30,0.03000,BR,0,25,12.84000
30.6620,403,13,30,0.03000,FL,0,17,12.60000
30.6620,403,13,30,0.03000,BL,0,10,12.39000
30.6620,403,13,30,0.03000,FR,0,2,12.15000
30.6620,403,13,30,0.03000,FR,1,32,13.05000
30.6620,403,13,30,0.03000,BR,0,25,12.84000
30.6720,404,14,30,0.03000,FL,0,16,12.60000
30.6720,404,14,30,0.03000,BL,0,9,12.39000
30.6720,404,14,30,0.03000,BL,1,39,13.29000
30.6720,404,14,30,0.03000,FR,0,1,12.15000
30.6720,404,14,30,0.03000,FR,1,31,13.05000
30.6720,404,14,30,0.03000,BR,0,24,12.84000
30.6800,404,14,30,0.03000,FL,0,16,12.60000
30.6800,404,14,30,0.03000,BL,0,9,12.39000
30.6800,404,14,30,0.03000,BL,1,39,13.29000
30.6800,404,14,30,0.03000,FR,0,1,12.15000
30.6800,404,14,30,0.03000,FR,1,31,13.05000
30.6800,404,14,30,0.03000,BR,0,24,12.84000
30.6900,404,14,30,0.03000,FL,0,16,12.60000
30.6900,404,14,30,0.03000,BL,0,9,12.39000
30.6900,404,14,30,0.03000,BL,1,39,13.29000
30.6900,404,14,30,0.03000,FR,0,1,12.15000
30.6900,404,14,30,0.03000,FR,1,31,13.05000
30.6900,404,14,30,0.03000,BR,0,24,12.84000
30.6980,405,15,30,0.03000,FL,0,15,12.60000
30.6980,405,15,30,0.03000,BL,0,8,12.39000
30.6980,405,15,30,0.03000,BL,1,38,13.29000
30.6980,405,15,30,0.03000,FR,0,30,13.05000
30.6980,405,15,30,0.03000,BR,0,23,12.84000
30.7180,405,15,30,0.03000,FL,0,15,12.60000
30.7180,405,15,30,0.03000,BL,0,8,12.39000
30.7180,405,15,30,0.03000,BL,1,38,13.29000
30.7180,405,15,30,0.03000,FR,0,30,13.05000
30.7180,405,15,30,0.03000,BR,0,23,12.84000
30.7260,406,16,30,0.03000,FL,0,14,12.60000
30.7260,406,16,30,0.03000,BL,0,7,12.39000
30.7260,406,16,30,0.03000,BL,1,37,13.29000
30.7260,406,16,30,0.03000,FR,0,29,13.05000
30.7260,406,16,30,0.03000,BR,0,22,12.84000
30.7360,406,16,30,0.03000,FL,0,14,12.60000
30.7360,406,16,30,0.03000,BL,0,7,12.39000
30.7360,406,16,30,0.03000,BL,1,37,13.29000
30.7360,406,16,30,0.03000,FR,0,29,13.05000
30.7360,406,16,30,0.03000,BR,0,22,12.84000
30.7460,406,16,30,0.03000,FL,0,14,12.60000
30.7460,406,16,30,0.03000,BL,0,7,12.39000
30.7460,406,16,30,0.03000,BL,1,37,13.29000
30.7460,406,16,30,0.03000,FR,0,29,13.05000
30.7460,406,16,30,0.03000,BR,0,22,12.84000
30.7560,407,17,30,0.03000,FL,0,13,12.60000
30.7560,407,17,30,0.03000,BL,0,6,12.39000
30.7560,407,17,30,0.03000,BL,1,36,13.29000
30.7560,407,17,30,0.03000,FR,0,28,13.05000
30.7560,407,17,30,0.03000,BR,0,21,12.84000
30.7640,407,17,30,0.03000,FL,0,13,12.60000
30.7640,407,17,30,0.03000,BL,0,6,12.39000
30.7640,407,17,30,0.03000,BL,1,36,13.29000
30.7640,407,17,30,0.03000,FR,0,28,13.05000
30.7640,407,17,30,0.03000,BR,0,21,12.84000
30.7740,407,17,30,0.03000,FL,0,13,12.60000
30.7740,407,17,30,0.03000,BL,0,6,12.39000
30.7740,407,17,30,0.03000,BL,1,36,13.29000
30.7740,407,17,30,0.03000,FR,0,28,13.05000
30.7740,407,17,30,0.03000,BR,0,21,12.84000
30.7820,407,17,30,0.03000,FL,0,13,12.60000
30.7820,407,17,30,0.03000,BL,0,6,12.39000
30.7820,407,17,30,0.03000,BL,1,36,13.29000
30.7820,407,17,30,0.03000,FR,0,28,13.05000
30.7820,407,17,30,0.03000,BR,0,21,12.84000
30.7920,408,18,30,0.03000,FL,0,12,12.60000
30.7920,408,18,30,0.03000,BL,0,5,12.39000
30.7920,408,18,30,0.03000,BL,1,35,13.29000
30.7920,408,18,30,0.03000,FR,0,27,13.05000
30.7920,408,18,30,0.03000,BR,0,20,12.84000
30.8020,408,18,30,0.03000,FL,0,12,12.60000
30.8020,408,18,30,0.03000,BL,0,5,12.39000
30.8020,408,18,30,0.03000,BL,1,35,13.29000
30.8020,408,18,30,0.03000,FR,0,27,13.05000
30.8020,408,18,30,0.03000,BR,0,20,12.84000
30.8100,408,18,30,0.03000,FL,0,12,12.60000
30.8100,408,18,30,0.03000,BL,0,5,12.39000
30.8100,408,18,30,0.03000,BL,1,35,13.29000
30.8100,408,18,30,0.03000,FR,0,27,13.05000
30.8100,408,18,30,0.03000,BR,0,20,12.84000
30.8200,409,19,30,0.03000,FL,0,11,12.60000
30.8200,409,19,30,0.03000,BL,0,4,12.39000
30.8200,409,19,30,0.03000,BL,1,34,13.29000
30.8200,409,19,30,0.03000,FR,0,26,13.05000
30.8200,409,19,30,0.03000,BR,0,19,12.84000
30.8280,409,19,30,0.03000,FL,0,11,12.60000
30.8280,409,19,30,0.03000,BL,0,4,12.39000
30.8280,409,19,30,0.03000,BL,1,34,13.29000
30.8280,409,19,30,0.03000,FR,0,26,13.05000
30.8280,409,19,30,0.03000,BR,0,19,12.84000
30.8380,409,19,30,0.03000,FL,0,11,12.60000
30.8380,409,19,30,0.03000,BL,0,4,12.39000
30.8380,409,19,30,0.03000,BL,1,34,13.29000
30.8380,409,19,30,0.03000,FR,0,26,13.05000
30.8380,409,19,30,0.03000,BR,0,19,12.84000
30.8480,410,20,30,0.03000,FL,0,10,12.60000
30.8480,410,20,30,0.03000,BL,0,3,12.39000
30.8480,410,20,30,0.03000,BL,1,33,13.29000
30.8480,410,20,30,0.03000,FR,0,25,13.05000
30.8480,410,20,30,0.03000,BR,0,18,12.84000
30.8560,410,20,30,0.03000,FL,0,10,12.60000
30.8560,410,20,30,0.03000,BL,0,3,12.39000
30.8560,410,20,30,0.03000,BL,1,33,13.29000
30.8560,410,20,30,0.03000,FR,0,25,13.05000
30.8560,410,20,30,0.03000,BR,0,18,12.84000
30.8700,410,20,30,0.03000,FL,0,10,12.60000
30.8700,410,20,30,0.03000,BL,0,3,12.39000
30.8700,410,20,30,0.03000,BL,1,33,13.29000
30.8700,410,20,30,0.03000,FR,0,25,13.05000
30.8700,410,20,30,0.03000,BR,0,18,12.84000
30.8800,411,21,30,0.03000,FL,0,9,12.60000
30.8800,411,21,30,0.03000,FL,1,39,13.50000
30.8800,411,21,30,0.03000,BL,0,2,12.39000
30.8800,411,21,30,0.03000,BL,1,32,13.29000
30.8800,411,21,30,0.03000,FR,0,24,13.05000
30.8800,411,21,30,0.03000,BR,0,17,12.84000
30.8880,411,21,30,0.03000,FL,0,9,12.60000
30.8880,411,21,30,0.03000,FL,1,39,13.50000
30.8880,411,21,30,0.03000,BL,0,2,12.39000
30.8880,411,21,30,0.03000,BL,1,32,13.29000
30.8880,411,21,30,0.03000,FR,0,24,13.05000
30.8880,411,21,30,0.03000,BR,0,17,12.84000
30.8980,411,21,30,0.03000,FL,0,9,12.60000
30.8980,411,21,30,0.03000,FL,1,39,13.50000
30.8980,411,21,30,0.03000,BL,0,2,12.39000
30.8980,411,21,30,0.03000,BL,1,32,13.29000
30.8980,411,21,30,0.03000,FR,0,24,13.05000
30.8980,411,21,30,0.03000,BR,0,17,12.84000
30.9100,412,22,30,0.03000,FL,0,8,12.60000
30.9100,412,22,30,0.03000,FL,1,38,13.50000
30.9100,412,22,30,0.03000,BL,0,1,12.39000
30.9100,412,22,30,0.03000,BL,1,31,13.29000
30.9100,412,22,30,0.03000,FR,0,23,13.05000
30.9100,412,22,30,0.03000,BR,0,16,12.84000
30.9480,413,23,30,0.03000,FL,0,7,12.60000
30.9480,413,23,30,0.03000,FL,1,37,13.50000
30.9480,413,23,30,0.03000,BL,0,30,13.29000
30.9480,413,23,30,0.03000,FR,0,22,13.05000
30.9480,413,23,30,0.03000,BR,0,15,12.84000
30.9620,413,23,30,0.03000,FL,0,7,12.60000
30.9620,413,23,30,0.03000,FL,1,37,13.50000
30.9620,413,23,30,0.03000,BL,0,30,13.29000
30.9620,413,23,30,0.03000,FR,0,22,13.05000
30.9620,413,23,30,0.03000,BR,0,15,12.84000
30.9700,414,24,30,0.03000,FL,0,6,12.60000
30.9700,414,24,30,0.03000,FL,1,36,13.50000
30.9700,414,24,30,0.03000,BL,0,29,13.29000
30.9700,414,24,30,0.03000,FR,0,21,13.05000
30.9700,414,24,30,0.03000,BR,0,14,12.84000
30.9800,414,24,30,0.03000,FL,0,6,12.60000
30.9800,414,24,30,0.03000,FL,1,36,13.50000
30.9800,414,24,30,0.03000,BL,0,29,13.29000
30.9800,414,24,30,0.03000,FR,0,21,13.05000
30.9800,414,24,30,0.03000,BR,0,14,12.84000
30.9900,414,24,30,0.03000,FL,0,6,12.60000
30.9900,414,24,30,0.03000,FL,1,36,13.50000
30.9900,414,24,30,0.03000,BL,0,29,13.29000
30.9900,414,24,30,0.03000,FR,0,21,13.05000
30.9900,414,24,30,0.03000,BR,0,14,12.84000
30.9980,415,25,30,0.03000,FL,0,5,12.60000
30.9980,415,25,30,0.03000,FL,1,35,13.50000
30.9980,415,25,30,0.03000,BL,0,28,13.29000
30.9980,415,25,30,0.03000,FR,0,20,13.05000
30.9980,415,25,30,0.03000,BR,0,13,12.84000
31.0100,415,25,30,0.03000,FL,0,5,12.60000
31.0100,415,25,30,0.03000,FL,1,35,13.50000
31.0100,415,25,30,0.03000,BL,0,28,13.29000
31.0100,415,25,30,0.03000,FR,0,20,13.05000
31.0100,415,25,30,0.03000,BR,0,13,12.84000
31.0180,415,25,30,0.03000,FL,0,5,12.60000
31.0180,415,25,30,0.03000,FL,1,35,13.50000
31.0180,415,25,30,0.03000,BL,0,28,13.29000
31.0180,415,25,30,0.03000,FR,0,20,13.05000
31.0180,415,25,30,0.03000,BR,0,13,12.84000
31.0280,416,26,30,0.03000,FL,0,4,12.60000
31.0280,416,26,30,0.03000,FL,1,34,13.50000
31.0280,416,26,30,0.03000,BL,0,27,13.29000
31.0280,416,26,30,0.03000,FR,0,19,13.05000
31.0280,416,26,30,0.03000,BR,0,12,12.84000
31.0360,416,26,30,0.03000,FL,0,4,12.60000
31.0360,416,26,30,0.03000,FL,1,34,13.50000
31.0360,416,26,30,0.03000,BL,0,27,13.29000
31.0360,416,26,30,0.03000,FR,0,19,13.05000
31.0360,416,26,30,0.03000,BR,0,12,12.84000
31.0460,416,26,30,0.03000,FL,0,4,12.60000
31.0460,416,26,30,0.03000,FL,1,34,13.50000
31.0460,416,26,30,0.03000,BL,0,27,13.29000
31.0460,416,26,30,0.03000,FR,0,19,13.05000
31.0460,416,26,30,0.03000,BR,0,12,12.84000
31.0560,417,27,30,0.03000,FL,0,3,12.60000
31.0560,417,27,30,0.03000,FL,1,33,13.50000
31.0560,417,27,30,0.03000,BL,0,26,13.29000
31.0560,417,27,30,0.03000,FR,0,18,13.05000
31.0560,417,27,30,0.03000,BR,0,11,12.84000
31.0640,417,27,30,0.03000,FL,0,3,12.60000
31.0640,417,27,30,0.03000,FL,1,33,13.50000
31.0640,417,27,30,0.03000,BL,0,26,13.29000
31.0640,417,27,30,0.03000,FR,0,18,13.05000
31.0640,417,27,30,0.03000,BR,0,11,12.84000
31.0740,417,27,30,0.03000,FL,0,3,12.60000
31.0740,417,27,30,0.03000,FL,1,33,13.50000
31.0740,417,27,30,0.03000,BL,0,26,13.29000
31.0740,417,27,30,0.03000,FR,0,18,13.05000
31.0740,417,27,30,0.03000,BR,0,11,12.84000
31.0840,418,28,30,0.03000,FL,0,2,12.60000
31.0840,418,28,30,0.03000,FL,1,32,13.50000
31.0840,418,28,30,0.03000,BL,0,25,13.29000
31.0840,418,28,30,0.03000,FR,0,17,13.05000
31.0840,418,28,30,0.03000,BR,0,10,12.84000
31.0920,418,28,30,0.03000,FL,0,2,12.60000
31.0920,418,28,30,0.03000,FL,1,32,13.50000
31.0920,418,28,30,0.03000,BL,0,25,13.29000
31.0920,418,28,30,0.03000,FR,0,17,13.05000
31.0920,418,28,30,0.03000,BR,0,10,12.84000
31.1020,418,28,30,0.03000,FL,0,2,12.60000
31.1020,418,28,30,0.03000,FL,1,32,13.50000
31.1020,418,28,30,0.03000,BL,0,25,13.29000
31.1020,418,28,30,0.03000,FR,0,17,13.05000
31.1020,418,28,30,0.03000,BR,0,10,12.84000
31.1100,418,28,30,0.03000,FL,0,2,12.60000
31.1100,418,28,30,0.03000,FL,1,32,13.50000
31.1100,418,28,30,0.03000,BL,0,25,13.29000
31.1100,418,28,30,0.03000,FR,0,17,13.05000
31.1100,418,28,30,0.03000,BR,0,10,12.84000
31.1200,419,29,30,0.03000,FL,0,1,12.60000
31.1200,419,29,30,0.03000,FL,1,31,13.50000
31.1200,419,29,30,0.03000,BL,0,24,13.29000
31.1200,419,29,30,0.03000,FR,0,16,13.05000
31.1200,419,29,30,0.03000,BR,0,9,12.84000
31.1200,419,29,30,0.03000,BR,1,39,13.74000
31.1300,419,29,30,0.03000,FL,0,1,12.60000
31.1300,419,29,30,0.03000,FL,1,31,13.50000
31.1300,419,29,30,0.03000,BL,0,24,13.29000
31.1300,419,29,30,0.03000,FR,0,16,13.05000
31.1300,419,29,30,0.03000,BR,0,9,12.84000
31.1300,419,29,30,0.03000,BR,1,39,13.74000
31.1400,419,29,30,0.03000,FL,0,1,12.60000
31.1400,419,29,30,0.03000,FL,1,31,13.50000
31.1400,419,29,30,0.03000,BL,0,24,13.29000
31.1400,419,29,30,0.03000,FR,0,16,13.05000
31.1400,419,29,30,0.03000,BR,0,9,12.84000
31.1400,419,29,30,0.03000,BR,1,39,13.74000
31.1500,420,0,30,0.03000,FL,0,30,13.50000
31.1500,420,0,30,0.03000,BL,0,23,13.29000
31.1500,420,0,30,0.03000,FR,0,15,13.05000
31.1500,420,0,30,0.03000,BR,0,8,12.84000
31.1500,420,0,30,0.03000,BR,1,38,13.74000
31.1680,420,0,30,0.03000,FL,0,30,13.50000
31.1680,420,0,30,0.03000,BL,0,23,13.29000
31.1680,420,0,30,0.03000,FR,0,15,13.05000
31.1680,420,0,30,0.03000,BR,0,8,12.84000
31.1680,420,0,30,0.03000,BR,1,38,13.74000
31.1780,421,1,30,0.03000,FL,0,29,13.50000
31.1780,421,1,30,0.03000,BL,0,22,13.29000
31.1780,421,1,30,0.03000,FR,0,14,13.05000
31.1780,421,1,30,0.03000,BR,0,7,12.84000
31.1780,421,1,30,0.03000,BR,1,37,13.74000
31.1860,421,1,30,0.03000,FL,0,29,13.50000
31.1860,421,1,30,0.03000,BL,0,22,13.29000
31.1860,421,1,30,0.03000,FR,0,14,13.05000
31.1860,421,1,30,0.03000,BR,0,7,12.84000
31.1860,421,1,30,0.03000,BR,1,37,13.74000
31.1940,421,1,30,0.03000,FL,0,29,13.50000
31.1940,421,1,30,0.03000,BL,0,22,13.29000
31.1940,421,1,30,0.03000,FR,0,14,13.05000
31.1940,421,1,30,0.03000,BR,0,7,12.84000
31.1940,421,1,30,0.03000,BR,1,37,13.74000
31.2040,422,2,30,0.03000,FL,0,28,13.50000
31.2040,422,2,30,0.03000,BL,0,21,13.29000
31.2040,422,2,30,0.03000,FR,0,13,13.05000
31.2040,422,2,30,0.03000,BR,0,6,12.84000
31.2040,422,2,30,0.03000,BR,1,36,13.74000
31.2140,422,2,30,0.03000,FL,0,28,13.50000
31.2140,422,2,30,0.03000,BL,0,21,13.29000
31.2140,422,2,30,0.03000,FR,0,13,13.05000
31.2140,422,2,30,0.03000,BR,0,6,12.84000
31.2140,422,2,30,0.03000,BR,1,36,13.74000
31.2220,422,2,30,0.03000,FL,0,28,13.50000
31.2220,422,2,30,0.03000,BL,0,21,13.29000
31.2220,422,2,30,0.03000,FR,0,13,13.05000
31.2220,422,2,30,0.03000,BR,0,6,12.84000
31.2220,422,2,30,0.03000,BR,1,36,13.74000
31.2320,422,2,30,0.03000,FL,0,28,13.50000
31.2320,422,2,30,0.03000,BL,0,21,13.29000
31.2320,422,2,30,0.03000,FR,0,13,13.05000
31.2320,422,2,30,0.03000,BR,0,6,12.84000
31.2320,422,2,30,0.03000,BR,1,36,13.74000
31.2420,423,3,30,0.03000,FL,0,27,13.50000
31.2420,423,3,30,0.03000,BL,0,20,13.29000
31.2420,423,3,30,0.03000,FR,0,12,13.05000
31.2420,423,3,30,0.03000,BR,0,5,12.84000
31.2420,423,3,30,0.03000,BR,1,35,13.74000
31.2500,423,3,30,0.03000,FL,0,27,13.50000
31.2500,423,3,30,0.03000,BL,0,20,13.29000
31.2500,423,3,30,0.03000,FR,0,12,13.05000
31.2500,423,3,30,0.03000,BR,0,5,12.84000
31.2500,423,3,30,0.03000,BR,1,35,13.74000
31.2580,423,3,30,0.03000,FL,0,27,13.50000
31.2580,423,3,30,0.03000,BL,0,20,13.29000
31.2580,423,3,30,0.03000,FR,0,12,13.05000
31.2580,423,3,30,0.03000,BR,0,5,12.84000
31.2580,423,3,30,0.03000,BR,1,35,13.74000
31.2680,424,4,30,0.03000,FL,0,26,13.50000
31.2680,424,4,30,0.03000,BL,0,19,13.29000
31.2680,424,4,30,0.03000,FR,0,11,13.05000
31.2680,424,4,30,0.03000,BR,0,4,12.84000
31.2680,424,4,30,0.03000,BR,1,34,13.74000
31.2780,424,4,30,0.03000,FL,0,26,13.50000
31.2780,424,4,30,0.03000,BL,0,19,13.29000
31.2780,424,4,30,0.03000,FR,0,11,13.05000
31.2780,424,4,30,0.03000,BR,0,4,12.84000
31.2780,424,4,30,0.03000,BR,1,34,13.74000
31.2880,424,4,30,0.03000,FL,0,26,13.50000
31.2880,424,4,30,0.03000,BL,0,19,13.29000
31.2880,424,4,30,0.03000,FR,0,11,13.05000
31.2880,424,4,30,0.03000,BR,0,4,12.84000
31.2880,424,4,30,0.03000,BR,1,34,13.74000
31.2980,425,5,30,0.03000,FL,0,25,13.50000
31.2980,425,5,30,0.03000,BL,0,18,13.29000
31.2980,425,5,30,0.03000,FR,0,10,13.05000
31.2980,425,5,30,0.03000,BR,0,3,12.84000
31.2980,425,5,30,0.03000,BR,1,33,13.74000
31.3140,425,5,30,0.03000,FL,0,25,13.50000
31.3140,425,5,30,0.03000,BL,0,18,13.29000
31.3140,425,5,30,0.03000,FR,0,10,13.05000
31.3140,425,5,30,0.03000,BR,0,3,12.84000
31.3140,425,5,30,0.03000,BR,1,33,13.74000
31.3220,425,5,30,0.03000,FL,0,25,13.50000
31.3220,425,5,30,0.03000,BL,0,18,13.29000
31.3220,425,5,30,0.03000,FR,0,10,13.05000
31.3220,425,5,30,0.03000,BR,0,3,12.84000
31.3220,425,5,30,0.03000,BR,1,33,13.74000
31.3320,426,6,30,0.03000,FL,0,24,13.50000
31.3320,426,6,30,0.03000,BL,0,17,13.29000
31.3320,426,6,30,0.03000,FR,0,9,13.05000
31.3320,426,6,30,0.03000,FR,1,39,13.95000
31.3320,426,6,30,0.03000,BR,0,2,12.84000
31.3320,426,6,30,0.03000,BR,1,32,13.74000
31.3480,426,6,30,0.03000,FL,0,24,13.50000
31.3480,426,6,30,0.03000,BL,0,17,13.29000
31.3480,426,6,30,0.03000,FR,0,9,13.05000
31.3480,426,6,30,0.03000,FR,1,39,13.95000
31.3480,426,6,30,0.03000,BR,0,2,12.84000
31.3480,426,6,30,0.03000,BR,1,32,13.74000
31.3580,427,7,30,0.03000,FL,0,23,13.50000
31.3580,427,7,30,0.03000,BL,0,16,13.29000
31.3580,427,7,30,0.03000,FR,0,8,13.05000
31.3580,427,7,30,0.03000,FR,1,38,13.95000
31.3580,427,7,30,0.03000,BR,0,1,12.84000
31.3580,427,7,30,0.03000,BR,1,31,13.74000
31.3800,427,7,30,0.03000,FL,0,23,13.50000
31.3800,427,7,30,0.03000,BL,0,16,13.29000
31.3800,427,7,30,0.03000,FR,0,8,13.05000
31.3800,427,7,30,0.03000,FR,1,38,13.95000
31.3800,427,7,30,0.03000,BR,0,1,12.84000
31.3800,427,7,30,0.03000,BR,1,31,13.74000
31.4000,428,8,30,0.03000,FL,0,22,13.50000
31.4000,428,8,30,0.03000,BL,0,15,13.29000
31.4000,428,8,30,0.03000,FR,0,7,13.05000
31.4000,428,8,30,0.03000,FR,1,37,13.95000
31.4000,428,8,30,0.03000,BR,0,30,13.74000
31.4120,428,8,30,0.03000,FL,0,22,13.50000
31.4120,428,8,30,0.03000,BL,0,15,13.29000
31.4120,428,8,30,0.03000,FR,0,7,13.05000
31.4120,428,8,30,0.03000,FR,1,37,13.95000
31.4120,428,8,30,0.03000,BR,0,30,13.74000
31.4220,429,9,30,0.03000,FL,0,21,13.50000
31.4220,429,9,30,0.03000,BL,0,14,13.29000
31.4220,429,9,30,0.03000,FR,0,6,13.05000
31.4220,429,9,30,0.03000,FR,1,36,13.95000
31.4220,429,9,30,0.03000,BR,0,29,13.74000
31.4340,429,9,30,0.03000,FL,0,21,13.50000
31.4340,429,9,30,0.03000,BL,0,14,13.29000
31.4340,429,9,30,0.03000,FR,0,6,13.05000
31.4340,429,9,30,0.03000,FR,1,36,13.95000
31.4340,429,9,30,0.03000,BR,0,29,13.74000
31.4460,430,10,30,0.03000,FL,0,20,13.50000
31.4460,430,10,30,0.03000,BL,0,13,13.29000
31.4460,430,10,30,0.03000,FR,0,5,13.05000
31.4460,430,10,30,0.03000,FR,1,35,13.95000
31.4460,430,10,30,0.03000,BR,0,28,13.74000
31.4540,430,10,30,0.03000,FL,0,20,13.50000
31.4540,430,10,30,0.03000,BL,0,13,13.29000
31.4540,430,10,30,0.03000,FR,0,5,13.05000
31.4540,430,10,30,0.03000,FR,1,35,13.95000
31.4540,430,10,30,0.03000,BR,0,28,13.74000
31.4620,430,10,30,0.03000,FL,0,20,13.50000
31.4620,430,10,30,0.03000,BL,0,13,13.29000
31.4620,430,10,30,0.03000,FR,0,5,13.05000
31.4620,430,10,30,0.03000,FR,1,35,13.95000
31.4620,430,10,30,0.03000,BR,0,28,13.74000
31.4740,430,10,30,0.03000,FL,0,20,13.50000
31.4740,430,10,30,0.03000,BL,0,13,13.29000
31.4740,430,10,30,0.03000,FR,0,5,13.05000
31.4740,430,10,30,0.03000,FR,1,35,13.95000
31.4740,430,10,30,0.03000,BR,0,28,13.74000
31.4820,431,11,30,0.03000,FL,0,19,13.50000
31.4820,431,11,30,0.03000,BL,0,12,13.29000
31.4820,431,11,30,0.03000,FR,0,4,13.05000
31.4820,431,11,30,0.03000,FR,1,34,13.95000
31.4820,431,11,30,0.03000,BR,0,27,13.74000
31.4920,431,11,30,0.03000,FL,0,19,13.50000
31.4920,431,11,30,0.03000,BL,0,12,13.29000
31.4920,431,11,30,0.03000,FR,0,4,13.05000
31.4920,431,11,30,0.03000,FR,1,34,13.95000
31.4920,431,11,30,0.03000,BR,0,27,13.74000
31.5020,431,11,30,0.03000,FL,0,19,13.50000
31.5020,431,11,30,0.03000,BL,0,12,13.29000
31.5020,431,11,30,0.03000,FR,0,4,13.05000
31.5020,431,11,30,0.03000,FR,1,34,13.95000
31.5020,431,11,30,0.03000,BR,0,27,13.74000
31.5100,432,12,30,0.03000,FL,0,18,13.50000
31.5100,432,12,30,0.03000,BL,0,11,13.29000
31.5100,432,12,30,0.03000,FR,0,3,13.05000
31.5100,432,12,30,0.03000,FR,1,33,13.95000
31.5100,432,12,30,0.03000,BR,0,26,13.74000
31.5200,432,12,30,0.03000,FL,0,18,13.50000
31.5200,432,12,30,0.03000,BL,0,11,13.29000
31.5200,432,12,30,0.03000,FR,0,3,13.05000
31.5200,432,12,30,0.03000,FR,1,33,13.95000
31.5200,432,12,30,0.03000,BR,0,26,13.74000
31.5280,432,12,30,0.03000,FL,0,18,13.50000
31.5280,432,12,30,0.03000,BL,0,11,13.29000
31.5280,432,12,30,0.03000,FR,0,3,13.05000
31.5280,432,12,30,0.03000,FR,1,33,13.95000
31.5280,432,12,30,0.03000,BR,0,26,13.74000
31.5380,433,13,30,0.03000,FL,0,17,13.50000
31.5380,433,13,30,0.03000,BL,0,10,13.29000
31.5380,433,13,30,0.03000,FR,0,2,13.05000
31.5380,433,13,30,0.03000,FR,1,32,13.95000
31.5380,433,13,30,0.03000,BR,0,25,13.74000
31.5480,433,13,30,0.03000,FL,0,17,13.50000
31.5480,433,13,30,0.03000,BL,0,10,13.29000
31.5480,433,13,30,0.03000,FR,0,2,13.05000
31.5480,433,13,30,0.03000,FR,1,32,13.95000
31.5480,433,13,30,0.03000,BR,0,25,13.74000
31.5620,433,13,30,0.03000,FL,0,17,13.50000
31.5620,433,13,30,0.03000,BL,0,10,13.29000
31.5620,433,13,30,0.03000,FR,0,2,13.05000
31.5620,433,13,30,0.03000,FR,1,32,13.95000
31.5620,433,13,30,0.03000,BR,0,25,13.74000
31.5700,434,14,30,0.03000,FL,0,16,13.50000
31.5700,434,14,30,0.03000,BL,0,9,13.29000
31.5700,434,14,30,0.03000,BL,1,39,14.19000
31.5700,434,14,30,0.03000,FR,0,1,13.05000
31.5700,434,14,30,0.03000,FR,1,31,13.95000
31.5700,434,14,30,0.03000,BR,0,24,13.74000
31.5840,434,14,30,0.03000,FL,0,16,13.50000
31.5840,434,14,30,0.03000,BL,0,9,13.29000
31.5840,434,14,30,0.03000,BL,1,39,14.19000
31.5840,434,14,30,0.03000,FR,0,1,13.05000
31.5840,434,14,30,0.03000,FR,1,31,13.95000
31.5840,434,14,30,0.03000,BR,0,24,13.74000
31.5980,435,15,30,0.03000,FL,0,15,13.50000
31.5980,435,15,30,0.03000,BL,0,8,13.29000
31.5980,435,15,30,0.03000,BL,1,38,14.19000
31.5980,435,15,30,0.03000,FR,0,30,13.95000
31.5980,435,15,30,0.03000,BR,0,23,13.74000
31.6180,435,15,30,0.03000,FL,0,15,13.50000
31.6180,435,15,30,0.03000,BL,0,8,13.29000
31.6180,435,15,30,0.03000,BL,1,38,14.19000
31.6180,435,15,30,0.03000,FR,0,30,13.95000
31.6180,435,15,30,0.03000,BR,0,23,13.74000
31.6280,436,16,30,0.03000,FL,0,14,13.50000
31.6280,436,16,30,0.03000,BL,0,7,13.29000
31.6280,436,16,30,0.03000,BL,1,37,14.19000
31.6280,436,16,30,0.03000,FR,0,29,13.95000
31.6280,436,16,30,0.03000,BR,0,22,13.74000
31.6380,436,16,30,0.03000,FL,0,14,13.50000
31.6380,436,16,30,0.03000,BL,0,7,13.29000
31.6380,436,16,30,0.03000,BL,1,37,14.19000
31.6380,436,16,30,0.03000,FR,0,29,13.95000
31.6380,436,16,30,0.03000,BR,0,22,13.74000
31.6480,436,16,30,0.03000,FL,0,14,13.50000
31.6480,436,16,30,0.03000,BL,0,7,13.29000
31.6480,436,16,30,0.03000,BL,1,37,14.19000
31.6480,436,16,30,0.03000,FR,0,29,13.95000
31.6480,436,16,30,0.03000,BR,0,22,13.74000
31.6560,437,17,30,0.03000,FL,0,13,13.50000
31.6560,437,17,30,0.03000,BL,0,6,13.29000
31.6560,437,17,30,0.03000,BL,1,36,14.19000
31.6560,437,17,30,0.03000,FR,0,28,13.95000
31.6560,437,17,30,0.03000,BR,0,21,13.74000
31.6660,437,17,30,0.03000,FL,0,13,13.50000
31.6660,437,17,30,0.03000,BL,0,6,13.29000
31.6660,437,17,30,0.03000,BL,1,36,14.19000
31.6660,437,17,30,0.03000,FR,0,28,13.95000
31.6660,437,17,30,0.03000,BR,0,21,13.74000
31.6760,437,17,30,0.03000,FL,0,13,13.50000
31.6760,437,17,30,0.03000,BL,0,6,13.29000
31.6760,437,17,30,0.03000,BL,1,36,14.19000
31.6760,437,17,30,0.03000,FR,0,28,13.95000
31.6760,437,17,30,0.03000,BR,0,21,13.74000
31.6860,438,18,30,0.03000,FL,0,12,13.50000
31.6860,438,18,30,0.03000,BL,0,5,13.29000
31.6860,438,18,30,0.03000,BL,1,35,14.19000
31.6860,438,18,30,0.03000,FR,0,27,13.95000
31.6860,438,18,30,0.03000,BR,0,20,13.74000
31.6960,438,18,30,0.03000,FL,0,12,13.50000
31.6960,438,18,30,0.03000,BL,0,5,13.29000
31.6960,438,18,30,0.03000,BL,1,35,14.19000
31.6960,438,18,30,0.03000,FR,0,27,13.95000
31.6960,438,18,30,0.03000,BR,0,20,13.74000
31.7080,438,18,30,0.03000,FL,0,12,13.50000
31.7080,438,18,30,0.03000,BL,0,5,13.29000
31.7080,438,18,30,0.03000,BL,1,35,14.19000
31.7080,438,18,30,0.03000,FR,0,27,13.95000
31.7080,438,18,30,0.03000,BR,0,20,13.74000
31.7160,439,19,30,0.03000,FL,0,11,13.50000
31.7160,439,19,30,0.03000,BL,0,4,13.29000
31.7160,439,19,30,0.03000,BL,1,34,14.19000
31.7160,439,19,30,0.03000,FR,0,26,13.95000
31.7160,439,19,30,0.03000,BR,0,19,13.74000
31.7280,439,19,30,0.03000,FL,0,11,13.50000
31.7280,439,19,30,0.03000,BL,0,4,13.29000
31.7280,439,19,30,0.03000,BL,1,34,14.19000
31.7280,439,19,30,0.03000,FR,0,26,13.95000
31.7280,439,19,30,0.03000,BR,0,19,13.74000
31.7380,439,19,30,0.03000,FL,0,11,13.50000
31.7380,439,19,30,0.03000,BL,0,4,13.29000
31.7380,439,19,30,0.03000,BL,1,34,14.19000
31.7380,439,19,30,0.03000,FR,0,26,13.95000
31.7380,439,19,30,0.03000,BR,0,19,13.74000
31.7460,440,20,30,0.03000,FL,0,10,13.50000
31.7460,440,20,30,0.03000,BL,0,3,13.29000
31.7460,440,20,30,0.03000,BL,1,33,14.19000
31.7460,440,20,30,0.03000,FR,0,25,13.95000
31.7460,440,20,30,0.03000,BR,0,18,13.74000
31.7560,440,20,30,0.03000,FL,0,10,13.50000
31.7560,440,20,30,0.03000,BL,0,3,13.29000
31.7560,440,20,30,0.03000,BL,1,33,14.19000
31.7560,440,20,30,0.03000,FR,0,25,13.95000
31.7560,440,20,30,0.03000,BR,0,18,13.74000
31.7660,440,20,30,0.03000,FL,0,10,13.50000
31.7660,440,20,30,0.03000,BL,0,3,13.29000
31.7660,440,20,30,0.03000,BL,1,33,14.19000
31.7660,440,20,30,0.03000,FR,0,25,13.95000
31.7660,440,20,30,0.03000,BR,0,18,13.74000
31.7740,441,21,30,0.03000,FL,0,9,13.50000
31.7740,441,21,30,0.03000,FL,1,39,14.40000
31.7740,441,21,30,0.03000,BL,0,2,13.29000
31.7740,441,21,30,0.03000,BL,1,32,14.19000
31.7740,441,21,30,0.03000,FR,0,24,13.95000
31.7740,441,21,30,0.03000,BR,0,17,13.74000
31.7840,441,21,30,0.03000,FL,0,9,13.50000
31.7840,441,21,30,0.03000,FL,1,39,14.40000
31.7840,441,21,30,0.03000,BL,0,2,13.29000
31.7840,441,21,30,0.03000,BL,1,32,14.19000
31.7840,441,21,30,0.03000,FR,0,24,13.95000
31.7840,441,21,30,0.03000,BR,0,17,13.74000
31.7940,441,21,30,0.03000,FL,0,9,13.50000
31.7940,441,21,30,0.03000,FL,1,39,14.40000
31.7940,441,21,30,0.03000,BL,0,2,13.29000
31.7940,441,21,30,0.03000,BL,1,32,14.19000
31.7940,441,21,30,0.03000,FR,0,24,13.95000
31.7940,441,21,30,0.03000,BR,0,17,13.74000
31.8040,442,22,30,0.03000,FL,0,8,13.50000
31.8040,442,22,30,0.03000,FL,1,38,14.40000
31.8040,442,22,30,0.03000,BL,0,1,13.29000
31.8040,442,22,30,0.03000,BL,1,31,14.19000
31.8040,442,22,30,0.03000,FR,0,23,13.95000
31.8040,442,22,30,0.03000,BR,0,16,13.74000
31.8220,442,22,30,0.03000,FL,0,8,13.50000
31.8220,442,22,30,0.03000,FL,1,38,14.40000
31.8220,442,22,30,0.03000,BL,0,1,13.29000
31.8220,442,22,30,0.03000,BL,1,31,14.19000
31.8220,442,22,30,0.03000,FR,0,23,13.95000
31.8220,442,22,30,0.03000,BR,0,16,13.74000
31.8320,442,22,30,0.03000,FL,0,8,13.50000
31.8320,442,22,30,0.03000,FL,1,38,14.40000
31.8320,442,22,30,0.03000,BL,0,1,13.29000
31.8320,442,22,30,0.03000,BL,1,31,14.19000
31.8320,442,22,30,0.03000,FR,0,23,13.95000
31.8320,442,22,30,0.03000,BR,0,16,13.74000
31.8420,443,23,30,0.03000,FL,0,7,13.50000
31.8420,443,23,30,0.03000,FL,1,37,14.40000
31.8420,443,23,30,0.03000,BL,0,30,14.19000
31.8420,443,23,30,0.03000,FR,0,22,13.95000
31.8420,443,23,30,0.03000,BR,0,15,13.74000
31.8520,443,23,30,0.03000,FL,0,7,13.50000
31.8520,443,23,30,0.03000,FL,1,37,14.40000
31.8520,443,23,30,0.03000,BL,0,30,14.19000
31.8520,443,23,30,0.03000,FR,0,22,13.95000
31.8520,443,23,30,0.03000,BR,0,15,13.74000
31.8620,443,23,30,0.03000,FL,0,7,13.50000
31.8620,443,23,30,0.03000,FL,1,37,14.40000
31.8620,443,23,30,0.03000,BL,0,30,14.19000
31.8620,443,23,30,0.03000,FR,0,22,13.95000
31.8620,443,23,30,0.03000,BR,0,15,13.74000
31.8720,444,24,30,0.03000,FL,0,6,13.50000
31.8720,444,24,30,0.03000,FL,1,36,14.40000
31.8720,444,24,30,0.03000,BL,0,29,14.19000
31.8720,444,24,30,0.03000,FR,0,21,13.95000
31.8720,444,24,30,0.03000,BR,0,14,13.74000
31.8840,444,24,30,0.03000,FL,0,6,13.50000
31.8840,444,24,30,0.03000,FL,1,36,14.40000
31.8840,444,24,30,0.03000,BL,0,29,14.19000
31.8840,444,24,30,0.03000,FR,0,21,13.95000
31.8840,444,24,30,0.03000,BR,0,14,13.74000
31.8940,445,25,30,0.03000,FL,0,5,13.50000
31.8940,445,25,30,0.03000,FL,1,35,14.40000
31.8940,445,25,30,0.03000,BL,0,28,14.19000
31.8940,445,25,30,0.03000,FR,0,20,13.95000
31.8940,445,25,30,0.03000,BR,0,13,13.74000
31.9040,445,25,30,0.03000,FL,0,5,13.50000
31.9040,445,25,30,0.03000,FL,1,35,14.40000
31.9040,445,25,30,0.03000,BL,0,28,14.19000
31.9040,445,25,30,0.03000,FR,0,20,13.95000
31.9040,445,25,30,0.03000,BR,0,13,13.74000
31.9120,445,25,30,0.03000,FL,0,5,13.50000
31.9120,445,25,30,0.03000,FL,1,35,14.40000
31.9120,445,25,30,0.03000,BL,0,28,14.19000
31.9120,445,25,30,0.03000,FR,0,20,13.95000
31.9120,445,25,30,0.03000,BR,0,13,13.74000
31.9220,445,25,30,0.03000,FL,0,5,13.50000
31.9220,445,25,30,0.03000,FL,1,35,14.40000
31.9220,445,25,30,0.03000,BL,0,28,14.19000
31.9220,445,25,30,0.03000,FR,0,20,13.95000
31.9220,445,25,30,0.03000,BR,0,13,13.74000
31.9320,446,26,30,0.03000,FL,0,4,13.50000
31.9320,446,26,30,0.03000,FL,1,34,14.40000
31.9320,446,26,30,0.03000,BL,0,27,14.19000
31.9320,446,26,30,0.03000,FR,0,19,13.95000
31.9320,446,26,30,0.03000,BR,0,12,13.74000
31.9400,446,26,30,0.03000,FL,0,4,13.50000
31.9400,446,26,30,0.03000,FL,1,34,14.40000
31.9400,446,26,30,0.03000,BL,0,27,14.19000
31.9400,446,26,30,0.03000,FR,0,19,13.95000
31.9400,446,26,30,0.03000,BR,0,12,13.74000
31.9500,446,26,30,0.03000,FL,0,4,13.50000
31.9500,446,26,30,0.03000,FL,1,34,14.40000
31.9500,446,26,30,0.03000,BL,0,27,14.19000
31.9500,446,26,30,0.03000,FR,0,19,13.95000
31.9500,446,26,30,0.03000,BR,0,12,13.74000
31.9600,447,27,30,0.03000,FL,0,3,13.50000
31.9600,447,27,30,0.03000,FL,1,33,14.40000
31.9600,447,27,30,0.03000,BL,0,26,14.19000
31.9600,447,27,30,0.03000,FR,0,18,13.95000
31.9600,447,27,30,0.03000,BR,0,11,13.74000
31.9680,447,27,30,0.03000,FL,0,3,13.50000
31.9680,447,27,30,0.03000,FL,1,33,14.40000
31.9680,447,27,30,0.03000,BL,0,26,14.19000
31.9680,447,27,30,0.03000,FR,0,18,13.95000
31.9680,447,27,30,0.03000,BR,0,11,13.74000
31.9780,447,27,30,0.03000,FL,0,3,13.50000
31.9780,447,27,30,0.03000,FL,1,33,14.40000
31.9780,447,27,30,0.03000,BL,0,26,14.19000
31.9780,447,27,30,0.03000,FR,0,18,13.95000
31.9780,447,27,30,0.03000,BR,0,11,13.74000
31.9880,448,28,30,0.03000,FL,0,2,13.50000
31.9880,448,28,30,0.03000,FL,1,32,14.40000
31.9880,448,28,30,0.03000,BL,0,25,14.19000
31.9880,448,28,30,0.03000,FR,0,17,13.95000
31.9880,448,28,30,0.03000,BR,0,10,13.74000
31.9960,448,28,30,0.03000,FL,0,2,13.50000
31.9980,448,28,30,0.03000,FL,1,32,14.40000
31.9980,448,28,30,0.03000,BL,0,25,14.19000
31.9980,448,28,30,0.03000,FR,0,17,13.95000
31.9980,448,28,30,0.03000,BR,0,10,13.74000
32.0060,448,28,30,0.03000,FL,0,2,13.50000
32.0060,448,28,30,0.03000,FL,1,32,14.40000
32.0060,448,28,30,0.03000,BL,0,25,14.19000
32.0060,448,28,30,0.03000,FR,0,17,13.95000
32.0060,448,28,30,0.03000,BR,0,10,13.74000
32.0140,449,29,30,0.03000,FL,0,1,13.50000
32.0140,449,29,30,0.03000,FL,1,31,14.40000
32.0140,449,29,30,0.03000,BL,0,24,14.19000
32.0140,449,29,30,0.03000,FR,0,16,13.95000
32.0140,449,29,30,0.03000,BR,0,9,13.74000
32.0140,449,29,30,0.03000,BR,1,39,14.64000
32.0240,449,29,30,0.03000,FL,0,1,13.50000
32.0240,449,29,30,0.03000,FL,1,31,14.40000
32.0240,449,29,30,0.03000,BL,0,24,14.19000
32.0240,449,29,30,0.03000,FR,0,16,13.95000
32.0240,449,29,30,0.03000,BR,0,9,13.74000
32.0240,449,29,30,0.03000,BR,1,39,14.64000
32.0340,449,29,30,0.03000,FL,0,1,13.50000
32.0340,449,29,30,0.03000,FL,1,31,14.40000
32.0340,449,29,30,0.03000,BL,0,24,14.19000
32.0340,449,29,30,0.03000,FR,0,16,13.95000
32.0340,449,29,30,0.03000,BR,0,9,13.74000
32.0340,449,29,30,0.03000,BR,1,39,14.64000
32.0440,450,0,30,0.03000,FL,0,30,14.40000
32.0440,450,0,30,0.03000,BL,0,23,14.19000
32.0440,450,0,30,0.03000,FR,0,15,13.95000
32.0440,450,0,30,0.03000,BR,0,8,13.74000
32.0440,450,0,30,0.03000,BR,1,38,14.64000
32.0620,450,0,30,0.03000,FL,0,30,14.40000
32.0620,450,0,30,0.03000,BL,0,23,14.19000
32.0620,450,0,30,0.03000,FR,0,15,13.95000
32.0620,450,0,30,0.03000,BR,0,8,13.74000
32.0620,450,0,30,0.03000,BR,1,38,14.64000
32.0720,450,0,30,0.03000,FL,0,30,14.40000
32.0720,450,0,30,0.03000,BL,0,23,14.19000
32.0720,450,0,30,0.03000,FR,0,15,13.95000
32.0720,450,0,30,0.03000,BR,0,8,13.74000
32.0720,450,0,30,0.03000,BR,1,38,14.64000
32.0800,451,1,30,0.03000,FL,0,29,14.40000
32.0800,451,1,30,0.03000,BL,0,22,14.19000
32.0800,451,1,30,0.03000,FR,0,14,13.95000
32.0800,451,1,30,0.03000,BR,0,7,13.74000
32.0800,451,1,30,0.03000,BR,1,37,14.64000
32.0900,451,1,30,0.03000,FL,0,29,14.40000
32.0900,451,1,30,0.03000,BL,0,22,14.19000
32.0900,451,1,30,0.03000,FR,0,14,13.95000
32.0900,451,1,30,0.03000,BR,0,7,13.74000
32.0900,451,1,30,0.03000,BR,1,37,14.64000
32.1000,451,1,30,0.03000,FL,0,29,14.40000
32.1000,451,1,30,0.03000,BL,0,22,14.19000
32.1000,451,1,30,0.03000,FR,0,14,13.95000
32.1000,451,1,30,0.03000,BR,0,7,13.74000
32.1000,451,1,30,0.03000,BR,1,37,14.64000
32.1080,452,2,30,0.03000,FL,0,28,14.40000
32.1080,452,2,30,0.03000,BL,0,21,14.19000
32.1080,452,2,30,0.03000,FR,0,13,13.95000
32.1080,452,2,30,0.03000,BR,0,6,13.74000
32.1080,452,2,30,0.03000,BR,1,36,14.64000
32.1180,452,2,30,0.03000,FL,0,28,14.40000
32.1180,452,2,30,0.03000,BL,0,21,14.19000
32.1180,452,2,30,0.03000,FR,0,13,13.95000
32.1180,452,2,30,0.03000,BR,0,6,13.74000
32.1180,452,2,30,0.03000,BR,1,36,14.64000
32.1260,452,2,30,0.03000,FL,0,28,14.40000
32.1260,452,2,30,0.03000,BL,0,21,14.19000
32.1260,452,2,30,0.03000,FR,0,13,13.95000
32.1260,452,2,30,0.03000,BR,0,6,13.74000
32.1260,452,2,30,0.03000,BR,1,36,14.64000
32.1360,453,3,30,0.03000,FL,0,27,14.40000
32.1360,453,3,30,0.03000,BL,0,20,14.19000
32.1360,453,3,30,0.03000,FR,0,12,13.95000
32.1360,453,3,30,0.03000,BR,0,5,13.74000
32.1360,453,3,30,0.03000,BR,1,35,14.64000
32.1440,453,3,30,0.03000,FL,0,27,14.40000
32.1440,453,3,30,0.03000,BL,0,20,14.19000
32.1440,453,3,30,0.03000,FR,0,12,13.95000
32.1440,453,3,30,0.03000,BR,0,5,13.74000
32.1440,453,3,30,0.03000,BR,1,35,14.64000
32.1540,453,3,30,0.03000,FL,0,27,14.40000
32.1540,453,3,30,0.03000,BL,0,20,14.19000
32.1540,453,3,30,0.03000,FR,0,12,13.95000
32.1540,453,3,30,0.03000,BR,0,5,13.74000
32.1540,453,3,30,0.03000,BR,1,35,14.64000
32.1620,453,3,30,0.03000,FL,0,27,14.40000
32.1620,453,3,30,0.03000,BL,0,20,14.19000
32.1620,453,3,30,0.03000,FR,0,12,13.95000
32.1620,453,3,30,0.03000,BR,0,5,13.74000
32.1620,453,3,30,0.03000,BR,1,35,14.64000
32.1720,454,4,30,0.03000,FL,0,26,14.40000
32.1720,454,4,30,0.03000,BL,0,19,14.19000
32.1720,454,4,30,0.03000,FR,0,11,13.95000
32.1720,454,4,30,0.03000,BR,0,4,13.74000
32.1720,454,4,30,0.03000,BR,1,34,14.64000
32.1880,454,4,30,0.03000,FL,0,26,14.40000
32.1880,454,4,30,0.03000,BL,0,19,14.19000
32.1880,454,4,30,0.03000,FR,0,11,13.95000
32.1880,454,4,30,0.03000,BR,0,4,13.74000
32.1880,454,4,30,0.03000,BR,1,34,14.64000
32.1980,455,5,30,0.03000,FL,0,25,14.40000
32.1980,455,5,30,0.03000,BL,0,18,14.19000
32.1980,455,5,30,0.03000,FR,0,10,13.95000
32.1980,455,5,30,0.03000,BR,0,3,13.74000
32.1980,455,5,30,0.03000,BR,1,33,14.64000
32.2140,455,5,30,0.03000,FL,0,25,14.40000
32.2140,455,5,30,0.03000,BL,0,18,14.19000
32.2140,455,5,30,0.03000,FR,0,10,13.95000
32.2140,455,5,30,0.03000,BR,0,3,13.74000
32.2140,455,5,30,0.03000,BR,1,33,14.64000
32.2220,455,5,30,0.03000,FL,0,25,14.40000
32.2220,455,5,30,0.03000,BL,0,18,14.19000
32.2220,455,5,30,0.03000,FR,0,10,13.95000
32.2220,455,5,30,0.03000,BR,0,3,13.74000
32.2220,455,5,30,0.03000,BR,1,33,14.64000
32.2320,456,6,30,0.03000,FL,0,24,14.40000
32.2320,456,6,30,0.03000,BL,0,17,14.19000
32.2320,456,6,30,0.03000,FR,0,9,13.95000
32.2320,456,6,30,0.03000,FR,1,39,14.85000
32.2320,456,6,30,0.03000,BR,0,2,13.74000
32.2320,456,6,30,0.03000,BR,1,32,14.64000
32.2480,456,6,30,0.03000,FL,0,24,14.40000
32.2480,456,6,30,0.03000,BL,0,17,14.19000
32.2480,456,6,30,0.03000,FR,0,9,13.95000
32.2480,456,6,30,0.03000,FR,1,39,14.85000
32.2480,456,6,30,0.03000,BR,0,2,13.74000
32.2480,456,6,30,0.03000,BR,1,32,14.64000
32.2580,457,7,30,0.03000,FL,0,23,14.40000
32.2580,457,7,30,0.03000,BL,0,16,14.19000
32.2580,457,7,30,0.03000,FR,0,8,13.95000
32.2580,457,7,30,0.03000,FR,1,38,14.85000
32.2580,457,7,30,0.03000,BR,0,1,13.74000
32.2580,457,7,30,0.03000,BR,1,31,14.64000
32.2800,457,7,30,0.03000,FL,0,23,14.40000
32.2800,457,7,30,0.03000,BL,0,16,14.19000
32.2800,457,7,30,0.03000,FR,0,8,13.95000
32.2800,457,7,30,0.03000,FR,1,38,14.85000
32.2800,457,7,30,0.03000,BR,0,1,13.74000
32.2800,457,7,30,0.03000,BR,1,31,14.64000
32.2900,458,8,30,0.03000,FL,0,22,14.40000
32.2900,458,8,30,0.03000,BL,0,15,14.19000
32.2900,458,8,30,0.03000,FR,0,7,13.95000
32.2900,458,8,30,0.03000,FR,1,37,14.85000
32.2900,458,8,30,0.03000,BR,0,30,14.64000
32.3040,458,8,30,0.03000,FL,0,22,14.40000
32.3040,458,8,30,0.03000,BL,0,15,14.19000
32.3040,458,8,30,0.03000,FR,0,7,13.95000
32.3040,458,8,30,0.03000,FR,1,37,14.85000
32.3040,458,8,30,0.03000,BR,0,30,14.64000
32.3160,459,9,30,0.03000,FL,0,21,14.40000
32.3160,459,9,30,0.03000,BL,0,14,14.19000
32.3160,459,9,30,0.03000,FR,0,6,13.95000
32.3160,459,9,30,0.03000,FR,1,36,14.85000
32.3160,459,9,30,0.03000,BR,0,29,14.64000
32.3260,459,9,30,0.03000,FL,0,21,14.40000
32.3260,459,9,30,0.03000,BL,0,14,14.19000
32.3260,459,9,30,0.03000,FR,0,6,13.95000
32.3260,459,9,30,0.03000,FR,1,36,14.85000
32.3260,459,9,30,0.03000,BR,0,29,14.64000
32.3420,459,9,30,0.03000,FL,0,21,14.40000
32.3420,459,9,30,0.03000,BL,0,14,14.19000
32.3420,459,9,30,0.03000,FR,0,6,13.95000
32.3420,459,9,30,0.03000,FR,1,36,14.85000
32.3420,459,9,30,0.03000,BR,0,29,14.64000
32.3580,460,10,30,0.03000,FL,0,20,14.40000
32.3580,460,10,30,0.03000,BL,0,13,14.19000
32.3580,460,10,30,0.03000,FR,0,5,13.95000
32.3580,460,10,30,0.03000,FR,1,35,14.85000
32.3580,460,10,30,0.03000,BR,0,28,14.64000
32.3700,460,10,30,0.03000,FL,0,20,14.40000
32.3700,460,10,30,0.03000,BL,0,13,14.19000
32.3700,460,10,30,0.03000,FR,0,5,13.95000
32.3700,460,10,30,0.03000,FR,1,35,14.85000
32.3700,460,10,30,0.03000,BR,0,28,14.64000
32.3800,461,11,30,0.03000,FL,0,19,14.40000
32.3800,461,11,30,0.03000,BL,0,12,14.19000
32.3800,461,11,30,0.03000,FR,0,4,13.95000
32.3800,461,11,30,0.03000,FR,1,34,14.85000
32.3800,461,11,30,0.03000,BR,0,27,14.64000
32.3900,461,11,30,0.03000,FL,0,19,14.40000
32.3900,461,11,30,0.03000,BL,0,12,14.19000
32.3900,461,11,30,0.03000,FR,0,4,13.95000
32.3900,461,11,30,0.03000,FR,1,34,14.85000
32.3900,461,11,30,0.03000,BR,0,27,14.64000
32.4020,461,11,30,0.03000,FL,0,19,14.40000
32.4020,461,11,30,0.03000,BL,0,12,14.19000
32.4020,461,11,30,0.03000,FR,0,4,13.95000
32.4020,461,11,30,0.03000,FR,1,34,14.85000
32.4020,461,11,30,0.03000,BR,0,27,14.64000
32.4100,462,12,30,0.03000,FL,0,18,14.40000
32.4100,462,12,30,0.03000,BL,0,11,14.19000
32.4100,462,12,30,0.03000,FR,0,3,13.95000
32.4100,462,12,30,0.03000,FR,1,33,14.85000
32.4100,462,12,30,0.03000,BR,0,26,14.64000
32.4200,462,12,30,0.03000,FL,0,18,14.40000
32.4200,462,12,30,0.03000,BL,0,11,14.19000
32.4200,462,12,30,0.03000,FR,0,3,13.95000
32.4200,462,12,30,0.03000,FR,1,33,14.85000
32.4200,462,12,30,0.03000,BR,0,26,14.64000
32.4280,462,12,30,0.03000,FL,0,18,14.40000
32.4300,462,12,30,0.03000,BL,0,11,14.19000
32.4300,462,12,30,0.03000,FR,0,3,13.95000
32.4300,462,12,30,0.03000,FR,1,33,14.85000
32.4300,462,12,30,0.03000,BR,0,26,14.64000
32.4380,463,13,30,0.03000,FL,0,17,14.40000
32.4380,463,13,30,0.03000,BL,0,10,14.19000
32.4380,463,13,30,0.03000,FR,0,2,13.95000
32.4380,463,13,30,0.03000,FR,1,32,14.85000
32.4380,463,13,30,0.03000,BR,0,25,14.64000
32.4460,463,13,30,0.03000,FL,0,17,14.40000
32.4460,463,13,30,0.03000,BL,0,10,14.19000
32.4460,463,13,30,0.03000,FR,0,2,13.95000
32.4460,463,13,30,0.03000,FR,1,32,14.85000
32.4460,463,13,30,0.03000,BR,0,25,14.64000
32.4580,463,13,30,0.03000,FL,0,17,14.40000
32.4580,463,13,30,0.03000,BL,0,10,14.19000
32.4580,463,13,30,0.03000,FR,0,2,13.95000
32.4580,463,13,30,0.03000,FR,1,32,14.85000
32.4580,463,13,30,0.03000,BR,0,25,14.64000
32.4660,464,14,30,0.03000,FL,0,16,14.40000
32.4660,464,14,30,0.03000,BL,0,9,14.19000
32.4660,464,14,30,0.03000,BL,1,39,15.09000
32.4660,464,14,30,0.03000,FR,0,1,13.95000
32.4660,464,14,30,0.03000,FR,1,31,14.85000
32.4660,464,14,30,0.03000,BR,0,24,14.64000
32.4760,464,14,30,0.03000,FL,0,16,14.40000
32.4760,464,14,30,0.03000,BL,0,9,14.19000
32.4760,464,14,30,0.03000,BL,1,39,15.09000
32.4760,464,14,30,0.03000,FR,0,1,13.95000
32.4760,464,14,30,0.03000,FR,1,31,14.85000
32.4760,464,14,30,0.03000,BR,0,24,14.64000
32.4880,464,14,30,0.03000,FL,0,16,14.40000
32.4880,464,14,30,0.03000,BL,0,9,14.19000
32.4880,464,14,30,0.03000,BL,1,39,15.09000
32.4880,464,14,30,0.03000,FR,0,1,13.95000
32.4880,464,14,30,0.03000,FR,1,31,14.85000
32.4880,464,14,30,0.03000,BR,0,24,14.64000
32.4980,465,15,30,0.03000,FL,0,15,14.40000
32.4980,465,15,30,0.03000,BL,0,8,14.19000
32.4980,465,15,30,0.03000,BL,1,38,15.09000
32.4980,465,15,30,0.03000,FR,0,30,14.85000
32.4980,465,15,30,0.03000,BR,0,23,14.64000
32.5200,465,15,30,0.03000,FL,0,15,14.40000
32.5200,465,15,30,0.03000,BL,0,8,14.19000
32.5200,465,15,30,0.03000,BL,1,38,15.09000
32.5200,465,15,30,0.03000,FR,0,30,14.85000
32.5200,465,15,30,0.03000,BR,0,23,14.64000
32.5280,466,16,30,0.03000,FL,0,14,14.40000
32.5280,466,16,30,0.03000,BL,0,7,14.19000
32.5280,466,16,30,0.03000,BL,1,37,15.09000
32.5280,466,16,30,0.03000,FR,0,29,14.85000
32.5280,466,16,30,0.03000,BR,0,22,14.64000
32.5380,466,16,30,0.03000,FL,0,14,14.40000
32.5380,466,16,30,0.03000,BL,0,7,14.19000
32.5380,466,16,30,0.03000,BL,1,37,15.09000
32.5380,466,16,30,0.03000,FR,0,29,14.85000
32.5380,466,16,30,0.03000,BR,0,22,14.64000
32.5520,466,16,30,0.03000,FL,0,14,14.40000
32.5520,466,16,30,0.03000,BL,0,7,14.19000
32.5520,466,16,30,0.03000,BL,1,37,15.09000
32.5520,466,16,30,0.03000,FR,0,29,14.85000
32.5520,466,16,30,0.03000,BR,0,22,14.64000
32.5700,467,17,30,0.03000,FL,0,13,14.40000
32.5700,467,17,30,0.03000,BL,0,6,14.19000
32.5700,467,17,30,0.03000,BL,1,36,15.09000
32.5700,467,17,30,0.03000,FR,0,28,14.85000
32.5700,467,17,30,0.03000,BR,0,21,14.64000
32.5800,467,17,30,0.03000,FL,0,13,14.40000
32.5800,467,17,30,0.03000,BL,0,6,14.19000
32.5800,467,17,30,0.03000,BL,1,36,15.09000
32.5800,467,17,30,0.03000,FR,0,28,14.85000
32.5800,467,17,30,0.03000,BR,0,21,14.64000
32.5920,468,18,30,0.03000,FL,0,12,14.40000
32.5920,468,18,30,0.03000,BL,0,5,14.19000
32.5920,468,18,30,0.03000,BL,1,35,15.09000
32.5920,468,18,30,0.03000,FR,0,27,14.85000
32.5920,468,18,30,0.03000,BR,0,20,14.64000
32.6000,468,18,30,0.03000,FL,0,12,14.40000
32.6000,468,18,30,0.03000,BL,0,5,14.19000
32.6000,468,18,30,0.03000,BL,1,35,15.09000
32.6000,468,18,30,0.03000,FR,0,27,14.85000
32.6000,468,18,30,0.03000,BR,0,20,14.64000
32.6080,468,18,30,0.03000,FL,0,12,14.40000
32.6080,468,18,30,0.03000,BL,0,5,14.19000
32.6080,468,18,30,0.03000,BL,1,35,15.09000
32.6080,468,18,30,0.03000,FR,0,27,14.85000
32.6080,468,18,30,0.03000,BR,0,20,14.64000
32.6180,469,19,30,0.03000,FL,0,11,14.40000
32.6180,469,19,30,0.03000,BL,0,4,14.19000
32.6180,469,19,30,0.03000,BL,1,34,15.09000
32.6180,469,19,30,0.03000,FR,0,26,14.85000
32.6180,469,19,30,0.03000,BR,0,19,14.64000
32.6280,469,19,30,0.03000,FL,0,11,14.40000
32.6280,469,19,30,0.03000,BL,0,4,14.19000
32.6280,469,19,30,0.03000,BL,1,34,15.09000
32.6280,469,19,30,0.03000,FR,0,26,14.85000
32.6280,469,19,30,0.03000,BR,0,19,14.64000
32.6360,469,19,30,0.03000,FL,0,11,14.40000
32.6360,469,19,30,0.03000,BL,0,4,14.19000
32.6360,469,19,30,0.03000,BL,1,34,15.09000
32.6360,469,19,30,0.03000,FR,0,26,14.85000
32.6360,469,19,30,0.03000,BR,0,19,14.64000
32.6460,470,20,30,0.03000,FL,0,10,14.40000
32.6460,470,20,30,0.03000,BL,0,3,14.19000
32.6460,470,20,30,0.03000,BL,1,33,15.09000
32.6460,470,20,30,0.03000,FR,0,25,14.85000
32.6460,470,20,30,0.03000,BR,0,18,14.64000
32.6560,470,20,30,0.03000,FL,0,10,14.40000
32.6560,470,20,30,0.03000,BL,0,3,14.19000
32.6560,470,20,30,0.03000,BL,1,33,15.09000
32.6560,470,20,30,0.03000,FR,0,25,14.85000
32.6560,470,20,30,0.03000,BR,0,18,14.64000
32.6640,470,20,30,0.03000,FL,0,10,14.40000
32.6640,470,20,30,0.03000,BL,0,3,14.19000
32.6640,470,20,30,0.03000,BL,1,33,15.09000
32.6640,470,20,30,0.03000,FR,0,25,14.85000
32.6640,470,20,30,0.03000,BR,0,18,14.64000
32.6740,471,21,30,0.03000,FL,0,9,14.40000
32.6740,471,21,30,0.03000,FL,1,39,15.30000
32.6740,471,21,30,0.03000,BL,0,2,14.19000
32.6740,471,21,30,0.03000,BL,1,32,15.09000
32.6740,471,21,30,0.03000,FR,0,24,14.85000
32.6740,471,21,30,0.03000,BR,0,17,14.64000
32.6840,471,21,30,0.03000,FL,0,9,14.40000
32.6840,471,21,30,0.03000,FL,1,39,15.30000
32.6840,471,21,30,0.03000,BL,0,2,14.19000
32.6840,471,21,30,0.03000,BL,1,32,15.09000
32.6840,471,21,30,0.03000,FR,0,24,14.85000
32.6840,471,21,30,0.03000,BR,0,17,14.64000
32.6920,471,21,30,0.03000,FL,0,9,14.40000
32.6920,471,21,30,0.03000,FL,1,39,15.30000
32.6920,471,21,30,0.03000,BL,0,2,14.19000
32.6920,471,21,30,0.03000,BL,1,32,15.09000
32.6920,471,21,30,0.03000,FR,0,24,14.85000
32.6920,471,21,30,0.03000,BR,0,17,14.64000
32.7020,471,21,30,0.03000,FL,0,9,14.40000
32.7020,471,21,30,0.03000,FL,1,39,15.30000
32.7020,471,21,30,0.03000,BL,0,2,14.19000
32.7020,471,21,30,0.03000,BL,1,32,15.09000
32.7020,471,21,30,0.03000,FR,0,24,14.85000
32.7020,471,21,30,0.03000,BR,0,17,14.64000
32.7120,472,22,30,0.03000,FL,0,8,14.40000
32.7120,472,22,30,0.03000,FL,1,38,15.30000
32.7120,472,22,30,0.03000,BL,0,1,14.19000
32.7120,472,22,30,0.03000,BL,1,31,15.09000
32.7120,472,22,30,0.03000,FR,0,23,14.85000
32.7120,472,22,30,0.03000,BR,0,16,14.64000
32.7300,472,22,30,0.03000,FL,0,8,14.40000
32.7300,472,22,30,0.03000,FL,1,38,15.30000
32.7300,472,22,30,0.03000,BL,0,1,14.19000
32.7300,472,22,30,0.03000,BL,1,31,15.09000
32.7300,472,22,30,0.03000,FR,0,23,14.85000
32.7300,472,22,30,0.03000,BR,0,16,14.64000
32.7400,473,23,30,0.03000,FL,0,7,14.40000
32.7400,473,23,30,0.03000,FL,1,37,15.30000
32.7400,473,23,30,0.03000,BL,0,30,15.09000
32.7400,473,23,30,0.03000,FR,0,22,14.85000
32.7400,473,23,30,0.03000,BR,0,15,14.64000
32.7500,473,23,30,0.03000,FL,0,7,14.40000
32.7500,473,23,30,0.03000,FL,1,37,15.30000
32.7500,473,23,30,0.03000,BL,0,30,15.09000
32.7500,473,23,30,0.03000,FR,0,22,14.85000
32.7500,473,23,30,0.03000,BR,0,15,14.64000
32.7580,473,23,30,0.03000,FL,0,7,14.40000
32.7580,473,23,30,0.03000,FL,1,37,15.30000
32.7580,473,23,30,0.03000,BL,0,30,15.09000
32.7580,473,23,30,0.03000,FR,0,22,14.85000
32.7580,473,23,30,0.03000,BR,0,15,14.64000
32.7680,474,24,30,0.03000,FL,0,6,14.40000
32.7680,474,24,30,0.03000,FL,1,36,15.30000
32.7680,474,24,30,0.03000,BL,0,29,15.09000
32.7680,474,24,30,0.03000,FR,0,21,14.85000
32.7680,474,24,30,0.03000,BR,0,14,14.64000
32.7780,474,24,30,0.03000,FL,0,6,14.40000
32.7780,474,24,30,0.03000,FL,1,36,15.30000
32.7780,474,24,30,0.03000,BL,0,29,15.09000
32.7780,474,24,30,0.03000,FR,0,21,14.85000
32.7780,474,24,30,0.03000,BR,0,14,14.64000
32.7860,474,24,30,0.03000,FL,0,6,14.40000
32.7860,474,24,30,0.03000,FL,1,36,15.30000
32.7860,474,24,30,0.03000,BL,0,29,15.09000
32.7860,474,24,30,0.03000,FR,0,21,14.85000
32.7860,474,24,30,0.03000,BR,0,14,14.64000
32.7960,475,25,30,0.03000,FL,0,5,14.40000
32.7960,475,25,30,0.03000,FL,1,35,15.30000
32.7960,475,25,30,0.03000,BL,0,28,15.09000
32.7960,475,25,30,0.03000,FR,0,20,14.85000
32.7960,475,25,30,0.03000,BR,0,13,14.64000
32.8040,475,25,30,0.03000,FL,0,5,14.40000
32.8040,475,25,30,0.03000,FL,1,35,15.30000
32.8040,475,25,30,0.03000,BL,0,28,15.09000
32.8040,475,25,30,0.03000,FR,0,20,14.85000
32.8040,475,25,30,0.03000,BR,0,13,14.64000
32.8140,475,25,30,0.03000,FL,0,5,14.40000
32.8140,475,25,30,0.03000,FL,1,35,15.30000
32.8140,475,25,30,0.03000,BL,0,28,15.09000
32.8140,475,25,30,0.03000,FR,0,20,14.85000
32.8140,475,25,30,0.03000,BR,0,13,14.64000
32.8240,476,26,30,0.03000,FL,0,4,14.40000
32.8240,476,26,30,0.03000,FL,1,34,15.30000
32.8240,476,26,30,0.03000,BL,0,27,15.09000
32.8240,476,26,30,0.03000,FR,0,19,14.85000
32.8240,476,26,30,0.03000,BR,0,12,14.64000
32.8320,476,26,30,0.03000,FL,0,4,14.40000
32.8320,476,26,30,0.03000,FL,1,34,15.30000
32.8320,476,26,30,0.03000,BL,0,27,15.09000
32.8320,476,26,30,0.03000,FR,0,19,14.85000
32.8320,476,26,30,0.03000,BR,0,12,14.64000
32.8420,476,26,30,0.03000,FL,0,4,14.40000
32.8420,476,26,30,0.03000,FL,1,34,15.30000
32.8420,476,26,30,0.03000,BL,0,27,15.09000
32.8420,476,26,30,0.03000,FR,0,19,14.85000
32.8420,476,26,30,0.03000,BR,0,12,14.64000
32.8520,476,26,30,0.03000,FL,0,4,14.40000
32.8520,476,26,30,0.03000,FL,1,34,15.30000
32.8520,476,26,30,0.03000,BL,0,27,15.09000
32.8520,476,26,30,0.03000,FR,0,19,14.85000
32.8520,476,26,30,0.03000,BR,0,12,14.64000
32.8600,477,27,30,0.03000,FL,0,3,14.40000
32.8600,477,27,30,0.03000,FL,1,33,15.30000
32.8600,477,27,30,0.03000,BL,0,26,15.09000
32.8600,477,27,30,0.03000,FR,0,18,14.85000
32.8600,477,27,30,0.03000,BR,0,11,14.64000
32.8700,477,27,30,0.03000,FL,0,3,14.40000
32.8700,477,27,30,0.03000,FL,1,33,15.30000
32.8700,477,27,30,0.03000,BL,0,26,15.09000
32.8700,477,27,30,0.03000,FR,0,18,14.85000
32.8700,477,27,30,0.03000,BR,0,11,14.64000
32.8800,477,27,30,0.03000,FL,0,3,14.40000
32.8800,477,27,30,0.03000,FL,1,33,15.30000
32.8800,477,27,30,0.03000,BL,0,26,15.09000
32.8800,477,27,30,0.03000,FR,0,18,14.85000
32.8800,477,27,30,0.03000,BR,0,11,14.64000
32.8880,478,28,30,0.03000,FL,0,2,14.40000
32.8880,478,28,30,0.03000,FL,1,32,15.30000
32.8880,478,28,30,0.03000,BL,0,25,15.09000
32.8880,478,28,30,0.03000,FR,0,17,14.85000
32.8880,478,28,30,0.03000,BR,0,10,14.64000
32.8980,478,28,30,0.03000,FL,0,2,14.40000
32.8980,478,28,30,0.03000,FL,1,32,15.30000
32.8980,478,28,30,0.03000,BL,0,25,15.09000
32.8980,478,28,30,0.03000,FR,0,17,14.85000
32.8980,478,28,30,0.03000,BR,0,10,14.64000
32.9060,478,28,30,0.03000,FL,0,2,14.40000
32.9060,478,28,30,0.03000,FL,1,32,15.30000
32.9060,478,28,30,0.03000,BL,0,25,15.09000
32.9060,478,28,30,0.03000,FR,0,17,14.85000
32.9060,478,28,30,0.03000,BR,0,10,14.64000
32.9160,479,29,30,0.03000,FL,0,1,14.40000
32.9160,479,29,30,0.03000,FL,1,31,15.30000
32.9160,479,29,30,0.03000,BL,0,24,15.09000
32.9160,479,29,30,0.03000,FR,0,16,14.85000
32.9160,479,29,30,0.03000,BR,0,9,14.64000
32.9160,479,29,30,0.03000,BR,1,39,15.54000
32.9260,479,29,30,0.03000,FL,0,1,14.40000
32.9260,479,29,30,0.03000,FL,1,31,15.30000
32.9260,479,29,30,0.03000,BL,0,24,15.09000
32.9260,479,29,30,0.03000,FR,0,16,14.85000
32.9260,479,29,30,0.03000,BR,0,9,14.64000
32.9260,479,29,30,0.03000,BR,1,39,15.54000
32.9340,479,29,30,0.03000,FL,0,1,14.40000
32.9340,479,29,30,0.03000,FL,1,31,15.30000
32.9340,479,29,30,0.03000,BL,0,24,15.09000
32.9340,479,29,30,0.03000,FR,0,16,14.85000
32.9340,479,29,30,0.03000,BR,0,9,14.64000
32.9340,479,29,30,0.03000,BR,1,39,15.54000
32.9440,480,0,30,0.03000,FL,0,30,15.30000
32.9440,480,0,30,0.03000,BL,0,23,15.09000
32.9440,480,0,30,0.03000,FR,0,15,14.85000
32.9440,480,0,30,0.03000,BR,0,8,14.64000
32.9440,480,0,30,0.03000,BR,1,38,15.54000
32.9660,480,0,30,0.03000,FL,0,30,15.30000
32.9660,480,0,30,0.03000,BL,0,23,15.09000
32.9660,480,0,30,0.03000,FR,0,15,14.85000
32.9660,480,0,30,0.03000,BR,0,8,14.64000
32.9660,480,0,30,0.03000,BR,1,38,15.54000
32.9760,481,1,30,0.03000,FL,0,29,15.30000
32.9760,481,1,30,0.03000,BL,0,22,15.09000
32.9760,481,1,30,0.03000,FR,0,14,14.85000
32.9760,481,1,30,0.03000,BR,0,7,14.64000
32.9760,481,1,30,0.03000,BR,1,37,15.54000
32.9860,481,1,30,0.03000,FL,0,29,15.30000
32.9860,481,1,30,0.03000,BL,0,22,15.09000
32.9860,481,1,30,0.03000,FR,0,14,14.85000
32.9860,481,1,30,0.03000,BR,0,7,14.64000
32.9860,481,1,30,0.03000,BR,1,37,15.54000
32.9940,481,1,30,0.03000,FL,0,29,15.30000
32.9940,481,1,30,0.03000,BL,0,22,15.09000
32.9940,481,1,30,0.03000,FR,0,14,14.85000
32.9940,481,1,30,0.03000,BR,0,7,14.64000
32.9940,481,1,30,0.03000,BR,1,37,15.54000
33.0040,482,2,30,0.03000,FL,0,28,15.30000
33.0040,482,2,30,0.03000,BL,0,21,15.09000
33.0040,482,2,30,0.03000,FR,0,13,14.85000
33.0040,482,2,30,0.03000,BR,0,6,14.64000
33.0040,482,2,30,0.03000,BR,1,36,15.54000
33.0120,482,2,30,0.03000,FL,0,28,15.30000
33.0120,482,2,30,0.03000,BL,0,21,15.09000
33.0120,482,2,30,0.03000,FR,0,13,14.85000
33.0120,482,2,30,0.03000,BR,0,6,14.64000
33.0120,482,2,30,0.03000,BR,1,36,15.54000
33.0220,482,2,30,0.03000,FL,0,28,15.30000
33.0220,482,2,30,0.03000,BL,0,21,15.09000
33.0220,482,2,30,0.03000,FR,0,13,14.85000
33.0220,482,2,30,0.03000,BR,0,6,14.64000
33.0220,482,2,30,0.03000,BR,1,36,15.54000
33.0320,482,2,30,0.03000,FL,0,28,15.30000
33.0320,482,2,30,0.03000,BL,0,21,15.09000
33.0320,482,2,30,0.03000,FR,0,13,14.85000
33.0320,482,2,30,0.03000,BR,0,6,14.64000
33.0320,482,2,30,0.03000,BR,1,36,15.54000
33.0400,483,3,30,0.03000,FL,0,27,15.30000
33.0400,483,3,30,0.03000,BL,0,20,15.09000
33.0400,483,3,30,0.03000,FR,0,12,14.85000
33.0400,483,3,30,0.03000,BR,0,5,14.64000
33.0400,483,3,30,0.03000,BR,1,35,15.54000
33.0500,483,3,30,0.03000,FL,0,27,15.30000
33.0500,483,3,30,0.03000,BL,0,20,15.09000
33.0500,483,3,30,0.03000,FR,0,12,14.85000
33.0500,483,3,30,0.03000,BR,0,5,14.64000
33.0500,483,3,30,0.03000,BR,1,35,15.54000
33.0580,483,3,30,0.03000,FL,0,27,15.30000
33.0580,483,3,30,0.03000,BL,0,20,15.09000
33.0580,483,3,30,0.03000,FR,0,12,14.85000
33.0580,483,3,30,0.03000,BR,0,5,14.64000
33.0580,483,3,30,0.03000,BR,1,35,15.54000
33.0680,484,4,30,0.03000,FL,0,26,15.30000
33.0680,484,4,30,0.03000,BL,0,19,15.09000
33.0680,484,4,30,0.03000,FR,0,11,14.85000
33.0680,484,4,30,0.03000,BR,0,4,14.64000
33.0680,484,4,30,0.03000,BR,1,34,15.54000
33.0780,484,4,30,0.03000,FL,0,26,15.30000
33.0780,484,4,30,0.03000,BL,0,19,15.09000
33.0780,484,4,30,0.03000,FR,0,11,14.85000
33.0780,484,4,30,0.03000,BR,0,4,14.64000
33.0780,484,4,30,0.03000,BR,1,34,15.54000
33.0880,484,4,30,0.03000,FL,0,26,15.30000
33.0880,484,4,30,0.03000,BL,0,19,15.09000
33.0880,484,4,30,0.03000,FR,0,11,14.85000
33.0880,484,4,30,0.03000,BR,0,4,14.64000
33.0880,484,4,30,0.03000,BR,1,34,15.54000
33.0960,485,5,30,0.03000,FL,0,25,15.30000
33.0960,485,5,30,0.03000,BL,0,18,15.09000
33.0960,485,5,30,0.03000,FR,0,10,14.85000
33.0960,485,5,30,0.03000,BR,0,3,14.64000
33.0960,485,5,30,0.03000,BR,1,33,15.54000
33.1060,485,5,30,0.03000,FL,0,25,15.30000
33.1060,485,5,30,0.03000,BL,0,18,15.09000
33.1060,485,5,30,0.03000,FR,0,10,14.85000
33.1060,485,5,30,0.03000,BR,0,3,14.64000
33.1060,485,5,30,0.03000,BR,1,33,15.54000
33.1140,485,5,30,0.03000,FL,0,25,15.30000
33.1140,485,5,30,0.03000,BL,0,18,15.09000
33.1140,485,5,30,0.03000,FR,0,10,14.85000
33.1140,485,5,30,0.03000,BR,0,3,14.64000
33.1140,485,5,30,0.03000,BR,1,33,15.54000
33.1240,486,6,30,0.03000,FL,0,24,15.30000
33.1240,486,6,30,0.03000,BL,0,17,15.09000
33.1240,486,6,30,0.03000,FR,0,9,14.85000
33.1240,486,6,30,0.03000,FR,1,39,15.75000
33.1240,486,6,30,0.03000,BR,0,2,14.64000
33.1240,486,6,30,0.03000,BR,1,32,15.54000
33.1340,486,6,30,0.03000,FL,0,24,15.30000
33.1340,486,6,30,0.03000,BL,0,17,15.09000
33.1340,486,6,30,0.03000,FR,0,9,14.85000
33.1340,486,6,30,0.03000,FR,1,39,15.75000
33.1340,486,6,30,0.03000,BR,0,2,14.64000
33.1340,486,6,30,0.03000,BR,1,32,15.54000
33.1480,486,6,30,0.03000,FL,0,24,15.30000
33.1480,486,6,30,0.03000,BL,0,17,15.09000
33.1480,486,6,30,0.03000,FR,0,9,14.85000
33.1480,486,6,30,0.03000,FR,1,39,15.75000
33.1480,486,6,30,0.03000,BR,0,2,14.64000
33.1480,486,6,30,0.03000,BR,1,32,15.54000
33.1580,487,7,30,0.03000,FL,0,23,15.30000
33.1580,487,7,30,0.03000,BL,0,16,15.09000
33.1580,487,7,30,0.03000,FR,0,8,14.85000
33.1580,487,7,30,0.03000,FR,1,38,15.75000
33.1580,487,7,30,0.03000,BR,0,1,14.64000
33.1580,487,7,30,0.03000,BR,1,31,15.54000
33.1840,488,8,30,0.03000,FL,0,22,15.30000
33.1840,488,8,30,0.03000,BL,0,15,15.09000
33.1840,488,8,30,0.03000,FR,0,7,14.85000
33.1840,488,8,30,0.03000,FR,1,37,15.75000
33.1840,488,8,30,0.03000,BR,0,30,15.54000
33.1940,488,8,30,0.03000,FL,0,22,15.30000
33.1940,488,8,30,0.03000,BL,0,15,15.09000
33.1940,488,8,30,0.03000,FR,0,7,14.85000
33.1940,488,8,30,0.03000,FR,1,37,15.75000
33.1940,488,8,30,0.03000,BR,0,30,15.54000
33.2040,488,8,30,0.03000,FL,0,22,15.30000
33.2040,488,8,30,0.03000,BL,0,15,15.09000
33.2040,488,8,30,0.03000,FR,0,7,14.85000
33.2040,488,8,30,0.03000,FR,1,37,15.75000
33.2040,488,8,30,0.03000,BR,0,30,15.54000
33.2140,489,9,30,0.03000,FL,0,21,15.30000
33.2140,489,9,30,0.03000,BL,0,14,15.09000
33.2140,489,9,30,0.03000,FR,0,6,14.85000
33.2140,489,9,30,0.03000,FR,1,36,15.75000
33.2140,489,9,30,0.03000,BR,0,29,15.54000
33.2260,489,9,30,0.03000,FL,0,21,15.30000
33.2260,489,9,30,0.03000,BL,0,14,15.09000
33.2260,489,9,30,0.03000,FR,0,6,14.85000
33.2260,489,9,30,0.03000,FR,1,36,15.75000
33.2260,489,9,30,0.03000,BR,0,29,15.54000
33.2360,489,9,30,0.03000,FL,0,21,15.30000
33.2360,489,9,30,0.03000,BL,0,14,15.09000
33.2360,489,9,30,0.03000,FR,0,6,14.85000
33.2360,489,9,30,0.03000,FR,1,36,15.75000
33.2360,489,9,30,0.03000,BR,0,29,15.54000
33.2440,490,10,30,0.03000,FL,0,20,15.30000
33.2440,490,10,30,0.03000,BL,0,13,15.09000
33.2440,490,10,30,0.03000,FR,0,5,14.85000
33.2440,490,10,30,0.03000,FR,1,35,15.75000
33.2440,490,10,30,0.03000,BR,0,28,15.54000
33.2560,490,10,30,0.03000,FL,0,20,15.30000
33.2560,490,10,30,0.03000,BL,0,13,15.09000
33.2560,490,10,30,0.03000,FR,0,5,14.85000
33.2560,490,10,30,0.03000,FR,1,35,15.75000
33.2560,490,10,30,0.03000,BR,0,28,15.54000
33.2660,490,10,30,0.03000,FL,0,20,15.30000
33.2660,490,10,30,0.03000,BL,0,13,15.09000
33.2660,490,10,30,0.03000,FR,0,5,14.85000
33.2660,490,10,30,0.03000,FR,1,35,15.75000
33.2660,490,10,30,0.03000,BR,0,28,15.54000
33.2800,491,11,30,0.03000,FL,0,19,15.30000
33.2800,491,11,30,0.03000,BL,0,12,15.09000
33.2800,491,11,30,0.03000,FR,0,4,14.85000
33.2800,491,11,30,0.03000,FR,1,34,15.75000
33.2800,491,11,30,0.03000,BR,0,27,15.54000
33.2920,491,11,30,0.03000,FL,0,19,15.30000
33.2920,491,11,30,0.03000,BL,0,12,15.09000
33.2920,491,11,30,0.03000,FR,0,4,14.85000
33.2920,491,11,30,0.03000,FR,1,34,15.75000
33.2920,491,11,30,0.03000,BR,0,27,15.54000
33.3000,491,11,30,0.03000,FL,0,19,15.30000
33.3000,491,11,30,0.03000,BL,0,12,15.09000
33.3000,491,11,30,0.03000,FR,0,4,14.85000
33.3000,491,11,30,0.03000,FR,1,34,15.75000
33.3000,491,11,30,0.03000,BR,0,27,15.54000
33.3100,492,12,30,0.03000,FL,0,18,15.30000
33.3100,492,12,30,0.03000,BL,0,11,15.09000
33.3100,492,12,30,0.03000,FR,0,3,14.85000
33.3100,492,12,30,0.03000,FR,1,33,15.75000
33.3100,492,12,30,0.03000,BR,0,26,15.54000
33.3180,492,12,30,0.03000,FL,0,18,15.30000
33.3180,492,12,30,0.03000,BL,0,11,15.09000
33.3180,492,12,30,0.03000,FR,0,3,14.85000
33.3180,492,12,30,0.03000,FR,1,33,15.75000
33.3180,492,12,30,0.03000,BR,0,26,15.54000
33.3280,492,12,30,0.03000,FL,0,18,15.30000
33.3280,492,12,30,0.03000,BL,0,11,15.09000
33.3280,492,12,30,0.03000,FR,0,3,14.85000
33.3280,492,12,30,0.03000,FR,1,33,15.75000
33.3280,492,12,30,0.03000,BR,0,26,15.54000
33.3380,493,13,30,0.03000,FL,0,17,15.30000
33.3380,493,13,30,0.03000,BL,0,10,15.09000
33.3380,493,13,30,0.03000,FR,0,2,14.85000
33.3380,493,13,30,0.03000,FR,1,32,15.75000
33.3380,493,13,30,0.03000,BR,0,25,15.54000
33.3480,493,13,30,0.03000,FL,0,17,15.30000
33.3480,493,13,30,0.03000,BL,0,10,15.09000
33.3480,493,13,30,0.03000,FR,0,2,14.85000
33.3480,493,13,30,0.03000,FR,1,32,15.75000
33.3480,493,13,30,0.03000,BR,0,25,15.54000
33.3560,493,13,30,0.03000,FL,0,17,15.30000
33.3560,493,13,30,0.03000,BL,0,10,15.09000
33.3560,493,13,30,0.03000,FR,0,2,14.85000
33.3560,493,13,30,0.03000,FR,1,32,15.75000
33.3560,493,13,30,0.03000,BR,0,25,15.54000
33.3660,494,14,30,0.03000,FL,0,16,15.30000
33.3660,494,14,30,0.03000,BL,0,9,15.09000
33.3660,494,14,30,0.03000,BL,1,39,15.99000
33.3660,494,14,30,0.03000,FR,0,1,14.85000
33.3660,494,14,30,0.03000,FR,1,31,15.75000
33.3660,494,14,30,0.03000,BR,0,24,15.54000
33.3740,494,14,30,0.03000,FL,0,16,15.30000
33.3740,494,14,30,0.03000,BL,0,9,15.09000
33.3740,494,14,30,0.03000,BL,1,39,15.99000
33.3740,494,14,30,0.03000,FR,0,1,14.85000
33.3740,494,14,30,0.03000,FR,1,31,15.75000
33.3740,494,14,30,0.03000,BR,0,24,15.54000
33.3840,494,14,30,0.03000,FL,0,16,15.30000
33.3840,494,14,30,0.03000,BL,0,9,15.09000
33.3840,494,14,30,0.03000,BL,1,39,15.99000
33.3840,494,14,30,0.03000,FR,0,1,14.85000
33.3840,494,14,30,0.03000,FR,1,31,15.75000
33.3840,494,14,30,0.03000,BR,0,24,15.54000
33.3940,495,15,30,0.03000,FL,0,15,15.30000
33.3940,495,15,30,0.03000,BL,0,8,15.09000
33.3940,495,15,30,0.03000,BL,1,38,15.99000
33.3940,495,15,30,0.03000,FR,0,30,15.75000
33.3940,495,15,30,0.03000,BR,0,23,15.54000
33.4140,495,15,30,0.03000,FL,0,15,15.30000
33.4140,495,15,30,0.03000,BL,0,8,15.09000
33.4140,495,15,30,0.03000,BL,1,38,15.99000
33.4140,495,15,30,0.03000,FR,0,30,15.75000
33.4140,495,15,30,0.03000,BR,0,23,15.54000
33.4220,495,15,30,0.03000,FL,0,15,15.30000
33.4220,495,15,30,0.03000,BL,0,8,15.09000
33.4220,495,15,30,0.03000,BL,1,38,15.99000
33.4220,495,15,30,0.03000,FR,0,30,15.75000
33.4220,495,15,30,0.03000,BR,0,23,15.54000
33.4320,496,16,30,0.03000,FL,0,14,15.30000
33.4320,496,16,30,0.03000,BL,0,7,15.09000
33.4320,496,16,30,0.03000,BL,1,37,15.99000
33.4320,496,16,30,0.03000,FR,0,29,15.75000
33.4320,496,16,30,0.03000,BR,0,22,15.54000
33.4400,496,16,30,0.03000,FL,0,14,15.30000
33.4400,496,16,30,0.03000,BL,0,7,15.09000
33.4400,496,16,30,0.03000,BL,1,37,15.99000
33.4400,496,16,30,0.03000,FR,0,29,15.75000
33.4400,496,16,30,0.03000,BR,0,22,15.54000
33.4500,496,16,30,0.03000,FL,0,14,15.30000
33.4500,496,16,30,0.03000,BL,0,7,15.09000
33.4500,496,16,30,0.03000,BL,1,37,15.99000
33.4500,496,16,30,0.03000,FR,0,29,15.75000
33.4500,496,16,30,0.03000,BR,0,22,15.54000
33.4600,497,17,30,0.03000,FL,0,13,15.30000
33.4600,497,17,30,0.03000,BL,0,6,15.09000
33.4600,497,17,30,0.03000,BL,1,36,15.99000
33.4600,497,17,30,0.03000,FR,0,28,15.75000
33.4600,497,17,30,0.03000,BR,0,21,15.54000
33.4680,497,17,30,0.03000,FL,0,13,15.30000
33.4680,497,17,30,0.03000,BL,0,6,15.09000
33.4680,497,17,30,0.03000,BL,1,36,15.99000
33.4680,497,17,30,0.03000,FR,0,28,15.75000
33.4680,497,17,30,0.03000,BR,0,21,15.54000
33.4780,497,17,30,0.03000,FL,0,13,15.30000
33.4780,497,17,30,0.03000,BL,0,6,15.09000
33.4780,497,17,30,0.03000,BL,1,36,15.99000
33.4780,497,17,30,0.03000,FR,0,28,15.75000
33.4780,497,17,30,0.03000,BR,0,21,15.54000
33.4860,498,18,30,0.03000,FL,0,12,15.30000
33.4860,498,18,30,0.03000,BL,0,5,15.09000
33.4860,498,18,30,0.03000,BL,1,35,15.99000
33.4860,498,18,30,0.03000,FR,0,27,15.75000
33.4860,498,18,30,0.03000,BR,0,20,15.54000
33.4960,498,18,30,0.03000,FL,0,12,15.30000
33.4960,498,18,30,0.03000,BL,0,5,15.09000
33.4960,498,18,30,0.03000,BL,1,35,15.99000
33.4960,498,18,30,0.03000,FR,0,27,15.75000
33.4960,498,18,30,0.03000,BR,0,20,15.54000
33.5060,498,18,30,0.03000,FL,0,12,15.30000
33.5060,498,18,30,0.03000,BL,0,5,15.09000
33.5060,498,18,30,0.03000,BL,1,35,15.99000
33.5060,498,18,30,0.03000,FR,0,27,15.75000
33.5060,498,18,30,0.03000,BR,0,20,15.54000
33.5160,499,19,30,0.03000,FL,0,11,15.30000
33.5160,499,19,30,0.03000,BL,0,4,15.09000
33.5160,499,19,30,0.03000,BL,1,34,15.99000
33.5160,499,19,30,0.03000,FR,0,26,15.75000
33.5160,499,19,30,0.03000,BR,0,19,15.54000
33.5240,499,19,30,0.03000,FL,0,11,15.30000
33.5240,499,19,30,0.03000,BL,0,4,15.09000
33.5240,499,19,30,0.03000,BL,1,34,15.99000
33.5240,499,19,30,0.03000,FR,0,26,15.75000
33.5240,499,19,30,0.03000,BR,0,19,15.54000
33.5340,499,19,30,0.03000,FL,0,11,15.30000
33.5340,499,19,30,0.03000,BL,0,4,15.09000
33.5340,499,19,30,0.03000,BL,1,34,15.99000
33.5340,499,19,30,0.03000,FR,0,26,15.75000
33.5340,499,19,30,0.03000,BR,0,19,15.54000
33.5420,499,19,30,0.03000,FL,0,11,15.30000
33.5420,499,19,30,0.03000,BL,0,4,15.09000
33.5420,499,19,30,0.03000,BL,1,34,15.99000
33.5420,499,19,30,0.03000,FR,0,26,15.75000
33.5420,499,19,30,0.03000,BR,0,19,15.54000
33.5520,500,20,30,0.03000,FL,0,10,15.30000
33.5520,500,20,30,0.03000,BL,0,3,15.09000
33.5520,500,20,30,0.03000,BL,1,33,15.99000
33.5520,500,20,30,0.03000,FR,0,25,15.75000
33.5520,500,20,30,0.03000,BR,0,18,15.54000
33.5620,500,20,30,0.03000,FL,0,10,15.30000
33.5620,500,20,30,0.03000,BL,0,3,15.09000
33.5620,500,20,30,0.03000,BL,1,33,15.99000
33.5620,500,20,30,0.03000,FR,0,25,15.75000
33.5620,500,20,30,0.03000,BR,0,18,15.54000
33.5700,500,20,30,0.03000,FL,0,10,15.30000
33.5700,500,20,30,0.03000,BL,0,3,15.09000
33.5700,500,20,30,0.03000,BL,1,33,15.99000
33.5700,500,20,30,0.03000,FR,0,25,15.75000
33.5700,500,20,30,0.03000,BR,0,18,15.54000
33.5800,501,21,30,0.03000,FL,0,9,15.30000
33.5800,501,21,30,0.03000,FL,1,39,16.20000
33.5800,501,21,30,0.03000,BL,0,2,15.09000
33.5800,501,21,30,0.03000,BL,1,32,15.99000
33.5800,501,21,30,0.03000,FR,0,24,15.75000
33.5800,501,21,30,0.03000,BR,0,17,15.54000
33.5900,501,21,30,0.03000,FL,0,9,15.30000
33.5900,501,21,30,0.03000,FL,1,39,16.20000
33.5900,501,21,30,0.03000,BL,0,2,15.09000
33.5900,501,21,30,0.03000,BL,1,32,15.99000
33.5900,501,21,30,0.03000,FR,0,24,15.75000
33.5900,501,21,30,0.03000,BR,0,17,15.54000
33.6000,501,21,30,0.03000,FL,0,9,15.30000
33.6000,501,21,30,0.03000,FL,1,39,16.20000
33.6000,501,21,30,0.03000,BL,0,2,15.09000
33.6000,501,21,30,0.03000,BL,1,32,15.99000
33.6000,501,21,30,0.03000,FR,0,24,15.75000
33.6000,501,21,30,0.03000,BR,0,17,15.54000
33.6080,502,22,30,0.03000,FL,0,8,15.30000
33.6080,502,22,30,0.03000,FL,1,38,16.20000
33.6080,502,22,30,0.03000,BL,0,1,15.09000
33.6080,502,22,30,0.03000,BL,1,31,15.99000
33.6080,502,22,30,0.03000,FR,0,23,15.75000
33.6080,502,22,30,0.03000,BR,0,16,15.54000
33.6280,502,22,30,0.03000,FL,0,8,15.30000
33.6280,502,22,30,0.03000,FL,1,38,16.20000
33.6280,502,22,30,0.03000,BL,0,1,15.09000
33.6280,502,22,30,0.03000,BL,1,31,15.99000
33.6280,502,22,30,0.03000,FR,0,23,15.75000
33.6280,502,22,30,0.03000,BR,0,16,15.54000
33.6400,503,23,30,0.03000,FL,0,7,15.30000
33.6400,503,23,30,0.03000,FL,1,37,16.20000
33.6400,503,23,30,0.03000,BL,0,30,15.99000
33.6400,503,23,30,0.03000,FR,0,22,15.75000
33.6400,503,23,30,0.03000,BR,0,15,15.54000
33.6500,503,23,30,0.03000,FL,0,7,15.30000
33.6500,503,23,30,0.03000,FL,1,37,16.20000
33.6500,503,23,30,0.03000,BL,0,30,15.99000
33.6500,503,23,30,0.03000,FR,0,22,15.75000
33.6500,503,23,30,0.03000,BR,0,15,15.54000
33.6600,503,23,30,0.03000,FL,0,7,15.30000
33.6600,503,23,30,0.03000,FL,1,37,16.20000
33.6600,503,23,30,0.03000,BL,0,30,15.99000
33.6600,503,23,30,0.03000,FR,0,22,15.75000
33.6600,503,23,30,0.03000,BR,0,15,15.54000
33.6700,504,24,30,0.03000,FL,0,6,15.30000
33.6700,504,24,30,0.03000,FL,1,36,16.20000
33.6700,504,24,30,0.03000,BL,0,29,15.99000
33.6700,504,24,30,0.03000,FR,0,21,15.75000
33.6700,504,24,30,0.03000,BR,0,14,15.54000
33.6780,504,24,30,0.03000,FL,0,6,15.30000
33.6780,504,24,30,0.03000,FL,1,36,16.20000
33.6780,504,24,30,0.03000,BL,0,29,15.99000
33.6780,504,24,30,0.03000,FR,0,21,15.75000
33.6780,504,24,30,0.03000,BR,0,14,15.54000
33.6880,504,24,30,0.03000,FL,0,6,15.30000
33.6880,504,24,30,0.03000,FL,1,36,16.20000
33.6880,504,24,30,0.03000,BL,0,29,15.99000
33.6880,504,24,30,0.03000,FR,0,21,15.75000
33.6880,504,24,30,0.03000,BR,0,14,15.54000
33.6980,505,25,30,0.03000,FL,0,5,15.30000
33.6980,505,25,30,0.03000,FL,1,35,16.20000
33.6980,505,25,30,0.03000,BL,0,28,15.99000
33.6980,505,25,30,0.03000,FR,0,20,15.75000
33.6980,505,25,30,0.03000,BR,0,13,15.54000
33.7080,505,25,30,0.03000,FL,0,5,15.30000
33.7080,505,25,30,0.03000,FL,1,35,16.20000
33.7080,505,25,30,0.03000,BL,0,28,15.99000
33.7080,505,25,30,0.03000,FR,0,20,15.75000
33.7080,505,25,30,0.03000,BR,0,13,15.54000
33.7200,505,25,30,0.03000,FL,0,5,15.30000
33.7200,505,25,30,0.03000,FL,1,35,16.20000
33.7200,505,25,30,0.03000,BL,0,28,15.99000
33.7200,505,25,30,0.03000,FR,0,20,15.75000
33.7200,505,25,30,0.03000,BR,0,13,15.54000
33.7320,506,26,30,0.03000,FL,0,4,15.30000
33.7320,506,26,30,0.03000,FL,1,34,16.20000
33.7320,506,26,30,0.03000,BL,0,27,15.99000
33.7320,506,26,30,0.03000,FR,0,19,15.75000
33.7320,506,26,30,0.03000,BR,0,12,15.54000
33.7420,506,26,30,0.03000,FL,0,4,15.30000
33.7420,506,26,30,0.03000,FL,1,34,16.20000
33.7420,506,26,30,0.03000,BL,0,27,15.99000
33.7420,506,26,30,0.03000,FR,0,19,15.75000
33.7420,506,26,30,0.03000,BR,0,12,15.54000
33.7520,506,26,30,0.03000,FL,0,4,15.30000
33.7520,506,26,30,0.03000,FL,1,34,16.20000
33.7520,506,26,30,0.03000,BL,0,27,15.99000
33.7520,506,26,30,0.03000,FR,0,19,15.75000
33.7520,506,26,30,0.03000,BR,0,12,15.54000
33.7600,507,27,30,0.03000,FL,0,3,15.30000
33.7600,507,27,30,0.03000,FL,1,33,16.20000
33.7600,507,27,30,0.03000,BL,0,26,15.99000
33.7600,507,27,30,0.03000,FR,0,18,15.75000
33.7600,507,27,30,0.03000,BR,0,11,15.54000
33.7720,507,27,30,0.03000,FL,0,3,15.30000
33.7720,507,27,30,0.03000,FL,1,33,16.20000
33.7720,507,27,30,0.03000,BL,0,26,15.99000
33.7720,507,27,30,0.03000,FR,0,18,15.75000
33.7720,507,27,30,0.03000,BR,0,11,15.54000
33.7820,507,27,30,0.03000,FL,0,3,15.30000
33.7820,507,27,30,0.03000,FL,1,33,16.20000
33.7820,507,27,30,0.03000,BL,0,26,15.99000
33.7820,507,27,30,0.03000,FR,0,18,15.75000
33.7820,507,27,30,0.03000,BR,0,11,15.54000
33.7920,508,28,30,0.03000,FL,0,2,15.30000
33.7920,508,28,30,0.03000,FL,1,32,16.20000
33.7920,508,28,30,0.03000,BL,0,25,15.99000
33.7920,508,28,30,0.03000,FR,0,17,15.75000
33.7920,508,28,30,0.03000,BR,0,10,15.54000
33.8020,508,28,30,0.03000,FL,0,2,15.30000
33.8020,508,28,30,0.03000,FL,1,32,16.20000
33.8020,508,28,30,0.03000,BL,0,25,15.99000
33.8020,508,28,30,0.03000,FR,0,17,15.75000
33.8020,508,28,30,0.03000,BR,0,10,15.54000
33.8100,508,28,30,0.03000,FL,0,2,15.30000
33.8100,508,28,30,0.03000,FL,1,32,16.20000
33.8100,508,28,30,0.03000,BL,0,25,15.99000
33.8100,508,28,30,0.03000,FR,0,17,15.75000
33.8100,508,28,30,0.03000,BR,0,10,15.54000
33.8200,509,29,30,0.03000,FL,0,1,15.30000
33.8200,509,29,30,0.03000,FL,1,31,16.20000
33.8200,509,29,30,0.03000,BL,0,24,15.99000
33.8200,509,29,30,0.03000,FR,0,16,15.75000
33.8200,509,29,30,0.03000,BR,0,9,15.54000
33.8200,509,29,30,0.03000,BR,1,39,16.44000
33.8280,509,29,30,0.03000,FL,0,1,15.30000
33.8280,509,29,30,0.03000,FL,1,31,16.20000
33.8280,509,29,30,0.03000,BL,0,24,15.99000
33.8280,509,29,30,0.03000,FR,0,16,15.75000
33.8280,509,29,30,0.03000,BR,0,9,15.54000
33.8280,509,29,30,0.03000,BR,1,39,16.44000
33.8400,509,29,30,0.03000,FL,0,1,15.30000
33.8400,509,29,30,0.03000,FL,1,31,16.20000
33.8400,509,29,30,0.03000,BL,0,24,15.99000
33.8400,509,29,30,0.03000,FR,0,16,15.75000
33.8400,509,29,30,0.03000,BR,0,9,15.54000
33.8400,509,29,30,0.03000,BR,1,39,16.44000
33.8480,510,0,30,0.03000,FL,0,30,16.20000
33.8480,510,0,30,0.03000,BL,0,23,15.99000
33.8480,510,0,30,0.03000,FR,0,15,15.75000
33.8480,510,0,30,0.03000,BR,0,8,15.54000
33.8480,510,0,30,0.03000,BR,1,38,16.44000
33.8680,510,0,30,0.03000,FL,0,30,16.20000
33.8680,510,0,30,0.03000,BL,0,23,15.99000
33.8680,510,0,30,0.03000,FR,0,15,15.75000
33.8680,510,0,30,0.03000,BR,0,8,15.54000
33.8680,510,0,30,0.03000,BR,1,38,16.44000
33.8760,511,1,30,0.03000,FL,0,29,16.20000
33.8760,511,1,30,0.03000,BL,0,22,15.99000
33.8760,511,1,30,0.03000,FR,0,14,15.75000
33.8760,511,1,30,0.03000,BR,0,7,15.54000
33.8760,511,1,30,0.03000,BR,1,37,16.44000
33.8840,511,1,30,0.03000,FL,0,29,16.20000
33.8840,511,1,30,0.03000,BL,0,22,15.99000
33.8840,511,1,30,0.03000,FR,0,14,15.75000
33.8840,511,1,30,0.03000,BR,0,7,15.54000
33.8840,511,1,30,0.03000,BR,1,37,16.44000
33.8940,511,1,30,0.03000,FL,0,29,16.20000
33.8940,511,1,30,0.03000,BL,0,22,15.99000
33.8940,511,1,30,0.03000,FR,0,14,15.75000
33.8940,511,1,30,0.03000,BR,0,7,15.54000
33.8940,511,1,30,0.03000,BR,1,37,16.44000
33.9040,512,2,30,0.03000,FL,0,28,16.20000
33.9040,512,2,30,0.03000,BL,0,21,15.99000
33.9040,512,2,30,0.03000,FR,0,13,15.75000
33.9040,512,2,30,0.03000,BR,0,6,15.54000
33.9040,512,2,30,0.03000,BR,1,36,16.44000
33.9120,512,2,30,0.03000,FL,0,28,16.20000
33.9120,512,2,30,0.03000,BL,0,21,15.99000
33.9120,512,2,30,0.03000,FR,0,13,15.75000
33.9120,512,2,30,0.03000,BR,0,6,15.54000
33.9120,512,2,30,0.03000,BR,1,36,16.44000
33.9220,512,2,30,0.03000,FL,0,28,16.20000
33.9220,512,2,30,0.03000,BL,0,21,15.99000
33.9220,512,2,30,0.03000,FR,0,13,15.75000
33.9220,512,2,30,0.03000,BR,0,6,15.54000
33.9220,512,2,30,0.03000,BR,1,36,16.44000
33.9320,512,2,30,0.03000,FL,0,28,16.20000
33.9320,512,2,30,0.03000,BL,0,21,15.99000
33.9320,512,2,30,0.03000,FR,0,13,15.75000
33.9320,512,2,30,0.03000,BR,0,6,15.54000
33.9320,512,2,30,0.03000,BR,1,36,16.44000
33.9400,513,3,30,0.03000,FL,0,27,16.20000
33.9400,513,3,30,0.03000,BL,0,20,15.99000
33.9400,513,3,30,0.03000,FR,0,12,15.75000
33.9400,513,3,30,0.03000,BR,0,5,15.54000
33.9400,513,3,30,0.03000,BR,1,35,16.44000
33.9500,513,3,30,0.03000,FL,0,27,16.20000
33.9500,513,3,30,0.03000,BL,0,20,15.99000
33.9500,513,3,30,0.03000,FR,0,12,15.75000
33.9500,513,3,30,0.03000,BR,0,5,15.54000
33.9500,513,3,30,0.03000,BR,1,35,16.44000
33.9600,513,3,30,0.03000,FL,0,27,16.20000
33.9600,513,3,30,0.03000,BL,0,20,15.99000
33.9600,513,3,30,0.03000,FR,0,12,15.75000
33.9600,513,3,30,0.03000,BR,0,5,15.54000
33.9600,513,3,30,0.03000,BR,1,35,16.44000
33.9680,514,4,30,0.03000,FL,0,26,16.20000
33.9680,514,4,30,0.03000,BL,0,19,15.99000
33.9680,514,4,30,0.03000,FR,0,11,15.75000
33.9680,514,4,30,0.03000,BR,0,4,15.54000
33.9680,514,4,30,0.03000,BR,1,34,16.44000
33.9780,514,4,30,0.03000,FL,0,26,16.20000
33.9780,514,4,30,0.03000,BL,0,19,15.99000
33.9780,514,4,30,0.03000,FR,0,11,15.75000
33.9780,514,4,30,0.03000,BR,0,4,15.54000
33.9780,514,4,30,0.03000,BR,1,34,16.44000
33.9860,514,4,30,0.03000,FL,0,26,16.20000
33.9860,514,4,30,0.03000,BL,0,19,15.99000
33.9860,514,4,30,0.03000,FR,0,11,15.75000
33.9860,514,4,30,0.03000,BR,0,4,15.54000
33.9860,514,4,30,0.03000,BR,1,34,16.44000
33.9940,515,5,30,0.03000,FL,0,25,16.20000
33.9960,515,5,30,0.03000,BL,0,18,15.99000
33.9960,515,5,30,0.03000,FR,0,10,15.75000
33.9960,515,5,30,0.03000,BR,0,3,15.54000
33.9960,515,5,30,0.03000,BR,1,33,16.44000
34.0060,515,5,30,0.03000,FL,0,25,16.20000
34.0060,515,5,30,0.03000,BL,0,18,15.99000
34.0060,515,5,30,0.03000,FR,0,10,15.75000
34.0060,515,5,30,0.03000,BR,0,3,15.54000
34.0060,515,5,30,0.03000,BR,1,33,16.44000
34.0140,515,5,30,0.03000,FL,0,25,16.20000
34.0140,515,5,30,0.03000,BL,0,18,15.99000
34.0140,515,5,30,0.03000,FR,0,10,15.75000
34.0140,515,5,30,0.03000,BR,0,3,15.54000
34.0140,515,5,30,0.03000,BR,1,33,16.44000
34.0220,515,5,30,0.03000,FL,0,25,16.20000
34.0220,515,5,30,0.03000,BL,0,18,15.99000
34.0220,515,5,30,0.03000,FR,0,10,15.75000
34.0220,515,5,30,0.03000,BR,0,3,15.54000
34.0220,515,5,30,0.03000,BR,1,33,16.44000
34.0320,516,6,30,0.03000,FL,0,24,16.20000
34.0320,516,6,30,0.03000,BL,0,17,15.99000
34.0320,516,6,30,0.03000,FR,0,9,15.75000
34.0320,516,6,30,0.03000,FR,1,39,16.65000
34.0320,516,6,30,0.03000,BR,0,2,15.54000
34.0320,516,6,30,0.03000,BR,1,32,16.44000
34.0420,516,6,30,0.03000,FL,0,24,16.20000
34.0420,516,6,30,0.03000,BL,0,17,15.99000
34.0420,516,6,30,0.03000,FR,0,9,15.75000
34.0420,516,6,30,0.03000,FR,1,39,16.65000
34.0420,516,6,30,0.03000,BR,0,2,15.54000
34.0420,516,6,30,0.03000,BR,1,32,16.44000
34.0500,516,6,30,0.03000,FL,0,24,16.20000
34.0500,516,6,30,0.03000,BL,0,17,15.99000
34.0500,516,6,30,0.03000,FR,0,9,15.75000
34.0500,516,6,30,0.03000,FR,1,39,16.65000
34.0500,516,6,30,0.03000,BR,0,2,15.54000
34.0500,516,6,30,0.03000,BR,1,32,16.44000
34.0600,517,7,30,0.03000,FL,0,23,16.20000
34.0600,517,7,30,0.03000,BL,0,16,15.99000
34.0600,517,7,30,0.03000,FR,0,8,15.75000
34.0600,517,7,30,0.03000,FR,1,38,16.65000
34.0600,517,7,30,0.03000,BR,0,1,15.54000
34.0600,517,7,30,0.03000,BR,1,31,16.44000
34.0800,517,7,30,0.03000,FL,0,23,16.20000
34.0800,517,7,30,0.03000,BL,0,16,15.99000
34.0800,517,7,30,0.03000,FR,0,8,15.75000
34.0800,517,7,30,0.03000,FR,1,38,16.65000
34.0800,517,7,30,0.03000,BR,0,1,15.54000
34.0800,517,7,30,0.03000,BR,1,31,16.44000
34.0920,518,8,30,0.03000,FL,0,22,16.20000
34.0920,518,8,30,0.03000,BL,0,15,15.99000
34.0920,518,8,30,0.03000,FR,0,7,15.75000
34.0920,518,8,30,0.03000,FR,1,37,16.65000
34.0920,518,8,30,0.03000,BR,0,30,16.44000
34.1020,518,8,30,0.03000,FL,0,22,16.20000
34.1020,518,8,30,0.03000,BL,0,15,15.99000
34.1020,518,8,30,0.03000,FR,0,7,15.75000
34.1020,518,8,30,0.03000,FR,1,37,16.65000
34.1020,518,8,30,0.03000,BR,0,30,16.44000
34.1120,518,8,30,0.03000,FL,0,22,16.20000
34.1120,518,8,30,0.03000,BL,0,15,15.99000
34.1120,518,8,30,0.03000,FR,0,7,15.75000
34.1120,518,8,30,0.03000,FR,1,37,16.65000
34.1120,518,8,30,0.03000,BR,0,30,16.44000
34.1200,519,9,30,0.03000,FL,0,21,16.20000
34.1200,519,9,30,0.03000,BL,0,14,15.99000
34.1200,519,9,30,0.03000,FR,0,6,15.75000
34.1200,519,9,30,0.03000,FR,1,36,16.65000
34.1200,519,9,30,0.03000,BR,0,29,16.44000
34.1300,519,9,30,0.03000,FL,0,21,16.20000
34.1300,519,9,30,0.03000,BL,0,14,15.99000
34.1300,519,9,30,0.03000,FR,0,6,15.75000
34.1300,519,9,30,0.03000,FR,1,36,16.65000
34.1300,519,9,30,0.03000,BR,0,29,16.44000
34.1380,519,9,30,0.03000,FL,0,21,16.20000
34.1380,519,9,30,0.03000,BL,0,14,15.99000
34.1380,519,9,30,0.03000,FR,0,6,15.75000
34.1380,519,9,30,0.03000,FR,1,36,16.65000
34.1380,519,9,30,0.03000,BR,0,29,16.44000
34.1480,520,10,30,0.03000,FL,0,20,16.20000
34.1480,520,10,30,0.03000,BL,0,13,15.99000
34.1480,520,10,30,0.03000,FR,0,5,15.75000
34.1480,520,10,30,0.03000,FR,1,35,16.65000
34.1480,520,10,30,0.03000,BR,0,28,16.44000
34.1580,520,10,30,0.03000,FL,0,20,16.20000
34.1580,520,10,30,0.03000,BL,0,13,15.99000
34.1580,520,10,30,0.03000,FR,0,5,15.75000
34.1580,520,10,30,0.03000,FR,1,35,16.65000
34.1580,520,10,30,0.03000,BR,0,28,16.44000
34.1660,520,10,30,0.03000,FL,0,20,16.20000
34.1660,520,10,30,0.03000,BL,0,13,15.99000
34.1660,520,10,30,0.03000,FR,0,5,15.75000
34.1660,520,10,30,0.03000,FR,1,35,16.65000
34.1660,520,10,30,0.03000,BR,0,28,16.44000
34.1780,521,11,30,0.03000,FL,0,19,16.20000
34.1780,521,11,30,0.03000,BL,0,12,15.99000
34.1780,521,11,30,0.03000,FR,0,4,15.75000
34.1780,521,11,30,0.03000,FR,1,34,16.65000
34.1780,521,11,30,0.03000,BR,0,27,16.44000
34.1880,521,11,30,0.03000,FL,0,19,16.20000
34.1880,521,11,30,0.03000,BL,0,12,15.99000
34.1880,521,11,30,0.03000,FR,0,4,15.75000
34.1880,521,11,30,0.03000,FR,1,34,16.65000
34.1880,521,11,30,0.03000,BR,0,27,16.44000
34.2020,521,11,30,0.03000,FL,0,19,16.20000
34.2020,521,11,30,0.03000,BL,0,12,15.99000
34.2020,521,11,30,0.03000,FR,0,4,15.75000
34.2020,521,11,30,0.03000,FR,1,34,16.65000
34.2020,521,11,30,0.03000,BR,0,27,16.44000
34.2120,522,12,30,0.03000,FL,0,18,16.20000
34.2120,522,12,30,0.03000,BL,0,11,15.99000
34.2120,522,12,30,0.03000,FR,0,3,15.75000
34.2120,522,12,30,0.03000,FR,1,33,16.65000
34.2120,522,12,30,0.03000,BR,0,26,16.44000
34.2220,522,12,30,0.03000,FL,0,18,16.20000
34.2220,522,12,30,0.03000,BL,0,11,15.99000
34.2220,522,12,30,0.03000,FR,0,3,15.75000
34.2220,522,12,30,0.03000,FR,1,33,16.65000
34.2220,522,12,30,0.03000,BR,0,26,16.44000
34.2340,523,13,30,0.03000,FL,0,17,16.20000
34.2340,523,13,30,0.03000,BL,0,10,15.99000
34.2340,523,13,30,0.03000,FR,0,2,15.75000
34.2340,523,13,30,0.03000,FR,1,32,16.65000
34.2340,523,13,30,0.03000,BR,0,25,16.44000
34.2440,523,13,30,0.03000,FL,0,17,16.20000
34.2440,523,13,30,0.03000,BL,0,10,15.99000
34.2440,523,13,30,0.03000,FR,0,2,15.75000
34.2440,523,13,30,0.03000,FR,1,32,16.65000
34.2440,523,13,30,0.03000,BR,0,25,16.44000
34.2520,523,13,30,0.03000,FL,0,17,16.20000
34.2520,523,13,30,0.03000,BL,0,10,15.99000
34.2520,523,13,30,0.03000,FR,0,2,15.75000
34.2520,523,13,30,0.03000,FR,1,32,16.65000
34.2520,523,13,30,0.03000,BR,0,25,16.44000
34.2620,523,13,30,0.03000,FL,0,17,16.20000
34.2620,523,13,30,0.03000,BL,0,10,15.99000
34.2620,523,13,30,0.03000,FR,0,2,15.75000
34.2620,523,13,30,0.03000,FR,1,32,16.65000
34.2620,523,13,30,0.03000,BR,0,25,16.44000
34.2720,524,14,30,0.03000,FL,0,16,16.20000
34.2720,524,14,30,0.03000,BL,0,9,15.99000
34.2720,524,14,30,0.03000,BL,1,39,16.89000
34.2720,524,14,30,0.03000,FR,0,1,15.75000
34.2720,524,14,30,0.03000,FR,1,31,16.65000
34.2720,524,14,30,0.03000,BR,0,24,16.44000
34.2860,524,14,30,0.03000,FL,0,16,16.20000
34.2860,524,14,30,0.03000,BL,0,9,15.99000
34.2860,524,14,30,0.03000,BL,1,39,16.89000
34.2860,524,14,30,0.03000,FR,0,1,15.75000
34.2860,524,14,30,0.03000,FR,1,31,16.65000
34.2860,524,14,30,0.03000,BR,0,24,16.44000
34.3000,525,15,30,0.03000,FL,0,15,16.20000
34.3000,525,15,30,0.03000,BL,0,8,15.99000
34.3000,525,15,30,0.03000,BL,1,38,16.89000
34.3000,525,15,30,0.03000,FR,0,30,16.65000
34.3000,525,15,30,0.03000,BR,0,23,16.44000
34.3280,526,16,30,0.03000,FL,0,14,16.20000
34.3280,526,16,30,0.03000,BL,0,7,15.99000
34.3280,526,16,30,0.03000,BL,1,37,16.89000
34.3280,526,16,30,0.03000,FR,0,29,16.65000
34.3280,526,16,30,0.03000,BR,0,22,16.44000
34.3420,526,16,30,0.03000,FL,0,14,16.20000
34.3420,526,16,30,0.03000,BL,0,7,15.99000
34.3420,526,16,30,0.03000,BL,1,37,16.89000
34.3420,526,16,30,0.03000,FR,0,29,16.65000
34.3420,526,16,30,0.03000,BR,0,22,16.44000
34.3520,526,16,30,0.03000,FL,0,14,16.20000
34.3520,526,16,30,0.03000,BL,0,7,15.99000
34.3520,526,16,30,0.03000,BL,1,37,16.89000
34.3520,526,16,30,0.03000,FR,0,29,16.65000
34.3520,526,16,30,0.03000,BR,0,22,16.44000
34.3620,527,17,30,0.03000,FL,0,13,16.20000
34.3620,527,17,30,0.03000,BL,0,6,15.99000
34.3620,527,17,30,0.03000,BL,1,36,16.89000
34.3620,527,17,30,0.03000,FR,0,28,16.65000
34.3620,527,17,30,0.03000,BR,0,21,16.44000
34.3720,527,17,30,0.03000,FL,0,13,16.20000
34.3720,527,17,30,0.03000,BL,0,6,15.99000
34.3720,527,17,30,0.03000,BL,1,36,16.89000
34.3720,527,17,30,0.03000,FR,0,28,16.65000
34.3720,527,17,30,0.03000,BR,0,21,16.44000
34.3800,527,17,30,0.03000,FL,0,13,16.20000
34.3800,527,17,30,0.03000,BL,0,6,15.99000
34.3800,527,17,30,0.03000,BL,1,36,16.89000
34.3800,527,17,30,0.03000,FR,0,28,16.65000
34.3800,527,17,30,0.03000,BR,0,21,16.44000
34.3900,528,18,30,0.03000,FL,0,12,16.20000
34.3900,528,18,30,0.03000,BL,0,5,15.99000
34.3900,528,18,30,0.03000,BL,1,35,16.89000
34.3900,528,18,30,0.03000,FR,0,27,16.65000
34.3900,528,18,30,0.03000,BR,0,20,16.44000
34.4000,528,18,30,0.03000,FL,0,12,16.20000
34.4000,528,18,30,0.03000,BL,0,5,15.99000
34.4000,528,18,30,0.03000,BL,1,35,16.89000
34.4000,528,18,30,0.03000,FR,0,27,16.65000
34.4000,528,18,30,0.03000,BR,0,20,16.44000
34.4080,528,18,30,0.03000,FL,0,12,16.20000
34.4080,528,18,30,0.03000,BL,0,5,15.99000
34.4080,528,18,30,0.03000,BL,1,35,16.89000
34.4080,528,18,30,0.03000,FR,0,27,16.65000
34.4080,528,18,30,0.03000,BR,0,20,16.44000
34.4180,529,19,30,0.03000,FL,0,11,16.20000
34.4180,529,19,30,0.03000,BL,0,4,15.99000
34.4180,529,19,30,0.03000,BL,1,34,16.89000
34.4180,529,19,30,0.03000,FR,0,26,16.65000
34.4180,529,19,30,0.03000,BR,0,19,16.44000
34.4260,529,19,30,0.03000,FL,0,11,16.20000
34.4260,529,19,30,0.03000,BL,0,4,15.99000
34.4260,529,19,30,0.03000,BL,1,34,16.89000
34.4260,529,19,30,0.03000,FR,0,26,16.65000
34.4260,529,19,30,0.03000,BR,0,19,16.44000
34.4360,529,19,30,0.03000,FL,0,11,16.20000
34.4360,529,19,30,0.03000,BL,0,4,15.99000
34.4360,529,19,30,0.03000,BL,1,34,16.89000
34.4360,529,19,30,0.03000,FR,0,26,16.65000
34.4360,529,19,30,0.03000,BR,0,19,16.44000
34.4440,530,20,30,0.03000,FL,0,10,16.20000
34.4440,530,20,30,0.03000,BL,0,3,15.99000
34.4440,530,20,30,0.03000,BL,1,33,16.89000
34.4440,530,20,30,0.03000,FR,0,25,16.65000
34.4440,530,20,30,0.03000,BR,0,18,16.44000
34.4540,530,20,30,0.03000,FL,0,10,16.20000
34.4540,530,20,30,0.03000,BL,0,3,15.99000
34.4540,530,20,30,0.03000,BL,1,33,16.89000
34.4540,530,20,30,0.03000,FR,0,25,16.65000
34.4540,530,20,30,0.03000,BR,0,18,16.44000
34.4640,530,20,30,0.03000,FL,0,10,16.20000
34.4640,530,20,30,0.03000,BL,0,3,15.99000
34.4640,530,20,30,0.03000,BL,1,33,16.89000
34.4640,530,20,30,0.03000,FR,0,25,16.65000
34.4640,530,20,30,0.03000,BR,0,18,16.44000
34.4740,531,21,30,0.03000,FL,0,9,16.20000
34.4740,531,21,30,0.03000,FL,1,39,17.10000
34.4740,531,21,30,0.03000,BL,0,2,15.99000
34.4740,531,21,30,0.03000,BL,1,32,16.89000
34.4740,531,21,30,0.03000,FR,0,24,16.65000
34.4740,531,21,30,0.03000,BR,0,17,16.44000
34.4820,531,21,30,0.03000,FL,0,9,16.20000
34.4820,531,21,30,0.03000,FL,1,39,17.10000
34.4820,531,21,30,0.03000,BL,0,2,15.99000
34.4820,531,21,30,0.03000,BL,1,32,16.89000
34.4820,531,21,30,0.03000,FR,0,24,16.65000
34.4820,531,21,30,0.03000,BR,0,17,16.44000
34.4920,531,21,30,0.03000,FL,0,9,16.20000
34.4920,531,21,30,0.03000,FL,1,39,17.10000
34.4920,531,21,30,0.03000,BL,0,2,15.99000
34.4920,531,21,30,0.03000,BL,1,32,16.89000
34.4920,531,21,30,0.03000,FR,0,24,16.65000
34.4920,531,21,30,0.03000,BR,0,17,16.44000
34.5000,531,21,30,0.03000,FL,0,9,16.20000
34.5000,531,21,30,0.03000,FL,1,39,17.10000
34.5000,531,21,30,0.03000,BL,0,2,15.99000
34.5000,531,21,30,0.03000,BL,1,32,16.89000
34.5000,531,21,30,0.03000,FR,0,24,16.65000
34.5000,531,21,30,0.03000,BR,0,17,16.44000
34.5100,532,22,30,0.03000,FL,0,8,16.20000
34.5100,532,22,30,0.03000,FL,1,38,17.10000
34.5100,532,22,30,0.03000,BL,0,1,15.99000
34.5100,532,22,30,0.03000,BL,1,31,16.89000
34.5100,532,22,30,0.03000,FR,0,23,16.65000
34.5100,532,22,30,0.03000,BR,0,16,16.44000
34.5280,532,22,30,0.03000,FL,0,8,16.20000
34.5280,532,22,30,0.03000,FL,1,38,17.10000
34.5280,532,22,30,0.03000,BL,0,1,15.99000
34.5280,532,22,30,0.03000,BL,1,31,16.89000
34.5280,532,22,30,0.03000,FR,0,23,16.65000
34.5280,532,22,30,0.03000,BR,0,16,16.44000
34.5420,533,23,30,0.03000,FL,0,7,16.20000
34.5420,533,23,30,0.03000,FL,1,37,17.10000
34.5420,533,23,30,0.03000,BL,0,30,16.89000
34.5420,533,23,30,0.03000,FR,0,22,16.65000
34.5420,533,23,30,0.03000,BR,0,15,16.44000
34.5500,533,23,30,0.03000,FL,0,7,16.20000
34.5500,533,23,30,0.03000,FL,1,37,17.10000
34.5500,533,23,30,0.03000,BL,0,30,16.89000
34.5500,533,23,30,0.03000,FR,0,22,16.65000
34.5500,533,23,30,0.03000,BR,0,15,16.44000
34.5600,533,23,30,0.03000,FL,0,7,16.20000
34.5600,533,23,30,0.03000,FL,1,37,17.10000
34.5600,533,23,30,0.03000,BL,0,30,16.89000
34.5600,533,23,30,0.03000,FR,0,22,16.65000
34.5600,533,23,30,0.03000,BR,0,15,16.44000
34.5720,534,24,30,0.03000,FL,0,6,16.20000
34.5720,534,24,30,0.03000,FL,1,36,17.10000
34.5720,534,24,30,0.03000,BL,0,29,16.89000
34.5720,534,24,30,0.03000,FR,0,21,16.65000
34.5720,534,24,30,0.03000,BR,0,14,16.44000
34.5820,534,24,30,0.03000,FL,0,6,16.20000
34.5820,534,24,30,0.03000,FL,1,36,17.10000
34.5820,534,24,30,0.03000,BL,0,29,16.89000
34.5820,534,24,30,0.03000,FR,0,21,16.65000
34.5820,534,24,30,0.03000,BR,0,14,16.44000
34.5940,535,25,30,0.03000,FL,0,5,16.20000
34.5940,535,25,30,0.03000,FL,1,35,17.10000
34.5940,535,25,30,0.03000,BL,0,28,16.89000
34.5940,535,25,30,0.03000,FR,0,20,16.65000
34.5940,535,25,30,0.03000,BR,0,13,16.44000
34.6020,535,25,30,0.03000,FL,0,5,16.20000
34.6020,535,25,30,0.03000,FL,1,35,17.10000
34.6020,535,25,30,0.03000,BL,0,28,16.89000
34.6020,535,25,30,0.03000,FR,0,20,16.65000
34.6020,535,25,30,0.03000,BR,0,13,16.44000
34.6120,535,25,30,0.03000,FL,0,5,16.20000
34.6120,535,25,30,0.03000,FL,1,35,17.10000
34.6120,535,25,30,0.03000,BL,0,28,16.89000
34.6120,535,25,30,0.03000,FR,0,20,16.65000
34.6120,535,25,30,0.03000,BR,0,13,16.44000
34.6220,535,25,30,0.03000,FL,0,5,16.20000
34.6220,535,25,30,0.03000,FL,1,35,17.10000
34.6220,535,25,30,0.03000,BL,0,28,16.89000
34.6220,535,25,30,0.03000,FR,0,20,16.65000
34.6220,535,25,30,0.03000,BR,0,13,16.44000
34.6340,536,26,30,0.03000,FL,0,4,16.20000
34.6340,536,26,30,0.03000,FL,1,34,17.10000
34.6340,536,26,30,0.03000,BL,0,27,16.89000
34.6340,536,26,30,0.03000,FR,0,19,16.65000
34.6340,536,26,30,0.03000,BR,0,12,16.44000
34.6440,536,26,30,0.03000,FL,0,4,16.20000
34.6440,536,26,30,0.03000,FL,1,34,17.10000
34.6440,536,26,30,0.03000,BL,0,27,16.89000
34.6440,536,26,30,0.03000,FR,0,19,16.65000
34.6440,536,26,30,0.03000,BR,0,12,16.44000
34.6540,537,27,30,0.03000,FL,0,3,16.20000
34.6540,537,27,30,0.03000,FL,1,33,17.10000
34.6540,537,27,30,0.03000,BL,0,26,16.89000
34.6540,537,27,30,0.03000,FR,0,18,16.65000
34.6540,537,27,30,0.03000,BR,0,11,16.44000
34.6620,537,27,30,0.03000,FL,0,3,16.20000
34.6620,537,27,30,0.03000,FL,1,33,17.10000
34.6620,537,27,30,0.03000,BL,0,26,16.89000
34.6620,537,27,30,0.03000,FR,0,18,16.65000
34.6620,537,27,30,0.03000,BR,0,11,16.44000
34.6720,537,27,30,0.03000,FL,0,3,16.20000
34.6720,537,27,30,0.03000,FL,1,33,17.10000
34.6720,537,27,30,0.03000,BL,0,26,16.89000
34.6720,537,27,30,0.03000,FR,0,18,16.65000
34.6720,537,27,30,0.03000,BR,0,11,16.44000
34.6800,537,27,30,0.03000,FL,0,3,16.20000
34.6800,537,27,30,0.03000,FL,1,33,17.10000
34.6800,537,27,30,0.03000,BL,0,26,16.89000
34.6800,537,27,30,0.03000,FR,0,18,16.65000
34.6800,537,27,30,0.03000,BR,0,11,16.44000
34.6900,538,28,30,0.03000,FL,0,2,16.20000
34.6900,538,28,30,0.03000,FL,1,32,17.10000
34.6900,538,28,30,0.03000,BL,0,25,16.89000
34.6900,538,28,30,0.03000,FR,0,17,16.65000
34.6900,538,28,30,0.03000,BR,0,10,16.44000
34.7000,538,28,30,0.03000,FL,0,2,16.20000
34.7000,538,28,30,0.03000,FL,1,32,17.10000
34.7000,538,28,30,0.03000,BL,0,25,16.89000
34.7000,538,28,30,0.03000,FR,0,17,16.65000
34.7000,538,28,30,0.03000,BR,0,10,16.44000
34.7080,538,28,30,0.03000,FL,0,2,16.20000
34.7080,538,28,30,0.03000,FL,1,32,17.10000
34.7080,538,28,30,0.03000,BL,0,25,16.89000
34.7080,538,28,30,0.03000,FR,0,17,16.65000
34.7080,538,28,30,0.03000,BR,0,10,16.44000
34.7160,539,29,30,0.03000,FL,0,1,16.20000
34.7160,539,29,30,0.03000,FL,1,31,17.10000
34.7160,539,29,30,0.03000,BL,0,24,16.89000
34.7160,539,29,30,0.03000,FR,0,16,16.65000
34.7160,539,29,30,0.03000,BR,0,9,16.44000
34.7160,539,29,30,0.03000,BR,1,39,17.34000
34.7280,539,29,30,0.03000,FL,0,1,16.20000
34.7280,539,29,30,0.03000,FL,1,31,17.10000
34.7280,539,29,30,0.03000,BL,0,24,16.89000
34.7280,539,29,30,0.03000,FR,0,16,16.65000
34.7280,539,29,30,0.03000,BR,0,9,16.44000
34.7280,539,29,30,0.03000,BR,1,39,17.34000
34.7360,539,29,30,0.03000,FL,0,1,16.20000
34.7360,539,29,30,0.03000,FL,1,31,17.10000
34.7360,539,29,30,0.03000,BL,0,24,16.89000
34.7360,539,29,30,0.03000,FR,0,16,16.65000
34.7360,539,29,30,0.03000,BR,0,9,16.44000
34.7360,539,29,30,0.03000,BR,1,39,17.34000
34.7460,540,0,30,0.03000,FL,0,30,17.10000
34.7460,540,0,30,0.03000,BL,0,23,16.89000
34.7460,540,0,30,0.03000,FR,0,15,16.65000
34.7460,540,0,30,0.03000,BR,0,8,16.44000
34.7460,540,0,30,0.03000,BR,1,38,17.34000
34.7660,540,0,30,0.03000,FL,0,30,17.10000
34.7660,540,0,30,0.03000,BL,0,23,16.89000
34.7660,540,0,30,0.03000,FR,0,15,16.65000
34.7660,540,0,30,0.03000,BR,0,8,16.44000
34.7660,540,0,30,0.03000,BR,1,38,17.34000
34.7740,541,1,30,0.03000,FL,0,29,17.10000
34.7740,541,1,30,0.03000,BL,0,22,16.89000
34.7740,541,1,30,0.03000,FR,0,14,16.65000
34.7740,541,1,30,0.03000,BR,0,7,16.44000
34.7740,541,1,30,0.03000,BR,1,37,17.34000
34.7840,541,1,30,0.03000,FL,0,29,17.10000
34.7840,541,1,30,0.03000,BL,0,22,16.89000
34.7840,541,1,30,0.03000,FR,0,14,16.65000
34.7840,541,1,30,0.03000,BR,0,7,16.44000
34.7840,541,1,30,0.03000,BR,1,37,17.34000
34.7940,541,1,30,0.03000,FL,0,29,17.10000
34.7940,541,1,30,0.03000,BL,0,22,16.89000
34.7940,541,1,30,0.03000,FR,0,14,16.65000
34.7940,541,1,30,0.03000,BR,0,7,16.44000
34.7940,541,1,30,0.03000,BR,1,37,17.34000
34.8020,541,1,30,0.03000,FL,0,29,17.10000
34.8020,541,1,30,0.03000,BL,0,22,16.89000
34.8020,541,1,30,0.03000,FR,0,14,16.65000
34.8020,541,1,30,0.03000,BR,0,7,16.44000
34.8020,541,1,30,0.03000,BR,1,37,17.34000
34.8100,542,2,30,0.03000,FL,0,28,17.10000
34.8100,542,2,30,0.03000,BL,0,21,16.89000
34.8100,542,2,30,0.03000,FR,0,13,16.65000
34.8100,542,2,30,0.03000,BR,0,6,16.44000
34.8100,542,2,30,0.03000,BR,1,36,17.34000
34.8220,542,2,30,0.03000,FL,0,28,17.10000
34.8220,542,2,30,0.03000,BL,0,21,16.89000
34.8220,542,2,30,0.03000,FR,0,13,16.65000
34.8220,542,2,30,0.03000,BR,0,6,16.44000
34.8220,542,2,30,0.03000,BR,1,36,17.34000
34.8320,542,2,30,0.03000,FL,0,28,17.10000
34.8320,542,2,30,0.03000,BL,0,21,16.89000
34.8320,542,2,30,0.03000,FR,0,13,16.65000
34.8320,542,2,30,0.03000,BR,0,6,16.44000
34.8320,542,2,30,0.03000,BR,1,36,17.34000
34.8400,543,3,30,0.03000,FL,0,27,17.10000
34.8400,543,3,30,0.03000,BL,0,20,16.89000
34.8400,543,3,30,0.03000,FR,0,12,16.65000
34.8400,543,3,30,0.03000,BR,0,5,16.44000
34.8400,543,3,30,0.03000,BR,1,35,17.34000
34.8500,543,3,30,0.03000,FL,0,27,17.10000
34.8500,543,3,30,0.03000,BL,0,20,16.89000
34.8500,543,3,30,0.03000,FR,0,12,16.65000
34.8500,543,3,30,0.03000,BR,0,5,16.44000
34.8500,543,3,30,0.03000,BR,1,35,17.34000
34.8580,543,3,30,0.03000,FL,0,27,17.10000
34.8580,543,3,30,0.03000,BL,0,20,16.89000
34.8580,543,3,30,0.03000,FR,0,12,16.65000
34.8580,543,3,30,0.03000,BR,0,5,16.44000
34.8580,543,3,30,0.03000,BR,1,35,17.34000
34.8680,544,4,30,0.03000,FL,0,26,17.10000
34.8680,544,4,30,0.03000,BL,0,19,16.89000
34.8680,544,4,30,0.03000,FR,0,11,16.65000
34.8680,544,4,30,0.03000,BR,0,4,16.44000
34.8680,544,4,30,0.03000,BR,1,34,17.34000
34.8780,544,4,30,0.03000,FL,0,26,17.10000
34.8780,544,4,30,0.03000,BL,0,19,16.89000
34.8780,544,4,30,0.03000,FR,0,11,16.65000
34.8780,544,4,30,0.03000,BR,0,4,16.44000
34.8780,544,4,30,0.03000,BR,1,34,17.34000
34.8860,544,4,30,0.03000,FL,0,26,17.10000
34.8860,544,4,30,0.03000,BL,0,19,16.89000
34.8860,544,4,30,0.03000,FR,0,11,16.65000
34.8860,544,4,30,0.03000,BR,0,4,16.44000
34.8860,544,4,30,0.03000,BR,1,34,17.34000
34.8960,545,5,30,0.03000,FL,0,25,17.10000
34.8960,545,5,30,0.03000,BL,0,18,16.89000
34.8960,545,5,30,0.03000,FR,0,10,16.65000
34.8960,545,5,30,0.03000,BR,0,3,16.44000
34.8960,545,5,30,0.03000,BR,1,33,17.34000
34.9060,545,5,30,0.03000,FL,0,25,17.10000
34.9060,545,5,30,0.03000,BL,0,18,16.89000
34.9060,545,5,30,0.03000,FR,0,10,16.65000
34.9060,545,5,30,0.03000,BR,0,3,16.44000
34.9060,545,5,30,0.03000,BR,1,33,17.34000
34.9140,545,5,30,0.03000,FL,0,25,17.10000
34.9140,545,5,30,0.03000,BL,0,18,16.89000
34.9140,545,5,30,0.03000,FR,0,10,16.65000
34.9140,545,5,30,0.03000,BR,0,3,16.44000
34.9140,545,5,30,0.03000,BR,1,33,17.34000
34.9260,546,6,30,0.03000,FL,0,24,17.10000
34.9260,546,6,30,0.03000,BL,0,17,16.89000
34.9260,546,6,30,0.03000,FR,0,9,16.65000
34.9260,546,6,30,0.03000,FR,1,39,17.55000
34.9260,546,6,30,0.03000,BR,0,2,16.44000
34.9260,546,6,30,0.03000,BR,1,32,17.34000
34.9360,546,6,30,0.03000,FL,0,24,17.10000
34.9360,546,6,30,0.03000,BL,0,17,16.89000
34.9360,546,6,30,0.03000,FR,0,9,16.65000
34.9360,546,6,30,0.03000,FR,1,39,17.55000
34.9360,546,6,30,0.03000,BR,0,2,16.44000
34.9360,546,6,30,0.03000,BR,1,32,17.34000
34.9460,546,6,30,0.03000,FL,0,24,17.10000
34.9460,546,6,30,0.03000,BL,0,17,16.89000
34.9460,546,6,30,0.03000,FR,0,9,16.65000
34.9460,546,6,30,0.03000,FR,1,39,17.55000
34.9460,546,6,30,0.03000,BR,0,2,16.44000
34.9460,546,6,30,0.03000,BR,1,32,17.34000
34.9540,547,7,30,0.03000,FL,0,23,17.10000
34.9540,547,7,30,0.03000,BL,0,16,16.89000
34.9540,547,7,30,0.03000,FR,0,8,16.65000
34.9540,547,7,30,0.03000,FR,1,38,17.55000
34.9540,547,7,30,0.03000,BR,0,1,16.44000
34.9540,547,7,30,0.03000,BR,1,31,17.34000
34.9740,547,7,30,0.03000,FL,0,23,17.10000
34.9740,547,7,30,0.03000,BL,0,16,16.89000
34.9740,547,7,30,0.03000,FR,0,8,16.65000
34.9740,547,7,30,0.03000,FR,1,38,17.55000
34.9740,547,7,30,0.03000,BR,0,1,16.44000
34.9740,547,7,30,0.03000,BR,1,31,17.34000
34.9840,548,8,30,0.03000,FL,0,22,17.10000
34.9840,548,8,30,0.03000,BL,0,15,16.89000
34.9840,548,8,30,0.03000,FR,0,7,16.65000
34.9840,548,8,30,0.03000,FR,1,37,17.55000
34.9840,548,8,30,0.03000,BR,0,30,17.34000
34.9940,548,8,30,0.03000,FL,0,22,17.10000
34.9940,548,8,30,0.03000,BL,0,15,16.89000
34.9940,548,8,30,0.03000,FR,0,7,16.65000
34.9940,548,8,30,0.03000,FR,1,37,17.55000
34.9940,548,8,30,0.03000,BR,0,30,17.34000
35.0040,548,8,30,0.03000,FL,0,22,17.10000
35.0040,548,8,30,0.03000,BL,0,15,16.89000
35.0040,548,8,30,0.03000,FR,0,7,16.65000
35.0040,548,8,30,0.03000,FR,1,37,17.55000
35.0040,548,8,30,0.03000,BR,0,30,17.34000
35.0120,548,8,30,0.03000,FL,0,22,17.10000
35.0120,548,8,30,0.03000,BL,0,15,16.89000
35.0120,548,8,30,0.03000,FR,0,7,16.65000
35.0120,548,8,30,0.03000,FR,1,37,17.55000
35.0120,548,8,30,0.03000,BR,0,30,17.34000
35.0220,549,9,30,0.03000,FL,0,21,17.10000
35.0220,549,9,30,0.03000,BL,0,14,16.89000
35.0220,549,9,30,0.03000,FR,0,6,16.65000
35.0220,549,9,30,0.03000,FR,1,36,17.55000
35.0220,549,9,30,0.03000,BR,0,29,17.34000
35.0320,549,9,30,0.03000,FL,0,21,17.10000
35.0320,549,9,30,0.03000,BL,0,14,16.89000
35.0320,549,9,30,0.03000,FR,0,6,16.65000
35.0320,549,9,30,0.03000,FR,1,36,17.55000
35.0320,549,9,30,0.03000,BR,0,29,17.34000
35.0400,549,9,30,0.03000,FL,0,21,17.10000
35.0400,549,9,30,0.03000,BL,0,14,16.89000
35.0400,549,9,30,0.03000,FR,0,6,16.65000
35.0400,549,9,30,0.03000,FR,1,36,17.55000
35.0400,549,9,30,0.03000,BR,0,29,17.34000
35.0500,550,10,30,0.03000,FL,0,20,17.10000
35.0500,550,10,30,0.03000,BL,0,13,16.89000
35.0500,550,10,30,0.03000,FR,0,5,16.65000
35.0500,550,10,30,0.03000,FR,1,35,17.55000
35.0500,550,10,30,0.03000,BR,0,28,17.34000
35.0580,550,10,30,0.03000,FL,0,20,17.10000
35.0580,550,10,30,0.03000,BL,0,13,16.89000
35.0580,550,10,30,0.03000,FR,0,5,16.65000
35.0580,550,10,30,0.03000,FR,1,35,17.55000
35.0580,550,10,30,0.03000,BR,0,28,17.34000
35.0700,550,10,30,0.03000,FL,0,20,17.10000
35.0700,550,10,30,0.03000,BL,0,13,16.89000
35.0700,550,10,30,0.03000,FR,0,5,16.65000
35.0700,550,10,30,0.03000,FR,1,35,17.55000
35.0700,550,10,30,0.03000,BR,0,28,17.34000
35.0780,551,11,30,0.03000,FL,0,19,17.10000
35.0780,551,11,30,0.03000,BL,0,12,16.89000
35.0780,551,11,30,0.03000,FR,0,4,16.65000
35.0780,551,11,30,0.03000,FR,1,34,17.55000
35.0780,551,11,30,0.03000,BR,0,27,17.34000
35.0880,551,11,30,0.03000,FL,0,19,17.10000
35.0880,551,11,30,0.03000,BL,0,12,16.89000
35.0880,551,11,30,0.03000,FR,0,4,16.65000
35.0880,551,11,30,0.03000,FR,1,34,17.55000
35.0880,551,11,30,0.03000,BR,0,27,17.34000
35.0960,551,11,30,0.03000,FL,0,19,17.10000
35.0960,551,11,30,0.03000,BL,0,12,16.89000
35.0960,551,11,30,0.03000,FR,0,4,16.65000
35.0960,551,11,30,0.03000,FR,1,34,17.55000
35.0960,551,11,30,0.03000,BR,0,27,17.34000
35.1060,552,12,30,0.03000,FL,0,18,17.10000
35.1060,552,12,30,0.03000,BL,0,11,16.89000
35.1060,552,12,30,0.03000,FR,0,3,16.65000
35.1060,552,12,30,0.03000,FR,1,33,17.55000
35.1060,552,12,30,0.03000,BR,0,26,17.34000
35.1160,552,12,30,0.03000,FL,0,18,17.10000
35.1160,552,12,30,0.03000,BL,0,11,16.89000
35.1160,552,12,30,0.03000,FR,0,3,16.65000
35.1160,552,12,30,0.03000,FR,1,33,17.55000
35.1160,552,12,30,0.03000,BR,0,26,17.34000
35.1240,552,12,30,0.03000,FL,0,18,17.10000
35.1240,552,12,30,0.03000,BL,0,11,16.89000
35.1240,552,12,30,0.03000,FR,0,3,16.65000
35.1240,552,12,30,0.03000,FR,1,33,17.55000
35.1240,552,12,30,0.03000,BR,0,26,17.34000
35.1340,553,13,30,0.03000,FL,0,17,17.10000
35.1340,553,13,30,0.03000,BL,0,10,16.89000
35.1340,553,13,30,0.03000,FR,0,2,16.65000
35.1340,553,13,30,0.03000,FR,1,32,17.55000
35.1340,553,13,30,0.03000,BR,0,25,17.34000
35.1440,553,13,30,0.03000,FL,0,17,17.10000
35.1440,553,13,30,0.03000,BL,0,10,16.89000
35.1440,553,13,30,0.03000,FR,0,2,16.65000
35.1440,553,13,30,0.03000,FR,1,32,17.55000
35.1440,553,13,30,0.03000,BR,0,25,17.34000
35.1520,553,13,30,0.03000,FL,0,17,17.10000
35.1520,553,13,30,0.03000,BL,0,10,16.89000
35.1520,553,13,30,0.03000,FR,0,2,16.65000
35.1520,553,13,30,0.03000,FR,1,32,17.55000
35.1520,553,13,30,0.03000,BR,0,25,17.34000
35.1620,553,13,30,0.03000,FL,0,17,17.10000
35.1620,553,13,30,0.03000,BL,0,10,16.89000
35.1620,553,13,30,0.03000,FR,0,2,16.65000
35.1620,553,13,30,0.03000,FR,1,32,17.55000
35.1620,553,13,30,0.03000,BR,0,25,17.34000
35.1700,554,14,30,0.03000,FL,0,16,17.10000
35.1700,554,14,30,0.03000,BL,0,9,16.89000
35.1700,554,14,30,0.03000,BL,1,39,17.79000
35.1700,554,14,30,0.03000,FR,0,1,16.65000
35.1700,554,14,30,0.03000,FR,1,31,17.55000
35.1700,554,14,30,0.03000,BR,0,24,17.34000
35.1800,554,14,30,0.03000,FL,0,16,17.10000
35.1800,554,14,30,0.03000,BL,0,9,16.89000
35.1800,554,14,30,0.03000,BL,1,39,17.79000
35.1800,554,14,30,0.03000,FR,0,1,16.65000
35.1800,554,14,30,0.03000,FR,1,31,17.55000
35.1800,554,14,30,0.03000,BR,0,24,17.34000
35.1900,554,14,30,0.03000,FL,0,16,17.10000
35.1900,554,14,30,0.03000,BL,0,9,16.89000
35.1900,554,14,30,0.03000,BL,1,39,17.79000
35.1900,554,14,30,0.03000,FR,0,1,16.65000
35.1900,554,14,30,0.03000,FR,1,31,17.55000
35.1900,554,14,30,0.03000,BR,0,24,17.34000
35.2000,555,15,30,0.03000,FL,0,15,17.10000
35.2000,555,15,30,0.03000,BL,0,8,16.89000
35.2000,555,15,30,0.03000,BL,1,38,17.79000
35.2000,555,15,30,0.03000,FR,0,30,17.55000
35.2000,555,15,30,0.03000,BR,0,23,17.34000
35.2180,555,15,30,0.03000,FL,0,15,17.10000
35.2180,555,15,30,0.03000,BL,0,8,16.89000
35.2180,555,15,30,0.03000,BL,1,38,17.79000
35.2180,555,15,30,0.03000,FR,0,30,17.55000
35.2180,555,15,30,0.03000,BR,0,23,17.34000
35.2280,556,16,30,0.03000,FL,0,14,17.10000
35.2280,556,16,30,0.03000,BL,0,7,16.89000
35.2280,556,16,30,0.03000,BL,1,37,17.79000
35.2280,556,16,30,0.03000,FR,0,29,17.55000
35.2280,556,16,30,0.03000,BR,0,22,17.34000
35.2360,556,16,30,0.03000,FL,0,14,17.10000
35.2360,556,16,30,0.03000,BL,0,7,16.89000
35.2360,556,16,30,0.03000,BL,1,37,17.79000
35.2360,556,16,30,0.03000,FR,0,29,17.55000
35.2360,556,16,30,0.03000,BR,0,22,17.34000
35.2460,556,16,30,0.03000,FL,0,14,17.10000
35.2460,556,16,30,0.03000,BL,0,7,16.89000
35.2460,556,16,30,0.03000,BL,1,37,17.79000
35.2460,556,16,30,0.03000,FR,0,29,17.55000
35.2460,556,16,30,0.03000,BR,0,22,17.34000
35.2540,557,17,30,0.03000,FL,0,13,17.10000
35.2540,557,17,30,0.03000,BL,0,6,16.89000
35.2540,557,17,30,0.03000,BL,1,36,17.79000
35.2540,557,17,30,0.03000,FR,0,28,17.55000
35.2540,557,17,30,0.03000,BR,0,21,17.34000
35.2640,557,17,30,0.03000,FL,0,13,17.10000
35.2640,557,17,30,0.03000,BL,0,6,16.89000
35.2640,557,17,30,0.03000,BL,1,36,17.79000
35.2640,557,17,30,0.03000,FR,0,28,17.55000
35.2640,557,17,30,0.03000,BR,0,21,17.34000
35.2740,557,17,30,0.03000,FL,0,13,17.10000
35.2740,557,17,30,0.03000,BL,0,6,16.89000
35.2740,557,17,30,0.03000,BL,1,36,17.79000
35.2740,557,17,30,0.03000,FR,0,28,17.55000
35.2740,557,17,30,0.03000,BR,0,21,17.34000
35.2820,557,17,30,0.03000,FL,0,13,17.10000
35.2820,557,17,30,0.03000,BL,0,6,16.89000
35.2820,557,17,30,0.03000,BL,1,36,17.79000
35.2820,557,17,30,0.03000,FR,0,28,17.55000
35.2820,557,17,30,0.03000,BR,0,21,17.34000
35.2920,558,18,30,0.03000,FL,0,12,17.10000
35.2920,558,18,30,0.03000,BL,0,5,16.89000
35.2920,558,18,30,0.03000,BL,1,35,17.79000
35.2920,558,18,30,0.03000,FR,0,27,17.55000
35.2920,558,18,30,0.03000,BR,0,20,17.34000
35.3000,558,18,30,0.03000,FL,0,12,17.10000
35.3000,558,18,30,0.03000,BL,0,5,16.89000
35.3000,558,18,30,0.03000,BL,1,35,17.79000
35.3000,558,18,30,0.03000,FR,0,27,17.55000
35.3000,558,18,30,0.03000,BR,0,20,17.34000
35.3100,558,18,30,0.03000,FL,0,12,17.10000
35.3100,558,18,30,0.03000,BL,0,5,16.89000
35.3100,558,18,30,0.03000,BL,1,35,17.79000
35.3100,558,18,30,0.03000,FR,0,27,17.55000
35.3100,558,18,30,0.03000,BR,0,20,17.34000
35.3180,559,19,30,0.03000,FL,0,11,17.10000
35.3200,559,19,30,0.03000,BL,0,4,16.89000
35.3200,559,19,30,0.03000,BL,1,34,17.79000
35.3200,559,19,30,0.03000,FR,0,26,17.55000
35.3200,559,19,30,0.03000,BR,0,19,17.34000
35.3300,559,19,30,0.03000,FL,0,11,17.10000
35.3300,559,19,30,0.03000,BL,0,4,16.89000
35.3300,559,19,30,0.03000,BL,1,34,17.79000
35.3300,559,19,30,0.03000,FR,0,26,17.55000
35.3300,559,19,30,0.03000,BR,0,19,17.34000
35.3380,559,19,30,0.03000,FL,0,11,17.10000
35.3380,559,19,30,0.03000,BL,0,4,16.89000
35.3380,559,19,30,0.03000,BL,1,34,17.79000
35.3380,559,19,30,0.03000,FR,0,26,17.55000
35.3380,559,19,30,0.03000,BR,0,19,17.34000
35.3480,560,20,30,0.03000,FL,0,10,17.10000
35.3480,560,20,30,0.03000,BL,0,3,16.89000
35.3480,560,20,30,0.03000,BL,1,33,17.79000
35.3480,560,20,30,0.03000,FR,0,25,17.55000
35.3480,560,20,30,0.03000,BR,0,18,17.34000
35.3560,560,20,30,0.03000,FL,0,10,17.10000
35.3560,560,20,30,0.03000,BL,0,3,16.89000
35.3560,560,20,30,0.03000,BL,1,33,17.79000
35.3560,560,20,30,0.03000,FR,0,25,17.55000
35.3560,560,20,30,0.03000,BR,0,18,17.34000
35.3660,560,20,30,0.03000,FL,0,10,17.10000
35.3660,560,20,30,0.03000,BL,0,3,16.89000
35.3660,560,20,30,0.03000,BL,1,33,17.79000
35.3660,560,20,30,0.03000,FR,0,25,17.55000
35.3660,560,20,30,0.03000,BR,0,18,17.34000
35.3740,561,21,30,0.03000,FL,0,9,17.10000
35.3740,561,21,30,0.03000,FL,1,39,18.00000
35.3740,561,21,30,0.03000,BL,0,2,16.89000
35.3740,561,21,30,0.03000,BL,1,32,17.79000
35.3740,561,21,30,0.03000,FR,0,24,17.55000
35.3740,561,21,30,0.03000,BR,0,17,17.34000
35.3840,561,21,30,0.03000,FL,0,9,17.10000
35.3840,561,21,30,0.03000,FL,1,39,18.00000
35.3840,561,21,30,0.03000,BL,0,2,16.89000
35.3840,561,21,30,0.03000,BL,1,32,17.79000
35.3840,561,21,30,0.03000,FR,0,24,17.55000
35.3840,561,21,30,0.03000,BR,0,17,17.34000
35.3940,561,21,30,0.03000,FL,0,9,17.10000
35.3940,561,21,30,0.03000,FL,1,39,18.00000
35.3940,561,21,30,0.03000,BL,0,2,16.89000
35.3940,561,21,30,0.03000,BL,1,32,17.79000
35.3940,561,21,30,0.03000,FR,0,24,17.55000
35.3940,561,21,30,0.03000,BR,0,17,17.34000
35.4020,561,21,30,0.03000,FL,0,9,17.10000
35.4020,561,21,30,0.03000,FL,1,39,18.00000
35.4020,561,21,30,0.03000,BL,0,2,16.89000
35.4020,561,21,30,0.03000,BL,1,32,17.79000
35.4020,561,21,30,0.03000,FR,0,24,17.55000
35.4020,561,21,30,0.03000,BR,0,17,17.34000
35.4120,562,22,30,0.03000,FL,0,8,17.10000
35.4120,562,22,30,0.03000,FL,1,38,18.00000
35.4120,562,22,30,0.03000,BL,0,1,16.89000
35.4120,562,22,30,0.03000,BL,1,31,17.79000
35.4120,562,22,30,0.03000,FR,0,23,17.55000
35.4120,562,22,30,0.03000,BR,0,16,17.34000
35.4300,562,22,30,0.03000,FL,0,8,17.10000
35.4300,562,22,30,0.03000,FL,1,38,18.00000
35.4300,562,22,30,0.03000,BL,0,1,16.89000
35.4300,562,22,30,0.03000,BL,1,31,17.79000
35.4300,562,22,30,0.03000,FR,0,23,17.55000
35.4300,562,22,30,0.03000,BR,0,16,17.34000
35.4400,563,23,30,0.03000,FL,0,7,17.10000
35.4400,563,23,30,0.03000,FL,1,37,18.00000
35.4400,563,23,30,0.03000,BL,0,30,17.79000
35.4400,563,23,30,0.03000,FR,0,22,17.55000
35.4400,563,23,30,0.03000,BR,0,15,17.34000
35.4500,563,23,30,0.03000,FL,0,7,17.10000
35.4500,563,23,30,0.03000,FL,1,37,18.00000
35.4500,563,23,30,0.03000,BL,0,30,17.79000
35.4500,563,23,30,0.03000,FR,0,22,17.55000
35.4500,563,23,30,0.03000,BR,0,15,17.34000
35.4620,563,23,30,0.03000,FL,0,7,17.10000
35.4620,563,23,30,0.03000,FL,1,37,18.00000
35.4620,563,23,30,0.03000,BL,0,30,17.79000
35.4620,563,23,30,0.03000,FR,0,22,17.55000
35.4620,563,23,30,0.03000,BR,0,15,17.34000
35.4720,564,24,30,0.03000,FL,0,6,17.10000
35.4720,564,24,30,0.03000,FL,1,36,18.00000
35.4720,564,24,30,0.03000,BL,0,29,17.79000
35.4720,564,24,30,0.03000,FR,0,21,17.55000
35.4720,564,24,30,0.03000,BR,0,14,17.34000
35.4820,564,24,30,0.03000,FL,0,6,17.10000
35.4820,564,24,30,0.03000,FL,1,36,18.00000
35.4820,564,24,30,0.03000,BL,0,29,17.79000
35.4820,564,24,30,0.03000,FR,0,21,17.55000
35.4820,564,24,30,0.03000,BR,0,14,17.34000
35.4900,564,24,30,0.03000,FL,0,6,17.10000
35.4900,564,24,30,0.03000,FL,1,36,18.00000
35.4900,564,24,30,0.03000,BL,0,29,17.79000
35.4900,564,24,30,0.03000,FR,0,21,17.55000
35.4900,564,24,30,0.03000,BR,0,14,17.34000
35.5000,565,25,30,0.03000,FL,0,5,17.10000
35.5000,565,25,30,0.03000,FL,1,35,18.00000
35.5000,565,25,30,0.03000,BL,0,28,17.79000
35.5000,565,25,30,0.03000,FR,0,20,17.55000
35.5000,565,25,30,0.03000,BR,0,13,17.34000
35.5100,565,25,30,0.03000,FL,0,5,17.10000
35.5100,565,25,30,0.03000,FL,1,35,18.00000
35.5100,565,25,30,0.03000,BL,0,28,17.79000
35.5100,565,25,30,0.03000,FR,0,20,17.55000
35.5100,565,25,30,0.03000,BR,0,13,17.34000
35.5220,565,25,30,0.03000,FL,0,5,17.10000
35.5220,565,25,30,0.03000,FL,1,35,18.00000
35.5220,565,25,30,0.03000,BL,0,28,17.79000
35.5220,565,25,30,0.03000,FR,0,20,17.55000
35.5220,565,25,30,0.03000,BR,0,13,17.34000
35.5320,566,26,30,0.03000,FL,0,4,17.10000
35.5320,566,26,30,0.03000,FL,1,34,18.00000
35.5320,566,26,30,0.03000,BL,0,27,17.79000
35.5320,566,26,30,0.03000,FR,0,19,17.55000
35.5320,566,26,30,0.03000,BR,0,12,17.34000
35.5400,566,26,30,0.03000,FL,0,4,17.10000
35.5400,566,26,30,0.03000,FL,1,34,18.00000
35.5400,566,26,30,0.03000,BL,0,27,17.79000
35.5400,566,26,30,0.03000,FR,0,19,17.55000
35.5400,566,26,30,0.03000,BR,0,12,17.34000
35.5520,566,26,30,0.03000,FL,0,4,17.10000
35.5520,566,26,30,0.03000,FL,1,34,18.00000
35.5520,566,26,30,0.03000,BL,0,27,17.79000
35.5520,566,26,30,0.03000,FR,0,19,17.55000
35.5520,566,26,30,0.03000,BR,0,12,17.34000
35.5600,567,27,30,0.03000,FL,0,3,17.10000
35.5600,567,27,30,0.03000,FL,1,33,18.00000
35.5600,567,27,30,0.03000,BL,0,26,17.79000
35.5600,567,27,30,0.03000,FR,0,18,17.55000
35.5600,567,27,30,0.03000,BR,0,11,17.34000
35.5700,567,27,30,0.03000,FL,0,3,17.10000
35.5700,567,27,30,0.03000,FL,1,33,18.00000
35.5700,567,27,30,0.03000,BL,0,26,17.79000
35.5700,567,27,30,0.03000,FR,0,18,17.55000
35.5700,567,27,30,0.03000,BR,0,11,17.34000
35.5800,567,27,30,0.03000,FL,0,3,17.10000
35.5800,567,27,30,0.03000,FL,1,33,18.00000
35.5800,567,27,30,0.03000,BL,0,26,17.79000
35.5800,567,27,30,0.03000,FR,0,18,17.55000
35.5800,567,27,30,0.03000,BR,0,11,17.34000
35.5880,568,28,30,0.03000,FL,0,2,17.10000
35.5880,568,28,30,0.03000,FL,1,32,18.00000
35.5880,568,28,30,0.03000,BL,0,25,17.79000
35.5880,568,28,30,0.03000,FR,0,17,17.55000
35.5880,568,28,30,0.03000,BR,0,10,17.34000
35.5980,568,28,30,0.03000,FL,0,2,17.10000
35.5980,568,28,30,0.03000,FL,1,32,18.00000
35.5980,568,28,30,0.03000,BL,0,25,17.79000
35.5980,568,28,30,0.03000,FR,0,17,17.55000
35.5980,568,28,30,0.03000,BR,0,10,17.34000
35.6080,568,28,30,0.03000,FL,0,2,17.10000
35.6080,568,28,30,0.03000,FL,1,32,18.00000
35.6080,568,28,30,0.03000,BL,0,25,17.79000
35.6080,568,28,30,0.03000,FR,0,17,17.55000
35.6080,568,28,30,0.03000,BR,0,10,17.34000
35.6160,569,29,30,0.03000,FL,0,1,17.10000
35.6160,569,29,30,0.03000,FL,1,31,18.00000
35.6160,569,29,30,0.03000,BL,0,24,17.79000
35.6160,569,29,30,0.03000,FR,0,16,17.55000
35.6160,569,29,30,0.03000,BR,0,9,17.34000
35.6160,569,29,30,0.03000,BR,1,39,18.24000
35.6280,569,29,30,0.03000,FL,0,1,17.10000
35.6280,569,29,30,0.03000,FL,1,31,18.00000
35.6280,569,29,30,0.03000,BL,0,24,17.79000
35.6280,569,29,30,0.03000,FR,0,16,17.55000
35.6280,569,29,30,0.03000,BR,0,9,17.34000
35.6280,569,29,30,0.03000,BR,1,39,18.24000
35.6360,569,29,30,0.03000,FL,0,1,17.10000
35.6360,569,29,30,0.03000,FL,1,31,18.00000
35.6360,569,29,30,0.03000,BL,0,24,17.79000
35.6360,569,29,30,0.03000,FR,0,16,17.55000
35.6360,569,29,30,0.03000,BR,0,9,17.34000
35.6360,569,29,30,0.03000,BR,1,39,18.24000
35.6460,570,0,30,0.03000,FL,0,30,18.00000
35.6460,570,0,30,0.03000,BL,0,23,17.79000
35.6460,570,0,30,0.03000,FR,0,15,17.55000
35.6460,570,0,30,0.03000,BR,0,8,17.34000
35.6460,570,0,30,0.03000,BR,1,38,18.24000
35.6640,570,0,30,0.03000,FL,0,30,18.00000
35.6640,570,0,30,0.03000,BL,0,23,17.79000
35.6640,570,0,30,0.03000,FR,0,15,17.55000
35.6640,570,0,30,0.03000,BR,0,8,17.34000
35.6640,570,0,30,0.03000,BR,1,38,18.24000
35.6720,570,0,30,0.03000,FL,0,30,18.00000
35.6720,570,0,30,0.03000,BL,0,23,17.79000
35.6720,570,0,30,0.03000,FR,0,15,17.55000
35.6720,570,0,30,0.03000,BR,0,8,17.34000
35.6720,570,0,30,0.03000,BR,1,38,18.24000
35.6820,571,1,30,0.03000,FL,0,29,18.00000
35.6820,571,1,30,0.03000,BL,0,22,17.79000
35.6820,571,1,30,0.03000,FR,0,14,17.55000
35.6820,571,1,30,0.03000,BR,0,7,17.34000
35.6820,571,1,30,0.03000,BR,1,37,18.24000
35.6920,571,1,30,0.03000,FL,0,29,18.00000
35.6920,571,1,30,0.03000,BL,0,22,17.79000
35.6920,571,1,30,0.03000,FR,0,14,17.55000
35.6920,571,1,30,0.03000,BR,0,7,17.34000
35.6920,571,1,30,0.03000,BR,1,37,18.24000
35.7000,571,1,30,0.03000,FL,0,29,18.00000
35.7000,571,1,30,0.03000,BL,0,22,17.79000
35.7000,571,1,30,0.03000,FR,0,14,17.55000
35.7000,571,1,30,0.03000,BR,0,7,17.34000
35.7000,571,1,30,0.03000,BR,1,37,18.24000
35.7100,572,2,30,0.03000,FL,0,28,18.00000
35.7100,572,2,30,0.03000,BL,0,21,17.79000
35.7100,572,2,30,0.03000,FR,0,13,17.55000
35.7100,572,2,30,0.03000,BR,0,6,17.34000
35.7100,572,2,30,0.03000,BR,1,36,18.24000
35.7200,572,2,30,0.03000,FL,0,28,18.00000
35.7200,572,2,30,0.03000,BL,0,21,17.79000
35.7200,572,2,30,0.03000,FR,0,13,17.55000
35.7200,572,2,30,0.03000,BR,0,6,17.34000
35.7200,572,2,30,0.03000,BR,1,36,18.24000
35.7280,572,2,30,0.03000,FL,0,28,18.00000
35.7280,572,2,30,0.03000,BL,0,21,17.79000
35.7280,572,2,30,0.03000,FR,0,13,17.55000
35.7280,572,2,30,0.03000,BR,0,6,17.34000
35.7280,572,2,30,0.03000,BR,1,36,18.24000
35.7380,573,3,30,0.03000,FL,0,27,18.00000
35.7380,573,3,30,0.03000,BL,0,20,17.79000
35.7380,573,3,30,0.03000,FR,0,12,17.55000
35.7380,573,3,30,0.03000,BR,0,5,17.34000
35.7380,573,3,30,0.03000,BR,1,35,18.24000
35.7480,573,3,30,0.03000,FL,0,27,18.00000
35.7480,573,3,30,0.03000,BL,0,20,17.79000
35.7480,573,3,30,0.03000,FR,0,12,17.55000
35.7480,573,3,30,0.03000,BR,0,5,17.34000
35.7480,573,3,30,0.03000,BR,1,35,18.24000
35.7560,573,3,30,0.03000,FL,0,27,18.00000
35.7560,573,3,30,0.03000,BL,0,20,17.79000
35.7560,573,3,30,0.03000,FR,0,12,17.55000
35.7560,573,3,30,0.03000,BR,0,5,17.34000
35.7560,573,3,30,0.03000,BR,1,35,18.24000
35.7660,574,4,30,0.03000,FL,0,26,18.00000
35.7660,574,4,30,0.03000,BL,0,19,17.79000
35.7660,574,4,30,0.03000,FR,0,11,17.55000
35.7660,574,4,30,0.03000,BR,0,4,17.34000
35.7660,574,4,30,0.03000,BR,1,34,18.24000
35.7740,574,4,30,0.03000,FL,0,26,18.00000
35.7740,574,4,30,0.03000,BL,0,19,17.79000
35.7740,574,4,30,0.03000,FR,0,11,17.55000
35.7740,574,4,30,0.03000,BR,0,4,17.34000
35.7740,574,4,30,0.03000,BR,1,34,18.24000
35.7840,574,4,30,0.03000,FL,0,26,18.00000
35.7840,574,4,30,0.03000,BL,0,19,17.79000
35.7840,574,4,30,0.03000,FR,0,11,17.55000
35.7840,574,4,30,0.03000,BR,0,4,17.34000
35.7840,574,4,30,0.03000,BR,1,34,18.24000
35.7940,575,5,30,0.03000,FL,0,25,18.00000
35.7940,575,5,30,0.03000,BL,0,18,17.79000
35.7940,575,5,30,0.03000,FR,0,10,17.55000
35.7940,575,5,30,0.03000,BR,0,3,17.34000
35.7940,575,5,30,0.03000,BR,1,33,18.24000
35.8020,575,5,30,0.03000,FL,0,25,18.00000
35.8020,575,5,30,0.03000,BL,0,18,17.79000
35.8020,575,5,30,0.03000,FR,0,10,17.55000
35.8020,575,5,30,0.03000,BR,0,3,17.34000
35.8020,575,5,30,0.03000,BR,1,33,18.24000
35.8120,575,5,30,0.03000,FL,0,25,18.00000
35.8120,575,5,30,0.03000,BL,0,18,17.79000
35.8120,575,5,30,0.03000,FR,0,10,17.55000
35.8120,575,5,30,0.03000,BR,0,3,17.34000
35.8120,575,5,30,0.03000,BR,1,33,18.24000
35.8200,575,5,30,0.03000,FL,0,25,18.00000
35.8200,575,5,30,0.03000,BL,0,18,17.79000
35.8200,575,5,30,0.03000,FR,0,10,17.55000
35.8200,575,5,30,0.03000,BR,0,3,17.34000
35.8200,575,5,30,0.03000,BR,1,33,18.24000
35.8300,576,6,30,0.03000,FL,0,24,18.00000
35.8300,576,6,30,0.03000,BL,0,17,17.79000
35.8300,576,6,30,0.03000,FR,0,9,17.55000
35.8300,576,6,30,0.03000,FR,1,39,18.45000
35.8300,576,6,30,0.03000,BR,0,2,17.34000
35.8300,576,6,30,0.03000,BR,1,32,18.24000
35.8380,576,6,30,0.03000,FL,0,24,18.00000
35.8380,576,6,30,0.03000,BL,0,17,17.79000
35.8380,576,6,30,0.03000,FR,0,9,17.55000
35.8380,576,6,30,0.03000,FR,1,39,18.45000
35.8380,576,6,30,0.03000,BR,0,2,17.34000
35.8380,576,6,30,0.03000,BR,1,32,18.24000
35.8480,576,6,30,0.03000,FL,0,24,18.00000
35.8480,576,6,30,0.03000,BL,0,17,17.79000
35.8480,576,6,30,0.03000,FR,0,9,17.55000
35.8480,576,6,30,0.03000,FR,1,39,18.45000
35.8480,576,6,30,0.03000,BR,0,2,17.34000
35.8480,576,6,30,0.03000,BR,1,32,18.24000
35.8580,577,7,30,0.03000,FL,0,23,18.00000
35.8580,577,7,30,0.03000,BL,0,16,17.79000
35.8580,577,7,30,0.03000,FR,0,8,17.55000
35.8580,577,7,30,0.03000,FR,1,38,18.45000
35.8580,577,7,30,0.03000,BR,0,1,17.34000
35.8580,577,7,30,0.03000,BR,1,31,18.24000
35.8760,577,7,30,0.03000,FL,0,23,18.00000
35.8760,577,7,30,0.03000,BL,0,16,17.79000
35.8760,577,7,30,0.03000,FR,0,8,17.55000
35.8760,577,7,30,0.03000,FR,1,38,18.45000
35.8760,577,7,30,0.03000,BR,0,1,17.34000
35.8760,577,7,30,0.03000,BR,1,31,18.24000
35.8860,578,8,30,0.03000,FL,0,22,18.00000
35.8860,578,8,30,0.03000,BL,0,15,17.79000
35.8860,578,8,30,0.03000,FR,0,7,17.55000
35.8860,578,8,30,0.03000,FR,1,37,18.45000
35.8860,578,8,30,0.03000,BR,0,30,18.24000
35.8960,578,8,30,0.03000,FL,0,22,18.00000
35.8960,578,8,30,0.03000,BL,0,15,17.79000
35.8960,578,8,30,0.03000,FR,0,7,17.55000
35.8960,578,8,30,0.03000,FR,1,37,18.45000
35.8960,578,8,30,0.03000,BR,0,30,18.24000
35.9060,578,8,30,0.03000,FL,0,22,18.00000
35.9060,578,8,30,0.03000,BL,0,15,17.79000
35.9060,578,8,30,0.03000,FR,0,7,17.55000
35.9060,578,8,30,0.03000,FR,1,37,18.45000
35.9060,578,8,30,0.03000,BR,0,30,18.24000
35.9140,579,9,30,0.03000,FL,0,21,18.00000
35.9140,579,9,30,0.03000,BL,0,14,17.79000
35.9140,579,9,30,0.03000,FR,0,6,17.55000
35.9140,579,9,30,0.03000,FR,1,36,18.45000
35.9140,579,9,30,0.03000,BR,0,29,18.24000
35.9240,579,9,30,0.03000,FL,0,21,18.00000
35.9240,579,9,30,0.03000,BL,0,14,17.79000
35.9240,579,9,30,0.03000,FR,0,6,17.55000
35.9240,579,9,30,0.03000,FR,1,36,18.45000
35.9240,579,9,30,0.03000,BR,0,29,18.24000
35.9340,579,9,30,0.03000,FL,0,21,18.00000
35.9340,579,9,30,0.03000,BL,0,14,17.79000
35.9340,579,9,30,0.03000,FR,0,6,17.55000
35.9340,579,9,30,0.03000,FR,1,36,18.45000
35.9340,579,9,30,0.03000,BR,0,29,18.24000
35.9460,580,10,30,0.03000,FL,0,20,18.00000
35.9460,580,10,30,0.03000,BL,0,13,17.79000
35.9460,580,10,30,0.03000,FR,0,5,17.55000
35.9460,580,10,30,0.03000,FR,1,35,18.45000
35.9460,580,10,30,0.03000,BR,0,28,18.24000
35.9620,580,10,30,0.03000,FL,0,20,18.00000
35.9620,580,10,30,0.03000,BL,0,13,17.79000
35.9620,580,10,30,0.03000,FR,0,5,17.55000
35.9620,580,10,30,0.03000,FR,1,35,18.45000
35.9620,580,10,30,0.03000,BR,0,28,18.24000
35.9720,580,10,30,0.03000,FL,0,20,18.00000
35.9720,580,10,30,0.03000,BL,0,13,17.79000
35.9720,580,10,30,0.03000,FR,0,5,17.55000
35.9720,580,10,30,0.03000,FR,1,35,18.45000
35.9720,580,10,30,0.03000,BR,0,28,18.24000
35.9840,581,11,30,0.03000,FL,0,19,18.00000
35.9840,581,11,30,0.03000,BL,0,12,17.79000
35.9840,581,11,30,0.03000,FR,0,4,17.55000
35.9840,581,11,30,0.03000,FR,1,34,18.45000
35.9840,581,11,30,0.03000,BR,0,27,18.24000
35.9960,581,11,30,0.03000,FL,0,19,18.00000
35.9960,581,11,30,0.03000,BL,0,12,17.79000
35.9960,581,11,30,0.03000,FR,0,4,17.55000
35.9960,581,11,30,0.03000,FR,1,34,18.45000
35.9960,581,11,30,0.03000,BR,0,27,18.24000
36.0060,582,12,30,0.03000,FL,0,18,18.00000
36.0060,582,12,30,0.03000,BL,0,11,17.79000
36.0060,582,12,30,0.03000,FR,0,3,17.55000
36.0060,582,12,30,0.03000,FR,1,33,18.45000
36.0060,582,12,30,0.03000,BR,0,26,18.24000
36.0180,582,12,30,0.03000,FL,0,18,18.00000
36.0180,582,12,30,0.03000,BL,0,11,17.79000
36.0180,582,12,30,0.03000,FR,0,3,17.55000
36.0180,582,12,30,0.03000,FR,1,33,18.45000
36.0180,582,12,30,0.03000,BR,0,26,18.24000
36.0280,582,12,30,0.03000,FL,0,18,18.00000
36.0280,582,12,30,0.03000,BL,0,11,17.79000
36.0280,582,12,30,0.03000,FR,0,3,17.55000
36.0280,582,12,30,0.03000,FR,1,33,18.45000
36.0280,582,12,30,0.03000,BR,0,26,18.24000
36.0360,583,13,30,0.03000,FL,0,17,18.00000
36.0360,583,13,30,0.03000,BL,0,10,17.79000
36.0360,583,13,30,0.03000,FR,0,2,17.55000
36.0360,583,13,30,0.03000,FR,1,32,18.45000
36.0360,583,13,30,0.03000,BR,0,25,18.24000
36.0480,583,13,30,0.03000,FL,0,17,18.00000
36.0480,583,13,30,0.03000,BL,0,10,17.79000
36.0480,583,13,30,0.03000,FR,0,2,17.55000
36.0480,583,13,30,0.03000,FR,1,32,18.45000
36.0480,583,13,30,0.03000,BR,0,25,18.24000
36.0560,583,13,30,0.03000,FL,0,17,18.00000
36.0560,583,13,30,0.03000,BL,0,10,17.79000
36.0560,583,13,30,0.03000,FR,0,2,17.55000
36.0560,583,13,30,0.03000,FR,1,32,18.45000
36.0560,583,13,30,0.03000,BR,0,25,18.24000
36.0660,584,14,30,0.03000,FL,0,16,18.00000
36.0660,584,14,30,0.03000,BL,0,9,17.79000
36.0660,584,14,30,0.03000,BL,1,39,18.69000
36.0660,584,14,30,0.03000,FR,0,1,17.55000
36.0660,584,14,30,0.03000,FR,1,31,18.45000
36.0660,584,14,30,0.03000,BR,0,24,18.24000
36.0760,584,14,30,0.03000,FL,0,16,18.00000
36.0760,584,14,30,0.03000,BL,0,9,17.79000
36.0760,584,14,30,0.03000,BL,1,39,18.69000
36.0760,584,14,30,0.03000,FR,0,1,17.55000
36.0760,584,14,30,0.03000,FR,1,31,18.45000
36.0760,584,14,30,0.03000,BR,0,24,18.24000
36.0860,584,14,30,0.03000,FL,0,16,18.00000
36.0860,584,14,30,0.03000,BL,0,9,17.79000
36.0860,584,14,30,0.03000,BL,1,39,18.69000
36.0860,584,14,30,0.03000,FR,0,1,17.55000
36.0860,584,14,30,0.03000,FR,1,31,18.45000
36.0860,584,14,30,0.03000,BR,0,24,18.24000
36.0960,585,15,30,0.03000,FL,0,15,18.00000
36.0960,585,15,30,0.03000,BL,0,8,17.79000
36.0960,585,15,30,0.03000,BL,1,38,18.69000
36.0960,585,15,30,0.03000,FR,0,30,18.45000
36.0960,585,15,30,0.03000,BR,0,23,18.24000
36.1160,585,15,30,0.03000,FL,0,15,18.00000
36.1160,585,15,30,0.03000,BL,0,8,17.79000
36.1160,585,15,30,0.03000,BL,1,38,18.69000
36.1160,585,15,30,0.03000,FR,0,30,18.45000
36.1160,585,15,30,0.03000,BR,0,23,18.24000
36.1260,586,16,30,0.03000,FL,0,14,18.00000
36.1260,586,16,30,0.03000,BL,0,7,17.79000
36.1260,586,16,30,0.03000,BL,1,37,18.69000
36.1260,586,16,30,0.03000,FR,0,29,18.45000
36.1260,586,16,30,0.03000,BR,0,22,18.24000
36.1340,586,16,30,0.03000,FL,0,14,18.00000
36.1340,586,16,30,0.03000,BL,0,7,17.79000
36.1340,586,16,30,0.03000,BL,1,37,18.69000
36.1340,586,16,30,0.03000,FR,0,29,18.45000
36.1340,586,16,30,0.03000,BR,0,22,18.24000
36.1440,586,16,30,0.03000,FL,0,14,18.00000
36.1440,586,16,30,0.03000,BL,0,7,17.79000
36.1440,586,16,30,0.03000,BL,1,37,18.69000
36.1440,586,16,30,0.03000,FR,0,29,18.45000
36.1440,586,16,30,0.03000,BR,0,22,18.24000
36.1540,587,17,30,0.03000,FL,0,13,18.00000
36.1540,587,17,30,0.03000,BL,0,6,17.79000
36.1540,587,17,30,0.03000,BL,1,36,18.69000
36.1540,587,17,30,0.03000,FR,0,28,18.45000
36.1540,587,17,30,0.03000,BR,0,21,18.24000
36.1620,587,17,30,0.03000,FL,0,13,18.00000
36.1620,587,17,30,0.03000,BL,0,6,17.79000
36.1620,587,17,30,0.03000,BL,1,36,18.69000
36.1620,587,17,30,0.03000,FR,0,28,18.45000
36.1620,587,17,30,0.03000,BR,0,21,18.24000
36.1700,587,17,30,0.03000,FL,0,13,18.00000
36.1700,587,17,30,0.03000,BL,0,6,17.79000
36.1700,587,17,30,0.03000,BL,1,36,18.69000
36.1700,587,17,30,0.03000,FR,0,28,18.45000
36.1700,587,17,30,0.03000,BR,0,21,18.24000
36.1800,587,17,30,0.03000,FL,0,13,18.00000
36.1800,587,17,30,0.03000,BL,0,6,17.79000
36.1800,587,17,30,0.03000,BL,1,36,18.69000
36.1800,587,17,30,0.03000,FR,0,28,18.45000
36.1800,587,17,30,0.03000,BR,0,21,18.24000
36.1900,588,18,30,0.03000,FL,0,12,18.00000
36.1900,588,18,30,0.03000,BL,0,5,17.79000
36.1900,588,18,30,0.03000,BL,1,35,18.69000
36.1900,588,18,30,0.03000,FR,0,27,18.45000
36.1900,588,18,30,0.03000,BR,0,20,18.24000
36.2000,588,18,30,0.03000,FL,0,12,18.00000
36.2000,588,18,30,0.03000,BL,0,5,17.79000
36.2000,588,18,30,0.03000,BL,1,35,18.69000
36.2000,588,18,30,0.03000,FR,0,27,18.45000
36.2000,588,18,30,0.03000,BR,0,20,18.24000
36.2080,588,18,30,0.03000,FL,0,12,18.00000
36.2080,588,18,30,0.03000,BL,0,5,17.79000
36.2080,588,18,30,0.03000,BL,1,35,18.69000
36.2080,588,18,30,0.03000,FR,0,27,18.45000
36.2080,588,18,30,0.03000,BR,0,20,18.24000
36.2200,589,19,30,0.03000,FL,0,11,18.00000
36.2200,589,19,30,0.03000,BL,0,4,17.79000
36.2200,589,19,30,0.03000,BL,1,34,18.69000
36.2200,589,19,30,0.03000,FR,0,26,18.45000
36.2200,589,19,30,0.03000,BR,0,19,18.24000
36.2280,589,19,30,0.03000,FL,0,11,18.00000
36.2280,589,19,30,0.03000,BL,0,4,17.79000
36.2280,589,19,30,0.03000,BL,1,34,18.69000
36.2280,589,19,30,0.03000,FR,0,26,18.45000
36.2280,589,19,30,0.03000,BR,0,19,18.24000
36.2380,589,19,30,0.03000,FL,0,11,18.00000
36.2380,589,19,30,0.03000,BL,0,4,17.79000
36.2380,589,19,30,0.03000,BL,1,34,18.69000
36.2380,589,19,30,0.03000,FR,0,26,18.45000
36.2380,589,19,30,0.03000,BR,0,19,18.24000
36.2480,590,20,30,0.03000,FL,0,10,18.00000
36.2480,590,20,30,0.03000,BL,0,3,17.79000
36.2480,590,20,30,0.03000,BL,1,33,18.69000
36.2480,590,20,30,0.03000,FR,0,25,18.45000
36.2480,590,20,30,0.03000,BR,0,18,18.24000
36.2580,590,20,30,0.03000,FL,0,10,18.00000
36.2580,590,20,30,0.03000,BL,0,3,17.79000
36.2580,590,20,30,0.03000,BL,1,33,18.69000
36.2580,590,20,30,0.03000,FR,0,25,18.45000
36.2580,590,20,30,0.03000,BR,0,18,18.24000
36.2660,590,20,30,0.03000,FL,0,10,18.00000
36.2660,590,20,30,0.03000,BL,0,3,17.79000
36.2660,590,20,30,0.03000,BL,1,33,18.69000
36.2660,590,20,30,0.03000,FR,0,25,18.45000
36.2660,590,20,30,0.03000,BR,0,18,18.24000
36.2760,591,21,30,0.03000,FL,0,9,18.00000
36.2760,591,21,30,0.03000,FL,1,39,18.90000
36.2760,591,21,30,0.03000,BL,0,2,17.79000
36.2760,591,21,30,0.03000,BL,1,32,18.69000
36.2760,591,21,30,0.03000,FR,0,24,18.45000
36.2760,591,21,30,0.03000,BR,0,17,18.24000
36.2860,591,21,30,0.03000,FL,0,9,18.00000
36.2860,591,21,30,0.03000,FL,1,39,18.90000
36.2860,591,21,30,0.03000,BL,0,2,17.79000
36.2860,591,21,30,0.03000,BL,1,32,18.69000
36.2860,591,21,30,0.03000,FR,0,24,18.45000
36.2860,591,21,30,0.03000,BR,0,17,18.24000
36.2980,591,21,30,0.03000,FL,0,9,18.00000
36.2980,591,21,30,0.03000,FL,1,39,18.90000
36.2980,591,21,30,0.03000,BL,0,2,17.79000
36.2980,591,21,30,0.03000,BL,1,32,18.69000
36.2980,591,21,30,0.03000,FR,0,24,18.45000
36.2980,591,21,30,0.03000,BR,0,17,18.24000
36.3080,592,22,30,0.03000,FL,0,8,18.00000
36.3080,592,22,30,0.03000,FL,1,38,18.90000
36.3080,592,22,30,0.03000,BL,0,1,17.79000
36.3080,592,22,30,0.03000,BL,1,31,18.69000
36.3080,592,22,30,0.03000,FR,0,23,18.45000
36.3080,592,22,30,0.03000,BR,0,16,18.24000
36.3260,592,22,30,0.03000,FL,0,8,18.00000
36.3280,592,22,30,0.03000,FL,1,38,18.90000
36.3280,592,22,30,0.03000,BL,0,1,17.79000
36.3280,592,22,30,0.03000,BL,1,31,18.69000
36.3280,592,22,30,0.03000,FR,0,23,18.45000
36.3280,592,22,30,0.03000,BR,0,16,18.24000
36.3360,593,23,30,0.03000,FL,0,7,18.00000
36.3360,593,23,30,0.03000,FL,1,37,18.90000
36.3360,593,23,30,0.03000,BL,0,30,18.69000
36.3360,593,23,30,0.03000,FR,0,22,18.45000
36.3360,593,23,30,0.03000,BR,0,15,18.24000
36.3440,593,23,30,0.03000,FL,0,7,18.00000
36.3440,593,23,30,0.03000,FL,1,37,18.90000
36.3440,593,23,30,0.03000,BL,0,30,18.69000
36.3440,593,23,30,0.03000,FR,0,22,18.45000
36.3440,593,23,30,0.03000,BR,0,15,18.24000
36.3560,593,23,30,0.03000,FL,0,7,18.00000
36.3560,593,23,30,0.03000,FL,1,37,18.90000
36.3560,593,23,30,0.03000,BL,0,30,18.69000
36.3560,593,23,30,0.03000,FR,0,22,18.45000
36.3560,593,23,30,0.03000,BR,0,15,18.24000
36.3640,594,24,30,0.03000,FL,0,6,18.00000
36.3640,594,24,30,0.03000,FL,1,36,18.90000
36.3640,594,24,30,0.03000,BL,0,29,18.69000
36.3640,594,24,30,0.03000,FR,0,21,18.45000
36.3640,594,24,30,0.03000,BR,0,14,18.24000
36.3740,594,24,30,0.03000,FL,0,6,18.00000
36.3740,594,24,30,0.03000,FL,1,36,18.90000
36.3740,594,24,30,0.03000,BL,0,29,18.69000
36.3740,594,24,30,0.03000,FR,0,21,18.45000
36.3740,594,24,30,0.03000,BR,0,14,18.24000
36.3840,594,24,30,0.03000,FL,0,6,18.00000
36.3840,594,24,30,0.03000,FL,1,36,18.90000
36.3840,594,24,30,0.03000,BL,0,29,18.69000
36.3840,594,24,30,0.03000,FR,0,21,18.45000
36.3840,594,24,30,0.03000,BR,0,14,18.24000
36.3940,595,25,30,0.03000,FL,0,5,18.00000
36.3940,595,25,30,0.03000,FL,1,35,18.90000
36.3940,595,25,30,0.03000,BL,0,28,18.69000
36.3940,595,25,30,0.03000,FR,0,20,18.45000
36.3940,595,25,30,0.03000,BR,0,13,18.24000
36.4020,595,25,30,0.03000,FL,0,5,18.00000
36.4020,595,25,30,0.03000,FL,1,35,18.90000
36.4020,595,25,30,0.03000,BL,0,28,18.69000
36.4020,595,25,30,0.03000,FR,0,20,18.45000
36.4020,595,25,30,0.03000,BR,0,13,18.24000
36.4100,595,25,30,0.03000,FL,0,5,18.00000
36.4100,595,25,30,0.03000,FL,1,35,18.90000
36.4100,595,25,30,0.03000,BL,0,28,18.69000
36.4100,595,25,30,0.03000,FR,0,20,18.45000
36.4100,595,25,30,0.03000,BR,0,13,18.24000
36.4200,595,25,30,0.03000,FL,0,5,18.00000
36.4200,595,25,30,0.03000,FL,1,35,18.90000
36.4200,595,25,30,0.03000,BL,0,28,18.69000
36.4200,595,25,30,0.03000,FR,0,20,18.45000
36.4200,595,25,30,0.03000,BR,0,13,18.24000
36.4300,596,26,30,0.03000,FL,0,4,18.00000
36.4300,596,26,30,0.03000,FL,1,34,18.90000
36.4300,596,26,30,0.03000,BL,0,27,18.69000
36.4300,596,26,30,0.03000,FR,0,19,18.45000
36.4300,596,26,30,0.03000,BR,0,12,18.24000
36.4380,596,26,30,0.03000,FL,0,4,18.00000
36.4380,596,26,30,0.03000,FL,1,34,18.90000
36.4380,596,26,30,0.03000,BL,0,27,18.69000
36.4380,596,26,30,0.03000,FR,0,19,18.45000
36.4380,596,26,30,0.03000,BR,0,12,18.24000
36.4500,596,26,30,0.03000,FL,0,4,18.00000
36.4500,596,26,30,0.03000,FL,1,34,18.90000
36.4500,596,26,30,0.03000,BL,0,27,18.69000
36.4500,596,26,30,0.03000,FR,0,19,18.45000
36.4500,596,26,30,0.03000,BR,0,12,18.24000
36.4580,597,27,30,0.03000,FL,0,3,18.00000
36.4580,597,27,30,0.03000,FL,1,33,18.90000
36.4580,597,27,30,0.03000,BL,0,26,18.69000
36.4580,597,27,30,0.03000,FR,0,18,18.45000
36.4580,597,27,30,0.03000,BR,0,11,18.24000
36.4680,597,27,30,0.03000,FL,0,3,18.00000
36.4680,597,27,30,0.03000,FL,1,33,18.90000
36.4680,597,27,30,0.03000,BL,0,26,18.69000
36.4680,597,27,30,0.03000,FR,0,18,18.45000
36.4680,597,27,30,0.03000,BR,0,11,18.24000
36.4780,597,27,30,0.03000,FL,0,3,18.00000
36.4780,597,27,30,0.03000,FL,1,33,18.90000
36.4780,597,27,30,0.03000,BL,0,26,18.69000
36.4780,597,27,30,0.03000,FR,0,18,18.45000
36.4780,597,27,30,0.03000,BR,0,11,18.24000
36.4860,598,28,30,0.03000,FL,0,2,18.00000
36.4860,598,28,30,0.03000,FL,1,32,18.90000
36.4860,598,28,30,0.03000,BL,0,25,18.69000
36.4860,598,28,30,0.03000,FR,0,17,18.45000
36.4860,598,28,30,0.03000,BR,0,10,18.24000
36.4940,598,28,30,0.03000,FL,0,2,18.00000
36.4940,598,28,30,0.03000,FL,1,32,18.90000
36.4940,598,28,30,0.03000,BL,0,25,18.69000
36.4940,598,28,30,0.03000,FR,0,17,18.45000
36.4940,598,28,30,0.03000,BR,0,10,18.24000
36.5040,598,28,30,0.03000,FL,0,2,18.00000
36.5040,598,28,30,0.03000,FL,1,32,18.90000
36.5040,598,28,30,0.03000,BL,0,25,18.69000
36.5040,598,28,30,0.03000,FR,0,17,18.45000
36.5040,598,28,30,0.03000,BR,0,10,18.24000
36.5140,599,29,30,0.03000,FL,0,1,18.00000
36.5140,599,29,30,0.03000,FL,1,31,18.90000
36.5140,599,29,30,0.03000,BL,0,24,18.69000
36.5140,599,29,30,0.03000,FR,0,16,18.45000
36.5140,599,29,30,0.03000,BR,0,9,18.24000
36.5140,599,29,30,0.03000,BR,1,39,19.14000
36.5220,599,29,30,0.03000,FL,0,1,18.00000
36.5220,599,29,30,0.03000,FL,1,31,18.90000
36.5220,599,29,30,0.03000,BL,0,24,18.69000
36.5220,599,29,30,0.03000,FR,0,16,18.45000
36.5220,599,29,30,0.03000,BR,0,9,18.24000
36.5220,599,29,30,0.03000,BR,1,39,19.14000
36.5320,599,29,30,0.03000,FL,0,1,18.00000
36.5320,599,29,30,0.03000,FL,1,31,18.90000
36.5320,599,29,30,0.03000,BL,0,24,18.69000
36.5320,599,29,30,0.03000,FR,0,16,18.45000
36.5320,599,29,30,0.03000,BR,0,9,18.24000
36.5320,599,29,30,0.03000,BR,1,39,19.14000
36.5400,599,29,30,0.03000,FL,0,1,18.00000
36.5400,599,29,30,0.03000,FL,1,31,18.90000
36.5400,599,29,30,0.03000,BL,0,24,18.69000
36.5400,599,29,30,0.03000,FR,0,16,18.45000
36.5400,599,29,30,0.03000,BR,0,9,18.24000
36.5400,599,29,30,0.03000,BR,1,39,19.14000
36.5500,600,0,30,0.03000,FL,0,30,18.90000
36.5500,600,0,30,0.03000,BL,0,23,18.69000
36.5500,600,0,30,0.03000,FR,0,15,18.45000
36.5500,600,0,30,0.03000,BR,0,8,18.24000
36.5500,600,0,30,0.03000,BR,1,38,19.14000
36.5700,600,0,30,0.03000,FL,0,30,18.90000
36.5700,600,0,30,0.03000,BL,0,23,18.69000
36.5700,600,0,30,0.03000,FR,0,15,18.45000
36.5700,600,0,30,0.03000,BR,0,8,18.24000
36.5700,600,0,30,0.03000,BR,1,38,19.14000
36.5780,601,1,30,0.03000,FL,0,29,18.90000
36.5780,601,1,30,0.03000,BL,0,22,18.69000
36.5780,601,1,30,0.03000,FR,0,14,18.45000
36.5780,601,1,30,0.03000,BR,0,7,18.24000
36.5780,601,1,30,0.03000,BR,1,37,19.14000
36.5900,601,1,30,0.03000,FL,0,29,18.90000
36.5900,601,1,30,0.03000,BL,0,22,18.69000
36.5900,601,1,30,0.03000,FR,0,14,18.45000
36.5900,601,1,30,0.03000,BR,0,7,18.24000
36.5900,601,1,30,0.03000,BR,1,37,19.14000
36.6000,601,1,30,0.03000,FL,0,29,18.90000
36.6000,601,1,30,0.03000,BL,0,22,18.69000
36.6000,601,1,30,0.03000,FR,0,14,18.45000
36.6000,601,1,30,0.03000,BR,0,7,18.24000
36.6000,601,1,30,0.03000,BR,1,37,19.14000
36.6100,602,2,30,0.03000,FL,0,28,18.90000
36.6100,602,2,30,0.03000,BL,0,21,18.69000
36.6100,602,2,30,0.03000,FR,0,13,18.45000
36.6100,602,2,30,0.03000,BR,0,6,18.24000
36.6100,602,2,30,0.03000,BR,1,36,19.14000
36.6200,602,2,30,0.03000,FL,0,28,18.90000
36.6200,602,2,30,0.03000,BL,0,21,18.69000
36.6200,602,2,30,0.03000,FR,0,13,18.45000
36.6200,602,2,30,0.03000,BR,0,6,18.24000
36.6200,602,2,30,0.03000,BR,1,36,19.14000
36.6320,602,2,30,0.03000,FL,0,28,18.90000
36.6320,602,2,30,0.03000,BL,0,21,18.69000
36.6320,602,2,30,0.03000,FR,0,13,18.45000
36.6320,602,2,30,0.03000,BR,0,6,18.24000
36.6320,602,2,30,0.03000,BR,1,36,19.14000
36.6400,603,3,30,0.03000,FL,0,27,18.90000
36.6400,603,3,30,0.03000,BL,0,20,18.69000
36.6400,603,3,30,0.03000,FR,0,12,18.45000
36.6400,603,3,30,0.03000,BR,0,5,18.24000
36.6400,603,3,30,0.03000,BR,1,35,19.14000
36.6520,603,3,30,0.03000,FL,0,27,18.90000
36.6520,603,3,30,0.03000,BL,0,20,18.69000
36.6520,603,3,30,0.03000,FR,0,12,18.45000
36.6520,603,3,30,0.03000,BR,0,5,18.24000
36.6520,603,3,30,0.03000,BR,1,35,19.14000
36.6600,603,3,30,0.03000,FL,0,27,18.90000
36.6600,603,3,30,0.03000,BL,0,20,18.69000
36.6600,603,3,30,0.03000,FR,0,12,18.45000
36.6600,603,3,30,0.03000,BR,0,5,18.24000
36.6600,603,3,30,0.03000,BR,1,35,19.14000
36.6720,604,4,30,0.03000,FL,0,26,18.90000
36.6720,604,4,30,0.03000,BL,0,19,18.69000
36.6720,604,4,30,0.03000,FR,0,11,18.45000
36.6720,604,4,30,0.03000,BR,0,4,18.24000
36.6720,604,4,30,0.03000,BR,1,34,19.14000
36.6800,604,4,30,0.03000,FL,0,26,18.90000
36.6800,604,4,30,0.03000,BL,0,19,18.69000
36.6800,604,4,30,0.03000,FR,0,11,18.45000
36.6800,604,4,30,0.03000,BR,0,4,18.24000
36.6800,604,4,30,0.03000,BR,1,34,19.14000
36.6900,604,4,30,0.03000,FL,0,26,18.90000
36.6900,604,4,30,0.03000,BL,0,19,18.69000
36.6900,604,4,30,0.03000,FR,0,11,18.45000
36.6900,604,4,30,0.03000,BR,0,4,18.24000
36.6900,604,4,30,0.03000,BR,1,34,19.14000
36.7000,605,5,30,0.03000,FL,0,25,18.90000
36.7000,605,5,30,0.03000,BL,0,18,18.69000
36.7000,605,5,30,0.03000,FR,0,10,18.45000
36.7000,605,5,30,0.03000,BR,0,3,18.24000
36.7000,605,5,30,0.03000,BR,1,33,19.14000
36.7120,605,5,30,0.03000,FL,0,25,18.90000
36.7120,605,5,30,0.03000,BL,0,18,18.69000
36.7120,605,5,30,0.03000,FR,0,10,18.45000
36.7120,605,5,30,0.03000,BR,0,3,18.24000
36.7120,605,5,30,0.03000,BR,1,33,19.14000
36.7220,605,5,30,0.03000,FL,0,25,18.90000
36.7220,605,5,30,0.03000,BL,0,18,18.69000
36.7220,605,5,30,0.03000,FR,0,10,18.45000
36.7220,605,5,30,0.03000,BR,0,3,18.24000
36.7220,605,5,30,0.03000,BR,1,33,19.14000
36.7320,606,6,30,0.03000,FL,0,24,18.90000
36.7320,606,6,30,0.03000,BL,0,17,18.69000
36.7320,606,6,30,0.03000,FR,0,9,18.45000
36.7320,606,6,30,0.03000,FR,1,39,19.35000
36.7320,606,6,30,0.03000,BR,0,2,18.24000
36.7320,606,6,30,0.03000,BR,1,32,19.14000
36.7480,606,6,30,0.03000,FL,0,24,18.90000
36.7480,606,6,30,0.03000,BL,0,17,18.69000
36.7480,606,6,30,0.03000,FR,0,9,18.45000
36.7480,606,6,30,0.03000,FR,1,39,19.35000
36.7480,606,6,30,0.03000,BR,0,2,18.24000
36.7480,606,6,30,0.03000,BR,1,32,19.14000
36.7600,607,7,30,0.03000,FL,0,23,18.90000
36.7600,607,7,30,0.03000,BL,0,16,18.69000
36.7600,607,7,30,0.03000,FR,0,8,18.45000
36.7600,607,7,30,0.03000,FR,1,38,19.35000
36.7600,607,7,30,0.03000,BR,0,1,18.24000
36.7600,607,7,30,0.03000,BR,1,31,19.14000
36.7800,607,7,30,0.03000,FL,0,23,18.90000
36.7800,607,7,30,0.03000,BL,0,16,18.69000
36.7800,607,7,30,0.03000,FR,0,8,18.45000
36.7800,607,7,30,0.03000,FR,1,38,19.35000
36.7800,607,7,30,0.03000,BR,0,1,18.24000
36.7800,607,7,30,0.03000,BR,1,31,19.14000
36.7880,608,8,30,0.03000,FL,0,22,18.90000
36.7880,608,8,30,0.03000,BL,0,15,18.69000
36.7880,608,8,30,0.03000,FR,0,7,18.45000
36.7880,608,8,30,0.03000,FR,1,37,19.35000
36.7880,608,8,30,0.03000,BR,0,30,19.14000
36.7980,608,8,30,0.03000,FL,0,22,18.90000
36.7980,608,8,30,0.03000,BL,0,15,18.69000
36.7980,608,8,30,0.03000,FR,0,7,18.45000
36.7980,608,8,30,0.03000,FR,1,37,19.35000
36.7980,608,8,30,0.03000,BR,0,30,19.14000
36.8080,608,8,30,0.03000,FL,0,22,18.90000
36.8080,608,8,30,0.03000,BL,0,15,18.69000
36.8080,608,8,30,0.03000,FR,0,7,18.45000
36.8080,608,8,30,0.03000,FR,1,37,19.35000
36.8080,608,8,30,0.03000,BR,0,30,19.14000
36.8180,609,9,30,0.03000,FL,0,21,18.90000
36.8180,609,9,30,0.03000,BL,0,14,18.69000
36.8180,609,9,30,0.03000,FR,0,6,18.45000
36.8180,609,9,30,0.03000,FR,1,36,19.35000
36.8180,609,9,30,0.03000,BR,0,29,19.14000
36.8280,609,9,30,0.03000,FL,0,21,18.90000
36.8280,609,9,30,0.03000,BL,0,14,18.69000
36.8280,609,9,30,0.03000,FR,0,6,18.45000
36.8280,609,9,30,0.03000,FR,1,36,19.35000
36.8280,609,9,30,0.03000,BR,0,29,19.14000
36.8360,609,9,30,0.03000,FL,0,21,18.90000
36.8360,609,9,30,0.03000,BL,0,14,18.69000
36.8360,609,9,30,0.03000,FR,0,6,18.45000
36.8360,609,9,30,0.03000,FR,1,36,19.35000
36.8360,609,9,30,0.03000,BR,0,29,19.14000
36.8460,610,10,30,0.03000,FL,0,20,18.90000
36.8460,610,10,30,0.03000,BL,0,13,18.69000
36.8460,610,10,30,0.03000,FR,0,5,18.45000
36.8460,610,10,30,0.03000,FR,1,35,19.35000
36.8460,610,10,30,0.03000,BR,0,28,19.14000
36.8560,610,10,30,0.03000,FL,0,20,18.90000
36.8560,610,10,30,0.03000,BL,0,13,18.69000
36.8560,610,10,30,0.03000,FR,0,5,18.45000
36.8560,610,10,30,0.03000,FR,1,35,19.35000
36.8560,610,10,30,0.03000,BR,0,28,19.14000
36.8640,610,10,30,0.03000,FL,0,20,18.90000
36.8640,610,10,30,0.03000,BL,0,13,18.69000
36.8640,610,10,30,0.03000,FR,0,5,18.45000
36.8640,610,10,30,0.03000,FR,1,35,19.35000
36.8640,610,10,30,0.03000,BR,0,28,19.14000
36.8740,610,10,30,0.03000,FL,0,20,18.90000
36.8740,610,10,30,0.03000,BL,0,13,18.69000
36.8740,610,10,30,0.03000,FR,0,5,18.45000
36.8740,610,10,30,0.03000,FR,1,35,19.35000
36.8740,610,10,30,0.03000,BR,0,28,19.14000
36.8840,611,11,30,0.03000,FL,0,19,18.90000
36.8840,611,11,30,0.03000,BL,0,12,18.69000
36.8840,611,11,30,0.03000,FR,0,4,18.45000
36.8840,611,11,30,0.03000,FR,1,34,19.35000
36.8840,611,11,30,0.03000,BR,0,27,19.14000
36.8920,611,11,30,0.03000,FL,0,19,18.90000
36.8920,611,11,30,0.03000,BL,0,12,18.69000
36.8920,611,11,30,0.03000,FR,0,4,18.45000
36.8920,611,11,30,0.03000,FR,1,34,19.35000
36.8920,611,11,30,0.03000,BR,0,27,19.14000
36.9020,611,11,30,0.03000,FL,0,19,18.90000
36.9020,611,11,30,0.03000,BL,0,12,18.69000
36.9020,611,11,30,0.03000,FR,0,4,18.45000
36.9020,611,11,30,0.03000,FR,1,34,19.35000
36.9020,611,11,30,0.03000,BR,0,27,19.14000
36.9100,612,12,30,0.03000,FL,0,18,18.90000
36.9100,612,12,30,0.03000,BL,0,11,18.69000
36.9100,612,12,30,0.03000,FR,0,3,18.45000
36.9100,612,12,30,0.03000,FR,1,33,19.35000
36.9100,612,12,30,0.03000,BR,0,26,19.14000
36.9200,612,12,30,0.03000,FL,0,18,18.90000
36.9200,612,12,30,0.03000,BL,0,11,18.69000
36.9200,612,12,30,0.03000,FR,0,3,18.45000
36.9200,612,12,30,0.03000,FR,1,33,19.35000
36.9200,612,12,30,0.03000,BR,0,26,19.14000
36.9300,612,12,30,0.03000,FL,0,18,18.90000
36.9300,612,12,30,0.03000,BL,0,11,18.69000
36.9300,612,12,30,0.03000,FR,0,3,18.45000
36.9300,612,12,30,0.03000,FR,1,33,19.35000
36.9300,612,12,30,0.03000,BR,0,26,19.14000
36.9400,613,13,30,0.03000,FL,0,17,18.90000
36.9400,613,13,30,0.03000,BL,0,10,18.69000
36.9400,613,13,30,0.03000,FR,0,2,18.45000
36.9400,613,13,30,0.03000,FR,1,32,19.35000
36.9400,613,13,30,0.03000,BR,0,25,19.14000
36.9480,613,13,30,0.03000,FL,0,17,18.90000
36.9480,613,13,30,0.03000,BL,0,10,18.69000
36.9480,613,13,30,0.03000,FR,0,2,18.45000
36.9480,613,13,30,0.03000,FR,1,32,19.35000
36.9480,613,13,30,0.03000,BR,0,25,19.14000
36.9580,613,13,30,0.03000,FL,0,17,18.90000
36.9580,613,13,30,0.03000,BL,0,10,18.69000
36.9580,613,13,30,0.03000,FR,0,2,18.45000
36.9580,613,13,30,0.03000,FR,1,32,19.35000
36.9580,613,13,30,0.03000,BR,0,25,19.14000
36.9660,614,14,30,0.03000,FL,0,16,18.90000
36.9660,614,14,30,0.03000,BL,0,9,18.69000
36.9660,614,14,30,0.03000,BL,1,39,19.59000
36.9660,614,14,30,0.03000,FR,0,1,18.45000
36.9660,614,14,30,0.03000,FR,1,31,19.35000
36.9660,614,14,30,0.03000,BR,0,24,19.14000
36.9760,614,14,30,0.03000,FL,0,16,18.90000
36.9760,614,14,30,0.03000,BL,0,9,18.69000
36.9760,614,14,30,0.03000,BL,1,39,19.59000
36.9760,614,14,30,0.03000,FR,0,1,18.45000
36.9760,614,14,30,0.03000,FR,1,31,19.35000
36.9760,614,14,30,0.03000,BR,0,24,19.14000
36.9860,614,14,30,0.03000,FL,0,16,18.90000
36.9860,614,14,30,0.03000,BL,0,9,18.69000
36.9860,614,14,30,0.03000,BL,1,39,19.59000
36.9860,614,14,30,0.03000,FR,0,1,18.45000
36.9860,614,14,30,0.03000,FR,1,31,19.35000
36.9860,614,14,30,0.03000,BR,0,24,19.14000
36.9940,615,15,30,0.03000,FL,0,15,18.90000
36.9940,615,15,30,0.03000,BL,0,8,18.69000
36.9940,615,15,30,0.03000,BL,1,38,19.59000
36.9940,615,15,30,0.03000,FR,0,30,19.35000
36.9940,615,15,30,0.03000,BR,0,23,19.14000
37.0180,615,15,30,0.03000,FL,0,15,18.90000
37.0180,615,15,30,0.03000,BL,0,8,18.69000
37.0180,615,15,30,0.03000,BL,1,38,19.59000
37.0180,615,15,30,0.03000,FR,0,30,19.35000
37.0180,615,15,30,0.03000,BR,0,23,19.14000
37.0280,616,16,30,0.03000,FL,0,14,18.90000
37.0280,616,16,30,0.03000,BL,0,7,18.69000
37.0280,616,16,30,0.03000,BL,1,37,19.59000
37.0280,616,16,30,0.03000,FR,0,29,19.35000
37.0280,616,16,30,0.03000,BR,0,22,19.14000
37.0380,616,16,30,0.03000,FL,0,14,18.90000
37.0380,616,16,30,0.03000,BL,0,7,18.69000
37.0380,616,16,30,0.03000,BL,1,37,19.59000
37.0380,616,16,30,0.03000,FR,0,29,19.35000
37.0380,616,16,30,0.03000,BR,0,22,19.14000
37.0500,616,16,30,0.03000,FL,0,14,18.90000
37.0500,616,16,30,0.03000,BL,0,7,18.69000
37.0500,616,16,30,0.03000,BL,1,37,19.59000
37.0500,616,16,30,0.03000,FR,0,29,19.35000
37.0500,616,16,30,0.03000,BR,0,22,19.14000
37.0580,617,17,30,0.03000,FL,0,13,18.90000
37.0580,617,17,30,0.03000,BL,0,6,18.69000
37.0580,617,17,30,0.03000,BL,1,36,19.59000
37.0580,617,17,30,0.03000,FR,0,28,19.35000
37.0580,617,17,30,0.03000,BR,0,21,19.14000
37.0680,617,17,30,0.03000,FL,0,13,18.90000
37.0680,617,17,30,0.03000,BL,0,6,18.69000
37.0680,617,17,30,0.03000,BL,1,36,19.59000
37.0680,617,17,30,0.03000,FR,0,28,19.35000
37.0680,617,17,30,0.03000,BR,0,21,19.14000
37.0780,617,17,30,0.03000,FL,0,13,18.90000
37.0780,617,17,30,0.03000,BL,0,6,18.69000
37.0780,617,17,30,0.03000,BL,1,36,19.59000
37.0780,617,17,30,0.03000,FR,0,28,19.35000
37.0780,617,17,30,0.03000,BR,0,21,19.14000
37.0880,618,18,30,0.03000,FL,0,12,18.90000
37.0880,618,18,30,0.03000,BL,0,5,18.69000
37.0880,618,18,30,0.03000,BL,1,35,19.59000
37.0880,618,18,30,0.03000,FR,0,27,19.35000
37.0880,618,18,30,0.03000,BR,0,20,19.14000
37.0960,618,18,30,0.03000,FL,0,12,18.90000
37.0960,618,18,30,0.03000,BL,0,5,18.69000
37.0960,618,18,30,0.03000,BL,1,35,19.59000
37.0960,618,18,30,0.03000,FR,0,27,19.35000
37.0960,618,18,30,0.03000,BR,0,20,19.14000
37.1060,618,18,30,0.03000,FL,0,12,18.90000
37.1060,618,18,30,0.03000,BL,0,5,18.69000
37.1060,618,18,30,0.03000,BL,1,35,19.59000
37.1060,618,18,30,0.03000,FR,0,27,19.35000
37.1060,618,18,30,0.03000,BR,0,20,19.14000
37.1160,619,19,30,0.03000,FL,0,11,18.90000
37.1160,619,19,30,0.03000,BL,0,4,18.69000
37.1160,619,19,30,0.03000,BL,1,34,19.59000
37.1160,619,19,30,0.03000,FR,0,26,19.35000
37.1160,619,19,30,0.03000,BR,0,19,19.14000
37.1240,619,19,30,0.03000,FL,0,11,18.90000
37.1240,619,19,30,0.03000,BL,0,4,18.69000
37.1240,619,19,30,0.03000,BL,1,34,19.59000
37.1240,619,19,30,0.03000,FR,0,26,19.35000
37.1240,619,19,30,0.03000,BR,0,19,19.14000
37.1340,619,19,30,0.03000,FL,0,11,18.90000
37.1340,619,19,30,0.03000,BL,0,4,18.69000
37.1340,619,19,30,0.03000,BL,1,34,19.59000
37.1340,619,19,30,0.03000,FR,0,26,19.35000
37.1340,619,19,30,0.03000,BR,0,19,19.14000
37.1420,619,19,30,0.03000,FL,0,11,18.90000
37.1420,619,19,30,0.03000,BL,0,4,18.69000
37.1420,619,19,30,0.03000,BL,1,34,19.59000
37.1420,619,19,30,0.03000,FR,0,26,19.35000
37.1420,619,19,30,0.03000,BR,0,19,19.14000
37.1560,620,20,30,0.03000,FL,0,10,18.90000
37.1560,620,20,30,0.03000,BL,0,3,18.69000
37.1560,620,20,30,0.03000,BL,1,33,19.59000
37.1560,620,20,30,0.03000,FR,0,25,19.35000
37.1560,620,20,30,0.03000,BR,0,18,19.14000
37.1640,620,20,30,0.03000,FL,0,10,18.90000
37.1640,620,20,30,0.03000,BL,0,3,18.69000
37.1640,620,20,30,0.03000,BL,1,33,19.59000
37.1640,620,20,30,0.03000,FR,0,25,19.35000
37.1640,620,20,30,0.03000,BR,0,18,19.14000
37.1760,621,21,30,0.03000,FL,0,9,18.90000
37.1760,621,21,30,0.03000,FL,1,39,19.80000
37.1760,621,21,30,0.03000,BL,0,2,18.69000
37.1760,621,21,30,0.03000,BL,1,32,19.59000
37.1760,621,21,30,0.03000,FR,0,24,19.35000
37.1760,621,21,30,0.03000,BR,0,17,19.14000
37.1860,621,21,30,0.03000,FL,0,9,18.90000
37.1860,621,21,30,0.03000,FL,1,39,19.80000
37.1860,621,21,30,0.03000,BL,0,2,18.69000
37.1860,621,21,30,0.03000,BL,1,32,19.59000
37.1860,621,21,30,0.03000,FR,0,24,19.35000
37.1860,621,21,30,0.03000,BR,0,17,19.14000
37.1960,621,21,30,0.03000,FL,0,9,18.90000
37.1960,621,21,30,0.03000,FL,1,39,19.80000
37.1960,621,21,30,0.03000,BL,0,2,18.69000
37.1960,621,21,30,0.03000,BL,1,32,19.59000
37.1960,621,21,30,0.03000,FR,0,24,19.35000
37.1960,621,21,30,0.03000,BR,0,17,19.14000
37.2060,622,22,30,0.03000,FL,0,8,18.90000
37.2060,622,22,30,0.03000,FL,1,38,19.80000
37.2060,622,22,30,0.03000,BL,0,1,18.69000
37.2060,622,22,30,0.03000,BL,1,31,19.59000
37.2060,622,22,30,0.03000,FR,0,23,19.35000
37.2060,622,22,30,0.03000,BR,0,16,19.14000
37.2260,622,22,30,0.03000,FL,0,8,18.90000
37.2260,622,22,30,0.03000,FL,1,38,19.80000
37.2260,622,22,30,0.03000,BL,0,1,18.69000
37.2260,622,22,30,0.03000,BL,1,31,19.59000
37.2260,622,22,30,0.03000,FR,0,23,19.35000
37.2260,622,22,30,0.03000,BR,0,16,19.14000
37.2420,623,23,30,0.03000,FL,0,7,18.90000
37.2420,623,23,30,0.03000,FL,1,37,19.80000
37.2420,623,23,30,0.03000,BL,0,30,19.59000
37.2420,623,23,30,0.03000,FR,0,22,19.35000
37.2420,623,23,30,0.03000,BR,0,15,19.14000
37.2500,623,23,30,0.03000,FL,0,7,18.90000
37.2500,623,23,30,0.03000,FL,1,37,19.80000
37.2500,623,23,30,0.03000,BL,0,30,19.59000
37.2500,623,23,30,0.03000,FR,0,22,19.35000
37.2500,623,23,30,0.03000,BR,0,15,19.14000
37.2600,623,23,30,0.03000,FL,0,7,18.90000
37.2600,623,23,30,0.03000,FL,1,37,19.80000
37.2600,623,23,30,0.03000,BL,0,30,19.59000
37.2600,623,23,30,0.03000,FR,0,22,19.35000
37.2600,623,23,30,0.03000,BR,0,15,19.14000
37.2700,624,24,30,0.03000,FL,0,6,18.90000
37.2700,624,24,30,0.03000,FL,1,36,19.80000
37.2700,624,24,30,0.03000,BL,0,29,19.59000
37.2700,624,24,30,0.03000,FR,0,21,19.35000
37.2700,624,24,30,0.03000,BR,0,14,19.14000
37.2800,624,24,30,0.03000,FL,0,6,18.90000
37.2800,624,24,30,0.03000,FL,1,36,19.80000
37.2800,624,24,30,0.03000,BL,0,29,19.59000
37.2800,624,24,30,0.03000,FR,0,21,19.35000
37.2800,624,24,30,0.03000,BR,0,14,19.14000
37.2920,624,24,30,0.03000,FL,0,6,18.90000
37.2920,624,24,30,0.03000,FL,1,36,19.80000
37.2920,624,24,30,0.03000,BL,0,29,19.59000
37.2920,624,24,30,0.03000,FR,0,21,19.35000
37.2920,624,24,30,0.03000,BR,0,14,19.14000
37.3020,625,25,30,0.03000,FL,0,5,18.90000
37.3020,625,25,30,0.03000,FL,1,35,19.80000
37.3020,625,25,30,0.03000,BL,0,28,19.59000
37.3020,625,25,30,0.03000,FR,0,20,19.35000
37.3020,625,25,30,0.03000,BR,0,13,19.14000
37.3120,625,25,30,0.03000,FL,0,5,18.90000
37.3120,625,25,30,0.03000,FL,1,35,19.80000
37.3120,625,25,30,0.03000,BL,0,28,19.59000
37.3120,625,25,30,0.03000,FR,0,20,19.35000
37.3120,625,25,30,0.03000,BR,0,13,19.14000
37.3220,625,25,30,0.03000,FL,0,5,18.90000
37.3220,625,25,30,0.03000,FL,1,35,19.80000
37.3220,625,25,30,0.03000,BL,0,28,19.59000
37.3220,625,25,30,0.03000,FR,0,20,19.35000
37.3220,625,25,30,0.03000,BR,0,13,19.14000
37.3340,626,26,30,0.03000,FL,0,4,18.90000
37.3340,626,26,30,0.03000,FL,1,34,19.80000
37.3340,626,26,30,0.03000,BL,0,27,19.59000
37.3340,626,26,30,0.03000,FR,0,19,19.35000
37.3340,626,26,30,0.03000,BR,0,12,19.14000
37.3440,626,26,30,0.03000,FL,0,4,18.90000
37.3440,626,26,30,0.03000,FL,1,34,19.80000
37.3440,626,26,30,0.03000,BL,0,27,19.59000
37.3440,626,26,30,0.03000,FR,0,19,19.35000
37.3440,626,26,30,0.03000,BR,0,12,19.14000
37.3520,626,26,30,0.03000,FL,0,4,18.90000
37.3520,626,26,30,0.03000,FL,1,34,19.80000
37.3520,626,26,30,0.03000,BL,0,27,19.59000
37.3520,626,26,30,0.03000,FR,0,19,19.35000
37.3520,626,26,30,0.03000,BR,0,12,19.14000
37.3620,627,27,30,0.03000,FL,0,3,18.90000
37.3620,627,27,30,0.03000,FL,1,33,19.80000
37.3620,627,27,30,0.03000,BL,0,26,19.59000
37.3620,627,27,30,0.03000,FR,0,18,19.35000
37.3620,627,27,30,0.03000,BR,0,11,19.14000
37.3720,627,27,30,0.03000,FL,0,3,18.90000
37.3720,627,27,30,0.03000,FL,1,33,19.80000
37.3720,627,27,30,0.03000,BL,0,26,19.59000
37.3720,627,27,30,0.03000,FR,0,18,19.35000
37.3720,627,27,30,0.03000,BR,0,11,19.14000
37.3820,627,27,30,0.03000,FL,0,3,18.90000
37.3820,627,27,30,0.03000,FL,1,33,19.80000
37.3820,627,27,30,0.03000,BL,0,26,19.59000
37.3820,627,27,30,0.03000,FR,0,18,19.35000
37.3820,627,27,30,0.03000,BR,0,11,19.14000
37.3920,628,28,30,0.03000,FL,0,2,18.90000
37.3920,628,28,30,0.03000,FL,1,32,19.80000
37.3920,628,28,30,0.03000,BL,0,25,19.59000
37.3920,628,28,30,0.03000,FR,0,17,19.35000
37.3920,628,28,30,0.03000,BR,0,10,19.14000
37.4020,628,28,30,0.03000,FL,0,2,18.90000
37.4020,628,28,30,0.03000,FL,1,32,19.80000
37.4020,628,28,30,0.03000,BL,0,25,19.59000
37.4020,628,28,30,0.03000,FR,0,17,19.35000
37.4020,628,28,30,0.03000,BR,0,10,19.14000
37.4120,628,28,30,0.03000,FL,0,2,18.90000
37.4120,628,28,30,0.03000,FL,1,32,19.80000
37.4120,628,28,30,0.03000,BL,0,25,19.59000
37.4120,628,28,30,0.03000,FR,0,17,19.35000
37.4120,628,28,30,0.03000,BR,0,10,19.14000
37.4200,629,29,30,0.03000,FL,0,1,18.90000
37.4200,629,29,30,0.03000,FL,1,31,19.80000
37.4200,629,29,30,0.03000,BL,0,24,19.59000
37.4200,629,29,30,0.03000,FR,0,16,19.35000
37.4200,629,29,30,0.03000,BR,0,9,19.14000
37.4200,629,29,30,0.03000,BR,1,39,20.04000
37.4300,629,29,30,0.03000,FL,0,1,18.90000
37.4300,629,29,30,0.03000,FL,1,31,19.80000
37.4300,629,29,30,0.03000,BL,0,24,19.59000
37.4300,629,29,30,0.03000,FR,0,16,19.35000
37.4300,629,29,30,0.03000,BR,0,9,19.14000
37.4300,629,29,30,0.03000,BR,1,39,20.04000
37.4400,629,29,30,0.03000,FL,0,1,18.90000
37.4400,629,29,30,0.03000,FL,1,31,19.80000
37.4400,629,29,30,0.03000,BL,0,24,19.59000
37.4400,629,29,30,0.03000,FR,0,16,19.35000
37.4400,629,29,30,0.03000,BR,0,9,19.14000
37.4400,629,29,30,0.03000,BR,1,39,20.04000
37.4480,630,0,30,0.03000,FL,0,30,19.80000
37.4480,630,0,30,0.03000,BL,0,23,19.59000
37.4480,630,0,30,0.03000,FR,0,15,19.35000
37.4480,630,0,30,0.03000,BR,0,8,19.14000
37.4480,630,0,30,0.03000,BR,1,38,20.04000
37.4680,630,0,30,0.03000,FL,0,30,19.80000
37.4680,630,0,30,0.03000,BL,0,23,19.59000
37.4680,630,0,30,0.03000,FR,0,15,19.35000
37.4680,630,0,30,0.03000,BR,0,8,19.14000
37.4680,630,0,30,0.03000,BR,1,38,20.04000
37.4760,631,1,30,0.03000,FL,0,29,19.80000
37.4760,631,1,30,0.03000,BL,0,22,19.59000
37.4760,631,1,30,0.03000,FR,0,14,19.35000
37.4760,631,1,30,0.03000,BR,0,7,19.14000
37.4760,631,1,30,0.03000,BR,1,37,20.04000
37.4860,631,1,30,0.03000,FL,0,29,19.80000
37.4860,631,1,30,0.03000,BL,0,22,19.59000
37.4860,631,1,30,0.03000,FR,0,14,19.35000
37.4860,631,1,30,0.03000,BR,0,7,19.14000
37.4860,631,1,30,0.03000,BR,1,37,20.04000
37.4960,631,1,30,0.03000,FL,0,29,19.80000
37.4960,631,1,30,0.03000,BL,0,22,19.59000
37.4960,631,1,30,0.03000,FR,0,14,19.35000
37.4960,631,1,30,0.03000,BR,0,7,19.14000
37.4960,631,1,30,0.03000,BR,1,37,20.04000
37.5060,632,2,30,0.03000,FL,0,28,19.80000
37.5060,632,2,30,0.03000,BL,0,21,19.59000
37.5060,632,2,30,0.03000,FR,0,13,19.35000
37.5060,632,2,30,0.03000,BR,0,6,19.14000
37.5060,632,2,30,0.03000,BR,1,36,20.04000
37.5140,632,2,30,0.03000,FL,0,28,19.80000
37.5140,632,2,30,0.03000,BL,0,21,19.59000
37.5140,632,2,30,0.03000,FR,0,13,19.35000
37.5140,632,2,30,0.03000,BR,0,6,19.14000
37.5140,632,2,30,0.03000,BR,1,36,20.04000
37.5240,632,2,30,0.03000,FL,0,28,19.80000
37.5240,632,2,30,0.03000,BL,0,21,19.59000
37.5240,632,2,30,0.03000,FR,0,13,19.35000
37.5240,632,2,30,0.03000,BR,0,6,19.14000
37.5240,632,2,30,0.03000,BR,1,36,20.04000
37.5340,633,3,30,0.03000,FL,0,27,19.80000
37.5340,633,3,30,0.03000,BL,0,20,19.59000
37.5340,633,3,30,0.03000,FR,0,12,19.35000
37.5340,633,3,30,0.03000,BR,0,5,19.14000
37.5340,633,3,30,0.03000,BR,1,35,20.04000
37.5420,633,3,30,0.03000,FL,0,27,19.80000
37.5420,633,3,30,0.03000,BL,0,20,19.59000
37.5420,633,3,30,0.03000,FR,0,12,19.35000
37.5420,633,3,30,0.03000,BR,0,5,19.14000
37.5420,633,3,30,0.03000,BR,1,35,20.04000
37.5520,633,3,30,0.03000,FL,0,27,19.80000
37.5520,633,3,30,0.03000,BL,0,20,19.59000
37.5520,633,3,30,0.03000,FR,0,12,19.35000
37.5520,633,3,30,0.03000,BR,0,5,19.14000
37.5520,633,3,30,0.03000,BR,1,35,20.04000
37.5620,633,3,30,0.03000,FL,0,27,19.80000
37.5620,633,3,30,0.03000,BL,0,20,19.59000
37.5620,633,3,30,0.03000,FR,0,12,19.35000
37.5620,633,3,30,0.03000,BR,0,5,19.14000
37.5620,633,3,30,0.03000,BR,1,35,20.04000
37.5720,634,4,30,0.03000,FL,0,26,19.80000
37.5720,634,4,30,0.03000,BL,0,19,19.59000
37.5720,634,4,30,0.03000,FR,0,11,19.35000
37.5720,634,4,30,0.03000,BR,0,4,19.14000
37.5720,634,4,30,0.03000,BR,1,34,20.04000
37.5840,634,4,30,0.03000,FL,0,26,19.80000
37.5840,634,4,30,0.03000,BL,0,19,19.59000
37.5840,634,4,30,0.03000,FR,0,11,19.35000
37.5840,634,4,30,0.03000,BR,0,4,19.14000
37.5840,634,4,30,0.03000,BR,1,34,20.04000
37.6000,635,5,30,0.03000,FL,0,25,19.80000
37.6000,635,5,30,0.03000,BL,0,18,19.59000
37.6000,635,5,30,0.03000,FR,0,10,19.35000
37.6000,635,5,30,0.03000,BR,0,3,19.14000
37.6000,635,5,30,0.03000,BR,1,33,20.04000
37.6120,635,5,30,0.03000,FL,0,25,19.80000
37.6120,635,5,30,0.03000,BL,0,18,19.59000
37.6120,635,5,30,0.03000,FR,0,10,19.35000
37.6120,635,5,30,0.03000,BR,0,3,19.14000
37.6120,635,5,30,0.03000,BR,1,33,20.04000
37.6220,635,5,30,0.03000,FL,0,25,19.80000
37.6220,635,5,30,0.03000,BL,0,18,19.59000
37.6220,635,5,30,0.03000,FR,0,10,19.35000
37.6220,635,5,30,0.03000,BR,0,3,19.14000
37.6220,635,5,30,0.03000,BR,1,33,20.04000
37.6320,636,6,30,0.03000,FL,0,24,19.80000
37.6320,636,6,30,0.03000,BL,0,17,19.59000
37.6320,636,6,30,0.03000,FR,0,9,19.35000
37.6320,636,6,30,0.03000,FR,1,39,20.25000
37.6320,636,6,30,0.03000,BR,0,2,19.14000
37.6320,636,6,30,0.03000,BR,1,32,20.04000
37.6420,636,6,30,0.03000,FL,0,24,19.80000
37.6420,636,6,30,0.03000,BL,0,17,19.59000
37.6420,636,6,30,0.03000,FR,0,9,19.35000
37.6420,636,6,30,0.03000,FR,1,39,20.25000
37.6420,636,6,30,0.03000,BR,0,2,19.14000
37.6420,636,6,30,0.03000,BR,1,32,20.04000
37.6500,636,6,30,0.03000,FL,0,24,19.80000
37.6500,636,6,30,0.03000,BL,0,17,19.59000
37.6500,636,6,30,0.03000,FR,0,9,19.35000
37.6500,636,6,30,0.03000,FR,1,39,20.25000
37.6500,636,6,30,0.03000,BR,0,2,19.14000
37.6500,636,6,30,0.03000,BR,1,32,20.04000
37.6600,637,7,30,0.03000,FL,0,23,19.80000
37.6600,637,7,30,0.03000,BL,0,16,19.59000
37.6600,637,7,30,0.03000,FR,0,8,19.35000
37.6600,637,7,30,0.03000,FR,1,38,20.25000
37.6600,637,7,30,0.03000,BR,0,1,19.14000
37.6600,637,7,30,0.03000,BR,1,31,20.04000
37.6780,637,7,30,0.03000,FL,0,23,19.80000
37.6780,637,7,30,0.03000,BL,0,16,19.59000
37.6780,637,7,30,0.03000,FR,0,8,19.35000
37.6780,637,7,30,0.03000,FR,1,38,20.25000
37.6780,637,7,30,0.03000,BR,0,1,19.14000
37.6780,637,7,30,0.03000,BR,1,31,20.04000
37.6880,638,8,30,0.03000,FL,0,22,19.80000
37.6880,638,8,30,0.03000,BL,0,15,19.59000
37.6880,638,8,30,0.03000,FR,0,7,19.35000
37.6880,638,8,30,0.03000,FR,1,37,20.25000
37.6880,638,8,30,0.03000,BR,0,30,20.04000
37.6980,638,8,30,0.03000,FL,0,22,19.80000
37.6980,638,8,30,0.03000,BL,0,15,19.59000
37.6980,638,8,30,0.03000,FR,0,7,19.35000
37.6980,638,8,30,0.03000,FR,1,37,20.25000
37.6980,638,8,30,0.03000,BR,0,30,20.04000
37.7080,638,8,30,0.03000,FL,0,22,19.80000
37.7080,638,8,30,0.03000,BL,0,15,19.59000
37.7080,638,8,30,0.03000,FR,0,7,19.35000
37.7080,638,8,30,0.03000,FR,1,37,20.25000
37.7080,638,8,30,0.03000,BR,0,30,20.04000
37.7160,639,9,30,0.03000,FL,0,21,19.80000
37.7160,639,9,30,0.03000,BL,0,14,19.59000
37.7160,639,9,30,0.03000,FR,0,6,19.35000
37.7160,639,9,30,0.03000,FR,1,36,20.25000
37.7160,639,9,30,0.03000,BR,0,29,20.04000
37.7240,639,9,30,0.03000,FL,0,21,19.80000
37.7240,639,9,30,0.03000,BL,0,14,19.59000
37.7240,639,9,30,0.03000,FR,0,6,19.35000
37.7240,639,9,30,0.03000,FR,1,36,20.25000
37.7240,639,9,30,0.03000,BR,0,29,20.04000
37.7360,639,9,30,0.03000,FL,0,21,19.80000
37.7360,639,9,30,0.03000,BL,0,14,19.59000
37.7360,639,9,30,0.03000,FR,0,6,19.35000
37.7360,639,9,30,0.03000,FR,1,36,20.25000
37.7360,639,9,30,0.03000,BR,0,29,20.04000
37.7440,640,10,30,0.03000,FL,0,20,19.80000
37.7440,640,10,30,0.03000,BL,0,13,19.59000
37.7440,640,10,30,0.03000,FR,0,5,19.35000
37.7440,640,10,30,0.03000,FR,1,35,20.25000
37.7440,640,10,30,0.03000,BR,0,28,20.04000
37.7540,640,10,30,0.03000,FL,0,20,19.80000
37.7540,640,10,30,0.03000,BL,0,13,19.59000
37.7540,640,10,30,0.03000,FR,0,5,19.35000
37.7540,640,10,30,0.03000,FR,1,35,20.25000
37.7540,640,10,30,0.03000,BR,0,28,20.04000
37.7620,640,10,30,0.03000,FL,0,20,19.80000
37.7620,640,10,30,0.03000,BL,0,13,19.59000
37.7620,640,10,30,0.03000,FR,0,5,19.35000
37.7620,640,10,30,0.03000,FR,1,35,20.25000
37.7620,640,10,30,0.03000,BR,0,28,20.04000
37.7740,641,11,30,0.03000,FL,0,19,19.80000
37.7740,641,11,30,0.03000,BL,0,12,19.59000
37.7740,641,11,30,0.03000,FR,0,4,19.35000
37.7740,641,11,30,0.03000,FR,1,34,20.25000
37.7740,641,11,30,0.03000,BR,0,27,20.04000
37.7840,641,11,30,0.03000,FL,0,19,19.80000
37.7840,641,11,30,0.03000,BL,0,12,19.59000
37.7840,641,11,30,0.03000,FR,0,4,19.35000
37.7840,641,11,30,0.03000,FR,1,34,20.25000
37.7840,641,11,30,0.03000,BR,0,27,20.04000
37.7920,641,11,30,0.03000,FL,0,19,19.80000
37.7920,641,11,30,0.03000,BL,0,12,19.59000
37.7920,641,11,30,0.03000,FR,0,4,19.35000
37.7920,641,11,30,0.03000,FR,1,34,20.25000
37.7920,641,11,30,0.03000,BR,0,27,20.04000
37.8040,642,12,30,0.03000,FL,0,18,19.80000
37.8040,642,12,30,0.03000,BL,0,11,19.59000
37.8040,642,12,30,0.03000,FR,0,3,19.35000
37.8040,642,12,30,0.03000,FR,1,33,20.25000
37.8040,642,12,30,0.03000,BR,0,26,20.04000
37.8180,642,12,30,0.03000,FL,0,18,19.80000
37.8180,642,12,30,0.03000,BL,0,11,19.59000
37.8180,642,12,30,0.03000,FR,0,3,19.35000
37.8180,642,12,30,0.03000,FR,1,33,20.25000
37.8180,642,12,30,0.03000,BR,0,26,20.04000
37.8280,642,12,30,0.03000,FL,0,18,19.80000
37.8280,642,12,30,0.03000,BL,0,11,19.59000
37.8280,642,12,30,0.03000,FR,0,3,19.35000
37.8280,642,12,30,0.03000,FR,1,33,20.25000
37.8280,642,12,30,0.03000,BR,0,26,20.04000
37.8380,643,13,30,0.03000,FL,0,17,19.80000
37.8380,643,13,30,0.03000,BL,0,10,19.59000
37.8380,643,13,30,0.03000,FR,0,2,19.35000
37.8380,643,13,30,0.03000,FR,1,32,20.25000
37.8380,643,13,30,0.03000,BR,0,25,20.04000
37.8460,643,13,30,0.03000,FL,0,17,19.80000
37.8460,643,13,30,0.03000,BL,0,10,19.59000
37.8460,643,13,30,0.03000,FR,0,2,19.35000
37.8460,643,13,30,0.03000,FR,1,32,20.25000
37.8460,643,13,30,0.03000,BR,0,25,20.04000
37.8560,643,13,30,0.03000,FL,0,17,19.80000
37.8560,643,13,30,0.03000,BL,0,10,19.59000
37.8560,643,13,30,0.03000,FR,0,2,19.35000
37.8560,643,13,30,0.03000,FR,1,32,20.25000
37.8560,643,13,30,0.03000,BR,0,25,20.04000
37.8660,644,14,30,0.03000,FL,0,16,19.80000
37.8660,644,14,30,0.03000,BL,0,9,19.59000
37.8660,644,14,30,0.03000,BL,1,39,20.49000
37.8660,644,14,30,0.03000,FR,0,1,19.35000
37.8660,644,14,30,0.03000,FR,1,31,20.25000
37.8660,644,14,30,0.03000,BR,0,24,20.04000
37.8760,644,14,30,0.03000,FL,0,16,19.80000
37.8760,644,14,30,0.03000,BL,0,9,19.59000
37.8760,644,14,30,0.03000,BL,1,39,20.49000
37.8760,644,14,30,0.03000,FR,0,1,19.35000
37.8760,644,14,30,0.03000,FR,1,31,20.25000
37.8760,644,14,30,0.03000,BR,0,24,20.04000
37.8840,644,14,30,0.03000,FL,0,16,19.80000
37.8840,644,14,30,0.03000,BL,0,9,19.59000
37.8840,644,14,30,0.03000,BL,1,39,20.49000
37.8840,644,14,30,0.03000,FR,0,1,19.35000
37.8840,644,14,30,0.03000,FR,1,31,20.25000
37.8840,644,14,30,0.03000,BR,0,24,20.04000
37.8980,645,15,30,0.03000,FL,0,15,19.80000
37.8980,645,15,30,0.03000,BL,0,8,19.59000
37.8980,645,15,30,0.03000,BL,1,38,20.49000
37.8980,645,15,30,0.03000,FR,0,30,20.25000
37.8980,645,15,30,0.03000,BR,0,23,20.04000
37.9240,646,16,30,0.03000,FL,0,14,19.80000
37.9240,646,16,30,0.03000,BL,0,7,19.59000
37.9240,646,16,30,0.03000,BL,1,37,20.49000
37.9240,646,16,30,0.03000,FR,0,29,20.25000
37.9240,646,16,30,0.03000,BR,0,22,20.04000
37.9360,646,16,30,0.03000,FL,0,14,19.80000
37.9360,646,16,30,0.03000,BL,0,7,19.59000
37.9360,646,16,30,0.03000,BL,1,37,20.49000
37.9360,646,16,30,0.03000,FR,0,29,20.25000
37.9360,646,16,30,0.03000,BR,0,22,20.04000
37.9440,646,16,30,0.03000,FL,0,14,19.80000
37.9440,646,16,30,0.03000,BL,0,7,19.59000
37.9440,646,16,30,0.03000,BL,1,37,20.49000
37.9440,646,16,30,0.03000,FR,0,29,20.25000
37.9440,646,16,30,0.03000,BR,0,22,20.04000
37.9560,647,17,30,0.03000,FL,0,13,19.80000
37.9560,647,17,30,0.03000,BL,0,6,19.59000
37.9560,647,17,30,0.03000,BL,1,36,20.49000
37.9560,647,17,30,0.03000,FR,0,28,20.25000
37.9560,647,17,30,0.03000,BR,0,21,20.04000
37.9640,647,17,30,0.03000,FL,0,13,19.80000
37.9640,647,17,30,0.03000,BL,0,6,19.59000
37.9640,647,17,30,0.03000,BL,1,36,20.49000
37.9640,647,17,30,0.03000,FR,0,28,20.25000
37.9640,647,17,30,0.03000,BR,0,21,20.04000
37.9760,647,17,30,0.03000,FL,0,13,19.80000
37.9760,647,17,30,0.03000,BL,0,6,19.59000
37.9760,647,17,30,0.03000,BL,1,36,20.49000
37.9760,647,17,30,0.03000,FR,0,28,20.25000
37.9760,647,17,30,0.03000,BR,0,21,20.04000
37.9840,648,18,30,0.03000,FL,0,12,19.80000
37.9840,648,18,30,0.03000,BL,0,5,19.59000
37.9840,648,18,30,0.03000,BL,1,35,20.49000
37.9840,648,18,30,0.03000,FR,0,27,20.25000
37.9840,648,18,30,0.03000,BR,0,20,20.04000
37.9940,648,18,30,0.03000,FL,0,12,19.80000
37.9940,648,18,30,0.03000,BL,0,5,19.59000
37.9940,648,18,30,0.03000,BL,1,35,20.49000
37.9940,648,18,30,0.03000,FR,0,27,20.25000
37.9940,648,18,30,0.03000,BR,0,20,20.04000
38.0040,648,18,30,0.03000,FL,0,12,19.80000
38.0040,648,18,30,0.03000,BL,0,5,19.59000
38.0040,648,18,30,0.03000,BL,1,35,20.49000
38.0040,648,18,30,0.03000,FR,0,27,20.25000
38.0040,648,18,30,0.03000,BR,0,20,20.04000
38.0120,648,18,30,0.03000,FL,0,12,19.80000
38.0120,648,18,30,0.03000,BL,0,5,19.59000
38.0120,648,18,30,0.03000,BL,1,35,20.49000
38.0120,648,18,30,0.03000,FR,0,27,20.25000
38.0120,648,18,30,0.03000,BR,0,20,20.04000
38.0220,649,19,30,0.03000,FL,0,11,19.80000
38.0220,649,19,30,0.03000,BL,0,4,19.59000
38.0220,649,19,30,0.03000,BL,1,34,20.49000
38.0220,649,19,30,0.03000,FR,0,26,20.25000
38.0220,649,19,30,0.03000,BR,0,19,20.04000
38.0320,649,19,30,0.03000,FL,0,11,19.80000
38.0320,649,19,30,0.03000,BL,0,4,19.59000
38.0320,649,19,30,0.03000,BL,1,34,20.49000
38.0320,649,19,30,0.03000,FR,0,26,20.25000
38.0320,649,19,30,0.03000,BR,0,19,20.04000
38.0400,649,19,30,0.03000,FL,0,11,19.80000
38.0400,649,19,30,0.03000,BL,0,4,19.59000
38.0400,649,19,30,0.03000,BL,1,34,20.49000
38.0400,649,19,30,0.03000,FR,0,26,20.25000
38.0400,649,19,30,0.03000,BR,0,19,20.04000
38.0500,650,20,30,0.03000,FL,0,10,19.80000
38.0500,650,20,30,0.03000,BL,0,3,19.59000
38.0500,650,20,30,0.03000,BL,1,33,20.49000
38.0500,650,20,30,0.03000,FR,0,25,20.25000
38.0500,650,20,30,0.03000,BR,0,18,20.04000
38.0600,650,20,30,0.03000,FL,0,10,19.80000
38.0600,650,20,30,0.03000,BL,0,3,19.59000
38.0600,650,20,30,0.03000,BL,1,33,20.49000
38.0600,650,20,30,0.03000,FR,0,25,20.25000
38.0600,650,20,30,0.03000,BR,0,18,20.04000
38.0680,650,20,30,0.03000,FL,0,10,19.80000
38.0680,650,20,30,0.03000,BL,0,3,19.59000
38.0680,650,20,30,0.03000,BL,1,33,20.49000
38.0680,650,20,30,0.03000,FR,0,25,20.25000
38.0680,650,20,30,0.03000,BR,0,18,20.04000
38.0760,651,21,30,0.03000,FL,0,9,19.80000
38.0760,651,21,30,0.03000,FL,1,39,20.70000
38.0760,651,21,30,0.03000,BL,0,2,19.59000
38.0760,651,21,30,0.03000,BL,1,32,20.49000
38.0760,651,21,30,0.03000,FR,0,24,20.25000
38.0760,651,21,30,0.03000,BR,0,17,20.04000
38.0860,651,21,30,0.03000,FL,0,9,19.80000
38.0860,651,21,30,0.03000,FL,1,39,20.70000
38.0860,651,21,30,0.03000,BL,0,2,19.59000
38.0860,651,21,30,0.03000,BL,1,32,20.49000
38.0860,651,21,30,0.03000,FR,0,24,20.25000
38.0860,651,21,30,0.03000,BR,0,17,20.04000
38.0960,651,21,30,0.03000,FL,0,9,19.80000
38.0960,651,21,30,0.03000,FL,1,39,20.70000
38.0960,651,21,30,0.03000,BL,0,2,19.59000
38.0960,651,21,30,0.03000,BL,1,32,20.49000
38.0960,651,21,30,0.03000,FR,0,24,20.25000
38.0960,651,21,30,0.03000,BR,0,17,20.04000
38.1060,652,22,30,0.03000,FL,0,8,19.80000
38.1060,652,22,30,0.03000,FL,1,38,20.70000
38.1060,652,22,30,0.03000,BL,0,1,19.59000
38.1060,652,22,30,0.03000,BL,1,31,20.49000
38.1060,652,22,30,0.03000,FR,0,23,20.25000
38.1060,652,22,30,0.03000,BR,0,16,20.04000
38.1240,652,22,30,0.03000,FL,0,8,19.80000
38.1260,652,22,30,0.03000,FL,1,38,20.70000
38.1260,652,22,30,0.03000,BL,0,1,19.59000
38.1260,652,22,30,0.03000,BL,1,31,20.49000
38.1260,652,22,30,0.03000,FR,0,23,20.25000
38.1260,652,22,30,0.03000,BR,0,16,20.04000
38.1340,653,23,30,0.03000,FL,0,7,19.80000
38.1340,653,23,30,0.03000,FL,1,37,20.70000
38.1340,653,23,30,0.03000,BL,0,30,20.49000
38.1340,653,23,30,0.03000,FR,0,22,20.25000
38.1340,653,23,30,0.03000,BR,0,15,20.04000
38.1440,653,23,30,0.03000,FL,0,7,19.80000
38.1440,653,23,30,0.03000,FL,1,37,20.70000
38.1440,653,23,30,0.03000,BL,0,30,20.49000
38.1440,653,23,30,0.03000,FR,0,22,20.25000
38.1440,653,23,30,0.03000,BR,0,15,20.04000
38.1520,653,23,30,0.03000,FL,0,7,19.80000
38.1520,653,23,30,0.03000,FL,1,37,20.70000
38.1520,653,23,30,0.03000,BL,0,30,20.49000
38.1520,653,23,30,0.03000,FR,0,22,20.25000
38.1520,653,23,30,0.03000,BR,0,15,20.04000
38.1620,653,23,30,0.03000,FL,0,7,19.80000
38.1620,653,23,30,0.03000,FL,1,37,20.70000
38.1620,653,23,30,0.03000,BL,0,30,20.49000
38.1620,653,23,30,0.03000,FR,0,22,20.25000
38.1620,653,23,30,0.03000,BR,0,15,20.04000
38.1720,654,24,30,0.03000,FL,0,6,19.80000
38.1720,654,24,30,0.03000,FL,1,36,20.70000
38.1720,654,24,30,0.03000,BL,0,29,20.49000
38.1720,654,24,30,0.03000,FR,0,21,20.25000
38.1720,654,24,30,0.03000,BR,0,14,20.04000
38.1800,654,24,30,0.03000,FL,0,6,19.80000
38.1800,654,24,30,0.03000,FL,1,36,20.70000
38.1800,654,24,30,0.03000,BL,0,29,20.49000
38.1800,654,24,30,0.03000,FR,0,21,20.25000
38.1800,654,24,30,0.03000,BR,0,14,20.04000
38.1900,654,24,30,0.03000,FL,0,6,19.80000
38.1900,654,24,30,0.03000,FL,1,36,20.70000
38.1900,654,24,30,0.03000,BL,0,29,20.49000
38.1900,654,24,30,0.03000,FR,0,21,20.25000
38.1900,654,24,30,0.03000,BR,0,14,20.04000
38.1980,655,25,30,0.03000,FL,0,5,19.80000
38.1980,655,25,30,0.03000,FL,1,35,20.70000
38.1980,655,25,30,0.03000,BL,0,28,20.49000
38.1980,655,25,30,0.03000,FR,0,20,20.25000
38.1980,655,25,30,0.03000,BR,0,13,20.04000
38.2080,655,25,30,0.03000,FL,0,5,19.80000
38.2080,655,25,30,0.03000,FL,1,35,20.70000
38.2080,655,25,30,0.03000,BL,0,28,20.49000
38.2080,655,25,30,0.03000,FR,0,20,20.25000
38.2080,655,25,30,0.03000,BR,0,13,20.04000
38.2180,655,25,30,0.03000,FL,0,5,19.80000
38.2180,655,25,30,0.03000,FL,1,35,20.70000
38.2180,655,25,30,0.03000,BL,0,28,20.49000
38.2180,655,25,30,0.03000,FR,0,20,20.25000
38.2180,655,25,30,0.03000,BR,0,13,20.04000
38.2280,656,26,30,0.03000,FL,0,4,19.80000
38.2280,656,26,30,0.03000,FL,1,34,20.70000
38.2280,656,26,30,0.03000,BL,0,27,20.49000
38.2280,656,26,30,0.03000,FR,0,19,20.25000
38.2280,656,26,30,0.03000,BR,0,12,20.04000
38.2360,656,26,30,0.03000,FL,0,4,19.80000
38.2360,656,26,30,0.03000,FL,1,34,20.70000
38.2360,656,26,30,0.03000,BL,0,27,20.49000
38.2360,656,26,30,0.03000,FR,0,19,20.25000
38.2360,656,26,30,0.03000,BR,0,12,20.04000
38.2460,656,26,30,0.03000,FL,0,4,19.80000
38.2460,656,26,30,0.03000,FL,1,34,20.70000
38.2460,656,26,30,0.03000,BL,0,27,20.49000
38.2460,656,26,30,0.03000,FR,0,19,20.25000
38.2460,656,26,30,0.03000,BR,0,12,20.04000
38.2540,657,27,30,0.03000,FL,0,3,19.80000
38.2540,657,27,30,0.03000,FL,1,33,20.70000
38.2540,657,27,30,0.03000,BL,0,26,20.49000
38.2540,657,27,30,0.03000,FR,0,18,20.25000
38.2540,657,27,30,0.03000,BR,0,11,20.04000
38.2640,657,27,30,0.03000,FL,0,3,19.80000
38.2640,657,27,30,0.03000,FL,1,33,20.70000
38.2640,657,27,30,0.03000,BL,0,26,20.49000
38.2640,657,27,30,0.03000,FR,0,18,20.25000
38.2640,657,27,30,0.03000,BR,0,11,20.04000
38.2740,657,27,30,0.03000,FL,0,3,19.80000
38.2740,657,27,30,0.03000,FL,1,33,20.70000
38.2740,657,27,30,0.03000,BL,0,26,20.49000
38.2740,657,27,30,0.03000,FR,0,18,20.25000
38.2740,657,27,30,0.03000,BR,0,11,20.04000
38.2820,657,27,30,0.03000,FL,0,3,19.80000
38.2820,657,27,30,0.03000,FL,1,33,20.70000
38.2820,657,27,30,0.03000,BL,0,26,20.49000
38.2820,657,27,30,0.03000,FR,0,18,20.25000
38.2820,657,27,30,0.03000,BR,0,11,20.04000
38.2920,658,28,30,0.03000,FL,0,2,19.80000
38.2920,658,28,30,0.03000,FL,1,32,20.70000
38.2920,658,28,30,0.03000,BL,0,25,20.49000
38.2920,658,28,30,0.03000,FR,0,17,20.25000
38.2920,658,28,30,0.03000,BR,0,10,20.04000
38.3020,658,28,30,0.03000,FL,0,2,19.80000
38.3020,658,28,30,0.03000,FL,1,32,20.70000
38.3020,658,28,30,0.03000,BL,0,25,20.49000
38.3020,658,28,30,0.03000,FR,0,17,20.25000
38.3020,658,28,30,0.03000,BR,0,10,20.04000
38.3140,659,29,30,0.03000,FL,0,1,19.80000
38.3140,659,29,30,0.03000,FL,1,31,20.70000
38.3140,659,29,30,0.03000,BL,0,24,20.49000
38.3140,659,29,30,0.03000,FR,0,16,20.25000
38.3140,659,29,30,0.03000,BR,0,9,20.04000
38.3140,659,29,30,0.03000,BR,1,39,20.94000
38.3220,659,29,30,0.03000,FL,0,1,19.80000
38.3220,659,29,30,0.03000,FL,1,31,20.70000
38.3220,659,29,30,0.03000,BL,0,24,20.49000
38.3220,659,29,30,0.03000,FR,0,16,20.25000
38.3220,659,29,30,0.03000,BR,0,9,20.04000
38.3220,659,29,30,0.03000,BR,1,39,20.94000
38.3320,659,29,30,0.03000,FL,0,1,19.80000
38.3320,659,29,30,0.03000,FL,1,31,20.70000
38.3320,659,29,30,0.03000,BL,0,24,20.49000
38.3320,659,29,30,0.03000,FR,0,16,20.25000
38.3320,659,29,30,0.03000,BR,0,9,20.04000
38.3320,659,29,30,0.03000,BR,1,39,20.94000
38.3420,659,29,30,0.03000,FL,0,1,19.80000
38.3420,659,29,30,0.03000,FL,1,31,20.70000
38.3420,659,29,30,0.03000,BL,0,24,20.49000
38.3420,659,29,30,0.03000,FR,0,16,20.25000
38.3420,659,29,30,0.03000,BR,0,9,20.04000
38.3420,659,29,30,0.03000,BR,1,39,20.94000
38.3500,660,0,30,0.03000,FL,0,30,20.70000
38.3500,660,0,30,0.03000,BL,0,23,20.49000
38.3500,660,0,30,0.03000,FR,0,15,20.25000
38.3500,660,0,30,0.03000,BR,0,8,20.04000
38.3500,660,0,30,0.03000,BR,1,38,20.94000
38.3700,660,0,30,0.03000,FL,0,30,20.70000
38.3700,660,0,30,0.03000,BL,0,23,20.49000
38.3700,660,0,30,0.03000,FR,0,15,20.25000
38.3700,660,0,30,0.03000,BR,0,8,20.04000
38.3700,660,0,30,0.03000,BR,1,38,20.94000
38.3800,661,1,30,0.03000,FL,0,29,20.70000
38.3800,661,1,30,0.03000,BL,0,22,20.49000
38.3800,661,1,30,0.03000,FR,0,14,20.25000
38.3800,661,1,30,0.03000,BR,0,7,20.04000
38.3800,661,1,30,0.03000,BR,1,37,20.94000
38.3880,661,1,30,0.03000,FL,0,29,20.70000
38.3880,661,1,30,0.03000,BL,0,22,20.49000
38.3880,661,1,30,0.03000,FR,0,14,20.25000
38.3880,661,1,30,0.03000,BR,0,7,20.04000
38.3880,661,1,30,0.03000,BR,1,37,20.94000
38.4000,661,1,30,0.03000,FL,0,29,20.70000
38.4000,661,1,30,0.03000,BL,0,22,20.49000
38.4000,661,1,30,0.03000,FR,0,14,20.25000
38.4000,661,1,30,0.03000,BR,0,7,20.04000
38.4000,661,1,30,0.03000,BR,1,37,20.94000
38.4120,662,2,30,0.03000,FL,0,28,20.70000
38.4120,662,2,30,0.03000,BL,0,21,20.49000
38.4120,662,2,30,0.03000,FR,0,13,20.25000
38.4120,662,2,30,0.03000,BR,0,6,20.04000
38.4120,662,2,30,0.03000,BR,1,36,20.94000
38.4200,662,2,30,0.03000,FL,0,28,20.70000
38.4200,662,2,30,0.03000,BL,0,21,20.49000
38.4200,662,2,30,0.03000,FR,0,13,20.25000
38.4200,662,2,30,0.03000,BR,0,6,20.04000
38.4200,662,2,30,0.03000,BR,1,36,20.94000
38.4340,663,3,30,0.03000,FL,0,27,20.70000
38.4340,663,3,30,0.03000,BL,0,20,20.49000
38.4340,663,3,30,0.03000,FR,0,12,20.25000
38.4340,663,3,30,0.03000,BR,0,5,20.04000
38.4340,663,3,30,0.03000,BR,1,35,20.94000
38.4420,663,3,30,0.03000,FL,0,27,20.70000
38.4420,663,3,30,0.03000,BL,0,20,20.49000
38.4420,663,3,30,0.03000,FR,0,12,20.25000
38.4420,663,3,30,0.03000,BR,0,5,20.04000
38.4420,663,3,30,0.03000,BR,1,35,20.94000
38.4520,663,3,30,0.03000,FL,0,27,20.70000
38.4520,663,3,30,0.03000,BL,0,20,20.49000
38.4520,663,3,30,0.03000,FR,0,12,20.25000
38.4520,663,3,30,0.03000,BR,0,5,20.04000
38.4520,663,3,30,0.03000,BR,1,35,20.94000
38.4620,663,3,30,0.03000,FL,0,27,20.70000
38.4620,663,3,30,0.03000,BL,0,20,20.49000
38.4620,663,3,30,0.03000,FR,0,12,20.25000
38.4620,663,3,30,0.03000,BR,0,5,20.04000
38.4620,663,3,30,0.03000,BR,1,35,20.94000
38.4700,664,4,30,0.03000,FL,0,26,20.70000
38.4700,664,4,30,0.03000,BL,0,19,20.49000
38.4700,664,4,30,0.03000,FR,0,11,20.25000
38.4700,664,4,30,0.03000,BR,0,4,20.04000
38.4700,664,4,30,0.03000,BR,1,34,20.94000
38.4800,664,4,30,0.03000,FL,0,26,20.70000
38.4800,664,4,30,0.03000,BL,0,19,20.49000
38.4800,664,4,30,0.03000,FR,0,11,20.25000
38.4800,664,4,30,0.03000,BR,0,4,20.04000
38.4800,664,4,30,0.03000,BR,1,34,20.94000
38.4900,664,4,30,0.03000,FL,0,26,20.70000
38.4900,664,4,30,0.03000,BL,0,19,20.49000
38.4900,664,4,30,0.03000,FR,0,11,20.25000
38.4900,664,4,30,0.03000,BR,0,4,20.04000
38.4900,664,4,30,0.03000,BR,1,34,20.94000
38.4980,665,5,30,0.03000,FL,0,25,20.70000
38.4980,665,5,30,0.03000,BL,0,18,20.49000
38.4980,665,5,30,0.03000,FR,0,10,20.25000
38.4980,665,5,30,0.03000,BR,0,3,20.04000
38.4980,665,5,30,0.03000,BR,1,33,20.94000
38.5080,665,5,30,0.03000,FL,0,25,20.70000
38.5080,665,5,30,0.03000,BL,0,18,20.49000
38.5080,665,5,30,0.03000,FR,0,10,20.25000
38.5080,665,5,30,0.03000,BR,0,3,20.04000
38.5080,665,5,30,0.03000,BR,1,33,20.94000
38.5180,665,5,30,0.03000,FL,0,25,20.70000
38.5180,665,5,30,0.03000,BL,0,18,20.49000
38.5180,665,5,30,0.03000,FR,0,10,20.25000
38.5180,665,5,30,0.03000,BR,0,3,20.04000
38.5180,665,5,30,0.03000,BR,1,33,20.94000
38.5260,666,6,30,0.03000,FL,0,24,20.70000
38.5260,666,6,30,0.03000,BL,0,17,20.49000
38.5260,666,6,30,0.03000,FR,0,9,20.25000
38.5260,666,6,30,0.03000,FR,1,39,21.15000
38.5260,666,6,30,0.03000,BR,0,2,20.04000
38.5260,666,6,30,0.03000,BR,1,32,20.94000
38.5360,666,6,30,0.03000,FL,0,24,20.70000
38.5360,666,6,30,0.03000,BL,0,17,20.49000
38.5360,666,6,30,0.03000,FR,0,9,20.25000
38.5360,666,6,30,0.03000,FR,1,39,21.15000
38.5360,666,6,30,0.03000,BR,0,2,20.04000
38.5360,666,6,30,0.03000,BR,1,32,20.94000
38.5460,666,6,30,0.03000,FL,0,24,20.70000
38.5460,666,6,30,0.03000,BL,0,17,20.49000
38.5460,666,6,30,0.03000,FR,0,9,20.25000
38.5460,666,6,30,0.03000,FR,1,39,21.15000
38.5460,666,6,30,0.03000,BR,0,2,20.04000
38.5460,666,6,30,0.03000,BR,1,32,20.94000
38.5540,667,7,30,0.03000,FL,0,23,20.70000
38.5540,667,7,30,0.03000,BL,0,16,20.49000
38.5540,667,7,30,0.03000,FR,0,8,20.25000
38.5540,667,7,30,0.03000,FR,1,38,21.15000
38.5540,667,7,30,0.03000,BR,0,1,20.04000
38.5540,667,7,30,0.03000,BR,1,31,20.94000
38.5760,667,7,30,0.03000,FL,0,23,20.70000
38.5760,667,7,30,0.03000,BL,0,16,20.49000
38.5760,667,7,30,0.03000,FR,0,8,20.25000
38.5760,667,7,30,0.03000,FR,1,38,21.15000
38.5760,667,7,30,0.03000,BR,0,1,20.04000
38.5760,667,7,30,0.03000,BR,1,31,20.94000
38.5840,668,8,30,0.03000,FL,0,22,20.70000
38.5840,668,8,30,0.03000,BL,0,15,20.49000
38.5840,668,8,30,0.03000,FR,0,7,20.25000
38.5840,668,8,30,0.03000,FR,1,37,21.15000
38.5840,668,8,30,0.03000,BR,0,30,20.94000
38.5940,668,8,30,0.03000,FL,0,22,20.70000
38.5940,668,8,30,0.03000,BL,0,15,20.49000
38.5940,668,8,30,0.03000,FR,0,7,20.25000
38.5940,668,8,30,0.03000,FR,1,37,21.15000
38.5940,668,8,30,0.03000,BR,0,30,20.94000
38.6040,668,8,30,0.03000,FL,0,22,20.70000
38.6040,668,8,30,0.03000,BL,0,15,20.49000
38.6040,668,8,30,0.03000,FR,0,7,20.25000
38.6040,668,8,30,0.03000,FR,1,37,21.15000
38.6040,668,8,30,0.03000,BR,0,30,20.94000
38.6140,669,9,30,0.03000,FL,0,21,20.70000
38.6140,669,9,30,0.03000,BL,0,14,20.49000
38.6140,669,9,30,0.03000,FR,0,6,20.25000
38.6140,669,9,30,0.03000,FR,1,36,21.15000
38.6140,669,9,30,0.03000,BR,0,29,20.94000
38.6280,669,9,30,0.03000,FL,0,21,20.70000
38.6280,669,9,30,0.03000,BL,0,14,20.49000
38.6280,669,9,30,0.03000,FR,0,6,20.25000
38.6280,669,9,30,0.03000,FR,1,36,21.15000
38.6280,669,9,30,0.03000,BR,0,29,20.94000
38.6380,669,9,30,0.03000,FL,0,21,20.70000
38.6380,669,9,30,0.03000,BL,0,14,20.49000
38.6380,669,9,30,0.03000,FR,0,6,20.25000
38.6380,669,9,30,0.03000,FR,1,36,21.15000
38.6380,669,9,30,0.03000,BR,0,29,20.94000
38.6500,670,10,30,0.03000,FL,0,20,20.70000
38.6500,670,10,30,0.03000,BL,0,13,20.49000
38.6500,670,10,30,0.03000,FR,0,5,20.25000
38.6500,670,10,30,0.03000,FR,1,35,21.15000
38.6500,670,10,30,0.03000,BR,0,28,20.94000
38.6660,670,10,30,0.03000,FL,0,20,20.70000
38.6660,670,10,30,0.03000,BL,0,13,20.49000
38.6660,670,10,30,0.03000,FR,0,5,20.25000
38.6660,670,10,30,0.03000,FR,1,35,21.15000
38.6660,670,10,30,0.03000,BR,0,28,20.94000
38.6760,671,11,30,0.03000,FL,0,19,20.70000
38.6760,671,11,30,0.03000,BL,0,12,20.49000
38.6760,671,11,30,0.03000,FR,0,4,20.25000
38.6760,671,11,30,0.03000,FR,1,34,21.15000
38.6760,671,11,30,0.03000,BR,0,27,20.94000
38.6880,671,11,30,0.03000,FL,0,19,20.70000
38.6880,671,11,30,0.03000,BL,0,12,20.49000
38.6880,671,11,30,0.03000,FR,0,4,20.25000
38.6880,671,11,30,0.03000,FR,1,34,21.15000
38.6880,671,11,30,0.03000,BR,0,27,20.94000
38.6980,671,11,30,0.03000,FL,0,19,20.70000
38.6980,671,11,30,0.03000,BL,0,12,20.49000
38.6980,671,11,30,0.03000,FR,0,4,20.25000
38.6980,671,11,30,0.03000,FR,1,34,21.15000
38.6980,671,11,30,0.03000,BR,0,27,20.94000
38.7060,672,12,30,0.03000,FL,0,18,20.70000
38.7060,672,12,30,0.03000,BL,0,11,20.49000
38.7060,672,12,30,0.03000,FR,0,3,20.25000
38.7060,672,12,30,0.03000,FR,1,33,21.15000
38.7060,672,12,30,0.03000,BR,0,26,20.94000
38.7200,672,12,30,0.03000,FL,0,18,20.70000
38.7200,672,12,30,0.03000,BL,0,11,20.49000
38.7200,672,12,30,0.03000,FR,0,3,20.25000
38.7200,672,12,30,0.03000,FR,1,33,21.15000
38.7200,672,12,30,0.03000,BR,0,26,20.94000
38.7340,673,13,30,0.03000,FL,0,17,20.70000
38.7340,673,13,30,0.03000,BL,0,10,20.49000
38.7340,673,13,30,0.03000,FR,0,2,20.25000
38.7340,673,13,30,0.03000,FR,1,32,21.15000
38.7340,673,13,30,0.03000,BR,0,25,20.94000
38.7520,673,13,30,0.03000,FL,0,17,20.70000
38.7520,673,13,30,0.03000,BL,0,10,20.49000
38.7520,673,13,30,0.03000,FR,0,2,20.25000
38.7520,673,13,30,0.03000,FR,1,32,21.15000
38.7520,673,13,30,0.03000,BR,0,25,20.94000
38.7800,674,14,30,0.03000,FL,0,16,20.70000
38.7800,674,14,30,0.03000,BL,0,9,20.49000
38.7800,674,14,30,0.03000,BL,1,39,21.39000
38.7800,674,14,30,0.03000,FR,0,1,20.25000
38.7800,674,14,30,0.03000,FR,1,31,21.15000
38.7800,674,14,30,0.03000,BR,0,24,20.94000
38.7900,674,14,30,0.03000,FL,0,16,20.70000
38.7900,674,14,30,0.03000,BL,0,9,20.49000
38.7900,674,14,30,0.03000,BL,1,39,21.39000
38.7900,674,14,30,0.03000,FR,0,1,20.25000
38.7900,674,14,30,0.03000,FR,1,31,21.15000
38.7900,674,14,30,0.03000,BR,0,24,20.94000
38.7980,675,15,30,0.03000,FL,0,15,20.70000
38.7980,675,15,30,0.03000,BL,0,8,20.49000
38.7980,675,15,30,0.03000,BL,1,38,21.39000
38.7980,675,15,30,0.03000,FR,0,30,21.15000
38.7980,675,15,30,0.03000,BR,0,23,20.94000
38.8200,675,15,30,0.03000,FL,0,15,20.70000
38.8200,675,15,30,0.03000,BL,0,8,20.49000
38.8200,675,15,30,0.03000,BL,1,38,21.39000
38.8200,675,15,30,0.03000,FR,0,30,21.15000
38.8200,675,15,30,0.03000,BR,0,23,20.94000
38.8300,676,16,30,0.03000,FL,0,14,20.70000
38.8300,676,16,30,0.03000,BL,0,7,20.49000
38.8300,676,16,30,0.03000,BL,1,37,21.39000
38.8300,676,16,30,0.03000,FR,0,29,21.15000
38.8300,676,16,30,0.03000,BR,0,22,20.94000
38.8380,676,16,30,0.03000,FL,0,14,20.70000
38.8380,676,16,30,0.03000,BL,0,7,20.49000
38.8380,676,16,30,0.03000,BL,1,37,21.39000
38.8380,676,16,30,0.03000,FR,0,29,21.15000
38.8380,676,16,30,0.03000,BR,0,22,20.94000
38.8480,676,16,30,0.03000,FL,0,14,20.70000
38.8480,676,16,30,0.03000,BL,0,7,20.49000
38.8480,676,16,30,0.03000,BL,1,37,21.39000
38.8480,676,16,30,0.03000,FR,0,29,21.15000
38.8480,676,16,30,0.03000,BR,0,22,20.94000
38.8580,677,17,30,0.03000,FL,0,13,20.70000
38.8580,677,17,30,0.03000,BL,0,6,20.49000
38.8580,677,17,30,0.03000,BL,1,36,21.39000
38.8580,677,17,30,0.03000,FR,0,28,21.15000
38.8580,677,17,30,0.03000,BR,0,21,20.94000
38.8680,677,17,30,0.03000,FL,0,13,20.70000
38.8680,677,17,30,0.03000,BL,0,6,20.49000
38.8680,677,17,30,0.03000,BL,1,36,21.39000
38.8680,677,17,30,0.03000,FR,0,28,21.15000
38.8680,677,17,30,0.03000,BR,0,21,20.94000
38.8780,677,17,30,0.03000,FL,0,13,20.70000
38.8780,677,17,30,0.03000,BL,0,6,20.49000
38.8780,677,17,30,0.03000,BL,1,36,21.39000
38.8780,677,17,30,0.03000,FR,0,28,21.15000
38.8780,677,17,30,0.03000,BR,0,21,20.94000
38.8960,678,18,30,0.03000,FL,0,12,20.70000
38.8960,678,18,30,0.03000,BL,0,5,20.49000
38.8960,678,18,30,0.03000,BL,1,35,21.39000
38.8960,678,18,30,0.03000,FR,0,27,21.15000
38.8960,678,18,30,0.03000,BR,0,20,20.94000
38.9040,678,18,30,0.03000,FL,0,12,20.70000
38.9040,678,18,30,0.03000,BL,0,5,20.49000
38.9040,678,18,30,0.03000,BL,1,35,21.39000
38.9040,678,18,30,0.03000,FR,0,27,21.15000
38.9040,678,18,30,0.03000,BR,0,20,20.94000
38.9140,679,19,30,0.03000,FL,0,11,20.70000
38.9140,679,19,30,0.03000,BL,0,4,20.49000
38.9140,679,19,30,0.03000,BL,1,34,21.39000
38.9140,679,19,30,0.03000,FR,0,26,21.15000
38.9140,679,19,30,0.03000,BR,0,19,20.94000
38.9240,679,19,30,0.03000,FL,0,11,20.70000
38.9240,679,19,30,0.03000,BL,0,4,20.49000
38.9240,679,19,30,0.03000,BL,1,34,21.39000
38.9240,679,19,30,0.03000,FR,0,26,21.15000
38.9240,679,19,30,0.03000,BR,0,19,20.94000
38.9340,679,19,30,0.03000,FL,0,11,20.70000
38.9340,679,19,30,0.03000,BL,0,4,20.49000
38.9340,679,19,30,0.03000,BL,1,34,21.39000
38.9340,679,19,30,0.03000,FR,0,26,21.15000
38.9340,679,19,30,0.03000,BR,0,19,20.94000
38.9420,679,19,30,0.03000,FL,0,11,20.70000
38.9420,679,19,30,0.03000,BL,0,4,20.49000
38.9420,679,19,30,0.03000,BL,1,34,21.39000
38.9420,679,19,30,0.03000,FR,0,26,21.15000
38.9420,679,19,30,0.03000,BR,0,19,20.94000
38.9520,680,20,30,0.03000,FL,0,10,20.70000
38.9520,680,20,30,0.03000,BL,0,3,20.49000
38.9520,680,20,30,0.03000,BL,1,33,21.39000
38.9520,680,20,30,0.03000,FR,0,25,21.15000
38.9520,680,20,30,0.03000,BR,0,18,20.94000
38.9600,680,20,30,0.03000,FL,0,10,20.70000
38.9600,680,20,30,0.03000,BL,0,3,20.49000
38.9600,680,20,30,0.03000,BL,1,33,21.39000
38.9600,680,20,30,0.03000,FR,0,25,21.15000
38.9600,680,20,30,0.03000,BR,0,18,20.94000
38.9700,680,20,30,0.03000,FL,0,10,20.70000
38.9700,680,20,30,0.03000,BL,0,3,20.49000
38.9700,680,20,30,0.03000,BL,1,33,21.39000
38.9700,680,20,30,0.03000,FR,0,25,21.15000
38.9700,680,20,30,0.03000,BR,0,18,20.94000
38.9800,681,21,30,0.03000,FL,0,9,20.70000
38.9800,681,21,30,0.03000,FL,1,39,21.60000
38.9800,681,21,30,0.03000,BL,0,2,20.49000
38.9800,681,21,30,0.03000,BL,1,32,21.39000
38.9800,681,21,30,0.03000,FR,0,24,21.15000
38.9800,681,21,30,0.03000,BR,0,17,20.94000
38.9920,681,21,30,0.03000,FL,0,9,20.70000
38.9920,681,21,30,0.03000,FL,1,39,21.60000
38.9920,681,21,30,0.03000,BL,0,2,20.49000
38.9920,681,21,30,0.03000,BL,1,32,21.39000
38.9920,681,21,30,0.03000,FR,0,24,21.15000
38.9920,681,21,30,0.03000,BR,0,17,20.94000
39.0000,681,21,30,0.03000,FL,0,9,20.70000
39.0000,681,21,30,0.03000,FL,1,39,21.60000
39.0000,681,21,30,0.03000,BL,0,2,20.49000
39.0000,681,21,30,0.03000,BL,1,32,21.39000
39.0000,681,21,30,0.03000,FR,0,24,21.15000
39.0000,681,21,30,0.03000,BR,0,17,20.94000
39.0100,682,22,30,0.03000,FL,0,8,20.70000
39.0100,682,22,30,0.03000,FL,1,38,21.60000
39.0100,682,22,30,0.03000,BL,0,1,20.49000
39.0100,682,22,30,0.03000,BL,1,31,21.39000
39.0100,682,22,30,0.03000,FR,0,23,21.15000
39.0100,682,22,30,0.03000,BR,0,16,20.94000
39.0340,683,23,30,0.03000,FL,0,7,20.70000
39.0340,683,23,30,0.03000,FL,1,37,21.60000
39.0340,683,23,30,0.03000,BL,0,30,21.39000
39.0340,683,23,30,0.03000,FR,0,22,21.15000
39.0340,683,23,30,0.03000,BR,0,15,20.94000
39.0440,683,23,30,0.03000,FL,0,7,20.70000
39.0440,683,23,30,0.03000,FL,1,37,21.60000
39.0440,683,23,30,0.03000,BL,0,30,21.39000
39.0440,683,23,30,0.03000,FR,0,22,21.15000
39.0440,683,23,30,0.03000,BR,0,15,20.94000
39.0540,683,23,30,0.03000,FL,0,7,20.70000
39.0540,683,23,30,0.03000,FL,1,37,21.60000
39.0540,683,23,30,0.03000,BL,0,30,21.39000
39.0540,683,23,30,0.03000,FR,0,22,21.15000
39.0540,683,23,30,0.03000,BR,0,15,20.94000
39.0620,683,23,30,0.03000,FL,0,7,20.70000
39.0620,683,23,30,0.03000,FL,1,37,21.60000
39.0620,683,23,30,0.03000,BL,0,30,21.39000
39.0620,683,23,30,0.03000,FR,0,22,21.15000
39.0620,683,23,30,0.03000,BR,0,15,20.94000
39.0720,684,24,30,0.03000,FL,0,6,20.70000
39.0720,684,24,30,0.03000,FL,1,36,21.60000
39.0720,684,24,30,0.03000,BL,0,29,21.39000
39.0720,684,24,30,0.03000,FR,0,21,21.15000
39.0720,684,24,30,0.03000,BR,0,14,20.94000
39.0800,684,24,30,0.03000,FL,0,6,20.70000
39.0800,684,24,30,0.03000,FL,1,36,21.60000
39.0800,684,24,30,0.03000,BL,0,29,21.39000
39.0800,684,24,30,0.03000,FR,0,21,21.15000
39.0800,684,24,30,0.03000,BR,0,14,20.94000
39.0900,684,24,30,0.03000,FL,0,6,20.70000
39.0900,684,24,30,0.03000,FL,1,36,21.60000
39.0900,684,24,30,0.03000,BL,0,29,21.39000
39.0900,684,24,30,0.03000,FR,0,21,21.15000
39.0900,684,24,30,0.03000,BR,0,14,20.94000
39.1000,685,25,30,0.03000,FL,0,5,20.70000
39.1000,685,25,30,0.03000,FL,1,35,21.60000
39.1000,685,25,30,0.03000,BL,0,28,21.39000
39.1000,685,25,30,0.03000,FR,0,20,21.15000
39.1000,685,25,30,0.03000,BR,0,13,20.94000
39.1100,685,25,30,0.03000,FL,0,5,20.70000
39.1100,685,25,30,0.03000,FL,1,35,21.60000
39.1100,685,25,30,0.03000,BL,0,28,21.39000
39.1100,685,25,30,0.03000,FR,0,20,21.15000
39.1100,685,25,30,0.03000,BR,0,13,20.94000
39.1180,685,25,30,0.03000,FL,0,5,20.70000
39.1180,685,25,30,0.03000,FL,1,35,21.60000
39.1180,685,25,30,0.03000,BL,0,28,21.39000
39.1180,685,25,30,0.03000,FR,0,20,21.15000
39.1180,685,25,30,0.03000,BR,0,13,20.94000
39.1280,686,26,30,0.03000,FL,0,4,20.70000
39.1280,686,26,30,0.03000,FL,1,34,21.60000
39.1280,686,26,30,0.03000,BL,0,27,21.39000
39.1280,686,26,30,0.03000,FR,0,19,21.15000
39.1280,686,26,30,0.03000,BR,0,12,20.94000
39.1400,686,26,30,0.03000,FL,0,4,20.70000
39.1400,686,26,30,0.03000,FL,1,34,21.60000
39.1400,686,26,30,0.03000,BL,0,27,21.39000
39.1400,686,26,30,0.03000,FR,0,19,21.15000
39.1400,686,26,30,0.03000,BR,0,12,20.94000
39.1500,686,26,30,0.03000,FL,0,4,20.70000
39.1500,686,26,30,0.03000,FL,1,34,21.60000
39.1500,686,26,30,0.03000,BL,0,27,21.39000
39.1500,686,26,30,0.03000,FR,0,19,21.15000
39.1500,686,26,30,0.03000,BR,0,12,20.94000
39.1600,687,27,30,0.03000,FL,0,3,20.70000
39.1600,687,27,30,0.03000,FL,1,33,21.60000
39.1600,687,27,30,0.03000,BL,0,26,21.39000
39.1600,687,27,30,0.03000,FR,0,18,21.15000
39.1600,687,27,30,0.03000,BR,0,11,20.94000
39.1700,687,27,30,0.03000,FL,0,3,20.70000
39.1700,687,27,30,0.03000,FL,1,33,21.60000
39.1700,687,27,30,0.03000,BL,0,26,21.39000
39.1700,687,27,30,0.03000,FR,0,18,21.15000
39.1700,687,27,30,0.03000,BR,0,11,20.94000
39.1800,687,27,30,0.03000,FL,0,3,20.70000
39.1800,687,27,30,0.03000,FL,1,33,21.60000
39.1800,687,27,30,0.03000,BL,0,26,21.39000
39.1800,687,27,30,0.03000,FR,0,18,21.15000
39.1800,687,27,30,0.03000,BR,0,11,20.94000
39.1880,688,28,30,0.03000,FL,0,2,20.70000
39.1880,688,28,30,0.03000,FL,1,32,21.60000
39.1880,688,28,30,0.03000,BL,0,25,21.39000
39.1880,688,28,30,0.03000,FR,0,17,21.15000
39.1880,688,28,30,0.03000,BR,0,10,20.94000
39.1980,688,28,30,0.03000,FL,0,2,20.70000
39.1980,688,28,30,0.03000,FL,1,32,21.60000
39.1980,688,28,30,0.03000,BL,0,25,21.39000
39.1980,688,28,30,0.03000,FR,0,17,21.15000
39.1980,688,28,30,0.03000,BR,0,10,20.94000
39.2060,688,28,30,0.03000,FL,0,2,20.70000
39.2060,688,28,30,0.03000,FL,1,32,21.60000
39.2060,688,28,30,0.03000,BL,0,25,21.39000
39.2060,688,28,30,0.03000,FR,0,17,21.15000
39.2060,688,28,30,0.03000,BR,0,10,20.94000
39.2160,689,29,30,0.03000,FL,0,1,20.70000
39.2160,689,29,30,0.03000,FL,1,31,21.60000
39.2160,689,29,30,0.03000,BL,0,24,21.39000
39.2160,689,29,30,0.03000,FR,0,16,21.15000
39.2160,689,29,30,0.03000,BR,0,9,20.94000
39.2160,689,29,30,0.03000,BR,1,39,21.84000
39.2260,689,29,30,0.03000,FL,0,1,20.70000
39.2260,689,29,30,0.03000,FL,1,31,21.60000
39.2260,689,29,30,0.03000,BL,0,24,21.39000
39.2260,689,29,30,0.03000,FR,0,16,21.15000
39.2260,689,29,30,0.03000,BR,0,9,20.94000
39.2260,689,29,30,0.03000,BR,1,39,21.84000
39.2340,689,29,30,0.03000,FL,0,1,20.70000
39.2340,689,29,30,0.03000,FL,1,31,21.60000
39.2340,689,29,30,0.03000,BL,0,24,21.39000
39.2340,689,29,30,0.03000,FR,0,16,21.15000
39.2340,689,29,30,0.03000,BR,0,9,20.94000
39.2340,689,29,30,0.03000,BR,1,39,21.84000
39.2440,690,0,30,0.03000,FL,0,30,21.60000
39.2440,690,0,30,0.03000,BL,0,23,21.39000
39.2440,690,0,30,0.03000,FR,0,15,21.15000
39.2440,690,0,30,0.03000,BR,0,8,20.94000
39.2440,690,0,30,0.03000,BR,1,38,21.84000
39.2640,690,0,30,0.03000,FL,0,30,21.60000
39.2640,690,0,30,0.03000,BL,0,23,21.39000
39.2640,690,0,30,0.03000,FR,0,15,21.15000
39.2640,690,0,30,0.03000,BR,0,8,20.94000
39.2640,690,0,30,0.03000,BR,1,38,21.84000
39.2740,691,1,30,0.03000,FL,0,29,21.60000
39.2740,691,1,30,0.03000,BL,0,22,21.39000
39.2740,691,1,30,0.03000,FR,0,14,21.15000
39.2740,691,1,30,0.03000,BR,0,7,20.94000
39.2740,691,1,30,0.03000,BR,1,37,21.84000
39.2840,691,1,30,0.03000,FL,0,29,21.60000
39.2840,691,1,30,0.03000,BL,0,22,21.39000
39.2840,691,1,30,0.03000,FR,0,14,21.15000
39.2840,691,1,30,0.03000,BR,0,7,20.94000
39.2840,691,1,30,0.03000,BR,1,37,21.84000
39.2960,691,1,30,0.03000,FL,0,29,21.60000
39.2960,691,1,30,0.03000,BL,0,22,21.39000
39.2960,691,1,30,0.03000,FR,0,14,21.15000
39.2960,691,1,30,0.03000,BR,0,7,20.94000
39.2960,691,1,30,0.03000,BR,1,37,21.84000
39.3060,692,2,30,0.03000,FL,0,28,21.60000
39.3060,692,2,30,0.03000,BL,0,21,21.39000
39.3060,692,2,30,0.03000,FR,0,13,21.15000
39.3060,692,2,30,0.03000,BR,0,6,20.94000
39.3060,692,2,30,0.03000,BR,1,36,21.84000
39.3160,692,2,30,0.03000,FL,0,28,21.60000
39.3160,692,2,30,0.03000,BL,0,21,21.39000
39.3160,692,2,30,0.03000,FR,0,13,21.15000
39.3160,692,2,30,0.03000,BR,0,6,20.94000
39.3160,692,2,30,0.03000,BR,1,36,21.84000
39.3300,692,2,30,0.03000,FL,0,28,21.60000
39.3300,692,2,30,0.03000,BL,0,21,21.39000
39.3300,692,2,30,0.03000,FR,0,13,21.15000
39.3300,692,2,30,0.03000,BR,0,6,20.94000
39.3300,692,2,30,0.03000,BR,1,36,21.84000
39.3380,693,3,30,0.03000,FL,0,27,21.60000
39.3380,693,3,30,0.03000,BL,0,20,21.39000
39.3380,693,3,30,0.03000,FR,0,12,21.15000
39.3380,693,3,30,0.03000,BR,0,5,20.94000
39.3380,693,3,30,0.03000,BR,1,35,21.84000
39.3480,693,3,30,0.03000,FL,0,27,21.60000
39.3480,693,3,30,0.03000,BL,0,20,21.39000
39.3480,693,3,30,0.03000,FR,0,12,21.15000
39.3480,693,3,30,0.03000,BR,0,5,20.94000
39.3480,693,3,30,0.03000,BR,1,35,21.84000
39.3580,693,3,30,0.03000,FL,0,27,21.60000
39.3580,693,3,30,0.03000,BL,0,20,21.39000
39.3580,693,3,30,0.03000,FR,0,12,21.15000
39.3580,693,3,30,0.03000,BR,0,5,20.94000
39.3580,693,3,30,0.03000,BR,1,35,21.84000
39.3680,694,4,30,0.03000,FL,0,26,21.60000
39.3680,694,4,30,0.03000,BL,0,19,21.39000
39.3680,694,4,30,0.03000,FR,0,11,21.15000
39.3680,694,4,30,0.03000,BR,0,4,20.94000
39.3680,694,4,30,0.03000,BR,1,34,21.84000
39.3780,694,4,30,0.03000,FL,0,26,21.60000
39.3780,694,4,30,0.03000,BL,0,19,21.39000
39.3780,694,4,30,0.03000,FR,0,11,21.15000
39.3780,694,4,30,0.03000,BR,0,4,20.94000
39.3780,694,4,30,0.03000,BR,1,34,21.84000
39.3880,694,4,30,0.03000,FL,0,26,21.60000
39.3880,694,4,30,0.03000,BL,0,19,21.39000
39.3880,694,4,30,0.03000,FR,0,11,21.15000
39.3880,694,4,30,0.03000,BR,0,4,20.94000
39.3880,694,4,30,0.03000,BR,1,34,21.84000
39.4000,695,5,30,0.03000,FL,0,25,21.60000
39.4000,695,5,30,0.03000,BL,0,18,21.39000
39.4000,695,5,30,0.03000,FR,0,10,21.15000
39.4000,695,5,30,0.03000,BR,0,3,20.94000
39.4000,695,5,30,0.03000,BR,1,33,21.84000
39.4160,695,5,30,0.03000,FL,0,25,21.60000
39.4160,695,5,30,0.03000,BL,0,18,21.39000
39.4160,695,5,30,0.03000,FR,0,10,21.15000
39.4160,695,5,30,0.03000,BR,0,3,20.94000
39.4160,695,5,30,0.03000,BR,1,33,21.84000
39.4280,696,6,30,0.03000,FL,0,24,21.60000
39.4280,696,6,30,0.03000,BL,0,17,21.39000
39.4280,696,6,30,0.03000,FR,0,9,21.15000
39.4280,696,6,30,0.03000,FR,1,39,22.05000
39.4280,696,6,30,0.03000,BR,0,2,20.94000
39.4280,696,6,30,0.03000,BR,1,32,21.84000
39.4400,696,6,30,0.03000,FL,0,24,21.60000
39.4400,696,6,30,0.03000,BL,0,17,21.39000
39.4400,696,6,30,0.03000,FR,0,9,21.15000
39.4400,696,6,30,0.03000,FR,1,39,22.05000
39.4400,696,6,30,0.03000,BR,0,2,20.94000
39.4400,696,6,30,0.03000,BR,1,32,21.84000
39.4520,696,6,30,0.03000,FL,0,24,21.60000
39.4520,696,6,30,0.03000,BL,0,17,21.39000
39.4520,696,6,30,0.03000,FR,0,9,21.15000
39.4520,696,6,30,0.03000,FR,1,39,22.05000
39.4520,696,6,30,0.03000,BR,0,2,20.94000
39.4520,696,6,30,0.03000,BR,1,32,21.84000
39.4640,697,7,30,0.03000,FL,0,23,21.60000
39.4640,697,7,30,0.03000,BL,0,16,21.39000
39.4640,697,7,30,0.03000,FR,0,8,21.15000
39.4640,697,7,30,0.03000,FR,1,38,22.05000
39.4640,697,7,30,0.03000,BR,0,1,20.94000
39.4640,697,7,30,0.03000,BR,1,31,21.84000
39.4880,698,8,30,0.03000,FL,0,22,21.60000
39.4880,698,8,30,0.03000,BL,0,15,21.39000
39.4880,698,8,30,0.03000,FR,0,7,21.15000
39.4880,698,8,30,0.03000,FR,1,37,22.05000
39.4880,698,8,30,0.03000,BR,0,30,21.84000
39.4980,698,8,30,0.03000,FL,0,22,21.60000
39.4980,698,8,30,0.03000,BL,0,15,21.39000
39.4980,698,8,30,0.03000,FR,0,7,21.15000
39.4980,698,8,30,0.03000,FR,1,37,22.05000
39.4980,698,8,30,0.03000,BR,0,30,21.84000
39.5080,698,8,30,0.03000,FL,0,22,21.60000
39.5080,698,8,30,0.03000,BL,0,15,21.39000
39.5080,698,8,30,0.03000,FR,0,7,21.15000
39.5080,698,8,30,0.03000,FR,1,37,22.05000
39.5080,698,8,30,0.03000,BR,0,30,21.84000
39.5180,699,9,30,0.03000,FL,0,21,21.60000
39.5180,699,9,30,0.03000,BL,0,14,21.39000
39.5180,699,9,30,0.03000,FR,0,6,21.15000
39.5180,699,9,30,0.03000,FR,1,36,22.05000
39.5180,699,9,30,0.03000,BR,0,29,21.84000
39.5280,699,9,30,0.03000,FL,0,21,21.60000
39.5280,699,9,30,0.03000,BL,0,14,21.39000
39.5280,699,9,30,0.03000,FR,0,6,21.15000
39.5280,699,9,30,0.03000,FR,1,36,22.05000
39.5280,699,9,30,0.03000,BR,0,29,21.84000
39.5360,699,9,30,0.03000,FL,0,21,21.60000
39.5360,699,9,30,0.03000,BL,0,14,21.39000
39.5360,699,9,30,0.03000,FR,0,6,21.15000
39.5360,699,9,30,0.03000,FR,1,36,22.05000
39.5360,699,9,30,0.03000,BR,0,29,21.84000
39.5460,700,10,30,0.03000,FL,0,20,21.60000
39.5460,700,10,30,0.03000,BL,0,13,21.39000
39.5460,700,10,30,0.03000,FR,0,5,21.15000
39.5460,700,10,30,0.03000,FR,1,35,22.05000
39.5460,700,10,30,0.03000,BR,0,28,21.84000
39.5540,700,10,30,0.03000,FL,0,20,21.60000
39.5540,700,10,30,0.03000,BL,0,13,21.39000
39.5540,700,10,30,0.03000,FR,0,5,21.15000
39.5540,700,10,30,0.03000,FR,1,35,22.05000
39.5540,700,10,30,0.03000,BR,0,28,21.84000
39.5640,700,10,30,0.03000,FL,0,20,21.60000
39.5640,700,10,30,0.03000,BL,0,13,21.39000
39.5640,700,10,30,0.03000,FR,0,5,21.15000
39.5640,700,10,30,0.03000,FR,1,35,22.05000
39.5640,700,10,30,0.03000,BR,0,28,21.84000
39.5760,701,11,30,0.03000,FL,0,19,21.60000
39.5760,701,11,30,0.03000,BL,0,12,21.39000
39.5760,701,11,30,0.03000,FR,0,4,21.15000
39.5760,701,11,30,0.03000,FR,1,34,22.05000
39.5760,701,11,30,0.03000,BR,0,27,21.84000
39.5940,701,11,30,0.03000,FL,0,19,21.60000
39.5940,701,11,30,0.03000,BL,0,12,21.39000
39.5940,701,11,30,0.03000,FR,0,4,21.15000
39.5940,701,11,30,0.03000,FR,1,34,22.05000
39.5940,701,11,30,0.03000,BR,0,27,21.84000
39.6020,701,11,30,0.03000,FL,0,19,21.60000
39.6020,701,11,30,0.03000,BL,0,12,21.39000
39.6020,701,11,30,0.03000,FR,0,4,21.15000
39.6020,701,11,30,0.03000,FR,1,34,22.05000
39.6020,701,11,30,0.03000,BR,0,27,21.84000
39.6260,702,12,30,0.03000,FL,0,18,21.60000
39.6260,702,12,30,0.03000,BL,0,11,21.39000
39.6260,702,12,30,0.03000,FR,0,3,21.15000
39.6260,702,12,30,0.03000,FR,1,33,22.05000
39.6260,702,12,30,0.03000,BR,0,26,21.84000
39.6460,703,13,30,0.03000,FL,0,17,21.60000
39.6460,703,13,30,0.03000,BL,0,10,21.39000
39.6460,703,13,30,0.03000,FR,0,2,21.15000
39.6460,703,13,30,0.03000,FR,1,32,22.05000
39.6460,703,13,30,0.03000,BR,0,25,21.84000
39.6700,704,14,30,0.03000,FL,0,16,21.60000
39.6700,704,14,30,0.03000,BL,0,9,21.39000
39.6700,704,14,30,0.03000,BL,1,39,22.29000
39.6700,704,14,30,0.03000,FR,0,1,21.15000
39.6700,704,14,30,0.03000,FR,1,31,22.05000
39.6700,704,14,30,0.03000,BR,0,24,21.84000
39.6800,704,14,30,0.03000,FL,0,16,21.60000
39.6800,704,14,30,0.03000,BL,0,9,21.39000
39.6800,704,14,30,0.03000,BL,1,39,22.29000
39.6800,704,14,30,0.03000,FR,0,1,21.15000
39.6800,704,14,30,0.03000,FR,1,31,22.05000
39.6800,704,14,30,0.03000,BR,0,24,21.84000
39.6900,704,14,30,0.03000,FL,0,16,21.60000
39.6900,704,14,30,0.03000,BL,0,9,21.39000
39.6900,704,14,30,0.03000,BL,1,39,22.29000
39.6900,704,14,30,0.03000,FR,0,1,21.15000
39.6900,704,14,30,0.03000,FR,1,31,22.05000
39.6900,704,14,30,0.03000,BR,0,24,21.84000
39.6980,705,15,30,0.03000,FL,0,15,21.60000
39.6980,705,15,30,0.03000,BL,0,8,21.39000
39.6980,705,15,30,0.03000,BL,1,38,22.29000
39.6980,705,15,30,0.03000,FR,0,30,22.05000
39.6980,705,15,30,0.03000,BR,0,23,21.84000
39.7180,705,15,30,0.03000,FL,0,15,21.60000
39.7180,705,15,30,0.03000,BL,0,8,21.39000
39.7180,705,15,30,0.03000,BL,1,38,22.29000
39.7180,705,15,30,0.03000,FR,0,30,22.05000
39.7180,705,15,30,0.03000,BR,0,23,21.84000
39.7280,706,16,30,0.03000,FL,0,14,21.60000
39.7280,706,16,30,0.03000,BL,0,7,21.39000
39.7280,706,16,30,0.03000,BL,1,37,22.29000
39.7280,706,16,30,0.03000,FR,0,29,22.05000
39.7280,706,16,30,0.03000,BR,0,22,21.84000
39.7360,706,16,30,0.03000,FL,0,14,21.60000
39.7360,706,16,30,0.03000,BL,0,7,21.39000
39.7360,706,16,30,0.03000,BL,1,37,22.29000
39.7360,706,16,30,0.03000,FR,0,29,22.05000
39.7360,706,16,30,0.03000,BR,0,22,21.84000
39.7460,706,16,30,0.03000,FL,0,14,21.60000
39.7460,706,16,30,0.03000,BL,0,7,21.39000
39.7460,706,16,30,0.03000,BL,1,37,22.29000
39.7460,706,16,30,0.03000,FR,0,29,22.05000
39.7460,706,16,30,0.03000,BR,0,22,21.84000
39.7560,707,17,30,0.03000,FL,0,13,21.60000
39.7560,707,17,30,0.03000,BL,0,6,21.39000
39.7560,707,17,30,0.03000,BL,1,36,22.29000
39.7560,707,17,30,0.03000,FR,0,28,22.05000
39.7560,707,17,30,0.03000,BR,0,21,21.84000
39.7640,707,17,30,0.03000,FL,0,13,21.60000
39.7640,707,17,30,0.03000,BL,0,6,21.39000
39.7640,707,17,30,0.03000,BL,1,36,22.29000
39.7640,707,17,30,0.03000,FR,0,28,22.05000
39.7640,707,17,30,0.03000,BR,0,21,21.84000
39.7740,707,17,30,0.03000,FL,0,13,21.60000
39.7740,707,17,30,0.03000,BL,0,6,21.39000
39.7740,707,17,30,0.03000,BL,1,36,22.29000
39.7740,707,17,30,0.03000,FR,0,28,22.05000
39.7740,707,17,30,0.03000,BR,0,21,21.84000
39.7860,708,18,30,0.03000,FL,0,12,21.60000
39.7860,708,18,30,0.03000,BL,0,5,21.39000
39.7860,708,18,30,0.03000,BL,1,35,22.29000
39.7860,708,18,30,0.03000,FR,0,27,22.05000
39.7860,708,18,30,0.03000,BR,0,20,21.84000
39.7940,708,18,30,0.03000,FL,0,12,21.60000
39.7940,708,18,30,0.03000,BL,0,5,21.39000
39.7940,708,18,30,0.03000,BL,1,35,22.29000
39.7940,708,18,30,0.03000,FR,0,27,22.05000
39.7940,708,18,30,0.03000,BR,0,20,21.84000
39.8040,708,18,30,0.03000,FL,0,12,21.60000
39.8040,708,18,30,0.03000,BL,0,5,21.39000
39.8040,708,18,30,0.03000,BL,1,35,22.29000
39.8040,708,18,30,0.03000,FR,0,27,22.05000
39.8040,708,18,30,0.03000,BR,0,20,21.84000
39.8140,709,19,30,0.03000,FL,0,11,21.60000
39.8140,709,19,30,0.03000,BL,0,4,21.39000
39.8140,709,19,30,0.03000,BL,1,34,22.29000
39.8140,709,19,30,0.03000,FR,0,26,22.05000
39.8140,709,19,30,0.03000,BR,0,19,21.84000
39.8240,709,19,30,0.03000,FL,0,11,21.60000
39.8240,709,19,30,0.03000,BL,0,4,21.39000
39.8240,709,19,30,0.03000,BL,1,34,22.29000
39.8240,709,19,30,0.03000,FR,0,26,22.05000
39.8240,709,19,30,0.03000,BR,0,19,21.84000
39.8340,709,19,30,0.03000,FL,0,11,21.60000
39.8340,709,19,30,0.03000,BL,0,4,21.39000
39.8340,709,19,30,0.03000,BL,1,34,22.29000
39.8340,709,19,30,0.03000,FR,0,26,22.05000
39.8340,709,19,30,0.03000,BR,0,19,21.84000
39.8440,709,19,30,0.03000,FL,0,11,21.60000
39.8440,709,19,30,0.03000,BL,0,4,21.39000
39.8440,709,19,30,0.03000,BL,1,34,22.29000
39.8440,709,19,30,0.03000,FR,0,26,22.05000
39.8440,709,19,30,0.03000,BR,0,19,21.84000
39.8520,710,20,30,0.03000,FL,0,10,21.60000
39.8520,710,20,30,0.03000,BL,0,3,21.39000
39.8520,710,20,30,0.03000,BL,1,33,22.29000
39.8520,710,20,30,0.03000,FR,0,25,22.05000
39.8520,710,20,30,0.03000,BR,0,18,21.84000
39.8600,710,20,30,0.03000,FL,0,10,21.60000
39.8600,710,20,30,0.03000,BL,0,3,21.39000
39.8600,710,20,30,0.03000,BL,1,33,22.29000
39.8600,710,20,30,0.03000,FR,0,25,22.05000
39.8600,710,20,30,0.03000,BR,0,18,21.84000
39.8700,710,20,30,0.03000,FL,0,10,21.60000
39.8700,710,20,30,0.03000,BL,0,3,21.39000
39.8700,710,20,30,0.03000,BL,1,33,22.29000
39.8700,710,20,30,0.03000,FR,0,25,22.05000
39.8700,710,20,30,0.03000,BR,0,18,21.84000
39.8800,711,21,30,0.03000,FL,0,9,21.60000
39.8800,711,21,30,0.03000,FL,1,39,22.50000
39.8800,711,21,30,0.03000,BL,0,2,21.39000
39.8800,711,21,30,0.03000,BL,1,32,22.29000
39.8800,711,21,30,0.03000,FR,0,24,22.05000
39.8800,711,21,30,0.03000,BR,0,17,21.84000
39.8880,711,21,30,0.03000,FL,0,9,21.60000
39.8880,711,21,30,0.03000,FL,1,39,22.50000
39.8880,711,21,30,0.03000,BL,0,2,21.39000
39.8880,711,21,30,0.03000,BL,1,32,22.29000
39.8880,711,21,30,0.03000,FR,0,24,22.05000
39.8880,711,21,30,0.03000,BR,0,17,21.84000
39.8980,711,21,30,0.03000,FL,0,9,21.60000
39.8980,711,21,30,0.03000,FL,1,39,22.50000
39.8980,711,21,30,0.03000,BL,0,2,21.39000
39.8980,711,21,30,0.03000,BL,1,32,22.29000
39.8980,711,21,30,0.03000,FR,0,24,22.05000
39.8980,711,21,30,0.03000,BR,0,17,21.84000
39.9080,712,22,30,0.03000,FL,0,8,21.60000
39.9080,712,22,30,0.03000,FL,1,38,22.50000
39.9080,712,22,30,0.03000,BL,0,1,21.39000
39.9080,712,22,30,0.03000,BL,1,31,22.29000
39.9080,712,22,30,0.03000,FR,0,23,22.05000
39.9080,712,22,30,0.03000,BR,0,16,21.84000
39.9260,712,22,30,0.03000,FL,0,8,21.60000
39.9260,712,22,30,0.03000,FL,1,38,22.50000
39.9260,712,22,30,0.03000,BL,0,1,21.39000
39.9260,712,22,30,0.03000,BL,1,31,22.29000
39.9260,712,22,30,0.03000,FR,0,23,22.05000
39.9260,712,22,30,0.03000,BR,0,16,21.84000
39.9360,713,23,30,0.03000,FL,0,7,21.60000
39.9360,713,23,30,0.03000,FL,1,37,22.50000
39.9360,713,23,30,0.03000,BL,0,30,22.29000
39.9360,713,23,30,0.03000,FR,0,22,22.05000
39.9360,713,23,30,0.03000,BR,0,15,21.84000
39.9440,713,23,30,0.03000,FL,0,7,21.60000
39.9440,713,23,30,0.03000,FL,1,37,22.50000
39.9440,713,23,30,0.03000,BL,0,30,22.29000
39.9440,713,23,30,0.03000,FR,0,22,22.05000
39.9440,713,23,30,0.03000,BR,0,15,21.84000
39.9540,713,23,30,0.03000,FL,0,7,21.60000
39.9540,713,23,30,0.03000,FL,1,37,22.50000
39.9540,713,23,30,0.03000,BL,0,30,22.29000
39.9540,713,23,30,0.03000,FR,0,22,22.05000
39.9540,713,23,30,0.03000,BR,0,15,21.84000
39.9640,714,24,30,0.03000,FL,0,6,21.60000
39.9640,714,24,30,0.03000,FL,1,36,22.50000
39.9640,714,24,30,0.03000,BL,0,29,22.29000
39.9640,714,24,30,0.03000,FR,0,21,22.05000
39.9640,714,24,30,0.03000,BR,0,14,21.84000
39.9720,714,24,30,0.03000,FL,0,6,21.60000
39.9720,714,24,30,0.03000,FL,1,36,22.50000
39.9720,714,24,30,0.03000,BL,0,29,22.29000
39.9720,714,24,30,0.03000,FR,0,21,22.05000
39.9720,714,24,30,0.03000,BR,0,14,21.84000
39.9820,714,24,30,0.03000,FL,0,6,21.60000
39.9820,714,24,30,0.03000,FL,1,36,22.50000
39.9820,714,24,30,0.03000,BL,0,29,22.29000
39.9820,714,24,30,0.03000,FR,0,21,22.05000
39.9820,714,24,30,0.03000,BR,0,14,21.84000
39.9920,714,24,30,0.03000,FL,0,6,21.60000
39.9920,714,24,30,0.03000,FL,1,36,22.50000
39.9920,714,24,30,0.03000,BL,0,29,22.29000
39.9920,714,24,30,0.03000,FR,0,21,22.05000
39.9920,714,24,30,0.03000,BR,0,14,21.84000
40.0020,715,25,30,0.03000,FL,0,5,21.60000
40.0020,715,25,30,0.03000,FL,1,35,22.50000
40.0020,715,25,30,0.03000,BL,0,28,22.29000
40.0020,715,25,30,0.03000,FR,0,20,22.05000
40.0020,715,25,30,0.03000,BR,0,13,21.84000
40.0100,715,25,30,0.03000,FL,0,5,21.60000
40.0100,715,25,30,0.03000,FL,1,35,22.50000
40.0100,715,25,30,0.03000,BL,0,28,22.29000
40.0100,715,25,30,0.03000,FR,0,20,22.05000
40.0100,715,25,30,0.03000,BR,0,13,21.84000
40.0200,715,25,30,0.03000,FL,0,5,21.60000
40.0200,715,25,30,0.03000,FL,1,35,22.50000
40.0200,715,25,30,0.03000,BL,0,28,22.29000
40.0200,715,25,30,0.03000,FR,0,20,22.05000
40.0200,715,25,30,0.03000,BR,0,13,21.84000
40.0300,716,26,30,0.03000,FL,0,4,21.60000
40.0300,716,26,30,0.03000,FL,1,34,22.50000
40.0300,716,26,30,0.03000,BL,0,27,22.29000
40.0300,716,26,30,0.03000,FR,0,19,22.05000
40.0300,716,26,30,0.03000,BR,0,12,21.84000
40.0380,716,26,30,0.03000,FL,0,4,21.60000
40.0380,716,26,30,0.03000,FL,1,34,22.50000
40.0380,716,26,30,0.03000,BL,0,27,22.29000
40.0380,716,26,30,0.03000,FR,0,19,22.05000
40.0380,716,26,30,0.03000,BR,0,12,21.84000
40.0480,716,26,30,0.03000,FL,0,4,21.60000
40.0480,716,26,30,0.03000,FL,1,34,22.50000
40.0480,716,26,30,0.03000,BL,0,27,22.29000
40.0480,716,26,30,0.03000,FR,0,19,22.05000
40.0480,716,26,30,0.03000,BR,0,12,21.84000
40.0560,717,27,30,0.03000,FL,0,3,21.60000
40.0560,717,27,30,0.03000,FL,1,33,22.50000
40.0560,717,27,30,0.03000,BL,0,26,22.29000
40.0560,717,27,30,0.03000,FR,0,18,22.05000
40.0560,717,27,30,0.03000,BR,0,11,21.84000
40.0660,717,27,30,0.03000,FL,0,3,21.60000
40.0660,717,27,30,0.03000,FL,1,33,22.50000
40.0660,717,27,30,0.03000,BL,0,26,22.29000
40.0660,717,27,30,0.03000,FR,0,18,22.05000
40.0660,717,27,30,0.03000,BR,0,11,21.84000
40.0760,717,27,30,0.03000,FL,0,3,21.60000
40.0760,717,27,30,0.03000,FL,1,33,22.50000
40.0760,717,27,30,0.03000,BL,0,26,22.29000
40.0760,717,27,30,0.03000,FR,0,18,22.05000
40.0760,717,27,30,0.03000,BR,0,11,21.84000
40.0860,718,28,30,0.03000,FL,0,2,21.60000
40.0860,718,28,30,0.03000,FL,1,32,22.50000
40.0860,718,28,30,0.03000,BL,0,25,22.29000
40.0860,718,28,30,0.03000,FR,0,17,22.05000
40.0860,718,28,30,0.03000,BR,0,10,21.84000
40.0940,718,28,30,0.03000,FL,0,2,21.60000
40.0940,718,28,30,0.03000,FL,1,32,22.50000
40.0940,718,28,30,0.03000,BL,0,25,22.29000
40.0940,718,28,30,0.03000,FR,0,17,22.05000
40.0940,718,28,30,0.03000,BR,0,10,21.84000
40.1040,718,28,30,0.03000,FL,0,2,21.60000
40.1040,718,28,30,0.03000,FL,1,32,22.50000
40.1040,718,28,30,0.03000,BL,0,25,22.29000
40.1040,718,28,30,0.03000,FR,0,17,22.05000
40.1040,718,28,30,0.03000,BR,0,10,21.84000
40.1120,718,28,30,0.03000,FL,0,2,21.60000
40.1120,718,28,30,0.03000,FL,1,32,22.50000
40.1120,718,28,30,0.03000,BL,0,25,22.29000
40.1120,718,28,30,0.03000,FR,0,17,22.05000
40.1120,718,28,30,0.03000,BR,0,10,21.84000
40.1220,719,29,30,0.03000,FL,0,1,21.60000
40.1220,719,29,30,0.03000,FL,1,31,22.50000
40.1220,719,29,30,0.03000,BL,0,24,22.29000
40.1220,719,29,30,0.03000,FR,0,16,22.05000
40.1220,719,29,30,0.03000,BR,0,9,21.84000
40.1220,719,29,30,0.03000,BR,1,39,22.74000
40.1300,719,29,30,0.03000,FL,0,1,21.60000
40.1300,719,29,30,0.03000,FL,1,31,22.50000
40.1300,719,29,30,0.03000,BL,0,24,22.29000
40.1300,719,29,30,0.03000,FR,0,16,22.05000
40.1300,719,29,30,0.03000,BR,0,9,21.84000
40.1300,719,29,30,0.03000,BR,1,39,22.74000
40.1400,719,29,30,0.03000,FL,0,1,21.60000
40.1400,719,29,30,0.03000,FL,1,31,22.50000
40.1400,719,29,30,0.03000,BL,0,24,22.29000
40.1400,719,29,30,0.03000,FR,0,16,22.05000
40.1400,719,29,30,0.03000,BR,0,9,21.84000
40.1400,719,29,30,0.03000,BR,1,39,22.74000
40.1500,720,0,30,0.03000,FL,0,30,22.50000
40.1500,720,0,30,0.03000,BL,0,23,22.29000
40.1500,720,0,30,0.03000,FR,0,15,22.05000
40.1500,720,0,30,0.03000,BR,0,8,21.84000
40.1500,720,0,30,0.03000,BR,1,38,22.74000
40.1680,720,0,30,0.03000,FL,0,30,22.50000
40.1680,720,0,30,0.03000,BL,0,23,22.29000
40.1680,720,0,30,0.03000,FR,0,15,22.05000
40.1680,720,0,30,0.03000,BR,0,8,21.84000
40.1680,720,0,30,0.03000,BR,1,38,22.74000
40.1780,721,1,30,0.03000,FL,0,29,22.50000
40.1780,721,1,30,0.03000,BL,0,22,22.29000
40.1780,721,1,30,0.03000,FR,0,14,22.05000
40.1780,721,1,30,0.03000,BR,0,7,21.84000
40.1780,721,1,30,0.03000,BR,1,37,22.74000
40.1880,721,1,30,0.03000,FL,0,29,22.50000
40.1880,721,1,30,0.03000,BL,0,22,22.29000
40.1880,721,1,30,0.03000,FR,0,14,22.05000
40.1880,721,1,30,0.03000,BR,0,7,21.84000
40.1880,721,1,30,0.03000,BR,1,37,22.74000
40.1980,721,1,30,0.03000,FL,0,29,22.50000
40.1980,721,1,30,0.03000,BL,0,22,22.29000
40.1980,721,1,30,0.03000,FR,0,14,22.05000
40.1980,721,1,30,0.03000,BR,0,7,21.84000
40.1980,721,1,30,0.03000,BR,1,37,22.74000
40.2080,722,2,30,0.03000,FL,0,28,22.50000
40.2080,722,2,30,0.03000,BL,0,21,22.29000
40.2080,722,2,30,0.03000,FR,0,13,22.05000
40.2080,722,2,30,0.03000,BR,0,6,21.84000
40.2080,722,2,30,0.03000,BR,1,36,22.74000
40.2200,722,2,30,0.03000,FL,0,28,22.50000
40.2200,722,2,30,0.03000,BL,0,21,22.29000
40.2200,722,2,30,0.03000,FR,0,13,22.05000
40.2200,722,2,30,0.03000,BR,0,6,21.84000
40.2200,722,2,30,0.03000,BR,1,36,22.74000
40.2300,722,2,30,0.03000,FL,0,28,22.50000
40.2300,722,2,30,0.03000,BL,0,21,22.29000
40.2300,722,2,30,0.03000,FR,0,13,22.05000
40.2300,722,2,30,0.03000,BR,0,6,21.84000
40.2300,722,2,30,0.03000,BR,1,36,22.74000
40.2400,723,3,30,0.03000,FL,0,27,22.50000
40.2400,723,3,30,0.03000,BL,0,20,22.29000
40.2400,723,3,30,0.03000,FR,0,12,22.05000
40.2400,723,3,30,0.03000,BR,0,5,21.84000
40.2400,723,3,30,0.03000,BR,1,35,22.74000
40.2560,723,3,30,0.03000,FL,0,27,22.50000
40.2560,723,3,30,0.03000,BL,0,20,22.29000
40.2560,723,3,30,0.03000,FR,0,12,22.05000
40.2560,723,3,30,0.03000,BR,0,5,21.84000
40.2560,723,3,30,0.03000,BR,1,35,22.74000
40.2640,724,4,30,0.03000,FL,0,26,22.50000
40.2640,724,4,30,0.03000,BL,0,19,22.29000
40.2640,724,4,30,0.03000,FR,0,11,22.05000
40.2640,724,4,30,0.03000,BR,0,4,21.84000
40.2640,724,4,30,0.03000,BR,1,34,22.74000
40.2760,724,4,30,0.03000,FL,0,26,22.50000
40.2760,724,4,30,0.03000,BL,0,19,22.29000
40.2760,724,4,30,0.03000,FR,0,11,22.05000
40.2760,724,4,30,0.03000,BR,0,4,21.84000
40.2760,724,4,30,0.03000,BR,1,34,22.74000
40.2860,724,4,30,0.03000,FL,0,26,22.50000
40.2860,724,4,30,0.03000,BL,0,19,22.29000
40.2860,724,4,30,0.03000,FR,0,11,22.05000
40.2860,724,4,30,0.03000,BR,0,4,21.84000
40.2860,724,4,30,0.03000,BR,1,34,22.74000
40.2960,725,5,30,0.03000,FL,0,25,22.50000
40.2960,725,5,30,0.03000,BL,0,18,22.29000
40.2960,725,5,30,0.03000,FR,0,10,22.05000
40.2960,725,5,30,0.03000,BR,0,3,21.84000
40.2960,725,5,30,0.03000,BR,1,33,22.74000
40.3060,725,5,30,0.03000,FL,0,25,22.50000
40.3060,725,5,30,0.03000,BL,0,18,22.29000
40.3060,725,5,30,0.03000,FR,0,10,22.05000
40.3060,725,5,30,0.03000,BR,0,3,21.84000
40.3060,725,5,30,0.03000,BR,1,33,22.74000
40.3160,725,5,30,0.03000,FL,0,25,22.50000
40.3160,725,5,30,0.03000,BL,0,18,22.29000
40.3160,725,5,30,0.03000,FR,0,10,22.05000
40.3160,725,5,30,0.03000,BR,0,3,21.84000
40.3160,725,5,30,0.03000,BR,1,33,22.74000
40.3240,726,6,30,0.03000,FL,0,24,22.50000
40.3240,726,6,30,0.03000,BL,0,17,22.29000
40.3240,726,6,30,0.03000,FR,0,9,22.05000
40.3240,726,6,30,0.03000,FR,1,39,22.95000
40.3240,726,6,30,0.03000,BR,0,2,21.84000
40.3240,726,6,30,0.03000,BR,1,32,22.74000
40.3340,726,6,30,0.03000,FL,0,24,22.50000
40.3340,726,6,30,0.03000,BL,0,17,22.29000
40.3340,726,6,30,0.03000,FR,0,9,22.05000
40.3340,726,6,30,0.03000,FR,1,39,22.95000
40.3340,726,6,30,0.03000,BR,0,2,21.84000
40.3340,726,6,30,0.03000,BR,1,32,22.74000
40.3460,726,6,30,0.03000,FL,0,24,22.50000
40.3460,726,6,30,0.03000,BL,0,17,22.29000
40.3460,726,6,30,0.03000,FR,0,9,22.05000
40.3460,726,6,30,0.03000,FR,1,39,22.95000
40.3460,726,6,30,0.03000,BR,0,2,21.84000
40.3460,726,6,30,0.03000,BR,1,32,22.74000
40.3540,727,7,30,0.03000,FL,0,23,22.50000
40.3540,727,7,30,0.03000,BL,0,16,22.29000
40.3540,727,7,30,0.03000,FR,0,8,22.05000
40.3540,727,7,30,0.03000,FR,1,38,22.95000
40.3540,727,7,30,0.03000,BR,0,1,21.84000
40.3540,727,7,30,0.03000,BR,1,31,22.74000
40.3740,727,7,30,0.03000,FL,0,23,22.50000
40.3740,727,7,30,0.03000,BL,0,16,22.29000
40.3740,727,7,30,0.03000,FR,0,8,22.05000
40.3740,727,7,30,0.03000,FR,1,38,22.95000
40.3740,727,7,30,0.03000,BR,0,1,21.84000
40.3740,727,7,30,0.03000,BR,1,31,22.74000
40.3840,728,8,30,0.03000,FL,0,22,22.50000
40.3840,728,8,30,0.03000,BL,0,15,22.29000
40.3840,728,8,30,0.03000,FR,0,7,22.05000
40.3840,728,8,30,0.03000,FR,1,37,22.95000
40.3840,728,8,30,0.03000,BR,0,30,22.74000
40.3940,728,8,30,0.03000,FL,0,22,22.50000
40.3940,728,8,30,0.03000,BL,0,15,22.29000
40.3940,728,8,30,0.03000,FR,0,7,22.05000
40.3940,728,8,30,0.03000,FR,1,37,22.95000
40.3940,728,8,30,0.03000,BR,0,30,22.74000
40.4040,728,8,30,0.03000,FL,0,22,22.50000
40.4040,728,8,30,0.03000,BL,0,15,22.29000
40.4040,728,8,30,0.03000,FR,0,7,22.05000
40.4040,728,8,30,0.03000,FR,1,37,22.95000
40.4040,728,8,30,0.03000,BR,0,30,22.74000
40.4140,729,9,30,0.03000,FL,0,21,22.50000
40.4140,729,9,30,0.03000,BL,0,14,22.29000
40.4140,729,9,30,0.03000,FR,0,6,22.05000
40.4140,729,9,30,0.03000,FR,1,36,22.95000
40.4140,729,9,30,0.03000,BR,0,29,22.74000
40.4220,729,9,30,0.03000,FL,0,21,22.50000
40.4220,729,9,30,0.03000,BL,0,14,22.29000
40.4220,729,9,30,0.03000,FR,0,6,22.05000
40.4220,729,9,30,0.03000,FR,1,36,22.95000
40.4220,729,9,30,0.03000,BR,0,29,22.74000
40.4320,729,9,30,0.03000,FL,0,21,22.50000
40.4320,729,9,30,0.03000,BL,0,14,22.29000
40.4320,729,9,30,0.03000,FR,0,6,22.05000
40.4320,729,9,30,0.03000,FR,1,36,22.95000
40.4320,729,9,30,0.03000,BR,0,29,22.74000
40.4420,729,9,30,0.03000,FL,0,21,22.50000
40.4420,729,9,30,0.03000,BL,0,14,22.29000
40.4420,729,9,30,0.03000,FR,0,6,22.05000
40.4420,729,9,30,0.03000,FR,1,36,22.95000
40.4420,729,9,30,0.03000,BR,0,29,22.74000
40.4520,730,10,30,0.03000,FL,0,20,22.50000
40.4520,730,10,30,0.03000,BL,0,13,22.29000
40.4520,730,10,30,0.03000,FR,0,5,22.05000
40.4520,730,10,30,0.03000,FR,1,35,22.95000
40.4520,730,10,30,0.03000,BR,0,28,22.74000
40.4620,730,10,30,0.03000,FL,0,20,22.50000
40.4620,730,10,30,0.03000,BL,0,13,22.29000
40.4620,730,10,30,0.03000,FR,0,5,22.05000
40.4620,730,10,30,0.03000,FR,1,35,22.95000
40.4620,730,10,30,0.03000,BR,0,28,22.74000
40.4700,730,10,30,0.03000,FL,0,20,22.50000
40.4700,730,10,30,0.03000,BL,0,13,22.29000
40.4700,730,10,30,0.03000,FR,0,5,22.05000
40.4700,730,10,30,0.03000,FR,1,35,22.95000
40.4700,730,10,30,0.03000,BR,0,28,22.74000
40.4820,731,11,30,0.03000,FL,0,19,22.50000
40.4820,731,11,30,0.03000,BL,0,12,22.29000
40.4820,731,11,30,0.03000,FR,0,4,22.05000
40.4820,731,11,30,0.03000,FR,1,34,22.95000
40.4820,731,11,30,0.03000,BR,0,27,22.74000
40.4920,731,11,30,0.03000,FL,0,19,22.50000
40.4920,731,11,30,0.03000,BL,0,12,22.29000
40.4920,731,11,30,0.03000,FR,0,4,22.05000
40.4920,731,11,30,0.03000,FR,1,34,22.95000
40.4920,731,11,30,0.03000,BR,0,27,22.74000
40.5040,732,12,30,0.03000,FL,0,18,22.50000
40.5040,732,12,30,0.03000,BL,0,11,22.29000
40.5040,732,12,30,0.03000,FR,0,3,22.05000
40.5040,732,12,30,0.03000,FR,1,33,22.95000
40.5040,732,12,30,0.03000,BR,0,26,22.74000
40.5160,732,12,30,0.03000,FL,0,18,22.50000
40.5160,732,12,30,0.03000,BL,0,11,22.29000
40.5160,732,12,30,0.03000,FR,0,3,22.05000
40.5160,732,12,30,0.03000,FR,1,33,22.95000
40.5160,732,12,30,0.03000,BR,0,26,22.74000
40.5260,732,12,30,0.03000,FL,0,18,22.50000
40.5260,732,12,30,0.03000,BL,0,11,22.29000
40.5260,732,12,30,0.03000,FR,0,3,22.05000
40.5260,732,12,30,0.03000,FR,1,33,22.95000
40.5260,732,12,30,0.03000,BR,0,26,22.74000
40.5400,733,13,30,0.03000,FL,0,17,22.50000
40.5400,733,13,30,0.03000,BL,0,10,22.29000
40.5400,733,13,30,0.03000,FR,0,2,22.05000
40.5400,733,13,30,0.03000,FR,1,32,22.95000
40.5400,733,13,30,0.03000,BR,0,25,22.74000
40.5480,733,13,30,0.03000,FL,0,17,22.50000
40.5480,733,13,30,0.03000,BL,0,10,22.29000
40.5480,733,13,30,0.03000,FR,0,2,22.05000
40.5480,733,13,30,0.03000,FR,1,32,22.95000
40.5480,733,13,30,0.03000,BR,0,25,22.74000
40.5580,733,13,30,0.03000,FL,0,17,22.50000
40.5580,733,13,30,0.03000,BL,0,10,22.29000
40.5580,733,13,30,0.03000,FR,0,2,22.05000
40.5580,733,13,30,0.03000,FR,1,32,22.95000
40.5580,733,13,30,0.03000,BR,0,25,22.74000
40.5740,734,14,30,0.03000,FL,0,16,22.50000
40.5740,734,14,30,0.03000,BL,0,9,22.29000
40.5740,734,14,30,0.03000,BL,1,39,23.19000
40.5740,734,14,30,0.03000,FR,0,1,22.05000
40.5740,734,14,30,0.03000,FR,1,31,22.95000
40.5740,734,14,30,0.03000,BR,0,24,22.74000
40.5920,734,14,30,0.03000,FL,0,16,22.50000
40.5920,734,14,30,0.03000,BL,0,9,22.29000
40.5920,734,14,30,0.03000,BL,1,39,23.19000
40.5920,734,14,30,0.03000,FR,0,1,22.05000
40.5920,734,14,30,0.03000,FR,1,31,22.95000
40.5920,734,14,30,0.03000,BR,0,24,22.74000
40.6000,735,15,30,0.03000,FL,0,15,22.50000
40.6000,735,15,30,0.03000,BL,0,8,22.29000
40.6000,735,15,30,0.03000,BL,1,38,23.19000
40.6000,735,15,30,0.03000,FR,0,30,22.95000
40.6000,735,15,30,0.03000,BR,0,23,22.74000
40.6240,736,16,30,0.03000,FL,0,14,22.50000
40.6240,736,16,30,0.03000,BL,0,7,22.29000
40.6240,736,16,30,0.03000,BL,1,37,23.19000
40.6240,736,16,30,0.03000,FR,0,29,22.95000
40.6240,736,16,30,0.03000,BR,0,22,22.74000
40.6320,736,16,30,0.03000,FL,0,14,22.50000
40.6320,736,16,30,0.03000,BL,0,7,22.29000
40.6320,736,16,30,0.03000,BL,1,37,23.19000
40.6320,736,16,30,0.03000,FR,0,29,22.95000
40.6320,736,16,30,0.03000,BR,0,22,22.74000
40.6440,736,16,30,0.03000,FL,0,14,22.50000
40.6440,736,16,30,0.03000,BL,0,7,22.29000
40.6440,736,16,30,0.03000,BL,1,37,23.19000
40.6440,736,16,30,0.03000,FR,0,29,22.95000
40.6440,736,16,30,0.03000,BR,0,22,22.74000
40.6520,736,16,30,0.03000,FL,0,14,22.50000
40.6520,736,16,30,0.03000,BL,0,7,22.29000
40.6520,736,16,30,0.03000,BL,1,37,23.19000
40.6520,736,16,30,0.03000,FR,0,29,22.95000
40.6520,736,16,30,0.03000,BR,0,22,22.74000
40.6620,737,17,30,0.03000,FL,0,13,22.50000
40.6620,737,17,30,0.03000,BL,0,6,22.29000
40.6620,737,17,30,0.03000,BL,1,36,23.19000
40.6620,737,17,30,0.03000,FR,0,28,22.95000
40.6620,737,17,30,0.03000,BR,0,21,22.74000
40.6740,737,17,30,0.03000,FL,0,13,22.50000
40.6740,737,17,30,0.03000,BL,0,6,22.29000
40.6740,737,17,30,0.03000,BL,1,36,23.19000
40.6740,737,17,30,0.03000,FR,0,28,22.95000
40.6740,737,17,30,0.03000,BR,0,21,22.74000
40.6840,738,18,30,0.03000,FL,0,12,22.50000
40.6840,738,18,30,0.03000,BL,0,5,22.29000
40.6840,738,18,30,0.03000,BL,1,35,23.19000
40.6840,738,18,30,0.03000,FR,0,27,22.95000
40.6840,738,18,30,0.03000,BR,0,20,22.74000
40.6940,738,18,30,0.03000,FL,0,12,22.50000
40.6940,738,18,30,0.03000,BL,0,5,22.29000
40.6940,738,18,30,0.03000,BL,1,35,23.19000
40.6940,738,18,30,0.03000,FR,0,27,22.95000
40.6940,738,18,30,0.03000,BR,0,20,22.74000
40.7080,738,18,30,0.03000,FL,0,12,22.50000
40.7080,738,18,30,0.03000,BL,0,5,22.29000
40.7080,738,18,30,0.03000,BL,1,35,23.19000
40.7080,738,18,30,0.03000,FR,0,27,22.95000
40.7080,738,18,30,0.03000,BR,0,20,22.74000
40.7160,739,19,30,0.03000,FL,0,11,22.50000
40.7160,739,19,30,0.03000,BL,0,4,22.29000
40.7160,739,19,30,0.03000,BL,1,34,23.19000
40.7160,739,19,30,0.03000,FR,0,26,22.95000
40.7160,739,19,30,0.03000,BR,0,19,22.74000
40.7260,739,19,30,0.03000,FL,0,11,22.50000
40.7260,739,19,30,0.03000,BL,0,4,22.29000
40.7260,739,19,30,0.03000,BL,1,34,23.19000
40.7260,739,19,30,0.03000,FR,0,26,22.95000
40.7260,739,19,30,0.03000,BR,0,19,22.74000
40.7360,739,19,30,0.03000,FL,0,11,22.50000
40.7360,739,19,30,0.03000,BL,0,4,22.29000
40.7360,739,19,30,0.03000,BL,1,34,23.19000
40.7360,739,19,30,0.03000,FR,0,26,22.95000
40.7360,739,19,30,0.03000,BR,0,19,22.74000
40.7440,740,20,30,0.03000,FL,0,10,22.50000
40.7440,740,20,30,0.03000,BL,0,3,22.29000
40.7440,740,20,30,0.03000,BL,1,33,23.19000
40.7440,740,20,30,0.03000,FR,0,25,22.95000
40.7440,740,20,30,0.03000,BR,0,18,22.74000
40.7540,740,20,30,0.03000,FL,0,10,22.50000
40.7540,740,20,30,0.03000,BL,0,3,22.29000
40.7540,740,20,30,0.03000,BL,1,33,23.19000
40.7540,740,20,30,0.03000,FR,0,25,22.95000
40.7540,740,20,30,0.03000,BR,0,18,22.74000
40.7640,740,20,30,0.03000,FL,0,10,22.50000
40.7640,740,20,30,0.03000,BL,0,3,22.29000
40.7640,740,20,30,0.03000,BL,1,33,23.19000
40.7640,740,20,30,0.03000,FR,0,25,22.95000
40.7640,740,20,30,0.03000,BR,0,18,22.74000
40.7720,740,20,30,0.03000,FL,0,10,22.50000
40.7720,740,20,30,0.03000,BL,0,3,22.29000
40.7720,740,20,30,0.03000,BL,1,33,23.19000
40.7720,740,20,30,0.03000,FR,0,25,22.95000
40.7720,740,20,30,0.03000,BR,0,18,22.74000
40.7820,741,21,30,0.03000,FL,0,9,22.50000
40.7820,741,21,30,0.03000,FL,1,39,23.40000
40.7820,741,21,30,0.03000,BL,0,2,22.29000
40.7820,741,21,30,0.03000,BL,1,32,23.19000
40.7820,741,21,30,0.03000,FR,0,24,22.95000
40.7820,741,21,30,0.03000,BR,0,17,22.74000
40.7940,741,21,30,0.03000,FL,0,9,22.50000
40.7940,741,21,30,0.03000,FL,1,39,23.40000
40.7940,741,21,30,0.03000,BL,0,2,22.29000
40.7940,741,21,30,0.03000,BL,1,32,23.19000
40.7940,741,21,30,0.03000,FR,0,24,22.95000
40.7940,741,21,30,0.03000,BR,0,17,22.74000
40.8040,742,22,30,0.03000,FL,0,8,22.50000
40.8040,742,22,30,0.03000,FL,1,38,23.40000
40.8040,742,22,30,0.03000,BL,0,1,22.29000
40.8040,742,22,30,0.03000,BL,1,31,23.19000
40.8040,742,22,30,0.03000,FR,0,23,22.95000
40.8040,742,22,30,0.03000,BR,0,16,22.74000
40.8220,742,22,30,0.03000,FL,0,8,22.50000
40.8220,742,22,30,0.03000,FL,1,38,23.40000
40.8220,742,22,30,0.03000,BL,0,1,22.29000
40.8220,742,22,30,0.03000,BL,1,31,23.19000
40.8220,742,22,30,0.03000,FR,0,23,22.95000
40.8220,742,22,30,0.03000,BR,0,16,22.74000
40.8320,742,22,30,0.03000,FL,0,8,22.50000
40.8320,742,22,30,0.03000,FL,1,38,23.40000
40.8320,742,22,30,0.03000,BL,0,1,22.29000
40.8320,742,22,30,0.03000,BL,1,31,23.19000
40.8320,742,22,30,0.03000,FR,0,23,22.95000
40.8320,742,22,30,0.03000,BR,0,16,22.74000
40.8420,743,23,30,0.03000,FL,0,7,22.50000
40.8420,743,23,30,0.03000,FL,1,37,23.40000
40.8420,743,23,30,0.03000,BL,0,30,23.19000
40.8420,743,23,30,0.03000,FR,0,22,22.95000
40.8420,743,23,30,0.03000,BR,0,15,22.74000
40.8500,743,23,30,0.03000,FL,0,7,22.50000
40.8500,743,23,30,0.03000,FL,1,37,23.40000
40.8500,743,23,30,0.03000,BL,0,30,23.19000
40.8500,743,23,30,0.03000,FR,0,22,22.95000
40.8500,743,23,30,0.03000,BR,0,15,22.74000
40.8600,743,23,30,0.03000,FL,0,7,22.50000
40.8600,743,23,30,0.03000,FL,1,37,23.40000
40.8600,743,23,30,0.03000,BL,0,30,23.19000
40.8600,743,23,30,0.03000,FR,0,22,22.95000
40.8600,743,23,30,0.03000,BR,0,15,22.74000
40.8700,744,24,30,0.03000,FL,0,6,22.50000
40.8700,744,24,30,0.03000,FL,1,36,23.40000
40.8700,744,24,30,0.03000,BL,0,29,23.19000
40.8700,744,24,30,0.03000,FR,0,21,22.95000
40.8700,744,24,30,0.03000,BR,0,14,22.74000
40.8800,744,24,30,0.03000,FL,0,6,22.50000
40.8800,744,24,30,0.03000,FL,1,36,23.40000
40.8800,744,24,30,0.03000,BL,0,29,23.19000
40.8800,744,24,30,0.03000,FR,0,21,22.95000
40.8800,744,24,30,0.03000,BR,0,14,22.74000
40.8900,744,24,30,0.03000,FL,0,6,22.50000
40.8900,744,24,30,0.03000,FL,1,36,23.40000
40.8900,744,24,30,0.03000,BL,0,29,23.19000
40.8900,744,24,30,0.03000,FR,0,21,22.95000
40.8900,744,24,30,0.03000,BR,0,14,22.74000
40.9040,745,25,30,0.03000,FL,0,5,22.50000
40.9040,745,25,30,0.03000,FL,1,35,23.40000
40.9040,745,25,30,0.03000,BL,0,28,23.19000
40.9040,745,25,30,0.03000,FR,0,20,22.95000
40.9040,745,25,30,0.03000,BR,0,13,22.74000
40.9160,745,25,30,0.03000,FL,0,5,22.50000
40.9160,745,25,30,0.03000,FL,1,35,23.40000
40.9160,745,25,30,0.03000,BL,0,28,23.19000
40.9160,745,25,30,0.03000,FR,0,20,22.95000
40.9160,745,25,30,0.03000,BR,0,13,22.74000
40.9280,746,26,30,0.03000,FL,0,4,22.50000
40.9280,746,26,30,0.03000,FL,1,34,23.40000
40.9280,746,26,30,0.03000,BL,0,27,23.19000
40.9280,746,26,30,0.03000,FR,0,19,22.95000
40.9280,746,26,30,0.03000,BR,0,12,22.74000
40.9460,746,26,30,0.03000,FL,0,4,22.50000
40.9460,746,26,30,0.03000,FL,1,34,23.40000
40.9460,746,26,30,0.03000,BL,0,27,23.19000
40.9460,746,26,30,0.03000,FR,0,19,22.95000
40.9460,746,26,30,0.03000,BR,0,12,22.74000
40.9560,747,27,30,0.03000,FL,0,3,22.50000
40.9560,747,27,30,0.03000,FL,1,33,23.40000
40.9560,747,27,30,0.03000,BL,0,26,23.19000
40.9560,747,27,30,0.03000,FR,0,18,22.95000
40.9560,747,27,30,0.03000,BR,0,11,22.74000
40.9680,747,27,30,0.03000,FL,0,3,22.50000
40.9680,747,27,30,0.03000,FL,1,33,23.40000
40.9680,747,27,30,0.03000,BL,0,26,23.19000
40.9680,747,27,30,0.03000,FR,0,18,22.95000
40.9680,747,27,30,0.03000,BR,0,11,22.74000
40.9800,747,27,30,0.03000,FL,0,3,22.50000
40.9800,747,27,30,0.03000,FL,1,33,23.40000
40.9800,747,27,30,0.03000,BL,0,26,23.19000
40.9800,747,27,30,0.03000,FR,0,18,22.95000
40.9800,747,27,30,0.03000,BR,0,11,22.74000
40.9880,748,28,30,0.03000,FL,0,2,22.50000
40.9880,748,28,30,0.03000,FL,1,32,23.40000
40.9880,748,28,30,0.03000,BL,0,25,23.19000
40.9880,748,28,30,0.03000,FR,0,17,22.95000
40.9880,748,28,30,0.03000,BR,0,10,22.74000
40.9980,748,28,30,0.03000,FL,0,2,22.50000
40.9980,748,28,30,0.03000,FL,1,32,23.40000
40.9980,748,28,30,0.03000,BL,0,25,23.19000
40.9980,748,28,30,0.03000,FR,0,17,22.95000
40.9980,748,28,30,0.03000,BR,0,10,22.74000
41.0060,748,28,30,0.03000,FL,0,2,22.50000
41.0060,748,28,30,0.03000,FL,1,32,23.40000
41.0060,748,28,30,0.03000,BL,0,25,23.19000
41.0060,748,28,30,0.03000,FR,0,17,22.95000
41.0060,748,28,30,0.03000,BR,0,10,22.74000
41.0160,749,29,30,0.03000,FL,0,1,22.50000
41.0160,749,29,30,0.03000,FL,1,31,23.40000
41.0160,749,29,30,0.03000,BL,0,24,23.19000
41.0160,749,29,30,0.03000,FR,0,16,22.95000
41.0160,749,29,30,0.03000,BR,0,9,22.74000
41.0160,749,29,30,0.03000,BR,1,39,23.64000
41.0260,749,29,30,0.03000,FL,0,1,22.50000
41.0260,749,29,30,0.03000,FL,1,31,23.40000
41.0260,749,29,30,0.03000,BL,0,24,23.19000
41.0260,749,29,30,0.03000,FR,0,16,22.95000
41.0260,749,29,30,0.03000,BR,0,9,22.74000
41.0260,749,29,30,0.03000,BR,1,39,23.64000
41.0340,749,29,30,0.03000,FL,0,1,22.50000
41.0340,749,29,30,0.03000,FL,1,31,23.40000
41.0340,749,29,30,0.03000,BL,0,24,23.19000
41.0340,749,29,30,0.03000,FR,0,16,22.95000
41.0340,749,29,30,0.03000,BR,0,9,22.74000
41.0340,749,29,30,0.03000,BR,1,39,23.64000
41.0440,750,0,30,0.03000,FL,0,30,23.40000
41.0440,750,0,30,0.03000,BL,0,23,23.19000
41.0440,750,0,30,0.03000,FR,0,15,22.95000
41.0440,750,0,30,0.03000,BR,0,8,22.74000
41.0440,750,0,30,0.03000,BR,1,38,23.64000
41.0640,750,0,30,0.03000,FL,0,30,23.40000
41.0640,750,0,30,0.03000,BL,0,23,23.19000
41.0640,750,0,30,0.03000,FR,0,15,22.95000
41.0640,750,0,30,0.03000,BR,0,8,22.74000
41.0640,750,0,30,0.03000,BR,1,38,23.64000
41.0720,750,0,30,0.03000,FL,0,30,23.40000
41.0720,750,0,30,0.03000,BL,0,23,23.19000
41.0720,750,0,30,0.03000,FR,0,15,22.95000
41.0720,750,0,30,0.03000,BR,0,8,22.74000
41.0720,750,0,30,0.03000,BR,1,38,23.64000
41.0820,751,1,30,0.03000,FL,0,29,23.40000
41.0820,751,1,30,0.03000,BL,0,22,23.19000
41.0820,751,1,30,0.03000,FR,0,14,22.95000
41.0820,751,1,30,0.03000,BR,0,7,22.74000
41.0820,751,1,30,0.03000,BR,1,37,23.64000
41.0920,751,1,30,0.03000,FL,0,29,23.40000
41.0920,751,1,30,0.03000,BL,0,22,23.19000
41.0920,751,1,30,0.03000,FR,0,14,22.95000
41.0920,751,1,30,0.03000,BR,0,7,22.74000
41.0920,751,1,30,0.03000,BR,1,37,23.64000
41.1000,751,1,30,0.03000,FL,0,29,23.40000
41.1000,751,1,30,0.03000,BL,0,22,23.19000
41.1000,751,1,30,0.03000,FR,0,14,22.95000
41.1000,751,1,30,0.03000,BR,0,7,22.74000
41.1000,751,1,30,0.03000,BR,1,37,23.64000
41.1100,752,2,30,0.03000,FL,0,28,23.40000
41.1100,752,2,30,0.03000,BL,0,21,23.19000
41.1100,752,2,30,0.03000,FR,0,13,22.95000
41.1100,752,2,30,0.03000,BR,0,6,22.74000
41.1100,752,2,30,0.03000,BR,1,36,23.64000
41.1200,752,2,30,0.03000,FL,0,28,23.40000
41.1200,752,2,30,0.03000,BL,0,21,23.19000
41.1200,752,2,30,0.03000,FR,0,13,22.95000
41.1200,752,2,30,0.03000,BR,0,6,22.74000
41.1200,752,2,30,0.03000,BR,1,36,23.64000
41.1280,752,2,30,0.03000,FL,0,28,23.40000
41.1280,752,2,30,0.03000,BL,0,21,23.19000
41.1280,752,2,30,0.03000,FR,0,13,22.95000
41.1280,752,2,30,0.03000,BR,0,6,22.74000
41.1280,752,2,30,0.03000,BR,1,36,23.64000
41.1380,753,3,30,0.03000,FL,0,27,23.40000
41.1380,753,3,30,0.03000,BL,0,20,23.19000
41.1380,753,3,30,0.03000,FR,0,12,22.95000
41.1380,753,3,30,0.03000,BR,0,5,22.74000
41.1380,753,3,30,0.03000,BR,1,35,23.64000
41.1460,753,3,30,0.03000,FL,0,27,23.40000
41.1460,753,3,30,0.03000,BL,0,20,23.19000
41.1460,753,3,30,0.03000,FR,0,12,22.95000
41.1460,753,3,30,0.03000,BR,0,5,22.74000
41.1480,753,3,30,0.03000,BR,1,35,23.64000
41.1560,753,3,30,0.03000,FL,0,27,23.40000
41.1560,753,3,30,0.03000,BL,0,20,23.19000
41.1560,753,3,30,0.03000,FR,0,12,22.95000
41.1560,753,3,30,0.03000,BR,0,5,22.74000
41.1560,753,3,30,0.03000,BR,1,35,23.64000
41.1660,754,4,30,0.03000,FL,0,26,23.40000
41.1660,754,4,30,0.03000,BL,0,19,23.19000
41.1660,754,4,30,0.03000,FR,0,11,22.95000
41.1660,754,4,30,0.03000,BR,0,4,22.74000
41.1660,754,4,30,0.03000,BR,1,34,23.64000
41.1740,754,4,30,0.03000,FL,0,26,23.40000
41.1740,754,4,30,0.03000,BL,0,19,23.19000
41.1740,754,4,30,0.03000,FR,0,11,22.95000
41.1740,754,4,30,0.03000,BR,0,4,22.74000
41.1740,754,4,30,0.03000,BR,1,34,23.64000
41.1820,754,4,30,0.03000,FL,0,26,23.40000
41.1820,754,4,30,0.03000,BL,0,19,23.19000
41.1820,754,4,30,0.03000,FR,0,11,22.95000
41.1820,754,4,30,0.03000,BR,0,4,22.74000
41.1820,754,4,30,0.03000,BR,1,34,23.64000
41.1920,754,4,30,0.03000,FL,0,26,23.40000
41.1920,754,4,30,0.03000,BL,0,19,23.19000
41.1920,754,4,30,0.03000,FR,0,11,22.95000
41.1920,754,4,30,0.03000,BR,0,4,22.74000
41.1920,754,4,30,0.03000,BR,1,34,23.64000
41.2020,755,5,30,0.03000,FL,0,25,23.40000
41.2020,755,5,30,0.03000,BL,0,18,23.19000
41.2020,755,5,30,0.03000,FR,0,10,22.95000
41.2020,755,5,30,0.03000,BR,0,3,22.74000
41.2020,755,5,30,0.03000,BR,1,33,23.64000
41.2120,755,5,30,0.03000,FL,0,25,23.40000
41.2120,755,5,30,0.03000,BL,0,18,23.19000
41.2120,755,5,30,0.03000,FR,0,10,22.95000
41.2120,755,5,30,0.03000,BR,0,3,22.74000
41.2120,755,5,30,0.03000,BR,1,33,23.64000
41.2200,755,5,30,0.03000,FL,0,25,23.40000
41.2200,755,5,30,0.03000,BL,0,18,23.19000
41.2200,755,5,30,0.03000,FR,0,10,22.95000
41.2200,755,5,30,0.03000,BR,0,3,22.74000
41.2200,755,5,30,0.03000,BR,1,33,23.64000
41.2300,756,6,30,0.03000,FL,0,24,23.40000
41.2300,756,6,30,0.03000,BL,0,17,23.19000
41.2300,756,6,30,0.03000,FR,0,9,22.95000
41.2300,756,6,30,0.03000,FR,1,39,23.85000
41.2300,756,6,30,0.03000,BR,0,2,22.74000
41.2300,756,6,30,0.03000,BR,1,32,23.64000
41.2380,756,6,30,0.03000,FL,0,24,23.40000
41.2380,756,6,30,0.03000,BL,0,17,23.19000
41.2380,756,6,30,0.03000,FR,0,9,22.95000
41.2380,756,6,30,0.03000,FR,1,39,23.85000
41.2380,756,6,30,0.03000,BR,0,2,22.74000
41.2380,756,6,30,0.03000,BR,1,32,23.64000
41.2480,756,6,30,0.03000,FL,0,24,23.40000
41.2480,756,6,30,0.03000,BL,0,17,23.19000
41.2480,756,6,30,0.03000,FR,0,9,22.95000
41.2480,756,6,30,0.03000,FR,1,39,23.85000
41.2480,756,6,30,0.03000,BR,0,2,22.74000
41.2480,756,6,30,0.03000,BR,1,32,23.64000
41.2580,757,7,30,0.03000,FL,0,23,23.40000
41.2580,757,7,30,0.03000,BL,0,16,23.19000
41.2580,757,7,30,0.03000,FR,0,8,22.95000
41.2580,757,7,30,0.03000,FR,1,38,23.85000
41.2580,757,7,30,0.03000,BR,0,1,22.74000
41.2580,757,7,30,0.03000,BR,1,31,23.64000
41.2780,757,7,30,0.03000,FL,0,23,23.40000
41.2780,757,7,30,0.03000,BL,0,16,23.19000
41.2780,757,7,30,0.03000,FR,0,8,22.95000
41.2780,757,7,30,0.03000,FR,1,38,23.85000
41.2780,757,7,30,0.03000,BR,0,1,22.74000
41.2780,757,7,30,0.03000,BR,1,31,23.64000
41.2900,758,8,30,0.03000,FL,0,22,23.40000
41.2900,758,8,30,0.03000,BL,0,15,23.19000
41.2900,758,8,30,0.03000,FR,0,7,22.95000
41.2900,758,8,30,0.03000,FR,1,37,23.85000
41.2900,758,8,30,0.03000,BR,0,30,23.64000
41.3000,758,8,30,0.03000,FL,0,22,23.40000
41.3000,758,8,30,0.03000,BL,0,15,23.19000
41.3000,758,8,30,0.03000,FR,0,7,22.95000
41.3000,758,8,30,0.03000,FR,1,37,23.85000
41.3000,758,8,30,0.03000,BR,0,30,23.64000
41.3100,758,8,30,0.03000,FL,0,22,23.40000
41.3100,758,8,30,0.03000,BL,0,15,23.19000
41.3100,758,8,30,0.03000,FR,0,7,22.95000
41.3100,758,8,30,0.03000,FR,1,37,23.85000
41.3100,758,8,30,0.03000,BR,0,30,23.64000
41.3180,759,9,30,0.03000,FL,0,21,23.40000
41.3180,759,9,30,0.03000,BL,0,14,23.19000
41.3180,759,9,30,0.03000,FR,0,6,22.95000
41.3180,759,9,30,0.03000,FR,1,36,23.85000
41.3180,759,9,30,0.03000,BR,0,29,23.64000
41.3280,759,9,30,0.03000,FL,0,21,23.40000
41.3280,759,9,30,0.03000,BL,0,14,23.19000
41.3280,759,9,30,0.03000,FR,0,6,22.95000
41.3280,759,9,30,0.03000,FR,1,36,23.85000
41.3280,759,9,30,0.03000,BR,0,29,23.64000
41.3380,759,9,30,0.03000,FL,0,21,23.40000
41.3380,759,9,30,0.03000,BL,0,14,23.19000
41.3380,759,9,30,0.03000,FR,0,6,22.95000
41.3380,759,9,30,0.03000,FR,1,36,23.85000
41.3380,759,9,30,0.03000,BR,0,29,23.64000
41.3460,760,10,30,0.03000,FL,0,20,23.40000
41.3460,760,10,30,0.03000,BL,0,13,23.19000
41.3460,760,10,30,0.03000,FR,0,5,22.95000
41.3460,760,10,30,0.03000,FR,1,35,23.85000
41.3460,760,10,30,0.03000,BR,0,28,23.64000
41.3580,760,10,30,0.03000,FL,0,20,23.40000
41.3580,760,10,30,0.03000,BL,0,13,23.19000
41.3580,760,10,30,0.03000,FR,0,5,22.95000
41.3580,760,10,30,0.03000,FR,1,35,23.85000
41.3580,760,10,30,0.03000,BR,0,28,23.64000
41.3660,760,10,30,0.03000,FL,0,20,23.40000
41.3660,760,10,30,0.03000,BL,0,13,23.19000
41.3660,760,10,30,0.03000,FR,0,5,22.95000
41.3660,760,10,30,0.03000,FR,1,35,23.85000
41.3660,760,10,30,0.03000,BR,0,28,23.64000
41.3780,761,11,30,0.03000,FL,0,19,23.40000
41.3780,761,11,30,0.03000,BL,0,12,23.19000
41.3780,761,11,30,0.03000,FR,0,4,22.95000
41.3780,761,11,30,0.03000,FR,1,34,23.85000
41.3780,761,11,30,0.03000,BR,0,27,23.64000
41.3900,761,11,30,0.03000,FL,0,19,23.40000
41.3900,761,11,30,0.03000,BL,0,12,23.19000
41.3900,761,11,30,0.03000,FR,0,4,22.95000
41.3900,761,11,30,0.03000,FR,1,34,23.85000
41.3900,761,11,30,0.03000,BR,0,27,23.64000
41.4020,761,11,30,0.03000,FL,0,19,23.40000
41.4020,761,11,30,0.03000,BL,0,12,23.19000
41.4020,761,11,30,0.03000,FR,0,4,22.95000
41.4020,761,11,30,0.03000,FR,1,34,23.85000
41.4020,761,11,30,0.03000,BR,0,27,23.64000
41.4140,762,12,30,0.03000,FL,0,18,23.40000
41.4140,762,12,30,0.03000,BL,0,11,23.19000
41.4140,762,12,30,0.03000,FR,0,3,22.95000
41.4140,762,12,30,0.03000,FR,1,33,23.85000
41.4140,762,12,30,0.03000,BR,0,26,23.64000
41.4240,762,12,30,0.03000,FL,0,18,23.40000
41.4240,762,12,30,0.03000,BL,0,11,23.19000
41.4240,762,12,30,0.03000,FR,0,3,22.95000
41.4240,762,12,30,0.03000,FR,1,33,23.85000
41.4240,762,12,30,0.03000,BR,0,26,23.64000
41.4340,763,13,30,0.03000,FL,0,17,23.40000
41.4340,763,13,30,0.03000,BL,0,10,23.19000
41.4340,763,13,30,0.03000,FR,0,2,22.95000
41.4340,763,13,30,0.03000,FR,1,32,23.85000
41.4340,763,13,30,0.03000,BR,0,25,23.64000
41.4440,763,13,30,0.03000,FL,0,17,23.40000
41.4440,763,13,30,0.03000,BL,0,10,23.19000
41.4440,763,13,30,0.03000,FR,0,2,22.95000
41.4440,763,13,30,0.03000,FR,1,32,23.85000
41.4440,763,13,30,0.03000,BR,0,25,23.64000
41.4520,763,13,30,0.03000,FL,0,17,23.40000
41.4520,763,13,30,0.03000,BL,0,10,23.19000
41.4520,763,13,30,0.03000,FR,0,2,22.95000
41.4520,763,13,30,0.03000,FR,1,32,23.85000
41.4520,763,13,30,0.03000,BR,0,25,23.64000
41.4620,763,13,30,0.03000,FL,0,17,23.40000
41.4620,763,13,30,0.03000,BL,0,10,23.19000
41.4620,763,13,30,0.03000,FR,0,2,22.95000
41.4620,763,13,30,0.03000,FR,1,32,23.85000
41.4620,763,13,30,0.03000,BR,0,25,23.64000
41.4720,764,14,30,0.03000,FL,0,16,23.40000
41.4720,764,14,30,0.03000,BL,0,9,23.19000
41.4720,764,14,30,0.03000,BL,1,39,24.09000
41.4720,764,14,30,0.03000,FR,0,1,22.95000
41.4720,764,14,30,0.03000,FR,1,31,23.85000
41.4720,764,14,30,0.03000,BR,0,24,23.64000
41.4820,764,14,30,0.03000,FL,0,16,23.40000
41.4820,764,14,30,0.03000,BL,0,9,23.19000
41.4820,764,14,30,0.03000,BL,1,39,24.09000
41.4820,764,14,30,0.03000,FR,0,1,22.95000
41.4820,764,14,30,0.03000,FR,1,31,23.85000
41.4820,764,14,30,0.03000,BR,0,24,23.64000
41.4920,764,14,30,0.03000,FL,0,16,23.40000
41.4920,764,14,30,0.03000,BL,0,9,23.19000
41.4920,764,14,30,0.03000,BL,1,39,24.09000
41.4940,764,14,30,0.03000,FR,0,1,22.95000
41.4940,764,14,30,0.03000,FR,1,31,23.85000
41.4940,764,14,30,0.03000,BR,0,24,23.64000
41.5020,765,15,30,0.03000,FL,0,15,23.40000
41.5020,765,15,30,0.03000,BL,0,8,23.19000
41.5020,765,15,30,0.03000,BL,1,38,24.09000
41.5020,765,15,30,0.03000,FR,0,30,23.85000
41.5020,765,15,30,0.03000,BR,0,23,23.64000
41.5220,765,15,30,0.03000,FL,0,15,23.40000
41.5220,765,15,30,0.03000,BL,0,8,23.19000
41.5220,765,15,30,0.03000,BL,1,38,24.09000
41.5220,765,15,30,0.03000,FR,0,30,23.85000
41.5220,765,15,30,0.03000,BR,0,23,23.64000
41.5320,766,16,30,0.03000,FL,0,14,23.40000
41.5320,766,16,30,0.03000,BL,0,7,23.19000
41.5320,766,16,30,0.03000,BL,1,37,24.09000
41.5320,766,16,30,0.03000,FR,0,29,23.85000
41.5320,766,16,30,0.03000,BR,0,22,23.64000
41.5400,766,16,30,0.03000,FL,0,14,23.40000
41.5400,766,16,30,0.03000,BL,0,7,23.19000
41.5400,766,16,30,0.03000,BL,1,37,24.09000
41.5400,766,16,30,0.03000,FR,0,29,23.85000
41.5400,766,16,30,0.03000,BR,0,22,23.64000
41.5500,766,16,30,0.03000,FL,0,14,23.40000
41.5500,766,16,30,0.03000,BL,0,7,23.19000
41.5500,766,16,30,0.03000,BL,1,37,24.09000
41.5500,766,16,30,0.03000,FR,0,29,23.85000
41.5500,766,16,30,0.03000,BR,0,22,23.64000
41.5600,767,17,30,0.03000,FL,0,13,23.40000
41.5600,767,17,30,0.03000,BL,0,6,23.19000
41.5600,767,17,30,0.03000,BL,1,36,24.09000
41.5600,767,17,30,0.03000,FR,0,28,23.85000
41.5600,767,17,30,0.03000,BR,0,21,23.64000
41.5700,767,17,30,0.03000,FL,0,13,23.40000
41.5700,767,17,30,0.03000,BL,0,6,23.19000
41.5700,767,17,30,0.03000,BL,1,36,24.09000
41.5700,767,17,30,0.03000,FR,0,28,23.85000
41.5700,767,17,30,0.03000,BR,0,21,23.64000
41.5780,767,17,30,0.03000,FL,0,13,23.40000
41.5780,767,17,30,0.03000,BL,0,6,23.19000
41.5780,767,17,30,0.03000,BL,1,36,24.09000
41.5780,767,17,30,0.03000,FR,0,28,23.85000
41.5780,767,17,30,0.03000,BR,0,21,23.64000
41.5880,768,18,30,0.03000,FL,0,12,23.40000
41.5880,768,18,30,0.03000,BL,0,5,23.19000
41.5880,768,18,30,0.03000,BL,1,35,24.09000
41.5880,768,18,30,0.03000,FR,0,27,23.85000
41.5880,768,18,30,0.03000,BR,0,20,23.64000
41.6020,768,18,30,0.03000,FL,0,12,23.40000
41.6020,768,18,30,0.03000,BL,0,5,23.19000
41.6020,768,18,30,0.03000,BL,1,35,24.09000
41.6020,768,18,30,0.03000,FR,0,27,23.85000
41.6020,768,18,30,0.03000,BR,0,20,23.64000
41.6140,769,19,30,0.03000,FL,0,11,23.40000
41.6140,769,19,30,0.03000,BL,0,4,23.19000
41.6140,769,19,30,0.03000,BL,1,34,24.09000
41.6140,769,19,30,0.03000,FR,0,26,23.85000
41.6140,769,19,30,0.03000,BR,0,19,23.64000
41.6280,769,19,30,0.03000,FL,0,11,23.40000
41.6280,769,19,30,0.03000,BL,0,4,23.19000
41.6280,769,19,30,0.03000,BL,1,34,24.09000
41.6280,769,19,30,0.03000,FR,0,26,23.85000
41.6280,769,19,30,0.03000,BR,0,19,23.64000
41.6420,769,19,30,0.03000,FL,0,11,23.40000
41.6420,769,19,30,0.03000,BL,0,4,23.19000
41.6420,769,19,30,0.03000,BL,1,34,24.09000
41.6420,769,19,30,0.03000,FR,0,26,23.85000
41.6420,769,19,30,0.03000,BR,0,19,23.64000
41.6500,770,20,30,0.03000,FL,0,10,23.40000
41.6500,770,20,30,0.03000,BL,0,3,23.19000
41.6500,770,20,30,0.03000,BL,1,33,24.09000
41.6500,770,20,30,0.03000,FR,0,25,23.85000
41.6500,770,20,30,0.03000,BR,0,18,23.64000
41.6600,770,20,30,0.03000,FL,0,10,23.40000
41.6600,770,20,30,0.03000,BL,0,3,23.19000
41.6600,770,20,30,0.03000,BL,1,33,24.09000
41.6600,770,20,30,0.03000,FR,0,25,23.85000
41.6600,770,20,30,0.03000,BR,0,18,23.64000
41.6680,770,20,30,0.03000,FL,0,10,23.40000
41.6680,770,20,30,0.03000,BL,0,3,23.19000
41.6680,770,20,30,0.03000,BL,1,33,24.09000
41.6680,770,20,30,0.03000,FR,0,25,23.85000
41.6680,770,20,30,0.03000,BR,0,18,23.64000
41.6780,771,21,30,0.03000,FL,0,9,23.40000
41.6780,771,21,30,0.03000,FL,1,39,24.30000
41.6780,771,21,30,0.03000,BL,0,2,23.19000
41.6780,771,21,30,0.03000,BL,1,32,24.09000
41.6780,771,21,30,0.03000,FR,0,24,23.85000
41.6780,771,21,30,0.03000,BR,0,17,23.64000
41.6900,771,21,30,0.03000,FL,0,9,23.40000
41.6900,771,21,30,0.03000,FL,1,39,24.30000
41.6900,771,21,30,0.03000,BL,0,2,23.19000
41.6900,771,21,30,0.03000,BL,1,32,24.09000
41.6900,771,21,30,0.03000,FR,0,24,23.85000
41.6900,771,21,30,0.03000,BR,0,17,23.64000
41.7020,771,21,30,0.03000,FL,0,9,23.40000
41.7020,771,21,30,0.03000,FL,1,39,24.30000
41.7020,771,21,30,0.03000,BL,0,2,23.19000
41.7020,771,21,30,0.03000,BL,1,32,24.09000
41.7020,771,21,30,0.03000,FR,0,24,23.85000
41.7020,771,21,30,0.03000,BR,0,17,23.64000
41.7120,772,22,30,0.03000,FL,0,8,23.40000
41.7120,772,22,30,0.03000,FL,1,38,24.30000
41.7120,772,22,30,0.03000,BL,0,1,23.19000
41.7120,772,22,30,0.03000,BL,1,31,24.09000
41.7120,772,22,30,0.03000,FR,0,23,23.85000
41.7120,772,22,30,0.03000,BR,0,16,23.64000
41.7300,772,22,30,0.03000,FL,0,8,23.40000
41.7300,772,22,30,0.03000,FL,1,38,24.30000
41.7300,772,22,30,0.03000,BL,0,1,23.19000
41.7300,772,22,30,0.03000,BL,1,31,24.09000
41.7300,772,22,30,0.03000,FR,0,23,23.85000
41.7300,772,22,30,0.03000,BR,0,16,23.64000
41.7400,773,23,30,0.03000,FL,0,7,23.40000
41.7400,773,23,30,0.03000,FL,1,37,24.30000
41.7400,773,23,30,0.03000,BL,0,30,24.09000
41.7400,773,23,30,0.03000,FR,0,22,23.85000
41.7400,773,23,30,0.03000,BR,0,15,23.64000
41.7480,773,23,30,0.03000,FL,0,7,23.40000
41.7480,773,23,30,0.03000,FL,1,37,24.30000
41.7480,773,23,30,0.03000,BL,0,30,24.09000
41.7480,773,23,30,0.03000,FR,0,22,23.85000
41.7480,773,23,30,0.03000,BR,0,15,23.64000
41.7580,773,23,30,0.03000,FL,0,7,23.40000
41.7580,773,23,30,0.03000,FL,1,37,24.30000
41.7580,773,23,30,0.03000,BL,0,30,24.09000
41.7580,773,23,30,0.03000,FR,0,22,23.85000
41.7580,773,23,30,0.03000,BR,0,15,23.64000
41.7680,774,24,30,0.03000,FL,0,6,23.40000
41.7680,774,24,30,0.03000,FL,1,36,24.30000
41.7680,774,24,30,0.03000,BL,0,29,24.09000
41.7680,774,24,30,0.03000,FR,0,21,23.85000
41.7680,774,24,30,0.03000,BR,0,14,23.64000
41.7780,774,24,30,0.03000,FL,0,6,23.40000
41.7780,774,24,30,0.03000,FL,1,36,24.30000
41.7780,774,24,30,0.03000,BL,0,29,24.09000
41.7780,774,24,30,0.03000,FR,0,21,23.85000
41.7780,774,24,30,0.03000,BR,0,14,23.64000
41.7860,774,24,30,0.03000,FL,0,6,23.40000
41.7860,774,24,30,0.03000,FL,1,36,24.30000
41.7860,774,24,30,0.03000,BL,0,29,24.09000
41.7860,774,24,30,0.03000,FR,0,21,23.85000
41.7860,774,24,30,0.03000,BR,0,14,23.64000
41.7960,775,25,30,0.03000,FL,0,5,23.40000
41.7960,775,25,30,0.03000,FL,1,35,24.30000
41.7960,775,25,30,0.03000,BL,0,28,24.09000
41.7960,775,25,30,0.03000,FR,0,20,23.85000
41.7960,775,25,30,0.03000,BR,0,13,23.64000
41.8060,775,25,30,0.03000,FL,0,5,23.40000
41.8060,775,25,30,0.03000,FL,1,35,24.30000
41.8060,775,25,30,0.03000,BL,0,28,24.09000
41.8060,775,25,30,0.03000,FR,0,20,23.85000
41.8060,775,25,30,0.03000,BR,0,13,23.64000
41.8140,775,25,30,0.03000,FL,0,5,23.40000
41.8140,775,25,30,0.03000,FL,1,35,24.30000
41.8140,775,25,30,0.03000,BL,0,28,24.09000
41.8140,775,25,30,0.03000,FR,0,20,23.85000
41.8140,775,25,30,0.03000,BR,0,13,23.64000
41.8240,776,26,30,0.03000,FL,0,4,23.40000
41.8240,776,26,30,0.03000,FL,1,34,24.30000
41.8240,776,26,30,0.03000,BL,0,27,24.09000
41.8240,776,26,30,0.03000,FR,0,19,23.85000
41.8240,776,26,30,0.03000,BR,0,12,23.64000
41.8320,776,26,30,0.03000,FL,0,4,23.40000
41.8320,776,26,30,0.03000,FL,1,34,24.30000
41.8320,776,26,30,0.03000,BL,0,27,24.09000
41.8320,776,26,30,0.03000,FR,0,19,23.85000
41.8320,776,26,30,0.03000,BR,0,12,23.64000
41.8420,776,26,30,0.03000,FL,0,4,23.40000
41.8420,776,26,30,0.03000,FL,1,34,24.30000
41.8420,776,26,30,0.03000,BL,0,27,24.09000
41.8420,776,26,30,0.03000,FR,0,19,23.85000
41.8420,776,26,30,0.03000,BR,0,12,23.64000
41.8520,776,26,30,0.03000,FL,0,4,23.40000
41.8520,776,26,30,0.03000,FL,1,34,24.30000
41.8520,776,26,30,0.03000,BL,0,27,24.09000
41.8520,776,26,30,0.03000,FR,0,19,23.85000
41.8520,776,26,30,0.03000,BR,0,12,23.64000
41.8600,777,27,30,0.03000,FL,0,3,23.40000
41.8600,777,27,30,0.03000,FL,1,33,24.30000
41.8600,777,27,30,0.03000,BL,0,26,24.09000
41.8600,777,27,30,0.03000,FR,0,18,23.85000
41.8600,777,27,30,0.03000,BR,0,11,23.64000
41.8700,777,27,30,0.03000,FL,0,3,23.40000
41.8700,777,27,30,0.03000,FL,1,33,24.30000
41.8700,777,27,30,0.03000,BL,0,26,24.09000
41.8700,777,27,30,0.03000,FR,0,18,23.85000
41.8700,777,27,30,0.03000,BR,0,11,23.64000
41.8800,777,27,30,0.03000,FL,0,3,23.40000
41.8800,777,27,30,0.03000,FL,1,33,24.30000
41.8800,777,27,30,0.03000,BL,0,26,24.09000
41.8800,777,27,30,0.03000,FR,0,18,23.85000
41.8800,777,27,30,0.03000,BR,0,11,23.64000
41.8880,778,28,30,0.03000,FL,0,2,23.40000
41.8880,778,28,30,0.03000,FL,1,32,24.30000
41.8880,778,28,30,0.03000,BL,0,25,24.09000
41.8880,778,28,30,0.03000,FR,0,17,23.85000
41.8880,778,28,30,0.03000,BR,0,10,23.64000
41.8980,778,28,30,0.03000,FL,0,2,23.40000
41.8980,778,28,30,0.03000,FL,1,32,24.30000
41.8980,778,28,30,0.03000,BL,0,25,24.09000
41.8980,778,28,30,0.03000,FR,0,17,23.85000
41.8980,778,28,30,0.03000,BR,0,10,23.64000
41.9080,778,28,30,0.03000,FL,0,2,23.40000
41.9080,778,28,30,0.03000,FL,1,32,24.30000
41.9080,778,28,30,0.03000,BL,0,25,24.09000
41.9080,778,28,30,0.03000,FR,0,17,23.85000
41.9080,778,28,30,0.03000,BR,0,10,23.64000
41.9160,779,29,30,0.03000,FL,0,1,23.40000
41.9160,779,29,30,0.03000,FL,1,31,24.30000
41.9160,779,29,30,0.03000,BL,0,24,24.09000
41.9160,779,29,30,0.03000,FR,0,16,23.85000
41.9160,779,29,30,0.03000,BR,0,9,23.64000
41.9160,779,29,30,0.03000,BR,1,39,24.54000
41.9260,779,29,30,0.03000,FL,0,1,23.40000
41.9260,779,29,30,0.03000,FL,1,31,24.30000
41.9260,779,29,30,0.03000,BL,0,24,24.09000
41.9260,779,29,30,0.03000,FR,0,16,23.85000
41.9260,779,29,30,0.03000,BR,0,9,23.64000
41.9260,779,29,30,0.03000,BR,1,39,24.54000
41.9360,779,29,30,0.03000,FL,0,1,23.40000
41.9360,779,29,30,0.03000,FL,1,31,24.30000
41.9360,779,29,30,0.03000,BL,0,24,24.09000
41.9360,779,29,30,0.03000,FR,0,16,23.85000
41.9360,779,29,30,0.03000,BR,0,9,23.64000
41.9360,779,29,30,0.03000,BR,1,39,24.54000
41.9440,780,0,30,0.03000,FL,0,30,24.30000
41.9440,780,0,30,0.03000,BL,0,23,24.09000
41.9440,780,0,30,0.03000,FR,0,15,23.85000
41.9440,780,0,30,0.03000,BR,0,8,23.64000
41.9440,780,0,30,0.03000,BR,1,38,24.54000
41.9640,780,0,30,0.03000,FL,0,30,24.30000
41.9640,780,0,30,0.03000,BL,0,23,24.09000
41.9640,780,0,30,0.03000,FR,0,15,23.85000
41.9640,780,0,30,0.03000,BR,0,8,23.64000
41.9640,780,0,30,0.03000,BR,1,38,24.54000
41.9740,781,1,30,0.03000,FL,0,29,24.30000
41.9740,781,1,30,0.03000,BL,0,22,24.09000
41.9740,781,1,30,0.03000,FR,0,14,23.85000
41.9740,781,1,30,0.03000,BR,0,7,23.64000
41.9740,781,1,30,0.03000,BR,1,37,24.54000
41.9820,781,1,30,0.03000,FL,0,29,24.30000
41.9820,781,1,30,0.03000,BL,0,22,24.09000
41.9820,781,1,30,0.03000,FR,0,14,23.85000
41.9820,781,1,30,0.03000,BR,0,7,23.64000
41.9820,781,1,30,0.03000,BR,1,37,24.54000
41.9920,781,1,30,0.03000,FL,0,29,24.30000
41.9920,781,1,30,0.03000,BL,0,22,24.09000
41.9920,781,1,30,0.03000,FR,0,14,23.85000
41.9920,781,1,30,0.03000,BR,0,7,23.64000
41.9920,781,1,30,0.03000,BR,1,37,24.54000
42.0020,781,1,30,0.03000,FL,0,29,24.30000
42.0020,781,1,30,0.03000,BL,0,22,24.09000
42.0020,781,1,30,0.03000,FR,0,14,23.85000
42.0020,781,1,30,0.03000,BR,0,7,23.64000
42.0020,781,1,30,0.03000,BR,1,37,24.54000
42.0100,782,2,30,0.03000,FL,0,28,24.30000
42.0100,782,2,30,0.03000,BL,0,21,24.09000
42.0100,782,2,30,0.03000,FR,0,13,23.85000
42.0100,782,2,30,0.03000,BR,0,6,23.64000
42.0100,782,2,30,0.03000,BR,1,36,24.54000
42.0200,782,2,30,0.03000,FL,0,28,24.30000
42.0200,782,2,30,0.03000,BL,0,21,24.09000
42.0200,782,2,30,0.03000,FR,0,13,23.85000
42.0200,782,2,30,0.03000,BR,0,6,23.64000
42.0200,782,2,30,0.03000,BR,1,36,24.54000
42.0280,782,2,30,0.03000,FL,0,28,24.30000
42.0280,782,2,30,0.03000,BL,0,21,24.09000
42.0280,782,2,30,0.03000,FR,0,13,23.85000
42.0280,782,2,30,0.03000,BR,0,6,23.64000
42.0280,782,2,30,0.03000,BR,1,36,24.54000
42.0380,783,3,30,0.03000,FL,0,27,24.30000
42.0380,783,3,30,0.03000,BL,0,20,24.09000
42.0380,783,3,30,0.03000,FR,0,12,23.85000
42.0380,783,3,30,0.03000,BR,0,5,23.64000
42.0380,783,3,30,0.03000,BR,1,35,24.54000
42.0460,783,3,30,0.03000,FL,0,27,24.30000
42.0460,783,3,30,0.03000,BL,0,20,24.09000
42.0460,783,3,30,0.03000,FR,0,12,23.85000
42.0460,783,3,30,0.03000,BR,0,5,23.64000
42.0460,783,3,30,0.03000,BR,1,35,24.54000
42.0560,783,3,30,0.03000,FL,0,27,24.30000
42.0560,783,3,30,0.03000,BL,0,20,24.09000
42.0560,783,3,30,0.03000,FR,0,12,23.85000
42.0560,783,3,30,0.03000,BR,0,5,23.64000
42.0560,783,3,30,0.03000,BR,1,35,24.54000
42.0660,784,4,30,0.03000,FL,0,26,24.30000
42.0660,784,4,30,0.03000,BL,0,19,24.09000
42.0660,784,4,30,0.03000,FR,0,11,23.85000
42.0660,784,4,30,0.03000,BR,0,4,23.64000
42.0660,784,4,30,0.03000,BR,1,34,24.54000
42.0760,784,4,30,0.03000,FL,0,26,24.30000
42.0760,784,4,30,0.03000,BL,0,19,24.09000
42.0760,784,4,30,0.03000,FR,0,11,23.85000
42.0760,784,4,30,0.03000,BR,0,4,23.64000
42.0760,784,4,30,0.03000,BR,1,34,24.54000
42.0840,784,4,30,0.03000,FL,0,26,24.30000
42.0840,784,4,30,0.03000,BL,0,19,24.09000
42.0840,784,4,30,0.03000,FR,0,11,23.85000
42.0840,784,4,30,0.03000,BR,0,4,23.64000
42.0840,784,4,30,0.03000,BR,1,34,24.54000
42.0960,785,5,30,0.03000,FL,0,25,24.30000
42.0960,785,5,30,0.03000,BL,0,18,24.09000
42.0960,785,5,30,0.03000,FR,0,10,23.85000
42.0960,785,5,30,0.03000,BR,0,3,23.64000
42.0960,785,5,30,0.03000,BR,1,33,24.54000
42.1060,785,5,30,0.03000,FL,0,25,24.30000
42.1060,785,5,30,0.03000,BL,0,18,24.09000
42.1060,785,5,30,0.03000,FR,0,10,23.85000
42.1060,785,5,30,0.03000,BR,0,3,23.64000
42.1060,785,5,30,0.03000,BR,1,33,24.54000
42.1160,785,5,30,0.03000,FL,0,25,24.30000
42.1160,785,5,30,0.03000,BL,0,18,24.09000
42.1160,785,5,30,0.03000,FR,0,10,23.85000
42.1160,785,5,30,0.03000,BR,0,3,23.64000
42.1160,785,5,30,0.03000,BR,1,33,24.54000
42.1240,786,6,30,0.03000,FL,0,24,24.30000
42.1240,786,6,30,0.03000,BL,0,17,24.09000
42.1240,786,6,30,0.03000,FR,0,9,23.85000
42.1240,786,6,30,0.03000,FR,1,39,24.75000
42.1240,786,6,30,0.03000,BR,0,2,23.64000
42.1240,786,6,30,0.03000,BR,1,32,24.54000
42.1360,786,6,30,0.03000,FL,0,24,24.30000
42.1360,786,6,30,0.03000,BL,0,17,24.09000
42.1360,786,6,30,0.03000,FR,0,9,23.85000
42.1360,786,6,30,0.03000,FR,1,39,24.75000
42.1360,786,6,30,0.03000,BR,0,2,23.64000
42.1360,786,6,30,0.03000,BR,1,32,24.54000
42.1440,786,6,30,0.03000,FL,0,24,24.30000
42.1440,786,6,30,0.03000,BL,0,17,24.09000
42.1440,786,6,30,0.03000,FR,0,9,23.85000
42.1440,786,6,30,0.03000,FR,1,39,24.75000
42.1440,786,6,30,0.03000,BR,0,2,23.64000
42.1440,786,6,30,0.03000,BR,1,32,24.54000
42.1540,787,7,30,0.03000,FL,0,23,24.30000
42.1540,787,7,30,0.03000,BL,0,16,24.09000
42.1540,787,7,30,0.03000,FR,0,8,23.85000
42.1540,787,7,30,0.03000,FR,1,38,24.75000
42.1540,787,7,30,0.03000,BR,0,1,23.64000
42.1540,787,7,30,0.03000,BR,1,31,24.54000
42.1720,787,7,30,0.03000,FL,0,23,24.30000
42.1720,787,7,30,0.03000,BL,0,16,24.09000
42.1720,787,7,30,0.03000,FR,0,8,23.85000
42.1720,787,7,30,0.03000,FR,1,38,24.75000
42.1720,787,7,30,0.03000,BR,0,1,23.64000
42.1720,787,7,30,0.03000,BR,1,31,24.54000
42.1820,787,7,30,0.03000,FL,0,23,24.30000
42.1820,787,7,30,0.03000,BL,0,16,24.09000
42.1820,787,7,30,0.03000,FR,0,8,23.85000
42.1820,787,7,30,0.03000,FR,1,38,24.75000
42.1820,787,7,30,0.03000,BR,0,1,23.64000
42.1820,787,7,30,0.03000,BR,1,31,24.54000
42.1920,788,8,30,0.03000,FL,0,22,24.30000
42.1920,788,8,30,0.03000,BL,0,15,24.09000
42.1920,788,8,30,0.03000,FR,0,7,23.85000
42.1920,788,8,30,0.03000,FR,1,37,24.75000
42.1920,788,8,30,0.03000,BR,0,30,24.54000
42.2020,788,8,30,0.03000,FL,0,22,24.30000
42.2020,788,8,30,0.03000,BL,0,15,24.09000
42.2020,788,8,30,0.03000,FR,0,7,23.85000
42.2020,788,8,30,0.03000,FR,1,37,24.75000
42.2020,788,8,30,0.03000,BR,0,30,24.54000
42.2100,788,8,30,0.03000,FL,0,22,24.30000
42.2100,788,8,30,0.03000,BL,0,15,24.09000
42.2100,788,8,30,0.03000,FR,0,7,23.85000
42.2100,788,8,30,0.03000,FR,1,37,24.75000
42.2100,788,8,30,0.03000,BR,0,30,24.54000
42.2200,789,9,30,0.03000,FL,0,21,24.30000
42.2200,789,9,30,0.03000,BL,0,14,24.09000
42.2200,789,9,30,0.03000,FR,0,6,23.85000
42.2200,789,9,30,0.03000,FR,1,36,24.75000
42.2200,789,9,30,0.03000,BR,0,29,24.54000
42.2300,789,9,30,0.03000,FL,0,21,24.30000
42.2300,789,9,30,0.03000,BL,0,14,24.09000
42.2300,789,9,30,0.03000,FR,0,6,23.85000
42.2300,789,9,30,0.03000,FR,1,36,24.75000
42.2300,789,9,30,0.03000,BR,0,29,24.54000
42.2380,789,9,30,0.03000,FL,0,21,24.30000
42.2380,789,9,30,0.03000,BL,0,14,24.09000
42.2380,789,9,30,0.03000,FR,0,6,23.85000
42.2380,789,9,30,0.03000,FR,1,36,24.75000
42.2380,789,9,30,0.03000,BR,0,29,24.54000
42.2480,790,10,30,0.03000,FL,0,20,24.30000
42.2480,790,10,30,0.03000,BL,0,13,24.09000
42.2480,790,10,30,0.03000,FR,0,5,23.85000
42.2480,790,10,30,0.03000,FR,1,35,24.75000
42.2480,790,10,30,0.03000,BR,0,28,24.54000
42.2580,790,10,30,0.03000,FL,0,20,24.30000
42.2580,790,10,30,0.03000,BL,0,13,24.09000
42.2580,790,10,30,0.03000,FR,0,5,23.85000
42.2580,790,10,30,0.03000,FR,1,35,24.75000
42.2580,790,10,30,0.03000,BR,0,28,24.54000
42.2660,790,10,30,0.03000,FL,0,20,24.30000
42.2660,790,10,30,0.03000,BL,0,13,24.09000
42.2660,790,10,30,0.03000,FR,0,5,23.85000
42.2660,790,10,30,0.03000,FR,1,35,24.75000
42.2660,790,10,30,0.03000,BR,0,28,24.54000
42.2760,791,11,30,0.03000,FL,0,19,24.30000
42.2760,791,11,30,0.03000,BL,0,12,24.09000
42.2760,791,11,30,0.03000,FR,0,4,23.85000
42.2760,791,11,30,0.03000,FR,1,34,24.75000
42.2760,791,11,30,0.03000,BR,0,27,24.54000
42.2860,791,11,30,0.03000,FL,0,19,24.30000
42.2860,791,11,30,0.03000,BL,0,12,24.09000
42.2860,791,11,30,0.03000,FR,0,4,23.85000
42.2860,791,11,30,0.03000,FR,1,34,24.75000
42.2860,791,11,30,0.03000,BR,0,27,24.54000
42.2940,791,11,30,0.03000,FL,0,19,24.30000
42.2940,791,11,30,0.03000,BL,0,12,24.09000
42.2940,791,11,30,0.03000,FR,0,4,23.85000
42.2940,791,11,30,0.03000,FR,1,34,24.75000
42.2940,791,11,30,0.03000,BR,0,27,24.54000
42.3020,791,11,30,0.03000,FL,0,19,24.30000
42.3020,791,11,30,0.03000,BL,0,12,24.09000
42.3020,791,11,30,0.03000,FR,0,4,23.85000
42.3020,791,11,30,0.03000,FR,1,34,24.75000
42.3020,791,11,30,0.03000,BR,0,27,24.54000
42.3140,792,12,30,0.03000,FL,0,18,24.30000
42.3140,792,12,30,0.03000,BL,0,11,24.09000
42.3140,792,12,30,0.03000,FR,0,3,23.85000
42.3140,792,12,30,0.03000,FR,1,33,24.75000
42.3140,792,12,30,0.03000,BR,0,26,24.54000
42.3220,792,12,30,0.03000,FL,0,18,24.30000
42.3220,792,12,30,0.03000,BL,0,11,24.09000
42.3220,792,12,30,0.03000,FR,0,3,23.85000
42.3220,792,12,30,0.03000,FR,1,33,24.75000
42.3220,792,12,30,0.03000,BR,0,26,24.54000
42.3320,792,12,30,0.03000,FL,0,18,24.30000
42.3320,792,12,30,0.03000,BL,0,11,24.09000
42.3320,792,12,30,0.03000,FR,0,3,23.85000
42.3320,792,12,30,0.03000,FR,1,33,24.75000
42.3320,792,12,30,0.03000,BR,0,26,24.54000
42.3420,793,13,30,0.03000,FL,0,17,24.30000
42.3420,793,13,30,0.03000,BL,0,10,24.09000
42.3420,793,13,30,0.03000,FR,0,2,23.85000
42.3420,793,13,30,0.03000,FR,1,32,24.75000
42.3420,793,13,30,0.03000,BR,0,25,24.54000
42.3500,793,13,30,0.03000,FL,0,17,24.30000
42.3500,793,13,30,0.03000,BL,0,10,24.09000
42.3500,793,13,30,0.03000,FR,0,2,23.85000
42.3500,793,13,30,0.03000,FR,1,32,24.75000
42.3500,793,13,30,0.03000,BR,0,25,24.54000
42.3600,793,13,30,0.03000,FL,0,17,24.30000
42.3600,793,13,30,0.03000,BL,0,10,24.09000
42.3600,793,13,30,0.03000,FR,0,2,23.85000
42.3600,793,13,30,0.03000,FR,1,32,24.75000
42.3600,793,13,30,0.03000,BR,0,25,24.54000
42.3680,794,14,30,0.03000,FL,0,16,24.30000
42.3680,794,14,30,0.03000,BL,0,9,24.09000
42.3680,794,14,30,0.03000,BL,1,39,24.99000
42.3680,794,14,30,0.03000,FR,0,1,23.85000
42.3680,794,14,30,0.03000,FR,1,31,24.75000
42.3680,794,14,30,0.03000,BR,0,24,24.54000
42.3780,794,14,30,0.03000,FL,0,16,24.30000
42.3780,794,14,30,0.03000,BL,0,9,24.09000
42.3780,794,14,30,0.03000,BL,1,39,24.99000
42.3780,794,14,30,0.03000,FR,0,1,23.85000
42.3780,794,14,30,0.03000,FR,1,31,24.75000
42.3780,794,14,30,0.03000,BR,0,24,24.54000
42.3880,794,14,30,0.03000,FL,0,16,24.30000
42.3880,794,14,30,0.03000,BL,0,9,24.09000
42.3880,794,14,30,0.03000,BL,1,39,24.99000
42.3880,794,14,30,0.03000,FR,0,1,23.85000
42.3880,794,14,30,0.03000,FR,1,31,24.75000
42.3880,794,14,30,0.03000,BR,0,24,24.54000
42.3960,795,15,30,0.03000,FL,0,15,24.30000
42.3960,795,15,30,0.03000,BL,0,8,24.09000
42.3960,795,15,30,0.03000,BL,1,38,24.99000
42.3960,795,15,30,0.03000,FR,0,30,24.75000
42.3960,795,15,30,0.03000,BR,0,23,24.54000
42.4140,795,15,30,0.03000,FL,0,15,24.30000
42.4140,795,15,30,0.03000,BL,0,8,24.09000
42.4140,795,15,30,0.03000,BL,1,38,24.99000
42.4140,795,15,30,0.03000,FR,0,30,24.75000
42.4140,795,15,30,0.03000,BR,0,23,24.54000
42.4240,796,16,30,0.03000,FL,0,14,24.30000
42.4240,796,16,30,0.03000,BL,0,7,24.09000
42.4240,796,16,30,0.03000,BL,1,37,24.99000
42.4240,796,16,30,0.03000,FR,0,29,24.75000
42.4240,796,16,30,0.03000,BR,0,22,24.54000
42.4340,796,16,30,0.03000,FL,0,14,24.30000
42.4340,796,16,30,0.03000,BL,0,7,24.09000
42.4340,796,16,30,0.03000,BL,1,37,24.99000
42.4340,796,16,30,0.03000,FR,0,29,24.75000
42.4340,796,16,30,0.03000,BR,0,22,24.54000
42.4420,796,16,30,0.03000,FL,0,14,24.30000
42.4420,796,16,30,0.03000,BL,0,7,24.09000
42.4420,796,16,30,0.03000,BL,1,37,24.99000
42.4420,796,16,30,0.03000,FR,0,29,24.75000
42.4420,796,16,30,0.03000,BR,0,22,24.54000
42.4520,796,16,30,0.03000,FL,0,14,24.30000
42.4520,796,16,30,0.03000,BL,0,7,24.09000
42.4520,796,16,30,0.03000,BL,1,37,24.99000
42.4520,796,16,30,0.03000,FR,0,29,24.75000
42.4520,796,16,30,0.03000,BR,0,22,24.54000
42.4600,797,17,30,0.03000,FL,0,13,24.30000
42.4600,797,17,30,0.03000,BL,0,6,24.09000
42.4600,797,17,30,0.03000,BL,1,36,24.99000
42.4600,797,17,30,0.03000,FR,0,28,24.75000
42.4600,797,17,30,0.03000,BR,0,21,24.54000
42.4700,797,17,30,0.03000,FL,0,13,24.30000
42.4700,797,17,30,0.03000,BL,0,6,24.09000
42.4700,797,17,30,0.03000,BL,1,36,24.99000
42.4700,797,17,30,0.03000,FR,0,28,24.75000
42.4700,797,17,30,0.03000,BR,0,21,24.54000
42.4800,797,17,30,0.03000,FL,0,13,24.30000
42.4800,797,17,30,0.03000,BL,0,6,24.09000
42.4800,797,17,30,0.03000,BL,1,36,24.99000
42.4800,797,17,30,0.03000,FR,0,28,24.75000
42.4800,797,17,30,0.03000,BR,0,21,24.54000
42.4880,798,18,30,0.03000,FL,0,12,24.30000
42.4880,798,18,30,0.03000,BL,0,5,24.09000
42.4880,798,18,30,0.03000,BL,1,35,24.99000
42.4880,798,18,30,0.03000,FR,0,27,24.75000
42.4880,798,18,30,0.03000,BR,0,20,24.54000
42.4980,798,18,30,0.03000,FL,0,12,24.30000
42.4980,798,18,30,0.03000,BL,0,5,24.09000
42.4980,798,18,30,0.03000,BL,1,35,24.99000
42.4980,798,18,30,0.03000,FR,0,27,24.75000
42.4980,798,18,30,0.03000,BR,0,20,24.54000
42.5080,798,18,30,0.03000,FL,0,12,24.30000
42.5080,798,18,30,0.03000,BL,0,5,24.09000
42.5080,798,18,30,0.03000,BL,1,35,24.99000
42.5080,798,18,30,0.03000,FR,0,27,24.75000
42.5080,798,18,30,0.03000,BR,0,20,24.54000
42.5160,799,19,30,0.03000,FL,0,11,24.30000
42.5160,799,19,30,0.03000,BL,0,4,24.09000
42.5160,799,19,30,0.03000,BL,1,34,24.99000
42.5160,799,19,30,0.03000,FR,0,26,24.75000
42.5160,799,19,30,0.03000,BR,0,19,24.54000
42.5260,799,19,30,0.03000,FL,0,11,24.30000
42.5260,799,19,30,0.03000,BL,0,4,24.09000
42.5260,799,19,30,0.03000,BL,1,34,24.99000
42.5260,799,19,30,0.03000,FR,0,26,24.75000
42.5260,799,19,30,0.03000,BR,0,19,24.54000
42.5340,799,19,30,0.03000,FL,0,11,24.30000
42.5340,799,19,30,0.03000,BL,0,4,24.09000
42.5340,799,19,30,0.03000,BL,1,34,24.99000
42.5340,799,19,30,0.03000,FR,0,26,24.75000
42.5340,799,19,30,0.03000,BR,0,19,24.54000
42.5440,800,20,30,0.03000,FL,0,10,24.30000
42.5440,800,20,30,0.03000,BL,0,3,24.09000
42.5440,800,20,30,0.03000,BL,1,33,24.99000
42.5440,800,20,30,0.03000,FR,0,25,24.75000
42.5440,800,20,30,0.03000,BR,0,18,24.54000
42.5540,800,20,30,0.03000,FL,0,10,24.30000
42.5540,800,20,30,0.03000,BL,0,3,24.09000
42.5540,800,20,30,0.03000,BL,1,33,24.99000
42.5540,800,20,30,0.03000,FR,0,25,24.75000
42.5540,800,20,30,0.03000,BR,0,18,24.54000
42.5620,800,20,30,0.03000,FL,0,10,24.30000
42.5620,800,20,30,0.03000,BL,0,3,24.09000
42.5620,800,20,30,0.03000,BL,1,33,24.99000
42.5620,800,20,30,0.03000,FR,0,25,24.75000
42.5620,800,20,30,0.03000,BR,0,18,24.54000
42.5720,800,20,30,0.03000,FL,0,10,24.30000
42.5720,800,20,30,0.03000,BL,0,3,24.09000
42.5720,800,20,30,0.03000,BL,1,33,24.99000
42.5720,800,20,30,0.03000,FR,0,25,24.75000
42.5720,800,20,30,0.03000,BR,0,18,24.54000
42.5800,801,21,30,0.03000,FL,0,9,24.30000
42.5800,801,21,30,0.03000,FL,1,39,25.20000
42.5800,801,21,30,0.03000,BL,0,2,24.09000
42.5800,801,21,30,0.03000,BL,1,32,24.99000
42.5800,801,21,30,0.03000,FR,0,24,24.75000
42.5800,801,21,30,0.03000,BR,0,17,24.54000
42.5900,801,21,30,0.03000,FL,0,9,24.30000
42.5900,801,21,30,0.03000,FL,1,39,25.20000
42.5900,801,21,30,0.03000,BL,0,2,24.09000
42.5900,801,21,30,0.03000,BL,1,32,24.99000
42.5900,801,21,30,0.03000,FR,0,24,24.75000
42.5900,801,21,30,0.03000,BR,0,17,24.54000
42.6000,801,21,30,0.03000,FL,0,9,24.30000
42.6000,801,21,30,0.03000,FL,1,39,25.20000
42.6000,801,21,30,0.03000,BL,0,2,24.09000
42.6000,801,21,30,0.03000,BL,1,32,24.99000
42.6000,801,21,30,0.03000,FR,0,24,24.75000
42.6000,801,21,30,0.03000,BR,0,17,24.54000
42.6080,802,22,30,0.03000,FL,0,8,24.30000
42.6080,802,22,30,0.03000,FL,1,38,25.20000
42.6080,802,22,30,0.03000,BL,0,1,24.09000
42.6080,802,22,30,0.03000,BL,1,31,24.99000
42.6080,802,22,30,0.03000,FR,0,23,24.75000
42.6080,802,22,30,0.03000,BR,0,16,24.54000
42.6280,802,22,30,0.03000,FL,0,8,24.30000
42.6280,802,22,30,0.03000,FL,1,38,25.20000
42.6280,802,22,30,0.03000,BL,0,1,24.09000
42.6280,802,22,30,0.03000,BL,1,31,24.99000
42.6280,802,22,30,0.03000,FR,0,23,24.75000
42.6280,802,22,30,0.03000,BR,0,16,24.54000
42.6380,803,23,30,0.03000,FL,0,7,24.30000
42.6380,803,23,30,0.03000,FL,1,37,25.20000
42.6380,803,23,30,0.03000,BL,0,30,24.99000
42.6380,803,23,30,0.03000,FR,0,22,24.75000
42.6380,803,23,30,0.03000,BR,0,15,24.54000
42.6480,803,23,30,0.03000,FL,0,7,24.30000
42.6480,803,23,30,0.03000,FL,1,37,25.20000
42.6480,803,23,30,0.03000,BL,0,30,24.99000
42.6480,803,23,30,0.03000,FR,0,22,24.75000
42.6480,803,23,30,0.03000,BR,0,15,24.54000
42.6560,803,23,30,0.03000,FL,0,7,24.30000
42.6560,803,23,30,0.03000,FL,1,37,25.20000
42.6560,803,23,30,0.03000,BL,0,30,24.99000
42.6560,803,23,30,0.03000,FR,0,22,24.75000
42.6560,803,23,30,0.03000,BR,0,15,24.54000
42.6640,804,24,30,0.03000,FL,0,6,24.30000
42.6640,804,24,30,0.03000,FL,1,36,25.20000
42.6640,804,24,30,0.03000,BL,0,29,24.99000
42.6640,804,24,30,0.03000,FR,0,21,24.75000
42.6640,804,24,30,0.03000,BR,0,14,24.54000
42.6740,804,24,30,0.03000,FL,0,6,24.30000
42.6740,804,24,30,0.03000,FL,1,36,25.20000
42.6740,804,24,30,0.03000,BL,0,29,24.99000
42.6740,804,24,30,0.03000,FR,0,21,24.75000
42.6740,804,24,30,0.03000,BR,0,14,24.54000
42.6840,804,24,30,0.03000,FL,0,6,24.30000
42.6840,804,24,30,0.03000,FL,1,36,25.20000
42.6840,804,24,30,0.03000,BL,0,29,24.99000
42.6840,804,24,30,0.03000,FR,0,21,24.75000
42.6840,804,24,30,0.03000,BR,0,14,24.54000
42.6920,804,24,30,0.03000,FL,0,6,24.30000
42.6920,804,24,30,0.03000,FL,1,36,25.20000
42.6920,804,24,30,0.03000,BL,0,29,24.99000
42.6920,804,24,30,0.03000,FR,0,21,24.75000
42.6920,804,24,30,0.03000,BR,0,14,24.54000
42.7020,805,25,30,0.03000,FL,0,5,24.30000
42.7020,805,25,30,0.03000,FL,1,35,25.20000
42.7020,805,25,30,0.03000,BL,0,28,24.99000
42.7020,805,25,30,0.03000,FR,0,20,24.75000
42.7020,805,25,30,0.03000,BR,0,13,24.54000
42.7120,805,25,30,0.03000,FL,0,5,24.30000
42.7120,805,25,30,0.03000,FL,1,35,25.20000
42.7120,805,25,30,0.03000,BL,0,28,24.99000
42.7120,805,25,30,0.03000,FR,0,20,24.75000
42.7120,805,25,30,0.03000,BR,0,13,24.54000
42.7220,805,25,30,0.03000,FL,0,5,24.30000
42.7220,805,25,30,0.03000,FL,1,35,25.20000
42.7220,805,25,30,0.03000,BL,0,28,24.99000
42.7220,805,25,30,0.03000,FR,0,20,24.75000
42.7220,805,25,30,0.03000,BR,0,13,24.54000
42.7300,806,26,30,0.03000,FL,0,4,24.30000
42.7300,806,26,30,0.03000,FL,1,34,25.20000
42.7300,806,26,30,0.03000,BL,0,27,24.99000
42.7300,806,26,30,0.03000,FR,0,19,24.75000
42.7300,806,26,30,0.03000,BR,0,12,24.54000
42.7400,806,26,30,0.03000,FL,0,4,24.30000
42.7400,806,26,30,0.03000,FL,1,34,25.20000
42.7400,806,26,30,0.03000,BL,0,27,24.99000
42.7400,806,26,30,0.03000,FR,0,19,24.75000
42.7400,806,26,30,0.03000,BR,0,12,24.54000
42.7500,806,26,30,0.03000,FL,0,4,24.30000
42.7500,806,26,30,0.03000,FL,1,34,25.20000
42.7500,806,26,30,0.03000,BL,0,27,24.99000
42.7500,806,26,30,0.03000,FR,0,19,24.75000
42.7500,806,26,30,0.03000,BR,0,12,24.54000
42.7580,807,27,30,0.03000,FL,0,3,24.30000
42.7580,807,27,30,0.03000,FL,1,33,25.20000
42.7580,807,27,30,0.03000,BL,0,26,24.99000
42.7580,807,27,30,0.03000,FR,0,18,24.75000
42.7580,807,27,30,0.03000,BR,0,11,24.54000
42.7680,807,27,30,0.03000,FL,0,3,24.30000
42.7680,807,27,30,0.03000,FL,1,33,25.20000
42.7680,807,27,30,0.03000,BL,0,26,24.99000
42.7680,807,27,30,0.03000,FR,0,18,24.75000
42.7680,807,27,30,0.03000,BR,0,11,24.54000
42.7780,807,27,30,0.03000,FL,0,3,24.30000
42.7780,807,27,30,0.03000,FL,1,33,25.20000
42.7780,807,27,30,0.03000,BL,0,26,24.99000
42.7780,807,27,30,0.03000,FR,0,18,24.75000
42.7780,807,27,30,0.03000,BR,0,11,24.54000
42.7860,808,28,30,0.03000,FL,0,2,24.30000
42.7860,808,28,30,0.03000,FL,1,32,25.20000
42.7860,808,28,30,0.03000,BL,0,25,24.99000
42.7860,808,28,30,0.03000,FR,0,17,24.75000
42.7860,808,28,30,0.03000,BR,0,10,24.54000
42.7960,808,28,30,0.03000,FL,0,2,24.30000
42.7960,808,28,30,0.03000,FL,1,32,25.20000
42.7960,808,28,30,0.03000,BL,0,25,24.99000
42.7960,808,28,30,0.03000,FR,0,17,24.75000
42.7960,808,28,30,0.03000,BR,0,10,24.54000
42.8040,808,28,30,0.03000,FL,0,2,24.30000
42.8040,808,28,30,0.03000,FL,1,32,25.20000
42.8040,808,28,30,0.03000,BL,0,25,24.99000
42.8040,808,28,30,0.03000,FR,0,17,24.75000
42.8040,808,28,30,0.03000,BR,0,10,24.54000
42.8140,809,29,30,0.03000,FL,0,1,24.30000
42.8140,809,29,30,0.03000,FL,1,31,25.20000
42.8140,809,29,30,0.03000,BL,0,24,24.99000
42.8140,809,29,30,0.03000,FR,0,16,24.75000
42.8140,809,29,30,0.03000,BR,0,9,24.54000
42.8140,809,29,30,0.03000,BR,1,39,25.44000
42.8240,809,29,30,0.03000,FL,0,1,24.30000
42.8240,809,29,30,0.03000,FL,1,31,25.20000
42.8240,809,29,30,0.03000,BL,0,24,24.99000
42.8240,809,29,30,0.03000,FR,0,16,24.75000
42.8240,809,29,30,0.03000,BR,0,9,24.54000
42.8240,809,29,30,0.03000,BR,1,39,25.44000
42.8340,809,29,30,0.03000,FL,0,1,24.30000
42.8340,809,29,30,0.03000,FL,1,31,25.20000
42.8340,809,29,30,0.03000,BL,0,24,24.99000
42.8340,809,29,30,0.03000,FR,0,16,24.75000
42.8340,809,29,30,0.03000,BR,0,9,24.54000
42.8340,809,29,30,0.03000,BR,1,39,25.44000
42.8420,809,29,30,0.03000,FL,0,1,24.30000
42.8420,809,29,30,0.03000,FL,1,31,25.20000
42.8420,809,29,30,0.03000,BL,0,24,24.99000
42.8420,809,29,30,0.03000,FR,0,16,24.75000
42.8420,809,29,30,0.03000,BR,0,9,24.54000
42.8420,809,29,30,0.03000,BR,1,39,25.44000
42.8520,810,0,30,0.03000,FL,0,30,25.20000
42.8520,810,0,30,0.03000,BL,0,23,24.99000
42.8520,810,0,30,0.03000,FR,0,15,24.75000
42.8520,810,0,30,0.03000,BR,0,8,24.54000
42.8520,810,0,30,0.03000,BR,1,38,25.44000
42.8720,810,0,30,0.03000,FL,0,30,25.20000
42.8720,810,0,30,0.03000,BL,0,23,24.99000
42.8720,810,0,30,0.03000,FR,0,15,24.75000
42.8720,810,0,30,0.03000,BR,0,8,24.54000
42.8720,810,0,30,0.03000,BR,1,38,25.44000
42.8800,811,1,30,0.03000,FL,0,29,25.20000
42.8800,811,1,30,0.03000,BL,0,22,24.99000
42.8800,811,1,30,0.03000,FR,0,14,24.75000
42.8800,811,1,30,0.03000,BR,0,7,24.54000
42.8800,811,1,30,0.03000,BR,1,37,25.44000
42.8880,811,1,30,0.03000,FL,0,29,25.20000
42.8880,811,1,30,0.03000,BL,0,22,24.99000
42.8880,811,1,30,0.03000,FR,0,14,24.75000
42.8880,811,1,30,0.03000,BR,0,7,24.54000
42.8880,811,1,30,0.03000,BR,1,37,25.44000
42.8980,811,1,30,0.03000,FL,0,29,25.20000
42.8980,811,1,30,0.03000,BL,0,22,24.99000
42.8980,811,1,30,0.03000,FR,0,14,24.75000
42.8980,811,1,30,0.03000,BR,0,7,24.54000
42.8980,811,1,30,0.03000,BR,1,37,25.44000
42.9080,812,2,30,0.03000,FL,0,28,25.20000
42.9080,812,2,30,0.03000,BL,0,21,24.99000
42.9080,812,2,30,0.03000,FR,0,13,24.75000
42.9080,812,2,30,0.03000,BR,0,6,24.54000
42.9080,812,2,30,0.03000,BR,1,36,25.44000
42.9180,812,2,30,0.03000,FL,0,28,25.20000
42.9180,812,2,30,0.03000,BL,0,21,24.99000
42.9180,812,2,30,0.03000,FR,0,13,24.75000
42.9180,812,2,30,0.03000,BR,0,6,24.54000
42.9180,812,2,30,0.03000,BR,1,36,25.44000
42.9260,812,2,30,0.03000,FL,0,28,25.20000
42.9260,812,2,30,0.03000,BL,0,21,24.99000
42.9260,812,2,30,0.03000,FR,0,13,24.75000
42.9260,812,2,30,0.03000,BR,0,6,24.54000
42.9260,812,2,30,0.03000,BR,1,36,25.44000
42.9360,813,3,30,0.03000,FL,0,27,25.20000
42.9360,813,3,30,0.03000,BL,0,20,24.99000
42.9360,813,3,30,0.03000,FR,0,12,24.75000
42.9360,813,3,30,0.03000,BR,0,5,24.54000
42.9360,813,3,30,0.03000,BR,1,35,25.44000
42.9460,813,3,30,0.03000,FL,0,27,25.20000
42.9460,813,3,30,0.03000,BL,0,20,24.99000
42.9460,813,3,30,0.03000,FR,0,12,24.75000
42.9460,813,3,30,0.03000,BR,0,5,24.54000
42.9460,813,3,30,0.03000,BR,1,35,25.44000
42.9540,813,3,30,0.03000,FL,0,27,25.20000
42.9540,813,3,30,0.03000,BL,0,20,24.99000
42.9540,813,3,30,0.03000,FR,0,12,24.75000
42.9540,813,3,30,0.03000,BR,0,5,24.54000
42.9540,813,3,30,0.03000,BR,1,35,25.44000
42.9640,814,4,30,0.03000,FL,0,26,25.20000
42.9640,814,4,30,0.03000,BL,0,19,24.99000
42.9640,814,4,30,0.03000,FR,0,11,24.75000
42.9640,814,4,30,0.03000,BR,0,4,24.54000
42.9640,814,4,30,0.03000,BR,1,34,25.44000
42.9720,814,4,30,0.03000,FL,0,26,25.20000
42.9720,814,4,30,0.03000,BL,0,19,24.99000
42.9720,814,4,30,0.03000,FR,0,11,24.75000
42.9720,814,4,30,0.03000,BR,0,4,24.54000
42.9720,814,4,30,0.03000,BR,1,34,25.44000
42.9820,814,4,30,0.03000,FL,0,26,25.20000
42.9820,814,4,30,0.03000,BL,0,19,24.99000
42.9820,814,4,30,0.03000,FR,0,11,24.75000
42.9820,814,4,30,0.03000,BR,0,4,24.54000
42.9820,814,4,30,0.03000,BR,1,34,25.44000
42.9900,814,4,30,0.03000,FL,0,26,25.20000
42.9900,814,4,30,0.03000,BL,0,19,24.99000
42.9900,814,4,30,0.03000,FR,0,11,24.75000
42.9900,814,4,30,0.03000,BR,0,4,24.54000
42.9900,814,4,30,0.03000,BR,1,34,25.44000
43.0000,815,5,30,0.03000,FL,0,25,25.20000
43.0000,815,5,30,0.03000,BL,0,18,24.99000
43.0000,815,5,30,0.03000,FR,0,10,24.75000
43.0000,815,5,30,0.03000,BR,0,3,24.54000
43.0000,815,5,30,0.03000,BR,1,33,25.44000
43.0100,815,5,30,0.03000,FL,0,25,25.20000
43.0100,815,5,30,0.03000,BL,0,18,24.99000
43.0100,815,5,30,0.03000,FR,0,10,24.75000
43.0100,815,5,30,0.03000,BR,0,3,24.54000
43.0100,815,5,30,0.03000,BR,1,33,25.44000
43.0180,815,5,30,0.03000,FL,0,25,25.20000
43.0180,815,5,30,0.03000,BL,0,18,24.99000
43.0180,815,5,30,0.03000,FR,0,10,24.75000
43.0180,815,5,30,0.03000,BR,0,3,24.54000
43.0180,815,5,30,0.03000,BR,1,33,25.44000
43.0280,816,6,30,0.03000,FL,0,24,25.20000
43.0280,816,6,30,0.03000,BL,0,17,24.99000
43.0280,816,6,30,0.03000,FR,0,9,24.75000
43.0280,816,6,30,0.03000,FR,1,39,25.65000
43.0280,816,6,30,0.03000,BR,0,2,24.54000
43.0280,816,6,30,0.03000,BR,1,32,25.44000
43.0360,816,6,30,0.03000,FL,0,24,25.20000
43.0360,816,6,30,0.03000,BL,0,17,24.99000
43.0360,816,6,30,0.03000,FR,0,9,24.75000
43.0360,816,6,30,0.03000,FR,1,39,25.65000
43.0360,816,6,30,0.03000,BR,0,2,24.54000
43.0360,816,6,30,0.03000,BR,1,32,25.44000
43.0480,816,6,30,0.03000,FL,0,24,25.20000
43.0480,816,6,30,0.03000,BL,0,17,24.99000
43.0480,816,6,30,0.03000,FR,0,9,24.75000
43.0480,816,6,30,0.03000,FR,1,39,25.65000
43.0480,816,6,30,0.03000,BR,0,2,24.54000
43.0480,816,6,30,0.03000,BR,1,32,25.44000
43.0560,817,7,30,0.03000,FL,0,23,25.20000
43.0560,817,7,30,0.03000,BL,0,16,24.99000
43.0560,817,7,30,0.03000,FR,0,8,24.75000
43.0560,817,7,30,0.03000,FR,1,38,25.65000
43.0560,817,7,30,0.03000,BR,0,1,24.54000
43.0560,817,7,30,0.03000,BR,1,31,25.44000
43.0760,817,7,30,0.03000,FL,0,23,25.20000
43.0760,817,7,30,0.03000,BL,0,16,24.99000
43.0760,817,7,30,0.03000,FR,0,8,24.75000
43.0760,817,7,30,0.03000,FR,1,38,25.65000
43.0760,817,7,30,0.03000,BR,0,1,24.54000
43.0760,817,7,30,0.03000,BR,1,31,25.44000
43.0860,818,8,30,0.03000,FL,0,22,25.20000
43.0860,818,8,30,0.03000,BL,0,15,24.99000
43.0860,818,8,30,0.03000,FR,0,7,24.75000
43.0860,818,8,30,0.03000,FR,1,37,25.65000
43.0860,818,8,30,0.03000,BR,0,30,25.44000
43.0940,818,8,30,0.03000,FL,0,22,25.20000
43.0940,818,8,30,0.03000,BL,0,15,24.99000
43.0940,818,8,30,0.03000,FR,0,7,24.75000
43.0940,818,8,30,0.03000,FR,1,37,25.65000
43.0940,818,8,30,0.03000,BR,0,30,25.44000
43.1020,818,8,30,0.03000,FL,0,22,25.20000
43.1020,818,8,30,0.03000,BL,0,15,24.99000
43.1020,818,8,30,0.03000,FR,0,7,24.75000
43.1020,818,8,30,0.03000,FR,1,37,25.65000
43.1020,818,8,30,0.03000,BR,0,30,25.44000
43.1120,818,8,30,0.03000,FL,0,22,25.20000
43.1120,818,8,30,0.03000,BL,0,15,24.99000
43.1120,818,8,30,0.03000,FR,0,7,24.75000
43.1120,818,8,30,0.03000,FR,1,37,25.65000
43.1120,818,8,30,0.03000,BR,0,30,25.44000
43.1220,819,9,30,0.03000,FL,0,21,25.20000
43.1220,819,9,30,0.03000,BL,0,14,24.99000
43.1220,819,9,30,0.03000,FR,0,6,24.75000
43.1220,819,9,30,0.03000,FR,1,36,25.65000
43.1220,819,9,30,0.03000,BR,0,29,25.44000
43.1300,819,9,30,0.03000,FL,0,21,25.20000
43.1300,819,9,30,0.03000,BL,0,14,24.99000
43.1300,819,9,30,0.03000,FR,0,6,24.75000
43.1300,819,9,30,0.03000,FR,1,36,25.65000
43.1300,819,9,30,0.03000,BR,0,29,25.44000
43.1420,819,9,30,0.03000,FL,0,21,25.20000
43.1420,819,9,30,0.03000,BL,0,14,24.99000
43.1420,819,9,30,0.03000,FR,0,6,24.75000
43.1420,819,9,30,0.03000,FR,1,36,25.65000
43.1420,819,9,30,0.03000,BR,0,29,25.44000
43.1500,820,10,30,0.03000,FL,0,20,25.20000
43.1500,820,10,30,0.03000,BL,0,13,24.99000
43.1500,820,10,30,0.03000,FR,0,5,24.75000
43.1500,820,10,30,0.03000,FR,1,35,25.65000
43.1500,820,10,30,0.03000,BR,0,28,25.44000
43.1600,820,10,30,0.03000,FL,0,20,25.20000
43.1600,820,10,30,0.03000,BL,0,13,24.99000
43.1600,820,10,30,0.03000,FR,0,5,24.75000
43.1600,820,10,30,0.03000,FR,1,35,25.65000
43.1600,820,10,30,0.03000,BR,0,28,25.44000
43.1680,820,10,30,0.03000,FL,0,20,25.20000
43.1680,820,10,30,0.03000,BL,0,13,24.99000
43.1680,820,10,30,0.03000,FR,0,5,24.75000
43.1680,820,10,30,0.03000,FR,1,35,25.65000
43.1680,820,10,30,0.03000,BR,0,28,25.44000
43.1780,821,11,30,0.03000,FL,0,19,25.20000
43.1780,821,11,30,0.03000,BL,0,12,24.99000
43.1780,821,11,30,0.03000,FR,0,4,24.75000
43.1780,821,11,30,0.03000,FR,1,34,25.65000
43.1780,821,11,30,0.03000,BR,0,27,25.44000
43.1880,821,11,30,0.03000,FL,0,19,25.20000
43.1880,821,11,30,0.03000,BL,0,12,24.99000
43.1880,821,11,30,0.03000,FR,0,4,24.75000
43.1880,821,11,30,0.03000,FR,1,34,25.65000
43.1880,821,11,30,0.03000,BR,0,27,25.44000
43.1980,821,11,30,0.03000,FL,0,19,25.20000
43.1980,821,11,30,0.03000,BL,0,12,24.99000
43.1980,821,11,30,0.03000,FR,0,4,24.75000
43.1980,821,11,30,0.03000,FR,1,34,25.65000
43.1980,821,11,30,0.03000,BR,0,27,25.44000
43.2060,822,12,30,0.03000,FL,0,18,25.20000
43.2060,822,12,30,0.03000,BL,0,11,24.99000
43.2060,822,12,30,0.03000,FR,0,3,24.75000
43.2060,822,12,30,0.03000,FR,1,33,25.65000
43.2060,822,12,30,0.03000,BR,0,26,25.44000
43.2160,822,12,30,0.03000,FL,0,18,25.20000
43.2160,822,12,30,0.03000,BL,0,11,24.99000
43.2160,822,12,30,0.03000,FR,0,3,24.75000
43.2160,822,12,30,0.03000,FR,1,33,25.65000
43.2160,822,12,30,0.03000,BR,0,26,25.44000
43.2260,822,12,30,0.03000,FL,0,18,25.20000
43.2260,822,12,30,0.03000,BL,0,11,24.99000
43.2260,822,12,30,0.03000,FR,0,3,24.75000
43.2260,822,12,30,0.03000,FR,1,33,25.65000
43.2260,822,12,30,0.03000,BR,0,26,25.44000
43.2340,823,13,30,0.03000,FL,0,17,25.20000
43.2340,823,13,30,0.03000,BL,0,10,24.99000
43.2340,823,13,30,0.03000,FR,0,2,24.75000
43.2340,823,13,30,0.03000,FR,1,32,25.65000
43.2340,823,13,30,0.03000,BR,0,25,25.44000
43.2440,823,13,30,0.03000,FL,0,17,25.20000
43.2440,823,13,30,0.03000,BL,0,10,24.99000
43.2440,823,13,30,0.03000,FR,0,2,24.75000
43.2440,823,13,30,0.03000,FR,1,32,25.65000
43.2440,823,13,30,0.03000,BR,0,25,25.44000
43.2520,823,13,30,0.03000,FL,0,17,25.20000
43.2520,823,13,30,0.03000,BL,0,10,24.99000
43.2520,823,13,30,0.03000,FR,0,2,24.75000
43.2520,823,13,30,0.03000,FR,1,32,25.65000
43.2520,823,13,30,0.03000,BR,0,25,25.44000
43.2620,823,13,30,0.03000,FL,0,17,25.20000
43.2620,823,13,30,0.03000,BL,0,10,24.99000
43.2620,823,13,30,0.03000,FR,0,2,24.75000
43.2620,823,13,30,0.03000,FR,1,32,25.65000
43.2620,823,13,30,0.03000,BR,0,25,25.44000
43.2720,824,14,30,0.03000,FL,0,16,25.20000
43.2720,824,14,30,0.03000,BL,0,9,24.99000
43.2720,824,14,30,0.03000,BL,1,39,25.89000
43.2720,824,14,30,0.03000,FR,0,1,24.75000
43.2720,824,14,30,0.03000,FR,1,31,25.65000
43.2720,824,14,30,0.03000,BR,0,24,25.44000
43.2800,824,14,30,0.03000,FL,0,16,25.20000
43.2800,824,14,30,0.03000,BL,0,9,24.99000
43.2800,824,14,30,0.03000,BL,1,39,25.89000
43.2800,824,14,30,0.03000,FR,0,1,24.75000
43.2800,824,14,30,0.03000,FR,1,31,25.65000
43.2800,824,14,30,0.03000,BR,0,24,25.44000
43.2900,824,14,30,0.03000,FL,0,16,25.20000
43.2900,824,14,30,0.03000,BL,0,9,24.99000
43.2900,824,14,30,0.03000,BL,1,39,25.89000
43.2900,824,14,30,0.03000,FR,0,1,24.75000
43.2900,824,14,30,0.03000,FR,1,31,25.65000
43.2900,824,14,30,0.03000,BR,0,24,25.44000
43.3000,825,15,30,0.03000,FL,0,15,25.20000
43.3000,825,15,30,0.03000,BL,0,8,24.99000
43.3000,825,15,30,0.03000,BL,1,38,25.89000
43.3000,825,15,30,0.03000,FR,0,30,25.65000
43.3000,825,15,30,0.03000,BR,0,23,25.44000
43.3220,825,15,30,0.03000,FL,0,15,25.20000
43.3220,825,15,30,0.03000,BL,0,8,24.99000
43.3220,825,15,30,0.03000,BL,1,38,25.89000
43.3220,825,15,30,0.03000,FR,0,30,25.65000
43.3220,825,15,30,0.03000,BR,0,23,25.44000
43.3320,826,16,30,0.03000,FL,0,14,25.20000
43.3320,826,16,30,0.03000,BL,0,7,24.99000
43.3320,826,16,30,0.03000,BL,1,37,25.89000
43.3320,826,16,30,0.03000,FR,0,29,25.65000
43.3320,826,16,30,0.03000,BR,0,22,25.44000
43.3420,826,16,30,0.03000,FL,0,14,25.20000
43.3420,826,16,30,0.03000,BL,0,7,24.99000
43.3420,826,16,30,0.03000,BL,1,37,25.89000
43.3420,826,16,30,0.03000,FR,0,29,25.65000
43.3420,826,16,30,0.03000,BR,0,22,25.44000
43.3500,826,16,30,0.03000,FL,0,14,25.20000
43.3500,826,16,30,0.03000,BL,0,7,24.99000
43.3500,826,16,30,0.03000,BL,1,37,25.89000
43.3500,826,16,30,0.03000,FR,0,29,25.65000
43.3500,826,16,30,0.03000,BR,0,22,25.44000
43.3600,827,17,30,0.03000,FL,0,13,25.20000
43.3600,827,17,30,0.03000,BL,0,6,24.99000
43.3600,827,17,30,0.03000,BL,1,36,25.89000
43.3600,827,17,30,0.03000,FR,0,28,25.65000
43.3600,827,17,30,0.03000,BR,0,21,25.44000
43.3680,827,17,30,0.03000,FL,0,13,25.20000
43.3680,827,17,30,0.03000,BL,0,6,24.99000
43.3680,827,17,30,0.03000,BL,1,36,25.89000
43.3680,827,17,30,0.03000,FR,0,28,25.65000
43.3680,827,17,30,0.03000,BR,0,21,25.44000
43.3760,827,17,30,0.03000,FL,0,13,25.20000
43.3760,827,17,30,0.03000,BL,0,6,24.99000
43.3760,827,17,30,0.03000,BL,1,36,25.89000
43.3760,827,17,30,0.03000,FR,0,28,25.65000
43.3760,827,17,30,0.03000,BR,0,21,25.44000
43.3880,828,18,30,0.03000,FL,0,12,25.20000
43.3880,828,18,30,0.03000,BL,0,5,24.99000
43.3880,828,18,30,0.03000,BL,1,35,25.89000
43.3880,828,18,30,0.03000,FR,0,27,25.65000
43.3880,828,18,30,0.03000,BR,0,20,25.44000
43.3960,828,18,30,0.03000,FL,0,12,25.20000
43.3960,828,18,30,0.03000,BL,0,5,24.99000
43.3960,828,18,30,0.03000,BL,1,35,25.89000
43.3960,828,18,30,0.03000,FR,0,27,25.65000
43.3960,828,18,30,0.03000,BR,0,20,25.44000
43.4060,828,18,30,0.03000,FL,0,12,25.20000
43.4060,828,18,30,0.03000,BL,0,5,24.99000
43.4060,828,18,30,0.03000,BL,1,35,25.89000
43.4060,828,18,30,0.03000,FR,0,27,25.65000
43.4060,828,18,30,0.03000,BR,0,20,25.44000
43.4160,829,19,30,0.03000,FL,0,11,25.20000
43.4160,829,19,30,0.03000,BL,0,4,24.99000
43.4160,829,19,30,0.03000,BL,1,34,25.89000
43.4160,829,19,30,0.03000,FR,0,26,25.65000
43.4160,829,19,30,0.03000,BR,0,19,25.44000
43.4240,829,19,30,0.03000,FL,0,11,25.20000
43.4240,829,19,30,0.03000,BL,0,4,24.99000
43.4240,829,19,30,0.03000,BL,1,34,25.89000
43.4240,829,19,30,0.03000,FR,0,26,25.65000
43.4240,829,19,30,0.03000,BR,0,19,25.44000
43.4340,829,19,30,0.03000,FL,0,11,25.20000
43.4340,829,19,30,0.03000,BL,0,4,24.99000
43.4340,829,19,30,0.03000,BL,1,34,25.89000
43.4340,829,19,30,0.03000,FR,0,26,25.65000
43.4340,829,19,30,0.03000,BR,0,19,25.44000
43.4420,829,19,30,0.03000,FL,0,11,25.20000
43.4420,829,19,30,0.03000,BL,0,4,24.99000
43.4420,829,19,30,0.03000,BL,1,34,25.89000
43.4420,829,19,30,0.03000,FR,0,26,25.65000
43.4420,829,19,30,0.03000,BR,0,19,25.44000
43.4520,830,20,30,0.03000,FL,0,10,25.20000
43.4520,830,20,30,0.03000,BL,0,3,24.99000
43.4520,830,20,30,0.03000,BL,1,33,25.89000
43.4520,830,20,30,0.03000,FR,0,25,25.65000
43.4520,830,20,30,0.03000,BR,0,18,25.44000
43.4620,830,20,30,0.03000,FL,0,10,25.20000
43.4620,830,20,30,0.03000,BL,0,3,24.99000
43.4620,830,20,30,0.03000,BL,1,33,25.89000
43.4620,830,20,30,0.03000,FR,0,25,25.65000
43.4620,830,20,30,0.03000,BR,0,18,25.44000
43.4700,830,20,30,0.03000,FL,0,10,25.20000
43.4700,830,20,30,0.03000,BL,0,3,24.99000
43.4700,830,20,30,0.03000,BL,1,33,25.89000
43.4700,830,20,30,0.03000,FR,0,25,25.65000
43.4700,830,20,30,0.03000,BR,0,18,25.44000
43.4820,831,21,30,0.03000,FL,0,9,25.20000
43.4820,831,21,30,0.03000,FL,1,39,26.10000
43.4820,831,21,30,0.03000,BL,0,2,24.99000
43.4820,831,21,30,0.03000,BL,1,32,25.89000
43.4820,831,21,30,0.03000,FR,0,24,25.65000
43.4820,831,21,30,0.03000,BR,0,17,25.44000
43.4940,831,21,30,0.03000,FL,0,9,25.20000
43.4940,831,21,30,0.03000,FL,1,39,26.10000
43.4940,831,21,30,0.03000,BL,0,2,24.99000
43.4940,831,21,30,0.03000,BL,1,32,25.89000
43.4940,831,21,30,0.03000,FR,0,24,25.65000
43.4940,831,21,30,0.03000,BR,0,17,25.44000
43.5100,832,22,30,0.03000,FL,0,8,25.20000
43.5100,832,22,30,0.03000,FL,1,38,26.10000
43.5100,832,22,30,0.03000,BL,0,1,24.99000
43.5100,832,22,30,0.03000,BL,1,31,25.89000
43.5100,832,22,30,0.03000,FR,0,23,25.65000
43.5100,832,22,30,0.03000,BR,0,16,25.44000
43.5300,832,22,30,0.03000,FL,0,8,25.20000
43.5300,832,22,30,0.03000,FL,1,38,26.10000
43.5300,832,22,30,0.03000,BL,0,1,24.99000
43.5300,832,22,30,0.03000,BL,1,31,25.89000
43.5300,832,22,30,0.03000,FR,0,23,25.65000
43.5300,832,22,30,0.03000,BR,0,16,25.44000
43.5380,833,23,30,0.03000,FL,0,7,25.20000
43.5380,833,23,30,0.03000,FL,1,37,26.10000
43.5380,833,23,30,0.03000,BL,0,30,25.89000
43.5380,833,23,30,0.03000,FR,0,22,25.65000
43.5380,833,23,30,0.03000,BR,0,15,25.44000
43.5480,833,23,30,0.03000,FL,0,7,25.20000
43.5480,833,23,30,0.03000,FL,1,37,26.10000
43.5480,833,23,30,0.03000,BL,0,30,25.89000
43.5480,833,23,30,0.03000,FR,0,22,25.65000
43.5480,833,23,30,0.03000,BR,0,15,25.44000
43.5560,833,23,30,0.03000,FL,0,7,25.20000
43.5560,833,23,30,0.03000,FL,1,37,26.10000
43.5560,833,23,30,0.03000,BL,0,30,25.89000
43.5560,833,23,30,0.03000,FR,0,22,25.65000
43.5560,833,23,30,0.03000,BR,0,15,25.44000
43.5680,834,24,30,0.03000,FL,0,6,25.20000
43.5680,834,24,30,0.03000,FL,1,36,26.10000
43.5680,834,24,30,0.03000,BL,0,29,25.89000
43.5680,834,24,30,0.03000,FR,0,21,25.65000
43.5680,834,24,30,0.03000,BR,0,14,25.44000
43.5780,834,24,30,0.03000,FL,0,6,25.20000
43.5780,834,24,30,0.03000,FL,1,36,26.10000
43.5780,834,24,30,0.03000,BL,0,29,25.89000
43.5780,834,24,30,0.03000,FR,0,21,25.65000
43.5780,834,24,30,0.03000,BR,0,14,25.44000
43.5880,834,24,30,0.03000,FL,0,6,25.20000
43.5880,834,24,30,0.03000,FL,1,36,26.10000
43.5880,834,24,30,0.03000,BL,0,29,25.89000
43.5880,834,24,30,0.03000,FR,0,21,25.65000
43.5880,834,24,30,0.03000,BR,0,14,25.44000
43.5960,835,25,30,0.03000,FL,0,5,25.20000
43.5960,835,25,30,0.03000,FL,1,35,26.10000
43.5960,835,25,30,0.03000,BL,0,28,25.89000
43.5960,835,25,30,0.03000,FR,0,20,25.65000
43.5960,835,25,30,0.03000,BR,0,13,25.44000
43.6060,835,25,30,0.03000,FL,0,5,25.20000
43.6060,835,25,30,0.03000,FL,1,35,26.10000
43.6060,835,25,30,0.03000,BL,0,28,25.89000
43.6060,835,25,30,0.03000,FR,0,20,25.65000
43.6060,835,25,30,0.03000,BR,0,13,25.44000
43.6160,835,25,30,0.03000,FL,0,5,25.20000
43.6160,835,25,30,0.03000,FL,1,35,26.10000
43.6160,835,25,30,0.03000,BL,0,28,25.89000
43.6160,835,25,30,0.03000,FR,0,20,25.65000
43.6160,835,25,30,0.03000,BR,0,13,25.44000
43.6260,836,26,30,0.03000,FL,0,4,25.20000
43.6260,836,26,30,0.03000,FL,1,34,26.10000
43.6260,836,26,30,0.03000,BL,0,27,25.89000
43.6260,836,26,30,0.03000,FR,0,19,25.65000
43.6260,836,26,30,0.03000,BR,0,12,25.44000
43.6360,836,26,30,0.03000,FL,0,4,25.20000
43.6360,836,26,30,0.03000,FL,1,34,26.10000
43.6360,836,26,30,0.03000,BL,0,27,25.89000
43.6360,836,26,30,0.03000,FR,0,19,25.65000
43.6360,836,26,30,0.03000,BR,0,12,25.44000
43.6500,836,26,30,0.03000,FL,0,4,25.20000
43.6500,836,26,30,0.03000,FL,1,34,26.10000
43.6500,836,26,30,0.03000,BL,0,27,25.89000
43.6500,836,26,30,0.03000,FR,0,19,25.65000
43.6500,836,26,30,0.03000,BR,0,12,25.44000
43.6580,837,27,30,0.03000,FL,0,3,25.20000
43.6580,837,27,30,0.03000,FL,1,33,26.10000
43.6580,837,27,30,0.03000,BL,0,26,25.89000
43.6580,837,27,30,0.03000,FR,0,18,25.65000
43.6580,837,27,30,0.03000,BR,0,11,25.44000
43.6680,837,27,30,0.03000,FL,0,3,25.20000
43.6680,837,27,30,0.03000,FL,1,33,26.10000
43.6680,837,27,30,0.03000,BL,0,26,25.89000
43.6680,837,27,30,0.03000,FR,0,18,25.65000
43.6680,837,27,30,0.03000,BR,0,11,25.44000
43.6780,837,27,30,0.03000,FL,0,3,25.20000
43.6780,837,27,30,0.03000,FL,1,33,26.10000
43.6780,837,27,30,0.03000,BL,0,26,25.89000
43.6780,837,27,30,0.03000,FR,0,18,25.65000
43.6780,837,27,30,0.03000,BR,0,11,25.44000
43.6880,838,28,30,0.03000,FL,0,2,25.20000
43.6880,838,28,30,0.03000,FL,1,32,26.10000
43.6880,838,28,30,0.03000,BL,0,25,25.89000
43.6880,838,28,30,0.03000,FR,0,17,25.65000
43.6880,838,28,30,0.03000,BR,0,10,25.44000
43.6980,838,28,30,0.03000,FL,0,2,25.20000
43.6980,838,28,30,0.03000,FL,1,32,26.10000
43.6980,838,28,30,0.03000,BL,0,25,25.89000
43.6980,838,28,30,0.03000,FR,0,17,25.65000
43.6980,838,28,30,0.03000,BR,0,10,25.44000
43.7080,838,28,30,0.03000,FL,0,2,25.20000
43.7080,838,28,30,0.03000,FL,1,32,26.10000
43.7080,838,28,30,0.03000,BL,0,25,25.89000
43.7080,838,28,30,0.03000,FR,0,17,25.65000
43.7080,838,28,30,0.03000,BR,0,10,25.44000
43.7160,839,29,30,0.03000,FL,0,1,25.20000
43.7160,839,29,30,0.03000,FL,1,31,26.10000
43.7160,839,29,30,0.03000,BL,0,24,25.89000
43.7160,839,29,30,0.03000,FR,0,16,25.65000
43.7160,839,29,30,0.03000,BR,0,9,25.44000
43.7160,839,29,30,0.03000,BR,1,39,26.34000
43.7260,839,29,30,0.03000,FL,0,1,25.20000
43.7260,839,29,30,0.03000,FL,1,31,26.10000
43.7260,839,29,30,0.03000,BL,0,24,25.89000
43.7260,839,29,30,0.03000,FR,0,16,25.65000
43.7260,839,29,30,0.03000,BR,0,9,25.44000
43.7260,839,29,30,0.03000,BR,1,39,26.34000
43.7380,839,29,30,0.03000,FL,0,1,25.20000
43.7380,839,29,30,0.03000,FL,1,31,26.10000
43.7380,839,29,30,0.03000,BL,0,24,25.89000
43.7380,839,29,30,0.03000,FR,0,16,25.65000
43.7380,839,29,30,0.03000,BR,0,9,25.44000
43.7380,839,29,30,0.03000,BR,1,39,26.34000
43.7460,840,0,30,0.03000,FL,0,30,26.10000
43.7460,840,0,30,0.03000,BL,0,23,25.89000
43.7460,840,0,30,0.03000,FR,0,15,25.65000
43.7460,840,0,30,0.03000,BR,0,8,25.44000
43.7460,840,0,30,0.03000,BR,1,38,26.34000
43.7720,840,0,30,0.03000,FL,0,30,26.10000
43.7720,840,0,30,0.03000,BL,0,23,25.89000
43.7720,840,0,30,0.03000,FR,0,15,25.65000
43.7720,840,0,30,0.03000,BR,0,8,25.44000
43.7720,840,0,30,0.03000,BR,1,38,26.34000
43.7820,841,1,30,0.03000,FL,0,29,26.10000
43.7820,841,1,30,0.03000,BL,0,22,25.89000
43.7820,841,1,30,0.03000,FR,0,14,25.65000
43.7820,841,1,30,0.03000,BR,0,7,25.44000
43.7820,841,1,30,0.03000,BR,1,37,26.34000
43.7900,841,1,30,0.03000,FL,0,29,26.10000
43.7900,841,1,30,0.03000,BL,0,22,25.89000
43.7900,841,1,30,0.03000,FR,0,14,25.65000
43.7900,841,1,30,0.03000,BR,0,7,25.44000
43.7900,841,1,30,0.03000,BR,1,37,26.34000
43.8000,841,1,30,0.03000,FL,0,29,26.10000
43.8000,841,1,30,0.03000,BL,0,22,25.89000
43.8000,841,1,30,0.03000,FR,0,14,25.65000
43.8000,841,1,30,0.03000,BR,0,7,25.44000
43.8000,841,1,30,0.03000,BR,1,37,26.34000
43.8080,842,2,30,0.03000,FL,0,28,26.10000
43.8080,842,2,30,0.03000,BL,0,21,25.89000
43.8080,842,2,30,0.03000,FR,0,13,25.65000
43.8080,842,2,30,0.03000,BR,0,6,25.44000
43.8080,842,2,30,0.03000,BR,1,36,26.34000
43.8180,842,2,30,0.03000,FL,0,28,26.10000
43.8180,842,2,30,0.03000,BL,0,21,25.89000
43.8180,842,2,30,0.03000,FR,0,13,25.65000
43.8180,842,2,30,0.03000,BR,0,6,25.44000
43.8180,842,2,30,0.03000,BR,1,36,26.34000
43.8280,842,2,30,0.03000,FL,0,28,26.10000
43.8280,842,2,30,0.03000,BL,0,21,25.89000
43.8280,842,2,30,0.03000,FR,0,13,25.65000
43.8280,842,2,30,0.03000,BR,0,6,25.44000
43.8280,842,2,30,0.03000,BR,1,36,26.34000
43.8360,843,3,30,0.03000,FL,0,27,26.10000
43.8360,843,3,30,0.03000,BL,0,20,25.89000
43.8360,843,3,30,0.03000,FR,0,12,25.65000
43.8360,843,3,30,0.03000,BR,0,5,25.44000
43.8360,843,3,30,0.03000,BR,1,35,26.34000
43.8460,843,3,30,0.03000,FL,0,27,26.10000
43.8460,843,3,30,0.03000,BL,0,20,25.89000
43.8460,843,3,30,0.03000,FR,0,12,25.65000
43.8460,843,3,30,0.03000,BR,0,5,25.44000
43.8460,843,3,30,0.03000,BR,1,35,26.34000
43.8540,843,3,30,0.03000,FL,0,27,26.10000
43.8540,843,3,30,0.03000,BL,0,20,25.89000
43.8540,843,3,30,0.03000,FR,0,12,25.65000
43.8540,843,3,30,0.03000,BR,0,5,25.44000
43.8540,843,3,30,0.03000,BR,1,35,26.34000
43.8640,844,4,30,0.03000,FL,0,26,26.10000
43.8640,844,4,30,0.03000,BL,0,19,25.89000
43.8640,844,4,30,0.03000,FR,0,11,25.65000
43.8640,844,4,30,0.03000,BR,0,4,25.44000
43.8640,844,4,30,0.03000,BR,1,34,26.34000
43.8740,844,4,30,0.03000,FL,0,26,26.10000
43.8740,844,4,30,0.03000,BL,0,19,25.89000
43.8740,844,4,30,0.03000,FR,0,11,25.65000
43.8740,844,4,30,0.03000,BR,0,4,25.44000
43.8740,844,4,30,0.03000,BR,1,34,26.34000
43.8840,844,4,30,0.03000,FL,0,26,26.10000
43.8840,844,4,30,0.03000,BL,0,19,25.89000
43.8840,844,4,30,0.03000,FR,0,11,25.65000
43.8840,844,4,30,0.03000,BR,0,4,25.44000
43.8840,844,4,30,0.03000,BR,1,34,26.34000
43.8920,844,4,30,0.03000,FL,0,26,26.10000
43.8920,844,4,30,0.03000,BL,0,19,25.89000
43.8920,844,4,30,0.03000,FR,0,11,25.65000
43.8920,844,4,30,0.03000,BR,0,4,25.44000
43.8920,844,4,30,0.03000,BR,1,34,26.34000
43.9020,845,5,30,0.03000,FL,0,25,26.10000
43.9020,845,5,30,0.03000,BL,0,18,25.89000
43.9020,845,5,30,0.03000,FR,0,10,25.65000
43.9020,845,5,30,0.03000,BR,0,3,25.44000
43.9020,845,5,30,0.03000,BR,1,33,26.34000
43.9120,845,5,30,0.03000,FL,0,25,26.10000
43.9120,845,5,30,0.03000,BL,0,18,25.89000
43.9120,845,5,30,0.03000,FR,0,10,25.65000
43.9120,845,5,30,0.03000,BR,0,3,25.44000
43.9120,845,5,30,0.03000,BR,1,33,26.34000
43.9200,845,5,30,0.03000,FL,0,25,26.10000
43.9200,845,5,30,0.03000,BL,0,18,25.89000
43.9200,845,5,30,0.03000,FR,0,10,25.65000
43.9200,845,5,30,0.03000,BR,0,3,25.44000
43.9200,845,5,30,0.03000,BR,1,33,26.34000
43.9280,846,6,30,0.03000,FL,0,24,26.10000
43.9280,846,6,30,0.03000,BL,0,17,25.89000
43.9280,846,6,30,0.03000,FR,0,9,25.65000
43.9280,846,6,30,0.03000,FR,1,39,26.55000
43.9280,846,6,30,0.03000,BR,0,2,25.44000
43.9280,846,6,30,0.03000,BR,1,32,26.34000
43.9380,846,6,30,0.03000,FL,0,24,26.10000
43.9380,846,6,30,0.03000,BL,0,17,25.89000
43.9380,846,6,30,0.03000,FR,0,9,25.65000
43.9380,846,6,30,0.03000,FR,1,39,26.55000
43.9380,846,6,30,0.03000,BR,0,2,25.44000
43.9380,846,6,30,0.03000,BR,1,32,26.34000
43.9480,846,6,30,0.03000,FL,0,24,26.10000
43.9480,846,6,30,0.03000,BL,0,17,25.89000
43.9480,846,6,30,0.03000,FR,0,9,25.65000
43.9480,846,6,30,0.03000,FR,1,39,26.55000
43.9480,846,6,30,0.03000,BR,0,2,25.44000
43.9480,846,6,30,0.03000,BR,1,32,26.34000
43.9580,847,7,30,0.03000,FL,0,23,26.10000
43.9580,847,7,30,0.03000,BL,0,16,25.89000
43.9580,847,7,30,0.03000,FR,0,8,25.65000
43.9580,847,7,30,0.03000,FR,1,38,26.55000
43.9580,847,7,30,0.03000,BR,0,1,25.44000
43.9580,847,7,30,0.03000,BR,1,31,26.34000
43.9820,847,7,30,0.03000,FL,0,23,26.10000
43.9820,847,7,30,0.03000,BL,0,16,25.89000
43.9820,847,7,30,0.03000,FR,0,8,25.65000
43.9820,847,7,30,0.03000,FR,1,38,26.55000
43.9820,847,7,30,0.03000,BR,0,1,25.44000
43.9820,847,7,30,0.03000,BR,1,31,26.34000
43.9940,848,8,30,0.03000,FL,0,22,26.10000
43.9940,848,8,30,0.03000,BL,0,15,25.89000
43.9940,848,8,30,0.03000,FR,0,7,25.65000
43.9940,848,8,30,0.03000,FR,1,37,26.55000
43.9940,848,8,30,0.03000,BR,0,30,26.34000
44.0280,849,9,30,0.03000,FL,0,21,26.10000
44.0280,849,9,30,0.03000,BL,0,14,25.89000
44.0280,849,9,30,0.03000,FR,0,6,25.65000
44.0280,849,9,30,0.03000,FR,1,36,26.55000
44.0280,849,9,30,0.03000,BR,0,29,26.34000
44.0380,849,9,30,0.03000,FL,0,21,26.10000
44.0380,849,9,30,0.03000,BL,0,14,25.89000
44.0380,849,9,30,0.03000,FR,0,6,25.65000
44.0380,849,9,30,0.03000,FR,1,36,26.55000
44.0380,849,9,30,0.03000,BR,0,29,26.34000
44.0500,850,10,30,0.03000,FL,0,20,26.10000
44.0500,850,10,30,0.03000,BL,0,13,25.89000
44.0500,850,10,30,0.03000,FR,0,5,25.65000
44.0500,850,10,30,0.03000,FR,1,35,26.55000
44.0500,850,10,30,0.03000,BR,0,28,26.34000
44.0580,850,10,30,0.03000,FL,0,20,26.10000
44.0580,850,10,30,0.03000,BL,0,13,25.89000
44.0580,850,10,30,0.03000,FR,0,5,25.65000
44.0580,850,10,30,0.03000,FR,1,35,26.55000
44.0580,850,10,30,0.03000,BR,0,28,26.34000
44.0680,850,10,30,0.03000,FL,0,20,26.10000
44.0680,850,10,30,0.03000,BL,0,13,25.89000
44.0680,850,10,30,0.03000,FR,0,5,25.65000
44.0680,850,10,30,0.03000,FR,1,35,26.55000
44.0680,850,10,30,0.03000,BR,0,28,26.34000
44.0780,851,11,30,0.03000,FL,0,19,26.10000
44.0780,851,11,30,0.03000,BL,0,12,25.89000
44.0780,851,11,30,0.03000,FR,0,4,25.65000
44.0780,851,11,30,0.03000,FR,1,34,26.55000
44.0780,851,11,30,0.03000,BR,0,27,26.34000
44.0860,851,11,30,0.03000,FL,0,19,26.10000
44.0860,851,11,30,0.03000,BL,0,12,25.89000
44.0860,851,11,30,0.03000,FR,0,4,25.65000
44.0860,851,11,30,0.03000,FR,1,34,26.55000
44.0860,851,11,30,0.03000,BR,0,27,26.34000
44.0960,851,11,30,0.03000,FL,0,19,26.10000
44.0960,851,11,30,0.03000,BL,0,12,25.89000
44.0960,851,11,30,0.03000,FR,0,4,25.65000
44.0960,851,11,30,0.03000,FR,1,34,26.55000
44.0960,851,11,30,0.03000,BR,0,27,26.34000
44.1040,852,12,30,0.03000,FL,0,18,26.10000
44.1040,852,12,30,0.03000,BL,0,11,25.89000
44.1040,852,12,30,0.03000,FR,0,3,25.65000
44.1040,852,12,30,0.03000,FR,1,33,26.55000
44.1040,852,12,30,0.03000,BR,0,26,26.34000
44.1140,852,12,30,0.03000,FL,0,18,26.10000
44.1140,852,12,30,0.03000,BL,0,11,25.89000
44.1140,852,12,30,0.03000,FR,0,3,25.65000
44.1140,852,12,30,0.03000,FR,1,33,26.55000
44.1140,852,12,30,0.03000,BR,0,26,26.34000
44.1240,852,12,30,0.03000,FL,0,18,26.10000
44.1240,852,12,30,0.03000,BL,0,11,25.89000
44.1240,852,12,30,0.03000,FR,0,3,25.65000
44.1240,852,12,30,0.03000,FR,1,33,26.55000
44.1240,852,12,30,0.03000,BR,0,26,26.34000
44.1340,853,13,30,0.03000,FL,0,17,26.10000
44.1340,853,13,30,0.03000,BL,0,10,25.89000
44.1340,853,13,30,0.03000,FR,0,2,25.65000
44.1340,853,13,30,0.03000,FR,1,32,26.55000
44.1340,853,13,30,0.03000,BR,0,25,26.34000
44.1420,853,13,30,0.03000,FL,0,17,26.10000
44.1420,853,13,30,0.03000,BL,0,10,25.89000
44.1420,853,13,30,0.03000,FR,0,2,25.65000
44.1420,853,13,30,0.03000,FR,1,32,26.55000
44.1420,853,13,30,0.03000,BR,0,25,26.34000
44.1520,853,13,30,0.03000,FL,0,17,26.10000
44.1520,853,13,30,0.03000,BL,0,10,25.89000
44.1520,853,13,30,0.03000,FR,0,2,25.65000
44.1520,853,13,30,0.03000,FR,1,32,26.55000
44.1520,853,13,30,0.03000,BR,0,25,26.34000
44.1600,853,13,30,0.03000,FL,0,17,26.10000
44.1600,853,13,30,0.03000,BL,0,10,25.89000
44.1600,853,13,30,0.03000,FR,0,2,25.65000
44.1600,853,13,30,0.03000,FR,1,32,26.55000
44.1600,853,13,30,0.03000,BR,0,25,26.34000
44.1700,854,14,30,0.03000,FL,0,16,26.10000
44.1700,854,14,30,0.03000,BL,0,9,25.89000
44.1700,854,14,30,0.03000,BL,1,39,26.79000
44.1700,854,14,30,0.03000,FR,0,1,25.65000
44.1700,854,14,30,0.03000,FR,1,31,26.55000
44.1700,854,14,30,0.03000,BR,0,24,26.34000
44.1800,854,14,30,0.03000,FL,0,16,26.10000
44.1800,854,14,30,0.03000,BL,0,9,25.89000
44.1800,854,14,30,0.03000,BL,1,39,26.79000
44.1800,854,14,30,0.03000,FR,0,1,25.65000
44.1800,854,14,30,0.03000,FR,1,31,26.55000
44.1800,854,14,30,0.03000,BR,0,24,26.34000
44.1880,854,14,30,0.03000,FL,0,16,26.10000
44.1880,854,14,30,0.03000,BL,0,9,25.89000
44.1880,854,14,30,0.03000,BL,1,39,26.79000
44.1880,854,14,30,0.03000,FR,0,1,25.65000
44.1880,854,14,30,0.03000,FR,1,31,26.55000
44.1880,854,14,30,0.03000,BR,0,24,26.34000
44.1980,855,15,30,0.03000,FL,0,15,26.10000
44.1980,855,15,30,0.03000,BL,0,8,25.89000
44.1980,855,15,30,0.03000,BL,1,38,26.79000
44.1980,855,15,30,0.03000,FR,0,30,26.55000
44.1980,855,15,30,0.03000,BR,0,23,26.34000
44.2160,855,15,30,0.03000,FL,0,15,26.10000
44.2160,855,15,30,0.03000,BL,0,8,25.89000
44.2160,855,15,30,0.03000,BL,1,38,26.79000
44.2160,855,15,30,0.03000,FR,0,30,26.55000
44.2160,855,15,30,0.03000,BR,0,23,26.34000
44.2260,856,16,30,0.03000,FL,0,14,26.10000
44.2260,856,16,30,0.03000,BL,0,7,25.89000
44.2260,856,16,30,0.03000,BL,1,37,26.79000
44.2260,856,16,30,0.03000,FR,0,29,26.55000
44.2260,856,16,30,0.03000,BR,0,22,26.34000
44.2360,856,16,30,0.03000,FL,0,14,26.10000
44.2360,856,16,30,0.03000,BL,0,7,25.89000
44.2360,856,16,30,0.03000,BL,1,37,26.79000
44.2360,856,16,30,0.03000,FR,0,29,26.55000
44.2360,856,16,30,0.03000,BR,0,22,26.34000
44.2440,856,16,30,0.03000,FL,0,14,26.10000
44.2440,856,16,30,0.03000,BL,0,7,25.89000
44.2440,856,16,30,0.03000,BL,1,37,26.79000
44.2440,856,16,30,0.03000,FR,0,29,26.55000
44.2440,856,16,30,0.03000,BR,0,22,26.34000
44.2540,857,17,30,0.03000,FL,0,13,26.10000
44.2540,857,17,30,0.03000,BL,0,6,25.89000
44.2540,857,17,30,0.03000,BL,1,36,26.79000
44.2540,857,17,30,0.03000,FR,0,28,26.55000
44.2540,857,17,30,0.03000,BR,0,21,26.34000
44.2640,857,17,30,0.03000,FL,0,13,26.10000
44.2640,857,17,30,0.03000,BL,0,6,25.89000
44.2640,857,17,30,0.03000,BL,1,36,26.79000
44.2640,857,17,30,0.03000,FR,0,28,26.55000
44.2640,857,17,30,0.03000,BR,0,21,26.34000
44.2720,857,17,30,0.03000,FL,0,13,26.10000
44.2720,857,17,30,0.03000,BL,0,6,25.89000
44.2720,857,17,30,0.03000,BL,1,36,26.79000
44.2720,857,17,30,0.03000,FR,0,28,26.55000
44.2720,857,17,30,0.03000,BR,0,21,26.34000
44.2820,857,17,30,0.03000,FL,0,13,26.10000
44.2820,857,17,30,0.03000,BL,0,6,25.89000
44.2820,857,17,30,0.03000,BL,1,36,26.79000
44.2820,857,17,30,0.03000,FR,0,28,26.55000
44.2820,857,17,30,0.03000,BR,0,21,26.34000
44.2900,858,18,30,0.03000,FL,0,12,26.10000
44.2900,858,18,30,0.03000,BL,0,5,25.89000
44.2900,858,18,30,0.03000,BL,1,35,26.79000
44.2900,858,18,30,0.03000,FR,0,27,26.55000
44.2900,858,18,30,0.03000,BR,0,20,26.34000
44.3000,858,18,30,0.03000,FL,0,12,26.10000
44.3000,858,18,30,0.03000,BL,0,5,25.89000
44.3000,858,18,30,0.03000,BL,1,35,26.79000
44.3000,858,18,30,0.03000,FR,0,27,26.55000
44.3000,858,18,30,0.03000,BR,0,20,26.34000
44.3100,858,18,30,0.03000,FL,0,12,26.10000
44.3100,858,18,30,0.03000,BL,0,5,25.89000
44.3100,858,18,30,0.03000,BL,1,35,26.79000
44.3100,858,18,30,0.03000,FR,0,27,26.55000
44.3100,858,18,30,0.03000,BR,0,20,26.34000
44.3200,859,19,30,0.03000,FL,0,11,26.10000
44.3200,859,19,30,0.03000,BL,0,4,25.89000
44.3200,859,19,30,0.03000,BL,1,34,26.79000
44.3200,859,19,30,0.03000,FR,0,26,26.55000
44.3200,859,19,30,0.03000,BR,0,19,26.34000
44.3320,859,19,30,0.03000,FL,0,11,26.10000
44.3320,859,19,30,0.03000,BL,0,4,25.89000
44.3320,859,19,30,0.03000,BL,1,34,26.79000
44.3320,859,19,30,0.03000,FR,0,26,26.55000
44.3320,859,19,30,0.03000,BR,0,19,26.34000
44.3420,859,19,30,0.03000,FL,0,11,26.10000
44.3420,859,19,30,0.03000,BL,0,4,25.89000
44.3420,859,19,30,0.03000,BL,1,34,26.79000
44.3420,859,19,30,0.03000,FR,0,26,26.55000
44.3420,859,19,30,0.03000,BR,0,19,26.34000
44.3500,860,20,30,0.03000,FL,0,10,26.10000
44.3500,860,20,30,0.03000,BL,0,3,25.89000
44.3500,860,20,30,0.03000,BL,1,33,26.79000
44.3500,860,20,30,0.03000,FR,0,25,26.55000
44.3500,860,20,30,0.03000,BR,0,18,26.34000
44.3620,860,20,30,0.03000,FL,0,10,26.10000
44.3620,860,20,30,0.03000,BL,0,3,25.89000
44.3620,860,20,30,0.03000,BL,1,33,26.79000
44.3620,860,20,30,0.03000,FR,0,25,26.55000
44.3620,860,20,30,0.03000,BR,0,18,26.34000
44.3700,860,20,30,0.03000,FL,0,10,26.10000
44.3700,860,20,30,0.03000,BL,0,3,25.89000
44.3700,860,20,30,0.03000,BL,1,33,26.79000
44.3700,860,20,30,0.03000,FR,0,25,26.55000
44.3700,860,20,30,0.03000,BR,0,18,26.34000
44.3800,861,21,30,0.03000,FL,0,9,26.10000
44.3800,861,21,30,0.03000,FL,1,39,27.00000
44.3800,861,21,30,0.03000,BL,0,2,25.89000
44.3800,861,21,30,0.03000,BL,1,32,26.79000
44.3800,861,21,30,0.03000,FR,0,24,26.55000
44.3800,861,21,30,0.03000,BR,0,17,26.34000
44.3900,861,21,30,0.03000,FL,0,9,26.10000
44.3900,861,21,30,0.03000,FL,1,39,27.00000
44.3900,861,21,30,0.03000,BL,0,2,25.89000
44.3900,861,21,30,0.03000,BL,1,32,26.79000
44.3900,861,21,30,0.03000,FR,0,24,26.55000
44.3900,861,21,30,0.03000,BR,0,17,26.34000
44.3980,861,21,30,0.03000,FL,0,9,26.10000
44.3980,861,21,30,0.03000,FL,1,39,27.00000
44.3980,861,21,30,0.03000,BL,0,2,25.89000
44.3980,861,21,30,0.03000,BL,1,32,26.79000
44.3980,861,21,30,0.03000,FR,0,24,26.55000
44.3980,861,21,30,0.03000,BR,0,17,26.34000
44.4080,862,22,30,0.03000,FL,0,8,26.10000
44.4080,862,22,30,0.03000,FL,1,38,27.00000
44.4080,862,22,30,0.03000,BL,0,1,25.89000
44.4080,862,22,30,0.03000,BL,1,31,26.79000
44.4080,862,22,30,0.03000,FR,0,23,26.55000
44.4080,862,22,30,0.03000,BR,0,16,26.34000
44.4280,862,22,30,0.03000,FL,0,8,26.10000
44.4280,862,22,30,0.03000,FL,1,38,27.00000
44.4280,862,22,30,0.03000,BL,0,1,25.89000
44.4280,862,22,30,0.03000,BL,1,31,26.79000
44.4280,862,22,30,0.03000,FR,0,23,26.55000
44.4280,862,22,30,0.03000,BR,0,16,26.34000
44.4360,863,23,30,0.03000,FL,0,7,26.10000
44.4360,863,23,30,0.03000,FL,1,37,27.00000
44.4360,863,23,30,0.03000,BL,0,30,26.79000
44.4360,863,23,30,0.03000,FR,0,22,26.55000
44.4360,863,23,30,0.03000,BR,0,15,26.34000
44.4460,863,23,30,0.03000,FL,0,7,26.10000
44.4460,863,23,30,0.03000,FL,1,37,27.00000
44.4460,863,23,30,0.03000,BL,0,30,26.79000
44.4460,863,23,30,0.03000,FR,0,22,26.55000
44.4460,863,23,30,0.03000,BR,0,15,26.34000
44.4540,863,23,30,0.03000,FL,0,7,26.10000
44.4540,863,23,30,0.03000,FL,1,37,27.00000
44.4540,863,23,30,0.03000,BL,0,30,26.79000
44.4540,863,23,30,0.03000,FR,0,22,26.55000
44.4540,863,23,30,0.03000,BR,0,15,26.34000
44.4640,864,24,30,0.03000,FL,0,6,26.10000
44.4640,864,24,30,0.03000,FL,1,36,27.00000
44.4640,864,24,30,0.03000,BL,0,29,26.79000
44.4640,864,24,30,0.03000,FR,0,21,26.55000
44.4640,864,24,30,0.03000,BR,0,14,26.34000
44.4740,864,24,30,0.03000,FL,0,6,26.10000
44.4740,864,24,30,0.03000,FL,1,36,27.00000
44.4740,864,24,30,0.03000,BL,0,29,26.79000
44.4740,864,24,30,0.03000,FR,0,21,26.55000
44.4740,864,24,30,0.03000,BR,0,14,26.34000
44.4820,864,24,30,0.03000,FL,0,6,26.10000
44.4820,864,24,30,0.03000,FL,1,36,27.00000
44.4820,864,24,30,0.03000,BL,0,29,26.79000
44.4820,864,24,30,0.03000,FR,0,21,26.55000
44.4820,864,24,30,0.03000,BR,0,14,26.34000
44.4920,864,24,30,0.03000,FL,0,6,26.10000
44.4920,864,24,30,0.03000,FL,1,36,27.00000
44.4920,864,24,30,0.03000,BL,0,29,26.79000
44.4920,864,24,30,0.03000,FR,0,21,26.55000
44.4920,864,24,30,0.03000,BR,0,14,26.34000
44.5020,865,25,30,0.03000,FL,0,5,26.10000
44.5020,865,25,30,0.03000,FL,1,35,27.00000
44.5020,865,25,30,0.03000,BL,0,28,26.79000
44.5020,865,25,30,0.03000,FR,0,20,26.55000
44.5020,865,25,30,0.03000,BR,0,13,26.34000
44.5100,865,25,30,0.03000,FL,0,5,26.10000
44.5100,865,25,30,0.03000,FL,1,35,27.00000
44.5100,865,25,30,0.03000,BL,0,28,26.79000
44.5100,865,25,30,0.03000,FR,0,20,26.55000
44.5100,865,25,30,0.03000,BR,0,13,26.34000
44.5200,865,25,30,0.03000,FL,0,5,26.10000
44.5200,865,25,30,0.03000,FL,1,35,27.00000
44.5200,865,25,30,0.03000,BL,0,28,26.79000
44.5200,865,25,30,0.03000,FR,0,20,26.55000
44.5200,865,25,30,0.03000,BR,0,13,26.34000
44.5280,866,26,30,0.03000,FL,0,4,26.10000
44.5280,866,26,30,0.03000,FL,1,34,27.00000
44.5280,866,26,30,0.03000,BL,0,27,26.79000
44.5280,866,26,30,0.03000,FR,0,19,26.55000
44.5280,866,26,30,0.03000,BR,0,12,26.34000
44.5400,866,26,30,0.03000,FL,0,4,26.10000
44.5400,866,26,30,0.03000,FL,1,34,27.00000
44.5400,866,26,30,0.03000,BL,0,27,26.79000
44.5400,866,26,30,0.03000,FR,0,19,26.55000
44.5400,866,26,30,0.03000,BR,0,12,26.34000
44.5480,866,26,30,0.03000,FL,0,4,26.10000
44.5480,866,26,30,0.03000,FL,1,34,27.00000
44.5480,866,26,30,0.03000,BL,0,27,26.79000
44.5480,866,26,30,0.03000,FR,0,19,26.55000
44.5480,866,26,30,0.03000,BR,0,12,26.34000
44.5580,867,27,30,0.03000,FL,0,3,26.10000
44.5580,867,27,30,0.03000,FL,1,33,27.00000
44.5580,867,27,30,0.03000,BL,0,26,26.79000
44.5580,867,27,30,0.03000,FR,0,18,26.55000
44.5580,867,27,30,0.03000,BR,0,11,26.34000
44.5720,867,27,30,0.03000,FL,0,3,26.10000
44.5720,867,27,30,0.03000,FL,1,33,27.00000
44.5720,867,27,30,0.03000,BL,0,26,26.79000
44.5720,867,27,30,0.03000,FR,0,18,26.55000
44.5720,867,27,30,0.03000,BR,0,11,26.34000
44.5840,868,28,30,0.03000,FL,0,2,26.10000
44.5840,868,28,30,0.03000,FL,1,32,27.00000
44.5840,868,28,30,0.03000,BL,0,25,26.79000
44.5840,868,28,30,0.03000,FR,0,17,26.55000
44.5840,868,28,30,0.03000,BR,0,10,26.34000
44.5920,868,28,30,0.03000,FL,0,2,26.10000
44.5920,868,28,30,0.03000,FL,1,32,27.00000
44.5920,868,28,30,0.03000,BL,0,25,26.79000
44.5920,868,28,30,0.03000,FR,0,17,26.55000
44.5920,868,28,30,0.03000,BR,0,10,26.34000
44.6040,868,28,30,0.03000,FL,0,2,26.10000
44.6040,868,28,30,0.03000,FL,1,32,27.00000
44.6040,868,28,30,0.03000,BL,0,25,26.79000
44.6040,868,28,30,0.03000,FR,0,17,26.55000
44.6040,868,28,30,0.03000,BR,0,10,26.34000
44.6120,868,28,30,0.03000,FL,0,2,26.10000
44.6120,868,28,30,0.03000,FL,1,32,27.00000
44.6120,868,28,30,0.03000,BL,0,25,26.79000
44.6120,868,28,30,0.03000,FR,0,17,26.55000
44.6120,868,28,30,0.03000,BR,0,10,26.34000
44.6220,869,29,30,0.03000,FL,0,1,26.10000
44.6220,869,29,30,0.03000,FL,1,31,27.00000
44.6220,869,29,30,0.03000,BL,0,24,26.79000
44.6220,869,29,30,0.03000,FR,0,16,26.55000
44.6220,869,29,30,0.03000,BR,0,9,26.34000
44.6220,869,29,30,0.03000,BR,1,39,27.24000
44.6320,869,29,30,0.03000,FL,0,1,26.10000
44.6320,869,29,30,0.03000,FL,1,31,27.00000
44.6320,869,29,30,0.03000,BL,0,24,26.79000
44.6320,869,29,30,0.03000,FR,0,16,26.55000
44.6320,869,29,30,0.03000,BR,0,9,26.34000
44.6320,869,29,30,0.03000,BR,1,39,27.24000
44.6420,869,29,30,0.03000,FL,0,1,26.10000
44.6420,869,29,30,0.03000,FL,1,31,27.00000
44.6420,869,29,30,0.03000,BL,0,24,26.79000
44.6420,869,29,30,0.03000,FR,0,16,26.55000
44.6420,869,29,30,0.03000,BR,0,9,26.34000
44.6420,869,29,30,0.03000,BR,1,39,27.24000
44.6500,870,0,30,0.03000,FL,0,30,27.00000
44.6500,870,0,30,0.03000,BL,0,23,26.79000
44.6500,870,0,30,0.03000,FR,0,15,26.55000
44.6500,870,0,30,0.03000,BR,0,8,26.34000
44.6500,870,0,30,0.03000,BR,1,38,27.24000
44.6720,870,0,30,0.03000,FL,0,30,27.00000
44.6720,870,0,30,0.03000,BL,0,23,26.79000
44.6720,870,0,30,0.03000,FR,0,15,26.55000
44.6720,870,0,30,0.03000,BR,0,8,26.34000
44.6720,870,0,30,0.03000,BR,1,38,27.24000
44.6860,871,1,30,0.03000,FL,0,29,27.00000
44.6860,871,1,30,0.03000,BL,0,22,26.79000
44.6860,871,1,30,0.03000,FR,0,14,26.55000
44.6860,871,1,30,0.03000,BR,0,7,26.34000
44.6860,871,1,30,0.03000,BR,1,37,27.24000
44.6960,871,1,30,0.03000,FL,0,29,27.00000
44.6960,871,1,30,0.03000,BL,0,22,26.79000
44.6960,871,1,30,0.03000,FR,0,14,26.55000
44.6960,871,1,30,0.03000,BR,0,7,26.34000
44.6960,871,1,30,0.03000,BR,1,37,27.24000
44.7080,872,2,30,0.03000,FL,0,28,27.00000
44.7080,872,2,30,0.03000,BL,0,21,26.79000
44.7080,872,2,30,0.03000,FR,0,13,26.55000
44.7080,872,2,30,0.03000,BR,0,6,26.34000
44.7080,872,2,30,0.03000,BR,1,36,27.24000
44.7180,872,2,30,0.03000,FL,0,28,27.00000
44.7180,872,2,30,0.03000,BL,0,21,26.79000
44.7180,872,2,30,0.03000,FR,0,13,26.55000
44.7180,872,2,30,0.03000,BR,0,6,26.34000
44.7180,872,2,30,0.03000,BR,1,36,27.24000
44.7280,872,2,30,0.03000,FL,0,28,27.00000
44.7280,872,2,30,0.03000,BL,0,21,26.79000
44.7280,872,2,30,0.03000,FR,0,13,26.55000
44.7280,872,2,30,0.03000,BR,0,6,26.34000
44.7280,872,2,30,0.03000,BR,1,36,27.24000
44.7380,873,3,30,0.03000,FL,0,27,27.00000
44.7380,873,3,30,0.03000,BL,0,20,26.79000
44.7380,873,3,30,0.03000,FR,0,12,26.55000
44.7380,873,3,30,0.03000,BR,0,5,26.34000
44.7380,873,3,30,0.03000,BR,1,35,27.24000
44.7460,873,3,30,0.03000,FL,0,27,27.00000
44.7460,873,3,30,0.03000,BL,0,20,26.79000
44.7460,873,3,30,0.03000,FR,0,12,26.55000
44.7460,873,3,30,0.03000,BR,0,5,26.34000
44.7460,873,3,30,0.03000,BR,1,35,27.24000
44.7560,873,3,30,0.03000,FL,0,27,27.00000
44.7560,873,3,30,0.03000,BL,0,20,26.79000
44.7560,873,3,30,0.03000,FR,0,12,26.55000
44.7560,873,3,30,0.03000,BR,0,5,26.34000
44.7560,873,3,30,0.03000,BR,1,35,27.24000
44.7660,874,4,30,0.03000,FL,0,26,27.00000
44.7660,874,4,30,0.03000,BL,0,19,26.79000
44.7660,874,4,30,0.03000,FR,0,11,26.55000
44.7660,874,4,30,0.03000,BR,0,4,26.34000
44.7660,874,4,30,0.03000,BR,1,34,27.24000
44.7760,874,4,30,0.03000,FL,0,26,27.00000
44.7760,874,4,30,0.03000,BL,0,19,26.79000
44.7760,874,4,30,0.03000,FR,0,11,26.55000
44.7760,874,4,30,0.03000,BR,0,4,26.34000
44.7760,874,4,30,0.03000,BR,1,34,27.24000
44.7860,874,4,30,0.03000,FL,0,26,27.00000
44.7860,874,4,30,0.03000,BL,0,19,26.79000
44.7860,874,4,30,0.03000,FR,0,11,26.55000
44.7860,874,4,30,0.03000,BR,0,4,26.34000
44.7860,874,4,30,0.03000,BR,1,34,27.24000
44.7940,875,5,30,0.03000,FL,0,25,27.00000
44.7940,875,5,30,0.03000,BL,0,18,26.79000
44.7940,875,5,30,0.03000,FR,0,10,26.55000
44.7940,875,5,30,0.03000,BR,0,3,26.34000
44.7940,875,5,30,0.03000,BR,1,33,27.24000
44.8040,875,5,30,0.03000,FL,0,25,27.00000
44.8040,875,5,30,0.03000,BL,0,18,26.79000
44.8040,875,5,30,0.03000,FR,0,10,26.55000
44.8040,875,5,30,0.03000,BR,0,3,26.34000
44.8040,875,5,30,0.03000,BR,1,33,27.24000
44.8120,875,5,30,0.03000,FL,0,25,27.00000
44.8120,875,5,30,0.03000,BL,0,18,26.79000
44.8120,875,5,30,0.03000,FR,0,10,26.55000
44.8120,875,5,30,0.03000,BR,0,3,26.34000
44.8120,875,5,30,0.03000,BR,1,33,27.24000
44.8220,875,5,30,0.03000,FL,0,25,27.00000
44.8220,875,5,30,0.03000,BL,0,18,26.79000
44.8220,875,5,30,0.03000,FR,0,10,26.55000
44.8220,875,5,30,0.03000,BR,0,3,26.34000
44.8220,875,5,30,0.03000,BR,1,33,27.24000
44.8320,876,6,30,0.03000,FL,0,24,27.00000
44.8320,876,6,30,0.03000,BL,0,17,26.79000
44.8320,876,6,30,0.03000,FR,0,9,26.55000
44.8320,876,6,30,0.03000,FR,1,39,27.45000
44.8320,876,6,30,0.03000,BR,0,2,26.34000
44.8320,876,6,30,0.03000,BR,1,32,27.24000
44.8420,876,6,30,0.03000,FL,0,24,27.00000
44.8420,876,6,30,0.03000,BL,0,17,26.79000
44.8420,876,6,30,0.03000,FR,0,9,26.55000
44.8420,876,6,30,0.03000,FR,1,39,27.45000
44.8420,876,6,30,0.03000,BR,0,2,26.34000
44.8420,876,6,30,0.03000,BR,1,32,27.24000
44.8500,876,6,30,0.03000,FL,0,24,27.00000
44.8500,876,6,30,0.03000,BL,0,17,26.79000
44.8500,876,6,30,0.03000,FR,0,9,26.55000
44.8500,876,6,30,0.03000,FR,1,39,27.45000
44.8500,876,6,30,0.03000,BR,0,2,26.34000
44.8500,876,6,30,0.03000,BR,1,32,27.24000
44.8600,877,7,30,0.03000,FL,0,23,27.00000
44.8600,877,7,30,0.03000,BL,0,16,26.79000
44.8600,877,7,30,0.03000,FR,0,8,26.55000
44.8600,877,7,30,0.03000,FR,1,38,27.45000
44.8600,877,7,30,0.03000,BR,0,1,26.34000
44.8600,877,7,30,0.03000,BR,1,31,27.24000
44.8800,877,7,30,0.03000,FL,0,23,27.00000
44.8800,877,7,30,0.03000,BL,0,16,26.79000
44.8800,877,7,30,0.03000,FR,0,8,26.55000
44.8800,877,7,30,0.03000,FR,1,38,27.45000
44.8800,877,7,30,0.03000,BR,0,1,26.34000
44.8800,877,7,30,0.03000,BR,1,31,27.24000
44.8920,878,8,30,0.03000,FL,0,22,27.00000
44.8920,878,8,30,0.03000,BL,0,15,26.79000
44.8920,878,8,30,0.03000,FR,0,7,26.55000
44.8920,878,8,30,0.03000,FR,1,37,27.45000
44.8920,878,8,30,0.03000,BR,0,30,27.24000
44.9000,878,8,30,0.03000,FL,0,22,27.00000
44.9000,878,8,30,0.03000,BL,0,15,26.79000
44.9000,878,8,30,0.03000,FR,0,7,26.55000
44.9000,878,8,30,0.03000,FR,1,37,27.45000
44.9000,878,8,30,0.03000,BR,0,30,27.24000
44.9100,878,8,30,0.03000,FL,0,22,27.00000
44.9100,878,8,30,0.03000,BL,0,15,26.79000
44.9100,878,8,30,0.03000,FR,0,7,26.55000
44.9100,878,8,30,0.03000,FR,1,37,27.45000
44.9100,878,8,30,0.03000,BR,0,30,27.24000
44.9200,879,9,30,0.03000,FL,0,21,27.00000
44.9200,879,9,30,0.03000,BL,0,14,26.79000
44.9200,879,9,30,0.03000,FR,0,6,26.55000
44.9200,879,9,30,0.03000,FR,1,36,27.45000
44.9200,879,9,30,0.03000,BR,0,29,27.24000
44.9300,879,9,30,0.03000,FL,0,21,27.00000
44.9300,879,9,30,0.03000,BL,0,14,26.79000
44.9300,879,9,30,0.03000,FR,0,6,26.55000
44.9300,879,9,30,0.03000,FR,1,36,27.45000
44.9300,879,9,30,0.03000,BR,0,29,27.24000
44.9380,879,9,30,0.03000,FL,0,21,27.00000
44.9380,879,9,30,0.03000,BL,0,14,26.79000
44.9380,879,9,30,0.03000,FR,0,6,26.55000
44.9380,879,9,30,0.03000,FR,1,36,27.45000
44.9380,879,9,30,0.03000,BR,0,29,27.24000
44.9480,880,10,30,0.03000,FL,0,20,27.00000
44.9480,880,10,30,0.03000,BL,0,13,26.79000
44.9480,880,10,30,0.03000,FR,0,5,26.55000
44.9480,880,10,30,0.03000,FR,1,35,27.45000
44.9480,880,10,30,0.03000,BR,0,28,27.24000
44.9580,880,10,30,0.03000,FL,0,20,27.00000
44.9580,880,10,30,0.03000,BL,0,13,26.79000
44.9580,880,10,30,0.03000,FR,0,5,26.55000
44.9580,880,10,30,0.03000,FR,1,35,27.45000
44.9580,880,10,30,0.03000,BR,0,28,27.24000
44.9660,880,10,30,0.03000,FL,0,20,27.00000
44.9660,880,10,30,0.03000,BL,0,13,26.79000
44.9660,880,10,30,0.03000,FR,0,5,26.55000
44.9660,880,10,30,0.03000,FR,1,35,27.45000
44.9660,880,10,30,0.03000,BR,0,28,27.24000
44.9760,881,11,30,0.03000,FL,0,19,27.00000
44.9760,881,11,30,0.03000,BL,0,12,26.79000
44.9760,881,11,30,0.03000,FR,0,4,26.55000
44.9760,881,11,30,0.03000,FR,1,34,27.45000
44.9760,881,11,30,0.03000,BR,0,27,27.24000
44.9840,881,11,30,0.03000,FL,0,19,27.00000
44.9840,881,11,30,0.03000,BL,0,12,26.79000
44.9840,881,11,30,0.03000,FR,0,4,26.55000
44.9840,881,11,30,0.03000,FR,1,34,27.45000
44.9840,881,11,30,0.03000,BR,0,27,27.24000
44.9940,881,11,30,0.03000,FL,0,19,27.00000
44.9940,881,11,30,0.03000,BL,0,12,26.79000
44.9940,881,11,30,0.03000,FR,0,4,26.55000
44.9940,881,11,30,0.03000,FR,1,34,27.45000
44.9940,881,11,30,0.03000,BR,0,27,27.24000
45.0040,882,12,30,0.03000,FL,0,18,27.00000
45.0040,882,12,30,0.03000,BL,0,11,26.79000
45.0040,882,12,30,0.03000,FR,0,3,26.55000
45.0040,882,12,30,0.03000,FR,1,33,27.45000
45.0040,882,12,30,0.03000,BR,0,26,27.24000
45.0140,882,12,30,0.03000,FL,0,18,27.00000
45.0140,882,12,30,0.03000,BL,0,11,26.79000
45.0140,882,12,30,0.03000,FR,0,3,26.55000
45.0140,882,12,30,0.03000,FR,1,33,27.45000
45.0140,882,12,30,0.03000,BR,0,26,27.24000
45.0220,882,12,30,0.03000,FL,0,18,27.00000
45.0220,882,12,30,0.03000,BL,0,11,26.79000
45.0220,882,12,30,0.03000,FR,0,3,26.55000
45.0220,882,12,30,0.03000,FR,1,33,27.45000
45.0220,882,12,30,0.03000,BR,0,26,27.24000
45.0320,882,12,30,0.03000,FL,0,18,27.00000
45.0320,882,12,30,0.03000,BL,0,11,26.79000
45.0320,882,12,30,0.03000,FR,0,3,26.55000
45.0320,882,12,30,0.03000,FR,1,33,27.45000
45.0320,882,12,30,0.03000,BR,0,26,27.24000
45.0400,883,13,30,0.03000,FL,0,17,27.00000
45.0400,883,13,30,0.03000,BL,0,10,26.79000
45.0400,883,13,30,0.03000,FR,0,2,26.55000
45.0400,883,13,30,0.03000,FR,1,32,27.45000
45.0400,883,13,30,0.03000,BR,0,25,27.24000
45.0500,883,13,30,0.03000,FL,0,17,27.00000
45.0500,883,13,30,0.03000,BL,0,10,26.79000
45.0500,883,13,30,0.03000,FR,0,2,26.55000
45.0500,883,13,30,0.03000,FR,1,32,27.45000
45.0500,883,13,30,0.03000,BR,0,25,27.24000
45.0600,883,13,30,0.03000,FL,0,17,27.00000
45.0600,883,13,30,0.03000,BL,0,10,26.79000
45.0600,883,13,30,0.03000,FR,0,2,26.55000
45.0600,883,13,30,0.03000,FR,1,32,27.45000
45.0600,883,13,30,0.03000,BR,0,25,27.24000
45.0700,884,14,30,0.03000,FL,0,16,27.00000
45.0700,884,14,30,0.03000,BL,0,9,26.79000
45.0700,884,14,30,0.03000,BL,1,39,27.69000
45.0700,884,14,30,0.03000,FR,0,1,26.55000
45.0700,884,14,30,0.03000,FR,1,31,27.45000
45.0700,884,14,30,0.03000,BR,0,24,27.24000
45.0780,884,14,30,0.03000,FL,0,16,27.00000
45.0780,884,14,30,0.03000,BL,0,9,26.79000
45.0780,884,14,30,0.03000,BL,1,39,27.69000
45.0780,884,14,30,0.03000,FR,0,1,26.55000
45.0780,884,14,30,0.03000,FR,1,31,27.45000
45.0780,884,14,30,0.03000,BR,0,24,27.24000
45.0860,884,14,30,0.03000,FL,0,16,27.00000
45.0860,884,14,30,0.03000,BL,0,9,26.79000
45.0860,884,14,30,0.03000,BL,1,39,27.69000
45.0860,884,14,30,0.03000,FR,0,1,26.55000
45.0860,884,14,30,0.03000,FR,1,31,27.45000
45.0860,884,14,30,0.03000,BR,0,24,27.24000
45.0980,885,15,30,0.03000,FL,0,15,27.00000
45.0980,885,15,30,0.03000,BL,0,8,26.79000
45.0980,885,15,30,0.03000,BL,1,38,27.69000
45.0980,885,15,30,0.03000,FR,0,30,27.45000
45.0980,885,15,30,0.03000,BR,0,23,27.24000
45.1180,885,15,30,0.03000,FL,0,15,27.00000
45.1180,885,15,30,0.03000,BL,0,8,26.79000
45.1180,885,15,30,0.03000,BL,1,38,27.69000
45.1180,885,15,30,0.03000,FR,0,30,27.45000
45.1180,885,15,30,0.03000,BR,0,23,27.24000
45.1260,886,16,30,0.03000,FL,0,14,27.00000
45.1260,886,16,30,0.03000,BL,0,7,26.79000
45.1260,886,16,30,0.03000,BL,1,37,27.69000
45.1260,886,16,30,0.03000,FR,0,29,27.45000
45.1260,886,16,30,0.03000,BR,0,22,27.24000
45.1360,886,16,30,0.03000,FL,0,14,27.00000
45.1360,886,16,30,0.03000,BL,0,7,26.79000
45.1360,886,16,30,0.03000,BL,1,37,27.69000
45.1360,886,16,30,0.03000,FR,0,29,27.45000
45.1360,886,16,30,0.03000,BR,0,22,27.24000
45.1440,886,16,30,0.03000,FL,0,14,27.00000
45.1440,886,16,30,0.03000,BL,0,7,26.79000
45.1440,886,16,30,0.03000,BL,1,37,27.69000
45.1440,886,16,30,0.03000,FR,0,29,27.45000
45.1440,886,16,30,0.03000,BR,0,22,27.24000
45.1540,887,17,30,0.03000,FL,0,13,27.00000
45.1540,887,17,30,0.03000,BL,0,6,26.79000
45.1540,887,17,30,0.03000,BL,1,36,27.69000
45.1540,887,17,30,0.03000,FR,0,28,27.45000
45.1540,887,17,30,0.03000,BR,0,21,27.24000
45.1620,887,17,30,0.03000,FL,0,13,27.00000
45.1620,887,17,30,0.03000,BL,0,6,26.79000
45.1620,887,17,30,0.03000,BL,1,36,27.69000
45.1620,887,17,30,0.03000,FR,0,28,27.45000
45.1620,887,17,30,0.03000,BR,0,21,27.24000
45.1740,887,17,30,0.03000,FL,0,13,27.00000
45.1740,887,17,30,0.03000,BL,0,6,26.79000
45.1740,887,17,30,0.03000,BL,1,36,27.69000
45.1740,887,17,30,0.03000,FR,0,28,27.45000
45.1740,887,17,30,0.03000,BR,0,21,27.24000
45.1820,887,17,30,0.03000,FL,0,13,27.00000
45.1820,887,17,30,0.03000,BL,0,6,26.79000
45.1820,887,17,30,0.03000,BL,1,36,27.69000
45.1820,887,17,30,0.03000,FR,0,28,27.45000
45.1820,887,17,30,0.03000,BR,0,21,27.24000
45.1900,888,18,30,0.03000,FL,0,12,27.00000
45.1900,888,18,30,0.03000,BL,0,5,26.79000
45.1900,888,18,30,0.03000,BL,1,35,27.69000
45.1900,888,18,30,0.03000,FR,0,27,27.45000
45.1900,888,18,30,0.03000,BR,0,20,27.24000
45.2000,888,18,30,0.03000,FL,0,12,27.00000
45.2000,888,18,30,0.03000,BL,0,5,26.79000
45.2000,888,18,30,0.03000,BL,1,35,27.69000
45.2000,888,18,30,0.03000,FR,0,27,27.45000
45.2000,888,18,30,0.03000,BR,0,20,27.24000
45.2080,888,18,30,0.03000,FL,0,12,27.00000
45.2080,888,18,30,0.03000,BL,0,5,26.79000
45.2080,888,18,30,0.03000,BL,1,35,27.69000
45.2080,888,18,30,0.03000,FR,0,27,27.45000
45.2080,888,18,30,0.03000,BR,0,20,27.24000
45.2180,889,19,30,0.03000,FL,0,11,27.00000
45.2180,889,19,30,0.03000,BL,0,4,26.79000
45.2180,889,19,30,0.03000,BL,1,34,27.69000
45.2180,889,19,30,0.03000,FR,0,26,27.45000
45.2180,889,19,30,0.03000,BR,0,19,27.24000
45.2280,889,19,30,0.03000,FL,0,11,27.00000
45.2280,889,19,30,0.03000,BL,0,4,26.79000
45.2280,889,19,30,0.03000,BL,1,34,27.69000
45.2280,889,19,30,0.03000,FR,0,26,27.45000
45.2280,889,19,30,0.03000,BR,0,19,27.24000
45.2360,889,19,30,0.03000,FL,0,11,27.00000
45.2360,889,19,30,0.03000,BL,0,4,26.79000
45.2360,889,19,30,0.03000,BL,1,34,27.69000
45.2360,889,19,30,0.03000,FR,0,26,27.45000
45.2360,889,19,30,0.03000,BR,0,19,27.24000
45.2460,890,20,30,0.03000,FL,0,10,27.00000
45.2460,890,20,30,0.03000,BL,0,3,26.79000
45.2460,890,20,30,0.03000,BL,1,33,27.69000
45.2460,890,20,30,0.03000,FR,0,25,27.45000
45.2460,890,20,30,0.03000,BR,0,18,27.24000
45.2540,890,20,30,0.03000,FL,0,10,27.00000
45.2540,890,20,30,0.03000,BL,0,3,26.79000
45.2540,890,20,30,0.03000,BL,1,33,27.69000
45.2540,890,20,30,0.03000,FR,0,25,27.45000
45.2540,890,20,30,0.03000,BR,0,18,27.24000
45.2640,890,20,30,0.03000,FL,0,10,27.00000
45.2640,890,20,30,0.03000,BL,0,3,26.79000
45.2640,890,20,30,0.03000,BL,1,33,27.69000
45.2640,890,20,30,0.03000,FR,0,25,27.45000
45.2640,890,20,30,0.03000,BR,0,18,27.24000
45.2720,890,20,30,0.03000,FL,0,10,27.00000
45.2720,890,20,30,0.03000,BL,0,3,26.79000
45.2720,890,20,30,0.03000,BL,1,33,27.69000
45.2720,890,20,30,0.03000,FR,0,25,27.45000
45.2720,890,20,30,0.03000,BR,0,18,27.24000
45.2820,891,21,30,0.03000,FL,0,9,27.00000
45.2820,891,21,30,0.03000,FL,1,39,27.90000
45.2820,891,21,30,0.03000,BL,0,2,26.79000
45.2820,891,21,30,0.03000,BL,1,32,27.69000
45.2820,891,21,30,0.03000,FR,0,24,27.45000
45.2820,891,21,30,0.03000,BR,0,17,27.24000
45.2920,891,21,30,0.03000,FL,0,9,27.00000
45.2920,891,21,30,0.03000,FL,1,39,27.90000
45.2920,891,21,30,0.03000,BL,0,2,26.79000
45.2920,891,21,30,0.03000,BL,1,32,27.69000
45.2920,891,21,30,0.03000,FR,0,24,27.45000
45.2920,891,21,30,0.03000,BR,0,17,27.24000
45.3000,891,21,30,0.03000,FL,0,9,27.00000
45.3000,891,21,30,0.03000,FL,1,39,27.90000
45.3000,891,21,30,0.03000,BL,0,2,26.79000
45.3000,891,21,30,0.03000,BL,1,32,27.69000
45.3000,891,21,30,0.03000,FR,0,24,27.45000
45.3000,891,21,30,0.03000,BR,0,17,27.24000
45.3100,892,22,30,0.03000,FL,0,8,27.00000
45.3100,892,22,30,0.03000,FL,1,38,27.90000
45.3100,892,22,30,0.03000,BL,0,1,26.79000
45.3100,892,22,30,0.03000,BL,1,31,27.69000
45.3100,892,22,30,0.03000,FR,0,23,27.45000
45.3100,892,22,30,0.03000,BR,0,16,27.24000
45.3300,892,22,30,0.03000,FL,0,8,27.00000
45.3300,892,22,30,0.03000,FL,1,38,27.90000
45.3300,892,22,30,0.03000,BL,0,1,26.79000
45.3300,892,22,30,0.03000,BL,1,31,27.69000
45.3300,892,22,30,0.03000,FR,0,23,27.45000
45.3300,892,22,30,0.03000,BR,0,16,27.24000
45.3380,893,23,30,0.03000,FL,0,7,27.00000
45.3380,893,23,30,0.03000,FL,1,37,27.90000
45.3380,893,23,30,0.03000,BL,0,30,27.69000
45.3380,893,23,30,0.03000,FR,0,22,27.45000
45.3380,893,23,30,0.03000,BR,0,15,27.24000
45.3480,893,23,30,0.03000,FL,0,7,27.00000
45.3480,893,23,30,0.03000,FL,1,37,27.90000
45.3480,893,23,30,0.03000,BL,0,30,27.69000
45.3480,893,23,30,0.03000,FR,0,22,27.45000
45.3480,893,23,30,0.03000,BR,0,15,27.24000
45.3580,893,23,30,0.03000,FL,0,7,27.00000
45.3580,893,23,30,0.03000,FL,1,37,27.90000
45.3580,893,23,30,0.03000,BL,0,30,27.69000
45.3580,893,23,30,0.03000,FR,0,22,27.45000
45.3580,893,23,30,0.03000,BR,0,15,27.24000
45.3660,894,24,30,0.03000,FL,0,6,27.00000
45.3660,894,24,30,0.03000,FL,1,36,27.90000
45.3660,894,24,30,0.03000,BL,0,29,27.69000
45.3660,894,24,30,0.03000,FR,0,21,27.45000
45.3660,894,24,30,0.03000,BR,0,14,27.24000
45.3760,894,24,30,0.03000,FL,0,6,27.00000
45.3760,894,24,30,0.03000,FL,1,36,27.90000
45.3760,894,24,30,0.03000,BL,0,29,27.69000
45.3760,894,24,30,0.03000,FR,0,21,27.45000
45.3760,894,24,30,0.03000,BR,0,14,27.24000
45.3860,894,24,30,0.03000,FL,0,6,27.00000
45.3860,894,24,30,0.03000,FL,1,36,27.90000
45.3860,894,24,30,0.03000,BL,0,29,27.69000
45.3860,894,24,30,0.03000,FR,0,21,27.45000
45.3860,894,24,30,0.03000,BR,0,14,27.24000
45.3960,895,25,30,0.03000,FL,0,5,27.00000
45.3960,895,25,30,0.03000,FL,1,35,27.90000
45.3960,895,25,30,0.03000,BL,0,28,27.69000
45.3960,895,25,30,0.03000,FR,0,20,27.45000
45.3960,895,25,30,0.03000,BR,0,13,27.24000
45.4040,895,25,30,0.03000,FL,0,5,27.00000
45.4040,895,25,30,0.03000,FL,1,35,27.90000
45.4040,895,25,30,0.03000,BL,0,28,27.69000
45.4040,895,25,30,0.03000,FR,0,20,27.45000
45.4040,895,25,30,0.03000,BR,0,13,27.24000
45.4120,895,25,30,0.03000,FL,0,5,27.00000
45.4120,895,25,30,0.03000,FL,1,35,27.90000
45.4120,895,25,30,0.03000,BL,0,28,27.69000
45.4120,895,25,30,0.03000,FR,0,20,27.45000
45.4120,895,25,30,0.03000,BR,0,13,27.24000
45.4220,895,25,30,0.03000,FL,0,5,27.00000
45.4220,895,25,30,0.03000,FL,1,35,27.90000
45.4220,895,25,30,0.03000,BL,0,28,27.69000
45.4220,895,25,30,0.03000,FR,0,20,27.45000
45.4220,895,25,30,0.03000,BR,0,13,27.24000
45.4320,896,26,30,0.03000,FL,0,4,27.00000
45.4320,896,26,30,0.03000,FL,1,34,27.90000
45.4320,896,26,30,0.03000,BL,0,27,27.69000
45.4320,896,26,30,0.03000,FR,0,19,27.45000
45.4320,896,26,30,0.03000,BR,0,12,27.24000
45.4400,896,26,30,0.03000,FL,0,4,27.00000
45.4400,896,26,30,0.03000,FL,1,34,27.90000
45.4400,896,26,30,0.03000,BL,0,27,27.69000
45.4400,896,26,30,0.03000,FR,0,19,27.45000
45.4400,896,26,30,0.03000,BR,0,12,27.24000
45.4500,896,26,30,0.03000,FL,0,4,27.00000
45.4500,896,26,30,0.03000,FL,1,34,27.90000
45.4500,896,26,30,0.03000,BL,0,27,27.69000
45.4500,896,26,30,0.03000,FR,0,19,27.45000
45.4500,896,26,30,0.03000,BR,0,12,27.24000
45.4600,897,27,30,0.03000,FL,0,3,27.00000
45.4600,897,27,30,0.03000,FL,1,33,27.90000
45.4600,897,27,30,0.03000,BL,0,26,27.69000
45.4600,897,27,30,0.03000,FR,0,18,27.45000
45.4600,897,27,30,0.03000,BR,0,11,27.24000
45.4700,897,27,30,0.03000,FL,0,3,27.00000
45.4700,897,27,30,0.03000,FL,1,33,27.90000
45.4700,897,27,30,0.03000,BL,0,26,27.69000
45.4700,897,27,30,0.03000,FR,0,18,27.45000
45.4700,897,27,30,0.03000,BR,0,11,27.24000
45.4780,897,27,30,0.03000,FL,0,3,27.00000
45.4780,897,27,30,0.03000,FL,1,33,27.90000
45.4780,897,27,30,0.03000,BL,0,26,27.69000
45.4780,897,27,30,0.03000,FR,0,18,27.45000
45.4780,897,27,30,0.03000,BR,0,11,27.24000
45.4900,898,28,30,0.03000,FL,0,2,27.00000
45.4900,898,28,30,0.03000,FL,1,32,27.90000
45.4900,898,28,30,0.03000,BL,0,25,27.69000
45.4900,898,28,30,0.03000,FR,0,17,27.45000
45.4900,898,28,30,0.03000,BR,0,10,27.24000
45.5000,898,28,30,0.03000,FL,0,2,27.00000
45.5000,898,28,30,0.03000,FL,1,32,27.90000
45.5000,898,28,30,0.03000,BL,0,25,27.69000
45.5000,898,28,30,0.03000,FR,0,17,27.45000
45.5000,898,28,30,0.03000,BR,0,10,27.24000
45.5100,898,28,30,0.03000,FL,0,2,27.00000
45.5100,898,28,30,0.03000,FL,1,32,27.90000
45.5100,898,28,30,0.03000,BL,0,25,27.69000
45.5100,898,28,30,0.03000,FR,0,17,27.45000
45.5100,898,28,30,0.03000,BR,0,10,27.24000
45.5200,899,29,30,0.03000,FL,0,1,27.00000
45.5200,899,29,30,0.03000,FL,1,31,27.90000
45.5200,899,29,30,0.03000,BL,0,24,27.69000
45.5200,899,29,30,0.03000,FR,0,16,27.45000
45.5200,899,29,30,0.03000,BR,0,9,27.24000
45.5200,899,29,30,0.03000,BR,1,39,28.14000
45.5280,899,29,30,0.03000,FL,0,1,27.00000
45.5280,899,29,30,0.03000,FL,1,31,27.90000
45.5280,899,29,30,0.03000,BL,0,24,27.69000
45.5280,899,29,30,0.03000,FR,0,16,27.45000
45.5280,899,29,30,0.03000,BR,0,9,27.24000
45.5280,899,29,30,0.03000,BR,1,39,28.14000
45.5380,899,29,30,0.03000,FL,0,1,27.00000
45.5380,899,29,30,0.03000,FL,1,31,27.90000
45.5380,899,29,30,0.03000,BL,0,24,27.69000
45.5380,899,29,30,0.03000,FR,0,16,27.45000
45.5380,899,29,30,0.03000,BR,0,9,27.24000
45.5380,899,29,30,0.03000,BR,1,39,28.14000
45.5480,900,0,30,0.03000,FL,0,30,27.90000
45.5480,900,0,30,0.03000,BL,0,23,27.69000
45.5480,900,0,30,0.03000,FR,0,15,27.45000
45.5480,900,0,30,0.03000,BR,0,8,27.24000
45.5480,900,0,30,0.03000,BR,1,38,28.14000
45.5660,900,0,30,0.03000,FL,0,30,27.90000
45.5660,900,0,30,0.03000,BL,0,23,27.69000
45.5660,900,0,30,0.03000,FR,0,15,27.45000
45.5660,900,0,30,0.03000,BR,0,8,27.24000
45.5660,900,0,30,0.03000,BR,1,38,28.14000
45.5760,901,1,30,0.03000,FL,0,29,27.90000
45.5760,901,1,30,0.03000,BL,0,22,27.69000
45.5760,901,1,30,0.03000,FR,0,14,27.45000
45.5760,901,1,30,0.03000,BR,0,7,27.24000
45.5760,901,1,30,0.03000,BR,1,37,28.14000
45.5880,901,1,30,0.03000,FL,0,29,27.90000
45.5880,901,1,30,0.03000,BL,0,22,27.69000
45.5880,901,1,30,0.03000,FR,0,14,27.45000
45.5880,901,1,30,0.03000,BR,0,7,27.24000
45.5880,901,1,30,0.03000,BR,1,37,28.14000
45.5980,901,1,30,0.03000,FL,0,29,27.90000
45.5980,901,1,30,0.03000,BL,0,22,27.69000
45.5980,901,1,30,0.03000,FR,0,14,27.45000
45.5980,901,1,30,0.03000,BR,0,7,27.24000
45.5980,901,1,30,0.03000,BR,1,37,28.14000
45.6080,902,2,30,0.03000,FL,0,28,27.90000
45.6080,902,2,30,0.03000,BL,0,21,27.69000
45.6080,902,2,30,0.03000,FR,0,13,27.45000
45.6080,902,2,30,0.03000,BR,0,6,27.24000
45.6080,902,2,30,0.03000,BR,1,36,28.14000
45.6180,902,2,30,0.03000,FL,0,28,27.90000
45.6180,902,2,30,0.03000,BL,0,21,27.69000
45.6180,902,2,30,0.03000,FR,0,13,27.45000
45.6180,902,2,30,0.03000,BR,0,6,27.24000
45.6180,902,2,30,0.03000,BR,1,36,28.14000
45.6280,902,2,30,0.03000,FL,0,28,27.90000
45.6280,902,2,30,0.03000,BL,0,21,27.69000
45.6280,902,2,30,0.03000,FR,0,13,27.45000
45.6280,902,2,30,0.03000,BR,0,6,27.24000
45.6280,902,2,30,0.03000,BR,1,36,28.14000
45.6360,903,3,30,0.03000,FL,0,27,27.90000
45.6360,903,3,30,0.03000,BL,0,20,27.69000
45.6360,903,3,30,0.03000,FR,0,12,27.45000
45.6360,903,3,30,0.03000,BR,0,5,27.24000
45.6360,903,3,30,0.03000,BR,1,35,28.14000
45.6460,903,3,30,0.03000,FL,0,27,27.90000
45.6460,903,3,30,0.03000,BL,0,20,27.69000
45.6460,903,3,30,0.03000,FR,0,12,27.45000
45.6460,903,3,30,0.03000,BR,0,5,27.24000
45.6460,903,3,30,0.03000,BR,1,35,28.14000
45.6600,903,3,30,0.03000,FL,0,27,27.90000
45.6600,903,3,30,0.03000,BL,0,20,27.69000
45.6600,903,3,30,0.03000,FR,0,12,27.45000
45.6600,903,3,30,0.03000,BR,0,5,27.24000
45.6600,903,3,30,0.03000,BR,1,35,28.14000
45.6700,904,4,30,0.03000,FL,0,26,27.90000
45.6700,904,4,30,0.03000,BL,0,19,27.69000
45.6700,904,4,30,0.03000,FR,0,11,27.45000
45.6700,904,4,30,0.03000,BR,0,4,27.24000
45.6700,904,4,30,0.03000,BR,1,34,28.14000
45.6840,904,4,30,0.03000,FL,0,26,27.90000
45.6840,904,4,30,0.03000,BL,0,19,27.69000
45.6840,904,4,30,0.03000,FR,0,11,27.45000
45.6840,904,4,30,0.03000,BR,0,4,27.24000
45.6840,904,4,30,0.03000,BR,1,34,28.14000
45.7000,905,5,30,0.03000,FL,0,25,27.90000
45.7000,905,5,30,0.03000,BL,0,18,27.69000
45.7000,905,5,30,0.03000,FR,0,10,27.45000
45.7000,905,5,30,0.03000,BR,0,3,27.24000
45.7000,905,5,30,0.03000,BR,1,33,28.14000
45.7120,905,5,30,0.03000,FL,0,25,27.90000
45.7120,905,5,30,0.03000,BL,0,18,27.69000
45.7120,905,5,30,0.03000,FR,0,10,27.45000
45.7120,905,5,30,0.03000,BR,0,3,27.24000
45.7120,905,5,30,0.03000,BR,1,33,28.14000
45.7240,906,6,30,0.03000,FL,0,24,27.90000
45.7240,906,6,30,0.03000,BL,0,17,27.69000
45.7240,906,6,30,0.03000,FR,0,9,27.45000
45.7240,906,6,30,0.03000,FR,1,39,28.35000
45.7240,906,6,30,0.03000,BR,0,2,27.24000
45.7240,906,6,30,0.03000,BR,1,32,28.14000
45.7440,906,6,30,0.03000,FL,0,24,27.90000
45.7440,906,6,30,0.03000,BL,0,17,27.69000
45.7440,906,6,30,0.03000,FR,0,9,27.45000
45.7440,906,6,30,0.03000,FR,1,39,28.35000
45.7440,906,6,30,0.03000,BR,0,2,27.24000
45.7440,906,6,30,0.03000,BR,1,32,28.14000
45.7720,907,7,30,0.03000,FL,0,23,27.90000
45.7720,907,7,30,0.03000,BL,0,16,27.69000
45.7720,907,7,30,0.03000,FR,0,8,27.45000
45.7720,907,7,30,0.03000,FR,1,38,28.35000
45.7720,907,7,30,0.03000,BR,0,1,27.24000
45.7720,907,7,30,0.03000,BR,1,31,28.14000
45.7940,908,8,30,0.03000,FL,0,22,27.90000
45.7940,908,8,30,0.03000,BL,0,15,27.69000
45.7940,908,8,30,0.03000,FR,0,7,27.45000
45.7940,908,8,30,0.03000,FR,1,37,28.35000
45.7940,908,8,30,0.03000,BR,0,30,28.14000
45.8020,908,8,30,0.03000,FL,0,22,27.90000
45.8020,908,8,30,0.03000,BL,0,15,27.69000
45.8020,908,8,30,0.03000,FR,0,7,27.45000
45.8020,908,8,30,0.03000,FR,1,37,28.35000
45.8020,908,8,30,0.03000,BR,0,30,28.14000
45.8140,909,9,30,0.03000,FL,0,21,27.90000
45.8140,909,9,30,0.03000,BL,0,14,27.69000
45.8140,909,9,30,0.03000,FR,0,6,27.45000
45.8140,909,9,30,0.03000,FR,1,36,28.35000
45.8140,909,9,30,0.03000,BR,0,29,28.14000
45.8280,909,9,30,0.03000,FL,0,21,27.90000
45.8280,909,9,30,0.03000,BL,0,14,27.69000
45.8280,909,9,30,0.03000,FR,0,6,27.45000
45.8280,909,9,30,0.03000,FR,1,36,28.35000
45.8280,909,9,30,0.03000,BR,0,29,28.14000
45.8360,909,9,30,0.03000,FL,0,21,27.90000
45.8360,909,9,30,0.03000,BL,0,14,27.69000
45.8360,909,9,30,0.03000,FR,0,6,27.45000
45.8360,909,9,30,0.03000,FR,1,36,28.35000
45.8360,909,9,30,0.03000,BR,0,29,28.14000
45.8480,910,10,30,0.03000,FL,0,20,27.90000
45.8480,910,10,30,0.03000,BL,0,13,27.69000
45.8480,910,10,30,0.03000,FR,0,5,27.45000
45.8480,910,10,30,0.03000,FR,1,35,28.35000
45.8480,910,10,30,0.03000,BR,0,28,28.14000
45.8560,910,10,30,0.03000,FL,0,20,27.90000
45.8560,910,10,30,0.03000,BL,0,13,27.69000
45.8560,910,10,30,0.03000,FR,0,5,27.45000
45.8560,910,10,30,0.03000,FR,1,35,28.35000
45.8560,910,10,30,0.03000,BR,0,28,28.14000
45.8660,910,10,30,0.03000,FL,0,20,27.90000
45.8660,910,10,30,0.03000,BL,0,13,27.69000
45.8660,910,10,30,0.03000,FR,0,5,27.45000
45.8660,910,10,30,0.03000,FR,1,35,28.35000
45.8660,910,10,30,0.03000,BR,0,28,28.14000
45.8780,911,11,30,0.03000,FL,0,19,27.90000
45.8780,911,11,30,0.03000,BL,0,12,27.69000
45.8780,911,11,30,0.03000,FR,0,4,27.45000
45.8780,911,11,30,0.03000,FR,1,34,28.35000
45.8780,911,11,30,0.03000,BR,0,27,28.14000
45.8880,911,11,30,0.03000,FL,0,19,27.90000
45.8880,911,11,30,0.03000,BL,0,12,27.69000
45.8880,911,11,30,0.03000,FR,0,4,27.45000
45.8880,911,11,30,0.03000,FR,1,34,28.35000
45.8880,911,11,30,0.03000,BR,0,27,28.14000
45.8980,911,11,30,0.03000,FL,0,19,27.90000
45.8980,911,11,30,0.03000,BL,0,12,27.69000
45.8980,911,11,30,0.03000,FR,0,4,27.45000
45.8980,911,11,30,0.03000,FR,1,34,28.35000
45.8980,911,11,30,0.03000,BR,0,27,28.14000
45.9060,912,12,30,0.03000,FL,0,18,27.90000
45.9060,912,12,30,0.03000,BL,0,11,27.69000
45.9060,912,12,30,0.03000,FR,0,3,27.45000
45.9060,912,12,30,0.03000,FR,1,33,28.35000
45.9060,912,12,30,0.03000,BR,0,26,28.14000
45.9160,912,12,30,0.03000,FL,0,18,27.90000
45.9160,912,12,30,0.03000,BL,0,11,27.69000
45.9160,912,12,30,0.03000,FR,0,3,27.45000
45.9160,912,12,30,0.03000,FR,1,33,28.35000
45.9160,912,12,30,0.03000,BR,0,26,28.14000
45.9260,912,12,30,0.03000,FL,0,18,27.90000
45.9260,912,12,30,0.03000,BL,0,11,27.69000
45.9260,912,12,30,0.03000,FR,0,3,27.45000
45.9260,912,12,30,0.03000,FR,1,33,28.35000
45.9260,912,12,30,0.03000,BR,0,26,28.14000
45.9380,913,13,30,0.03000,FL,0,17,27.90000
45.9380,913,13,30,0.03000,BL,0,10,27.69000
45.9380,913,13,30,0.03000,FR,0,2,27.45000
45.9380,913,13,30,0.03000,FR,1,32,28.35000
45.9380,913,13,30,0.03000,BR,0,25,28.14000
45.9480,913,13,30,0.03000,FL,0,17,27.90000
45.9480,913,13,30,0.03000,BL,0,10,27.69000
45.9480,913,13,30,0.03000,FR,0,2,27.45000
45.9480,913,13,30,0.03000,FR,1,32,28.35000
45.9480,913,13,30,0.03000,BR,0,25,28.14000
45.9580,913,13,30,0.03000,FL,0,17,27.90000
45.9580,913,13,30,0.03000,BL,0,10,27.69000
45.9580,913,13,30,0.03000,FR,0,2,27.45000
45.9580,913,13,30,0.03000,FR,1,32,28.35000
45.9580,913,13,30,0.03000,BR,0,25,28.14000
45.9680,914,14,30,0.03000,FL,0,16,27.90000
45.9680,914,14,30,0.03000,BL,0,9,27.69000
45.9680,914,14,30,0.03000,BL,1,39,28.59000
45.9680,914,14,30,0.03000,FR,0,1,27.45000
45.9680,914,14,30,0.03000,FR,1,31,28.35000
45.9680,914,14,30,0.03000,BR,0,24,28.14000
45.9800,914,14,30,0.03000,FL,0,16,27.90000
45.9800,914,14,30,0.03000,BL,0,9,27.69000
45.9800,914,14,30,0.03000,BL,1,39,28.59000
45.9800,914,14,30,0.03000,FR,0,1,27.45000
45.9800,914,14,30,0.03000,FR,1,31,28.35000
45.9800,914,14,30,0.03000,BR,0,24,28.14000
45.9900,914,14,30,0.03000,FL,0,16,27.90000
45.9900,914,14,30,0.03000,BL,0,9,27.69000
45.9900,914,14,30,0.03000,BL,1,39,28.59000
45.9900,914,14,30,0.03000,FR,0,1,27.45000
45.9900,914,14,30,0.03000,FR,1,31,28.35000
45.9900,914,14,30,0.03000,BR,0,24,28.14000
46.0000,915,15,30,0.03000,FL,0,15,27.90000
46.0000,915,15,30,0.03000,BL,0,8,27.69000
46.0000,915,15,30,0.03000,BL,1,38,28.59000
46.0000,915,15,30,0.03000,FR,0,30,28.35000
46.0000,915,15,30,0.03000,BR,0,23,28.14000
46.0200,915,15,30,0.03000,FL,0,15,27.90000
46.0200,915,15,30,0.03000,BL,0,8,27.69000
46.0200,915,15,30,0.03000,BL,1,38,28.59000
46.0200,915,15,30,0.03000,FR,0,30,28.35000
46.0200,915,15,30,0.03000,BR,0,23,28.14000
46.0300,916,16,30,0.03000,FL,0,14,27.90000
46.0300,916,16,30,0.03000,BL,0,7,27.69000
46.0300,916,16,30,0.03000,BL,1,37,28.59000
46.0300,916,16,30,0.03000,FR,0,29,28.35000
46.0300,916,16,30,0.03000,BR,0,22,28.14000
46.0400,916,16,30,0.03000,FL,0,14,27.90000
46.0400,916,16,30,0.03000,BL,0,7,27.69000
46.0400,916,16,30,0.03000,BL,1,37,28.59000
46.0400,916,16,30,0.03000,FR,0,29,28.35000
46.0400,916,16,30,0.03000,BR,0,22,28.14000
46.0480,916,16,30,0.03000,FL,0,14,27.90000
46.0480,916,16,30,0.03000,BL,0,7,27.69000
46.0480,916,16,30,0.03000,BL,1,37,28.59000
46.0480,916,16,30,0.03000,FR,0,29,28.35000
46.0480,916,16,30,0.03000,BR,0,22,28.14000
46.0580,917,17,30,0.03000,FL,0,13,27.90000
46.0580,917,17,30,0.03000,BL,0,6,27.69000
46.0580,917,17,30,0.03000,BL,1,36,28.59000
46.0580,917,17,30,0.03000,FR,0,28,28.35000
46.0580,917,17,30,0.03000,BR,0,21,28.14000
46.0680,917,17,30,0.03000,FL,0,13,27.90000
46.0680,917,17,30,0.03000,BL,0,6,27.69000
46.0680,917,17,30,0.03000,BL,1,36,28.59000
46.0680,917,17,30,0.03000,FR,0,28,28.35000
46.0680,917,17,30,0.03000,BR,0,21,28.14000
46.0760,917,17,30,0.03000,FL,0,13,27.90000
46.0760,917,17,30,0.03000,BL,0,6,27.69000
46.0760,917,17,30,0.03000,BL,1,36,28.59000
46.0760,917,17,30,0.03000,FR,0,28,28.35000
46.0760,917,17,30,0.03000,BR,0,21,28.14000
46.0840,918,18,30,0.03000,FL,0,12,27.90000
46.0840,918,18,30,0.03000,BL,0,5,27.69000
46.0840,918,18,30,0.03000,BL,1,35,28.59000
46.0840,918,18,30,0.03000,FR,0,27,28.35000
46.0840,918,18,30,0.03000,BR,0,20,28.14000
46.0940,918,18,30,0.03000,FL,0,12,27.90000
46.0940,918,18,30,0.03000,BL,0,5,27.69000
46.0940,918,18,30,0.03000,BL,1,35,28.59000
46.0940,918,18,30,0.03000,FR,0,27,28.35000
46.0940,918,18,30,0.03000,BR,0,20,28.14000
46.1040,918,18,30,0.03000,FL,0,12,27.90000
46.1040,918,18,30,0.03000,BL,0,5,27.69000
46.1040,918,18,30,0.03000,BL,1,35,28.59000
46.1040,918,18,30,0.03000,FR,0,27,28.35000
46.1040,918,18,30,0.03000,BR,0,20,28.14000
46.1140,919,19,30,0.03000,FL,0,11,27.90000
46.1140,919,19,30,0.03000,BL,0,4,27.69000
46.1140,919,19,30,0.03000,BL,1,34,28.59000
46.1140,919,19,30,0.03000,FR,0,26,28.35000
46.1140,919,19,30,0.03000,BR,0,19,28.14000
46.1220,919,19,30,0.03000,FL,0,11,27.90000
46.1220,919,19,30,0.03000,BL,0,4,27.69000
46.1220,919,19,30,0.03000,BL,1,34,28.59000
46.1220,919,19,30,0.03000,FR,0,26,28.35000
46.1220,919,19,30,0.03000,BR,0,19,28.14000
46.1320,919,19,30,0.03000,FL,0,11,27.90000
46.1320,919,19,30,0.03000,BL,0,4,27.69000
46.1320,919,19,30,0.03000,BL,1,34,28.59000
46.1320,919,19,30,0.03000,FR,0,26,28.35000
46.1320,919,19,30,0.03000,BR,0,19,28.14000
46.1400,919,19,30,0.03000,FL,0,11,27.90000
46.1400,919,19,30,0.03000,BL,0,4,27.69000
46.1400,919,19,30,0.03000,BL,1,34,28.59000
46.1400,919,19,30,0.03000,FR,0,26,28.35000
46.1400,919,19,30,0.03000,BR,0,19,28.14000
46.1500,920,20,30,0.03000,FL,0,10,27.90000
46.1500,920,20,30,0.03000,BL,0,3,27.69000
46.1500,920,20,30,0.03000,BL,1,33,28.59000
46.1500,920,20,30,0.03000,FR,0,25,28.35000
46.1500,920,20,30,0.03000,BR,0,18,28.14000
46.1620,920,20,30,0.03000,FL,0,10,27.90000
46.1620,920,20,30,0.03000,BL,0,3,27.69000
46.1620,920,20,30,0.03000,BL,1,33,28.59000
46.1620,920,20,30,0.03000,FR,0,25,28.35000
46.1620,920,20,30,0.03000,BR,0,18,28.14000
46.1700,920,20,30,0.03000,FL,0,10,27.90000
46.1700,920,20,30,0.03000,BL,0,3,27.69000
46.1700,920,20,30,0.03000,BL,1,33,28.59000
46.1700,920,20,30,0.03000,FR,0,25,28.35000
46.1700,920,20,30,0.03000,BR,0,18,28.14000
46.1800,921,21,30,0.03000,FL,0,9,27.90000
46.1800,921,21,30,0.03000,FL,1,39,28.80000
46.1800,921,21,30,0.03000,BL,0,2,27.69000
46.1800,921,21,30,0.03000,BL,1,32,28.59000
46.1800,921,21,30,0.03000,FR,0,24,28.35000
46.1800,921,21,30,0.03000,BR,0,17,28.14000
46.1900,921,21,30,0.03000,FL,0,9,27.90000
46.1900,921,21,30,0.03000,FL,1,39,28.80000
46.1900,921,21,30,0.03000,BL,0,2,27.69000
46.1900,921,21,30,0.03000,BL,1,32,28.59000
46.1900,921,21,30,0.03000,FR,0,24,28.35000
46.1900,921,21,30,0.03000,BR,0,17,28.14000
46.2000,921,21,30,0.03000,FL,0,9,27.90000
46.2000,921,21,30,0.03000,FL,1,39,28.80000
46.2000,921,21,30,0.03000,BL,0,2,27.69000
46.2000,921,21,30,0.03000,BL,1,32,28.59000
46.2000,921,21,30,0.03000,FR,0,24,28.35000
46.2000,921,21,30,0.03000,BR,0,17,28.14000
46.2120,922,22,30,0.03000,FL,0,8,27.90000
46.2120,922,22,30,0.03000,FL,1,38,28.80000
46.2120,922,22,30,0.03000,BL,0,1,27.69000
46.2120,922,22,30,0.03000,BL,1,31,28.59000
46.2120,922,22,30,0.03000,FR,0,23,28.35000
46.2120,922,22,30,0.03000,BR,0,16,28.14000
46.2380,923,23,30,0.03000,FL,0,7,27.90000
46.2380,923,23,30,0.03000,FL,1,37,28.80000
46.2380,923,23,30,0.03000,BL,0,30,28.59000
46.2380,923,23,30,0.03000,FR,0,22,28.35000
46.2380,923,23,30,0.03000,BR,0,15,28.14000
46.2540,923,23,30,0.03000,FL,0,7,27.90000
46.2540,923,23,30,0.03000,FL,1,37,28.80000
46.2540,923,23,30,0.03000,BL,0,30,28.59000
46.2540,923,23,30,0.03000,FR,0,22,28.35000
46.2540,923,23,30,0.03000,BR,0,15,28.14000
46.2700,924,24,30,0.03000,FL,0,6,27.90000
46.2700,924,24,30,0.03000,FL,1,36,28.80000
46.2700,924,24,30,0.03000,BL,0,29,28.59000
46.2700,924,24,30,0.03000,FR,0,21,28.35000
46.2700,924,24,30,0.03000,BR,0,14,28.14000
46.2780,924,24,30,0.03000,FL,0,6,27.90000
46.2780,924,24,30,0.03000,FL,1,36,28.80000
46.2780,924,24,30,0.03000,BL,0,29,28.59000
46.2780,924,24,30,0.03000,FR,0,21,28.35000
46.2780,924,24,30,0.03000,BR,0,14,28.14000
46.2940,925,25,30,0.03000,FL,0,5,27.90000
46.2940,925,25,30,0.03000,FL,1,35,28.80000
46.2940,925,25,30,0.03000,BL,0,28,28.59000
46.2940,925,25,30,0.03000,FR,0,20,28.35000
46.2940,925,25,30,0.03000,BR,0,13,28.14000
46.3080,925,25,30,0.03000,FL,0,5,27.90000
46.3080,925,25,30,0.03000,FL,1,35,28.80000
46.3080,925,25,30,0.03000,BL,0,28,28.59000
46.3080,925,25,30,0.03000,FR,0,20,28.35000
46.3080,925,25,30,0.03000,BR,0,13,28.14000
46.3240,926,26,30,0.03000,FL,0,4,27.90000
46.3240,926,26,30,0.03000,FL,1,34,28.80000
46.3240,926,26,30,0.03000,BL,0,27,28.59000
46.3240,926,26,30,0.03000,FR,0,19,28.35000
46.3240,926,26,30,0.03000,BR,0,12,28.14000
46.3340,926,26,30,0.03000,FL,0,4,27.90000
46.3340,926,26,30,0.03000,FL,1,34,28.80000
46.3340,926,26,30,0.03000,BL,0,27,28.59000
46.3340,926,26,30,0.03000,FR,0,19,28.35000
46.3340,926,26,30,0.03000,BR,0,12,28.14000
46.3440,926,26,30,0.03000,FL,0,4,27.90000
46.3440,926,26,30,0.03000,FL,1,34,28.80000
46.3440,926,26,30,0.03000,BL,0,27,28.59000
46.3440,926,26,30,0.03000,FR,0,19,28.35000
46.3440,926,26,30,0.03000,BR,0,12,28.14000
46.3580,927,27,30,0.03000,FL,0,3,27.90000
46.3580,927,27,30,0.03000,FL,1,33,28.80000
46.3580,927,27,30,0.03000,BL,0,26,28.59000
46.3580,927,27,30,0.03000,FR,0,18,28.35000
46.3580,927,27,30,0.03000,BR,0,11,28.14000
46.3680,927,27,30,0.03000,FL,0,3,27.90000
46.3680,927,27,30,0.03000,FL,1,33,28.80000
46.3680,927,27,30,0.03000,BL,0,26,28.59000
46.3680,927,27,30,0.03000,FR,0,18,28.35000
46.3680,927,27,30,0.03000,BR,0,11,28.14000
46.3780,927,27,30,0.03000,FL,0,3,27.90000
46.3780,927,27,30,0.03000,FL,1,33,28.80000
46.3780,927,27,30,0.03000,BL,0,26,28.59000
46.3780,927,27,30,0.03000,FR,0,18,28.35000
46.3780,927,27,30,0.03000,BR,0,11,28.14000
46.3860,928,28,30,0.03000,FL,0,2,27.90000
46.3860,928,28,30,0.03000,FL,1,32,28.80000
46.3860,928,28,30,0.03000,BL,0,25,28.59000
46.3860,928,28,30,0.03000,FR,0,17,28.35000
46.3860,928,28,30,0.03000,BR,0,10,28.14000
46.3960,928,28,30,0.03000,FL,0,2,27.90000
46.3960,928,28,30,0.03000,FL,1,32,28.80000
46.3960,928,28,30,0.03000,BL,0,25,28.59000
46.3960,928,28,30,0.03000,FR,0,17,28.35000
46.3960,928,28,30,0.03000,BR,0,10,28.14000
46.4040,928,28,30,0.03000,FL,0,2,27.90000
46.4040,928,28,30,0.03000,FL,1,32,28.80000
46.4040,928,28,30,0.03000,BL,0,25,28.59000
46.4040,928,28,30,0.03000,FR,0,17,28.35000
46.4040,928,28,30,0.03000,BR,0,10,28.14000
46.4140,929,29,30,0.03000,FL,0,1,27.90000
46.4140,929,29,30,0.03000,FL,1,31,28.80000
46.4140,929,29,30,0.03000,BL,0,24,28.59000
46.4140,929,29,30,0.03000,FR,0,16,28.35000
46.4140,929,29,30,0.03000,BR,0,9,28.14000
46.4140,929,29,30,0.03000,BR,1,39,29.04000
46.4240,929,29,30,0.03000,FL,0,1,27.90000
46.4240,929,29,30,0.03000,FL,1,31,28.80000
46.4240,929,29,30,0.03000,BL,0,24,28.59000
46.4240,929,29,30,0.03000,FR,0,16,28.35000
46.4240,929,29,30,0.03000,BR,0,9,28.14000
46.4240,929,29,30,0.03000,BR,1,39,29.04000
46.4340,929,29,30,0.03000,FL,0,1,27.90000
46.4340,929,29,30,0.03000,FL,1,31,28.80000
46.4340,929,29,30,0.03000,BL,0,24,28.59000
46.4340,929,29,30,0.03000,FR,0,16,28.35000
46.4340,929,29,30,0.03000,BR,0,9,28.14000
46.4340,929,29,30,0.03000,BR,1,39,29.04000
46.4480,930,0,30,0.03000,FL,0,30,28.80000
46.4480,930,0,30,0.03000,BL,0,23,28.59000
46.4480,930,0,30,0.03000,FR,0,15,28.35000
46.4480,930,0,30,0.03000,BR,0,8,28.14000
46.4480,930,0,30,0.03000,BR,1,38,29.04000
46.4680,930,0,30,0.03000,FL,0,30,28.80000
46.4680,930,0,30,0.03000,BL,0,23,28.59000
46.4680,930,0,30,0.03000,FR,0,15,28.35000
46.4680,930,0,30,0.03000,BR,0,8,28.14000
46.4680,930,0,30,0.03000,BR,1,38,29.04000
46.4780,931,1,30,0.03000,FL,0,29,28.80000
46.4780,931,1,30,0.03000,BL,0,22,28.59000
46.4780,931,1,30,0.03000,FR,0,14,28.35000
46.4780,931,1,30,0.03000,BR,0,7,28.14000
46.4780,931,1,30,0.03000,BR,1,37,29.04000
46.4860,931,1,30,0.03000,FL,0,29,28.80000
46.4860,931,1,30,0.03000,BL,0,22,28.59000
46.4860,931,1,30,0.03000,FR,0,14,28.35000
46.4860,931,1,30,0.03000,BR,0,7,28.14000
46.4860,931,1,30,0.03000,BR,1,37,29.04000
46.4960,931,1,30,0.03000,FL,0,29,28.80000
46.4960,931,1,30,0.03000,BL,0,22,28.59000
46.4960,931,1,30,0.03000,FR,0,14,28.35000
46.4960,931,1,30,0.03000,BR,0,7,28.14000
46.4960,931,1,30,0.03000,BR,1,37,29.04000
46.5060,932,2,30,0.03000,FL,0,28,28.80000
46.5060,932,2,30,0.03000,BL,0,21,28.59000
46.5060,932,2,30,0.03000,FR,0,13,28.35000
46.5060,932,2,30,0.03000,BR,0,6,28.14000
46.5060,932,2,30,0.03000,BR,1,36,29.04000
46.5140,932,2,30,0.03000,FL,0,28,28.80000
46.5140,932,2,30,0.03000,BL,0,21,28.59000
46.5140,932,2,30,0.03000,FR,0,13,28.35000
46.5140,932,2,30,0.03000,BR,0,6,28.14000
46.5140,932,2,30,0.03000,BR,1,36,29.04000
46.5240,932,2,30,0.03000,FL,0,28,28.80000
46.5240,932,2,30,0.03000,BL,0,21,28.59000
46.5240,932,2,30,0.03000,FR,0,13,28.35000
46.5240,932,2,30,0.03000,BR,0,6,28.14000
46.5240,932,2,30,0.03000,BR,1,36,29.04000
46.5340,933,3,30,0.03000,FL,0,27,28.80000
46.5340,933,3,30,0.03000,BL,0,20,28.59000
46.5340,933,3,30,0.03000,FR,0,12,28.35000
46.5340,933,3,30,0.03000,BR,0,5,28.14000
46.5340,933,3,30,0.03000,BR,1,35,29.04000
46.5420,933,3,30,0.03000,FL,0,27,28.80000
46.5420,933,3,30,0.03000,BL,0,20,28.59000
46.5420,933,3,30,0.03000,FR,0,12,28.35000
46.5420,933,3,30,0.03000,BR,0,5,28.14000
46.5420,933,3,30,0.03000,BR,1,35,29.04000
46.5500,933,3,30,0.03000,FL,0,27,28.80000
46.5500,933,3,30,0.03000,BL,0,20,28.59000
46.5500,933,3,30,0.03000,FR,0,12,28.35000
46.5500,933,3,30,0.03000,BR,0,5,28.14000
46.5500,933,3,30,0.03000,BR,1,35,29.04000
46.5600,933,3,30,0.03000,FL,0,27,28.80000
46.5600,933,3,30,0.03000,BL,0,20,28.59000
46.5600,933,3,30,0.03000,FR,0,12,28.35000
46.5600,933,3,30,0.03000,BR,0,5,28.14000
46.5600,933,3,30,0.03000,BR,1,35,29.04000
46.5700,934,4,30,0.03000,FL,0,26,28.80000
46.5700,934,4,30,0.03000,BL,0,19,28.59000
46.5700,934,4,30,0.03000,FR,0,11,28.35000
46.5700,934,4,30,0.03000,BR,0,4,28.14000
46.5700,934,4,30,0.03000,BR,1,34,29.04000
46.5800,934,4,30,0.03000,FL,0,26,28.80000
46.5800,934,4,30,0.03000,BL,0,19,28.59000
46.5800,934,4,30,0.03000,FR,0,11,28.35000
46.5800,934,4,30,0.03000,BR,0,4,28.14000
46.5800,934,4,30,0.03000,BR,1,34,29.04000
46.5900,934,4,30,0.03000,FL,0,26,28.80000
46.5900,934,4,30,0.03000,BL,0,19,28.59000
46.5900,934,4,30,0.03000,FR,0,11,28.35000
46.5900,934,4,30,0.03000,BR,0,4,28.14000
46.5900,934,4,30,0.03000,BR,1,34,29.04000
46.6000,935,5,30,0.03000,FL,0,25,28.80000
46.6000,935,5,30,0.03000,BL,0,18,28.59000
46.6000,935,5,30,0.03000,FR,0,10,28.35000
46.6000,935,5,30,0.03000,BR,0,3,28.14000
46.6000,935,5,30,0.03000,BR,1,33,29.04000
46.6100,935,5,30,0.03000,FL,0,25,28.80000
46.6100,935,5,30,0.03000,BL,0,18,28.59000
46.6100,935,5,30,0.03000,FR,0,10,28.35000
46.6100,935,5,30,0.03000,BR,0,3,28.14000
46.6100,935,5,30,0.03000,BR,1,33,29.04000
46.6200,935,5,30,0.03000,FL,0,25,28.80000
46.6200,935,5,30,0.03000,BL,0,18,28.59000
46.6200,935,5,30,0.03000,FR,0,10,28.35000
46.6200,935,5,30,0.03000,BR,0,3,28.14000
46.6200,935,5,30,0.03000,BR,1,33,29.04000
46.6300,936,6,30,0.03000,FL,0,24,28.80000
46.6300,936,6,30,0.03000,BL,0,17,28.59000
46.6300,936,6,30,0.03000,FR,0,9,28.35000
46.6300,936,6,30,0.03000,FR,1,39,29.25000
46.6300,936,6,30,0.03000,BR,0,2,28.14000
46.6300,936,6,30,0.03000,BR,1,32,29.04000
46.6400,936,6,30,0.03000,FL,0,24,28.80000
46.6400,936,6,30,0.03000,BL,0,17,28.59000
46.6400,936,6,30,0.03000,FR,0,9,28.35000
46.6400,936,6,30,0.03000,FR,1,39,29.25000
46.6400,936,6,30,0.03000,BR,0,2,28.14000
46.6400,936,6,30,0.03000,BR,1,32,29.04000
46.6480,936,6,30,0.03000,FL,0,24,28.80000
46.6480,936,6,30,0.03000,BL,0,17,28.59000
46.6480,936,6,30,0.03000,FR,0,9,28.35000
46.6480,936,6,30,0.03000,FR,1,39,29.25000
46.6480,936,6,30,0.03000,BR,0,2,28.14000
46.6480,936,6,30,0.03000,BR,1,32,29.04000
46.6580,937,7,30,0.03000,FL,0,23,28.80000
46.6580,937,7,30,0.03000,BL,0,16,28.59000
46.6580,937,7,30,0.03000,FR,0,8,28.35000
46.6580,937,7,30,0.03000,FR,1,38,29.25000
46.6580,937,7,30,0.03000,BR,0,1,28.14000
46.6580,937,7,30,0.03000,BR,1,31,29.04000
46.6780,937,7,30,0.03000,FL,0,23,28.80000
46.6780,937,7,30,0.03000,BL,0,16,28.59000
46.6780,937,7,30,0.03000,FR,0,8,28.35000
46.6780,937,7,30,0.03000,FR,1,38,29.25000
46.6780,937,7,30,0.03000,BR,0,1,28.14000
46.6780,937,7,30,0.03000,BR,1,31,29.04000
46.6880,938,8,30,0.03000,FL,0,22,28.80000
46.6880,938,8,30,0.03000,BL,0,15,28.59000
46.6880,938,8,30,0.03000,FR,0,7,28.35000
46.6880,938,8,30,0.03000,FR,1,37,29.25000
46.6880,938,8,30,0.03000,BR,0,30,29.04000
46.6960,938,8,30,0.03000,FL,0,22,28.80000
46.6960,938,8,30,0.03000,BL,0,15,28.59000
46.6960,938,8,30,0.03000,FR,0,7,28.35000
46.6960,938,8,30,0.03000,FR,1,37,29.25000
46.6960,938,8,30,0.03000,BR,0,30,29.04000
46.7060,938,8,30,0.03000,FL,0,22,28.80000
46.7060,938,8,30,0.03000,BL,0,15,28.59000
46.7060,938,8,30,0.03000,FR,0,7,28.35000
46.7060,938,8,30,0.03000,FR,1,37,29.25000
46.7060,938,8,30,0.03000,BR,0,30,29.04000
46.7160,939,9,30,0.03000,FL,0,21,28.80000
46.7160,939,9,30,0.03000,BL,0,14,28.59000
46.7160,939,9,30,0.03000,FR,0,6,28.35000
46.7160,939,9,30,0.03000,FR,1,36,29.25000
46.7160,939,9,30,0.03000,BR,0,29,29.04000
46.7260,939,9,30,0.03000,FL,0,21,28.80000
46.7260,939,9,30,0.03000,BL,0,14,28.59000
46.7260,939,9,30,0.03000,FR,0,6,28.35000
46.7260,939,9,30,0.03000,FR,1,36,29.25000
46.7260,939,9,30,0.03000,BR,0,29,29.04000
46.7360,939,9,30,0.03000,FL,0,21,28.80000
46.7360,939,9,30,0.03000,BL,0,14,28.59000
46.7360,939,9,30,0.03000,FR,0,6,28.35000
46.7360,939,9,30,0.03000,FR,1,36,29.25000
46.7360,939,9,30,0.03000,BR,0,29,29.04000
46.7520,940,10,30,0.03000,FL,0,20,28.80000
46.7520,940,10,30,0.03000,BL,0,13,28.59000
46.7520,940,10,30,0.03000,FR,0,5,28.35000
46.7520,940,10,30,0.03000,FR,1,35,29.25000
46.7520,940,10,30,0.03000,BR,0,28,29.04000
46.7640,940,10,30,0.03000,FL,0,20,28.80000
46.7640,940,10,30,0.03000,BL,0,13,28.59000
46.7640,940,10,30,0.03000,FR,0,5,28.35000
46.7640,940,10,30,0.03000,FR,1,35,29.25000
46.7640,940,10,30,0.03000,BR,0,28,29.04000
46.7860,941,11,30,0.03000,FL,0,19,28.80000
46.7860,941,11,30,0.03000,BL,0,12,28.59000
46.7860,941,11,30,0.03000,FR,0,4,28.35000
46.7860,941,11,30,0.03000,FR,1,34,29.25000
46.7860,941,11,30,0.03000,BR,0,27,29.04000
46.8060,942,12,30,0.03000,FL,0,18,28.80000
46.8060,942,12,30,0.03000,BL,0,11,28.59000
46.8060,942,12,30,0.03000,FR,0,3,28.35000
46.8060,942,12,30,0.03000,FR,1,33,29.25000
46.8060,942,12,30,0.03000,BR,0,26,29.04000
46.8220,942,12,30,0.03000,FL,0,18,28.80000
46.8220,942,12,30,0.03000,BL,0,11,28.59000
46.8220,942,12,30,0.03000,FR,0,3,28.35000
46.8220,942,12,30,0.03000,FR,1,33,29.25000
46.8220,942,12,30,0.03000,BR,0,26,29.04000
46.8320,942,12,30,0.03000,FL,0,18,28.80000
46.8320,942,12,30,0.03000,BL,0,11,28.59000
46.8320,942,12,30,0.03000,FR,0,3,28.35000
46.8320,942,12,30,0.03000,FR,1,33,29.25000
46.8320,942,12,30,0.03000,BR,0,26,29.04000
46.8460,943,13,30,0.03000,FL,0,17,28.80000
46.8460,943,13,30,0.03000,BL,0,10,28.59000
46.8460,943,13,30,0.03000,FR,0,2,28.35000
46.8460,943,13,30,0.03000,FR,1,32,29.25000
46.8460,943,13,30,0.03000,BR,0,25,29.04000
46.8600,943,13,30,0.03000,FL,0,17,28.80000
46.8600,943,13,30,0.03000,BL,0,10,28.59000
46.8600,943,13,30,0.03000,FR,0,2,28.35000
46.8600,943,13,30,0.03000,FR,1,32,29.25000
46.8600,943,13,30,0.03000,BR,0,25,29.04000
46.8720,944,14,30,0.03000,FL,0,16,28.80000
46.8720,944,14,30,0.03000,BL,0,9,28.59000
46.8720,944,14,30,0.03000,BL,1,39,29.49000
46.8720,944,14,30,0.03000,FR,0,1,28.35000
46.8720,944,14,30,0.03000,FR,1,31,29.25000
46.8720,944,14,30,0.03000,BR,0,24,29.04000
46.8800,944,14,30,0.03000,FL,0,16,28.80000
46.8800,944,14,30,0.03000,BL,0,9,28.59000
46.8800,944,14,30,0.03000,BL,1,39,29.49000
46.8800,944,14,30,0.03000,FR,0,1,28.35000
46.8800,944,14,30,0.03000,FR,1,31,29.25000
46.8800,944,14,30,0.03000,BR,0,24,29.04000
46.8900,944,14,30,0.03000,FL,0,16,28.80000
46.8900,944,14,30,0.03000,BL,0,9,28.59000
46.8900,944,14,30,0.03000,BL,1,39,29.49000
46.8900,944,14,30,0.03000,FR,0,1,28.35000
46.8900,944,14,30,0.03000,FR,1,31,29.25000
46.8900,944,14,30,0.03000,BR,0,24,29.04000
46.9000,945,15,30,0.03000,FL,0,15,28.80000
46.9000,945,15,30,0.03000,BL,0,8,28.59000
46.9000,945,15,30,0.03000,BL,1,38,29.49000
46.9000,945,15,30,0.03000,FR,0,30,29.25000
46.9000,945,15,30,0.03000,BR,0,23,29.04000
46.9180,945,15,30,0.03000,FL,0,15,28.80000
46.9180,945,15,30,0.03000,BL,0,8,28.59000
46.9180,945,15,30,0.03000,BL,1,38,29.49000
46.9180,945,15,30,0.03000,FR,0,30,29.25000
46.9180,945,15,30,0.03000,BR,0,23,29.04000
46.9260,946,16,30,0.03000,FL,0,14,28.80000
46.9260,946,16,30,0.03000,BL,0,7,28.59000
46.9260,946,16,30,0.03000,BL,1,37,29.49000
46.9260,946,16,30,0.03000,FR,0,29,29.25000
46.9260,946,16,30,0.03000,BR,0,22,29.04000
46.9380,946,16,30,0.03000,FL,0,14,28.80000
46.9380,946,16,30,0.03000,BL,0,7,28.59000
46.9380,946,16,30,0.03000,BL,1,37,29.49000
46.9380,946,16,30,0.03000,FR,0,29,29.25000
46.9380,946,16,30,0.03000,BR,0,22,29.04000
46.9460,946,16,30,0.03000,FL,0,14,28.80000
46.9460,946,16,30,0.03000,BL,0,7,28.59000
46.9460,946,16,30,0.03000,BL,1,37,29.49000
46.9460,946,16,30,0.03000,FR,0,29,29.25000
46.9460,946,16,30,0.03000,BR,0,22,29.04000
46.9560,947,17,30,0.03000,FL,0,13,28.80000
46.9560,947,17,30,0.03000,BL,0,6,28.59000
46.9560,947,17,30,0.03000,BL,1,36,29.49000
46.9560,947,17,30,0.03000,FR,0,28,29.25000
46.9560,947,17,30,0.03000,BR,0,21,29.04000
46.9640,947,17,30,0.03000,FL,0,13,28.80000
46.9640,947,17,30,0.03000,BL,0,6,28.59000
46.9640,947,17,30,0.03000,BL,1,36,29.49000
46.9640,947,17,30,0.03000,FR,0,28,29.25000
46.9640,947,17,30,0.03000,BR,0,21,29.04000
46.9740,947,17,30,0.03000,FL,0,13,28.80000
46.9740,947,17,30,0.03000,BL,0,6,28.59000
46.9740,947,17,30,0.03000,BL,1,36,29.49000
46.9740,947,17,30,0.03000,FR,0,28,29.25000
46.9740,947,17,30,0.03000,BR,0,21,29.04000
46.9820,947,17,30,0.03000,FL,0,13,28.80000
46.9820,947,17,30,0.03000,BL,0,6,28.59000
46.9820,947,17,30,0.03000,BL,1,36,29.49000
46.9820,947,17,30,0.03000,FR,0,28,29.25000
46.9820,947,17,30,0.03000,BR,0,21,29.04000
46.9920,948,18,30,0.03000,FL,0,12,28.80000
46.9920,948,18,30,0.03000,BL,0,5,28.59000
46.9920,948,18,30,0.03000,BL,1,35,29.49000
46.9920,948,18,30,0.03000,FR,0,27,29.25000
46.9920,948,18,30,0.03000,BR,0,20,29.04000
47.0020,948,18,30,0.03000,FL,0,12,28.80000
47.0020,948,18,30,0.03000,BL,0,5,28.59000
47.0020,948,18,30,0.03000,BL,1,35,29.49000
47.0020,948,18,30,0.03000,FR,0,27,29.25000
47.0020,948,18,30,0.03000,BR,0,20,29.04000
47.0120,948,18,30,0.03000,FL,0,12,28.80000
47.0120,948,18,30,0.03000,BL,0,5,28.59000
47.0120,948,18,30,0.03000,BL,1,35,29.49000
47.0120,948,18,30,0.03000,FR,0,27,29.25000
47.0120,948,18,30,0.03000,BR,0,20,29.04000
47.0200,949,19,30,0.03000,FL,0,11,28.80000
47.0200,949,19,30,0.03000,BL,0,4,28.59000
47.0200,949,19,30,0.03000,BL,1,34,29.49000
47.0200,949,19,30,0.03000,FR,0,26,29.25000
47.0200,949,19,30,0.03000,BR,0,19,29.04000
47.0280,949,19,30,0.03000,FL,0,11,28.80000
47.0280,949,19,30,0.03000,BL,0,4,28.59000
47.0280,949,19,30,0.03000,BL,1,34,29.49000
47.0280,949,19,30,0.03000,FR,0,26,29.25000
47.0280,949,19,30,0.03000,BR,0,19,29.04000
47.0380,949,19,30,0.03000,FL,0,11,28.80000
47.0380,949,19,30,0.03000,BL,0,4,28.59000
47.0380,949,19,30,0.03000,BL,1,34,29.49000
47.0380,949,19,30,0.03000,FR,0,26,29.25000
47.0380,949,19,30,0.03000,BR,0,19,29.04000
47.0480,950,20,30,0.03000,FL,0,10,28.80000
47.0480,950,20,30,0.03000,BL,0,3,28.59000
47.0480,950,20,30,0.03000,BL,1,33,29.49000
47.0480,950,20,30,0.03000,FR,0,25,29.25000
47.0480,950,20,30,0.03000,BR,0,18,29.04000
47.0560,950,20,30,0.03000,FL,0,10,28.80000
47.0560,950,20,30,0.03000,BL,0,3,28.59000
47.0560,950,20,30,0.03000,BL,1,33,29.49000
47.0560,950,20,30,0.03000,FR,0,25,29.25000
47.0560,950,20,30,0.03000,BR,0,18,29.04000
47.0680,950,20,30,0.03000,FL,0,10,28.80000
47.0680,950,20,30,0.03000,BL,0,3,28.59000
47.0680,950,20,30,0.03000,BL,1,33,29.49000
47.0680,950,20,30,0.03000,FR,0,25,29.25000
47.0680,950,20,30,0.03000,BR,0,18,29.04000
47.0760,951,21,30,0.03000,FL,0,9,28.80000
47.0760,951,21,30,0.03000,FL,1,39,29.70000
47.0760,951,21,30,0.03000,BL,0,2,28.59000
47.0760,951,21,30,0.03000,BL,1,32,29.49000
47.0760,951,21,30,0.03000,FR,0,24,29.25000
47.0760,951,21,30,0.03000,BR,0,17,29.04000
47.0860,951,21,30,0.03000,FL,0,9,28.80000
47.0860,951,21,30,0.03000,FL,1,39,29.70000
47.0860,951,21,30,0.03000,BL,0,2,28.59000
47.0860,951,21,30,0.03000,BL,1,32,29.49000
47.0860,951,21,30,0.03000,FR,0,24,29.25000
47.0860,951,21,30,0.03000,BR,0,17,29.04000
47.0960,951,21,30,0.03000,FL,0,9,28.80000
47.0960,951,21,30,0.03000,FL,1,39,29.70000
47.0960,951,21,30,0.03000,BL,0,2,28.59000
47.0960,951,21,30,0.03000,BL,1,32,29.49000
47.0960,951,21,30,0.03000,FR,0,24,29.25000
47.0960,951,21,30,0.03000,BR,0,17,29.04000
47.1040,952,22,30,0.03000,FL,0,8,28.80000
47.1040,952,22,30,0.03000,FL,1,38,29.70000
47.1040,952,22,30,0.03000,BL,0,1,28.59000
47.1040,952,22,30,0.03000,BL,1,31,29.49000
47.1040,952,22,30,0.03000,FR,0,23,29.25000
47.1040,952,22,30,0.03000,BR,0,16,29.04000
47.1240,952,22,30,0.03000,FL,0,8,28.80000
47.1240,952,22,30,0.03000,FL,1,38,29.70000
47.1240,952,22,30,0.03000,BL,0,1,28.59000
47.1240,952,22,30,0.03000,BL,1,31,29.49000
47.1240,952,22,30,0.03000,FR,0,23,29.25000
47.1240,952,22,30,0.03000,BR,0,16,29.04000
47.1340,953,23,30,0.03000,FL,0,7,28.80000
47.1340,953,23,30,0.03000,FL,1,37,29.70000
47.1340,953,23,30,0.03000,BL,0,30,29.49000
47.1340,953,23,30,0.03000,FR,0,22,29.25000
47.1340,953,23,30,0.03000,BR,0,15,29.04000
47.1420,953,23,30,0.03000,FL,0,7,28.80000
47.1420,953,23,30,0.03000,FL,1,37,29.70000
47.1420,953,23,30,0.03000,BL,0,30,29.49000
47.1420,953,23,30,0.03000,FR,0,22,29.25000
47.1420,953,23,30,0.03000,BR,0,15,29.04000
47.1520,953,23,30,0.03000,FL,0,7,28.80000
47.1520,953,23,30,0.03000,FL,1,37,29.70000
47.1520,953,23,30,0.03000,BL,0,30,29.49000
47.1520,953,23,30,0.03000,FR,0,22,29.25000
47.1520,953,23,30,0.03000,BR,0,15,29.04000
47.1620,953,23,30,0.03000,FL,0,7,28.80000
47.1620,953,23,30,0.03000,FL,1,37,29.70000
47.1620,953,23,30,0.03000,BL,0,30,29.49000
47.1620,953,23,30,0.03000,FR,0,22,29.25000
47.1620,953,23,30,0.03000,BR,0,15,29.04000
47.1720,954,24,30,0.03000,FL,0,6,28.80000
47.1720,954,24,30,0.03000,FL,1,36,29.70000
47.1720,954,24,30,0.03000,BL,0,29,29.49000
47.1720,954,24,30,0.03000,FR,0,21,29.25000
47.1720,954,24,30,0.03000,BR,0,14,29.04000
47.1800,954,24,30,0.03000,FL,0,6,28.80000
47.1820,954,24,30,0.03000,FL,1,36,29.70000
47.1820,954,24,30,0.03000,BL,0,29,29.49000
47.1820,954,24,30,0.03000,FR,0,21,29.25000
47.1820,954,24,30,0.03000,BR,0,14,29.04000
47.1900,954,24,30,0.03000,FL,0,6,28.80000
47.1900,954,24,30,0.03000,FL,1,36,29.70000
47.1900,954,24,30,0.03000,BL,0,29,29.49000
47.1900,954,24,30,0.03000,FR,0,21,29.25000
47.1900,954,24,30,0.03000,BR,0,14,29.04000
47.2020,955,25,30,0.03000,FL,0,5,28.80000
47.2020,955,25,30,0.03000,FL,1,35,29.70000
47.2020,955,25,30,0.03000,BL,0,28,29.49000
47.2020,955,25,30,0.03000,FR,0,20,29.25000
47.2020,955,25,30,0.03000,BR,0,13,29.04000
47.2100,955,25,30,0.03000,FL,0,5,28.80000
47.2100,955,25,30,0.03000,FL,1,35,29.70000
47.2100,955,25,30,0.03000,BL,0,28,29.49000
47.2100,955,25,30,0.03000,FR,0,20,29.25000
47.2100,955,25,30,0.03000,BR,0,13,29.04000
47.2200,955,25,30,0.03000,FL,0,5,28.80000
47.2200,955,25,30,0.03000,FL,1,35,29.70000
47.2200,955,25,30,0.03000,BL,0,28,29.49000
47.2200,955,25,30,0.03000,FR,0,20,29.25000
47.2200,955,25,30,0.03000,BR,0,13,29.04000
47.2280,956,26,30,0.03000,FL,0,4,28.80000
47.2280,956,26,30,0.03000,FL,1,34,29.70000
47.2280,956,26,30,0.03000,BL,0,27,29.49000
47.2280,956,26,30,0.03000,FR,0,19,29.25000
47.2280,956,26,30,0.03000,BR,0,12,29.04000
47.2380,956,26,30,0.03000,FL,0,4,28.80000
47.2380,956,26,30,0.03000,FL,1,34,29.70000
47.2380,956,26,30,0.03000,BL,0,27,29.49000
47.2380,956,26,30,0.03000,FR,0,19,29.25000
47.2380,956,26,30,0.03000,BR,0,12,29.04000
47.2480,956,26,30,0.03000,FL,0,4,28.80000
47.2480,956,26,30,0.03000,FL,1,34,29.70000
47.2480,956,26,30,0.03000,BL,0,27,29.49000
47.2480,956,26,30,0.03000,FR,0,19,29.25000
47.2480,956,26,30,0.03000,BR,0,12,29.04000
47.2560,957,27,30,0.03000,FL,0,3,28.80000
47.2560,957,27,30,0.03000,FL,1,33,29.70000
47.2560,957,27,30,0.03000,BL,0,26,29.49000
47.2560,957,27,30,0.03000,FR,0,18,29.25000
47.2560,957,27,30,0.03000,BR,0,11,29.04000
47.2680,957,27,30,0.03000,FL,0,3,28.80000
47.2680,957,27,30,0.03000,FL,1,33,29.70000
47.2680,957,27,30,0.03000,BL,0,26,29.49000
47.2680,957,27,30,0.03000,FR,0,18,29.25000
47.2680,957,27,30,0.03000,BR,0,11,29.04000
47.2760,957,27,30,0.03000,FL,0,3,28.80000
47.2760,957,27,30,0.03000,FL,1,33,29.70000
47.2760,957,27,30,0.03000,BL,0,26,29.49000
47.2760,957,27,30,0.03000,FR,0,18,29.25000
47.2760,957,27,30,0.03000,BR,0,11,29.04000
47.2840,958,28,30,0.03000,FL,0,2,28.80000
47.2840,958,28,30,0.03000,FL,1,32,29.70000
47.2840,958,28,30,0.03000,BL,0,25,29.49000
47.2840,958,28,30,0.03000,FR,0,17,29.25000
47.2840,958,28,30,0.03000,BR,0,10,29.04000
47.2940,958,28,30,0.03000,FL,0,2,28.80000
47.2940,958,28,30,0.03000,FL,1,32,29.70000
47.2940,958,28,30,0.03000,BL,0,25,29.49000
47.2940,958,28,30,0.03000,FR,0,17,29.25000
47.2940,958,28,30,0.03000,BR,0,10,29.04000
47.3040,958,28,30,0.03000,FL,0,2,28.80000
47.3040,958,28,30,0.03000,FL,1,32,29.70000
47.3040,958,28,30,0.03000,BL,0,25,29.49000
47.3040,958,28,30,0.03000,FR,0,17,29.25000
47.3040,958,28,30,0.03000,BR,0,10,29.04000
47.3120,958,28,30,0.03000,FL,0,2,28.80000
47.3120,958,28,30,0.03000,FL,1,32,29.70000
47.3120,958,28,30,0.03000,BL,0,25,29.49000
47.3120,958,28,30,0.03000,FR,0,17,29.25000
47.3120,958,28,30,0.03000,BR,0,10,29.04000
47.3220,959,29,30,0.03000,FL,0,1,28.80000
47.3220,959,29,30,0.03000,FL,1,31,29.70000
47.3220,959,29,30,0.03000,BL,0,24,29.49000
47.3220,959,29,30,0.03000,FR,0,16,29.25000
47.3220,959,29,30,0.03000,BR,0,9,29.04000
47.3220,959,29,30,0.03000,BR,1,39,29.94000
47.3300,959,29,30,0.03000,FL,0,1,28.80000
47.3300,959,29,30,0.03000,FL,1,31,29.70000
47.3300,959,29,30,0.03000,BL,0,24,29.49000
47.3300,959,29,30,0.03000,FR,0,16,29.25000
47.3300,959,29,30,0.03000,BR,0,9,29.04000
47.3300,959,29,30,0.03000,BR,1,39,29.94000
47.3400,959,29,30,0.03000,FL,0,1,28.80000
47.3400,959,29,30,0.03000,FL,1,31,29.70000
47.3400,959,29,30,0.03000,BL,0,24,29.49000
47.3400,959,29,30,0.03000,FR,0,16,29.25000
47.3400,959,29,30,0.03000,BR,0,9,29.04000
47.3400,959,29,30,0.03000,BR,1,39,29.94000
47.3500,960,0,30,0.03000,FL,0,30,29.70000
47.3500,960,0,30,0.03000,BL,0,23,29.49000
47.3500,960,0,30,0.03000,FR,0,15,29.25000
47.3500,960,0,30,0.03000,BR,0,8,29.04000
47.3500,960,0,30,0.03000,BR,1,38,29.94000
47.3680,960,0,30,0.03000,FL,0,30,29.70000
47.3680,960,0,30,0.03000,BL,0,23,29.49000
47.3680,960,0,30,0.03000,FR,0,15,29.25000
47.3680,960,0,30,0.03000,BR,0,8,29.04000
47.3680,960,0,30,0.03000,BR,1,38,29.94000
47.3780,961,1,30,0.03000,FL,0,29,29.70000
47.3780,961,1,30,0.03000,BL,0,22,29.49000
47.3780,961,1,30,0.03000,FR,0,14,29.25000
47.3780,961,1,30,0.03000,BR,0,7,29.04000
47.3780,961,1,30,0.03000,BR,1,37,29.94000
47.3880,961,1,30,0.03000,FL,0,29,29.70000
47.3880,961,1,30,0.03000,BL,0,22,29.49000
47.3880,961,1,30,0.03000,FR,0,14,29.25000
47.3880,961,1,30,0.03000,BR,0,7,29.04000
47.3880,961,1,30,0.03000,BR,1,37,29.94000
47.3960,961,1,30,0.03000,FL,0,29,29.70000
47.3960,961,1,30,0.03000,BL,0,22,29.49000
47.3960,961,1,30,0.03000,FR,0,14,29.25000
47.3960,961,1,30,0.03000,BR,0,7,29.04000
47.3960,961,1,30,0.03000,BR,1,37,29.94000
47.4060,962,2,30,0.03000,FL,0,28,29.70000
47.4060,962,2,30,0.03000,BL,0,21,29.49000
47.4060,962,2,30,0.03000,FR,0,13,29.25000
47.4060,962,2,30,0.03000,BR,0,6,29.04000
47.4060,962,2,30,0.03000,BR,1,36,29.94000
47.4160,962,2,30,0.03000,FL,0,28,29.70000
47.4160,962,2,30,0.03000,BL,0,21,29.49000
47.4160,962,2,30,0.03000,FR,0,13,29.25000
47.4160,962,2,30,0.03000,BR,0,6,29.04000
47.4160,962,2,30,0.03000,BR,1,36,29.94000
47.4240,962,2,30,0.03000,FL,0,28,29.70000
47.4240,962,2,30,0.03000,BL,0,21,29.49000
47.4240,962,2,30,0.03000,FR,0,13,29.25000
47.4240,962,2,30,0.03000,BR,0,6,29.04000
47.4240,962,2,30,0.03000,BR,1,36,29.94000
47.4320,962,2,30,0.03000,FL,0,28,29.70000
47.4320,962,2,30,0.03000,BL,0,21,29.49000
47.4320,962,2,30,0.03000,FR,0,13,29.25000
47.4320,962,2,30,0.03000,BR,0,6,29.04000
47.4320,962,2,30,0.03000,BR,1,36,29.94000
47.4420,963,3,30,0.03000,FL,0,27,29.70000
47.4420,963,3,30,0.03000,BL,0,20,29.49000
47.4420,963,3,30,0.03000,FR,0,12,29.25000
47.4420,963,3,30,0.03000,BR,0,5,29.04000
47.4420,963,3,30,0.03000,BR,1,35,29.94000
47.4520,963,3,30,0.03000,FL,0,27,29.70000
47.4520,963,3,30,0.03000,BL,0,20,29.49000
47.4520,963,3,30,0.03000,FR,0,12,29.25000
47.4520,963,3,30,0.03000,BR,0,5,29.04000
47.4520,963,3,30,0.03000,BR,1,35,29.94000
47.4600,963,3,30,0.03000,FL,0,27,29.70000
47.4600,963,3,30,0.03000,BL,0,20,29.49000
47.4600,963,3,30,0.03000,FR,0,12,29.25000
47.4600,963,3,30,0.03000,BR,0,5,29.04000
47.4600,963,3,30,0.03000,BR,1,35,29.94000
47.4700,964,4,30,0.03000,FL,0,26,29.70000
47.4700,964,4,30,0.03000,BL,0,19,29.49000
47.4700,964,4,30,0.03000,FR,0,11,29.25000
47.4700,964,4,30,0.03000,BR,0,4,29.04000
47.4700,964,4,30,0.03000,BR,1,34,29.94000
47.4800,964,4,30,0.03000,FL,0,26,29.70000
47.4800,964,4,30,0.03000,BL,0,19,29.49000
47.4800,964,4,30,0.03000,FR,0,11,29.25000
47.4800,964,4,30,0.03000,BR,0,4,29.04000
47.4800,964,4,30,0.03000,BR,1,34,29.94000
47.4900,964,4,30,0.03000,FL,0,26,29.70000
47.4900,964,4,30,0.03000,BL,0,19,29.49000
47.4900,964,4,30,0.03000,FR,0,11,29.25000
47.4900,964,4,30,0.03000,BR,0,4,29.04000
47.4900,964,4,30,0.03000,BR,1,34,29.94000
47.4980,965,5,30,0.03000,FL,0,25,29.70000
47.4980,965,5,30,0.03000,BL,0,18,29.49000
47.4980,965,5,30,0.03000,FR,0,10,29.25000
47.4980,965,5,30,0.03000,BR,0,3,29.04000
47.4980,965,5,30,0.03000,BR,1,33,29.94000
47.5100,965,5,30,0.03000,FL,0,25,29.70000
47.5100,965,5,30,0.03000,BL,0,18,29.49000
47.5100,965,5,30,0.03000,FR,0,10,29.25000
47.5100,965,5,30,0.03000,BR,0,3,29.04000
47.5100,965,5,30,0.03000,BR,1,33,29.94000
47.5200,965,5,30,0.03000,FL,0,25,29.70000
47.5200,965,5,30,0.03000,BL,0,18,29.49000
47.5200,965,5,30,0.03000,FR,0,10,29.25000
47.5200,965,5,30,0.03000,BR,0,3,29.04000
47.5200,965,5,30,0.03000,BR,1,33,29.94000
47.5280,966,6,30,0.03000,FL,0,24,29.70000
47.5280,966,6,30,0.03000,BL,0,17,29.49000
47.5280,966,6,30,0.03000,FR,0,9,29.25000
47.5280,966,6,30,0.03000,FR,1,39,30.15000
47.5280,966,6,30,0.03000,BR,0,2,29.04000
47.5280,966,6,30,0.03000,BR,1,32,29.94000
47.5400,966,6,30,0.03000,FL,0,24,29.70000
47.5400,966,6,30,0.03000,BL,0,17,29.49000
47.5400,966,6,30,0.03000,FR,0,9,29.25000
47.5400,966,6,30,0.03000,FR,1,39,30.15000
47.5400,966,6,30,0.03000,BR,0,2,29.04000
47.5400,966,6,30,0.03000,BR,1,32,29.94000
47.5520,966,6,30,0.03000,FL,0,24,29.70000
47.5520,966,6,30,0.03000,BL,0,17,29.49000
47.5520,966,6,30,0.03000,FR,0,9,29.25000
47.5520,966,6,30,0.03000,FR,1,39,30.15000
47.5520,966,6,30,0.03000,BR,0,2,29.04000
47.5520,966,6,30,0.03000,BR,1,32,29.94000
47.5620,967,7,30,0.03000,FL,0,23,29.70000
47.5620,967,7,30,0.03000,BL,0,16,29.49000
47.5620,967,7,30,0.03000,FR,0,8,29.25000
47.5620,967,7,30,0.03000,FR,1,38,30.15000
47.5620,967,7,30,0.03000,BR,0,1,29.04000
47.5620,967,7,30,0.03000,BR,1,31,29.94000
47.5840,968,8,30,0.03000,FL,0,22,29.70000
47.5840,968,8,30,0.03000,BL,0,15,29.49000
47.5840,968,8,30,0.03000,FR,0,7,29.25000
47.5840,968,8,30,0.03000,FR,1,37,30.15000
47.5840,968,8,30,0.03000,BR,0,30,29.94000
47.6020,968,8,30,0.03000,FL,0,22,29.70000
47.6020,968,8,30,0.03000,BL,0,15,29.49000
47.6020,968,8,30,0.03000,FR,0,7,29.25000
47.6020,968,8,30,0.03000,FR,1,37,30.15000
47.6020,968,8,30,0.03000,BR,0,30,29.94000
47.6100,968,8,30,0.03000,FL,0,22,29.70000
47.6100,968,8,30,0.03000,BL,0,15,29.49000
47.6100,968,8,30,0.03000,FR,0,7,29.25000
47.6100,968,8,30,0.03000,FR,1,37,30.15000
47.6100,968,8,30,0.03000,BR,0,30,29.94000
47.6200,969,9,30,0.03000,FL,0,21,29.70000
47.6200,969,9,30,0.03000,BL,0,14,29.49000
47.6200,969,9,30,0.03000,FR,0,6,29.25000
47.6200,969,9,30,0.03000,FR,1,36,30.15000
47.6200,969,9,30,0.03000,BR,0,29,29.94000
47.6340,969,9,30,0.03000,FL,0,21,29.70000
47.6340,969,9,30,0.03000,BL,0,14,29.49000
47.6340,969,9,30,0.03000,FR,0,6,29.25000
47.6340,969,9,30,0.03000,FR,1,36,30.15000
47.6340,969,9,30,0.03000,BR,0,29,29.94000
47.6440,970,10,30,0.03000,FL,0,20,29.70000
47.6440,970,10,30,0.03000,BL,0,13,29.49000
47.6440,970,10,30,0.03000,FR,0,5,29.25000
47.6440,970,10,30,0.03000,FR,1,35,30.15000
47.6440,970,10,30,0.03000,BR,0,28,29.94000
47.6560,970,10,30,0.03000,FL,0,20,29.70000
47.6560,970,10,30,0.03000,BL,0,13,29.49000
47.6560,970,10,30,0.03000,FR,0,5,29.25000
47.6560,970,10,30,0.03000,FR,1,35,30.15000
47.6560,970,10,30,0.03000,BR,0,28,29.94000
47.6720,970,10,30,0.03000,FL,0,20,29.70000
47.6720,970,10,30,0.03000,BL,0,13,29.49000
47.6720,970,10,30,0.03000,FR,0,5,29.25000
47.6720,970,10,30,0.03000,FR,1,35,30.15000
47.6720,970,10,30,0.03000,BR,0,28,29.94000
47.6800,971,11,30,0.03000,FL,0,19,29.70000
47.6800,971,11,30,0.03000,BL,0,12,29.49000
47.6800,971,11,30,0.03000,FR,0,4,29.25000
47.6800,971,11,30,0.03000,FR,1,34,30.15000
47.6800,971,11,30,0.03000,BR,0,27,29.94000
47.6900,971,11,30,0.03000,FL,0,19,29.70000
47.6900,971,11,30,0.03000,BL,0,12,29.49000
47.6900,971,11,30,0.03000,FR,0,4,29.25000
47.6900,971,11,30,0.03000,FR,1,34,30.15000
47.6900,971,11,30,0.03000,BR,0,27,29.94000
47.6980,971,11,30,0.03000,FL,0,19,29.70000
47.6980,971,11,30,0.03000,BL,0,12,29.49000
47.6980,971,11,30,0.03000,FR,0,4,29.25000
47.6980,971,11,30,0.03000,FR,1,34,30.15000
47.6980,971,11,30,0.03000,BR,0,27,29.94000
47.7080,972,12,30,0.03000,FL,0,18,29.70000
47.7080,972,12,30,0.03000,BL,0,11,29.49000
47.7080,972,12,30,0.03000,FR,0,3,29.25000
47.7080,972,12,30,0.03000,FR,1,33,30.15000
47.7080,972,12,30,0.03000,BR,0,26,29.94000
47.7180,972,12,30,0.03000,FL,0,18,29.70000
47.7180,972,12,30,0.03000,BL,0,11,29.49000
47.7180,972,12,30,0.03000,FR,0,3,29.25000
47.7180,972,12,30,0.03000,FR,1,33,30.15000
47.7180,972,12,30,0.03000,BR,0,26,29.94000
47.7260,972,12,30,0.03000,FL,0,18,29.70000
47.7260,972,12,30,0.03000,BL,0,11,29.49000
47.7260,972,12,30,0.03000,FR,0,3,29.25000
47.7260,972,12,30,0.03000,FR,1,33,30.15000
47.7260,972,12,30,0.03000,BR,0,26,29.94000
47.7380,973,13,30,0.03000,FL,0,17,29.70000
47.7380,973,13,30,0.03000,BL,0,10,29.49000
47.7380,973,13,30,0.03000,FR,0,2,29.25000
47.7380,973,13,30,0.03000,FR,1,32,30.15000
47.7380,973,13,30,0.03000,BR,0,25,29.94000
47.7460,973,13,30,0.03000,FL,0,17,29.70000
47.7460,973,13,30,0.03000,BL,0,10,29.49000
47.7460,973,13,30,0.03000,FR,0,2,29.25000
47.7460,973,13,30,0.03000,FR,1,32,30.15000
47.7460,973,13,30,0.03000,BR,0,25,29.94000
47.7540,973,13,30,0.03000,FL,0,17,29.70000
47.7540,973,13,30,0.03000,BL,0,10,29.49000
47.7540,973,13,30,0.03000,FR,0,2,29.25000
47.7540,973,13,30,0.03000,FR,1,32,30.15000
47.7540,973,13,30,0.03000,BR,0,25,29.94000
47.7640,974,14,30,0.03000,FL,0,16,29.70000
47.7640,974,14,30,0.03000,BL,0,9,29.49000
47.7640,974,14,30,0.03000,BL,1,39,30.39000
47.7640,974,14,30,0.03000,FR,0,1,29.25000
47.7640,974,14,30,0.03000,FR,1,31,30.15000
47.7640,974,14,30,0.03000,BR,0,24,29.94000
47.7740,974,14,30,0.03000,FL,0,16,29.70000
47.7740,974,14,30,0.03000,BL,0,9,29.49000
47.7740,974,14,30,0.03000,BL,1,39,30.39000
47.7740,974,14,30,0.03000,FR,0,1,29.25000
47.7740,974,14,30,0.03000,FR,1,31,30.15000
47.7740,974,14,30,0.03000,BR,0,24,29.94000
47.7840,974,14,30,0.03000,FL,0,16,29.70000
47.7840,974,14,30,0.03000,BL,0,9,29.49000
47.7840,974,14,30,0.03000,BL,1,39,30.39000
47.7840,974,14,30,0.03000,FR,0,1,29.25000
47.7840,974,14,30,0.03000,FR,1,31,30.15000
47.7840,974,14,30,0.03000,BR,0,24,29.94000
47.7920,974,14,30,0.03000,FL,0,16,29.70000
47.7920,974,14,30,0.03000,BL,0,9,29.49000
47.7920,974,14,30,0.03000,BL,1,39,30.39000
47.7920,974,14,30,0.03000,FR,0,1,29.25000
47.7920,974,14,30,0.03000,FR,1,31,30.15000
47.7920,974,14,30,0.03000,BR,0,24,29.94000
47.8020,975,15,30,0.03000,FL,0,15,29.70000
47.8020,975,15,30,0.03000,BL,0,8,29.49000
47.8020,975,15,30,0.03000,BL,1,38,30.39000
47.8020,975,15,30,0.03000,FR,0,30,30.15000
47.8020,975,15,30,0.03000,BR,0,23,29.94000
47.8220,975,15,30,0.03000,FL,0,15,29.70000
47.8220,975,15,30,0.03000,BL,0,8,29.49000
47.8220,975,15,30,0.03000,BL,1,38,30.39000
47.8220,975,15,30,0.03000,FR,0,30,30.15000
47.8220,975,15,30,0.03000,BR,0,23,29.94000
47.8300,976,16,30,0.03000,FL,0,14,29.70000
47.8300,976,16,30,0.03000,BL,0,7,29.49000
47.8300,976,16,30,0.03000,BL,1,37,30.39000
47.8300,976,16,30,0.03000,FR,0,29,30.15000
47.8300,976,16,30,0.03000,BR,0,22,29.94000
47.8400,976,16,30,0.03000,FL,0,14,29.70000
47.8400,976,16,30,0.03000,BL,0,7,29.49000
47.8400,976,16,30,0.03000,BL,1,37,30.39000
47.8400,976,16,30,0.03000,FR,0,29,30.15000
47.8400,976,16,30,0.03000,BR,0,22,29.94000
47.8500,976,16,30,0.03000,FL,0,14,29.70000
47.8500,976,16,30,0.03000,BL,0,7,29.49000
47.8500,976,16,30,0.03000,BL,1,37,30.39000
47.8500,976,16,30,0.03000,FR,0,29,30.15000
47.8500,976,16,30,0.03000,BR,0,22,29.94000
47.8580,977,17,30,0.03000,FL,0,13,29.70000
47.8580,977,17,30,0.03000,BL,0,6,29.49000
47.8580,977,17,30,0.03000,BL,1,36,30.39000
47.8580,977,17,30,0.03000,FR,0,28,30.15000
47.8580,977,17,30,0.03000,BR,0,21,29.94000
47.8680,977,17,30,0.03000,FL,0,13,29.70000
47.8680,977,17,30,0.03000,BL,0,6,29.49000
47.8680,977,17,30,0.03000,BL,1,36,30.39000
47.8680,977,17,30,0.03000,FR,0,28,30.15000
47.8680,977,17,30,0.03000,BR,0,21,29.94000
47.8780,977,17,30,0.03000,FL,0,13,29.70000
47.8780,977,17,30,0.03000,BL,0,6,29.49000
47.8780,977,17,30,0.03000,BL,1,36,30.39000
47.8780,977,17,30,0.03000,FR,0,28,30.15000
47.8780,977,17,30,0.03000,BR,0,21,29.94000
47.8860,978,18,30,0.03000,FL,0,12,29.70000
47.8860,978,18,30,0.03000,BL,0,5,29.49000
47.8860,978,18,30,0.03000,BL,1,35,30.39000
47.8860,978,18,30,0.03000,FR,0,27,30.15000
47.8860,978,18,30,0.03000,BR,0,20,29.94000
47.8940,978,18,30,0.03000,FL,0,12,29.70000
47.8940,978,18,30,0.03000,BL,0,5,29.49000
47.8940,978,18,30,0.03000,BL,1,35,30.39000
47.8940,978,18,30,0.03000,FR,0,27,30.15000
47.8940,978,18,30,0.03000,BR,0,20,29.94000
47.9040,978,18,30,0.03000,FL,0,12,29.70000
47.9040,978,18,30,0.03000,BL,0,5,29.49000
47.9040,978,18,30,0.03000,BL,1,35,30.39000
47.9040,978,18,30,0.03000,FR,0,27,30.15000
47.9040,978,18,30,0.03000,BR,0,20,29.94000
47.9140,979,19,30,0.03000,FL,0,11,29.70000
47.9140,979,19,30,0.03000,BL,0,4,29.49000
47.9140,979,19,30,0.03000,BL,1,34,30.39000
47.9140,979,19,30,0.03000,FR,0,26,30.15000
47.9140,979,19,30,0.03000,BR,0,19,29.94000
47.9240,979,19,30,0.03000,FL,0,11,29.70000
47.9240,979,19,30,0.03000,BL,0,4,29.49000
47.9240,979,19,30,0.03000,BL,1,34,30.39000
47.9240,979,19,30,0.03000,FR,0,26,30.15000
47.9240,979,19,30,0.03000,BR,0,19,29.94000
47.9360,979,19,30,0.03000,FL,0,11,29.70000
47.9360,979,19,30,0.03000,BL,0,4,29.49000
47.9360,979,19,30,0.03000,BL,1,34,30.39000
47.9360,979,19,30,0.03000,FR,0,26,30.15000
47.9360,979,19,30,0.03000,BR,0,19,29.94000
47.9460,980,20,30,0.03000,FL,0,10,29.70000
47.9460,980,20,30,0.03000,BL,0,3,29.49000
47.9460,980,20,30,0.03000,BL,1,33,30.39000
47.9460,980,20,30,0.03000,FR,0,25,30.15000
47.9460,980,20,30,0.03000,BR,0,18,29.94000
47.9560,980,20,30,0.03000,FL,0,10,29.70000
47.9560,980,20,30,0.03000,BL,0,3,29.49000
47.9560,980,20,30,0.03000,BL,1,33,30.39000
47.9560,980,20,30,0.03000,FR,0,25,30.15000
47.9560,980,20,30,0.03000,BR,0,18,29.94000
47.9700,980,20,30,0.03000,FL,0,10,29.70000
47.9700,980,20,30,0.03000,BL,0,3,29.49000
47.9700,980,20,30,0.03000,BL,1,33,30.39000
47.9700,980,20,30,0.03000,FR,0,25,30.15000
47.9700,980,20,30,0.03000,BR,0,18,29.94000
47.9780,981,21,30,0.03000,FL,0,9,29.70000
47.9780,981,21,30,0.03000,FL,1,39,30.60000
47.9780,981,21,30,0.03000,BL,0,2,29.49000
47.9780,981,21,30,0.03000,BL,1,32,30.39000
47.9780,981,21,30,0.03000,FR,0,24,30.15000
47.9780,981,21,30,0.03000,BR,0,17,29.94000
47.9900,981,21,30,0.03000,FL,0,9,29.70000
47.9900,981,21,30,0.03000,FL,1,39,30.60000
47.9900,981,21,30,0.03000,BL,0,2,29.49000
47.9900,981,21,30,0.03000,BL,1,32,30.39000
47.9900,981,21,30,0.03000,FR,0,24,30.15000
47.9900,981,21,30,0.03000,BR,0,17,29.94000
48.0020,981,21,30,0.03000,FL,0,9,29.70000
48.0020,981,21,30,0.03000,FL,1,39,30.60000
48.0020,981,21,30,0.03000,BL,0,2,29.49000
48.0020,981,21,30,0.03000,BL,1,32,30.39000
48.0020,981,21,30,0.03000,FR,0,24,30.15000
48.0020,981,21,30,0.03000,BR,0,17,29.94000
48.0120,982,22,30,0.03000,FL,0,8,29.70000
48.0120,982,22,30,0.03000,FL,1,38,30.60000
48.0120,982,22,30,0.03000,BL,0,1,29.49000
48.0120,982,22,30,0.03000,BL,1,31,30.39000
48.0120,982,22,30,0.03000,FR,0,23,30.15000
48.0120,982,22,30,0.03000,BR,0,16,29.94000
48.0320,982,22,30,0.03000,FL,0,8,29.70000
48.0320,982,22,30,0.03000,FL,1,38,30.60000
48.0320,982,22,30,0.03000,BL,0,1,29.49000
48.0320,982,22,30,0.03000,BL,1,31,30.39000
48.0320,982,22,30,0.03000,FR,0,23,30.15000
48.0320,982,22,30,0.03000,BR,0,16,29.94000
48.0420,983,23,30,0.03000,FL,0,7,29.70000
48.0420,983,23,30,0.03000,FL,1,37,30.60000
48.0420,983,23,30,0.03000,BL,0,30,30.39000
48.0420,983,23,30,0.03000,FR,0,22,30.15000
48.0420,983,23,30,0.03000,BR,0,15,29.94000
48.0520,983,23,30,0.03000,FL,0,7,29.70000
48.0520,983,23,30,0.03000,FL,1,37,30.60000
48.0520,983,23,30,0.03000,BL,0,30,30.39000
48.0520,983,23,30,0.03000,FR,0,22,30.15000
48.0520,983,23,30,0.03000,BR,0,15,29.94000
48.0600,983,23,30,0.03000,FL,0,7,29.70000
48.0600,983,23,30,0.03000,FL,1,37,30.60000
48.0600,983,23,30,0.03000,BL,0,30,30.39000
48.0600,983,23,30,0.03000,FR,0,22,30.15000
48.0600,983,23,30,0.03000,BR,0,15,29.94000
48.0720,984,24,30,0.03000,FL,0,6,29.70000
48.0720,984,24,30,0.03000,FL,1,36,30.60000
48.0720,984,24,30,0.03000,BL,0,29,30.39000
48.0720,984,24,30,0.03000,FR,0,21,30.15000
48.0720,984,24,30,0.03000,BR,0,14,29.94000
48.0820,984,24,30,0.03000,FL,0,6,29.70000
48.0820,984,24,30,0.03000,FL,1,36,30.60000
48.0820,984,24,30,0.03000,BL,0,29,30.39000
48.0820,984,24,30,0.03000,FR,0,21,30.15000
48.0820,984,24,30,0.03000,BR,0,14,29.94000
48.0920,984,24,30,0.03000,FL,0,6,29.70000
48.0920,984,24,30,0.03000,FL,1,36,30.60000
48.0920,984,24,30,0.03000,BL,0,29,30.39000
48.0920,984,24,30,0.03000,FR,0,21,30.15000
48.0920,984,24,30,0.03000,BR,0,14,29.94000
48.1100,985,25,30,0.03000,FL,0,5,29.70000
48.1100,985,25,30,0.03000,FL,1,35,30.60000
48.1100,985,25,30,0.03000,BL,0,28,30.39000
48.1100,985,25,30,0.03000,FR,0,20,30.15000
48.1100,985,25,30,0.03000,BR,0,13,29.94000
48.1260,986,26,30,0.03000,FL,0,4,29.70000
48.1260,986,26,30,0.03000,FL,1,34,30.60000
48.1260,986,26,30,0.03000,BL,0,27,30.39000
48.1260,986,26,30,0.03000,FR,0,19,30.15000
48.1260,986,26,30,0.03000,BR,0,12,29.94000
48.1380,986,26,30,0.03000,FL,0,4,29.70000
48.1380,986,26,30,0.03000,FL,1,34,30.60000
48.1380,986,26,30,0.03000,BL,0,27,30.39000
48.1380,986,26,30,0.03000,FR,0,19,30.15000
48.1380,986,26,30,0.03000,BR,0,12,29.94000
48.1480,986,26,30,0.03000,FL,0,4,29.70000
48.1480,986,26,30,0.03000,FL,1,34,30.60000
48.1480,986,26,30,0.03000,BL,0,27,30.39000
48.1480,986,26,30,0.03000,FR,0,19,30.15000
48.1480,986,26,30,0.03000,BR,0,12,29.94000
48.1580,987,27,30,0.03000,FL,0,3,29.70000
48.1580,987,27,30,0.03000,FL,1,33,30.60000
48.1580,987,27,30,0.03000,BL,0,26,30.39000
48.1580,987,27,30,0.03000,FR,0,18,30.15000
48.1580,987,27,30,0.03000,BR,0,11,29.94000
48.1720,987,27,30,0.03000,FL,0,3,29.70000
48.1720,987,27,30,0.03000,FL,1,33,30.60000
48.1720,987,27,30,0.03000,BL,0,26,30.39000
48.1720,987,27,30,0.03000,FR,0,18,30.15000
48.1720,987,27,30,0.03000,BR,0,11,29.94000
48.1800,987,27,30,0.03000,FL,0,3,29.70000
48.1800,987,27,30,0.03000,FL,1,33,30.60000
48.1800,987,27,30,0.03000,BL,0,26,30.39000
48.1800,987,27,30,0.03000,FR,0,18,30.15000
48.1800,987,27,30,0.03000,BR,0,11,29.94000
48.1940,988,28,30,0.03000,FL,0,2,29.70000
48.1940,988,28,30,0.03000,FL,1,32,30.60000
48.1940,988,28,30,0.03000,BL,0,25,30.39000
48.1940,988,28,30,0.03000,FR,0,17,30.15000
48.1940,988,28,30,0.03000,BR,0,10,29.94000
48.2040,988,28,30,0.03000,FL,0,2,29.70000
48.2040,988,28,30,0.03000,FL,1,32,30.60000
48.2040,988,28,30,0.03000,BL,0,25,30.39000
48.2040,988,28,30,0.03000,FR,0,17,30.15000
48.2040,988,28,30,0.03000,BR,0,10,29.94000
48.2140,989,29,30,0.03000,FL,0,1,29.70000
48.2140,989,29,30,0.03000,FL,1,31,30.60000
48.2140,989,29,30,0.03000,BL,0,24,30.39000
48.2140,989,29,30,0.03000,FR,0,16,30.15000
48.2140,989,29,30,0.03000,BR,0,9,29.94000
48.2140,989,29,30,0.03000,BR,1,39,30.84000
48.2220,989,29,30,0.03000,FL,0,1,29.70000
48.2220,989,29,30,0.03000,FL,1,31,30.60000
48.2220,989,29,30,0.03000,BL,0,24,30.39000
48.2220,989,29,30,0.03000,FR,0,16,30.15000
48.2220,989,29,30,0.03000,BR,0,9,29.94000
48.2220,989,29,30,0.03000,BR,1,39,30.84000
48.2320,989,29,30,0.03000,FL,0,1,29.70000
48.2320,989,29,30,0.03000,FL,1,31,30.60000
48.2320,989,29,30,0.03000,BL,0,24,30.39000
48.2320,989,29,30,0.03000,FR,0,16,30.15000
48.2320,989,29,30,0.03000,BR,0,9,29.94000
48.2320,989,29,30,0.03000,BR,1,39,30.84000
48.2400,989,29,30,0.03000,FL,0,1,29.70000
48.2400,989,29,30,0.03000,FL,1,31,30.60000
48.2400,989,29,30,0.03000,BL,0,24,30.39000
48.2400,989,29,30,0.03000,FR,0,16,30.15000
48.2400,989,29,30,0.03000,BR,0,9,29.94000
48.2400,989,29,30,0.03000,BR,1,39,30.84000
48.2500,990,0,30,0.03000,FL,0,30,30.60000
48.2500,990,0,30,0.03000,BL,0,23,30.39000
48.2500,990,0,30,0.03000,FR,0,15,30.15000
48.2500,990,0,30,0.03000,BR,0,8,29.94000
48.2500,990,0,30,0.03000,BR,1,38,30.84000
48.2700,990,0,30,0.03000,FL,0,30,30.60000
48.2700,990,0,30,0.03000,BL,0,23,30.39000
48.2700,990,0,30,0.03000,FR,0,15,30.15000
48.2700,990,0,30,0.03000,BR,0,8,29.94000
48.2700,990,0,30,0.03000,BR,1,38,30.84000
48.2800,991,1,30,0.03000,FL,0,29,30.60000
48.2800,991,1,30,0.03000,BL,0,22,30.39000
48.2800,991,1,30,0.03000,FR,0,14,30.15000
48.2800,991,1,30,0.03000,BR,0,7,29.94000
48.2800,991,1,30,0.03000,BR,1,37,30.84000
48.2900,991,1,30,0.03000,FL,0,29,30.60000
48.2900,991,1,30,0.03000,BL,0,22,30.39000
48.2900,991,1,30,0.03000,FR,0,14,30.15000
48.2900,991,1,30,0.03000,BR,0,7,29.94000
48.2900,991,1,30,0.03000,BR,1,37,30.84000
48.2980,991,1,30,0.03000,FL,0,29,30.60000
48.2980,991,1,30,0.03000,BL,0,22,30.39000
48.2980,991,1,30,0.03000,FR,0,14,30.15000
48.2980,991,1,30,0.03000,BR,0,7,29.94000
48.2980,991,1,30,0.03000,BR,1,37,30.84000
48.3080,992,2,30,0.03000,FL,0,28,30.60000
48.3080,992,2,30,0.03000,BL,0,21,30.39000
48.3080,992,2,30,0.03000,FR,0,13,30.15000
48.3080,992,2,30,0.03000,BR,0,6,29.94000
48.3080,992,2,30,0.03000,BR,1,36,30.84000
48.3160,992,2,30,0.03000,FL,0,28,30.60000
48.3160,992,2,30,0.03000,BL,0,21,30.39000
48.3160,992,2,30,0.03000,FR,0,13,30.15000
48.3160,992,2,30,0.03000,BR,0,6,29.94000
48.3160,992,2,30,0.03000,BR,1,36,30.84000
48.3260,992,2,30,0.03000,FL,0,28,30.60000
48.3260,992,2,30,0.03000,BL,0,21,30.39000
48.3260,992,2,30,0.03000,FR,0,13,30.15000
48.3260,992,2,30,0.03000,BR,0,6,29.94000
48.3260,992,2,30,0.03000,BR,1,36,30.84000
48.3340,993,3,30,0.03000,FL,0,27,30.60000
48.3340,993,3,30,0.03000,BL,0,20,30.39000
48.3340,993,3,30,0.03000,FR,0,12,30.15000
48.3340,993,3,30,0.03000,BR,0,5,29.94000
48.3340,993,3,30,0.03000,BR,1,35,30.84000
48.3480,993,3,30,0.03000,FL,0,27,30.60000
48.3480,993,3,30,0.03000,BL,0,20,30.39000
48.3480,993,3,30,0.03000,FR,0,12,30.15000
48.3480,993,3,30,0.03000,BR,0,5,29.94000
48.3480,993,3,30,0.03000,BR,1,35,30.84000
48.3580,993,3,30,0.03000,FL,0,27,30.60000
48.3580,993,3,30,0.03000,BL,0,20,30.39000
48.3580,993,3,30,0.03000,FR,0,12,30.15000
48.3580,993,3,30,0.03000,BR,0,5,29.94000
48.3580,993,3,30,0.03000,BR,1,35,30.84000
48.3660,994,4,30,0.03000,FL,0,26,30.60000
48.3660,994,4,30,0.03000,BL,0,19,30.39000
48.3660,994,4,30,0.03000,FR,0,11,30.15000
48.3660,994,4,30,0.03000,BR,0,4,29.94000
48.3660,994,4,30,0.03000,BR,1,34,30.84000
48.3800,994,4,30,0.03000,FL,0,26,30.60000
48.3800,994,4,30,0.03000,BL,0,19,30.39000
48.3800,994,4,30,0.03000,FR,0,11,30.15000
48.3800,994,4,30,0.03000,BR,0,4,29.94000
48.3800,994,4,30,0.03000,BR,1,34,30.84000
48.3920,994,4,30,0.03000,FL,0,26,30.60000
48.3920,994,4,30,0.03000,BL,0,19,30.39000
48.3920,994,4,30,0.03000,FR,0,11,30.15000
48.3920,994,4,30,0.03000,BR,0,4,29.94000
48.3920,994,4,30,0.03000,BR,1,34,30.84000
48.4020,995,5,30,0.03000,FL,0,25,30.60000
48.4020,995,5,30,0.03000,BL,0,18,30.39000
48.4020,995,5,30,0.03000,FR,0,10,30.15000
48.4020,995,5,30,0.03000,BR,0,3,29.94000
48.4020,995,5,30,0.03000,BR,1,33,30.84000
48.4140,995,5,30,0.03000,FL,0,25,30.60000
48.4140,995,5,30,0.03000,BL,0,18,30.39000
48.4140,995,5,30,0.03000,FR,0,10,30.15000
48.4140,995,5,30,0.03000,BR,0,3,29.94000
48.4140,995,5,30,0.03000,BR,1,33,30.84000
48.4220,995,5,30,0.03000,FL,0,25,30.60000
48.4220,995,5,30,0.03000,BL,0,18,30.39000
48.4220,995,5,30,0.03000,FR,0,10,30.15000
48.4220,995,5,30,0.03000,BR,0,3,29.94000
48.4220,995,5,30,0.03000,BR,1,33,30.84000
48.4320,996,6,30,0.03000,FL,0,24,30.60000
48.4320,996,6,30,0.03000,BL,0,17,30.39000
48.4320,996,6,30,0.03000,FR,0,9,30.15000
48.4320,996,6,30,0.03000,FR,1,39,31.05000
48.4320,996,6,30,0.03000,BR,0,2,29.94000
48.4320,996,6,30,0.03000,BR,1,32,30.84000
48.4420,996,6,30,0.03000,FL,0,24,30.60000
48.4420,996,6,30,0.03000,BL,0,17,30.39000
48.4420,996,6,30,0.03000,FR,0,9,30.15000
48.4420,996,6,30,0.03000,FR,1,39,31.05000
48.4420,996,6,30,0.03000,BR,0,2,29.94000
48.4420,996,6,30,0.03000,BR,1,32,30.84000
48.4520,996,6,30,0.03000,FL,0,24,30.60000
48.4520,996,6,30,0.03000,BL,0,17,30.39000
48.4520,996,6,30,0.03000,FR,0,9,30.15000
48.4520,996,6,30,0.03000,FR,1,39,31.05000
48.4520,996,6,30,0.03000,BR,0,2,29.94000
48.4520,996,6,30,0.03000,BR,1,32,30.84000
48.4600,997,7,30,0.03000,FL,0,23,30.60000
48.4600,997,7,30,0.03000,BL,0,16,30.39000
48.4600,997,7,30,0.03000,FR,0,8,30.15000
48.4600,997,7,30,0.03000,FR,1,38,31.05000
48.4600,997,7,30,0.03000,BR,0,1,29.94000
48.4600,997,7,30,0.03000,BR,1,31,30.84000
48.4820,997,7,30,0.03000,FL,0,23,30.60000
48.4820,997,7,30,0.03000,BL,0,16,30.39000
48.4820,997,7,30,0.03000,FR,0,8,30.15000
48.4820,997,7,30,0.03000,FR,1,38,31.05000
48.4820,997,7,30,0.03000,BR,0,1,29.94000
48.4820,997,7,30,0.03000,BR,1,31,30.84000
48.4940,998,8,30,0.03000,FL,0,22,30.60000
48.4940,998,8,30,0.03000,BL,0,15,30.39000
48.4940,998,8,30,0.03000,FR,0,7,30.15000
48.4940,998,8,30,0.03000,FR,1,37,31.05000
48.4940,998,8,30,0.03000,BR,0,30,30.84000
48.5040,998,8,30,0.03000,FL,0,22,30.60000
48.5040,998,8,30,0.03000,BL,0,15,30.39000
48.5040,998,8,30,0.03000,FR,0,7,30.15000
48.5040,998,8,30,0.03000,FR,1,37,31.05000
48.5040,998,8,30,0.03000,BR,0,30,30.84000
48.5120,998,8,30,0.03000,FL,0,22,30.60000
48.5120,998,8,30,0.03000,BL,0,15,30.39000
48.5120,998,8,30,0.03000,FR,0,7,30.15000
48.5120,998,8,30,0.03000,FR,1,37,31.05000
48.5120,998,8,30,0.03000,BR,0,30,30.84000
48.5200,999,9,30,0.03000,FL,0,21,30.60000
48.5200,999,9,30,0.03000,BL,0,14,30.39000
48.5200,999,9,30,0.03000,FR,0,6,30.15000
48.5200,999,9,30,0.03000,FR,1,36,31.05000
48.5200,999,9,30,0.03000,BR,0,29,30.84000
48.5320,999,9,30,0.03000,FL,0,21,30.60000
48.5320,999,9,30,0.03000,BL,0,14,30.39000
48.5320,999,9,30,0.03000,FR,0,6,30.15000
48.5320,999,9,30,0.03000,FR,1,36,31.05000
48.5320,999,9,30,0.03000,BR,0,29,30.84000
48.5400,999,9,30,0.03000,FL,0,21,30.60000
48.5400,999,9,30,0.03000,BL,0,14,30.39000
48.5400,999,9,30,0.03000,FR,0,6,30.15000
48.5400,999,9,30,0.03000,FR,1,36,31.05000
48.5400,999,9,30,0.03000,BR,0,29,30.84000
48.5500,1000,10,30,0.03000,FL,0,20,30.60000
48.5500,1000,10,30,0.03000,BL,0,13,30.39000
48.5500,1000,10,30,0.03000,FR,0,5,30.15000
48.5500,1000,10,30,0.03000,FR,1,35,31.05000
48.5500,1000,10,30,0.03000,BR,0,28,30.84000
48.5580,1000,10,30,0.03000,FL,0,20,30.60000
48.5580,1000,10,30,0.03000,BL,0,13,30.39000
48.5580,1000,10,30,0.03000,FR,0,5,30.15000
48.5580,1000,10,30,0.03000,FR,1,35,31.05000
48.5580,1000,10,30,0.03000,BR,0,28,30.84000
48.5680,1000,10,30,0.03000,FL,0,20,30.60000
48.5680,1000,10,30,0.03000,BL,0,13,30.39000
48.5680,1000,10,30,0.03000,FR,0,5,30.15000
48.5680,1000,10,30,0.03000,FR,1,35,31.05000
48.5680,1000,10,30,0.03000,BR,0,28,30.84000
48.5780,1001,11,30,0.03000,FL,0,19,30.60000
48.5780,1001,11,30,0.03000,BL,0,12,30.39000
48.5780,1001,11,30,0.03000,FR,0,4,30.15000
48.5780,1001,11,30,0.03000,FR,1,34,31.05000
48.5780,1001,11,30,0.03000,BR,0,27,30.84000
48.5880,1001,11,30,0.03000,FL,0,19,30.60000
48.5880,1001,11,30,0.03000,BL,0,12,30.39000
48.5880,1001,11,30,0.03000,FR,0,4,30.15000
48.5880,1001,11,30,0.03000,FR,1,34,31.05000
48.5880,1001,11,30,0.03000,BR,0,27,30.84000
48.5960,1001,11,30,0.03000,FL,0,19,30.60000
48.5960,1001,11,30,0.03000,BL,0,12,30.39000
48.5960,1001,11,30,0.03000,FR,0,4,30.15000
48.5960,1001,11,30,0.03000,FR,1,34,31.05000
48.5960,1001,11,30,0.03000,BR,0,27,30.84000
48.6060,1002,12,30,0.03000,FL,0,18,30.60000
48.6060,1002,12,30,0.03000,BL,0,11,30.39000
48.6060,1002,12,30,0.03000,FR,0,3,30.15000
48.6060,1002,12,30,0.03000,FR,1,33,31.05000
48.6060,1002,12,30,0.03000,BR,0,26,30.84000
48.6140,1002,12,30,0.03000,FL,0,18,30.60000
48.6140,1002,12,30,0.03000,BL,0,11,30.39000
48.6140,1002,12,30,0.03000,FR,0,3,30.15000
48.6140,1002,12,30,0.03000,FR,1,33,31.05000
48.6140,1002,12,30,0.03000,BR,0,26,30.84000
48.6240,1002,12,30,0.03000,FL,0,18,30.60000
48.6240,1002,12,30,0.03000,BL,0,11,30.39000
48.6240,1002,12,30,0.03000,FR,0,3,30.15000
48.6240,1002,12,30,0.03000,FR,1,33,31.05000
48.6240,1002,12,30,0.03000,BR,0,26,30.84000
48.6340,1003,13,30,0.03000,FL,0,17,30.60000
48.6340,1003,13,30,0.03000,BL,0,10,30.39000
48.6340,1003,13,30,0.03000,FR,0,2,30.15000
48.6340,1003,13,30,0.03000,FR,1,32,31.05000
48.6340,1003,13,30,0.03000,BR,0,25,30.84000
48.6460,1003,13,30,0.03000,FL,0,17,30.60000
48.6460,1003,13,30,0.03000,BL,0,10,30.39000
48.6460,1003,13,30,0.03000,FR,0,2,30.15000
48.6460,1003,13,30,0.03000,FR,1,32,31.05000
48.6460,1003,13,30,0.03000,BR,0,25,30.84000
48.6560,1003,13,30,0.03000,FL,0,17,30.60000
48.6560,1003,13,30,0.03000,BL,0,10,30.39000
48.6560,1003,13,30,0.03000,FR,0,2,30.15000
48.6560,1003,13,30,0.03000,FR,1,32,31.05000
48.6560,1003,13,30,0.03000,BR,0,25,30.84000
48.6660,1004,14,30,0.03000,FL,0,16,30.60000
48.6660,1004,14,30,0.03000,BL,0,9,30.39000
48.6660,1004,14,30,0.03000,BL,1,39,31.29000
48.6660,1004,14,30,0.03000,FR,0,1,30.15000
48.6660,1004,14,30,0.03000,FR,1,31,31.05000
48.6660,1004,14,30,0.03000,BR,0,24,30.84000
48.6760,1004,14,30,0.03000,FL,0,16,30.60000
48.6760,1004,14,30,0.03000,BL,0,9,30.39000
48.6760,1004,14,30,0.03000,BL,1,39,31.29000
48.6760,1004,14,30,0.03000,FR,0,1,30.15000
48.6760,1004,14,30,0.03000,FR,1,31,31.05000
48.6760,1004,14,30,0.03000,BR,0,24,30.84000
48.6860,1004,14,30,0.03000,FL,0,16,30.60000
48.6860,1004,14,30,0.03000,BL,0,9,30.39000
48.6860,1004,14,30,0.03000,BL,1,39,31.29000
48.6860,1004,14,30,0.03000,FR,0,1,30.15000
48.6860,1004,14,30,0.03000,FR,1,31,31.05000
48.6860,1004,14,30,0.03000,BR,0,24,30.84000
48.6940,1005,15,30,0.03000,FL,0,15,30.60000
48.6940,1005,15,30,0.03000,BL,0,8,30.39000
48.6940,1005,15,30,0.03000,BL,1,38,31.29000
48.6940,1005,15,30,0.03000,FR,0,30,31.05000
48.6940,1005,15,30,0.03000,BR,0,23,30.84000
48.7140,1005,15,30,0.03000,FL,0,15,30.60000
48.7140,1005,15,30,0.03000,BL,0,8,30.39000
48.7140,1005,15,30,0.03000,BL,1,38,31.29000
48.7140,1005,15,30,0.03000,FR,0,30,31.05000
48.7140,1005,15,30,0.03000,BR,0,23,30.84000
48.7220,1005,15,30,0.03000,FL,0,15,30.60000
48.7220,1005,15,30,0.03000,BL,0,8,30.39000
48.7220,1005,15,30,0.03000,BL,1,38,31.29000
48.7220,1005,15,30,0.03000,FR,0,30,31.05000
48.7220,1005,15,30,0.03000,BR,0,23,30.84000
48.7320,1006,16,30,0.03000,FL,0,14,30.60000
48.7320,1006,16,30,0.03000,BL,0,7,30.39000
48.7320,1006,16,30,0.03000,BL,1,37,31.29000
48.7320,1006,16,30,0.03000,FR,0,29,31.05000
48.7320,1006,16,30,0.03000,BR,0,22,30.84000
48.7400,1006,16,30,0.03000,FL,0,14,30.60000
48.7400,1006,16,30,0.03000,BL,0,7,30.39000
48.7400,1006,16,30,0.03000,BL,1,37,31.29000
48.7400,1006,16,30,0.03000,FR,0,29,31.05000
48.7400,1006,16,30,0.03000,BR,0,22,30.84000
48.7500,1006,16,30,0.03000,FL,0,14,30.60000
48.7500,1006,16,30,0.03000,BL,0,7,30.39000
48.7500,1006,16,30,0.03000,BL,1,37,31.29000
48.7500,1006,16,30,0.03000,FR,0,29,31.05000
48.7500,1006,16,30,0.03000,BR,0,22,30.84000
48.7600,1007,17,30,0.03000,FL,0,13,30.60000
48.7600,1007,17,30,0.03000,BL,0,6,30.39000
48.7600,1007,17,30,0.03000,BL,1,36,31.29000
48.7600,1007,17,30,0.03000,FR,0,28,31.05000
48.7600,1007,17,30,0.03000,BR,0,21,30.84000
48.7680,1007,17,30,0.03000,FL,0,13,30.60000
48.7680,1007,17,30,0.03000,BL,0,6,30.39000
48.7680,1007,17,30,0.03000,BL,1,36,31.29000
48.7680,1007,17,30,0.03000,FR,0,28,31.05000
48.7680,1007,17,30,0.03000,BR,0,21,30.84000
48.7780,1007,17,30,0.03000,FL,0,13,30.60000
48.7780,1007,17,30,0.03000,BL,0,6,30.39000
48.7780,1007,17,30,0.03000,BL,1,36,31.29000
48.7780,1007,17,30,0.03000,FR,0,28,31.05000
48.7780,1007,17,30,0.03000,BR,0,21,30.84000
48.7860,1008,18,30,0.03000,FL,0,12,30.60000
48.7860,1008,18,30,0.03000,BL,0,5,30.39000
48.7860,1008,18,30,0.03000,BL,1,35,31.29000
48.7860,1008,18,30,0.03000,FR,0,27,31.05000
48.7860,1008,18,30,0.03000,BR,0,20,30.84000
48.7960,1008,18,30,0.03000,FL,0,12,30.60000
48.7960,1008,18,30,0.03000,BL,0,5,30.39000
48.7960,1008,18,30,0.03000,BL,1,35,31.29000
48.7960,1008,18,30,0.03000,FR,0,27,31.05000
48.7960,1008,18,30,0.03000,BR,0,20,30.84000
48.8080,1008,18,30,0.03000,FL,0,12,30.60000
48.8080,1008,18,30,0.03000,BL,0,5,30.39000
48.8080,1008,18,30,0.03000,BL,1,35,31.29000
48.8080,1008,18,30,0.03000,FR,0,27,31.05000
48.8080,1008,18,30,0.03000,BR,0,20,30.84000
48.8160,1009,19,30,0.03000,FL,0,11,30.60000
48.8160,1009,19,30,0.03000,BL,0,4,30.39000
48.8160,1009,19,30,0.03000,BL,1,34,31.29000
48.8160,1009,19,30,0.03000,FR,0,26,31.05000
48.8160,1009,19,30,0.03000,BR,0,19,30.84000
48.8260,1009,19,30,0.03000,FL,0,11,30.60000
48.8260,1009,19,30,0.03000,BL,0,4,30.39000
48.8260,1009,19,30,0.03000,BL,1,34,31.29000
48.8260,1009,19,30,0.03000,FR,0,26,31.05000
48.8260,1009,19,30,0.03000,BR,0,19,30.84000
48.8380,1009,19,30,0.03000,FL,0,11,30.60000
48.8380,1009,19,30,0.03000,BL,0,4,30.39000
48.8380,1009,19,30,0.03000,BL,1,34,31.29000
48.8380,1009,19,30,0.03000,FR,0,26,31.05000
48.8380,1009,19,30,0.03000,BR,0,19,30.84000
48.8460,1010,20,30,0.03000,FL,0,10,30.60000
48.8460,1010,20,30,0.03000,BL,0,3,30.39000
48.8460,1010,20,30,0.03000,BL,1,33,31.29000
48.8460,1010,20,30,0.03000,FR,0,25,31.05000
48.8460,1010,20,30,0.03000,BR,0,18,30.84000
48.8560,1010,20,30,0.03000,FL,0,10,30.60000
48.8560,1010,20,30,0.03000,BL,0,3,30.39000
48.8560,1010,20,30,0.03000,BL,1,33,31.29000
48.8560,1010,20,30,0.03000,FR,0,25,31.05000
48.8560,1010,20,30,0.03000,BR,0,18,30.84000
48.8660,1010,20,30,0.03000,FL,0,10,30.60000
48.8660,1010,20,30,0.03000,BL,0,3,30.39000
48.8660,1010,20,30,0.03000,BL,1,33,31.29000
48.8660,1010,20,30,0.03000,FR,0,25,31.05000
48.8660,1010,20,30,0.03000,BR,0,18,30.84000
48.8760,1011,21,30,0.03000,FL,0,9,30.60000
48.8760,1011,21,30,0.03000,FL,1,39,31.50000
48.8760,1011,21,30,0.03000,BL,0,2,30.39000
48.8760,1011,21,30,0.03000,BL,1,32,31.29000
48.8760,1011,21,30,0.03000,FR,0,24,31.05000
48.8760,1011,21,30,0.03000,BR,0,17,30.84000
48.8860,1011,21,30,0.03000,FL,0,9,30.60000
48.8860,1011,21,30,0.03000,FL,1,39,31.50000
48.8860,1011,21,30,0.03000,BL,0,2,30.39000
48.8860,1011,21,30,0.03000,BL,1,32,31.29000
48.8860,1011,21,30,0.03000,FR,0,24,31.05000
48.8860,1011,21,30,0.03000,BR,0,17,30.84000
48.8960,1011,21,30,0.03000,FL,0,9,30.60000
48.8960,1011,21,30,0.03000,FL,1,39,31.50000
48.8960,1011,21,30,0.03000,BL,0,2,30.39000
48.8960,1011,21,30,0.03000,BL,1,32,31.29000
48.8960,1011,21,30,0.03000,FR,0,24,31.05000
48.8960,1011,21,30,0.03000,BR,0,17,30.84000
48.9100,1012,22,30,0.03000,FL,0,8,30.60000
48.9100,1012,22,30,0.03000,FL,1,38,31.50000
48.9100,1012,22,30,0.03000,BL,0,1,30.39000
48.9100,1012,22,30,0.03000,BL,1,31,31.29000
48.9100,1012,22,30,0.03000,FR,0,23,31.05000
48.9100,1012,22,30,0.03000,BR,0,16,30.84000
48.9320,1012,22,30,0.03000,FL,0,8,30.60000
48.9320,1012,22,30,0.03000,FL,1,38,31.50000
48.9320,1012,22,30,0.03000,BL,0,1,30.39000
48.9320,1012,22,30,0.03000,BL,1,31,31.29000
48.9320,1012,22,30,0.03000,FR,0,23,31.05000
48.9320,1012,22,30,0.03000,BR,0,16,30.84000
48.9420,1013,23,30,0.03000,FL,0,7,30.60000
48.9420,1013,23,30,0.03000,FL,1,37,31.50000
48.9420,1013,23,30,0.03000,BL,0,30,31.29000
48.9420,1013,23,30,0.03000,FR,0,22,31.05000
48.9420,1013,23,30,0.03000,BR,0,15,30.84000
48.9520,1013,23,30,0.03000,FL,0,7,30.60000
48.9520,1013,23,30,0.03000,FL,1,37,31.50000
48.9520,1013,23,30,0.03000,BL,0,30,31.29000
48.9520,1013,23,30,0.03000,FR,0,22,31.05000
48.9520,1013,23,30,0.03000,BR,0,15,30.84000
48.9600,1013,23,30,0.03000,FL,0,7,30.60000
48.9600,1013,23,30,0.03000,FL,1,37,31.50000
48.9600,1013,23,30,0.03000,BL,0,30,31.29000
48.9600,1013,23,30,0.03000,FR,0,22,31.05000
48.9600,1013,23,30,0.03000,BR,0,15,30.84000
48.9700,1014,24,30,0.03000,FL,0,6,30.60000
48.9700,1014,24,30,0.03000,FL,1,36,31.50000
48.9700,1014,24,30,0.03000,BL,0,29,31.29000
48.9700,1014,24,30,0.03000,FR,0,21,31.05000
48.9700,1014,24,30,0.03000,BR,0,14,30.84000
48.9800,1014,24,30,0.03000,FL,0,6,30.60000
48.9800,1014,24,30,0.03000,FL,1,36,31.50000
48.9800,1014,24,30,0.03000,BL,0,29,31.29000
48.9800,1014,24,30,0.03000,FR,0,21,31.05000
48.9800,1014,24,30,0.03000,BR,0,14,30.84000
48.9900,1014,24,30,0.03000,FL,0,6,30.60000
48.9900,1014,24,30,0.03000,FL,1,36,31.50000
48.9900,1014,24,30,0.03000,BL,0,29,31.29000
48.9900,1014,24,30,0.03000,FR,0,21,31.05000
48.9900,1014,24,30,0.03000,BR,0,14,30.84000
49.0000,1015,25,30,0.03000,FL,0,5,30.60000
49.0000,1015,25,30,0.03000,FL,1,35,31.50000
49.0000,1015,25,30,0.03000,BL,0,28,31.29000
49.0000,1015,25,30,0.03000,FR,0,20,31.05000
49.0000,1015,25,30,0.03000,BR,0,13,30.84000
49.0100,1015,25,30,0.03000,FL,0,5,30.60000
49.0100,1015,25,30,0.03000,FL,1,35,31.50000
49.0100,1015,25,30,0.03000,BL,0,28,31.29000
49.0100,1015,25,30,0.03000,FR,0,20,31.05000
49.0100,1015,25,30,0.03000,BR,0,13,30.84000
49.0200,1015,25,30,0.03000,FL,0,5,30.60000
49.0200,1015,25,30,0.03000,FL,1,35,31.50000
49.0200,1015,25,30,0.03000,BL,0,28,31.29000
49.0200,1015,25,30,0.03000,FR,0,20,31.05000
49.0200,1015,25,30,0.03000,BR,0,13,30.84000
49.0300,1016,26,30,0.03000,FL,0,4,30.60000
49.0300,1016,26,30,0.03000,FL,1,34,31.50000
49.0300,1016,26,30,0.03000,BL,0,27,31.29000
49.0300,1016,26,30,0.03000,FR,0,19,31.05000
49.0300,1016,26,30,0.03000,BR,0,12,30.84000
49.0380,1016,26,30,0.03000,FL,0,4,30.60000
49.0380,1016,26,30,0.03000,FL,1,34,31.50000
49.0380,1016,26,30,0.03000,BL,0,27,31.29000
49.0380,1016,26,30,0.03000,FR,0,19,31.05000
49.0380,1016,26,30,0.03000,BR,0,12,30.84000
49.0480,1016,26,30,0.03000,FL,0,4,30.60000
49.0480,1016,26,30,0.03000,FL,1,34,31.50000
49.0480,1016,26,30,0.03000,BL,0,27,31.29000
49.0480,1016,26,30,0.03000,FR,0,19,31.05000
49.0480,1016,26,30,0.03000,BR,0,12,30.84000
49.0580,1017,27,30,0.03000,FL,0,3,30.60000
49.0580,1017,27,30,0.03000,FL,1,33,31.50000
49.0580,1017,27,30,0.03000,BL,0,26,31.29000
49.0580,1017,27,30,0.03000,FR,0,18,31.05000
49.0580,1017,27,30,0.03000,BR,0,11,30.84000
49.0680,1017,27,30,0.03000,FL,0,3,30.60000
49.0680,1017,27,30,0.03000,FL,1,33,31.50000
49.0680,1017,27,30,0.03000,BL,0,26,31.29000
49.0680,1017,27,30,0.03000,FR,0,18,31.05000
49.0680,1017,27,30,0.03000,BR,0,11,30.84000
49.0780,1017,27,30,0.03000,FL,0,3,30.60000
49.0780,1017,27,30,0.03000,FL,1,33,31.50000
49.0780,1017,27,30,0.03000,BL,0,26,31.29000
49.0780,1017,27,30,0.03000,FR,0,18,31.05000
49.0780,1017,27,30,0.03000,BR,0,11,30.84000
49.0880,1018,28,30,0.03000,FL,0,2,30.60000
49.0880,1018,28,30,0.03000,FL,1,32,31.50000
49.0880,1018,28,30,0.03000,BL,0,25,31.29000
49.0880,1018,28,30,0.03000,FR,0,17,31.05000
49.0880,1018,28,30,0.03000,BR,0,10,30.84000
49.0980,1018,28,30,0.03000,FL,0,2,30.60000
49.0980,1018,28,30,0.03000,FL,1,32,31.50000
49.0980,1018,28,30,0.03000,BL,0,25,31.29000
49.0980,1018,28,30,0.03000,FR,0,17,31.05000
49.0980,1018,28,30,0.03000,BR,0,10,30.84000
49.1100,1018,28,30,0.03000,FL,0,2,30.60000
49.1100,1018,28,30,0.03000,FL,1,32,31.50000
49.1100,1018,28,30,0.03000,BL,0,25,31.29000
49.1100,1018,28,30,0.03000,FR,0,17,31.05000
49.1100,1018,28,30,0.03000,BR,0,10,30.84000
49.1240,1019,29,30,0.03000,FL,0,1,30.60000
49.1240,1019,29,30,0.03000,FL,1,31,31.50000
49.1240,1019,29,30,0.03000,BL,0,24,31.29000
49.1240,1019,29,30,0.03000,FR,0,16,31.05000
49.1240,1019,29,30,0.03000,BR,0,9,30.84000
49.1240,1019,29,30,0.03000,BR,1,39,31.74000
49.1320,1019,29,30,0.03000,FL,0,1,30.60000
49.1320,1019,29,30,0.03000,FL,1,31,31.50000
49.1320,1019,29,30,0.03000,BL,0,24,31.29000
49.1320,1019,29,30,0.03000,FR,0,16,31.05000
49.1320,1019,29,30,0.03000,BR,0,9,30.84000
49.1320,1019,29,30,0.03000,BR,1,39,31.74000
49.1440,1020,0,30,0.03000,FL,0,30,31.50000
49.1440,1020,0,30,0.03000,BL,0,23,31.29000
49.1440,1020,0,30,0.03000,FR,0,15,31.05000
49.1440,1020,0,30,0.03000,BR,0,8,30.84000
49.1440,1020,0,30,0.03000,BR,1,38,31.74000
49.1640,1020,0,30,0.03000,FL,0,30,31.50000
49.1640,1020,0,30,0.03000,BL,0,23,31.29000
49.1640,1020,0,30,0.03000,FR,0,15,31.05000
49.1640,1020,0,30,0.03000,BR,0,8,30.84000
49.1640,1020,0,30,0.03000,BR,1,38,31.74000
49.1740,1021,1,30,0.03000,FL,0,29,31.50000
49.1740,1021,1,30,0.03000,BL,0,22,31.29000
49.1740,1021,1,30,0.03000,FR,0,14,31.05000
49.1740,1021,1,30,0.03000,BR,0,7,30.84000
49.1740,1021,1,30,0.03000,BR,1,37,31.74000
49.1860,1021,1,30,0.03000,FL,0,29,31.50000
49.1860,1021,1,30,0.03000,BL,0,22,31.29000
49.1860,1021,1,30,0.03000,FR,0,14,31.05000
49.1860,1021,1,30,0.03000,BR,0,7,30.84000
49.1860,1021,1,30,0.03000,BR,1,37,31.74000
49.1960,1021,1,30,0.03000,FL,0,29,31.50000
49.1960,1021,1,30,0.03000,BL,0,22,31.29000
49.1960,1021,1,30,0.03000,FR,0,14,31.05000
49.1960,1021,1,30,0.03000,BR,0,7,30.84000
49.1960,1021,1,30,0.03000,BR,1,37,31.74000
49.2060,1022,2,30,0.03000,FL,0,28,31.50000
49.2060,1022,2,30,0.03000,BL,0,21,31.29000
49.2060,1022,2,30,0.03000,FR,0,13,31.05000
49.2060,1022,2,30,0.03000,BR,0,6,30.84000
49.2060,1022,2,30,0.03000,BR,1,36,31.74000
49.2160,1022,2,30,0.03000,FL,0,28,31.50000
49.2160,1022,2,30,0.03000,BL,0,21,31.29000
49.2160,1022,2,30,0.03000,FR,0,13,31.05000
49.2160,1022,2,30,0.03000,BR,0,6,30.84000
49.2160,1022,2,30,0.03000,BR,1,36,31.74000
49.2280,1022,2,30,0.03000,FL,0,28,31.50000
49.2280,1022,2,30,0.03000,BL,0,21,31.29000
49.2280,1022,2,30,0.03000,FR,0,13,31.05000
49.2280,1022,2,30,0.03000,BR,0,6,30.84000
49.2280,1022,2,30,0.03000,BR,1,36,31.74000
49.2360,1023,3,30,0.03000,FL,0,27,31.50000
49.2360,1023,3,30,0.03000,BL,0,20,31.29000
49.2360,1023,3,30,0.03000,FR,0,12,31.05000
49.2360,1023,3,30,0.03000,BR,0,5,30.84000
49.2360,1023,3,30,0.03000,BR,1,35,31.74000
49.2480,1023,3,30,0.03000,FL,0,27,31.50000
49.2480,1023,3,30,0.03000,BL,0,20,31.29000
49.2480,1023,3,30,0.03000,FR,0,12,31.05000
49.2480,1023,3,30,0.03000,BR,0,5,30.84000
49.2480,1023,3,30,0.03000,BR,1,35,31.74000
49.2620,1023,3,30,0.03000,FL,0,27,31.50000
49.2620,1023,3,30,0.03000,BL,0,20,31.29000
49.2620,1023,3,30,0.03000,FR,0,12,31.05000
49.2620,1023,3,30,0.03000,BR,0,5,30.84000
49.2620,1023,3,30,0.03000,BR,1,35,31.74000
49.2780,1024,4,30,0.03000,FL,0,26,31.50000
49.2780,1024,4,30,0.03000,BL,0,19,31.29000
49.2780,1024,4,30,0.03000,FR,0,11,31.05000
49.2780,1024,4,30,0.03000,BR,0,4,30.84000
49.2780,1024,4,30,0.03000,BR,1,34,31.74000
49.3140,1025,5,30,0.03000,FL,0,25,31.50000
49.3140,1025,5,30,0.03000,BL,0,18,31.29000
49.3140,1025,5,30,0.03000,FR,0,10,31.05000
49.3140,1025,5,30,0.03000,BR,0,3,30.84000
49.3140,1025,5,30,0.03000,BR,1,33,31.74000
49.3400,1026,6,30,0.03000,FL,0,24,31.50000
49.3400,1026,6,30,0.03000,BL,0,17,31.29000
49.3400,1026,6,30,0.03000,FR,0,9,31.05000
49.3400,1026,6,30,0.03000,FR,1,39,31.95000
49.3400,1026,6,30,0.03000,BR,0,2,30.84000
49.3400,1026,6,30,0.03000,BR,1,32,31.74000
49.3500,1026,6,30,0.03000,FL,0,24,31.50000
49.3500,1026,6,30,0.03000,BL,0,17,31.29000
49.3500,1026,6,30,0.03000,FR,0,9,31.05000
49.3500,1026,6,30,0.03000,FR,1,39,31.95000
49.3500,1026,6,30,0.03000,BR,0,2,30.84000
49.3500,1026,6,30,0.03000,BR,1,32,31.74000
49.3600,1027,7,30,0.03000,FL,0,23,31.50000
49.3600,1027,7,30,0.03000,BL,0,16,31.29000
49.3600,1027,7,30,0.03000,FR,0,8,31.05000
49.3600,1027,7,30,0.03000,FR,1,38,31.95000
49.3600,1027,7,30,0.03000,BR,0,1,30.84000
49.3600,1027,7,30,0.03000,BR,1,31,31.74000
49.3800,1027,7,30,0.03000,FL,0,23,31.50000
49.3800,1027,7,30,0.03000,BL,0,16,31.29000
49.3800,1027,7,30,0.03000,FR,0,8,31.05000
49.3800,1027,7,30,0.03000,FR,1,38,31.95000
49.3800,1027,7,30,0.03000,BR,0,1,30.84000
49.3800,1027,7,30,0.03000,BR,1,31,31.74000
49.3900,1028,8,30,0.03000,FL,0,22,31.50000
49.3900,1028,8,30,0.03000,BL,0,15,31.29000
49.3900,1028,8,30,0.03000,FR,0,7,31.05000
49.3900,1028,8,30,0.03000,FR,1,37,31.95000
49.3900,1028,8,30,0.03000,BR,0,30,31.74000
49.4040,1028,8,30,0.03000,FL,0,22,31.50000
49.4040,1028,8,30,0.03000,BL,0,15,31.29000
49.4040,1028,8,30,0.03000,FR,0,7,31.05000
49.4040,1028,8,30,0.03000,FR,1,37,31.95000
49.4040,1028,8,30,0.03000,BR,0,30,31.74000
49.4180,1029,9,30,0.03000,FL,0,21,31.50000
49.4180,1029,9,30,0.03000,BL,0,14,31.29000
49.4180,1029,9,30,0.03000,FR,0,6,31.05000
49.4180,1029,9,30,0.03000,FR,1,36,31.95000
49.4180,1029,9,30,0.03000,BR,0,29,31.74000
49.4320,1029,9,30,0.03000,FL,0,21,31.50000
49.4320,1029,9,30,0.03000,BL,0,14,31.29000
49.4320,1029,9,30,0.03000,FR,0,6,31.05000
49.4320,1029,9,30,0.03000,FR,1,36,31.95000
49.4320,1029,9,30,0.03000,BR,0,29,31.74000
49.4420,1029,9,30,0.03000,FL,0,21,31.50000
49.4420,1029,9,30,0.03000,BL,0,14,31.29000
49.4420,1029,9,30,0.03000,FR,0,6,31.05000
49.4420,1029,9,30,0.03000,FR,1,36,31.95000
49.4420,1029,9,30,0.03000,BR,0,29,31.74000
49.4520,1030,10,30,0.03000,FL,0,20,31.50000
49.4520,1030,10,30,0.03000,BL,0,13,31.29000
49.4520,1030,10,30,0.03000,FR,0,5,31.05000
49.4520,1030,10,30,0.03000,FR,1,35,31.95000
49.4520,1030,10,30,0.03000,BR,0,28,31.74000
49.4640,1030,10,30,0.03000,FL,0,20,31.50000
49.4640,1030,10,30,0.03000,BL,0,13,31.29000
49.4640,1030,10,30,0.03000,FR,0,5,31.05000
49.4640,1030,10,30,0.03000,FR,1,35,31.95000
49.4640,1030,10,30,0.03000,BR,0,28,31.74000
49.4720,1030,10,30,0.03000,FL,0,20,31.50000
49.4720,1030,10,30,0.03000,BL,0,13,31.29000
49.4720,1030,10,30,0.03000,FR,0,5,31.05000
49.4720,1030,10,30,0.03000,FR,1,35,31.95000
49.4720,1030,10,30,0.03000,BR,0,28,31.74000
49.4820,1031,11,30,0.03000,FL,0,19,31.50000
49.4820,1031,11,30,0.03000,BL,0,12,31.29000
49.4820,1031,11,30,0.03000,FR,0,4,31.05000
49.4820,1031,11,30,0.03000,FR,1,34,31.95000
49.4820,1031,11,30,0.03000,BR,0,27,31.74000
49.4940,1031,11,30,0.03000,FL,0,19,31.50000
49.4940,1031,11,30,0.03000,BL,0,12,31.29000
49.4940,1031,11,30,0.03000,FR,0,4,31.05000
49.4940,1031,11,30,0.03000,FR,1,34,31.95000
49.4940,1031,11,30,0.03000,BR,0,27,31.74000
49.5080,1032,12,30,0.03000,FL,0,18,31.50000
49.5080,1032,12,30,0.03000,BL,0,11,31.29000
49.5080,1032,12,30,0.03000,FR,0,3,31.05000
49.5080,1032,12,30,0.03000,FR,1,33,31.95000
49.5080,1032,12,30,0.03000,BR,0,26,31.74000
49.5180,1032,12,30,0.03000,FL,0,18,31.50000
49.5180,1032,12,30,0.03000,BL,0,11,31.29000
49.5180,1032,12,30,0.03000,FR,0,3,31.05000
49.5180,1032,12,30,0.03000,FR,1,33,31.95000
49.5180,1032,12,30,0.03000,BR,0,26,31.74000
49.5280,1032,12,30,0.03000,FL,0,18,31.50000
49.5280,1032,12,30,0.03000,BL,0,11,31.29000
49.5280,1032,12,30,0.03000,FR,0,3,31.05000
49.5280,1032,12,30,0.03000,FR,1,33,31.95000
49.5280,1032,12,30,0.03000,BR,0,26,31.74000
49.5360,1033,13,30,0.03000,FL,0,17,31.50000
49.5360,1033,13,30,0.03000,BL,0,10,31.29000
49.5360,1033,13,30,0.03000,FR,0,2,31.05000
49.5380,1033,13,30,0.03000,FR,1,32,31.95000
49.5380,1033,13,30,0.03000,BR,0,25,31.74000
49.5460,1033,13,30,0.03000,FL,0,17,31.50000
49.5460,1033,13,30,0.03000,BL,0,10,31.29000
49.5460,1033,13,30,0.03000,FR,0,2,31.05000
49.5460,1033,13,30,0.03000,FR,1,32,31.95000
49.5460,1033,13,30,0.03000,BR,0,25,31.74000
49.5560,1033,13,30,0.03000,FL,0,17,31.50000
49.5560,1033,13,30,0.03000,BL,0,10,31.29000
49.5560,1033,13,30,0.03000,FR,0,2,31.05000
49.5560,1033,13,30,0.03000,FR,1,32,31.95000
49.5560,1033,13,30,0.03000,BR,0,25,31.74000
49.5660,1034,14,30,0.03000,FL,0,16,31.50000
49.5660,1034,14,30,0.03000,BL,0,9,31.29000
49.5660,1034,14,30,0.03000,BL,1,39,32.19000
49.5660,1034,14,30,0.03000,FR,0,1,31.05000
49.5660,1034,14,30,0.03000,FR,1,31,31.95000
49.5660,1034,14,30,0.03000,BR,0,24,31.74000
49.5740,1034,14,30,0.03000,FL,0,16,31.50000
49.5740,1034,14,30,0.03000,BL,0,9,31.29000
49.5740,1034,14,30,0.03000,BL,1,39,32.19000
49.5740,1034,14,30,0.03000,FR,0,1,31.05000
49.5740,1034,14,30,0.03000,FR,1,31,31.95000
49.5740,1034,14,30,0.03000,BR,0,24,31.74000
49.5840,1034,14,30,0.03000,FL,0,16,31.50000
49.5840,1034,14,30,0.03000,BL,0,9,31.29000
49.5840,1034,14,30,0.03000,BL,1,39,32.19000
49.5840,1034,14,30,0.03000,FR,0,1,31.05000
49.5840,1034,14,30,0.03000,FR,1,31,31.95000
49.5840,1034,14,30,0.03000,BR,0,24,31.74000
49.5960,1035,15,30,0.03000,FL,0,15,31.50000
49.5960,1035,15,30,0.03000,BL,0,8,31.29000
49.5960,1035,15,30,0.03000,BL,1,38,32.19000
49.5960,1035,15,30,0.03000,FR,0,30,31.95000
49.5960,1035,15,30,0.03000,BR,0,23,31.74000
49.6160,1035,15,30,0.03000,FL,0,15,31.50000
49.6160,1035,15,30,0.03000,BL,0,8,31.29000
49.6160,1035,15,30,0.03000,BL,1,38,32.19000
49.6160,1035,15,30,0.03000,FR,0,30,31.95000
49.6160,1035,15,30,0.03000,BR,0,23,31.74000
49.6260,1036,16,30,0.03000,FL,0,14,31.50000
49.6260,1036,16,30,0.03000,BL,0,7,31.29000
49.6260,1036,16,30,0.03000,BL,1,37,32.19000
49.6260,1036,16,30,0.03000,FR,0,29,31.95000
49.6260,1036,16,30,0.03000,BR,0,22,31.74000
49.6380,1036,16,30,0.03000,FL,0,14,31.50000
49.6380,1036,16,30,0.03000,BL,0,7,31.29000
49.6380,1036,16,30,0.03000,BL,1,37,32.19000
49.6380,1036,16,30,0.03000,FR,0,29,31.95000
49.6380,1036,16,30,0.03000,BR,0,22,31.74000
49.6500,1036,16,30,0.03000,FL,0,14,31.50000
49.6500,1036,16,30,0.03000,BL,0,7,31.29000
49.6500,1036,16,30,0.03000,BL,1,37,32.19000
49.6500,1036,16,30,0.03000,FR,0,29,31.95000
49.6500,1036,16,30,0.03000,BR,0,22,31.74000
49.6580,1037,17,30,0.03000,FL,0,13,31.50000
49.6580,1037,17,30,0.03000,BL,0,6,31.29000
49.6580,1037,17,30,0.03000,BL,1,36,32.19000
49.6580,1037,17,30,0.03000,FR,0,28,31.95000
49.6580,1037,17,30,0.03000,BR,0,21,31.74000
49.6680,1037,17,30,0.03000,FL,0,13,31.50000
49.6680,1037,17,30,0.03000,BL,0,6,31.29000
49.6680,1037,17,30,0.03000,BL,1,36,32.19000
49.6680,1037,17,30,0.03000,FR,0,28,31.95000
49.6680,1037,17,30,0.03000,BR,0,21,31.74000
49.6760,1037,17,30,0.03000,FL,0,13,31.50000
49.6760,1037,17,30,0.03000,BL,0,6,31.29000
49.6760,1037,17,30,0.03000,BL,1,36,32.19000
49.6760,1037,17,30,0.03000,FR,0,28,31.95000
49.6760,1037,17,30,0.03000,BR,0,21,31.74000
49.6860,1038,18,30,0.03000,FL,0,12,31.50000
49.6860,1038,18,30,0.03000,BL,0,5,31.29000
49.6860,1038,18,30,0.03000,BL,1,35,32.19000
49.6860,1038,18,30,0.03000,FR,0,27,31.95000
49.6860,1038,18,30,0.03000,BR,0,20,31.74000
49.7000,1038,18,30,0.03000,FL,0,12,31.50000
49.7000,1038,18,30,0.03000,BL,0,5,31.29000
49.7000,1038,18,30,0.03000,BL,1,35,32.19000
49.7000,1038,18,30,0.03000,FR,0,27,31.95000
49.7000,1038,18,30,0.03000,BR,0,20,31.74000
49.7080,1038,18,30,0.03000,FL,0,12,31.50000
49.7080,1038,18,30,0.03000,BL,0,5,31.29000
49.7080,1038,18,30,0.03000,BL,1,35,32.19000
49.7080,1038,18,30,0.03000,FR,0,27,31.95000
49.7080,1038,18,30,0.03000,BR,0,20,31.74000
49.7180,1039,19,30,0.03000,FL,0,11,31.50000
49.7180,1039,19,30,0.03000,BL,0,4,31.29000
49.7180,1039,19,30,0.03000,BL,1,34,32.19000
49.7180,1039,19,30,0.03000,FR,0,26,31.95000
49.7180,1039,19,30,0.03000,BR,0,19,31.74000
49.7280,1039,19,30,0.03000,FL,0,11,31.50000
49.7280,1039,19,30,0.03000,BL,0,4,31.29000
49.7280,1039,19,30,0.03000,BL,1,34,32.19000
49.7280,1039,19,30,0.03000,FR,0,26,31.95000
49.7280,1039,19,30,0.03000,BR,0,19,31.74000
49.7360,1039,19,30,0.03000,FL,0,11,31.50000
49.7360,1039,19,30,0.03000,BL,0,4,31.29000
49.7360,1039,19,30,0.03000,BL,1,34,32.19000
49.7360,1039,19,30,0.03000,FR,0,26,31.95000
49.7360,1039,19,30,0.03000,BR,0,19,31.74000
49.7480,1040,20,30,0.03000,FL,0,10,31.50000
49.7480,1040,20,30,0.03000,BL,0,3,31.29000
49.7480,1040,20,30,0.03000,BL,1,33,32.19000
49.7480,1040,20,30,0.03000,FR,0,25,31.95000
49.7480,1040,20,30,0.03000,BR,0,18,31.74000
49.7560,1040,20,30,0.03000,FL,0,10,31.50000
49.7560,1040,20,30,0.03000,BL,0,3,31.29000
49.7560,1040,20,30,0.03000,BL,1,33,32.19000
49.7560,1040,20,30,0.03000,FR,0,25,31.95000
49.7560,1040,20,30,0.03000,BR,0,18,31.74000
49.7660,1040,20,30,0.03000,FL,0,10,31.50000
49.7660,1040,20,30,0.03000,BL,0,3,31.29000
49.7660,1040,20,30,0.03000,BL,1,33,32.19000
49.7660,1040,20,30,0.03000,FR,0,25,31.95000
49.7660,1040,20,30,0.03000,BR,0,18,31.74000
49.7740,1041,21,30,0.03000,FL,0,9,31.50000
49.7740,1041,21,30,0.03000,FL,1,39,32.40000
49.7740,1041,21,30,0.03000,BL,0,2,31.29000
49.7740,1041,21,30,0.03000,BL,1,32,32.19000
49.7740,1041,21,30,0.03000,FR,0,24,31.95000
49.7740,1041,21,30,0.03000,BR,0,17,31.74000
49.7840,1041,21,30,0.03000,FL,0,9,31.50000
49.7840,1041,21,30,0.03000,FL,1,39,32.40000
49.7840,1041,21,30,0.03000,BL,0,2,31.29000
49.7840,1041,21,30,0.03000,BL,1,32,32.19000
49.7840,1041,21,30,0.03000,FR,0,24,31.95000
49.7840,1041,21,30,0.03000,BR,0,17,31.74000
49.7940,1041,21,30,0.03000,FL,0,9,31.50000
49.7940,1041,21,30,0.03000,FL,1,39,32.40000
49.7940,1041,21,30,0.03000,BL,0,2,31.29000
49.7940,1041,21,30,0.03000,BL,1,32,32.19000
49.7940,1041,21,30,0.03000,FR,0,24,31.95000
49.7940,1041,21,30,0.03000,BR,0,17,31.74000
49.8040,1042,22,30,0.03000,FL,0,8,31.50000
49.8040,1042,22,30,0.03000,FL,1,38,32.40000
49.8040,1042,22,30,0.03000,BL,0,1,31.29000
49.8040,1042,22,30,0.03000,BL,1,31,32.19000
49.8040,1042,22,30,0.03000,FR,0,23,31.95000
49.8040,1042,22,30,0.03000,BR,0,16,31.74000
49.8220,1042,22,30,0.03000,FL,0,8,31.50000
49.8220,1042,22,30,0.03000,FL,1,38,32.40000
49.8220,1042,22,30,0.03000,BL,0,1,31.29000
49.8220,1042,22,30,0.03000,BL,1,31,32.19000
49.8220,1042,22,30,0.03000,FR,0,23,31.95000
49.8220,1042,22,30,0.03000,BR,0,16,31.74000
49.8320,1042,22,30,0.03000,FL,0,8,31.50000
49.8320,1042,22,30,0.03000,FL,1,38,32.40000
49.8320,1042,22,30,0.03000,BL,0,1,31.29000
49.8320,1042,22,30,0.03000,BL,1,31,32.19000
49.8320,1042,22,30,0.03000,FR,0,23,31.95000
49.8320,1042,22,30,0.03000,BR,0,16,31.74000
49.8400,1043,23,30,0.03000,FL,0,7,31.50000
49.8400,1043,23,30,0.03000,FL,1,37,32.40000
49.8400,1043,23,30,0.03000,BL,0,30,32.19000
49.8400,1043,23,30,0.03000,FR,0,22,31.95000
49.8400,1043,23,30,0.03000,BR,0,15,31.74000
49.8500,1043,23,30,0.03000,FL,0,7,31.50000
49.8500,1043,23,30,0.03000,FL,1,37,32.40000
49.8500,1043,23,30,0.03000,BL,0,30,32.19000
49.8500,1043,23,30,0.03000,FR,0,22,31.95000
49.8500,1043,23,30,0.03000,BR,0,15,31.74000
49.8600,1043,23,30,0.03000,FL,0,7,31.50000
49.8600,1043,23,30,0.03000,FL,1,37,32.40000
49.8600,1043,23,30,0.03000,BL,0,30,32.19000
49.8600,1043,23,30,0.03000,FR,0,22,31.95000
49.8600,1043,23,30,0.03000,BR,0,15,31.74000
49.8680,1044,24,30,0.03000,FL,0,6,31.50000
49.8680,1044,24,30,0.03000,FL,1,36,32.40000
49.8680,1044,24,30,0.03000,BL,0,29,32.19000
49.8680,1044,24,30,0.03000,FR,0,21,31.95000
49.8680,1044,24,30,0.03000,BR,0,14,31.74000
49.8800,1044,24,30,0.03000,FL,0,6,31.50000
49.8800,1044,24,30,0.03000,FL,1,36,32.40000
49.8800,1044,24,30,0.03000,BL,0,29,32.19000
49.8800,1044,24,30,0.03000,FR,0,21,31.95000
49.8800,1044,24,30,0.03000,BR,0,14,31.74000
49.8900,1044,24,30,0.03000,FL,0,6,31.50000
49.8900,1044,24,30,0.03000,FL,1,36,32.40000
49.8900,1044,24,30,0.03000,BL,0,29,32.19000
49.8900,1044,24,30,0.03000,FR,0,21,31.95000
49.8900,1044,24,30,0.03000,BR,0,14,31.74000
49.9000,1045,25,30,0.03000,FL,0,5,31.50000
49.9000,1045,25,30,0.03000,FL,1,35,32.40000
49.9000,1045,25,30,0.03000,BL,0,28,32.19000
49.9000,1045,25,30,0.03000,FR,0,20,31.95000
49.9000,1045,25,30,0.03000,BR,0,13,31.74000
49.9120,1045,25,30,0.03000,FL,0,5,31.50000
49.9120,1045,25,30,0.03000,FL,1,35,32.40000
49.9120,1045,25,30,0.03000,BL,0,28,32.19000
49.9120,1045,25,30,0.03000,FR,0,20,31.95000
49.9120,1045,25,30,0.03000,BR,0,13,31.74000
49.9260,1046,26,30,0.03000,FL,0,4,31.50000
49.9260,1046,26,30,0.03000,FL,1,34,32.40000
49.9260,1046,26,30,0.03000,BL,0,27,32.19000
49.9260,1046,26,30,0.03000,FR,0,19,31.95000
49.9260,1046,26,30,0.03000,BR,0,12,31.74000
49.9400,1046,26,30,0.03000,FL,0,4,31.50000
49.9400,1046,26,30,0.03000,FL,1,34,32.40000
49.9400,1046,26,30,0.03000,BL,0,27,32.19000
49.9400,1046,26,30,0.03000,FR,0,19,31.95000
49.9400,1046,26,30,0.03000,BR,0,12,31.74000
49.9500,1046,26,30,0.03000,FL,0,4,31.50000
49.9500,1046,26,30,0.03000,FL,1,34,32.40000
49.9500,1046,26,30,0.03000,BL,0,27,32.19000
49.9500,1046,26,30,0.03000,FR,0,19,31.95000
49.9500,1046,26,30,0.03000,BR,0,12,31.74000
49.9580,1047,27,30,0.03000,FL,0,3,31.50000
49.9580,1047,27,30,0.03000,FL,1,33,32.40000
49.9580,1047,27,30,0.03000,BL,0,26,32.19000
49.9580,1047,27,30,0.03000,FR,0,18,31.95000
49.9580,1047,27,30,0.03000,BR,0,11,31.74000
49.9680,1047,27,30,0.03000,FL,0,3,31.50000
49.9680,1047,27,30,0.03000,FL,1,33,32.40000
49.9680,1047,27,30,0.03000,BL,0,26,32.19000
49.9680,1047,27,30,0.03000,FR,0,18,31.95000
49.9680,1047,27,30,0.03000,BR,0,11,31.74000
49.9780,1047,27,30,0.03000,FL,0,3,31.50000
49.9780,1047,27,30,0.03000,FL,1,33,32.40000
49.9780,1047,27,30,0.03000,BL,0,26,32.19000
49.9780,1047,27,30,0.03000,FR,0,18,31.95000
49.9780,1047,27,30,0.03000,BR,0,11,31.74000
49.9900,1048,28,30,0.03000,FL,0,2,31.50000
49.9900,1048,28,30,0.03000,FL,1,32,32.40000
49.9900,1048,28,30,0.03000,BL,0,25,32.19000
49.9900,1048,28,30,0.03000,FR,0,17,31.95000
49.9900,1048,28,30,0.03000,BR,0,10,31.74000
50.0020,1048,28,30,0.03000,FL,0,2,31.50000
50.0020,1048,28,30,0.03000,FL,1,32,32.40000
50.0020,1048,28,30,0.03000,BL,0,25,32.19000
50.0020,1048,28,30,0.03000,FR,0,17,31.95000
50.0020,1048,28,30,0.03000,BR,0,10,31.74000
50.0120,1048,28,30,0.03000,FL,0,2,31.50000
50.0120,1048,28,30,0.03000,FL,1,32,32.40000
50.0120,1048,28,30,0.03000,BL,0,25,32.19000
50.0120,1048,28,30,0.03000,FR,0,17,31.95000
50.0120,1048,28,30,0.03000,BR,0,10,31.74000
50.0220,1049,29,30,0.03000,FL,0,1,31.50000
50.0220,1049,29,30,0.03000,FL,1,31,32.40000
50.0220,1049,29,30,0.03000,BL,0,24,32.19000
50.0220,1049,29,30,0.03000,FR,0,16,31.95000
50.0220,1049,29,30,0.03000,BR,0,9,31.74000
50.0220,1049,29,30,0.03000,BR,1,39,32.64000
50.0320,1049,29,30,0.03000,FL,0,1,31.50000
50.0320,1049,29,30,0.03000,FL,1,31,32.40000
50.0320,1049,29,30,0.03000,BL,0,24,32.19000
50.0320,1049,29,30,0.03000,FR,0,16,31.95000
50.0320,1049,29,30,0.03000,BR,0,9,31.74000
50.0320,1049,29,30,0.03000,BR,1,39,32.64000
50.0400,1049,29,30,0.03000,FL,0,1,31.50000
50.0400,1049,29,30,0.03000,FL,1,31,32.40000
50.0400,1049,29,30,0.03000,BL,0,24,32.19000
50.0400,1049,29,30,0.03000,FR,0,16,31.95000
50.0400,1049,29,30,0.03000,BR,0,9,31.74000
50.0400,1049,29,30,0.03000,BR,1,39,32.64000
50.0500,1050,0,30,0.03000,FL,0,30,32.40000
50.0500,1050,0,30,0.03000,BL,0,23,32.19000
50.0500,1050,0,30,0.03000,FR,0,15,31.95000
50.0500,1050,0,30,0.03000,BR,0,8,31.74000
50.0500,1050,0,30,0.03000,BR,1,38,32.64000
50.0700,1050,0,30,0.03000,FL,0,30,32.40000
50.0700,1050,0,30,0.03000,BL,0,23,32.19000
50.0700,1050,0,30,0.03000,FR,0,15,31.95000
50.0700,1050,0,30,0.03000,BR,0,8,31.74000
50.0700,1050,0,30,0.03000,BR,1,38,32.64000
50.0800,1051,1,30,0.03000,FL,0,29,32.40000
50.0800,1051,1,30,0.03000,BL,0,22,32.19000
50.0800,1051,1,30,0.03000,FR,0,14,31.95000
50.0800,1051,1,30,0.03000,BR,0,7,31.74000
50.0800,1051,1,30,0.03000,BR,1,37,32.64000
50.0880,1051,1,30,0.03000,FL,0,29,32.40000
50.0880,1051,1,30,0.03000,BL,0,22,32.19000
50.0880,1051,1,30,0.03000,FR,0,14,31.95000
50.0880,1051,1,30,0.03000,BR,0,7,31.74000
50.0880,1051,1,30,0.03000,BR,1,37,32.64000
50.0980,1051,1,30,0.03000,FL,0,29,32.40000
50.0980,1051,1,30,0.03000,BL,0,22,32.19000
50.0980,1051,1,30,0.03000,FR,0,14,31.95000
50.0980,1051,1,30,0.03000,BR,0,7,31.74000
50.0980,1051,1,30,0.03000,BR,1,37,32.64000
50.1080,1052,2,30,0.03000,FL,0,28,32.40000
50.1080,1052,2,30,0.03000,BL,0,21,32.19000
50.1080,1052,2,30,0.03000,FR,0,13,31.95000
50.1080,1052,2,30,0.03000,BR,0,6,31.74000
50.1080,1052,2,30,0.03000,BR,1,36,32.64000
50.1180,1052,2,30,0.03000,FL,0,28,32.40000
50.1180,1052,2,30,0.03000,BL,0,21,32.19000
50.1180,1052,2,30,0.03000,FR,0,13,31.95000
50.1180,1052,2,30,0.03000,BR,0,6,31.74000
50.1180,1052,2,30,0.03000,BR,1,36,32.64000
50.1300,1052,2,30,0.03000,FL,0,28,32.40000
50.1300,1052,2,30,0.03000,BL,0,21,32.19000
50.1300,1052,2,30,0.03000,FR,0,13,31.95000
50.1300,1052,2,30,0.03000,BR,0,6,31.74000
50.1300,1052,2,30,0.03000,BR,1,36,32.64000
50.1400,1053,3,30,0.03000,FL,0,27,32.40000
50.1400,1053,3,30,0.03000,BL,0,20,32.19000
50.1400,1053,3,30,0.03000,FR,0,12,31.95000
50.1400,1053,3,30,0.03000,BR,0,5,31.74000
50.1400,1053,3,30,0.03000,BR,1,35,32.64000
50.1500,1053,3,30,0.03000,FL,0,27,32.40000
50.1500,1053,3,30,0.03000,BL,0,20,32.19000
50.1500,1053,3,30,0.03000,FR,0,12,31.95000
50.1500,1053,3,30,0.03000,BR,0,5,31.74000
50.1500,1053,3,30,0.03000,BR,1,35,32.64000
50.1600,1053,3,30,0.03000,FL,0,27,32.40000
50.1600,1053,3,30,0.03000,BL,0,20,32.19000
50.1600,1053,3,30,0.03000,FR,0,12,31.95000
50.1600,1053,3,30,0.03000,BR,0,5,31.74000
50.1600,1053,3,30,0.03000,BR,1,35,32.64000
50.1720,1054,4,30,0.03000,FL,0,26,32.40000
50.1720,1054,4,30,0.03000,BL,0,19,32.19000
50.1720,1054,4,30,0.03000,FR,0,11,31.95000
50.1720,1054,4,30,0.03000,BR,0,4,31.74000
50.1720,1054,4,30,0.03000,BR,1,34,32.64000
50.1820,1054,4,30,0.03000,FL,0,26,32.40000
50.1820,1054,4,30,0.03000,BL,0,19,32.19000
50.1820,1054,4,30,0.03000,FR,0,11,31.95000
50.1820,1054,4,30,0.03000,BR,0,4,31.74000
50.1820,1054,4,30,0.03000,BR,1,34,32.64000
50.1920,1054,4,30,0.03000,FL,0,26,32.40000
50.1920,1054,4,30,0.03000,BL,0,19,32.19000
50.1920,1054,4,30,0.03000,FR,0,11,31.95000
50.1920,1054,4,30,0.03000,BR,0,4,31.74000
50.1920,1054,4,30,0.03000,BR,1,34,32.64000
50.2000,1055,5,30,0.03000,FL,0,25,32.40000
50.2000,1055,5,30,0.03000,BL,0,18,32.19000
50.2000,1055,5,30,0.03000,FR,0,10,31.95000
50.2000,1055,5,30,0.03000,BR,0,3,31.74000
50.2000,1055,5,30,0.03000,BR,1,33,32.64000
50.2100,1055,5,30,0.03000,FL,0,25,32.40000
50.2100,1055,5,30,0.03000,BL,0,18,32.19000
50.2100,1055,5,30,0.03000,FR,0,10,31.95000
50.2100,1055,5,30,0.03000,BR,0,3,31.74000
50.2100,1055,5,30,0.03000,BR,1,33,32.64000
50.2200,1055,5,30,0.03000,FL,0,25,32.40000
50.2200,1055,5,30,0.03000,BL,0,18,32.19000
50.2200,1055,5,30,0.03000,FR,0,10,31.95000
50.2200,1055,5,30,0.03000,BR,0,3,31.74000
50.2200,1055,5,30,0.03000,BR,1,33,32.64000
50.2280,1056,6,30,0.03000,FL,0,24,32.40000
50.2280,1056,6,30,0.03000,BL,0,17,32.19000
50.2280,1056,6,30,0.03000,FR,0,9,31.95000
50.2280,1056,6,30,0.03000,FR,1,39,32.85000
50.2280,1056,6,30,0.03000,BR,0,2,31.74000
50.2280,1056,6,30,0.03000,BR,1,32,32.64000
50.2380,1056,6,30,0.03000,FL,0,24,32.40000
50.2380,1056,6,30,0.03000,BL,0,17,32.19000
50.2380,1056,6,30,0.03000,FR,0,9,31.95000
50.2380,1056,6,30,0.03000,FR,1,39,32.85000
50.2380,1056,6,30,0.03000,BR,0,2,31.74000
50.2380,1056,6,30,0.03000,BR,1,32,32.64000
50.2480,1056,6,30,0.03000,FL,0,24,32.40000
50.2480,1056,6,30,0.03000,BL,0,17,32.19000
50.2480,1056,6,30,0.03000,FR,0,9,31.95000
50.2480,1056,6,30,0.03000,FR,1,39,32.85000
50.2480,1056,6,30,0.03000,BR,0,2,31.74000
50.2480,1056,6,30,0.03000,BR,1,32,32.64000
50.2560,1057,7,30,0.03000,FL,0,23,32.40000
50.2560,1057,7,30,0.03000,BL,0,16,32.19000
50.2560,1057,7,30,0.03000,FR,0,8,31.95000
50.2560,1057,7,30,0.03000,FR,1,38,32.85000
50.2560,1057,7,30,0.03000,BR,0,1,31.74000
50.2560,1057,7,30,0.03000,BR,1,31,32.64000
50.2760,1057,7,30,0.03000,FL,0,23,32.40000
50.2760,1057,7,30,0.03000,BL,0,16,32.19000
50.2760,1057,7,30,0.03000,FR,0,8,31.95000
50.2760,1057,7,30,0.03000,FR,1,38,32.85000
50.2760,1057,7,30,0.03000,BR,0,1,31.74000
50.2760,1057,7,30,0.03000,BR,1,31,32.64000
50.2840,1058,8,30,0.03000,FL,0,22,32.40000
50.2840,1058,8,30,0.03000,BL,0,15,32.19000
50.2840,1058,8,30,0.03000,FR,0,7,31.95000
50.2840,1058,8,30,0.03000,FR,1,37,32.85000
50.2840,1058,8,30,0.03000,BR,0,30,32.64000
50.2940,1058,8,30,0.03000,FL,0,22,32.40000
50.2940,1058,8,30,0.03000,BL,0,15,32.19000
50.2940,1058,8,30,0.03000,FR,0,7,31.95000
50.2940,1058,8,30,0.03000,FR,1,37,32.85000
50.2940,1058,8,30,0.03000,BR,0,30,32.64000
50.3040,1058,8,30,0.03000,FL,0,22,32.40000
50.3040,1058,8,30,0.03000,BL,0,15,32.19000
50.3040,1058,8,30,0.03000,FR,0,7,31.95000
50.3040,1058,8,30,0.03000,FR,1,37,32.85000
50.3040,1058,8,30,0.03000,BR,0,30,32.64000
50.3140,1059,9,30,0.03000,FL,0,21,32.40000
50.3140,1059,9,30,0.03000,BL,0,14,32.19000
50.3140,1059,9,30,0.03000,FR,0,6,31.95000
50.3140,1059,9,30,0.03000,FR,1,36,32.85000
50.3140,1059,9,30,0.03000,BR,0,29,32.64000
50.3240,1059,9,30,0.03000,FL,0,21,32.40000
50.3240,1059,9,30,0.03000,BL,0,14,32.19000
50.3240,1059,9,30,0.03000,FR,0,6,31.95000
50.3240,1059,9,30,0.03000,FR,1,36,32.85000
50.3240,1059,9,30,0.03000,BR,0,29,32.64000
50.3320,1059,9,30,0.03000,FL,0,21,32.40000
50.3320,1059,9,30,0.03000,BL,0,14,32.19000
50.3320,1059,9,30,0.03000,FR,0,6,31.95000
50.3320,1059,9,30,0.03000,FR,1,36,32.85000
50.3320,1059,9,30,0.03000,BR,0,29,32.64000
50.3420,1059,9,30,0.03000,FL,0,21,32.40000
50.3420,1059,9,30,0.03000,BL,0,14,32.19000
50.3420,1059,9,30,0.03000,FR,0,6,31.95000
50.3420,1059,9,30,0.03000,FR,1,36,32.85000
50.3420,1059,9,30,0.03000,BR,0,29,32.64000
50.3520,1060,10,30,0.03000,FL,0,20,32.40000
50.3520,1060,10,30,0.03000,BL,0,13,32.19000
50.3520,1060,10,30,0.03000,FR,0,5,31.95000
50.3520,1060,10,30,0.03000,FR,1,35,32.85000
50.3520,1060,10,30,0.03000,BR,0,28,32.64000
50.3620,1060,10,30,0.03000,FL,0,20,32.40000
50.3620,1060,10,30,0.03000,BL,0,13,32.19000
50.3620,1060,10,30,0.03000,FR,0,5,31.95000
50.3620,1060,10,30,0.03000,FR,1,35,32.85000
50.3620,1060,10,30,0.03000,BR,0,28,32.64000
50.3720,1060,10,30,0.03000,FL,0,20,32.40000
50.3720,1060,10,30,0.03000,BL,0,13,32.19000
50.3720,1060,10,30,0.03000,FR,0,5,31.95000
50.3720,1060,10,30,0.03000,FR,1,35,32.85000
50.3720,1060,10,30,0.03000,BR,0,28,32.64000
50.3820,1061,11,30,0.03000,FL,0,19,32.40000
50.3820,1061,11,30,0.03000,BL,0,12,32.19000
50.3820,1061,11,30,0.03000,FR,0,4,31.95000
50.3820,1061,11,30,0.03000,FR,1,34,32.85000
50.3820,1061,11,30,0.03000,BR,0,27,32.64000
50.3900,1061,11,30,0.03000,FL,0,19,32.40000
50.3900,1061,11,30,0.03000,BL,0,12,32.19000
50.3900,1061,11,30,0.03000,FR,0,4,31.95000
50.3900,1061,11,30,0.03000,FR,1,34,32.85000
50.3900,1061,11,30,0.03000,BR,0,27,32.64000
50.4000,1061,11,30,0.03000,FL,0,19,32.40000
50.4000,1061,11,30,0.03000,BL,0,12,32.19000
50.4000,1061,11,30,0.03000,FR,0,4,31.95000
50.4000,1061,11,30,0.03000,FR,1,34,32.85000
50.4000,1061,11,30,0.03000,BR,0,27,32.64000
50.4100,1062,12,30,0.03000,FL,0,18,32.40000
50.4100,1062,12,30,0.03000,BL,0,11,32.19000
50.4100,1062,12,30,0.03000,FR,0,3,31.95000
50.4100,1062,12,30,0.03000,FR,1,33,32.85000
50.4100,1062,12,30,0.03000,BR,0,26,32.64000
50.4180,1062,12,30,0.03000,FL,0,18,32.40000
50.4180,1062,12,30,0.03000,BL,0,11,32.19000
50.4180,1062,12,30,0.03000,FR,0,3,31.95000
50.4180,1062,12,30,0.03000,FR,1,33,32.85000
50.4180,1062,12,30,0.03000,BR,0,26,32.64000
50.4280,1062,12,30,0.03000,FL,0,18,32.40000
50.4280,1062,12,30,0.03000,BL,0,11,32.19000
50.4280,1062,12,30,0.03000,FR,0,3,31.95000
50.4280,1062,12,30,0.03000,FR,1,33,32.85000
50.4280,1062,12,30,0.03000,BR,0,26,32.64000
50.4380,1063,13,30,0.03000,FL,0,17,32.40000
50.4380,1063,13,30,0.03000,BL,0,10,32.19000
50.4380,1063,13,30,0.03000,FR,0,2,31.95000
50.4380,1063,13,30,0.03000,FR,1,32,32.85000
50.4380,1063,13,30,0.03000,BR,0,25,32.64000
50.4480,1063,13,30,0.03000,FL,0,17,32.40000
50.4480,1063,13,30,0.03000,BL,0,10,32.19000
50.4480,1063,13,30,0.03000,FR,0,2,31.95000
50.4480,1063,13,30,0.03000,FR,1,32,32.85000
50.4480,1063,13,30,0.03000,BR,0,25,32.64000
50.4580,1063,13,30,0.03000,FL,0,17,32.40000
50.4580,1063,13,30,0.03000,BL,0,10,32.19000
50.4580,1063,13,30,0.03000,FR,0,2,31.95000
50.4580,1063,13,30,0.03000,FR,1,32,32.85000
50.4580,1063,13,30,0.03000,BR,0,25,32.64000
50.4700,1064,14,30,0.03000,FL,0,16,32.40000
50.4700,1064,14,30,0.03000,BL,0,9,32.19000
50.4700,1064,14,30,0.03000,BL,1,39,33.09000
50.4700,1064,14,30,0.03000,FR,0,1,31.95000
50.4700,1064,14,30,0.03000,FR,1,31,32.85000
50.4700,1064,14,30,0.03000,BR,0,24,32.64000
50.4780,1064,14,30,0.03000,FL,0,16,32.40000
50.4780,1064,14,30,0.03000,BL,0,9,32.19000
50.4780,1064,14,30,0.03000,BL,1,39,33.09000
50.4780,1064,14,30,0.03000,FR,0,1,31.95000
50.4780,1064,14,30,0.03000,FR,1,31,32.85000
50.4780,1064,14,30,0.03000,BR,0,24,32.64000
50.4880,1064,14,30,0.03000,FL,0,16,32.40000
50.4880,1064,14,30,0.03000,BL,0,9,32.19000
50.4880,1064,14,30,0.03000,BL,1,39,33.09000
50.4880,1064,14,30,0.03000,FR,0,1,31.95000
50.4880,1064,14,30,0.03000,FR,1,31,32.85000
50.4880,1064,14,30,0.03000,BR,0,24,32.64000
50.4960,1065,15,30,0.03000,FL,0,15,32.40000
50.4960,1065,15,30,0.03000,BL,0,8,32.19000
50.4960,1065,15,30,0.03000,BL,1,38,33.09000
50.4960,1065,15,30,0.03000,FR,0,30,32.85000
50.4960,1065,15,30,0.03000,BR,0,23,32.64000
50.5200,1065,15,30,0.03000,FL,0,15,32.40000
50.5200,1065,15,30,0.03000,BL,0,8,32.19000
50.5200,1065,15,30,0.03000,BL,1,38,33.09000
50.5200,1065,15,30,0.03000,FR,0,30,32.85000
50.5200,1065,15,30,0.03000,BR,0,23,32.64000
50.5300,1066,16,30,0.03000,FL,0,14,32.40000
50.5300,1066,16,30,0.03000,BL,0,7,32.19000
50.5300,1066,16,30,0.03000,BL,1,37,33.09000
50.5300,1066,16,30,0.03000,FR,0,29,32.85000
50.5300,1066,16,30,0.03000,BR,0,22,32.64000
50.5400,1066,16,30,0.03000,FL,0,14,32.40000
50.5400,1066,16,30,0.03000,BL,0,7,32.19000
50.5400,1066,16,30,0.03000,BL,1,37,33.09000
50.5400,1066,16,30,0.03000,FR,0,29,32.85000
50.5400,1066,16,30,0.03000,BR,0,22,32.64000
50.5540,1067,17,30,0.03000,FL,0,13,32.40000
50.5540,1067,17,30,0.03000,BL,0,6,32.19000
50.5540,1067,17,30,0.03000,BL,1,36,33.09000
50.5540,1067,17,30,0.03000,FR,0,28,32.85000
50.5540,1067,17,30,0.03000,BR,0,21,32.64000
50.5640,1067,17,30,0.03000,FL,0,13,32.40000
50.5640,1067,17,30,0.03000,BL,0,6,32.19000
50.5640,1067,17,30,0.03000,BL,1,36,33.09000
50.5640,1067,17,30,0.03000,FR,0,28,32.85000
50.5640,1067,17,30,0.03000,BR,0,21,32.64000
50.5740,1067,17,30,0.03000,FL,0,13,32.40000
50.5740,1067,17,30,0.03000,BL,0,6,32.19000
50.5740,1067,17,30,0.03000,BL,1,36,33.09000
50.5740,1067,17,30,0.03000,FR,0,28,32.85000
50.5740,1067,17,30,0.03000,BR,0,21,32.64000
50.5840,1068,18,30,0.03000,FL,0,12,32.40000
50.5840,1068,18,30,0.03000,BL,0,5,32.19000
50.5840,1068,18,30,0.03000,BL,1,35,33.09000
50.5840,1068,18,30,0.03000,FR,0,27,32.85000
50.5840,1068,18,30,0.03000,BR,0,20,32.64000
50.5940,1068,18,30,0.03000,FL,0,12,32.40000
50.5940,1068,18,30,0.03000,BL,0,5,32.19000
50.5940,1068,18,30,0.03000,BL,1,35,33.09000
50.5940,1068,18,30,0.03000,FR,0,27,32.85000
50.5940,1068,18,30,0.03000,BR,0,20,32.64000
50.6020,1068,18,30,0.03000,FL,0,12,32.40000
50.6020,1068,18,30,0.03000,BL,0,5,32.19000
50.6020,1068,18,30,0.03000,BL,1,35,33.09000
50.6020,1068,18,30,0.03000,FR,0,27,32.85000
50.6020,1068,18,30,0.03000,BR,0,20,32.64000
50.6120,1068,18,30,0.03000,FL,0,12,32.40000
50.6120,1068,18,30,0.03000,BL,0,5,32.19000
50.6120,1068,18,30,0.03000,BL,1,35,33.09000
50.6120,1068,18,30,0.03000,FR,0,27,32.85000
50.6120,1068,18,30,0.03000,BR,0,20,32.64000
50.6220,1069,19,30,0.03000,FL,0,11,32.40000
50.6220,1069,19,30,0.03000,BL,0,4,32.19000
50.6220,1069,19,30,0.03000,BL,1,34,33.09000
50.6220,1069,19,30,0.03000,FR,0,26,32.85000
50.6220,1069,19,30,0.03000,BR,0,19,32.64000
50.6320,1069,19,30,0.03000,FL,0,11,32.40000
50.6320,1069,19,30,0.03000,BL,0,4,32.19000
50.6320,1069,19,30,0.03000,BL,1,34,33.09000
50.6320,1069,19,30,0.03000,FR,0,26,32.85000
50.6320,1069,19,30,0.03000,BR,0,19,32.64000
50.6440,1070,20,30,0.03000,FL,0,10,32.40000
50.6440,1070,20,30,0.03000,BL,0,3,32.19000
50.6440,1070,20,30,0.03000,BL,1,33,33.09000
50.6440,1070,20,30,0.03000,FR,0,25,32.85000
50.6440,1070,20,30,0.03000,BR,0,18,32.64000
50.6560,1070,20,30,0.03000,FL,0,10,32.40000
50.6560,1070,20,30,0.03000,BL,0,3,32.19000
50.6560,1070,20,30,0.03000,BL,1,33,33.09000
50.6560,1070,20,30,0.03000,FR,0,25,32.85000
50.6560,1070,20,30,0.03000,BR,0,18,32.64000
50.6640,1070,20,30,0.03000,FL,0,10,32.40000
50.6640,1070,20,30,0.03000,BL,0,3,32.19000
50.6640,1070,20,30,0.03000,BL,1,33,33.09000
50.6640,1070,20,30,0.03000,FR,0,25,32.85000
50.6640,1070,20,30,0.03000,BR,0,18,32.64000
50.6780,1071,21,30,0.03000,FL,0,9,32.40000
50.6780,1071,21,30,0.03000,FL,1,39,33.30000
50.6780,1071,21,30,0.03000,BL,0,2,32.19000
50.6780,1071,21,30,0.03000,BL,1,32,33.09000
50.6780,1071,21,30,0.03000,FR,0,24,32.85000
50.6780,1071,21,30,0.03000,BR,0,17,32.64000
50.6880,1071,21,30,0.03000,FL,0,9,32.40000
50.6880,1071,21,30,0.03000,FL,1,39,33.30000
50.6880,1071,21,30,0.03000,BL,0,2,32.19000
50.6880,1071,21,30,0.03000,BL,1,32,33.09000
50.6880,1071,21,30,0.03000,FR,0,24,32.85000
50.6880,1071,21,30,0.03000,BR,0,17,32.64000
50.6980,1071,21,30,0.03000,FL,0,9,32.40000
50.6980,1071,21,30,0.03000,FL,1,39,33.30000
50.6980,1071,21,30,0.03000,BL,0,2,32.19000
50.6980,1071,21,30,0.03000,BL,1,32,33.09000
50.6980,1071,21,30,0.03000,FR,0,24,32.85000
50.6980,1071,21,30,0.03000,BR,0,17,32.64000
50.7080,1072,22,30,0.03000,FL,0,8,32.40000
50.7080,1072,22,30,0.03000,FL,1,38,33.30000
50.7080,1072,22,30,0.03000,BL,0,1,32.19000
50.7080,1072,22,30,0.03000,BL,1,31,33.09000
50.7080,1072,22,30,0.03000,FR,0,23,32.85000
50.7080,1072,22,30,0.03000,BR,0,16,32.64000
50.7280,1072,22,30,0.03000,FL,0,8,32.40000
50.7280,1072,22,30,0.03000,FL,1,38,33.30000
50.7280,1072,22,30,0.03000,BL,0,1,32.19000
50.7280,1072,22,30,0.03000,BL,1,31,33.09000
50.7280,1072,22,30,0.03000,FR,0,23,32.85000
50.7280,1072,22,30,0.03000,BR,0,16,32.64000
50.7400,1073,23,30,0.03000,FL,0,7,32.40000
50.7400,1073,23,30,0.03000,FL,1,37,33.30000
50.7400,1073,23,30,0.03000,BL,0,30,33.09000
50.7400,1073,23,30,0.03000,FR,0,22,32.85000
50.7400,1073,23,30,0.03000,BR,0,15,32.64000
50.7500,1073,23,30,0.03000,FL,0,7,32.40000
50.7500,1073,23,30,0.03000,FL,1,37,33.30000
50.7500,1073,23,30,0.03000,BL,0,30,33.09000
50.7500,1073,23,30,0.03000,FR,0,22,32.85000
50.7500,1073,23,30,0.03000,BR,0,15,32.64000
50.7600,1073,23,30,0.03000,FL,0,7,32.40000
50.7600,1073,23,30,0.03000,FL,1,37,33.30000
50.7600,1073,23,30,0.03000,BL,0,30,33.09000
50.7600,1073,23,30,0.03000,FR,0,22,32.85000
50.7600,1073,23,30,0.03000,BR,0,15,32.64000
50.7680,1074,24,30,0.03000,FL,0,6,32.40000
50.7680,1074,24,30,0.03000,FL,1,36,33.30000
50.7680,1074,24,30,0.03000,BL,0,29,33.09000
50.7680,1074,24,30,0.03000,FR,0,21,32.85000
50.7680,1074,24,30,0.03000,BR,0,14,32.64000
50.7820,1074,24,30,0.03000,FL,0,6,32.40000
50.7820,1074,24,30,0.03000,FL,1,36,33.30000
50.7820,1074,24,30,0.03000,BL,0,29,33.09000
50.7820,1074,24,30,0.03000,FR,0,21,32.85000
50.7820,1074,24,30,0.03000,BR,0,14,32.64000
50.7920,1074,24,30,0.03000,FL,0,6,32.40000
50.7920,1074,24,30,0.03000,FL,1,36,33.30000
50.7920,1074,24,30,0.03000,BL,0,29,33.09000
50.7920,1074,24,30,0.03000,FR,0,21,32.85000
50.7920,1074,24,30,0.03000,BR,0,14,32.64000
50.8080,1075,25,30,0.03000,FL,0,5,32.40000
50.8080,1075,25,30,0.03000,FL,1,35,33.30000
50.8080,1075,25,30,0.03000,BL,0,28,33.09000
50.8080,1075,25,30,0.03000,FR,0,20,32.85000
50.8080,1075,25,30,0.03000,BR,0,13,32.64000
50.8200,1075,25,30,0.03000,FL,0,5,32.40000
50.8200,1075,25,30,0.03000,FL,1,35,33.30000
50.8200,1075,25,30,0.03000,BL,0,28,33.09000
50.8200,1075,25,30,0.03000,FR,0,20,32.85000
50.8200,1075,25,30,0.03000,BR,0,13,32.64000
50.8340,1076,26,30,0.03000,FL,0,4,32.40000
50.8340,1076,26,30,0.03000,FL,1,34,33.30000
50.8340,1076,26,30,0.03000,BL,0,27,33.09000
50.8340,1076,26,30,0.03000,FR,0,19,32.85000
50.8340,1076,26,30,0.03000,BR,0,12,32.64000
50.8560,1077,27,30,0.03000,FL,0,3,32.40000
50.8560,1077,27,30,0.03000,FL,1,33,33.30000
50.8560,1077,27,30,0.03000,BL,0,26,33.09000
50.8560,1077,27,30,0.03000,FR,0,18,32.85000
50.8560,1077,27,30,0.03000,BR,0,11,32.64000
50.8660,1077,27,30,0.03000,FL,0,3,32.40000
50.8660,1077,27,30,0.03000,FL,1,33,33.30000
50.8660,1077,27,30,0.03000,BL,0,26,33.09000
50.8660,1077,27,30,0.03000,FR,0,18,32.85000
50.8660,1077,27,30,0.03000,BR,0,11,32.64000
50.8760,1077,27,30,0.03000,FL,0,3,32.40000
50.8760,1077,27,30,0.03000,FL,1,33,33.30000
50.8760,1077,27,30,0.03000,BL,0,26,33.09000
50.8760,1077,27,30,0.03000,FR,0,18,32.85000
50.8760,1077,27,30,0.03000,BR,0,11,32.64000
50.8860,1078,28,30,0.03000,FL,0,2,32.40000
50.8860,1078,28,30,0.03000,FL,1,32,33.30000
50.8860,1078,28,30,0.03000,BL,0,25,33.09000
50.8860,1078,28,30,0.03000,FR,0,17,32.85000
50.8860,1078,28,30,0.03000,BR,0,10,32.64000
50.8940,1078,28,30,0.03000,FL,0,2,32.40000
50.8940,1078,28,30,0.03000,FL,1,32,33.30000
50.8940,1078,28,30,0.03000,BL,0,25,33.09000
50.8940,1078,28,30,0.03000,FR,0,17,32.85000
50.8940,1078,28,30,0.03000,BR,0,10,32.64000
50.9060,1078,28,30,0.03000,FL,0,2,32.40000
50.9060,1078,28,30,0.03000,FL,1,32,33.30000
50.9060,1078,28,30,0.03000,BL,0,25,33.09000
50.9060,1078,28,30,0.03000,FR,0,17,32.85000
50.9060,1078,28,30,0.03000,BR,0,10,32.64000
50.9140,1079,29,30,0.03000,FL,0,1,32.40000
50.9140,1079,29,30,0.03000,FL,1,31,33.30000
50.9140,1079,29,30,0.03000,BL,0,24,33.09000
50.9140,1079,29,30,0.03000,FR,0,16,32.85000
50.9140,1079,29,30,0.03000,BR,0,9,32.64000
50.9140,1079,29,30,0.03000,BR,1,39,33.54000
50.9240,1079,29,30,0.03000,FL,0,1,32.40000
50.9240,1079,29,30,0.03000,FL,1,31,33.30000
50.9240,1079,29,30,0.03000,BL,0,24,33.09000
50.9240,1079,29,30,0.03000,FR,0,16,32.85000
50.9240,1079,29,30,0.03000,BR,0,9,32.64000
50.9240,1079,29,30,0.03000,BR,1,39,33.54000
50.9320,1079,29,30,0.03000,FL,0,1,32.40000
50.9320,1079,29,30,0.03000,FL,1,31,33.30000
50.9320,1079,29,30,0.03000,BL,0,24,33.09000
50.9320,1079,29,30,0.03000,FR,0,16,32.85000
50.9320,1079,29,30,0.03000,BR,0,9,32.64000
50.9320,1079,29,30,0.03000,BR,1,39,33.54000
50.9420,1079,29,30,0.03000,FL,0,1,32.40000
50.9420,1079,29,30,0.03000,FL,1,31,33.30000
50.9420,1079,29,30,0.03000,BL,0,24,33.09000
50.9420,1079,29,30,0.03000,FR,0,16,32.85000
50.9420,1079,29,30,0.03000,BR,0,9,32.64000
50.9420,1079,29,30,0.03000,BR,1,39,33.54000
50.9520,1080,0,30,0.03000,FL,0,30,33.30000
50.9520,1080,0,30,0.03000,BL,0,23,33.09000
50.9520,1080,0,30,0.03000,FR,0,15,32.85000
50.9520,1080,0,30,0.03000,BR,0,8,32.64000
50.9520,1080,0,30,0.03000,BR,1,38,33.54000
50.9700,1080,0,30,0.03000,FL,0,30,33.30000
50.9700,1080,0,30,0.03000,BL,0,23,33.09000
50.9700,1080,0,30,0.03000,FR,0,15,32.85000
50.9700,1080,0,30,0.03000,BR,0,8,32.64000
50.9700,1080,0,30,0.03000,BR,1,38,33.54000
50.9800,1081,1,30,0.03000,FL,0,29,33.30000
50.9800,1081,1,30,0.03000,BL,0,22,33.09000
50.9800,1081,1,30,0.03000,FR,0,14,32.85000
50.9800,1081,1,30,0.03000,BR,0,7,32.64000
50.9800,1081,1,30,0.03000,BR,1,37,33.54000
50.9880,1081,1,30,0.03000,FL,0,29,33.30000
50.9880,1081,1,30,0.03000,BL,0,22,33.09000
50.9880,1081,1,30,0.03000,FR,0,14,32.85000
50.9880,1081,1,30,0.03000,BR,0,7,32.64000
50.9880,1081,1,30,0.03000,BR,1,37,33.54000
50.9980,1081,1,30,0.03000,FL,0,29,33.30000
50.9980,1081,1,30,0.03000,BL,0,22,33.09000
50.9980,1081,1,30,0.03000,FR,0,14,32.85000
50.9980,1081,1,30,0.03000,BR,0,7,32.64000
50.9980,1081,1,30,0.03000,BR,1,37,33.54000
51.0080,1082,2,30,0.03000,FL,0,28,33.30000
51.0080,1082,2,30,0.03000,BL,0,21,33.09000
51.0080,1082,2,30,0.03000,FR,0,13,32.85000
51.0080,1082,2,30,0.03000,BR,0,6,32.64000
51.0080,1082,2,30,0.03000,BR,1,36,33.54000
51.0160,1082,2,30,0.03000,FL,0,28,33.30000
51.0160,1082,2,30,0.03000,BL,0,21,33.09000
51.0160,1082,2,30,0.03000,FR,0,13,32.85000
51.0160,1082,2,30,0.03000,BR,0,6,32.64000
51.0160,1082,2,30,0.03000,BR,1,36,33.54000
51.0260,1082,2,30,0.03000,FL,0,28,33.30000
51.0260,1082,2,30,0.03000,BL,0,21,33.09000
51.0260,1082,2,30,0.03000,FR,0,13,32.85000
51.0260,1082,2,30,0.03000,BR,0,6,32.64000
51.0260,1082,2,30,0.03000,BR,1,36,33.54000
51.0360,1083,3,30,0.03000,FL,0,27,33.30000
51.0360,1083,3,30,0.03000,BL,0,20,33.09000
51.0360,1083,3,30,0.03000,FR,0,12,32.85000
51.0360,1083,3,30,0.03000,BR,0,5,32.64000
51.0360,1083,3,30,0.03000,BR,1,35,33.54000
51.0440,1083,3,30,0.03000,FL,0,27,33.30000
51.0440,1083,3,30,0.03000,BL,0,20,33.09000
51.0440,1083,3,30,0.03000,FR,0,12,32.85000
51.0440,1083,3,30,0.03000,BR,0,5,32.64000
51.0440,1083,3,30,0.03000,BR,1,35,33.54000
51.0540,1083,3,30,0.03000,FL,0,27,33.30000
51.0540,1083,3,30,0.03000,BL,0,20,33.09000
51.0540,1083,3,30,0.03000,FR,0,12,32.85000
51.0540,1083,3,30,0.03000,BR,0,5,32.64000
51.0540,1083,3,30,0.03000,BR,1,35,33.54000
51.0640,1084,4,30,0.03000,FL,0,26,33.30000
51.0640,1084,4,30,0.03000,BL,0,19,33.09000
51.0640,1084,4,30,0.03000,FR,0,11,32.85000
51.0640,1084,4,30,0.03000,BR,0,4,32.64000
51.0640,1084,4,30,0.03000,BR,1,34,33.54000
51.0740,1084,4,30,0.03000,FL,0,26,33.30000
51.0740,1084,4,30,0.03000,BL,0,19,33.09000
51.0740,1084,4,30,0.03000,FR,0,11,32.85000
51.0740,1084,4,30,0.03000,BR,0,4,32.64000
51.0740,1084,4,30,0.03000,BR,1,34,33.54000
51.0840,1084,4,30,0.03000,FL,0,26,33.30000
51.0840,1084,4,30,0.03000,BL,0,19,33.09000
51.0840,1084,4,30,0.03000,FR,0,11,32.85000
51.0840,1084,4,30,0.03000,BR,0,4,32.64000
51.0840,1084,4,30,0.03000,BR,1,34,33.54000
51.0920,1084,4,30,0.03000,FL,0,26,33.30000
51.0920,1084,4,30,0.03000,BL,0,19,33.09000
51.0920,1084,4,30,0.03000,FR,0,11,32.85000
51.0920,1084,4,30,0.03000,BR,0,4,32.64000
51.0920,1084,4,30,0.03000,BR,1,34,33.54000
51.1040,1085,5,30,0.03000,FL,0,25,33.30000
51.1040,1085,5,30,0.03000,BL,0,18,33.09000
51.1040,1085,5,30,0.03000,FR,0,10,32.85000
51.1040,1085,5,30,0.03000,BR,0,3,32.64000
51.1040,1085,5,30,0.03000,BR,1,33,33.54000
51.1160,1085,5,30,0.03000,FL,0,25,33.30000
51.1160,1085,5,30,0.03000,BL,0,18,33.09000
51.1160,1085,5,30,0.03000,FR,0,10,32.85000
51.1160,1085,5,30,0.03000,BR,0,3,32.64000
51.1160,1085,5,30,0.03000,BR,1,33,33.54000
51.1260,1086,6,30,0.03000,FL,0,24,33.30000
51.1260,1086,6,30,0.03000,BL,0,17,33.09000
51.1260,1086,6,30,0.03000,FR,0,9,32.85000
51.1260,1086,6,30,0.03000,FR,1,39,33.75000
51.1260,1086,6,30,0.03000,BR,0,2,32.64000
51.1260,1086,6,30,0.03000,BR,1,32,33.54000
51.1360,1086,6,30,0.03000,FL,0,24,33.30000
51.1360,1086,6,30,0.03000,BL,0,17,33.09000
51.1360,1086,6,30,0.03000,FR,0,9,32.85000
51.1360,1086,6,30,0.03000,FR,1,39,33.75000
51.1360,1086,6,30,0.03000,BR,0,2,32.64000
51.1360,1086,6,30,0.03000,BR,1,32,33.54000
51.1440,1086,6,30,0.03000,FL,0,24,33.30000
51.1440,1086,6,30,0.03000,BL,0,17,33.09000
51.1440,1086,6,30,0.03000,FR,0,9,32.85000
51.1440,1086,6,30,0.03000,FR,1,39,33.75000
51.1440,1086,6,30,0.03000,BR,0,2,32.64000
51.1440,1086,6,30,0.03000,BR,1,32,33.54000
51.1560,1087,7,30,0.03000,FL,0,23,33.30000
51.1560,1087,7,30,0.03000,BL,0,16,33.09000
51.1560,1087,7,30,0.03000,FR,0,8,32.85000
51.1560,1087,7,30,0.03000,FR,1,38,33.75000
51.1560,1087,7,30,0.03000,BR,0,1,32.64000
51.1560,1087,7,30,0.03000,BR,1,31,33.54000
51.1760,1087,7,30,0.03000,FL,0,23,33.30000
51.1760,1087,7,30,0.03000,BL,0,16,33.09000
51.1760,1087,7,30,0.03000,FR,0,8,32.85000
51.1760,1087,7,30,0.03000,FR,1,38,33.75000
51.1760,1087,7,30,0.03000,BR,0,1,32.64000
51.1760,1087,7,30,0.03000,BR,1,31,33.54000
51.1860,1088,8,30,0.03000,FL,0,22,33.30000
51.1860,1088,8,30,0.03000,BL,0,15,33.09000
51.1860,1088,8,30,0.03000,FR,0,7,32.85000
51.1860,1088,8,30,0.03000,FR,1,37,33.75000
51.1860,1088,8,30,0.03000,BR,0,30,33.54000
51.1960,1088,8,30,0.03000,FL,0,22,33.30000
51.1960,1088,8,30,0.03000,BL,0,15,33.09000
51.1960,1088,8,30,0.03000,FR,0,7,32.85000
51.1960,1088,8,30,0.03000,FR,1,37,33.75000
51.1960,1088,8,30,0.03000,BR,0,30,33.54000
51.2060,1088,8,30,0.03000,FL,0,22,33.30000
51.2060,1088,8,30,0.03000,BL,0,15,33.09000
51.2060,1088,8,30,0.03000,FR,0,7,32.85000
51.2060,1088,8,30,0.03000,FR,1,37,33.75000
51.2060,1088,8,30,0.03000,BR,0,30,33.54000
51.2140,1089,9,30,0.03000,FL,0,21,33.30000
51.2140,1089,9,30,0.03000,BL,0,14,33.09000
51.2140,1089,9,30,0.03000,FR,0,6,32.85000
51.2140,1089,9,30,0.03000,FR,1,36,33.75000
51.2140,1089,9,30,0.03000,BR,0,29,33.54000
51.2260,1089,9,30,0.03000,FL,0,21,33.30000
51.2260,1089,9,30,0.03000,BL,0,14,33.09000
51.2260,1089,9,30,0.03000,FR,0,6,32.85000
51.2260,1089,9,30,0.03000,FR,1,36,33.75000
51.2260,1089,9,30,0.03000,BR,0,29,33.54000
51.2360,1089,9,30,0.03000,FL,0,21,33.30000
51.2360,1089,9,30,0.03000,BL,0,14,33.09000
51.2360,1089,9,30,0.03000,FR,0,6,32.85000
51.2360,1089,9,30,0.03000,FR,1,36,33.75000
51.2360,1089,9,30,0.03000,BR,0,29,33.54000
51.2440,1090,10,30,0.03000,FL,0,20,33.30000
51.2440,1090,10,30,0.03000,BL,0,13,33.09000
51.2440,1090,10,30,0.03000,FR,0,5,32.85000
51.2440,1090,10,30,0.03000,FR,1,35,33.75000
51.2440,1090,10,30,0.03000,BR,0,28,33.54000
51.2560,1090,10,30,0.03000,FL,0,20,33.30000
51.2560,1090,10,30,0.03000,BL,0,13,33.09000
51.2560,1090,10,30,0.03000,FR,0,5,32.85000
51.2560,1090,10,30,0.03000,FR,1,35,33.75000
51.2560,1090,10,30,0.03000,BR,0,28,33.54000
51.2660,1090,10,30,0.03000,FL,0,20,33.30000
51.2660,1090,10,30,0.03000,BL,0,13,33.09000
51.2660,1090,10,30,0.03000,FR,0,5,32.85000
51.2660,1090,10,30,0.03000,FR,1,35,33.75000
51.2660,1090,10,30,0.03000,BR,0,28,33.54000
51.2760,1091,11,30,0.03000,FL,0,19,33.30000
51.2760,1091,11,30,0.03000,BL,0,12,33.09000
51.2760,1091,11,30,0.03000,FR,0,4,32.85000
51.2760,1091,11,30,0.03000,FR,1,34,33.75000
51.2760,1091,11,30,0.03000,BR,0,27,33.54000
51.2840,1091,11,30,0.03000,FL,0,19,33.30000
51.2840,1091,11,30,0.03000,BL,0,12,33.09000
51.2840,1091,11,30,0.03000,FR,0,4,32.85000
51.2840,1091,11,30,0.03000,FR,1,34,33.75000
51.2840,1091,11,30,0.03000,BR,0,27,33.54000
51.2940,1091,11,30,0.03000,FL,0,19,33.30000
51.2940,1091,11,30,0.03000,BL,0,12,33.09000
51.2940,1091,11,30,0.03000,FR,0,4,32.85000
51.2940,1091,11,30,0.03000,FR,1,34,33.75000
51.2940,1091,11,30,0.03000,BR,0,27,33.54000
51.3040,1092,12,30,0.03000,FL,0,18,33.30000
51.3040,1092,12,30,0.03000,BL,0,11,33.09000
51.3040,1092,12,30,0.03000,FR,0,3,32.85000
51.3040,1092,12,30,0.03000,FR,1,33,33.75000
51.3040,1092,12,30,0.03000,BR,0,26,33.54000
51.3140,1092,12,30,0.03000,FL,0,18,33.30000
51.3140,1092,12,30,0.03000,BL,0,11,33.09000
51.3140,1092,12,30,0.03000,FR,0,3,32.85000
51.3140,1092,12,30,0.03000,FR,1,33,33.75000
51.3140,1092,12,30,0.03000,BR,0,26,33.54000
51.3220,1092,12,30,0.03000,FL,0,18,33.30000
51.3220,1092,12,30,0.03000,BL,0,11,33.09000
51.3220,1092,12,30,0.03000,FR,0,3,32.85000
51.3220,1092,12,30,0.03000,FR,1,33,33.75000
51.3220,1092,12,30,0.03000,BR,0,26,33.54000
51.3320,1092,12,30,0.03000,FL,0,18,33.30000
51.3320,1092,12,30,0.03000,BL,0,11,33.09000
51.3320,1092,12,30,0.03000,FR,0,3,32.85000
51.3320,1092,12,30,0.03000,FR,1,33,33.75000
51.3320,1092,12,30,0.03000,BR,0,26,33.54000
51.3420,1093,13,30,0.03000,FL,0,17,33.30000
51.3420,1093,13,30,0.03000,BL,0,10,33.09000
51.3420,1093,13,30,0.03000,FR,0,2,32.85000
51.3420,1093,13,30,0.03000,FR,1,32,33.75000
51.3420,1093,13,30,0.03000,BR,0,25,33.54000
51.3520,1093,13,30,0.03000,FL,0,17,33.30000
51.3520,1093,13,30,0.03000,BL,0,10,33.09000
51.3520,1093,13,30,0.03000,FR,0,2,32.85000
51.3520,1093,13,30,0.03000,FR,1,32,33.75000
51.3520,1093,13,30,0.03000,BR,0,25,33.54000
51.3600,1093,13,30,0.03000,FL,0,17,33.30000
51.3600,1093,13,30,0.03000,BL,0,10,33.09000
51.3600,1093,13,30,0.03000,FR,0,2,32.85000
51.3600,1093,13,30,0.03000,FR,1,32,33.75000
51.3600,1093,13,30,0.03000,BR,0,25,33.54000
51.3700,1094,14,30,0.03000,FL,0,16,33.30000
51.3700,1094,14,30,0.03000,BL,0,9,33.09000
51.3700,1094,14,30,0.03000,BL,1,39,33.99000
51.3700,1094,14,30,0.03000,FR,0,1,32.85000
51.3700,1094,14,30,0.03000,FR,1,31,33.75000
51.3700,1094,14,30,0.03000,BR,0,24,33.54000
51.3780,1094,14,30,0.03000,FL,0,16,33.30000
51.3780,1094,14,30,0.03000,BL,0,9,33.09000
51.3780,1094,14,30,0.03000,BL,1,39,33.99000
51.3780,1094,14,30,0.03000,FR,0,1,32.85000
51.3780,1094,14,30,0.03000,FR,1,31,33.75000
51.3780,1094,14,30,0.03000,BR,0,24,33.54000
51.3880,1094,14,30,0.03000,FL,0,16,33.30000
51.3880,1094,14,30,0.03000,BL,0,9,33.09000
51.3880,1094,14,30,0.03000,BL,1,39,33.99000
51.3880,1094,14,30,0.03000,FR,0,1,32.85000
51.3880,1094,14,30,0.03000,FR,1,31,33.75000
51.3880,1094,14,30,0.03000,BR,0,24,33.54000
51.3980,1095,15,30,0.03000,FL,0,15,33.30000
51.3980,1095,15,30,0.03000,BL,0,8,33.09000
51.3980,1095,15,30,0.03000,BL,1,38,33.99000
51.3980,1095,15,30,0.03000,FR,0,30,33.75000
51.3980,1095,15,30,0.03000,BR,0,23,33.54000
51.4200,1095,15,30,0.03000,FL,0,15,33.30000
51.4200,1095,15,30,0.03000,BL,0,8,33.09000
51.4200,1095,15,30,0.03000,BL,1,38,33.99000
51.4200,1095,15,30,0.03000,FR,0,30,33.75000
51.4200,1095,15,30,0.03000,BR,0,23,33.54000
51.4280,1096,16,30,0.03000,FL,0,14,33.30000
51.4280,1096,16,30,0.03000,BL,0,7,33.09000
51.4280,1096,16,30,0.03000,BL,1,37,33.99000
51.4280,1096,16,30,0.03000,FR,0,29,33.75000
51.4280,1096,16,30,0.03000,BR,0,22,33.54000
51.4400,1096,16,30,0.03000,FL,0,14,33.30000
51.4400,1096,16,30,0.03000,BL,0,7,33.09000
51.4400,1096,16,30,0.03000,BL,1,37,33.99000
51.4400,1096,16,30,0.03000,FR,0,29,33.75000
51.4400,1096,16,30,0.03000,BR,0,22,33.54000
51.4520,1096,16,30,0.03000,FL,0,14,33.30000
51.4520,1096,16,30,0.03000,BL,0,7,33.09000
51.4520,1096,16,30,0.03000,BL,1,37,33.99000
51.4520,1096,16,30,0.03000,FR,0,29,33.75000
51.4520,1096,16,30,0.03000,BR,0,22,33.54000
51.4620,1097,17,30,0.03000,FL,0,13,33.30000
51.4620,1097,17,30,0.03000,BL,0,6,33.09000
51.4620,1097,17,30,0.03000,BL,1,36,33.99000
51.4620,1097,17,30,0.03000,FR,0,28,33.75000
51.4620,1097,17,30,0.03000,BR,0,21,33.54000
51.4700,1097,17,30,0.03000,FL,0,13,33.30000
51.4700,1097,17,30,0.03000,BL,0,6,33.09000
51.4700,1097,17,30,0.03000,BL,1,36,33.99000
51.4700,1097,17,30,0.03000,FR,0,28,33.75000
51.4700,1097,17,30,0.03000,BR,0,21,33.54000
51.4780,1097,17,30,0.03000,FL,0,13,33.30000
51.4780,1097,17,30,0.03000,BL,0,6,33.09000
51.4780,1097,17,30,0.03000,BL,1,36,33.99000
51.4780,1097,17,30,0.03000,FR,0,28,33.75000
51.4780,1097,17,30,0.03000,BR,0,21,33.54000
51.4880,1098,18,30,0.03000,FL,0,12,33.30000
51.4880,1098,18,30,0.03000,BL,0,5,33.09000
51.4880,1098,18,30,0.03000,BL,1,35,33.99000
51.4880,1098,18,30,0.03000,FR,0,27,33.75000
51.4880,1098,18,30,0.03000,BR,0,20,33.54000
51.4980,1098,18,30,0.03000,FL,0,12,33.30000
51.4980,1098,18,30,0.03000,BL,0,5,33.09000
51.4980,1098,18,30,0.03000,BL,1,35,33.99000
51.4980,1098,18,30,0.03000,FR,0,27,33.75000
51.4980,1098,18,30,0.03000,BR,0,20,33.54000
51.5080,1098,18,30,0.03000,FL,0,12,33.30000
51.5080,1098,18,30,0.03000,BL,0,5,33.09000
51.5080,1098,18,30,0.03000,BL,1,35,33.99000
51.5080,1098,18,30,0.03000,FR,0,27,33.75000
51.5080,1098,18,30,0.03000,BR,0,20,33.54000
51.5160,1099,19,30,0.03000,FL,0,11,33.30000
51.5160,1099,19,30,0.03000,BL,0,4,33.09000
51.5160,1099,19,30,0.03000,BL,1,34,33.99000
51.5160,1099,19,30,0.03000,FR,0,26,33.75000
51.5160,1099,19,30,0.03000,BR,0,19,33.54000
51.5260,1099,19,30,0.03000,FL,0,11,33.30000
51.5260,1099,19,30,0.03000,BL,0,4,33.09000
51.5260,1099,19,30,0.03000,BL,1,34,33.99000
51.5260,1099,19,30,0.03000,FR,0,26,33.75000
51.5260,1099,19,30,0.03000,BR,0,19,33.54000
51.5340,1099,19,30,0.03000,FL,0,11,33.30000
51.5340,1099,19,30,0.03000,BL,0,4,33.09000
51.5340,1099,19,30,0.03000,BL,1,34,33.99000
51.5340,1099,19,30,0.03000,FR,0,26,33.75000
51.5340,1099,19,30,0.03000,BR,0,19,33.54000
51.5440,1100,20,30,0.03000,FL,0,10,33.30000
51.5440,1100,20,30,0.03000,BL,0,3,33.09000
51.5440,1100,20,30,0.03000,BL,1,33,33.99000
51.5440,1100,20,30,0.03000,FR,0,25,33.75000
51.5440,1100,20,30,0.03000,BR,0,18,33.54000
51.5520,1100,20,30,0.03000,FL,0,10,33.30000
51.5520,1100,20,30,0.03000,BL,0,3,33.09000
51.5520,1100,20,30,0.03000,BL,1,33,33.99000
51.5520,1100,20,30,0.03000,FR,0,25,33.75000
51.5520,1100,20,30,0.03000,BR,0,18,33.54000
51.5620,1100,20,30,0.03000,FL,0,10,33.30000
51.5620,1100,20,30,0.03000,BL,0,3,33.09000
51.5620,1100,20,30,0.03000,BL,1,33,33.99000
51.5620,1100,20,30,0.03000,FR,0,25,33.75000
51.5620,1100,20,30,0.03000,BR,0,18,33.54000
51.5720,1100,20,30,0.03000,FL,0,10,33.30000
51.5720,1100,20,30,0.03000,BL,0,3,33.09000
51.5720,1100,20,30,0.03000,BL,1,33,33.99000
51.5720,1100,20,30,0.03000,FR,0,25,33.75000
51.5720,1100,20,30,0.03000,BR,0,18,33.54000
51.5800,1101,21,30,0.03000,FL,0,9,33.30000
51.5800,1101,21,30,0.03000,FL,1,39,34.20000
51.5800,1101,21,30,0.03000,BL,0,2,33.09000
51.5800,1101,21,30,0.03000,BL,1,32,33.99000
51.5800,1101,21,30,0.03000,FR,0,24,33.75000
51.5800,1101,21,30,0.03000,BR,0,17,33.54000
51.5920,1101,21,30,0.03000,FL,0,9,33.30000
51.5920,1101,21,30,0.03000,FL,1,39,34.20000
51.5920,1101,21,30,0.03000,BL,0,2,33.09000
51.5920,1101,21,30,0.03000,BL,1,32,33.99000
51.5920,1101,21,30,0.03000,FR,0,24,33.75000
51.5920,1101,21,30,0.03000,BR,0,17,33.54000
51.6000,1101,21,30,0.03000,FL,0,9,33.30000
51.6000,1101,21,30,0.03000,FL,1,39,34.20000
51.6000,1101,21,30,0.03000,BL,0,2,33.09000
51.6000,1101,21,30,0.03000,BL,1,32,33.99000
51.6000,1101,21,30,0.03000,FR,0,24,33.75000
51.6000,1101,21,30,0.03000,BR,0,17,33.54000
51.6100,1102,22,30,0.03000,FL,0,8,33.30000
51.6100,1102,22,30,0.03000,FL,1,38,34.20000
51.6100,1102,22,30,0.03000,BL,0,1,33.09000
51.6100,1102,22,30,0.03000,BL,1,31,33.99000
51.6100,1102,22,30,0.03000,FR,0,23,33.75000
51.6100,1102,22,30,0.03000,BR,0,16,33.54000
51.6280,1102,22,30,0.03000,FL,0,8,33.30000
51.6280,1102,22,30,0.03000,FL,1,38,34.20000
51.6280,1102,22,30,0.03000,BL,0,1,33.09000
51.6280,1102,22,30,0.03000,BL,1,31,33.99000
51.6280,1102,22,30,0.03000,FR,0,23,33.75000
51.6280,1102,22,30,0.03000,BR,0,16,33.54000
51.6380,1103,23,30,0.03000,FL,0,7,33.30000
51.6380,1103,23,30,0.03000,FL,1,37,34.20000
51.6380,1103,23,30,0.03000,BL,0,30,33.99000
51.6380,1103,23,30,0.03000,FR,0,22,33.75000
51.6380,1103,23,30,0.03000,BR,0,15,33.54000
51.6460,1103,23,30,0.03000,FL,0,7,33.30000
51.6460,1103,23,30,0.03000,FL,1,37,34.20000
51.6460,1103,23,30,0.03000,BL,0,30,33.99000
51.6460,1103,23,30,0.03000,FR,0,22,33.75000
51.6460,1103,23,30,0.03000,BR,0,15,33.54000
51.6580,1103,23,30,0.03000,FL,0,7,33.30000
51.6580,1103,23,30,0.03000,FL,1,37,34.20000
51.6580,1103,23,30,0.03000,BL,0,30,33.99000
51.6580,1103,23,30,0.03000,FR,0,22,33.75000
51.6580,1103,23,30,0.03000,BR,0,15,33.54000
51.6660,1104,24,30,0.03000,FL,0,6,33.30000
51.6660,1104,24,30,0.03000,FL,1,36,34.20000
51.6660,1104,24,30,0.03000,BL,0,29,33.99000
51.6660,1104,24,30,0.03000,FR,0,21,33.75000
51.6660,1104,24,30,0.03000,BR,0,14,33.54000
51.6760,1104,24,30,0.03000,FL,0,6,33.30000
51.6760,1104,24,30,0.03000,FL,1,36,34.20000
51.6760,1104,24,30,0.03000,BL,0,29,33.99000
51.6760,1104,24,30,0.03000,FR,0,21,33.75000
51.6760,1104,24,30,0.03000,BR,0,14,33.54000
51.6860,1104,24,30,0.03000,FL,0,6,33.30000
51.6860,1104,24,30,0.03000,FL,1,36,34.20000
51.6860,1104,24,30,0.03000,BL,0,29,33.99000
51.6860,1104,24,30,0.03000,FR,0,21,33.75000
51.6860,1104,24,30,0.03000,BR,0,14,33.54000
51.6940,1105,25,30,0.03000,FL,0,5,33.30000
51.6940,1105,25,30,0.03000,FL,1,35,34.20000
51.6940,1105,25,30,0.03000,BL,0,28,33.99000
51.6940,1105,25,30,0.03000,FR,0,20,33.75000
51.6940,1105,25,30,0.03000,BR,0,13,33.54000
51.7040,1105,25,30,0.03000,FL,0,5,33.30000
51.7040,1105,25,30,0.03000,FL,1,35,34.20000
51.7040,1105,25,30,0.03000,BL,0,28,33.99000
51.7040,1105,25,30,0.03000,FR,0,20,33.75000
51.7040,1105,25,30,0.03000,BR,0,13,33.54000
51.7140,1105,25,30,0.03000,FL,0,5,33.30000
51.7140,1105,25,30,0.03000,FL,1,35,34.20000
51.7140,1105,25,30,0.03000,BL,0,28,33.99000
51.7140,1105,25,30,0.03000,FR,0,20,33.75000
51.7140,1105,25,30,0.03000,BR,0,13,33.54000
51.7240,1106,26,30,0.03000,FL,0,4,33.30000
51.7240,1106,26,30,0.03000,FL,1,34,34.20000
51.7240,1106,26,30,0.03000,BL,0,27,33.99000
51.7240,1106,26,30,0.03000,FR,0,19,33.75000
51.7240,1106,26,30,0.03000,BR,0,12,33.54000
51.7360,1106,26,30,0.03000,FL,0,4,33.30000
51.7360,1106,26,30,0.03000,FL,1,34,34.20000
51.7360,1106,26,30,0.03000,BL,0,27,33.99000
51.7360,1106,26,30,0.03000,FR,0,19,33.75000
51.7360,1106,26,30,0.03000,BR,0,12,33.54000
51.7460,1106,26,30,0.03000,FL,0,4,33.30000
51.7460,1106,26,30,0.03000,FL,1,34,34.20000
51.7460,1106,26,30,0.03000,BL,0,27,33.99000
51.7460,1106,26,30,0.03000,FR,0,19,33.75000
51.7460,1106,26,30,0.03000,BR,0,12,33.54000
51.7560,1107,27,30,0.03000,FL,0,3,33.30000
51.7560,1107,27,30,0.03000,FL,1,33,34.20000
51.7560,1107,27,30,0.03000,BL,0,26,33.99000
51.7560,1107,27,30,0.03000,FR,0,18,33.75000
51.7560,1107,27,30,0.03000,BR,0,11,33.54000
51.7680,1107,27,30,0.03000,FL,0,3,33.30000
51.7680,1107,27,30,0.03000,FL,1,33,34.20000
51.7680,1107,27,30,0.03000,BL,0,26,33.99000
51.7680,1107,27,30,0.03000,FR,0,18,33.75000
51.7680,1107,27,30,0.03000,BR,0,11,33.54000
51.7800,1107,27,30,0.03000,FL,0,3,33.30000
51.7800,1107,27,30,0.03000,FL,1,33,34.20000
51.7800,1107,27,30,0.03000,BL,0,26,33.99000
51.7800,1107,27,30,0.03000,FR,0,18,33.75000
51.7800,1107,27,30,0.03000,BR,0,11,33.54000
51.7900,1108,28,30,0.03000,FL,0,2,33.30000
51.7900,1108,28,30,0.03000,FL,1,32,34.20000
51.7900,1108,28,30,0.03000,BL,0,25,33.99000
51.7900,1108,28,30,0.03000,FR,0,17,33.75000
51.7900,1108,28,30,0.03000,BR,0,10,33.54000
51.8020,1108,28,30,0.03000,FL,0,2,33.30000
51.8020,1108,28,30,0.03000,FL,1,32,34.20000
51.8020,1108,28,30,0.03000,BL,0,25,33.99000
51.8020,1108,28,30,0.03000,FR,0,17,33.75000
51.8020,1108,28,30,0.03000,BR,0,10,33.54000
51.8140,1109,29,30,0.03000,FL,0,1,33.30000
51.8140,1109,29,30,0.03000,FL,1,31,34.20000
51.8140,1109,29,30,0.03000,BL,0,24,33.99000
51.8140,1109,29,30,0.03000,FR,0,16,33.75000
51.8140,1109,29,30,0.03000,BR,0,9,33.54000
51.8140,1109,29,30,0.03000,BR,1,39,34.44000
51.8240,1109,29,30,0.03000,FL,0,1,33.30000
51.8240,1109,29,30,0.03000,FL,1,31,34.20000
51.8240,1109,29,30,0.03000,BL,0,24,33.99000
51.8240,1109,29,30,0.03000,FR,0,16,33.75000
51.8240,1109,29,30,0.03000,BR,0,9,33.54000
51.8240,1109,29,30,0.03000,BR,1,39,34.44000
51.8340,1109,29,30,0.03000,FL,0,1,33.30000
51.8340,1109,29,30,0.03000,FL,1,31,34.20000
51.8340,1109,29,30,0.03000,BL,0,24,33.99000
51.8340,1109,29,30,0.03000,FR,0,16,33.75000
51.8340,1109,29,30,0.03000,BR,0,9,33.54000
51.8340,1109,29,30,0.03000,BR,1,39,34.44000
51.8440,1109,29,30,0.03000,FL,0,1,33.30000
51.8440,1109,29,30,0.03000,FL,1,31,34.20000
51.8440,1109,29,30,0.03000,BL,0,24,33.99000
51.8440,1109,29,30,0.03000,FR,0,16,33.75000
51.8440,1109,29,30,0.03000,BR,0,9,33.54000
51.8440,1109,29,30,0.03000,BR,1,39,34.44000
51.8520,1110,0,30,0.03000,FL,0,30,34.20000
51.8520,1110,0,30,0.03000,BL,0,23,33.99000
51.8520,1110,0,30,0.03000,FR,0,15,33.75000
51.8520,1110,0,30,0.03000,BR,0,8,33.54000
51.8520,1110,0,30,0.03000,BR,1,38,34.44000
51.8700,1110,0,30,0.03000,FL,0,30,34.20000
51.8700,1110,0,30,0.03000,BL,0,23,33.99000
51.8700,1110,0,30,0.03000,FR,0,15,33.75000
51.8700,1110,0,30,0.03000,BR,0,8,33.54000
51.8700,1110,0,30,0.03000,BR,1,38,34.44000
51.8800,1111,1,30,0.03000,FL,0,29,34.20000
51.8800,1111,1,30,0.03000,BL,0,22,33.99000
51.8800,1111,1,30,0.03000,FR,0,14,33.75000
51.8800,1111,1,30,0.03000,BR,0,7,33.54000
51.8800,1111,1,30,0.03000,BR,1,37,34.44000
51.8900,1111,1,30,0.03000,FL,0,29,34.20000
51.8900,1111,1,30,0.03000,BL,0,22,33.99000
51.8900,1111,1,30,0.03000,FR,0,14,33.75000
51.8900,1111,1,30,0.03000,BR,0,7,33.54000
51.8900,1111,1,30,0.03000,BR,1,37,34.44000
51.8980,1111,1,30,0.03000,FL,0,29,34.20000
51.8980,1111,1,30,0.03000,BL,0,22,33.99000
51.8980,1111,1,30,0.03000,FR,0,14,33.75000
51.8980,1111,1,30,0.03000,BR,0,7,33.54000
51.8980,1111,1,30,0.03000,BR,1,37,34.44000
51.9080,1112,2,30,0.03000,FL,0,28,34.20000
51.9080,1112,2,30,0.03000,BL,0,21,33.99000
51.9080,1112,2,30,0.03000,FR,0,13,33.75000
51.9080,1112,2,30,0.03000,BR,0,6,33.54000
51.9080,1112,2,30,0.03000,BR,1,36,34.44000
51.9160,1112,2,30,0.03000,FL,0,28,34.20000
51.9160,1112,2,30,0.03000,BL,0,21,33.99000
51.9160,1112,2,30,0.03000,FR,0,13,33.75000
51.9160,1112,2,30,0.03000,BR,0,6,33.54000
51.9160,1112,2,30,0.03000,BR,1,36,34.44000
51.9260,1112,2,30,0.03000,FL,0,28,34.20000
51.9260,1112,2,30,0.03000,BL,0,21,33.99000
51.9260,1112,2,30,0.03000,FR,0,13,33.75000
51.9260,1112,2,30,0.03000,BR,0,6,33.54000
51.9260,1112,2,30,0.03000,BR,1,36,34.44000
51.9360,1113,3,30,0.03000,FL,0,27,34.20000
51.9360,1113,3,30,0.03000,BL,0,20,33.99000
51.9360,1113,3,30,0.03000,FR,0,12,33.75000
51.9360,1113,3,30,0.03000,BR,0,5,33.54000
51.9360,1113,3,30,0.03000,BR,1,35,34.44000
51.9460,1113,3,30,0.03000,FL,0,27,34.20000
51.9460,1113,3,30,0.03000,BL,0,20,33.99000
51.9460,1113,3,30,0.03000,FR,0,12,33.75000
51.9460,1113,3,30,0.03000,BR,0,5,33.54000
51.9460,1113,3,30,0.03000,BR,1,35,34.44000
51.9540,1113,3,30,0.03000,FL,0,27,34.20000
51.9540,1113,3,30,0.03000,BL,0,20,33.99000
51.9540,1113,3,30,0.03000,FR,0,12,33.75000
51.9540,1113,3,30,0.03000,BR,0,5,33.54000
51.9540,1113,3,30,0.03000,BR,1,35,34.44000
51.9640,1114,4,30,0.03000,FL,0,26,34.20000
51.9640,1114,4,30,0.03000,BL,0,19,33.99000
51.9640,1114,4,30,0.03000,FR,0,11,33.75000
51.9640,1114,4,30,0.03000,BR,0,4,33.54000
51.9640,1114,4,30,0.03000,BR,1,34,34.44000
51.9740,1114,4,30,0.03000,FL,0,26,34.20000
51.9740,1114,4,30,0.03000,BL,0,19,33.99000
51.9740,1114,4,30,0.03000,FR,0,11,33.75000
51.9740,1114,4,30,0.03000,BR,0,4,33.54000
51.9740,1114,4,30,0.03000,BR,1,34,34.44000
51.9820,1114,4,30,0.03000,FL,0,26,34.20000
51.9820,1114,4,30,0.03000,BL,0,19,33.99000
51.9820,1114,4,30,0.03000,FR,0,11,33.75000
51.9820,1114,4,30,0.03000,BR,0,4,33.54000
51.9820,1114,4,30,0.03000,BR,1,34,34.44000
51.9920,1114,4,30,0.03000,FL,0,26,34.20000
51.9920,1114,4,30,0.03000,BL,0,19,33.99000
51.9920,1114,4,30,0.03000,FR,0,11,33.75000
51.9920,1114,4,30,0.03000,BR,0,4,33.54000
51.9920,1114,4,30,0.03000,BR,1,34,34.44000
52.0000,1115,5,30,0.03000,FL,0,25,34.20000
52.0000,1115,5,30,0.03000,BL,0,18,33.99000
52.0000,1115,5,30,0.03000,FR,0,10,33.75000
52.0000,1115,5,30,0.03000,BR,0,3,33.54000
52.0000,1115,5,30,0.03000,BR,1,33,34.44000
52.0100,1115,5,30,0.03000,FL,0,25,34.20000
52.0100,1115,5,30,0.03000,BL,0,18,33.99000
52.0100,1115,5,30,0.03000,FR,0,10,33.75000
52.0100,1115,5,30,0.03000,BR,0,3,33.54000
52.0100,1115,5,30,0.03000,BR,1,33,34.44000
52.0200,1115,5,30,0.03000,FL,0,25,34.20000
52.0200,1115,5,30,0.03000,BL,0,18,33.99000
52.0200,1115,5,30,0.03000,FR,0,10,33.75000
52.0200,1115,5,30,0.03000,BR,0,3,33.54000
52.0200,1115,5,30,0.03000,BR,1,33,34.44000
52.0300,1116,6,30,0.03000,FL,0,24,34.20000
52.0300,1116,6,30,0.03000,BL,0,17,33.99000
52.0300,1116,6,30,0.03000,FR,0,9,33.75000
52.0300,1116,6,30,0.03000,FR,1,39,34.65000
52.0300,1116,6,30,0.03000,BR,0,2,33.54000
52.0300,1116,6,30,0.03000,BR,1,32,34.44000
52.0380,1116,6,30,0.03000,FL,0,24,34.20000
52.0380,1116,6,30,0.03000,BL,0,17,33.99000
52.0380,1116,6,30,0.03000,FR,0,9,33.75000
52.0380,1116,6,30,0.03000,FR,1,39,34.65000
52.0380,1116,6,30,0.03000,BR,0,2,33.54000
52.0380,1116,6,30,0.03000,BR,1,32,34.44000
52.0480,1116,6,30,0.03000,FL,0,24,34.20000
52.0480,1116,6,30,0.03000,BL,0,17,33.99000
52.0480,1116,6,30,0.03000,FR,0,9,33.75000
52.0480,1116,6,30,0.03000,FR,1,39,34.65000
52.0480,1116,6,30,0.03000,BR,0,2,33.54000
52.0480,1116,6,30,0.03000,BR,1,32,34.44000
52.0580,1117,7,30,0.03000,FL,0,23,34.20000
52.0580,1117,7,30,0.03000,BL,0,16,33.99000
52.0580,1117,7,30,0.03000,FR,0,8,33.75000
52.0580,1117,7,30,0.03000,FR,1,38,34.65000
52.0580,1117,7,30,0.03000,BR,0,1,33.54000
52.0580,1117,7,30,0.03000,BR,1,31,34.44000
52.0760,1117,7,30,0.03000,FL,0,23,34.20000
52.0760,1117,7,30,0.03000,BL,0,16,33.99000
52.0760,1117,7,30,0.03000,FR,0,8,33.75000
52.0760,1117,7,30,0.03000,FR,1,38,34.65000
52.0760,1117,7,30,0.03000,BR,0,1,33.54000
52.0760,1117,7,30,0.03000,BR,1,31,34.44000
52.0860,1118,8,30,0.03000,FL,0,22,34.20000
52.0860,1118,8,30,0.03000,BL,0,15,33.99000
52.0860,1118,8,30,0.03000,FR,0,7,33.75000
52.0860,1118,8,30,0.03000,FR,1,37,34.65000
52.0860,1118,8,30,0.03000,BR,0,30,34.44000
52.0960,1118,8,30,0.03000,FL,0,22,34.20000
52.0960,1118,8,30,0.03000,BL,0,15,33.99000
52.0960,1118,8,30,0.03000,FR,0,7,33.75000
52.0960,1118,8,30,0.03000,FR,1,37,34.65000
52.0960,1118,8,30,0.03000,BR,0,30,34.44000
52.1040,1118,8,30,0.03000,FL,0,22,34.20000
52.1040,1118,8,30,0.03000,BL,0,15,33.99000
52.1040,1118,8,30,0.03000,FR,0,7,33.75000
52.1040,1118,8,30,0.03000,FR,1,37,34.65000
52.1040,1118,8,30,0.03000,BR,0,30,34.44000
52.1140,1119,9,30,0.03000,FL,0,21,34.20000
52.1140,1119,9,30,0.03000,BL,0,14,33.99000
52.1140,1119,9,30,0.03000,FR,0,6,33.75000
52.1140,1119,9,30,0.03000,FR,1,36,34.65000
52.1140,1119,9,30,0.03000,BR,0,29,34.44000
52.1240,1119,9,30,0.03000,FL,0,21,34.20000
52.1240,1119,9,30,0.03000,BL,0,14,33.99000
52.1240,1119,9,30,0.03000,FR,0,6,33.75000
52.1240,1119,9,30,0.03000,FR,1,36,34.65000
52.1240,1119,9,30,0.03000,BR,0,29,34.44000
52.1320,1119,9,30,0.03000,FL,0,21,34.20000
52.1320,1119,9,30,0.03000,BL,0,14,33.99000
52.1320,1119,9,30,0.03000,FR,0,6,33.75000
52.1320,1119,9,30,0.03000,FR,1,36,34.65000
52.1320,1119,9,30,0.03000,BR,0,29,34.44000
52.1400,1119,9,30,0.03000,FL,0,21,34.20000
52.1400,1119,9,30,0.03000,BL,0,14,33.99000
52.1400,1119,9,30,0.03000,FR,0,6,33.75000
52.1400,1119,9,30,0.03000,FR,1,36,34.65000
52.1400,1119,9,30,0.03000,BR,0,29,34.44000
52.1520,1120,10,30,0.03000,FL,0,20,34.20000
52.1520,1120,10,30,0.03000,BL,0,13,33.99000
52.1520,1120,10,30,0.03000,FR,0,5,33.75000
52.1520,1120,10,30,0.03000,FR,1,35,34.65000
52.1520,1120,10,30,0.03000,BR,0,28,34.44000
52.1600,1120,10,30,0.03000,FL,0,20,34.20000
52.1600,1120,10,30,0.03000,BL,0,13,33.99000
52.1600,1120,10,30,0.03000,FR,0,5,33.75000
52.1600,1120,10,30,0.03000,FR,1,35,34.65000
52.1600,1120,10,30,0.03000,BR,0,28,34.44000
52.1700,1120,10,30,0.03000,FL,0,20,34.20000
52.1700,1120,10,30,0.03000,BL,0,13,33.99000
52.1700,1120,10,30,0.03000,FR,0,5,33.75000
52.1700,1120,10,30,0.03000,FR,1,35,34.65000
52.1700,1120,10,30,0.03000,BR,0,28,34.44000
52.1780,1121,11,30,0.03000,FL,0,19,34.20000
52.1780,1121,11,30,0.03000,BL,0,12,33.99000
52.1780,1121,11,30,0.03000,FR,0,4,33.75000
52.1780,1121,11,30,0.03000,FR,1,34,34.65000
52.1780,1121,11,30,0.03000,BR,0,27,34.44000
52.1880,1121,11,30,0.03000,FL,0,19,34.20000
52.1880,1121,11,30,0.03000,BL,0,12,33.99000
52.1880,1121,11,30,0.03000,FR,0,4,33.75000
52.1880,1121,11,30,0.03000,FR,1,34,34.65000
52.1880,1121,11,30,0.03000,BR,0,27,34.44000
52.1960,1121,11,30,0.03000,FL,0,19,34.20000
52.1960,1121,11,30,0.03000,BL,0,12,33.99000
52.1960,1121,11,30,0.03000,FR,0,4,33.75000
52.1960,1121,11,30,0.03000,FR,1,34,34.65000
52.1960,1121,11,30,0.03000,BR,0,27,34.44000
52.2080,1122,12,30,0.03000,FL,0,18,34.20000
52.2080,1122,12,30,0.03000,BL,0,11,33.99000
52.2080,1122,12,30,0.03000,FR,0,3,33.75000
52.2080,1122,12,30,0.03000,FR,1,33,34.65000
52.2080,1122,12,30,0.03000,BR,0,26,34.44000
52.2160,1122,12,30,0.03000,FL,0,18,34.20000
52.2160,1122,12,30,0.03000,BL,0,11,33.99000
52.2160,1122,12,30,0.03000,FR,0,3,33.75000
52.2160,1122,12,30,0.03000,FR,1,33,34.65000
52.2160,1122,12,30,0.03000,BR,0,26,34.44000
52.2280,1122,12,30,0.03000,FL,0,18,34.20000
52.2280,1122,12,30,0.03000,BL,0,11,33.99000
52.2280,1122,12,30,0.03000,FR,0,3,33.75000
52.2280,1122,12,30,0.03000,FR,1,33,34.65000
52.2280,1122,12,30,0.03000,BR,0,26,34.44000
52.2380,1123,13,30,0.03000,FL,0,17,34.20000
52.2380,1123,13,30,0.03000,BL,0,10,33.99000
52.2380,1123,13,30,0.03000,FR,0,2,33.75000
52.2380,1123,13,30,0.03000,FR,1,32,34.65000
52.2380,1123,13,30,0.03000,BR,0,25,34.44000
52.2480,1123,13,30,0.03000,FL,0,17,34.20000
52.2480,1123,13,30,0.03000,BL,0,10,33.99000
52.2480,1123,13,30,0.03000,FR,0,2,33.75000
52.2480,1123,13,30,0.03000,FR,1,32,34.65000
52.2480,1123,13,30,0.03000,BR,0,25,34.44000
52.2580,1123,13,30,0.03000,FL,0,17,34.20000
52.2580,1123,13,30,0.03000,BL,0,10,33.99000
52.2580,1123,13,30,0.03000,FR,0,2,33.75000
52.2580,1123,13,30,0.03000,FR,1,32,34.65000
52.2580,1123,13,30,0.03000,BR,0,25,34.44000
52.2660,1124,14,30,0.03000,FL,0,16,34.20000
52.2660,1124,14,30,0.03000,BL,0,9,33.99000
52.2660,1124,14,30,0.03000,BL,1,39,34.89000
52.2660,1124,14,30,0.03000,FR,0,1,33.75000
52.2660,1124,14,30,0.03000,FR,1,31,34.65000
52.2660,1124,14,30,0.03000,BR,0,24,34.44000
52.2780,1124,14,30,0.03000,FL,0,16,34.20000
52.2780,1124,14,30,0.03000,BL,0,9,33.99000
52.2780,1124,14,30,0.03000,BL,1,39,34.89000
52.2780,1124,14,30,0.03000,FR,0,1,33.75000
52.2780,1124,14,30,0.03000,FR,1,31,34.65000
52.2780,1124,14,30,0.03000,BR,0,24,34.44000
52.2860,1124,14,30,0.03000,FL,0,16,34.20000
52.2860,1124,14,30,0.03000,BL,0,9,33.99000
52.2860,1124,14,30,0.03000,BL,1,39,34.89000
52.2860,1124,14,30,0.03000,FR,0,1,33.75000
52.2860,1124,14,30,0.03000,FR,1,31,34.65000
52.2860,1124,14,30,0.03000,BR,0,24,34.44000
52.2960,1125,15,30,0.03000,FL,0,15,34.20000
52.2960,1125,15,30,0.03000,BL,0,8,33.99000
52.2960,1125,15,30,0.03000,BL,1,38,34.89000
52.2960,1125,15,30,0.03000,FR,0,30,34.65000
52.2960,1125,15,30,0.03000,BR,0,23,34.44000
52.3220,1125,15,30,0.03000,FL,0,15,34.20000
52.3220,1125,15,30,0.03000,BL,0,8,33.99000
52.3220,1125,15,30,0.03000,BL,1,38,34.89000
52.3220,1125,15,30,0.03000,FR,0,30,34.65000
52.3220,1125,15,30,0.03000,BR,0,23,34.44000
52.3320,1126,16,30,0.03000,FL,0,14,34.20000
52.3320,1126,16,30,0.03000,BL,0,7,33.99000
52.3320,1126,16,30,0.03000,BL,1,37,34.89000
52.3320,1126,16,30,0.03000,FR,0,29,34.65000
52.3320,1126,16,30,0.03000,BR,0,22,34.44000
52.3400,1126,16,30,0.03000,FL,0,14,34.20000
52.3400,1126,16,30,0.03000,BL,0,7,33.99000
52.3400,1126,16,30,0.03000,BL,1,37,34.89000
52.3400,1126,16,30,0.03000,FR,0,29,34.65000
52.3400,1126,16,30,0.03000,BR,0,22,34.44000
52.3500,1126,16,30,0.03000,FL,0,14,34.20000
52.3500,1126,16,30,0.03000,BL,0,7,33.99000
52.3500,1126,16,30,0.03000,BL,1,37,34.89000
52.3500,1126,16,30,0.03000,FR,0,29,34.65000
52.3500,1126,16,30,0.03000,BR,0,22,34.44000
52.3600,1127,17,30,0.03000,FL,0,13,34.20000
52.3600,1127,17,30,0.03000,BL,0,6,33.99000
52.3600,1127,17,30,0.03000,BL,1,36,34.89000
52.3600,1127,17,30,0.03000,FR,0,28,34.65000
52.3600,1127,17,30,0.03000,BR,0,21,34.44000
52.3680,1127,17,30,0.03000,FL,0,13,34.20000
52.3680,1127,17,30,0.03000,BL,0,6,33.99000
52.3680,1127,17,30,0.03000,BL,1,36,34.89000
52.3680,1127,17,30,0.03000,FR,0,28,34.65000
52.3680,1127,17,30,0.03000,BR,0,21,34.44000
52.3780,1127,17,30,0.03000,FL,0,13,34.20000
52.3780,1127,17,30,0.03000,BL,0,6,33.99000
52.3780,1127,17,30,0.03000,BL,1,36,34.89000
52.3780,1127,17,30,0.03000,FR,0,28,34.65000
52.3780,1127,17,30,0.03000,BR,0,21,34.44000
52.3880,1128,18,30,0.03000,FL,0,12,34.20000
52.3880,1128,18,30,0.03000,BL,0,5,33.99000
52.3880,1128,18,30,0.03000,BL,1,35,34.89000
52.3880,1128,18,30,0.03000,FR,0,27,34.65000
52.3880,1128,18,30,0.03000,BR,0,20,34.44000
52.3960,1128,18,30,0.03000,FL,0,12,34.20000
52.3960,1128,18,30,0.03000,BL,0,5,33.99000
52.3960,1128,18,30,0.03000,BL,1,35,34.89000
52.3960,1128,18,30,0.03000,FR,0,27,34.65000
52.3960,1128,18,30,0.03000,BR,0,20,34.44000
52.4040,1128,18,30,0.03000,FL,0,12,34.20000
52.4040,1128,18,30,0.03000,BL,0,5,33.99000
52.4040,1128,18,30,0.03000,BL,1,35,34.89000
52.4040,1128,18,30,0.03000,FR,0,27,34.65000
52.4040,1128,18,30,0.03000,BR,0,20,34.44000
52.4140,1129,19,30,0.03000,FL,0,11,34.20000
52.4140,1129,19,30,0.03000,BL,0,4,33.99000
52.4140,1129,19,30,0.03000,BL,1,34,34.89000
52.4140,1129,19,30,0.03000,FR,0,26,34.65000
52.4140,1129,19,30,0.03000,BR,0,19,34.44000
52.4240,1129,19,30,0.03000,FL,0,11,34.20000
52.4240,1129,19,30,0.03000,BL,0,4,33.99000
52.4240,1129,19,30,0.03000,BL,1,34,34.89000
52.4240,1129,19,30,0.03000,FR,0,26,34.65000
52.4240,1129,19,30,0.03000,BR,0,19,34.44000
52.4320,1129,19,30,0.03000,FL,0,11,34.20000
52.4320,1129,19,30,0.03000,BL,0,4,33.99000
52.4320,1129,19,30,0.03000,BL,1,34,34.89000
52.4320,1129,19,30,0.03000,FR,0,26,34.65000
52.4320,1129,19,30,0.03000,BR,0,19,34.44000
52.4420,1129,19,30,0.03000,FL,0,11,34.20000
52.4420,1129,19,30,0.03000,BL,0,4,33.99000
52.4420,1129,19,30,0.03000,BL,1,34,34.89000
52.4420,1129,19,30,0.03000,FR,0,26,34.65000
52.4420,1129,19,30,0.03000,BR,0,19,34.44000
52.4520,1130,20,30,0.03000,FL,0,10,34.20000
52.4520,1130,20,30,0.03000,BL,0,3,33.99000
52.4520,1130,20,30,0.03000,BL,1,33,34.89000
52.4520,1130,20,30,0.03000,FR,0,25,34.65000
52.4520,1130,20,30,0.03000,BR,0,18,34.44000
52.4600,1130,20,30,0.03000,FL,0,10,34.20000
52.4600,1130,20,30,0.03000,BL,0,3,33.99000
52.4600,1130,20,30,0.03000,BL,1,33,34.89000
52.4600,1130,20,30,0.03000,FR,0,25,34.65000
52.4600,1130,20,30,0.03000,BR,0,18,34.44000
52.4700,1130,20,30,0.03000,FL,0,10,34.20000
52.4700,1130,20,30,0.03000,BL,0,3,33.99000
52.4700,1130,20,30,0.03000,BL,1,33,34.89000
52.4700,1130,20,30,0.03000,FR,0,25,34.65000
52.4700,1130,20,30,0.03000,BR,0,18,34.44000
52.4780,1131,21,30,0.03000,FL,0,9,34.20000
52.4780,1131,21,30,0.03000,FL,1,39,35.10000
52.4780,1131,21,30,0.03000,BL,0,2,33.99000
52.4780,1131,21,30,0.03000,BL,1,32,34.89000
52.4780,1131,21,30,0.03000,FR,0,24,34.65000
52.4780,1131,21,30,0.03000,BR,0,17,34.44000
52.4880,1131,21,30,0.03000,FL,0,9,34.20000
52.4880,1131,21,30,0.03000,FL,1,39,35.10000
52.4880,1131,21,30,0.03000,BL,0,2,33.99000
52.4880,1131,21,30,0.03000,BL,1,32,34.89000
52.4880,1131,21,30,0.03000,FR,0,24,34.65000
52.4880,1131,21,30,0.03000,BR,0,17,34.44000
52.4980,1131,21,30,0.03000,FL,0,9,34.20000
52.4980,1131,21,30,0.03000,FL,1,39,35.10000
52.4980,1131,21,30,0.03000,BL,0,2,33.99000
52.4980,1131,21,30,0.03000,BL,1,32,34.89000
52.4980,1131,21,30,0.03000,FR,0,24,34.65000
52.4980,1131,21,30,0.03000,BR,0,17,34.44000
52.5060,1132,22,30,0.03000,FL,0,8,34.20000
52.5060,1132,22,30,0.03000,FL,1,38,35.10000
52.5060,1132,22,30,0.03000,BL,0,1,33.99000
52.5060,1132,22,30,0.03000,BL,1,31,34.89000
52.5060,1132,22,30,0.03000,FR,0,23,34.65000
52.5060,1132,22,30,0.03000,BR,0,16,34.44000
52.5280,1132,22,30,0.03000,FL,0,8,34.20000
52.5280,1132,22,30,0.03000,FL,1,38,35.10000
52.5280,1132,22,30,0.03000,BL,0,1,33.99000
52.5280,1132,22,30,0.03000,BL,1,31,34.89000
52.5280,1132,22,30,0.03000,FR,0,23,34.65000
52.5280,1132,22,30,0.03000,BR,0,16,34.44000
52.5420,1133,23,30,0.03000,FL,0,7,34.20000
52.5420,1133,23,30,0.03000,FL,1,37,35.10000
52.5420,1133,23,30,0.03000,BL,0,30,34.89000
52.5420,1133,23,30,0.03000,FR,0,22,34.65000
52.5420,1133,23,30,0.03000,BR,0,15,34.44000
52.5500,1133,23,30,0.03000,FL,0,7,34.20000
52.5500,1133,23,30,0.03000,FL,1,37,35.10000
52.5500,1133,23,30,0.03000,BL,0,30,34.89000
52.5500,1133,23,30,0.03000,FR,0,22,34.65000
52.5500,1133,23,30,0.03000,BR,0,15,34.44000
52.5600,1133,23,30,0.03000,FL,0,7,34.20000
52.5600,1133,23,30,0.03000,FL,1,37,35.10000
52.5600,1133,23,30,0.03000,BL,0,30,34.89000
52.5600,1133,23,30,0.03000,FR,0,22,34.65000
52.5600,1133,23,30,0.03000,BR,0,15,34.44000
52.5700,1134,24,30,0.03000,FL,0,6,34.20000
52.5700,1134,24,30,0.03000,FL,1,36,35.10000
52.5700,1134,24,30,0.03000,BL,0,29,34.89000
52.5700,1134,24,30,0.03000,FR,0,21,34.65000
52.5700,1134,24,30,0.03000,BR,0,14,34.44000
52.5840,1134,24,30,0.03000,FL,0,6,34.20000
52.5840,1134,24,30,0.03000,FL,1,36,35.10000
52.5840,1134,24,30,0.03000,BL,0,29,34.89000
52.5840,1134,24,30,0.03000,FR,0,21,34.65000
52.5840,1134,24,30,0.03000,BR,0,14,34.44000
52.5940,1135,25,30,0.03000,FL,0,5,34.20000
52.5940,1135,25,30,0.03000,FL,1,35,35.10000
52.5940,1135,25,30,0.03000,BL,0,28,34.89000
52.5940,1135,25,30,0.03000,FR,0,20,34.65000
52.5940,1135,25,30,0.03000,BR,0,13,34.44000
52.6060,1135,25,30,0.03000,FL,0,5,34.20000
52.6060,1135,25,30,0.03000,FL,1,35,35.10000
52.6060,1135,25,30,0.03000,BL,0,28,34.89000
52.6060,1135,25,30,0.03000,FR,0,20,34.65000
52.6060,1135,25,30,0.03000,BR,0,13,34.44000
52.6160,1135,25,30,0.03000,FL,0,5,34.20000
52.6160,1135,25,30,0.03000,FL,1,35,35.10000
52.6160,1135,25,30,0.03000,BL,0,28,34.89000
52.6160,1135,25,30,0.03000,FR,0,20,34.65000
52.6160,1135,25,30,0.03000,BR,0,13,34.44000
52.6260,1136,26,30,0.03000,FL,0,4,34.20000
52.6260,1136,26,30,0.03000,FL,1,34,35.10000
52.6260,1136,26,30,0.03000,BL,0,27,34.89000
52.6260,1136,26,30,0.03000,FR,0,19,34.65000
52.6260,1136,26,30,0.03000,BR,0,12,34.44000
52.6360,1136,26,30,0.03000,FL,0,4,34.20000
52.6360,1136,26,30,0.03000,FL,1,34,35.10000
52.6360,1136,26,30,0.03000,BL,0,27,34.89000
52.6360,1136,26,30,0.03000,FR,0,19,34.65000
52.6360,1136,26,30,0.03000,BR,0,12,34.44000
52.6460,1136,26,30,0.03000,FL,0,4,34.20000
52.6460,1136,26,30,0.03000,FL,1,34,35.10000
52.6460,1136,26,30,0.03000,BL,0,27,34.89000
52.6460,1136,26,30,0.03000,FR,0,19,34.65000
52.6460,1136,26,30,0.03000,BR,0,12,34.44000
52.6580,1137,27,30,0.03000,FL,0,3,34.20000
52.6580,1137,27,30,0.03000,FL,1,33,35.10000
52.6580,1137,27,30,0.03000,BL,0,26,34.89000
52.6580,1137,27,30,0.03000,FR,0,18,34.65000
52.6580,1137,27,30,0.03000,BR,0,11,34.44000
52.6680,1137,27,30,0.03000,FL,0,3,34.20000
52.6680,1137,27,30,0.03000,FL,1,33,35.10000
52.6680,1137,27,30,0.03000,BL,0,26,34.89000
52.6680,1137,27,30,0.03000,FR,0,18,34.65000
52.6680,1137,27,30,0.03000,BR,0,11,34.44000
52.6800,1137,27,30,0.03000,FL,0,3,34.20000
52.6800,1137,27,30,0.03000,FL,1,33,35.10000
52.6800,1137,27,30,0.03000,BL,0,26,34.89000
52.6800,1137,27,30,0.03000,FR,0,18,34.65000
52.6800,1137,27,30,0.03000,BR,0,11,34.44000
52.6880,1138,28,30,0.03000,FL,0,2,34.20000
52.6880,1138,28,30,0.03000,FL,1,32,35.10000
52.6880,1138,28,30,0.03000,BL,0,25,34.89000
52.6880,1138,28,30,0.03000,FR,0,17,34.65000
52.6880,1138,28,30,0.03000,BR,0,10,34.44000
52.6980,1138,28,30,0.03000,FL,0,2,34.20000
52.6980,1138,28,30,0.03000,FL,1,32,35.10000
52.6980,1138,28,30,0.03000,BL,0,25,34.89000
52.6980,1138,28,30,0.03000,FR,0,17,34.65000
52.6980,1138,28,30,0.03000,BR,0,10,34.44000
52.7060,1138,28,30,0.03000,FL,0,2,34.20000
52.7060,1138,28,30,0.03000,FL,1,32,35.10000
52.7060,1138,28,30,0.03000,BL,0,25,34.89000
52.7060,1138,28,30,0.03000,FR,0,17,34.65000
52.7060,1138,28,30,0.03000,BR,0,10,34.44000
52.7180,1139,29,30,0.03000,FL,0,1,34.20000
52.7180,1139,29,30,0.03000,FL,1,31,35.10000
52.7180,1139,29,30,0.03000,BL,0,24,34.89000
52.7180,1139,29,30,0.03000,FR,0,16,34.65000
52.7180,1139,29,30,0.03000,BR,0,9,34.44000
52.7180,1139,29,30,0.03000,BR,1,39,35.34000
52.7280,1139,29,30,0.03000,FL,0,1,34.20000
52.7280,1139,29,30,0.03000,FL,1,31,35.10000
52.7280,1139,29,30,0.03000,BL,0,24,34.89000
52.7280,1139,29,30,0.03000,FR,0,16,34.65000
52.7280,1139,29,30,0.03000,BR,0,9,34.44000
52.7280,1139,29,30,0.03000,BR,1,39,35.34000
52.7380,1139,29,30,0.03000,FL,0,1,34.20000
52.7380,1139,29,30,0.03000,FL,1,31,35.10000
52.7380,1139,29,30,0.03000,BL,0,24,34.89000
52.7380,1139,29,30,0.03000,FR,0,16,34.65000
52.7380,1139,29,30,0.03000,BR,0,9,34.44000
52.7380,1139,29,30,0.03000,BR,1,39,35.34000
52.7460,1140,0,30,0.03000,FL,0,30,35.10000
52.7460,1140,0,30,0.03000,BL,0,23,34.89000
52.7460,1140,0,30,0.03000,FR,0,15,34.65000
52.7460,1140,0,30,0.03000,BR,0,8,34.44000
52.7460,1140,0,30,0.03000,BR,1,38,35.34000
52.7640,1140,0,30,0.03000,FL,0,30,35.10000
52.7640,1140,0,30,0.03000,BL,0,23,34.89000
52.7640,1140,0,30,0.03000,FR,0,15,34.65000
52.7640,1140,0,30,0.03000,BR,0,8,34.44000
52.7640,1140,0,30,0.03000,BR,1,38,35.34000
52.7760,1141,1,30,0.03000,FL,0,29,35.10000
52.7760,1141,1,30,0.03000,BL,0,22,34.89000
52.7760,1141,1,30,0.03000,FR,0,14,34.65000
52.7760,1141,1,30,0.03000,BR,0,7,34.44000
52.7760,1141,1,30,0.03000,BR,1,37,35.34000
52.7840,1141,1,30,0.03000,FL,0,29,35.10000
52.7840,1141,1,30,0.03000,BL,0,22,34.89000
52.7840,1141,1,30,0.03000,FR,0,14,34.65000
52.7840,1141,1,30,0.03000,BR,0,7,34.44000
52.7840,1141,1,30,0.03000,BR,1,37,35.34000
52.7940,1141,1,30,0.03000,FL,0,29,35.10000
52.7940,1141,1,30,0.03000,BL,0,22,34.89000
52.7940,1141,1,30,0.03000,FR,0,14,34.65000
52.7940,1141,1,30,0.03000,BR,0,7,34.44000
52.7940,1141,1,30,0.03000,BR,1,37,35.34000
52.8020,1141,1,30,0.03000,FL,0,29,35.10000
52.8020,1141,1,30,0.03000,BL,0,22,34.89000
52.8020,1141,1,30,0.03000,FR,0,14,34.65000
52.8020,1141,1,30,0.03000,BR,0,7,34.44000
52.8020,1141,1,30,0.03000,BR,1,37,35.34000
52.8120,1142,2,30,0.03000,FL,0,28,35.10000
52.8120,1142,2,30,0.03000,BL,0,21,34.89000
52.8120,1142,2,30,0.03000,FR,0,13,34.65000
52.8120,1142,2,30,0.03000,BR,0,6,34.44000
52.8120,1142,2,30,0.03000,BR,1,36,35.34000
52.8220,1142,2,30,0.03000,FL,0,28,35.10000
52.8220,1142,2,30,0.03000,BL,0,21,34.89000
52.8220,1142,2,30,0.03000,FR,0,13,34.65000
52.8220,1142,2,30,0.03000,BR,0,6,34.44000
52.8220,1142,2,30,0.03000,BR,1,36,35.34000
52.8300,1142,2,30,0.03000,FL,0,28,35.10000
52.8300,1142,2,30,0.03000,BL,0,21,34.89000
52.8300,1142,2,30,0.03000,FR,0,13,34.65000
52.8300,1142,2,30,0.03000,BR,0,6,34.44000
52.8300,1142,2,30,0.03000,BR,1,36,35.34000
52.8400,1143,3,30,0.03000,FL,0,27,35.10000
52.8400,1143,3,30,0.03000,BL,0,20,34.89000
52.8400,1143,3,30,0.03000,FR,0,12,34.65000
52.8400,1143,3,30,0.03000,BR,0,5,34.44000
52.8400,1143,3,30,0.03000,BR,1,35,35.34000
52.8500,1143,3,30,0.03000,FL,0,27,35.10000
52.8500,1143,3,30,0.03000,BL,0,20,34.89000
52.8500,1143,3,30,0.03000,FR,0,12,34.65000
52.8500,1143,3,30,0.03000,BR,0,5,34.44000
52.8500,1143,3,30,0.03000,BR,1,35,35.34000
52.8580,1143,3,30,0.03000,FL,0,27,35.10000
52.8580,1143,3,30,0.03000,BL,0,20,34.89000
52.8580,1143,3,30,0.03000,FR,0,12,34.65000
52.8580,1143,3,30,0.03000,BR,0,5,34.44000
52.8580,1143,3,30,0.03000,BR,1,35,35.34000
52.8680,1144,4,30,0.03000,FL,0,26,35.10000
52.8680,1144,4,30,0.03000,BL,0,19,34.89000
52.8680,1144,4,30,0.03000,FR,0,11,34.65000
52.8680,1144,4,30,0.03000,BR,0,4,34.44000
52.8680,1144,4,30,0.03000,BR,1,34,35.34000
52.8780,1144,4,30,0.03000,FL,0,26,35.10000
52.8780,1144,4,30,0.03000,BL,0,19,34.89000
52.8780,1144,4,30,0.03000,FR,0,11,34.65000
52.8780,1144,4,30,0.03000,BR,0,4,34.44000
52.8780,1144,4,30,0.03000,BR,1,34,35.34000
52.8860,1144,4,30,0.03000,FL,0,26,35.10000
52.8860,1144,4,30,0.03000,BL,0,19,34.89000
52.8860,1144,4,30,0.03000,FR,0,11,34.65000
52.8860,1144,4,30,0.03000,BR,0,4,34.44000
52.8860,1144,4,30,0.03000,BR,1,34,35.34000
52.8960,1145,5,30,0.03000,FL,0,25,35.10000
52.8960,1145,5,30,0.03000,BL,0,18,34.89000
52.8960,1145,5,30,0.03000,FR,0,10,34.65000
52.8960,1145,5,30,0.03000,BR,0,3,34.44000
52.8960,1145,5,30,0.03000,BR,1,33,35.34000
52.9040,1145,5,30,0.03000,FL,0,25,35.10000
52.9040,1145,5,30,0.03000,BL,0,18,34.89000
52.9040,1145,5,30,0.03000,FR,0,10,34.65000
52.9040,1145,5,30,0.03000,BR,0,3,34.44000
52.9040,1145,5,30,0.03000,BR,1,33,35.34000
52.9140,1145,5,30,0.03000,FL,0,25,35.10000
52.9140,1145,5,30,0.03000,BL,0,18,34.89000
52.9140,1145,5,30,0.03000,FR,0,10,34.65000
52.9140,1145,5,30,0.03000,BR,0,3,34.44000
52.9140,1145,5,30,0.03000,BR,1,33,35.34000
52.9240,1146,6,30,0.03000,FL,0,24,35.10000
52.9240,1146,6,30,0.03000,BL,0,17,34.89000
52.9240,1146,6,30,0.03000,FR,0,9,34.65000
52.9240,1146,6,30,0.03000,FR,1,39,35.55000
52.9240,1146,6,30,0.03000,BR,0,2,34.44000
52.9240,1146,6,30,0.03000,BR,1,32,35.34000
52.9320,1146,6,30,0.03000,FL,0,24,35.10000
52.9320,1146,6,30,0.03000,BL,0,17,34.89000
52.9320,1146,6,30,0.03000,FR,0,9,34.65000
52.9320,1146,6,30,0.03000,FR,1,39,35.55000
52.9320,1146,6,30,0.03000,BR,0,2,34.44000
52.9320,1146,6,30,0.03000,BR,1,32,35.34000
52.9420,1146,6,30,0.03000,FL,0,24,35.10000
52.9420,1146,6,30,0.03000,BL,0,17,34.89000
52.9420,1146,6,30,0.03000,FR,0,9,34.65000
52.9420,1146,6,30,0.03000,FR,1,39,35.55000
52.9420,1146,6,30,0.03000,BR,0,2,34.44000
52.9420,1146,6,30,0.03000,BR,1,32,35.34000
52.9520,1146,6,30,0.03000,FL,0,24,35.10000
52.9520,1146,6,30,0.03000,BL,0,17,34.89000
52.9520,1146,6,30,0.03000,FR,0,9,34.65000
52.9520,1146,6,30,0.03000,FR,1,39,35.55000
52.9520,1146,6,30,0.03000,BR,0,2,34.44000
52.9520,1146,6,30,0.03000,BR,1,32,35.34000
52.9600,1147,7,30,0.03000,FL,0,23,35.10000
52.9600,1147,7,30,0.03000,BL,0,16,34.89000
52.9600,1147,7,30,0.03000,FR,0,8,34.65000
52.9600,1147,7,30,0.03000,FR,1,38,35.55000
52.9600,1147,7,30,0.03000,BR,0,1,34.44000
52.9600,1147,7,30,0.03000,BR,1,31,35.34000
52.9800,1147,7,30,0.03000,FL,0,23,35.10000
52.9800,1147,7,30,0.03000,BL,0,16,34.89000
52.9800,1147,7,30,0.03000,FR,0,8,34.65000
52.9800,1147,7,30,0.03000,FR,1,38,35.55000
52.9800,1147,7,30,0.03000,BR,0,1,34.44000
52.9800,1147,7,30,0.03000,BR,1,31,35.34000
52.9900,1148,8,30,0.03000,FL,0,22,35.10000
52.9900,1148,8,30,0.03000,BL,0,15,34.89000
52.9900,1148,8,30,0.03000,FR,0,7,34.65000
52.9900,1148,8,30,0.03000,FR,1,37,35.55000
52.9900,1148,8,30,0.03000,BR,0,30,35.34000
52.9980,1148,8,30,0.03000,FL,0,22,35.10000
52.9980,1148,8,30,0.03000,BL,0,15,34.89000
52.9980,1148,8,30,0.03000,FR,0,7,34.65000
52.9980,1148,8,30,0.03000,FR,1,37,35.55000
52.9980,1148,8,30,0.03000,BR,0,30,35.34000
53.0060,1148,8,30,0.03000,FL,0,22,35.10000
53.0060,1148,8,30,0.03000,BL,0,15,34.89000
53.0060,1148,8,30,0.03000,FR,0,7,34.65000
53.0060,1148,8,30,0.03000,FR,1,37,35.55000
53.0060,1148,8,30,0.03000,BR,0,30,35.34000
53.0160,1149,9,30,0.03000,FL,0,21,35.10000
53.0160,1149,9,30,0.03000,BL,0,14,34.89000
53.0160,1149,9,30,0.03000,FR,0,6,34.65000
53.0160,1149,9,30,0.03000,FR,1,36,35.55000
53.0160,1149,9,30,0.03000,BR,0,29,35.34000
53.0260,1149,9,30,0.03000,FL,0,21,35.10000
53.0260,1149,9,30,0.03000,BL,0,14,34.89000
53.0260,1149,9,30,0.03000,FR,0,6,34.65000
53.0260,1149,9,30,0.03000,FR,1,36,35.55000
53.0260,1149,9,30,0.03000,BR,0,29,35.34000
53.0360,1149,9,30,0.03000,FL,0,21,35.10000
53.0360,1149,9,30,0.03000,BL,0,14,34.89000
53.0360,1149,9,30,0.03000,FR,0,6,34.65000
53.0360,1149,9,30,0.03000,FR,1,36,35.55000
53.0360,1149,9,30,0.03000,BR,0,29,35.34000
53.0440,1150,10,30,0.03000,FL,0,20,35.10000
53.0440,1150,10,30,0.03000,BL,0,13,34.89000
53.0440,1150,10,30,0.03000,FR,0,5,34.65000
53.0440,1150,10,30,0.03000,FR,1,35,35.55000
53.0440,1150,10,30,0.03000,BR,0,28,35.34000
53.0540,1150,10,30,0.03000,FL,0,20,35.10000
53.0540,1150,10,30,0.03000,BL,0,13,34.89000
53.0540,1150,10,30,0.03000,FR,0,5,34.65000
53.0540,1150,10,30,0.03000,FR,1,35,35.55000
53.0540,1150,10,30,0.03000,BR,0,28,35.34000
53.0640,1150,10,30,0.03000,FL,0,20,35.10000
53.0640,1150,10,30,0.03000,BL,0,13,34.89000
53.0640,1150,10,30,0.03000,FR,0,5,34.65000
53.0640,1150,10,30,0.03000,FR,1,35,35.55000
53.0640,1150,10,30,0.03000,BR,0,28,35.34000
53.0740,1151,11,30,0.03000,FL,0,19,35.10000
53.0740,1151,11,30,0.03000,BL,0,12,34.89000
53.0740,1151,11,30,0.03000,FR,0,4,34.65000
53.0740,1151,11,30,0.03000,FR,1,34,35.55000
53.0740,1151,11,30,0.03000,BR,0,27,35.34000
53.0820,1151,11,30,0.03000,FL,0,19,35.10000
53.0820,1151,11,30,0.03000,BL,0,12,34.89000
53.0820,1151,11,30,0.03000,FR,0,4,34.65000
53.0820,1151,11,30,0.03000,FR,1,34,35.55000
53.0820,1151,11,30,0.03000,BR,0,27,35.34000
53.0920,1151,11,30,0.03000,FL,0,19,35.10000
53.0920,1151,11,30,0.03000,BL,0,12,34.89000
53.0920,1151,11,30,0.03000,FR,0,4,34.65000
53.0920,1151,11,30,0.03000,FR,1,34,35.55000
53.0920,1151,11,30,0.03000,BR,0,27,35.34000
53.1000,1151,11,30,0.03000,FL,0,19,35.10000
53.1000,1151,11,30,0.03000,BL,0,12,34.89000
53.1000,1151,11,30,0.03000,FR,0,4,34.65000
53.1000,1151,11,30,0.03000,FR,1,34,35.55000
53.1000,1151,11,30,0.03000,BR,0,27,35.34000
53.1100,1152,12,30,0.03000,FL,0,18,35.10000
53.1100,1152,12,30,0.03000,BL,0,11,34.89000
53.1100,1152,12,30,0.03000,FR,0,3,34.65000
53.1100,1152,12,30,0.03000,FR,1,33,35.55000
53.1100,1152,12,30,0.03000,BR,0,26,35.34000
53.1200,1152,12,30,0.03000,FL,0,18,35.10000
53.1200,1152,12,30,0.03000,BL,0,11,34.89000
53.1200,1152,12,30,0.03000,FR,0,3,34.65000
53.1200,1152,12,30,0.03000,FR,1,33,35.55000
53.1200,1152,12,30,0.03000,BR,0,26,35.34000
53.1280,1152,12,30,0.03000,FL,0,18,35.10000
53.1280,1152,12,30,0.03000,BL,0,11,34.89000
53.1280,1152,12,30,0.03000,FR,0,3,34.65000
53.1280,1152,12,30,0.03000,FR,1,33,35.55000
53.1280,1152,12,30,0.03000,BR,0,26,35.34000
53.1360,1153,13,30,0.03000,FL,0,17,35.10000
53.1360,1153,13,30,0.03000,BL,0,10,34.89000
53.1360,1153,13,30,0.03000,FR,0,2,34.65000
53.1360,1153,13,30,0.03000,FR,1,32,35.55000
53.1360,1153,13,30,0.03000,BR,0,25,35.34000
53.1480,1153,13,30,0.03000,FL,0,17,35.10000
53.1480,1153,13,30,0.03000,BL,0,10,34.89000
53.1480,1153,13,30,0.03000,FR,0,2,34.65000
53.1480,1153,13,30,0.03000,FR,1,32,35.55000
53.1480,1153,13,30,0.03000,BR,0,25,35.34000
53.1560,1153,13,30,0.03000,FL,0,17,35.10000
53.1560,1153,13,30,0.03000,BL,0,10,34.89000
53.1560,1153,13,30,0.03000,FR,0,2,34.65000
53.1560,1153,13,30,0.03000,FR,1,32,35.55000
53.1560,1153,13,30,0.03000,BR,0,25,35.34000
53.1640,1154,14,30,0.03000,FL,0,16,35.10000
53.1640,1154,14,30,0.03000,BL,0,9,34.89000
53.1640,1154,14,30,0.03000,BL,1,39,35.79000
53.1640,1154,14,30,0.03000,FR,0,1,34.65000
53.1640,1154,14,30,0.03000,FR,1,31,35.55000
53.1640,1154,14,30,0.03000,BR,0,24,35.34000
53.1760,1154,14,30,0.03000,FL,0,16,35.10000
53.1760,1154,14,30,0.03000,BL,0,9,34.89000
53.1760,1154,14,30,0.03000,BL,1,39,35.79000
53.1760,1154,14,30,0.03000,FR,0,1,34.65000
53.1760,1154,14,30,0.03000,FR,1,31,35.55000
53.1760,1154,14,30,0.03000,BR,0,24,35.34000
53.1840,1154,14,30,0.03000,FL,0,16,35.10000
53.1840,1154,14,30,0.03000,BL,0,9,34.89000
53.1840,1154,14,30,0.03000,BL,1,39,35.79000
53.1840,1154,14,30,0.03000,FR,0,1,34.65000
53.1840,1154,14,30,0.03000,FR,1,31,35.55000
53.1840,1154,14,30,0.03000,BR,0,24,35.34000
53.1940,1155,15,30,0.03000,FL,0,15,35.10000
53.1940,1155,15,30,0.03000,BL,0,8,34.89000
53.1940,1155,15,30,0.03000,BL,1,38,35.79000
53.1940,1155,15,30,0.03000,FR,0,30,35.55000
53.1940,1155,15,30,0.03000,BR,0,23,35.34000
53.2120,1155,15,30,0.03000,FL,0,15,35.10000
53.2120,1155,15,30,0.03000,BL,0,8,34.89000
53.2120,1155,15,30,0.03000,BL,1,38,35.79000
53.2120,1155,15,30,0.03000,FR,0,30,35.55000
53.2120,1155,15,30,0.03000,BR,0,23,35.34000
53.2220,1155,15,30,0.03000,FL,0,15,35.10000
53.2220,1155,15,30,0.03000,BL,0,8,34.89000
53.2220,1155,15,30,0.03000,BL,1,38,35.79000
53.2220,1155,15,30,0.03000,FR,0,30,35.55000
53.2220,1155,15,30,0.03000,BR,0,23,35.34000
53.2320,1156,16,30,0.03000,FL,0,14,35.10000
53.2320,1156,16,30,0.03000,BL,0,7,34.89000
53.2320,1156,16,30,0.03000,BL,1,37,35.79000
53.2320,1156,16,30,0.03000,FR,0,29,35.55000
53.2320,1156,16,30,0.03000,BR,0,22,35.34000
53.2440,1156,16,30,0.03000,FL,0,14,35.10000
53.2440,1156,16,30,0.03000,BL,0,7,34.89000
53.2440,1156,16,30,0.03000,BL,1,37,35.79000
53.2440,1156,16,30,0.03000,FR,0,29,35.55000
53.2440,1156,16,30,0.03000,BR,0,22,35.34000
53.2560,1157,17,30,0.03000,FL,0,13,35.10000
53.2560,1157,17,30,0.03000,BL,0,6,34.89000
53.2560,1157,17,30,0.03000,BL,1,36,35.79000
53.2560,1157,17,30,0.03000,FR,0,28,35.55000
53.2560,1157,17,30,0.03000,BR,0,21,35.34000
53.2700,1157,17,30,0.03000,FL,0,13,35.10000
53.2700,1157,17,30,0.03000,BL,0,6,34.89000
53.2700,1157,17,30,0.03000,BL,1,36,35.79000
53.2700,1157,17,30,0.03000,FR,0,28,35.55000
53.2700,1157,17,30,0.03000,BR,0,21,35.34000
53.2780,1157,17,30,0.03000,FL,0,13,35.10000
53.2780,1157,17,30,0.03000,BL,0,6,34.89000
53.2780,1157,17,30,0.03000,BL,1,36,35.79000
53.2780,1157,17,30,0.03000,FR,0,28,35.55000
53.2780,1157,17,30,0.03000,BR,0,21,35.34000
53.2880,1158,18,30,0.03000,FL,0,12,35.10000
53.2880,1158,18,30,0.03000,BL,0,5,34.89000
53.2880,1158,18,30,0.03000,BL,1,35,35.79000
53.2880,1158,18,30,0.03000,FR,0,27,35.55000
53.2880,1158,18,30,0.03000,BR,0,20,35.34000
53.2980,1158,18,30,0.03000,FL,0,12,35.10000
53.2980,1158,18,30,0.03000,BL,0,5,34.89000
53.2980,1158,18,30,0.03000,BL,1,35,35.79000
53.2980,1158,18,30,0.03000,FR,0,27,35.55000
53.2980,1158,18,30,0.03000,BR,0,20,35.34000
53.3060,1158,18,30,0.03000,FL,0,12,35.10000
53.3060,1158,18,30,0.03000,BL,0,5,34.89000
53.3060,1158,18,30,0.03000,BL,1,35,35.79000
53.3060,1158,18,30,0.03000,FR,0,27,35.55000
53.3060,1158,18,30,0.03000,BR,0,20,35.34000
53.3160,1159,19,30,0.03000,FL,0,11,35.10000
53.3160,1159,19,30,0.03000,BL,0,4,34.89000
53.3160,1159,19,30,0.03000,BL,1,34,35.79000
53.3160,1159,19,30,0.03000,FR,0,26,35.55000
53.3160,1159,19,30,0.03000,BR,0,19,35.34000
53.3240,1159,19,30,0.03000,FL,0,11,35.10000
53.3240,1159,19,30,0.03000,BL,0,4,34.89000
53.3240,1159,19,30,0.03000,BL,1,34,35.79000
53.3240,1159,19,30,0.03000,FR,0,26,35.55000
53.3240,1159,19,30,0.03000,BR,0,19,35.34000
53.3340,1159,19,30,0.03000,FL,0,11,35.10000
53.3340,1159,19,30,0.03000,BL,0,4,34.89000
53.3340,1159,19,30,0.03000,BL,1,34,35.79000
53.3340,1159,19,30,0.03000,FR,0,26,35.55000
53.3340,1159,19,30,0.03000,BR,0,19,35.34000
53.3440,1160,20,30,0.03000,FL,0,10,35.10000
53.3440,1160,20,30,0.03000,BL,0,3,34.89000
53.3440,1160,20,30,0.03000,BL,1,33,35.79000
53.3440,1160,20,30,0.03000,FR,0,25,35.55000
53.3440,1160,20,30,0.03000,BR,0,18,35.34000
53.3520,1160,20,30,0.03000,FL,0,10,35.10000
53.3520,1160,20,30,0.03000,BL,0,3,34.89000
53.3520,1160,20,30,0.03000,BL,1,33,35.79000
53.3520,1160,20,30,0.03000,FR,0,25,35.55000
53.3520,1160,20,30,0.03000,BR,0,18,35.34000
53.3620,1160,20,30,0.03000,FL,0,10,35.10000
53.3620,1160,20,30,0.03000,BL,0,3,34.89000
53.3620,1160,20,30,0.03000,BL,1,33,35.79000
53.3620,1160,20,30,0.03000,FR,0,25,35.55000
53.3620,1160,20,30,0.03000,BR,0,18,35.34000
53.3720,1160,20,30,0.03000,FL,0,10,35.10000
53.3720,1160,20,30,0.03000,BL,0,3,34.89000
53.3720,1160,20,30,0.03000,BL,1,33,35.79000
53.3720,1160,20,30,0.03000,FR,0,25,35.55000
53.3720,1160,20,30,0.03000,BR,0,18,35.34000
53.3820,1161,21,30,0.03000,FL,0,9,35.10000
53.3820,1161,21,30,0.03000,FL,1,39,36.00000
53.3820,1161,21,30,0.03000,BL,0,2,34.89000
53.3820,1161,21,30,0.03000,BL,1,32,35.79000
53.3820,1161,21,30,0.03000,FR,0,24,35.55000
53.3820,1161,21,30,0.03000,BR,0,17,35.34000
53.3900,1161,21,30,0.03000,FL,0,9,35.10000
53.3900,1161,21,30,0.03000,FL,1,39,36.00000
53.3900,1161,21,30,0.03000,BL,0,2,34.89000
53.3900,1161,21,30,0.03000,BL,1,32,35.79000
53.3900,1161,21,30,0.03000,FR,0,24,35.55000
53.3900,1161,21,30,0.03000,BR,0,17,35.34000
53.3980,1161,21,30,0.03000,FL,0,9,35.10000
53.3980,1161,21,30,0.03000,FL,1,39,36.00000
53.3980,1161,21,30,0.03000,BL,0,2,34.89000
53.3980,1161,21,30,0.03000,BL,1,32,35.79000
53.3980,1161,21,30,0.03000,FR,0,24,35.55000
53.3980,1161,21,30,0.03000,BR,0,17,35.34000
53.4080,1162,22,30,0.03000,FL,0,8,35.10000
53.4080,1162,22,30,0.03000,FL,1,38,36.00000
53.4080,1162,22,30,0.03000,BL,0,1,34.89000
53.4080,1162,22,30,0.03000,BL,1,31,35.79000
53.4080,1162,22,30,0.03000,FR,0,23,35.55000
53.4080,1162,22,30,0.03000,BR,0,16,35.34000
53.4280,1162,22,30,0.03000,FL,0,8,35.10000
53.4280,1162,22,30,0.03000,FL,1,38,36.00000
53.4280,1162,22,30,0.03000,BL,0,1,34.89000
53.4280,1162,22,30,0.03000,BL,1,31,35.79000
53.4280,1162,22,30,0.03000,FR,0,23,35.55000
53.4280,1162,22,30,0.03000,BR,0,16,35.34000
53.4360,1163,23,30,0.03000,FL,0,7,35.10000
53.4360,1163,23,30,0.03000,FL,1,37,36.00000
53.4360,1163,23,30,0.03000,BL,0,30,35.79000
53.4360,1163,23,30,0.03000,FR,0,22,35.55000
53.4360,1163,23,30,0.03000,BR,0,15,35.34000
53.4460,1163,23,30,0.03000,FL,0,7,35.10000
53.4460,1163,23,30,0.03000,FL,1,37,36.00000
53.4460,1163,23,30,0.03000,BL,0,30,35.79000
53.4460,1163,23,30,0.03000,FR,0,22,35.55000
53.4460,1163,23,30,0.03000,BR,0,15,35.34000
53.4560,1163,23,30,0.03000,FL,0,7,35.10000
53.4560,1163,23,30,0.03000,FL,1,37,36.00000
53.4560,1163,23,30,0.03000,BL,0,30,35.79000
53.4560,1163,23,30,0.03000,FR,0,22,35.55000
53.4560,1163,23,30,0.03000,BR,0,15,35.34000
53.4660,1164,24,30,0.03000,FL,0,6,35.10000
53.4660,1164,24,30,0.03000,FL,1,36,36.00000
53.4660,1164,24,30,0.03000,BL,0,29,35.79000
53.4660,1164,24,30,0.03000,FR,0,21,35.55000
53.4660,1164,24,30,0.03000,BR,0,14,35.34000
53.4740,1164,24,30,0.03000,FL,0,6,35.10000
53.4740,1164,24,30,0.03000,FL,1,36,36.00000
53.4740,1164,24,30,0.03000,BL,0,29,35.79000
53.4740,1164,24,30,0.03000,FR,0,21,35.55000
53.4740,1164,24,30,0.03000,BR,0,14,35.34000
53.4820,1164,24,30,0.03000,FL,0,6,35.10000
53.4820,1164,24,30,0.03000,FL,1,36,36.00000
53.4820,1164,24,30,0.03000,BL,0,29,35.79000
53.4820,1164,24,30,0.03000,FR,0,21,35.55000
53.4820,1164,24,30,0.03000,BR,0,14,35.34000
53.4920,1164,24,30,0.03000,FL,0,6,35.10000
53.4920,1164,24,30,0.03000,FL,1,36,36.00000
53.4920,1164,24,30,0.03000,BL,0,29,35.79000
53.4920,1164,24,30,0.03000,FR,0,21,35.55000
53.4920,1164,24,30,0.03000,BR,0,14,35.34000
53.5500,1166,26,30,0.03000,FL,0,4,35.10000
53.5500,1166,26,30,0.03000,FL,1,34,36.00000
53.5500,1166,26,30,0.03000,BL,0,27,35.79000
53.5500,1166,26,30,0.03000,FR,0,19,35.55000
53.5500,1166,26,30,0.03000,BR,0,12,35.34000
53.5600,1167,27,30,0.03000,FL,0,3,35.10000
53.5600,1167,27,30,0.03000,FL,1,33,36.00000
53.5600,1167,27,30,0.03000,BL,0,26,35.79000
53.5600,1167,27,30,0.03000,FR,0,18,35.55000
53.5600,1167,27,30,0.03000,BR,0,11,35.34000
53.5680,1167,27,30,0.03000,FL,0,3,35.10000
53.5680,1167,27,30,0.03000,FL,1,33,36.00000
53.5680,1167,27,30,0.03000,BL,0,26,35.79000
53.5680,1167,27,30,0.03000,FR,0,18,35.55000
53.5680,1167,27,30,0.03000,BR,0,11,35.34000
53.5780,1167,27,30,0.03000,FL,0,3,35.10000
53.5780,1167,27,30,0.03000,FL,1,33,36.00000
53.5780,1167,27,30,0.03000,BL,0,26,35.79000
53.5780,1167,27,30,0.03000,FR,0,18,35.55000
53.5780,1167,27,30,0.03000,BR,0,11,35.34000
53.5880,1168,28,30,0.03000,FL,0,2,35.10000
53.5880,1168,28,30,0.03000,FL,1,32,36.00000
53.5880,1168,28,30,0.03000,BL,0,25,35.79000
53.5880,1168,28,30,0.03000,FR,0,17,35.55000
53.5880,1168,28,30,0.03000,BR,0,10,35.34000
53.5960,1168,28,30,0.03000,FL,0,2,35.10000
53.5960,1168,28,30,0.03000,FL,1,32,36.00000
53.5960,1168,28,30,0.03000,BL,0,25,35.79000
53.5960,1168,28,30,0.03000,FR,0,17,35.55000
53.5960,1168,28,30,0.03000,BR,0,10,35.34000
53.6060,1168,28,30,0.03000,FL,0,2,35.10000
53.6060,1168,28,30,0.03000,FL,1,32,36.00000
53.6060,1168,28,30,0.03000,BL,0,25,35.79000
53.6060,1168,28,30,0.03000,FR,0,17,35.55000
53.6060,1168,28,30,0.03000,BR,0,10,35.34000
53.6160,1169,29,30,0.03000,FL,0,1,35.10000
53.6160,1169,29,30,0.03000,FL,1,31,36.00000
53.6160,1169,29,30,0.03000,BL,0,24,35.79000
53.6160,1169,29,30,0.03000,FR,0,16,35.55000
53.6160,1169,29,30,0.03000,BR,0,9,35.34000
53.6160,1169,29,30,0.03000,BR,1,39,36.24000
53.6240,1169,29,30,0.03000,FL,0,1,35.10000
53.6240,1169,29,30,0.03000,FL,1,31,36.00000
53.6240,1169,29,30,0.03000,BL,0,24,35.79000
53.6240,1169,29,30,0.03000,FR,0,16,35.55000
53.6240,1169,29,30,0.03000,BR,0,9,35.34000
53.6240,1169,29,30,0.03000,BR,1,39,36.24000
53.6340,1169,29,30,0.03000,FL,0,1,35.10000
53.6340,1169,29,30,0.03000,FL,1,31,36.00000
53.6340,1169,29,30,0.03000,BL,0,24,35.79000
53.6340,1169,29,30,0.03000,FR,0,16,35.55000
53.6340,1169,29,30,0.03000,BR,0,9,35.34000
53.6340,1169,29,30,0.03000,BR,1,39,36.24000
53.6420,1169,29,30,0.03000,FL,0,1,35.10000
53.6420,1169,29,30,0.03000,FL,1,31,36.00000
53.6420,1169,29,30,0.03000,BL,0,24,35.79000
53.6420,1169,29,30,0.03000,FR,0,16,35.55000
53.6420,1169,29,30,0.03000,BR,0,9,35.34000
53.6420,1169,29,30,0.03000,BR,1,39,36.24000
53.6520,1170,0,30,0.03000,FL,0,30,36.00000
53.6520,1170,0,30,0.03000,BL,0,23,35.79000
53.6520,1170,0,30,0.03000,FR,0,15,35.55000
53.6520,1170,0,30,0.03000,BR,0,8,35.34000
53.6520,1170,0,30,0.03000,BR,1,38,36.24000
53.6720,1170,0,30,0.03000,FL,0,30,36.00000
53.6720,1170,0,30,0.03000,BL,0,23,35.79000
53.6720,1170,0,30,0.03000,FR,0,15,35.55000
53.6720,1170,0,30,0.03000,BR,0,8,35.34000
53.6720,1170,0,30,0.03000,BR,1,38,36.24000
53.6820,1171,1,30,0.03000,FL,0,29,36.00000
53.6820,1171,1,30,0.03000,BL,0,22,35.79000
53.6820,1171,1,30,0.03000,FR,0,14,35.55000
53.6820,1171,1,30,0.03000,BR,0,7,35.34000
53.6820,1171,1,30,0.03000,BR,1,37,36.24000
53.6940,1171,1,30,0.03000,FL,0,29,36.00000
53.6940,1171,1,30,0.03000,BL,0,22,35.79000
53.6940,1171,1,30,0.03000,FR,0,14,35.55000
53.6940,1171,1,30,0.03000,BR,0,7,35.34000
53.6940,1171,1,30,0.03000,BR,1,37,36.24000
53.7040,1172,2,30,0.03000,FL,0,28,36.00000
53.7040,1172,2,30,0.03000,BL,0,21,35.79000
53.7040,1172,2,30,0.03000,FR,0,13,35.55000
53.7040,1172,2,30,0.03000,BR,0,6,35.34000
53.7040,1172,2,30,0.03000,BR,1,36,36.24000
53.7140,1172,2,30,0.03000,FL,0,28,36.00000
53.7140,1172,2,30,0.03000,BL,0,21,35.79000
53.7140,1172,2,30,0.03000,FR,0,13,35.55000
53.7140,1172,2,30,0.03000,BR,0,6,35.34000
53.7140,1172,2,30,0.03000,BR,1,36,36.24000
53.7220,1172,2,30,0.03000,FL,0,28,36.00000
53.7220,1172,2,30,0.03000,BL,0,21,35.79000
53.7220,1172,2,30,0.03000,FR,0,13,35.55000
53.7220,1172,2,30,0.03000,BR,0,6,35.34000
53.7220,1172,2,30,0.03000,BR,1,36,36.24000
53.7320,1172,2,30,0.03000,FL,0,28,36.00000
53.7320,1172,2,30,0.03000,BL,0,21,35.79000
53.7320,1172,2,30,0.03000,FR,0,13,35.55000
53.7320,1172,2,30,0.03000,BR,0,6,35.34000
53.7320,1172,2,30,0.03000,BR,1,36,36.24000
53.7420,1173,3,30,0.03000,FL,0,27,36.00000
53.7420,1173,3,30,0.03000,BL,0,20,35.79000
53.7420,1173,3,30,0.03000,FR,0,12,35.55000
53.7420,1173,3,30,0.03000,BR,0,5,35.34000
53.7420,1173,3,30,0.03000,BR,1,35,36.24000
53.7500,1173,3,30,0.03000,FL,0,27,36.00000
53.7500,1173,3,30,0.03000,BL,0,20,35.79000
53.7500,1173,3,30,0.03000,FR,0,12,35.55000
53.7500,1173,3,30,0.03000,BR,0,5,35.34000
53.7500,1173,3,30,0.03000,BR,1,35,36.24000
53.7600,1173,3,30,0.03000,FL,0,27,36.00000
53.7600,1173,3,30,0.03000,BL,0,20,35.79000
53.7600,1173,3,30,0.03000,FR,0,12,35.55000
53.7600,1173,3,30,0.03000,BR,0,5,35.34000
53.7600,1173,3,30,0.03000,BR,1,35,36.24000
53.7700,1174,4,30,0.03000,FL,0,26,36.00000
53.7700,1174,4,30,0.03000,BL,0,19,35.79000
53.7700,1174,4,30,0.03000,FR,0,11,35.55000
53.7700,1174,4,30,0.03000,BR,0,4,35.34000
53.7700,1174,4,30,0.03000,BR,1,34,36.24000
53.7780,1174,4,30,0.03000,FL,0,26,36.00000
53.7780,1174,4,30,0.03000,BL,0,19,35.79000
53.7780,1174,4,30,0.03000,FR,0,11,35.55000
53.7780,1174,4,30,0.03000,BR,0,4,35.34000
53.7780,1174,4,30,0.03000,BR,1,34,36.24000
53.7880,1174,4,30,0.03000,FL,0,26,36.00000
53.7880,1174,4,30,0.03000,BL,0,19,35.79000
53.7880,1174,4,30,0.03000,FR,0,11,35.55000
53.7880,1174,4,30,0.03000,BR,0,4,35.34000
53.7880,1174,4,30,0.03000,BR,1,34,36.24000
53.7980,1175,5,30,0.03000,FL,0,25,36.00000
53.7980,1175,5,30,0.03000,BL,0,18,35.79000
53.7980,1175,5,30,0.03000,FR,0,10,35.55000
53.7980,1175,5,30,0.03000,BR,0,3,35.34000
53.7980,1175,5,30,0.03000,BR,1,33,36.24000
53.8060,1175,5,30,0.03000,FL,0,25,36.00000
53.8060,1175,5,30,0.03000,BL,0,18,35.79000
53.8060,1175,5,30,0.03000,FR,0,10,35.55000
53.8060,1175,5,30,0.03000,BR,0,3,35.34000
53.8060,1175,5,30,0.03000,BR,1,33,36.24000
53.8160,1175,5,30,0.03000,FL,0,25,36.00000
53.8160,1175,5,30,0.03000,BL,0,18,35.79000
53.8160,1175,5,30,0.03000,FR,0,10,35.55000
53.8160,1175,5,30,0.03000,BR,0,3,35.34000
53.8160,1175,5,30,0.03000,BR,1,33,36.24000
53.8240,1176,6,30,0.03000,FL,0,24,36.00000
53.8240,1176,6,30,0.03000,BL,0,17,35.79000
53.8240,1176,6,30,0.03000,FR,0,9,35.55000
53.8240,1176,6,30,0.03000,FR,1,39,36.45000
53.8240,1176,6,30,0.03000,BR,0,2,35.34000
53.8240,1176,6,30,0.03000,BR,1,32,36.24000
53.8340,1176,6,30,0.03000,FL,0,24,36.00000
53.8340,1176,6,30,0.03000,BL,0,17,35.79000
53.8340,1176,6,30,0.03000,FR,0,9,35.55000
53.8340,1176,6,30,0.03000,FR,1,39,36.45000
53.8340,1176,6,30,0.03000,BR,0,2,35.34000
53.8340,1176,6,30,0.03000,BR,1,32,36.24000
53.8440,1176,6,30,0.03000,FL,0,24,36.00000
53.8440,1176,6,30,0.03000,BL,0,17,35.79000
53.8440,1176,6,30,0.03000,FR,0,9,35.55000
53.8440,1176,6,30,0.03000,FR,1,39,36.45000
53.8440,1176,6,30,0.03000,BR,0,2,35.34000
53.8440,1176,6,30,0.03000,BR,1,32,36.24000
53.8520,1176,6,30,0.03000,FL,0,24,36.00000
53.8520,1176,6,30,0.03000,BL,0,17,35.79000
53.8520,1176,6,30,0.03000,FR,0,9,35.55000
53.8520,1176,6,30,0.03000,FR,1,39,36.45000
53.8520,1176,6,30,0.03000,BR,0,2,35.34000
53.8520,1176,6,30,0.03000,BR,1,32,36.24000
53.8620,1177,7,30,0.03000,FL,0,23,36.00000
53.8620,1177,7,30,0.03000,BL,0,16,35.79000
53.8620,1177,7,30,0.03000,FR,0,8,35.55000
53.8620,1177,7,30,0.03000,FR,1,38,36.45000
53.8620,1177,7,30,0.03000,BR,0,1,35.34000
53.8620,1177,7,30,0.03000,BR,1,31,36.24000
53.8800,1177,7,30,0.03000,FL,0,23,36.00000
53.8800,1177,7,30,0.03000,BL,0,16,35.79000
53.8800,1177,7,30,0.03000,FR,0,8,35.55000
53.8800,1177,7,30,0.03000,FR,1,38,36.45000
53.8800,1177,7,30,0.03000,BR,0,1,35.34000
53.8800,1177,7,30,0.03000,BR,1,31,36.24000
53.8900,1178,8,30,0.03000,FL,0,22,36.00000
53.8900,1178,8,30,0.03000,BL,0,15,35.79000
53.8900,1178,8,30,0.03000,FR,0,7,35.55000
53.8900,1178,8,30,0.03000,FR,1,37,36.45000
53.8900,1178,8,30,0.03000,BR,0,30,36.24000
53.9000,1178,8,30,0.03000,FL,0,22,36.00000
53.9000,1178,8,30,0.03000,BL,0,15,35.79000
53.9000,1178,8,30,0.03000,FR,0,7,35.55000
53.9000,1178,8,30,0.03000,FR,1,37,36.45000
53.9000,1178,8,30,0.03000,BR,0,30,36.24000
53.9100,1178,8,30,0.03000,FL,0,22,36.00000
53.9100,1178,8,30,0.03000,BL,0,15,35.79000
53.9100,1178,8,30,0.03000,FR,0,7,35.55000
53.9100,1178,8,30,0.03000,FR,1,37,36.45000
53.9100,1178,8,30,0.03000,BR,0,30,36.24000
53.9180,1179,9,30,0.03000,FL,0,21,36.00000
53.9180,1179,9,30,0.03000,BL,0,14,35.79000
53.9180,1179,9,30,0.03000,FR,0,6,35.55000
53.9180,1179,9,30,0.03000,FR,1,36,36.45000
53.9180,1179,9,30,0.03000,BR,0,29,36.24000
53.9280,1179,9,30,0.03000,FL,0,21,36.00000
53.9280,1179,9,30,0.03000,BL,0,14,35.79000
53.9280,1179,9,30,0.03000,FR,0,6,35.55000
53.9280,1179,9,30,0.03000,FR,1,36,36.45000
53.9280,1179,9,30,0.03000,BR,0,29,36.24000
53.9360,1179,9,30,0.03000,FL,0,21,36.00000
53.9360,1179,9,30,0.03000,BL,0,14,35.79000
53.9360,1179,9,30,0.03000,FR,0,6,35.55000
53.9360,1179,9,30,0.03000,FR,1,36,36.45000
53.9360,1179,9,30,0.03000,BR,0,29,36.24000
53.9460,1180,10,30,0.03000,FL,0,20,36.00000
53.9460,1180,10,30,0.03000,BL,0,13,35.79000
53.9460,1180,10,30,0.03000,FR,0,5,35.55000
53.9460,1180,10,30,0.03000,FR,1,35,36.45000
53.9460,1180,10,30,0.03000,BR,0,28,36.24000
53.9560,1180,10,30,0.03000,FL,0,20,36.00000
53.9560,1180,10,30,0.03000,BL,0,13,35.79000
53.9560,1180,10,30,0.03000,FR,0,5,35.55000
53.9560,1180,10,30,0.03000,FR,1,35,36.45000
53.9560,1180,10,30,0.03000,BR,0,28,36.24000
53.9660,1180,10,30,0.03000,FL,0,20,36.00000
53.9660,1180,10,30,0.03000,BL,0,13,35.79000
53.9660,1180,10,30,0.03000,FR,0,5,35.55000
53.9660,1180,10,30,0.03000,FR,1,35,36.45000
53.9660,1180,10,30,0.03000,BR,0,28,36.24000
53.9740,1181,11,30,0.03000,FL,0,19,36.00000
53.9740,1181,11,30,0.03000,BL,0,12,35.79000
53.9740,1181,11,30,0.03000,FR,0,4,35.55000
53.9740,1181,11,30,0.03000,FR,1,34,36.45000
53.9740,1181,11,30,0.03000,BR,0,27,36.24000
53.9840,1181,11,30,0.03000,FL,0,19,36.00000
53.9840,1181,11,30,0.03000,BL,0,12,35.79000
53.9840,1181,11,30,0.03000,FR,0,4,35.55000
53.9840,1181,11,30,0.03000,FR,1,34,36.45000
53.9840,1181,11,30,0.03000,BR,0,27,36.24000
53.9940,1181,11,30,0.03000,FL,0,19,36.00000
53.9940,1181,11,30,0.03000,BL,0,12,35.79000
53.9940,1181,11,30,0.03000,FR,0,4,35.55000
53.9940,1181,11,30,0.03000,FR,1,34,36.45000
53.9940,1181,11,30,0.03000,BR,0,27,36.24000
54.0040,1182,12,30,0.03000,FL,0,18,36.00000
54.0040,1182,12,30,0.03000,BL,0,11,35.79000
54.0040,1182,12,30,0.03000,FR,0,3,35.55000
54.0040,1182,12,30,0.03000,FR,1,33,36.45000
54.0040,1182,12,30,0.03000,BR,0,26,36.24000
54.0120,1182,12,30,0.03000,FL,0,18,36.00000
54.0120,1182,12,30,0.03000,BL,0,11,35.79000
54.0120,1182,12,30,0.03000,FR,0,3,35.55000
54.0120,1182,12,30,0.03000,FR,1,33,36.45000
54.0120,1182,12,30,0.03000,BR,0,26,36.24000
54.0220,1182,12,30,0.03000,FL,0,18,36.00000
54.0220,1182,12,30,0.03000,BL,0,11,35.79000
54.0220,1182,12,30,0.03000,FR,0,3,35.55000
54.0220,1182,12,30,0.03000,FR,1,33,36.45000
54.0220,1182,12,30,0.03000,BR,0,26,36.24000
54.0320,1182,12,30,0.03000,FL,0,18,36.00000
54.0320,1182,12,30,0.03000,BL,0,11,35.79000
54.0320,1182,12,30,0.03000,FR,0,3,35.55000
54.0320,1182,12,30,0.03000,FR,1,33,36.45000
54.0320,1182,12,30,0.03000,BR,0,26,36.24000
54.0420,1183,13,30,0.03000,FL,0,17,36.00000
54.0420,1183,13,30,0.03000,BL,0,10,35.79000
54.0420,1183,13,30,0.03000,FR,0,2,35.55000
54.0420,1183,13,30,0.03000,FR,1,32,36.45000
54.0420,1183,13,30,0.03000,BR,0,25,36.24000
54.0500,1183,13,30,0.03000,FL,0,17,36.00000
54.0500,1183,13,30,0.03000,BL,0,10,35.79000
54.0500,1183,13,30,0.03000,FR,0,2,35.55000
54.0500,1183,13,30,0.03000,FR,1,32,36.45000
54.0500,1183,13,30,0.03000,BR,0,25,36.24000
54.0600,1183,13,30,0.03000,FL,0,17,36.00000
54.0600,1183,13,30,0.03000,BL,0,10,35.79000
54.0600,1183,13,30,0.03000,FR,0,2,35.55000
54.0600,1183,13,30,0.03000,FR,1,32,36.45000
54.0600,1183,13,30,0.03000,BR,0,25,36.24000
54.0700,1184,14,30,0.03000,FL,0,16,36.00000
54.0700,1184,14,30,0.03000,BL,0,9,35.79000
54.0700,1184,14,30,0.03000,BL,1,39,36.69000
54.0700,1184,14,30,0.03000,FR,0,1,35.55000
54.0700,1184,14,30,0.03000,FR,1,31,36.45000
54.0700,1184,14,30,0.03000,BR,0,24,36.24000
54.0800,1184,14,30,0.03000,FL,0,16,36.00000
54.0800,1184,14,30,0.03000,BL,0,9,35.79000
54.0800,1184,14,30,0.03000,BL,1,39,36.69000
54.0800,1184,14,30,0.03000,FR,0,1,35.55000
54.0800,1184,14,30,0.03000,FR,1,31,36.45000
54.0800,1184,14,30,0.03000,BR,0,24,36.24000
54.0900,1184,14,30,0.03000,FL,0,16,36.00000
54.0900,1184,14,30,0.03000,BL,0,9,35.79000
54.0900,1184,14,30,0.03000,BL,1,39,36.69000
54.0900,1184,14,30,0.03000,FR,0,1,35.55000
54.0900,1184,14,30,0.03000,FR,1,31,36.45000
54.0900,1184,14,30,0.03000,BR,0,24,36.24000
54.0980,1185,15,30,0.03000,FL,0,15,36.00000
54.0980,1185,15,30,0.03000,BL,0,8,35.79000
54.0980,1185,15,30,0.03000,BL,1,38,36.69000
54.0980,1185,15,30,0.03000,FR,0,30,36.45000
54.0980,1185,15,30,0.03000,BR,0,23,36.24000
54.1160,1185,15,30,0.03000,FL,0,15,36.00000
54.1160,1185,15,30,0.03000,BL,0,8,35.79000
54.1160,1185,15,30,0.03000,BL,1,38,36.69000
54.1180,1185,15,30,0.03000,FR,0,30,36.45000
54.1180,1185,15,30,0.03000,BR,0,23,36.24000
54.1260,1186,16,30,0.03000,FL,0,14,36.00000
54.1260,1186,16,30,0.03000,BL,0,7,35.79000
54.1260,1186,16,30,0.03000,BL,1,37,36.69000
54.1260,1186,16,30,0.03000,FR,0,29,36.45000
54.1260,1186,16,30,0.03000,BR,0,22,36.24000
54.1360,1186,16,30,0.03000,FL,0,14,36.00000
54.1360,1186,16,30,0.03000,BL,0,7,35.79000
54.1360,1186,16,30,0.03000,BL,1,37,36.69000
54.1360,1186,16,30,0.03000,FR,0,29,36.45000
54.1360,1186,16,30,0.03000,BR,0,22,36.24000
54.1460,1186,16,30,0.03000,FL,0,14,36.00000
54.1460,1186,16,30,0.03000,BL,0,7,35.79000
54.1460,1186,16,30,0.03000,BL,1,37,36.69000
54.1460,1186,16,30,0.03000,FR,0,29,36.45000
54.1460,1186,16,30,0.03000,BR,0,22,36.24000
54.1540,1187,17,30,0.03000,FL,0,13,36.00000
54.1540,1187,17,30,0.03000,BL,0,6,35.79000
54.1540,1187,17,30,0.03000,BL,1,36,36.69000
54.1540,1187,17,30,0.03000,FR,0,28,36.45000
54.1540,1187,17,30,0.03000,BR,0,21,36.24000
54.1640,1187,17,30,0.03000,FL,0,13,36.00000
54.1640,1187,17,30,0.03000,BL,0,6,35.79000
54.1640,1187,17,30,0.03000,BL,1,36,36.69000
54.1640,1187,17,30,0.03000,FR,0,28,36.45000
54.1640,1187,17,30,0.03000,BR,0,21,36.24000
54.1740,1187,17,30,0.03000,FL,0,13,36.00000
54.1740,1187,17,30,0.03000,BL,0,6,35.79000
54.1740,1187,17,30,0.03000,BL,1,36,36.69000
54.1740,1187,17,30,0.03000,FR,0,28,36.45000
54.1740,1187,17,30,0.03000,BR,0,21,36.24000
54.1820,1187,17,30,0.03000,FL,0,13,36.00000
54.1820,1187,17,30,0.03000,BL,0,6,35.79000
54.1820,1187,17,30,0.03000,BL,1,36,36.69000
54.1820,1187,17,30,0.03000,FR,0,28,36.45000
54.1820,1187,17,30,0.03000,BR,0,21,36.24000
54.1920,1188,18,30,0.03000,FL,0,12,36.00000
54.1920,1188,18,30,0.03000,BL,0,5,35.79000
54.1920,1188,18,30,0.03000,BL,1,35,36.69000
54.1920,1188,18,30,0.03000,FR,0,27,36.45000
54.1920,1188,18,30,0.03000,BR,0,20,36.24000
54.2020,1188,18,30,0.03000,FL,0,12,36.00000
54.2020,1188,18,30,0.03000,BL,0,5,35.79000
54.2020,1188,18,30,0.03000,BL,1,35,36.69000
54.2020,1188,18,30,0.03000,FR,0,27,36.45000
54.2020,1188,18,30,0.03000,BR,0,20,36.24000
54.2100,1188,18,30,0.03000,FL,0,12,36.00000
54.2100,1188,18,30,0.03000,BL,0,5,35.79000
54.2100,1188,18,30,0.03000,BL,1,35,36.69000
54.2100,1188,18,30,0.03000,FR,0,27,36.45000
54.2100,1188,18,30,0.03000,BR,0,20,36.24000
54.2200,1189,19,30,0.03000,FL,0,11,36.00000
54.2200,1189,19,30,0.03000,BL,0,4,35.79000
54.2200,1189,19,30,0.03000,BL,1,34,36.69000
54.2200,1189,19,30,0.03000,FR,0,26,36.45000
54.2200,1189,19,30,0.03000,BR,0,19,36.24000
54.2280,1189,19,30,0.03000,FL,0,11,36.00000
54.2280,1189,19,30,0.03000,BL,0,4,35.79000
54.2280,1189,19,30,0.03000,BL,1,34,36.69000
54.2280,1189,19,30,0.03000,FR,0,26,36.45000
54.2280,1189,19,30,0.03000,BR,0,19,36.24000
54.2380,1189,19,30,0.03000,FL,0,11,36.00000
54.2380,1189,19,30,0.03000,BL,0,4,35.79000
54.2380,1189,19,30,0.03000,BL,1,34,36.69000
54.2380,1189,19,30,0.03000,FR,0,26,36.45000
54.2380,1189,19,30,0.03000,BR,0,19,36.24000
54.2480,1190,20,30,0.03000,FL,0,10,36.00000
54.2480,1190,20,30,0.03000,BL,0,3,35.79000
54.2480,1190,20,30,0.03000,BL,1,33,36.69000
54.2480,1190,20,30,0.03000,FR,0,25,36.45000
54.2480,1190,20,30,0.03000,BR,0,18,36.24000
54.2560,1190,20,30,0.03000,FL,0,10,36.00000
54.2560,1190,20,30,0.03000,BL,0,3,35.79000
54.2560,1190,20,30,0.03000,BL,1,33,36.69000
54.2560,1190,20,30,0.03000,FR,0,25,36.45000
54.2560,1190,20,30,0.03000,BR,0,18,36.24000
54.2660,1190,20,30,0.03000,FL,0,10,36.00000
54.2660,1190,20,30,0.03000,BL,0,3,35.79000
54.2660,1190,20,30,0.03000,BL,1,33,36.69000
54.2660,1190,20,30,0.03000,FR,0,25,36.45000
54.2660,1190,20,30,0.03000,BR,0,18,36.24000
54.2740,1191,21,30,0.03000,FL,0,9,36.00000
54.2740,1191,21,30,0.03000,FL,1,39,36.90000
54.2740,1191,21,30,0.03000,BL,0,2,35.79000
54.2740,1191,21,30,0.03000,BL,1,32,36.69000
54.2740,1191,21,30,0.03000,FR,0,24,36.45000
54.2740,1191,21,30,0.03000,BR,0,17,36.24000
54.2840,1191,21,30,0.03000,FL,0,9,36.00000
54.2840,1191,21,30,0.03000,FL,1,39,36.90000
54.2840,1191,21,30,0.03000,BL,0,2,35.79000
54.2840,1191,21,30,0.03000,BL,1,32,36.69000
54.2840,1191,21,30,0.03000,FR,0,24,36.45000
54.2840,1191,21,30,0.03000,BR,0,17,36.24000
54.2960,1191,21,30,0.03000,FL,0,9,36.00000
54.2960,1191,21,30,0.03000,FL,1,39,36.90000
54.2960,1191,21,30,0.03000,BL,0,2,35.79000
54.2960,1191,21,30,0.03000,BL,1,32,36.69000
54.2960,1191,21,30,0.03000,FR,0,24,36.45000
54.2960,1191,21,30,0.03000,BR,0,17,36.24000
54.3080,1192,22,30,0.03000,FL,0,8,36.00000
54.3080,1192,22,30,0.03000,FL,1,38,36.90000
54.3080,1192,22,30,0.03000,BL,0,1,35.79000
54.3080,1192,22,30,0.03000,BL,1,31,36.69000
54.3080,1192,22,30,0.03000,FR,0,23,36.45000
54.3080,1192,22,30,0.03000,BR,0,16,36.24000
54.3300,1192,22,30,0.03000,FL,0,8,36.00000
54.3300,1192,22,30,0.03000,FL,1,38,36.90000
54.3300,1192,22,30,0.03000,BL,0,1,35.79000
54.3300,1192,22,30,0.03000,BL,1,31,36.69000
54.3300,1192,22,30,0.03000,FR,0,23,36.45000
54.3300,1192,22,30,0.03000,BR,0,16,36.24000
54.3400,1193,23,30,0.03000,FL,0,7,36.00000
54.3400,1193,23,30,0.03000,FL,1,37,36.90000
54.3400,1193,23,30,0.03000,BL,0,30,36.69000
54.3400,1193,23,30,0.03000,FR,0,22,36.45000
54.3400,1193,23,30,0.03000,BR,0,15,36.24000
54.3520,1193,23,30,0.03000,FL,0,7,36.00000
54.3520,1193,23,30,0.03000,FL,1,37,36.90000
54.3520,1193,23,30,0.03000,BL,0,30,36.69000
54.3520,1193,23,30,0.03000,FR,0,22,36.45000
54.3520,1193,23,30,0.03000,BR,0,15,36.24000
54.3720,1194,24,30,0.03000,FL,0,6,36.00000
54.3720,1194,24,30,0.03000,FL,1,36,36.90000
54.3720,1194,24,30,0.03000,BL,0,29,36.69000
54.3720,1194,24,30,0.03000,FR,0,21,36.45000
54.3720,1194,24,30,0.03000,BR,0,14,36.24000
54.3840,1194,24,30,0.03000,FL,0,6,36.00000
54.3840,1194,24,30,0.03000,FL,1,36,36.90000
54.3840,1194,24,30,0.03000,BL,0,29,36.69000
54.3840,1194,24,30,0.03000,FR,0,21,36.45000
54.3840,1194,24,30,0.03000,BR,0,14,36.24000
54.3920,1194,24,30,0.03000,FL,0,6,36.00000
54.3920,1194,24,30,0.03000,FL,1,36,36.90000
54.3920,1194,24,30,0.03000,BL,0,29,36.69000
54.3920,1194,24,30,0.03000,FR,0,21,36.45000
54.3920,1194,24,30,0.03000,BR,0,14,36.24000
54.4020,1195,25,30,0.03000,FL,0,5,36.00000
54.4020,1195,25,30,0.03000,FL,1,35,36.90000
54.4020,1195,25,30,0.03000,BL,0,28,36.69000
54.4020,1195,25,30,0.03000,FR,0,20,36.45000
54.4020,1195,25,30,0.03000,BR,0,13,36.24000
54.4120,1195,25,30,0.03000,FL,0,5,36.00000
54.4120,1195,25,30,0.03000,FL,1,35,36.90000
54.4120,1195,25,30,0.03000,BL,0,28,36.69000
54.4120,1195,25,30,0.03000,FR,0,20,36.45000
54.4120,1195,25,30,0.03000,BR,0,13,36.24000
54.4220,1195,25,30,0.03000,FL,0,5,36.00000
54.4220,1195,25,30,0.03000,FL,1,35,36.90000
54.4220,1195,25,30,0.03000,BL,0,28,36.69000
54.4220,1195,25,30,0.03000,FR,0,20,36.45000
54.4220,1195,25,30,0.03000,BR,0,13,36.24000
54.4300,1196,26,30,0.03000,FL,0,4,36.00000
54.4300,1196,26,30,0.03000,FL,1,34,36.90000
54.4300,1196,26,30,0.03000,BL,0,27,36.69000
54.4300,1196,26,30,0.03000,FR,0,19,36.45000
54.4300,1196,26,30,0.03000,BR,0,12,36.24000
54.4400,1196,26,30,0.03000,FL,0,4,36.00000
54.4400,1196,26,30,0.03000,FL,1,34,36.90000
54.4400,1196,26,30,0.03000,BL,0,27,36.69000
54.4400,1196,26,30,0.03000,FR,0,19,36.45000
54.4400,1196,26,30,0.03000,BR,0,12,36.24000
54.4480,1196,26,30,0.03000,FL,0,4,36.00000
54.4480,1196,26,30,0.03000,FL,1,34,36.90000
54.4480,1196,26,30,0.03000,BL,0,27,36.69000
54.4480,1196,26,30,0.03000,FR,0,19,36.45000
54.4480,1196,26,30,0.03000,BR,0,12,36.24000
54.4580,1197,27,30,0.03000,FL,0,3,36.00000
54.4580,1197,27,30,0.03000,FL,1,33,36.90000
54.4580,1197,27,30,0.03000,BL,0,26,36.69000
54.4580,1197,27,30,0.03000,FR,0,18,36.45000
54.4580,1197,27,30,0.03000,BR,0,11,36.24000
54.4680,1197,27,30,0.03000,FL,0,3,36.00000
54.4680,1197,27,30,0.03000,FL,1,33,36.90000
54.4680,1197,27,30,0.03000,BL,0,26,36.69000
54.4680,1197,27,30,0.03000,FR,0,18,36.45000
54.4680,1197,27,30,0.03000,BR,0,11,36.24000
54.4780,1197,27,30,0.03000,FL,0,3,36.00000
54.4780,1197,27,30,0.03000,FL,1,33,36.90000
54.4780,1197,27,30,0.03000,BL,0,26,36.69000
54.4780,1197,27,30,0.03000,FR,0,18,36.45000
54.4780,1197,27,30,0.03000,BR,0,11,36.24000
54.4860,1198,28,30,0.03000,FL,0,2,36.00000
54.4860,1198,28,30,0.03000,FL,1,32,36.90000
54.4860,1198,28,30,0.03000,BL,0,25,36.69000
54.4860,1198,28,30,0.03000,FR,0,17,36.45000
54.4860,1198,28,30,0.03000,BR,0,10,36.24000
54.5000,1198,28,30,0.03000,FL,0,2,36.00000
54.5000,1198,28,30,0.03000,FL,1,32,36.90000
54.5000,1198,28,30,0.03000,BL,0,25,36.69000
54.5000,1198,28,30,0.03000,FR,0,17,36.45000
54.5000,1198,28,30,0.03000,BR,0,10,36.24000
54.5140,1199,29,30,0.03000,FL,0,1,36.00000
54.5140,1199,29,30,0.03000,FL,1,31,36.90000
54.5140,1199,29,30,0.03000,BL,0,24,36.69000
54.5140,1199,29,30,0.03000,FR,0,16,36.45000
54.5140,1199,29,30,0.03000,BR,0,9,36.24000
54.5140,1199,29,30,0.03000,BR,1,39,37.14000
54.5260,1199,29,30,0.03000,FL,0,1,36.00000
54.5260,1199,29,30,0.03000,FL,1,31,36.90000
54.5260,1199,29,30,0.03000,BL,0,24,36.69000
54.5260,1199,29,30,0.03000,FR,0,16,36.45000
54.5260,1199,29,30,0.03000,BR,0,9,36.24000
54.5260,1199,29,30,0.03000,BR,1,39,37.14000
54.5380,1199,29,30,0.03000,FL,0,1,36.00000
54.5380,1199,29,30,0.03000,FL,1,31,36.90000
54.5380,1199,29,30,0.03000,BL,0,24,36.69000
54.5380,1199,29,30,0.03000,FR,0,16,36.45000
54.5380,1199,29,30,0.03000,BR,0,9,36.24000
54.5380,1199,29,30,0.03000,BR,1,39,37.14000
54.5460,1200,0,30,0.03000,FL,0,30,36.90000
54.5460,1200,0,30,0.03000,BL,0,23,36.69000
54.5460,1200,0,30,0.03000,FR,0,15,36.45000
54.5460,1200,0,30,0.03000,BR,0,8,36.24000
54.5460,1200,0,30,0.03000,BR,1,38,37.14000
54.5660,1200,0,30,0.03000,FL,0,30,36.90000
54.5660,1200,0,30,0.03000,BL,0,23,36.69000
54.5660,1200,0,30,0.03000,FR,0,15,36.45000
54.5660,1200,0,30,0.03000,BR,0,8,36.24000
54.5660,1200,0,30,0.03000,BR,1,38,37.14000
54.5760,1201,1,30,0.03000,FL,0,29,36.90000
54.5760,1201,1,30,0.03000,BL,0,22,36.69000
54.5760,1201,1,30,0.03000,FR,0,14,36.45000
54.5760,1201,1,30,0.03000,BR,0,7,36.24000
54.5760,1201,1,30,0.03000,BR,1,37,37.14000
54.5840,1201,1,30,0.03000,FL,0,29,36.90000
54.5840,1201,1,30,0.03000,BL,0,22,36.69000
54.5840,1201,1,30,0.03000,FR,0,14,36.45000
54.5840,1201,1,30,0.03000,BR,0,7,36.24000
54.5840,1201,1,30,0.03000,BR,1,37,37.14000
54.5920,1201,1,30,0.03000,FL,0,29,36.90000
54.5920,1201,1,30,0.03000,BL,0,22,36.69000
54.5920,1201,1,30,0.03000,FR,0,14,36.45000
54.5920,1201,1,30,0.03000,BR,0,7,36.24000
54.5920,1201,1,30,0.03000,BR,1,37,37.14000
54.6020,1201,1,30,0.03000,FL,0,29,36.90000
54.6020,1201,1,30,0.03000,BL,0,22,36.69000
54.6020,1201,1,30,0.03000,FR,0,14,36.45000
54.6020,1201,1,30,0.03000,BR,0,7,36.24000
54.6020,1201,1,30,0.03000,BR,1,37,37.14000
54.6120,1202,2,30,0.03000,FL,0,28,36.90000
54.6120,1202,2,30,0.03000,BL,0,21,36.69000
54.6120,1202,2,30,0.03000,FR,0,13,36.45000
54.6120,1202,2,30,0.03000,BR,0,6,36.24000
54.6120,1202,2,30,0.03000,BR,1,36,37.14000
54.6260,1202,2,30,0.03000,FL,0,28,36.90000
54.6260,1202,2,30,0.03000,BL,0,21,36.69000
54.6260,1202,2,30,0.03000,FR,0,13,36.45000
54.6260,1202,2,30,0.03000,BR,0,6,36.24000
54.6260,1202,2,30,0.03000,BR,1,36,37.14000
54.6360,1203,3,30,0.03000,FL,0,27,36.90000
54.6360,1203,3,30,0.03000,BL,0,20,36.69000
54.6360,1203,3,30,0.03000,FR,0,12,36.45000
54.6360,1203,3,30,0.03000,BR,0,5,36.24000
54.6360,1203,3,30,0.03000,BR,1,35,37.14000
54.6480,1203,3,30,0.03000,FL,0,27,36.90000
54.6480,1203,3,30,0.03000,BL,0,20,36.69000
54.6480,1203,3,30,0.03000,FR,0,12,36.45000
54.6480,1203,3,30,0.03000,BR,0,5,36.24000
54.6480,1203,3,30,0.03000,BR,1,35,37.14000
54.6580,1203,3,30,0.03000,FL,0,27,36.90000
54.6580,1203,3,30,0.03000,BL,0,20,36.69000
54.6580,1203,3,30,0.03000,FR,0,12,36.45000
54.6580,1203,3,30,0.03000,BR,0,5,36.24000
54.6580,1203,3,30,0.03000,BR,1,35,37.14000
54.6680,1204,4,30,0.03000,FL,0,26,36.90000
54.6680,1204,4,30,0.03000,BL,0,19,36.69000
54.6680,1204,4,30,0.03000,FR,0,11,36.45000
54.6680,1204,4,30,0.03000,BR,0,4,36.24000
54.6680,1204,4,30,0.03000,BR,1,34,37.14000
54.6780,1204,4,30,0.03000,FL,0,26,36.90000
54.6780,1204,4,30,0.03000,BL,0,19,36.69000
54.6780,1204,4,30,0.03000,FR,0,11,36.45000
54.6780,1204,4,30,0.03000,BR,0,4,36.24000
54.6780,1204,4,30,0.03000,BR,1,34,37.14000
54.6860,1204,4,30,0.03000,FL,0,26,36.90000
54.6860,1204,4,30,0.03000,BL,0,19,36.69000
54.6860,1204,4,30,0.03000,FR,0,11,36.45000
54.6860,1204,4,30,0.03000,BR,0,4,36.24000
54.6860,1204,4,30,0.03000,BR,1,34,37.14000
54.6980,1205,5,30,0.03000,FL,0,25,36.90000
54.6980,1205,5,30,0.03000,BL,0,18,36.69000
54.6980,1205,5,30,0.03000,FR,0,10,36.45000
54.6980,1205,5,30,0.03000,BR,0,3,36.24000
54.6980,1205,5,30,0.03000,BR,1,33,37.14000
54.7080,1205,5,30,0.03000,FL,0,25,36.90000
54.7080,1205,5,30,0.03000,BL,0,18,36.69000
54.7080,1205,5,30,0.03000,FR,0,10,36.45000
54.7080,1205,5,30,0.03000,BR,0,3,36.24000
54.7080,1205,5,30,0.03000,BR,1,33,37.14000
54.7160,1205,5,30,0.03000,FL,0,25,36.90000
54.7160,1205,5,30,0.03000,BL,0,18,36.69000
54.7160,1205,5,30,0.03000,FR,0,10,36.45000
54.7160,1205,5,30,0.03000,BR,0,3,36.24000
54.7160,1205,5,30,0.03000,BR,1,33,37.14000
54.7280,1206,6,30,0.03000,FL,0,24,36.90000
54.7280,1206,6,30,0.03000,BL,0,17,36.69000
54.7280,1206,6,30,0.03000,FR,0,9,36.45000
54.7280,1206,6,30,0.03000,FR,1,39,37.35000
54.7280,1206,6,30,0.03000,BR,0,2,36.24000
54.7280,1206,6,30,0.03000,BR,1,32,37.14000
54.7380,1206,6,30,0.03000,FL,0,24,36.90000
54.7380,1206,6,30,0.03000,BL,0,17,36.69000
54.7380,1206,6,30,0.03000,FR,0,9,36.45000
54.7380,1206,6,30,0.03000,FR,1,39,37.35000
54.7380,1206,6,30,0.03000,BR,0,2,36.24000
54.7380,1206,6,30,0.03000,BR,1,32,37.14000
54.7460,1206,6,30,0.03000,FL,0,24,36.90000
54.7460,1206,6,30,0.03000,BL,0,17,36.69000
54.7460,1206,6,30,0.03000,FR,0,9,36.45000
54.7460,1206,6,30,0.03000,FR,1,39,37.35000
54.7460,1206,6,30,0.03000,BR,0,2,36.24000
54.7460,1206,6,30,0.03000,BR,1,32,37.14000
54.7600,1207,7,30,0.03000,FL,0,23,36.90000
54.7600,1207,7,30,0.03000,BL,0,16,36.69000
54.7600,1207,7,30,0.03000,FR,0,8,36.45000
54.7600,1207,7,30,0.03000,FR,1,38,37.35000
54.7600,1207,7,30,0.03000,BR,0,1,36.24000
54.7600,1207,7,30,0.03000,BR,1,31,37.14000
54.7780,1207,7,30,0.03000,FL,0,23,36.90000
54.7780,1207,7,30,0.03000,BL,0,16,36.69000
54.7780,1207,7,30,0.03000,FR,0,8,36.45000
54.7780,1207,7,30,0.03000,FR,1,38,37.35000
54.7780,1207,7,30,0.03000,BR,0,1,36.24000
54.7780,1207,7,30,0.03000,BR,1,31,37.14000
54.7920,1208,8,30,0.03000,FL,0,22,36.90000
54.7920,1208,8,30,0.03000,BL,0,15,36.69000
54.7920,1208,8,30,0.03000,FR,0,7,36.45000
54.7920,1208,8,30,0.03000,FR,1,37,37.35000
54.7920,1208,8,30,0.03000,BR,0,30,37.14000
54.8040,1208,8,30,0.03000,FL,0,22,36.90000
54.8040,1208,8,30,0.03000,BL,0,15,36.69000
54.8040,1208,8,30,0.03000,FR,0,7,36.45000
54.8040,1208,8,30,0.03000,FR,1,37,37.35000
54.8040,1208,8,30,0.03000,BR,0,30,37.14000
54.8140,1209,9,30,0.03000,FL,0,21,36.90000
54.8140,1209,9,30,0.03000,BL,0,14,36.69000
54.8140,1209,9,30,0.03000,FR,0,6,36.45000
54.8140,1209,9,30,0.03000,FR,1,36,37.35000
54.8140,1209,9,30,0.03000,BR,0,29,37.14000
54.8260,1209,9,30,0.03000,FL,0,21,36.90000
54.8260,1209,9,30,0.03000,BL,0,14,36.69000
54.8260,1209,9,30,0.03000,FR,0,6,36.45000
54.8260,1209,9,30,0.03000,FR,1,36,37.35000
54.8260,1209,9,30,0.03000,BR,0,29,37.14000
54.8360,1209,9,30,0.03000,FL,0,21,36.90000
54.8360,1209,9,30,0.03000,BL,0,14,36.69000
54.8360,1209,9,30,0.03000,FR,0,6,36.45000
54.8360,1209,9,30,0.03000,FR,1,36,37.35000
54.8360,1209,9,30,0.03000,BR,0,29,37.14000
54.9740,1214,14,30,0.03000,FL,0,16,36.90000
54.9740,1214,14,30,0.03000,BL,0,9,36.69000
54.9740,1214,14,30,0.03000,BL,1,39,37.59000
54.9740,1214,14,30,0.03000,FR,0,1,36.45000
54.9740,1214,14,30,0.03000,FR,1,31,37.35000
54.9740,1214,14,30,0.03000,BR,0,24,37.14000
55.0940,1218,18,30,0.03000,FL,0,12,36.90000
55.0940,1218,18,30,0.03000,BL,0,5,36.69000
55.0940,1218,18,30,0.03000,BL,1,35,37.59000
55.0940,1218,18,30,0.03000,FR,0,27,37.35000
55.0940,1218,18,30,0.03000,BR,0,20,37.14000
55.1820,1221,21,30,0.03000,FL,0,9,36.90000
55.1820,1221,21,30,0.03000,FL,1,39,37.80000
55.1820,1221,21,30,0.03000,BL,0,2,36.69000
55.1820,1221,21,30,0.03000,BL,1,32,37.59000
55.1820,1221,21,30,0.03000,FR,0,24,37.35000
55.1820,1221,21,30,0.03000,BR,0,17,37.14000
55.3020,1225,25,30,0.03000,FL,0,5,36.90000
55.3020,1225,25,30,0.03000,FL,1,35,37.80000
55.3020,1225,25,30,0.03000,BL,0,28,37.59000
55.3020,1225,25,30,0.03000,FR,0,20,37.35000
55.3020,1225,25,30,0.03000,BR,0,13,37.14000
55.4280,1229,29,30,0.03000,FL,0,1,36.90000
55.4280,1229,29,30,0.03000,FL,1,31,37.80000
55.4280,1229,29,30,0.03000,BL,0,24,37.59000
55.4280,1229,29,30,0.03000,FR,0,16,37.35000
55.4280,1229,29,30,0.03000,BR,0,9,37.14000
55.4280,1229,29,30,0.03000,BR,1,39,38.04000
55.5500,1233,3,30,0.03000,FL,0,27,37.80000
55.5500,1233,3,30,0.03000,BL,0,20,37.59000
55.5500,1233,3,30,0.03000,FR,0,12,37.35000
55.5500,1233,3,30,0.03000,BR,0,5,37.14000
55.5500,1233,3,30,0.03000,BR,1,35,38.04000
55.6680,1237,7,30,0.03000,FL,0,23,37.80000
55.6680,1237,7,30,0.03000,BL,0,16,37.59000
55.6680,1237,7,30,0.03000,FR,0,8,37.35000
55.6680,1237,7,30,0.03000,FR,1,38,38.25000
55.6680,1237,7,30,0.03000,BR,0,1,37.14000
55.6680,1237,7,30,0.03000,BR,1,31,38.04000
55.7920,1241,11,30,0.03000,FL,0,19,37.80000
55.7920,1241,11,30,0.03000,BL,0,12,37.59000
55.7920,1241,11,30,0.03000,FR,0,4,37.35000
55.7920,1241,11,30,0.03000,FR,1,34,38.25000
55.7920,1241,11,30,0.03000,BR,0,27,38.04000
55.9160,1245,15,30,0.03000,FL,0,15,37.80000
55.9160,1245,15,30,0.03000,BL,0,8,37.59000
55.9160,1245,15,30,0.03000,BL,1,38,38.49000
55.9160,1245,15,30,0.03000,FR,0,30,38.25000
55.9160,1245,15,30,0.03000,BR,0,23,38.04000
56.0380,1249,19,30,0.03000,FL,0,11,37.80000
56.0380,1249,19,30,0.03000,BL,0,4,37.59000
56.0380,1249,19,30,0.03000,BL,1,34,38.49000
56.0380,1249,19,30,0.03000,FR,0,26,38.25000
56.0380,1249,19,30,0.03000,BR,0,19,38.04000
56.1580,1253,23,30,0.03000,FL,0,7,37.80000
56.1580,1253,23,30,0.03000,FL,1,37,38.70000
56.1580,1253,23,30,0.03000,BL,0,30,38.49000
56.1580,1253,23,30,0.03000,FR,0,22,38.25000
56.1580,1253,23,30,0.03000,BR,0,15,38.04000
56.1920,1254,24,30,0.03000,FL,0,6,37.80000
56.1920,1254,24,30,0.03000,FL,1,36,38.70000
56.1920,1254,24,30,0.03000,BL,0,29,38.49000
56.1920,1254,24,30,0.03000,FR,0,21,38.25000
56.1920,1254,24,30,0.03000,BR,0,14,38.04000
56.2080,1255,25,30,0.03000,FL,0,5,37.80000
56.2080,1255,25,30,0.03000,FL,1,35,38.70000
56.2080,1255,25,30,0.03000,BL,0,28,38.49000
56.2080,1255,25,30,0.03000,FR,0,20,38.25000
56.2080,1255,25,30,0.03000,BR,0,13,38.04000
56.2200,1255,25,30,0.03000,FL,0,5,37.80000
56.2200,1255,25,30,0.03000,FL,1,35,38.70000
56.2200,1255,25,30,0.03000,BL,0,28,38.49000
56.2200,1255,25,30,0.03000,FR,0,20,38.25000
56.2200,1255,25,30,0.03000,BR,0,13,38.04000
56.2320,1256,26,30,0.03000,FL,0,4,37.80000
56.2320,1256,26,30,0.03000,FL,1,34,38.70000
56.2320,1256,26,30,0.03000,BL,0,27,38.49000
56.2320,1256,26,30,0.03000,FR,0,19,38.25000
56.2320,1256,26,30,0.03000,BR,0,12,38.04000
56.2440,1256,26,30,0.03000,FL,0,4,37.80000
56.2440,1256,26,30,0.03000,FL,1,34,38.70000
56.2440,1256,26,30,0.03000,BL,0,27,38.49000
56.2440,1256,26,30,0.03000,FR,0,19,38.25000
56.2440,1256,26,30,0.03000,BR,0,12,38.04000
56.2560,1257,27,30,0.03000,FL,0,3,37.80000
56.2560,1257,27,30,0.03000,FL,1,33,38.70000
56.2560,1257,27,30,0.03000,BL,0,26,38.49000
56.2560,1257,27,30,0.03000,FR,0,18,38.25000
56.2560,1257,27,30,0.03000,BR,0,11,38.04000
56.2640,1257,27,30,0.03000,FL,0,3,37.80000
56.2640,1257,27,30,0.03000,FL,1,33,38.70000
56.2640,1257,27,30,0.03000,BL,0,26,38.49000
56.2640,1257,27,30,0.03000,FR,0,18,38.25000
56.2640,1257,27,30,0.03000,BR,0,11,38.04000
56.2740,1257,27,30,0.03000,FL,0,3,37.80000
56.2740,1257,27,30,0.03000,FL,1,33,38.70000
56.2740,1257,27,30,0.03000,BL,0,26,38.49000
56.2740,1257,27,30,0.03000,FR,0,18,38.25000
56.2740,1257,27,30,0.03000,BR,0,11,38.04000
56.2880,1258,28,30,0.03000,FL,0,2,37.80000
56.2880,1258,28,30,0.03000,FL,1,32,38.70000
56.2880,1258,28,30,0.03000,BL,0,25,38.49000
56.2880,1258,28,30,0.03000,FR,0,17,38.25000
56.2880,1258,28,30,0.03000,BR,0,10,38.04000
56.2960,1258,28,30,0.03000,FL,0,2,37.80000
56.2960,1258,28,30,0.03000,FL,1,32,38.70000
56.2960,1258,28,30,0.03000,BL,0,25,38.49000
56.2960,1258,28,30,0.03000,FR,0,17,38.25000
56.2960,1258,28,30,0.03000,BR,0,10,38.04000
56.3060,1258,28,30,0.03000,FL,0,2,37.80000
56.3060,1258,28,30,0.03000,FL,1,32,38.70000
56.3060,1258,28,30,0.03000,BL,0,25,38.49000
56.3060,1258,28,30,0.03000,FR,0,17,38.25000
56.3060,1258,28,30,0.03000,BR,0,10,38.04000
56.3180,1259,29,30,0.03000,FL,0,1,37.80000
56.3180,1259,29,30,0.03000,FL,1,31,38.70000
56.3180,1259,29,30,0.03000,BL,0,24,38.49000
56.3180,1259,29,30,0.03000,FR,0,16,38.25000
56.3180,1259,29,30,0.03000,BR,0,9,38.04000
56.3180,1259,29,30,0.03000,BR,1,39,38.94000
56.3300,1259,29,30,0.03000,FL,0,1,37.80000
56.3300,1259,29,30,0.03000,FL,1,31,38.70000
56.3300,1259,29,30,0.03000,BL,0,24,38.49000
56.3300,1259,29,30,0.03000,FR,0,16,38.25000
56.3300,1259,29,30,0.03000,BR,0,9,38.04000
56.3300,1259,29,30,0.03000,BR,1,39,38.94000
56.3380,1259,29,30,0.03000,FL,0,1,37.80000
56.3380,1259,29,30,0.03000,FL,1,31,38.70000
56.3380,1259,29,30,0.03000,BL,0,24,38.49000
56.3380,1259,29,30,0.03000,FR,0,16,38.25000
56.3380,1259,29,30,0.03000,BR,0,9,38.04000
56.3380,1259,29,30,0.03000,BR,1,39,38.94000
56.3500,1260,0,30,0.03000,FL,0,30,38.70000
56.3500,1260,0,30,0.03000,BL,0,23,38.49000
56.3500,1260,0,30,0.03000,FR,0,15,38.25000
56.3500,1260,0,30,0.03000,BR,0,8,38.04000
56.3500,1260,0,30,0.03000,BR,1,38,38.94000
56.3720,1260,0,30,0.03000,FL,0,30,38.70000
56.3720,1260,0,30,0.03000,BL,0,23,38.49000
56.3720,1260,0,30,0.03000,FR,0,15,38.25000
56.3720,1260,0,30,0.03000,BR,0,8,38.04000
56.3720,1260,0,30,0.03000,BR,1,38,38.94000
56.3840,1261,1,30,0.03000,FL,0,29,38.70000
56.3840,1261,1,30,0.03000,BL,0,22,38.49000
56.3840,1261,1,30,0.03000,FR,0,14,38.25000
56.3840,1261,1,30,0.03000,BR,0,7,38.04000
56.3840,1261,1,30,0.03000,BR,1,37,38.94000
56.3920,1261,1,30,0.03000,FL,0,29,38.70000
56.3920,1261,1,30,0.03000,BL,0,22,38.49000
56.3920,1261,1,30,0.03000,FR,0,14,38.25000
56.3920,1261,1,30,0.03000,BR,0,7,38.04000
56.3920,1261,1,30,0.03000,BR,1,37,38.94000
56.4000,1261,1,30,0.03000,FL,0,29,38.70000
56.4000,1261,1,30,0.03000,BL,0,22,38.49000
56.4000,1261,1,30,0.03000,FR,0,14,38.25000
56.4000,1261,1,30,0.03000,BR,0,7,38.04000
56.4000,1261,1,30,0.03000,BR,1,37,38.94000
56.5720,1267,7,30,0.03000,FL,0,23,38.70000
56.5720,1267,7,30,0.03000,BL,0,16,38.49000
56.5720,1267,7,30,0.03000,FR,0,8,38.25000
56.5720,1267,7,30,0.03000,FR,1,38,39.15000
56.5720,1267,7,30,0.03000,BR,0,1,38.04000
56.5720,1267,7,30,0.03000,BR,1,31,38.94000
56.6120,1268,8,30,0.03000,FL,0,22,38.70000
56.6120,1268,8,30,0.03000,BL,0,15,38.49000
56.6120,1268,8,30,0.03000,FR,0,7,38.25000
56.6120,1268,8,30,0.03000,FR,1,37,39.15000
56.6120,1268,8,30,0.03000,BR,0,30,38.94000
56.6260,1269,9,30,0.03000,FL,0,21,38.70000
56.6260,1269,9,30,0.03000,BL,0,14,38.49000
56.6260,1269,9,30,0.03000,FR,0,6,38.25000
56.6260,1269,9,30,0.03000,FR,1,36,39.15000
56.6260,1269,9,30,0.03000,BR,0,29,38.94000
56.6360,1269,9,30,0.03000,FL,0,21,38.70000
56.6360,1269,9,30,0.03000,BL,0,14,38.49000
56.6360,1269,9,30,0.03000,FR,0,6,38.25000
56.6360,1269,9,30,0.03000,FR,1,36,39.15000
56.6360,1269,9,30,0.03000,BR,0,29,38.94000
56.6500,1270,10,30,0.03000,FL,0,20,38.70000
56.6500,1270,10,30,0.03000,BL,0,13,38.49000
56.6500,1270,10,30,0.03000,FR,0,5,38.25000
56.6500,1270,10,30,0.03000,FR,1,35,39.15000
56.6500,1270,10,30,0.03000,BR,0,28,38.94000
56.6600,1270,10,30,0.03000,FL,0,20,38.70000
56.6600,1270,10,30,0.03000,BL,0,13,38.49000
56.6600,1270,10,30,0.03000,FR,0,5,38.25000
56.6600,1270,10,30,0.03000,FR,1,35,39.15000
56.6600,1270,10,30,0.03000,BR,0,28,38.94000
56.6680,1270,10,30,0.03000,FL,0,20,38.70000
56.6680,1270,10,30,0.03000,BL,0,13,38.49000
56.6680,1270,10,30,0.03000,FR,0,5,38.25000
56.6680,1270,10,30,0.03000,FR,1,35,39.15000
56.6680,1270,10,30,0.03000,BR,0,28,38.94000
56.6780,1271,11,30,0.03000,FL,0,19,38.70000
56.6780,1271,11,30,0.03000,BL,0,12,38.49000
56.6780,1271,11,30,0.03000,FR,0,4,38.25000
56.6780,1271,11,30,0.03000,FR,1,34,39.15000
56.6780,1271,11,30,0.03000,BR,0,27,38.94000
56.6880,1271,11,30,0.03000,FL,0,19,38.70000
56.6880,1271,11,30,0.03000,BL,0,12,38.49000
56.6880,1271,11,30,0.03000,FR,0,4,38.25000
56.6880,1271,11,30,0.03000,FR,1,34,39.15000
56.6880,1271,11,30,0.03000,BR,0,27,38.94000
56.6980,1271,11,30,0.03000,FL,0,19,38.70000
56.6980,1271,11,30,0.03000,BL,0,12,38.49000
56.6980,1271,11,30,0.03000,FR,0,4,38.25000
56.6980,1271,11,30,0.03000,FR,1,34,39.15000
56.6980,1271,11,30,0.03000,BR,0,27,38.94000
56.7060,1272,12,30,0.03000,FL,0,18,38.70000
56.7060,1272,12,30,0.03000,BL,0,11,38.49000
56.7060,1272,12,30,0.03000,FR,0,3,38.25000
56.7060,1272,12,30,0.03000,FR,1,33,39.15000
56.7060,1272,12,30,0.03000,BR,0,26,38.94000
56.7160,1272,12,30,0.03000,FL,0,18,38.70000
56.7160,1272,12,30,0.03000,BL,0,11,38.49000
56.7160,1272,12,30,0.03000,FR,0,3,38.25000
56.7160,1272,12,30,0.03000,FR,1,33,39.15000
56.7160,1272,12,30,0.03000,BR,0,26,38.94000
56.7240,1272,12,30,0.03000,FL,0,18,38.70000
56.7240,1272,12,30,0.03000,BL,0,11,38.49000
56.7240,1272,12,30,0.03000,FR,0,3,38.25000
56.7240,1272,12,30,0.03000,FR,1,33,39.15000
56.7240,1272,12,30,0.03000,BR,0,26,38.94000
56.7340,1273,13,30,0.03000,FL,0,17,38.70000
56.7340,1273,13,30,0.03000,BL,0,10,38.49000
56.7340,1273,13,30,0.03000,FR,0,2,38.25000
56.7340,1273,13,30,0.03000,FR,1,32,39.15000
56.7340,1273,13,30,0.03000,BR,0,25,38.94000
56.7440,1273,13,30,0.03000,FL,0,17,38.70000
56.7440,1273,13,30,0.03000,BL,0,10,38.49000
56.7440,1273,13,30,0.03000,FR,0,2,38.25000
56.7440,1273,13,30,0.03000,FR,1,32,39.15000
56.7440,1273,13,30,0.03000,BR,0,25,38.94000
56.7540,1273,13,30,0.03000,FL,0,17,38.70000
56.7540,1273,13,30,0.03000,BL,0,10,38.49000
56.7540,1273,13,30,0.03000,FR,0,2,38.25000
56.7540,1273,13,30,0.03000,FR,1,32,39.15000
56.7540,1273,13,30,0.03000,BR,0,25,38.94000
56.7640,1274,14,30,0.03000,FL,0,16,38.70000
56.7640,1274,14,30,0.03000,BL,0,9,38.49000
56.7640,1274,14,30,0.03000,BL,1,39,39.39000
56.7640,1274,14,30,0.03000,FR,0,1,38.25000
56.7640,1274,14,30,0.03000,FR,1,31,39.15000
56.7640,1274,14,30,0.03000,BR,0,24,38.94000
56.7720,1274,14,30,0.03000,FL,0,16,38.70000
56.7720,1274,14,30,0.03000,BL,0,9,38.49000
56.7720,1274,14,30,0.03000,BL,1,39,39.39000
56.7720,1274,14,30,0.03000,FR,0,1,38.25000
56.7720,1274,14,30,0.03000,FR,1,31,39.15000
56.7720,1274,14,30,0.03000,BR,0,24,38.94000
56.7840,1274,14,30,0.03000,FL,0,16,38.70000
56.7840,1274,14,30,0.03000,BL,0,9,38.49000
56.7840,1274,14,30,0.03000,BL,1,39,39.39000
56.7840,1274,14,30,0.03000,FR,0,1,38.25000
56.7840,1274,14,30,0.03000,FR,1,31,39.15000
56.7840,1274,14,30,0.03000,BR,0,24,38.94000
56.7920,1274,14,30,0.03000,FL,0,16,38.70000
56.7920,1274,14,30,0.03000,BL,0,9,38.49000
56.7920,1274,14,30,0.03000,BL,1,39,39.39000
56.7920,1274,14,30,0.03000,FR,0,1,38.25000
56.7920,1274,14,30,0.03000,FR,1,31,39.15000
56.7920,1274,14,30,0.03000,BR,0,24,38.94000
56.8020,1275,15,30,0.03000,FL,0,15,38.70000
56.8020,1275,15,30,0.03000,BL,0,8,38.49000
56.8020,1275,15,30,0.03000,BL,1,38,39.39000
56.8020,1275,15,30,0.03000,FR,0,30,39.15000
56.8020,1275,15,30,0.03000,BR,0,23,38.94000
56.8300,1276,16,30,0.03000,FL,0,14,38.70000
56.8300,1276,16,30,0.03000,BL,0,7,38.49000
56.8300,1276,16,30,0.03000,BL,1,37,39.39000
56.8300,1276,16,30,0.03000,FR,0,29,39.15000
56.8300,1276,16,30,0.03000,BR,0,22,38.94000
56.8400,1276,16,30,0.03000,FL,0,14,38.70000
56.8400,1276,16,30,0.03000,BL,0,7,38.49000
56.8400,1276,16,30,0.03000,BL,1,37,39.39000
56.8400,1276,16,30,0.03000,FR,0,29,39.15000
56.8400,1276,16,30,0.03000,BR,0,22,38.94000
56.8520,1276,16,30,0.03000,FL,0,14,38.70000
56.8520,1276,16,30,0.03000,BL,0,7,38.49000
56.8520,1276,16,30,0.03000,BL,1,37,39.39000
56.8520,1276,16,30,0.03000,FR,0,29,39.15000
56.8520,1276,16,30,0.03000,BR,0,22,38.94000
56.8620,1277,17,30,0.03000,FL,0,13,38.70000
56.8620,1277,17,30,0.03000,BL,0,6,38.49000
56.8620,1277,17,30,0.03000,BL,1,36,39.39000
56.8620,1277,17,30,0.03000,FR,0,28,39.15000
56.8620,1277,17,30,0.03000,BR,0,21,38.94000
56.8720,1277,17,30,0.03000,FL,0,13,38.70000
56.8720,1277,17,30,0.03000,BL,0,6,38.49000
56.8720,1277,17,30,0.03000,BL,1,36,39.39000
56.8720,1277,17,30,0.03000,FR,0,28,39.15000
56.8720,1277,17,30,0.03000,BR,0,21,38.94000
56.8800,1277,17,30,0.03000,FL,0,13,38.70000
56.8800,1277,17,30,0.03000,BL,0,6,38.49000
56.8800,1277,17,30,0.03000,BL,1,36,39.39000
56.8800,1277,17,30,0.03000,FR,0,28,39.15000
56.8800,1277,17,30,0.03000,BR,0,21,38.94000
57.1540,1287,27,30,0.03000,FL,0,3,38.70000
57.1540,1287,27,30,0.03000,FL,1,33,39.60000
57.1540,1287,27,30,0.03000,BL,0,26,39.39000
57.1540,1287,27,30,0.03000,FR,0,18,39.15000
57.1540,1287,27,30,0.03000,BR,0,11,38.94000
