time,map_stamp,frame,leg,touchdown_index,touchdown_time,nominal_x,nominal_y,nominal_traversability,selected_x,selected_y,selected_z,selected_z_raw,selected_z_inpainted,selected_hole_mask_recon,selected_observed,selected_binary_safe,snap_distance,hip_distance,foothold_status
19.7100,0,map,FL,3,19.8000,0.19017,0.14150,1.00000,0.19017,0.14150,0.02200,0.00000,0.00000,1.00000,1,1,0.00000,0.01204,0
19.7100,0,map,FL,33,20.7000,0.22298,0.14146,1.00000,0.22298,0.14146,0.02200,0.00000,0.00000,1.00000,1,1,0.00000,0.01016,0
19.7100,0,map,BL,26,20.4900,-0.17165,0.14192,1.00000,-0.17165,0.14192,0.02200,0.00000,0.00000,1.00000,1,1,0.00000,0.01170,0
19.7100,0,map,FR,18,20.2500,0.20616,-0.14252,1.00000,0.20616,-0.14252,0.02200,0.00000,0.00000,1.00000,1,1,0.00000,0.01316,0
19.7100,0,map,BR,11,20.0400,-0.18651,-0.14206,1.00000,-0.18651,-0.14206,0.02200,0.00000,0.00000,1.00000,1,1,0.00000,0.01213,0
19.7560,0,map,FL,2,19.8000,0.22676,0.18040,1.00000,0.22676,0.18040,0.02200,0.00000,0.00000,1.00000,1,1,0.00000,0.03386,0
19.7560,0,map,FL,32,20.7000,0.26082,0.14735,1.00000,0.26082,0.14735,0.02200,0.00000,0.00000,1.00000,1,1,0.00000,0.02392,0
19.7580,0,map,BL,25,20.4900,-0.17969,0.13374,1.00000,-0.17969,0.13374,0.02200,0.00000,0.00000,1.00000,1,1,0.00000,0.03226,0
19.7580,0,map,FR,17,20.2500,0.25673,-0.17328,1.00000,0.25673,-0.17328,0.02200,0.00000,0.00000,1.00000,1,1,0.00000,0.04328,0
19.7580,0,map,BR,10,20.0400,-0.21375,-0.13127,1.00000,-0.21375,-0.13127,0.02200,0.00000,0.00000,1.00000,1,1,0.00000,0.03976,0
19.7680,0,map,FL,2,19.8000,0.21662,0.15878,1.00000,0.21662,0.15878,0.02200,0.00000,0.00000,1.00000,1,1,0.00000,0.01895,0
19.7680,0,map,FL,32,20.7000,0.28875,0.14947,1.00000,0.28875,0.14947,0.02200,0.00000,0.00000,1.00000,1,1,0.00000,0.02395,0
19.7680,0,map,BL,25,20.4900,-0.15281,0.12310,1.00000,-0.15281,0.12310,0.02200,0.00000,0.00000,1.00000,1,1,0.00000,0.02983,0
19.7680,0,map,FR,17,20.2500,0.27488,-0.16616,1.00000,0.27488,-0.16616,0.02200,0.00000,0.00000,1.00000,1,1,0.00000,0.03999,0
19.7680,0,map,BR,10,20.0400,-0.19651,-0.12744,1.00000,-0.19651,-0.12744,0.02200,0.00000,0.00000,1.00000,1,1,0.00000,0.03519,0
19.7780,0,map,FL,1,19.8000,0.21641,0.15460,1.00000,0.21641,0.15460,0.02200,0.00000,0.00000,1.00000,1,1,0.00000,0.02075,0
19.7780,0,map,FL,31,20.7000,0.31526,0.15095,1.00000,0.31526,0.15095,0.02200,0.00000,0.00000,1.00000,1,1,0.00000,0.02436,0
19.7780,0,map,BL,24,20.4900,-0.12968,0.12620,1.00000,-0.12968,0.12620,0.02200,0.00000,0.00000,1.00000,1,1,0.00000,0.02798,0
19.7780,0,map,FR,16,20.2500,0.29384,-0.16703,1.00000,0.29384,-0.16703,0.02200,0.00000,0.00000,1.00000,1,1,0.00000,0.04305,0
19.7780,0,map,BR,9,20.0400,-0.18518,-0.13080,1.00000,-0.18518,-0.13080,0.02200,0.00000,0.00000,1.00000,1,1,0.00000,0.03699,0
19.7780,0,map,BR,39,20.9400,-0.07843,-0.16633,1.00000,-0.07843,-0.16633,0.02200,0.00000,0.00000,1.00000,1,1,0.00000,0.01405,0
19.7920,0,map,FL,1,19.8000,0.21401,0.14994,1.00000,0.21401,0.14994,0.02200,0.00000,0.00000,1.00000,1,1,0.00000,0.02626,0
19.7920,0,map,FL,31,20.7000,0.34116,0.15066,1.00000,0.34116,0.15066,0.02200,0.00000,0.00000,1.00000,1,1,0.00000,0.02728,0
19.7920,0,map,BL,24,20.4900,-0.10769,0.12641,1.00000,-0.10769,0.12641,0.02200,0.00000,0.00000,1.00000,1,1,0.00000,0.02904,0
19.7920,0,map,FR,16,20.2500,0.31132,-0.16648,1.00000,0.31132,-0.16648,0.02200,0.00000,0.00000,1.00000,1,1,0.00000,0.04810,0
19.7920,0,map,BR,9,20.0400,-0.17654,-0.13306,1.00000,-0.17654,-0.13306,0.02200,0.00000,0.00000,1.00000,1,1,0.00000,0.04061,0
19.7920,0,map,BR,39,20.9400,-0.04697,-0.16780,1.00000,-0.04697,-0.16780,0.02200,0.00000,0.00000,1.00000,1,1,0.00000,0.01603,0
19.8040,0,map,FL,30,20.7000,0.36343,0.15143,1.00000,0.36343,0.15143,0.02200,0.00000,0.00000,1.00000,1,1,0.00000,0.03055,0
19.8040,0,map,BL,23,20.4900,-0.08742,0.12867,1.00000,-0.08742,0.12867,0.02200,0.00000,0.00000,1.00000,1,1,0.00000,0.02712,0
19.8040,0,map,FR,15,20.2500,0.32792,-0.16587,1.00000,0.32792,-0.16587,0.02200,0.00000,0.00000,1.00000,1,1,0.00000,0.05468,0
19.8040,0,map,BR,8,20.0400,-0.16721,-0.13518,1.00000,-0.16721,-0.13518,0.02200,0.00000,0.00000,1.00000,1,1,0.00000,0.04353,0
19.8040,0,map,BR,38,20.9400,-0.02021,-0.16642,1.00000,-0.02021,-0.16642,0.02200,0.00000,0.00000,1.00000,1,1,0.00000,0.01627,0
19.8240,0,map,FL,30,20.7000,0.37064,0.15227,1.00000,0.37064,0.15227,0.02200,0.00000,0.00000,1.00000,1,1,0.00000,0.03559,0
19.8240,0,map,BL,23,20.4900,-0.08309,0.12939,1.00000,-0.08309,0.12939,0.02200,0.00000,0.00000,1.00000,1,1,0.00000,0.03103,0
19.8240,0,map,FR,15,20.2500,0.32530,-0.16551,1.00000,0.32530,-0.16551,0.02200,0.00000,0.00000,1.00000,1,1,0.00000,0.05571,0
19.8240,0,map,BR,8,20.0400,-0.17694,-0.13727,1.00000,-0.17694,-0.13727,0.02200,0.00000,0.00000,1.00000,1,1,0.00000,0.04917,0
19.8240,0,map,BR,38,20.9400,-0.01026,-0.16163,1.00000,-0.01026,-0.16163,0.02200,0.00000,0.00000,1.00000,1,1,0.00000,0.02894,0
19.8400,0,map,FL,29,20.7000,0.38569,0.15320,1.00000,0.38569,0.15320,0.02200,0.00000,0.00000,1.00000,1,1,0.00000,0.03728,0
19.8400,0,map,BL,22,20.4900,-0.07066,0.13187,1.00000,-0.07066,0.13187,0.02200,0.00000,0.00000,1.00000,1,1,0.00000,0.03226,0
19.8400,0,map,FR,14,20.2500,0.33647,-0.16442,1.00000,0.33647,-0.16442,0.02200,0.00000,0.00000,1.00000,1,1,0.00000,0.06078,0
19.8400,0,map,BR,7,20.0400,-0.17555,-0.14095,1.00000,-0.17555,-0.14095,0.02200,0.00000,0.00000,1.00000,1,1,0.00000,0.05602,0
19.8400,0,map,BR,37,20.9400,0.00768,-0.16016,1.00000,0.00768,-0.16016,0.02200,0.00000,0.00000,1.00000,1,1,0.00000,0.03043,0
19.8520,0,map,FL,29,20.7000,0.40881,0.15359,1.00000,0.40881,0.15359,0.02200,0.00000,0.00000,1.00000,1,1,0.00000,0.04644,0
19.8520,0,map,BL,22,20.4900,-0.05309,0.13241,1.00000,-0.05309,0.13241,0.02200,0.00000,0.00000,1.00000,1,1,0.00000,0.03909,0
19.8520,0,map,FR,14,20.2500,0.34647,-0.16475,1.00000,0.34647,-0.16475,0.02200,0.00000,0.00000,1.00000,1,1,0.00000,0.06675,0
19.8520,0,map,BR,7,20.0400,-0.17523,-0.14582,1.00000,-0.17523,-0.14582,0.02200,0.00000,0.00000,1.00000,1,1,0.00000,0.06305,0
19.8520,0,map,BR,37,20.9400,0.03414,-0.15807,1.00000,0.03414,-0.15807,0.02200,0.00000,0.00000,1.00000,1,1,0.00000,0.04348,0
19.8620,0,map,FL,28,20.7000,0.42078,0.15418,1.00000,0.42078,0.15418,0.02200,0.00000,0.00000,1.00000,1,1,0.00000,0.04757,0
19.8620,0,map,BL,21,20.4900,-0.04244,0.13413,1.00000,-0.04244,0.13413,0.02200,0.00000,0.00000,1.00000,1,1,0.00000,0.03856,0
19.8620,0,map,FR,13,20.2500,0.35595,-0.16458,1.00000,0.35595,-0.16458,0.02200,0.00000,0.00000,1.00000,1,1,0.00000,0.07158,0
19.8620,0,map,BR,6,20.0400,-0.17056,-0.14781,1.00000,-0.17056,-0.14781,0.02200,0.00000,0.00000,1.00000,1,1,0.00000,0.06617,0
19.8620,0,map,BR,36,20.9400,0.04906,-0.15697,1.00000,0.04906,-0.15697,0.02200,0.00000,0.00000,1.00000,1,1,0.00000,0.04272,0
19.8720,0,map,FL,28,20.7000,0.42314,0.15405,1.00000,0.42314,0.15405,0.02200,0.00000,0.00000,1.00000,1,1,0.00000,0.05126,0
19.8720,0,map,BL,21,20.4900,-0.04225,0.13376,1.00000,-0.04225,0.13376,0.02200,0.00000,0.00000,1.00000,1,1,0.00000,0.04256,0
19.8720,0,map,FR,13,20.2500,0.35152,-0.16586,1.00000,0.35152,-0.16586,0.02200,0.00000,0.00000,1.00000,1,1,0.00000,0.07024,0
19.8720,0,map,BR,6,20.0400,-0.17376,-0.14757,1.00000,-0.17376,-0.14757,0.02200,0.00000,0.00000,1.00000,1,1,0.00000,0.06710,0
19.8720,0,map,BR,36,20.9400,0.05022,-0.15633,1.00000,0.05022,-0.15633,0.02200,0.00000,0.00000,1.00000,1,1,0.00000,0.04960,0
19.8820,0,map,FL,28,20.7000,0.43710,0.15375,1.00000,0.43710,0.15375,0.02200,0.00000,0.00000,1.00000,1,1,0.00000,0.05498,0
19.8820,0,map,BL,21,20.4900,-0.03080,0.13383,1.00000,-0.03080,0.13383,0.02200,0.00000,0.00000,1.00000,1,1,0.00000,0.04544,0
19.8820,0,map,FR,13,20.2500,0.36006,-0.16587,1.00000,0.36006,-0.16587,0.02200,0.00000,0.00000,1.00000,1,1,0.00000,0.07422,0
19.8820,0,map,BR,6,20.0400,-0.16860,-0.14777,1.00000,-0.16860,-0.14777,0.02200,0.00000,0.00000,1.00000,1,1,0.00000,0.06920,0
19.8820,0,map,BR,36,20.9400,0.06703,-0.15613,1.00000,0.06703,-0.15613,0.02200,0.00000,0.00000,1.00000,1,1,0.00000,0.05242,0
19.8900,0,map,FL,27,20.7000,0.43001,0.15438,1.00000,0.43001,0.15438,0.02200,0.00000,0.00000,1.00000,1,1,0.00000,0.05110,0
19.8900,0,map,BL,20,20.4900,-0.03730,0.13490,1.00000,-0.03730,0.13490,0.02200,0.00000,0.00000,1.00000,1,1,0.00000,0.04249,0
19.8900,0,map,FR,12,20.2500,0.35605,-0.16600,1.00000,0.35605,-0.16600,0.02200,0.00000,0.00000,1.00000,1,1,0.00000,0.07251,0
19.8900,0,map,BR,5,20.0400,-0.17173,-0.14750,1.00000,-0.17173,-0.14750,0.02200,0.00000,0.00000,1.00000,1,1,0.00000,0.06999,0
19.8900,0,map,BR,35,20.9400,0.05986,-0.15522,1.00000,0.05986,-0.15522,0.02200,0.00000,0.00000,1.00000,1,1,0.00000,0.04890,0
19.9000,0,map,FL,27,20.7000,0.44789,0.15406,1.00000,0.44789,0.15406,0.02200,0.00000,0.00000,1.00000,1,1,0.00000,0.05906,0
19.9000,0,map,BL,20,20.4900,-0.02426,0.13392,1.00000,-0.02426,0.13392,0.02200,0.00000,0.00000,1.00000,1,1,0.00000,0.04879,0
19.9000,0,map,FR,12,20.2500,0.36323,-0.16747,1.00000,0.36323,-0.16747,0.02200,0.00000,0.00000,1.00000,1,1,0.00000,0.07695,0
19.9000,0,map,BR,5,20.0400,-0.16797,-0.14819,1.00000,-0.16797,-0.14819,0.02200,0.00000,0.00000,1.00000,1,1,0.00000,0.07230,0
19.9000,0,map,BR,35,20.9400,0.07898,-0.15538,1.00000,0.07898,-0.15538,0.02200,0.00000,0.00000,1.00000,1,1,0.00000,0.05756,0
19.9100,0,map,FL,27,20.7000,0.44412,0.15380,1.00000,0.44412,0.15380,0.02200,0.00000,0.00000,1.00000,1,1,0.00000,0.05797,0
19.9100,0,map,BL,20,20.4900,-0.02734,0.13415,1.00000,-0.02734,0.13415,0.02200,0.00000,0.00000,1.00000,1,1,0.00000,0.04892,0
19.9100,0,map,FR,12,20.2500,0.35891,-0.16751,1.00000,0.35891,-0.16751,0.02200,0.00000,0.00000,1.00000,1,1,0.00000,0.07509,0
19.9100,0,map,BR,5,20.0400,-0.17080,-0.14738,1.00000,-0.17080,-0.14738,0.02200,0.00000,0.00000,1.00000,1,1,0.00000,0.07269,0
19.9100,0,map,BR,35,20.9400,0.07528,-0.15505,1.00000,0.07528,-0.15505,0.02200,0.00000,0.00000,1.00000,1,1,0.00000,0.05700,0
19.9200,0,map,FL,26,20.7000,0.45065,0.15410,1.00000,0.45065,0.15410,0.02200,0.00000,0.00000,1.00000,1,1,0.00000,0.05791,0
19.9200,0,map,BL,19,20.4900,-0.02320,0.13478,1.00000,-0.02320,0.13478,0.02200,0.00000,0.00000,1.00000,1,1,0.00000,0.04779,0
19.9200,0,map,FR,11,20.2500,0.36450,-0.16793,1.00000,0.36450,-0.16793,0.02200,0.00000,0.00000,1.00000,1,1,0.00000,0.07801,0
19.9200,0,map,BR,4,20.0400,-0.16732,-0.14665,1.00000,-0.16732,-0.14665,0.02200,0.00000,0.00000,1.00000,1,1,0.00000,0.07408,0
19.9200,0,map,BR,34,20.9400,0.08393,-0.15441,1.00000,0.08393,-0.15441,0.02200,0.00000,0.00000,1.00000,1,1,0.00000,0.05591,0
19.9300,0,map,FL,26,20.7000,0.45233,0.15386,1.00000,0.45233,0.15386,0.02200,0.00000,0.00000,1.00000,1,1,0.00000,0.06144,0
19.9300,0,map,BL,19,20.4900,-0.02346,0.13398,1.00000,-0.02346,0.13398,0.02200,0.00000,0.00000,1.00000,1,1,0.00000,0.05175,0
19.9300,0,map,FR,11,20.2500,0.35981,-0.16941,1.00000,0.35981,-0.16941,0.02200,0.00000,0.00000,1.00000,1,1,0.00000,0.07677,0
19.9300,0,map,BR,4,20.0400,-0.16996,-0.14589,1.00000,-0.16996,-0.14589,0.02200,0.00000,0.00000,1.00000,1,1,0.00000,0.07417,0
19.9300,0,map,BR,34,20.9400,0.08429,-0.15462,1.00000,0.08429,-0.15462,0.02200,0.00000,0.00000,1.00000,1,1,0.00000,0.06105,0
19.9400,0,map,FL,26,20.7000,0.46113,0.15320,1.00000,0.46113,0.15320,0.02200,0.00000,0.00000,1.00000,1,1,0.00000,0.06418,0
19.9400,0,map,BL,19,20.4900,-0.01664,0.13387,1.00000,-0.01664,0.13387,0.02200,0.00000,0.00000,1.00000,1,1,0.00000,0.05398,0
19.9400,0,map,FR,11,20.2500,0.36409,-0.16967,1.00000,0.36409,-0.16967,0.02200,0.00000,0.00000,1.00000,1,1,0.00000,0.07923,0
19.9400,0,map,BR,4,20.0400,-0.16755,-0.14517,1.00000,-0.16755,-0.14517,0.02200,0.00000,0.00000,1.00000,1,1,0.00000,0.07549,0
19.9400,0,map,BR,34,20.9400,0.09510,-0.15456,1.00000,0.09510,-0.15456,0.02200,0.00000,0.00000,1.00000,1,1,0.00000,0.06314,0
19.9500,0,map,FL,25,20.7000,0.45353,0.15370,1.00000,0.45353,0.15370,0.02200,0.00000,0.00000,1.00000,1,1,0.00000,0.05998,0
19.9500,0,map,BL,18,20.4900,-0.02407,0.13488,1.00000,-0.02407,0.13488,0.02200,0.00000,0.00000,1.00000,1,1,0.00000,0.05033,0
19.9500,0,map,FR,10,20.2500,0.35980,-0.16993,1.00000,0.35980,-0.16993,0.02200,0.00000,0.00000,1.00000,1,1,0.00000,0.07759,0
19.9500,0,map,BR,3,20.0400,-0.17033,-0.14404,1.00000,-0.17033,-0.14404,0.02200,0.00000,0.00000,1.00000,1,1,0.00000,0.07561,0
19.9500,0,map,BR,33,20.9400,0.08733,-0.15362,1.00000,0.08733,-0.15362,0.02200,0.00000,0.00000,1.00000,1,1,0.00000,0.05900,0
19.9600,0,map,FL,25,20.7000,0.46615,0.15330,1.00000,0.46615,0.15330,0.02200,0.00000,0.00000,1.00000,1,1,0.00000,0.06686,0
19.9600,0,map,BL,18,20.4900,-0.01563,0.13390,1.00000,-0.01563,0.13390,0.02200,0.00000,0.00000,1.00000,1,1,0.00000,0.05616,0
19.9600,0,map,FR,10,20.2500,0.36263,-0.17156,1.00000,0.36263,-0.17156,0.02200,0.00000,0.00000,1.00000,1,1,0.00000,0.08019,0
19.9600,0,map,BR,3,20.0400,-0.16851,-0.14394,1.00000,-0.16851,-0.14394,0.02200,0.00000,0.00000,1.00000,1,1,0.00000,0.07660,0
19.9600,0,map,BR,33,20.9400,0.10041,-0.15416,1.00000,0.10041,-0.15416,0.02200,0.00000,0.00000,1.00000,1,1,0.00000,0.06619,0
19.9700,0,map,FL,25,20.7000,0.46251,0.15299,1.00000,0.46251,0.15299,0.02200,0.00000,0.00000,1.00000,1,1,0.00000,0.06608,0
19.9700,0,map,BL,18,20.4900,-0.01897,0.13418,1.00000,-0.01897,0.13418,0.02200,0.00000,0.00000,1.00000,1,1,0.00000,0.05628,0
19.9700,0,map,FR,10,20.2500,0.35826,-0.17150,1.00000,0.35826,-0.17150,0.02200,0.00000,0.00000,1.00000,1,1,0.00000,0.07852,0
19.9700,0,map,BR,3,20.0400,-0.17141,-0.14313,1.00000,-0.17141,-0.14313,0.02200,0.00000,0.00000,1.00000,1,1,0.00000,0.07671,0
19.9700,0,map,BR,33,20.9400,0.09690,-0.15384,1.00000,0.09690,-0.15384,0.02200,0.00000,0.00000,1.00000,1,1,0.00000,0.06575,0
19.9780,0,map,FL,25,20.7000,0.46865,0.15264,1.00000,0.46865,0.15264,0.02200,0.00000,0.00000,1.00000,1,1,0.00000,0.06847,0
19.9780,0,map,BL,18,20.4900,-0.01475,0.13415,1.00000,-0.01475,0.13415,0.02200,0.00000,0.00000,1.00000,1,1,0.00000,0.05817,0
19.9800,0,map,FR,10,20.2500,0.36065,-0.17174,1.00000,0.36065,-0.17174,0.02200,0.00000,0.00000,1.00000,1,1,0.00000,0.08025,0
19.9800,0,map,BR,3,20.0400,-0.17031,-0.14280,1.00000,-0.17031,-0.14280,0.02200,0.00000,0.00000,1.00000,1,1,0.00000,0.07763,0
19.9800,0,map,BR,33,20.9400,0.10458,-0.15395,1.00000,0.10458,-0.15395,0.02200,0.00000,0.00000,1.00000,1,1,0.00000,0.06779,0
19.9880,0,map,FL,24,20.7000,0.46112,0.15347,1.00000,0.46112,0.15347,0.02200,0.00000,0.00000,1.00000,1,1,0.00000,0.06414,0
19.9880,0,map,BL,17,20.4900,-0.01783,0.13436,1.00000,-0.01783,0.13436,0.02200,0.00000,0.00000,1.00000,1,1,0.00000,0.05835,0
19.9880,0,map,FR,9,20.2500,0.35698,-0.17174,1.00000,0.35698,-0.17174,0.02200,0.00000,0.00000,1.00000,1,1,0.00000,0.07894,0
19.9880,0,map,FR,39,21.1500,0.55723,-0.17748,1.00000,0.55723,-0.17748,0.02200,0.00000,0.00000,1.00000,1,1,0.00000,0.07268,0
19.9880,0,map,BR,2,20.0400,-0.17295,-0.14244,1.00000,-0.17295,-0.14244,0.02200,0.00000,0.00000,1.00000,1,1,0.00000,0.07787,0
19.9880,0,map,BR,32,20.9400,0.09708,-0.15287,1.00000,0.09708,-0.15287,0.02200,0.00000,0.00000,1.00000,1,1,0.00000,0.06337,0
19.9980,0,map,FL,24,20.7000,0.47147,0.15339,1.00000,0.47147,0.15339,0.02200,0.00000,0.00000,1.00000,1,1,0.00000,0.07059,0
19.9980,0,map,BL,17,20.4900,-0.01560,0.13449,1.00000,-0.01560,0.13449,0.02200,0.00000,0.00000,1.00000,1,1,0.00000,0.05976,0
19.9980,0,map,FR,9,20.2500,0.35804,-0.17324,1.00000,0.35804,-0.17324,0.02200,0.00000,0.00000,1.00000,1,1,0.00000,0.08079,0
19.9980,0,map,FR,39,21.1500,0.57546,-0.18009,1.00000,0.57546,-0.18009,0.02200,0.00000,0.00000,1.00000,1,1,0.00000,0.07714,0
19.9980,0,map,BR,2,20.0400,-0.17204,-0.14291,1.00000,-0.17204,-0.14291,0.02200,0.00000,0.00000,1.00000,1,1,0.00000,0.07843,0
19.9980,0,map,BR,32,20.9400,0.10759,-0.15341,1.00000,0.10759,-0.15341,0.02200,0.00000,0.00000,1.00000,1,1,0.00000,0.07019,0
20.0060,0,map,FL,24,20.7000,0.46752,0.15352,1.00000,0.46752,0.15352,0.02200,0.00000,0.00000,1.00000,1,1,0.00000,0.06999,0
20.0060,0,map,BL,17,20.4900,-0.01949,0.13482,1.00000,-0.01949,0.13482,0.02200,0.00000,0.00000,1.00000,1,1,0.00000,0.05993,0
20.0060,0,map,FR,9,20.2500,0.35376,-0.17297,1.00000,0.35376,-0.17297,0.02200,0.00000,0.00000,1.00000,1,1,0.00000,0.07921,0
20.0060,0,map,FR,39,21.1500,0.57087,-0.17891,1.00000,0.57087,-0.17891,0.02200,0.00000,0.00000,1.00000,1,1,0.00000,0.07627,0
20.0060,0,map,BR,2,20.0400,-0.17506,-0.14284,1.00000,-0.17506,-0.14284,0.02200,0.00000,0.00000,1.00000,1,1,0.00000,0.07847,0
20.0060,0,map,BR,32,20.9400,0.10425,-0.15302,1.00000,0.10425,-0.15302,0.02200,0.00000,0.00000,1.00000,1,1,0.00000,0.06975,0
20.0180,0,map,FL,23,20.7000,0.46725,0.15453,1.00000,0.46725,0.15453,0.02200,0.00000,0.00000,1.00000,1,1,0.00000,0.06792,0
20.0180,0,map,BL,16,20.4900,-0.01676,0.13482,1.00000,-0.01676,0.13482,0.02200,0.00000,0.00000,1.00000,1,1,0.00000,0.06145,0
20.0180,0,map,FR,8,20.2500,0.35521,-0.17302,1.00000,0.35521,-0.17302,0.02200,0.00000,0.00000,1.00000,1,1,0.00000,0.08055,0
20.0180,0,map,FR,38,21.1500,0.57340,-0.17807,1.00000,0.57340,-0.17807,0.02200,0.00000,0.00000,1.00000,1,1,0.00000,0.07367,0
20.0180,0,map,BR,1,20.0400,-0.17483,-0.14297,1.00000,-0.17483,-0.14297,0.02200,0.00000,0.00000,1.00000,1,1,0.00000,0.07933,0
20.0180,0,map,BR,31,20.9400,0.10544,-0.15206,1.00000,0.10544,-0.15206,0.02200,0.00000,0.00000,1.00000,1,1,0.00000,0.06678,0
20.0360,0,map,FL,23,20.7000,0.46296,0.15954,1.00000,0.46296,0.15954,0.02200,0.00000,0.00000,1.00000,1,1,0.00000,0.06738,0
20.0360,0,map,BL,16,20.4900,-0.02183,0.13454,1.00000,-0.02183,0.13454,0.02200,0.00000,0.00000,1.00000,1,1,0.00000,0.06186,0
20.0360,0,map,FR,8,20.2500,0.34972,-0.17422,1.00000,0.34972,-0.17422,0.02200,0.00000,0.00000,1.00000,1,1,0.00000,0.07898,0
20.0360,0,map,FR,38,21.1500,0.55601,-0.16139,1.00000,0.55601,-0.16139,0.02200,0.00000,0.00000,1.00000,1,1,0.00000,0.05752,0
20.0360,0,map,BR,1,20.0400,-0.17623,-0.14326,1.00000,-0.17623,-0.14326,0.02200,0.00000,0.00000,1.00000,1,1,0.00000,0.07792,0
20.0360,0,map,BR,31,20.9400,0.09204,-0.14074,1.00000,0.09204,-0.14074,0.02200,0.00000,0.00000,1.00000,1,1,0.00000,0.05803,0
20.0440,0,map,FL,22,20.7000,0.45914,0.15904,1.00000,0.45914,0.15904,0.02200,0.00000,0.00000,1.00000,1,1,0.00000,0.06590,0
20.0440,0,map,BL,15,20.4900,-0.02431,0.13447,1.00000,-0.02431,0.13447,0.02200,0.00000,0.00000,1.00000,1,1,0.00000,0.06333,0
20.0440,0,map,FR,7,20.2500,0.34659,-0.17423,1.00000,0.34659,-0.17423,0.02200,0.00000,0.00000,1.00000,1,1,0.00000,0.07853,0
20.0440,0,map,FR,37,21.1500,0.55667,-0.16508,1.00000,0.55667,-0.16508,0.02200,0.00000,0.00000,1.00000,1,1,0.00000,0.05809,0
20.0440,0,map,BR,30,20.9400,0.09007,-0.14091,1.00000,0.09007,-0.14091,0.02200,0.00000,0.00000,1.00000,1,1,0.00000,0.05771,0
20.0560,0,map,FL,22,20.7000,0.46452,0.16226,1.00000,0.46452,0.16226,0.02200,0.00000,0.00000,1.00000,1,1,0.00000,0.07000,0
20.0560,0,map,BL,15,20.4900,-0.02338,0.13392,1.00000,-0.02338,0.13392,0.02200,0.00000,0.00000,1.00000,1,1,0.00000,0.06489,0
20.0560,0,map,FR,7,20.2500,0.34558,-0.17518,1.00000,0.34558,-0.17518,0.02200,0.00000,0.00000,1.00000,1,1,0.00000,0.08019,0
20.0560,0,map,FR,37,21.1500,0.55890,-0.15623,1.00000,0.55890,-0.15623,0.02200,0.00000,0.00000,1.00000,1,1,0.00000,0.05581,0
20.0560,0,map,BR,30,20.9400,0.09163,-0.13435,1.00000,0.09163,-0.13435,0.02200,0.00000,0.00000,1.00000,1,1,0.00000,0.05760,0
20.0640,0,map,FL,22,20.7000,0.46114,0.16174,1.00000,0.46114,0.16174,0.02200,0.00000,0.00000,1.00000,1,1,0.00000,0.07003,0
20.0640,0,map,BL,15,20.4900,-0.02722,0.13393,1.00000,-0.02722,0.13393,0.02200,0.00000,0.00000,1.00000,1,1,0.00000,0.06485,0
20.0640,0,map,FR,7,20.2500,0.34151,-0.17502,1.00000,0.34151,-0.17502,0.02200,0.00000,0.00000,1.00000,1,1,0.00000,0.07896,0
20.0640,0,map,FR,37,21.1500,0.55620,-0.15776,1.00000,0.55620,-0.15776,0.02200,0.00000,0.00000,1.00000,1,1,0.00000,0.05656,0
20.0640,0,map,BR,30,20.9400,0.08883,-0.13441,1.00000,0.08883,-0.13441,0.02200,0.00000,0.00000,1.00000,1,1,0.00000,0.05814,0
20.0720,0,map,FL,21,20.7000,0.45423,0.16187,1.00000,0.45423,0.16187,0.02200,0.00000,0.00000,1.00000,1,1,0.00000,0.06666,0
20.0720,0,map,BL,14,20.4900,-0.03121,0.13397,1.00000,-0.03121,0.13397,0.02200,0.00000,0.00000,1.00000,1,1,0.00000,0.06503,0
20.0740,0,map,FR,6,20.2500,0.33884,-0.17512,1.00000,0.33884,-0.17512,0.02200,0.00000,0.00000,1.00000,1,1,0.00000,0.07750,0
20.0740,0,map,FR,36,21.1500,0.54951,-0.15744,1.00000,0.54951,-0.15744,0.02200,0.00000,0.00000,1.00000,1,1,0.00000,0.05292,0
20.0740,0,map,BR,29,20.9400,0.08229,-0.13446,1.00000,0.08229,-0.13446,0.02200,0.00000,0.00000,1.00000,1,1,0.00000,0.05483,0
20.0820,0,map,FL,21,20.7000,0.46042,0.16362,1.00000,0.46042,0.16362,0.02200,0.00000,0.00000,1.00000,1,1,0.00000,0.07141,0
20.0820,0,map,BL,14,20.4900,-0.03086,0.13327,1.00000,-0.03086,0.13327,0.02200,0.00000,0.00000,1.00000,1,1,0.00000,0.06621,0
20.0820,0,map,FR,6,20.2500,0.33896,-0.17638,1.00000,0.33896,-0.17638,0.02200,0.00000,0.00000,1.00000,1,1,0.00000,0.07828,0
20.0820,0,map,FR,36,21.1500,0.55567,-0.15359,1.00000,0.55567,-0.15359,0.02200,0.00000,0.00000,1.00000,1,1,0.00000,0.05584,0
20.0820,0,map,BR,29,20.9400,0.08623,-0.13049,1.00000,0.08623,-0.13049,0.02200,0.00000,0.00000,1.00000,1,1,0.00000,0.05810,0
20.0920,0,map,FL,21,20.7000,0.45723,0.16313,1.00000,0.45723,0.16313,0.02200,0.00000,0.00000,1.00000,1,1,0.00000,0.07108,0
20.0920,0,map,BL,14,20.4900,-0.03418,0.13326,1.00000,-0.03418,0.13326,0.02200,0.00000,0.00000,1.00000,1,1,0.00000,0.06638,0
20.0920,0,map,FR,6,20.2500,0.33536,-0.17625,1.00000,0.33536,-0.17625,0.02200,0.00000,0.00000,1.00000,1,1,0.00000,0.07727,0
20.0920,0,map,FR,36,21.1500,0.55272,-0.15439,1.00000,0.55272,-0.15439,0.02200,0.00000,0.00000,1.00000,1,1,0.00000,0.05589,0
20.0920,0,map,BR,29,20.9400,0.08357,-0.13053,1.00000,0.08357,-0.13053,0.02200,0.00000,0.00000,1.00000,1,1,0.00000,0.05842,0
20.1000,0,map,FL,20,20.7000,0.45536,0.16273,1.00000,0.45536,0.16273,0.02200,0.00000,0.00000,1.00000,1,1,0.00000,0.06935,0
20.1000,0,map,BL,13,20.4900,-0.03380,0.13317,1.00000,-0.03380,0.13317,0.02200,0.00000,0.00000,1.00000,1,1,0.00000,0.06737,0
20.1000,0,map,FR,5,20.2500,0.33505,-0.17627,1.00000,0.33505,-0.17627,0.02200,0.00000,0.00000,1.00000,1,1,0.00000,0.07769,0
20.1000,0,map,FR,35,21.1500,0.55257,-0.15478,1.00000,0.55257,-0.15478,0.02200,0.00000,0.00000,1.00000,1,1,0.00000,0.05388,0
20.1000,0,map,BR,28,20.9400,0.08270,-0.13093,1.00000,0.08270,-0.13093,0.02200,0.00000,0.00000,1.00000,1,1,0.00000,0.05599,0
20.1080,0,map,FL,20,20.7000,0.45741,0.16385,1.00000,0.45741,0.16385,0.02200,0.00000,0.00000,1.00000,1,1,0.00000,0.07289,0
20.1080,0,map,BL,13,20.4900,-0.03688,0.13257,1.00000,-0.03688,0.13257,0.02200,0.00000,0.00000,1.00000,1,1,0.00000,0.06764,0
20.1080,0,map,FR,5,20.2500,0.33209,-0.17722,1.00000,0.33209,-0.17722,0.02200,0.00000,0.00000,1.00000,1,1,0.00000,0.07707,0
20.1080,0,map,FR,35,21.1500,0.55383,-0.15281,1.00000,0.55383,-0.15281,0.02200,0.00000,0.00000,1.00000,1,1,0.00000,0.05707,0
20.1080,0,map,BR,28,20.9400,0.08250,-0.12838,1.00000,0.08250,-0.12838,0.02200,0.00000,0.00000,1.00000,1,1,0.00000,0.05962,0
20.1180,0,map,FL,20,20.7000,0.45945,0.16337,1.00000,0.45945,0.16337,0.02200,0.00000,0.00000,1.00000,1,1,0.00000,0.07390,0
20.1180,0,map,BL,13,20.4900,-0.03583,0.13238,1.00000,-0.03583,0.13238,0.02200,0.00000,0.00000,1.00000,1,1,0.00000,0.06850,0
20.1180,0,map,FR,5,20.2500,0.33286,-0.17711,1.00000,0.33286,-0.17711,0.02200,0.00000,0.00000,1.00000,1,1,0.00000,0.07753,0
20.1180,0,map,FR,35,21.1500,0.55770,-0.15340,1.00000,0.55770,-0.15340,0.02200,0.00000,0.00000,1.00000,1,1,0.00000,0.05837,0
20.1180,0,map,BR,28,20.9400,0.08593,-0.12853,1.00000,0.08593,-0.12853,0.02200,0.00000,0.00000,1.00000,1,1,0.00000,0.06056,0
20.1300,0,map,FL,19,20.7000,0.45346,0.16276,1.00000,0.45346,0.16276,0.02200,0.00000,0.00000,1.00000,1,1,0.00000,0.07070,0
20.1300,0,map,BL,12,20.4900,-0.03839,0.13226,1.00000,-0.03839,0.13226,0.02200,0.00000,0.00000,1.00000,1,1,0.00000,0.06868,0
20.1300,0,map,FR,4,20.2500,0.32967,-0.17673,1.00000,0.32967,-0.17673,0.02200,0.00000,0.00000,1.00000,1,1,0.00000,0.07677,0
20.1320,0,map,FR,34,21.1500,0.55160,-0.15386,1.00000,0.55160,-0.15386,0.02200,0.00000,0.00000,1.00000,1,1,0.00000,0.05484,0
20.1320,0,map,BR,27,20.9400,0.08000,-0.12916,1.00000,0.08000,-0.12916,0.02200,0.00000,0.00000,1.00000,1,1,0.00000,0.05723,0
20.1420,0,map,FL,19,20.7000,0.45930,0.16332,1.00000,0.45930,0.16332,0.02200,0.00000,0.00000,1.00000,1,1,0.00000,0.07563,0
20.1420,0,map,BL,12,20.4900,-0.03871,0.13136,1.00000,-0.03871,0.13136,0.02200,0.00000,0.00000,1.00000,1,1,0.00000,0.06961,0
20.1420,0,map,FR,4,20.2500,0.32838,-0.17701,1.00000,0.32838,-0.17701,0.02200,0.00000,0.00000,1.00000,1,1,0.00000,0.07716,0
20.1420,0,map,FR,34,21.1500,0.55874,-0.15327,1.00000,0.55874,-0.15327,0.02200,0.00000,0.00000,1.00000,1,1,0.00000,0.06019,0
20.1420,0,map,BR,27,20.9400,0.08472,-0.12753,1.00000,0.08472,-0.12753,0.02200,0.00000,0.00000,1.00000,1,1,0.00000,0.06219,0
20.1520,0,map,FL,19,20.7000,0.45712,0.16264,1.00000,0.45712,0.16264,0.02200,0.00000,0.00000,1.00000,1,1,0.00000,0.07533,0
20.1520,0,map,BL,12,20.4900,-0.04098,0.13110,1.00000,-0.04098,0.13110,0.02200,0.00000,0.00000,1.00000,1,1,0.00000,0.06982,0
20.1520,0,map,FR,4,20.2500,0.32573,-0.17633,1.00000,0.32573,-0.17633,0.02200,0.00000,0.00000,1.00000,1,1,0.00000,0.07631,0
20.1520,0,map,FR,34,21.1500,0.55668,-0.15374,1.00000,0.55668,-0.15374,0.02200,0.00000,0.00000,1.00000,1,1,0.00000,0.06004,0
20.1520,0,map,BR,27,20.9400,0.08317,-0.12796,1.00000,0.08317,-0.12796,0.02200,0.00000,0.00000,1.00000,1,1,0.00000,0.06221,0
20.1600,0,map,FL,18,20.7000,0.45516,0.16176,1.00000,0.45516,0.16176,0.02200,0.00000,0.00000,1.00000,1,1,0.00000,0.07315,0
20.1600,0,map,BL,11,20.4900,-0.04026,0.13074,1.00000,-0.04026,0.13074,0.02200,0.00000,0.00000,1.00000,1,1,0.00000,0.07056,0
20.1620,0,map,FR,3,20.2500,0.32588,-0.17587,1.00000,0.32588,-0.17587,0.02200,0.00000,0.00000,1.00000,1,1,0.00000,0.07660,0
20.1620,0,map,FR,33,21.1500,0.55592,-0.15456,1.00000,0.55592,-0.15456,0.02200,0.00000,0.00000,1.00000,1,1,0.00000,0.05760,0
20.1620,0,map,BR,26,20.9400,0.08189,-0.12886,1.00000,0.08189,-0.12886,0.02200,0.00000,0.00000,1.00000,1,1,0.00000,0.05942,0
20.1700,0,map,FL,18,20.7000,0.45926,0.16204,1.00000,0.45926,0.16204,0.02200,0.00000,0.00000,1.00000,1,1,0.00000,0.07683,0
20.1700,0,map,BL,11,20.4900,-0.04128,0.12979,1.00000,-0.04128,0.12979,0.02200,0.00000,0.00000,1.00000,1,1,0.00000,0.07070,0
20.1700,0,map,FR,3,20.2500,0.32555,-0.17614,1.00000,0.32555,-0.17614,0.02200,0.00000,0.00000,1.00000,1,1,0.00000,0.07617,0
20.1700,0,map,FR,33,21.1500,0.56050,-0.15462,1.00000,0.56050,-0.15462,0.02200,0.00000,0.00000,1.00000,1,1,0.00000,0.06217,0
20.1720,0,map,BR,26,20.9400,0.08466,-0.12791,1.00000,0.08466,-0.12791,0.02200,0.00000,0.00000,1.00000,1,1,0.00000,0.06400,0
20.1800,0,map,FL,18,20.7000,0.46022,0.16148,1.00000,0.46022,0.16148,0.02200,0.00000,0.00000,1.00000,1,1,0.00000,0.07763,0
20.1800,0,map,BL,11,20.4900,-0.04087,0.12945,1.00000,-0.04087,0.12945,0.02200,0.00000,0.00000,1.00000,1,1,0.00000,0.07146,0
20.1800,0,map,FR,3,20.2500,0.32400,-0.17503,1.00000,0.32400,-0.17503,0.02200,0.00000,0.00000,1.00000,1,1,0.00000,0.07653,0
20.1800,0,map,FR,33,21.1500,0.56262,-0.15498,1.00000,0.56262,-0.15498,0.02200,0.00000,0.00000,1.00000,1,1,0.00000,0.06303,0
20.1800,0,map,BR,26,20.9400,0.08660,-0.12832,1.00000,0.08660,-0.12832,0.02200,0.00000,0.00000,1.00000,1,1,0.00000,0.06456,0
20.1900,0,map,FL,17,20.7000,0.45924,0.16096,1.00000,0.45924,0.16096,0.02200,0.00000,0.00000,1.00000,1,1,0.00000,0.07743,0
20.1900,0,map,BL,10,20.4900,-0.04203,0.12904,1.00000,-0.04203,0.12904,0.02200,0.00000,0.00000,1.00000,1,1,0.00000,0.07163,0
20.1900,0,map,FR,2,20.2500,0.32302,-0.17458,1.00000,0.32302,-0.17458,0.02200,0.00000,0.00000,1.00000,1,1,0.00000,0.07607,0
20.1900,0,map,FR,32,21.1500,0.55793,-0.15590,1.00000,0.55793,-0.15590,0.02200,0.00000,0.00000,1.00000,1,1,0.00000,0.05943,0
20.1900,0,map,BR,25,20.9400,0.08208,-0.12948,1.00000,0.08208,-0.12948,0.02200,0.00000,0.00000,1.00000,1,1,0.00000,0.06105,0
20.1980,0,map,FL,17,20.7000,0.46246,0.16037,1.00000,0.46246,0.16037,0.02200,0.00000,0.00000,1.00000,1,1,0.00000,0.07893,0
20.1980,0,map,BL,10,20.4900,-0.04086,0.12781,1.00000,-0.04086,0.12781,0.02200,0.00000,0.00000,1.00000,1,1,0.00000,0.07226,0
20.1980,0,map,FR,2,20.2500,0.32459,-0.17480,1.00000,0.32459,-0.17480,0.02200,0.00000,0.00000,1.00000,1,1,0.00000,0.07664,0
20.1980,0,map,FR,32,21.1500,0.56631,-0.15660,1.00000,0.56631,-0.15660,0.02200,0.00000,0.00000,1.00000,1,1,0.00000,0.06495,0
20.1980,0,map,BR,25,20.9400,0.08824,-0.12902,1.00000,0.08824,-0.12902,0.02200,0.00000,0.00000,1.00000,1,1,0.00000,0.06614,0
20.2080,0,map,FL,17,20.7000,0.46136,0.15970,1.00000,0.46136,0.15970,0.02200,0.00000,0.00000,1.00000,1,1,0.00000,0.07865,0
20.2080,0,map,BL,10,20.4900,-0.04159,0.12740,1.00000,-0.04159,0.12740,0.02200,0.00000,0.00000,1.00000,1,1,0.00000,0.07238,0
20.2080,0,map,FR,2,20.2500,0.32298,-0.17401,1.00000,0.32298,-0.17401,0.02200,0.00000,0.00000,1.00000,1,1,0.00000,0.07638,0
20.2080,0,map,FR,32,21.1500,0.56563,-0.15697,1.00000,0.56563,-0.15697,0.02200,0.00000,0.00000,1.00000,1,1,0.00000,0.06500,0
20.2080,0,map,BR,25,20.9400,0.08773,-0.12967,1.00000,0.08773,-0.12967,0.02200,0.00000,0.00000,1.00000,1,1,0.00000,0.06622,0
20.2180,0,map,FL,17,20.7000,0.46331,0.15891,1.00000,0.46331,0.15891,0.02200,0.00000,0.00000,1.00000,1,1,0.00000,0.07929,0
20.2200,0,map,BL,10,20.4900,-0.04019,0.12655,1.00000,-0.04019,0.12655,0.02200,0.00000,0.00000,1.00000,1,1,0.00000,0.07293,0
20.2200,0,map,FR,2,20.2500,0.32399,-0.17395,1.00000,0.32399,-0.17395,0.02200,0.00000,0.00000,1.00000,1,1,0.00000,0.07705,0
20.2200,0,map,FR,32,21.1500,0.56843,-0.15764,1.00000,0.56843,-0.15764,0.02200,0.00000,0.00000,1.00000,1,1,0.00000,0.06566,0
20.2200,0,map,BR,25,20.9400,0.09014,-0.13051,1.00000,0.09014,-0.13051,0.02200,0.00000,0.00000,1.00000,1,1,0.00000,0.06669,0
20.2320,0,map,FL,16,20.7000,0.46805,0.15826,1.00000,0.46805,0.15826,0.02200,0.00000,0.00000,1.00000,1,1,0.00000,0.08220,0
20.2320,0,map,BL,9,20.4900,-0.03887,0.12511,1.00000,-0.03887,0.12511,0.02200,0.00000,0.00000,1.00000,1,1,0.00000,0.07279,0
20.2320,0,map,BL,39,21.3900,0.21868,0.15723,1.00000,0.21868,0.15723,0.02200,0.00000,0.00000,1.00000,1,1,0.00000,0.05908,0
20.2320,0,map,FR,1,20.2500,0.32728,-0.17536,1.00000,0.32728,-0.17536,0.02200,0.00000,0.00000,1.00000,1,1,0.00000,0.07755,0
20.2320,0,map,FR,31,21.1500,0.56584,-0.15935,1.00000,0.56584,-0.15935,0.02200,0.00000,0.00000,1.00000,1,1,0.00000,0.06202,0
20.2320,0,map,BR,24,20.9400,0.08759,-0.13241,1.00000,0.08759,-0.13241,0.02200,0.00000,0.00000,1.00000,1,1,0.00000,0.06312,0
20.2400,0,map,FL,16,20.7000,0.47048,0.15691,1.00000,0.47048,0.15691,0.02200,0.00000,0.00000,1.00000,1,1,0.00000,0.08366,0
20.2420,0,map,BL,9,20.4900,-0.03824,0.12322,1.00000,-0.03824,0.12322,0.02200,0.00000,0.00000,1.00000,1,1,0.00000,0.07358,0
20.2420,0,map,BL,39,21.3900,0.23043,0.15698,1.00000,0.23043,0.15698,0.02200,0.00000,0.00000,1.00000,1,1,0.00000,0.06034,0
20.2420,0,map,FR,1,20.2500,0.32477,-0.17411,1.00000,0.32477,-0.17411,0.02200,0.00000,0.00000,1.00000,1,1,0.00000,0.07804,0
20.2420,0,map,FR,31,21.1500,0.57282,-0.16065,1.00000,0.57282,-0.16065,0.02200,0.00000,0.00000,1.00000,1,1,0.00000,0.06738,0
20.2420,0,map,BR,24,20.9400,0.09251,-0.13253,1.00000,0.09251,-0.13253,0.02200,0.00000,0.00000,1.00000,1,1,0.00000,0.06811,0
20.2500,0,map,FL,15,20.7000,0.47110,0.15564,1.00000,0.47110,0.15564,0.02200,0.00000,0.00000,1.00000,1,1,0.00000,0.08335,0
20.2500,0,map,BL,8,20.4900,-0.03718,0.12187,1.00000,-0.03718,0.12187,0.02200,0.00000,0.00000,1.00000,1,1,0.00000,0.07359,0
20.2520,0,map,BL,38,21.3900,0.22806,0.15491,1.00000,0.22806,0.15491,0.02200,0.00000,0.00000,1.00000,1,1,0.00000,0.05680,0
20.2520,0,map,FR,30,21.1500,0.57031,-0.16228,1.00000,0.57031,-0.16228,0.02200,0.00000,0.00000,1.00000,1,1,0.00000,0.06383,0
20.2520,0,map,BR,23,20.9400,0.09032,-0.13473,1.00000,0.09032,-0.13473,0.02200,0.00000,0.00000,1.00000,1,1,0.00000,0.06442,0
20.2700,0,map,FL,15,20.7000,0.47377,0.15457,1.00000,0.47377,0.15457,0.02200,0.00000,0.00000,1.00000,1,1,0.00000,0.08404,0
20.2700,0,map,BL,8,20.4900,-0.03519,0.11988,1.00000,-0.03519,0.11988,0.02200,0.00000,0.00000,1.00000,1,1,0.00000,0.07403,0
20.2700,0,map,BL,38,21.3900,0.24456,0.15007,1.00000,0.24456,0.15007,0.02200,0.00000,0.00000,1.00000,1,1,0.00000,0.07112,0
20.2700,0,map,FR,30,21.1500,0.58424,-0.16393,1.00000,0.58424,-0.16393,0.02200,0.00000,0.00000,1.00000,1,1,0.00000,0.07421,0
20.2700,0,map,BR,23,20.9400,0.09873,-0.13563,1.00000,0.09873,-0.13563,0.02200,0.00000,0.00000,1.00000,1,1,0.00000,0.07170,0
20.2800,0,map,FL,14,20.7000,0.47633,0.15167,1.00000,0.47633,0.15167,0.02200,0.00000,0.00000,1.00000,1,1,0.00000,0.08471,0
20.2800,0,map,BL,7,20.4900,-0.03320,0.11737,1.00000,-0.03320,0.11737,0.02200,0.00000,0.00000,1.00000,1,1,0.00000,0.07492,0
20.2800,0,map,BL,37,21.3900,0.24270,0.14691,1.00000,0.24270,0.14691,0.02200,0.00000,0.00000,1.00000,1,1,0.00000,0.06669,0
20.2800,0,map,FR,29,21.1500,0.58292,-0.16645,1.00000,0.58292,-0.16645,0.02200,0.00000,0.00000,1.00000,1,1,0.00000,0.07025,0
20.2800,0,map,BR,22,20.9400,0.09764,-0.13927,1.00000,0.09764,-0.13927,0.02200,0.00000,0.00000,1.00000,1,1,0.00000,0.06756,0
20.2880,0,map,FL,14,20.7000,0.47755,0.15084,1.00000,0.47755,0.15084,0.02200,0.00000,0.00000,1.00000,1,1,0.00000,0.08518,0
20.2900,0,map,BL,7,20.4900,-0.03320,0.11623,1.00000,-0.03320,0.11623,0.02200,0.00000,0.00000,1.00000,1,1,0.00000,0.07547,0
20.2900,0,map,BL,37,21.3900,0.25118,0.14445,1.00000,0.25118,0.14445,0.02200,0.00000,0.00000,1.00000,1,1,0.00000,0.07653,0
20.2900,0,map,FR,29,21.1500,0.59172,-0.16755,1.00000,0.59172,-0.16755,0.02200,0.00000,0.00000,1.00000,1,1,0.00000,0.07755,0
20.2900,0,map,BR,22,20.9400,0.10307,-0.13990,1.00000,0.10307,-0.13990,0.02200,0.00000,0.00000,1.00000,1,1,0.00000,0.07313,0
20.2980,0,map,FL,14,20.7000,0.47989,0.14962,1.00000,0.47989,0.14962,0.02200,0.00000,0.00000,1.00000,1,1,0.00000,0.08583,0
20.2980,0,map,BL,7,20.4900,-0.03167,0.11551,1.00000,-0.03167,0.11551,0.02200,0.00000,0.00000,1.00000,1,1,0.00000,0.07620,0
20.2980,0,map,BL,37,21.3900,0.25408,0.14332,1.00000,0.25408,0.14332,0.02200,0.00000,0.00000,1.00000,1,1,0.00000,0.07655,0
20.2980,0,map,FR,29,21.1500,0.59462,-0.16832,1.00000,0.59462,-0.16832,0.02200,0.00000,0.00000,1.00000,1,1,0.00000,0.07777,0
20.2980,0,map,BR,22,20.9400,0.10614,-0.14140,1.00000,0.10614,-0.14140,0.02200,0.00000,0.00000,1.00000,1,1,0.00000,0.07325,0
20.3080,0,map,FL,14,20.7000,0.47953,0.14884,1.00000,0.47953,0.14884,0.02200,0.00000,0.00000,1.00000,1,1,0.00000,0.08575,0
20.3080,0,map,BL,7,20.4900,-0.03212,0.11468,1.00000,-0.03212,0.11468,0.02200,0.00000,0.00000,1.00000,1,1,0.00000,0.07636,0
20.3080,0,map,BL,37,21.3900,0.25358,0.14267,1.00000,0.25358,0.14267,0.02200,0.00000,0.00000,1.00000,1,1,0.00000,0.07652,0
20.3080,0,map,FR,29,21.1500,0.59426,-0.16891,1.00000,0.59426,-0.16891,0.02200,0.00000,0.00000,1.00000,1,1,0.00000,0.07768,0
20.3080,0,map,BR,22,20.9400,0.10594,-0.14238,1.00000,0.10594,-0.14238,0.02200,0.00000,0.00000,1.00000,1,1,0.00000,0.07323,0
20.3160,0,map,FL,13,20.7000,0.48097,0.14790,1.00000,0.48097,0.14790,0.02200,0.00000,0.00000,1.00000,1,1,0.00000,0.08618,0
20.3160,0,map,BL,6,20.4900,-0.03113,0.11378,1.00000,-0.03113,0.11378,0.02200,0.00000,0.00000,1.00000,1,1,0.00000,0.07680,0
20.3160,0,map,BL,36,21.3900,0.25106,0.14118,1.00000,0.25106,0.14118,0.02200,0.00000,0.00000,1.00000,1,1,0.00000,0.07220,0
20.3160,0,map,FR,28,21.1500,0.59159,-0.17030,1.00000,0.59159,-0.17030,0.02200,0.00000,0.00000,1.00000,1,1,0.00000,0.07371,0
20.3160,0,map,BR,21,20.9400,0.10301,-0.14411,1.00000,0.10301,-0.14411,0.02200,0.00000,0.00000,1.00000,1,1,0.00000,0.06904,0
20.3260,0,map,FL,13,20.7000,0.48150,0.14775,1.00000,0.48150,0.14775,0.02200,0.00000,0.00000,1.00000,1,1,0.00000,0.08651,0
20.3260,0,map,BL,6,20.4900,-0.03147,0.11329,1.00000,-0.03147,0.11329,0.02200,0.00000,0.00000,1.00000,1,1,0.00000,0.07706,0
20.3260,0,map,BL,36,21.3900,0.25737,0.14003,1.00000,0.25737,0.14003,0.02200,0.00000,0.00000,1.00000,1,1,0.00000,0.08006,0
20.3260,0,map,FR,28,21.1500,0.59875,-0.17094,1.00000,0.59875,-0.17094,0.02200,0.00000,0.00000,1.00000,1,1,0.00000,0.07989,0
20.3260,0,map,BR,21,20.9400,0.10739,-0.14406,1.00000,0.10739,-0.14406,0.02200,0.00000,0.00000,1.00000,1,1,0.00000,0.07415,0
20.3340,0,map,FL,13,20.7000,0.48241,0.14684,1.00000,0.48241,0.14684,0.02200,0.00000,0.00000,1.00000,1,1,0.00000,0.08690,0
20.3340,0,map,BL,6,20.4900,-0.03090,0.11242,1.00000,-0.03090,0.11242,0.02200,0.00000,0.00000,1.00000,1,1,0.00000,0.07747,0
20.3340,0,map,BL,36,21.3900,0.25908,0.13909,1.00000,0.25908,0.13909,0.02200,0.00000,0.00000,1.00000,1,1,0.00000,0.08005,0
20.3340,0,map,FR,28,21.1500,0.60027,-0.17158,1.00000,0.60027,-0.17158,0.02200,0.00000,0.00000,1.00000,1,1,0.00000,0.08007,0
20.3340,0,map,BR,21,20.9400,0.10901,-0.14520,1.00000,0.10901,-0.14520,0.02200,0.00000,0.00000,1.00000,1,1,0.00000,0.07428,0
20.3440,0,map,FL,12,20.7000,0.48240,0.14621,1.00000,0.48240,0.14621,0.02200,0.00000,0.00000,1.00000,1,1,0.00000,0.08687,0
20.3440,0,map,BL,5,20.4900,-0.03091,0.11163,1.00000,-0.03091,0.11163,0.02200,0.00000,0.00000,1.00000,1,1,0.00000,0.07751,0
20.3440,0,map,BL,35,21.3900,0.25419,0.13780,1.00000,0.25419,0.13780,0.02200,0.00000,0.00000,1.00000,1,1,0.00000,0.07514,0
20.3440,0,map,FR,27,21.1500,0.59549,-0.17279,1.00000,0.59549,-0.17279,0.02200,0.00000,0.00000,1.00000,1,1,0.00000,0.07551,0
20.3440,0,map,BR,20,20.9400,0.10428,-0.14671,1.00000,0.10428,-0.14671,0.02200,0.00000,0.00000,1.00000,1,1,0.00000,0.06959,0
20.3540,0,map,FL,12,20.7000,0.48253,0.14611,1.00000,0.48253,0.14611,0.02200,0.00000,0.00000,1.00000,1,1,0.00000,0.08714,0
20.3540,0,map,BL,5,20.4900,-0.03144,0.11096,1.00000,-0.03144,0.11096,0.02200,0.00000,0.00000,1.00000,1,1,0.00000,0.07768,0
20.3540,0,map,BL,35,21.3900,0.25954,0.13705,1.00000,0.25954,0.13705,0.02200,0.00000,0.00000,1.00000,1,1,0.00000,0.08204,0
20.3540,0,map,FR,27,21.1500,0.60187,-0.17347,1.00000,0.60187,-0.17347,0.02200,0.00000,0.00000,1.00000,1,1,0.00000,0.08118,0
20.3540,0,map,BR,20,20.9400,0.10809,-0.14675,1.00000,0.10809,-0.14675,0.02200,0.00000,0.00000,1.00000,1,1,0.00000,0.07449,0
20.3620,0,map,FL,12,20.7000,0.48286,0.14528,1.00000,0.48286,0.14528,0.02200,0.00000,0.00000,1.00000,1,1,0.00000,0.08738,0
20.3620,0,map,BL,5,20.4900,-0.03124,0.10985,1.00000,-0.03124,0.10985,0.02200,0.00000,0.00000,1.00000,1,1,0.00000,0.07796,0
20.3620,0,map,BL,35,21.3900,0.26080,0.13615,1.00000,0.26080,0.13615,0.02200,0.00000,0.00000,1.00000,1,1,0.00000,0.08199,0
20.3620,0,map,FR,27,21.1500,0.60292,-0.17402,1.00000,0.60292,-0.17402,0.02200,0.00000,0.00000,1.00000,1,1,0.00000,0.08133,0
20.3620,0,map,BR,20,20.9400,0.10922,-0.14783,1.00000,0.10922,-0.14783,0.02200,0.00000,0.00000,1.00000,1,1,0.00000,0.07461,0
20.3720,0,map,FL,11,20.7000,0.48237,0.14468,1.00000,0.48237,0.14468,0.02200,0.00000,0.00000,1.00000,1,1,0.00000,0.08720,0
20.3720,0,map,BL,4,20.4900,-0.03163,0.10895,1.00000,-0.03163,0.10895,0.02200,0.00000,0.00000,1.00000,1,1,0.00000,0.07796,0
20.3720,0,map,BL,34,21.3900,0.25537,0.13483,1.00000,0.25537,0.13483,0.02200,0.00000,0.00000,1.00000,1,1,0.00000,0.07697,0
20.3720,0,map,FR,26,21.1500,0.59764,-0.17521,1.00000,0.59764,-0.17521,0.02200,0.00000,0.00000,1.00000,1,1,0.00000,0.07662,0
20.3720,0,map,BR,19,20.9400,0.10393,-0.14937,1.00000,0.10393,-0.14937,0.02200,0.00000,0.00000,1.00000,1,1,0.00000,0.06987,0
20.3800,0,map,FL,11,20.7000,0.48291,0.14469,1.00000,0.48291,0.14469,0.02200,0.00000,0.00000,1.00000,1,1,0.00000,0.08771,0
20.3800,0,map,BL,4,20.4900,-0.03160,0.10814,1.00000,-0.03160,0.10814,0.02200,0.00000,0.00000,1.00000,1,1,0.00000,0.07817,0
20.3820,0,map,BL,34,21.3900,0.26154,0.13430,1.00000,0.26154,0.13430,0.02200,0.00000,0.00000,1.00000,1,1,0.00000,0.08357,0
20.3820,0,map,FR,26,21.1500,0.60469,-0.17588,1.00000,0.60469,-0.17588,0.02200,0.00000,0.00000,1.00000,1,1,0.00000,0.08233,0
20.3820,0,map,BR,19,20.9400,0.10834,-0.14946,1.00000,0.10834,-0.14946,0.02200,0.00000,0.00000,1.00000,1,1,0.00000,0.07482,0
20.3900,0,map,FL,11,20.7000,0.48254,0.14383,1.00000,0.48254,0.14383,0.02200,0.00000,0.00000,1.00000,1,1,0.00000,0.08758,0
20.3900,0,map,BL,4,20.4900,-0.03204,0.10705,1.00000,-0.03204,0.10705,0.02200,0.00000,0.00000,1.00000,1,1,0.00000,0.07827,0
20.3900,0,map,BL,34,21.3900,0.26154,0.13337,1.00000,0.26154,0.13337,0.02200,0.00000,0.00000,1.00000,1,1,0.00000,0.08322,0
20.3900,0,map,FR,26,21.1500,0.60468,-0.17642,1.00000,0.60468,-0.17642,0.02200,0.00000,0.00000,1.00000,1,1,0.00000,0.08211,0
20.3900,0,map,BR,19,20.9400,0.10868,-0.15060,1.00000,0.10868,-0.15060,0.02200,0.00000,0.00000,1.00000,1,1,0.00000,0.07473,0
20.3980,0,map,FL,11,20.7000,0.48190,0.14318,1.00000,0.48190,0.14318,0.02200,0.00000,0.00000,1.00000,1,1,0.00000,0.08758,0
20.4000,0,map,BL,4,20.4900,-0.03263,0.10613,1.00000,-0.03263,0.10613,0.02200,0.00000,0.00000,1.00000,1,1,0.00000,0.07831,0
20.4000,0,map,BL,34,21.3900,0.26155,0.13277,1.00000,0.26155,0.13277,0.02200,0.00000,0.00000,1.00000,1,1,0.00000,0.08346,0
20.4000,0,map,FR,26,21.1500,0.60469,-0.17688,1.00000,0.60469,-0.17688,0.02200,0.00000,0.00000,1.00000,1,1,0.00000,0.08238,0
20.4000,0,map,BR,19,20.9400,0.10841,-0.15145,1.00000,0.10841,-0.15145,0.02200,0.00000,0.00000,1.00000,1,1,0.00000,0.07493,0
20.4080,0,map,FL,10,20.7000,0.48152,0.14237,1.00000,0.48152,0.14237,0.02200,0.00000,0.00000,1.00000,1,1,0.00000,0.08739,0
20.4080,0,map,BL,3,20.4900,-0.03308,0.10508,1.00000,-0.03308,0.10508,0.02200,0.00000,0.00000,1.00000,1,1,0.00000,0.07833,0
20.4080,0,map,BL,33,21.3900,0.25619,0.13118,1.00000,0.25619,0.13118,0.02200,0.00000,0.00000,1.00000,1,1,0.00000,0.07833,0
20.4100,0,map,FR,25,21.1500,0.59949,-0.17829,1.00000,0.59949,-0.17829,0.02200,0.00000,0.00000,1.00000,1,1,0.00000,0.07760,0
20.4100,0,map,BR,18,20.9400,0.10318,-0.15325,1.00000,0.10318,-0.15325,0.02200,0.00000,0.00000,1.00000,1,1,0.00000,0.07010,0
20.4180,0,map,FL,10,20.7000,0.48098,0.14256,1.00000,0.48098,0.14256,0.02200,0.00000,0.00000,1.00000,1,1,0.00000,0.08763,0
20.4180,0,map,BL,3,20.4900,-0.03385,0.10492,1.00000,-0.03385,0.10492,0.02200,0.00000,0.00000,1.00000,1,1,0.00000,0.07824,0
20.4180,0,map,BL,33,21.3900,0.26117,0.13089,1.00000,0.26117,0.13089,0.02200,0.00000,0.00000,1.00000,1,1,0.00000,0.08457,0
20.4180,0,map,FR,25,21.1500,0.60531,-0.17897,1.00000,0.60531,-0.17897,0.02200,0.00000,0.00000,1.00000,1,1,0.00000,0.08308,0
20.4180,0,map,BR,18,20.9400,0.10646,-0.15334,1.00000,0.10646,-0.15334,0.02200,0.00000,0.00000,1.00000,1,1,0.00000,0.07492,0
20.4260,0,map,FL,10,20.7000,0.47965,0.14162,1.00000,0.47965,0.14162,0.02200,0.00000,0.00000,1.00000,1,1,0.00000,0.08728,0
20.4260,0,map,BL,3,20.4900,-0.03508,0.10430,1.00000,-0.03508,0.10430,0.02200,0.00000,0.00000,1.00000,1,1,0.00000,0.07807,0
20.4260,0,map,BL,33,21.3900,0.26033,0.12990,1.00000,0.26033,0.12990,0.02200,0.00000,0.00000,1.00000,1,1,0.00000,0.08423,0
20.4260,0,map,FR,25,21.1500,0.60436,-0.17967,1.00000,0.60436,-0.17967,0.02200,0.00000,0.00000,1.00000,1,1,0.00000,0.08290,0
20.4260,0,map,BR,18,20.9400,0.10575,-0.15459,1.00000,0.10575,-0.15459,0.02200,0.00000,0.00000,1.00000,1,1,0.00000,0.07485,0
20.4360,0,map,FL,9,20.7000,0.47923,0.14100,1.00000,0.47923,0.14100,0.02200,0.00000,0.00000,1.00000,1,1,0.00000,0.08721,0
20.4360,0,map,FL,39,21.6000,0.72505,0.14574,1.00000,0.72505,0.14574,0.02200,0.00000,0.00000,1.00000,1,1,0.00000,0.08962,0
20.4360,0,map,BL,2,20.4900,-0.03552,0.10382,1.00000,-0.03552,0.10382,0.02200,0.00000,0.00000,1.00000,1,1,0.00000,0.07801,0
20.4360,0,map,BL,32,21.3900,0.25526,0.12842,1.00000,0.25526,0.12842,0.02200,0.00000,0.00000,1.00000,1,1,0.00000,0.07920,0
20.4360,0,map,FR,24,21.1500,0.59923,-0.18113,1.00000,0.59923,-0.18113,0.02200,0.00000,0.00000,1.00000,1,1,0.00000,0.07832,0
20.4360,0,map,BR,17,20.9400,0.10553,-0.15550,1.00000,0.10553,-0.15550,0.02200,0.00000,0.00000,1.00000,1,1,0.00000,0.07502,0
20.4460,0,map,FL,9,20.7000,0.47811,0.14115,1.00000,0.47811,0.14115,0.02200,0.00000,0.00000,1.00000,1,1,0.00000,0.08709,0
20.4460,0,map,FL,39,21.6000,0.73611,0.14700,1.00000,0.73611,0.14700,0.02200,0.00000,0.00000,1.00000,1,1,0.00000,0.09189,0
20.4460,0,map,BL,2,20.4900,-0.03629,0.10387,1.00000,-0.03629,0.10387,0.02200,0.00000,0.00000,1.00000,1,1,0.00000,0.07761,0
20.4460,0,map,BL,32,21.3900,0.25917,0.12803,1.00000,0.25917,0.12803,0.02200,0.00000,0.00000,1.00000,1,1,0.00000,0.08508,0
20.4460,0,map,FR,24,21.1500,0.60425,-0.18199,1.00000,0.60425,-0.18199,0.02200,0.00000,0.00000,1.00000,1,1,0.00000,0.08337,0
20.4460,0,map,BR,17,20.9400,0.10320,-0.15673,1.00000,0.10320,-0.15673,0.02200,0.00000,0.00000,1.00000,1,1,0.00000,0.07460,0
20.4540,0,map,FL,9,20.7000,0.47723,0.14021,1.00000,0.47723,0.14021,0.02200,0.00000,0.00000,1.00000,1,1,0.00000,0.08674,0
20.4540,0,map,FL,39,21.6000,0.73542,0.14539,1.00000,0.73542,0.14539,0.02200,0.00000,0.00000,1.00000,1,1,0.00000,0.09164,0
20.4540,0,map,BL,2,20.4900,-0.03688,0.10371,1.00000,-0.03688,0.10371,0.02200,0.00000,0.00000,1.00000,1,1,0.00000,0.07720,0
20.4540,0,map,BL,32,21.3900,0.25917,0.12700,1.00000,0.25917,0.12700,0.02200,0.00000,0.00000,1.00000,1,1,0.00000,0.08488,0
20.4540,0,map,FR,24,21.1500,0.60365,-0.18297,1.00000,0.60365,-0.18297,0.02200,0.00000,0.00000,1.00000,1,1,0.00000,0.08346,0
20.4540,0,map,BR,17,20.9400,0.10243,-0.15791,1.00000,0.10243,-0.15791,0.02200,0.00000,0.00000,1.00000,1,1,0.00000,0.07475,0
20.4640,0,map,FL,8,20.7000,0.47621,0.13962,1.00000,0.47621,0.13962,0.02200,0.00000,0.00000,1.00000,1,1,0.00000,0.08630,0
20.4640,0,map,FL,38,21.6000,0.72922,0.14387,1.00000,0.72922,0.14387,0.02200,0.00000,0.00000,1.00000,1,1,0.00000,0.08635,0
20.4640,0,map,BL,1,20.4900,-0.03736,0.10364,1.00000,-0.03736,0.10364,0.02200,0.00000,0.00000,1.00000,1,1,0.00000,0.07672,0
20.4640,0,map,BL,31,21.3900,0.25301,0.12548,1.00000,0.25301,0.12548,0.02200,0.00000,0.00000,1.00000,1,1,0.00000,0.07957,0
20.4640,0,map,FR,23,21.1500,0.59744,-0.18459,1.00000,0.59744,-0.18459,0.02200,0.00000,0.00000,1.00000,1,1,0.00000,0.07862,0
20.4640,0,map,BR,16,20.9400,0.10133,-0.15881,1.00000,0.10133,-0.15881,0.02200,0.00000,0.00000,1.00000,1,1,0.00000,0.07476,0
20.4840,0,map,FL,8,20.7000,0.47513,0.13960,1.00000,0.47513,0.13960,0.02200,0.00000,0.00000,1.00000,1,1,0.00000,0.08591,0
20.4840,0,map,FL,38,21.6000,0.71574,0.12725,1.00000,0.71574,0.12725,0.02200,0.00000,0.00000,1.00000,1,1,0.00000,0.07117,0
20.4840,0,map,BL,1,20.4900,-0.03741,0.10404,1.00000,-0.03741,0.10404,0.02200,0.00000,0.00000,1.00000,1,1,0.00000,0.07598,0
20.4840,0,map,BL,31,21.3900,0.24317,0.11377,1.00000,0.24317,0.11377,0.02200,0.00000,0.00000,1.00000,1,1,0.00000,0.07135,0
20.4840,0,map,FR,23,21.1500,0.59689,-0.19037,1.00000,0.59689,-0.19037,0.02200,0.00000,0.00000,1.00000,1,1,0.00000,0.07876,0
20.4840,0,map,BR,16,20.9400,0.09956,-0.15959,1.00000,0.09956,-0.15959,0.02200,0.00000,0.00000,1.00000,1,1,0.00000,0.07492,0
20.4920,0,map,FL,7,20.7000,0.47255,0.13826,1.00000,0.47255,0.13826,0.02200,0.00000,0.00000,1.00000,1,1,0.00000,0.08467,0
20.4920,0,map,FL,37,21.6000,0.71145,0.12942,1.00000,0.71145,0.12942,0.02200,0.00000,0.00000,1.00000,1,1,0.00000,0.06942,0
20.4920,0,map,BL,30,21.3900,0.23744,0.11268,1.00000,0.23744,0.11268,0.02200,0.00000,0.00000,1.00000,1,1,0.00000,0.06879,0
20.4920,0,map,FR,22,21.1500,0.59053,-0.19128,1.00000,0.59053,-0.19128,0.02200,0.00000,0.00000,1.00000,1,1,0.00000,0.07535,0
20.4920,0,map,BR,15,20.9400,0.09652,-0.16127,1.00000,0.09652,-0.16127,0.02200,0.00000,0.00000,1.00000,1,1,0.00000,0.07501,0
20.5020,0,map,FL,7,20.7000,0.47192,0.13838,1.00000,0.47192,0.13838,0.02200,0.00000,0.00000,1.00000,1,1,0.00000,0.08462,0
20.5020,0,map,FL,37,21.6000,0.70944,0.12057,1.00000,0.70944,0.12057,0.02200,0.00000,0.00000,1.00000,1,1,0.00000,0.06647,0
20.5020,0,map,BL,30,21.3900,0.23523,0.10580,1.00000,0.23523,0.10580,0.02200,0.00000,0.00000,1.00000,1,1,0.00000,0.06837,0
20.5020,0,map,FR,22,21.1500,0.59308,-0.19500,1.00000,0.59308,-0.19500,0.02200,0.00000,0.00000,1.00000,1,1,0.00000,0.07839,0
20.5020,0,map,BR,15,20.9400,0.09486,-0.16168,1.00000,0.09486,-0.16168,0.02200,0.00000,0.00000,1.00000,1,1,0.00000,0.07526,0
20.5120,0,map,FL,7,20.7000,0.47029,0.13743,1.00000,0.47029,0.13743,0.02200,0.00000,0.00000,1.00000,1,1,0.00000,0.08412,0
20.5120,0,map,FL,37,21.6000,0.70886,0.12144,1.00000,0.70886,0.12144,0.02200,0.00000,0.00000,1.00000,1,1,0.00000,0.06731,0
20.5120,0,map,BL,30,21.3900,0.23440,0.10517,1.00000,0.23440,0.10517,0.02200,0.00000,0.00000,1.00000,1,1,0.00000,0.06900,0
20.5120,0,map,FR,22,21.1500,0.59184,-0.19524,1.00000,0.59184,-0.19524,0.02200,0.00000,0.00000,1.00000,1,1,0.00000,0.07848,0
20.5120,0,map,BR,15,20.9400,0.09330,-0.16244,1.00000,0.09330,-0.16244,0.02200,0.00000,0.00000,1.00000,1,1,0.00000,0.07529,0
20.5200,0,map,FL,6,20.7000,0.46923,0.13695,1.00000,0.46923,0.13695,0.02200,0.00000,0.00000,1.00000,1,1,0.00000,0.08372,0
20.5200,0,map,FL,36,21.6000,0.70404,0.12070,1.00000,0.70404,0.12070,0.02200,0.00000,0.00000,1.00000,1,1,0.00000,0.06342,0
20.5200,0,map,BL,29,21.3900,0.22961,0.10467,1.00000,0.22961,0.10467,0.02200,0.00000,0.00000,1.00000,1,1,0.00000,0.06503,0
20.5200,0,map,FR,21,21.1500,0.58680,-0.19593,1.00000,0.58680,-0.19593,0.02200,0.00000,0.00000,1.00000,1,1,0.00000,0.07498,0
20.5200,0,map,BR,14,20.9400,0.09203,-0.16332,1.00000,0.09203,-0.16332,0.02200,0.00000,0.00000,1.00000,1,1,0.00000,0.07544,0
20.5280,0,map,FL,6,20.7000,0.46808,0.13750,1.00000,0.46808,0.13750,0.02200,0.00000,0.00000,1.00000,1,1,0.00000,0.08347,0
20.5300,0,map,FL,36,21.6000,0.70552,0.11646,1.00000,0.70552,0.11646,0.02200,0.00000,0.00000,1.00000,1,1,0.00000,0.06541,0
20.5300,0,map,BL,29,21.3900,0.22969,0.10037,1.00000,0.22969,0.10037,0.02200,0.00000,0.00000,1.00000,1,1,0.00000,0.06780,0
20.5300,0,map,FR,21,21.1500,0.59011,-0.19816,1.00000,0.59011,-0.19816,0.02200,0.00000,0.00000,1.00000,1,1,0.00000,0.07884,0
20.5300,0,map,BR,14,20.9400,0.09024,-0.16343,1.00000,0.09024,-0.16343,0.02200,0.00000,0.00000,1.00000,1,1,0.00000,0.07549,0
20.5400,0,map,FL,6,20.7000,0.46771,0.13730,1.00000,0.46771,0.13730,0.02200,0.00000,0.00000,1.00000,1,1,0.00000,0.08328,0
20.5400,0,map,FL,36,21.6000,0.70582,0.11681,1.00000,0.70582,0.11681,0.02200,0.00000,0.00000,1.00000,1,1,0.00000,0.06586,0
20.5400,0,map,BL,29,21.3900,0.23007,0.09992,1.00000,0.23007,0.09992,0.02200,0.00000,0.00000,1.00000,1,1,0.00000,0.06813,0
20.5400,0,map,FR,21,21.1500,0.58994,-0.19827,1.00000,0.58994,-0.19827,0.02200,0.00000,0.00000,1.00000,1,1,0.00000,0.07899,0
20.5400,0,map,BR,14,20.9400,0.08984,-0.16401,1.00000,0.08984,-0.16401,0.02200,0.00000,0.00000,1.00000,1,1,0.00000,0.07562,0
20.5480,0,map,FL,6,20.7000,0.46555,0.13685,1.00000,0.46555,0.13685,0.02200,0.00000,0.00000,1.00000,1,1,0.00000,0.08285,0
20.5480,0,map,FL,36,21.6000,0.70400,0.11644,1.00000,0.70400,0.11644,0.02200,0.00000,0.00000,1.00000,1,1,0.00000,0.06579,0
20.5500,0,map,BL,29,21.3900,0.22832,0.09956,1.00000,0.22832,0.09956,0.02200,0.00000,0.00000,1.00000,1,1,0.00000,0.06809,0
20.5500,0,map,FR,21,21.1500,0.58821,-0.19863,1.00000,0.58821,-0.19863,0.02200,0.00000,0.00000,1.00000,1,1,0.00000,0.07898,0
20.5500,0,map,BR,14,20.9400,0.08798,-0.16448,1.00000,0.08798,-0.16448,0.02200,0.00000,0.00000,1.00000,1,1,0.00000,0.07569,0
20.5580,0,map,FL,5,20.7000,0.46524,0.13665,1.00000,0.46524,0.13665,0.02200,0.00000,0.00000,1.00000,1,1,0.00000,0.08262,0
20.5580,0,map,FL,35,21.6000,0.70011,0.11662,1.00000,0.70011,0.11662,0.02200,0.00000,0.00000,1.00000,1,1,0.00000,0.06213,0
20.5580,0,map,BL,28,21.3900,0.22438,0.09964,1.00000,0.22438,0.09964,0.02200,0.00000,0.00000,1.00000,1,1,0.00000,0.06433,0
20.5580,0,map,FR,20,21.1500,0.58418,-0.19852,1.00000,0.58418,-0.19852,0.02200,0.00000,0.00000,1.00000,1,1,0.00000,0.07560,0
20.5580,0,map,BR,13,20.9400,0.08759,-0.16492,1.00000,0.08759,-0.16492,0.02200,0.00000,0.00000,1.00000,1,1,0.00000,0.07583,0
20.5680,0,map,FL,5,20.7000,0.46377,0.13702,1.00000,0.46377,0.13702,0.02200,0.00000,0.00000,1.00000,1,1,0.00000,0.08251,0
20.5680,0,map,FL,35,21.6000,0.70335,0.11460,1.00000,0.70335,0.11460,0.02200,0.00000,0.00000,1.00000,1,1,0.00000,0.06608,0
20.5680,0,map,BL,28,21.3900,0.22588,0.09687,1.00000,0.22588,0.09687,0.02200,0.00000,0.00000,1.00000,1,1,0.00000,0.06841,0
20.5680,0,map,FR,20,21.1500,0.58805,-0.19987,1.00000,0.58805,-0.19987,0.02200,0.00000,0.00000,1.00000,1,1,0.00000,0.07979,0
20.5680,0,map,BR,13,20.9400,0.08613,-0.16466,1.00000,0.08613,-0.16466,0.02200,0.00000,0.00000,1.00000,1,1,0.00000,0.07585,0
20.5760,0,map,FL,5,20.7000,0.46206,0.13612,1.00000,0.46206,0.13612,0.02200,0.00000,0.00000,1.00000,1,1,0.00000,0.08220,0
20.5780,0,map,FL,35,21.6000,0.70269,0.11488,1.00000,0.70269,0.11488,0.02200,0.00000,0.00000,1.00000,1,1,0.00000,0.06630,0
20.5780,0,map,BL,28,21.3900,0.22549,0.09680,1.00000,0.22549,0.09680,0.02200,0.00000,0.00000,1.00000,1,1,0.00000,0.06854,0
20.5780,0,map,FR,20,21.1500,0.58715,-0.19959,1.00000,0.58715,-0.19959,0.02200,0.00000,0.00000,1.00000,1,1,0.00000,0.07988,0
20.5780,0,map,BR,13,20.9400,0.08506,-0.16480,1.00000,0.08506,-0.16480,0.02200,0.00000,0.00000,1.00000,1,1,0.00000,0.07603,0
20.5860,0,map,FL,4,20.7000,0.46153,0.13545,1.00000,0.46153,0.13545,0.02200,0.00000,0.00000,1.00000,1,1,0.00000,0.08183,0
20.5860,0,map,FL,34,21.6000,0.69852,0.11524,1.00000,0.69852,0.11524,0.02200,0.00000,0.00000,1.00000,1,1,0.00000,0.06252,0
20.5860,0,map,BL,27,21.3900,0.22140,0.09724,1.00000,0.22140,0.09724,0.02200,0.00000,0.00000,1.00000,1,1,0.00000,0.06469,0
20.5860,0,map,FR,19,21.1500,0.58308,-0.19917,1.00000,0.58308,-0.19917,0.02200,0.00000,0.00000,1.00000,1,1,0.00000,0.07641,0
20.5860,0,map,BR,12,20.9400,0.08470,-0.16500,1.00000,0.08470,-0.16500,0.02200,0.00000,0.00000,1.00000,1,1,0.00000,0.07612,0
20.5960,0,map,FL,4,20.7000,0.45965,0.13508,1.00000,0.45965,0.13508,0.02200,0.00000,0.00000,1.00000,1,1,0.00000,0.08177,0
20.5960,0,map,FL,34,21.6000,0.70285,0.11437,1.00000,0.70285,0.11437,0.02200,0.00000,0.00000,1.00000,1,1,0.00000,0.06741,0
20.5960,0,map,BL,27,21.3900,0.22375,0.09541,1.00000,0.22375,0.09541,0.02200,0.00000,0.00000,1.00000,1,1,0.00000,0.06941,0
20.5960,0,map,FR,19,21.1500,0.58726,-0.20005,1.00000,0.58726,-0.20005,0.02200,0.00000,0.00000,1.00000,1,1,0.00000,0.08079,0
20.5960,0,map,BR,12,20.9400,0.08343,-0.16457,1.00000,0.08343,-0.16457,0.02200,0.00000,0.00000,1.00000,1,1,0.00000,0.07621,0
20.6060,0,map,FL,4,20.7000,0.45848,0.13397,1.00000,0.45848,0.13397,0.02200,0.00000,0.00000,1.00000,1,1,0.00000,0.08133,0
20.6060,0,map,FL,34,21.6000,0.70234,0.11456,1.00000,0.70234,0.11456,0.02200,0.00000,0.00000,1.00000,1,1,0.00000,0.06742,0
20.6060,0,map,BL,27,21.3900,0.22366,0.09553,1.00000,0.22366,0.09553,0.02200,0.00000,0.00000,1.00000,1,1,0.00000,0.06936,0
20.6060,0,map,FR,19,21.1500,0.58667,-0.19972,1.00000,0.58667,-0.19972,0.02200,0.00000,0.00000,1.00000,1,1,0.00000,0.08074,0
20.6060,0,map,BR,12,20.9400,0.08273,-0.16470,1.00000,0.08273,-0.16470,0.02200,0.00000,0.00000,1.00000,1,1,0.00000,0.07636,0
20.6180,0,map,FL,3,20.7000,0.45753,0.13285,1.00000,0.45753,0.13285,0.02200,0.00000,0.00000,1.00000,1,1,0.00000,0.08102,0
20.6180,0,map,FL,33,21.6000,0.69828,0.11514,1.00000,0.69828,0.11514,0.02200,0.00000,0.00000,1.00000,1,1,0.00000,0.06374,0
20.6180,0,map,BL,26,21.3900,0.21961,0.09620,1.00000,0.21961,0.09620,0.02200,0.00000,0.00000,1.00000,1,1,0.00000,0.06556,0
20.6180,0,map,FR,18,21.1500,0.58267,-0.19905,1.00000,0.58267,-0.19905,0.02200,0.00000,0.00000,1.00000,1,1,0.00000,0.07737,0
20.6180,0,map,BR,11,20.9400,0.08241,-0.16477,1.00000,0.08241,-0.16477,0.02200,0.00000,0.00000,1.00000,1,1,0.00000,0.07651,0
20.6280,0,map,FL,3,20.7000,0.45640,0.13233,1.00000,0.45640,0.13233,0.02200,0.00000,0.00000,1.00000,1,1,0.00000,0.08092,0
20.6280,0,map,FL,33,21.6000,0.70335,0.11501,1.00000,0.70335,0.11501,0.02200,0.00000,0.00000,1.00000,1,1,0.00000,0.06887,0
20.6280,0,map,BL,26,21.3900,0.22269,0.09500,1.00000,0.22269,0.09500,0.02200,0.00000,0.00000,1.00000,1,1,0.00000,0.07045,0
20.6280,0,map,FR,18,21.1500,0.58732,-0.19962,1.00000,0.58732,-0.19962,0.02200,0.00000,0.00000,1.00000,1,1,0.00000,0.08162,0
20.6280,0,map,BR,11,20.9400,0.08170,-0.16430,1.00000,0.08170,-0.16430,0.02200,0.00000,0.00000,1.00000,1,1,0.00000,0.07656,0
20.6380,0,map,FL,3,20.7000,0.45605,0.13176,1.00000,0.45605,0.13176,0.02200,0.00000,0.00000,1.00000,1,1,0.00000,0.08084,0
20.6380,0,map,FL,33,21.6000,0.70363,0.11530,1.00000,0.70363,0.11530,0.02200,0.00000,0.00000,1.00000,1,1,0.00000,0.06895,0
20.6380,0,map,BL,26,21.3900,0.22334,0.09537,1.00000,0.22334,0.09537,0.02200,0.00000,0.00000,1.00000,1,1,0.00000,0.07041,0
20.6380,0,map,FR,18,21.1500,0.58738,-0.19920,1.00000,0.58738,-0.19920,0.02200,0.00000,0.00000,1.00000,1,1,0.00000,0.08168,0
20.6380,0,map,BR,11,20.9400,0.08171,-0.16424,1.00000,0.08171,-0.16424,0.02200,0.00000,0.00000,1.00000,1,1,0.00000,0.07674,0
20.6480,0,map,FL,2,20.7000,0.45617,0.13152,1.00000,0.45617,0.13152,0.02200,0.00000,0.00000,1.00000,1,1,0.00000,0.08080,0
20.6480,0,map,FL,32,21.6000,0.69964,0.11613,1.00000,0.69964,0.11613,0.02200,0.00000,0.00000,1.00000,1,1,0.00000,0.06514,0
20.6480,0,map,BL,25,21.3900,0.21940,0.09632,1.00000,0.21940,0.09632,0.02200,0.00000,0.00000,1.00000,1,1,0.00000,0.06653,0
20.6480,0,map,FR,17,21.1500,0.58742,-0.19892,1.00000,0.58742,-0.19892,0.02200,0.00000,0.00000,1.00000,1,1,0.00000,0.08165,0
20.6480,0,map,BR,10,20.9400,0.08171,-0.16399,1.00000,0.08171,-0.16399,0.02200,0.00000,0.00000,1.00000,1,1,0.00000,0.07677,0
20.6580,0,map,FL,2,20.7000,0.45617,0.13139,1.00000,0.45617,0.13139,0.02200,0.00000,0.00000,1.00000,1,1,0.00000,0.08116,0
20.6580,0,map,FL,32,21.6000,0.70564,0.11650,1.00000,0.70564,0.11650,0.02200,0.00000,0.00000,1.00000,1,1,0.00000,0.07033,0
20.6580,0,map,BL,25,21.3900,0.22351,0.09559,1.00000,0.22351,0.09559,0.02200,0.00000,0.00000,1.00000,1,1,0.00000,0.07144,0
20.6580,0,map,FR,17,21.1500,0.58888,-0.19863,1.00000,0.58888,-0.19863,0.02200,0.00000,0.00000,1.00000,1,1,0.00000,0.08246,0
20.6580,0,map,BR,10,20.9400,0.08190,-0.16315,1.00000,0.08190,-0.16315,0.02200,0.00000,0.00000,1.00000,1,1,0.00000,0.07686,0
20.6660,0,map,FL,2,20.7000,0.45711,0.13156,1.00000,0.45711,0.13156,0.02200,0.00000,0.00000,1.00000,1,1,0.00000,0.08157,0
20.6660,0,map,FL,32,21.6000,0.70646,0.11692,1.00000,0.70646,0.11692,0.02200,0.00000,0.00000,1.00000,1,1,0.00000,0.07050,0
20.6660,0,map,BL,25,21.3900,0.22446,0.09630,1.00000,0.22446,0.09630,0.02200,0.00000,0.00000,1.00000,1,1,0.00000,0.07147,0
20.6660,0,map,FR,17,21.1500,0.58911,-0.19801,1.00000,0.58911,-0.19801,0.02200,0.00000,0.00000,1.00000,1,1,0.00000,0.08232,0
20.6660,0,map,BR,10,20.9400,0.08248,-0.16257,1.00000,0.08248,-0.16257,0.02200,0.00000,0.00000,1.00000,1,1,0.00000,0.07686,0
20.6760,0,map,FL,1,20.7000,0.45974,0.13241,1.00000,0.45974,0.13241,0.02200,0.00000,0.00000,1.00000,1,1,0.00000,0.08232,0
20.6760,0,map,FL,31,21.6000,0.70402,0.11793,1.00000,0.70402,0.11793,0.02200,0.00000,0.00000,1.00000,1,1,0.00000,0.06673,0
20.6760,0,map,BL,24,21.3900,0.22195,0.09760,1.00000,0.22195,0.09760,0.02200,0.00000,0.00000,1.00000,1,1,0.00000,0.06761,0
20.6760,0,map,FR,16,21.1500,0.59450,-0.19819,1.00000,0.59450,-0.19819,0.02200,0.00000,0.00000,1.00000,1,1,0.00000,0.08588,0
20.6760,0,map,BR,9,20.9400,0.08403,-0.16169,1.00000,0.08403,-0.16169,0.02200,0.00000,0.00000,1.00000,1,1,0.00000,0.07680,0
20.6760,0,map,BR,39,21.8400,0.35719,-0.19450,1.00000,0.35719,-0.19450,0.02200,0.00000,0.00000,1.00000,1,1,0.00000,0.06432,0
20.6860,0,map,FL,1,20.7000,0.45845,0.13172,1.00000,0.45845,0.13172,0.02200,0.00000,0.00000,1.00000,1,1,0.00000,0.08258,0
20.6860,0,map,FL,31,21.6000,0.70954,0.11860,1.00000,0.70954,0.11860,0.02200,0.00000,0.00000,1.00000,1,1,0.00000,0.07173,0
20.6860,0,map,BL,24,21.3900,0.22578,0.09723,1.00000,0.22578,0.09723,0.02200,0.00000,0.00000,1.00000,1,1,0.00000,0.07240,0
20.6860,0,map,FR,16,21.1500,0.59571,-0.19759,1.00000,0.59571,-0.19759,0.02200,0.00000,0.00000,1.00000,1,1,0.00000,0.08659,0
20.6860,0,map,BR,9,20.9400,0.08415,-0.16048,1.00000,0.08415,-0.16048,0.02200,0.00000,0.00000,1.00000,1,1,0.00000,0.07693,0
20.6860,0,map,BR,39,21.8400,0.36719,-0.19483,1.00000,0.36719,-0.19483,0.02200,0.00000,0.00000,1.00000,1,1,0.00000,0.06507,0
20.6960,0,map,FL,1,20.7000,0.45988,0.13233,1.00000,0.45988,0.13233,0.02200,0.00000,0.00000,1.00000,1,1,0.00000,0.08351,0
20.6960,0,map,FL,31,21.6000,0.71133,0.11912,1.00000,0.71133,0.11912,0.02200,0.00000,0.00000,1.00000,1,1,0.00000,0.07194,0
20.6960,0,map,BL,24,21.3900,0.22771,0.09841,1.00000,0.22771,0.09841,0.02200,0.00000,0.00000,1.00000,1,1,0.00000,0.07242,0
20.6960,0,map,FR,16,21.1500,0.59668,-0.19675,1.00000,0.59668,-0.19675,0.02200,0.00000,0.00000,1.00000,1,1,0.00000,0.08653,0
20.6960,0,map,BR,9,20.9400,0.08555,-0.15930,1.00000,0.08555,-0.15930,0.02200,0.00000,0.00000,1.00000,1,1,0.00000,0.07697,0
20.6960,0,map,BR,39,21.8400,0.36905,-0.19371,1.00000,0.36905,-0.19371,0.02200,0.00000,0.00000,1.00000,1,1,0.00000,0.06545,0
20.7080,0,map,FL,30,21.6000,0.70874,0.12026,1.00000,0.70874,0.12026,0.02200,0.00000,0.00000,1.00000,1,1,0.00000,0.06807,0
20.7080,0,map,BL,23,21.3900,0.22510,0.10021,1.00000,0.22510,0.10021,0.02200,0.00000,0.00000,1.00000,1,1,0.00000,0.06846,0
20.7080,0,map,FR,15,21.1500,0.59793,-0.19592,1.00000,0.59793,-0.19592,0.02200,0.00000,0.00000,1.00000,1,1,0.00000,0.08644,0
20.7080,0,map,BR,8,20.9400,0.08716,-0.15771,1.00000,0.08716,-0.15771,0.02200,0.00000,0.00000,1.00000,1,1,0.00000,0.07691,0
20.7080,0,map,BR,38,21.8400,0.36604,-0.19224,1.00000,0.36604,-0.19224,0.02200,0.00000,0.00000,1.00000,1,1,0.00000,0.06132,0
20.7280,0,map,FL,30,21.6000,0.72261,0.12130,1.00000,0.72261,0.12130,0.02200,0.00000,0.00000,1.00000,1,1,0.00000,0.07806,0
20.7280,0,map,BL,23,21.3900,0.23402,0.10096,1.00000,0.23402,0.10096,0.02200,0.00000,0.00000,1.00000,1,1,0.00000,0.07543,0
20.7280,0,map,FR,15,21.1500,0.60050,-0.19544,1.00000,0.60050,-0.19544,0.02200,0.00000,0.00000,1.00000,1,1,0.00000,0.08646,0
20.7280,0,map,BR,8,20.9400,0.09019,-0.15506,1.00000,0.09019,-0.15506,0.02200,0.00000,0.00000,1.00000,1,1,0.00000,0.07651,0
20.7280,0,map,BR,38,21.8400,0.38175,-0.18765,1.00000,0.38175,-0.18765,0.02200,0.00000,0.00000,1.00000,1,1,0.00000,0.07508,0
20.7380,0,map,FL,29,21.6000,0.72158,0.12315,1.00000,0.72158,0.12315,0.02200,0.00000,0.00000,1.00000,1,1,0.00000,0.07351,0
20.7380,0,map,BL,22,21.3900,0.23356,0.10465,1.00000,0.23356,0.10465,0.02200,0.00000,0.00000,1.00000,1,1,0.00000,0.07079,0
20.7380,0,map,FR,14,21.1500,0.60432,-0.19279,1.00000,0.60432,-0.19279,0.02200,0.00000,0.00000,1.00000,1,1,0.00000,0.08728,0
20.7380,0,map,BR,7,20.9400,0.09274,-0.15276,1.00000,0.09274,-0.15276,0.02200,0.00000,0.00000,1.00000,1,1,0.00000,0.07782,0
20.7380,0,map,BR,37,21.8400,0.37937,-0.18462,1.00000,0.37937,-0.18462,0.02200,0.00000,0.00000,1.00000,1,1,0.00000,0.07014,0
20.7480,0,map,FL,29,21.6000,0.73027,0.12360,1.00000,0.73027,0.12360,0.02200,0.00000,0.00000,1.00000,1,1,0.00000,0.08098,0
20.7480,0,map,BL,22,21.3900,0.23899,0.10484,1.00000,0.23899,0.10484,0.02200,0.00000,0.00000,1.00000,1,1,0.00000,0.07646,0
20.7480,0,map,FR,14,21.1500,0.60520,-0.19264,1.00000,0.60520,-0.19264,0.02200,0.00000,0.00000,1.00000,1,1,0.00000,0.08791,0
20.7480,0,map,BR,7,20.9400,0.09236,-0.15209,1.00000,0.09236,-0.15209,0.02200,0.00000,0.00000,1.00000,1,1,0.00000,0.07834,0
20.7480,0,map,BR,37,21.8400,0.38759,-0.18277,1.00000,0.38759,-0.18277,0.02200,0.00000,0.00000,1.00000,1,1,0.00000,0.08000,0
20.7560,0,map,FL,29,21.6000,0.73138,0.12390,1.00000,0.73138,0.12390,0.02200,0.00000,0.00000,1.00000,1,1,0.00000,0.08079,0
20.7560,0,map,BL,22,21.3900,0.24054,0.10611,1.00000,0.24054,0.10611,0.02200,0.00000,0.00000,1.00000,1,1,0.00000,0.07630,0
20.7560,0,map,FR,14,21.1500,0.60617,-0.19180,1.00000,0.60617,-0.19180,0.02200,0.00000,0.00000,1.00000,1,1,0.00000,0.08823,0
20.7560,0,map,BR,7,20.9400,0.09273,-0.15149,1.00000,0.09273,-0.15149,0.02200,0.00000,0.00000,1.00000,1,1,0.00000,0.07885,0
20.7560,0,map,BR,37,21.8400,0.38825,-0.18192,1.00000,0.38825,-0.18192,0.02200,0.00000,0.00000,1.00000,1,1,0.00000,0.07967,0
20.7640,0,map,FL,28,21.6000,0.72726,0.12493,1.00000,0.72726,0.12493,0.02200,0.00000,0.00000,1.00000,1,1,0.00000,0.07626,0
20.7640,0,map,BL,21,21.3900,0.23651,0.10768,1.00000,0.23651,0.10768,0.02200,0.00000,0.00000,1.00000,1,1,0.00000,0.07164,0
20.7660,0,map,FR,13,21.1500,0.60675,-0.19131,1.00000,0.60675,-0.19131,0.02200,0.00000,0.00000,1.00000,1,1,0.00000,0.08834,0
20.7660,0,map,BR,6,20.9400,0.09306,-0.15086,1.00000,0.09306,-0.15086,0.02200,0.00000,0.00000,1.00000,1,1,0.00000,0.07906,0
20.7660,0,map,BR,36,21.8400,0.38386,-0.18070,1.00000,0.38386,-0.18070,0.02200,0.00000,0.00000,1.00000,1,1,0.00000,0.07484,0
20.7740,0,map,FL,28,21.6000,0.73594,0.12534,1.00000,0.73594,0.12534,0.02200,0.00000,0.00000,1.00000,1,1,0.00000,0.08269,0
20.7740,0,map,BL,21,21.3900,0.24233,0.10762,1.00000,0.24233,0.10762,0.02200,0.00000,0.00000,1.00000,1,1,0.00000,0.07689,0
20.7740,0,map,FR,13,21.1500,0.60853,-0.19128,1.00000,0.60853,-0.19128,0.02200,0.00000,0.00000,1.00000,1,1,0.00000,0.08888,0
20.7740,0,map,BR,6,20.9400,0.09381,-0.15044,1.00000,0.09381,-0.15044,0.02200,0.00000,0.00000,1.00000,1,1,0.00000,0.07938,0
20.7740,0,map,BR,36,21.8400,0.39158,-0.17965,1.00000,0.39158,-0.17965,0.02200,0.00000,0.00000,1.00000,1,1,0.00000,0.08285,0
20.7840,0,map,FL,28,21.6000,0.73573,0.12567,1.00000,0.73573,0.12567,0.02200,0.00000,0.00000,1.00000,1,1,0.00000,0.08249,0
20.7840,0,map,BL,21,21.3900,0.24251,0.10854,1.00000,0.24251,0.10854,0.02200,0.00000,0.00000,1.00000,1,1,0.00000,0.07673,0
20.7840,0,map,FR,13,21.1500,0.60812,-0.19064,1.00000,0.60812,-0.19064,0.02200,0.00000,0.00000,1.00000,1,1,0.00000,0.08884,0
20.7840,0,map,BR,6,20.9400,0.09359,-0.14969,1.00000,0.09359,-0.14969,0.02200,0.00000,0.00000,1.00000,1,1,0.00000,0.07941,0
20.7840,0,map,BR,36,21.8400,0.39126,-0.17896,1.00000,0.39126,-0.17896,0.02200,0.00000,0.00000,1.00000,1,1,0.00000,0.08251,0
20.7940,0,map,FL,27,21.6000,0.73119,0.12693,1.00000,0.73119,0.12693,0.02200,0.00000,0.00000,1.00000,1,1,0.00000,0.07782,0
20.7940,0,map,BL,20,21.3900,0.23793,0.11021,1.00000,0.23793,0.11021,0.02200,0.00000,0.00000,1.00000,1,1,0.00000,0.07195,0
20.7940,0,map,FR,12,21.1500,0.60842,-0.19000,1.00000,0.60842,-0.19000,0.02200,0.00000,0.00000,1.00000,1,1,0.00000,0.08883,0
20.7940,0,map,BR,5,20.9400,0.09386,-0.14879,1.00000,0.09386,-0.14879,0.02200,0.00000,0.00000,1.00000,1,1,0.00000,0.07948,0
20.7940,0,map,BR,35,21.8400,0.38652,-0.17754,1.00000,0.38652,-0.17754,0.02200,0.00000,0.00000,1.00000,1,1,0.00000,0.07752,0
20.8020,0,map,FL,27,21.6000,0.73825,0.12742,1.00000,0.73825,0.12742,0.02200,0.00000,0.00000,1.00000,1,1,0.00000,0.08369,0
20.8020,0,map,BL,20,21.3900,0.24239,0.11013,1.00000,0.24239,0.11013,0.02200,0.00000,0.00000,1.00000,1,1,0.00000,0.07696,0
20.8020,0,map,FR,12,21.1500,0.60905,-0.19005,1.00000,0.60905,-0.19005,0.02200,0.00000,0.00000,1.00000,1,1,0.00000,0.08920,0
20.8020,0,map,BR,5,20.9400,0.09395,-0.14827,1.00000,0.09395,-0.14827,0.02200,0.00000,0.00000,1.00000,1,1,0.00000,0.07958,0
20.8020,0,map,BR,35,21.8400,0.39256,-0.17696,1.00000,0.39256,-0.17696,0.02200,0.00000,0.00000,1.00000,1,1,0.00000,0.08454,0
20.8120,0,map,FL,27,21.6000,0.73831,0.12780,1.00000,0.73831,0.12780,0.02200,0.00000,0.00000,1.00000,1,1,0.00000,0.08351,0
20.8120,0,map,BL,20,21.3900,0.24277,0.11101,1.00000,0.24277,0.11101,0.02200,0.00000,0.00000,1.00000,1,1,0.00000,0.07683,0
20.8120,0,map,FR,12,21.1500,0.60887,-0.18942,1.00000,0.60887,-0.18942,0.02200,0.00000,0.00000,1.00000,1,1,0.00000,0.08913,0
20.8120,0,map,BR,5,20.9400,0.09392,-0.14751,1.00000,0.09392,-0.14751,0.02200,0.00000,0.00000,1.00000,1,1,0.00000,0.07959,0
20.8120,0,map,BR,35,21.8400,0.39263,-0.17626,1.00000,0.39263,-0.17626,0.02200,0.00000,0.00000,1.00000,1,1,0.00000,0.08420,0
20.8200,0,map,FL,26,21.6000,0.73343,0.12912,1.00000,0.73343,0.12912,0.02200,0.00000,0.00000,1.00000,1,1,0.00000,0.07877,0
20.8200,0,map,BL,19,21.3900,0.23780,0.11269,1.00000,0.23780,0.11269,0.02200,0.00000,0.00000,1.00000,1,1,0.00000,0.07197,0
20.8200,0,map,FR,11,21.1500,0.60879,-0.18876,1.00000,0.60879,-0.18876,0.02200,0.00000,0.00000,1.00000,1,1,0.00000,0.08900,0
20.8200,0,map,BR,4,20.9400,0.09417,-0.14623,1.00000,0.09417,-0.14623,0.02200,0.00000,0.00000,1.00000,1,1,0.00000,0.07953,0
20.8200,0,map,BR,34,21.8400,0.38758,-0.17477,1.00000,0.38758,-0.17477,0.02200,0.00000,0.00000,1.00000,1,1,0.00000,0.07912,0
20.8300,0,map,FL,26,21.6000,0.74035,0.12960,1.00000,0.74035,0.12960,0.02200,0.00000,0.00000,1.00000,1,1,0.00000,0.08430,0
20.8300,0,map,BL,19,21.3900,0.24228,0.11263,1.00000,0.24228,0.11263,0.02200,0.00000,0.00000,1.00000,1,1,0.00000,0.07682,0
20.8300,0,map,FR,11,21.1500,0.60948,-0.18890,1.00000,0.60948,-0.18890,0.02200,0.00000,0.00000,1.00000,1,1,0.00000,0.08929,0
20.8300,0,map,BR,4,20.9400,0.09456,-0.14549,1.00000,0.09456,-0.14549,0.02200,0.00000,0.00000,1.00000,1,1,0.00000,0.07957,0
20.8300,0,map,BR,34,21.8400,0.39341,-0.17441,1.00000,0.39341,-0.17441,0.02200,0.00000,0.00000,1.00000,1,1,0.00000,0.08557,0
20.8400,0,map,FL,26,21.6000,0.73967,0.12997,1.00000,0.73967,0.12997,0.02200,0.00000,0.00000,1.00000,1,1,0.00000,0.08416,0
20.8400,0,map,BL,19,21.3900,0.24188,0.11355,1.00000,0.24188,0.11355,0.02200,0.00000,0.00000,1.00000,1,1,0.00000,0.07672,0
20.8400,0,map,FR,11,21.1500,0.60840,-0.18818,1.00000,0.60840,-0.18818,0.02200,0.00000,0.00000,1.00000,1,1,0.00000,0.08911,0
20.8400,0,map,BR,4,20.9400,0.09379,-0.14444,1.00000,0.09379,-0.14444,0.02200,0.00000,0.00000,1.00000,1,1,0.00000,0.07950,0
20.8400,0,map,BR,34,21.8400,0.39277,-0.17367,1.00000,0.39277,-0.17367,0.02200,0.00000,0.00000,1.00000,1,1,0.00000,0.08526,0
20.8500,0,map,FL,25,21.6000,0.73426,0.13135,1.00000,0.73426,0.13135,0.02200,0.00000,0.00000,1.00000,1,1,0.00000,0.07933,0
20.8500,0,map,BL,18,21.3900,0.23637,0.11539,1.00000,0.23637,0.11539,0.02200,0.00000,0.00000,1.00000,1,1,0.00000,0.07178,0
20.8500,0,map,FR,10,21.1500,0.60785,-0.18747,1.00000,0.60785,-0.18747,0.02200,0.00000,0.00000,1.00000,1,1,0.00000,0.08894,0
20.8500,0,map,BR,3,20.9400,0.09328,-0.14334,1.00000,0.09328,-0.14334,0.02200,0.00000,0.00000,1.00000,1,1,0.00000,0.07946,0
20.8500,0,map,BR,33,21.8400,0.38714,-0.17208,1.00000,0.38714,-0.17208,0.02200,0.00000,0.00000,1.00000,1,1,0.00000,0.08005,0
20.8580,0,map,FL,25,21.6000,0.74018,0.13191,1.00000,0.74018,0.13191,0.02200,0.00000,0.00000,1.00000,1,1,0.00000,0.08469,0
20.8580,0,map,BL,18,21.3900,0.23989,0.11550,1.00000,0.23989,0.11550,0.02200,0.00000,0.00000,1.00000,1,1,0.00000,0.07655,0
20.8580,0,map,FR,10,21.1500,0.60755,-0.18764,1.00000,0.60755,-0.18764,0.02200,0.00000,0.00000,1.00000,1,1,0.00000,0.08909,0
20.8580,0,map,BR,3,20.9400,0.09286,-0.14283,1.00000,0.09286,-0.14283,0.02200,0.00000,0.00000,1.00000,1,1,0.00000,0.07935,0
20.8580,0,map,BR,33,21.8400,0.39199,-0.17180,1.00000,0.39199,-0.17180,0.02200,0.00000,0.00000,1.00000,1,1,0.00000,0.08620,0
20.8680,0,map,FL,25,21.6000,0.73972,0.13234,1.00000,0.73972,0.13234,0.02200,0.00000,0.00000,1.00000,1,1,0.00000,0.08454,0
20.8680,0,map,BL,18,21.3900,0.23971,0.11648,1.00000,0.23971,0.11648,0.02200,0.00000,0.00000,1.00000,1,1,0.00000,0.07645,0
20.8700,0,map,FR,10,21.1500,0.60672,-0.18694,1.00000,0.60672,-0.18694,0.02200,0.00000,0.00000,1.00000,1,1,0.00000,0.08892,0
20.8700,0,map,BR,3,20.9400,0.09203,-0.14214,1.00000,0.09203,-0.14214,0.02200,0.00000,0.00000,1.00000,1,1,0.00000,0.07929,0
20.8700,0,map,BR,33,21.8400,0.39160,-0.17104,1.00000,0.39160,-0.17104,0.02200,0.00000,0.00000,1.00000,1,1,0.00000,0.08588,0
20.8780,0,map,FL,25,21.6000,0.73923,0.13293,1.00000,0.73923,0.13293,0.02200,0.00000,0.00000,1.00000,1,1,0.00000,0.08458,0
20.8780,0,map,BL,18,21.3900,0.23908,0.11751,1.00000,0.23908,0.11751,0.02200,0.00000,0.00000,1.00000,1,1,0.00000,0.07648,0
20.8780,0,map,FR,10,21.1500,0.60586,-0.18624,1.00000,0.60586,-0.18624,0.02200,0.00000,0.00000,1.00000,1,1,0.00000,0.08868,0
20.8780,0,map,BR,3,20.9400,0.09115,-0.14155,1.00000,0.09115,-0.14155,0.02200,0.00000,0.00000,1.00000,1,1,0.00000,0.07913,0
20.8780,0,map,BR,33,21.8400,0.39092,-0.17031,1.00000,0.39092,-0.17031,0.02200,0.00000,0.00000,1.00000,1,1,0.00000,0.08590,0
20.8920,0,map,FL,24,21.6000,0.73324,0.13452,1.00000,0.73324,0.13452,0.02200,0.00000,0.00000,1.00000,1,1,0.00000,0.07970,0
20.8920,0,map,BL,17,21.3900,0.23823,0.11853,1.00000,0.23823,0.11853,0.02200,0.00000,0.00000,1.00000,1,1,0.00000,0.07649,0
20.8920,0,map,FR,9,21.1500,0.60486,-0.18550,1.00000,0.60486,-0.18550,0.02200,0.00000,0.00000,1.00000,1,1,0.00000,0.08834,0
20.8920,0,map,FR,39,22.0500,0.85497,-0.19472,1.00000,0.85497,-0.19472,0.02200,0.00000,0.00000,1.00000,1,1,0.00000,0.09108,0
20.8920,0,map,BR,2,20.9400,0.09032,-0.14103,1.00000,0.09032,-0.14103,0.02200,0.00000,0.00000,1.00000,1,1,0.00000,0.07886,0
20.8920,0,map,BR,32,21.8400,0.38483,-0.16863,1.00000,0.38483,-0.16863,0.02200,0.00000,0.00000,1.00000,1,1,0.00000,0.08060,0
20.9060,0,map,FL,24,21.6000,0.73865,0.13567,1.00000,0.73865,0.13567,0.02200,0.00000,0.00000,1.00000,1,1,0.00000,0.08491,0
20.9060,0,map,BL,17,21.3900,0.23614,0.12026,1.00000,0.23614,0.12026,0.02200,0.00000,0.00000,1.00000,1,1,0.00000,0.07608,0
20.9060,0,map,FR,9,21.1500,0.60388,-0.18545,1.00000,0.60388,-0.18545,0.02200,0.00000,0.00000,1.00000,1,1,0.00000,0.08819,0
20.9060,0,map,FR,39,22.0500,0.86650,-0.19591,1.00000,0.86650,-0.19591,0.02200,0.00000,0.00000,1.00000,1,1,0.00000,0.09341,0
20.9060,0,map,BR,2,20.9400,0.08949,-0.14147,1.00000,0.08949,-0.14147,0.02200,0.00000,0.00000,1.00000,1,1,0.00000,0.07830,0
20.9060,0,map,BR,32,21.8400,0.38910,-0.16798,1.00000,0.38910,-0.16798,0.02200,0.00000,0.00000,1.00000,1,1,0.00000,0.08658,0
20.9140,0,map,FL,23,21.6000,0.73190,0.13777,1.00000,0.73190,0.13777,0.02200,0.00000,0.00000,1.00000,1,1,0.00000,0.07990,0
20.9140,0,map,BL,16,21.3900,0.23463,0.12157,1.00000,0.23463,0.12157,0.02200,0.00000,0.00000,1.00000,1,1,0.00000,0.07610,0
20.9140,0,map,FR,8,21.1500,0.60250,-0.18449,1.00000,0.60250,-0.18449,0.02200,0.00000,0.00000,1.00000,1,1,0.00000,0.08755,0
20.9140,0,map,FR,38,22.0500,0.85949,-0.19317,1.00000,0.85949,-0.19317,0.02200,0.00000,0.00000,1.00000,1,1,0.00000,0.08763,0
20.9140,0,map,BR,1,20.9400,0.08878,-0.14156,1.00000,0.08878,-0.14156,0.02200,0.00000,0.00000,1.00000,1,1,0.00000,0.07758,0
20.9140,0,map,BR,31,21.8400,0.38291,-0.16591,1.00000,0.38291,-0.16591,0.02200,0.00000,0.00000,1.00000,1,1,0.00000,0.08085,0
20.9340,0,map,FL,23,21.6000,0.73128,0.14333,1.00000,0.73128,0.14333,0.02200,0.00000,0.00000,1.00000,1,1,0.00000,0.08013,0
20.9340,0,map,BL,16,21.3900,0.23257,0.12212,1.00000,0.23257,0.12212,0.02200,0.00000,0.00000,1.00000,1,1,0.00000,0.07625,0
20.9340,0,map,FR,8,21.1500,0.60126,-0.18486,1.00000,0.60126,-0.18486,0.02200,0.00000,0.00000,1.00000,1,1,0.00000,0.08715,0
20.9340,0,map,FR,38,22.0500,0.84618,-0.17665,1.00000,0.84618,-0.17665,0.02200,0.00000,0.00000,1.00000,1,1,0.00000,0.07253,0
20.9340,0,map,BR,1,20.9400,0.08884,-0.14224,1.00000,0.08884,-0.14224,0.02200,0.00000,0.00000,1.00000,1,1,0.00000,0.07672,0
20.9340,0,map,BR,31,21.8400,0.37313,-0.15434,1.00000,0.37313,-0.15434,0.02200,0.00000,0.00000,1.00000,1,1,0.00000,0.07269,0
20.9460,0,map,FL,22,21.6000,0.72442,0.14430,1.00000,0.72442,0.14430,0.02200,0.00000,0.00000,1.00000,1,1,0.00000,0.07650,0
20.9460,0,map,BL,15,21.3900,0.22916,0.12358,1.00000,0.22916,0.12358,0.02200,0.00000,0.00000,1.00000,1,1,0.00000,0.07620,0
20.9460,0,map,FR,7,21.1500,0.59869,-0.18370,1.00000,0.59869,-0.18370,0.02200,0.00000,0.00000,1.00000,1,1,0.00000,0.08574,0
20.9460,0,map,FR,37,22.0500,0.84124,-0.17870,1.00000,0.84124,-0.17870,0.02200,0.00000,0.00000,1.00000,1,1,0.00000,0.07055,0
20.9460,0,map,BR,30,21.8400,0.36693,-0.15332,1.00000,0.36693,-0.15332,0.02200,0.00000,0.00000,1.00000,1,1,0.00000,0.06990,0
20.9600,0,map,FL,22,21.6000,0.72616,0.14817,1.00000,0.72616,0.14817,0.02200,0.00000,0.00000,1.00000,1,1,0.00000,0.07948,0
20.9600,0,map,BL,15,21.3900,0.22670,0.12399,1.00000,0.22670,0.12399,0.02200,0.00000,0.00000,1.00000,1,1,0.00000,0.07637,0
20.9600,0,map,FR,7,21.1500,0.59691,-0.18331,1.00000,0.59691,-0.18331,0.02200,0.00000,0.00000,1.00000,1,1,0.00000,0.08558,0
20.9600,0,map,FR,37,22.0500,0.83840,-0.16948,1.00000,0.83840,-0.16948,0.02200,0.00000,0.00000,1.00000,1,1,0.00000,0.06754,0
20.9600,0,map,BR,30,21.8400,0.36391,-0.14620,1.00000,0.36391,-0.14620,0.02200,0.00000,0.00000,1.00000,1,1,0.00000,0.06945,0
20.9740,0,map,FL,21,21.6000,0.72027,0.14848,1.00000,0.72027,0.14848,0.02200,0.00000,0.00000,1.00000,1,1,0.00000,0.07591,0
20.9740,0,map,BL,14,21.3900,0.22450,0.12493,1.00000,0.22450,0.12493,0.02200,0.00000,0.00000,1.00000,1,1,0.00000,0.07641,0
20.9740,0,map,FR,6,21.1500,0.59476,-0.18223,1.00000,0.59476,-0.18223,0.02200,0.00000,0.00000,1.00000,1,1,0.00000,0.08486,0
20.9740,0,map,FR,36,22.0500,0.83318,-0.17031,1.00000,0.83318,-0.17031,0.02200,0.00000,0.00000,1.00000,1,1,0.00000,0.06440,0
20.9740,0,map,BR,29,21.8400,0.35847,-0.14554,1.00000,0.35847,-0.14554,0.02200,0.00000,0.00000,1.00000,1,1,0.00000,0.06601,0
20.9840,0,map,FL,21,21.6000,0.72297,0.15092,1.00000,0.72297,0.15092,0.02200,0.00000,0.00000,1.00000,1,1,0.00000,0.07984,0
20.9840,0,map,BL,14,21.3900,0.22185,0.12540,1.00000,0.22185,0.12540,0.02200,0.00000,0.00000,1.00000,1,1,0.00000,0.07649,0
20.9840,0,map,FR,6,21.1500,0.59285,-0.18266,1.00000,0.59285,-0.18266,0.02200,0.00000,0.00000,1.00000,1,1,0.00000,0.08435,0
20.9840,0,map,FR,36,22.0500,0.83405,-0.16576,1.00000,0.83405,-0.16576,0.02200,0.00000,0.00000,1.00000,1,1,0.00000,0.06638,0
20.9840,0,map,BR,29,21.8400,0.35803,-0.14105,1.00000,0.35803,-0.14105,0.02200,0.00000,0.00000,1.00000,1,1,0.00000,0.06876,0
20.9940,0,map,FL,21,21.6000,0.72185,0.15085,1.00000,0.72185,0.15085,0.02200,0.00000,0.00000,1.00000,1,1,0.00000,0.07985,0
20.9940,0,map,BL,14,21.3900,0.22052,0.12587,1.00000,0.22052,0.12587,0.02200,0.00000,0.00000,1.00000,1,1,0.00000,0.07655,0
20.9940,0,map,FR,6,21.1500,0.59150,-0.18214,1.00000,0.59150,-0.18214,0.02200,0.00000,0.00000,1.00000,1,1,0.00000,0.08390,0
20.9940,0,map,FR,36,22.0500,0.83318,-0.16625,1.00000,0.83318,-0.16625,0.02200,0.00000,0.00000,1.00000,1,1,0.00000,0.06671,0
20.9940,0,map,BR,29,21.8400,0.35735,-0.14069,1.00000,0.35735,-0.14069,0.02200,0.00000,0.00000,1.00000,1,1,0.00000,0.06898,0
21.0040,0,map,FL,20,21.6000,0.71682,0.15088,1.00000,0.71682,0.15088,0.02200,0.00000,0.00000,1.00000,1,1,0.00000,0.07632,0
21.0040,0,map,BL,13,21.3900,0.21928,0.12633,1.00000,0.21928,0.12633,0.02200,0.00000,0.00000,1.00000,1,1,0.00000,0.07662,0
21.0040,0,map,FR,5,21.1500,0.59022,-0.18178,1.00000,0.59022,-0.18178,0.02200,0.00000,0.00000,1.00000,1,1,0.00000,0.08350,0
21.0040,0,map,FR,35,22.0500,0.82810,-0.16622,1.00000,0.82810,-0.16622,0.02200,0.00000,0.00000,1.00000,1,1,0.00000,0.06285,0
21.0040,0,map,BR,28,21.8400,0.35232,-0.14068,1.00000,0.35232,-0.14068,0.02200,0.00000,0.00000,1.00000,1,1,0.00000,0.06505,0
21.0120,0,map,FL,20,21.6000,0.72072,0.15221,1.00000,0.72072,0.15221,0.02200,0.00000,0.00000,1.00000,1,1,0.00000,0.08057,0
21.0120,0,map,BL,13,21.3900,0.21768,0.12617,1.00000,0.21768,0.12617,0.02200,0.00000,0.00000,1.00000,1,1,0.00000,0.07665,0
21.0120,0,map,FR,5,21.1500,0.58883,-0.18213,1.00000,0.58883,-0.18213,0.02200,0.00000,0.00000,1.00000,1,1,0.00000,0.08332,0
21.0120,0,map,FR,35,22.0500,0.83144,-0.16423,1.00000,0.83144,-0.16423,0.02200,0.00000,0.00000,1.00000,1,1,0.00000,0.06687,0
21.0120,0,map,BR,28,21.8400,0.35392,-0.13792,1.00000,0.35392,-0.13792,0.02200,0.00000,0.00000,1.00000,1,1,0.00000,0.06918,0
21.0220,0,map,FL,20,21.6000,0.72005,0.15201,1.00000,0.72005,0.15201,0.02200,0.00000,0.00000,1.00000,1,1,0.00000,0.08057,0
21.0220,0,map,BL,13,21.3900,0.21693,0.12636,1.00000,0.21693,0.12636,0.02200,0.00000,0.00000,1.00000,1,1,0.00000,0.07675,0
21.0220,0,map,FR,5,21.1500,0.58772,-0.18147,1.00000,0.58772,-0.18147,0.02200,0.00000,0.00000,1.00000,1,1,0.00000,0.08301,0
21.0220,0,map,FR,35,22.0500,0.83092,-0.16448,1.00000,0.83092,-0.16448,0.02200,0.00000,0.00000,1.00000,1,1,0.00000,0.06699,0
21.0220,0,map,BR,28,21.8400,0.35374,-0.13783,1.00000,0.35374,-0.13783,0.02200,0.00000,0.00000,1.00000,1,1,0.00000,0.06923,0
21.0300,0,map,FL,19,21.6000,0.71536,0.15166,1.00000,0.71536,0.15166,0.02200,0.00000,0.00000,1.00000,1,1,0.00000,0.07708,0
21.0300,0,map,BL,12,21.3900,0.21602,0.12655,1.00000,0.21602,0.12655,0.02200,0.00000,0.00000,1.00000,1,1,0.00000,0.07682,0
21.0300,0,map,FR,4,21.1500,0.58642,-0.18070,1.00000,0.58642,-0.18070,0.02200,0.00000,0.00000,1.00000,1,1,0.00000,0.08262,0
21.0300,0,map,FR,34,22.0500,0.82611,-0.16476,1.00000,0.82611,-0.16476,0.02200,0.00000,0.00000,1.00000,1,1,0.00000,0.06319,0
21.0300,0,map,BR,27,21.8400,0.34898,-0.13816,1.00000,0.34898,-0.13816,0.02200,0.00000,0.00000,1.00000,1,1,0.00000,0.06534,0
21.0400,0,map,FL,19,21.6000,0.71984,0.15253,1.00000,0.71984,0.15253,0.02200,0.00000,0.00000,1.00000,1,1,0.00000,0.08141,0
21.0400,0,map,BL,12,21.3900,0.21497,0.12621,1.00000,0.21497,0.12621,0.02200,0.00000,0.00000,1.00000,1,1,0.00000,0.07686,0
21.0400,0,map,FR,4,21.1500,0.58526,-0.18054,1.00000,0.58526,-0.18054,0.02200,0.00000,0.00000,1.00000,1,1,0.00000,0.08243,0
21.0400,0,map,FR,34,22.0500,0.83070,-0.16393,1.00000,0.83070,-0.16393,0.02200,0.00000,0.00000,1.00000,1,1,0.00000,0.06804,0
21.0400,0,map,BR,27,21.8400,0.35168,-0.13635,1.00000,0.35168,-0.13635,0.02200,0.00000,0.00000,1.00000,1,1,0.00000,0.07004,0
21.0520,0,map,FL,19,21.6000,0.71923,0.15226,1.00000,0.71923,0.15226,0.02200,0.00000,0.00000,1.00000,1,1,0.00000,0.08139,0
21.0520,0,map,BL,12,21.3900,0.21433,0.12633,1.00000,0.21433,0.12633,0.02200,0.00000,0.00000,1.00000,1,1,0.00000,0.07698,0
21.0520,0,map,FR,4,21.1500,0.58411,-0.17971,1.00000,0.58411,-0.17971,0.02200,0.00000,0.00000,1.00000,1,1,0.00000,0.08212,0
21.0520,0,map,FR,34,22.0500,0.83019,-0.16410,1.00000,0.83019,-0.16410,0.02200,0.00000,0.00000,1.00000,1,1,0.00000,0.06806,0
21.0520,0,map,BR,27,21.8400,0.35156,-0.13643,1.00000,0.35156,-0.13643,0.02200,0.00000,0.00000,1.00000,1,1,0.00000,0.06999,0
21.0620,0,map,FL,18,21.6000,0.71484,0.15163,1.00000,0.71484,0.15163,0.02200,0.00000,0.00000,1.00000,1,1,0.00000,0.07791,0
21.0620,0,map,BL,11,21.3900,0.21369,0.12636,1.00000,0.21369,0.12636,0.02200,0.00000,0.00000,1.00000,1,1,0.00000,0.07708,0
21.0620,0,map,FR,3,21.1500,0.58286,-0.17844,1.00000,0.58286,-0.17844,0.02200,0.00000,0.00000,1.00000,1,1,0.00000,0.08169,0
21.0620,0,map,FR,33,22.0500,0.82564,-0.16461,1.00000,0.82564,-0.16461,0.02200,0.00000,0.00000,1.00000,1,1,0.00000,0.06427,0
21.0620,0,map,BR,26,21.8400,0.34706,-0.13701,1.00000,0.34706,-0.13701,0.02200,0.00000,0.00000,1.00000,1,1,0.00000,0.06611,0
21.0720,0,map,FL,18,21.6000,0.71953,0.15221,1.00000,0.71953,0.15221,0.02200,0.00000,0.00000,1.00000,1,1,0.00000,0.08220,0
21.0720,0,map,BL,11,21.3900,0.21293,0.12596,1.00000,0.21293,0.12596,0.02200,0.00000,0.00000,1.00000,1,1,0.00000,0.07712,0
21.0720,0,map,FR,3,21.1500,0.58193,-0.17792,1.00000,0.58193,-0.17792,0.02200,0.00000,0.00000,1.00000,1,1,0.00000,0.08150,0
21.0720,0,map,FR,33,22.0500,0.83082,-0.16448,1.00000,0.83082,-0.16448,0.02200,0.00000,0.00000,1.00000,1,1,0.00000,0.06946,0
21.0720,0,map,BR,26,21.8400,0.35026,-0.13584,1.00000,0.35026,-0.13584,0.02200,0.00000,0.00000,1.00000,1,1,0.00000,0.07102,0
21.0820,0,map,FL,18,21.6000,0.71932,0.15183,1.00000,0.71932,0.15183,0.02200,0.00000,0.00000,1.00000,1,1,0.00000,0.08218,0
21.0820,0,map,BL,11,21.3900,0.21274,0.12590,1.00000,0.21274,0.12590,0.02200,0.00000,0.00000,1.00000,1,1,0.00000,0.07725,0
21.0820,0,map,FR,3,21.1500,0.58137,-0.17726,1.00000,0.58137,-0.17726,0.02200,0.00000,0.00000,1.00000,1,1,0.00000,0.08137,0
21.0820,0,map,FR,33,22.0500,0.83075,-0.16472,1.00000,0.83075,-0.16472,0.02200,0.00000,0.00000,1.00000,1,1,0.00000,0.06947,0
21.0820,0,map,BR,26,21.8400,0.35060,-0.13618,1.00000,0.35060,-0.13618,0.02200,0.00000,0.00000,1.00000,1,1,0.00000,0.07094,0
21.0900,0,map,FL,17,21.6000,0.71932,0.15160,1.00000,0.71932,0.15160,0.02200,0.00000,0.00000,1.00000,1,1,0.00000,0.08217,0
21.0900,0,map,BL,10,21.3900,0.21269,0.12568,1.00000,0.21269,0.12568,0.02200,0.00000,0.00000,1.00000,1,1,0.00000,0.07728,0
21.0900,0,map,FR,2,21.1500,0.58148,-0.17691,1.00000,0.58148,-0.17691,0.02200,0.00000,0.00000,1.00000,1,1,0.00000,0.08133,0
21.0900,0,map,FR,32,22.0500,0.82669,-0.16542,1.00000,0.82669,-0.16542,0.02200,0.00000,0.00000,1.00000,1,1,0.00000,0.06564,0
21.0900,0,map,BR,25,21.8400,0.34658,-0.13702,1.00000,0.34658,-0.13702,0.02200,0.00000,0.00000,1.00000,1,1,0.00000,0.06702,0
21.1000,0,map,FL,17,21.6000,0.72042,0.15146,1.00000,0.72042,0.15146,0.02200,0.00000,0.00000,1.00000,1,1,0.00000,0.08290,0
21.1000,0,map,BL,10,21.3900,0.21250,0.12504,1.00000,0.21250,0.12504,0.02200,0.00000,0.00000,1.00000,1,1,0.00000,0.07731,0
21.1000,0,map,FR,2,21.1500,0.58142,-0.17675,1.00000,0.58142,-0.17675,0.02200,0.00000,0.00000,1.00000,1,1,0.00000,0.08139,0
21.1000,0,map,FR,32,22.0500,0.83235,-0.16576,1.00000,0.83235,-0.16576,0.02200,0.00000,0.00000,1.00000,1,1,0.00000,0.07080,0
21.1000,0,map,BR,25,21.8400,0.35040,-0.13624,1.00000,0.35040,-0.13624,0.02200,0.00000,0.00000,1.00000,1,1,0.00000,0.07192,0
21.1100,0,map,FL,17,21.6000,0.72059,0.15088,1.00000,0.72059,0.15088,0.02200,0.00000,0.00000,1.00000,1,1,0.00000,0.08280,0
21.1100,0,map,BL,10,21.3900,0.21297,0.12457,1.00000,0.21297,0.12457,0.02200,0.00000,0.00000,1.00000,1,1,0.00000,0.07734,0
21.1100,0,map,FR,2,21.1500,0.58175,-0.17654,1.00000,0.58175,-0.17654,0.02200,0.00000,0.00000,1.00000,1,1,0.00000,0.08166,0
21.1100,0,map,FR,32,22.0500,0.83304,-0.16613,1.00000,0.83304,-0.16613,0.02200,0.00000,0.00000,1.00000,1,1,0.00000,0.07098,0
21.1100,0,map,BR,25,21.8400,0.35121,-0.13688,1.00000,0.35121,-0.13688,0.02200,0.00000,0.00000,1.00000,1,1,0.00000,0.07194,0
21.1240,0,map,FL,16,21.6000,0.72520,0.15095,1.00000,0.72520,0.15095,0.02200,0.00000,0.00000,1.00000,1,1,0.00000,0.08638,0
21.1240,0,map,BL,9,21.3900,0.21361,0.12382,1.00000,0.21361,0.12382,0.02200,0.00000,0.00000,1.00000,1,1,0.00000,0.07733,0
21.1240,0,map,BL,39,22.2900,0.48872,0.15150,1.00000,0.48872,0.15150,0.02200,0.00000,0.00000,1.00000,1,1,0.00000,0.06477,0
21.1260,0,map,FR,1,21.1500,0.58278,-0.17673,1.00000,0.58278,-0.17673,0.02200,0.00000,0.00000,1.00000,1,1,0.00000,0.08214,0
21.1260,0,map,FR,31,22.0500,0.82957,-0.16704,1.00000,0.82957,-0.16704,0.02200,0.00000,0.00000,1.00000,1,1,0.00000,0.06713,0
21.1260,0,map,BR,24,21.8400,0.34773,-0.13808,1.00000,0.34773,-0.13808,0.02200,0.00000,0.00000,1.00000,1,1,0.00000,0.06800,0
21.1360,0,map,FL,16,21.6000,0.72796,0.15006,1.00000,0.72796,0.15006,0.02200,0.00000,0.00000,1.00000,1,1,0.00000,0.08699,0
21.1360,0,map,BL,9,21.3900,0.21544,0.12198,1.00000,0.21544,0.12198,0.02200,0.00000,0.00000,1.00000,1,1,0.00000,0.07731,0
21.1360,0,map,BL,39,22.2900,0.50054,0.15122,1.00000,0.50054,0.15122,0.02200,0.00000,0.00000,1.00000,1,1,0.00000,0.06552,0
21.1360,0,map,FR,1,21.1500,0.58530,-0.17742,1.00000,0.58530,-0.17742,0.02200,0.00000,0.00000,1.00000,1,1,0.00000,0.08314,0
21.1360,0,map,FR,31,22.0500,0.83697,-0.16816,1.00000,0.83697,-0.16816,0.02200,0.00000,0.00000,1.00000,1,1,0.00000,0.07215,0
21.1360,0,map,BR,24,21.8400,0.35348,-0.13831,1.00000,0.35348,-0.13831,0.02200,0.00000,0.00000,1.00000,1,1,0.00000,0.07280,0
21.1460,0,map,FL,16,21.6000,0.72838,0.14905,1.00000,0.72838,0.14905,0.02200,0.00000,0.00000,1.00000,1,1,0.00000,0.08691,0
21.1460,0,map,BL,9,21.3900,0.21640,0.12065,1.00000,0.21640,0.12065,0.02200,0.00000,0.00000,1.00000,1,1,0.00000,0.07736,0
21.1460,0,map,BL,39,22.2900,0.50157,0.15003,1.00000,0.50157,0.15003,0.02200,0.00000,0.00000,1.00000,1,1,0.00000,0.06586,0
21.1460,0,map,FR,1,21.1500,0.58488,-0.17728,1.00000,0.58488,-0.17728,0.02200,0.00000,0.00000,1.00000,1,1,0.00000,0.08376,0
21.1460,0,map,FR,31,22.0500,0.83796,-0.16872,1.00000,0.83796,-0.16872,0.02200,0.00000,0.00000,1.00000,1,1,0.00000,0.07232,0
21.1460,0,map,BR,24,21.8400,0.35451,-0.13949,1.00000,0.35451,-0.13949,0.02200,0.00000,0.00000,1.00000,1,1,0.00000,0.07281,0
21.1560,0,map,FL,15,21.6000,0.72960,0.14823,1.00000,0.72960,0.14823,0.02200,0.00000,0.00000,1.00000,1,1,0.00000,0.08684,0
21.1560,0,map,BL,8,21.3900,0.21789,0.11913,1.00000,0.21789,0.11913,0.02200,0.00000,0.00000,1.00000,1,1,0.00000,0.07731,0
21.1560,0,map,BL,38,22.2900,0.49855,0.14867,1.00000,0.49855,0.14867,0.02200,0.00000,0.00000,1.00000,1,1,0.00000,0.06172,0
21.1560,0,map,FR,30,22.0500,0.83534,-0.16981,1.00000,0.83534,-0.16981,0.02200,0.00000,0.00000,1.00000,1,1,0.00000,0.06843,0
21.1560,0,map,BR,23,21.8400,0.35192,-0.14126,1.00000,0.35192,-0.14126,0.02200,0.00000,0.00000,1.00000,1,1,0.00000,0.06881,0
21.1740,0,map,FL,15,21.6000,0.73126,0.14781,1.00000,0.73126,0.14781,0.02200,0.00000,0.00000,1.00000,1,1,0.00000,0.08688,0
21.1760,0,map,BL,8,21.3900,0.21983,0.11691,1.00000,0.21983,0.11691,0.02200,0.00000,0.00000,1.00000,1,1,0.00000,0.07696,0
21.1760,0,map,BL,38,22.2900,0.51306,0.14404,1.00000,0.51306,0.14404,0.02200,0.00000,0.00000,1.00000,1,1,0.00000,0.07542,0
21.1760,0,map,FR,30,22.0500,0.84803,-0.17099,1.00000,0.84803,-0.17099,0.02200,0.00000,0.00000,1.00000,1,1,0.00000,0.07839,0
21.1760,0,map,BR,23,21.8400,0.35967,-0.14193,1.00000,0.35967,-0.14193,0.02200,0.00000,0.00000,1.00000,1,1,0.00000,0.07576,0
21.1840,0,map,FL,14,21.6000,0.73511,0.14537,1.00000,0.73511,0.14537,0.02200,0.00000,0.00000,1.00000,1,1,0.00000,0.08753,0
21.1840,0,map,BL,7,21.3900,0.22264,0.11481,1.00000,0.22264,0.11481,0.02200,0.00000,0.00000,1.00000,1,1,0.00000,0.07804,0
21.1840,0,map,BL,37,22.2900,0.51084,0.14124,1.00000,0.51084,0.14124,0.02200,0.00000,0.00000,1.00000,1,1,0.00000,0.07044,0
21.1840,0,map,FR,29,22.0500,0.84709,-0.17276,1.00000,0.84709,-0.17276,0.02200,0.00000,0.00000,1.00000,1,1,0.00000,0.07379,0
21.1840,0,map,BR,22,21.8400,0.35924,-0.14535,1.00000,0.35924,-0.14535,0.02200,0.00000,0.00000,1.00000,1,1,0.00000,0.07109,0
21.1940,0,map,FL,14,21.6000,0.73608,0.14513,1.00000,0.73608,0.14513,0.02200,0.00000,0.00000,1.00000,1,1,0.00000,0.08814,0
21.1940,0,map,BL,7,21.3900,0.22247,0.11406,1.00000,0.22247,0.11406,0.02200,0.00000,0.00000,1.00000,1,1,0.00000,0.07852,0
21.1940,0,map,BL,37,22.2900,0.51912,0.13919,1.00000,0.51912,0.13919,0.02200,0.00000,0.00000,1.00000,1,1,0.00000,0.08031,0
21.1940,0,map,FR,29,22.0500,0.85583,-0.17341,1.00000,0.85583,-0.17341,0.02200,0.00000,0.00000,1.00000,1,1,0.00000,0.08129,0
21.1940,0,map,BR,22,21.8400,0.36470,-0.14560,1.00000,0.36470,-0.14560,0.02200,0.00000,0.00000,1.00000,1,1,0.00000,0.07678,0
21.2040,0,map,FL,14,21.6000,0.73700,0.14422,1.00000,0.73700,0.14422,0.02200,0.00000,0.00000,1.00000,1,1,0.00000,0.08842,0
21.2040,0,map,BL,7,21.3900,0.22284,0.11340,1.00000,0.22284,0.11340,0.02200,0.00000,0.00000,1.00000,1,1,0.00000,0.07900,0
21.2040,0,map,BL,37,22.2900,0.51967,0.13829,1.00000,0.51967,0.13829,0.02200,0.00000,0.00000,1.00000,1,1,0.00000,0.07995,0
21.2040,0,map,FR,29,22.0500,0.85686,-0.17379,1.00000,0.85686,-0.17379,0.02200,0.00000,0.00000,1.00000,1,1,0.00000,0.08106,0
21.2040,0,map,BR,22,21.8400,0.36617,-0.14691,1.00000,0.36617,-0.14691,0.02200,0.00000,0.00000,1.00000,1,1,0.00000,0.07659,0
21.2120,0,map,FL,13,21.6000,0.73781,0.14357,1.00000,0.73781,0.14357,0.02200,0.00000,0.00000,1.00000,1,1,0.00000,0.08856,0
21.2120,0,map,BL,6,21.3900,0.22334,0.11259,1.00000,0.22334,0.11259,0.02200,0.00000,0.00000,1.00000,1,1,0.00000,0.07925,0
21.2120,0,map,BL,36,22.2900,0.51545,0.13702,1.00000,0.51545,0.13702,0.02200,0.00000,0.00000,1.00000,1,1,0.00000,0.07511,0
21.2120,0,map,FR,28,22.0500,0.85294,-0.17484,1.00000,0.85294,-0.17484,0.02200,0.00000,0.00000,1.00000,1,1,0.00000,0.07652,0
21.2120,0,map,BR,21,21.8400,0.36234,-0.14859,1.00000,0.36234,-0.14859,0.02200,0.00000,0.00000,1.00000,1,1,0.00000,0.07191,0
21.2220,0,map,FL,13,21.6000,0.73881,0.14362,1.00000,0.73881,0.14362,0.02200,0.00000,0.00000,1.00000,1,1,0.00000,0.08898,0
21.2220,0,map,BL,6,21.3900,0.22359,0.11218,1.00000,0.22359,0.11218,0.02200,0.00000,0.00000,1.00000,1,1,0.00000,0.07944,0
21.2220,0,map,BL,36,22.2900,0.52234,0.13595,1.00000,0.52234,0.13595,0.02200,0.00000,0.00000,1.00000,1,1,0.00000,0.08309,0
21.2220,0,map,FR,28,22.0500,0.86078,-0.17534,1.00000,0.86078,-0.17534,0.02200,0.00000,0.00000,1.00000,1,1,0.00000,0.08292,0
21.2220,0,map,BR,21,21.8400,0.36734,-0.14849,1.00000,0.36734,-0.14849,0.02200,0.00000,0.00000,1.00000,1,1,0.00000,0.07715,0
21.2300,0,map,FL,13,21.6000,0.73917,0.14282,1.00000,0.73917,0.14282,0.02200,0.00000,0.00000,1.00000,1,1,0.00000,0.08905,0
21.2300,0,map,BL,6,21.3900,0.22385,0.11142,1.00000,0.22385,0.11142,0.02200,0.00000,0.00000,1.00000,1,1,0.00000,0.07960,0
21.2300,0,map,BL,36,22.2900,0.52274,0.13511,1.00000,0.52274,0.13511,0.02200,0.00000,0.00000,1.00000,1,1,0.00000,0.08276,0
21.2300,0,map,FR,28,22.0500,0.86132,-0.17580,1.00000,0.86132,-0.17580,0.02200,0.00000,0.00000,1.00000,1,1,0.00000,0.08273,0
21.2300,0,map,BR,21,21.8400,0.36823,-0.14958,1.00000,0.36823,-0.14958,0.02200,0.00000,0.00000,1.00000,1,1,0.00000,0.07700,0
21.2400,0,map,FL,12,21.6000,0.74015,0.14217,1.00000,0.74015,0.14217,0.02200,0.00000,0.00000,1.00000,1,1,0.00000,0.08913,0
21.2400,0,map,BL,5,21.3900,0.22462,0.11058,1.00000,0.22462,0.11058,0.02200,0.00000,0.00000,1.00000,1,1,0.00000,0.07975,0
21.2400,0,map,BL,35,22.2900,0.51863,0.13377,1.00000,0.51863,0.13377,0.02200,0.00000,0.00000,1.00000,1,1,0.00000,0.07776,0
21.2400,0,map,FR,27,22.0500,0.85740,-0.17701,1.00000,0.85740,-0.17701,0.02200,0.00000,0.00000,1.00000,1,1,0.00000,0.07805,0
21.2400,0,map,BR,20,21.8400,0.36433,-0.15118,1.00000,0.36433,-0.15118,0.02200,0.00000,0.00000,1.00000,1,1,0.00000,0.07219,0
21.2500,0,map,FL,12,21.6000,0.74010,0.14232,1.00000,0.74010,0.14232,0.02200,0.00000,0.00000,1.00000,1,1,0.00000,0.08940,0
21.2500,0,map,BL,5,21.3900,0.22428,0.11010,1.00000,0.22428,0.11010,0.02200,0.00000,0.00000,1.00000,1,1,0.00000,0.07975,0
21.2500,0,map,BL,35,22.2900,0.52393,0.13320,1.00000,0.52393,0.13320,0.02200,0.00000,0.00000,1.00000,1,1,0.00000,0.08475,0
21.2500,0,map,FR,27,22.0500,0.86371,-0.17754,1.00000,0.86371,-0.17754,0.02200,0.00000,0.00000,1.00000,1,1,0.00000,0.08390,0
21.2500,0,map,BR,20,21.8400,0.36809,-0.15103,1.00000,0.36809,-0.15103,0.02200,0.00000,0.00000,1.00000,1,1,0.00000,0.07718,0
21.2580,0,map,FL,12,21.6000,0.73998,0.14154,1.00000,0.73998,0.14154,0.02200,0.00000,0.00000,1.00000,1,1,0.00000,0.08936,0
21.2580,0,map,BL,5,21.3900,0.22420,0.10924,1.00000,0.22420,0.10924,0.02200,0.00000,0.00000,1.00000,1,1,0.00000,0.07980,0
21.2580,0,map,BL,35,22.2900,0.52407,0.13237,1.00000,0.52407,0.13237,0.02200,0.00000,0.00000,1.00000,1,1,0.00000,0.08443,0
21.2580,0,map,FR,27,22.0500,0.86386,-0.17802,1.00000,0.86386,-0.17802,0.02200,0.00000,0.00000,1.00000,1,1,0.00000,0.08373,0
21.2580,0,map,BR,20,21.8400,0.36852,-0.15206,1.00000,0.36852,-0.15206,0.02200,0.00000,0.00000,1.00000,1,1,0.00000,0.07707,0
21.2680,0,map,FL,12,21.6000,0.73988,0.14103,1.00000,0.73988,0.14103,0.02200,0.00000,0.00000,1.00000,1,1,0.00000,0.08924,0
21.2680,0,map,BL,5,21.3900,0.22431,0.10829,1.00000,0.22431,0.10829,0.02200,0.00000,0.00000,1.00000,1,1,0.00000,0.07974,0
21.2680,0,map,BL,35,22.2900,0.52399,0.13185,1.00000,0.52399,0.13185,0.02200,0.00000,0.00000,1.00000,1,1,0.00000,0.08442,0
21.2680,0,map,FR,27,22.0500,0.86394,-0.17842,1.00000,0.86394,-0.17842,0.02200,0.00000,0.00000,1.00000,1,1,0.00000,0.08373,0
21.2680,0,map,BR,20,21.8400,0.36854,-0.15278,1.00000,0.36854,-0.15278,0.02200,0.00000,0.00000,1.00000,1,1,0.00000,0.07706,0
21.2780,0,map,FL,11,21.6000,0.74029,0.14033,1.00000,0.74029,0.14033,0.02200,0.00000,0.00000,1.00000,1,1,0.00000,0.08920,0
21.2780,0,map,BL,4,21.3900,0.22473,0.10714,1.00000,0.22473,0.10714,0.02200,0.00000,0.00000,1.00000,1,1,0.00000,0.07979,0
21.2780,0,map,BL,34,22.2900,0.51933,0.13042,1.00000,0.51933,0.13042,0.02200,0.00000,0.00000,1.00000,1,1,0.00000,0.07931,0
21.2780,0,map,FR,26,22.0500,0.85945,-0.17967,1.00000,0.85945,-0.17967,0.02200,0.00000,0.00000,1.00000,1,1,0.00000,0.07896,0
21.2780,0,map,BR,19,21.8400,0.36403,-0.15436,1.00000,0.36403,-0.15436,0.02200,0.00000,0.00000,1.00000,1,1,0.00000,0.07217,0
21.2860,0,map,FL,11,21.6000,0.73965,0.14041,1.00000,0.73965,0.14041,0.02200,0.00000,0.00000,1.00000,1,1,0.00000,0.08929,0
21.2860,0,map,BL,4,21.3900,0.22407,0.10639,1.00000,0.22407,0.10639,0.02200,0.00000,0.00000,1.00000,1,1,0.00000,0.07964,0
21.2860,0,map,BL,34,22.2900,0.52391,0.12995,1.00000,0.52391,0.12995,0.02200,0.00000,0.00000,1.00000,1,1,0.00000,0.08577,0
21.2860,0,map,FR,26,22.0500,0.86511,-0.18029,1.00000,0.86511,-0.18029,0.02200,0.00000,0.00000,1.00000,1,1,0.00000,0.08450,0
21.2860,0,map,BR,19,21.8400,0.36722,-0.15442,1.00000,0.36722,-0.15442,0.02200,0.00000,0.00000,1.00000,1,1,0.00000,0.07703,0
21.2960,0,map,FL,11,21.6000,0.73907,0.13975,1.00000,0.73907,0.13975,0.02200,0.00000,0.00000,1.00000,1,1,0.00000,0.08919,0
21.2960,0,map,BL,4,21.3900,0.22358,0.10547,1.00000,0.22358,0.10547,0.02200,0.00000,0.00000,1.00000,1,1,0.00000,0.07965,0
21.2960,0,map,BL,34,22.2900,0.52371,0.12922,1.00000,0.52371,0.12922,0.02200,0.00000,0.00000,1.00000,1,1,0.00000,0.08544,0
21.2960,0,map,FR,26,22.0500,0.86488,-0.18066,1.00000,0.86488,-0.18066,0.02200,0.00000,0.00000,1.00000,1,1,0.00000,0.08434,0
21.2960,0,map,BR,19,21.8400,0.36724,-0.15534,1.00000,0.36724,-0.15534,0.02200,0.00000,0.00000,1.00000,1,1,0.00000,0.07693,0
21.3040,0,map,FL,10,21.6000,0.73844,0.13903,1.00000,0.73844,0.13903,0.02200,0.00000,0.00000,1.00000,1,1,0.00000,0.08900,0
21.3040,0,map,BL,3,21.3900,0.22307,0.10435,1.00000,0.22307,0.10435,0.02200,0.00000,0.00000,1.00000,1,1,0.00000,0.07958,0
21.3040,0,map,BL,33,22.2900,0.51797,0.12774,1.00000,0.51797,0.12774,0.02200,0.00000,0.00000,1.00000,1,1,0.00000,0.08022,0
21.3040,0,map,FR,25,22.0500,0.85938,-0.18195,1.00000,0.85938,-0.18195,0.02200,0.00000,0.00000,1.00000,1,1,0.00000,0.07950,0
21.3060,0,map,BR,18,21.8400,0.36164,-0.15707,1.00000,0.36164,-0.15707,0.02200,0.00000,0.00000,1.00000,1,1,0.00000,0.07197,0
21.3140,0,map,FL,10,21.6000,0.73864,0.13926,1.00000,0.73864,0.13926,0.02200,0.00000,0.00000,1.00000,1,1,0.00000,0.08924,0
21.3140,0,map,BL,3,21.3900,0.22276,0.10417,1.00000,0.22276,0.10417,0.02200,0.00000,0.00000,1.00000,1,1,0.00000,0.07955,0
21.3140,0,map,BL,33,22.2900,0.52328,0.12737,1.00000,0.52328,0.12737,0.02200,0.00000,0.00000,1.00000,1,1,0.00000,0.08636,0
21.3140,0,map,FR,25,22.0500,0.86574,-0.18265,1.00000,0.86574,-0.18265,0.02200,0.00000,0.00000,1.00000,1,1,0.00000,0.08487,0
21.3140,0,map,BR,18,21.8400,0.36566,-0.15725,1.00000,0.36566,-0.15725,0.02200,0.00000,0.00000,1.00000,1,1,0.00000,0.07673,0
21.3240,0,map,FL,10,21.6000,0.73712,0.13855,1.00000,0.73712,0.13855,0.02200,0.00000,0.00000,1.00000,1,1,0.00000,0.08891,0
21.3240,0,map,BL,3,21.3900,0.22161,0.10346,1.00000,0.22161,0.10346,0.02200,0.00000,0.00000,1.00000,1,1,0.00000,0.07932,0
21.3240,0,map,BL,33,22.2900,0.52223,0.12662,1.00000,0.52223,0.12662,0.02200,0.00000,0.00000,1.00000,1,1,0.00000,0.08604,0
21.3240,0,map,FR,25,22.0500,0.86462,-0.18308,1.00000,0.86462,-0.18308,0.02200,0.00000,0.00000,1.00000,1,1,0.00000,0.08471,0
21.3240,0,map,BR,18,21.8400,0.36478,-0.15823,1.00000,0.36478,-0.15823,0.02200,0.00000,0.00000,1.00000,1,1,0.00000,0.07662,0
21.3320,0,map,FL,9,21.6000,0.73616,0.13787,1.00000,0.73616,0.13787,0.02200,0.00000,0.00000,1.00000,1,1,0.00000,0.08860,0
21.3340,0,map,FL,39,22.5000,0.98676,0.14236,1.00000,0.98676,0.14236,0.02200,0.00000,0.00000,1.00000,1,1,0.00000,0.09123,0
21.3340,0,map,BL,2,21.3900,0.22078,0.10291,1.00000,0.22078,0.10291,0.02200,0.00000,0.00000,1.00000,1,1,0.00000,0.07907,0
21.3340,0,map,BL,32,22.2900,0.51613,0.12508,1.00000,0.51613,0.12508,0.02200,0.00000,0.00000,1.00000,1,1,0.00000,0.08074,0
21.3340,0,map,FR,24,22.0500,0.85868,-0.18452,1.00000,0.85868,-0.18452,0.02200,0.00000,0.00000,1.00000,1,1,0.00000,0.07983,0
21.3340,0,map,BR,17,21.8400,0.36394,-0.15923,1.00000,0.36394,-0.15923,0.02200,0.00000,0.00000,1.00000,1,1,0.00000,0.07664,0
21.3420,0,map,FL,9,21.6000,0.73551,0.13836,1.00000,0.73551,0.13836,0.02200,0.00000,0.00000,1.00000,1,1,0.00000,0.08865,0
21.3420,0,map,FL,39,22.5000,0.99845,0.14390,1.00000,0.99845,0.14390,0.02200,0.00000,0.00000,1.00000,1,1,0.00000,0.09354,0
21.3420,0,map,BL,2,21.3900,0.22038,0.10316,1.00000,0.22038,0.10316,0.02200,0.00000,0.00000,1.00000,1,1,0.00000,0.07875,0
21.3420,0,map,BL,32,22.2900,0.52054,0.12493,1.00000,0.52054,0.12493,0.02200,0.00000,0.00000,1.00000,1,1,0.00000,0.08671,0
21.3420,0,map,FR,24,22.0500,0.86422,-0.18514,1.00000,0.86422,-0.18514,0.02200,0.00000,0.00000,1.00000,1,1,0.00000,0.08502,0
21.3420,0,map,BR,17,21.8400,0.36204,-0.16020,1.00000,0.36204,-0.16020,0.02200,0.00000,0.00000,1.00000,1,1,0.00000,0.07621,0
21.3520,0,map,FL,9,21.6000,0.73434,0.13753,1.00000,0.73434,0.13753,0.02200,0.00000,0.00000,1.00000,1,1,0.00000,0.08816,0
21.3520,0,map,FL,39,22.5000,0.99696,0.14243,1.00000,0.99696,0.14243,0.02200,0.00000,0.00000,1.00000,1,1,0.00000,0.09310,0
21.3520,0,map,BL,2,21.3900,0.21956,0.10306,1.00000,0.21956,0.10306,0.02200,0.00000,0.00000,1.00000,1,1,0.00000,0.07824,0
21.3520,0,map,BL,32,22.2900,0.51987,0.12399,1.00000,0.51987,0.12399,0.02200,0.00000,0.00000,1.00000,1,1,0.00000,0.08635,0
21.3520,0,map,FR,24,22.0500,0.86312,-0.18597,1.00000,0.86312,-0.18597,0.02200,0.00000,0.00000,1.00000,1,1,0.00000,0.08492,0
21.3520,0,map,BR,17,21.8400,0.36092,-0.16127,1.00000,0.36092,-0.16127,0.02200,0.00000,0.00000,1.00000,1,1,0.00000,0.07621,0
21.3600,0,map,FL,8,21.6000,0.73321,0.13691,1.00000,0.73321,0.13691,0.02200,0.00000,0.00000,1.00000,1,1,0.00000,0.08767,0
21.3600,0,map,FL,38,22.5000,0.99062,0.14086,1.00000,0.99062,0.14086,0.02200,0.00000,0.00000,1.00000,1,1,0.00000,0.08775,0
21.3600,0,map,BL,1,21.3900,0.21899,0.10320,1.00000,0.21899,0.10320,0.02200,0.00000,0.00000,1.00000,1,1,0.00000,0.07767,0
21.3600,0,map,BL,31,22.2900,0.51353,0.12241,1.00000,0.51353,0.12241,0.02200,0.00000,0.00000,1.00000,1,1,0.00000,0.08097,0
21.3600,0,map,FR,23,22.0500,0.85674,-0.18768,1.00000,0.85674,-0.18768,0.02200,0.00000,0.00000,1.00000,1,1,0.00000,0.08001,0
21.3600,0,map,BR,16,21.8400,0.35967,-0.16226,1.00000,0.35967,-0.16226,0.02200,0.00000,0.00000,1.00000,1,1,0.00000,0.07624,0
21.3800,0,map,FL,8,21.6000,0.73228,0.13737,1.00000,0.73228,0.13737,0.02200,0.00000,0.00000,1.00000,1,1,0.00000,0.08743,0
21.3800,0,map,FL,38,22.5000,0.97726,0.12473,1.00000,0.97726,0.12473,0.02200,0.00000,0.00000,1.00000,1,1,0.00000,0.07265,0
21.3800,0,map,BL,1,21.3900,0.21890,0.10377,1.00000,0.21890,0.10377,0.02200,0.00000,0.00000,1.00000,1,1,0.00000,0.07706,0
21.3800,0,map,BL,31,22.2900,0.50380,0.11114,1.00000,0.50380,0.11114,0.02200,0.00000,0.00000,1.00000,1,1,0.00000,0.07281,0
21.3800,0,map,FR,23,22.0500,0.85631,-0.19302,1.00000,0.85631,-0.19302,0.02200,0.00000,0.00000,1.00000,1,1,0.00000,0.08023,0
21.3800,0,map,BR,16,21.8400,0.35799,-0.16259,1.00000,0.35799,-0.16259,0.02200,0.00000,0.00000,1.00000,1,1,0.00000,0.07637,0
21.3880,0,map,FL,8,21.6000,0.72994,0.13608,1.00000,0.72994,0.13608,0.02200,0.00000,0.00000,1.00000,1,1,0.00000,0.08611,0
21.3880,0,map,FL,38,22.5000,0.97723,0.12701,1.00000,0.97723,0.12701,0.02200,0.00000,0.00000,1.00000,1,1,0.00000,0.07507,0
21.3880,0,map,BL,1,21.3900,0.22015,0.10492,1.00000,0.22015,0.10492,0.02200,0.00000,0.00000,1.00000,1,1,0.00000,0.07506,0
21.3880,0,map,BL,31,22.2900,0.50247,0.11033,1.00000,0.50247,0.11033,0.02200,0.00000,0.00000,1.00000,1,1,0.00000,0.07446,0
21.3880,0,map,FR,23,22.0500,0.85440,-0.19373,1.00000,0.85440,-0.19373,0.02200,0.00000,0.00000,1.00000,1,1,0.00000,0.08068,0
21.3880,0,map,BR,16,21.8400,0.35505,-0.16415,1.00000,0.35505,-0.16415,0.02200,0.00000,0.00000,1.00000,1,1,0.00000,0.07632,0
21.3980,0,map,FL,7,21.6000,0.72925,0.13561,1.00000,0.72925,0.13561,0.02200,0.00000,0.00000,1.00000,1,1,0.00000,0.08557,0
21.3980,0,map,FL,37,22.5000,0.97158,0.12541,1.00000,0.97158,0.12541,0.02200,0.00000,0.00000,1.00000,1,1,0.00000,0.07041,0
21.3980,0,map,BL,30,22.2900,0.49709,0.10947,1.00000,0.49709,0.10947,0.02200,0.00000,0.00000,1.00000,1,1,0.00000,0.06983,0
21.3980,0,map,FR,22,22.0500,0.84861,-0.19502,1.00000,0.84861,-0.19502,0.02200,0.00000,0.00000,1.00000,1,1,0.00000,0.07658,0
21.3980,0,map,BR,15,21.8400,0.35352,-0.16495,1.00000,0.35352,-0.16495,0.02200,0.00000,0.00000,1.00000,1,1,0.00000,0.07637,0
21.4060,0,map,FL,7,21.6000,0.72746,0.13543,1.00000,0.72746,0.13543,0.02200,0.00000,0.00000,1.00000,1,1,0.00000,0.08558,0
21.4060,0,map,FL,37,22.5000,0.96899,0.11706,1.00000,0.96899,0.11706,0.02200,0.00000,0.00000,1.00000,1,1,0.00000,0.06764,0
21.4060,0,map,BL,30,22.2900,0.49407,0.10264,1.00000,0.49407,0.10264,0.02200,0.00000,0.00000,1.00000,1,1,0.00000,0.06955,0
21.4080,0,map,FR,22,22.0500,0.85065,-0.19850,1.00000,0.85065,-0.19850,0.02200,0.00000,0.00000,1.00000,1,1,0.00000,0.07959,0
21.4080,0,map,BR,15,21.8400,0.35156,-0.16501,1.00000,0.35156,-0.16501,0.02200,0.00000,0.00000,1.00000,1,1,0.00000,0.07649,0
21.4160,0,map,FL,7,21.6000,0.72682,0.13492,1.00000,0.72682,0.13492,0.02200,0.00000,0.00000,1.00000,1,1,0.00000,0.08505,0
21.4160,0,map,FL,37,22.5000,0.96908,0.11809,1.00000,0.96908,0.11809,0.02200,0.00000,0.00000,1.00000,1,1,0.00000,0.06849,0
21.4160,0,map,BL,30,22.2900,0.49394,0.10219,1.00000,0.49394,0.10219,0.02200,0.00000,0.00000,1.00000,1,1,0.00000,0.07016,0
21.4160,0,map,FR,22,22.0500,0.85007,-0.19857,1.00000,0.85007,-0.19857,0.02200,0.00000,0.00000,1.00000,1,1,0.00000,0.07970,0
21.4160,0,map,BR,15,21.8400,0.35053,-0.16567,1.00000,0.35053,-0.16567,0.02200,0.00000,0.00000,1.00000,1,1,0.00000,0.07650,0
21.4260,0,map,FL,6,21.6000,0.72503,0.13461,1.00000,0.72503,0.13461,0.02200,0.00000,0.00000,1.00000,1,1,0.00000,0.08459,0
21.4260,0,map,FL,36,22.5000,0.96322,0.11767,1.00000,0.96322,0.11767,0.02200,0.00000,0.00000,1.00000,1,1,0.00000,0.06440,0
21.4260,0,map,BL,29,22.2900,0.48819,0.10194,1.00000,0.48819,0.10194,0.02200,0.00000,0.00000,1.00000,1,1,0.00000,0.06602,0
21.4260,0,map,FR,21,22.0500,0.84424,-0.19892,1.00000,0.84424,-0.19892,0.02200,0.00000,0.00000,1.00000,1,1,0.00000,0.07599,0
21.4260,0,map,BR,14,21.8400,0.34872,-0.16621,1.00000,0.34872,-0.16621,0.02200,0.00000,0.00000,1.00000,1,1,0.00000,0.07653,0
21.4360,0,map,FL,6,21.6000,0.72364,0.13518,1.00000,0.72364,0.13518,0.02200,0.00000,0.00000,1.00000,1,1,0.00000,0.08434,0
21.4360,0,map,FL,36,22.5000,0.96461,0.11356,1.00000,0.96461,0.11356,0.02200,0.00000,0.00000,1.00000,1,1,0.00000,0.06647,0
21.4360,0,map,BL,29,22.2900,0.48816,0.09769,1.00000,0.48816,0.09769,0.02200,0.00000,0.00000,1.00000,1,1,0.00000,0.06885,0
21.4360,0,map,FR,21,22.0500,0.84747,-0.20105,1.00000,0.84747,-0.20105,0.02200,0.00000,0.00000,1.00000,1,1,0.00000,0.07993,0
21.4360,0,map,BR,14,21.8400,0.34673,-0.16624,1.00000,0.34673,-0.16624,0.02200,0.00000,0.00000,1.00000,1,1,0.00000,0.07659,0
21.4440,0,map,FL,6,21.6000,0.72222,0.13467,1.00000,0.72222,0.13467,0.02200,0.00000,0.00000,1.00000,1,1,0.00000,0.08391,0
21.4440,0,map,FL,36,22.5000,0.96378,0.11409,1.00000,0.96378,0.11409,0.02200,0.00000,0.00000,1.00000,1,1,0.00000,0.06679,0
21.4440,0,map,BL,29,22.2900,0.48749,0.09738,1.00000,0.48749,0.09738,0.02200,0.00000,0.00000,1.00000,1,1,0.00000,0.06907,0
21.4440,0,map,FR,21,22.0500,0.84641,-0.20090,1.00000,0.84641,-0.20090,0.02200,0.00000,0.00000,1.00000,1,1,0.00000,0.07994,0
21.4440,0,map,BR,14,21.8400,0.34548,-0.16662,1.00000,0.34548,-0.16662,0.02200,0.00000,0.00000,1.00000,1,1,0.00000,0.07665,0
21.4520,0,map,FL,5,21.6000,0.72116,0.13442,1.00000,0.72116,0.13442,0.02200,0.00000,0.00000,1.00000,1,1,0.00000,0.08359,0
21.4540,0,map,FL,35,22.5000,0.95886,0.11423,1.00000,0.95886,0.11423,0.02200,0.00000,0.00000,1.00000,1,1,0.00000,0.06292,0
21.4540,0,map,BL,28,22.2900,0.48265,0.09755,1.00000,0.48265,0.09755,0.02200,0.00000,0.00000,1.00000,1,1,0.00000,0.06512,0
21.4540,0,map,FR,20,22.0500,0.84157,-0.20076,1.00000,0.84157,-0.20076,0.02200,0.00000,0.00000,1.00000,1,1,0.00000,0.07640,0
21.4540,0,map,BR,13,21.8400,0.34446,-0.16697,1.00000,0.34446,-0.16697,0.02200,0.00000,0.00000,1.00000,1,1,0.00000,0.07671,0
21.4620,0,map,FL,5,21.6000,0.72058,0.13498,1.00000,0.72058,0.13498,0.02200,0.00000,0.00000,1.00000,1,1,0.00000,0.08345,0
21.4620,0,map,FL,35,22.5000,0.96279,0.11220,1.00000,0.96279,0.11220,0.02200,0.00000,0.00000,1.00000,1,1,0.00000,0.06695,0
21.4620,0,map,BL,28,22.2900,0.48482,0.09477,1.00000,0.48482,0.09477,0.02200,0.00000,0.00000,1.00000,1,1,0.00000,0.06926,0
21.4620,0,map,FR,20,22.0500,0.84605,-0.20217,1.00000,0.84605,-0.20217,0.02200,0.00000,0.00000,1.00000,1,1,0.00000,0.08065,0
21.4620,0,map,BR,13,21.8400,0.34348,-0.16675,1.00000,0.34348,-0.16675,0.02200,0.00000,0.00000,1.00000,1,1,0.00000,0.07672,0
21.4720,0,map,FL,5,21.6000,0.71862,0.13422,1.00000,0.71862,0.13422,0.02200,0.00000,0.00000,1.00000,1,1,0.00000,0.08312,0
21.4720,0,map,FL,35,22.5000,0.96163,0.11247,1.00000,0.96163,0.11247,0.02200,0.00000,0.00000,1.00000,1,1,0.00000,0.06706,0
21.4720,0,map,BL,28,22.2900,0.48398,0.09469,1.00000,0.48398,0.09469,0.02200,0.00000,0.00000,1.00000,1,1,0.00000,0.06930,0
21.4720,0,map,FR,20,22.0500,0.84478,-0.20191,1.00000,0.84478,-0.20191,0.02200,0.00000,0.00000,1.00000,1,1,0.00000,0.08065,0
21.4720,0,map,BR,13,21.8400,0.34219,-0.16687,1.00000,0.34219,-0.16687,0.02200,0.00000,0.00000,1.00000,1,1,0.00000,0.07681,0
21.4820,0,map,FL,4,21.6000,0.71722,0.13345,1.00000,0.71722,0.13345,0.02200,0.00000,0.00000,1.00000,1,1,0.00000,0.08274,0
21.4820,0,map,FL,34,22.5000,0.95681,0.11288,1.00000,0.95681,0.11288,0.02200,0.00000,0.00000,1.00000,1,1,0.00000,0.06326,0
21.4820,0,map,BL,27,22.2900,0.47923,0.09513,1.00000,0.47923,0.09513,0.02200,0.00000,0.00000,1.00000,1,1,0.00000,0.06541,0
21.4820,0,map,FR,19,22.0500,0.84011,-0.20143,1.00000,0.84011,-0.20143,0.02200,0.00000,0.00000,1.00000,1,1,0.00000,0.07717,0
21.4820,0,map,BR,12,21.8400,0.34124,-0.16705,1.00000,0.34124,-0.16705,0.02200,0.00000,0.00000,1.00000,1,1,0.00000,0.07691,0
21.4900,0,map,FL,4,21.6000,0.71572,0.13316,1.00000,0.71572,0.13316,0.02200,0.00000,0.00000,1.00000,1,1,0.00000,0.08250,0
21.4900,0,map,FL,34,22.5000,0.96120,0.11202,1.00000,0.96120,0.11202,0.02200,0.00000,0.00000,1.00000,1,1,0.00000,0.06810,0
21.4900,0,map,BL,27,22.2900,0.48171,0.09329,1.00000,0.48171,0.09329,0.02200,0.00000,0.00000,1.00000,1,1,0.00000,0.07010,0
21.4900,0,map,FR,19,22.0500,0.84445,-0.20232,1.00000,0.84445,-0.20232,0.02200,0.00000,0.00000,1.00000,1,1,0.00000,0.08149,0
21.4900,0,map,BR,12,21.8400,0.34004,-0.16668,1.00000,0.34004,-0.16668,0.02200,0.00000,0.00000,1.00000,1,1,0.00000,0.07695,0
21.5000,0,map,FL,4,21.6000,0.71489,0.13263,1.00000,0.71489,0.13263,0.02200,0.00000,0.00000,1.00000,1,1,0.00000,0.08224,0
21.5000,0,map,FL,34,22.5000,0.96081,0.11222,1.00000,0.96081,0.11222,0.02200,0.00000,0.00000,1.00000,1,1,0.00000,0.06813,0
21.5000,0,map,BL,27,22.2900,0.48173,0.09341,1.00000,0.48173,0.09341,0.02200,0.00000,0.00000,1.00000,1,1,0.00000,0.07005,0
21.5000,0,map,FR,19,22.0500,0.84393,-0.20206,1.00000,0.84393,-0.20206,0.02200,0.00000,0.00000,1.00000,1,1,0.00000,0.08148,0
21.5000,0,map,BR,12,21.8400,0.33949,-0.16679,1.00000,0.33949,-0.16679,0.02200,0.00000,0.00000,1.00000,1,1,0.00000,0.07706,0
21.5080,0,map,FL,4,21.6000,0.71532,0.13192,1.00000,0.71532,0.13192,0.02200,0.00000,0.00000,1.00000,1,1,0.00000,0.08193,0
21.5080,0,map,FL,34,22.5000,0.96139,0.11226,1.00000,0.96139,0.11226,0.02200,0.00000,0.00000,1.00000,1,1,0.00000,0.06809,0
21.5080,0,map,BL,27,22.2900,0.48235,0.09349,1.00000,0.48235,0.09349,0.02200,0.00000,0.00000,1.00000,1,1,0.00000,0.07001,0
21.5080,0,map,FR,19,22.0500,0.84462,-0.20194,1.00000,0.84462,-0.20194,0.02200,0.00000,0.00000,1.00000,1,1,0.00000,0.08146,0
21.5080,0,map,BR,12,21.8400,0.34002,-0.16680,1.00000,0.34002,-0.16680,0.02200,0.00000,0.00000,1.00000,1,1,0.00000,0.07711,0
21.5180,0,map,FL,3,21.6000,0.71306,0.13079,1.00000,0.71306,0.13079,0.02200,0.00000,0.00000,1.00000,1,1,0.00000,0.08157,0
21.5180,0,map,FL,33,22.5000,0.95600,0.11289,1.00000,0.95600,0.11289,0.02200,0.00000,0.00000,1.00000,1,1,0.00000,0.06432,0
21.5180,0,map,BL,26,22.2900,0.47698,0.09417,1.00000,0.47698,0.09417,0.02200,0.00000,0.00000,1.00000,1,1,0.00000,0.06615,0
21.5180,0,map,FR,18,22.0500,0.83936,-0.20120,1.00000,0.83936,-0.20120,0.02200,0.00000,0.00000,1.00000,1,1,0.00000,0.07796,0
21.5180,0,map,BR,11,21.8400,0.33867,-0.16675,1.00000,0.33867,-0.16675,0.02200,0.00000,0.00000,1.00000,1,1,0.00000,0.07717,0
21.5260,0,map,FL,3,21.6000,0.71214,0.13043,1.00000,0.71214,0.13043,0.02200,0.00000,0.00000,1.00000,1,1,0.00000,0.08155,0
21.5260,0,map,FL,33,22.5000,0.96126,0.11273,1.00000,0.96126,0.11273,0.02200,0.00000,0.00000,1.00000,1,1,0.00000,0.06951,0
21.5260,0,map,BL,26,22.2900,0.48025,0.09298,1.00000,0.48025,0.09298,0.02200,0.00000,0.00000,1.00000,1,1,0.00000,0.07107,0
21.5260,0,map,FR,18,22.0500,0.84415,-0.20180,1.00000,0.84415,-0.20180,0.02200,0.00000,0.00000,1.00000,1,1,0.00000,0.08229,0
21.5260,0,map,BR,11,21.8400,0.33797,-0.16627,1.00000,0.33797,-0.16627,0.02200,0.00000,0.00000,1.00000,1,1,0.00000,0.07724,0
21.5360,0,map,FL,3,21.6000,0.71195,0.12999,1.00000,0.71195,0.12999,0.02200,0.00000,0.00000,1.00000,1,1,0.00000,0.08142,0
21.5360,0,map,FL,33,22.5000,0.96127,0.11297,1.00000,0.96127,0.11297,0.02200,0.00000,0.00000,1.00000,1,1,0.00000,0.06951,0
21.5360,0,map,BL,26,22.2900,0.48068,0.09333,1.00000,0.48068,0.09333,0.02200,0.00000,0.00000,1.00000,1,1,0.00000,0.07098,0
21.5360,0,map,FR,18,22.0500,0.84398,-0.20144,1.00000,0.84398,-0.20144,0.02200,0.00000,0.00000,1.00000,1,1,0.00000,0.08225,0
21.5360,0,map,BR,11,21.8400,0.33783,-0.16620,1.00000,0.33783,-0.16620,0.02200,0.00000,0.00000,1.00000,1,1,0.00000,0.07734,0
21.5440,0,map,FL,2,21.6000,0.71233,0.12986,1.00000,0.71233,0.12986,0.02200,0.00000,0.00000,1.00000,1,1,0.00000,0.08145,0
21.5440,0,map,FL,32,22.5000,0.95731,0.11378,1.00000,0.95731,0.11378,0.02200,0.00000,0.00000,1.00000,1,1,0.00000,0.06569,0
21.5440,0,map,BL,25,22.2900,0.47674,0.09427,1.00000,0.47674,0.09427,0.02200,0.00000,0.00000,1.00000,1,1,0.00000,0.06707,0
21.5440,0,map,FR,17,22.0500,0.84403,-0.20118,1.00000,0.84403,-0.20118,0.02200,0.00000,0.00000,1.00000,1,1,0.00000,0.08221,0
21.5440,0,map,BR,10,21.8400,0.33788,-0.16590,1.00000,0.33788,-0.16590,0.02200,0.00000,0.00000,1.00000,1,1,0.00000,0.07734,0
21.5540,0,map,FL,2,21.6000,0.71318,0.13003,1.00000,0.71318,0.13003,0.02200,0.00000,0.00000,1.00000,1,1,0.00000,0.08171,0
21.5540,0,map,FL,32,22.5000,0.96368,0.11412,1.00000,0.96368,0.11412,0.02200,0.00000,0.00000,1.00000,1,1,0.00000,0.07084,0
21.5540,0,map,BL,25,22.2900,0.48123,0.09352,1.00000,0.48123,0.09352,0.02200,0.00000,0.00000,1.00000,1,1,0.00000,0.07196,0
21.5540,0,map,FR,17,22.0500,0.84583,-0.20095,1.00000,0.84583,-0.20095,0.02200,0.00000,0.00000,1.00000,1,1,0.00000,0.08293,0
21.5540,0,map,BR,10,21.8400,0.33848,-0.16505,1.00000,0.33848,-0.16505,0.02200,0.00000,0.00000,1.00000,1,1,0.00000,0.07734,0
21.5640,0,map,FL,2,21.6000,0.71255,0.12956,1.00000,0.71255,0.12956,0.02200,0.00000,0.00000,1.00000,1,1,0.00000,0.08190,0
21.5640,0,map,FL,32,22.5000,0.96380,0.11448,1.00000,0.96380,0.11448,0.02200,0.00000,0.00000,1.00000,1,1,0.00000,0.07102,0
21.5640,0,map,BL,25,22.2900,0.48145,0.09412,1.00000,0.48145,0.09412,0.02200,0.00000,0.00000,1.00000,1,1,0.00000,0.07200,0
21.5640,0,map,FR,17,22.0500,0.84548,-0.20034,1.00000,0.84548,-0.20034,0.02200,0.00000,0.00000,1.00000,1,1,0.00000,0.08285,0
21.5640,0,map,BR,10,21.8400,0.33844,-0.16457,1.00000,0.33844,-0.16457,0.02200,0.00000,0.00000,1.00000,1,1,0.00000,0.07739,0
21.5720,0,map,FL,1,21.6000,0.71366,0.12977,1.00000,0.71366,0.12977,0.02200,0.00000,0.00000,1.00000,1,1,0.00000,0.08239,0
21.5720,0,map,FL,31,22.5000,0.96039,0.11548,1.00000,0.96039,0.11548,0.02200,0.00000,0.00000,1.00000,1,1,0.00000,0.06716,0
21.5720,0,map,BL,24,22.2900,0.47808,0.09544,1.00000,0.47808,0.09544,0.02200,0.00000,0.00000,1.00000,1,1,0.00000,0.06804,0
21.5720,0,map,FR,16,22.0500,0.85014,-0.20047,1.00000,0.85014,-0.20047,0.02200,0.00000,0.00000,1.00000,1,1,0.00000,0.08644,0
21.5720,0,map,BR,9,21.8400,0.33909,-0.16384,1.00000,0.33909,-0.16384,0.02200,0.00000,0.00000,1.00000,1,1,0.00000,0.07740,0
21.5720,0,map,BR,39,22.7400,0.61374,-0.19670,1.00000,0.61374,-0.19670,0.02200,0.00000,0.00000,1.00000,1,1,0.00000,0.06482,0
21.5820,0,map,FL,1,21.6000,0.71409,0.12968,1.00000,0.71409,0.12968,0.02200,0.00000,0.00000,1.00000,1,1,0.00000,0.08277,0
21.5820,0,map,FL,31,22.5000,0.96647,0.11615,1.00000,0.96647,0.11615,0.02200,0.00000,0.00000,1.00000,1,1,0.00000,0.07219,0
21.5820,0,map,BL,24,22.2900,0.48251,0.09506,1.00000,0.48251,0.09506,0.02200,0.00000,0.00000,1.00000,1,1,0.00000,0.07283,0
21.5820,0,map,FR,16,22.0500,0.85175,-0.20001,1.00000,0.85175,-0.20001,0.02200,0.00000,0.00000,1.00000,1,1,0.00000,0.08713,0
21.5820,0,map,BR,9,21.8400,0.33957,-0.16277,1.00000,0.33957,-0.16277,0.02200,0.00000,0.00000,1.00000,1,1,0.00000,0.07747,0
21.5820,0,map,BR,39,22.7400,0.62434,-0.19709,1.00000,0.62434,-0.19709,0.02200,0.00000,0.00000,1.00000,1,1,0.00000,0.06556,0
21.5900,0,map,FL,1,21.6000,0.71469,0.13000,1.00000,0.71469,0.13000,0.02200,0.00000,0.00000,1.00000,1,1,0.00000,0.08342,0
21.5900,0,map,FL,31,22.5000,0.96792,0.11668,1.00000,0.96792,0.11668,0.02200,0.00000,0.00000,1.00000,1,1,0.00000,0.07236,0
21.5900,0,map,BL,24,22.2900,0.48408,0.09616,1.00000,0.48408,0.09616,0.02200,0.00000,0.00000,1.00000,1,1,0.00000,0.07283,0
21.5920,0,map,FR,16,22.0500,0.85257,-0.19914,1.00000,0.85257,-0.19914,0.02200,0.00000,0.00000,1.00000,1,1,0.00000,0.08703,0
21.5920,0,map,BR,9,21.8400,0.34087,-0.16165,1.00000,0.34087,-0.16165,0.02200,0.00000,0.00000,1.00000,1,1,0.00000,0.07749,0
21.5920,0,map,BR,39,22.7400,0.62588,-0.19597,1.00000,0.62588,-0.19597,0.02200,0.00000,0.00000,1.00000,1,1,0.00000,0.06590,0
21.6000,0,map,FL,30,22.5000,0.96579,0.11782,1.00000,0.96579,0.11782,0.02200,0.00000,0.00000,1.00000,1,1,0.00000,0.06845,0
21.6000,0,map,BL,23,22.2900,0.48193,0.09783,1.00000,0.48193,0.09783,0.02200,0.00000,0.00000,1.00000,1,1,0.00000,0.06885,0
21.6000,0,map,FR,15,22.0500,0.85422,-0.19846,1.00000,0.85422,-0.19846,0.02200,0.00000,0.00000,1.00000,1,1,0.00000,0.08691,0
21.6000,0,map,BR,8,21.8400,0.34297,-0.16010,1.00000,0.34297,-0.16010,0.02200,0.00000,0.00000,1.00000,1,1,0.00000,0.07732,0
21.6000,0,map,BR,38,22.7400,0.62339,-0.19458,1.00000,0.62339,-0.19458,0.02200,0.00000,0.00000,1.00000,1,1,0.00000,0.06174,0
21.6180,0,map,FL,30,22.5000,0.97746,0.11869,1.00000,0.97746,0.11869,0.02200,0.00000,0.00000,1.00000,1,1,0.00000,0.07843,0
21.6180,0,map,BL,23,22.2900,0.48873,0.09810,1.00000,0.48873,0.09810,0.02200,0.00000,0.00000,1.00000,1,1,0.00000,0.07579,0
21.6180,0,map,FR,15,22.0500,0.85537,-0.19792,1.00000,0.85537,-0.19792,0.02200,0.00000,0.00000,1.00000,1,1,0.00000,0.08723,0
21.6180,0,map,BR,8,21.8400,0.34363,-0.15865,1.00000,0.34363,-0.15865,0.02200,0.00000,0.00000,1.00000,1,1,0.00000,0.07744,0
21.6180,0,map,BR,38,22.7400,0.63705,-0.19041,1.00000,0.63705,-0.19041,0.02200,0.00000,0.00000,1.00000,1,1,0.00000,0.07545,0
21.6280,0,map,FL,30,22.5000,0.98029,0.11960,1.00000,0.98029,0.11960,0.02200,0.00000,0.00000,1.00000,1,1,0.00000,0.07811,0
21.6280,0,map,BL,23,22.2900,0.49201,0.10067,1.00000,0.49201,0.10067,0.02200,0.00000,0.00000,1.00000,1,1,0.00000,0.07552,0
21.6280,0,map,FR,15,22.0500,0.85789,-0.19608,1.00000,0.85789,-0.19608,0.02200,0.00000,0.00000,1.00000,1,1,0.00000,0.08745,0
21.6280,0,map,BR,8,21.8400,0.34624,-0.15631,1.00000,0.34624,-0.15631,0.02200,0.00000,0.00000,1.00000,1,1,0.00000,0.07783,0
21.6280,0,map,BR,38,22.7400,0.63863,-0.18849,1.00000,0.63863,-0.18849,0.02200,0.00000,0.00000,1.00000,1,1,0.00000,0.07504,0
21.6380,0,map,FL,29,22.5000,0.97705,0.12089,1.00000,0.97705,0.12089,0.02200,0.00000,0.00000,1.00000,1,1,0.00000,0.07379,0
21.6380,0,map,BL,22,22.2900,0.48895,0.10270,1.00000,0.48895,0.10270,0.02200,0.00000,0.00000,1.00000,1,1,0.00000,0.07106,0
21.6380,0,map,FR,14,22.0500,0.85938,-0.19505,1.00000,0.85938,-0.19505,0.02200,0.00000,0.00000,1.00000,1,1,0.00000,0.08775,0
21.6380,0,map,BR,7,21.8400,0.34720,-0.15525,1.00000,0.34720,-0.15525,0.02200,0.00000,0.00000,1.00000,1,1,0.00000,0.07831,0
21.6380,0,map,BR,37,22.7400,0.63505,-0.18697,1.00000,0.63505,-0.18697,0.02200,0.00000,0.00000,1.00000,1,1,0.00000,0.07044,0
21.6460,0,map,FL,29,22.5000,0.98658,0.12153,1.00000,0.98658,0.12153,0.02200,0.00000,0.00000,1.00000,1,1,0.00000,0.08132,0
21.6460,0,map,BL,22,22.2900,0.49507,0.10289,1.00000,0.49507,0.10289,0.02200,0.00000,0.00000,1.00000,1,1,0.00000,0.07680,0
21.6460,0,map,FR,14,22.0500,0.86111,-0.19461,1.00000,0.86111,-0.19461,0.02200,0.00000,0.00000,1.00000,1,1,0.00000,0.08837,0
21.6460,0,map,BR,7,21.8400,0.34755,-0.15459,1.00000,0.34755,-0.15459,0.02200,0.00000,0.00000,1.00000,1,1,0.00000,0.07886,0
21.6460,0,map,BR,37,22.7400,0.64416,-0.18484,1.00000,0.64416,-0.18484,0.02200,0.00000,0.00000,1.00000,1,1,0.00000,0.08033,0
21.6560,0,map,FL,29,22.5000,0.98729,0.12180,1.00000,0.98729,0.12180,0.02200,0.00000,0.00000,1.00000,1,1,0.00000,0.08108,0
21.6560,0,map,BL,22,22.2900,0.49626,0.10395,1.00000,0.49626,0.10395,0.02200,0.00000,0.00000,1.00000,1,1,0.00000,0.07660,0
21.6560,0,map,FR,14,22.0500,0.86170,-0.19394,1.00000,0.86170,-0.19394,0.02200,0.00000,0.00000,1.00000,1,1,0.00000,0.08854,0
21.6560,0,map,BR,7,21.8400,0.34789,-0.15403,1.00000,0.34789,-0.15403,0.02200,0.00000,0.00000,1.00000,1,1,0.00000,0.07916,0
21.6560,0,map,BR,37,22.7400,0.64450,-0.18413,1.00000,0.64450,-0.18413,0.02200,0.00000,0.00000,1.00000,1,1,0.00000,0.07997,0
21.6660,0,map,FL,28,22.5000,0.98394,0.12301,1.00000,0.98394,0.12301,0.02200,0.00000,0.00000,1.00000,1,1,0.00000,0.07654,0
21.6660,0,map,BL,21,22.2900,0.49298,0.10565,1.00000,0.49298,0.10565,0.02200,0.00000,0.00000,1.00000,1,1,0.00000,0.07193,0
21.6660,0,map,FR,13,22.0500,0.86311,-0.19326,1.00000,0.86311,-0.19326,0.02200,0.00000,0.00000,1.00000,1,1,0.00000,0.08868,0
21.6660,0,map,BR,6,21.8400,0.34899,-0.15323,1.00000,0.34899,-0.15323,0.02200,0.00000,0.00000,1.00000,1,1,0.00000,0.07940,0
21.6660,0,map,BR,36,22.7400,0.64090,-0.18274,1.00000,0.64090,-0.18274,0.02200,0.00000,0.00000,1.00000,1,1,0.00000,0.07513,0
21.6740,0,map,FL,28,22.5000,0.99185,0.12352,1.00000,0.99185,0.12352,0.02200,0.00000,0.00000,1.00000,1,1,0.00000,0.08294,0
21.6760,0,map,BL,21,22.2900,0.49807,0.10561,1.00000,0.49807,0.10561,0.02200,0.00000,0.00000,1.00000,1,1,0.00000,0.07716,0
21.6760,0,map,FR,13,22.0500,0.86421,-0.19314,1.00000,0.86421,-0.19314,0.02200,0.00000,0.00000,1.00000,1,1,0.00000,0.08914,0
21.6760,0,map,BR,6,21.8400,0.34926,-0.15270,1.00000,0.34926,-0.15270,0.02200,0.00000,0.00000,1.00000,1,1,0.00000,0.07964,0
21.6760,0,map,BR,36,22.7400,0.64788,-0.18165,1.00000,0.64788,-0.18165,0.02200,0.00000,0.00000,1.00000,1,1,0.00000,0.08311,0
21.6840,0,map,FL,28,22.5000,0.99161,0.12389,1.00000,0.99161,0.12389,0.02200,0.00000,0.00000,1.00000,1,1,0.00000,0.08275,0
21.6840,0,map,BL,21,22.2900,0.49819,0.10653,1.00000,0.49819,0.10653,0.02200,0.00000,0.00000,1.00000,1,1,0.00000,0.07701,0
21.6840,0,map,FR,13,22.0500,0.86379,-0.19248,1.00000,0.86379,-0.19248,0.02200,0.00000,0.00000,1.00000,1,1,0.00000,0.08912,0
21.6840,0,map,BR,6,21.8400,0.34897,-0.15198,1.00000,0.34897,-0.15198,0.02200,0.00000,0.00000,1.00000,1,1,0.00000,0.07969,0
21.6840,0,map,BR,36,22.7400,0.64756,-0.18095,1.00000,0.64756,-0.18095,0.02200,0.00000,0.00000,1.00000,1,1,0.00000,0.08278,0
21.6920,0,map,FL,27,22.5000,0.98705,0.12518,1.00000,0.98705,0.12518,0.02200,0.00000,0.00000,1.00000,1,1,0.00000,0.07807,0
21.6920,0,map,BL,20,22.2900,0.49359,0.10820,1.00000,0.49359,0.10820,0.02200,0.00000,0.00000,1.00000,1,1,0.00000,0.07221,0
21.6920,0,map,FR,12,22.0500,0.86411,-0.19181,1.00000,0.86411,-0.19181,0.02200,0.00000,0.00000,1.00000,1,1,0.00000,0.08913,0
21.6920,0,map,BR,5,21.8400,0.34922,-0.15111,1.00000,0.34922,-0.15111,0.02200,0.00000,0.00000,1.00000,1,1,0.00000,0.07977,0
21.6920,0,map,BR,35,22.7400,0.64282,-0.17953,1.00000,0.64282,-0.17953,0.02200,0.00000,0.00000,1.00000,1,1,0.00000,0.07777,0
21.7020,0,map,FL,27,22.5000,0.99396,0.12560,1.00000,0.99396,0.12560,0.02200,0.00000,0.00000,1.00000,1,1,0.00000,0.08393,0
21.7020,0,map,BL,20,22.2900,0.49792,0.10797,1.00000,0.49792,0.10797,0.02200,0.00000,0.00000,1.00000,1,1,0.00000,0.07721,0
21.7020,0,map,FR,12,22.0500,0.86464,-0.19199,1.00000,0.86464,-0.19199,0.02200,0.00000,0.00000,1.00000,1,1,0.00000,0.08946,0
21.7020,0,map,BR,5,21.8400,0.34925,-0.15081,1.00000,0.34925,-0.15081,0.02200,0.00000,0.00000,1.00000,1,1,0.00000,0.07984,0
21.7020,0,map,BR,35,22.7400,0.64872,-0.17907,1.00000,0.64872,-0.17907,0.02200,0.00000,0.00000,1.00000,1,1,0.00000,0.08477,0
21.7120,0,map,FL,27,22.5000,0.99406,0.12611,1.00000,0.99406,0.12611,0.02200,0.00000,0.00000,1.00000,1,1,0.00000,0.08376,0
21.7120,0,map,BL,20,22.2900,0.49833,0.10898,1.00000,0.49833,0.10898,0.02200,0.00000,0.00000,1.00000,1,1,0.00000,0.07708,0
21.7120,0,map,FR,12,22.0500,0.86449,-0.19120,1.00000,0.86449,-0.19120,0.02200,0.00000,0.00000,1.00000,1,1,0.00000,0.08939,0
21.7120,0,map,BR,5,21.8400,0.34924,-0.14986,1.00000,0.34924,-0.14986,0.02200,0.00000,0.00000,1.00000,1,1,0.00000,0.07985,0
21.7120,0,map,BR,35,22.7400,0.64883,-0.17823,1.00000,0.64883,-0.17823,0.02200,0.00000,0.00000,1.00000,1,1,0.00000,0.08445,0
21.7200,0,map,FL,26,22.5000,0.98904,0.12743,1.00000,0.98904,0.12743,0.02200,0.00000,0.00000,1.00000,1,1,0.00000,0.07898,0
21.7200,0,map,BL,19,22.2900,0.49324,0.11066,1.00000,0.49324,0.11066,0.02200,0.00000,0.00000,1.00000,1,1,0.00000,0.07219,0
21.7200,0,map,FR,11,22.0500,0.86434,-0.19055,1.00000,0.86434,-0.19055,0.02200,0.00000,0.00000,1.00000,1,1,0.00000,0.08925,0
21.7200,0,map,BR,4,21.8400,0.34938,-0.14865,1.00000,0.34938,-0.14865,0.02200,0.00000,0.00000,1.00000,1,1,0.00000,0.07979,0
21.7200,0,map,BR,34,22.7400,0.64363,-0.17675,1.00000,0.64363,-0.17675,0.02200,0.00000,0.00000,1.00000,1,1,0.00000,0.07932,0
21.7280,0,map,FL,26,22.5000,0.99538,0.12784,1.00000,0.99538,0.12784,0.02200,0.00000,0.00000,1.00000,1,1,0.00000,0.08452,0
21.7300,0,map,BL,19,22.2900,0.49712,0.11047,1.00000,0.49712,0.11047,0.02200,0.00000,0.00000,1.00000,1,1,0.00000,0.07705,0
21.7300,0,map,FR,11,22.0500,0.86447,-0.19080,1.00000,0.86447,-0.19080,0.02200,0.00000,0.00000,1.00000,1,1,0.00000,0.08947,0
21.7300,0,map,BR,4,21.8400,0.34939,-0.14805,1.00000,0.34939,-0.14805,0.02200,0.00000,0.00000,1.00000,1,1,0.00000,0.07973,0
21.7300,0,map,BR,34,22.7400,0.64893,-0.17651,1.00000,0.64893,-0.17651,0.02200,0.00000,0.00000,1.00000,1,1,0.00000,0.08578,0
21.7380,0,map,FL,26,22.5000,0.99578,0.12828,1.00000,0.99578,0.12828,0.02200,0.00000,0.00000,1.00000,1,1,0.00000,0.08436,0
21.7380,0,map,BL,19,22.2900,0.49784,0.11148,1.00000,0.49784,0.11148,0.02200,0.00000,0.00000,1.00000,1,1,0.00000,0.07694,0
21.7380,0,map,FR,11,22.0500,0.86451,-0.19001,1.00000,0.86451,-0.19001,0.02200,0.00000,0.00000,1.00000,1,1,0.00000,0.08947,0
21.7380,0,map,BR,4,21.8400,0.34929,-0.14693,1.00000,0.34929,-0.14693,0.02200,0.00000,0.00000,1.00000,1,1,0.00000,0.07987,0
21.7380,0,map,BR,34,22.7400,0.64932,-0.17567,1.00000,0.64932,-0.17567,0.02200,0.00000,0.00000,1.00000,1,1,0.00000,0.08546,0
21.7480,0,map,FL,26,22.5000,0.99500,0.12867,1.00000,0.99500,0.12867,0.02200,0.00000,0.00000,1.00000,1,1,0.00000,0.08436,0
21.7480,0,map,BL,19,22.2900,0.49698,0.11227,1.00000,0.49698,0.11227,0.02200,0.00000,0.00000,1.00000,1,1,0.00000,0.07694,0
21.7480,0,map,FR,11,22.0500,0.86343,-0.18942,1.00000,0.86343,-0.18942,0.02200,0.00000,0.00000,1.00000,1,1,0.00000,0.08920,0
21.7480,0,map,BR,4,21.8400,0.34857,-0.14593,1.00000,0.34857,-0.14593,0.02200,0.00000,0.00000,1.00000,1,1,0.00000,0.07970,0
21.7480,0,map,BR,34,22.7400,0.64834,-0.17511,1.00000,0.64834,-0.17511,0.02200,0.00000,0.00000,1.00000,1,1,0.00000,0.08545,0
21.7560,0,map,FL,25,22.5000,0.98948,0.13007,1.00000,0.98948,0.13007,0.02200,0.00000,0.00000,1.00000,1,1,0.00000,0.07952,0
21.7560,0,map,BL,18,22.2900,0.49137,0.11411,1.00000,0.49137,0.11411,0.02200,0.00000,0.00000,1.00000,1,1,0.00000,0.07199,0
21.7560,0,map,FR,10,22.0500,0.86278,-0.18867,1.00000,0.86278,-0.18867,0.02200,0.00000,0.00000,1.00000,1,1,0.00000,0.08901,0
21.7560,0,map,BR,3,21.8400,0.34798,-0.14491,1.00000,0.34798,-0.14491,0.02200,0.00000,0.00000,1.00000,1,1,0.00000,0.07963,0
21.7560,0,map,BR,33,22.7400,0.64263,-0.17350,1.00000,0.64263,-0.17350,0.02200,0.00000,0.00000,1.00000,1,1,0.00000,0.08024,0
21.7660,0,map,FL,25,22.5000,0.99583,0.13065,1.00000,0.99583,0.13065,0.02200,0.00000,0.00000,1.00000,1,1,0.00000,0.08488,0
21.7660,0,map,BL,18,22.2900,0.49535,0.11421,1.00000,0.49535,0.11421,0.02200,0.00000,0.00000,1.00000,1,1,0.00000,0.07675,0
21.7660,0,map,FR,10,22.0500,0.86292,-0.18892,1.00000,0.86292,-0.18892,0.02200,0.00000,0.00000,1.00000,1,1,0.00000,0.08924,0
21.7660,0,map,BR,3,21.8400,0.34765,-0.14463,1.00000,0.34765,-0.14463,0.02200,0.00000,0.00000,1.00000,1,1,0.00000,0.07959,0
21.7660,0,map,BR,33,22.7400,0.64789,-0.17323,1.00000,0.64789,-0.17323,0.02200,0.00000,0.00000,1.00000,1,1,0.00000,0.08638,0
21.7740,0,map,FL,25,22.5000,0.99469,0.13111,1.00000,0.99469,0.13111,0.02200,0.00000,0.00000,1.00000,1,1,0.00000,0.08473,0
21.7740,0,map,BL,18,22.2900,0.49446,0.11522,1.00000,0.49446,0.11522,0.02200,0.00000,0.00000,1.00000,1,1,0.00000,0.07664,0
21.7740,0,map,FR,10,22.0500,0.86140,-0.18820,1.00000,0.86140,-0.18820,0.02200,0.00000,0.00000,1.00000,1,1,0.00000,0.08891,0
21.7740,0,map,BR,3,21.8400,0.34643,-0.14414,1.00000,0.34643,-0.14414,0.02200,0.00000,0.00000,1.00000,1,1,0.00000,0.07934,0
21.7760,0,map,BR,33,22.7400,0.64684,-0.17246,1.00000,0.64684,-0.17246,0.02200,0.00000,0.00000,1.00000,1,1,0.00000,0.08605,0
21.7840,0,map,FL,24,22.5000,0.98935,0.13267,1.00000,0.98935,0.13267,0.02200,0.00000,0.00000,1.00000,1,1,0.00000,0.07986,0
21.7840,0,map,BL,17,22.2900,0.49425,0.11622,1.00000,0.49425,0.11622,0.02200,0.00000,0.00000,1.00000,1,1,0.00000,0.07666,0
21.7840,0,map,FR,9,22.0500,0.86107,-0.18754,1.00000,0.86107,-0.18754,0.02200,0.00000,0.00000,1.00000,1,1,0.00000,0.08873,0
21.7840,0,map,FR,39,22.9500,1.11161,-0.19644,1.00000,1.11161,-0.19644,0.02200,0.00000,0.00000,1.00000,1,1,0.00000,0.09124,0
21.7840,0,map,BR,2,21.8400,0.34594,-0.14367,1.00000,0.34594,-0.14367,0.02200,0.00000,0.00000,1.00000,1,1,0.00000,0.07922,0
21.7840,0,map,BR,32,22.7400,0.64136,-0.17083,1.00000,0.64136,-0.17083,0.02200,0.00000,0.00000,1.00000,1,1,0.00000,0.08075,0
21.7920,0,map,FL,24,22.5000,0.99469,0.13334,1.00000,0.99469,0.13334,0.02200,0.00000,0.00000,1.00000,1,1,0.00000,0.08505,0
21.7920,0,map,BL,17,22.2900,0.49217,0.11738,1.00000,0.49217,0.11738,0.02200,0.00000,0.00000,1.00000,1,1,0.00000,0.07622,0
21.7920,0,map,FR,9,22.0500,0.86015,-0.18786,1.00000,0.86015,-0.18786,0.02200,0.00000,0.00000,1.00000,1,1,0.00000,0.08868,0
21.7920,0,map,FR,39,22.9500,1.12307,-0.19805,1.00000,1.12307,-0.19805,0.02200,0.00000,0.00000,1.00000,1,1,0.00000,0.09355,0
21.7920,0,map,BR,2,21.8400,0.34538,-0.14388,1.00000,0.34538,-0.14388,0.02200,0.00000,0.00000,1.00000,1,1,0.00000,0.07880,0
21.7920,0,map,BR,32,22.7400,0.64556,-0.17061,1.00000,0.64556,-0.17061,0.02200,0.00000,0.00000,1.00000,1,1,0.00000,0.08673,0
21.8040,0,map,FL,24,22.5000,0.99375,0.13406,1.00000,0.99375,0.13406,0.02200,0.00000,0.00000,1.00000,1,1,0.00000,0.08494,0
21.8040,0,map,BL,17,22.2900,0.49122,0.11830,1.00000,0.49122,0.11830,0.02200,0.00000,0.00000,1.00000,1,1,0.00000,0.07623,0
21.8040,0,map,FR,9,22.0500,0.85922,-0.18719,1.00000,0.85922,-0.18719,0.02200,0.00000,0.00000,1.00000,1,1,0.00000,0.08827,0
21.8040,0,map,FR,39,22.9500,1.12176,-0.19668,1.00000,1.12176,-0.19668,0.02200,0.00000,0.00000,1.00000,1,1,0.00000,0.09311,0
21.8040,0,map,BR,2,21.8400,0.34472,-0.14388,1.00000,0.34472,-0.14388,0.02200,0.00000,0.00000,1.00000,1,1,0.00000,0.07836,0
21.8040,0,map,BR,32,22.7400,0.64508,-0.16982,1.00000,0.64508,-0.16982,0.02200,0.00000,0.00000,1.00000,1,1,0.00000,0.08636,0
21.8140,0,map,FL,23,22.5000,0.98676,0.13590,1.00000,0.98676,0.13590,0.02200,0.00000,0.00000,1.00000,1,1,0.00000,0.08002,0
21.8140,0,map,BL,16,22.2900,0.48930,0.11930,1.00000,0.48930,0.11930,0.02200,0.00000,0.00000,1.00000,1,1,0.00000,0.07625,0
21.8140,0,map,FR,8,22.0500,0.85746,-0.18651,1.00000,0.85746,-0.18651,0.02200,0.00000,0.00000,1.00000,1,1,0.00000,0.08759,0
21.8140,0,map,FR,38,22.9500,1.11484,-0.19497,1.00000,1.11484,-0.19497,0.02200,0.00000,0.00000,1.00000,1,1,0.00000,0.08776,0
21.8140,0,map,BR,1,21.8400,0.34400,-0.14397,1.00000,0.34400,-0.14397,0.02200,0.00000,0.00000,1.00000,1,1,0.00000,0.07757,0
21.8140,0,map,BR,31,22.7400,0.63814,-0.16811,1.00000,0.63814,-0.16811,0.02200,0.00000,0.00000,1.00000,1,1,0.00000,0.08098,0
21.8360,0,map,FL,23,22.5000,0.98616,0.14143,1.00000,0.98616,0.14143,0.02200,0.00000,0.00000,1.00000,1,1,0.00000,0.08025,0
21.8360,0,map,BL,16,22.2900,0.48727,0.11982,1.00000,0.48727,0.11982,0.02200,0.00000,0.00000,1.00000,1,1,0.00000,0.07640,0
21.8360,0,map,FR,8,22.0500,0.85627,-0.18685,1.00000,0.85627,-0.18685,0.02200,0.00000,0.00000,1.00000,1,1,0.00000,0.08720,0
21.8360,0,map,FR,38,22.9500,1.10155,-0.17843,1.00000,1.10155,-0.17843,0.02200,0.00000,0.00000,1.00000,1,1,0.00000,0.07266,0
21.8360,0,map,BR,1,21.8400,0.34408,-0.14465,1.00000,0.34408,-0.14465,0.02200,0.00000,0.00000,1.00000,1,1,0.00000,0.07671,0
21.8360,0,map,BR,31,22.7400,0.62840,-0.15655,1.00000,0.62840,-0.15655,0.02200,0.00000,0.00000,1.00000,1,1,0.00000,0.07282,0
21.8440,0,map,FL,22,22.5000,0.97937,0.14276,1.00000,0.97937,0.14276,0.02200,0.00000,0.00000,1.00000,1,1,0.00000,0.07663,0
21.8440,0,map,BL,15,22.2900,0.48391,0.12159,1.00000,0.48391,0.12159,0.02200,0.00000,0.00000,1.00000,1,1,0.00000,0.07634,0
21.8440,0,map,FR,7,22.0500,0.85381,-0.18545,1.00000,0.85381,-0.18545,0.02200,0.00000,0.00000,1.00000,1,1,0.00000,0.08571,0
21.8440,0,map,FR,37,22.9500,1.09670,-0.18012,1.00000,1.09670,-0.18012,0.02200,0.00000,0.00000,1.00000,1,1,0.00000,0.07065,0
21.8440,0,map,BR,30,22.7400,0.62231,-0.15525,1.00000,0.62231,-0.15525,0.02200,0.00000,0.00000,1.00000,1,1,0.00000,0.07001,0
21.8540,0,map,FL,22,22.5000,0.98191,0.14632,1.00000,0.98191,0.14632,0.02200,0.00000,0.00000,1.00000,1,1,0.00000,0.07956,0
21.8540,0,map,BL,15,22.2900,0.48225,0.12188,1.00000,0.48225,0.12188,0.02200,0.00000,0.00000,1.00000,1,1,0.00000,0.07647,0
21.8540,0,map,FR,7,22.0500,0.85312,-0.18550,1.00000,0.85312,-0.18550,0.02200,0.00000,0.00000,1.00000,1,1,0.00000,0.08552,0
21.8540,0,map,FR,37,22.9500,1.09457,-0.17130,1.00000,1.09457,-0.17130,0.02200,0.00000,0.00000,1.00000,1,1,0.00000,0.06764,0
21.8540,0,map,BR,30,22.7400,0.62000,-0.14833,1.00000,0.62000,-0.14833,0.02200,0.00000,0.00000,1.00000,1,1,0.00000,0.06955,0
21.8640,0,map,FL,22,22.5000,0.98048,0.14623,1.00000,0.98048,0.14623,0.02200,0.00000,0.00000,1.00000,1,1,0.00000,0.07967,0
21.8640,0,map,BL,15,22.2900,0.48048,0.12240,1.00000,0.48048,0.12240,0.02200,0.00000,0.00000,1.00000,1,1,0.00000,0.07647,0
21.8640,0,map,FR,7,22.0500,0.85130,-0.18489,1.00000,0.85130,-0.18489,0.02200,0.00000,0.00000,1.00000,1,1,0.00000,0.08502,0
21.8640,0,map,FR,37,22.9500,1.09373,-0.17255,1.00000,1.09373,-0.17255,0.02200,0.00000,0.00000,1.00000,1,1,0.00000,0.06850,0
21.8640,0,map,BR,30,22.7400,0.61892,-0.14797,1.00000,0.61892,-0.14797,0.02200,0.00000,0.00000,1.00000,1,1,0.00000,0.07017,0
21.8740,0,map,FL,21,22.5000,0.97504,0.14678,1.00000,0.97504,0.14678,0.02200,0.00000,0.00000,1.00000,1,1,0.00000,0.07597,0
21.8740,0,map,BL,14,22.2900,0.47895,0.12311,1.00000,0.47895,0.12311,0.02200,0.00000,0.00000,1.00000,1,1,0.00000,0.07652,0
21.8740,0,map,FR,6,22.0500,0.85000,-0.18448,1.00000,0.85000,-0.18448,0.02200,0.00000,0.00000,1.00000,1,1,0.00000,0.08451,0
21.8740,0,map,FR,36,22.9500,1.08826,-0.17193,1.00000,1.08826,-0.17193,0.02200,0.00000,0.00000,1.00000,1,1,0.00000,0.06441,0
21.8740,0,map,BR,29,22.7400,0.61357,-0.14752,1.00000,0.61357,-0.14752,0.02200,0.00000,0.00000,1.00000,1,1,0.00000,0.06603,0
21.8820,0,map,FL,21,22.5000,0.97836,0.14884,1.00000,0.97836,0.14884,0.02200,0.00000,0.00000,1.00000,1,1,0.00000,0.07990,0
21.8820,0,map,BL,14,22.2900,0.47705,0.12321,1.00000,0.47705,0.12321,0.02200,0.00000,0.00000,1.00000,1,1,0.00000,0.07656,0
21.8820,0,map,FR,6,22.0500,0.84869,-0.18506,1.00000,0.84869,-0.18506,0.02200,0.00000,0.00000,1.00000,1,1,0.00000,0.08426,0
21.8820,0,map,FR,36,22.9500,1.08976,-0.16787,1.00000,1.08976,-0.16787,0.02200,0.00000,0.00000,1.00000,1,1,0.00000,0.06648,0
21.8820,0,map,BR,29,22.7400,0.61365,-0.14326,1.00000,0.61365,-0.14326,0.02200,0.00000,0.00000,1.00000,1,1,0.00000,0.06886,0
21.8920,0,map,FL,21,22.5000,0.97753,0.14870,1.00000,0.97753,0.14870,0.02200,0.00000,0.00000,1.00000,1,1,0.00000,0.07992,0
21.8920,0,map,BL,14,22.2900,0.47608,0.12357,1.00000,0.47608,0.12357,0.02200,0.00000,0.00000,1.00000,1,1,0.00000,0.07662,0
21.8920,0,map,FR,6,22.0500,0.84764,-0.18469,1.00000,0.84764,-0.18469,0.02200,0.00000,0.00000,1.00000,1,1,0.00000,0.08393,0
21.8920,0,map,FR,36,22.9500,1.08917,-0.16842,1.00000,1.08917,-0.16842,0.02200,0.00000,0.00000,1.00000,1,1,0.00000,0.06681,0
21.8920,0,map,BR,29,22.7400,0.61325,-0.14299,1.00000,0.61325,-0.14299,0.02200,0.00000,0.00000,1.00000,1,1,0.00000,0.06908,0
21.9080,0,map,FL,20,22.5000,0.97252,0.14872,1.00000,0.97252,0.14872,0.02200,0.00000,0.00000,1.00000,1,1,0.00000,0.07639,0
21.9080,0,map,BL,13,22.2900,0.47491,0.12401,1.00000,0.47491,0.12401,0.02200,0.00000,0.00000,1.00000,1,1,0.00000,0.07667,0
21.9080,0,map,FR,5,22.0500,0.84632,-0.18438,1.00000,0.84632,-0.18438,0.02200,0.00000,0.00000,1.00000,1,1,0.00000,0.08359,0
21.9080,0,map,FR,35,22.9500,1.08407,-0.16840,1.00000,1.08407,-0.16840,0.02200,0.00000,0.00000,1.00000,1,1,0.00000,0.06293,0
21.9080,0,map,BR,28,22.7400,0.60822,-0.14298,1.00000,0.60822,-0.14298,0.02200,0.00000,0.00000,1.00000,1,1,0.00000,0.06514,0
21.9200,0,map,FL,20,22.5000,0.97600,0.15003,1.00000,0.97600,0.15003,0.02200,0.00000,0.00000,1.00000,1,1,0.00000,0.08065,0
21.9200,0,map,BL,13,22.2900,0.47284,0.12392,1.00000,0.47284,0.12392,0.02200,0.00000,0.00000,1.00000,1,1,0.00000,0.07672,0
21.9200,0,map,FR,5,22.0500,0.84413,-0.18450,1.00000,0.84413,-0.18450,0.02200,0.00000,0.00000,1.00000,1,1,0.00000,0.08327,0
21.9200,0,map,FR,35,22.9500,1.08690,-0.16643,1.00000,1.08690,-0.16643,0.02200,0.00000,0.00000,1.00000,1,1,0.00000,0.06696,0
21.9200,0,map,BR,28,22.7400,0.60930,-0.14014,1.00000,0.60930,-0.14014,0.02200,0.00000,0.00000,1.00000,1,1,0.00000,0.06927,0
21.9280,0,map,FL,20,22.5000,0.97509,0.14976,1.00000,0.97509,0.14976,0.02200,0.00000,0.00000,1.00000,1,1,0.00000,0.08064,0
21.9300,0,map,BL,13,22.2900,0.47177,0.12414,1.00000,0.47177,0.12414,0.02200,0.00000,0.00000,1.00000,1,1,0.00000,0.07685,0
21.9300,0,map,FR,5,22.0500,0.84255,-0.18350,1.00000,0.84255,-0.18350,0.02200,0.00000,0.00000,1.00000,1,1,0.00000,0.08278,0
21.9300,0,map,FR,35,22.9500,1.08609,-0.16672,1.00000,1.08609,-0.16672,0.02200,0.00000,0.00000,1.00000,1,1,0.00000,0.06707,0
21.9300,0,map,BR,28,22.7400,0.60885,-0.14006,1.00000,0.60885,-0.14006,0.02200,0.00000,0.00000,1.00000,1,1,0.00000,0.06931,0
21.9440,0,map,FL,19,22.5000,0.97108,0.14938,1.00000,0.97108,0.14938,0.02200,0.00000,0.00000,1.00000,1,1,0.00000,0.07714,0
21.9440,0,map,BL,12,22.2900,0.47153,0.12432,1.00000,0.47153,0.12432,0.02200,0.00000,0.00000,1.00000,1,1,0.00000,0.07692,0
21.9440,0,map,FR,4,22.0500,0.84223,-0.18296,1.00000,0.84223,-0.18296,0.02200,0.00000,0.00000,1.00000,1,1,0.00000,0.08244,0
21.9440,0,map,FR,34,22.9500,1.08198,-0.16706,1.00000,1.08198,-0.16706,0.02200,0.00000,0.00000,1.00000,1,1,0.00000,0.06326,0
21.9440,0,map,BR,27,22.7400,0.60482,-0.14047,1.00000,0.60482,-0.14047,0.02200,0.00000,0.00000,1.00000,1,1,0.00000,0.06541,0
21.9540,0,map,FL,19,22.5000,0.97535,0.15004,1.00000,0.97535,0.15004,0.02200,0.00000,0.00000,1.00000,1,1,0.00000,0.08145,0
21.9540,0,map,BL,12,22.2900,0.47026,0.12383,1.00000,0.47026,0.12383,0.02200,0.00000,0.00000,1.00000,1,1,0.00000,0.07698,0
21.9540,0,map,FR,4,22.0500,0.84026,-0.18209,1.00000,0.84026,-0.18209,0.02200,0.00000,0.00000,1.00000,1,1,0.00000,0.08213,0
21.9540,0,map,FR,34,22.9500,1.08623,-0.16635,1.00000,1.08623,-0.16635,0.02200,0.00000,0.00000,1.00000,1,1,0.00000,0.06811,0
21.9540,0,map,BR,27,22.7400,0.60716,-0.13872,1.00000,0.60716,-0.13872,0.02200,0.00000,0.00000,1.00000,1,1,0.00000,0.07010,0
21.9660,0,map,FL,18,22.5000,0.97046,0.14922,1.00000,0.97046,0.14922,0.02200,0.00000,0.00000,1.00000,1,1,0.00000,0.07794,0
21.9660,0,map,BL,11,22.2900,0.46928,0.12392,1.00000,0.46928,0.12392,0.02200,0.00000,0.00000,1.00000,1,1,0.00000,0.07712,0
21.9660,0,map,FR,3,22.0500,0.83867,-0.18090,1.00000,0.83867,-0.18090,0.02200,0.00000,0.00000,1.00000,1,1,0.00000,0.08171,0
21.9660,0,map,FR,33,22.9500,1.08144,-0.16702,1.00000,1.08144,-0.16702,0.02200,0.00000,0.00000,1.00000,1,1,0.00000,0.06437,0
21.9660,0,map,BR,26,22.7400,0.60279,-0.13942,1.00000,0.60279,-0.13942,0.02200,0.00000,0.00000,1.00000,1,1,0.00000,0.06620,0
21.9740,0,map,FL,18,22.5000,0.97522,0.14973,1.00000,0.97522,0.14973,0.02200,0.00000,0.00000,1.00000,1,1,0.00000,0.08225,0
21.9740,0,map,BL,11,22.2900,0.46853,0.12343,1.00000,0.46853,0.12343,0.02200,0.00000,0.00000,1.00000,1,1,0.00000,0.07720,0
21.9760,0,map,FR,3,22.0500,0.83749,-0.18016,1.00000,0.83749,-0.18016,0.02200,0.00000,0.00000,1.00000,1,1,0.00000,0.08155,0
21.9760,0,map,FR,33,22.9500,1.08660,-0.16691,1.00000,1.08660,-0.16691,0.02200,0.00000,0.00000,1.00000,1,1,0.00000,0.06953,0
21.9760,0,map,BR,26,22.7400,0.60599,-0.13832,1.00000,0.60599,-0.13832,0.02200,0.00000,0.00000,1.00000,1,1,0.00000,0.07109,0
21.9840,0,map,FL,18,22.5000,0.97556,0.14940,1.00000,0.97556,0.14940,0.02200,0.00000,0.00000,1.00000,1,1,0.00000,0.08219,0
21.9840,0,map,BL,11,22.2900,0.46895,0.12335,1.00000,0.46895,0.12335,0.02200,0.00000,0.00000,1.00000,1,1,0.00000,0.07725,0
21.9860,0,map,FR,3,22.0500,0.83842,-0.18007,1.00000,0.83842,-0.18007,0.02200,0.00000,0.00000,1.00000,1,1,0.00000,0.08151,0
21.9860,0,map,FR,33,22.9500,1.08720,-0.16717,1.00000,1.08720,-0.16717,0.02200,0.00000,0.00000,1.00000,1,1,0.00000,0.06952,0
21.9860,0,map,BR,26,22.7400,0.60700,-0.13872,1.00000,0.60700,-0.13872,0.02200,0.00000,0.00000,1.00000,1,1,0.00000,0.07099,0
21.9940,0,map,FL,17,22.5000,0.97510,0.14915,1.00000,0.97510,0.14915,0.02200,0.00000,0.00000,1.00000,1,1,0.00000,0.08218,0
21.9940,0,map,BL,10,22.2900,0.46850,0.12308,1.00000,0.46850,0.12308,0.02200,0.00000,0.00000,1.00000,1,1,0.00000,0.07729,0
21.9940,0,map,FR,2,22.0500,0.83749,-0.17940,1.00000,0.83749,-0.17940,0.02200,0.00000,0.00000,1.00000,1,1,0.00000,0.08143,0
21.9940,0,map,FR,32,22.9500,1.08262,-0.16783,1.00000,1.08262,-0.16783,0.02200,0.00000,0.00000,1.00000,1,1,0.00000,0.06570,0
21.9940,0,map,BR,25,22.7400,0.60242,-0.13951,1.00000,0.60242,-0.13951,0.02200,0.00000,0.00000,1.00000,1,1,0.00000,0.06709,0
22.0040,0,map,FL,17,22.5000,0.97632,0.14889,1.00000,0.97632,0.14889,0.02200,0.00000,0.00000,1.00000,1,1,0.00000,0.08294,0
22.0040,0,map,BL,10,22.2900,0.46836,0.12234,1.00000,0.46836,0.12234,0.02200,0.00000,0.00000,1.00000,1,1,0.00000,0.07737,0
22.0040,0,map,FR,2,22.0500,0.83724,-0.17903,1.00000,0.83724,-0.17903,0.02200,0.00000,0.00000,1.00000,1,1,0.00000,0.08155,0
22.0040,0,map,FR,32,22.9500,1.08834,-0.16825,1.00000,1.08834,-0.16825,0.02200,0.00000,0.00000,1.00000,1,1,0.00000,0.07085,0
22.0040,0,map,BR,25,22.7400,0.60634,-0.13884,1.00000,0.60634,-0.13884,0.02200,0.00000,0.00000,1.00000,1,1,0.00000,0.07197,0
22.0120,0,map,FL,17,22.5000,0.97654,0.14831,1.00000,0.97654,0.14831,0.02200,0.00000,0.00000,1.00000,1,1,0.00000,0.08283,0
22.0120,0,map,BL,10,22.2900,0.46891,0.12182,1.00000,0.46891,0.12182,0.02200,0.00000,0.00000,1.00000,1,1,0.00000,0.07738,0
22.0120,0,map,FR,2,22.0500,0.83797,-0.17900,1.00000,0.83797,-0.17900,0.02200,0.00000,0.00000,1.00000,1,1,0.00000,0.08190,0
22.0120,0,map,FR,32,22.9500,1.08915,-0.16863,1.00000,1.08915,-0.16863,0.02200,0.00000,0.00000,1.00000,1,1,0.00000,0.07103,0
22.0120,0,map,BR,25,22.7400,0.60727,-0.13955,1.00000,0.60727,-0.13955,0.02200,0.00000,0.00000,1.00000,1,1,0.00000,0.07199,0
22.0220,0,map,FL,16,22.5000,0.98109,0.14848,1.00000,0.98109,0.14848,0.02200,0.00000,0.00000,1.00000,1,1,0.00000,0.08641,0
22.0220,0,map,BL,9,22.2900,0.46950,0.12117,1.00000,0.46950,0.12117,0.02200,0.00000,0.00000,1.00000,1,1,0.00000,0.07736,0
22.0220,0,map,BL,39,23.1900,0.74470,0.14899,1.00000,0.74470,0.14899,0.02200,0.00000,0.00000,1.00000,1,1,0.00000,0.06482,0
22.0220,0,map,FR,1,22.0500,0.83894,-0.17919,1.00000,0.83894,-0.17919,0.02200,0.00000,0.00000,1.00000,1,1,0.00000,0.08231,0
22.0220,0,map,FR,31,22.9500,1.08560,-0.16946,1.00000,1.08560,-0.16946,0.02200,0.00000,0.00000,1.00000,1,1,0.00000,0.06717,0
22.0220,0,map,BR,24,22.7400,0.60371,-0.14065,1.00000,0.60371,-0.14065,0.02200,0.00000,0.00000,1.00000,1,1,0.00000,0.06804,0
22.0320,0,map,FL,16,22.5000,0.98285,0.14791,1.00000,0.98285,0.14791,0.02200,0.00000,0.00000,1.00000,1,1,0.00000,0.08708,0
22.0320,0,map,BL,9,22.2900,0.47014,0.11995,1.00000,0.47014,0.11995,0.02200,0.00000,0.00000,1.00000,1,1,0.00000,0.07742,0
22.0320,0,map,BL,39,23.1900,0.75547,0.14909,1.00000,0.75547,0.14909,0.02200,0.00000,0.00000,1.00000,1,1,0.00000,0.06557,0
22.0320,0,map,FR,1,22.0500,0.83967,-0.17912,1.00000,0.83967,-0.17912,0.02200,0.00000,0.00000,1.00000,1,1,0.00000,0.08282,0
22.0320,0,map,FR,31,22.9500,1.09186,-0.17029,1.00000,1.09186,-0.17029,0.02200,0.00000,0.00000,1.00000,1,1,0.00000,0.07220,0
22.0320,0,map,BR,24,22.7400,0.60833,-0.14045,1.00000,0.60833,-0.14045,0.02200,0.00000,0.00000,1.00000,1,1,0.00000,0.07284,0
22.0400,0,map,FL,16,22.5000,0.98366,0.14706,1.00000,0.98366,0.14706,0.02200,0.00000,0.00000,1.00000,1,1,0.00000,0.08697,0
22.0400,0,map,BL,9,22.2900,0.47148,0.11880,1.00000,0.47148,0.11880,0.02200,0.00000,0.00000,1.00000,1,1,0.00000,0.07741,0
22.0400,0,map,BL,39,23.1900,0.75701,0.14798,1.00000,0.75701,0.14798,0.02200,0.00000,0.00000,1.00000,1,1,0.00000,0.06591,0
22.0400,0,map,FR,1,22.0500,0.84046,-0.17947,1.00000,0.84046,-0.17947,0.02200,0.00000,0.00000,1.00000,1,1,0.00000,0.08353,0
22.0400,0,map,FR,31,22.9500,1.09334,-0.17081,1.00000,1.09334,-0.17081,0.02200,0.00000,0.00000,1.00000,1,1,0.00000,0.07236,0
22.0400,0,map,BR,24,22.7400,0.60990,-0.14157,1.00000,0.60990,-0.14157,0.02200,0.00000,0.00000,1.00000,1,1,0.00000,0.07284,0
22.0500,0,map,FL,15,22.5000,0.98465,0.14642,1.00000,0.98465,0.14642,0.02200,0.00000,0.00000,1.00000,1,1,0.00000,0.08695,0
22.0500,0,map,BL,8,22.2900,0.47265,0.11761,1.00000,0.47265,0.11761,0.02200,0.00000,0.00000,1.00000,1,1,0.00000,0.07741,0
22.0500,0,map,BL,38,23.1900,0.75368,0.14682,1.00000,0.75368,0.14682,0.02200,0.00000,0.00000,1.00000,1,1,0.00000,0.06175,0
22.0500,0,map,FR,30,22.9500,1.09031,-0.17178,1.00000,1.09031,-0.17178,0.02200,0.00000,0.00000,1.00000,1,1,0.00000,0.06846,0
22.0500,0,map,BR,23,22.7400,0.60687,-0.14301,1.00000,0.60687,-0.14301,0.02200,0.00000,0.00000,1.00000,1,1,0.00000,0.06885,0
22.0680,0,map,FL,15,22.5000,0.98579,0.14586,1.00000,0.98579,0.14586,0.02200,0.00000,0.00000,1.00000,1,1,0.00000,0.08734,0
22.0680,0,map,BL,8,22.2900,0.47304,0.11629,1.00000,0.47304,0.11629,0.02200,0.00000,0.00000,1.00000,1,1,0.00000,0.07763,0
22.0680,0,map,BL,38,23.1900,0.76723,0.14242,1.00000,0.76723,0.14242,0.02200,0.00000,0.00000,1.00000,1,1,0.00000,0.07545,0
22.0680,0,map,FR,30,22.9500,1.10192,-0.17288,1.00000,1.10192,-0.17288,0.02200,0.00000,0.00000,1.00000,1,1,0.00000,0.07844,0
22.0680,0,map,BR,23,22.7400,0.61366,-0.14334,1.00000,0.61366,-0.14334,0.02200,0.00000,0.00000,1.00000,1,1,0.00000,0.07579,0
22.0760,0,map,FL,15,22.5000,0.98894,0.14405,1.00000,0.98894,0.14405,0.02200,0.00000,0.00000,1.00000,1,1,0.00000,0.08732,0
22.0760,0,map,BL,8,22.2900,0.47697,0.11316,1.00000,0.47697,0.11316,0.02200,0.00000,0.00000,1.00000,1,1,0.00000,0.07762,0
22.0760,0,map,BL,38,23.1900,0.76975,0.14027,1.00000,0.76975,0.14027,0.02200,0.00000,0.00000,1.00000,1,1,0.00000,0.07505,0
22.0760,0,map,FR,30,22.9500,1.10583,-0.17391,1.00000,1.10583,-0.17391,0.02200,0.00000,0.00000,1.00000,1,1,0.00000,0.07811,0
22.0760,0,map,BR,23,22.7400,0.61791,-0.14620,1.00000,0.61791,-0.14620,0.02200,0.00000,0.00000,1.00000,1,1,0.00000,0.07553,0
22.0860,0,map,FL,14,22.5000,0.99026,0.14309,1.00000,0.99026,0.14309,0.02200,0.00000,0.00000,1.00000,1,1,0.00000,0.08755,0
22.0860,0,map,BL,7,22.2900,0.47795,0.11208,1.00000,0.47795,0.11208,0.02200,0.00000,0.00000,1.00000,1,1,0.00000,0.07801,0
22.0860,0,map,BL,37,23.1900,0.76602,0.13890,1.00000,0.76602,0.13890,0.02200,0.00000,0.00000,1.00000,1,1,0.00000,0.07044,0
22.0860,0,map,FR,29,22.9500,1.10241,-0.17503,1.00000,1.10241,-0.17503,0.02200,0.00000,0.00000,1.00000,1,1,0.00000,0.07379,0
22.0860,0,map,BR,22,22.7400,0.61462,-0.14796,1.00000,0.61462,-0.14796,0.02200,0.00000,0.00000,1.00000,1,1,0.00000,0.07108,0
22.0960,0,map,FL,14,22.5000,0.99211,0.14255,1.00000,0.99211,0.14255,0.02200,0.00000,0.00000,1.00000,1,1,0.00000,0.08820,0
22.0960,0,map,BL,7,22.2900,0.47841,0.11131,1.00000,0.47841,0.11131,0.02200,0.00000,0.00000,1.00000,1,1,0.00000,0.07861,0
22.0960,0,map,BL,37,23.1900,0.77517,0.13656,1.00000,0.77517,0.13656,0.02200,0.00000,0.00000,1.00000,1,1,0.00000,0.08034,0
22.0960,0,map,FR,29,22.9500,1.11201,-0.17587,1.00000,1.11201,-0.17587,0.02200,0.00000,0.00000,1.00000,1,1,0.00000,0.08132,0
22.0960,0,map,BR,22,22.7400,0.62082,-0.14830,1.00000,0.62082,-0.14830,0.02200,0.00000,0.00000,1.00000,1,1,0.00000,0.07682,0
22.1040,0,map,FL,14,22.5000,0.99294,0.14169,1.00000,0.99294,0.14169,0.02200,0.00000,0.00000,1.00000,1,1,0.00000,0.08841,0
22.1040,0,map,BL,7,22.2900,0.47891,0.11051,1.00000,0.47891,0.11051,0.02200,0.00000,0.00000,1.00000,1,1,0.00000,0.07898,0
22.1040,0,map,BL,37,23.1900,0.77570,0.13568,1.00000,0.77570,0.13568,0.02200,0.00000,0.00000,1.00000,1,1,0.00000,0.07998,0
22.1040,0,map,FR,29,22.9500,1.11299,-0.17626,1.00000,1.11299,-0.17626,0.02200,0.00000,0.00000,1.00000,1,1,0.00000,0.08108,0
22.1040,0,map,BR,22,22.7400,0.62227,-0.14960,1.00000,0.62227,-0.14960,0.02200,0.00000,0.00000,1.00000,1,1,0.00000,0.07661,0
22.1140,0,map,FL,13,22.5000,0.99358,0.14112,1.00000,0.99358,0.14112,0.02200,0.00000,0.00000,1.00000,1,1,0.00000,0.08847,0
22.1140,0,map,BL,6,22.2900,0.47949,0.10967,1.00000,0.47949,0.10967,0.02200,0.00000,0.00000,1.00000,1,1,0.00000,0.07910,0
22.1140,0,map,BL,36,23.1900,0.77137,0.13447,1.00000,0.77137,0.13447,0.02200,0.00000,0.00000,1.00000,1,1,0.00000,0.07513,0
22.1160,0,map,FR,28,22.9500,1.10890,-0.17729,1.00000,1.10890,-0.17729,0.02200,0.00000,0.00000,1.00000,1,1,0.00000,0.07653,0
22.1160,0,map,BR,21,22.7400,0.61824,-0.15112,1.00000,0.61824,-0.15112,0.02200,0.00000,0.00000,1.00000,1,1,0.00000,0.07194,0
22.1260,0,map,FL,13,22.5000,0.99476,0.14090,1.00000,0.99476,0.14090,0.02200,0.00000,0.00000,1.00000,1,1,0.00000,0.08891,0
22.1260,0,map,BL,6,22.2900,0.47983,0.10907,1.00000,0.47983,0.10907,0.02200,0.00000,0.00000,1.00000,1,1,0.00000,0.07935,0
22.1260,0,map,BL,36,23.1900,0.77840,0.13320,1.00000,0.77840,0.13320,0.02200,0.00000,0.00000,1.00000,1,1,0.00000,0.08312,0
22.1260,0,map,FR,28,22.9500,1.11690,-0.17797,1.00000,1.11690,-0.17797,0.02200,0.00000,0.00000,1.00000,1,1,0.00000,0.08294,0
22.1260,0,map,BR,21,22.7400,0.62338,-0.15123,1.00000,0.62338,-0.15123,0.02200,0.00000,0.00000,1.00000,1,1,0.00000,0.07718,0
22.1360,0,map,FL,13,22.5000,0.99520,0.13992,1.00000,0.99520,0.13992,0.02200,0.00000,0.00000,1.00000,1,1,0.00000,0.08897,0
22.1360,0,map,BL,6,22.2900,0.48020,0.10804,1.00000,0.48020,0.10804,0.02200,0.00000,0.00000,1.00000,1,1,0.00000,0.07951,0
22.1360,0,map,BL,36,23.1900,0.77887,0.13218,1.00000,0.77887,0.13218,0.02200,0.00000,0.00000,1.00000,1,1,0.00000,0.08279,0
22.1360,0,map,FR,28,22.9500,1.11753,-0.17859,1.00000,1.11753,-0.17859,0.02200,0.00000,0.00000,1.00000,1,1,0.00000,0.08275,0
22.1360,0,map,BR,21,22.7400,0.62438,-0.15254,1.00000,0.62438,-0.15254,0.02200,0.00000,0.00000,1.00000,1,1,0.00000,0.07703,0
22.1440,0,map,FL,12,22.5000,0.99484,0.13934,1.00000,0.99484,0.13934,0.02200,0.00000,0.00000,1.00000,1,1,0.00000,0.08891,0
22.1440,0,map,BL,5,22.2900,0.48001,0.10718,1.00000,0.48001,0.10718,0.02200,0.00000,0.00000,1.00000,1,1,0.00000,0.07951,0
22.1440,0,map,BL,35,23.1900,0.77348,0.13094,1.00000,0.77348,0.13094,0.02200,0.00000,0.00000,1.00000,1,1,0.00000,0.07778,0
22.1440,0,map,FR,27,22.9500,1.11229,-0.17973,1.00000,1.11229,-0.17973,0.02200,0.00000,0.00000,1.00000,1,1,0.00000,0.07806,0
22.1440,0,map,BR,20,22.7400,0.61913,-0.15404,1.00000,0.61913,-0.15404,0.02200,0.00000,0.00000,1.00000,1,1,0.00000,0.07222,0
22.1540,0,map,FL,12,22.5000,0.99607,0.13933,1.00000,0.99607,0.13933,0.02200,0.00000,0.00000,1.00000,1,1,0.00000,0.08931,0
22.1540,0,map,BL,5,22.2900,0.48049,0.10672,1.00000,0.48049,0.10672,0.02200,0.00000,0.00000,1.00000,1,1,0.00000,0.07968,0
22.1540,0,map,BL,35,23.1900,0.78002,0.13020,1.00000,0.78002,0.13020,0.02200,0.00000,0.00000,1.00000,1,1,0.00000,0.08478,0
22.1540,0,map,FR,27,22.9500,1.11987,-0.18041,1.00000,1.11987,-0.18041,0.02200,0.00000,0.00000,1.00000,1,1,0.00000,0.08392,0
22.1540,0,map,BR,20,22.7400,0.62413,-0.15409,1.00000,0.62413,-0.15409,0.02200,0.00000,0.00000,1.00000,1,1,0.00000,0.07722,0
22.1640,0,map,FL,12,22.5000,0.99654,0.13854,1.00000,0.99654,0.13854,0.02200,0.00000,0.00000,1.00000,1,1,0.00000,0.08930,0
22.1640,0,map,BL,5,22.2900,0.48103,0.10570,1.00000,0.48103,0.10570,0.02200,0.00000,0.00000,1.00000,1,1,0.00000,0.07975,0
22.1640,0,map,BL,35,23.1900,0.78073,0.12934,1.00000,0.78073,0.12934,0.02200,0.00000,0.00000,1.00000,1,1,0.00000,0.08445,0
22.1640,0,map,FR,27,22.9500,1.12060,-0.18092,1.00000,1.12060,-0.18092,0.02200,0.00000,0.00000,1.00000,1,1,0.00000,0.08375,0
22.1640,0,map,BR,20,22.7400,0.62521,-0.15514,1.00000,0.62521,-0.15514,0.02200,0.00000,0.00000,1.00000,1,1,0.00000,0.07709,0
22.1740,0,map,FL,11,22.5000,0.99519,0.13791,1.00000,0.99519,0.13791,0.02200,0.00000,0.00000,1.00000,1,1,0.00000,0.08899,0
22.1740,0,map,BL,4,22.2900,0.48033,0.10457,1.00000,0.48033,0.10457,0.02200,0.00000,0.00000,1.00000,1,1,0.00000,0.07951,0
22.1740,0,map,BL,34,23.1900,0.77434,0.12804,1.00000,0.77434,0.12804,0.02200,0.00000,0.00000,1.00000,1,1,0.00000,0.07932,0
22.1740,0,map,FR,26,22.9500,1.11436,-0.18209,1.00000,1.11436,-0.18209,0.02200,0.00000,0.00000,1.00000,1,1,0.00000,0.07896,0
22.1740,0,map,BR,19,22.7400,0.61889,-0.15664,1.00000,0.61889,-0.15664,0.02200,0.00000,0.00000,1.00000,1,1,0.00000,0.07218,0
22.1840,0,map,FL,11,22.5000,0.99586,0.13788,1.00000,0.99586,0.13788,0.02200,0.00000,0.00000,1.00000,1,1,0.00000,0.08928,0
22.1840,0,map,BL,4,22.2900,0.48057,0.10358,1.00000,0.48057,0.10358,0.02200,0.00000,0.00000,1.00000,1,1,0.00000,0.07958,0
22.1840,0,map,BL,34,23.1900,0.78016,0.12741,1.00000,0.78016,0.12741,0.02200,0.00000,0.00000,1.00000,1,1,0.00000,0.08579,0
22.1840,0,map,FR,26,22.9500,1.12130,-0.18284,1.00000,1.12130,-0.18284,0.02200,0.00000,0.00000,1.00000,1,1,0.00000,0.08451,0
22.1840,0,map,BR,19,22.7400,0.62333,-0.15687,1.00000,0.62333,-0.15687,0.02200,0.00000,0.00000,1.00000,1,1,0.00000,0.07706,0
22.1980,0,map,FL,11,22.5000,0.99524,0.13702,1.00000,0.99524,0.13702,0.02200,0.00000,0.00000,1.00000,1,1,0.00000,0.08915,0
22.1980,0,map,BL,4,22.2900,0.48004,0.10242,1.00000,0.48004,0.10242,0.02200,0.00000,0.00000,1.00000,1,1,0.00000,0.07960,0
22.1980,0,map,BL,34,23.1900,0.77992,0.12651,1.00000,0.77992,0.12651,0.02200,0.00000,0.00000,1.00000,1,1,0.00000,0.08546,0
22.1980,0,map,FR,26,22.9500,1.12108,-0.18333,1.00000,1.12108,-0.18333,0.02200,0.00000,0.00000,1.00000,1,1,0.00000,0.08435,0
22.1980,0,map,BR,19,22.7400,0.62342,-0.15799,1.00000,0.62342,-0.15799,0.02200,0.00000,0.00000,1.00000,1,1,0.00000,0.07694,0
22.2100,0,map,FL,10,22.5000,0.99444,0.13595,1.00000,0.99444,0.13595,0.02200,0.00000,0.00000,1.00000,1,1,0.00000,0.08891,0
22.2100,0,map,BL,3,22.2900,0.47928,0.10118,1.00000,0.47928,0.10118,0.02200,0.00000,0.00000,1.00000,1,1,0.00000,0.07949,0
22.2100,0,map,BL,33,23.1900,0.77403,0.12470,1.00000,0.77403,0.12470,0.02200,0.00000,0.00000,1.00000,1,1,0.00000,0.08024,0
22.2120,0,map,FR,25,22.9500,1.11548,-0.18491,1.00000,1.11548,-0.18491,0.02200,0.00000,0.00000,1.00000,1,1,0.00000,0.07952,0
22.2120,0,map,BR,18,22.7400,0.61770,-0.16016,1.00000,0.61770,-0.16016,0.02200,0.00000,0.00000,1.00000,1,1,0.00000,0.07198,0
22.2200,0,map,FL,10,22.5000,0.99380,0.13603,1.00000,0.99380,0.13603,0.02200,0.00000,0.00000,1.00000,1,1,0.00000,0.08897,0
22.2200,0,map,BL,3,22.2900,0.47838,0.10059,1.00000,0.47838,0.10059,0.02200,0.00000,0.00000,1.00000,1,1,0.00000,0.07933,0
22.2200,0,map,BL,33,23.1900,0.77857,0.12419,1.00000,0.77857,0.12419,0.02200,0.00000,0.00000,1.00000,1,1,0.00000,0.08638,0
22.2200,0,map,FR,25,22.9500,1.12113,-0.18571,1.00000,1.12113,-0.18571,0.02200,0.00000,0.00000,1.00000,1,1,0.00000,0.08487,0
22.2200,0,map,BR,18,22.7400,0.62094,-0.16057,1.00000,0.62094,-0.16057,0.02200,0.00000,0.00000,1.00000,1,1,0.00000,0.07674,0
22.2280,0,map,FL,10,22.5000,0.99271,0.13522,1.00000,0.99271,0.13522,0.02200,0.00000,0.00000,1.00000,1,1,0.00000,0.08869,0
22.2280,0,map,BL,3,22.2900,0.47742,0.10004,1.00000,0.47742,0.10004,0.02200,0.00000,0.00000,1.00000,1,1,0.00000,0.07914,0
22.2280,0,map,BL,33,23.1900,0.77795,0.12329,1.00000,0.77795,0.12329,0.02200,0.00000,0.00000,1.00000,1,1,0.00000,0.08606,0
22.2280,0,map,FR,25,22.9500,1.12045,-0.18628,1.00000,1.12045,-0.18628,0.02200,0.00000,0.00000,1.00000,1,1,0.00000,0.08473,0
22.2300,0,map,BR,18,22.7400,0.62049,-0.16177,1.00000,0.62049,-0.16177,0.02200,0.00000,0.00000,1.00000,1,1,0.00000,0.07665,0
22.2380,0,map,FL,9,22.5000,0.99193,0.13468,1.00000,0.99193,0.13468,0.02200,0.00000,0.00000,1.00000,1,1,0.00000,0.08841,0
22.2380,0,map,FL,39,23.4000,1.24262,0.13929,1.00000,1.24262,0.13929,0.02200,0.00000,0.00000,1.00000,1,1,0.00000,0.09124,0
22.2380,0,map,BL,2,22.2900,0.47685,0.09961,1.00000,0.47685,0.09961,0.02200,0.00000,0.00000,1.00000,1,1,0.00000,0.07890,0
22.2380,0,map,BL,32,23.1900,0.77199,0.12188,1.00000,0.77199,0.12188,0.02200,0.00000,0.00000,1.00000,1,1,0.00000,0.08075,0
22.2380,0,map,FR,24,22.9500,1.11461,-0.18763,1.00000,1.11461,-0.18763,0.02200,0.00000,0.00000,1.00000,1,1,0.00000,0.07984,0
22.2380,0,map,BR,17,22.7400,0.61978,-0.16262,1.00000,0.61978,-0.16262,0.02200,0.00000,0.00000,1.00000,1,1,0.00000,0.07666,0
22.2460,0,map,FL,9,22.5000,0.99103,0.13503,1.00000,0.99103,0.13503,0.02200,0.00000,0.00000,1.00000,1,1,0.00000,0.08834,0
22.2460,0,map,FL,39,23.4000,1.25411,0.14068,1.00000,1.25411,0.14068,0.02200,0.00000,0.00000,1.00000,1,1,0.00000,0.09355,0
22.2460,0,map,BL,2,22.2900,0.47633,0.09991,1.00000,0.47633,0.09991,0.02200,0.00000,0.00000,1.00000,1,1,0.00000,0.07843,0
22.2480,0,map,BL,32,23.1900,0.77620,0.12158,1.00000,0.77620,0.12158,0.02200,0.00000,0.00000,1.00000,1,1,0.00000,0.08673,0
22.2480,0,map,FR,24,22.9500,1.11994,-0.18842,1.00000,1.11994,-0.18842,0.02200,0.00000,0.00000,1.00000,1,1,0.00000,0.08503,0
22.2480,0,map,BR,17,22.7400,0.61764,-0.16376,1.00000,0.61764,-0.16376,0.02200,0.00000,0.00000,1.00000,1,1,0.00000,0.07622,0
22.2560,0,map,FL,9,22.5000,0.99012,0.13436,1.00000,0.99012,0.13436,0.02200,0.00000,0.00000,1.00000,1,1,0.00000,0.08791,0
22.2560,0,map,FL,39,23.4000,1.25279,0.13931,1.00000,1.25279,0.13931,0.02200,0.00000,0.00000,1.00000,1,1,0.00000,0.09311,0
22.2560,0,map,BL,2,22.2900,0.47577,0.09992,1.00000,0.47577,0.09992,0.02200,0.00000,0.00000,1.00000,1,1,0.00000,0.07796,0
22.2560,0,map,BL,32,23.1900,0.77571,0.12079,1.00000,0.77571,0.12079,0.02200,0.00000,0.00000,1.00000,1,1,0.00000,0.08636,0
22.2560,0,map,FR,24,22.9500,1.11898,-0.18914,1.00000,1.11898,-0.18914,0.02200,0.00000,0.00000,1.00000,1,1,0.00000,0.08492,0
22.2560,0,map,BR,17,22.7400,0.61667,-0.16466,1.00000,0.61667,-0.16466,0.02200,0.00000,0.00000,1.00000,1,1,0.00000,0.07623,0
22.2660,0,map,FL,8,22.5000,0.98900,0.13370,1.00000,0.98900,0.13370,0.02200,0.00000,0.00000,1.00000,1,1,0.00000,0.08740,0
22.2660,0,map,FL,38,23.4000,1.24645,0.13769,1.00000,1.24645,0.13769,0.02200,0.00000,0.00000,1.00000,1,1,0.00000,0.08776,0
22.2660,0,map,BL,1,22.2900,0.47533,0.10003,1.00000,0.47533,0.10003,0.02200,0.00000,0.00000,1.00000,1,1,0.00000,0.07736,0
22.2660,0,map,BL,31,23.1900,0.76936,0.11919,1.00000,0.76936,0.11919,0.02200,0.00000,0.00000,1.00000,1,1,0.00000,0.08098,0
22.2660,0,map,FR,23,22.9500,1.11256,-0.19088,1.00000,1.11256,-0.19088,0.02200,0.00000,0.00000,1.00000,1,1,0.00000,0.08001,0
22.2660,0,map,BR,16,22.7400,0.61539,-0.16563,1.00000,0.61539,-0.16563,0.02200,0.00000,0.00000,1.00000,1,1,0.00000,0.07625,0
22.2920,0,map,FL,7,22.5000,0.98782,0.13405,1.00000,0.98782,0.13405,0.02200,0.00000,0.00000,1.00000,1,1,0.00000,0.08700,0
22.2920,0,map,FL,37,23.4000,1.22846,0.12126,1.00000,1.22846,0.12126,0.02200,0.00000,0.00000,1.00000,1,1,0.00000,0.06835,0
22.2920,0,map,BL,30,23.1900,0.75500,0.10769,1.00000,0.75500,0.10769,0.02200,0.00000,0.00000,1.00000,1,1,0.00000,0.06846,0
22.2920,0,map,FR,22,22.9500,1.10745,-0.19652,1.00000,1.10745,-0.19652,0.02200,0.00000,0.00000,1.00000,1,1,0.00000,0.07625,0
22.2920,0,map,BR,15,22.7400,0.61338,-0.16610,1.00000,0.61338,-0.16610,0.02200,0.00000,0.00000,1.00000,1,1,0.00000,0.07639,0
22.3020,0,map,FL,7,22.5000,0.98547,0.13310,1.00000,0.98547,0.13310,0.02200,0.00000,0.00000,1.00000,1,1,0.00000,0.08565,0
22.3020,0,map,FL,37,23.4000,1.22673,0.11503,1.00000,1.22673,0.11503,0.02200,0.00000,0.00000,1.00000,1,1,0.00000,0.06776,0
22.3020,0,map,BL,30,23.1900,0.75164,0.10006,1.00000,0.75164,0.10006,0.02200,0.00000,0.00000,1.00000,1,1,0.00000,0.06966,0
22.3020,0,map,FR,22,22.9500,1.10850,-0.20073,1.00000,1.10850,-0.20073,0.02200,0.00000,0.00000,1.00000,1,1,0.00000,0.07957,0
22.3020,0,map,BR,15,22.7400,0.60947,-0.16756,1.00000,0.60947,-0.16756,0.02200,0.00000,0.00000,1.00000,1,1,0.00000,0.07642,0
22.3100,0,map,FL,7,22.5000,0.98354,0.13240,1.00000,0.98354,0.13240,0.02200,0.00000,0.00000,1.00000,1,1,0.00000,0.08509,0
22.3100,0,map,FL,37,23.4000,1.22554,0.11569,1.00000,1.22554,0.11569,0.02200,0.00000,0.00000,1.00000,1,1,0.00000,0.06850,0
22.3100,0,map,BL,30,23.1900,0.75038,0.09955,1.00000,0.75038,0.09955,0.02200,0.00000,0.00000,1.00000,1,1,0.00000,0.07016,0
22.3100,0,map,FR,22,22.9500,1.10666,-0.20100,1.00000,1.10666,-0.20100,0.02200,0.00000,0.00000,1.00000,1,1,0.00000,0.07966,0
22.3100,0,map,BR,15,22.7400,0.60725,-0.16830,1.00000,0.60725,-0.16830,0.02200,0.00000,0.00000,1.00000,1,1,0.00000,0.07644,0
22.3200,0,map,FL,6,22.5000,0.98249,0.13202,1.00000,0.98249,0.13202,0.02200,0.00000,0.00000,1.00000,1,1,0.00000,0.08467,0
22.3200,0,map,FL,36,23.4000,1.22033,0.11523,1.00000,1.22033,0.11523,0.02200,0.00000,0.00000,1.00000,1,1,0.00000,0.06441,0
22.3200,0,map,BL,29,23.1900,0.74527,0.09928,1.00000,0.74527,0.09928,0.02200,0.00000,0.00000,1.00000,1,1,0.00000,0.06604,0
22.3200,0,map,FR,21,22.9500,1.10145,-0.20140,1.00000,1.10145,-0.20140,0.02200,0.00000,0.00000,1.00000,1,1,0.00000,0.07595,0
22.3200,0,map,BR,14,22.7400,0.60596,-0.16889,1.00000,0.60596,-0.16889,0.02200,0.00000,0.00000,1.00000,1,1,0.00000,0.07650,0
22.3300,0,map,FL,6,22.5000,0.98120,0.13257,1.00000,0.98120,0.13257,0.02200,0.00000,0.00000,1.00000,1,1,0.00000,0.08435,0
22.3300,0,map,FL,36,23.4000,1.22175,0.11109,1.00000,1.22175,0.11109,0.02200,0.00000,0.00000,1.00000,1,1,0.00000,0.06649,0
22.3300,0,map,BL,29,23.1900,0.74527,0.09499,1.00000,0.74527,0.09499,0.02200,0.00000,0.00000,1.00000,1,1,0.00000,0.06886,0
22.3300,0,map,FR,21,22.9500,1.10470,-0.20357,1.00000,1.10470,-0.20357,0.02200,0.00000,0.00000,1.00000,1,1,0.00000,0.07987,0
22.3300,0,map,BR,14,22.7400,0.60402,-0.16899,1.00000,0.60402,-0.16899,0.02200,0.00000,0.00000,1.00000,1,1,0.00000,0.07653,0
22.3400,0,map,FL,6,22.5000,0.97994,0.13221,1.00000,0.97994,0.13221,0.02200,0.00000,0.00000,1.00000,1,1,0.00000,0.08395,0
22.3400,0,map,FL,36,23.4000,1.22095,0.11160,1.00000,1.22095,0.11160,0.02200,0.00000,0.00000,1.00000,1,1,0.00000,0.06681,0
22.3400,0,map,BL,29,23.1900,0.74463,0.09464,1.00000,0.74463,0.09464,0.02200,0.00000,0.00000,1.00000,1,1,0.00000,0.06909,0
22.3400,0,map,FR,21,22.9500,1.10365,-0.20348,1.00000,1.10365,-0.20348,0.02200,0.00000,0.00000,1.00000,1,1,0.00000,0.07989,0
22.3400,0,map,BR,14,22.7400,0.60280,-0.16944,1.00000,0.60280,-0.16944,0.02200,0.00000,0.00000,1.00000,1,1,0.00000,0.07658,0
22.3480,0,map,FL,6,22.5000,0.97864,0.13190,1.00000,0.97864,0.13190,0.02200,0.00000,0.00000,1.00000,1,1,0.00000,0.08361,0
22.3480,0,map,FL,36,23.4000,1.21986,0.11131,1.00000,1.21986,0.11131,0.02200,0.00000,0.00000,1.00000,1,1,0.00000,0.06676,0
22.3480,0,map,BL,29,23.1900,0.74361,0.09436,1.00000,0.74361,0.09436,0.02200,0.00000,0.00000,1.00000,1,1,0.00000,0.06904,0
22.3480,0,map,FR,21,22.9500,1.10266,-0.20377,1.00000,1.10266,-0.20377,0.02200,0.00000,0.00000,1.00000,1,1,0.00000,0.07990,0
22.3480,0,map,BR,14,22.7400,0.60163,-0.16986,1.00000,0.60163,-0.16986,0.02200,0.00000,0.00000,1.00000,1,1,0.00000,0.07664,0
22.3580,0,map,FL,5,22.5000,0.97764,0.13164,1.00000,0.97764,0.13164,0.02200,0.00000,0.00000,1.00000,1,1,0.00000,0.08331,0
22.3580,0,map,FL,35,23.4000,1.21508,0.11158,1.00000,1.21508,0.11158,0.02200,0.00000,0.00000,1.00000,1,1,0.00000,0.06294,0
22.3580,0,map,BL,28,23.1900,0.73885,0.09454,1.00000,0.73885,0.09454,0.02200,0.00000,0.00000,1.00000,1,1,0.00000,0.06514,0
22.3580,0,map,FR,20,22.9500,1.09792,-0.20354,1.00000,1.09792,-0.20354,0.02200,0.00000,0.00000,1.00000,1,1,0.00000,0.07637,0
22.3580,0,map,BR,13,22.7400,0.60072,-0.17015,1.00000,0.60072,-0.17015,0.02200,0.00000,0.00000,1.00000,1,1,0.00000,0.07669,0
22.3680,0,map,FL,5,22.5000,0.97678,0.13209,1.00000,0.97678,0.13209,0.02200,0.00000,0.00000,1.00000,1,1,0.00000,0.08323,0
22.3680,0,map,FL,35,23.4000,1.21891,0.10962,1.00000,1.21891,0.10962,0.02200,0.00000,0.00000,1.00000,1,1,0.00000,0.06696,0
22.3680,0,map,BL,28,23.1900,0.74093,0.09180,1.00000,0.74093,0.09180,0.02200,0.00000,0.00000,1.00000,1,1,0.00000,0.06927,0
22.3680,0,map,FR,20,22.9500,1.10237,-0.20486,1.00000,1.10237,-0.20486,0.02200,0.00000,0.00000,1.00000,1,1,0.00000,0.08062,0
22.3680,0,map,BR,13,22.7400,0.59974,-0.16989,1.00000,0.59974,-0.16989,0.02200,0.00000,0.00000,1.00000,1,1,0.00000,0.07671,0
22.3760,0,map,FL,5,22.5000,0.97433,0.13112,1.00000,0.97433,0.13112,0.02200,0.00000,0.00000,1.00000,1,1,0.00000,0.08285,0
22.3760,0,map,FL,35,23.4000,1.21740,0.10993,1.00000,1.21740,0.10993,0.02200,0.00000,0.00000,1.00000,1,1,0.00000,0.06707,0
22.3760,0,map,BL,28,23.1900,0.73974,0.09178,1.00000,0.73974,0.09178,0.02200,0.00000,0.00000,1.00000,1,1,0.00000,0.06931,0
22.3760,0,map,FR,20,22.9500,1.10077,-0.20452,1.00000,1.10077,-0.20452,0.02200,0.00000,0.00000,1.00000,1,1,0.00000,0.08061,0
22.3760,0,map,BR,13,22.7400,0.59809,-0.16994,1.00000,0.59809,-0.16994,0.02200,0.00000,0.00000,1.00000,1,1,0.00000,0.07681,0
22.3860,0,map,FL,4,22.5000,0.97393,0.13057,1.00000,0.97393,0.13057,0.02200,0.00000,0.00000,1.00000,1,1,0.00000,0.08252,0
22.3860,0,map,FL,34,23.4000,1.21327,0.11037,1.00000,1.21327,0.11037,0.02200,0.00000,0.00000,1.00000,1,1,0.00000,0.06326,0
22.3860,0,map,BL,27,23.1900,0.73569,0.09226,1.00000,0.73569,0.09226,0.02200,0.00000,0.00000,1.00000,1,1,0.00000,0.06542,0
22.3860,0,map,FR,19,22.9500,1.09675,-0.20406,1.00000,1.09675,-0.20406,0.02200,0.00000,0.00000,1.00000,1,1,0.00000,0.07713,0
22.3860,0,map,BR,12,22.7400,0.59777,-0.17014,1.00000,0.59777,-0.17014,0.02200,0.00000,0.00000,1.00000,1,1,0.00000,0.07690,0
22.3940,0,map,FL,4,22.5000,0.97317,0.13040,1.00000,0.97317,0.13040,0.02200,0.00000,0.00000,1.00000,1,1,0.00000,0.08236,0
22.3940,0,map,FL,34,23.4000,1.21825,0.10955,1.00000,1.21825,0.10955,0.02200,0.00000,0.00000,1.00000,1,1,0.00000,0.06811,0
22.3940,0,map,BL,27,23.1900,0.73875,0.09043,1.00000,0.73875,0.09043,0.02200,0.00000,0.00000,1.00000,1,1,0.00000,0.07011,0
22.3940,0,map,FR,19,22.9500,1.10168,-0.20491,1.00000,1.10168,-0.20491,0.02200,0.00000,0.00000,1.00000,1,1,0.00000,0.08144,0
22.3940,0,map,BR,12,22.7400,0.59726,-0.16970,1.00000,0.59726,-0.16970,0.02200,0.00000,0.00000,1.00000,1,1,0.00000,0.07691,0
22.4040,0,map,FL,4,22.5000,0.97242,0.12965,1.00000,0.97242,0.12965,0.02200,0.00000,0.00000,1.00000,1,1,0.00000,0.08206,0
22.4040,0,map,FL,34,23.4000,1.21797,0.10977,1.00000,1.21797,0.10977,0.02200,0.00000,0.00000,1.00000,1,1,0.00000,0.06814,0
22.4040,0,map,BL,27,23.1900,0.73886,0.09058,1.00000,0.73886,0.09058,0.02200,0.00000,0.00000,1.00000,1,1,0.00000,0.07006,0
22.4040,0,map,FR,19,22.9500,1.10128,-0.20459,1.00000,1.10128,-0.20459,0.02200,0.00000,0.00000,1.00000,1,1,0.00000,0.08140,0
22.4040,0,map,BR,12,22.7400,0.59681,-0.16977,1.00000,0.59681,-0.16977,0.02200,0.00000,0.00000,1.00000,1,1,0.00000,0.07702,0
22.4140,0,map,FL,3,22.5000,0.97078,0.12857,1.00000,0.97078,0.12857,0.02200,0.00000,0.00000,1.00000,1,1,0.00000,0.08171,0
22.4140,0,map,FL,33,23.4000,1.21306,0.11035,1.00000,1.21306,0.11035,0.02200,0.00000,0.00000,1.00000,1,1,0.00000,0.06434,0
22.4140,0,map,BL,26,23.1900,0.73400,0.09126,1.00000,0.73400,0.09126,0.02200,0.00000,0.00000,1.00000,1,1,0.00000,0.06617,0
22.4140,0,map,FR,18,22.9500,1.09654,-0.20389,1.00000,1.09654,-0.20389,0.02200,0.00000,0.00000,1.00000,1,1,0.00000,0.07791,0
22.4140,0,map,BR,11,22.7400,0.59593,-0.16973,1.00000,0.59593,-0.16973,0.02200,0.00000,0.00000,1.00000,1,1,0.00000,0.07709,0
22.4240,0,map,FL,3,22.5000,0.96980,0.12809,1.00000,0.96980,0.12809,0.02200,0.00000,0.00000,1.00000,1,1,0.00000,0.08160,0
22.4240,0,map,FL,33,23.4000,1.21831,0.11019,1.00000,1.21831,0.11019,0.02200,0.00000,0.00000,1.00000,1,1,0.00000,0.06953,0
22.4240,0,map,BL,26,23.1900,0.73725,0.09006,1.00000,0.73725,0.09006,0.02200,0.00000,0.00000,1.00000,1,1,0.00000,0.07109,0
22.4240,0,map,FR,18,22.9500,1.10131,-0.20449,1.00000,1.10131,-0.20449,0.02200,0.00000,0.00000,1.00000,1,1,0.00000,0.08222,0
22.4240,0,map,BR,11,22.7400,0.59525,-0.16926,1.00000,0.59525,-0.16926,0.02200,0.00000,0.00000,1.00000,1,1,0.00000,0.07714,0
22.4320,0,map,FL,3,22.5000,0.96942,0.12766,1.00000,0.96942,0.12766,0.02200,0.00000,0.00000,1.00000,1,1,0.00000,0.08150,0
22.4320,0,map,FL,33,23.4000,1.21828,0.11042,1.00000,1.21828,0.11042,0.02200,0.00000,0.00000,1.00000,1,1,0.00000,0.06952,0
22.4320,0,map,BL,26,23.1900,0.73764,0.09039,1.00000,0.73764,0.09039,0.02200,0.00000,0.00000,1.00000,1,1,0.00000,0.07100,0
22.4320,0,map,FR,18,22.9500,1.10114,-0.20414,1.00000,1.10114,-0.20414,0.02200,0.00000,0.00000,1.00000,1,1,0.00000,0.08220,0
22.4320,0,map,BR,11,22.7400,0.59511,-0.16921,1.00000,0.59511,-0.16921,0.02200,0.00000,0.00000,1.00000,1,1,0.00000,0.07725,0
22.4400,0,map,FL,2,22.5000,0.96941,0.12734,1.00000,0.96941,0.12734,0.02200,0.00000,0.00000,1.00000,1,1,0.00000,0.08147,0
22.4400,0,map,FL,32,23.4000,1.21426,0.11124,1.00000,1.21426,0.11124,0.02200,0.00000,0.00000,1.00000,1,1,0.00000,0.06570,0
22.4400,0,map,BL,25,23.1900,0.73366,0.09131,1.00000,0.73366,0.09131,0.02200,0.00000,0.00000,1.00000,1,1,0.00000,0.06708,0
22.4400,0,map,FR,17,22.9500,1.10120,-0.20386,1.00000,1.10120,-0.20386,0.02200,0.00000,0.00000,1.00000,1,1,0.00000,0.08219,0
22.4400,0,map,BR,10,22.7400,0.59512,-0.16894,1.00000,0.59512,-0.16894,0.02200,0.00000,0.00000,1.00000,1,1,0.00000,0.07728,0
22.4500,0,map,FL,2,22.5000,0.96929,0.12721,1.00000,0.96929,0.12721,0.02200,0.00000,0.00000,1.00000,1,1,0.00000,0.08153,0
22.4500,0,map,FL,32,23.4000,1.21990,0.11151,1.00000,1.21990,0.11151,0.02200,0.00000,0.00000,1.00000,1,1,0.00000,0.07085,0
22.4500,0,map,BL,25,23.1900,0.73745,0.09047,1.00000,0.73745,0.09047,0.02200,0.00000,0.00000,1.00000,1,1,0.00000,0.07197,0
22.4500,0,map,FR,17,22.9500,1.10231,-0.20370,1.00000,1.10231,-0.20370,0.02200,0.00000,0.00000,1.00000,1,1,0.00000,0.08293,0
22.4500,0,map,BR,10,22.7400,0.59495,-0.16827,1.00000,0.59495,-0.16827,0.02200,0.00000,0.00000,1.00000,1,1,0.00000,0.07731,0
22.4600,0,map,FL,2,22.5000,0.96952,0.12696,1.00000,0.96952,0.12696,0.02200,0.00000,0.00000,1.00000,1,1,0.00000,0.08178,0
22.4600,0,map,FL,32,23.4000,1.22062,0.11190,1.00000,1.22062,0.11190,0.02200,0.00000,0.00000,1.00000,1,1,0.00000,0.07103,0
22.4600,0,map,BL,25,23.1900,0.73829,0.09112,1.00000,0.73829,0.09112,0.02200,0.00000,0.00000,1.00000,1,1,0.00000,0.07200,0
22.4600,0,map,FR,17,22.9500,1.10252,-0.20309,1.00000,1.10252,-0.20309,0.02200,0.00000,0.00000,1.00000,1,1,0.00000,0.08284,0
22.4600,0,map,BR,10,22.7400,0.59545,-0.16779,1.00000,0.59545,-0.16779,0.02200,0.00000,0.00000,1.00000,1,1,0.00000,0.07736,0
22.4980,0,map,FL,1,22.5000,0.97056,0.12728,1.00000,0.97056,0.12728,0.02200,0.00000,0.00000,1.00000,1,1,0.00000,0.08230,0
22.4980,0,map,FL,31,23.4000,1.21714,0.11301,1.00000,1.21714,0.11301,0.02200,0.00000,0.00000,1.00000,1,1,0.00000,0.06720,0
22.4980,0,map,BL,24,23.1900,0.73482,0.09251,1.00000,0.73482,0.09251,0.02200,0.00000,0.00000,1.00000,1,1,0.00000,0.06804,0
22.4980,0,map,FR,16,22.9500,1.10713,-0.20311,1.00000,1.10713,-0.20311,0.02200,0.00000,0.00000,1.00000,1,1,0.00000,0.08638,0
22.4980,0,map,BR,9,22.7400,0.59611,-0.16692,1.00000,0.59611,-0.16692,0.02200,0.00000,0.00000,1.00000,1,1,0.00000,0.07735,0
22.4980,0,map,BR,39,23.6400,0.87078,-0.19946,1.00000,0.87078,-0.19946,0.02200,0.00000,0.00000,1.00000,1,1,0.00000,0.06481,0
22.5080,0,map,FL,30,23.4000,1.22300,0.11581,1.00000,1.22300,0.11581,0.02200,0.00000,0.00000,1.00000,1,1,0.00000,0.06837,0
22.5080,0,map,BL,23,23.1900,0.73903,0.09549,1.00000,0.73903,0.09549,0.02200,0.00000,0.00000,1.00000,1,1,0.00000,0.06889,0
22.5080,0,map,FR,15,22.9500,1.11206,-0.20036,1.00000,1.11206,-0.20036,0.02200,0.00000,0.00000,1.00000,1,1,0.00000,0.08694,0
22.5080,0,map,BR,8,22.7400,0.60067,-0.16218,1.00000,0.60067,-0.16218,0.02200,0.00000,0.00000,1.00000,1,1,0.00000,0.07736,0
22.5080,0,map,BR,38,23.6400,0.88044,-0.19695,1.00000,0.88044,-0.19695,0.02200,0.00000,0.00000,1.00000,1,1,0.00000,0.06150,0
22.5300,0,map,FL,29,23.4000,1.23145,0.11748,1.00000,1.23145,0.11748,0.02200,0.00000,0.00000,1.00000,1,1,0.00000,0.07413,0
22.5300,0,map,BL,22,23.1900,0.74261,0.09708,1.00000,0.74261,0.09708,0.02200,0.00000,0.00000,1.00000,1,1,0.00000,0.07140,0
22.5300,0,map,FR,14,22.9500,1.11367,-0.19978,1.00000,1.11367,-0.19978,0.02200,0.00000,0.00000,1.00000,1,1,0.00000,0.08699,0
22.5300,0,map,BR,7,22.7400,0.60275,-0.16003,1.00000,0.60275,-0.16003,0.02200,0.00000,0.00000,1.00000,1,1,0.00000,0.07711,0
22.5300,0,map,BR,37,23.6400,0.89100,-0.19154,1.00000,0.89100,-0.19154,0.02200,0.00000,0.00000,1.00000,1,1,0.00000,0.07090,0
22.5380,0,map,FL,29,23.4000,1.24293,0.11882,1.00000,1.24293,0.11882,0.02200,0.00000,0.00000,1.00000,1,1,0.00000,0.08134,0
22.5380,0,map,BL,22,23.1900,0.75109,0.09906,1.00000,0.75109,0.09906,0.02200,0.00000,0.00000,1.00000,1,1,0.00000,0.07689,0
22.5380,0,map,FR,14,22.9500,1.11761,-0.19764,1.00000,1.11761,-0.19764,0.02200,0.00000,0.00000,1.00000,1,1,0.00000,0.08797,0
22.5380,0,map,BR,7,22.7400,0.60495,-0.15788,1.00000,0.60495,-0.15788,0.02200,0.00000,0.00000,1.00000,1,1,0.00000,0.07829,0
22.5380,0,map,BR,37,23.6400,0.90106,-0.18793,1.00000,0.90106,-0.18793,0.02200,0.00000,0.00000,1.00000,1,1,0.00000,0.08035,0
22.5480,0,map,FL,29,23.4000,1.24380,0.11911,1.00000,1.24380,0.11911,0.02200,0.00000,0.00000,1.00000,1,1,0.00000,0.08110,0
22.5480,0,map,BL,22,23.1900,0.75259,0.10037,1.00000,0.75259,0.10037,0.02200,0.00000,0.00000,1.00000,1,1,0.00000,0.07664,0
22.5480,0,map,FR,14,22.9500,1.11842,-0.19698,1.00000,1.11842,-0.19698,0.02200,0.00000,0.00000,1.00000,1,1,0.00000,0.08829,0
22.5480,0,map,BR,7,22.7400,0.60525,-0.15727,1.00000,0.60525,-0.15727,0.02200,0.00000,0.00000,1.00000,1,1,0.00000,0.07875,0
22.5480,0,map,BR,37,23.6400,0.90148,-0.18725,1.00000,0.90148,-0.18725,0.02200,0.00000,0.00000,1.00000,1,1,0.00000,0.07999,0
22.5560,0,map,FL,29,23.4000,1.24543,0.11954,1.00000,1.24543,0.11954,0.02200,0.00000,0.00000,1.00000,1,1,0.00000,0.08109,0
22.5560,0,map,BL,22,23.1900,0.75435,0.10144,1.00000,0.75435,0.10144,0.02200,0.00000,0.00000,1.00000,1,1,0.00000,0.07661,0
22.5560,0,map,FR,14,22.9500,1.12005,-0.19626,1.00000,1.12005,-0.19626,0.02200,0.00000,0.00000,1.00000,1,1,0.00000,0.08855,0
22.5560,0,map,BR,7,22.7400,0.60625,-0.15653,1.00000,0.60625,-0.15653,0.02200,0.00000,0.00000,1.00000,1,1,0.00000,0.07918,0
22.5580,0,map,BR,37,23.6400,0.90280,-0.18658,1.00000,0.90280,-0.18658,0.02200,0.00000,0.00000,1.00000,1,1,0.00000,0.07998,0
22.5660,0,map,FL,28,23.4000,1.24072,0.12059,1.00000,1.24072,0.12059,0.02200,0.00000,0.00000,1.00000,1,1,0.00000,0.07654,0
22.5660,0,map,BL,21,23.1900,0.74975,0.10298,1.00000,0.74975,0.10298,0.02200,0.00000,0.00000,1.00000,1,1,0.00000,0.07192,0
22.5660,0,map,FR,13,22.9500,1.12007,-0.19570,1.00000,1.12007,-0.19570,0.02200,0.00000,0.00000,1.00000,1,1,0.00000,0.08860,0
22.5660,0,map,BR,6,22.7400,0.60618,-0.15580,1.00000,0.60618,-0.15580,0.02200,0.00000,0.00000,1.00000,1,1,0.00000,0.07932,0
22.5660,0,map,BR,36,23.6400,0.89784,-0.18532,1.00000,0.89784,-0.18532,0.02200,0.00000,0.00000,1.00000,1,1,0.00000,0.07513,0
22.5760,0,map,FL,28,23.4000,1.24867,0.12103,1.00000,1.24867,0.12103,0.02200,0.00000,0.00000,1.00000,1,1,0.00000,0.08295,0
22.5760,0,map,BL,21,23.1900,0.75481,0.10294,1.00000,0.75481,0.10294,0.02200,0.00000,0.00000,1.00000,1,1,0.00000,0.07717,0
22.5760,0,map,FR,13,22.9500,1.12113,-0.19565,1.00000,1.12113,-0.19565,0.02200,0.00000,0.00000,1.00000,1,1,0.00000,0.08902,0
22.5760,0,map,BR,6,22.7400,0.60641,-0.15536,1.00000,0.60641,-0.15536,0.02200,0.00000,0.00000,1.00000,1,1,0.00000,0.07952,0
22.5760,0,map,BR,36,23.6400,0.90482,-0.18427,1.00000,0.90482,-0.18427,0.02200,0.00000,0.00000,1.00000,1,1,0.00000,0.08312,0
22.5840,0,map,FL,28,23.4000,1.24915,0.12146,1.00000,1.24915,0.12146,0.02200,0.00000,0.00000,1.00000,1,1,0.00000,0.08276,0
22.5840,0,map,BL,21,23.1900,0.75566,0.10399,1.00000,0.75566,0.10399,0.02200,0.00000,0.00000,1.00000,1,1,0.00000,0.07702,0
22.5840,0,map,FR,13,22.9500,1.12143,-0.19491,1.00000,1.12143,-0.19491,0.02200,0.00000,0.00000,1.00000,1,1,0.00000,0.08907,0
22.5840,0,map,BR,6,22.7400,0.60668,-0.15456,1.00000,0.60668,-0.15456,0.02200,0.00000,0.00000,1.00000,1,1,0.00000,0.07966,0
22.5840,0,map,BR,36,23.6400,0.90518,-0.18346,1.00000,0.90518,-0.18346,0.02200,0.00000,0.00000,1.00000,1,1,0.00000,0.08279,0
22.5920,0,map,FL,27,23.4000,1.24451,0.12264,1.00000,1.24451,0.12264,0.02200,0.00000,0.00000,1.00000,1,1,0.00000,0.07808,0
22.5940,0,map,BL,20,23.1900,0.75102,0.10550,1.00000,0.75102,0.10550,0.02200,0.00000,0.00000,1.00000,1,1,0.00000,0.07221,0
22.5940,0,map,FR,12,22.9500,1.12168,-0.19439,1.00000,1.12168,-0.19439,0.02200,0.00000,0.00000,1.00000,1,1,0.00000,0.08907,0
22.5940,0,map,BR,5,22.7400,0.60691,-0.15384,1.00000,0.60691,-0.15384,0.02200,0.00000,0.00000,1.00000,1,1,0.00000,0.07971,0
22.5940,0,map,BR,35,23.6400,0.90038,-0.18217,1.00000,0.90038,-0.18217,0.02200,0.00000,0.00000,1.00000,1,1,0.00000,0.07778,0
22.6020,0,map,FL,27,23.4000,1.25271,0.12322,1.00000,1.25271,0.12322,0.02200,0.00000,0.00000,1.00000,1,1,0.00000,0.08393,0
22.6020,0,map,BL,20,23.1900,0.75665,0.10552,1.00000,0.75665,0.10552,0.02200,0.00000,0.00000,1.00000,1,1,0.00000,0.07722,0
22.6020,0,map,FR,12,22.9500,1.12350,-0.19438,1.00000,1.12350,-0.19438,0.02200,0.00000,0.00000,1.00000,1,1,0.00000,0.08957,0
22.6020,0,map,BR,5,22.7400,0.60785,-0.15328,1.00000,0.60785,-0.15328,0.02200,0.00000,0.00000,1.00000,1,1,0.00000,0.07997,0
22.6020,0,map,BR,35,23.6400,0.90750,-0.18148,1.00000,0.90750,-0.18148,0.02200,0.00000,0.00000,1.00000,1,1,0.00000,0.08478,0
22.6120,0,map,FL,27,23.4000,1.25153,0.12349,1.00000,1.25153,0.12349,0.02200,0.00000,0.00000,1.00000,1,1,0.00000,0.08375,0
22.6120,0,map,BL,20,23.1900,0.75583,0.10625,1.00000,0.75583,0.10625,0.02200,0.00000,0.00000,1.00000,1,1,0.00000,0.07707,0
22.6120,0,map,FR,12,22.9500,1.12206,-0.19382,1.00000,1.12206,-0.19382,0.02200,0.00000,0.00000,1.00000,1,1,0.00000,0.08933,0
22.6120,0,map,BR,5,22.7400,0.60703,-0.15241,1.00000,0.60703,-0.15241,0.02200,0.00000,0.00000,1.00000,1,1,0.00000,0.07979,0
22.6120,0,map,BR,35,23.6400,0.90637,-0.18091,1.00000,0.90637,-0.18091,0.02200,0.00000,0.00000,1.00000,1,1,0.00000,0.08445,0
22.6200,0,map,FL,26,23.4000,1.24652,0.12478,1.00000,1.24652,0.12478,0.02200,0.00000,0.00000,1.00000,1,1,0.00000,0.07898,0
22.6200,0,map,BL,19,23.1900,0.75069,0.10792,1.00000,0.75069,0.10792,0.02200,0.00000,0.00000,1.00000,1,1,0.00000,0.07219,0
22.6200,0,map,FR,11,22.9500,1.12191,-0.19318,1.00000,1.12191,-0.19318,0.02200,0.00000,0.00000,1.00000,1,1,0.00000,0.08921,0
22.6200,0,map,BR,4,22.7400,0.60704,-0.15132,1.00000,0.60704,-0.15132,0.02200,0.00000,0.00000,1.00000,1,1,0.00000,0.07974,0
22.6200,0,map,BR,34,23.6400,0.90117,-0.17944,1.00000,0.90117,-0.17944,0.02200,0.00000,0.00000,1.00000,1,1,0.00000,0.07933,0
22.6300,0,map,FL,26,23.4000,1.25287,0.12521,1.00000,1.25287,0.12521,0.02200,0.00000,0.00000,1.00000,1,1,0.00000,0.08452,0
22.6300,0,map,BL,19,23.1900,0.75459,0.10774,1.00000,0.75459,0.10774,0.02200,0.00000,0.00000,1.00000,1,1,0.00000,0.07705,0
22.6300,0,map,FR,11,22.9500,1.12206,-0.19344,1.00000,1.12206,-0.19344,0.02200,0.00000,0.00000,1.00000,1,1,0.00000,0.08944,0
22.6300,0,map,BR,4,22.7400,0.60702,-0.15080,1.00000,0.60702,-0.15080,0.02200,0.00000,0.00000,1.00000,1,1,0.00000,0.07970,0
22.6300,0,map,BR,34,23.6400,0.90647,-0.17920,1.00000,0.90647,-0.17920,0.02200,0.00000,0.00000,1.00000,1,1,0.00000,0.08579,0
22.6400,0,map,FL,26,23.4000,1.25324,0.12576,1.00000,1.25324,0.12576,0.02200,0.00000,0.00000,1.00000,1,1,0.00000,0.08436,0
22.6400,0,map,BL,19,23.1900,0.75527,0.10893,1.00000,0.75527,0.10893,0.02200,0.00000,0.00000,1.00000,1,1,0.00000,0.07694,0
22.6400,0,map,FR,11,22.9500,1.12203,-0.19251,1.00000,1.12203,-0.19251,0.02200,0.00000,0.00000,1.00000,1,1,0.00000,0.08941,0
22.6400,0,map,BR,4,22.7400,0.60678,-0.14966,1.00000,0.60678,-0.14966,0.02200,0.00000,0.00000,1.00000,1,1,0.00000,0.07982,0
22.6400,0,map,BR,34,23.6400,0.90680,-0.17821,1.00000,0.90680,-0.17821,0.02200,0.00000,0.00000,1.00000,1,1,0.00000,0.08546,0
22.6480,0,map,FL,26,23.4000,1.25244,0.12616,1.00000,1.25244,0.12616,0.02200,0.00000,0.00000,1.00000,1,1,0.00000,0.08436,0
22.6480,0,map,BL,19,23.1900,0.75438,0.10972,1.00000,0.75438,0.10972,0.02200,0.00000,0.00000,1.00000,1,1,0.00000,0.07694,0
22.6480,0,map,FR,11,22.9500,1.12094,-0.19193,1.00000,1.12094,-0.19193,0.02200,0.00000,0.00000,1.00000,1,1,0.00000,0.08913,0
22.6480,0,map,BR,4,22.7400,0.60613,-0.14859,1.00000,0.60613,-0.14859,0.02200,0.00000,0.00000,1.00000,1,1,0.00000,0.07963,0
22.6480,0,map,BR,34,23.6400,0.90581,-0.17766,1.00000,0.90581,-0.17766,0.02200,0.00000,0.00000,1.00000,1,1,0.00000,0.08546,0
22.6580,0,map,FL,25,23.4000,1.24698,0.12744,1.00000,1.24698,0.12744,0.02200,0.00000,0.00000,1.00000,1,1,0.00000,0.07952,0
22.6580,0,map,BL,18,23.1900,0.74883,0.11137,1.00000,0.74883,0.11137,0.02200,0.00000,0.00000,1.00000,1,1,0.00000,0.07199,0
22.6580,0,map,FR,10,22.9500,1.12040,-0.19134,1.00000,1.12040,-0.19134,0.02200,0.00000,0.00000,1.00000,1,1,0.00000,0.08898,0
22.6580,0,map,BR,3,22.7400,0.60566,-0.14769,1.00000,0.60566,-0.14769,0.02200,0.00000,0.00000,1.00000,1,1,0.00000,0.07959,0
22.6580,0,map,BR,33,23.6400,0.90019,-0.17620,1.00000,0.90019,-0.17620,0.02200,0.00000,0.00000,1.00000,1,1,0.00000,0.08024,0
22.6680,0,map,FL,25,23.4000,1.25271,0.12802,1.00000,1.25271,0.12802,0.02200,0.00000,0.00000,1.00000,1,1,0.00000,0.08488,0
22.6680,0,map,BL,18,23.1900,0.75217,0.11147,1.00000,0.75217,0.11147,0.02200,0.00000,0.00000,1.00000,1,1,0.00000,0.07675,0
22.6680,0,map,FR,10,22.9500,1.11990,-0.19154,1.00000,1.11990,-0.19154,0.02200,0.00000,0.00000,1.00000,1,1,0.00000,0.08909,0
22.6680,0,map,BR,3,22.7400,0.60491,-0.14734,1.00000,0.60491,-0.14734,0.02200,0.00000,0.00000,1.00000,1,1,0.00000,0.07944,0
22.6680,0,map,BR,33,23.6400,0.90485,-0.17592,1.00000,0.90485,-0.17592,0.02200,0.00000,0.00000,1.00000,1,1,0.00000,0.08638,0
22.6780,0,map,FL,25,23.4000,1.25205,0.12858,1.00000,1.25205,0.12858,0.02200,0.00000,0.00000,1.00000,1,1,0.00000,0.08474,0
22.6780,0,map,BL,18,23.1900,0.75176,0.11264,1.00000,0.75176,0.11264,0.02200,0.00000,0.00000,1.00000,1,1,0.00000,0.07665,0
22.6780,0,map,FR,10,22.9500,1.11882,-0.19072,1.00000,1.11882,-0.19072,0.02200,0.00000,0.00000,1.00000,1,1,0.00000,0.08883,0
22.6780,0,map,BR,3,22.7400,0.60387,-0.14679,1.00000,0.60387,-0.14679,0.02200,0.00000,0.00000,1.00000,1,1,0.00000,0.07927,0
22.6780,0,map,BR,33,23.6400,0.90425,-0.17503,1.00000,0.90425,-0.17503,0.02200,0.00000,0.00000,1.00000,1,1,0.00000,0.08606,0
22.6860,0,map,FL,24,23.4000,1.24624,0.13002,1.00000,1.24624,0.13002,0.02200,0.00000,0.00000,1.00000,1,1,0.00000,0.07986,0
22.6860,0,map,BL,17,23.1900,0.75107,0.11349,1.00000,0.75107,0.11349,0.02200,0.00000,0.00000,1.00000,1,1,0.00000,0.07666,0
22.6860,0,map,FR,9,22.9500,1.11804,-0.19018,1.00000,1.11804,-0.19018,0.02200,0.00000,0.00000,1.00000,1,1,0.00000,0.08856,0
22.6860,0,map,FR,39,23.8500,1.36857,-0.19907,1.00000,1.36857,-0.19907,0.02200,0.00000,0.00000,1.00000,1,1,0.00000,0.09124,0
22.6860,0,map,BR,2,22.7400,0.60327,-0.14633,1.00000,0.60327,-0.14633,0.02200,0.00000,0.00000,1.00000,1,1,0.00000,0.07904,0
22.6860,0,map,BR,32,23.6400,0.89831,-0.17353,1.00000,0.89831,-0.17353,0.02200,0.00000,0.00000,1.00000,1,1,0.00000,0.08075,0
22.6960,0,map,FL,24,23.4000,1.25158,0.13070,1.00000,1.25158,0.13070,0.02200,0.00000,0.00000,1.00000,1,1,0.00000,0.08504,0
22.6960,0,map,BL,17,23.1900,0.74896,0.11465,1.00000,0.74896,0.11465,0.02200,0.00000,0.00000,1.00000,1,1,0.00000,0.07623,0
22.6960,0,map,FR,9,22.9500,1.11713,-0.19051,1.00000,1.11713,-0.19051,0.02200,0.00000,0.00000,1.00000,1,1,0.00000,0.08850,0
22.6960,0,map,FR,39,23.8500,1.38003,-0.20068,1.00000,1.38003,-0.20068,0.02200,0.00000,0.00000,1.00000,1,1,0.00000,0.09355,0
22.6960,0,map,BR,2,22.7400,0.60271,-0.14660,1.00000,0.60271,-0.14660,0.02200,0.00000,0.00000,1.00000,1,1,0.00000,0.07860,0
22.6960,0,map,BR,32,23.6400,0.90252,-0.17331,1.00000,0.90252,-0.17331,0.02200,0.00000,0.00000,1.00000,1,1,0.00000,0.08673,0
22.7060,0,map,FL,24,23.4000,1.25085,0.13175,1.00000,1.25085,0.13175,0.02200,0.00000,0.00000,1.00000,1,1,0.00000,0.08495,0
22.7060,0,map,BL,17,23.1900,0.74820,0.11591,1.00000,0.74820,0.11591,0.02200,0.00000,0.00000,1.00000,1,1,0.00000,0.07624,0
22.7060,0,map,FR,9,22.9500,1.11638,-0.18956,1.00000,1.11638,-0.18956,0.02200,0.00000,0.00000,1.00000,1,1,0.00000,0.08806,0
22.7060,0,map,FR,39,23.8500,1.37894,-0.19900,1.00000,1.37894,-0.19900,0.02200,0.00000,0.00000,1.00000,1,1,0.00000,0.09311,0
22.7060,0,map,BR,2,22.7400,0.60207,-0.14669,1.00000,0.60207,-0.14669,0.02200,0.00000,0.00000,1.00000,1,1,0.00000,0.07811,0
22.7060,0,map,BR,32,23.6400,0.90225,-0.17222,1.00000,0.90225,-0.17222,0.02200,0.00000,0.00000,1.00000,1,1,0.00000,0.08636,0
22.7140,0,map,FL,23,23.4000,1.24402,0.13343,1.00000,1.24402,0.13343,0.02200,0.00000,0.00000,1.00000,1,1,0.00000,0.08003,0
22.7140,0,map,BL,16,23.1900,0.74649,0.11675,1.00000,0.74649,0.11675,0.02200,0.00000,0.00000,1.00000,1,1,0.00000,0.07625,0
22.7160,0,map,FR,8,22.9500,1.11485,-0.18905,1.00000,1.11485,-0.18905,0.02200,0.00000,0.00000,1.00000,1,1,0.00000,0.08747,0
22.7160,0,map,FR,38,23.8500,1.37219,-0.19744,1.00000,1.37219,-0.19744,0.02200,0.00000,0.00000,1.00000,1,1,0.00000,0.08776,0
22.7160,0,map,BR,1,22.7400,0.60150,-0.14676,1.00000,0.60150,-0.14676,0.02200,0.00000,0.00000,1.00000,1,1,0.00000,0.07743,0
22.7160,0,map,BR,31,23.6400,0.89549,-0.17067,1.00000,0.89549,-0.17067,0.02200,0.00000,0.00000,1.00000,1,1,0.00000,0.08098,0
22.7380,0,map,FL,23,23.4000,1.24402,0.13895,1.00000,1.24402,0.13895,0.02200,0.00000,0.00000,1.00000,1,1,0.00000,0.08025,0
22.7380,0,map,BL,16,23.1900,0.74512,0.11720,1.00000,0.74512,0.11720,0.02200,0.00000,0.00000,1.00000,1,1,0.00000,0.07640,0
22.7380,0,map,FR,8,22.9500,1.11424,-0.18940,1.00000,1.11424,-0.18940,0.02200,0.00000,0.00000,1.00000,1,1,0.00000,0.08726,0
22.7380,0,map,FR,38,23.8500,1.35949,-0.18090,1.00000,1.35949,-0.18090,0.02200,0.00000,0.00000,1.00000,1,1,0.00000,0.07267,0
22.7380,0,map,BR,1,22.7400,0.60174,-0.14750,1.00000,0.60174,-0.14750,0.02200,0.00000,0.00000,1.00000,1,1,0.00000,0.07677,0
22.7380,0,map,BR,31,23.6400,0.88634,-0.15913,1.00000,0.88634,-0.15913,0.02200,0.00000,0.00000,1.00000,1,1,0.00000,0.07282,0
22.7460,0,map,FL,22,23.4000,1.23658,0.14034,1.00000,1.23658,0.14034,0.02200,0.00000,0.00000,1.00000,1,1,0.00000,0.07662,0
22.7460,0,map,BL,15,23.1900,0.74108,0.11899,1.00000,0.74108,0.11899,0.02200,0.00000,0.00000,1.00000,1,1,0.00000,0.07634,0
22.7460,0,map,FR,7,22.9500,1.11121,-0.18798,1.00000,1.11121,-0.18798,0.02200,0.00000,0.00000,1.00000,1,1,0.00000,0.08557,0
22.7460,0,map,FR,37,23.8500,1.35404,-0.18251,1.00000,1.35404,-0.18251,0.02200,0.00000,0.00000,1.00000,1,1,0.00000,0.07065,0
22.7460,0,map,BR,30,23.6400,0.87964,-0.15781,1.00000,0.87964,-0.15781,0.02200,0.00000,0.00000,1.00000,1,1,0.00000,0.07001,0
22.7560,0,map,FL,22,23.4000,1.23880,0.14375,1.00000,1.23880,0.14375,0.02200,0.00000,0.00000,1.00000,1,1,0.00000,0.07958,0
22.7560,0,map,BL,15,23.1900,0.73915,0.11910,1.00000,0.73915,0.11910,0.02200,0.00000,0.00000,1.00000,1,1,0.00000,0.07649,0
22.7560,0,map,FR,7,22.9500,1.10994,-0.18797,1.00000,1.10994,-0.18797,0.02200,0.00000,0.00000,1.00000,1,1,0.00000,0.08558,0
22.7560,0,map,FR,37,23.8500,1.35157,-0.17382,1.00000,1.35157,-0.17382,0.02200,0.00000,0.00000,1.00000,1,1,0.00000,0.06764,0
22.7560,0,map,BR,30,23.6400,0.87698,-0.15102,1.00000,0.87698,-0.15102,0.02200,0.00000,0.00000,1.00000,1,1,0.00000,0.06955,0
22.7640,0,map,FL,22,23.4000,1.23766,0.14380,1.00000,1.23766,0.14380,0.02200,0.00000,0.00000,1.00000,1,1,0.00000,0.07969,0
22.7640,0,map,BL,15,23.1900,0.73760,0.11976,1.00000,0.73760,0.11976,0.02200,0.00000,0.00000,1.00000,1,1,0.00000,0.07650,0
22.7640,0,map,FR,7,22.9500,1.10856,-0.18732,1.00000,1.10856,-0.18732,0.02200,0.00000,0.00000,1.00000,1,1,0.00000,0.08500,0
22.7640,0,map,FR,37,23.8500,1.35105,-0.17491,1.00000,1.35105,-0.17491,0.02200,0.00000,0.00000,1.00000,1,1,0.00000,0.06850,0
22.7640,0,map,BR,30,23.6400,0.87625,-0.15056,1.00000,0.87625,-0.15056,0.02200,0.00000,0.00000,1.00000,1,1,0.00000,0.07017,0
22.7740,0,map,FL,21,23.4000,1.23280,0.14434,1.00000,1.23280,0.14434,0.02200,0.00000,0.00000,1.00000,1,1,0.00000,0.07597,0
22.7740,0,map,BL,14,23.1900,0.73669,0.12044,1.00000,0.73669,0.12044,0.02200,0.00000,0.00000,1.00000,1,1,0.00000,0.07654,0
22.7740,0,map,FR,6,22.9500,1.10795,-0.18697,1.00000,1.10795,-0.18697,0.02200,0.00000,0.00000,1.00000,1,1,0.00000,0.08453,0
22.7740,0,map,FR,36,23.8500,1.34617,-0.17431,1.00000,1.34617,-0.17431,0.02200,0.00000,0.00000,1.00000,1,1,0.00000,0.06441,0
22.7740,0,map,BR,29,23.6400,0.87148,-0.15012,1.00000,0.87148,-0.15012,0.02200,0.00000,0.00000,1.00000,1,1,0.00000,0.06603,0
22.7840,0,map,FL,21,23.4000,1.23574,0.14634,1.00000,1.23574,0.14634,0.02200,0.00000,0.00000,1.00000,1,1,0.00000,0.07990,0
22.7840,0,map,BL,14,23.1900,0.73447,0.12043,1.00000,0.73447,0.12043,0.02200,0.00000,0.00000,1.00000,1,1,0.00000,0.07657,0
22.7840,0,map,FR,6,22.9500,1.10615,-0.18749,1.00000,1.10615,-0.18749,0.02200,0.00000,0.00000,1.00000,1,1,0.00000,0.08431,0
22.7840,0,map,FR,36,23.8500,1.34730,-0.17029,1.00000,1.34730,-0.17029,0.02200,0.00000,0.00000,1.00000,1,1,0.00000,0.06649,0
22.7840,0,map,BR,29,23.6400,0.87118,-0.14593,1.00000,0.87118,-0.14593,0.02200,0.00000,0.00000,1.00000,1,1,0.00000,0.06886,0
22.7920,0,map,FL,21,23.4000,1.23469,0.14626,1.00000,1.23469,0.14626,0.02200,0.00000,0.00000,1.00000,1,1,0.00000,0.07992,0
22.7920,0,map,BL,14,23.1900,0.73322,0.12088,1.00000,0.73322,0.12088,0.02200,0.00000,0.00000,1.00000,1,1,0.00000,0.07664,0
22.7920,0,map,FR,6,22.9500,1.10480,-0.18703,1.00000,1.10480,-0.18703,0.02200,0.00000,0.00000,1.00000,1,1,0.00000,0.08390,0
22.7920,0,map,FR,36,23.8500,1.34647,-0.17078,1.00000,1.34647,-0.17078,0.02200,0.00000,0.00000,1.00000,1,1,0.00000,0.06681,0
22.7920,0,map,BR,29,23.6400,0.87054,-0.14559,1.00000,0.87054,-0.14559,0.02200,0.00000,0.00000,1.00000,1,1,0.00000,0.06908,0
22.8000,0,map,FL,20,23.4000,1.22986,0.14623,1.00000,1.22986,0.14623,0.02200,0.00000,0.00000,1.00000,1,1,0.00000,0.07639,0
22.8000,0,map,BL,13,23.1900,0.73223,0.12126,1.00000,0.73223,0.12126,0.02200,0.00000,0.00000,1.00000,1,1,0.00000,0.07670,0
22.8020,0,map,FR,5,22.9500,1.10374,-0.18675,1.00000,1.10374,-0.18675,0.02200,0.00000,0.00000,1.00000,1,1,0.00000,0.08361,0
22.8020,0,map,FR,35,23.8500,1.34156,-0.17081,1.00000,1.34156,-0.17081,0.02200,0.00000,0.00000,1.00000,1,1,0.00000,0.06293,0
22.8020,0,map,BR,28,23.6400,0.86571,-0.14564,1.00000,0.86571,-0.14564,0.02200,0.00000,0.00000,1.00000,1,1,0.00000,0.06514,0
22.8100,0,map,FL,20,23.4000,1.23477,0.14760,1.00000,1.23477,0.14760,0.02200,0.00000,0.00000,1.00000,1,1,0.00000,0.08063,0
22.8100,0,map,BL,13,23.1900,0.73164,0.12115,1.00000,0.73164,0.12115,0.02200,0.00000,0.00000,1.00000,1,1,0.00000,0.07670,0
22.8100,0,map,FR,5,22.9500,1.10368,-0.18741,1.00000,1.10368,-0.18741,0.02200,0.00000,0.00000,1.00000,1,1,0.00000,0.08344,0
22.8100,0,map,FR,35,23.8500,1.34594,-0.16883,1.00000,1.34594,-0.16883,0.02200,0.00000,0.00000,1.00000,1,1,0.00000,0.06696,0
22.8100,0,map,BR,28,23.6400,0.86833,-0.14286,1.00000,0.86833,-0.14286,0.02200,0.00000,0.00000,1.00000,1,1,0.00000,0.06927,0
22.8200,0,map,FL,20,23.4000,1.23309,0.14734,1.00000,1.23309,0.14734,0.02200,0.00000,0.00000,1.00000,1,1,0.00000,0.08062,0
22.8200,0,map,BL,13,23.1900,0.73000,0.12124,1.00000,0.73000,0.12124,0.02200,0.00000,0.00000,1.00000,1,1,0.00000,0.07677,0
22.8200,0,map,FR,5,22.9500,1.10127,-0.18659,1.00000,1.10127,-0.18659,0.02200,0.00000,0.00000,1.00000,1,1,0.00000,0.08315,0
22.8200,0,map,FR,35,23.8500,1.34436,-0.16909,1.00000,1.34436,-0.16909,0.02200,0.00000,0.00000,1.00000,1,1,0.00000,0.06707,0
22.8200,0,map,BR,28,23.6400,0.86708,-0.14277,1.00000,0.86708,-0.14277,0.02200,0.00000,0.00000,1.00000,1,1,0.00000,0.06932,0
22.8300,0,map,FL,19,23.4000,1.22841,0.14697,1.00000,1.22841,0.14697,0.02200,0.00000,0.00000,1.00000,1,1,0.00000,0.07715,0
22.8300,0,map,BL,12,23.1900,0.72902,0.12146,1.00000,0.72902,0.12146,0.02200,0.00000,0.00000,1.00000,1,1,0.00000,0.07689,0
22.8300,0,map,FR,4,22.9500,1.09989,-0.18581,1.00000,1.09989,-0.18581,0.02200,0.00000,0.00000,1.00000,1,1,0.00000,0.08279,0
22.8300,0,map,FR,34,23.8500,1.33954,-0.16940,1.00000,1.33954,-0.16940,0.02200,0.00000,0.00000,1.00000,1,1,0.00000,0.06327,0
22.8300,0,map,BR,27,23.6400,0.86232,-0.14312,1.00000,0.86232,-0.14312,0.02200,0.00000,0.00000,1.00000,1,1,0.00000,0.06543,0
22.8380,0,map,FL,19,23.4000,1.23275,0.14781,1.00000,1.23275,0.14781,0.02200,0.00000,0.00000,1.00000,1,1,0.00000,0.08147,0
22.8380,0,map,BL,12,23.1900,0.72780,0.12113,1.00000,0.72780,0.12113,0.02200,0.00000,0.00000,1.00000,1,1,0.00000,0.07693,0
22.8380,0,map,FR,4,22.9500,1.09848,-0.18554,1.00000,1.09848,-0.18554,0.02200,0.00000,0.00000,1.00000,1,1,0.00000,0.08252,0
22.8380,0,map,FR,34,23.8500,1.34395,-0.16859,1.00000,1.34395,-0.16859,0.02200,0.00000,0.00000,1.00000,1,1,0.00000,0.06811,0
22.8380,0,map,BR,27,23.6400,0.86484,-0.14130,1.00000,0.86484,-0.14130,0.02200,0.00000,0.00000,1.00000,1,1,0.00000,0.07011,0
22.8480,0,map,FL,19,23.4000,1.23223,0.14757,1.00000,1.23223,0.14757,0.02200,0.00000,0.00000,1.00000,1,1,0.00000,0.08145,0
22.8480,0,map,BL,12,23.1900,0.72726,0.12125,1.00000,0.72726,0.12125,0.02200,0.00000,0.00000,1.00000,1,1,0.00000,0.07703,0
22.8480,0,map,FR,4,22.9500,1.09766,-0.18491,1.00000,1.09766,-0.18491,0.02200,0.00000,0.00000,1.00000,1,1,0.00000,0.08227,0
22.8480,0,map,FR,34,23.8500,1.34356,-0.16876,1.00000,1.34356,-0.16876,0.02200,0.00000,0.00000,1.00000,1,1,0.00000,0.06814,0
22.8480,0,map,BR,27,23.6400,0.86486,-0.14141,1.00000,0.86486,-0.14141,0.02200,0.00000,0.00000,1.00000,1,1,0.00000,0.07007,0
22.8580,0,map,FL,19,23.4000,1.23185,0.14745,1.00000,1.23185,0.14745,0.02200,0.00000,0.00000,1.00000,1,1,0.00000,0.08147,0
22.8580,0,map,BL,12,23.1900,0.72672,0.12126,1.00000,0.72672,0.12126,0.02200,0.00000,0.00000,1.00000,1,1,0.00000,0.07712,0
22.8580,0,map,FR,4,22.9500,1.09646,-0.18384,1.00000,1.09646,-0.18384,0.02200,0.00000,0.00000,1.00000,1,1,0.00000,0.08193,0
22.8580,0,map,FR,34,23.8500,1.34302,-0.16876,1.00000,1.34302,-0.16876,0.02200,0.00000,0.00000,1.00000,1,1,0.00000,0.06810,0
22.8580,0,map,BR,27,23.6400,0.86437,-0.14148,1.00000,0.86437,-0.14148,0.02200,0.00000,0.00000,1.00000,1,1,0.00000,0.07002,0
22.8660,0,map,FL,18,23.4000,1.22757,0.14679,1.00000,1.22757,0.14679,0.02200,0.00000,0.00000,1.00000,1,1,0.00000,0.07796,0
22.8660,0,map,BL,11,23.1900,0.72625,0.12129,1.00000,0.72625,0.12129,0.02200,0.00000,0.00000,1.00000,1,1,0.00000,0.07719,0
22.8660,0,map,FR,3,22.9500,1.09564,-0.18290,1.00000,1.09564,-0.18290,0.02200,0.00000,0.00000,1.00000,1,1,0.00000,0.08157,0
22.8660,0,map,FR,33,23.8500,1.33865,-0.16933,1.00000,1.33865,-0.16933,0.02200,0.00000,0.00000,1.00000,1,1,0.00000,0.06433,0
22.8660,0,map,BR,26,23.6400,0.86004,-0.14210,1.00000,0.86004,-0.14210,0.02200,0.00000,0.00000,1.00000,1,1,0.00000,0.06616,0
22.8760,0,map,FL,18,23.4000,1.23242,0.14736,1.00000,1.23242,0.14736,0.02200,0.00000,0.00000,1.00000,1,1,0.00000,0.08228,0
22.8760,0,map,BL,11,23.1900,0.72570,0.12081,1.00000,0.72570,0.12081,0.02200,0.00000,0.00000,1.00000,1,1,0.00000,0.07722,0
22.8760,0,map,FR,3,22.9500,1.09475,-0.18260,1.00000,1.09475,-0.18260,0.02200,0.00000,0.00000,1.00000,1,1,0.00000,0.08156,0
22.8760,0,map,FR,33,23.8500,1.34396,-0.16924,1.00000,1.34396,-0.16924,0.02200,0.00000,0.00000,1.00000,1,1,0.00000,0.06952,0
22.8760,0,map,BR,26,23.6400,0.86336,-0.14093,1.00000,0.86336,-0.14093,0.02200,0.00000,0.00000,1.00000,1,1,0.00000,0.07108,0
22.8840,0,map,FL,18,23.4000,1.23224,0.14694,1.00000,1.23224,0.14694,0.02200,0.00000,0.00000,1.00000,1,1,0.00000,0.08224,0
22.8840,0,map,BL,11,23.1900,0.72555,0.12070,1.00000,0.72555,0.12070,0.02200,0.00000,0.00000,1.00000,1,1,0.00000,0.07733,0
22.8840,0,map,FR,3,22.9500,1.09452,-0.18207,1.00000,1.09452,-0.18207,0.02200,0.00000,0.00000,1.00000,1,1,0.00000,0.08142,0
22.8840,0,map,FR,33,23.8500,1.34394,-0.16952,1.00000,1.34394,-0.16952,0.02200,0.00000,0.00000,1.00000,1,1,0.00000,0.06952,0
22.8840,0,map,BR,26,23.6400,0.86375,-0.14130,1.00000,0.86375,-0.14130,0.02200,0.00000,0.00000,1.00000,1,1,0.00000,0.07099,0
22.8940,0,map,FL,17,23.4000,1.23228,0.14674,1.00000,1.23228,0.14674,0.02200,0.00000,0.00000,1.00000,1,1,0.00000,0.08221,0
22.8940,0,map,BL,10,23.1900,0.72557,0.12048,1.00000,0.72557,0.12048,0.02200,0.00000,0.00000,1.00000,1,1,0.00000,0.07734,0
22.8940,0,map,FR,2,22.9500,1.09476,-0.18188,1.00000,1.09476,-0.18188,0.02200,0.00000,0.00000,1.00000,1,1,0.00000,0.08143,0
22.8940,0,map,FR,32,23.8500,1.33994,-0.17020,1.00000,1.33994,-0.17020,0.02200,0.00000,0.00000,1.00000,1,1,0.00000,0.06570,0
22.8940,0,map,BR,25,23.6400,0.85978,-0.14212,1.00000,0.85978,-0.14212,0.02200,0.00000,0.00000,1.00000,1,1,0.00000,0.06707,0
22.9040,0,map,FL,17,23.4000,1.23350,0.14646,1.00000,1.23350,0.14646,0.02200,0.00000,0.00000,1.00000,1,1,0.00000,0.08294,0
22.9040,0,map,BL,10,23.1900,0.72553,0.11968,1.00000,0.72553,0.11968,0.02200,0.00000,0.00000,1.00000,1,1,0.00000,0.07737,0
22.9040,0,map,FR,2,22.9500,1.09465,-0.18165,1.00000,1.09465,-0.18165,0.02200,0.00000,0.00000,1.00000,1,1,0.00000,0.08160,0
22.9040,0,map,FR,32,23.8500,1.34567,-0.17063,1.00000,1.34567,-0.17063,0.02200,0.00000,0.00000,1.00000,1,1,0.00000,0.07085,0
22.9040,0,map,BR,25,23.6400,0.86367,-0.14143,1.00000,0.86367,-0.14143,0.02200,0.00000,0.00000,1.00000,1,1,0.00000,0.07197,0
22.9120,0,map,FL,17,23.4000,1.23373,0.14586,1.00000,1.23373,0.14586,0.02200,0.00000,0.00000,1.00000,1,1,0.00000,0.08284,0
22.9120,0,map,BL,10,23.1900,0.72608,0.11913,1.00000,0.72608,0.11913,0.02200,0.00000,0.00000,1.00000,1,1,0.00000,0.07739,0
22.9120,0,map,FR,2,22.9500,1.09529,-0.18165,1.00000,1.09529,-0.18165,0.02200,0.00000,0.00000,1.00000,1,1,0.00000,0.08194,0
22.9120,0,map,FR,32,23.8500,1.34647,-0.17104,1.00000,1.34647,-0.17104,0.02200,0.00000,0.00000,1.00000,1,1,0.00000,0.07103,0
22.9120,0,map,BR,25,23.6400,0.86458,-0.14214,1.00000,0.86458,-0.14214,0.02200,0.00000,0.00000,1.00000,1,1,0.00000,0.07199,0
22.9220,0,map,FL,16,23.4000,1.23894,0.14596,1.00000,1.23894,0.14596,0.02200,0.00000,0.00000,1.00000,1,1,0.00000,0.08638,0
22.9220,0,map,BL,9,23.1900,0.72741,0.11829,1.00000,0.72741,0.11829,0.02200,0.00000,0.00000,1.00000,1,1,0.00000,0.07731,0
22.9220,0,map,BL,39,24.0900,1.00263,0.14630,1.00000,1.00263,0.14630,0.02200,0.00000,0.00000,1.00000,1,1,0.00000,0.06482,0
22.9220,0,map,FR,1,22.9500,1.09756,-0.18244,1.00000,1.09756,-0.18244,0.02200,0.00000,0.00000,1.00000,1,1,0.00000,0.08256,0
22.9220,0,map,FR,31,23.8500,1.34367,-0.17199,1.00000,1.34367,-0.17199,0.02200,0.00000,0.00000,1.00000,1,1,0.00000,0.06717,0
22.9220,0,map,BR,24,23.6400,0.86176,-0.14336,1.00000,0.86176,-0.14336,0.02200,0.00000,0.00000,1.00000,1,1,0.00000,0.06805,0
22.9300,0,map,FL,16,23.4000,1.24075,0.14532,1.00000,1.24075,0.14532,0.02200,0.00000,0.00000,1.00000,1,1,0.00000,0.08704,0
22.9300,0,map,BL,9,23.1900,0.72819,0.11695,1.00000,0.72819,0.11695,0.02200,0.00000,0.00000,1.00000,1,1,0.00000,0.07734,0
22.9300,0,map,BL,39,24.0900,1.01343,0.14635,1.00000,1.01343,0.14635,0.02200,0.00000,0.00000,1.00000,1,1,0.00000,0.06557,0
22.9300,0,map,FR,1,22.9500,1.09823,-0.18244,1.00000,1.09823,-0.18244,0.02200,0.00000,0.00000,1.00000,1,1,0.00000,0.08308,0
22.9300,0,map,FR,31,23.8500,1.34995,-0.17286,1.00000,1.34995,-0.17286,0.02200,0.00000,0.00000,1.00000,1,1,0.00000,0.07220,0
22.9300,0,map,BR,24,23.6400,0.86636,-0.14315,1.00000,0.86636,-0.14315,0.02200,0.00000,0.00000,1.00000,1,1,0.00000,0.07286,0
22.9400,0,map,FL,16,23.4000,1.24136,0.14458,1.00000,1.24136,0.14458,0.02200,0.00000,0.00000,1.00000,1,1,0.00000,0.08693,0
22.9400,0,map,BL,9,23.1900,0.72929,0.11600,1.00000,0.72929,0.11600,0.02200,0.00000,0.00000,1.00000,1,1,0.00000,0.07732,0
22.9400,0,map,BL,39,24.0900,1.01479,0.14534,1.00000,1.01479,0.14534,0.02200,0.00000,0.00000,1.00000,1,1,0.00000,0.06591,0
22.9400,0,map,FR,1,22.9500,1.09890,-0.18280,1.00000,1.09890,-0.18280,0.02200,0.00000,0.00000,1.00000,1,1,0.00000,0.08367,0
22.9400,0,map,FR,31,23.8500,1.35120,-0.17333,1.00000,1.35120,-0.17333,0.02200,0.00000,0.00000,1.00000,1,1,0.00000,0.07236,0
22.9400,0,map,BR,24,23.6400,0.86770,-0.14411,1.00000,0.86770,-0.14411,0.02200,0.00000,0.00000,1.00000,1,1,0.00000,0.07286,0
22.9500,0,map,FL,15,23.4000,1.24180,0.14384,1.00000,1.24180,0.14384,0.02200,0.00000,0.00000,1.00000,1,1,0.00000,0.08692,0
22.9500,0,map,BL,8,23.1900,0.72989,0.11480,1.00000,0.72989,0.11480,0.02200,0.00000,0.00000,1.00000,1,1,0.00000,0.07738,0
22.9500,0,map,BL,38,24.0900,1.01086,0.14417,1.00000,1.01086,0.14417,0.02200,0.00000,0.00000,1.00000,1,1,0.00000,0.06176,0
22.9500,0,map,FR,30,23.8500,1.34756,-0.17432,1.00000,1.34756,-0.17432,0.02200,0.00000,0.00000,1.00000,1,1,0.00000,0.06847,0
22.9500,0,map,BR,23,23.6400,0.86406,-0.14558,1.00000,0.86406,-0.14558,0.02200,0.00000,0.00000,1.00000,1,1,0.00000,0.06887,0
22.9680,0,map,FL,15,23.4000,1.24368,0.14324,1.00000,1.24368,0.14324,0.02200,0.00000,0.00000,1.00000,1,1,0.00000,0.08726,0
22.9680,0,map,BL,8,23.1900,0.73118,0.11320,1.00000,0.73118,0.11320,0.02200,0.00000,0.00000,1.00000,1,1,0.00000,0.07749,0
22.9680,0,map,BL,38,24.0900,1.02526,0.13962,1.00000,1.02526,0.13962,0.02200,0.00000,0.00000,1.00000,1,1,0.00000,0.07546,0
22.9680,0,map,FR,30,23.8500,1.36010,-0.17552,1.00000,1.36010,-0.17552,0.02200,0.00000,0.00000,1.00000,1,1,0.00000,0.07844,0
22.9680,0,map,BR,23,23.6400,0.87181,-0.14623,1.00000,0.87181,-0.14623,0.02200,0.00000,0.00000,1.00000,1,1,0.00000,0.07579,0
22.9780,0,map,FL,15,23.4000,1.24606,0.14150,1.00000,1.24606,0.14150,0.02200,0.00000,0.00000,1.00000,1,1,0.00000,0.08724,0
22.9780,0,map,BL,8,23.1900,0.73433,0.11018,1.00000,0.73433,0.11018,0.02200,0.00000,0.00000,1.00000,1,1,0.00000,0.07751,0
22.9780,0,map,BL,38,24.0900,1.02695,0.13761,1.00000,1.02695,0.13761,0.02200,0.00000,0.00000,1.00000,1,1,0.00000,0.07505,0
22.9780,0,map,FR,30,23.8500,1.36313,-0.17643,1.00000,1.36313,-0.17643,0.02200,0.00000,0.00000,1.00000,1,1,0.00000,0.07811,0
22.9780,0,map,BR,23,23.6400,0.87520,-0.14886,1.00000,0.87520,-0.14886,0.02200,0.00000,0.00000,1.00000,1,1,0.00000,0.07553,0
22.9860,0,map,FL,14,23.4000,1.24770,0.14034,1.00000,1.24770,0.14034,0.02200,0.00000,0.00000,1.00000,1,1,0.00000,0.08756,0
22.9860,0,map,BL,7,23.1900,0.73541,0.10904,1.00000,0.73541,0.10904,0.02200,0.00000,0.00000,1.00000,1,1,0.00000,0.07805,0
22.9860,0,map,BL,37,24.0900,1.02344,0.13609,1.00000,1.02344,0.13609,0.02200,0.00000,0.00000,1.00000,1,1,0.00000,0.07045,0
22.9860,0,map,FR,29,23.8500,1.36000,-0.17766,1.00000,1.36000,-0.17766,0.02200,0.00000,0.00000,1.00000,1,1,0.00000,0.07379,0
22.9860,0,map,BR,22,23.6400,0.87220,-0.15086,1.00000,0.87220,-0.15086,0.02200,0.00000,0.00000,1.00000,1,1,0.00000,0.07108,0
22.9960,0,map,FL,14,23.4000,1.24929,0.14003,1.00000,1.24929,0.14003,0.02200,0.00000,0.00000,1.00000,1,1,0.00000,0.08819,0
22.9960,0,map,BL,7,23.1900,0.73561,0.10848,1.00000,0.73561,0.10848,0.02200,0.00000,0.00000,1.00000,1,1,0.00000,0.07861,0
22.9960,0,map,BL,37,24.0900,1.03238,0.13395,1.00000,1.03238,0.13395,0.02200,0.00000,0.00000,1.00000,1,1,0.00000,0.08034,0
22.9960,0,map,FR,29,23.8500,1.36936,-0.17833,1.00000,1.36936,-0.17833,0.02200,0.00000,0.00000,1.00000,1,1,0.00000,0.08132,0
22.9960,0,map,BR,22,23.6400,0.87819,-0.15102,1.00000,0.87819,-0.15102,0.02200,0.00000,0.00000,1.00000,1,1,0.00000,0.07681,0
23.0060,0,map,FL,14,23.4000,1.25091,0.13906,1.00000,1.25091,0.13906,0.02200,0.00000,0.00000,1.00000,1,1,0.00000,0.08846,0
23.0060,0,map,BL,7,23.1900,0.73674,0.10758,1.00000,0.73674,0.10758,0.02200,0.00000,0.00000,1.00000,1,1,0.00000,0.07906,0
23.0060,0,map,BL,37,24.0900,1.03365,0.13293,1.00000,1.03365,0.13293,0.02200,0.00000,0.00000,1.00000,1,1,0.00000,0.07998,0
23.0060,0,map,FR,29,23.8500,1.37116,-0.17877,1.00000,1.37116,-0.17877,0.02200,0.00000,0.00000,1.00000,1,1,0.00000,0.08109,0
23.0060,0,map,BR,22,23.6400,0.88047,-0.15248,1.00000,0.88047,-0.15248,0.02200,0.00000,0.00000,1.00000,1,1,0.00000,0.07661,0
23.0140,0,map,FL,13,23.4000,1.25093,0.13850,1.00000,1.25093,0.13850,0.02200,0.00000,0.00000,1.00000,1,1,0.00000,0.08847,0
23.0140,0,map,BL,6,23.1900,0.73686,0.10667,1.00000,0.73686,0.10667,0.02200,0.00000,0.00000,1.00000,1,1,0.00000,0.07912,0
23.0140,0,map,BL,36,24.0900,1.02871,0.13174,1.00000,1.02871,0.13174,0.02200,0.00000,0.00000,1.00000,1,1,0.00000,0.07513,0
23.0140,0,map,FR,28,23.8500,1.36647,-0.17978,1.00000,1.36647,-0.17978,0.02200,0.00000,0.00000,1.00000,1,1,0.00000,0.07653,0
23.0140,0,map,BR,21,23.6400,0.87585,-0.15399,1.00000,0.87585,-0.15399,0.02200,0.00000,0.00000,1.00000,1,1,0.00000,0.07193,0
23.0240,0,map,FL,13,23.4000,1.25195,0.13847,1.00000,1.25195,0.13847,0.02200,0.00000,0.00000,1.00000,1,1,0.00000,0.08890,0
23.0240,0,map,BL,6,23.1900,0.73705,0.10628,1.00000,0.73705,0.10628,0.02200,0.00000,0.00000,1.00000,1,1,0.00000,0.07934,0
23.0240,0,map,BL,36,24.0900,1.03562,0.13064,1.00000,1.03562,0.13064,0.02200,0.00000,0.00000,1.00000,1,1,0.00000,0.08312,0
23.0240,0,map,FR,28,23.8500,1.37431,-0.18031,1.00000,1.37431,-0.18031,0.02200,0.00000,0.00000,1.00000,1,1,0.00000,0.08294,0
23.0240,0,map,BR,21,23.6400,0.88081,-0.15391,1.00000,0.88081,-0.15391,0.02200,0.00000,0.00000,1.00000,1,1,0.00000,0.07718,0
23.0320,0,map,FL,13,23.4000,1.25233,0.13765,1.00000,1.25233,0.13765,0.02200,0.00000,0.00000,1.00000,1,1,0.00000,0.08897,0
23.0320,0,map,BL,6,23.1900,0.73735,0.10545,1.00000,0.73735,0.10545,0.02200,0.00000,0.00000,1.00000,1,1,0.00000,0.07950,0
23.0320,0,map,BL,36,24.0900,1.03603,0.12977,1.00000,1.03603,0.12977,0.02200,0.00000,0.00000,1.00000,1,1,0.00000,0.08279,0
23.0320,0,map,FR,28,23.8500,1.37486,-0.18082,1.00000,1.37486,-0.18082,0.02200,0.00000,0.00000,1.00000,1,1,0.00000,0.08275,0
23.0320,0,map,BR,21,23.6400,0.88171,-0.15503,1.00000,0.88171,-0.15503,0.02200,0.00000,0.00000,1.00000,1,1,0.00000,0.07702,0
23.0420,0,map,FL,12,23.4000,1.25263,0.13708,1.00000,1.25263,0.13708,0.02200,0.00000,0.00000,1.00000,1,1,0.00000,0.08898,0
23.0420,0,map,BL,5,23.1900,0.73762,0.10468,1.00000,0.73762,0.10468,0.02200,0.00000,0.00000,1.00000,1,1,0.00000,0.07957,0
23.0420,0,map,BL,35,24.0900,1.03127,0.12852,1.00000,1.03127,0.12852,0.02200,0.00000,0.00000,1.00000,1,1,0.00000,0.07778,0
23.0420,0,map,FR,27,23.8500,1.37025,-0.18196,1.00000,1.37025,-0.18196,0.02200,0.00000,0.00000,1.00000,1,1,0.00000,0.07806,0
23.0420,0,map,BR,20,23.6400,0.87711,-0.15652,1.00000,0.87711,-0.15652,0.02200,0.00000,0.00000,1.00000,1,1,0.00000,0.07222,0
23.0520,0,map,FL,12,23.4000,1.25328,0.13704,1.00000,1.25328,0.13704,0.02200,0.00000,0.00000,1.00000,1,1,0.00000,0.08931,0
23.0520,0,map,BL,5,23.1900,0.73776,0.10412,1.00000,0.73776,0.10412,0.02200,0.00000,0.00000,1.00000,1,1,0.00000,0.07966,0
23.0520,0,map,BL,35,24.0900,1.03724,0.12779,1.00000,1.03724,0.12779,0.02200,0.00000,0.00000,1.00000,1,1,0.00000,0.08478,0
23.0520,0,map,FR,27,23.8500,1.37727,-0.18263,1.00000,1.37727,-0.18263,0.02200,0.00000,0.00000,1.00000,1,1,0.00000,0.08392,0
23.0520,0,map,BR,20,23.6400,0.88155,-0.15656,1.00000,0.88155,-0.15656,0.02200,0.00000,0.00000,1.00000,1,1,0.00000,0.07721,0
23.0620,0,map,FL,12,23.4000,1.25315,0.13624,1.00000,1.25315,0.13624,0.02200,0.00000,0.00000,1.00000,1,1,0.00000,0.08924,0
23.0620,0,map,BL,5,23.1900,0.73781,0.10307,1.00000,0.73781,0.10307,0.02200,0.00000,0.00000,1.00000,1,1,0.00000,0.07967,0
23.0620,0,map,BL,35,24.0900,1.03738,0.12693,1.00000,1.03738,0.12693,0.02200,0.00000,0.00000,1.00000,1,1,0.00000,0.08445,0
23.0620,0,map,FR,27,23.8500,1.37742,-0.18315,1.00000,1.37742,-0.18315,0.02200,0.00000,0.00000,1.00000,1,1,0.00000,0.08374,0
23.0620,0,map,BR,20,23.6400,0.88201,-0.15762,1.00000,0.88201,-0.15762,0.02200,0.00000,0.00000,1.00000,1,1,0.00000,0.07708,0
23.0740,0,map,FL,11,23.4000,1.25306,0.13552,1.00000,1.25306,0.13552,0.02200,0.00000,0.00000,1.00000,1,1,0.00000,0.08913,0
23.0740,0,map,BL,4,23.1900,0.73787,0.10193,1.00000,0.73787,0.10193,0.02200,0.00000,0.00000,1.00000,1,1,0.00000,0.07965,0
23.0740,0,map,BL,34,24.0900,1.03219,0.12549,1.00000,1.03219,0.12549,0.02200,0.00000,0.00000,1.00000,1,1,0.00000,0.07933,0
23.0740,0,map,FR,26,23.8500,1.37242,-0.18443,1.00000,1.37242,-0.18443,0.02200,0.00000,0.00000,1.00000,1,1,0.00000,0.07897,0
23.0740,0,map,BR,19,23.6400,0.87695,-0.15929,1.00000,0.87695,-0.15929,0.02200,0.00000,0.00000,1.00000,1,1,0.00000,0.07219,0
23.0840,0,map,FL,11,23.4000,1.25312,0.13542,1.00000,1.25312,0.13542,0.02200,0.00000,0.00000,1.00000,1,1,0.00000,0.08932,0
23.0840,0,map,BL,4,23.1900,0.73771,0.10098,1.00000,0.73771,0.10098,0.02200,0.00000,0.00000,1.00000,1,1,0.00000,0.07962,0
23.0840,0,map,BL,34,24.0900,1.03742,0.12484,1.00000,1.03742,0.12484,0.02200,0.00000,0.00000,1.00000,1,1,0.00000,0.08579,0
23.0860,0,map,FR,26,23.8500,1.37874,-0.18522,1.00000,1.37874,-0.18522,0.02200,0.00000,0.00000,1.00000,1,1,0.00000,0.08451,0
23.0860,0,map,BR,19,23.6400,0.88082,-0.15954,1.00000,0.88082,-0.15954,0.02200,0.00000,0.00000,1.00000,1,1,0.00000,0.07705,0
23.1020,0,map,FL,10,23.4000,1.25353,0.13431,1.00000,1.25353,0.13431,0.02200,0.00000,0.00000,1.00000,1,1,0.00000,0.08933,0
23.1020,0,map,BL,3,23.1900,0.73784,0.09935,1.00000,0.73784,0.09935,0.02200,0.00000,0.00000,1.00000,1,1,0.00000,0.07984,0
23.1020,0,map,BL,33,24.0900,1.03299,0.12287,1.00000,1.03299,0.12287,0.02200,0.00000,0.00000,1.00000,1,1,0.00000,0.08025,0
23.1020,0,map,FR,25,23.8500,1.37442,-0.18671,1.00000,1.37442,-0.18671,0.02200,0.00000,0.00000,1.00000,1,1,0.00000,0.07951,0
23.1020,0,map,BR,18,23.6400,0.87682,-0.16177,1.00000,0.87682,-0.16177,0.02200,0.00000,0.00000,1.00000,1,1,0.00000,0.07197,0
23.1220,0,map,FL,10,23.4000,1.25165,0.13410,1.00000,1.25165,0.13410,0.02200,0.00000,0.00000,1.00000,1,1,0.00000,0.08913,0
23.1220,0,map,BL,3,23.1900,0.73642,0.09823,1.00000,0.73642,0.09823,0.02200,0.00000,0.00000,1.00000,1,1,0.00000,0.07944,0
23.1240,0,map,BL,33,24.0900,1.03632,0.12220,1.00000,1.03632,0.12220,0.02200,0.00000,0.00000,1.00000,1,1,0.00000,0.08639,0
23.1240,0,map,FR,25,23.8500,1.37893,-0.18760,1.00000,1.37893,-0.18760,0.02200,0.00000,0.00000,1.00000,1,1,0.00000,0.08486,0
23.1240,0,map,BR,18,23.6400,0.87889,-0.16238,1.00000,0.87889,-0.16238,0.02200,0.00000,0.00000,1.00000,1,1,0.00000,0.07672,0
23.1480,0,map,FL,9,23.4000,1.24971,0.13254,1.00000,1.24971,0.13254,0.02200,0.00000,0.00000,1.00000,1,1,0.00000,0.08863,0
23.1480,0,map,FL,39,24.3000,1.50038,0.13731,1.00000,1.50038,0.13731,0.02200,0.00000,0.00000,1.00000,1,1,0.00000,0.09126,0
23.1480,0,map,BL,2,23.1900,0.73448,0.09701,1.00000,0.73448,0.09701,0.02200,0.00000,0.00000,1.00000,1,1,0.00000,0.07912,0
23.1480,0,map,BL,32,24.0900,1.02973,0.11973,1.00000,1.02973,0.11973,0.02200,0.00000,0.00000,1.00000,1,1,0.00000,0.08077,0
23.1480,0,map,FR,24,23.8500,1.37247,-0.18958,1.00000,1.37247,-0.18958,0.02200,0.00000,0.00000,1.00000,1,1,0.00000,0.07984,0
23.1480,0,map,BR,17,23.6400,0.87780,-0.16454,1.00000,0.87780,-0.16454,0.02200,0.00000,0.00000,1.00000,1,1,0.00000,0.07664,0
23.1580,0,map,FL,9,23.4000,1.24670,0.13195,1.00000,1.24670,0.13195,0.02200,0.00000,0.00000,1.00000,1,1,0.00000,0.08775,0
23.1580,0,map,FL,39,24.3000,1.51000,0.13784,1.00000,1.51000,0.13784,0.02200,0.00000,0.00000,1.00000,1,1,0.00000,0.09356,0
23.1580,0,map,BL,2,23.1900,0.73301,0.09705,1.00000,0.73301,0.09705,0.02200,0.00000,0.00000,1.00000,1,1,0.00000,0.07778,0
23.1580,0,map,BL,32,24.0900,1.03208,0.11840,1.00000,1.03208,0.11840,0.02200,0.00000,0.00000,1.00000,1,1,0.00000,0.08674,0
23.1580,0,map,FR,24,23.8500,1.37602,-0.19140,1.00000,1.37602,-0.19140,0.02200,0.00000,0.00000,1.00000,1,1,0.00000,0.08503,0
23.1580,0,map,BR,17,23.6400,0.87358,-0.16714,1.00000,0.87358,-0.16714,0.02200,0.00000,0.00000,1.00000,1,1,0.00000,0.07622,0
23.1680,0,map,FL,8,23.4000,1.24604,0.13111,1.00000,1.24604,0.13111,0.02200,0.00000,0.00000,1.00000,1,1,0.00000,0.08722,0
23.1680,0,map,FL,38,24.3000,1.50348,0.13523,1.00000,1.50348,0.13523,0.02200,0.00000,0.00000,1.00000,1,1,0.00000,0.08775,0
23.1680,0,map,BL,1,23.1900,0.73278,0.09711,1.00000,0.73278,0.09711,0.02200,0.00000,0.00000,1.00000,1,1,0.00000,0.07717,0
23.1680,0,map,BL,31,24.0900,1.02642,0.11644,1.00000,1.02642,0.11644,0.02200,0.00000,0.00000,1.00000,1,1,0.00000,0.08098,0
23.1680,0,map,FR,23,23.8500,1.36979,-0.19339,1.00000,1.36979,-0.19339,0.02200,0.00000,0.00000,1.00000,1,1,0.00000,0.08000,0
23.1680,0,map,BR,16,23.6400,0.87254,-0.16850,1.00000,0.87254,-0.16850,0.02200,0.00000,0.00000,1.00000,1,1,0.00000,0.07625,0
23.1860,0,map,FL,8,23.4000,1.24489,0.13153,1.00000,1.24489,0.13153,0.02200,0.00000,0.00000,1.00000,1,1,0.00000,0.08677,0
23.1860,0,map,FL,38,24.3000,1.48993,0.11894,1.00000,1.48993,0.11894,0.02200,0.00000,0.00000,1.00000,1,1,0.00000,0.07266,0
23.1860,0,map,BL,1,23.1900,0.73345,0.09801,1.00000,0.73345,0.09801,0.02200,0.00000,0.00000,1.00000,1,1,0.00000,0.07609,0
23.1860,0,map,BL,31,24.0900,1.01648,0.10504,1.00000,1.01648,0.10504,0.02200,0.00000,0.00000,1.00000,1,1,0.00000,0.07282,0
23.1860,0,map,FR,23,23.8500,1.36911,-0.19895,1.00000,1.36911,-0.19895,0.02200,0.00000,0.00000,1.00000,1,1,0.00000,0.08022,0
23.1860,0,map,BR,16,23.6400,0.87054,-0.16902,1.00000,0.87054,-0.16902,0.02200,0.00000,0.00000,1.00000,1,1,0.00000,0.07638,0
23.1940,0,map,FL,7,23.4000,1.24313,0.13045,1.00000,1.24313,0.13045,0.02200,0.00000,0.00000,1.00000,1,1,0.00000,0.08554,0
23.1940,0,map,FL,37,24.3000,1.48567,0.12104,1.00000,1.48567,0.12104,0.02200,0.00000,0.00000,1.00000,1,1,0.00000,0.07066,0
23.1960,0,map,BL,30,24.0900,1.01093,0.10412,1.00000,1.01093,0.10412,0.02200,0.00000,0.00000,1.00000,1,1,0.00000,0.07001,0
23.1960,0,map,FR,22,23.8500,1.36287,-0.19985,1.00000,1.36287,-0.19985,0.02200,0.00000,0.00000,1.00000,1,1,0.00000,0.07658,0
23.1960,0,map,BR,15,23.6400,0.86781,-0.17042,1.00000,0.86781,-0.17042,0.02200,0.00000,0.00000,1.00000,1,1,0.00000,0.07632,0
23.2040,0,map,FL,7,23.4000,1.24297,0.13093,1.00000,1.24297,0.13093,0.02200,0.00000,0.00000,1.00000,1,1,0.00000,0.08526,0
23.2060,0,map,FL,37,24.3000,1.48360,0.11195,1.00000,1.48360,0.11195,0.02200,0.00000,0.00000,1.00000,1,1,0.00000,0.06764,0
23.2060,0,map,BL,30,24.0900,1.00870,0.09718,1.00000,1.00870,0.09718,0.02200,0.00000,0.00000,1.00000,1,1,0.00000,0.06956,0
23.2060,0,map,FR,22,23.8500,1.36535,-0.20380,1.00000,1.36535,-0.20380,0.02200,0.00000,0.00000,1.00000,1,1,0.00000,0.07954,0
23.2060,0,map,BR,15,23.6400,0.86614,-0.17081,1.00000,0.86614,-0.17081,0.02200,0.00000,0.00000,1.00000,1,1,0.00000,0.07643,0
23.2140,0,map,FL,7,23.4000,1.24130,0.13033,1.00000,1.24130,0.13033,0.02200,0.00000,0.00000,1.00000,1,1,0.00000,0.08483,0
23.2140,0,map,FL,37,24.3000,1.48291,0.11311,1.00000,1.48291,0.11311,0.02200,0.00000,0.00000,1.00000,1,1,0.00000,0.06851,0
23.2140,0,map,BL,30,24.0900,1.00772,0.09683,1.00000,1.00772,0.09683,0.02200,0.00000,0.00000,1.00000,1,1,0.00000,0.07018,0
23.2140,0,map,FR,22,23.8500,1.36394,-0.20374,1.00000,1.36394,-0.20374,0.02200,0.00000,0.00000,1.00000,1,1,0.00000,0.07964,0
23.2140,0,map,BR,15,23.6400,0.86446,-0.17118,1.00000,0.86446,-0.17118,0.02200,0.00000,0.00000,1.00000,1,1,0.00000,0.07641,0
23.2220,0,map,FL,6,23.4000,1.24008,0.12997,1.00000,1.24008,0.12997,0.02200,0.00000,0.00000,1.00000,1,1,0.00000,0.08437,0
23.2220,0,map,FL,36,24.3000,1.47754,0.11253,1.00000,1.47754,0.11253,0.02200,0.00000,0.00000,1.00000,1,1,0.00000,0.06442,0
23.2240,0,map,BL,29,24.0900,1.00246,0.09650,1.00000,1.00246,0.09650,0.02200,0.00000,0.00000,1.00000,1,1,0.00000,0.06605,0
23.2240,0,map,FR,21,23.8500,1.35855,-0.20423,1.00000,1.35855,-0.20423,0.02200,0.00000,0.00000,1.00000,1,1,0.00000,0.07594,0
23.2240,0,map,BR,14,23.6400,0.86299,-0.17179,1.00000,0.86299,-0.17179,0.02200,0.00000,0.00000,1.00000,1,1,0.00000,0.07647,0
23.2320,0,map,FL,6,23.4000,1.24006,0.13076,1.00000,1.24006,0.13076,0.02200,0.00000,0.00000,1.00000,1,1,0.00000,0.08419,0
23.2320,0,map,FL,36,24.3000,1.48004,0.10838,1.00000,1.48004,0.10838,0.02200,0.00000,0.00000,1.00000,1,1,0.00000,0.06650,0
23.2320,0,map,BL,29,24.0900,1.00354,0.09223,1.00000,1.00354,0.09223,0.02200,0.00000,0.00000,1.00000,1,1,0.00000,0.06888,0
23.2320,0,map,FR,21,23.8500,1.36283,-0.20643,1.00000,1.36283,-0.20643,0.02200,0.00000,0.00000,1.00000,1,1,0.00000,0.07986,0
23.2320,0,map,BR,14,23.6400,0.86209,-0.17185,1.00000,0.86209,-0.17185,0.02200,0.00000,0.00000,1.00000,1,1,0.00000,0.07650,0
23.2420,0,map,FL,6,23.4000,1.23785,0.13033,1.00000,1.23785,0.13033,0.02200,0.00000,0.00000,1.00000,1,1,0.00000,0.08390,0
23.2420,0,map,FL,36,24.3000,1.47854,0.10900,1.00000,1.47854,0.10900,0.02200,0.00000,0.00000,1.00000,1,1,0.00000,0.06682,0
23.2420,0,map,BL,29,24.0900,1.00219,0.09206,1.00000,1.00219,0.09206,0.02200,0.00000,0.00000,1.00000,1,1,0.00000,0.06910,0
23.2420,0,map,FR,21,23.8500,1.36110,-0.20617,1.00000,1.36110,-0.20617,0.02200,0.00000,0.00000,1.00000,1,1,0.00000,0.07988,0
23.2420,0,map,BR,14,23.6400,0.86034,-0.17199,1.00000,0.86034,-0.17199,0.02200,0.00000,0.00000,1.00000,1,1,0.00000,0.07652,0
23.2500,0,map,FL,5,23.4000,1.23659,0.13006,1.00000,1.23659,0.13006,0.02200,0.00000,0.00000,1.00000,1,1,0.00000,0.08358,0
23.2500,0,map,FL,35,24.3000,1.47351,0.10911,1.00000,1.47351,0.10911,0.02200,0.00000,0.00000,1.00000,1,1,0.00000,0.06294,0
23.2500,0,map,BL,28,24.0900,0.99724,0.09222,1.00000,0.99724,0.09222,0.02200,0.00000,0.00000,1.00000,1,1,0.00000,0.06515,0
23.2500,0,map,FR,20,23.8500,1.35614,-0.20604,1.00000,1.35614,-0.20604,0.02200,0.00000,0.00000,1.00000,1,1,0.00000,0.07635,0
23.2500,0,map,BR,13,23.6400,0.85915,-0.17234,1.00000,0.85915,-0.17234,0.02200,0.00000,0.00000,1.00000,1,1,0.00000,0.07661,0
23.2600,0,map,FL,5,23.4000,1.23553,0.13056,1.00000,1.23553,0.13056,0.02200,0.00000,0.00000,1.00000,1,1,0.00000,0.08348,0
23.2600,0,map,FL,35,24.3000,1.47709,0.10714,1.00000,1.47709,0.10714,0.02200,0.00000,0.00000,1.00000,1,1,0.00000,0.06697,0
23.2600,0,map,BL,28,24.0900,0.99905,0.08952,1.00000,0.99905,0.08952,0.02200,0.00000,0.00000,1.00000,1,1,0.00000,0.06929,0
23.2600,0,map,FR,20,23.8500,1.36027,-0.20735,1.00000,1.36027,-0.20735,0.02200,0.00000,0.00000,1.00000,1,1,0.00000,0.08060,0
23.2600,0,map,BR,13,23.6400,0.85785,-0.17201,1.00000,0.85785,-0.17201,0.02200,0.00000,0.00000,1.00000,1,1,0.00000,0.07662,0
23.2680,0,map,FL,5,23.4000,1.23435,0.13006,1.00000,1.23435,0.13006,0.02200,0.00000,0.00000,1.00000,1,1,0.00000,0.08317,0
23.2680,0,map,FL,35,24.3000,1.47641,0.10743,1.00000,1.47641,0.10743,0.02200,0.00000,0.00000,1.00000,1,1,0.00000,0.06708,0
23.2680,0,map,BL,28,24.0900,0.99871,0.08946,1.00000,0.99871,0.08946,0.02200,0.00000,0.00000,1.00000,1,1,0.00000,0.06933,0
23.2680,0,map,FR,20,23.8500,1.35946,-0.20711,1.00000,1.35946,-0.20711,0.02200,0.00000,0.00000,1.00000,1,1,0.00000,0.08059,0
23.2680,0,map,BR,13,23.6400,0.85698,-0.17214,1.00000,0.85698,-0.17214,0.02200,0.00000,0.00000,1.00000,1,1,0.00000,0.07670,0
23.2780,0,map,FL,5,23.4000,1.23380,0.12951,1.00000,1.23380,0.12951,0.02200,0.00000,0.00000,1.00000,1,1,0.00000,0.08290,0
23.2780,0,map,FL,35,24.3000,1.47624,0.10735,1.00000,1.47624,0.10735,0.02200,0.00000,0.00000,1.00000,1,1,0.00000,0.06704,0
23.2780,0,map,BL,28,24.0900,0.99859,0.08943,1.00000,0.99859,0.08943,0.02200,0.00000,0.00000,1.00000,1,1,0.00000,0.06929,0
23.2780,0,map,FR,20,23.8500,1.35938,-0.20713,1.00000,1.35938,-0.20713,0.02200,0.00000,0.00000,1.00000,1,1,0.00000,0.08060,0
23.2800,0,map,BR,13,23.6400,0.85675,-0.17223,1.00000,0.85675,-0.17223,0.02200,0.00000,0.00000,1.00000,1,1,0.00000,0.07677,0
23.2880,0,map,FL,4,23.4000,1.23187,0.12861,1.00000,1.23187,0.12861,0.02200,0.00000,0.00000,1.00000,1,1,0.00000,0.08254,0
23.2880,0,map,FL,34,24.3000,1.47114,0.10788,1.00000,1.47114,0.10788,0.02200,0.00000,0.00000,1.00000,1,1,0.00000,0.06327,0
23.2880,0,map,BL,27,24.0900,0.99351,0.08994,1.00000,0.99351,0.08994,0.02200,0.00000,0.00000,1.00000,1,1,0.00000,0.06544,0
23.2880,0,map,FR,19,23.8500,1.35441,-0.20651,1.00000,1.35441,-0.20651,0.02200,0.00000,0.00000,1.00000,1,1,0.00000,0.07711,0
23.2880,0,map,BR,12,23.6400,0.85562,-0.17225,1.00000,0.85562,-0.17225,0.02200,0.00000,0.00000,1.00000,1,1,0.00000,0.07683,0
23.2960,0,map,FL,4,23.4000,1.23039,0.12837,1.00000,1.23039,0.12837,0.02200,0.00000,0.00000,1.00000,1,1,0.00000,0.08244,0
23.2960,0,map,FL,34,24.3000,1.47564,0.10712,1.00000,1.47564,0.10712,0.02200,0.00000,0.00000,1.00000,1,1,0.00000,0.06811,0
23.2960,0,map,BL,27,24.0900,0.99612,0.08820,1.00000,0.99612,0.08820,0.02200,0.00000,0.00000,1.00000,1,1,0.00000,0.07012,0
23.2980,0,map,FR,19,23.8500,1.35891,-0.20728,1.00000,1.35891,-0.20728,0.02200,0.00000,0.00000,1.00000,1,1,0.00000,0.08145,0
23.2980,0,map,BR,12,23.6400,0.85460,-0.17177,1.00000,0.85460,-0.17177,0.02200,0.00000,0.00000,1.00000,1,1,0.00000,0.07689,0
23.3060,0,map,FL,4,23.4000,1.22960,0.12758,1.00000,1.22960,0.12758,0.02200,0.00000,0.00000,1.00000,1,1,0.00000,0.08211,0
23.3060,0,map,FL,34,24.3000,1.47536,0.10738,1.00000,1.47536,0.10738,0.02200,0.00000,0.00000,1.00000,1,1,0.00000,0.06814,0
23.3060,0,map,BL,27,24.0900,0.99625,0.08839,1.00000,0.99625,0.08839,0.02200,0.00000,0.00000,1.00000,1,1,0.00000,0.07007,0
23.3060,0,map,FR,19,23.8500,1.35852,-0.20691,1.00000,1.35852,-0.20691,0.02200,0.00000,0.00000,1.00000,1,1,0.00000,0.08142,0
23.3060,0,map,BR,12,23.6400,0.85416,-0.17180,1.00000,0.85416,-0.17180,0.02200,0.00000,0.00000,1.00000,1,1,0.00000,0.07701,0
23.3140,0,map,FL,3,23.4000,1.22895,0.12685,1.00000,1.22895,0.12685,0.02200,0.00000,0.00000,1.00000,1,1,0.00000,0.08179,0
23.3140,0,map,FL,33,24.3000,1.47099,0.10804,1.00000,1.47099,0.10804,0.02200,0.00000,0.00000,1.00000,1,1,0.00000,0.06433,0
23.3140,0,map,BL,26,24.0900,0.99193,0.08913,1.00000,0.99193,0.08913,0.02200,0.00000,0.00000,1.00000,1,1,0.00000,0.06617,0
23.3140,0,map,FR,18,23.8500,1.35427,-0.20617,1.00000,1.35427,-0.20617,0.02200,0.00000,0.00000,1.00000,1,1,0.00000,0.07791,0
23.3160,0,map,BR,11,23.6400,0.85373,-0.17175,1.00000,0.85373,-0.17175,0.02200,0.00000,0.00000,1.00000,1,1,0.00000,0.07706,0
23.3240,0,map,FL,3,23.4000,1.22876,0.12658,1.00000,1.22876,0.12658,0.02200,0.00000,0.00000,1.00000,1,1,0.00000,0.08174,0
23.3240,0,map,FL,33,24.3000,1.47688,0.10790,1.00000,1.47688,0.10790,0.02200,0.00000,0.00000,1.00000,1,1,0.00000,0.06953,0
23.3260,0,map,BL,26,24.0900,0.99580,0.08794,1.00000,0.99580,0.08794,0.02200,0.00000,0.00000,1.00000,1,1,0.00000,0.07110,0
23.3260,0,map,FR,18,23.8500,1.35966,-0.20675,1.00000,1.35966,-0.20675,0.02200,0.00000,0.00000,1.00000,1,1,0.00000,0.08219,0
23.3260,0,map,BR,11,23.6400,0.85377,-0.17117,1.00000,0.85377,-0.17117,0.02200,0.00000,0.00000,1.00000,1,1,0.00000,0.07707,0
23.3340,0,map,FL,3,23.4000,1.22743,0.12577,1.00000,1.22743,0.12577,0.02200,0.00000,0.00000,1.00000,1,1,0.00000,0.08158,0
23.3340,0,map,FL,33,24.3000,1.47629,0.10818,1.00000,1.47629,0.10818,0.02200,0.00000,0.00000,1.00000,1,1,0.00000,0.06953,0
23.3340,0,map,BL,26,24.0900,0.99561,0.08830,1.00000,0.99561,0.08830,0.02200,0.00000,0.00000,1.00000,1,1,0.00000,0.07101,0
23.3340,0,map,FR,18,23.8500,1.35899,-0.20630,1.00000,1.35899,-0.20630,0.02200,0.00000,0.00000,1.00000,1,1,0.00000,0.08218,0
23.3340,0,map,BR,11,23.6400,0.85316,-0.17104,1.00000,0.85316,-0.17104,0.02200,0.00000,0.00000,1.00000,1,1,0.00000,0.07719,0
23.3420,0,map,FL,2,23.4000,1.22757,0.12550,1.00000,1.22757,0.12550,0.02200,0.00000,0.00000,1.00000,1,1,0.00000,0.08156,0
23.3420,0,map,FL,32,24.3000,1.47231,0.10903,1.00000,1.47231,0.10903,0.02200,0.00000,0.00000,1.00000,1,1,0.00000,0.06570,0
23.3420,0,map,BL,25,24.0900,0.99169,0.08929,1.00000,0.99169,0.08929,0.02200,0.00000,0.00000,1.00000,1,1,0.00000,0.06709,0
23.3420,0,map,FR,17,23.8500,1.35908,-0.20599,1.00000,1.35908,-0.20599,0.02200,0.00000,0.00000,1.00000,1,1,0.00000,0.08217,0
23.3420,0,map,BR,10,23.6400,0.85314,-0.17077,1.00000,0.85314,-0.17077,0.02200,0.00000,0.00000,1.00000,1,1,0.00000,0.07724,0
23.3520,0,map,FL,2,23.4000,1.22869,0.12583,1.00000,1.22869,0.12583,0.02200,0.00000,0.00000,1.00000,1,1,0.00000,0.08182,0
23.3520,0,map,FL,32,24.3000,1.47866,0.10940,1.00000,1.47866,0.10940,0.02200,0.00000,0.00000,1.00000,1,1,0.00000,0.07085,0
23.3520,0,map,BL,25,24.0900,0.99618,0.08855,1.00000,0.99618,0.08855,0.02200,0.00000,0.00000,1.00000,1,1,0.00000,0.07198,0
23.3520,0,map,FR,17,23.8500,1.36083,-0.20575,1.00000,1.36083,-0.20575,0.02200,0.00000,0.00000,1.00000,1,1,0.00000,0.08286,0
23.3520,0,map,BR,10,23.6400,0.85370,-0.16993,1.00000,0.85370,-0.16993,0.02200,0.00000,0.00000,1.00000,1,1,0.00000,0.07721,0
23.3600,0,map,FL,2,23.4000,1.22789,0.12524,1.00000,1.22789,0.12524,0.02200,0.00000,0.00000,1.00000,1,1,0.00000,0.08198,0
23.3600,0,map,FL,32,24.3000,1.47877,0.10977,1.00000,1.47877,0.10977,0.02200,0.00000,0.00000,1.00000,1,1,0.00000,0.07103,0
23.3600,0,map,BL,25,24.0900,0.99638,0.08915,1.00000,0.99638,0.08915,0.02200,0.00000,0.00000,1.00000,1,1,0.00000,0.07202,0
23.3600,0,map,FR,17,23.8500,1.36050,-0.20512,1.00000,1.36050,-0.20512,0.02200,0.00000,0.00000,1.00000,1,1,0.00000,0.08279,0
23.3600,0,map,BR,10,23.6400,0.85369,-0.16945,1.00000,0.85369,-0.16945,0.02200,0.00000,0.00000,1.00000,1,1,0.00000,0.07727,0
23.3700,0,map,FL,1,23.4000,1.22872,0.12538,1.00000,1.22872,0.12538,0.02200,0.00000,0.00000,1.00000,1,1,0.00000,0.08236,0
23.3700,0,map,FL,31,24.3000,1.47519,0.11071,1.00000,1.47519,0.11071,0.02200,0.00000,0.00000,1.00000,1,1,0.00000,0.06717,0
23.3700,0,map,BL,24,24.0900,0.99284,0.09035,1.00000,0.99284,0.09035,0.02200,0.00000,0.00000,1.00000,1,1,0.00000,0.06806,0
23.3700,0,map,FR,16,23.8500,1.36502,-0.20534,1.00000,1.36502,-0.20534,0.02200,0.00000,0.00000,1.00000,1,1,0.00000,0.08639,0
23.3700,0,map,BR,9,23.6400,0.85416,-0.16888,1.00000,0.85416,-0.16888,0.02200,0.00000,0.00000,1.00000,1,1,0.00000,0.07730,0
23.3700,0,map,BR,39,24.5400,1.12870,-0.20162,1.00000,1.12870,-0.20162,0.02200,0.00000,0.00000,1.00000,1,1,0.00000,0.06483,0
23.3800,0,map,FL,1,23.4000,1.22973,0.12548,1.00000,1.22973,0.12548,0.02200,0.00000,0.00000,1.00000,1,1,0.00000,0.08289,0
23.3800,0,map,FL,31,24.3000,1.48140,0.11145,1.00000,1.48140,0.11145,0.02200,0.00000,0.00000,1.00000,1,1,0.00000,0.07220,0
23.3800,0,map,BL,24,24.0900,0.99740,0.09007,1.00000,0.99740,0.09007,0.02200,0.00000,0.00000,1.00000,1,1,0.00000,0.07285,0
23.3800,0,map,FR,16,23.8500,1.36672,-0.20480,1.00000,1.36672,-0.20480,0.02200,0.00000,0.00000,1.00000,1,1,0.00000,0.08705,0
23.3800,0,map,BR,9,23.6400,0.85477,-0.16767,1.00000,0.85477,-0.16767,0.02200,0.00000,0.00000,1.00000,1,1,0.00000,0.07733,0
23.3800,0,map,BR,39,24.5400,1.13943,-0.20191,1.00000,1.13943,-0.20191,0.02200,0.00000,0.00000,1.00000,1,1,0.00000,0.06557,0
23.3880,0,map,FL,1,23.4000,1.22982,0.12547,1.00000,1.22982,0.12547,0.02200,0.00000,0.00000,1.00000,1,1,0.00000,0.08328,0
23.3880,0,map,FL,31,24.3000,1.48260,0.11190,1.00000,1.48260,0.11190,0.02200,0.00000,0.00000,1.00000,1,1,0.00000,0.07236,0
23.3880,0,map,BL,24,24.0900,0.99870,0.09100,1.00000,0.99870,0.09100,0.02200,0.00000,0.00000,1.00000,1,1,0.00000,0.07286,0
23.3900,0,map,FR,16,23.8500,1.36736,-0.20403,1.00000,1.36736,-0.20403,0.02200,0.00000,0.00000,1.00000,1,1,0.00000,0.08698,0
23.3900,0,map,BR,9,23.6400,0.85582,-0.16682,1.00000,0.85582,-0.16682,0.02200,0.00000,0.00000,1.00000,1,1,0.00000,0.07738,0
23.3900,0,map,BR,39,24.5400,1.14076,-0.20094,1.00000,1.14076,-0.20094,0.02200,0.00000,0.00000,1.00000,1,1,0.00000,0.06591,0
23.3980,0,map,FL,1,23.4000,1.23124,0.12609,1.00000,1.23124,0.12609,0.02200,0.00000,0.00000,1.00000,1,1,0.00000,0.08420,0
23.3980,0,map,FL,31,24.3000,1.48388,0.11243,1.00000,1.48388,0.11243,0.02200,0.00000,0.00000,1.00000,1,1,0.00000,0.07233,0
23.3980,0,map,BL,24,24.0900,1.00001,0.09204,1.00000,1.00001,0.09204,0.02200,0.00000,0.00000,1.00000,1,1,0.00000,0.07282,0
23.3980,0,map,FR,16,23.8500,1.36850,-0.20323,1.00000,1.36850,-0.20323,0.02200,0.00000,0.00000,1.00000,1,1,0.00000,0.08694,0
23.3980,0,map,BR,9,23.6400,0.85723,-0.16542,1.00000,0.85723,-0.16542,0.02200,0.00000,0.00000,1.00000,1,1,0.00000,0.07736,0
23.3980,0,map,BR,39,24.5400,1.14174,-0.20021,1.00000,1.14174,-0.20021,0.02200,0.00000,0.00000,1.00000,1,1,0.00000,0.06587,0
23.4080,0,map,FL,30,24.3000,1.48136,0.11364,1.00000,1.48136,0.11364,0.02200,0.00000,0.00000,1.00000,1,1,0.00000,0.06846,0
23.4080,0,map,BL,23,24.0900,0.99745,0.09383,1.00000,0.99745,0.09383,0.02200,0.00000,0.00000,1.00000,1,1,0.00000,0.06886,0
23.4080,0,map,FR,15,23.8500,1.36979,-0.20233,1.00000,1.36979,-0.20233,0.02200,0.00000,0.00000,1.00000,1,1,0.00000,0.08682,0
23.4080,0,map,BR,8,23.6400,0.85895,-0.16381,1.00000,0.85895,-0.16381,0.02200,0.00000,0.00000,1.00000,1,1,0.00000,0.07725,0
23.4080,0,map,BR,38,24.5400,1.13886,-0.19864,1.00000,1.13886,-0.19864,0.02200,0.00000,0.00000,1.00000,1,1,0.00000,0.06176,0
23.4260,0,map,FL,30,24.3000,1.49314,0.11452,1.00000,1.49314,0.11452,0.02200,0.00000,0.00000,1.00000,1,1,0.00000,0.07842,0
23.4260,0,map,BL,23,24.0900,1.00428,0.09417,1.00000,1.00428,0.09417,0.02200,0.00000,0.00000,1.00000,1,1,0.00000,0.07580,0
23.4260,0,map,FR,15,23.8500,1.37057,-0.20207,1.00000,1.37057,-0.20207,0.02200,0.00000,0.00000,1.00000,1,1,0.00000,0.08681,0
23.4260,0,map,BR,8,23.6400,0.86015,-0.16174,1.00000,0.86015,-0.16174,0.02200,0.00000,0.00000,1.00000,1,1,0.00000,0.07685,0
23.4260,0,map,BR,38,24.5400,1.15261,-0.19443,1.00000,1.15261,-0.19443,0.02200,0.00000,0.00000,1.00000,1,1,0.00000,0.07546,0
23.4360,0,map,FL,29,24.3000,1.49220,0.11635,1.00000,1.49220,0.11635,0.02200,0.00000,0.00000,1.00000,1,1,0.00000,0.07382,0
23.4360,0,map,BL,22,24.0900,1.00386,0.09764,1.00000,1.00386,0.09764,0.02200,0.00000,0.00000,1.00000,1,1,0.00000,0.07114,0
23.4360,0,map,FR,14,23.8500,1.37446,-0.19963,1.00000,1.37446,-0.19963,0.02200,0.00000,0.00000,1.00000,1,1,0.00000,0.08750,0
23.4360,0,map,BR,7,23.6400,0.86289,-0.15975,1.00000,0.86289,-0.15975,0.02200,0.00000,0.00000,1.00000,1,1,0.00000,0.07800,0
23.4360,0,map,BR,37,24.5400,1.15041,-0.19155,1.00000,1.15041,-0.19155,0.02200,0.00000,0.00000,1.00000,1,1,0.00000,0.07047,0
23.4440,0,map,FL,29,24.3000,1.50096,0.11685,1.00000,1.50096,0.11685,0.02200,0.00000,0.00000,1.00000,1,1,0.00000,0.08131,0
23.4440,0,map,BL,22,24.0900,1.00933,0.09781,1.00000,1.00933,0.09781,0.02200,0.00000,0.00000,1.00000,1,1,0.00000,0.07683,0
23.4440,0,map,FR,14,23.8500,1.37541,-0.19940,1.00000,1.37541,-0.19940,0.02200,0.00000,0.00000,1.00000,1,1,0.00000,0.08808,0
23.4440,0,map,BR,7,23.6400,0.86274,-0.15896,1.00000,0.86274,-0.15896,0.02200,0.00000,0.00000,1.00000,1,1,0.00000,0.07844,0
23.4440,0,map,BR,37,24.5400,1.15872,-0.18964,1.00000,1.15872,-0.18964,0.02200,0.00000,0.00000,1.00000,1,1,0.00000,0.08034,0
23.4540,0,map,FL,29,24.3000,1.50258,0.11724,1.00000,1.50258,0.11724,0.02200,0.00000,0.00000,1.00000,1,1,0.00000,0.08109,0
23.4540,0,map,BL,22,24.0900,1.01143,0.09912,1.00000,1.01143,0.09912,0.02200,0.00000,0.00000,1.00000,1,1,0.00000,0.07663,0
23.4540,0,map,FR,14,23.8500,1.37700,-0.19849,1.00000,1.37700,-0.19849,0.02200,0.00000,0.00000,1.00000,1,1,0.00000,0.08842,0
23.4540,0,map,BR,7,23.6400,0.86358,-0.15839,1.00000,0.86358,-0.15839,0.02200,0.00000,0.00000,1.00000,1,1,0.00000,0.07901,0
23.4540,0,map,BR,37,24.5400,1.15988,-0.18873,1.00000,1.15988,-0.18873,0.02200,0.00000,0.00000,1.00000,1,1,0.00000,0.07998,0
23.4620,0,map,FL,28,24.3000,1.49865,0.11838,1.00000,1.49865,0.11838,0.02200,0.00000,0.00000,1.00000,1,1,0.00000,0.07654,0
23.4620,0,map,BL,21,24.0900,1.00765,0.10089,1.00000,1.00765,0.10089,0.02200,0.00000,0.00000,1.00000,1,1,0.00000,0.07194,0
23.4620,0,map,FR,13,23.8500,1.37785,-0.19782,1.00000,1.37785,-0.19782,0.02200,0.00000,0.00000,1.00000,1,1,0.00000,0.08862,0
23.4620,0,map,BR,6,23.6400,0.86399,-0.15763,1.00000,0.86399,-0.15763,0.02200,0.00000,0.00000,1.00000,1,1,0.00000,0.07934,0
23.4620,0,map,BR,36,24.5400,1.15566,-0.18738,1.00000,1.15566,-0.18738,0.02200,0.00000,0.00000,1.00000,1,1,0.00000,0.07514,0
23.4720,0,map,FL,28,24.3000,1.50648,0.11871,1.00000,1.50648,0.11871,0.02200,0.00000,0.00000,1.00000,1,1,0.00000,0.08294,0
23.4720,0,map,BL,21,24.0900,1.01263,0.10070,1.00000,1.01263,0.10070,0.02200,0.00000,0.00000,1.00000,1,1,0.00000,0.07718,0
23.4720,0,map,FR,13,23.8500,1.37879,-0.19790,1.00000,1.37879,-0.19790,0.02200,0.00000,0.00000,1.00000,1,1,0.00000,0.08903,0
23.4720,0,map,BR,6,23.6400,0.86421,-0.15721,1.00000,0.86421,-0.15721,0.02200,0.00000,0.00000,1.00000,1,1,0.00000,0.07951,0
23.4720,0,map,BR,36,24.5400,1.16253,-0.18644,1.00000,1.16253,-0.18644,0.02200,0.00000,0.00000,1.00000,1,1,0.00000,0.08312,0
23.4820,0,map,FL,28,24.3000,1.50760,0.11915,1.00000,1.50760,0.11915,0.02200,0.00000,0.00000,1.00000,1,1,0.00000,0.08276,0
23.4820,0,map,BL,21,24.0900,1.01414,0.10176,1.00000,1.01414,0.10176,0.02200,0.00000,0.00000,1.00000,1,1,0.00000,0.07703,0
23.4820,0,map,FR,13,23.8500,1.37977,-0.19714,1.00000,1.37977,-0.19714,0.02200,0.00000,0.00000,1.00000,1,1,0.00000,0.08916,0
23.4820,0,map,BR,6,23.6400,0.86495,-0.15653,1.00000,0.86495,-0.15653,0.02200,0.00000,0.00000,1.00000,1,1,0.00000,0.07973,0
23.4820,0,map,BR,36,24.5400,1.16352,-0.18562,1.00000,1.16352,-0.18562,0.02200,0.00000,0.00000,1.00000,1,1,0.00000,0.08279,0
23.4900,0,map,FL,27,24.3000,1.50178,0.12034,1.00000,1.50178,0.12034,0.02200,0.00000,0.00000,1.00000,1,1,0.00000,0.07806,0
23.4900,0,map,BL,20,24.0900,1.00832,0.10330,1.00000,1.00832,0.10330,0.02200,0.00000,0.00000,1.00000,1,1,0.00000,0.07221,0
23.4900,0,map,FR,12,23.8500,1.37878,-0.19657,1.00000,1.37878,-0.19657,0.02200,0.00000,0.00000,1.00000,1,1,0.00000,0.08901,0
23.4900,0,map,BR,5,23.6400,0.86429,-0.15562,1.00000,0.86429,-0.15562,0.02200,0.00000,0.00000,1.00000,1,1,0.00000,0.07964,0
23.4900,0,map,BR,35,24.5400,1.15754,-0.18432,1.00000,1.15754,-0.18432,0.02200,0.00000,0.00000,1.00000,1,1,0.00000,0.07778,0
23.5000,0,map,FL,27,24.3000,1.50938,0.12085,1.00000,1.50938,0.12085,0.02200,0.00000,0.00000,1.00000,1,1,0.00000,0.08393,0
23.5000,0,map,BL,20,24.0900,1.01329,0.10322,1.00000,1.01329,0.10322,0.02200,0.00000,0.00000,1.00000,1,1,0.00000,0.07722,0
23.5000,0,map,FR,12,23.8500,1.38002,-0.19664,1.00000,1.38002,-0.19664,0.02200,0.00000,0.00000,1.00000,1,1,0.00000,0.08944,0
23.5000,0,map,BR,5,23.6400,0.86479,-0.15523,1.00000,0.86479,-0.15523,0.02200,0.00000,0.00000,1.00000,1,1,0.00000,0.07981,0
23.5000,0,map,BR,35,24.5400,1.16409,-0.18373,1.00000,1.16409,-0.18373,0.02200,0.00000,0.00000,1.00000,1,1,0.00000,0.08478,0
23.5100,0,map,FL,27,24.3000,1.50950,0.12134,1.00000,1.50950,0.12134,0.02200,0.00000,0.00000,1.00000,1,1,0.00000,0.08375,0
23.5100,0,map,BL,20,24.0900,1.01376,0.10425,1.00000,1.01376,0.10425,0.02200,0.00000,0.00000,1.00000,1,1,0.00000,0.07709,0
23.5100,0,map,FR,12,23.8500,1.37988,-0.19585,1.00000,1.37988,-0.19585,0.02200,0.00000,0.00000,1.00000,1,1,0.00000,0.08938,0
23.5100,0,map,BR,5,23.6400,0.86477,-0.15428,1.00000,0.86477,-0.15428,0.02200,0.00000,0.00000,1.00000,1,1,0.00000,0.07985,0
23.5100,0,map,BR,35,24.5400,1.16420,-0.18289,1.00000,1.16420,-0.18289,0.02200,0.00000,0.00000,1.00000,1,1,0.00000,0.08445,0
23.5180,0,map,FL,27,24.3000,1.50958,0.12184,1.00000,1.50958,0.12184,0.02200,0.00000,0.00000,1.00000,1,1,0.00000,0.08375,0
23.5180,0,map,BL,20,24.0900,1.01378,0.10512,1.00000,1.01378,0.10512,0.02200,0.00000,0.00000,1.00000,1,1,0.00000,0.07708,0
23.5180,0,map,FR,12,23.8500,1.37975,-0.19518,1.00000,1.37975,-0.19518,0.02200,0.00000,0.00000,1.00000,1,1,0.00000,0.08924,0
23.5180,0,map,BR,5,23.6400,0.86486,-0.15317,1.00000,0.86486,-0.15317,0.02200,0.00000,0.00000,1.00000,1,1,0.00000,0.07978,0
23.5180,0,map,BR,35,24.5400,1.16410,-0.18224,1.00000,1.16410,-0.18224,0.02200,0.00000,0.00000,1.00000,1,1,0.00000,0.08445,0
23.5280,0,map,FL,26,24.3000,1.50447,0.12306,1.00000,1.50447,0.12306,0.02200,0.00000,0.00000,1.00000,1,1,0.00000,0.07897,0
23.5280,0,map,BL,19,24.0900,1.00862,0.10664,1.00000,1.00862,0.10664,0.02200,0.00000,0.00000,1.00000,1,1,0.00000,0.07219,0
23.5280,0,map,FR,11,23.8500,1.37952,-0.19461,1.00000,1.37952,-0.19461,0.02200,0.00000,0.00000,1.00000,1,1,0.00000,0.08910,0
23.5280,0,map,BR,4,23.6400,0.86498,-0.15198,1.00000,0.86498,-0.15198,0.02200,0.00000,0.00000,1.00000,1,1,0.00000,0.07972,0
23.5280,0,map,BR,34,24.5400,1.15885,-0.18085,1.00000,1.15885,-0.18085,0.02200,0.00000,0.00000,1.00000,1,1,0.00000,0.07933,0
23.5380,0,map,FL,26,24.3000,1.51073,0.12357,1.00000,1.51073,0.12357,0.02200,0.00000,0.00000,1.00000,1,1,0.00000,0.08452,0
23.5380,0,map,BL,19,24.0900,1.01241,0.10663,1.00000,1.01241,0.10663,0.02200,0.00000,0.00000,1.00000,1,1,0.00000,0.07706,0
23.5380,0,map,FR,11,23.8500,1.37949,-0.19469,1.00000,1.37949,-0.19469,0.02200,0.00000,0.00000,1.00000,1,1,0.00000,0.08932,0
23.5380,0,map,BR,4,23.6400,0.86455,-0.15133,1.00000,0.86455,-0.15133,0.02200,0.00000,0.00000,1.00000,1,1,0.00000,0.07972,0
23.5380,0,map,BR,34,24.5400,1.16401,-0.18047,1.00000,1.16401,-0.18047,0.02200,0.00000,0.00000,1.00000,1,1,0.00000,0.08579,0
23.5460,0,map,FL,26,24.3000,1.51043,0.12405,1.00000,1.51043,0.12405,0.02200,0.00000,0.00000,1.00000,1,1,0.00000,0.08435,0
23.5460,0,map,BL,19,24.0900,1.01240,0.10773,1.00000,1.01240,0.10773,0.02200,0.00000,0.00000,1.00000,1,1,0.00000,0.07695,0
23.5460,0,map,FR,11,23.8500,1.37879,-0.19387,1.00000,1.37879,-0.19387,0.02200,0.00000,0.00000,1.00000,1,1,0.00000,0.08917,0
23.5460,0,map,BR,4,23.6400,0.86398,-0.15029,1.00000,0.86398,-0.15029,0.02200,0.00000,0.00000,1.00000,1,1,0.00000,0.07969,0
23.5460,0,map,BR,34,24.5400,1.16371,-0.17959,1.00000,1.16371,-0.17959,0.02200,0.00000,0.00000,1.00000,1,1,0.00000,0.08546,0
23.5560,0,map,FL,25,24.3000,1.50499,0.12535,1.00000,1.50499,0.12535,0.02200,0.00000,0.00000,1.00000,1,1,0.00000,0.07952,0
23.5560,0,map,BL,18,24.0900,1.00688,0.10942,1.00000,1.00688,0.10942,0.02200,0.00000,0.00000,1.00000,1,1,0.00000,0.07199,0
23.5560,0,map,FR,10,23.8500,1.37828,-0.19330,1.00000,1.37828,-0.19330,0.02200,0.00000,0.00000,1.00000,1,1,0.00000,0.08902,0
23.5560,0,map,BR,3,23.6400,0.86357,-0.14941,1.00000,0.86357,-0.14941,0.02200,0.00000,0.00000,1.00000,1,1,0.00000,0.07962,0
23.5560,0,map,BR,33,24.5400,1.15809,-0.17814,1.00000,1.15809,-0.17814,0.02200,0.00000,0.00000,1.00000,1,1,0.00000,0.08024,0
23.5640,0,map,FL,25,24.3000,1.51074,0.12595,1.00000,1.51074,0.12595,0.02200,0.00000,0.00000,1.00000,1,1,0.00000,0.08487,0
23.5640,0,map,BL,18,24.0900,1.01023,0.10953,1.00000,1.01023,0.10953,0.02200,0.00000,0.00000,1.00000,1,1,0.00000,0.07675,0
23.5640,0,map,FR,10,23.8500,1.37782,-0.19347,1.00000,1.37782,-0.19347,0.02200,0.00000,0.00000,1.00000,1,1,0.00000,0.08911,0
23.5640,0,map,BR,3,23.6400,0.86292,-0.14904,1.00000,0.86292,-0.14904,0.02200,0.00000,0.00000,1.00000,1,1,0.00000,0.07947,0
23.5640,0,map,BR,33,24.5400,1.16278,-0.17785,1.00000,1.16278,-0.17785,0.02200,0.00000,0.00000,1.00000,1,1,0.00000,0.08638,0
23.5740,0,map,FL,25,24.3000,1.51022,0.12639,1.00000,1.51022,0.12639,0.02200,0.00000,0.00000,1.00000,1,1,0.00000,0.08472,0
23.5740,0,map,BL,18,24.0900,1.00998,0.11052,1.00000,1.00998,0.11052,0.02200,0.00000,0.00000,1.00000,1,1,0.00000,0.07665,0
23.5740,0,map,FR,10,23.8500,1.37695,-0.19278,1.00000,1.37695,-0.19278,0.02200,0.00000,0.00000,1.00000,1,1,0.00000,0.08891,0
23.5740,0,map,BR,3,23.6400,0.86211,-0.14847,1.00000,0.86211,-0.14847,0.02200,0.00000,0.00000,1.00000,1,1,0.00000,0.07935,0
23.5760,0,map,BR,33,24.5400,1.16234,-0.17709,1.00000,1.16234,-0.17709,0.02200,0.00000,0.00000,1.00000,1,1,0.00000,0.08606,0
23.5840,0,map,FL,24,24.3000,1.50430,0.12796,1.00000,1.50430,0.12796,0.02200,0.00000,0.00000,1.00000,1,1,0.00000,0.07985,0
23.5840,0,map,BL,17,24.0900,1.00918,0.11154,1.00000,1.00918,0.11154,0.02200,0.00000,0.00000,1.00000,1,1,0.00000,0.07666,0
23.5840,0,map,FR,9,23.8500,1.37600,-0.19207,1.00000,1.37600,-0.19207,0.02200,0.00000,0.00000,1.00000,1,1,0.00000,0.08860,0
23.5840,0,map,FR,39,24.7500,1.62652,-0.20114,1.00000,1.62652,-0.20114,0.02200,0.00000,0.00000,1.00000,1,1,0.00000,0.09124,0
23.5840,0,map,BR,2,23.6400,0.86129,-0.14796,1.00000,0.86129,-0.14796,0.02200,0.00000,0.00000,1.00000,1,1,0.00000,0.07909,0
23.5840,0,map,BR,32,24.5400,1.15626,-0.17544,1.00000,1.15626,-0.17544,0.02200,0.00000,0.00000,1.00000,1,1,0.00000,0.08075,0
23.5920,0,map,FL,24,24.3000,1.50966,0.12863,1.00000,1.50966,0.12863,0.02200,0.00000,0.00000,1.00000,1,1,0.00000,0.08503,0
23.5920,0,map,BL,17,24.0900,1.00709,0.11272,1.00000,1.00709,0.11272,0.02200,0.00000,0.00000,1.00000,1,1,0.00000,0.07622,0
23.5920,0,map,FR,9,23.8500,1.37511,-0.19238,1.00000,1.37511,-0.19238,0.02200,0.00000,0.00000,1.00000,1,1,0.00000,0.08855,0
23.5920,0,map,FR,39,24.7500,1.63799,-0.20276,1.00000,1.63799,-0.20276,0.02200,0.00000,0.00000,1.00000,1,1,0.00000,0.09355,0
23.5920,0,map,BR,2,23.6400,0.86075,-0.14811,1.00000,0.86075,-0.14811,0.02200,0.00000,0.00000,1.00000,1,1,0.00000,0.07868,0
23.5940,0,map,BR,32,24.5400,1.16049,-0.17521,1.00000,1.16049,-0.17521,0.02200,0.00000,0.00000,1.00000,1,1,0.00000,0.08673,0
23.6020,0,map,FL,24,24.3000,1.50874,0.12935,1.00000,1.50874,0.12935,0.02200,0.00000,0.00000,1.00000,1,1,0.00000,0.08493,0
23.6020,0,map,BL,17,24.0900,1.00616,0.11365,1.00000,1.00616,0.11365,0.02200,0.00000,0.00000,1.00000,1,1,0.00000,0.07623,0
23.6020,0,map,FR,9,23.8500,1.37419,-0.19169,1.00000,1.37419,-0.19169,0.02200,0.00000,0.00000,1.00000,1,1,0.00000,0.08815,0
23.6020,0,map,FR,39,24.7500,1.63670,-0.20139,1.00000,1.63670,-0.20139,0.02200,0.00000,0.00000,1.00000,1,1,0.00000,0.09312,0
23.6020,0,map,BR,2,23.6400,0.86009,-0.14807,1.00000,0.86009,-0.14807,0.02200,0.00000,0.00000,1.00000,1,1,0.00000,0.07825,0
23.6020,0,map,BR,32,24.5400,1.16002,-0.17441,1.00000,1.16002,-0.17441,0.02200,0.00000,0.00000,1.00000,1,1,0.00000,0.08636,0
23.6120,0,map,FL,23,24.3000,1.50238,0.13118,1.00000,1.50238,0.13118,0.02200,0.00000,0.00000,1.00000,1,1,0.00000,0.08002,0
23.6120,0,map,BL,16,24.0900,1.00493,0.11465,1.00000,1.00493,0.11465,0.02200,0.00000,0.00000,1.00000,1,1,0.00000,0.07625,0
23.6120,0,map,FR,8,23.8500,1.37307,-0.19104,1.00000,1.37307,-0.19104,0.02200,0.00000,0.00000,1.00000,1,1,0.00000,0.08764,0
23.6120,0,map,FR,38,24.7500,1.63039,-0.19969,1.00000,1.63039,-0.19969,0.02200,0.00000,0.00000,1.00000,1,1,0.00000,0.08776,0
23.6120,0,map,BR,1,23.6400,0.85957,-0.14820,1.00000,0.85957,-0.14820,0.02200,0.00000,0.00000,1.00000,1,1,0.00000,0.07766,0
23.6120,0,map,BR,31,24.5400,1.15369,-0.17271,1.00000,1.15369,-0.17271,0.02200,0.00000,0.00000,1.00000,1,1,0.00000,0.08099,0
23.6300,0,map,FL,23,24.3000,1.50182,0.13672,1.00000,1.50182,0.13672,0.02200,0.00000,0.00000,1.00000,1,1,0.00000,0.08024,0
23.6320,0,map,BL,16,24.0900,1.00297,0.11518,1.00000,1.00297,0.11518,0.02200,0.00000,0.00000,1.00000,1,1,0.00000,0.07639,0
23.6320,0,map,FR,8,23.8500,1.37190,-0.19133,1.00000,1.37190,-0.19133,0.02200,0.00000,0.00000,1.00000,1,1,0.00000,0.08726,0
23.6320,0,map,FR,38,24.7500,1.61712,-0.18314,1.00000,1.61712,-0.18314,0.02200,0.00000,0.00000,1.00000,1,1,0.00000,0.07266,0
23.6320,0,map,BR,1,23.6400,0.85956,-0.14881,1.00000,0.85956,-0.14881,0.02200,0.00000,0.00000,1.00000,1,1,0.00000,0.07686,0
23.6320,0,map,BR,31,24.5400,1.14397,-0.16112,1.00000,1.14397,-0.16112,0.02200,0.00000,0.00000,1.00000,1,1,0.00000,0.07282,0
23.6420,0,map,FL,22,24.3000,1.49564,0.13763,1.00000,1.49564,0.13763,0.02200,0.00000,0.00000,1.00000,1,1,0.00000,0.07661,0
23.6420,0,map,BL,15,24.0900,1.00032,0.11663,1.00000,1.00032,0.11663,0.02200,0.00000,0.00000,1.00000,1,1,0.00000,0.07633,0
23.6420,0,map,FR,7,23.8500,1.36988,-0.19017,1.00000,1.36988,-0.19017,0.02200,0.00000,0.00000,1.00000,1,1,0.00000,0.08607,0
23.6420,0,map,FR,37,24.7500,1.61275,-0.18526,1.00000,1.61275,-0.18526,0.02200,0.00000,0.00000,1.00000,1,1,0.00000,0.07066,0
23.6420,0,map,BR,30,24.5400,1.13836,-0.16011,1.00000,1.13836,-0.16011,0.02200,0.00000,0.00000,1.00000,1,1,0.00000,0.07001,0
23.6500,0,map,FL,22,24.3000,1.49756,0.14145,1.00000,1.49756,0.14145,0.02200,0.00000,0.00000,1.00000,1,1,0.00000,0.07955,0
23.6500,0,map,BL,15,24.0900,0.99796,0.11708,1.00000,0.99796,0.11708,0.02200,0.00000,0.00000,1.00000,1,1,0.00000,0.07644,0
23.6500,0,map,FR,7,23.8500,1.36893,-0.19044,1.00000,1.36893,-0.19044,0.02200,0.00000,0.00000,1.00000,1,1,0.00000,0.08560,0
23.6500,0,map,FR,37,24.7500,1.61015,-0.17620,1.00000,1.61015,-0.17620,0.02200,0.00000,0.00000,1.00000,1,1,0.00000,0.06764,0
23.6500,0,map,BR,30,24.5400,1.13558,-0.15312,1.00000,1.13558,-0.15312,0.02200,0.00000,0.00000,1.00000,1,1,0.00000,0.06955,0
23.6600,0,map,FL,22,24.3000,1.49646,0.14153,1.00000,1.49646,0.14153,0.02200,0.00000,0.00000,1.00000,1,1,0.00000,0.07968,0
23.6600,0,map,BL,15,24.0900,0.99664,0.11758,1.00000,0.99664,0.11758,0.02200,0.00000,0.00000,1.00000,1,1,0.00000,0.07647,0
23.6600,0,map,FR,7,23.8500,1.36704,-0.18915,1.00000,1.36704,-0.18915,0.02200,0.00000,0.00000,1.00000,1,1,0.00000,0.08541,0
23.6600,0,map,FR,37,24.7500,1.60964,-0.17716,1.00000,1.60964,-0.17716,0.02200,0.00000,0.00000,1.00000,1,1,0.00000,0.06851,0
23.6600,0,map,BR,30,24.5400,1.13483,-0.15257,1.00000,1.13483,-0.15257,0.02200,0.00000,0.00000,1.00000,1,1,0.00000,0.07017,0
23.6700,0,map,FL,21,24.3000,1.49093,0.14221,1.00000,1.49093,0.14221,0.02200,0.00000,0.00000,1.00000,1,1,0.00000,0.07598,0
23.6700,0,map,BL,14,24.0900,0.99498,0.11842,1.00000,0.99498,0.11842,0.02200,0.00000,0.00000,1.00000,1,1,0.00000,0.07653,0
23.6700,0,map,FR,6,23.8500,1.36565,-0.18865,1.00000,1.36565,-0.18865,0.02200,0.00000,0.00000,1.00000,1,1,0.00000,0.08484,0
23.6700,0,map,FR,36,24.7500,1.60411,-0.17641,1.00000,1.60411,-0.17641,0.02200,0.00000,0.00000,1.00000,1,1,0.00000,0.06441,0
23.6700,0,map,BR,29,24.5400,1.12943,-0.15208,1.00000,1.12943,-0.15208,0.02200,0.00000,0.00000,1.00000,1,1,0.00000,0.06603,0
23.6800,0,map,FL,21,24.3000,1.49415,0.14436,1.00000,1.49415,0.14436,0.02200,0.00000,0.00000,1.00000,1,1,0.00000,0.07991,0
23.6800,0,map,BL,14,24.0900,0.99295,0.11859,1.00000,0.99295,0.11859,0.02200,0.00000,0.00000,1.00000,1,1,0.00000,0.07657,0
23.6800,0,map,FR,6,23.8500,1.36425,-0.18916,1.00000,1.36425,-0.18916,0.02200,0.00000,0.00000,1.00000,1,1,0.00000,0.08449,0
23.6800,0,map,FR,36,24.7500,1.60555,-0.17225,1.00000,1.60555,-0.17225,0.02200,0.00000,0.00000,1.00000,1,1,0.00000,0.06648,0
23.6800,0,map,BR,29,24.5400,1.12944,-0.14777,1.00000,1.12944,-0.14777,0.02200,0.00000,0.00000,1.00000,1,1,0.00000,0.06886,0
23.6880,0,map,FL,21,24.3000,1.49301,0.14435,1.00000,1.49301,0.14435,0.02200,0.00000,0.00000,1.00000,1,1,0.00000,0.07993,0
23.6880,0,map,BL,14,24.0900,0.99164,0.11909,1.00000,0.99164,0.11909,0.02200,0.00000,0.00000,1.00000,1,1,0.00000,0.07662,0
23.6880,0,map,FR,6,23.8500,1.36294,-0.18879,1.00000,1.36294,-0.18879,0.02200,0.00000,0.00000,1.00000,1,1,0.00000,0.08409,0
23.6880,0,map,FR,36,24.7500,1.60466,-0.17269,1.00000,1.60466,-0.17269,0.02200,0.00000,0.00000,1.00000,1,1,0.00000,0.06680,0
23.6880,0,map,BR,29,24.5400,1.12875,-0.14739,1.00000,1.12875,-0.14739,0.02200,0.00000,0.00000,1.00000,1,1,0.00000,0.06908,0
23.6980,0,map,FL,21,24.3000,1.49214,0.14465,1.00000,1.49214,0.14465,0.02200,0.00000,0.00000,1.00000,1,1,0.00000,0.07994,0
23.6980,0,map,BL,14,24.0900,0.99060,0.11949,1.00000,0.99060,0.11949,0.02200,0.00000,0.00000,1.00000,1,1,0.00000,0.07668,0
23.6980,0,map,FR,6,23.8500,1.36187,-0.18848,1.00000,1.36187,-0.18848,0.02200,0.00000,0.00000,1.00000,1,1,0.00000,0.08379,0
23.6980,0,map,FR,36,24.7500,1.60373,-0.17238,1.00000,1.60373,-0.17238,0.02200,0.00000,0.00000,1.00000,1,1,0.00000,0.06675,0
23.6980,0,map,BR,29,24.5400,1.12788,-0.14712,1.00000,1.12788,-0.14712,0.02200,0.00000,0.00000,1.00000,1,1,0.00000,0.06903,0
23.7060,0,map,FL,20,24.3000,1.48713,0.14458,1.00000,1.48713,0.14458,0.02200,0.00000,0.00000,1.00000,1,1,0.00000,0.07640,0
23.7060,0,map,BL,13,24.0900,0.98942,0.11987,1.00000,0.98942,0.11987,0.02200,0.00000,0.00000,1.00000,1,1,0.00000,0.07673,0
23.7060,0,map,FR,5,23.8500,1.36057,-0.18811,1.00000,1.36057,-0.18811,0.02200,0.00000,0.00000,1.00000,1,1,0.00000,0.08338,0
23.7080,0,map,FR,35,24.7500,1.59869,-0.17250,1.00000,1.59869,-0.17250,0.02200,0.00000,0.00000,1.00000,1,1,0.00000,0.06293,0
23.7080,0,map,BR,28,24.5400,1.12286,-0.14714,1.00000,1.12286,-0.14714,0.02200,0.00000,0.00000,1.00000,1,1,0.00000,0.06513,0
23.7160,0,map,FL,20,24.3000,1.49169,0.14588,1.00000,1.49169,0.14588,0.02200,0.00000,0.00000,1.00000,1,1,0.00000,0.08066,0
23.7160,0,map,BL,13,24.0900,0.98849,0.11965,1.00000,0.98849,0.11965,0.02200,0.00000,0.00000,1.00000,1,1,0.00000,0.07675,0
23.7160,0,map,FR,5,23.8500,1.35993,-0.18865,1.00000,1.35993,-0.18865,0.02200,0.00000,0.00000,1.00000,1,1,0.00000,0.08333,0
23.7160,0,map,FR,35,24.7500,1.60268,-0.17055,1.00000,1.60268,-0.17055,0.02200,0.00000,0.00000,1.00000,1,1,0.00000,0.06696,0
23.7160,0,map,BR,28,24.5400,1.12511,-0.14443,1.00000,1.12511,-0.14443,0.02200,0.00000,0.00000,1.00000,1,1,0.00000,0.06926,0
23.7260,0,map,FL,20,24.3000,1.49046,0.14561,1.00000,1.49046,0.14561,0.02200,0.00000,0.00000,1.00000,1,1,0.00000,0.08065,0
23.7260,0,map,BL,13,24.0900,0.98723,0.11977,1.00000,0.98723,0.11977,0.02200,0.00000,0.00000,1.00000,1,1,0.00000,0.07685,0
23.7260,0,map,FR,5,23.8500,1.35798,-0.18772,1.00000,1.35798,-0.18772,0.02200,0.00000,0.00000,1.00000,1,1,0.00000,0.08294,0
23.7260,0,map,FR,35,24.7500,1.60156,-0.17081,1.00000,1.60156,-0.17081,0.02200,0.00000,0.00000,1.00000,1,1,0.00000,0.06707,0
23.7260,0,map,BR,28,24.5400,1.12431,-0.14435,1.00000,1.12431,-0.14435,0.02200,0.00000,0.00000,1.00000,1,1,0.00000,0.06931,0
23.7340,0,map,FL,19,24.3000,1.48580,0.14522,1.00000,1.48580,0.14522,0.02200,0.00000,0.00000,1.00000,1,1,0.00000,0.07716,0
23.7340,0,map,BL,12,24.0900,0.98630,0.11996,1.00000,0.98630,0.11996,0.02200,0.00000,0.00000,1.00000,1,1,0.00000,0.07694,0
23.7340,0,map,FR,4,23.8500,1.35673,-0.18693,1.00000,1.35673,-0.18693,0.02200,0.00000,0.00000,1.00000,1,1,0.00000,0.08253,0
23.7340,0,map,FR,34,24.7500,1.59678,-0.17114,1.00000,1.59678,-0.17114,0.02200,0.00000,0.00000,1.00000,1,1,0.00000,0.06326,0
23.7340,0,map,BR,27,24.5400,1.11961,-0.14473,1.00000,1.11961,-0.14473,0.02200,0.00000,0.00000,1.00000,1,1,0.00000,0.06541,0
23.7460,0,map,FL,19,24.3000,1.49078,0.14605,1.00000,1.49078,0.14605,0.02200,0.00000,0.00000,1.00000,1,1,0.00000,0.08148,0
23.7460,0,map,BL,12,24.0900,0.98576,0.11959,1.00000,0.98576,0.11959,0.02200,0.00000,0.00000,1.00000,1,1,0.00000,0.07696,0
23.7460,0,map,FR,4,23.8500,1.35617,-0.18689,1.00000,1.35617,-0.18689,0.02200,0.00000,0.00000,1.00000,1,1,0.00000,0.08241,0
23.7460,0,map,FR,34,24.7500,1.60184,-0.17036,1.00000,1.60184,-0.17036,0.02200,0.00000,0.00000,1.00000,1,1,0.00000,0.06810,0
23.7460,0,map,BR,27,24.5400,1.12278,-0.14295,1.00000,1.12278,-0.14295,0.02200,0.00000,0.00000,1.00000,1,1,0.00000,0.07010,0
23.7560,0,map,FL,19,24.3000,1.48968,0.14570,1.00000,1.48968,0.14570,0.02200,0.00000,0.00000,1.00000,1,1,0.00000,0.08145,0
23.7560,0,map,BL,12,24.0900,0.98464,0.11964,1.00000,0.98464,0.11964,0.02200,0.00000,0.00000,1.00000,1,1,0.00000,0.07708,0
23.7560,0,map,FR,4,23.8500,1.35435,-0.18573,1.00000,1.35435,-0.18573,0.02200,0.00000,0.00000,1.00000,1,1,0.00000,0.08199,0
23.7560,0,map,FR,34,24.7500,1.60081,-0.17056,1.00000,1.60081,-0.17056,0.02200,0.00000,0.00000,1.00000,1,1,0.00000,0.06813,0
23.7560,0,map,BR,27,24.5400,1.12214,-0.14307,1.00000,1.12214,-0.14307,0.02200,0.00000,0.00000,1.00000,1,1,0.00000,0.07006,0
23.7680,0,map,FL,18,24.3000,1.48537,0.14511,1.00000,1.48537,0.14511,0.02200,0.00000,0.00000,1.00000,1,1,0.00000,0.07795,0
23.7680,0,map,BL,11,24.0900,0.98409,0.11969,1.00000,0.98409,0.11969,0.02200,0.00000,0.00000,1.00000,1,1,0.00000,0.07717,0
23.7680,0,map,FR,3,23.8500,1.35353,-0.18478,1.00000,1.35353,-0.18478,0.02200,0.00000,0.00000,1.00000,1,1,0.00000,0.08163,0
23.7680,0,map,FR,33,24.7500,1.59640,-0.17106,1.00000,1.59640,-0.17106,0.02200,0.00000,0.00000,1.00000,1,1,0.00000,0.06433,0
23.7680,0,map,BR,26,24.5400,1.11779,-0.14370,1.00000,1.11779,-0.14370,0.02200,0.00000,0.00000,1.00000,1,1,0.00000,0.06616,0
23.7780,0,map,FL,18,24.3000,1.49016,0.14556,1.00000,1.49016,0.14556,0.02200,0.00000,0.00000,1.00000,1,1,0.00000,0.08227,0
23.7780,0,map,BL,11,24.0900,0.98344,0.11916,1.00000,0.98344,0.11916,0.02200,0.00000,0.00000,1.00000,1,1,0.00000,0.07723,0
23.7780,0,map,FR,3,23.8500,1.35225,-0.18400,1.00000,1.35225,-0.18400,0.02200,0.00000,0.00000,1.00000,1,1,0.00000,0.08150,0
23.7780,0,map,FR,33,24.7500,1.60161,-0.17101,1.00000,1.60161,-0.17101,0.02200,0.00000,0.00000,1.00000,1,1,0.00000,0.06952,0
23.7780,0,map,BR,26,24.5400,1.12100,-0.14259,1.00000,1.12100,-0.14259,0.02200,0.00000,0.00000,1.00000,1,1,0.00000,0.07108,0
23.7880,0,map,FL,18,24.3000,1.48997,0.14518,1.00000,1.48997,0.14518,0.02200,0.00000,0.00000,1.00000,1,1,0.00000,0.08223,0
23.7880,0,map,BL,11,24.0900,0.98328,0.11907,1.00000,0.98328,0.11907,0.02200,0.00000,0.00000,1.00000,1,1,0.00000,0.07734,0
23.7880,0,map,FR,3,23.8500,1.35215,-0.18365,1.00000,1.35215,-0.18365,0.02200,0.00000,0.00000,1.00000,1,1,0.00000,0.08141,0
23.7880,0,map,FR,33,24.7500,1.60161,-0.17129,1.00000,1.60161,-0.17129,0.02200,0.00000,0.00000,1.00000,1,1,0.00000,0.06952,0
23.7880,0,map,BR,26,24.5400,1.12143,-0.14300,1.00000,1.12143,-0.14300,0.02200,0.00000,0.00000,1.00000,1,1,0.00000,0.07098,0
23.7980,0,map,FL,17,24.3000,1.49010,0.14486,1.00000,1.49010,0.14486,0.02200,0.00000,0.00000,1.00000,1,1,0.00000,0.08222,0
23.7980,0,map,BL,10,24.0900,0.98336,0.11875,1.00000,0.98336,0.11875,0.02200,0.00000,0.00000,1.00000,1,1,0.00000,0.07737,0
23.7980,0,map,FR,2,23.8500,1.35215,-0.18323,1.00000,1.35215,-0.18323,0.02200,0.00000,0.00000,1.00000,1,1,0.00000,0.08135,0
23.7980,0,map,FR,32,24.7500,1.59766,-0.17203,1.00000,1.59766,-0.17203,0.02200,0.00000,0.00000,1.00000,1,1,0.00000,0.06570,0
23.7980,0,map,BR,25,24.5400,1.11750,-0.14390,1.00000,1.11750,-0.14390,0.02200,0.00000,0.00000,1.00000,1,1,0.00000,0.06707,0
23.8180,0,map,FL,17,24.3000,1.49197,0.14450,1.00000,1.49197,0.14450,0.02200,0.00000,0.00000,1.00000,1,1,0.00000,0.08291,0
23.8180,0,map,BL,10,24.0900,0.98406,0.11774,1.00000,0.98406,0.11774,0.02200,0.00000,0.00000,1.00000,1,1,0.00000,0.07736,0
23.8180,0,map,FR,2,23.8500,1.35338,-0.18357,1.00000,1.35338,-0.18357,0.02200,0.00000,0.00000,1.00000,1,1,0.00000,0.08180,0
23.8180,0,map,FR,32,24.7500,1.60412,-0.17259,1.00000,1.60412,-0.17259,0.02200,0.00000,0.00000,1.00000,1,1,0.00000,0.07085,0
23.8200,0,map,BR,25,24.5400,1.12213,-0.14337,1.00000,1.12213,-0.14337,0.02200,0.00000,0.00000,1.00000,1,1,0.00000,0.07196,0
23.8320,0,map,FL,16,24.3000,1.49705,0.14382,1.00000,1.49705,0.14382,0.02200,0.00000,0.00000,1.00000,1,1,0.00000,0.08632,0
23.8320,0,map,BL,9,24.0900,0.98565,0.11617,1.00000,0.98565,0.11617,0.02200,0.00000,0.00000,1.00000,1,1,0.00000,0.07729,0
23.8320,0,map,BL,39,24.9900,1.26081,0.14421,1.00000,1.26081,0.14421,0.02200,0.00000,0.00000,1.00000,1,1,0.00000,0.06487,0
23.8320,0,map,FR,1,23.8500,1.35589,-0.18402,1.00000,1.35589,-0.18402,0.02200,0.00000,0.00000,1.00000,1,1,0.00000,0.08282,0
23.8320,0,map,FR,31,24.7500,1.60181,-0.17401,1.00000,1.60181,-0.17401,0.02200,0.00000,0.00000,1.00000,1,1,0.00000,0.06720,0
23.8320,0,map,BR,24,24.5400,1.11989,-0.14534,1.00000,1.11989,-0.14534,0.02200,0.00000,0.00000,1.00000,1,1,0.00000,0.06807,0
23.8420,0,map,FL,16,24.3000,1.49875,0.14295,1.00000,1.49875,0.14295,0.02200,0.00000,0.00000,1.00000,1,1,0.00000,0.08706,0
23.8420,0,map,BL,9,24.0900,0.98630,0.11446,1.00000,0.98630,0.11446,0.02200,0.00000,0.00000,1.00000,1,1,0.00000,0.07744,0
23.8420,0,map,BL,39,24.9900,1.27123,0.14418,1.00000,1.27123,0.14418,0.02200,0.00000,0.00000,1.00000,1,1,0.00000,0.06558,0
23.8420,0,map,FR,1,23.8500,1.35485,-0.18339,1.00000,1.35485,-0.18339,0.02200,0.00000,0.00000,1.00000,1,1,0.00000,0.08340,0
23.8420,0,map,FR,31,24.7500,1.60787,-0.17494,1.00000,1.60787,-0.17494,0.02200,0.00000,0.00000,1.00000,1,1,0.00000,0.07221,0
23.8420,0,map,BR,24,24.5400,1.12427,-0.14551,1.00000,1.12427,-0.14551,0.02200,0.00000,0.00000,1.00000,1,1,0.00000,0.07285,0
23.8560,0,map,FL,15,24.3000,1.49968,0.14200,1.00000,1.49968,0.14200,0.02200,0.00000,0.00000,1.00000,1,1,0.00000,0.08693,0
23.8560,0,map,BL,8,24.0900,0.98769,0.11314,1.00000,0.98769,0.11314,0.02200,0.00000,0.00000,1.00000,1,1,0.00000,0.07744,0
23.8560,0,map,BL,38,24.9900,1.26880,0.14237,1.00000,1.26880,0.14237,0.02200,0.00000,0.00000,1.00000,1,1,0.00000,0.06178,0
23.8560,0,map,FR,30,24.7500,1.60547,-0.17611,1.00000,1.60547,-0.17611,0.02200,0.00000,0.00000,1.00000,1,1,0.00000,0.06850,0
23.8560,0,map,BR,23,24.5400,1.12205,-0.14745,1.00000,1.12205,-0.14745,0.02200,0.00000,0.00000,1.00000,1,1,0.00000,0.06886,0
23.8820,0,map,FL,14,24.3000,1.50188,0.14123,1.00000,1.50188,0.14123,0.02200,0.00000,0.00000,1.00000,1,1,0.00000,0.08694,0
23.8820,0,map,BL,7,24.0900,0.99027,0.11037,1.00000,0.99027,0.11037,0.02200,0.00000,0.00000,1.00000,1,1,0.00000,0.07706,0
23.8820,0,map,BL,37,24.9900,1.27916,0.13685,1.00000,1.27916,0.13685,0.02200,0.00000,0.00000,1.00000,1,1,0.00000,0.07085,0
23.8820,0,map,FR,29,24.7500,1.61418,-0.17810,1.00000,1.61418,-0.17810,0.02200,0.00000,0.00000,1.00000,1,1,0.00000,0.07411,0
23.8820,0,map,BR,22,24.5400,1.12576,-0.14917,1.00000,1.12576,-0.14917,0.02200,0.00000,0.00000,1.00000,1,1,0.00000,0.07139,0
23.8900,0,map,FL,14,24.3000,1.50649,0.13866,1.00000,1.50649,0.13866,0.02200,0.00000,0.00000,1.00000,1,1,0.00000,0.08807,0
23.8900,0,map,BL,7,24.0900,0.99288,0.10784,1.00000,0.99288,0.10784,0.02200,0.00000,0.00000,1.00000,1,1,0.00000,0.07848,0
23.8920,0,map,BL,37,24.9900,1.28972,0.13269,1.00000,1.28972,0.13269,0.02200,0.00000,0.00000,1.00000,1,1,0.00000,0.08036,0
23.8920,0,map,FR,29,24.7500,1.62634,-0.17982,1.00000,1.62634,-0.17982,0.02200,0.00000,0.00000,1.00000,1,1,0.00000,0.08135,0
23.8920,0,map,BR,22,24.5400,1.13493,-0.15176,1.00000,1.13493,-0.15176,0.02200,0.00000,0.00000,1.00000,1,1,0.00000,0.07689,0
23.9000,0,map,FL,14,24.3000,1.50721,0.13806,1.00000,1.50721,0.13806,0.02200,0.00000,0.00000,1.00000,1,1,0.00000,0.08838,0
23.9000,0,map,BL,7,24.0900,0.99313,0.10728,1.00000,0.99313,0.10728,0.02200,0.00000,0.00000,1.00000,1,1,0.00000,0.07891,0
23.9000,0,map,BL,37,24.9900,1.29005,0.13207,1.00000,1.29005,0.13207,0.02200,0.00000,0.00000,1.00000,1,1,0.00000,0.07998,0
23.9000,0,map,FR,29,24.7500,1.62715,-0.18007,1.00000,1.62715,-0.18007,0.02200,0.00000,0.00000,1.00000,1,1,0.00000,0.08110,0
23.9000,0,map,BR,22,24.5400,1.13639,-0.15310,1.00000,1.13639,-0.15310,0.02200,0.00000,0.00000,1.00000,1,1,0.00000,0.07663,0
23.9120,0,map,FL,13,24.3000,1.50816,0.13731,1.00000,1.50816,0.13731,0.02200,0.00000,0.00000,1.00000,1,1,0.00000,0.08858,0
23.9120,0,map,BL,6,24.0900,0.99354,0.10657,1.00000,0.99354,0.10657,0.02200,0.00000,0.00000,1.00000,1,1,0.00000,0.07928,0
23.9120,0,map,BL,36,24.9900,1.28588,0.13075,1.00000,1.28588,0.13075,0.02200,0.00000,0.00000,1.00000,1,1,0.00000,0.07514,0
23.9120,0,map,FR,28,24.7500,1.62329,-0.18116,1.00000,1.62329,-0.18116,0.02200,0.00000,0.00000,1.00000,1,1,0.00000,0.07656,0
23.9120,0,map,BR,21,24.5400,1.13262,-0.15482,1.00000,1.13262,-0.15482,0.02200,0.00000,0.00000,1.00000,1,1,0.00000,0.07195,0
23.9220,0,map,FL,13,24.3000,1.50943,0.13718,1.00000,1.50943,0.13718,0.02200,0.00000,0.00000,1.00000,1,1,0.00000,0.08910,0
23.9220,0,map,BL,6,24.0900,0.99379,0.10605,1.00000,0.99379,0.10605,0.02200,0.00000,0.00000,1.00000,1,1,0.00000,0.07963,0
23.9220,0,map,BL,36,24.9900,1.29295,0.12951,1.00000,1.29295,0.12951,0.02200,0.00000,0.00000,1.00000,1,1,0.00000,0.08313,0
23.9220,0,map,FR,28,24.7500,1.63143,-0.18174,1.00000,1.63143,-0.18174,0.02200,0.00000,0.00000,1.00000,1,1,0.00000,0.08296,0
23.9220,0,map,BR,21,24.5400,1.13797,-0.15503,1.00000,1.13797,-0.15503,0.02200,0.00000,0.00000,1.00000,1,1,0.00000,0.07718,0
23.9360,0,map,FL,13,24.3000,1.50974,0.13649,1.00000,1.50974,0.13649,0.02200,0.00000,0.00000,1.00000,1,1,0.00000,0.08915,0
23.9360,0,map,BL,6,24.0900,0.99405,0.10530,1.00000,0.99405,0.10530,0.02200,0.00000,0.00000,1.00000,1,1,0.00000,0.07976,0
23.9360,0,map,BL,36,24.9900,1.29332,0.12873,1.00000,1.29332,0.12873,0.02200,0.00000,0.00000,1.00000,1,1,0.00000,0.08279,0
23.9360,0,map,FR,28,24.7500,1.63197,-0.18211,1.00000,1.63197,-0.18211,0.02200,0.00000,0.00000,1.00000,1,1,0.00000,0.08277,0
23.9360,0,map,BR,21,24.5400,1.13888,-0.15611,1.00000,1.13888,-0.15611,0.02200,0.00000,0.00000,1.00000,1,1,0.00000,0.07702,0
23.9500,0,map,FL,12,24.3000,1.51014,0.13562,1.00000,1.51014,0.13562,0.02200,0.00000,0.00000,1.00000,1,1,0.00000,0.08913,0
23.9500,0,map,BL,5,24.0900,0.99449,0.10408,1.00000,0.99449,0.10408,0.02200,0.00000,0.00000,1.00000,1,1,0.00000,0.07981,0
23.9500,0,map,BL,35,24.9900,1.28864,0.12719,1.00000,1.28864,0.12719,0.02200,0.00000,0.00000,1.00000,1,1,0.00000,0.07778,0
23.9500,0,map,FR,27,24.7500,1.62755,-0.18344,1.00000,1.62755,-0.18344,0.02200,0.00000,0.00000,1.00000,1,1,0.00000,0.07809,0
23.9500,0,map,BR,20,24.5400,1.13445,-0.15795,1.00000,1.13445,-0.15795,0.02200,0.00000,0.00000,1.00000,1,1,0.00000,0.07221,0
23.9580,0,map,FL,12,24.3000,1.51066,0.13558,1.00000,1.51066,0.13558,0.02200,0.00000,0.00000,1.00000,1,1,0.00000,0.08944,0
23.9580,0,map,BL,5,24.0900,0.99446,0.10347,1.00000,0.99446,0.10347,0.02200,0.00000,0.00000,1.00000,1,1,0.00000,0.07987,0
23.9580,0,map,BL,35,24.9900,1.29451,0.12640,1.00000,1.29451,0.12640,0.02200,0.00000,0.00000,1.00000,1,1,0.00000,0.08478,0
23.9580,0,map,FR,27,24.7500,1.63449,-0.18415,1.00000,1.63449,-0.18415,0.02200,0.00000,0.00000,1.00000,1,1,0.00000,0.08394,0
23.9580,0,map,BR,20,24.5400,1.13881,-0.15810,1.00000,1.13881,-0.15810,0.02200,0.00000,0.00000,1.00000,1,1,0.00000,0.07721,0
23.9660,0,map,FL,12,24.3000,1.51100,0.13474,1.00000,1.51100,0.13474,0.02200,0.00000,0.00000,1.00000,1,1,0.00000,0.08940,0
23.9660,0,map,BL,5,24.0900,0.99489,0.10231,1.00000,0.99489,0.10231,0.02200,0.00000,0.00000,1.00000,1,1,0.00000,0.07993,0
23.9660,0,map,BL,35,24.9900,1.29511,0.12548,1.00000,1.29511,0.12548,0.02200,0.00000,0.00000,1.00000,1,1,0.00000,0.08445,0
23.9660,0,map,FR,27,24.7500,1.63513,-0.18469,1.00000,1.63513,-0.18469,0.02200,0.00000,0.00000,1.00000,1,1,0.00000,0.08377,0
23.9660,0,map,BR,20,24.5400,1.13976,-0.15923,1.00000,1.13976,-0.15923,0.02200,0.00000,0.00000,1.00000,1,1,0.00000,0.07708,0
23.9760,0,map,FL,11,24.3000,1.51078,0.13424,1.00000,1.51078,0.13424,0.02200,0.00000,0.00000,1.00000,1,1,0.00000,0.08928,0
23.9760,0,map,BL,4,24.0900,0.99497,0.10120,1.00000,0.99497,0.10120,0.02200,0.00000,0.00000,1.00000,1,1,0.00000,0.07987,0
23.9760,0,map,BL,34,24.9900,1.28982,0.12425,1.00000,1.28982,0.12425,0.02200,0.00000,0.00000,1.00000,1,1,0.00000,0.07933,0
23.9760,0,map,FR,26,24.7500,1.63001,-0.18577,1.00000,1.63001,-0.18577,0.02200,0.00000,0.00000,1.00000,1,1,0.00000,0.07898,0
23.9760,0,map,BR,19,24.5400,1.13461,-0.16065,1.00000,1.13461,-0.16065,0.02200,0.00000,0.00000,1.00000,1,1,0.00000,0.07218,0
23.9860,0,map,FL,11,24.3000,1.51020,0.13451,1.00000,1.51020,0.13451,0.02200,0.00000,0.00000,1.00000,1,1,0.00000,0.08941,0
23.9860,0,map,BL,4,24.0900,0.99432,0.10068,1.00000,0.99432,0.10068,0.02200,0.00000,0.00000,1.00000,1,1,0.00000,0.07974,0
23.9860,0,map,BL,34,24.9900,1.29445,0.12394,1.00000,1.29445,0.12394,0.02200,0.00000,0.00000,1.00000,1,1,0.00000,0.08579,0
23.9860,0,map,FR,26,24.7500,1.63570,-0.18626,1.00000,1.63570,-0.18626,0.02200,0.00000,0.00000,1.00000,1,1,0.00000,0.08453,0
23.9860,0,map,BR,19,24.5400,1.13782,-0.16050,1.00000,1.13782,-0.16050,0.02200,0.00000,0.00000,1.00000,1,1,0.00000,0.07704,0
23.9980,0,map,FL,11,24.3000,1.50952,0.13374,1.00000,1.50952,0.13374,0.02200,0.00000,0.00000,1.00000,1,1,0.00000,0.08927,0
23.9980,0,map,BL,4,24.0900,0.99372,0.09964,1.00000,0.99372,0.09964,0.02200,0.00000,0.00000,1.00000,1,1,0.00000,0.07973,0
23.9980,0,map,BL,34,24.9900,1.29416,0.12311,1.00000,1.29416,0.12311,0.02200,0.00000,0.00000,1.00000,1,1,0.00000,0.08546,0
23.9980,0,map,FR,26,24.7500,1.63543,-0.18669,1.00000,1.63543,-0.18669,0.02200,0.00000,0.00000,1.00000,1,1,0.00000,0.08437,0
23.9980,0,map,BR,19,24.5400,1.13778,-0.16155,1.00000,1.13778,-0.16155,0.02200,0.00000,0.00000,1.00000,1,1,0.00000,0.07694,0
24.0080,0,map,FL,10,24.3000,1.50875,0.13293,1.00000,1.50875,0.13293,0.02200,0.00000,0.00000,1.00000,1,1,0.00000,0.08905,0
24.0080,0,map,BL,3,24.0900,0.99306,0.09848,1.00000,0.99306,0.09848,0.02200,0.00000,0.00000,1.00000,1,1,0.00000,0.07963,0
24.0080,0,map,BL,33,24.9900,1.28831,0.12151,1.00000,1.28831,0.12151,0.02200,0.00000,0.00000,1.00000,1,1,0.00000,0.08024,0
24.0080,0,map,FR,25,24.7500,1.62984,-0.18805,1.00000,1.62984,-0.18805,0.02200,0.00000,0.00000,1.00000,1,1,0.00000,0.07954,0
24.0080,0,map,BR,18,24.5400,1.13209,-0.16344,1.00000,1.13209,-0.16344,0.02200,0.00000,0.00000,1.00000,1,1,0.00000,0.07199,0
24.0180,0,map,FL,10,24.3000,1.50873,0.13307,1.00000,1.50873,0.13307,0.02200,0.00000,0.00000,1.00000,1,1,0.00000,0.08922,0
24.0180,0,map,BL,3,24.0900,0.99255,0.09815,1.00000,0.99255,0.09815,0.02200,0.00000,0.00000,1.00000,1,1,0.00000,0.07956,0
24.0180,0,map,BL,33,24.9900,1.29344,0.12104,1.00000,1.29344,0.12104,0.02200,0.00000,0.00000,1.00000,1,1,0.00000,0.08638,0
24.0180,0,map,FR,25,24.7500,1.63606,-0.18885,1.00000,1.63606,-0.18885,0.02200,0.00000,0.00000,1.00000,1,1,0.00000,0.08490,0
24.0180,0,map,BR,18,24.5400,1.13593,-0.16377,1.00000,1.13593,-0.16377,0.02200,0.00000,0.00000,1.00000,1,1,0.00000,0.07675,0
24.0280,0,map,FL,10,24.3000,1.50780,0.13241,1.00000,1.50780,0.13241,0.02200,0.00000,0.00000,1.00000,1,1,0.00000,0.08900,0
24.0280,0,map,BL,3,24.0900,0.99179,0.09750,1.00000,0.99179,0.09750,0.02200,0.00000,0.00000,1.00000,1,1,0.00000,0.07943,0
24.0280,0,map,BL,33,24.9900,1.29295,0.12031,1.00000,1.29295,0.12031,0.02200,0.00000,0.00000,1.00000,1,1,0.00000,0.08606,0
24.0280,0,map,FR,25,24.7500,1.63550,-0.18925,1.00000,1.63550,-0.18925,0.02200,0.00000,0.00000,1.00000,1,1,0.00000,0.08475,0
24.0280,0,map,BR,18,24.5400,1.13563,-0.16471,1.00000,1.13563,-0.16471,0.02200,0.00000,0.00000,1.00000,1,1,0.00000,0.07664,0
24.0420,0,map,FL,9,24.3000,1.50616,0.13172,1.00000,1.50616,0.13172,0.02200,0.00000,0.00000,1.00000,1,1,0.00000,0.08852,0
24.0420,0,map,FL,39,25.2000,1.75684,0.13629,1.00000,1.75684,0.13629,0.02200,0.00000,0.00000,1.00000,1,1,0.00000,0.09124,0
24.0420,0,map,BL,2,24.0900,0.99064,0.09698,1.00000,0.99064,0.09698,0.02200,0.00000,0.00000,1.00000,1,1,0.00000,0.07900,0
24.0420,0,map,BL,32,24.9900,1.28621,0.11879,1.00000,1.28621,0.11879,0.02200,0.00000,0.00000,1.00000,1,1,0.00000,0.08075,0
24.0420,0,map,FR,24,24.7500,1.62889,-0.19069,1.00000,1.62889,-0.19069,0.02200,0.00000,0.00000,1.00000,1,1,0.00000,0.07986,0
24.0420,0,map,BR,17,24.5400,1.13412,-0.16570,1.00000,1.13412,-0.16570,0.02200,0.00000,0.00000,1.00000,1,1,0.00000,0.07665,0
24.0500,0,map,FL,9,24.3000,1.50475,0.13186,1.00000,1.50475,0.13186,0.02200,0.00000,0.00000,1.00000,1,1,0.00000,0.08828,0
24.0520,0,map,FL,39,25.2000,1.76792,0.13745,1.00000,1.76792,0.13745,0.02200,0.00000,0.00000,1.00000,1,1,0.00000,0.09355,0
24.0520,0,map,BL,2,24.0900,0.98974,0.09734,1.00000,0.98974,0.09734,0.02200,0.00000,0.00000,1.00000,1,1,0.00000,0.07833,0
24.0520,0,map,BL,32,24.9900,1.29001,0.11824,1.00000,1.29001,0.11824,0.02200,0.00000,0.00000,1.00000,1,1,0.00000,0.08673,0
24.0520,0,map,FR,24,24.7500,1.63381,-0.19175,1.00000,1.63381,-0.19175,0.02200,0.00000,0.00000,1.00000,1,1,0.00000,0.08506,0
24.0520,0,map,BR,17,24.5400,1.13148,-0.16718,1.00000,1.13148,-0.16718,0.02200,0.00000,0.00000,1.00000,1,1,0.00000,0.07624,0
24.0620,0,map,FL,8,24.3000,1.50420,0.13110,1.00000,1.50420,0.13110,0.02200,0.00000,0.00000,1.00000,1,1,0.00000,0.08789,0
24.0620,0,map,FL,38,25.2000,1.76160,0.13504,1.00000,1.76160,0.13504,0.02200,0.00000,0.00000,1.00000,1,1,0.00000,0.08775,0
24.0620,0,map,BL,1,24.0900,0.98936,0.09741,1.00000,0.98936,0.09741,0.02200,0.00000,0.00000,1.00000,1,1,0.00000,0.07791,0
24.0620,0,map,BL,31,24.9900,1.28453,0.11645,1.00000,1.28453,0.11645,0.02200,0.00000,0.00000,1.00000,1,1,0.00000,0.08098,0
24.0620,0,map,FR,23,24.7500,1.62783,-0.19351,1.00000,1.62783,-0.19351,0.02200,0.00000,0.00000,1.00000,1,1,0.00000,0.08003,0
24.0620,0,map,BR,16,24.5400,1.13082,-0.16824,1.00000,1.13082,-0.16824,0.02200,0.00000,0.00000,1.00000,1,1,0.00000,0.07625,0
24.0840,0,map,FL,8,24.3000,1.50238,0.13148,1.00000,1.50238,0.13148,0.02200,0.00000,0.00000,1.00000,1,1,0.00000,0.08735,0
24.0840,0,map,FL,38,25.2000,1.74743,0.11882,1.00000,1.74743,0.11882,0.02200,0.00000,0.00000,1.00000,1,1,0.00000,0.07266,0
24.0840,0,map,BL,1,24.0900,0.98915,0.09806,1.00000,0.98915,0.09806,0.02200,0.00000,0.00000,1.00000,1,1,0.00000,0.07691,0
24.0840,0,map,BL,31,24.9900,1.27397,0.10507,1.00000,1.27397,0.10507,0.02200,0.00000,0.00000,1.00000,1,1,0.00000,0.07282,0
24.0840,0,map,FR,23,24.7500,1.62656,-0.19900,1.00000,1.62656,-0.19900,0.02200,0.00000,0.00000,1.00000,1,1,0.00000,0.08025,0
24.0840,0,map,BR,16,24.5400,1.12821,-0.16873,1.00000,1.12821,-0.16873,0.02200,0.00000,0.00000,1.00000,1,1,0.00000,0.07638,0
24.0940,0,map,FL,7,24.3000,1.49987,0.13013,1.00000,1.49987,0.13013,0.02200,0.00000,0.00000,1.00000,1,1,0.00000,0.08587,0
24.0940,0,map,FL,37,25.2000,1.74263,0.12063,1.00000,1.74263,0.12063,0.02200,0.00000,0.00000,1.00000,1,1,0.00000,0.07066,0
24.0940,0,map,BL,30,24.9900,1.26788,0.10390,1.00000,1.26788,0.10390,0.02200,0.00000,0.00000,1.00000,1,1,0.00000,0.07001,0
24.0940,0,map,FR,22,24.7500,1.61978,-0.20018,1.00000,1.61978,-0.20018,0.02200,0.00000,0.00000,1.00000,1,1,0.00000,0.07662,0
24.0940,0,map,BR,15,24.5400,1.12483,-0.17042,1.00000,1.12483,-0.17042,0.02200,0.00000,0.00000,1.00000,1,1,0.00000,0.07634,0
24.1020,0,map,FL,7,24.3000,1.49864,0.13026,1.00000,1.49864,0.13026,0.02200,0.00000,0.00000,1.00000,1,1,0.00000,0.08569,0
24.1020,0,map,FL,37,25.2000,1.73985,0.11160,1.00000,1.73985,0.11160,0.02200,0.00000,0.00000,1.00000,1,1,0.00000,0.06764,0
24.1020,0,map,BL,30,24.9900,1.26496,0.09698,1.00000,1.26496,0.09698,0.02200,0.00000,0.00000,1.00000,1,1,0.00000,0.06955,0
24.1020,0,map,FR,22,24.7500,1.62165,-0.20402,1.00000,1.62165,-0.20402,0.02200,0.00000,0.00000,1.00000,1,1,0.00000,0.07960,0
24.1020,0,map,BR,15,24.5400,1.12255,-0.17074,1.00000,1.12255,-0.17074,0.02200,0.00000,0.00000,1.00000,1,1,0.00000,0.07649,0
24.1140,0,map,FL,7,24.3000,1.49740,0.12948,1.00000,1.49740,0.12948,0.02200,0.00000,0.00000,1.00000,1,1,0.00000,0.08532,0
24.1140,0,map,FL,37,25.2000,1.73964,0.11270,1.00000,1.73964,0.11270,0.02200,0.00000,0.00000,1.00000,1,1,0.00000,0.06851,0
24.1140,0,map,BL,30,24.9900,1.26448,0.09660,1.00000,1.26448,0.09660,0.02200,0.00000,0.00000,1.00000,1,1,0.00000,0.07017,0
24.1140,0,map,FR,22,24.7500,1.62074,-0.20399,1.00000,1.62074,-0.20399,0.02200,0.00000,0.00000,1.00000,1,1,0.00000,0.07971,0
24.1140,0,map,BR,15,24.5400,1.12132,-0.17117,1.00000,1.12132,-0.17117,0.02200,0.00000,0.00000,1.00000,1,1,0.00000,0.07650,0
24.1240,0,map,FL,6,24.3000,1.49626,0.12905,1.00000,1.49626,0.12905,0.02200,0.00000,0.00000,1.00000,1,1,0.00000,0.08463,0
24.1240,0,map,FL,36,25.2000,1.73425,0.11188,1.00000,1.73425,0.11188,0.02200,0.00000,0.00000,1.00000,1,1,0.00000,0.06441,0
24.1240,0,map,BL,29,24.9900,1.25921,0.09605,1.00000,1.25921,0.09605,0.02200,0.00000,0.00000,1.00000,1,1,0.00000,0.06603,0
24.1240,0,map,FR,21,24.7500,1.61528,-0.20475,1.00000,1.61528,-0.20475,0.02200,0.00000,0.00000,1.00000,1,1,0.00000,0.07599,0
24.1240,0,map,BR,14,24.5400,1.11973,-0.17208,1.00000,1.11973,-0.17208,0.02200,0.00000,0.00000,1.00000,1,1,0.00000,0.07653,0
24.1340,0,map,FL,6,24.3000,1.49445,0.12963,1.00000,1.49445,0.12963,0.02200,0.00000,0.00000,1.00000,1,1,0.00000,0.08441,0
24.1340,0,map,FL,36,25.2000,1.73529,0.10785,1.00000,1.73529,0.10785,0.02200,0.00000,0.00000,1.00000,1,1,0.00000,0.06649,0
24.1340,0,map,BL,29,24.9900,1.25882,0.09188,1.00000,1.25882,0.09188,0.02200,0.00000,0.00000,1.00000,1,1,0.00000,0.06886,0
24.1340,0,map,FR,21,24.7500,1.61815,-0.20680,1.00000,1.61815,-0.20680,0.02200,0.00000,0.00000,1.00000,1,1,0.00000,0.07993,0
24.1340,0,map,BR,14,24.5400,1.11746,-0.17200,1.00000,1.11746,-0.17200,0.02200,0.00000,0.00000,1.00000,1,1,0.00000,0.07657,0
24.1440,0,map,FL,6,24.3000,1.49385,0.12937,1.00000,1.49385,0.12937,0.02200,0.00000,0.00000,1.00000,1,1,0.00000,0.08406,0
24.1440,0,map,FL,36,25.2000,1.73507,0.10835,1.00000,1.73507,0.10835,0.02200,0.00000,0.00000,1.00000,1,1,0.00000,0.06681,0
24.1440,0,map,BL,29,24.9900,1.25877,0.09157,1.00000,1.25877,0.09157,0.02200,0.00000,0.00000,1.00000,1,1,0.00000,0.06908,0
24.1440,0,map,FR,21,24.7500,1.61766,-0.20672,1.00000,1.61766,-0.20672,0.02200,0.00000,0.00000,1.00000,1,1,0.00000,0.07995,0
24.1440,0,map,BR,14,24.5400,1.11676,-0.17242,1.00000,1.11676,-0.17242,0.02200,0.00000,0.00000,1.00000,1,1,0.00000,0.07663,0
24.1520,0,map,FL,5,24.3000,1.49131,0.12890,1.00000,1.49131,0.12890,0.02200,0.00000,0.00000,1.00000,1,1,0.00000,0.08365,0
24.1520,0,map,FL,35,25.2000,1.72897,0.10846,1.00000,1.72897,0.10846,0.02200,0.00000,0.00000,1.00000,1,1,0.00000,0.06293,0
24.1520,0,map,BL,28,24.9900,1.25274,0.09173,1.00000,1.25274,0.09173,0.02200,0.00000,0.00000,1.00000,1,1,0.00000,0.06514,0
24.1520,0,map,FR,20,24.7500,1.61165,-0.20656,1.00000,1.61165,-0.20656,0.02200,0.00000,0.00000,1.00000,1,1,0.00000,0.07641,0
24.1520,0,map,BR,13,24.5400,1.11462,-0.17269,1.00000,1.11462,-0.17269,0.02200,0.00000,0.00000,1.00000,1,1,0.00000,0.07669,0
24.1600,0,map,FL,5,24.3000,1.49072,0.12943,1.00000,1.49072,0.12943,0.02200,0.00000,0.00000,1.00000,1,1,0.00000,0.08351,0
24.1600,0,map,FL,35,25.2000,1.73289,0.10642,1.00000,1.73289,0.10642,0.02200,0.00000,0.00000,1.00000,1,1,0.00000,0.06696,0
24.1620,0,map,BL,28,24.9900,1.25491,0.08898,1.00000,1.25491,0.08898,0.02200,0.00000,0.00000,1.00000,1,1,0.00000,0.06927,0
24.1620,0,map,FR,20,24.7500,1.61611,-0.20796,1.00000,1.61611,-0.20796,0.02200,0.00000,0.00000,1.00000,1,1,0.00000,0.08067,0
24.1620,0,map,BR,13,24.5400,1.11352,-0.17248,1.00000,1.11352,-0.17248,0.02200,0.00000,0.00000,1.00000,1,1,0.00000,0.07674,0
24.1700,0,map,FL,5,24.3000,1.48968,0.12899,1.00000,1.48968,0.12899,0.02200,0.00000,0.00000,1.00000,1,1,0.00000,0.08323,0
24.1700,0,map,FL,35,25.2000,1.73234,0.10669,1.00000,1.73234,0.10669,0.02200,0.00000,0.00000,1.00000,1,1,0.00000,0.06707,0
24.1700,0,map,BL,28,24.9900,1.25468,0.08891,1.00000,1.25468,0.08891,0.02200,0.00000,0.00000,1.00000,1,1,0.00000,0.06932,0
24.1700,0,map,FR,20,24.7500,1.61539,-0.20775,1.00000,1.61539,-0.20775,0.02200,0.00000,0.00000,1.00000,1,1,0.00000,0.08066,0
24.1700,0,map,BR,13,24.5400,1.11279,-0.17262,1.00000,1.11279,-0.17262,0.02200,0.00000,0.00000,1.00000,1,1,0.00000,0.07680,0
24.1800,0,map,FL,4,24.3000,1.48830,0.12826,1.00000,1.48830,0.12826,0.02200,0.00000,0.00000,1.00000,1,1,0.00000,0.08288,0
24.1800,0,map,FL,34,25.2000,1.72753,0.10708,1.00000,1.72753,0.10708,0.02200,0.00000,0.00000,1.00000,1,1,0.00000,0.06327,0
24.1800,0,map,BL,27,24.9900,1.24993,0.08934,1.00000,1.24993,0.08934,0.02200,0.00000,0.00000,1.00000,1,1,0.00000,0.06543,0
24.1800,0,map,FR,19,24.7500,1.61071,-0.20728,1.00000,1.61071,-0.20728,0.02200,0.00000,0.00000,1.00000,1,1,0.00000,0.07717,0
24.1800,0,map,BR,12,24.5400,1.11190,-0.17274,1.00000,1.11190,-0.17274,0.02200,0.00000,0.00000,1.00000,1,1,0.00000,0.07688,0
24.1880,0,map,FL,4,24.3000,1.48675,0.12795,1.00000,1.48675,0.12795,0.02200,0.00000,0.00000,1.00000,1,1,0.00000,0.08263,0
24.1880,0,map,FL,34,25.2000,1.73194,0.10620,1.00000,1.73194,0.10620,0.02200,0.00000,0.00000,1.00000,1,1,0.00000,0.06811,0
24.1880,0,map,BL,27,24.9900,1.25242,0.08750,1.00000,1.25242,0.08750,0.02200,0.00000,0.00000,1.00000,1,1,0.00000,0.07012,0
24.1880,0,map,FR,19,24.7500,1.61505,-0.20816,1.00000,1.61505,-0.20816,0.02200,0.00000,0.00000,1.00000,1,1,0.00000,0.08150,0
24.1880,0,map,BR,12,24.5400,1.11071,-0.17233,1.00000,1.11071,-0.17233,0.02200,0.00000,0.00000,1.00000,1,1,0.00000,0.07692,0
24.1980,0,map,FL,4,24.3000,1.48561,0.12717,1.00000,1.48561,0.12717,0.02200,0.00000,0.00000,1.00000,1,1,0.00000,0.08235,0
24.1980,0,map,FL,34,25.2000,1.73153,0.10642,1.00000,1.73153,0.10642,0.02200,0.00000,0.00000,1.00000,1,1,0.00000,0.06814,0
24.1980,0,map,BL,27,24.9900,1.25242,0.08764,1.00000,1.25242,0.08764,0.02200,0.00000,0.00000,1.00000,1,1,0.00000,0.07007,0
24.1980,0,map,FR,19,24.7500,1.61457,-0.20784,1.00000,1.61457,-0.20784,0.02200,0.00000,0.00000,1.00000,1,1,0.00000,0.08149,0
24.1980,0,map,BR,12,24.5400,1.11018,-0.17242,1.00000,1.11018,-0.17242,0.02200,0.00000,0.00000,1.00000,1,1,0.00000,0.07705,0
24.2080,0,map,FL,4,24.3000,1.48466,0.12636,1.00000,1.48466,0.12636,0.02200,0.00000,0.00000,1.00000,1,1,0.00000,0.08202,0
24.2080,0,map,FL,34,25.2000,1.73096,0.10649,1.00000,1.73096,0.10649,0.02200,0.00000,0.00000,1.00000,1,1,0.00000,0.06809,0
24.2080,0,map,BL,27,24.9900,1.25192,0.08775,1.00000,1.25192,0.08775,0.02200,0.00000,0.00000,1.00000,1,1,0.00000,0.07002,0
24.2080,0,map,FR,19,24.7500,1.61415,-0.20769,1.00000,1.61415,-0.20769,0.02200,0.00000,0.00000,1.00000,1,1,0.00000,0.08149,0
24.2080,0,map,BR,12,24.5400,1.10959,-0.17242,1.00000,1.10959,-0.17242,0.02200,0.00000,0.00000,1.00000,1,1,0.00000,0.07712,0
24.2160,0,map,FL,3,24.3000,1.48393,0.12550,1.00000,1.48393,0.12550,0.02200,0.00000,0.00000,1.00000,1,1,0.00000,0.08166,0
24.2160,0,map,FL,33,25.2000,1.72661,0.10718,1.00000,1.72661,0.10718,0.02200,0.00000,0.00000,1.00000,1,1,0.00000,0.06433,0
24.2180,0,map,BL,26,24.9900,1.24760,0.08846,1.00000,1.24760,0.08846,0.02200,0.00000,0.00000,1.00000,1,1,0.00000,0.06616,0
24.2180,0,map,FR,18,24.7500,1.60988,-0.20693,1.00000,1.60988,-0.20693,0.02200,0.00000,0.00000,1.00000,1,1,0.00000,0.07797,0
24.2180,0,map,BR,11,24.5400,1.10913,-0.17240,1.00000,1.10913,-0.17240,0.02200,0.00000,0.00000,1.00000,1,1,0.00000,0.07718,0
24.2260,0,map,FL,3,24.3000,1.48399,0.12554,1.00000,1.48399,0.12554,0.02200,0.00000,0.00000,1.00000,1,1,0.00000,0.08171,0
24.2260,0,map,FL,33,25.2000,1.73248,0.10705,1.00000,1.73248,0.10705,0.02200,0.00000,0.00000,1.00000,1,1,0.00000,0.06952,0
24.2260,0,map,BL,26,24.9900,1.25145,0.08727,1.00000,1.25145,0.08727,0.02200,0.00000,0.00000,1.00000,1,1,0.00000,0.07108,0
24.2260,0,map,FR,18,24.7500,1.61523,-0.20755,1.00000,1.61523,-0.20755,0.02200,0.00000,0.00000,1.00000,1,1,0.00000,0.08226,0
24.2260,0,map,BR,11,24.5400,1.10915,-0.17185,1.00000,1.10915,-0.17185,0.02200,0.00000,0.00000,1.00000,1,1,0.00000,0.07718,0
24.2340,0,map,FL,3,24.3000,1.48281,0.12476,1.00000,1.48281,0.12476,0.02200,0.00000,0.00000,1.00000,1,1,0.00000,0.08153,0
24.2340,0,map,FL,33,25.2000,1.73191,0.10731,1.00000,1.73191,0.10731,0.02200,0.00000,0.00000,1.00000,1,1,0.00000,0.06952,0
24.2340,0,map,BL,26,24.9900,1.25127,0.08761,1.00000,1.25127,0.08761,0.02200,0.00000,0.00000,1.00000,1,1,0.00000,0.07100,0
24.2340,0,map,FR,18,24.7500,1.61456,-0.20710,1.00000,1.61456,-0.20710,0.02200,0.00000,0.00000,1.00000,1,1,0.00000,0.08223,0
24.2340,0,map,BR,11,24.5400,1.10854,-0.17169,1.00000,1.10854,-0.17169,0.02200,0.00000,0.00000,1.00000,1,1,0.00000,0.07729,0
24.2440,0,map,FL,2,24.3000,1.48302,0.12460,1.00000,1.48302,0.12460,0.02200,0.00000,0.00000,1.00000,1,1,0.00000,0.08154,0
24.2440,0,map,FL,32,25.2000,1.72793,0.10809,1.00000,1.72793,0.10809,0.02200,0.00000,0.00000,1.00000,1,1,0.00000,0.06570,0
24.2440,0,map,BL,25,24.9900,1.24733,0.08854,1.00000,1.24733,0.08854,0.02200,0.00000,0.00000,1.00000,1,1,0.00000,0.06708,0
24.2440,0,map,FR,17,24.7500,1.61460,-0.20689,1.00000,1.61460,-0.20689,0.02200,0.00000,0.00000,1.00000,1,1,0.00000,0.08222,0
24.2440,0,map,BR,10,24.5400,1.10850,-0.17148,1.00000,1.10850,-0.17148,0.02200,0.00000,0.00000,1.00000,1,1,0.00000,0.07732,0
24.2520,0,map,FL,2,24.3000,1.48290,0.12438,1.00000,1.48290,0.12438,0.02200,0.00000,0.00000,1.00000,1,1,0.00000,0.08170,0
24.2520,0,map,FL,32,25.2000,1.73366,0.10844,1.00000,1.73366,0.10844,0.02200,0.00000,0.00000,1.00000,1,1,0.00000,0.07085,0
24.2520,0,map,BL,25,24.9900,1.25121,0.08779,1.00000,1.25121,0.08779,0.02200,0.00000,0.00000,1.00000,1,1,0.00000,0.07198,0
24.2520,0,map,FR,17,24.7500,1.61582,-0.20660,1.00000,1.61582,-0.20660,0.02200,0.00000,0.00000,1.00000,1,1,0.00000,0.08295,0
24.2520,0,map,BR,10,24.5400,1.10847,-0.17064,1.00000,1.10847,-0.17064,0.02200,0.00000,0.00000,1.00000,1,1,0.00000,0.07736,0
24.2620,0,map,FL,2,24.3000,1.48344,0.12435,1.00000,1.48344,0.12435,0.02200,0.00000,0.00000,1.00000,1,1,0.00000,0.08197,0
24.2620,0,map,FL,32,25.2000,1.73436,0.10878,1.00000,1.73436,0.10878,0.02200,0.00000,0.00000,1.00000,1,1,0.00000,0.07103,0
24.2620,0,map,BL,25,24.9900,1.25203,0.08841,1.00000,1.25203,0.08841,0.02200,0.00000,0.00000,1.00000,1,1,0.00000,0.07200,0
24.2620,0,map,FR,17,24.7500,1.61596,-0.20607,1.00000,1.61596,-0.20607,0.02200,0.00000,0.00000,1.00000,1,1,0.00000,0.08285,0
24.2620,0,map,BR,10,24.5400,1.10892,-0.17023,1.00000,1.10892,-0.17023,0.02200,0.00000,0.00000,1.00000,1,1,0.00000,0.07737,0
24.2720,0,map,FL,1,24.3000,1.48445,0.12453,1.00000,1.48445,0.12453,0.02200,0.00000,0.00000,1.00000,1,1,0.00000,0.08244,0
24.2720,0,map,FL,31,25.2000,1.73094,0.10981,1.00000,1.73094,0.10981,0.02200,0.00000,0.00000,1.00000,1,1,0.00000,0.06717,0
24.2720,0,map,BL,24,24.9900,1.24861,0.08970,1.00000,1.24861,0.08970,0.02200,0.00000,0.00000,1.00000,1,1,0.00000,0.06805,0
24.2720,0,map,FR,16,24.7500,1.62063,-0.20617,1.00000,1.62063,-0.20617,0.02200,0.00000,0.00000,1.00000,1,1,0.00000,0.08642,0
24.2720,0,map,BR,9,24.5400,1.10965,-0.16943,1.00000,1.10965,-0.16943,0.02200,0.00000,0.00000,1.00000,1,1,0.00000,0.07736,0
24.2720,0,map,BR,39,25.4400,1.38430,-0.20235,1.00000,1.38430,-0.20235,0.02200,0.00000,0.00000,1.00000,1,1,0.00000,0.06482,0
24.2820,0,map,FL,1,24.3000,1.48528,0.12453,1.00000,1.48528,0.12453,0.02200,0.00000,0.00000,1.00000,1,1,0.00000,0.08297,0
24.2820,0,map,FL,31,25.2000,1.73720,0.11057,1.00000,1.73720,0.11057,0.02200,0.00000,0.00000,1.00000,1,1,0.00000,0.07220,0
24.2820,0,map,BL,24,24.9900,1.25321,0.08945,1.00000,1.25321,0.08945,0.02200,0.00000,0.00000,1.00000,1,1,0.00000,0.07285,0
24.2820,0,map,FR,16,24.7500,1.62239,-0.20558,1.00000,1.62239,-0.20558,0.02200,0.00000,0.00000,1.00000,1,1,0.00000,0.08709,0
24.2820,0,map,BR,9,24.5400,1.11033,-0.16817,1.00000,1.11033,-0.16817,0.02200,0.00000,0.00000,1.00000,1,1,0.00000,0.07741,0
24.2820,0,map,BR,39,25.4400,1.39506,-0.20262,1.00000,1.39506,-0.20262,0.02200,0.00000,0.00000,1.00000,1,1,0.00000,0.06557,0
24.2900,0,map,FL,1,24.3000,1.48598,0.12494,1.00000,1.48598,0.12494,0.02200,0.00000,0.00000,1.00000,1,1,0.00000,0.08367,0
24.2900,0,map,FL,31,25.2000,1.73869,0.11112,1.00000,1.73869,0.11112,0.02200,0.00000,0.00000,1.00000,1,1,0.00000,0.07236,0
24.2900,0,map,BL,24,24.9900,1.25479,0.09057,1.00000,1.25479,0.09057,0.02200,0.00000,0.00000,1.00000,1,1,0.00000,0.07285,0
24.2900,0,map,FR,16,24.7500,1.62323,-0.20470,1.00000,1.62323,-0.20470,0.02200,0.00000,0.00000,1.00000,1,1,0.00000,0.08698,0
24.2900,0,map,BR,9,24.5400,1.11169,-0.16700,1.00000,1.11169,-0.16700,0.02200,0.00000,0.00000,1.00000,1,1,0.00000,0.07741,0
24.2900,0,map,BR,39,25.4400,1.39663,-0.20150,1.00000,1.39663,-0.20150,0.02200,0.00000,0.00000,1.00000,1,1,0.00000,0.06591,0
24.2980,0,map,FL,1,24.3000,1.48739,0.12539,1.00000,1.48739,0.12539,0.02200,0.00000,0.00000,1.00000,1,1,0.00000,0.08447,0
24.2980,0,map,FL,31,25.2000,1.73978,0.11154,1.00000,1.73978,0.11154,0.02200,0.00000,0.00000,1.00000,1,1,0.00000,0.07234,0
24.2980,0,map,BL,24,24.9900,1.25590,0.09146,1.00000,1.25590,0.09146,0.02200,0.00000,0.00000,1.00000,1,1,0.00000,0.07282,0
24.2980,0,map,FR,16,24.7500,1.62421,-0.20402,1.00000,1.62421,-0.20402,0.02200,0.00000,0.00000,1.00000,1,1,0.00000,0.08694,0
24.3000,0,map,BR,9,24.5400,1.11290,-0.16575,1.00000,1.11290,-0.16575,0.02200,0.00000,0.00000,1.00000,1,1,0.00000,0.07739,0
24.3000,0,map,BR,39,25.4400,1.39743,-0.20088,1.00000,1.39743,-0.20088,0.02200,0.00000,0.00000,1.00000,1,1,0.00000,0.06587,0
24.3080,0,map,FL,30,25.2000,1.73886,0.11284,1.00000,1.73886,0.11284,0.02200,0.00000,0.00000,1.00000,1,1,0.00000,0.06845,0
24.3080,0,map,BL,23,24.9900,1.25490,0.09344,1.00000,1.25490,0.09344,0.02200,0.00000,0.00000,1.00000,1,1,0.00000,0.06887,0
24.3080,0,map,FR,15,24.7500,1.62676,-0.20317,1.00000,1.62676,-0.20317,0.02200,0.00000,0.00000,1.00000,1,1,0.00000,0.08670,0
24.3080,0,map,BR,8,24.5400,1.11620,-0.16369,1.00000,1.11620,-0.16369,0.02200,0.00000,0.00000,1.00000,1,1,0.00000,0.07704,0
24.3080,0,map,BR,38,25.4400,1.39608,-0.19911,1.00000,1.39608,-0.19911,0.02200,0.00000,0.00000,1.00000,1,1,0.00000,0.06176,0
24.3260,0,map,FL,30,25.2000,1.74971,0.11367,1.00000,1.74971,0.11367,0.02200,0.00000,0.00000,1.00000,1,1,0.00000,0.07842,0
24.3260,0,map,BL,23,24.9900,1.26092,0.09365,1.00000,1.26092,0.09365,0.02200,0.00000,0.00000,1.00000,1,1,0.00000,0.07578,0
24.3280,0,map,FR,15,24.7500,1.62708,-0.20273,1.00000,1.62708,-0.20273,0.02200,0.00000,0.00000,1.00000,1,1,0.00000,0.08693,0
24.3280,0,map,BR,8,24.5400,1.11643,-0.16215,1.00000,1.11643,-0.16215,0.02200,0.00000,0.00000,1.00000,1,1,0.00000,0.07703,0
24.3280,0,map,BR,38,25.4400,1.40897,-0.19502,1.00000,1.40897,-0.19502,0.02200,0.00000,0.00000,1.00000,1,1,0.00000,0.07546,0
24.3360,0,map,FL,29,25.2000,1.74864,0.11546,1.00000,1.74864,0.11546,0.02200,0.00000,0.00000,1.00000,1,1,0.00000,0.07381,0
24.3360,0,map,BL,22,24.9900,1.26041,0.09710,1.00000,1.26041,0.09710,0.02200,0.00000,0.00000,1.00000,1,1,0.00000,0.07111,0
24.3360,0,map,FR,14,24.7500,1.63085,-0.20039,1.00000,1.63085,-0.20039,0.02200,0.00000,0.00000,1.00000,1,1,0.00000,0.08765,0
24.3360,0,map,BR,7,24.5400,1.11885,-0.16042,1.00000,1.11885,-0.16042,0.02200,0.00000,0.00000,1.00000,1,1,0.00000,0.07822,0
24.3360,0,map,BR,37,25.4400,1.40665,-0.19227,1.00000,1.40665,-0.19227,0.02200,0.00000,0.00000,1.00000,1,1,0.00000,0.07046,0
24.3460,0,map,FL,29,25.2000,1.75736,0.11594,1.00000,1.75736,0.11594,0.02200,0.00000,0.00000,1.00000,1,1,0.00000,0.08131,0
24.3460,0,map,BL,22,24.9900,1.26584,0.09724,1.00000,1.26584,0.09724,0.02200,0.00000,0.00000,1.00000,1,1,0.00000,0.07680,0
24.3460,0,map,FR,14,24.7500,1.63175,-0.20022,1.00000,1.63175,-0.20022,0.02200,0.00000,0.00000,1.00000,1,1,0.00000,0.08824,0
24.3460,0,map,BR,7,24.5400,1.11862,-0.15968,1.00000,1.11862,-0.15968,0.02200,0.00000,0.00000,1.00000,1,1,0.00000,0.07867,0
24.3460,0,map,BR,37,25.4400,1.41494,-0.19038,1.00000,1.41494,-0.19038,0.02200,0.00000,0.00000,1.00000,1,1,0.00000,0.08034,0
24.3560,0,map,FL,29,25.2000,1.75834,0.11633,1.00000,1.75834,0.11633,0.02200,0.00000,0.00000,1.00000,1,1,0.00000,0.08109,0
24.3560,0,map,BL,22,24.9900,1.26727,0.09852,1.00000,1.26727,0.09852,0.02200,0.00000,0.00000,1.00000,1,1,0.00000,0.07661,0
24.3560,0,map,FR,14,24.7500,1.63266,-0.19931,1.00000,1.63266,-0.19931,0.02200,0.00000,0.00000,1.00000,1,1,0.00000,0.08849,0
24.3560,0,map,BR,7,24.5400,1.11899,-0.15909,1.00000,1.11899,-0.15909,0.02200,0.00000,0.00000,1.00000,1,1,0.00000,0.07912,0
24.3560,0,map,BR,37,25.4400,1.41548,-0.18949,1.00000,1.41548,-0.18949,0.02200,0.00000,0.00000,1.00000,1,1,0.00000,0.07997,0
24.3680,0,map,FL,28,25.2000,1.75439,0.11749,1.00000,1.75439,0.11749,0.02200,0.00000,0.00000,1.00000,1,1,0.00000,0.07655,0
24.3680,0,map,BL,21,24.9900,1.26343,0.10028,1.00000,1.26343,0.10028,0.02200,0.00000,0.00000,1.00000,1,1,0.00000,0.07193,0
24.3680,0,map,FR,13,24.7500,1.63349,-0.19863,1.00000,1.63349,-0.19863,0.02200,0.00000,0.00000,1.00000,1,1,0.00000,0.08868,0
24.3680,0,map,BR,6,24.5400,1.11938,-0.15840,1.00000,1.11938,-0.15840,0.02200,0.00000,0.00000,1.00000,1,1,0.00000,0.07944,0
24.3680,0,map,BR,36,25.4400,1.41125,-0.18813,1.00000,1.41125,-0.18813,0.02200,0.00000,0.00000,1.00000,1,1,0.00000,0.07513,0
24.3780,0,map,FL,28,25.2000,1.76243,0.11804,1.00000,1.76243,0.11804,0.02200,0.00000,0.00000,1.00000,1,1,0.00000,0.08295,0
24.3780,0,map,BL,21,24.9900,1.26863,0.10041,1.00000,1.26863,0.10041,0.02200,0.00000,0.00000,1.00000,1,1,0.00000,0.07716,0
24.3780,0,map,FR,13,24.7500,1.63464,-0.19843,1.00000,1.63464,-0.19843,0.02200,0.00000,0.00000,1.00000,1,1,0.00000,0.08911,0
24.3780,0,map,BR,6,24.5400,1.11966,-0.15781,1.00000,1.11966,-0.15781,0.02200,0.00000,0.00000,1.00000,1,1,0.00000,0.07967,0
24.3780,0,map,BR,36,25.4400,1.41830,-0.18695,1.00000,1.41830,-0.18695,0.02200,0.00000,0.00000,1.00000,1,1,0.00000,0.08312,0
24.3860,0,map,FL,28,25.2000,1.76355,0.11854,1.00000,1.76355,0.11854,0.02200,0.00000,0.00000,1.00000,1,1,0.00000,0.08276,0
24.3860,0,map,BL,21,24.9900,1.27011,0.10158,1.00000,1.27011,0.10158,0.02200,0.00000,0.00000,1.00000,1,1,0.00000,0.07702,0
24.3860,0,map,FR,13,24.7500,1.63555,-0.19764,1.00000,1.63555,-0.19764,0.02200,0.00000,0.00000,1.00000,1,1,0.00000,0.08922,0
24.3860,0,map,BR,6,24.5400,1.12041,-0.15690,1.00000,1.12041,-0.15690,0.02200,0.00000,0.00000,1.00000,1,1,0.00000,0.07988,0
24.3860,0,map,BR,36,25.4400,1.41925,-0.18605,1.00000,1.41925,-0.18605,0.02200,0.00000,0.00000,1.00000,1,1,0.00000,0.08279,0
24.3960,0,map,FL,27,25.2000,1.75819,0.11961,1.00000,1.75819,0.11961,0.02200,0.00000,0.00000,1.00000,1,1,0.00000,0.07807,0
24.3960,0,map,BL,20,24.9900,1.26479,0.10294,1.00000,1.26479,0.10294,0.02200,0.00000,0.00000,1.00000,1,1,0.00000,0.07219,0
24.3960,0,map,FR,12,24.7500,1.63508,-0.19723,1.00000,1.63508,-0.19723,0.02200,0.00000,0.00000,1.00000,1,1,0.00000,0.08913,0
24.3960,0,map,BR,5,24.5400,1.12020,-0.15617,1.00000,1.12020,-0.15617,0.02200,0.00000,0.00000,1.00000,1,1,0.00000,0.07982,0
24.3960,0,map,BR,35,25.4400,1.41377,-0.18489,1.00000,1.41377,-0.18489,0.02200,0.00000,0.00000,1.00000,1,1,0.00000,0.07777,0
24.4040,0,map,FL,27,25.2000,1.76511,0.12010,1.00000,1.76511,0.12010,0.02200,0.00000,0.00000,1.00000,1,1,0.00000,0.08393,0
24.4040,0,map,BL,20,24.9900,1.26908,0.10283,1.00000,1.26908,0.10283,0.02200,0.00000,0.00000,1.00000,1,1,0.00000,0.07721,0
24.4040,0,map,FR,12,24.7500,1.63558,-0.19729,1.00000,1.63558,-0.19729,0.02200,0.00000,0.00000,1.00000,1,1,0.00000,0.08945,0
24.4060,0,map,BR,5,24.5400,1.12014,-0.15573,1.00000,1.12014,-0.15573,0.02200,0.00000,0.00000,1.00000,1,1,0.00000,0.07989,0
24.4060,0,map,BR,35,25.4400,1.41965,-0.18432,1.00000,1.41965,-0.18432,0.02200,0.00000,0.00000,1.00000,1,1,0.00000,0.08478,0
24.4140,0,map,FL,27,25.2000,1.76578,0.12054,1.00000,1.76578,0.12054,0.02200,0.00000,0.00000,1.00000,1,1,0.00000,0.08376,0
24.4160,0,map,BL,20,24.9900,1.27007,0.10381,1.00000,1.27007,0.10381,0.02200,0.00000,0.00000,1.00000,1,1,0.00000,0.07708,0
24.4160,0,map,FR,12,24.7500,1.63598,-0.19658,1.00000,1.63598,-0.19658,0.02200,0.00000,0.00000,1.00000,1,1,0.00000,0.08943,0
24.4160,0,map,BR,5,24.5400,1.12063,-0.15473,1.00000,1.12063,-0.15473,0.02200,0.00000,0.00000,1.00000,1,1,0.00000,0.07995,0
24.4160,0,map,BR,35,25.4400,1.42030,-0.18352,1.00000,1.42030,-0.18352,0.02200,0.00000,0.00000,1.00000,1,1,0.00000,0.08445,0
24.4240,0,map,FL,26,25.2000,1.76072,0.12184,1.00000,1.76072,0.12184,0.02200,0.00000,0.00000,1.00000,1,1,0.00000,0.07897,0
24.4240,0,map,BL,19,24.9900,1.26498,0.10548,1.00000,1.26498,0.10548,0.02200,0.00000,0.00000,1.00000,1,1,0.00000,0.07218,0
24.4240,0,map,FR,11,24.7500,1.63580,-0.19591,1.00000,1.63580,-0.19591,0.02200,0.00000,0.00000,1.00000,1,1,0.00000,0.08930,0
24.4240,0,map,BR,4,24.5400,1.12066,-0.15359,1.00000,1.12066,-0.15359,0.02200,0.00000,0.00000,1.00000,1,1,0.00000,0.07990,0
24.4240,0,map,BR,34,25.4400,1.41505,-0.18204,1.00000,1.41505,-0.18204,0.02200,0.00000,0.00000,1.00000,1,1,0.00000,0.07933,0
24.4340,0,map,FL,26,25.2000,1.76642,0.12227,1.00000,1.76642,0.12227,0.02200,0.00000,0.00000,1.00000,1,1,0.00000,0.08452,0
24.4340,0,map,BL,19,24.9900,1.26819,0.10531,1.00000,1.26819,0.10531,0.02200,0.00000,0.00000,1.00000,1,1,0.00000,0.07704,0
24.4340,0,map,FR,11,24.7500,1.63525,-0.19614,1.00000,1.63525,-0.19614,0.02200,0.00000,0.00000,1.00000,1,1,0.00000,0.08944,0
24.4340,0,map,BR,4,24.5400,1.12008,-0.15308,1.00000,1.12008,-0.15308,0.02200,0.00000,0.00000,1.00000,1,1,0.00000,0.07977,0
24.4340,0,map,BR,34,25.4400,1.41971,-0.18181,1.00000,1.41971,-0.18181,0.02200,0.00000,0.00000,1.00000,1,1,0.00000,0.08578,0
24.4420,0,map,FL,26,25.2000,1.76616,0.12272,1.00000,1.76616,0.12272,0.02200,0.00000,0.00000,1.00000,1,1,0.00000,0.08436,0
24.4420,0,map,BL,19,24.9900,1.26819,0.10634,1.00000,1.26819,0.10634,0.02200,0.00000,0.00000,1.00000,1,1,0.00000,0.07694,0
24.4420,0,map,FR,11,24.7500,1.63460,-0.19534,1.00000,1.63460,-0.19534,0.02200,0.00000,0.00000,1.00000,1,1,0.00000,0.08931,0
24.4420,0,map,BR,4,24.5400,1.11952,-0.15194,1.00000,1.11952,-0.15194,0.02200,0.00000,0.00000,1.00000,1,1,0.00000,0.07978,0
24.4420,0,map,BR,34,25.4400,1.41946,-0.18096,1.00000,1.41946,-0.18096,0.02200,0.00000,0.00000,1.00000,1,1,0.00000,0.08546,0
24.4520,0,map,FL,25,25.2000,1.76076,0.12400,1.00000,1.76076,0.12400,0.02200,0.00000,0.00000,1.00000,1,1,0.00000,0.07952,0
24.4520,0,map,BL,18,24.9900,1.26271,0.10801,1.00000,1.26271,0.10801,0.02200,0.00000,0.00000,1.00000,1,1,0.00000,0.07198,0
24.4520,0,map,FR,10,24.7500,1.63412,-0.19480,1.00000,1.63412,-0.19480,0.02200,0.00000,0.00000,1.00000,1,1,0.00000,0.08916,0
24.4520,0,map,BR,3,24.5400,1.11909,-0.15114,1.00000,1.11909,-0.15114,0.02200,0.00000,0.00000,1.00000,1,1,0.00000,0.07972,0
24.4520,0,map,BR,33,25.4400,1.41387,-0.17953,1.00000,1.41387,-0.17953,0.02200,0.00000,0.00000,1.00000,1,1,0.00000,0.08024,0
24.4600,0,map,FL,25,25.2000,1.76655,0.12457,1.00000,1.76655,0.12457,0.02200,0.00000,0.00000,1.00000,1,1,0.00000,0.08488,0
24.4600,0,map,BL,18,24.9900,1.26611,0.10808,1.00000,1.26611,0.10808,0.02200,0.00000,0.00000,1.00000,1,1,0.00000,0.07674,0
24.4600,0,map,FR,10,24.7500,1.63372,-0.19498,1.00000,1.63372,-0.19498,0.02200,0.00000,0.00000,1.00000,1,1,0.00000,0.08926,0
24.4600,0,map,BR,3,24.5400,1.11864,-0.15064,1.00000,1.11864,-0.15064,0.02200,0.00000,0.00000,1.00000,1,1,0.00000,0.07955,0
24.4600,0,map,BR,33,25.4400,1.41860,-0.17926,1.00000,1.41860,-0.17926,0.02200,0.00000,0.00000,1.00000,1,1,0.00000,0.08638,0
24.4700,0,map,FL,25,25.2000,1.76657,0.12507,1.00000,1.76657,0.12507,0.02200,0.00000,0.00000,1.00000,1,1,0.00000,0.08473,0
24.4700,0,map,BL,18,24.9900,1.26642,0.10917,1.00000,1.26642,0.10917,0.02200,0.00000,0.00000,1.00000,1,1,0.00000,0.07664,0
24.4700,0,map,FR,10,24.7500,1.63333,-0.19418,1.00000,1.63333,-0.19418,0.02200,0.00000,0.00000,1.00000,1,1,0.00000,0.08915,0
24.4700,0,map,BR,3,24.5400,1.11808,-0.14981,1.00000,1.11808,-0.14981,0.02200,0.00000,0.00000,1.00000,1,1,0.00000,0.07957,0
24.4700,0,map,BR,33,25.4400,1.41865,-0.17839,1.00000,1.41865,-0.17839,0.02200,0.00000,0.00000,1.00000,1,1,0.00000,0.08606,0
24.4800,0,map,FL,24,25.2000,1.76021,0.12649,1.00000,1.76021,0.12649,0.02200,0.00000,0.00000,1.00000,1,1,0.00000,0.07984,0
24.4800,0,map,BL,17,24.9900,1.26519,0.11004,1.00000,1.26519,0.11004,0.02200,0.00000,0.00000,1.00000,1,1,0.00000,0.07664,0
24.4800,0,map,FR,9,24.7500,1.63193,-0.19361,1.00000,1.63193,-0.19361,0.02200,0.00000,0.00000,1.00000,1,1,0.00000,0.08878,0
24.4800,0,map,FR,39,25.6500,1.88240,-0.20262,1.00000,1.88240,-0.20262,0.02200,0.00000,0.00000,1.00000,1,1,0.00000,0.09124,0
24.4800,0,map,BR,2,24.5400,1.11703,-0.14932,1.00000,1.11703,-0.14932,0.02200,0.00000,0.00000,1.00000,1,1,0.00000,0.07925,0
24.4800,0,map,BR,32,25.4400,1.41214,-0.17688,1.00000,1.41214,-0.17688,0.02200,0.00000,0.00000,1.00000,1,1,0.00000,0.08075,0
24.4880,0,map,FL,24,25.2000,1.76563,0.12711,1.00000,1.76563,0.12711,0.02200,0.00000,0.00000,1.00000,1,1,0.00000,0.08504,0
24.4880,0,map,BL,17,24.9900,1.26315,0.11120,1.00000,1.26315,0.11120,0.02200,0.00000,0.00000,1.00000,1,1,0.00000,0.07622,0
24.4880,0,map,FR,9,24.7500,1.63109,-0.19394,1.00000,1.63109,-0.19394,0.02200,0.00000,0.00000,1.00000,1,1,0.00000,0.08879,0
24.4880,0,map,FR,39,25.6500,1.89390,-0.20429,1.00000,1.89390,-0.20429,0.02200,0.00000,0.00000,1.00000,1,1,0.00000,0.09355,0
24.4880,0,map,BR,2,24.5400,1.11644,-0.14947,1.00000,1.11644,-0.14947,0.02200,0.00000,0.00000,1.00000,1,1,0.00000,0.07890,0
24.4880,0,map,BR,32,25.4400,1.41640,-0.17667,1.00000,1.41640,-0.17667,0.02200,0.00000,0.00000,1.00000,1,1,0.00000,0.08673,0
24.4980,0,map,FL,24,25.2000,1.76517,0.12793,1.00000,1.76517,0.12793,0.02200,0.00000,0.00000,1.00000,1,1,0.00000,0.08493,0
24.4980,0,map,BL,17,24.9900,1.26271,0.11227,1.00000,1.26271,0.11227,0.02200,0.00000,0.00000,1.00000,1,1,0.00000,0.07622,0
24.4980,0,map,FR,9,24.7500,1.63057,-0.19312,1.00000,1.63057,-0.19312,0.02200,0.00000,0.00000,1.00000,1,1,0.00000,0.08847,0
24.4980,0,map,FR,39,25.6500,1.89303,-0.20283,1.00000,1.89303,-0.20283,0.02200,0.00000,0.00000,1.00000,1,1,0.00000,0.09312,0
24.5000,0,map,BR,2,24.5400,1.11582,-0.14928,1.00000,1.11582,-0.14928,0.02200,0.00000,0.00000,1.00000,1,1,0.00000,0.07861,0
24.5000,0,map,BR,32,25.4400,1.41634,-0.17574,1.00000,1.41634,-0.17574,0.02200,0.00000,0.00000,1.00000,1,1,0.00000,0.08636,0
24.5080,0,map,FL,24,25.2000,1.76377,0.12860,1.00000,1.76377,0.12860,0.02200,0.00000,0.00000,1.00000,1,1,0.00000,0.08495,0
24.5080,0,map,BL,17,24.9900,1.26112,0.11312,1.00000,1.26112,0.11312,0.02200,0.00000,0.00000,1.00000,1,1,0.00000,0.07623,0
24.5080,0,map,FR,9,24.7500,1.62902,-0.19261,1.00000,1.62902,-0.19261,0.02200,0.00000,0.00000,1.00000,1,1,0.00000,0.08792,0
24.5080,0,map,FR,39,25.6500,1.89165,-0.20229,1.00000,1.89165,-0.20229,0.02200,0.00000,0.00000,1.00000,1,1,0.00000,0.09312,0
24.5080,0,map,BR,2,24.5400,1.11506,-0.14934,1.00000,1.11506,-0.14934,0.02200,0.00000,0.00000,1.00000,1,1,0.00000,0.07798,0
24.5080,0,map,BR,32,25.4400,1.41496,-0.17516,1.00000,1.41496,-0.17516,0.02200,0.00000,0.00000,1.00000,1,1,0.00000,0.08637,0
24.5160,0,map,FL,23,25.2000,1.75732,0.13043,1.00000,1.75732,0.13043,0.02200,0.00000,0.00000,1.00000,1,1,0.00000,0.08002,0
24.5160,0,map,BL,16,24.9900,1.25976,0.11407,1.00000,1.25976,0.11407,0.02200,0.00000,0.00000,1.00000,1,1,0.00000,0.07626,0
24.5160,0,map,FR,8,24.7500,1.62789,-0.19194,1.00000,1.62789,-0.19194,0.02200,0.00000,0.00000,1.00000,1,1,0.00000,0.08738,0
24.5160,0,map,FR,38,25.6500,1.88528,-0.20052,1.00000,1.88528,-0.20052,0.02200,0.00000,0.00000,1.00000,1,1,0.00000,0.08776,0
24.5180,0,map,BR,1,24.5400,1.11461,-0.14944,1.00000,1.11461,-0.14944,0.02200,0.00000,0.00000,1.00000,1,1,0.00000,0.07737,0
24.5180,0,map,BR,31,25.4400,1.40861,-0.17346,1.00000,1.40861,-0.17346,0.02200,0.00000,0.00000,1.00000,1,1,0.00000,0.08098,0
24.5380,0,map,FL,23,25.2000,1.75767,0.13616,1.00000,1.75767,0.13616,0.02200,0.00000,0.00000,1.00000,1,1,0.00000,0.08027,0
24.5380,0,map,BL,16,24.9900,1.25875,0.11467,1.00000,1.25875,0.11467,0.02200,0.00000,0.00000,1.00000,1,1,0.00000,0.07642,0
24.5380,0,map,FR,8,24.7500,1.62761,-0.19218,1.00000,1.62761,-0.19218,0.02200,0.00000,0.00000,1.00000,1,1,0.00000,0.08721,0
24.5380,0,map,FR,38,25.6500,1.87297,-0.18377,1.00000,1.87297,-0.18377,0.02200,0.00000,0.00000,1.00000,1,1,0.00000,0.07266,0
24.5380,0,map,BR,1,24.5400,1.11522,-0.15041,1.00000,1.11522,-0.15041,0.02200,0.00000,0.00000,1.00000,1,1,0.00000,0.07663,0
24.5380,0,map,BR,31,25.4400,1.39983,-0.16176,1.00000,1.39983,-0.16176,0.02200,0.00000,0.00000,1.00000,1,1,0.00000,0.07282,0
24.5460,0,map,FL,22,25.2000,1.75108,0.13733,1.00000,1.75108,0.13733,0.02200,0.00000,0.00000,1.00000,1,1,0.00000,0.07664,0
24.5460,0,map,BL,15,24.9900,1.25571,0.11621,1.00000,1.25571,0.11621,0.02200,0.00000,0.00000,1.00000,1,1,0.00000,0.07634,0
24.5460,0,map,FR,7,24.7500,1.62531,-0.19073,1.00000,1.62531,-0.19073,0.02200,0.00000,0.00000,1.00000,1,1,0.00000,0.08586,0
24.5460,0,map,FR,37,25.6500,1.86832,-0.18557,1.00000,1.86832,-0.18557,0.02200,0.00000,0.00000,1.00000,1,1,0.00000,0.07065,0
24.5480,0,map,BR,30,25.4400,1.39394,-0.16061,1.00000,1.39394,-0.16061,0.02200,0.00000,0.00000,1.00000,1,1,0.00000,0.07001,0
24.5560,0,map,FL,22,25.2000,1.75265,0.14082,1.00000,1.75265,0.14082,0.02200,0.00000,0.00000,1.00000,1,1,0.00000,0.07957,0
24.5560,0,map,BL,15,24.9900,1.25299,0.11647,1.00000,1.25299,0.11647,0.02200,0.00000,0.00000,1.00000,1,1,0.00000,0.07645,0
24.5560,0,map,FR,7,24.7500,1.62385,-0.19121,1.00000,1.62385,-0.19121,0.02200,0.00000,0.00000,1.00000,1,1,0.00000,0.08541,0
24.5560,0,map,FR,37,25.6500,1.86526,-0.17688,1.00000,1.86526,-0.17688,0.02200,0.00000,0.00000,1.00000,1,1,0.00000,0.06764,0
24.5560,0,map,BR,30,25.4400,1.39069,-0.15382,1.00000,1.39069,-0.15382,0.02200,0.00000,0.00000,1.00000,1,1,0.00000,0.06955,0
24.5660,0,map,FL,22,25.2000,1.75119,0.14071,1.00000,1.75119,0.14071,0.02200,0.00000,0.00000,1.00000,1,1,0.00000,0.07968,0
24.5660,0,map,BL,15,24.9900,1.25118,0.11693,1.00000,1.25118,0.11693,0.02200,0.00000,0.00000,1.00000,1,1,0.00000,0.07646,0
24.5660,0,map,FR,7,24.7500,1.62209,-0.19063,1.00000,1.62209,-0.19063,0.02200,0.00000,0.00000,1.00000,1,1,0.00000,0.08493,0
24.5660,0,map,FR,37,25.6500,1.86444,-0.17811,1.00000,1.86444,-0.17811,0.02200,0.00000,0.00000,1.00000,1,1,0.00000,0.06851,0
24.5660,0,map,BR,30,25.4400,1.38963,-0.15346,1.00000,1.38963,-0.15346,0.02200,0.00000,0.00000,1.00000,1,1,0.00000,0.07017,0
24.5760,0,map,FL,21,25.2000,1.74576,0.14124,1.00000,1.74576,0.14124,0.02200,0.00000,0.00000,1.00000,1,1,0.00000,0.07596,0
24.5760,0,map,BL,14,24.9900,1.24967,0.11758,1.00000,1.24967,0.11758,0.02200,0.00000,0.00000,1.00000,1,1,0.00000,0.07652,0
24.5760,0,map,FR,6,24.7500,1.62077,-0.19015,1.00000,1.62077,-0.19015,0.02200,0.00000,0.00000,1.00000,1,1,0.00000,0.08442,0
24.5760,0,map,FR,36,25.6500,1.85899,-0.17749,1.00000,1.85899,-0.17749,0.02200,0.00000,0.00000,1.00000,1,1,0.00000,0.06442,0
24.5760,0,map,BR,29,25.4400,1.38430,-0.15304,1.00000,1.38430,-0.15304,0.02200,0.00000,0.00000,1.00000,1,1,0.00000,0.06604,0
24.5840,0,map,FL,21,25.2000,1.74909,0.14332,1.00000,1.74909,0.14332,0.02200,0.00000,0.00000,1.00000,1,1,0.00000,0.07990,0
24.5840,0,map,BL,14,24.9900,1.24779,0.11763,1.00000,1.24779,0.11763,0.02200,0.00000,0.00000,1.00000,1,1,0.00000,0.07656,0
24.5840,0,map,FR,6,24.7500,1.61944,-0.19070,1.00000,1.61944,-0.19070,0.02200,0.00000,0.00000,1.00000,1,1,0.00000,0.08422,0
24.5840,0,map,FR,36,25.6500,1.86052,-0.17341,1.00000,1.86052,-0.17341,0.02200,0.00000,0.00000,1.00000,1,1,0.00000,0.06649,0
24.5840,0,map,BR,29,25.4400,1.38441,-0.14880,1.00000,1.38441,-0.14880,0.02200,0.00000,0.00000,1.00000,1,1,0.00000,0.06886,0
24.5940,0,map,FL,21,25.2000,1.74828,0.14316,1.00000,1.74828,0.14316,0.02200,0.00000,0.00000,1.00000,1,1,0.00000,0.07993,0
24.5940,0,map,BL,14,24.9900,1.24683,0.11798,1.00000,1.24683,0.11798,0.02200,0.00000,0.00000,1.00000,1,1,0.00000,0.07661,0
24.5940,0,map,FR,6,24.7500,1.61838,-0.19038,1.00000,1.61838,-0.19038,0.02200,0.00000,0.00000,1.00000,1,1,0.00000,0.08390,0
24.5940,0,map,FR,36,25.6500,1.85994,-0.17397,1.00000,1.85994,-0.17397,0.02200,0.00000,0.00000,1.00000,1,1,0.00000,0.06681,0
24.5940,0,map,BR,29,25.4400,1.38402,-0.14854,1.00000,1.38402,-0.14854,0.02200,0.00000,0.00000,1.00000,1,1,0.00000,0.06909,0
24.6040,0,map,FL,20,25.2000,1.74328,0.14312,1.00000,1.74328,0.14312,0.02200,0.00000,0.00000,1.00000,1,1,0.00000,0.07639,0
24.6040,0,map,BL,13,24.9900,1.24568,0.11837,1.00000,1.24568,0.11837,0.02200,0.00000,0.00000,1.00000,1,1,0.00000,0.07667,0
24.6040,0,map,FR,5,24.7500,1.61705,-0.19012,1.00000,1.61705,-0.19012,0.02200,0.00000,0.00000,1.00000,1,1,0.00000,0.08356,0
24.6040,0,map,FR,35,25.6500,1.85484,-0.17401,1.00000,1.85484,-0.17401,0.02200,0.00000,0.00000,1.00000,1,1,0.00000,0.06293,0
24.6040,0,map,BR,28,25.4400,1.37898,-0.14858,1.00000,1.37898,-0.14858,0.02200,0.00000,0.00000,1.00000,1,1,0.00000,0.06514,0
24.6140,0,map,FL,20,25.2000,1.74725,0.14437,1.00000,1.74725,0.14437,0.02200,0.00000,0.00000,1.00000,1,1,0.00000,0.08065,0
24.6140,0,map,BL,13,24.9900,1.24415,0.11814,1.00000,1.24415,0.11814,0.02200,0.00000,0.00000,1.00000,1,1,0.00000,0.07670,0
24.6140,0,map,FR,5,24.7500,1.61565,-0.19055,1.00000,1.61565,-0.19055,0.02200,0.00000,0.00000,1.00000,1,1,0.00000,0.08343,0
24.6140,0,map,FR,35,25.6500,1.85821,-0.17211,1.00000,1.85821,-0.17211,0.02200,0.00000,0.00000,1.00000,1,1,0.00000,0.06696,0
24.6140,0,map,BR,28,25.4400,1.38062,-0.14586,1.00000,1.38062,-0.14586,0.02200,0.00000,0.00000,1.00000,1,1,0.00000,0.06927,0
24.6220,0,map,FL,20,25.2000,1.74643,0.14410,1.00000,1.74643,0.14410,0.02200,0.00000,0.00000,1.00000,1,1,0.00000,0.08064,0
24.6220,0,map,BL,13,24.9900,1.24325,0.11831,1.00000,1.24325,0.11831,0.02200,0.00000,0.00000,1.00000,1,1,0.00000,0.07680,0
24.6220,0,map,FR,5,24.7500,1.61428,-0.18982,1.00000,1.61428,-0.18982,0.02200,0.00000,0.00000,1.00000,1,1,0.00000,0.08305,0
24.6220,0,map,FR,35,25.6500,1.85751,-0.17241,1.00000,1.85751,-0.17241,0.02200,0.00000,0.00000,1.00000,1,1,0.00000,0.06707,0
24.6240,0,map,BR,28,25.4400,1.38025,-0.14579,1.00000,1.38025,-0.14579,0.02200,0.00000,0.00000,1.00000,1,1,0.00000,0.06932,0
24.6320,0,map,FL,19,25.2000,1.74193,0.14370,1.00000,1.74193,0.14370,0.02200,0.00000,0.00000,1.00000,1,1,0.00000,0.07715,0
24.6320,0,map,BL,12,24.9900,1.24254,0.11845,1.00000,1.24254,0.11845,0.02200,0.00000,0.00000,1.00000,1,1,0.00000,0.07688,0
24.6320,0,map,FR,4,24.7500,1.61323,-0.18919,1.00000,1.61323,-0.18919,0.02200,0.00000,0.00000,1.00000,1,1,0.00000,0.08275,0
24.6320,0,map,FR,34,25.6500,1.85288,-0.17276,1.00000,1.85288,-0.17276,0.02200,0.00000,0.00000,1.00000,1,1,0.00000,0.06326,0
24.6320,0,map,BR,27,25.4400,1.37569,-0.14618,1.00000,1.37569,-0.14618,0.02200,0.00000,0.00000,1.00000,1,1,0.00000,0.06543,0
24.6420,0,map,FL,19,25.2000,1.74677,0.14449,1.00000,1.74677,0.14449,0.02200,0.00000,0.00000,1.00000,1,1,0.00000,0.08146,0
24.6420,0,map,BL,12,24.9900,1.24186,0.11805,1.00000,1.24186,0.11805,0.02200,0.00000,0.00000,1.00000,1,1,0.00000,0.07689,0
24.6420,0,map,FR,4,24.7500,1.61255,-0.18911,1.00000,1.61255,-0.18911,0.02200,0.00000,0.00000,1.00000,1,1,0.00000,0.08252,0
24.6420,0,map,FR,34,25.6500,1.85780,-0.17201,1.00000,1.85780,-0.17201,0.02200,0.00000,0.00000,1.00000,1,1,0.00000,0.06811,0
24.6420,0,map,BR,27,25.4400,1.37871,-0.14440,1.00000,1.37871,-0.14440,0.02200,0.00000,0.00000,1.00000,1,1,0.00000,0.07012,0
24.6500,0,map,FL,19,25.2000,1.74577,0.14415,1.00000,1.74577,0.14415,0.02200,0.00000,0.00000,1.00000,1,1,0.00000,0.08145,0
24.6500,0,map,BL,12,24.9900,1.24086,0.11809,1.00000,1.24086,0.11809,0.02200,0.00000,0.00000,1.00000,1,1,0.00000,0.07702,0
24.6500,0,map,FR,4,24.7500,1.61066,-0.18798,1.00000,1.61066,-0.18798,0.02200,0.00000,0.00000,1.00000,1,1,0.00000,0.08218,0
24.6500,0,map,FR,34,25.6500,1.85686,-0.17221,1.00000,1.85686,-0.17221,0.02200,0.00000,0.00000,1.00000,1,1,0.00000,0.06814,0
24.6500,0,map,BR,27,25.4400,1.37816,-0.14453,1.00000,1.37816,-0.14453,0.02200,0.00000,0.00000,1.00000,1,1,0.00000,0.07007,0
24.6600,0,map,FL,18,25.2000,1.74201,0.14355,1.00000,1.74201,0.14355,0.02200,0.00000,0.00000,1.00000,1,1,0.00000,0.07795,0
24.6600,0,map,BL,11,24.9900,1.24086,0.11813,1.00000,1.24086,0.11813,0.02200,0.00000,0.00000,1.00000,1,1,0.00000,0.07709,0
24.6600,0,map,FR,3,24.7500,1.61058,-0.18730,1.00000,1.61058,-0.18730,0.02200,0.00000,0.00000,1.00000,1,1,0.00000,0.08189,0
24.6600,0,map,FR,33,25.6500,1.85300,-0.17275,1.00000,1.85300,-0.17275,0.02200,0.00000,0.00000,1.00000,1,1,0.00000,0.06433,0
24.6600,0,map,BR,26,25.4400,1.37437,-0.14516,1.00000,1.37437,-0.14516,0.02200,0.00000,0.00000,1.00000,1,1,0.00000,0.06617,0
24.6720,0,map,FL,18,25.2000,1.74621,0.14411,1.00000,1.74621,0.14411,0.02200,0.00000,0.00000,1.00000,1,1,0.00000,0.08223,0
24.6720,0,map,BL,11,24.9900,1.23968,0.11765,1.00000,1.23968,0.11765,0.02200,0.00000,0.00000,1.00000,1,1,0.00000,0.07711,0
24.6720,0,map,FR,3,24.7500,1.60898,-0.18672,1.00000,1.60898,-0.18672,0.02200,0.00000,0.00000,1.00000,1,1,0.00000,0.08168,0
24.6720,0,map,FR,33,25.6500,1.85766,-0.17262,1.00000,1.85766,-0.17262,0.02200,0.00000,0.00000,1.00000,1,1,0.00000,0.06953,0
24.6720,0,map,BR,26,25.4400,1.37703,-0.14395,1.00000,1.37703,-0.14395,0.02200,0.00000,0.00000,1.00000,1,1,0.00000,0.07110,0
24.6820,0,map,FL,18,25.2000,1.74650,0.14368,1.00000,1.74650,0.14368,0.02200,0.00000,0.00000,1.00000,1,1,0.00000,0.08220,0
24.6820,0,map,BL,11,24.9900,1.23999,0.11755,1.00000,1.23999,0.11755,0.02200,0.00000,0.00000,1.00000,1,1,0.00000,0.07722,0
24.6820,0,map,FR,3,24.7500,1.60928,-0.18633,1.00000,1.60928,-0.18633,0.02200,0.00000,0.00000,1.00000,1,1,0.00000,0.08160,0
24.6820,0,map,FR,33,25.6500,1.85813,-0.17293,1.00000,1.85813,-0.17293,0.02200,0.00000,0.00000,1.00000,1,1,0.00000,0.06952,0
24.6820,0,map,BR,26,25.4400,1.37791,-0.14434,1.00000,1.37791,-0.14434,0.02200,0.00000,0.00000,1.00000,1,1,0.00000,0.07101,0
24.6920,0,map,FL,17,25.2000,1.74602,0.14335,1.00000,1.74602,0.14335,0.02200,0.00000,0.00000,1.00000,1,1,0.00000,0.08220,0
24.6920,0,map,BL,10,24.9900,1.23946,0.11725,1.00000,1.23946,0.11725,0.02200,0.00000,0.00000,1.00000,1,1,0.00000,0.07728,0
24.6920,0,map,FR,2,24.7500,1.60821,-0.18551,1.00000,1.60821,-0.18551,0.02200,0.00000,0.00000,1.00000,1,1,0.00000,0.08148,0
24.6920,0,map,FR,32,25.6500,1.85349,-0.17366,1.00000,1.85349,-0.17366,0.02200,0.00000,0.00000,1.00000,1,1,0.00000,0.06570,0
24.6920,0,map,BR,25,25.4400,1.37329,-0.14520,1.00000,1.37329,-0.14520,0.02200,0.00000,0.00000,1.00000,1,1,0.00000,0.06709,0
24.7020,0,map,FL,17,25.2000,1.74717,0.14310,1.00000,1.74717,0.14310,0.02200,0.00000,0.00000,1.00000,1,1,0.00000,0.08294,0
24.7020,0,map,BL,10,24.9900,1.23925,0.11652,1.00000,1.23925,0.11652,0.02200,0.00000,0.00000,1.00000,1,1,0.00000,0.07734,0
24.7020,0,map,FR,2,24.7500,1.60817,-0.18535,1.00000,1.60817,-0.18535,0.02200,0.00000,0.00000,1.00000,1,1,0.00000,0.08160,0
24.7020,0,map,FR,32,25.6500,1.85917,-0.17409,1.00000,1.85917,-0.17409,0.02200,0.00000,0.00000,1.00000,1,1,0.00000,0.07085,0
24.7020,0,map,BR,25,25.4400,1.37717,-0.14454,1.00000,1.37717,-0.14454,0.02200,0.00000,0.00000,1.00000,1,1,0.00000,0.07198,0
24.7100,0,map,FL,17,25.2000,1.74739,0.14247,1.00000,1.74739,0.14247,0.02200,0.00000,0.00000,1.00000,1,1,0.00000,0.08286,0
24.7100,0,map,BL,10,24.9900,1.23977,0.11601,1.00000,1.23977,0.11601,0.02200,0.00000,0.00000,1.00000,1,1,0.00000,0.07738,0
24.7100,0,map,FR,2,24.7500,1.60847,-0.18509,1.00000,1.60847,-0.18509,0.02200,0.00000,0.00000,1.00000,1,1,0.00000,0.08185,0
24.7100,0,map,FR,32,25.6500,1.85991,-0.17449,1.00000,1.85991,-0.17449,0.02200,0.00000,0.00000,1.00000,1,1,0.00000,0.07103,0
24.7100,0,map,BR,25,25.4400,1.37803,-0.14524,1.00000,1.37803,-0.14524,0.02200,0.00000,0.00000,1.00000,1,1,0.00000,0.07200,0
24.7180,0,map,FL,17,25.2000,1.74783,0.14207,1.00000,1.74783,0.14207,0.02200,0.00000,0.00000,1.00000,1,1,0.00000,0.08284,0
24.7180,0,map,BL,10,24.9900,1.24029,0.11541,1.00000,1.24029,0.11541,0.02200,0.00000,0.00000,1.00000,1,1,0.00000,0.07738,0
24.7180,0,map,FR,2,24.7500,1.60928,-0.18523,1.00000,1.60928,-0.18523,0.02200,0.00000,0.00000,1.00000,1,1,0.00000,0.08222,0
24.7180,0,map,FR,32,25.6500,1.86037,-0.17478,1.00000,1.86037,-0.17478,0.02200,0.00000,0.00000,1.00000,1,1,0.00000,0.07099,0
24.7180,0,map,BR,25,25.4400,1.37850,-0.14578,1.00000,1.37850,-0.14578,0.02200,0.00000,0.00000,1.00000,1,1,0.00000,0.07197,0
24.7280,0,map,FL,16,25.2000,1.75248,0.14211,1.00000,1.75248,0.14211,0.02200,0.00000,0.00000,1.00000,1,1,0.00000,0.08640,0
24.7280,0,map,BL,9,24.9900,1.24099,0.11468,1.00000,1.24099,0.11468,0.02200,0.00000,0.00000,1.00000,1,1,0.00000,0.07737,0
24.7280,0,map,BL,39,25.8900,1.51603,0.14272,1.00000,1.51603,0.14272,0.02200,0.00000,0.00000,1.00000,1,1,0.00000,0.06482,0
24.7280,0,map,FR,1,24.7500,1.61020,-0.18537,1.00000,1.61020,-0.18537,0.02200,0.00000,0.00000,1.00000,1,1,0.00000,0.08261,0
24.7280,0,map,FR,31,25.6500,1.85694,-0.17571,1.00000,1.85694,-0.17571,0.02200,0.00000,0.00000,1.00000,1,1,0.00000,0.06717,0
24.7280,0,map,BR,24,25.4400,1.37505,-0.14692,1.00000,1.37505,-0.14692,0.02200,0.00000,0.00000,1.00000,1,1,0.00000,0.06804,0
24.7380,0,map,FL,16,25.2000,1.75437,0.14144,1.00000,1.75437,0.14144,0.02200,0.00000,0.00000,1.00000,1,1,0.00000,0.08709,0
24.7380,0,map,BL,9,24.9900,1.24183,0.11326,1.00000,1.24183,0.11326,0.02200,0.00000,0.00000,1.00000,1,1,0.00000,0.07744,0
24.7380,0,map,BL,39,25.8900,1.52689,0.14275,1.00000,1.52689,0.14275,0.02200,0.00000,0.00000,1.00000,1,1,0.00000,0.06557,0
24.7380,0,map,FR,1,24.7500,1.61052,-0.18539,1.00000,1.61052,-0.18539,0.02200,0.00000,0.00000,1.00000,1,1,0.00000,0.08321,0
24.7380,0,map,FR,31,25.6500,1.86331,-0.17661,1.00000,1.86331,-0.17661,0.02200,0.00000,0.00000,1.00000,1,1,0.00000,0.07220,0
24.7380,0,map,BR,24,25.4400,1.37979,-0.14684,1.00000,1.37979,-0.14684,0.02200,0.00000,0.00000,1.00000,1,1,0.00000,0.07284,0
24.7460,0,map,FL,16,25.2000,1.75525,0.14052,1.00000,1.75525,0.14052,0.02200,0.00000,0.00000,1.00000,1,1,0.00000,0.08696,0
24.7460,0,map,BL,9,24.9900,1.24324,0.11194,1.00000,1.24324,0.11194,0.02200,0.00000,0.00000,1.00000,1,1,0.00000,0.07742,0
24.7460,0,map,BL,39,25.8900,1.52852,0.14154,1.00000,1.52852,0.14154,0.02200,0.00000,0.00000,1.00000,1,1,0.00000,0.06590,0
24.7460,0,map,FR,1,24.7500,1.61187,-0.18599,1.00000,1.61187,-0.18599,0.02200,0.00000,0.00000,1.00000,1,1,0.00000,0.08407,0
24.7480,0,map,FR,31,25.6500,1.86493,-0.17718,1.00000,1.86493,-0.17718,0.02200,0.00000,0.00000,1.00000,1,1,0.00000,0.07236,0
24.7480,0,map,BR,24,25.4400,1.38152,-0.14806,1.00000,1.38152,-0.14806,0.02200,0.00000,0.00000,1.00000,1,1,0.00000,0.07283,0
24.7560,0,map,FL,15,25.2000,1.75699,0.13977,1.00000,1.75699,0.13977,0.02200,0.00000,0.00000,1.00000,1,1,0.00000,0.08680,0
24.7560,0,map,BL,8,24.9900,1.24551,0.11020,1.00000,1.24551,0.11020,0.02200,0.00000,0.00000,1.00000,1,1,0.00000,0.07720,0
24.7560,0,map,BL,38,25.8900,1.52612,0.14011,1.00000,1.52612,0.14011,0.02200,0.00000,0.00000,1.00000,1,1,0.00000,0.06175,0
24.7560,0,map,FR,30,25.6500,1.86296,-0.17828,1.00000,1.86296,-0.17828,0.02200,0.00000,0.00000,1.00000,1,1,0.00000,0.06846,0
24.7560,0,map,BR,23,25.4400,1.37948,-0.14979,1.00000,1.37948,-0.14979,0.02200,0.00000,0.00000,1.00000,1,1,0.00000,0.06886,0
24.7760,0,map,FL,15,25.2000,1.75804,0.13930,1.00000,1.75804,0.13930,0.02200,0.00000,0.00000,1.00000,1,1,0.00000,0.08701,0
24.7760,0,map,BL,8,24.9900,1.24641,0.10849,1.00000,1.24641,0.10849,0.02200,0.00000,0.00000,1.00000,1,1,0.00000,0.07715,0
24.7760,0,map,BL,38,25.8900,1.53977,0.13564,1.00000,1.53977,0.13564,0.02200,0.00000,0.00000,1.00000,1,1,0.00000,0.07546,0
24.7760,0,map,FR,30,25.6500,1.87471,-0.17937,1.00000,1.87471,-0.17937,0.02200,0.00000,0.00000,1.00000,1,1,0.00000,0.07843,0
24.7760,0,map,BR,23,25.4400,1.38636,-0.15028,1.00000,1.38636,-0.15028,0.02200,0.00000,0.00000,1.00000,1,1,0.00000,0.07579,0
24.7840,0,map,FL,14,25.2000,1.76111,0.13692,1.00000,1.76111,0.13692,0.02200,0.00000,0.00000,1.00000,1,1,0.00000,0.08762,0
24.7840,0,map,BL,7,24.9900,1.24858,0.10643,1.00000,1.24858,0.10643,0.02200,0.00000,0.00000,1.00000,1,1,0.00000,0.07815,0
24.7840,0,map,BL,37,25.8900,1.53684,0.13290,1.00000,1.53684,0.13290,0.02200,0.00000,0.00000,1.00000,1,1,0.00000,0.07046,0
24.7840,0,map,FR,29,25.6500,1.87304,-0.18114,1.00000,1.87304,-0.18114,0.02200,0.00000,0.00000,1.00000,1,1,0.00000,0.07381,0
24.7840,0,map,BR,22,25.4400,1.38521,-0.15373,1.00000,1.38521,-0.15373,0.02200,0.00000,0.00000,1.00000,1,1,0.00000,0.07111,0
24.7920,0,map,FL,14,25.2000,1.76264,0.13669,1.00000,1.76264,0.13669,0.02200,0.00000,0.00000,1.00000,1,1,0.00000,0.08826,0
24.7920,0,map,BL,7,24.9900,1.24883,0.10580,1.00000,1.24883,0.10580,0.02200,0.00000,0.00000,1.00000,1,1,0.00000,0.07866,0
24.7920,0,map,BL,37,25.8900,1.54570,0.13083,1.00000,1.54570,0.13083,0.02200,0.00000,0.00000,1.00000,1,1,0.00000,0.08034,0
24.7940,0,map,FR,29,25.6500,1.88236,-0.18182,1.00000,1.88236,-0.18182,0.02200,0.00000,0.00000,1.00000,1,1,0.00000,0.08132,0
24.7940,0,map,BR,22,25.4400,1.39122,-0.15399,1.00000,1.39122,-0.15399,0.02200,0.00000,0.00000,1.00000,1,1,0.00000,0.07682,0
24.8020,0,map,FL,14,25.2000,1.76418,0.13576,1.00000,1.76418,0.13576,0.02200,0.00000,0.00000,1.00000,1,1,0.00000,0.08858,0
24.8020,0,map,BL,7,24.9900,1.24969,0.10525,1.00000,1.24969,0.10525,0.02200,0.00000,0.00000,1.00000,1,1,0.00000,0.07919,0
24.8020,0,map,BL,37,25.8900,1.54683,0.12992,1.00000,1.54683,0.12992,0.02200,0.00000,0.00000,1.00000,1,1,0.00000,0.07997,0
24.8020,0,map,FR,29,25.6500,1.88392,-0.18224,1.00000,1.88392,-0.18224,0.02200,0.00000,0.00000,1.00000,1,1,0.00000,0.08109,0
24.8020,0,map,BR,22,25.4400,1.39327,-0.15530,1.00000,1.39327,-0.15530,0.02200,0.00000,0.00000,1.00000,1,1,0.00000,0.07661,0
24.8120,0,map,FL,13,25.2000,1.76422,0.13521,1.00000,1.76422,0.13521,0.02200,0.00000,0.00000,1.00000,1,1,0.00000,0.08866,0
24.8120,0,map,BL,6,24.9900,1.24955,0.10454,1.00000,1.24955,0.10454,0.02200,0.00000,0.00000,1.00000,1,1,0.00000,0.07937,0
24.8120,0,map,BL,36,25.8900,1.54186,0.12878,1.00000,1.54186,0.12878,0.02200,0.00000,0.00000,1.00000,1,1,0.00000,0.07513,0
24.8120,0,map,FR,28,25.6500,1.87919,-0.18324,1.00000,1.87919,-0.18324,0.02200,0.00000,0.00000,1.00000,1,1,0.00000,0.07654,0
24.8120,0,map,BR,21,25.4400,1.38864,-0.15680,1.00000,1.38864,-0.15680,0.02200,0.00000,0.00000,1.00000,1,1,0.00000,0.07192,0
24.8200,0,map,FL,13,25.2000,1.76532,0.13512,1.00000,1.76532,0.13512,0.02200,0.00000,0.00000,1.00000,1,1,0.00000,0.08911,0
24.8200,0,map,BL,6,24.9900,1.24980,0.10408,1.00000,1.24980,0.10408,0.02200,0.00000,0.00000,1.00000,1,1,0.00000,0.07960,0
24.8200,0,map,BL,36,25.8900,1.54884,0.12759,1.00000,1.54884,0.12759,0.02200,0.00000,0.00000,1.00000,1,1,0.00000,0.08312,0
24.8200,0,map,FR,28,25.6500,1.88715,-0.18383,1.00000,1.88715,-0.18383,0.02200,0.00000,0.00000,1.00000,1,1,0.00000,0.08295,0
24.8200,0,map,BR,21,25.4400,1.39373,-0.15685,1.00000,1.39373,-0.15685,0.02200,0.00000,0.00000,1.00000,1,1,0.00000,0.07717,0
24.8300,0,map,FL,13,25.2000,1.76555,0.13450,1.00000,1.76555,0.13450,0.02200,0.00000,0.00000,1.00000,1,1,0.00000,0.08916,0
24.8300,0,map,BL,6,24.9900,1.24997,0.10351,1.00000,1.24997,0.10351,0.02200,0.00000,0.00000,1.00000,1,1,0.00000,0.07973,0
24.8300,0,map,BL,36,25.8900,1.54914,0.12691,1.00000,1.54914,0.12691,0.02200,0.00000,0.00000,1.00000,1,1,0.00000,0.08278,0
24.8300,0,map,FR,28,25.6500,1.88755,-0.18418,1.00000,1.88755,-0.18418,0.02200,0.00000,0.00000,1.00000,1,1,0.00000,0.08276,0
24.8300,0,map,BR,21,25.4400,1.39449,-0.15778,1.00000,1.39449,-0.15778,0.02200,0.00000,0.00000,1.00000,1,1,0.00000,0.07702,0
24.8400,0,map,FL,12,25.2000,1.76590,0.13383,1.00000,1.76590,0.13383,0.02200,0.00000,0.00000,1.00000,1,1,0.00000,0.08917,0
24.8400,0,map,BL,5,24.9900,1.25025,0.10266,1.00000,1.25025,0.10266,0.02200,0.00000,0.00000,1.00000,1,1,0.00000,0.07981,0
24.8400,0,map,BL,35,25.8900,1.54441,0.12558,1.00000,1.54441,0.12558,0.02200,0.00000,0.00000,1.00000,1,1,0.00000,0.07778,0
24.8400,0,map,FR,27,25.6500,1.88300,-0.18538,1.00000,1.88300,-0.18538,0.02200,0.00000,0.00000,1.00000,1,1,0.00000,0.07808,0
24.8400,0,map,BR,20,25.4400,1.38994,-0.15935,1.00000,1.38994,-0.15935,0.02200,0.00000,0.00000,1.00000,1,1,0.00000,0.07221,0
24.8480,0,map,FL,12,25.2000,1.76650,0.13390,1.00000,1.76650,0.13390,0.02200,0.00000,0.00000,1.00000,1,1,0.00000,0.08952,0
24.8480,0,map,BL,5,24.9900,1.25035,0.10214,1.00000,1.25035,0.10214,0.02200,0.00000,0.00000,1.00000,1,1,0.00000,0.07990,0
24.8480,0,map,BL,35,25.8900,1.55034,0.12490,1.00000,1.55034,0.12490,0.02200,0.00000,0.00000,1.00000,1,1,0.00000,0.08478,0
24.8480,0,map,FR,27,25.6500,1.88996,-0.18601,1.00000,1.88996,-0.18601,0.02200,0.00000,0.00000,1.00000,1,1,0.00000,0.08393,0
24.8480,0,map,BR,20,25.4400,1.39434,-0.15933,1.00000,1.39434,-0.15933,0.02200,0.00000,0.00000,1.00000,1,1,0.00000,0.07721,0
24.8580,0,map,FL,12,25.2000,1.76634,0.13328,1.00000,1.76634,0.13328,0.02200,0.00000,0.00000,1.00000,1,1,0.00000,0.08948,0
24.8580,0,map,BL,5,24.9900,1.25027,0.10140,1.00000,1.25027,0.10140,0.02200,0.00000,0.00000,1.00000,1,1,0.00000,0.07994,0
24.8580,0,map,BL,35,25.8900,1.55043,0.12422,1.00000,1.55043,0.12422,0.02200,0.00000,0.00000,1.00000,1,1,0.00000,0.08445,0
24.8580,0,map,FR,27,25.6500,1.89004,-0.18638,1.00000,1.89004,-0.18638,0.02200,0.00000,0.00000,1.00000,1,1,0.00000,0.08376,0
24.8580,0,map,BR,20,25.4400,1.39473,-0.16019,1.00000,1.39473,-0.16019,0.02200,0.00000,0.00000,1.00000,1,1,0.00000,0.07708,0
24.8680,0,map,FL,12,25.2000,1.76621,0.13264,1.00000,1.76621,0.13264,0.02200,0.00000,0.00000,1.00000,1,1,0.00000,0.08935,0
24.8680,0,map,BL,5,24.9900,1.25033,0.10030,1.00000,1.25033,0.10030,0.02200,0.00000,0.00000,1.00000,1,1,0.00000,0.07988,0
24.8680,0,map,BL,35,25.8900,1.55033,0.12359,1.00000,1.55033,0.12359,0.02200,0.00000,0.00000,1.00000,1,1,0.00000,0.08445,0
24.8680,0,map,FR,27,25.6500,1.89013,-0.18685,1.00000,1.89013,-0.18685,0.02200,0.00000,0.00000,1.00000,1,1,0.00000,0.08376,0
24.8680,0,map,BR,20,25.4400,1.39475,-0.16102,1.00000,1.39475,-0.16102,0.02200,0.00000,0.00000,1.00000,1,1,0.00000,0.07708,0
24.8800,0,map,FL,11,25.2000,1.76594,0.13194,1.00000,1.76594,0.13194,0.02200,0.00000,0.00000,1.00000,1,1,0.00000,0.08921,0
24.8800,0,map,BL,4,24.9900,1.25032,0.09908,1.00000,1.25032,0.09908,0.02200,0.00000,0.00000,1.00000,1,1,0.00000,0.07982,0
24.8800,0,map,BL,34,25.8900,1.54502,0.12217,1.00000,1.54502,0.12217,0.02200,0.00000,0.00000,1.00000,1,1,0.00000,0.07933,0
24.8800,0,map,FR,26,25.6500,1.88499,-0.18808,1.00000,1.88499,-0.18808,0.02200,0.00000,0.00000,1.00000,1,1,0.00000,0.07898,0
24.8800,0,map,BR,19,25.4400,1.38956,-0.16260,1.00000,1.38956,-0.16260,0.02200,0.00000,0.00000,1.00000,1,1,0.00000,0.07219,0
24.8920,0,map,FL,11,25.2000,1.76578,0.13194,1.00000,1.76578,0.13194,0.02200,0.00000,0.00000,1.00000,1,1,0.00000,0.08939,0
24.8920,0,map,BL,4,24.9900,1.24984,0.09820,1.00000,1.24984,0.09820,0.02200,0.00000,0.00000,1.00000,1,1,0.00000,0.07979,0
24.8920,0,map,BL,34,25.8900,1.55008,0.12159,1.00000,1.55008,0.12159,0.02200,0.00000,0.00000,1.00000,1,1,0.00000,0.08579,0
24.8920,0,map,FR,26,25.6500,1.89119,-0.18877,1.00000,1.89119,-0.18877,0.02200,0.00000,0.00000,1.00000,1,1,0.00000,0.08453,0
24.8920,0,map,BR,19,25.4400,1.39329,-0.16281,1.00000,1.39329,-0.16281,0.02200,0.00000,0.00000,1.00000,1,1,0.00000,0.07705,0
24.9020,0,map,FL,10,25.2000,1.76439,0.13111,1.00000,1.76439,0.13111,0.02200,0.00000,0.00000,1.00000,1,1,0.00000,0.08911,0
24.9020,0,map,BL,3,24.9900,1.24883,0.09706,1.00000,1.24883,0.09706,0.02200,0.00000,0.00000,1.00000,1,1,0.00000,0.07965,0
24.9020,0,map,BL,33,25.8900,1.54392,0.11994,1.00000,1.54392,0.11994,0.02200,0.00000,0.00000,1.00000,1,1,0.00000,0.08024,0
24.9020,0,map,FR,25,25.6500,1.88504,-0.19001,1.00000,1.88504,-0.19001,0.02200,0.00000,0.00000,1.00000,1,1,0.00000,0.07952,0
24.9020,0,map,BR,18,25.4400,1.38737,-0.16470,1.00000,1.38737,-0.16470,0.02200,0.00000,0.00000,1.00000,1,1,0.00000,0.07198,0
24.9120,0,map,FL,10,25.2000,1.76447,0.13124,1.00000,1.76447,0.13124,0.02200,0.00000,0.00000,1.00000,1,1,0.00000,0.08929,0
24.9120,0,map,BL,3,24.9900,1.24860,0.09638,1.00000,1.24860,0.09638,0.02200,0.00000,0.00000,1.00000,1,1,0.00000,0.07959,0
24.9120,0,map,BL,33,25.8900,1.54911,0.11947,1.00000,1.54911,0.11947,0.02200,0.00000,0.00000,1.00000,1,1,0.00000,0.08638,0
24.9120,0,map,FR,25,25.6500,1.89137,-0.19077,1.00000,1.89137,-0.19077,0.02200,0.00000,0.00000,1.00000,1,1,0.00000,0.08489,0
24.9120,0,map,BR,18,25.4400,1.39127,-0.16503,1.00000,1.39127,-0.16503,0.02200,0.00000,0.00000,1.00000,1,1,0.00000,0.07675,0
24.9220,0,map,FL,10,25.2000,1.76341,0.13042,1.00000,1.76341,0.13042,0.02200,0.00000,0.00000,1.00000,1,1,0.00000,0.08905,0
24.9220,0,map,BL,3,24.9900,1.24761,0.09557,1.00000,1.24761,0.09557,0.02200,0.00000,0.00000,1.00000,1,1,0.00000,0.07947,0
24.9220,0,map,BL,33,25.8900,1.54852,0.11859,1.00000,1.54852,0.11859,0.02200,0.00000,0.00000,1.00000,1,1,0.00000,0.08606,0
24.9220,0,map,FR,25,25.6500,1.89076,-0.19126,1.00000,1.89076,-0.19126,0.02200,0.00000,0.00000,1.00000,1,1,0.00000,0.08473,0
24.9220,0,map,BR,18,25.4400,1.39094,-0.16617,1.00000,1.39094,-0.16617,0.02200,0.00000,0.00000,1.00000,1,1,0.00000,0.07664,0
24.9320,0,map,FL,9,25.2000,1.76245,0.12977,1.00000,1.76245,0.12977,0.02200,0.00000,0.00000,1.00000,1,1,0.00000,0.08875,0
24.9320,0,map,FL,39,26.1000,2.01307,0.13413,nan,1.96307,0.13413,0.02200,nan,0.00000,nan,0,1,0.05000,0.09958,0
24.9320,0,map,BL,2,24.9900,1.24671,0.09513,1.00000,1.24671,0.09513,0.02200,0.00000,0.00000,1.00000,1,1,0.00000,0.07923,0
24.9320,0,map,BL,32,25.8900,1.54242,0.11706,1.00000,1.54242,0.11706,0.02200,0.00000,0.00000,1.00000,1,1,0.00000,0.08075,0
24.9320,0,map,FR,24,25.6500,1.88484,-0.19269,1.00000,1.88484,-0.19269,0.02200,0.00000,0.00000,1.00000,1,1,0.00000,0.07986,0
24.9320,0,map,BR,17,25.4400,1.39014,-0.16719,1.00000,1.39014,-0.16719,0.02200,0.00000,0.00000,1.00000,1,1,0.00000,0.07666,0
24.9420,0,map,FL,9,25.2000,1.76156,0.13012,1.00000,1.76156,0.13012,0.02200,0.00000,0.00000,1.00000,1,1,0.00000,0.08873,0
24.9420,0,map,FL,39,26.1000,2.02457,0.13558,nan,1.97457,0.13558,0.02200,nan,0.00000,nan,0,1,0.05000,0.10115,0
24.9420,0,map,BL,2,24.9900,1.24618,0.09518,1.00000,1.24618,0.09518,0.02200,0.00000,0.00000,1.00000,1,1,0.00000,0.07885,0
24.9420,0,map,BL,32,25.8900,1.54664,0.11678,1.00000,1.54664,0.11678,0.02200,0.00000,0.00000,1.00000,1,1,0.00000,0.08673,0
24.9420,0,map,FR,24,25.6500,1.89021,-0.19341,1.00000,1.89021,-0.19341,0.02200,0.00000,0.00000,1.00000,1,1,0.00000,0.08504,0
24.9420,0,map,BR,17,25.4400,1.38805,-0.16832,1.00000,1.38805,-0.16832,0.02200,0.00000,0.00000,1.00000,1,1,0.00000,0.07622,0
24.9500,0,map,FL,9,25.2000,1.76038,0.12933,1.00000,1.76038,0.12933,0.02200,0.00000,0.00000,1.00000,1,1,0.00000,0.08824,0
24.9500,0,map,FL,39,26.1000,2.02305,0.13413,nan,1.97305,0.13413,0.02200,nan,0.00000,nan,0,1,0.05000,0.10084,0
24.9500,0,map,BL,2,24.9900,1.24530,0.09521,1.00000,1.24530,0.09521,0.02200,0.00000,0.00000,1.00000,1,1,0.00000,0.07833,0
24.9500,0,map,BL,32,25.8900,1.54595,0.11585,1.00000,1.54595,0.11585,0.02200,0.00000,0.00000,1.00000,1,1,0.00000,0.08636,0
24.9500,0,map,FR,24,25.6500,1.88909,-0.19424,1.00000,1.88909,-0.19424,0.02200,0.00000,0.00000,1.00000,1,1,0.00000,0.08494,0
24.9500,0,map,BR,17,25.4400,1.38690,-0.16940,1.00000,1.38690,-0.16940,0.02200,0.00000,0.00000,1.00000,1,1,0.00000,0.07623,0
24.9640,0,map,FL,8,25.2000,1.75947,0.12889,1.00000,1.75947,0.12889,0.02200,0.00000,0.00000,1.00000,1,1,0.00000,0.08784,0
24.9640,0,map,FL,38,26.1000,2.01689,0.13275,nan,1.96689,0.13275,0.02200,nan,0.00000,nan,0,1,0.05000,0.09592,0
24.9640,0,map,BL,1,24.9900,1.24487,0.09533,1.00000,1.24487,0.09533,0.02200,0.00000,0.00000,1.00000,1,1,0.00000,0.07786,0
24.9640,0,map,BL,31,25.8900,1.53979,0.11444,1.00000,1.53979,0.11444,0.02200,0.00000,0.00000,1.00000,1,1,0.00000,0.08099,0
24.9640,0,map,FR,23,25.6500,1.88291,-0.19575,1.00000,1.88291,-0.19575,0.02200,0.00000,0.00000,1.00000,1,1,0.00000,0.08002,0
24.9640,0,map,BR,16,25.4400,1.38588,-0.17020,1.00000,1.38588,-0.17020,0.02200,0.00000,0.00000,1.00000,1,1,0.00000,0.07625,0
24.9880,0,map,FL,8,25.2000,1.75814,0.12881,1.00000,1.75814,0.12881,0.02200,0.00000,0.00000,1.00000,1,1,0.00000,0.08730,0
24.9880,0,map,FL,38,26.1000,2.00387,0.11591,nan,1.95387,0.11591,0.02200,nan,0.00000,nan,0,1,0.05000,0.08236,0
24.9880,0,map,BL,1,24.9900,1.24490,0.09615,1.00000,1.24490,0.09615,0.02200,0.00000,0.00000,1.00000,1,1,0.00000,0.07681,0
24.9880,0,map,BL,31,25.8900,1.53046,0.10257,1.00000,1.53046,0.10257,0.02200,0.00000,0.00000,1.00000,1,1,0.00000,0.07344,0
24.9880,0,map,FR,23,25.6500,1.88240,-0.20179,1.00000,1.88240,-0.20179,0.02200,0.00000,0.00000,1.00000,1,1,0.00000,0.08049,0
24.9880,0,map,BR,16,25.4400,1.38376,-0.17114,1.00000,1.38376,-0.17114,0.02200,0.00000,0.00000,1.00000,1,1,0.00000,0.07639,0
25.0000,0,map,FL,7,25.2000,1.75497,0.12735,1.00000,1.75497,0.12735,0.02200,0.00000,0.00000,1.00000,1,1,0.00000,0.08565,0
25.0000,0,map,FL,37,26.1000,1.99841,0.11769,1.00000,1.99841,0.11769,0.02200,nan,0.00000,nan,0,1,0.00000,0.07169,0
25.0000,0,map,BL,30,25.8900,1.52380,0.10144,1.00000,1.52380,0.10144,0.02200,0.00000,0.00000,1.00000,1,1,0.00000,0.07067,0
25.0000,0,map,FR,22,25.6500,1.87489,-0.20297,1.00000,1.87489,-0.20297,0.02200,0.00000,0.00000,1.00000,1,1,0.00000,0.07683,0
25.0000,0,map,BR,15,25.4400,1.37963,-0.17284,1.00000,1.37963,-0.17284,0.02200,0.00000,0.00000,1.00000,1,1,0.00000,0.07633,0
25.0100,0,map,FL,7,25.2000,1.75327,0.12738,1.00000,1.75327,0.12738,0.02200,0.00000,0.00000,1.00000,1,1,0.00000,0.08529,0
25.0100,0,map,FL,37,26.1000,1.99453,0.10884,1.00000,1.99453,0.10884,0.02200,nan,0.00000,nan,0,1,0.00000,0.06754,0
25.0100,0,map,BL,30,25.8900,1.51971,0.09450,1.00000,1.51971,0.09450,0.02200,0.00000,0.00000,1.00000,1,1,0.00000,0.06949,0
25.0100,0,map,FR,22,25.6500,1.87622,-0.20669,1.00000,1.87622,-0.20669,0.02200,0.00000,0.00000,1.00000,1,1,0.00000,0.07956,0
25.0100,0,map,BR,15,25.4400,1.37701,-0.17327,1.00000,1.37701,-0.17327,0.02200,0.00000,0.00000,1.00000,1,1,0.00000,0.07650,0
25.0180,0,map,FL,7,25.2000,1.75194,0.12683,1.00000,1.75194,0.12683,0.02200,0.00000,0.00000,1.00000,1,1,0.00000,0.08473,0
25.0180,0,map,FL,37,26.1000,1.99416,0.11013,1.00000,1.99416,0.11013,0.02200,nan,0.00000,nan,0,1,0.00000,0.06851,0
25.0180,0,map,BL,30,25.8900,1.51900,0.09408,1.00000,1.51900,0.09408,0.02200,0.00000,0.00000,1.00000,1,1,0.00000,0.07017,0
25.0180,0,map,FR,22,25.6500,1.87516,-0.20659,1.00000,1.87516,-0.20659,0.02200,0.00000,0.00000,1.00000,1,1,0.00000,0.07968,0
25.0180,0,map,BR,15,25.4400,1.37550,-0.17387,1.00000,1.37550,-0.17387,0.02200,0.00000,0.00000,1.00000,1,1,0.00000,0.07650,0
25.0280,0,map,FL,6,25.2000,1.75091,0.12654,1.00000,1.75091,0.12654,0.02200,0.00000,0.00000,1.00000,1,1,0.00000,0.08431,0
25.0280,0,map,FL,36,26.1000,1.98893,0.10976,1.00000,1.98893,0.10976,0.02200,nan,0.00000,nan,0,1,0.00000,0.06441,0
25.0280,0,map,BL,29,25.8900,1.51389,0.09384,1.00000,1.51389,0.09384,0.02200,0.00000,0.00000,1.00000,1,1,0.00000,0.06603,0
25.0280,0,map,FR,21,25.6500,1.86999,-0.20689,1.00000,1.86999,-0.20689,0.02200,0.00000,0.00000,1.00000,1,1,0.00000,0.07596,0
25.0280,0,map,BR,14,25.4400,1.37430,-0.17440,1.00000,1.37430,-0.17440,0.02200,0.00000,0.00000,1.00000,1,1,0.00000,0.07654,0
25.0400,0,map,FL,6,25.2000,1.75008,0.12723,1.00000,1.75008,0.12723,0.02200,0.00000,0.00000,1.00000,1,1,0.00000,0.08409,0
25.0400,0,map,FL,36,26.1000,1.99076,0.10569,1.00000,1.99076,0.10569,0.02200,nan,0.00000,nan,0,1,0.00000,0.06648,0
25.0400,0,map,BL,29,25.8900,1.51429,0.08955,1.00000,1.51429,0.08955,0.02200,0.00000,0.00000,1.00000,1,1,0.00000,0.06886,0
25.0400,0,map,FR,21,25.6500,1.87370,-0.20903,1.00000,1.87370,-0.20903,0.02200,0.00000,0.00000,1.00000,1,1,0.00000,0.07989,0
25.0400,0,map,BR,14,25.4400,1.37283,-0.17452,1.00000,1.37283,-0.17452,0.02200,0.00000,0.00000,1.00000,1,1,0.00000,0.07657,0
25.0480,0,map,FL,6,25.2000,1.74749,0.12657,1.00000,1.74749,0.12657,0.02200,0.00000,0.00000,1.00000,1,1,0.00000,0.08365,0
25.0480,0,map,FL,36,26.1000,1.98901,0.10632,1.00000,1.98901,0.10632,0.02200,nan,0.00000,nan,0,1,0.00000,0.06681,0
25.0480,0,map,BL,29,25.8900,1.51270,0.08932,1.00000,1.51270,0.08932,0.02200,0.00000,0.00000,1.00000,1,1,0.00000,0.06908,0
25.0480,0,map,FR,21,25.6500,1.87177,-0.20876,1.00000,1.87177,-0.20876,0.02200,0.00000,0.00000,1.00000,1,1,0.00000,0.07991,0
25.0480,0,map,BR,14,25.4400,1.37076,-0.17478,1.00000,1.37076,-0.17478,0.02200,0.00000,0.00000,1.00000,1,1,0.00000,0.07664,0
25.0600,0,map,FL,5,25.2000,1.74698,0.12639,1.00000,1.74698,0.12639,0.02200,0.00000,0.00000,1.00000,1,1,0.00000,0.08331,0
25.0600,0,map,FL,35,26.1000,1.98454,0.10646,1.00000,1.98454,0.10646,0.02200,nan,0.00000,nan,0,1,0.00000,0.06293,0
25.0600,0,map,BL,28,25.8900,1.50832,0.08946,1.00000,1.50832,0.08946,0.02200,0.00000,0.00000,1.00000,1,1,0.00000,0.06513,0
25.0600,0,map,FR,20,25.6500,1.86739,-0.20864,1.00000,1.86739,-0.20864,0.02200,0.00000,0.00000,1.00000,1,1,0.00000,0.07638,0
25.0600,0,map,BR,13,25.4400,1.37011,-0.17521,1.00000,1.37011,-0.17521,0.02200,0.00000,0.00000,1.00000,1,1,0.00000,0.07672,0
25.0700,0,map,FL,5,25.2000,1.74530,0.12659,1.00000,1.74530,0.12659,0.02200,0.00000,0.00000,1.00000,1,1,0.00000,0.08317,0
25.0700,0,map,FL,35,26.1000,1.98776,0.10447,1.00000,1.98776,0.10447,0.02200,nan,0.00000,nan,0,1,0.00000,0.06696,0
25.0700,0,map,BL,28,25.8900,1.50978,0.08669,1.00000,1.50978,0.08669,0.02200,0.00000,0.00000,1.00000,1,1,0.00000,0.06927,0
25.0700,0,map,FR,20,25.6500,1.87125,-0.20996,1.00000,1.87125,-0.20996,0.02200,0.00000,0.00000,1.00000,1,1,0.00000,0.08064,0
25.0720,0,map,BR,13,25.4400,1.36857,-0.17495,1.00000,1.36857,-0.17495,0.02200,0.00000,0.00000,1.00000,1,1,0.00000,0.07675,0
25.0800,0,map,FL,4,25.2000,1.74450,0.12572,1.00000,1.74450,0.12572,0.02200,0.00000,0.00000,1.00000,1,1,0.00000,0.08272,0
25.0800,0,map,FL,34,26.1000,1.98363,0.10523,1.00000,1.98363,0.10523,0.02200,nan,0.00000,nan,0,1,0.00000,0.06330,0
25.0800,0,map,BL,27,25.8900,1.50600,0.08709,1.00000,1.50600,0.08709,0.02200,0.00000,0.00000,1.00000,1,1,0.00000,0.06546,0
25.0800,0,map,FR,19,25.6500,1.86700,-0.20922,1.00000,1.86700,-0.20922,0.02200,0.00000,0.00000,1.00000,1,1,0.00000,0.07712,0
25.0800,0,map,BR,12,25.4400,1.36810,-0.17516,1.00000,1.36810,-0.17516,0.02200,0.00000,0.00000,1.00000,1,1,0.00000,0.07687,0
25.0880,0,map,FL,4,25.2000,1.74239,0.12538,1.00000,1.74239,0.12538,0.02200,0.00000,0.00000,1.00000,1,1,0.00000,0.08250,0
25.0880,0,map,FL,34,26.1000,1.98754,0.10430,1.00000,1.98754,0.10430,0.02200,nan,0.00000,nan,0,1,0.00000,0.06811,0
25.0880,0,map,BL,27,25.8900,1.50803,0.08527,1.00000,1.50803,0.08527,0.02200,0.00000,0.00000,1.00000,1,1,0.00000,0.07011,0
25.0880,0,map,FR,19,25.6500,1.87093,-0.21015,1.00000,1.87093,-0.21015,0.02200,0.00000,0.00000,1.00000,1,1,0.00000,0.08146,0
25.0880,0,map,BR,12,25.4400,1.36657,-0.17476,1.00000,1.36657,-0.17476,0.02200,0.00000,0.00000,1.00000,1,1,0.00000,0.07690,0
25.0980,0,map,FL,4,25.2000,1.74221,0.12485,1.00000,1.74221,0.12485,0.02200,0.00000,0.00000,1.00000,1,1,0.00000,0.08222,0
25.0980,0,map,FL,34,26.1000,1.98765,0.10453,1.00000,1.98765,0.10453,0.02200,nan,0.00000,nan,0,1,0.00000,0.06814,0
25.0980,0,map,BL,27,25.8900,1.50854,0.08538,1.00000,1.50854,0.08538,0.02200,0.00000,0.00000,1.00000,1,1,0.00000,0.07007,0
25.0980,0,map,FR,19,25.6500,1.87091,-0.20986,1.00000,1.87091,-0.20986,0.02200,0.00000,0.00000,1.00000,1,1,0.00000,0.08143,0
25.1000,0,map,BR,12,25.4400,1.36647,-0.17491,1.00000,1.36647,-0.17491,0.02200,0.00000,0.00000,1.00000,1,1,0.00000,0.07701,0
25.1080,0,map,FL,4,25.2000,1.74056,0.12378,1.00000,1.74056,0.12378,0.02200,0.00000,0.00000,1.00000,1,1,0.00000,0.08188,0
25.1080,0,map,FL,34,26.1000,1.98664,0.10454,1.00000,1.98664,0.10454,0.02200,nan,0.00000,nan,0,1,0.00000,0.06810,0
25.1080,0,map,BL,27,25.8900,1.50757,0.08546,1.00000,1.50757,0.08546,0.02200,0.00000,0.00000,1.00000,1,1,0.00000,0.07003,0
25.1080,0,map,FR,19,25.6500,1.87006,-0.20974,1.00000,1.87006,-0.20974,0.02200,0.00000,0.00000,1.00000,1,1,0.00000,0.08143,0
25.1080,0,map,BR,12,25.4400,1.36551,-0.17489,1.00000,1.36551,-0.17489,0.02200,0.00000,0.00000,1.00000,1,1,0.00000,0.07708,0
25.1160,0,map,FL,3,25.2000,1.74006,0.12307,1.00000,1.74006,0.12307,0.02200,0.00000,0.00000,1.00000,1,1,0.00000,0.08158,0
25.1160,0,map,FL,33,26.1000,1.98232,0.10516,1.00000,1.98232,0.10516,0.02200,nan,0.00000,nan,0,1,0.00000,0.06433,0
25.1160,0,map,BL,26,25.8900,1.50330,0.08615,1.00000,1.50330,0.08615,0.02200,0.00000,0.00000,1.00000,1,1,0.00000,0.06616,0
25.1180,0,map,FR,18,25.6500,1.86578,-0.20906,1.00000,1.86578,-0.20906,0.02200,0.00000,0.00000,1.00000,1,1,0.00000,0.07792,0
25.1180,0,map,BR,11,25.4400,1.36501,-0.17492,1.00000,1.36501,-0.17492,0.02200,0.00000,0.00000,1.00000,1,1,0.00000,0.07714,0
25.1260,0,map,FL,3,25.2000,1.73995,0.12290,1.00000,1.73995,0.12290,0.02200,0.00000,0.00000,1.00000,1,1,0.00000,0.08160,0
25.1260,0,map,FL,33,26.1000,1.98824,0.10498,1.00000,1.98824,0.10498,0.02200,nan,0.00000,nan,0,1,0.00000,0.06953,0
25.1260,0,map,BL,26,25.8900,1.50718,0.08493,1.00000,1.50718,0.08493,0.02200,0.00000,0.00000,1.00000,1,1,0.00000,0.07109,0
25.1260,0,map,FR,18,25.6500,1.87119,-0.20971,1.00000,1.87119,-0.20971,0.02200,0.00000,0.00000,1.00000,1,1,0.00000,0.08222,0
25.1260,0,map,BR,11,25.4400,1.36508,-0.17438,1.00000,1.36508,-0.17438,0.02200,0.00000,0.00000,1.00000,1,1,0.00000,0.07715,0
25.1340,0,map,FL,3,25.2000,1.73882,0.12219,1.00000,1.73882,0.12219,0.02200,0.00000,0.00000,1.00000,1,1,0.00000,0.08146,0
25.1360,0,map,FL,33,26.1000,1.98768,0.10522,1.00000,1.98768,0.10522,0.02200,nan,0.00000,nan,0,1,0.00000,0.06953,0
25.1360,0,map,BL,26,25.8900,1.50703,0.08526,1.00000,1.50703,0.08526,0.02200,0.00000,0.00000,1.00000,1,1,0.00000,0.07100,0
25.1360,0,map,FR,18,25.6500,1.87051,-0.20930,1.00000,1.87051,-0.20930,0.02200,0.00000,0.00000,1.00000,1,1,0.00000,0.08219,0
25.1360,0,map,BR,11,25.4400,1.36447,-0.17426,1.00000,1.36447,-0.17426,0.02200,0.00000,0.00000,1.00000,1,1,0.00000,0.07726,0
25.1440,0,map,FL,2,25.2000,1.73998,0.12227,1.00000,1.73998,0.12227,0.02200,0.00000,0.00000,1.00000,1,1,0.00000,0.08154,0
25.1440,0,map,FL,32,26.1000,1.98435,0.10601,1.00000,1.98435,0.10601,0.02200,nan,0.00000,nan,0,1,0.00000,0.06570,0
25.1440,0,map,BL,25,25.8900,1.50373,0.08621,1.00000,1.50373,0.08621,0.02200,0.00000,0.00000,1.00000,1,1,0.00000,0.06708,0
25.1460,0,map,FR,17,25.6500,1.87116,-0.20909,1.00000,1.87116,-0.20909,0.02200,0.00000,0.00000,1.00000,1,1,0.00000,0.08217,0
25.1460,0,map,BR,10,25.4400,1.36506,-0.17400,1.00000,1.36506,-0.17400,0.02200,0.00000,0.00000,1.00000,1,1,0.00000,0.07727,0
25.1540,0,map,FL,2,25.2000,1.73868,0.12163,1.00000,1.73868,0.12163,0.02200,0.00000,0.00000,1.00000,1,1,0.00000,0.08159,0
25.1540,0,map,FL,32,26.1000,1.98946,0.10630,1.00000,1.98946,0.10630,0.02200,nan,0.00000,nan,0,1,0.00000,0.07085,0
25.1540,0,map,BL,25,25.8900,1.50697,0.08539,1.00000,1.50697,0.08539,0.02200,0.00000,0.00000,1.00000,1,1,0.00000,0.07198,0
25.1540,0,map,FR,17,25.6500,1.87184,-0.20882,1.00000,1.87184,-0.20882,0.02200,0.00000,0.00000,1.00000,1,1,0.00000,0.08292,0
25.1540,0,map,BR,10,25.4400,1.36451,-0.17322,1.00000,1.36451,-0.17322,0.02200,0.00000,0.00000,1.00000,1,1,0.00000,0.07733,0
25.1620,0,map,FL,2,25.2000,1.73933,0.12161,1.00000,1.73933,0.12161,0.02200,0.00000,0.00000,1.00000,1,1,0.00000,0.08194,0
25.1620,0,map,FL,32,26.1000,1.99026,0.10669,1.00000,1.99026,0.10669,0.02200,nan,0.00000,nan,0,1,0.00000,0.07103,0
25.1620,0,map,BL,25,25.8900,1.50794,0.08611,1.00000,1.50794,0.08611,0.02200,0.00000,0.00000,1.00000,1,1,0.00000,0.07200,0
25.1620,0,map,FR,17,25.6500,1.87208,-0.20824,1.00000,1.87208,-0.20824,0.02200,0.00000,0.00000,1.00000,1,1,0.00000,0.08284,0
25.1620,0,map,BR,10,25.4400,1.36499,-0.17275,1.00000,1.36499,-0.17275,0.02200,0.00000,0.00000,1.00000,1,1,0.00000,0.07738,0
25.1720,0,map,FL,1,25.2000,1.74018,0.12173,1.00000,1.74018,0.12173,0.02200,0.00000,0.00000,1.00000,1,1,0.00000,0.08232,0
25.1720,0,map,FL,31,26.1000,1.98673,0.10761,1.00000,1.98673,0.10761,0.02200,nan,0.00000,nan,0,1,0.00000,0.06717,0
25.1720,0,map,BL,24,25.8900,1.50440,0.08728,1.00000,1.50440,0.08728,0.02200,0.00000,0.00000,1.00000,1,1,0.00000,0.06804,0
25.1720,0,map,FR,16,25.6500,1.87664,-0.20846,1.00000,1.87664,-0.20846,0.02200,0.00000,0.00000,1.00000,1,1,0.00000,0.08642,0
25.1720,0,map,BR,9,25.4400,1.36559,-0.17211,1.00000,1.36559,-0.17211,0.02200,0.00000,0.00000,1.00000,1,1,0.00000,0.07737,0
25.1720,0,map,BR,39,26.3400,1.64026,-0.20478,1.00000,1.64026,-0.20478,0.02200,0.00000,0.00000,1.00000,1,1,0.00000,0.06482,0
25.1820,0,map,FL,1,25.2000,1.74089,0.12168,1.00000,1.74089,0.12168,0.02200,0.00000,0.00000,1.00000,1,1,0.00000,0.08282,0
25.1820,0,map,FL,31,26.1000,1.99298,0.10834,1.00000,1.99298,0.10834,0.02200,nan,0.00000,nan,0,1,0.00000,0.07220,0
25.1820,0,map,BL,24,25.8900,1.50901,0.08700,1.00000,1.50901,0.08700,0.02200,0.00000,0.00000,1.00000,1,1,0.00000,0.07284,0
25.1820,0,map,FR,16,25.6500,1.87840,-0.20791,1.00000,1.87840,-0.20791,0.02200,0.00000,0.00000,1.00000,1,1,0.00000,0.08711,0
25.1820,0,map,BR,9,25.4400,1.36624,-0.17091,1.00000,1.36624,-0.17091,0.02200,0.00000,0.00000,1.00000,1,1,0.00000,0.07744,0
25.1820,0,map,BR,39,26.3400,1.65102,-0.20507,1.00000,1.65102,-0.20507,0.02200,0.00000,0.00000,1.00000,1,1,0.00000,0.06557,0
25.1900,0,map,FL,1,25.2000,1.74130,0.12184,1.00000,1.74130,0.12184,0.02200,0.00000,0.00000,1.00000,1,1,0.00000,0.08330,0
25.1900,0,map,FL,31,26.1000,1.99421,0.10877,1.00000,1.99421,0.10877,0.02200,nan,0.00000,nan,0,1,0.00000,0.07236,0
25.1900,0,map,BL,24,25.8900,1.51034,0.08794,1.00000,1.51034,0.08794,0.02200,0.00000,0.00000,1.00000,1,1,0.00000,0.07284,0
25.1900,0,map,FR,16,25.6500,1.87903,-0.20719,1.00000,1.87903,-0.20719,0.02200,0.00000,0.00000,1.00000,1,1,0.00000,0.08701,0
25.1900,0,map,BR,9,25.4400,1.36730,-0.17004,1.00000,1.36730,-0.17004,0.02200,0.00000,0.00000,1.00000,1,1,0.00000,0.07745,0
25.1900,0,map,BR,39,26.3400,1.65237,-0.20411,1.00000,1.65237,-0.20411,0.02200,0.00000,0.00000,1.00000,1,1,0.00000,0.06590,0
25.1980,0,map,FL,1,25.2000,1.74306,0.12244,1.00000,1.74306,0.12244,0.02200,0.00000,0.00000,1.00000,1,1,0.00000,0.08431,0
25.1980,0,map,FL,31,26.1000,1.99555,0.10926,1.00000,1.99555,0.10926,0.02200,nan,0.00000,nan,0,1,0.00000,0.07234,0
25.1980,0,map,BL,24,25.8900,1.51169,0.08898,1.00000,1.51169,0.08898,0.02200,0.00000,0.00000,1.00000,1,1,0.00000,0.07281,0
25.1980,0,map,FR,16,25.6500,1.88018,-0.20642,1.00000,1.88018,-0.20642,0.02200,0.00000,0.00000,1.00000,1,1,0.00000,0.08694,0
25.1980,0,map,BR,9,25.4400,1.36877,-0.16857,1.00000,1.36877,-0.16857,0.02200,0.00000,0.00000,1.00000,1,1,0.00000,0.07741,0
25.2000,0,map,BR,39,26.3400,1.65337,-0.20337,1.00000,1.65337,-0.20337,0.02200,0.00000,0.00000,1.00000,1,1,0.00000,0.06587,0
25.2080,0,map,FL,30,26.1000,1.99464,0.11048,1.00000,1.99464,0.11048,0.02200,nan,0.00000,nan,0,1,0.00000,0.06845,0
25.2080,0,map,BL,23,25.8900,1.51068,0.09092,1.00000,1.51068,0.09092,0.02200,0.00000,0.00000,1.00000,1,1,0.00000,0.06886,0
25.2080,0,map,FR,15,25.6500,1.88272,-0.20563,1.00000,1.88272,-0.20563,0.02200,0.00000,0.00000,1.00000,1,1,0.00000,0.08669,0
25.2080,0,map,BR,8,25.4400,1.37214,-0.16648,1.00000,1.37214,-0.16648,0.02200,0.00000,0.00000,1.00000,1,1,0.00000,0.07703,0
25.2080,0,map,BR,38,26.3400,1.65200,-0.20166,1.00000,1.65200,-0.20166,0.02200,0.00000,0.00000,1.00000,1,1,0.00000,0.06176,0
25.2280,0,map,FL,30,26.1000,2.00550,0.11127,nan,1.95550,0.11127,0.02200,nan,0.00000,nan,0,1,0.05000,0.08194,0
25.2280,0,map,BL,23,25.8900,1.51667,0.09109,1.00000,1.51667,0.09109,0.02200,0.00000,0.00000,1.00000,1,1,0.00000,0.07578,0
25.2280,0,map,FR,15,25.6500,1.88295,-0.20528,1.00000,1.88295,-0.20528,0.02200,0.00000,0.00000,1.00000,1,1,0.00000,0.08686,0
25.2280,0,map,BR,8,25.4400,1.37239,-0.16486,1.00000,1.37239,-0.16486,0.02200,0.00000,0.00000,1.00000,1,1,0.00000,0.07694,0
25.2280,0,map,BR,38,26.3400,1.66489,-0.19757,1.00000,1.66489,-0.19757,0.02200,0.00000,0.00000,1.00000,1,1,0.00000,0.07546,0
25.2360,0,map,FL,29,26.1000,2.00445,0.11312,nan,1.95445,0.11312,0.02200,nan,0.00000,nan,0,1,0.05000,0.07905,0
25.2360,0,map,BL,22,25.8900,1.51636,0.09449,1.00000,1.51636,0.09449,0.02200,0.00000,0.00000,1.00000,1,1,0.00000,0.07154,0
25.2360,0,map,FR,14,25.6500,1.88620,-0.20299,1.00000,1.88620,-0.20299,0.02200,0.00000,0.00000,1.00000,1,1,0.00000,0.08751,0
25.2360,0,map,BR,7,25.4400,1.37453,-0.16296,1.00000,1.37453,-0.16296,0.02200,0.00000,0.00000,1.00000,1,1,0.00000,0.07809,0
25.2360,0,map,BR,37,26.3400,1.66434,-0.19499,1.00000,1.66434,-0.19499,0.02200,0.00000,0.00000,1.00000,1,1,0.00000,0.07286,0
25.2460,0,map,FL,29,26.1000,2.01422,0.11360,nan,1.96422,0.11360,0.02200,nan,0.00000,nan,0,1,0.05000,0.08612,0
25.2460,0,map,BL,22,25.8900,1.52264,0.09469,1.00000,1.52264,0.09469,0.02200,0.00000,0.00000,1.00000,1,1,0.00000,0.07738,0
25.2460,0,map,FR,14,25.6500,1.88771,-0.20282,1.00000,1.88771,-0.20282,0.02200,0.00000,0.00000,1.00000,1,1,0.00000,0.08810,0
25.2460,0,map,BR,7,25.4400,1.37486,-0.16229,1.00000,1.37486,-0.16229,0.02200,0.00000,0.00000,1.00000,1,1,0.00000,0.07858,0
25.2460,0,map,BR,37,26.3400,1.67341,-0.19294,1.00000,1.67341,-0.19294,0.02200,0.00000,0.00000,1.00000,1,1,0.00000,0.08354,0
25.2540,0,map,FL,29,26.1000,2.01522,0.11400,nan,1.96522,0.11400,0.02200,nan,0.00000,nan,0,1,0.05000,0.08571,0
25.2560,0,map,BL,22,25.8900,1.52408,0.09598,1.00000,1.52408,0.09598,0.02200,0.00000,0.00000,1.00000,1,1,0.00000,0.07715,0
25.2560,0,map,FR,14,25.6500,1.88865,-0.20191,1.00000,1.88865,-0.20191,0.02200,0.00000,0.00000,1.00000,1,1,0.00000,0.08838,0
25.2560,0,map,BR,7,25.4400,1.37524,-0.16165,1.00000,1.37524,-0.16165,0.02200,0.00000,0.00000,1.00000,1,1,0.00000,0.07906,0
25.2560,0,map,BR,37,26.3400,1.67379,-0.19212,1.00000,1.67379,-0.19212,0.02200,0.00000,0.00000,1.00000,1,1,0.00000,0.08302,0
25.2640,0,map,FL,28,26.1000,2.01175,0.11515,nan,1.96175,0.11515,0.02200,nan,0.00000,nan,0,1,0.05000,0.08117,0
25.2640,0,map,BL,21,25.8900,1.52073,0.09774,1.00000,1.52073,0.09774,0.02200,0.00000,0.00000,1.00000,1,1,0.00000,0.07232,0
25.2660,0,map,FR,13,25.6500,1.89012,-0.20127,1.00000,1.89012,-0.20127,0.02200,0.00000,0.00000,1.00000,1,1,0.00000,0.08862,0
25.2660,0,map,BR,6,25.4400,1.37613,-0.16102,1.00000,1.37613,-0.16102,0.02200,0.00000,0.00000,1.00000,1,1,0.00000,0.07943,0
25.2660,0,map,BR,36,26.3400,1.67002,-0.19077,1.00000,1.67002,-0.19077,0.02200,0.00000,0.00000,1.00000,1,1,0.00000,0.07804,0
25.2740,0,map,FL,28,26.1000,2.01932,0.11548,nan,1.96932,0.11548,0.02200,nan,0.00000,nan,0,1,0.05000,0.08725,0
25.2740,0,map,BL,21,25.8900,1.52532,0.09757,1.00000,1.52532,0.09757,0.02200,0.00000,0.00000,1.00000,1,1,0.00000,0.07766,0
25.2740,0,map,FR,13,25.6500,1.89049,-0.20133,1.00000,1.89049,-0.20133,0.02200,0.00000,0.00000,1.00000,1,1,0.00000,0.08899,0
25.2740,0,map,BR,6,25.4400,1.37586,-0.16055,1.00000,1.37586,-0.16055,0.02200,0.00000,0.00000,1.00000,1,1,0.00000,0.07960,0
25.2740,0,map,BR,36,26.3400,1.67664,-0.18972,1.00000,1.67664,-0.18972,0.02200,0.00000,0.00000,1.00000,1,1,0.00000,0.08679,0
25.2820,0,map,FL,28,26.1000,2.01984,0.11590,nan,1.96984,0.11590,0.02200,nan,0.00000,nan,0,1,0.05000,0.08691,0
25.2820,0,map,BL,21,25.8900,1.52613,0.09861,1.00000,1.52613,0.09861,0.02200,0.00000,0.00000,1.00000,1,1,0.00000,0.07750,0
25.2820,0,map,FR,13,25.6500,1.89078,-0.20060,1.00000,1.89078,-0.20060,0.02200,0.00000,0.00000,1.00000,1,1,0.00000,0.08905,0
25.2820,0,map,BR,6,25.4400,1.37611,-0.15980,1.00000,1.37611,-0.15980,0.02200,0.00000,0.00000,1.00000,1,1,0.00000,0.07973,0
25.2820,0,map,BR,36,26.3400,1.67689,-0.18897,1.00000,1.67689,-0.18897,0.02200,0.00000,0.00000,1.00000,1,1,0.00000,0.08629,0
25.2920,0,map,FL,27,26.1000,2.01505,0.11708,nan,1.96505,0.11708,0.02200,nan,0.00000,nan,0,1,0.05000,0.08217,0
25.2920,0,map,BL,20,25.8900,1.52134,0.10013,1.00000,1.52134,0.10013,0.02200,0.00000,0.00000,1.00000,1,1,0.00000,0.07251,0
25.2920,0,map,FR,12,25.6500,1.89105,-0.20009,1.00000,1.89105,-0.20009,0.02200,0.00000,0.00000,1.00000,1,1,0.00000,0.08904,0
25.2920,0,map,BR,5,25.4400,1.37638,-0.15905,1.00000,1.37638,-0.15905,0.02200,0.00000,0.00000,1.00000,1,1,0.00000,0.07977,0
25.2920,0,map,BR,35,26.3400,1.67195,-0.18768,1.00000,1.67195,-0.18768,0.02200,0.00000,0.00000,1.00000,1,1,0.00000,0.08111,0
25.3000,0,map,FL,27,26.1000,2.02230,0.11755,nan,1.97230,0.11755,0.02200,nan,0.00000,nan,0,1,0.05000,0.08767,0
25.3000,0,map,BL,20,25.8900,1.52590,0.10005,1.00000,1.52590,0.10005,0.02200,0.00000,0.00000,1.00000,1,1,0.00000,0.07757,0
25.3000,0,map,FR,12,25.6500,1.89171,-0.20014,1.00000,1.89171,-0.20014,0.02200,0.00000,0.00000,1.00000,1,1,0.00000,0.08939,0
25.3000,0,map,BR,5,25.4400,1.37652,-0.15857,1.00000,1.37652,-0.15857,0.02200,0.00000,0.00000,1.00000,1,1,0.00000,0.07988,0
25.3000,0,map,BR,35,26.3400,1.67821,-0.18700,1.00000,1.67821,-0.18700,0.02200,0.00000,0.00000,1.00000,1,1,0.00000,0.08871,0
25.3100,0,map,FL,27,26.1000,2.02238,0.11798,nan,1.97238,0.11798,0.02200,nan,0.00000,nan,0,1,0.05000,0.08737,0
25.3100,0,map,BL,20,25.8900,1.52627,0.10092,1.00000,1.52627,0.10092,0.02200,0.00000,0.00000,1.00000,1,1,0.00000,0.07743,0
25.3100,0,map,FR,12,25.6500,1.89156,-0.19950,1.00000,1.89156,-0.19950,0.02200,0.00000,0.00000,1.00000,1,1,0.00000,0.08935,0
25.3100,0,map,BR,5,25.4400,1.37648,-0.15783,1.00000,1.37648,-0.15783,0.02200,0.00000,0.00000,1.00000,1,1,0.00000,0.07990,0
25.3100,0,map,BR,35,26.3400,1.67824,-0.18634,1.00000,1.67824,-0.18634,0.02200,0.00000,0.00000,1.00000,1,1,0.00000,0.08822,0
25.3180,0,map,FL,27,26.1000,2.02309,0.11853,nan,1.97309,0.11853,0.02200,nan,0.00000,nan,0,1,0.05000,0.08736,0
25.3180,0,map,BL,20,25.8900,1.52694,0.10188,1.00000,1.52694,0.10188,0.02200,0.00000,0.00000,1.00000,1,1,0.00000,0.07743,0
25.3200,0,map,FR,12,25.6500,1.89204,-0.19875,1.00000,1.89204,-0.19875,0.02200,0.00000,0.00000,1.00000,1,1,0.00000,0.08929,0
25.3200,0,map,BR,5,25.4400,1.37706,-0.15643,1.00000,1.37706,-0.15643,0.02200,0.00000,0.00000,1.00000,1,1,0.00000,0.07993,0
25.3200,0,map,BR,35,26.3400,1.67873,-0.18558,1.00000,1.67873,-0.18558,0.02200,0.00000,0.00000,1.00000,1,1,0.00000,0.08823,0
25.3280,0,map,FL,26,26.1000,2.01719,0.11966,nan,1.96719,0.11966,0.02200,nan,0.00000,nan,0,1,0.05000,0.08248,0
25.3280,0,map,BL,19,25.8900,1.52100,0.10329,1.00000,1.52100,0.10329,0.02200,0.00000,0.00000,1.00000,1,1,0.00000,0.07233,0
25.3280,0,map,FR,11,25.6500,1.89124,-0.19827,1.00000,1.89124,-0.19827,0.02200,0.00000,0.00000,1.00000,1,1,0.00000,0.08909,0
25.3280,0,map,BR,4,25.4400,1.37669,-0.15552,1.00000,1.37669,-0.15552,0.02200,0.00000,0.00000,1.00000,1,1,0.00000,0.07980,0
25.3280,0,map,BR,34,26.3400,1.67271,-0.18430,1.00000,1.67271,-0.18430,0.02200,0.00000,0.00000,1.00000,1,1,0.00000,0.08290,0
25.3360,0,map,FL,26,26.1000,2.02366,0.12014,nan,1.97366,0.12014,0.02200,nan,0.00000,nan,0,1,0.05000,0.08765,0
25.3360,0,map,BL,19,25.8900,1.52491,0.10329,1.00000,1.52491,0.10329,0.02200,0.00000,0.00000,1.00000,1,1,0.00000,0.07722,0
25.3360,0,map,FR,11,25.6500,1.89131,-0.19838,1.00000,1.89131,-0.19838,0.02200,0.00000,0.00000,1.00000,1,1,0.00000,0.08935,0
25.3360,0,map,BR,4,25.4400,1.37628,-0.15499,1.00000,1.37628,-0.15499,0.02200,0.00000,0.00000,1.00000,1,1,0.00000,0.07984,0
25.3360,0,map,BR,34,26.3400,1.67819,-0.18385,1.00000,1.67819,-0.18385,0.02200,0.00000,0.00000,1.00000,1,1,0.00000,0.08985,0
25.3460,0,map,FL,26,26.1000,2.02396,0.12064,nan,1.97396,0.12064,0.02200,nan,0.00000,nan,0,1,0.05000,0.08737,0
25.3480,0,map,BL,19,25.8900,1.52550,0.10433,1.00000,1.52550,0.10433,0.02200,0.00000,0.00000,1.00000,1,1,0.00000,0.07711,0
25.3480,0,map,FR,11,25.6500,1.89123,-0.19761,1.00000,1.89123,-0.19761,0.02200,0.00000,0.00000,1.00000,1,1,0.00000,0.08931,0
25.3480,0,map,BR,4,25.4400,1.37616,-0.15387,1.00000,1.37616,-0.15387,0.02200,0.00000,0.00000,1.00000,1,1,0.00000,0.07992,0
25.3480,0,map,BR,34,26.3400,1.67842,-0.18303,1.00000,1.67842,-0.18303,0.02200,0.00000,0.00000,1.00000,1,1,0.00000,0.08937,0
25.3560,0,map,FL,25,26.1000,2.01770,0.12194,nan,1.96770,0.12194,0.02200,nan,0.00000,nan,0,1,0.05000,0.08237,0
25.3560,0,map,BL,18,25.8900,1.51916,0.10603,1.00000,1.51916,0.10603,0.02200,0.00000,0.00000,1.00000,1,1,0.00000,0.07192,0
25.3560,0,map,FR,10,25.6500,1.89009,-0.19699,1.00000,1.89009,-0.19699,0.02200,0.00000,0.00000,1.00000,1,1,0.00000,0.08904,0
25.3560,0,map,BR,3,25.4400,1.37536,-0.15299,1.00000,1.37536,-0.15299,0.02200,0.00000,0.00000,1.00000,1,1,0.00000,0.07973,0
25.3560,0,map,BR,33,26.3400,1.67198,-0.18157,1.00000,1.67198,-0.18157,0.02200,0.00000,0.00000,1.00000,1,1,0.00000,0.08394,0
25.3680,0,map,FL,25,26.1000,2.02362,0.12251,nan,1.97362,0.12251,0.02200,nan,0.00000,nan,0,1,0.05000,0.08736,0
25.3680,0,map,BL,18,25.8900,1.52259,0.10615,1.00000,1.52259,0.10615,0.02200,0.00000,0.00000,1.00000,1,1,0.00000,0.07668,0
25.3680,0,map,FR,10,25.6500,1.88973,-0.19717,1.00000,1.88973,-0.19717,0.02200,0.00000,0.00000,1.00000,1,1,0.00000,0.08916,0
25.3700,0,map,BR,3,25.4400,1.37478,-0.15262,1.00000,1.37478,-0.15262,0.02200,0.00000,0.00000,1.00000,1,1,0.00000,0.07962,0
25.3700,0,map,BR,33,26.3400,1.67697,-0.18120,1.00000,1.67697,-0.18120,0.02200,0.00000,0.00000,1.00000,1,1,0.00000,0.09049,0
25.3780,0,map,FL,25,26.1000,2.02285,0.12321,nan,1.97285,0.12321,0.02200,nan,0.00000,nan,0,1,0.05000,0.08712,0
25.3780,0,map,BL,18,25.8900,1.52203,0.10747,1.00000,1.52203,0.10747,0.02200,0.00000,0.00000,1.00000,1,1,0.00000,0.07659,0
25.3780,0,map,FR,10,25.6500,1.88846,-0.19620,1.00000,1.88846,-0.19620,0.02200,0.00000,0.00000,1.00000,1,1,0.00000,0.08886,0
25.3780,0,map,BR,3,25.4400,1.37359,-0.15182,1.00000,1.37359,-0.15182,0.02200,0.00000,0.00000,1.00000,1,1,0.00000,0.07942,0
25.3780,0,map,BR,33,26.3400,1.67619,-0.18022,1.00000,1.67619,-0.18022,0.02200,0.00000,0.00000,1.00000,1,1,0.00000,0.09004,0
25.3880,0,map,FL,24,26.1000,2.01663,0.12480,nan,1.96663,0.12480,0.02200,nan,0.00000,nan,0,1,0.05000,0.08203,0
25.3880,0,map,BL,17,25.8900,1.52116,0.10853,1.00000,1.52116,0.10853,0.02200,0.00000,0.00000,1.00000,1,1,0.00000,0.07660,0
25.3880,0,map,FR,9,25.6500,1.88749,-0.19552,1.00000,1.88749,-0.19552,0.02200,0.00000,0.00000,1.00000,1,1,0.00000,0.08852,0
25.3880,0,map,FR,39,26.5500,2.14607,-0.20469,nan,1.99607,-0.20469,0.02200,nan,0.00000,nan,0,1,0.15000,0.16821,0
25.3880,0,map,BR,2,25.4400,1.37280,-0.15138,1.00000,1.37280,-0.15138,0.02200,0.00000,0.00000,1.00000,1,1,0.00000,0.07912,0
25.3880,0,map,BR,32,26.3400,1.66983,-0.17855,1.00000,1.66983,-0.17855,0.02200,0.00000,0.00000,1.00000,1,1,0.00000,0.08449,0
25.4020,0,map,FL,24,26.1000,2.02246,0.12513,nan,1.97246,0.12513,0.02200,nan,0.00000,nan,0,1,0.05000,0.08703,0
25.4020,0,map,BL,17,25.8900,1.51890,0.10968,1.00000,1.51890,0.10968,0.02200,0.00000,0.00000,1.00000,1,1,0.00000,0.07588,0
25.4020,0,map,FR,9,25.6500,1.88669,-0.19592,1.00000,1.88669,-0.19592,0.02200,0.00000,0.00000,1.00000,1,1,0.00000,0.08852,0
25.4020,0,map,FR,39,26.5500,2.15973,-0.20754,nan,1.95973,-0.20754,0.02200,nan,0.00000,nan,0,1,0.20000,0.21133,0
25.4020,0,map,BR,2,25.4400,1.37234,-0.15167,1.00000,1.37234,-0.15167,0.02200,0.00000,0.00000,1.00000,1,1,0.00000,0.07873,0
25.4020,0,map,BR,32,26.3400,1.67481,-0.17872,1.00000,1.67481,-0.17872,0.02200,0.00000,0.00000,1.00000,1,1,0.00000,0.09147,0
25.4120,0,map,FL,23,26.1000,2.01484,0.12772,nan,1.96484,0.12772,0.02200,nan,0.00000,nan,0,1,0.05000,0.08151,0
25.4120,0,map,BL,16,25.8900,1.51714,0.11116,1.00000,1.51714,0.11116,0.02200,0.00000,0.00000,1.00000,1,1,0.00000,0.07593,0
25.4120,0,map,FR,8,25.6500,1.88500,-0.19475,1.00000,1.88500,-0.19475,0.02200,0.00000,0.00000,1.00000,1,1,0.00000,0.08772,0
25.4120,0,map,FR,38,26.5500,2.15036,-0.20322,nan,1.95036,-0.20322,0.02200,nan,0.00000,nan,0,1,0.20000,0.20867,0
25.4120,0,map,BR,1,25.4400,1.37145,-0.15169,1.00000,1.37145,-0.15169,0.02200,0.00000,0.00000,1.00000,1,1,0.00000,0.07785,0
25.4120,0,map,BR,31,26.3400,1.66756,-0.17607,1.00000,1.66756,-0.17607,0.02200,0.00000,0.00000,1.00000,1,1,0.00000,0.08458,0
25.4340,0,map,FL,23,26.1000,2.01595,0.13274,nan,1.96595,0.13274,0.02200,nan,0.00000,nan,0,1,0.05000,0.08265,0
25.4340,0,map,BL,16,25.8900,1.51510,0.11173,1.00000,1.51510,0.11173,0.02200,0.00000,0.00000,1.00000,1,1,0.00000,0.07581,0
25.4340,0,map,FR,8,25.6500,1.88402,-0.19519,1.00000,1.88402,-0.19519,0.02200,0.00000,0.00000,1.00000,1,1,0.00000,0.08746,0
25.4340,0,map,FR,38,26.5500,2.13979,-0.18836,nan,1.98979,-0.18836,0.02200,nan,0.00000,nan,0,1,0.15000,0.16148,0
25.4340,0,map,BR,1,25.4400,1.37150,-0.15238,1.00000,1.37150,-0.15238,0.02200,0.00000,0.00000,1.00000,1,1,0.00000,0.07715,0
25.4340,0,map,BR,31,26.3400,1.66162,-0.16527,1.00000,1.66162,-0.16527,0.02200,0.00000,0.00000,1.00000,1,1,0.00000,0.08035,0
25.4460,0,map,FL,22,26.1000,2.00830,0.13420,nan,1.95830,0.13420,0.02200,nan,0.00000,nan,0,1,0.05000,0.07826,0
25.4460,0,map,BL,15,25.8900,1.51180,0.11350,1.00000,1.51180,0.11350,0.02200,0.00000,0.00000,1.00000,1,1,0.00000,0.07580,0
25.4460,0,map,FR,7,25.6500,1.88156,-0.19381,1.00000,1.88156,-0.19381,0.02200,0.00000,0.00000,1.00000,1,1,0.00000,0.08597,0
25.4460,0,map,FR,37,26.5500,2.13327,-0.18979,nan,1.98327,-0.18979,0.02200,nan,0.00000,nan,0,1,0.15000,0.15880,0
25.4460,0,map,BR,30,26.3400,1.65404,-0.16381,1.00000,1.65404,-0.16381,0.02200,0.00000,0.00000,1.00000,1,1,0.00000,0.07585,0
25.4560,0,map,FL,22,26.1000,2.01034,0.13785,nan,1.96034,0.13785,0.02200,nan,0.00000,nan,0,1,0.05000,0.08105,0
25.4560,0,map,BL,15,25.8900,1.50927,0.11400,1.00000,1.50927,0.11400,0.02200,0.00000,0.00000,1.00000,1,1,0.00000,0.07576,0
25.4560,0,map,FR,7,25.6500,1.88027,-0.19382,1.00000,1.88027,-0.19382,0.02200,0.00000,0.00000,1.00000,1,1,0.00000,0.08568,0
25.4560,0,map,FR,37,26.5500,2.12994,-0.18110,nan,1.97994,-0.18110,0.02200,nan,0.00000,nan,0,1,0.15000,0.15720,0
25.4560,0,map,BR,30,26.3400,1.65150,-0.15681,1.00000,1.65150,-0.15681,0.02200,0.00000,0.00000,1.00000,1,1,0.00000,0.07606,0
25.4680,0,map,FL,22,26.1000,2.00940,0.13781,nan,1.95940,0.13781,0.02200,nan,0.00000,nan,0,1,0.05000,0.08129,0
25.4680,0,map,BL,15,25.8900,1.50775,0.11463,1.00000,1.50775,0.11463,0.02200,0.00000,0.00000,1.00000,1,1,0.00000,0.07577,0
25.4680,0,map,FR,7,25.6500,1.87897,-0.19322,1.00000,1.87897,-0.19322,0.02200,0.00000,0.00000,1.00000,1,1,0.00000,0.08517,0
25.4680,0,map,FR,37,26.5500,2.12995,-0.18262,nan,1.97995,-0.18262,0.02200,nan,0.00000,nan,0,1,0.15000,0.15800,0
25.4680,0,map,BR,30,26.3400,1.65114,-0.15656,1.00000,1.65114,-0.15656,0.02200,0.00000,0.00000,1.00000,1,1,0.00000,0.07696,0
25.4780,0,map,FL,21,26.1000,2.00314,0.13857,nan,1.95314,0.13857,0.02200,nan,0.00000,nan,0,1,0.05000,0.07709,0
25.4780,0,map,BL,14,25.8900,1.50602,0.11542,1.00000,1.50602,0.11542,0.02200,0.00000,0.00000,1.00000,1,1,0.00000,0.07583,0
25.4780,0,map,FR,6,25.6500,1.87742,-0.19281,1.00000,1.87742,-0.19281,0.02200,0.00000,0.00000,1.00000,1,1,0.00000,0.08456,0
25.4780,0,map,FR,36,26.5500,2.12344,-0.18158,nan,1.97344,-0.18158,0.02200,nan,0.00000,nan,0,1,0.15000,0.15569,0
25.4780,0,map,BR,29,26.3400,1.64497,-0.15591,1.00000,1.64497,-0.15591,0.02200,0.00000,0.00000,1.00000,1,1,0.00000,0.07215,0
25.4880,0,map,FL,21,26.1000,2.00669,0.14035,nan,1.95669,0.14035,0.02200,nan,0.00000,nan,0,1,0.05000,0.08071,0
25.4880,0,map,BL,14,25.8900,1.50430,0.11545,1.00000,1.50430,0.11545,0.02200,0.00000,0.00000,1.00000,1,1,0.00000,0.07574,0
25.4880,0,map,FR,6,25.6500,1.87627,-0.19346,1.00000,1.87627,-0.19346,0.02200,0.00000,0.00000,1.00000,1,1,0.00000,0.08447,0
25.4880,0,map,FR,36,26.5500,2.12441,-0.17782,nan,1.97441,-0.17782,0.02200,nan,0.00000,nan,0,1,0.15000,0.15610,0
25.4880,0,map,BR,29,26.3400,1.64515,-0.15172,1.00000,1.64515,-0.15172,0.02200,0.00000,0.00000,1.00000,1,1,0.00000,0.07515,0
25.4980,0,map,FL,21,26.1000,2.00567,0.14027,nan,1.95567,0.14027,0.02200,nan,0.00000,nan,0,1,0.05000,0.08076,0
25.4980,0,map,BL,14,25.8900,1.50315,0.11583,1.00000,1.50315,0.11583,0.02200,0.00000,0.00000,1.00000,1,1,0.00000,0.07586,0
25.4980,0,map,FR,6,25.6500,1.87487,-0.19302,1.00000,1.87487,-0.19302,0.02200,0.00000,0.00000,1.00000,1,1,0.00000,0.08407,0
25.4980,0,map,FR,36,26.5500,2.12346,-0.17824,nan,1.97346,-0.17824,0.02200,nan,0.00000,nan,0,1,0.15000,0.15648,0
25.4980,0,map,BR,29,26.3400,1.64467,-0.15151,1.00000,1.64467,-0.15151,0.02200,0.00000,0.00000,1.00000,1,1,0.00000,0.07531,0
25.5060,0,map,FL,20,26.1000,2.00019,0.14029,nan,1.95019,0.14029,0.02200,nan,0.00000,nan,0,1,0.05000,0.07670,0
25.5060,0,map,BL,13,25.8900,1.50203,0.11619,1.00000,1.50203,0.11619,0.02200,0.00000,0.00000,1.00000,1,1,0.00000,0.07592,0
25.5060,0,map,FR,5,25.6500,1.87363,-0.19273,1.00000,1.87363,-0.19273,0.02200,0.00000,0.00000,1.00000,1,1,0.00000,0.08368,0
25.5060,0,map,FR,35,26.5500,2.11783,-0.17818,nan,1.96783,-0.17818,0.02200,nan,0.00000,nan,0,1,0.15000,0.15436,0
25.5060,0,map,BR,28,26.3400,1.63914,-0.15148,1.00000,1.63914,-0.15148,0.02200,0.00000,0.00000,1.00000,1,1,0.00000,0.07083,0
25.5160,0,map,FL,20,26.1000,2.00452,0.14134,nan,1.95452,0.14134,0.02200,nan,0.00000,nan,0,1,0.05000,0.08063,0
25.5160,0,map,BL,13,25.8900,1.50091,0.11586,1.00000,1.50091,0.11586,0.02200,0.00000,0.00000,1.00000,1,1,0.00000,0.07583,0
25.5160,0,map,FR,5,25.6500,1.87271,-0.19322,1.00000,1.87271,-0.19322,0.02200,0.00000,0.00000,1.00000,1,1,0.00000,0.08373,0
25.5160,0,map,FR,35,26.5500,2.12113,-0.17641,nan,1.97113,-0.17641,0.02200,nan,0.00000,nan,0,1,0.15000,0.15580,0
25.5160,0,map,BR,28,26.3400,1.64108,-0.14882,1.00000,1.64108,-0.14882,0.02200,0.00000,0.00000,1.00000,1,1,0.00000,0.07508,0
25.5260,0,map,FL,20,26.1000,2.00361,0.14123,nan,1.95361,0.14123,0.02200,nan,0.00000,nan,0,1,0.05000,0.08061,0
25.5260,0,map,BL,13,25.8900,1.50007,0.11600,1.00000,1.50007,0.11600,0.02200,0.00000,0.00000,1.00000,1,1,0.00000,0.07603,0
25.5260,0,map,FR,5,25.6500,1.87123,-0.19231,1.00000,1.87123,-0.19231,0.02200,0.00000,0.00000,1.00000,1,1,0.00000,0.08329,0
25.5260,0,map,FR,35,26.5500,2.12003,-0.17630,nan,1.97003,-0.17630,0.02200,nan,0.00000,nan,0,1,0.15000,0.15599,0
25.5260,0,map,BR,28,26.3400,1.64079,-0.14883,1.00000,1.64079,-0.14883,0.02200,0.00000,0.00000,1.00000,1,1,0.00000,0.07493,0
25.5340,0,map,FL,19,26.1000,1.99853,0.14088,1.00000,1.99853,0.14088,0.02200,nan,0.00000,nan,0,1,0.00000,0.07730,0
25.5340,0,map,BL,12,25.8900,1.49925,0.11615,1.00000,1.49925,0.11615,0.02200,0.00000,0.00000,1.00000,1,1,0.00000,0.07609,0
25.5340,0,map,FR,4,25.6500,1.87005,-0.19158,1.00000,1.87005,-0.19158,0.02200,0.00000,0.00000,1.00000,1,1,0.00000,0.08292,0
25.5340,0,map,FR,34,26.5500,2.11487,-0.17664,nan,1.96487,-0.17664,0.02200,nan,0.00000,nan,0,1,0.15000,0.15388,0
25.5340,0,map,BR,27,26.3400,1.63558,-0.14911,1.00000,1.63558,-0.14911,0.02200,0.00000,0.00000,1.00000,1,1,0.00000,0.07057,0
25.5440,0,map,FL,19,26.1000,2.00282,0.14241,nan,1.95282,0.14241,0.02200,nan,0.00000,nan,0,1,0.05000,0.08032,0
25.5440,0,map,BL,12,25.8900,1.49778,0.11587,1.00000,1.49778,0.11587,0.02200,0.00000,0.00000,1.00000,1,1,0.00000,0.07718,0
25.5440,0,map,FR,4,25.6500,1.86812,-0.19110,1.00000,1.86812,-0.19110,0.02200,0.00000,0.00000,1.00000,1,1,0.00000,0.08245,0
25.5440,0,map,FR,34,26.5500,2.11302,-0.17302,nan,1.96302,-0.17302,0.02200,nan,0.00000,nan,0,1,0.15000,0.15511,0
25.5440,0,map,BR,27,26.3400,1.63807,-0.14749,1.00000,1.63807,-0.14749,0.02200,0.00000,0.00000,1.00000,1,1,0.00000,0.07206,0
25.5560,0,map,FL,19,26.1000,2.00284,0.14106,nan,1.95284,0.14106,0.02200,nan,0.00000,nan,0,1,0.05000,0.08044,0
25.5560,0,map,BL,12,25.8900,1.49794,0.11576,1.00000,1.49794,0.11576,0.02200,0.00000,0.00000,1.00000,1,1,0.00000,0.07610,0
25.5560,0,map,FR,4,25.6500,1.86800,-0.19055,1.00000,1.86800,-0.19055,0.02200,0.00000,0.00000,1.00000,1,1,0.00000,0.08257,0
25.5560,0,map,FR,34,26.5500,2.11929,-0.17658,nan,1.96929,-0.17658,0.02200,nan,0.00000,nan,0,1,0.15000,0.15610,0
25.5560,0,map,BR,27,26.3400,1.63856,-0.14760,1.00000,1.63856,-0.14760,0.02200,0.00000,0.00000,1.00000,1,1,0.00000,0.07557,0
25.5660,0,map,FL,18,26.1000,1.99771,0.14080,1.00000,1.99771,0.14080,0.02200,nan,0.00000,nan,0,1,0.00000,0.07760,0
25.5660,0,map,BL,11,25.8900,1.49740,0.11577,1.00000,1.49740,0.11577,0.02200,0.00000,0.00000,1.00000,1,1,0.00000,0.07633,0
25.5660,0,map,FR,3,25.6500,1.86692,-0.18938,1.00000,1.86692,-0.18938,0.02200,0.00000,0.00000,1.00000,1,1,0.00000,0.08207,0
25.5660,0,map,FR,33,26.5500,2.11358,-0.17627,nan,1.96358,-0.17627,0.02200,nan,0.00000,nan,0,1,0.15000,0.15378,0
25.5660,0,map,BR,26,26.3400,1.63353,-0.14816,1.00000,1.63353,-0.14816,0.02200,0.00000,0.00000,1.00000,1,1,0.00000,0.07075,0
25.5740,0,map,FL,18,26.1000,2.00388,0.14174,nan,1.95388,0.14174,0.02200,nan,0.00000,nan,0,1,0.05000,0.08039,0
25.5740,0,map,BL,11,25.8900,1.49728,0.11535,1.00000,1.49728,0.11535,0.02200,0.00000,0.00000,1.00000,1,1,0.00000,0.07727,0
25.5740,0,map,FR,3,25.6500,1.86724,-0.18938,1.00000,1.86724,-0.18938,0.02200,0.00000,0.00000,1.00000,1,1,0.00000,0.08184,0
25.5740,0,map,FR,33,26.5500,2.11504,-0.17457,nan,1.96504,-0.17457,0.02200,nan,0.00000,nan,0,1,0.15000,0.15484,0
25.5740,0,map,BR,26,26.3400,1.63789,-0.14710,1.00000,1.63789,-0.14710,0.02200,0.00000,0.00000,1.00000,1,1,0.00000,0.07298,0
25.5840,0,map,FL,18,26.1000,2.00249,0.14081,nan,1.95249,0.14081,0.02200,nan,0.00000,nan,0,1,0.05000,0.08035,0
25.5860,0,map,BL,11,25.8900,1.49709,0.11506,1.00000,1.49709,0.11506,0.02200,0.00000,0.00000,1.00000,1,1,0.00000,0.07638,0
25.5860,0,map,FR,3,25.6500,1.86591,-0.18859,1.00000,1.86591,-0.18859,0.02200,0.00000,0.00000,1.00000,1,1,0.00000,0.08198,0
25.5860,0,map,FR,33,26.5500,2.11876,-0.17650,nan,1.96876,-0.17650,0.02200,nan,0.00000,nan,0,1,0.15000,0.15650,0
25.5860,0,map,BR,26,26.3400,1.63763,-0.14756,1.00000,1.63763,-0.14756,0.02200,0.00000,0.00000,1.00000,1,1,0.00000,0.07588,0
25.5960,0,map,FL,17,26.1000,2.00265,0.14053,nan,1.95265,0.14053,0.02200,nan,0.00000,nan,0,1,0.05000,0.08029,0
25.5960,0,map,BL,10,25.8900,1.49696,0.11482,1.00000,1.49696,0.11482,0.02200,0.00000,0.00000,1.00000,1,1,0.00000,0.07641,0
25.5960,0,map,FR,2,25.6500,1.86616,-0.18837,1.00000,1.86616,-0.18837,0.02200,0.00000,0.00000,1.00000,1,1,0.00000,0.08203,0
25.5960,0,map,FR,32,26.5500,2.11467,-0.17739,nan,1.96467,-0.17739,0.02200,nan,0.00000,nan,0,1,0.15000,0.15365,0
25.5960,0,map,BR,25,26.3400,1.63293,-0.14817,1.00000,1.63293,-0.14817,0.02200,0.00000,0.00000,1.00000,1,1,0.00000,0.07131,0
25.6040,0,map,FL,17,26.1000,2.00411,0.14016,nan,1.95411,0.14016,0.02200,nan,0.00000,nan,0,1,0.05000,0.08015,0
25.6040,0,map,BL,10,25.8900,1.49793,0.11369,1.00000,1.49793,0.11369,0.02200,0.00000,0.00000,1.00000,1,1,0.00000,0.07639,0
25.6040,0,map,FR,2,25.6500,1.86743,-0.18857,1.00000,1.86743,-0.18857,0.02200,0.00000,0.00000,1.00000,1,1,0.00000,0.08246,0
25.6040,0,map,FR,32,26.5500,2.12104,-0.17797,nan,1.97104,-0.17797,0.02200,nan,0.00000,nan,0,1,0.15000,0.15623,0
25.6040,0,map,BR,25,26.3400,1.63797,-0.14787,1.00000,1.63797,-0.14787,0.02200,0.00000,0.00000,1.00000,1,1,0.00000,0.07634,0
25.6160,0,map,FL,17,26.1000,2.00426,0.13970,nan,1.95426,0.13970,0.02200,nan,0.00000,nan,0,1,0.05000,0.08013,0
25.6160,0,map,BL,10,25.8900,1.49856,0.11316,1.00000,1.49856,0.11316,0.02200,0.00000,0.00000,1.00000,1,1,0.00000,0.07641,0
25.6160,0,map,FR,2,25.6500,1.86798,-0.18863,1.00000,1.86798,-0.18863,0.02200,0.00000,0.00000,1.00000,1,1,0.00000,0.08275,0
25.6160,0,map,FR,32,26.5500,2.12188,-0.17821,nan,1.97188,-0.17821,0.02200,nan,0.00000,nan,0,1,0.15000,0.15613,0
25.6160,0,map,BR,25,26.3400,1.63883,-0.14849,1.00000,1.63883,-0.14849,0.02200,0.00000,0.00000,1.00000,1,1,0.00000,0.07634,0
25.6240,0,map,FL,16,26.1000,2.00845,0.13951,nan,1.95845,0.13951,0.02200,nan,0.00000,nan,0,1,0.05000,0.08420,0
25.6240,0,map,BL,9,25.8900,1.49805,0.11252,1.00000,1.49805,0.11252,0.02200,0.00000,0.00000,1.00000,1,1,0.00000,0.07656,0
25.6240,0,map,BL,39,26.7900,1.79123,0.13646,1.00000,1.79123,0.13646,0.02200,0.00000,0.00000,1.00000,1,1,0.00000,0.07588,0
25.6240,0,map,FR,1,25.6500,1.86634,-0.18761,1.00000,1.86634,-0.18761,0.02200,0.00000,0.00000,1.00000,1,1,0.00000,0.08288,0
25.6240,0,map,FR,31,26.5500,2.11665,-0.17898,nan,1.96665,-0.17898,0.02200,nan,0.00000,nan,0,1,0.15000,0.15389,0
25.6240,0,map,BR,24,26.3400,1.63356,-0.14950,1.00000,1.63356,-0.14950,0.02200,0.00000,0.00000,1.00000,1,1,0.00000,0.07186,0
25.6340,0,map,FL,16,26.1000,2.01034,0.13903,nan,1.96034,0.13903,0.02200,nan,0.00000,nan,0,1,0.05000,0.08399,0
25.6340,0,map,BL,9,25.8900,1.49933,0.11127,1.00000,1.49933,0.11127,0.02200,0.00000,0.00000,1.00000,1,1,0.00000,0.07664,0
25.6340,0,map,BL,39,26.7900,1.80336,0.13578,1.00000,1.80336,0.13578,0.02200,0.00000,0.00000,1.00000,1,1,0.00000,0.07700,0
25.6340,0,map,FR,1,25.6500,1.86816,-0.18812,1.00000,1.86816,-0.18812,0.02200,0.00000,0.00000,1.00000,1,1,0.00000,0.08359,0
25.6340,0,map,FR,31,26.5500,2.12349,-0.18003,nan,1.97349,-0.18003,0.02200,nan,0.00000,nan,0,1,0.15000,0.15628,0
25.6340,0,map,BR,24,26.3400,1.63918,-0.14963,1.00000,1.63918,-0.14963,0.02200,0.00000,0.00000,1.00000,1,1,0.00000,0.07670,0
25.6420,0,map,FL,16,26.1000,2.01119,0.13816,nan,1.96119,0.13816,0.02200,nan,0.00000,nan,0,1,0.05000,0.08392,0
25.6420,0,map,BL,9,25.8900,1.50078,0.11003,1.00000,1.50078,0.11003,0.02200,0.00000,0.00000,1.00000,1,1,0.00000,0.07667,0
25.6420,0,map,BL,39,26.7900,1.80477,0.13498,1.00000,1.80477,0.13498,0.02200,0.00000,0.00000,1.00000,1,1,0.00000,0.07731,0
25.6420,0,map,FR,1,25.6500,1.86868,-0.18841,1.00000,1.86868,-0.18841,0.02200,0.00000,0.00000,1.00000,1,1,0.00000,0.08420,0
25.6420,0,map,FR,31,26.5500,2.12518,-0.18055,nan,1.97518,-0.18055,0.02200,nan,0.00000,nan,0,1,0.15000,0.15609,0
25.6420,0,map,BR,24,26.3400,1.64075,-0.15071,1.00000,1.64075,-0.15071,0.02200,0.00000,0.00000,1.00000,1,1,0.00000,0.07668,0
25.6540,0,map,FL,15,26.1000,2.01219,0.13746,nan,1.96219,0.13746,0.02200,nan,0.00000,nan,0,1,0.05000,0.08385,0
25.6540,0,map,BL,8,25.8900,1.50199,0.10878,1.00000,1.50199,0.10878,0.02200,0.00000,0.00000,1.00000,1,1,0.00000,0.07665,0
25.6540,0,map,BL,38,26.7900,1.80087,0.13389,1.00000,1.80087,0.13389,0.02200,0.00000,0.00000,1.00000,1,1,0.00000,0.07254,0
25.6540,0,map,FR,30,26.5500,2.12162,-0.18145,nan,1.97162,-0.18145,0.02200,nan,0.00000,nan,0,1,0.15000,0.15380,0
25.6540,0,map,BR,23,26.3400,1.63718,-0.15207,1.00000,1.63718,-0.15207,0.02200,0.00000,0.00000,1.00000,1,1,0.00000,0.07213,0
25.6800,0,map,FL,14,26.1000,2.01378,0.13688,nan,1.96378,0.13688,0.02200,nan,0.00000,nan,0,1,0.05000,0.08346,0
25.6820,0,map,BL,7,25.8900,1.50401,0.10672,1.00000,1.50401,0.10672,0.02200,0.00000,0.00000,1.00000,1,1,0.00000,0.07639,0
25.6820,0,map,BL,37,26.7900,1.80729,0.12928,1.00000,1.80729,0.12928,0.02200,0.00000,0.00000,1.00000,1,1,0.00000,0.08234,0
25.6820,0,map,FR,29,26.5500,2.12907,-0.18276,nan,1.97907,-0.18276,0.02200,nan,0.00000,nan,0,1,0.15000,0.15620,0
25.6820,0,map,BR,22,26.3400,1.63990,-0.15310,1.00000,1.63990,-0.15310,0.02200,0.00000,0.00000,1.00000,1,1,0.00000,0.07422,0
25.6980,0,map,FL,14,26.1000,2.01844,0.13412,nan,1.96844,0.13412,0.02200,nan,0.00000,nan,0,1,0.05000,0.08310,0
25.6980,0,map,BL,7,25.8900,1.50734,0.10373,1.00000,1.50734,0.10373,0.02200,0.00000,0.00000,1.00000,1,1,0.00000,0.07769,0
25.6980,0,map,BL,37,26.7900,1.81697,0.12560,1.00000,1.81697,0.12560,0.02200,0.00000,0.00000,1.00000,1,1,0.00000,0.09371,0
25.6980,0,map,FR,29,26.5500,2.14242,-0.18443,nan,1.99242,-0.18443,0.02200,nan,0.00000,nan,0,1,0.15000,0.15957,0
25.6980,0,map,BR,22,26.3400,1.64976,-0.15575,1.00000,1.64976,-0.15575,0.02200,0.00000,0.00000,1.00000,1,1,0.00000,0.07996,0
25.7080,0,map,FL,14,26.1000,2.02018,0.13266,nan,1.97018,0.13266,0.02200,nan,0.00000,nan,0,1,0.05000,0.08324,0
25.7080,0,map,BL,7,25.8900,1.50806,0.10261,1.00000,1.50806,0.10261,0.02200,0.00000,0.00000,1.00000,1,1,0.00000,0.07852,0
25.7080,0,map,BL,37,26.7900,1.81731,0.12461,1.00000,1.81731,0.12461,0.02200,0.00000,0.00000,1.00000,1,1,0.00000,0.09273,0
25.7080,0,map,FR,29,26.5500,2.14424,-0.18528,nan,1.99424,-0.18528,0.02200,nan,0.00000,nan,0,1,0.15000,0.15880,0
25.7080,0,map,BR,22,26.3400,1.65207,-0.15798,1.00000,1.65207,-0.15798,0.02200,0.00000,0.00000,1.00000,1,1,0.00000,0.07958,0
25.7200,0,map,FL,13,26.1000,2.02093,0.13206,nan,1.97093,0.13206,0.02200,nan,0.00000,nan,0,1,0.05000,0.08323,0
25.7200,0,map,BL,6,25.8900,1.50841,0.10188,1.00000,1.50841,0.10188,0.02200,0.00000,0.00000,1.00000,1,1,0.00000,0.07883,0
25.7200,0,map,BL,36,26.7900,1.81240,0.12341,1.00000,1.81240,0.12341,0.02200,0.00000,0.00000,1.00000,1,1,0.00000,0.08729,0
25.7200,0,map,FR,28,26.5500,2.13958,-0.18623,nan,1.98958,-0.18623,0.02200,nan,0.00000,nan,0,1,0.15000,0.15596,0
25.7200,0,map,BR,21,26.3400,1.64760,-0.15965,1.00000,1.64760,-0.15965,0.02200,0.00000,0.00000,1.00000,1,1,0.00000,0.07426,0
25.7380,0,map,FL,13,26.1000,2.02213,0.13182,nan,1.97213,0.13182,0.02200,nan,0.00000,nan,0,1,0.05000,0.08314,0
25.7380,0,map,BL,6,25.8900,1.50890,0.10117,1.00000,1.50890,0.10117,0.02200,0.00000,0.00000,1.00000,1,1,0.00000,0.07912,0
25.7380,0,map,BL,36,26.7900,1.82003,0.12192,1.00000,1.82003,0.12192,0.02200,0.00000,0.00000,1.00000,1,1,0.00000,0.09764,0
25.7380,0,map,FR,28,26.5500,2.14847,-0.18673,nan,1.99847,-0.18673,0.02200,nan,0.00000,nan,0,1,0.15000,0.15964,0
25.7380,0,map,BR,21,26.3400,1.65339,-0.15982,1.00000,1.65339,-0.15982,0.02200,0.00000,0.00000,1.00000,1,1,0.00000,0.07978,0
25.7480,0,map,FL,12,26.1000,2.02249,0.13065,nan,1.97249,0.13065,0.02200,nan,0.00000,nan,0,1,0.05000,0.08324,0
25.7480,0,map,BL,5,25.8900,1.50949,0.09970,1.00000,1.50949,0.09970,0.02200,0.00000,0.00000,1.00000,1,1,0.00000,0.07918,0
25.7480,0,map,BL,35,26.7900,1.81416,0.12035,1.00000,1.81416,0.12035,0.02200,0.00000,0.00000,1.00000,1,1,0.00000,0.09089,0
25.7480,0,map,FR,27,26.5500,2.14342,-0.18822,nan,1.99342,-0.18822,0.02200,nan,0.00000,nan,0,1,0.15000,0.15596,0
25.7480,0,map,BR,20,26.3400,1.64856,-0.16203,1.00000,1.64856,-0.16203,0.02200,0.00000,0.00000,1.00000,1,1,0.00000,0.07405,0
25.7580,0,map,FL,12,26.1000,2.02327,0.13064,nan,1.97327,0.13064,0.02200,nan,0.00000,nan,0,1,0.05000,0.08321,0
25.7580,0,map,BL,5,25.8900,1.50975,0.09921,1.00000,1.50975,0.09921,0.02200,0.00000,0.00000,1.00000,1,1,0.00000,0.07935,0
25.7580,0,map,BL,35,26.7900,1.82105,0.11936,1.00000,1.82105,0.11936,0.02200,0.00000,0.00000,1.00000,1,1,0.00000,0.10016,0
25.7580,0,map,FR,27,26.5500,2.15115,-0.18870,nan,1.95115,-0.18870,0.02200,nan,0.00000,nan,0,1,0.20000,0.20278,0
25.7580,0,map,BR,20,26.3400,1.65343,-0.16207,1.00000,1.65343,-0.16207,0.02200,0.00000,0.00000,1.00000,1,1,0.00000,0.07922,0
25.7720,0,map,FL,11,26.1000,2.02344,0.12974,nan,1.97344,0.12974,0.02200,nan,0.00000,nan,0,1,0.05000,0.08258,0
25.7720,0,map,BL,4,25.8900,1.51040,0.09804,1.00000,1.51040,0.09804,0.02200,0.00000,0.00000,1.00000,1,1,0.00000,0.07976,0
25.7720,0,map,BL,34,26.7900,1.82176,0.11594,1.00000,1.82176,0.11594,0.02200,0.00000,0.00000,1.00000,1,1,0.00000,0.10334,0
25.7720,0,map,FR,26,26.5500,2.14719,-0.18942,nan,1.99719,-0.18942,0.02200,nan,0.00000,nan,0,1,0.15000,0.16076,0
25.7720,0,map,BR,19,26.3400,1.65002,-0.16411,1.00000,1.65002,-0.16411,0.02200,0.00000,0.00000,1.00000,1,1,0.00000,0.07359,0
25.7820,0,map,FL,11,26.1000,2.02273,0.12998,nan,1.97273,0.12998,0.02200,nan,0.00000,nan,0,1,0.05000,0.08345,0
25.7840,0,map,BL,4,25.8900,1.50957,0.09736,1.00000,1.50957,0.09736,0.02200,0.00000,0.00000,1.00000,1,1,0.00000,0.07934,0
25.7840,0,map,BL,34,26.7900,1.82069,0.11767,1.00000,1.82069,0.11767,0.02200,0.00000,0.00000,1.00000,1,1,0.00000,0.10302,0
25.7840,0,map,FR,26,26.5500,2.15271,-0.18999,nan,1.95271,-0.18999,0.02200,nan,0.00000,nan,0,1,0.20000,0.20203,0
25.7840,0,map,BR,19,26.3400,1.65162,-0.16373,1.00000,1.65162,-0.16373,0.02200,0.00000,0.00000,1.00000,1,1,0.00000,0.07841,0
25.7960,0,map,FL,11,26.1000,2.02397,0.12876,nan,1.97397,0.12876,0.02200,nan,0.00000,nan,0,1,0.05000,0.08268,0
25.7960,0,map,BL,4,25.8900,1.51079,0.09553,1.00000,1.51079,0.09553,0.02200,0.00000,0.00000,1.00000,1,1,0.00000,0.08019,0
25.7960,0,map,BL,34,26.7900,1.82930,0.11442,1.00000,1.82930,0.11442,0.02200,0.00000,0.00000,1.00000,1,1,0.00000,0.11577,0
25.7960,0,map,FR,26,26.5500,2.15726,-0.18957,nan,1.95726,-0.18957,0.02200,nan,0.00000,nan,0,1,0.20000,0.20727,0
25.7960,0,map,BR,19,26.3400,1.65578,-0.16534,1.00000,1.65578,-0.16534,0.02200,0.00000,0.00000,1.00000,1,1,0.00000,0.07861,0
25.8060,0,map,FL,10,26.1000,2.02243,0.12799,nan,1.97243,0.12799,0.02200,nan,0.00000,nan,0,1,0.05000,0.08273,0
25.8060,0,map,BL,3,25.8900,1.50965,0.09412,1.00000,1.50965,0.09412,0.02200,0.00000,0.00000,1.00000,1,1,0.00000,0.07982,0
25.8060,0,map,BL,33,26.7900,1.82011,0.11307,1.00000,1.82011,0.11307,0.02200,0.00000,0.00000,1.00000,1,1,0.00000,0.10553,0
25.8060,0,map,FR,25,26.5500,2.14817,-0.19154,nan,1.99817,-0.19154,0.02200,nan,0.00000,nan,0,1,0.15000,0.15966,0
25.8060,0,map,BR,18,26.3400,1.64751,-0.16730,1.00000,1.64751,-0.16730,0.02200,0.00000,0.00000,1.00000,1,1,0.00000,0.07205,0
25.8180,0,map,FL,10,26.1000,2.02250,0.12831,nan,1.97250,0.12831,0.02200,nan,0.00000,nan,0,1,0.05000,0.08372,0
25.8180,0,map,BL,3,25.8900,1.50880,0.09384,1.00000,1.50880,0.09384,0.02200,0.00000,0.00000,1.00000,1,1,0.00000,0.07957,0
25.8180,0,map,BL,33,26.7900,1.82184,0.11520,1.00000,1.82184,0.11520,0.02200,0.00000,0.00000,1.00000,1,1,0.00000,0.10656,0
25.8180,0,map,FR,25,26.5500,2.15504,-0.19166,nan,1.95504,-0.19166,0.02200,nan,0.00000,nan,0,1,0.20000,0.20146,0
25.8200,0,map,BR,18,26.3400,1.65014,-0.16698,1.00000,1.65014,-0.16698,0.02200,0.00000,0.00000,1.00000,1,1,0.00000,0.07721,0
25.8300,0,map,FL,9,26.1000,2.02184,0.12728,nan,1.97184,0.12728,0.02200,nan,0.00000,nan,0,1,0.05000,0.08272,0
25.8320,0,map,FL,39,27.0000,2.34387,0.13576,nan,2.54387,0.13576,0.02200,nan,0.00000,nan,0,1,0.20000,0.26977,0
25.8320,0,map,BL,2,25.8900,1.50871,0.09304,1.00000,1.50871,0.09304,0.02200,0.00000,0.00000,1.00000,1,1,0.00000,0.08026,0
25.8320,0,map,BL,32,26.7900,1.82092,0.11098,1.00000,1.82092,0.11098,0.02200,0.00000,0.00000,1.00000,1,1,0.00000,0.11481,0
25.8320,0,map,FR,24,26.5500,2.15127,-0.19152,nan,1.95127,-0.19152,0.02200,nan,0.00000,nan,0,1,0.20000,0.20358,0
25.8320,0,map,BR,17,26.3400,1.65210,-0.16843,1.00000,1.65210,-0.16843,0.02200,0.00000,0.00000,1.00000,1,1,0.00000,0.07664,0
25.8440,0,map,FL,9,26.1000,2.02243,0.12765,nan,1.97243,0.12765,0.02200,nan,0.00000,nan,0,1,0.05000,0.08306,0
25.8440,0,map,FL,39,27.0000,2.37636,0.14391,nan,2.52636,0.14391,0.02200,nan,0.00000,nan,0,1,0.15000,0.24327,0
25.8440,0,map,BL,2,25.8900,1.50950,0.09332,1.00000,1.50950,0.09332,0.02200,0.00000,0.00000,1.00000,1,1,0.00000,0.08081,0
25.8440,0,map,BL,32,26.7900,1.83053,0.11106,1.00000,1.83053,0.11106,0.02200,0.00000,0.00000,1.00000,1,1,0.00000,0.13068,0
25.8440,0,map,FR,24,26.5500,2.16257,-0.19010,nan,1.96257,-0.19010,0.02200,nan,0.00000,nan,0,1,0.20000,0.20636,0
25.8440,0,map,BR,17,26.3400,1.64997,-0.16987,1.00000,1.64997,-0.16987,0.02200,0.00000,0.00000,1.00000,1,1,0.00000,0.07354,0
25.8540,0,map,FL,9,26.1000,2.02012,0.12658,nan,1.97012,0.12658,0.02200,nan,0.00000,nan,0,1,0.05000,0.08304,0
25.8540,0,map,FL,39,27.0000,2.35549,0.13613,nan,2.50549,0.13613,0.02200,nan,0.00000,nan,0,1,0.15000,0.23082,0
25.8540,0,map,BL,2,25.8900,1.50729,0.09311,1.00000,1.50729,0.09311,0.02200,0.00000,0.00000,1.00000,1,1,0.00000,0.07920,0
25.8540,0,map,BL,32,26.7900,1.82589,0.11022,1.00000,1.82589,0.11022,0.02200,0.00000,0.00000,1.00000,1,1,0.00000,0.12062,0
25.8540,0,map,FR,24,26.5500,2.15628,-0.19329,nan,1.95628,-0.19329,0.02200,nan,0.00000,nan,0,1,0.20000,0.20486,0
25.8540,0,map,BR,17,26.3400,1.64655,-0.17122,1.00000,1.64655,-0.17122,0.02200,0.00000,0.00000,1.00000,1,1,0.00000,0.07424,0
25.8640,0,map,FL,8,26.1000,2.01928,0.12602,nan,1.96928,0.12602,0.02200,nan,0.00000,nan,0,1,0.05000,0.08257,0
25.8640,0,map,FL,38,27.0000,2.35527,0.13710,nan,2.50527,0.13710,0.02200,nan,0.00000,nan,0,1,0.15000,0.23161,0
25.8640,0,map,BL,1,25.8900,1.50729,0.09334,1.00000,1.50729,0.09334,0.02200,0.00000,0.00000,1.00000,1,1,0.00000,0.07907,0
25.8640,0,map,BL,31,26.7900,1.81845,0.10822,1.00000,1.81845,0.10822,0.02200,0.00000,0.00000,1.00000,1,1,0.00000,0.11740,0
25.8640,0,map,FR,23,26.5500,2.14969,-0.19428,nan,1.99969,-0.19428,0.02200,nan,0.00000,nan,0,1,0.15000,0.15853,0
25.8640,0,map,BR,16,26.3400,1.64598,-0.17214,1.00000,1.64598,-0.17214,0.02200,0.00000,0.00000,1.00000,1,1,0.00000,0.07394,0
25.8940,0,map,FL,7,26.1000,2.01720,0.12667,nan,1.96720,0.12667,0.02200,nan,0.00000,nan,0,1,0.05000,0.08333,0
25.8940,0,map,FL,37,27.0000,2.28314,0.11778,nan,2.53314,0.11778,0.02200,nan,0.00000,nan,0,1,0.25000,0.28646,0
25.8940,0,map,BL,30,26.7900,1.78700,0.09922,1.00000,1.78700,0.09922,0.02200,0.00000,0.00000,1.00000,1,1,0.00000,0.07768,0
25.8940,0,map,FR,22,26.5500,2.13525,-0.20164,nan,1.98525,-0.20164,0.02200,nan,0.00000,nan,0,1,0.15000,0.14884,0
25.8940,0,map,BR,15,26.3400,1.64161,-0.17233,1.00000,1.64161,-0.17233,0.02200,0.00000,0.00000,1.00000,1,1,0.00000,0.07495,0
25.9100,0,map,FL,7,26.1000,2.01442,0.12533,nan,1.96442,0.12533,0.02200,nan,0.00000,nan,0,1,0.05000,0.08228,0
25.9100,0,map,FL,37,27.0000,2.28348,0.11709,nan,2.53348,0.11709,0.02200,nan,0.00000,nan,0,1,0.25000,0.29407,0
25.9100,0,map,BL,30,26.7900,1.77109,0.08724,1.00000,1.77109,0.08724,0.02200,0.00000,0.00000,1.00000,1,1,0.00000,0.08026,0
25.9100,0,map,FR,22,26.5500,2.13550,-0.20384,nan,1.98550,-0.20384,0.02200,nan,0.00000,nan,0,1,0.15000,0.14948,0
25.9100,0,map,BR,15,26.3400,1.63801,-0.17377,1.00000,1.63801,-0.17377,0.02200,0.00000,0.00000,1.00000,1,1,0.00000,0.07343,0
25.9180,0,map,FL,7,26.1000,2.01252,0.12468,nan,1.96252,0.12468,0.02200,nan,0.00000,nan,0,1,0.05000,0.08199,0
25.9180,0,map,FL,37,27.0000,2.28220,0.11922,nan,2.53220,0.11922,0.02200,nan,0.00000,nan,0,1,0.25000,0.29437,0
25.9180,0,map,BL,30,26.7900,1.76946,0.08587,1.00000,1.76946,0.08587,0.02200,0.00000,0.00000,1.00000,1,1,0.00000,0.08082,0
25.9180,0,map,FR,22,26.5500,2.13374,-0.20413,nan,1.98374,-0.20413,0.02200,nan,0.00000,nan,0,1,0.15000,0.14948,0
25.9180,0,map,BR,15,26.3400,1.63536,-0.17483,1.00000,1.63536,-0.17483,0.02200,0.00000,0.00000,1.00000,1,1,0.00000,0.07362,0
25.9300,0,map,FL,6,26.1000,2.01214,0.12439,nan,1.96214,0.12439,0.02200,nan,0.00000,nan,0,1,0.05000,0.08168,0
25.9300,0,map,FL,36,27.0000,2.27702,0.11848,nan,2.52702,0.11848,0.02200,nan,0.00000,nan,0,1,0.25000,0.29313,0
25.9300,0,map,BL,29,26.7900,1.76460,0.08524,1.00000,1.76460,0.08524,0.02200,0.00000,0.00000,1.00000,1,1,0.00000,0.07658,0
25.9300,0,map,FR,21,26.5500,2.12871,-0.20480,nan,1.97871,-0.20480,0.02200,nan,0.00000,nan,0,1,0.15000,0.14745,0
25.9300,0,map,BR,14,26.3400,1.63453,-0.17555,1.00000,1.63453,-0.17555,0.02200,0.00000,0.00000,1.00000,1,1,0.00000,0.07367,0
25.9380,0,map,FL,6,26.1000,2.01056,0.12488,nan,1.96056,0.12488,0.02200,nan,0.00000,nan,0,1,0.05000,0.08142,0
25.9380,0,map,FL,36,27.0000,2.27584,0.11338,nan,2.52584,0.11338,0.02200,nan,0.00000,nan,0,1,0.25000,0.29449,0
25.9380,0,map,BL,29,26.7900,1.76214,0.08022,1.00000,1.76214,0.08022,0.02200,0.00000,0.00000,1.00000,1,1,0.00000,0.07860,0
25.9380,0,map,FR,21,26.5500,2.13064,-0.20656,nan,1.98064,-0.20656,0.02200,nan,0.00000,nan,0,1,0.15000,0.14925,0
25.9380,0,map,BR,14,26.3400,1.63286,-0.17544,1.00000,1.63286,-0.17544,0.02200,0.00000,0.00000,1.00000,1,1,0.00000,0.07315,0
25.9480,0,map,FL,6,26.1000,2.00923,0.12443,nan,1.95923,0.12443,0.02200,nan,0.00000,nan,0,1,0.05000,0.08141,0
25.9480,0,map,FL,36,27.0000,2.27442,0.11409,nan,2.52442,0.11409,0.02200,nan,0.00000,nan,0,1,0.25000,0.29400,0
25.9480,0,map,BL,29,26.7900,1.76176,0.08013,1.00000,1.76176,0.08013,0.02200,0.00000,0.00000,1.00000,1,1,0.00000,0.07847,0
25.9480,0,map,FR,21,26.5500,2.12992,-0.20652,nan,1.97992,-0.20652,0.02200,nan,0.00000,nan,0,1,0.15000,0.14905,0
25.9480,0,map,BR,14,26.3400,1.63160,-0.17578,1.00000,1.63160,-0.17578,0.02200,0.00000,0.00000,1.00000,1,1,0.00000,0.07340,0
25.9580,0,map,FL,5,26.1000,2.00824,0.12414,nan,1.95824,0.12414,0.02200,nan,0.00000,nan,0,1,0.05000,0.08125,0
25.9580,0,map,FL,35,27.0000,2.26923,0.11391,nan,2.51923,0.11391,0.02200,nan,0.00000,nan,0,1,0.25000,0.29295,0
25.9580,0,map,BL,28,26.7900,1.75679,0.08002,1.00000,1.75679,0.08002,0.02200,0.00000,0.00000,1.00000,1,1,0.00000,0.07457,0
25.9580,0,map,FR,20,26.5500,2.12493,-0.20667,nan,1.97493,-0.20667,0.02200,nan,0.00000,nan,0,1,0.15000,0.14710,0
25.9580,0,map,BR,13,26.3400,1.63059,-0.17623,1.00000,1.63059,-0.17623,0.02200,0.00000,0.00000,1.00000,1,1,0.00000,0.07346,0
25.9660,0,map,FL,5,26.1000,2.00806,0.12469,nan,1.95806,0.12469,0.02200,nan,0.00000,nan,0,1,0.05000,0.08098,0
25.9660,0,map,FL,35,27.0000,2.27296,0.11125,nan,2.52296,0.11125,0.02200,nan,0.00000,nan,0,1,0.25000,0.29495,0
25.9660,0,map,BL,28,26.7900,1.75835,0.07677,1.00000,1.75835,0.07677,0.02200,0.00000,0.00000,1.00000,1,1,0.00000,0.07869,0
25.9660,0,map,FR,20,26.5500,2.12876,-0.20782,nan,1.97876,-0.20782,0.02200,nan,0.00000,nan,0,1,0.15000,0.14933,0
25.9660,0,map,BR,13,26.3400,1.63025,-0.17596,1.00000,1.63025,-0.17596,0.02200,0.00000,0.00000,1.00000,1,1,0.00000,0.07300,0
25.9780,0,map,FL,5,26.1000,2.00670,0.12385,nan,1.95670,0.12385,0.02200,nan,0.00000,nan,0,1,0.05000,0.08114,0
25.9780,0,map,FL,35,27.0000,2.27126,0.11110,nan,2.52126,0.11110,0.02200,nan,0.00000,nan,0,1,0.25000,0.29387,0
25.9780,0,map,BL,28,26.7900,1.75891,0.07731,1.00000,1.75891,0.07731,0.02200,0.00000,0.00000,1.00000,1,1,0.00000,0.07809,0
25.9780,0,map,FR,20,26.5500,2.12824,-0.20791,nan,1.97824,-0.20791,0.02200,nan,0.00000,nan,0,1,0.15000,0.14908,0
25.9780,0,map,BR,13,26.3400,1.62937,-0.17609,1.00000,1.62937,-0.17609,0.02200,0.00000,0.00000,1.00000,1,1,0.00000,0.07337,0
25.9860,0,map,FL,4,26.1000,2.00520,0.12300,nan,1.95520,0.12300,0.02200,nan,0.00000,nan,0,1,0.05000,0.08108,0
25.9860,0,map,FL,34,27.0000,2.26601,0.11114,nan,2.51601,0.11114,0.02200,nan,0.00000,nan,0,1,0.25000,0.29289,0
25.9860,0,map,BL,27,26.7900,1.75378,0.07759,1.00000,1.75378,0.07759,0.02200,0.00000,0.00000,1.00000,1,1,0.00000,0.07427,0
25.9860,0,map,FR,19,26.5500,2.12318,-0.20772,nan,1.97318,-0.20772,0.02200,nan,0.00000,nan,0,1,0.15000,0.14706,0
25.9860,0,map,BR,12,26.3400,1.62825,-0.17626,1.00000,1.62825,-0.17626,0.02200,0.00000,0.00000,1.00000,1,1,0.00000,0.07344,0
25.9960,0,map,FL,4,26.1000,2.00420,0.12260,nan,1.95420,0.12260,0.02200,nan,0.00000,nan,0,1,0.05000,0.08091,0
25.9960,0,map,FL,34,27.0000,2.27084,0.10977,nan,2.52084,0.10977,0.02200,nan,0.00000,nan,0,1,0.25000,0.29516,0
25.9960,0,map,BL,27,26.7900,1.75606,0.07539,1.00000,1.75606,0.07539,0.02200,0.00000,0.00000,1.00000,1,1,0.00000,0.07905,0
25.9960,0,map,FR,19,26.5500,2.12693,-0.20842,nan,1.97693,-0.20842,0.02200,nan,0.00000,nan,0,1,0.15000,0.14930,0
25.9960,0,map,BR,12,26.3400,1.62770,-0.17579,1.00000,1.62770,-0.17579,0.02200,0.00000,0.00000,1.00000,1,1,0.00000,0.07309,0
26.0040,0,map,FL,4,26.1000,2.00319,0.12160,nan,1.95319,0.12160,0.02200,nan,0.00000,nan,0,1,0.05000,0.08104,0
26.0040,0,map,FL,34,27.0000,2.26927,0.10938,nan,2.51927,0.10938,0.02200,nan,0.00000,nan,0,1,0.25000,0.29387,0
26.0040,0,map,BL,27,26.7900,1.75722,0.07634,1.00000,1.75722,0.07634,0.02200,0.00000,0.00000,1.00000,1,1,0.00000,0.07826,0
26.0040,0,map,FR,19,26.5500,2.12670,-0.20854,nan,1.97670,-0.20854,0.02200,nan,0.00000,nan,0,1,0.15000,0.14904,0
26.0060,0,map,BR,12,26.3400,1.62702,-0.17589,1.00000,1.62702,-0.17589,0.02200,0.00000,0.00000,1.00000,1,1,0.00000,0.07355,0
26.0140,0,map,FL,3,26.1000,2.00348,0.12080,nan,1.95348,0.12080,0.02200,nan,0.00000,nan,0,1,0.05000,0.08088,0
26.0140,0,map,FL,33,27.0000,2.26548,0.10956,nan,2.51548,0.10956,0.02200,nan,0.00000,nan,0,1,0.25000,0.29290,0
26.0160,0,map,BL,26,26.7900,1.75351,0.07686,1.00000,1.75351,0.07686,0.02200,0.00000,0.00000,1.00000,1,1,0.00000,0.07442,0
26.0160,0,map,FR,18,26.5500,2.12305,-0.20821,nan,1.97305,-0.20821,0.02200,nan,0.00000,nan,0,1,0.15000,0.14704,0
26.0160,0,map,BR,11,26.3400,1.62735,-0.17597,1.00000,1.62735,-0.17597,0.02200,0.00000,0.00000,1.00000,1,1,0.00000,0.07358,0
26.0240,0,map,FL,3,26.1000,2.00182,0.11989,nan,1.95182,0.11989,0.02200,nan,0.00000,nan,0,1,0.05000,0.08084,0
26.0240,0,map,FL,33,27.0000,2.27065,0.10892,nan,2.52065,0.10892,0.02200,nan,0.00000,nan,0,1,0.25000,0.29531,0
26.0240,0,map,BL,26,26.7900,1.75592,0.07525,1.00000,1.75592,0.07525,0.02200,0.00000,0.00000,1.00000,1,1,0.00000,0.07943,0
26.0240,0,map,FR,18,26.5500,2.12661,-0.20861,nan,1.97661,-0.20861,0.02200,nan,0.00000,nan,0,1,0.15000,0.14927,0
26.0240,0,map,BR,11,26.3400,1.62684,-0.17539,1.00000,1.62684,-0.17539,0.02200,0.00000,0.00000,1.00000,1,1,0.00000,0.07325,0
26.0340,0,map,FL,3,26.1000,2.00129,0.11903,nan,1.95129,0.11903,0.02200,nan,0.00000,nan,0,1,0.05000,0.08104,0
26.0340,0,map,FL,33,27.0000,2.26940,0.10856,nan,2.51940,0.10856,0.02200,nan,0.00000,nan,0,1,0.25000,0.29395,0
26.0340,0,map,BL,26,26.7900,1.75758,0.07648,1.00000,1.75758,0.07648,0.02200,0.00000,0.00000,1.00000,1,1,0.00000,0.07857,0
26.0340,0,map,FR,18,26.5500,2.12676,-0.20865,nan,1.97676,-0.20865,0.02200,nan,0.00000,nan,0,1,0.15000,0.14898,0
26.0340,0,map,BR,11,26.3400,1.62648,-0.17541,1.00000,1.62648,-0.17541,0.02200,0.00000,0.00000,1.00000,1,1,0.00000,0.07377,0
26.0440,0,map,FL,2,26.1000,2.00159,0.11863,nan,1.95159,0.11863,0.02200,nan,0.00000,nan,0,1,0.05000,0.08098,0
26.0440,0,map,FL,32,27.0000,2.26538,0.10895,nan,2.51538,0.10895,0.02200,nan,0.00000,nan,0,1,0.25000,0.29296,0
26.0440,0,map,BL,25,26.7900,1.75365,0.07726,1.00000,1.75365,0.07726,0.02200,0.00000,0.00000,1.00000,1,1,0.00000,0.07469,0
26.0440,0,map,FR,17,26.5500,2.12702,-0.20850,nan,1.97702,-0.20850,0.02200,nan,0.00000,nan,0,1,0.15000,0.14893,0
26.0440,0,map,BR,10,26.3400,1.62672,-0.17526,1.00000,1.62672,-0.17526,0.02200,0.00000,0.00000,1.00000,1,1,0.00000,0.07378,0
26.0540,0,map,FL,2,26.1000,2.00250,0.11875,nan,1.95250,0.11875,0.02200,nan,0.00000,nan,0,1,0.05000,0.08087,0
26.0540,0,map,FL,32,27.0000,2.27152,0.10871,nan,2.52152,0.10871,0.02200,nan,0.00000,nan,0,1,0.25000,0.29461,0
26.0540,0,map,BL,25,26.7900,1.75856,0.07657,1.00000,1.75856,0.07657,0.02200,0.00000,0.00000,1.00000,1,1,0.00000,0.07928,0
26.0540,0,map,FR,17,26.5500,2.12809,-0.20858,nan,1.97809,-0.20858,0.02200,nan,0.00000,nan,0,1,0.15000,0.14917,0
26.0540,0,map,BR,10,26.3400,1.62763,-0.17446,1.00000,1.62763,-0.17446,0.02200,0.00000,0.00000,1.00000,1,1,0.00000,0.07365,0
26.0620,0,map,FL,2,26.1000,2.00169,0.11803,nan,1.95169,0.11803,0.02200,nan,0.00000,nan,0,1,0.05000,0.08131,0
26.0620,0,map,FL,32,27.0000,2.27110,0.10857,nan,2.52110,0.10857,0.02200,nan,0.00000,nan,0,1,0.25000,0.29404,0
26.0620,0,map,BL,25,26.7900,1.75949,0.07769,1.00000,1.75949,0.07769,0.02200,0.00000,0.00000,1.00000,1,1,0.00000,0.07889,0
26.0620,0,map,FR,17,26.5500,2.12801,-0.20810,nan,1.97801,-0.20810,0.02200,nan,0.00000,nan,0,1,0.15000,0.14901,0
26.0620,0,map,BR,10,26.3400,1.62779,-0.17400,1.00000,1.62779,-0.17400,0.02200,0.00000,0.00000,1.00000,1,1,0.00000,0.07388,0
26.0720,0,map,FL,1,26.1000,2.00253,0.11816,nan,1.95253,0.11816,0.02200,nan,0.00000,nan,0,1,0.05000,0.08142,0
26.0720,0,map,FL,31,27.0000,2.26750,0.10918,nan,2.51750,0.10918,0.02200,nan,0.00000,nan,0,1,0.25000,0.29305,0
26.0720,0,map,BL,24,26.7900,1.75597,0.07872,1.00000,1.75597,0.07872,0.02200,0.00000,0.00000,1.00000,1,1,0.00000,0.07496,0
26.0720,0,map,FR,16,26.5500,2.13283,-0.20823,nan,1.98283,-0.20823,0.02200,nan,0.00000,nan,0,1,0.15000,0.15104,0
26.0720,0,map,BR,9,26.3400,1.62840,-0.17353,1.00000,1.62840,-0.17353,0.02200,0.00000,0.00000,1.00000,1,1,0.00000,0.07393,0
26.0720,0,map,BR,39,27.2400,1.90700,-0.20042,1.00000,1.90700,-0.20042,0.02200,0.00000,0.00000,1.00000,1,1,0.00000,0.06695,0
26.0820,0,map,FL,1,26.1000,2.00301,0.11819,nan,1.95301,0.11819,0.02200,nan,0.00000,nan,0,1,0.05000,0.08173,0
26.0820,0,map,FL,31,27.0000,2.27286,0.10924,nan,2.52286,0.10924,0.02200,nan,0.00000,nan,0,1,0.25000,0.29395,0
26.0820,0,map,BL,24,26.7900,1.76163,0.07896,1.00000,1.76163,0.07896,0.02200,0.00000,0.00000,1.00000,1,1,0.00000,0.07913,0
26.0820,0,map,FR,16,26.5500,2.13408,-0.20811,nan,1.98408,-0.20811,0.02200,nan,0.00000,nan,0,1,0.15000,0.15095,0
26.0820,0,map,BR,9,26.3400,1.62914,-0.17230,1.00000,1.62914,-0.17230,0.02200,0.00000,0.00000,1.00000,1,1,0.00000,0.07415,0
26.0820,0,map,BR,39,27.2400,1.91752,-0.20116,1.00000,1.91752,-0.20116,0.02200,0.00000,0.00000,1.00000,1,1,0.00000,0.06762,0
26.0920,0,map,FL,1,26.1000,2.00315,0.11847,nan,1.95315,0.11847,0.02200,nan,0.00000,nan,0,1,0.05000,0.08253,0
26.0920,0,map,FL,31,27.0000,2.27361,0.10924,nan,2.52361,0.10924,0.02200,nan,0.00000,nan,0,1,0.25000,0.29333,0
26.0920,0,map,BL,24,26.7900,1.76386,0.08059,1.00000,1.76386,0.08059,0.02200,0.00000,0.00000,1.00000,1,1,0.00000,0.07871,0
26.0920,0,map,FR,16,26.5500,2.13507,-0.20744,nan,1.98507,-0.20744,0.02200,nan,0.00000,nan,0,1,0.15000,0.15086,0
26.0920,0,map,BR,9,26.3400,1.63050,-0.17127,1.00000,1.63050,-0.17127,0.02200,0.00000,0.00000,1.00000,1,1,0.00000,0.07436,0
26.0940,0,map,BR,39,27.2400,1.91889,-0.20020,1.00000,1.91889,-0.20020,0.02200,0.00000,0.00000,1.00000,1,1,0.00000,0.06781,0
26.1040,0,map,FL,30,27.0000,2.27173,0.11021,nan,2.52173,0.11021,0.02200,nan,0.00000,nan,0,1,0.25000,0.29229,0
26.1040,0,map,BL,23,26.7900,1.76209,0.08232,1.00000,1.76209,0.08232,0.02200,0.00000,0.00000,1.00000,1,1,0.00000,0.07472,0
26.1040,0,map,FR,15,26.5500,2.13709,-0.20667,nan,1.98709,-0.20667,0.02200,nan,0.00000,nan,0,1,0.15000,0.15099,0
26.1040,0,map,BR,8,26.3400,1.63311,-0.16947,1.00000,1.63311,-0.16947,0.02200,0.00000,0.00000,1.00000,1,1,0.00000,0.07422,0
26.1060,0,map,BR,38,27.2400,1.91671,-0.19884,1.00000,1.91671,-0.19884,0.02200,0.00000,0.00000,1.00000,1,1,0.00000,0.06354,0
26.1340,0,map,FL,29,27.0000,2.27497,0.11083,nan,2.52497,0.11083,0.02200,nan,0.00000,nan,0,1,0.25000,0.29341,0
26.1340,0,map,BL,22,26.7900,1.76321,0.08317,1.00000,1.76321,0.08317,0.02200,0.00000,0.00000,1.00000,1,1,0.00000,0.07571,0
26.1340,0,map,FR,14,26.5500,2.13786,-0.20610,nan,1.98786,-0.20610,0.02200,nan,0.00000,nan,0,1,0.15000,0.15110,0
26.1340,0,map,BR,7,26.3400,1.63456,-0.16735,1.00000,1.63456,-0.16735,0.02200,0.00000,0.00000,1.00000,1,1,0.00000,0.07409,0
26.1340,0,map,BR,37,27.2400,1.92085,-0.19609,1.00000,1.92085,-0.19609,0.02200,0.00000,0.00000,1.00000,1,1,0.00000,0.06568,0
26.1420,0,map,FL,29,27.0000,2.28516,0.11194,nan,2.53516,0.11194,0.02200,nan,0.00000,nan,0,1,0.25000,0.29509,0
26.1420,0,map,BL,22,26.7900,1.77293,0.08638,1.00000,1.77293,0.08638,0.02200,0.00000,0.00000,1.00000,1,1,0.00000,0.08011,0
26.1420,0,map,FR,14,26.5500,2.14236,-0.20350,nan,1.99236,-0.20350,0.02200,nan,0.00000,nan,0,1,0.15000,0.14998,0
26.1420,0,map,BR,7,26.3400,1.63773,-0.16455,1.00000,1.63773,-0.16455,0.02200,0.00000,0.00000,1.00000,1,1,0.00000,0.07559,0
26.1420,0,map,BR,37,27.2400,1.93014,-0.19265,1.00000,1.93014,-0.19265,0.02200,0.00000,0.00000,1.00000,1,1,0.00000,0.07163,0
26.1520,0,map,FL,29,27.0000,2.28559,0.11186,nan,2.53559,0.11186,0.02200,nan,0.00000,nan,0,1,0.25000,0.29453,0
26.1520,0,map,BL,22,26.7900,1.77505,0.08825,1.00000,1.77505,0.08825,0.02200,0.00000,0.00000,1.00000,1,1,0.00000,0.07959,0
26.1520,0,map,FR,14,26.5500,2.14312,-0.20307,nan,1.99312,-0.20307,0.02200,nan,0.00000,nan,0,1,0.15000,0.14983,0
26.1520,0,map,BR,7,26.3400,1.63806,-0.16409,1.00000,1.63806,-0.16409,0.02200,0.00000,0.00000,1.00000,1,1,0.00000,0.07612,0
26.1520,0,map,BR,37,27.2400,1.93091,-0.19185,1.00000,1.93091,-0.19185,0.02200,0.00000,0.00000,1.00000,1,1,0.00000,0.07160,0
26.1600,0,map,FL,28,27.0000,2.28303,0.11292,nan,2.53303,0.11292,0.02200,nan,0.00000,nan,0,1,0.25000,0.29350,0
26.1600,0,map,BL,21,26.7900,1.77258,0.09007,1.00000,1.77258,0.09007,0.02200,0.00000,0.00000,1.00000,1,1,0.00000,0.07537,0
26.1600,0,map,FR,13,26.5500,2.14506,-0.20224,nan,1.99506,-0.20224,0.02200,nan,0.00000,nan,0,1,0.15000,0.14938,0
26.1620,0,map,BR,6,26.3400,1.63919,-0.16345,1.00000,1.63919,-0.16345,0.02200,0.00000,0.00000,1.00000,1,1,0.00000,0.07663,0
26.1620,0,map,BR,36,27.2400,1.92804,-0.19051,1.00000,1.92804,-0.19051,0.02200,0.00000,0.00000,1.00000,1,1,0.00000,0.06713,0
26.1700,0,map,FL,28,27.0000,2.28957,0.11302,nan,2.53957,0.11302,0.02200,nan,0.00000,nan,0,1,0.25000,0.29567,0
26.1700,0,map,BL,21,26.7900,1.77745,0.08994,1.00000,1.77745,0.08994,0.02200,0.00000,0.00000,1.00000,1,1,0.00000,0.08014,0
26.1700,0,map,FR,13,26.5500,2.14537,-0.20239,nan,1.99537,-0.20239,0.02200,nan,0.00000,nan,0,1,0.15000,0.14951,0
26.1700,0,map,BR,6,26.3400,1.63918,-0.16313,1.00000,1.63918,-0.16313,0.02200,0.00000,0.00000,1.00000,1,1,0.00000,0.07690,0
26.1700,0,map,BR,36,27.2400,1.93357,-0.19015,1.00000,1.93357,-0.19015,0.02200,0.00000,0.00000,1.00000,1,1,0.00000,0.07271,0
26.1800,0,map,FL,28,27.0000,2.28914,0.11297,nan,2.53914,0.11297,0.02200,nan,0.00000,nan,0,1,0.25000,0.29521,0
26.1800,0,map,BL,21,26.7900,1.77823,0.09123,1.00000,1.77823,0.09123,0.02200,0.00000,0.00000,1.00000,1,1,0.00000,0.07978,0
26.1800,0,map,FR,13,26.5500,2.14514,-0.20195,nan,1.99514,-0.20195,0.02200,nan,0.00000,nan,0,1,0.15000,0.14948,0
26.1800,0,map,BR,6,26.3400,1.63888,-0.16257,1.00000,1.63888,-0.16257,0.02200,0.00000,0.00000,1.00000,1,1,0.00000,0.07710,0
26.1800,0,map,BR,36,27.2400,1.93353,-0.18944,1.00000,1.93353,-0.18944,0.02200,0.00000,0.00000,1.00000,1,1,0.00000,0.07269,0
26.1900,0,map,FL,27,27.0000,2.28529,0.11399,nan,2.53529,0.11399,0.02200,nan,0.00000,nan,0,1,0.25000,0.29415,0
26.1900,0,map,BL,20,26.7900,1.77432,0.09274,1.00000,1.77432,0.09274,0.02200,0.00000,0.00000,1.00000,1,1,0.00000,0.07555,0
26.1900,0,map,FR,12,26.5500,2.14570,-0.20141,nan,1.99570,-0.20141,0.02200,nan,0.00000,nan,0,1,0.15000,0.14934,0
26.1900,0,map,BR,5,26.3400,1.63931,-0.16179,1.00000,1.63931,-0.16179,0.02200,0.00000,0.00000,1.00000,1,1,0.00000,0.07722,0
26.1900,0,map,BR,35,27.2400,1.92948,-0.18822,1.00000,1.92948,-0.18822,0.02200,0.00000,0.00000,1.00000,1,1,0.00000,0.06816,0
26.1980,0,map,FL,27,27.0000,2.29162,0.11434,nan,2.54162,0.11434,0.02200,nan,0.00000,nan,0,1,0.25000,0.29643,0
26.1980,0,map,BL,20,26.7900,1.77871,0.09266,1.00000,1.77871,0.09266,0.02200,0.00000,0.00000,1.00000,1,1,0.00000,0.08037,0
26.1980,0,map,FR,12,26.5500,2.14563,-0.20154,nan,1.99563,-0.20154,0.02200,nan,0.00000,nan,0,1,0.15000,0.14969,0
26.1980,0,map,BR,5,26.3400,1.63938,-0.16124,1.00000,1.63938,-0.16124,0.02200,0.00000,0.00000,1.00000,1,1,0.00000,0.07724,0
26.1980,0,map,BR,35,27.2400,1.93460,-0.18798,1.00000,1.93460,-0.18798,0.02200,0.00000,0.00000,1.00000,1,1,0.00000,0.07356,0
26.2080,0,map,FL,27,27.0000,2.29154,0.11439,nan,2.54154,0.11439,0.02200,nan,0.00000,nan,0,1,0.25000,0.29604,0
26.2080,0,map,BL,20,26.7900,1.77965,0.09384,1.00000,1.77965,0.09384,0.02200,0.00000,0.00000,1.00000,1,1,0.00000,0.08007,0
26.2080,0,map,FR,12,26.5500,2.14568,-0.20107,nan,1.99568,-0.20107,0.02200,nan,0.00000,nan,0,1,0.15000,0.14971,0
26.2080,0,map,BR,5,26.3400,1.63935,-0.16061,1.00000,1.63935,-0.16061,0.02200,0.00000,0.00000,1.00000,1,1,0.00000,0.07741,0
26.2080,0,map,BR,35,27.2400,1.93490,-0.18728,1.00000,1.93490,-0.18728,0.02200,0.00000,0.00000,1.00000,1,1,0.00000,0.07352,0
26.2180,0,map,FL,27,27.0000,2.29181,0.11474,nan,2.54181,0.11474,0.02200,nan,0.00000,nan,0,1,0.25000,0.29604,0
26.2180,0,map,BL,20,26.7900,1.77984,0.09462,1.00000,1.77984,0.09462,0.02200,0.00000,0.00000,1.00000,1,1,0.00000,0.08008,0
26.2180,0,map,FR,12,26.5500,2.14577,-0.20054,nan,1.99577,-0.20054,0.02200,nan,0.00000,nan,0,1,0.15000,0.14974,0
26.2180,0,map,BR,5,26.3400,1.63970,-0.15938,1.00000,1.63970,-0.15938,0.02200,0.00000,0.00000,1.00000,1,1,0.00000,0.07738,0
26.2180,0,map,BR,35,27.2400,1.93498,-0.18672,1.00000,1.93498,-0.18672,0.02200,0.00000,0.00000,1.00000,1,1,0.00000,0.07352,0
26.2260,0,map,FL,26,27.0000,2.28745,0.11576,nan,2.53745,0.11576,0.02200,nan,0.00000,nan,0,1,0.25000,0.29497,0
26.2260,0,map,BL,19,26.7900,1.77545,0.09597,1.00000,1.77545,0.09597,0.02200,0.00000,0.00000,1.00000,1,1,0.00000,0.07580,0
26.2260,0,map,FR,11,26.5500,2.14569,-0.20005,nan,1.99569,-0.20005,0.02200,nan,0.00000,nan,0,1,0.15000,0.14979,0
26.2260,0,map,BR,4,26.3400,1.63994,-0.15827,1.00000,1.63994,-0.15827,0.02200,0.00000,0.00000,1.00000,1,1,0.00000,0.07737,0
26.2260,0,map,BR,34,27.2400,1.93044,-0.18550,1.00000,1.93044,-0.18550,0.02200,0.00000,0.00000,1.00000,1,1,0.00000,0.06895,0
26.2360,0,map,FL,26,27.0000,2.29345,0.11619,nan,2.54345,0.11619,0.02200,nan,0.00000,nan,0,1,0.25000,0.29736,0
26.2360,0,map,BL,19,26.7900,1.77925,0.09594,1.00000,1.77925,0.09594,0.02200,0.00000,0.00000,1.00000,1,1,0.00000,0.08067,0
26.2360,0,map,FR,11,26.5500,2.14504,-0.20023,nan,1.99504,-0.20023,0.02200,nan,0.00000,nan,0,1,0.15000,0.15030,0
26.2360,0,map,BR,4,26.3400,1.63948,-0.15752,1.00000,1.63948,-0.15752,0.02200,0.00000,0.00000,1.00000,1,1,0.00000,0.07732,0
26.2360,0,map,BR,34,27.2400,1.93506,-0.18534,1.00000,1.93506,-0.18534,0.02200,0.00000,0.00000,1.00000,1,1,0.00000,0.07423,0
26.2440,0,map,FL,26,27.0000,2.29311,0.11629,nan,2.54311,0.11629,0.02200,nan,0.00000,nan,0,1,0.25000,0.29703,0
26.2440,0,map,BL,19,26.7900,1.77971,0.09724,1.00000,1.77971,0.09724,0.02200,0.00000,0.00000,1.00000,1,1,0.00000,0.08043,0
26.2440,0,map,FR,11,26.5500,2.14462,-0.19959,nan,1.99462,-0.19959,0.02200,nan,0.00000,nan,0,1,0.15000,0.15038,0
26.2440,0,map,BR,4,26.3400,1.63903,-0.15635,1.00000,1.63903,-0.15635,0.02200,0.00000,0.00000,1.00000,1,1,0.00000,0.07743,0
26.2440,0,map,BR,34,27.2400,1.93496,-0.18450,1.00000,1.93496,-0.18450,0.02200,0.00000,0.00000,1.00000,1,1,0.00000,0.07419,0
26.2540,0,map,FL,25,27.0000,2.28849,0.11736,nan,2.53849,0.11736,0.02200,nan,0.00000,nan,0,1,0.25000,0.29597,0
26.2540,0,map,BL,18,26.7900,1.77496,0.09880,1.00000,1.77496,0.09880,0.02200,0.00000,0.00000,1.00000,1,1,0.00000,0.07613,0
26.2540,0,map,FR,10,26.5500,2.14430,-0.19911,nan,1.99430,-0.19911,0.02200,nan,0.00000,nan,0,1,0.15000,0.15039,0
26.2540,0,map,BR,3,26.3400,1.63867,-0.15548,1.00000,1.63867,-0.15548,0.02200,0.00000,0.00000,1.00000,1,1,0.00000,0.07743,0
26.2540,0,map,BR,33,27.2400,1.93010,-0.18321,1.00000,1.93010,-0.18321,0.02200,0.00000,0.00000,1.00000,1,1,0.00000,0.06957,0
26.2620,0,map,FL,25,27.0000,2.29420,0.11795,nan,2.54420,0.11795,0.02200,nan,0.00000,nan,0,1,0.25000,0.29845,0
26.2620,0,map,BL,18,26.7900,1.77832,0.09886,1.00000,1.77832,0.09886,0.02200,0.00000,0.00000,1.00000,1,1,0.00000,0.08102,0
26.2620,0,map,FR,10,26.5500,2.14319,-0.19930,nan,1.99319,-0.19930,0.02200,nan,0.00000,nan,0,1,0.15000,0.15104,0
26.2620,0,map,BR,3,26.3400,1.63782,-0.15502,1.00000,1.63782,-0.15502,0.02200,0.00000,0.00000,1.00000,1,1,0.00000,0.07723,0
26.2620,0,map,BR,33,27.2400,1.93436,-0.18307,1.00000,1.93436,-0.18307,0.02200,0.00000,0.00000,1.00000,1,1,0.00000,0.07475,0
26.2720,0,map,FL,25,27.0000,2.29365,0.11806,nan,2.54365,0.11806,0.02200,nan,0.00000,nan,0,1,0.25000,0.29817,0
26.2720,0,map,BL,18,26.7900,1.77841,0.10004,1.00000,1.77841,0.10004,0.02200,0.00000,0.00000,1.00000,1,1,0.00000,0.08080,0
26.2720,0,map,FR,10,26.5500,2.14257,-0.19871,nan,1.99257,-0.19871,0.02200,nan,0.00000,nan,0,1,0.15000,0.15112,0
26.2720,0,map,BR,3,26.3400,1.63704,-0.15428,1.00000,1.63704,-0.15428,0.02200,0.00000,0.00000,1.00000,1,1,0.00000,0.07726,0
26.2720,0,map,BR,33,27.2400,1.93406,-0.18232,1.00000,1.93406,-0.18232,0.02200,0.00000,0.00000,1.00000,1,1,0.00000,0.07470,0
26.2820,0,map,FL,24,27.0000,2.28859,0.11939,nan,2.53859,0.11939,0.02200,nan,0.00000,nan,0,1,0.25000,0.29709,0
26.2820,0,map,BL,17,26.7900,1.77781,0.10106,1.00000,1.77781,0.10106,0.02200,0.00000,0.00000,1.00000,1,1,0.00000,0.08081,0
26.2820,0,map,FR,9,26.5500,2.14181,-0.19807,nan,1.99181,-0.19807,0.02200,nan,0.00000,nan,0,1,0.15000,0.15119,0
26.2820,0,map,FR,39,27.4500,2.37914,-0.20503,nan,2.52914,-0.20503,0.02200,nan,0.00000,nan,0,1,0.15000,0.16939,0
26.2820,0,map,BR,2,26.3400,1.63621,-0.15367,1.00000,1.63621,-0.15367,0.02200,0.00000,0.00000,1.00000,1,1,0.00000,0.07709,0
26.2820,0,map,BR,32,27.2400,1.92880,-0.18082,1.00000,1.92880,-0.18082,0.02200,0.00000,0.00000,1.00000,1,1,0.00000,0.07004,0
26.2900,0,map,FL,24,27.0000,2.29312,0.11984,nan,2.54312,0.11984,0.02200,nan,0.00000,nan,0,1,0.25000,0.29924,0
26.2900,0,map,BL,17,26.7900,1.77602,0.10215,1.00000,1.77602,0.10215,0.02200,0.00000,0.00000,1.00000,1,1,0.00000,0.08117,0
26.2900,0,map,FR,9,26.5500,2.13977,-0.19847,nan,1.98977,-0.19847,0.02200,nan,0.00000,nan,0,1,0.15000,0.15208,0
26.2900,0,map,FR,39,27.4500,2.38814,-0.20643,nan,2.53814,-0.20643,0.02200,nan,0.00000,nan,0,1,0.15000,0.17019,0
26.2900,0,map,BR,2,26.3400,1.63522,-0.15378,1.00000,1.63522,-0.15378,0.02200,0.00000,0.00000,1.00000,1,1,0.00000,0.07655,0
26.2900,0,map,BR,32,27.2400,1.93224,-0.18071,1.00000,1.93224,-0.18071,0.02200,0.00000,0.00000,1.00000,1,1,0.00000,0.07508,0
26.2980,0,map,FL,24,27.0000,2.29310,0.12054,nan,2.54310,0.12054,0.02200,nan,0.00000,nan,0,1,0.25000,0.29935,0
26.2980,0,map,BL,17,26.7900,1.77563,0.10319,1.00000,1.77563,0.10319,0.02200,0.00000,0.00000,1.00000,1,1,0.00000,0.08119,0
26.3000,0,map,FR,9,26.5500,2.13951,-0.19767,nan,1.98951,-0.19767,0.02200,nan,0.00000,nan,0,1,0.15000,0.15210,0
26.3000,0,map,FR,39,27.4500,2.38807,-0.20544,nan,2.53807,-0.20544,0.02200,nan,0.00000,nan,0,1,0.15000,0.17026,0
26.3000,0,map,BR,2,26.3400,1.63471,-0.15359,1.00000,1.63471,-0.15359,0.02200,0.00000,0.00000,1.00000,1,1,0.00000,0.07628,0
26.3000,0,map,BR,32,27.2400,1.93227,-0.17987,1.00000,1.93227,-0.17987,0.02200,0.00000,0.00000,1.00000,1,1,0.00000,0.07509,0
26.3080,0,map,FL,24,27.0000,2.29284,0.12134,nan,2.54284,0.12134,0.02200,nan,0.00000,nan,0,1,0.25000,0.29934,0
26.3080,0,map,BL,17,26.7900,1.77529,0.10419,1.00000,1.77529,0.10419,0.02200,0.00000,0.00000,1.00000,1,1,0.00000,0.08118,0
26.3080,0,map,FR,9,26.5500,2.13913,-0.19697,nan,1.98913,-0.19697,0.02200,nan,0.00000,nan,0,1,0.15000,0.15222,0
26.3080,0,map,FR,39,27.4500,2.38779,-0.20476,nan,2.53779,-0.20476,0.02200,nan,0.00000,nan,0,1,0.15000,0.17026,0
26.3080,0,map,BR,2,26.3400,1.63445,-0.15354,1.00000,1.63445,-0.15354,0.02200,0.00000,0.00000,1.00000,1,1,0.00000,0.07594,0
26.3080,0,map,BR,32,27.2400,1.93201,-0.17913,1.00000,1.93201,-0.17913,0.02200,0.00000,0.00000,1.00000,1,1,0.00000,0.07509,0
26.3180,0,map,FL,23,27.0000,2.28678,0.12291,nan,2.53678,0.12291,0.02200,nan,0.00000,nan,0,1,0.25000,0.29814,0
26.3180,0,map,BL,16,26.7900,1.77369,0.10504,1.00000,1.77369,0.10504,0.02200,0.00000,0.00000,1.00000,1,1,0.00000,0.08116,0
26.3180,0,map,FR,8,26.5500,2.13773,-0.19633,nan,1.98773,-0.19633,0.02200,nan,0.00000,nan,0,1,0.15000,0.15237,0
26.3180,0,map,FR,38,27.4500,2.38183,-0.20325,nan,2.53183,-0.20325,0.02200,nan,0.00000,nan,0,1,0.15000,0.16818,0
26.3180,0,map,BR,1,26.3400,1.63406,-0.15351,1.00000,1.63406,-0.15351,0.02200,0.00000,0.00000,1.00000,1,1,0.00000,0.07526,0
26.3180,0,map,BR,31,27.2400,1.92605,-0.17765,1.00000,1.92605,-0.17765,0.02200,0.00000,0.00000,1.00000,1,1,0.00000,0.07039,0
26.3500,0,map,FL,22,27.0000,2.28339,0.12876,nan,2.53339,0.12876,0.02200,nan,0.00000,nan,0,1,0.25000,0.29842,0
26.3500,0,map,BL,15,26.7900,1.77180,0.10560,1.00000,1.77180,0.10560,0.02200,0.00000,0.00000,1.00000,1,1,0.00000,0.08175,0
26.3500,0,map,FR,7,26.5500,2.13578,-0.19646,nan,1.98578,-0.19646,0.02200,nan,0.00000,nan,0,1,0.15000,0.15335,0
26.3500,0,map,FR,37,27.4500,2.37225,-0.18651,nan,2.52225,-0.18651,0.02200,nan,0.00000,nan,0,1,0.15000,0.16655,0
26.3500,0,map,BR,30,27.2400,1.91561,-0.16547,1.00000,1.91561,-0.16547,0.02200,0.00000,0.00000,1.00000,1,1,0.00000,0.06075,0
26.3600,0,map,FL,22,27.0000,2.28337,0.13411,nan,2.53337,0.13411,0.02200,nan,0.00000,nan,0,1,0.25000,0.29999,0
26.3600,0,map,BL,15,26.7900,1.76652,0.10780,1.00000,1.76652,0.10780,0.02200,0.00000,0.00000,1.00000,1,1,0.00000,0.08220,0
26.3600,0,map,FR,7,26.5500,2.13115,-0.19439,nan,1.98115,-0.19439,0.02200,nan,0.00000,nan,0,1,0.15000,0.15466,0
26.3600,0,map,FR,37,27.4500,2.37105,-0.17854,nan,2.52105,-0.17854,0.02200,nan,0.00000,nan,0,1,0.15000,0.16945,0
26.3600,0,map,BR,30,27.2400,1.91205,-0.15607,1.00000,1.91205,-0.15607,0.02200,0.00000,0.00000,1.00000,1,1,0.00000,0.06183,0
26.3680,0,map,FL,22,27.0000,2.28237,0.13436,nan,2.53237,0.13436,0.02200,nan,0.00000,nan,0,1,0.25000,0.30003,0
26.3680,0,map,BL,15,26.7900,1.76470,0.10862,1.00000,1.76470,0.10862,0.02200,0.00000,0.00000,1.00000,1,1,0.00000,0.08227,0
26.3680,0,map,FR,7,26.5500,2.13024,-0.19374,nan,1.98024,-0.19374,0.02200,nan,0.00000,nan,0,1,0.15000,0.15460,0
26.3680,0,map,FR,37,27.4500,2.37041,-0.17974,nan,2.52041,-0.17974,0.02200,nan,0.00000,nan,0,1,0.15000,0.16955,0
26.3680,0,map,BR,30,27.2400,1.91130,-0.15582,1.00000,1.91130,-0.15582,0.02200,0.00000,0.00000,1.00000,1,1,0.00000,0.06223,0
26.3780,0,map,FL,21,27.0000,2.27777,0.13463,nan,2.52777,0.13463,0.02200,nan,0.00000,nan,0,1,0.25000,0.29911,0
26.3780,0,map,BL,14,26.7900,1.76357,0.10922,1.00000,1.76357,0.10922,0.02200,0.00000,0.00000,1.00000,1,1,0.00000,0.08228,0
26.3780,0,map,FR,6,26.5500,2.12941,-0.19333,nan,1.97941,-0.19333,0.02200,nan,0.00000,nan,0,1,0.15000,0.15467,0
26.3780,0,map,FR,36,27.4500,2.36584,-0.17944,nan,2.51584,-0.17944,0.02200,nan,0.00000,nan,0,1,0.15000,0.16836,0
26.3780,0,map,BR,29,27.2400,1.90677,-0.15565,1.00000,1.90677,-0.15565,0.02200,0.00000,0.00000,1.00000,1,1,0.00000,0.05857,0
26.3920,0,map,FL,21,27.0000,2.28169,0.13726,nan,2.53169,0.13726,0.02200,nan,0.00000,nan,0,1,0.25000,0.30088,0
26.3920,0,map,BL,14,26.7900,1.76203,0.10959,1.00000,1.76203,0.10959,0.02200,0.00000,0.00000,1.00000,1,1,0.00000,0.08267,0
26.3920,0,map,FR,6,26.5500,2.12796,-0.19368,nan,1.97796,-0.19368,0.02200,nan,0.00000,nan,0,1,0.15000,0.15552,0
26.3920,0,map,FR,36,27.4500,2.36858,-0.17445,nan,2.51858,-0.17445,0.02200,nan,0.00000,nan,0,1,0.15000,0.17098,0
26.3920,0,map,BR,29,27.2400,1.90799,-0.15021,1.00000,1.90799,-0.15021,0.02200,0.00000,0.00000,1.00000,1,1,0.00000,0.06148,0
26.4000,0,map,FL,20,27.0000,2.27667,0.13664,nan,2.52667,0.13664,0.02200,nan,0.00000,nan,0,1,0.25000,0.30012,0
26.4020,0,map,BL,13,26.7900,1.76014,0.11016,1.00000,1.76014,0.11016,0.02200,0.00000,0.00000,1.00000,1,1,0.00000,0.08272,0
26.4020,0,map,FR,5,26.5500,2.12609,-0.19295,nan,1.97609,-0.19295,0.02200,nan,0.00000,nan,0,1,0.15000,0.15572,0
26.4020,0,map,FR,35,27.4500,2.36370,-0.17581,nan,2.51370,-0.17581,0.02200,nan,0.00000,nan,0,1,0.15000,0.16988,0
26.4020,0,map,BR,28,27.2400,1.90309,-0.15048,1.00000,1.90309,-0.15048,0.02200,0.00000,0.00000,1.00000,1,1,0.00000,0.05822,0
26.4120,0,map,FL,20,27.0000,2.28129,0.13847,nan,2.53129,0.13847,0.02200,nan,0.00000,nan,0,1,0.25000,0.30198,0
26.4120,0,map,BL,13,26.7900,1.75890,0.11030,1.00000,1.75890,0.11030,0.02200,0.00000,0.00000,1.00000,1,1,0.00000,0.08314,0
26.4120,0,map,FR,5,26.5500,2.12512,-0.19345,nan,1.97512,-0.19345,0.02200,nan,0.00000,nan,0,1,0.15000,0.15649,0
26.4120,0,map,FR,35,27.4500,2.36769,-0.17298,nan,2.51769,-0.17298,0.02200,nan,0.00000,nan,0,1,0.15000,0.17230,0
26.4120,0,map,BR,28,27.2400,1.90580,-0.14689,1.00000,1.90580,-0.14689,0.02200,0.00000,0.00000,1.00000,1,1,0.00000,0.06214,0
26.4220,0,map,FL,20,27.0000,2.28012,0.13833,nan,2.53012,0.13833,0.02200,nan,0.00000,nan,0,1,0.25000,0.30208,0
26.4220,0,map,BL,13,26.7900,1.75749,0.11054,1.00000,1.75749,0.11054,0.02200,0.00000,0.00000,1.00000,1,1,0.00000,0.08321,0
26.4220,0,map,FR,5,26.5500,2.12349,-0.19267,nan,1.97349,-0.19267,0.02200,nan,0.00000,nan,0,1,0.15000,0.15672,0
26.4220,0,map,FR,35,27.4500,2.36657,-0.17338,nan,2.51657,-0.17338,0.02200,nan,0.00000,nan,0,1,0.15000,0.17231,0
26.4220,0,map,BR,28,27.2400,1.90472,-0.14669,1.00000,1.90472,-0.14669,0.02200,0.00000,0.00000,1.00000,1,1,0.00000,0.06227,0
26.4340,0,map,FL,19,27.0000,2.27656,0.13773,nan,2.52656,0.13773,0.02200,nan,0.00000,nan,0,1,0.25000,0.30133,0
26.4340,0,map,BL,12,26.7900,1.75703,0.11085,1.00000,1.75703,0.11085,0.02200,0.00000,0.00000,1.00000,1,1,0.00000,0.08332,0
26.4340,0,map,FR,4,26.5500,2.12333,-0.19206,nan,1.97333,-0.19206,0.02200,nan,0.00000,nan,0,1,0.15000,0.15674,0
26.4340,0,map,FR,34,27.4500,2.36294,-0.17400,nan,2.51294,-0.17400,0.02200,nan,0.00000,nan,0,1,0.15000,0.17120,0
26.4340,0,map,BR,27,27.2400,1.90114,-0.14733,1.00000,1.90114,-0.14733,0.02200,0.00000,0.00000,1.00000,1,1,0.00000,0.05879,0
26.4520,0,map,FL,19,27.0000,2.28037,0.13896,nan,2.53037,0.13896,0.02200,nan,0.00000,nan,0,1,0.25000,0.30326,0
26.4520,0,map,BL,12,26.7900,1.75505,0.11074,1.00000,1.75505,0.11074,0.02200,0.00000,0.00000,1.00000,1,1,0.00000,0.08376,0
26.4520,0,map,FR,4,26.5500,2.12096,-0.19136,nan,1.97096,-0.19136,0.02200,nan,0.00000,nan,0,1,0.15000,0.15775,0
26.4520,0,map,FR,34,27.4500,2.36630,-0.17216,nan,2.51630,-0.17216,0.02200,nan,0.00000,nan,0,1,0.15000,0.17357,0
26.4520,0,map,BR,27,27.2400,1.90324,-0.14448,1.00000,1.90324,-0.14448,0.02200,0.00000,0.00000,1.00000,1,1,0.00000,0.06301,0
26.4620,0,map,FL,18,27.0000,2.27645,0.13765,nan,2.52645,0.13765,0.02200,nan,0.00000,nan,0,1,0.25000,0.30269,0
26.4620,0,map,BL,11,26.7900,1.75395,0.11091,1.00000,1.75395,0.11091,0.02200,0.00000,0.00000,1.00000,1,1,0.00000,0.08400,0
26.4620,0,map,FR,3,26.5500,2.11979,-0.18934,nan,1.96979,-0.18934,0.02200,nan,0.00000,nan,0,1,0.15000,0.15796,0
26.4620,0,map,FR,33,27.4500,2.36245,-0.17364,nan,2.51245,-0.17364,0.02200,nan,0.00000,nan,0,1,0.15000,0.17242,0
26.4620,0,map,BR,26,27.2400,1.89951,-0.14571,1.00000,1.89951,-0.14571,0.02200,0.00000,0.00000,1.00000,1,1,0.00000,0.05972,0
26.4780,0,map,FL,18,27.0000,2.28100,0.13878,nan,2.53100,0.13878,0.02200,nan,0.00000,nan,0,1,0.25000,0.30457,0
26.4780,0,map,BL,11,26.7900,1.75264,0.11095,1.00000,1.75264,0.11095,0.02200,0.00000,0.00000,1.00000,1,1,0.00000,0.08445,0
26.4780,0,map,FR,3,26.5500,2.11851,-0.18826,nan,1.96851,-0.18826,0.02200,nan,0.00000,nan,0,1,0.15000,0.15868,0
26.4780,0,map,FR,33,27.4500,2.36672,-0.17211,nan,2.51672,-0.17211,0.02200,nan,0.00000,nan,0,1,0.15000,0.17487,0
26.4780,0,map,BR,26,27.2400,1.90253,-0.14323,1.00000,1.90253,-0.14323,0.02200,0.00000,0.00000,1.00000,1,1,0.00000,0.06397,0
26.4860,0,map,FL,18,27.0000,2.28093,0.13824,nan,2.53093,0.13824,0.02200,nan,0.00000,nan,0,1,0.25000,0.30475,0
26.4880,0,map,BL,11,26.7900,1.75222,0.11091,1.00000,1.75222,0.11091,0.02200,0.00000,0.00000,1.00000,1,1,0.00000,0.08464,0
26.4880,0,map,FR,3,26.5500,2.11795,-0.18649,nan,1.96795,-0.18649,0.02200,nan,0.00000,nan,0,1,0.15000,0.15878,0
26.4880,0,map,FR,33,27.4500,2.36685,-0.17283,nan,2.51685,-0.17283,0.02200,nan,0.00000,nan,0,1,0.15000,0.17481,0
26.4880,0,map,BR,26,27.2400,1.90278,-0.14388,1.00000,1.90278,-0.14388,0.02200,0.00000,0.00000,1.00000,1,1,0.00000,0.06414,0
26.4960,0,map,FL,17,27.0000,2.28144,0.13827,nan,2.53144,0.13827,0.02200,nan,0.00000,nan,0,1,0.25000,0.30470,0
26.4960,0,map,BL,10,26.7900,1.75268,0.11090,1.00000,1.75268,0.11090,0.02200,0.00000,0.00000,1.00000,1,1,0.00000,0.08465,0
26.4960,0,map,FR,2,26.5500,2.11884,-0.18607,nan,1.96884,-0.18607,0.02200,nan,0.00000,nan,0,1,0.15000,0.15851,0
26.4960,0,map,FR,32,27.4500,2.36398,-0.17379,nan,2.51398,-0.17379,0.02200,nan,0.00000,nan,0,1,0.15000,0.17374,0
26.4980,0,map,BR,25,27.2400,1.89993,-0.14513,1.00000,1.89993,-0.14513,0.02200,0.00000,0.00000,1.00000,1,1,0.00000,0.06062,0
26.5080,0,map,FL,17,27.0000,2.28233,0.13796,nan,2.53233,0.13796,0.02200,nan,0.00000,nan,0,1,0.25000,0.30579,0
26.5080,0,map,BL,10,26.7900,1.75132,0.11079,1.00000,1.75132,0.11079,0.02200,0.00000,0.00000,1.00000,1,1,0.00000,0.08504,0
26.5080,0,map,FR,2,26.5500,2.11707,-0.18484,nan,1.96707,-0.18484,0.02200,nan,0.00000,nan,0,1,0.15000,0.15934,0
26.5080,0,map,FR,32,27.4500,2.36803,-0.17271,nan,2.51803,-0.17271,0.02200,nan,0.00000,nan,0,1,0.15000,0.17622,0
26.5080,0,map,BR,25,27.2400,1.90267,-0.14282,1.00000,1.90267,-0.14282,0.02200,0.00000,0.00000,1.00000,1,1,0.00000,0.06494,0
26.5180,0,map,FL,17,27.0000,2.28253,0.13735,nan,2.53253,0.13735,0.02200,nan,0.00000,nan,0,1,0.25000,0.30584,0
26.5180,0,map,BL,10,26.7900,1.75144,0.11039,1.00000,1.75144,0.11039,0.02200,0.00000,0.00000,1.00000,1,1,0.00000,0.08516,0
26.5180,0,map,FR,2,26.5500,2.11744,-0.18467,nan,1.96744,-0.18467,0.02200,nan,0.00000,nan,0,1,0.15000,0.15917,0
26.5180,0,map,FR,32,27.4500,2.36883,-0.17371,nan,2.51883,-0.17371,0.02200,nan,0.00000,nan,0,1,0.15000,0.17614,0
26.5200,0,map,BR,25,27.2400,1.90355,-0.14400,1.00000,1.90355,-0.14400,0.02200,0.00000,0.00000,1.00000,1,1,0.00000,0.06517,0
26.5280,0,map,FL,16,27.0000,2.28619,0.13831,nan,2.53619,0.13831,0.02200,nan,0.00000,nan,0,1,0.25000,0.30669,0
26.5280,0,map,BL,9,26.7900,1.75175,0.10984,1.00000,1.75175,0.10984,0.02200,0.00000,0.00000,1.00000,1,1,0.00000,0.08516,0
26.5280,0,map,BL,39,27.6900,2.01408,0.16137,nan,1.96408,0.16137,0.02200,nan,0.00000,nan,0,1,0.05000,0.08408,0
26.5280,0,map,FR,1,26.5500,2.11802,-0.18472,nan,1.96802,-0.18472,0.02200,nan,0.00000,nan,0,1,0.15000,0.15893,0
26.5280,0,map,FR,31,27.4500,2.36577,-0.17498,nan,2.51577,-0.17498,0.02200,nan,0.00000,nan,0,1,0.15000,0.17510,0
26.5280,0,map,BR,24,27.2400,1.90044,-0.14555,1.00000,1.90044,-0.14555,0.02200,0.00000,0.00000,1.00000,1,1,0.00000,0.06166,0
26.5400,0,map,FL,16,27.0000,2.28791,0.13775,nan,2.53791,0.13775,0.02200,nan,0.00000,nan,0,1,0.25000,0.30772,0
26.5400,0,map,BL,9,26.7900,1.75135,0.10928,1.00000,1.75135,0.10928,0.02200,0.00000,0.00000,1.00000,1,1,0.00000,0.08548,0
26.5400,0,map,BL,39,27.6900,2.02212,0.16632,nan,1.97212,0.16632,0.02200,nan,0.00000,nan,0,1,0.05000,0.08501,0
26.5400,0,map,FR,1,26.5500,2.11720,-0.18426,nan,1.96720,-0.18426,0.02200,nan,0.00000,nan,0,1,0.15000,0.15982,0
26.5400,0,map,FR,31,27.4500,2.37098,-0.17453,nan,2.52098,-0.17453,0.02200,nan,0.00000,nan,0,1,0.15000,0.17762,0
26.5400,0,map,BR,24,27.2400,1.90430,-0.14389,1.00000,1.90430,-0.14389,0.02200,0.00000,0.00000,1.00000,1,1,0.00000,0.06608,0
26.5480,0,map,FL,16,27.0000,2.28850,0.13676,nan,2.53850,0.13676,0.02200,nan,0.00000,nan,0,1,0.25000,0.30771,0
26.5500,0,map,BL,9,26.7900,1.75217,0.10790,1.00000,1.75217,0.10790,0.02200,0.00000,0.00000,1.00000,1,1,0.00000,0.08549,0
26.5500,0,map,BL,39,27.6900,2.02413,0.16266,nan,1.97413,0.16266,0.02200,nan,0.00000,nan,0,1,0.05000,0.08461,0
26.5500,0,map,FR,1,26.5500,2.11786,-0.18530,nan,1.96786,-0.18530,0.02200,nan,0.00000,nan,0,1,0.15000,0.15990,0
26.5500,0,map,FR,31,27.4500,2.37230,-0.17571,nan,2.52230,-0.17571,0.02200,nan,0.00000,nan,0,1,0.15000,0.17753,0
26.5500,0,map,BR,24,27.2400,1.90567,-0.14558,1.00000,1.90567,-0.14558,0.02200,0.00000,0.00000,1.00000,1,1,0.00000,0.06627,0
26.5580,0,map,FL,15,27.0000,2.28959,0.13626,nan,2.53959,0.13626,0.02200,nan,0.00000,nan,0,1,0.25000,0.30756,0
26.5580,0,map,BL,8,26.7900,1.75360,0.10643,1.00000,1.75360,0.10643,0.02200,0.00000,0.00000,1.00000,1,1,0.00000,0.08533,0
26.5580,0,map,BL,38,27.6900,2.02132,0.16173,nan,1.97132,0.16173,0.02200,nan,0.00000,nan,0,1,0.05000,0.08248,0
26.5580,0,map,FR,30,27.4500,2.37031,-0.17725,nan,2.52031,-0.17725,0.02200,nan,0.00000,nan,0,1,0.15000,0.17652,0
26.5580,0,map,BR,23,27.2400,1.90354,-0.14760,1.00000,1.90354,-0.14760,0.02200,0.00000,0.00000,1.00000,1,1,0.00000,0.06277,0
26.5800,0,map,FL,14,27.0000,2.29036,0.13561,nan,2.54036,0.13561,0.02200,nan,0.00000,nan,0,1,0.25000,0.30768,0
26.5800,0,map,BL,7,26.7900,1.75424,0.10473,1.00000,1.75424,0.10473,0.02200,0.00000,0.00000,1.00000,1,1,0.00000,0.08538,0
26.5800,0,map,BL,37,27.6900,2.03877,0.14884,nan,1.98877,0.14884,0.02200,nan,0.00000,nan,0,1,0.05000,0.09059,0
26.5800,0,map,FR,29,27.4500,2.38193,-0.18378,nan,2.53193,-0.18378,0.02200,nan,0.00000,nan,0,1,0.15000,0.18040,0
26.5800,0,map,BR,22,27.2400,1.90812,-0.15065,1.00000,1.90812,-0.15065,0.02200,0.00000,0.00000,1.00000,1,1,0.00000,0.06717,0
26.5920,0,map,FL,14,27.0000,2.29209,0.13404,nan,2.54209,0.13404,0.02200,nan,0.00000,nan,0,1,0.25000,0.30917,0
26.5920,0,map,BL,7,26.7900,1.75378,0.10335,1.00000,1.75378,0.10335,0.02200,0.00000,0.00000,1.00000,1,1,0.00000,0.08651,0
26.5920,0,map,BL,37,27.6900,2.04879,0.14271,nan,1.99879,0.14271,0.02200,nan,0.00000,nan,0,1,0.05000,0.09970,0
26.5920,0,map,FR,29,27.4500,2.39346,-0.18781,nan,2.54346,-0.18781,0.02200,nan,0.00000,nan,0,1,0.15000,0.18502,0
26.5920,0,map,BR,22,27.2400,1.91551,-0.15336,1.00000,1.91551,-0.15336,0.02200,0.00000,0.00000,1.00000,1,1,0.00000,0.07323,0
26.6060,0,map,FL,14,27.0000,2.29154,0.13340,nan,2.54154,0.13340,0.02200,nan,0.00000,nan,0,1,0.25000,0.30921,0
26.6060,0,map,BL,7,26.7900,1.75291,0.10278,1.00000,1.75291,0.10278,0.02200,0.00000,0.00000,1.00000,1,1,0.00000,0.08665,0
26.6060,0,map,BL,37,27.6900,2.04752,0.14366,nan,1.99752,0.14366,0.02200,nan,0.00000,nan,0,1,0.05000,0.10008,0
26.6060,0,map,FR,29,27.4500,2.39388,-0.18848,nan,2.54388,-0.18848,0.02200,nan,0.00000,nan,0,1,0.15000,0.18577,0
26.6060,0,map,BR,22,27.2400,1.91540,-0.15428,1.00000,1.91540,-0.15428,0.02200,0.00000,0.00000,1.00000,1,1,0.00000,0.07317,0
26.6140,0,map,FL,13,27.0000,2.29160,0.13240,nan,2.54160,0.13240,0.02200,nan,0.00000,nan,0,1,0.25000,0.30944,0
26.6140,0,map,BL,6,26.7900,1.75239,0.10187,1.00000,1.75239,0.10187,0.02200,0.00000,0.00000,1.00000,1,1,0.00000,0.08699,0
26.6140,0,map,BL,36,27.6900,2.04306,0.14160,nan,1.99306,0.14160,0.02200,nan,0.00000,nan,0,1,0.05000,0.09661,0
26.6140,0,map,FR,28,27.4500,2.38963,-0.18998,nan,2.53963,-0.18998,0.02200,nan,0.00000,nan,0,1,0.15000,0.18397,0
26.6140,0,map,BR,21,27.2400,1.91131,-0.15652,1.00000,1.91131,-0.15652,0.02200,0.00000,0.00000,1.00000,1,1,0.00000,0.06869,0
26.6240,0,map,FL,13,27.0000,2.29168,0.13240,nan,2.54168,0.13240,0.02200,nan,0.00000,nan,0,1,0.25000,0.30982,0
26.6240,0,map,BL,6,26.7900,1.75165,0.10151,1.00000,1.75165,0.10151,0.02200,0.00000,0.00000,1.00000,1,1,0.00000,0.08742,0
26.6240,0,map,BL,36,27.6900,2.05014,0.13697,nan,1.95014,0.13697,0.02200,nan,0.00000,nan,0,1,0.10000,0.14042,0
26.6240,0,map,FR,28,27.4500,2.39681,-0.19176,nan,2.54681,-0.19176,0.02200,nan,0.00000,nan,0,1,0.15000,0.18685,0
26.6240,0,map,BR,21,27.2400,1.91636,-0.15740,1.00000,1.91636,-0.15740,0.02200,0.00000,0.00000,1.00000,1,1,0.00000,0.07397,0
26.6320,0,map,FL,13,27.0000,2.29230,0.13177,nan,2.54230,0.13177,0.02200,nan,0.00000,nan,0,1,0.25000,0.30981,0
26.6320,0,map,BL,6,26.7900,1.75199,0.10093,1.00000,1.75199,0.10093,0.02200,0.00000,0.00000,1.00000,1,1,0.00000,0.08760,0
26.6320,0,map,BL,36,27.6900,2.05113,0.13818,nan,1.95113,0.13818,0.02200,nan,0.00000,nan,0,1,0.10000,0.14313,0
26.6320,0,map,FR,28,27.4500,2.39977,-0.19175,nan,2.54977,-0.19175,0.02200,nan,0.00000,nan,0,1,0.15000,0.18813,0
26.6320,0,map,BR,21,27.2400,1.91782,-0.15782,1.00000,1.91782,-0.15782,0.02200,0.00000,0.00000,1.00000,1,1,0.00000,0.07436,0
26.6400,0,map,FL,12,27.0000,2.29075,0.13132,nan,2.54075,0.13132,0.02200,nan,0.00000,nan,0,1,0.25000,0.30944,0
26.6400,0,map,BL,5,26.7900,1.75092,0.10004,1.00000,1.75092,0.10004,0.02200,0.00000,0.00000,1.00000,1,1,0.00000,0.08732,0
26.6400,0,map,BL,35,27.6900,2.04490,0.13646,nan,1.99490,0.13646,0.02200,nan,0.00000,nan,0,1,0.05000,0.10176,0
26.6400,0,map,FR,27,27.4500,2.39336,-0.19297,nan,2.54336,-0.19297,0.02200,nan,0.00000,nan,0,1,0.15000,0.18605,0
26.6400,0,map,BR,20,27.2400,1.91153,-0.15931,1.00000,1.91153,-0.15931,0.02200,0.00000,0.00000,1.00000,1,1,0.00000,0.06952,0
26.6520,0,map,FL,12,27.0000,2.29079,0.13125,nan,2.54079,0.13125,0.02200,nan,0.00000,nan,0,1,0.25000,0.30955,0
26.6520,0,map,BL,5,26.7900,1.75051,0.09945,1.00000,1.75051,0.09945,0.02200,0.00000,0.00000,1.00000,1,1,0.00000,0.08761,0
26.6520,0,map,BL,35,27.6900,2.05026,0.13284,nan,1.95026,0.13284,0.02200,nan,0.00000,nan,0,1,0.10000,0.14194,0
26.6520,0,map,FR,27,27.4500,2.39840,-0.19451,nan,2.54840,-0.19451,0.02200,nan,0.00000,nan,0,1,0.15000,0.18792,0
26.6520,0,map,BR,20,27.2400,1.91608,-0.16022,1.00000,1.91608,-0.16022,0.02200,0.00000,0.00000,1.00000,1,1,0.00000,0.07418,0
26.6620,0,map,FL,12,27.0000,2.28909,0.13074,nan,2.53909,0.13074,0.02200,nan,0.00000,nan,0,1,0.25000,0.30889,0
26.6620,0,map,BL,5,26.7900,1.74949,0.09845,1.00000,1.74949,0.09845,0.02200,0.00000,0.00000,1.00000,1,1,0.00000,0.08729,0
26.6620,0,map,BL,35,27.6900,2.04904,0.13397,nan,1.99904,0.13397,0.02200,nan,0.00000,nan,0,1,0.05000,0.10751,0
26.6620,0,map,FR,27,27.4500,2.39919,-0.19434,nan,2.54919,-0.19434,0.02200,nan,0.00000,nan,0,1,0.15000,0.18914,0
26.6620,0,map,BR,20,27.2400,1.91514,-0.16049,1.00000,1.91514,-0.16049,0.02200,0.00000,0.00000,1.00000,1,1,0.00000,0.07447,0
26.6700,0,map,FL,11,27.0000,2.28757,0.13012,nan,2.53757,0.13012,0.02200,nan,0.00000,nan,0,1,0.25000,0.30835,0
26.6700,0,map,BL,4,26.7900,1.74850,0.09732,1.00000,1.74850,0.09732,0.02200,0.00000,0.00000,1.00000,1,1,0.00000,0.08697,0
26.6700,0,map,BL,34,27.6900,2.04270,0.13135,nan,1.99270,0.13135,0.02200,nan,0.00000,nan,0,1,0.05000,0.10086,0
26.6700,0,map,FR,26,27.4500,2.39178,-0.19646,nan,2.54178,-0.19646,0.02200,nan,0.00000,nan,0,1,0.15000,0.18650,0
26.6700,0,map,BR,19,27.2400,1.90878,-0.16237,1.00000,1.90878,-0.16237,0.02200,0.00000,0.00000,1.00000,1,1,0.00000,0.06941,0
26.6780,0,map,FL,11,27.0000,2.28717,0.13018,nan,2.53717,0.13018,0.02200,nan,0.00000,nan,0,1,0.25000,0.30808,0
26.6780,0,map,BL,4,26.7900,1.74837,0.09627,1.00000,1.74837,0.09627,0.02200,0.00000,0.00000,1.00000,1,1,0.00000,0.08701,0
26.6800,0,map,BL,34,27.6900,2.04767,0.12966,nan,1.99767,0.12966,0.02200,nan,0.00000,nan,0,1,0.05000,0.10567,0
26.6800,0,map,FR,26,27.4500,2.39733,-0.19658,nan,2.54733,-0.19658,0.02200,nan,0.00000,nan,0,1,0.15000,0.18873,0
26.6800,0,map,BR,19,27.2400,1.91306,-0.16288,1.00000,1.91306,-0.16288,0.02200,0.00000,0.00000,1.00000,1,1,0.00000,0.07413,0
26.6900,0,map,FL,11,27.0000,2.28665,0.12953,nan,2.53665,0.12953,0.02200,nan,0.00000,nan,0,1,0.25000,0.30772,0
26.6900,0,map,BL,4,26.7900,1.74781,0.09497,1.00000,1.74781,0.09497,0.02200,0.00000,0.00000,1.00000,1,1,0.00000,0.08707,0
26.6900,0,map,BL,34,27.6900,2.04741,0.12930,nan,1.99741,0.12930,0.02200,nan,0.00000,nan,0,1,0.05000,0.10574,0
26.6900,0,map,FR,26,27.4500,2.39802,-0.19751,nan,2.54802,-0.19751,0.02200,nan,0.00000,nan,0,1,0.15000,0.18924,0
26.6900,0,map,BR,19,27.2400,1.91326,-0.16379,1.00000,1.91326,-0.16379,0.02200,0.00000,0.00000,1.00000,1,1,0.00000,0.07417,0
26.6980,0,map,FL,11,27.0000,2.28388,0.12908,nan,2.53388,0.12908,0.02200,nan,0.00000,nan,0,1,0.25000,0.30683,0
26.6980,0,map,BL,4,26.7900,1.74627,0.09374,1.00000,1.74627,0.09374,0.02200,0.00000,0.00000,1.00000,1,1,0.00000,0.08641,0
26.6980,0,map,BL,34,27.6900,2.04488,0.12889,nan,1.99488,0.12889,0.02200,nan,0.00000,nan,0,1,0.05000,0.10574,0
26.6980,0,map,FR,26,27.4500,2.39565,-0.19766,nan,2.54565,-0.19766,0.02200,nan,0.00000,nan,0,1,0.15000,0.18920,0
26.6980,0,map,BR,19,27.2400,1.91066,-0.16438,1.00000,1.91066,-0.16438,0.02200,0.00000,0.00000,1.00000,1,1,0.00000,0.07411,0
26.7080,0,map,FL,10,27.0000,2.28279,0.12849,nan,2.53279,0.12849,0.02200,nan,0.00000,nan,0,1,0.25000,0.30642,0
26.7080,0,map,BL,3,26.7900,1.74525,0.09249,1.00000,1.74525,0.09249,0.02200,0.00000,0.00000,1.00000,1,1,0.00000,0.08644,0
26.7080,0,map,BL,33,27.6900,2.03926,0.12748,nan,1.98926,0.12748,0.02200,nan,0.00000,nan,0,1,0.05000,0.10205,0
26.7080,0,map,FR,25,27.4500,2.39037,-0.19884,nan,2.54037,-0.19884,0.02200,nan,0.00000,nan,0,1,0.15000,0.18734,0
26.7080,0,map,BR,18,27.2400,1.90528,-0.16604,1.00000,1.90528,-0.16604,0.02200,0.00000,0.00000,1.00000,1,1,0.00000,0.06932,0
26.7160,0,map,FL,10,27.0000,2.28131,0.12847,nan,2.53131,0.12847,0.02200,nan,0.00000,nan,0,1,0.25000,0.30589,0
26.7160,0,map,BL,3,26.7900,1.74381,0.09174,1.00000,1.74381,0.09174,0.02200,0.00000,0.00000,1.00000,1,1,0.00000,0.08650,0
26.7160,0,map,BL,33,27.6900,2.04334,0.12586,nan,1.99334,0.12586,0.02200,nan,0.00000,nan,0,1,0.05000,0.10633,0
26.7160,0,map,FR,25,27.4500,2.39491,-0.19865,nan,2.54491,-0.19865,0.02200,nan,0.00000,nan,0,1,0.15000,0.18932,0
26.7160,0,map,BR,18,27.2400,1.90893,-0.16688,1.00000,1.90893,-0.16688,0.02200,0.00000,0.00000,1.00000,1,1,0.00000,0.07392,0
26.7260,0,map,FL,10,27.0000,2.27941,0.12813,nan,2.52941,0.12813,0.02200,nan,0.00000,nan,0,1,0.25000,0.30520,0
26.7260,0,map,BL,3,26.7900,1.74245,0.09126,1.00000,1.74245,0.09126,0.02200,0.00000,0.00000,1.00000,1,1,0.00000,0.08610,0
26.7260,0,map,BL,33,27.6900,2.04160,0.12581,nan,1.99160,0.12581,0.02200,nan,0.00000,nan,0,1,0.05000,0.10641,0
26.7260,0,map,FR,25,27.4500,2.39407,-0.19956,nan,2.54407,-0.19956,0.02200,nan,0.00000,nan,0,1,0.15000,0.18987,0
26.7260,0,map,BR,18,27.2400,1.90740,-0.16753,1.00000,1.90740,-0.16753,0.02200,0.00000,0.00000,1.00000,1,1,0.00000,0.07394,0
26.7340,0,map,FL,9,27.0000,2.27763,0.12729,nan,2.52763,0.12729,0.02200,nan,0.00000,nan,0,1,0.25000,0.30453,0
26.7340,0,map,FL,39,27.9000,2.50828,0.13311,1.00000,2.50828,0.13311,0.02200,nan,0.00000,nan,0,1,0.00000,0.08462,0
26.7340,0,map,BL,2,26.7900,1.74085,0.09045,1.00000,1.74085,0.09045,0.02200,0.00000,0.00000,1.00000,1,1,0.00000,0.08588,0
26.7340,0,map,BL,32,27.6900,2.03537,0.12409,nan,1.98537,0.12409,0.02200,nan,0.00000,nan,0,1,0.05000,0.10264,0
26.7340,0,map,FR,24,27.4500,2.38802,-0.20089,nan,2.53802,-0.20089,0.02200,nan,0.00000,nan,0,1,0.15000,0.18792,0
26.7340,0,map,BR,17,27.2400,1.90627,-0.16862,1.00000,1.90627,-0.16862,0.02200,0.00000,0.00000,1.00000,1,1,0.00000,0.07394,0
26.7440,0,map,FL,9,27.0000,2.27581,0.12775,nan,2.52581,0.12775,0.02200,nan,0.00000,nan,0,1,0.25000,0.30372,0
26.7440,0,map,FL,39,27.9000,2.51768,0.13450,1.00000,2.51768,0.13450,0.02200,nan,0.00000,nan,0,1,0.00000,0.08597,0
26.7440,0,map,BL,2,26.7900,1.74003,0.09057,1.00000,1.74003,0.09057,0.02200,0.00000,0.00000,1.00000,1,1,0.00000,0.08539,0
26.7440,0,map,BL,32,27.6900,2.03846,0.12344,nan,1.98846,0.12344,0.02200,nan,0.00000,nan,0,1,0.05000,0.10706,0
26.7440,0,map,FR,24,27.4500,2.39215,-0.20097,nan,2.54215,-0.20097,0.02200,nan,0.00000,nan,0,1,0.15000,0.19026,0
26.7440,0,map,BR,17,27.2400,1.90400,-0.16977,1.00000,1.90400,-0.16977,0.02200,0.00000,0.00000,1.00000,1,1,0.00000,0.07363,0
26.7540,0,map,FL,9,27.0000,2.27369,0.12697,nan,2.52369,0.12697,0.02200,nan,0.00000,nan,0,1,0.25000,0.30283,0
26.7540,0,map,FL,39,27.9000,2.51587,0.13327,1.00000,2.51587,0.13327,0.02200,nan,0.00000,nan,0,1,0.00000,0.08583,0
26.7540,0,map,BL,2,26.7900,1.73859,0.09054,1.00000,1.73859,0.09054,0.02200,0.00000,0.00000,1.00000,1,1,0.00000,0.08474,0
26.7540,0,map,BL,32,27.6900,2.03705,0.12259,nan,1.98705,0.12259,0.02200,nan,0.00000,nan,0,1,0.05000,0.10678,0
26.7540,0,map,FR,24,27.4500,2.39050,-0.20181,nan,2.54050,-0.20181,0.02200,nan,0.00000,nan,0,1,0.15000,0.19025,0
26.7540,0,map,BR,17,27.2400,1.90214,-0.17087,1.00000,1.90214,-0.17087,0.02200,0.00000,0.00000,1.00000,1,1,0.00000,0.07360,0
26.7640,0,map,FL,8,27.0000,2.27166,0.12631,nan,2.52166,0.12631,0.02200,nan,0.00000,nan,0,1,0.25000,0.30193,0
26.7640,0,map,FL,38,27.9000,2.50911,0.13174,1.00000,2.50911,0.13174,0.02200,nan,0.00000,nan,0,1,0.00000,0.08080,0
26.7640,0,map,BL,1,26.7900,1.73740,0.09058,1.00000,1.73740,0.09058,0.02200,0.00000,0.00000,1.00000,1,1,0.00000,0.08400,0
26.7640,0,map,BL,31,27.6900,2.03027,0.12099,nan,1.98027,0.12099,0.02200,nan,0.00000,nan,0,1,0.05000,0.10301,0
26.7640,0,map,FR,23,27.4500,2.38373,-0.20351,nan,2.53373,-0.20351,0.02200,nan,0.00000,nan,0,1,0.15000,0.18831,0
26.7640,0,map,BR,16,27.2400,1.90012,-0.17183,1.00000,1.90012,-0.17183,0.02200,0.00000,0.00000,1.00000,1,1,0.00000,0.07358,0
26.7820,0,map,FL,8,27.0000,2.26949,0.12651,nan,2.51949,0.12651,0.02200,nan,0.00000,nan,0,1,0.25000,0.30086,0
26.7820,0,map,FL,38,27.9000,2.49934,0.11353,nan,2.54934,0.11353,0.02200,nan,0.00000,nan,0,1,0.05000,0.09012,0
26.7820,0,map,BL,1,26.7900,1.73705,0.09105,1.00000,1.73705,0.09105,0.02200,0.00000,0.00000,1.00000,1,1,0.00000,0.08293,0
26.7820,0,map,BL,31,27.6900,2.02201,0.10746,nan,1.97201,0.10746,0.02200,nan,0.00000,nan,0,1,0.05000,0.09898,0
26.7820,0,map,FR,23,27.4500,2.38285,-0.20911,nan,2.53285,-0.20911,0.02200,nan,0.00000,nan,0,1,0.15000,0.18886,0
26.7820,0,map,BR,16,27.2400,1.89743,-0.17249,1.00000,1.89743,-0.17249,0.02200,0.00000,0.00000,1.00000,1,1,0.00000,0.07355,0
26.7900,0,map,FL,7,27.0000,2.26637,0.12497,nan,2.51637,0.12497,0.02200,nan,0.00000,nan,0,1,0.25000,0.29912,0
26.7900,0,map,FL,37,27.9000,2.49365,0.11611,nan,2.54365,0.11611,0.02200,nan,0.00000,nan,0,1,0.05000,0.08817,0
26.7900,0,map,BL,30,27.6900,2.01461,0.10681,nan,1.96461,0.10681,0.02200,nan,0.00000,nan,0,1,0.05000,0.09734,0
26.7900,0,map,FR,22,27.4500,2.37584,-0.21012,nan,2.52584,-0.21012,0.02200,nan,0.00000,nan,0,1,0.15000,0.18748,0
26.7900,0,map,BR,15,27.2400,1.89364,-0.17417,1.00000,1.89364,-0.17417,0.02200,0.00000,0.00000,1.00000,1,1,0.00000,0.07352,0
26.8000,0,map,FL,7,27.0000,2.26419,0.12440,nan,2.51419,0.12440,0.02200,nan,0.00000,nan,0,1,0.25000,0.29790,0
26.8000,0,map,FL,37,27.9000,2.49237,0.10601,nan,2.54237,0.10601,0.02200,nan,0.00000,nan,0,1,0.05000,0.08838,0
26.8000,0,map,BL,30,27.6900,2.01275,0.09828,nan,1.96275,0.09828,0.02200,nan,0.00000,nan,0,1,0.05000,0.09785,0
26.8000,0,map,FR,22,27.4500,2.37744,-0.21370,nan,2.52744,-0.21370,0.02200,nan,0.00000,nan,0,1,0.15000,0.18863,0
26.8000,0,map,BR,15,27.2400,1.89154,-0.17480,1.00000,1.89154,-0.17480,0.02200,0.00000,0.00000,1.00000,1,1,0.00000,0.07339,0
26.8100,0,map,FL,7,27.0000,2.26116,0.12351,nan,2.51116,0.12351,0.02200,nan,0.00000,nan,0,1,0.25000,0.29681,0
26.8100,0,map,FL,37,27.9000,2.49098,0.10744,nan,2.54098,0.10744,0.02200,nan,0.00000,nan,0,1,0.05000,0.08889,0
26.8100,0,map,BL,30,27.6900,2.01066,0.09815,nan,1.96066,0.09815,0.02200,nan,0.00000,nan,0,1,0.05000,0.09851,0
26.8100,0,map,FR,22,27.4500,2.37551,-0.21373,nan,2.52551,-0.21373,0.02200,nan,0.00000,nan,0,1,0.15000,0.18882,0
26.8100,0,map,BR,15,27.2400,1.88917,-0.17519,1.00000,1.88917,-0.17519,0.02200,0.00000,0.00000,1.00000,1,1,0.00000,0.07344,0
26.8180,0,map,FL,7,27.0000,2.25867,0.12292,nan,2.50867,0.12292,0.02200,nan,0.00000,nan,0,1,0.25000,0.29573,0
26.8180,0,map,FL,37,27.9000,2.48898,0.10651,nan,2.53898,0.10651,0.02200,nan,0.00000,nan,0,1,0.05000,0.08883,0
26.8180,0,map,BL,30,27.6900,2.00887,0.09747,nan,1.95887,0.09747,0.02200,nan,0.00000,nan,0,1,0.05000,0.09836,0
26.8180,0,map,FR,22,27.4500,2.37341,-0.21443,nan,2.52341,-0.21443,0.02200,nan,0.00000,nan,0,1,0.15000,0.18870,0
26.8180,0,map,BR,15,27.2400,1.88693,-0.17596,1.00000,1.88693,-0.17596,0.02200,0.00000,0.00000,1.00000,1,1,0.00000,0.07343,0
26.8280,0,map,FL,6,27.0000,2.25734,0.12271,nan,2.50734,0.12271,0.02200,nan,0.00000,nan,0,1,0.25000,0.29505,0
26.8280,0,map,FL,36,27.9000,2.48371,0.10633,nan,2.53371,0.10633,0.02200,nan,0.00000,nan,0,1,0.05000,0.08603,0
26.8280,0,map,BL,29,27.6900,2.00361,0.09724,nan,1.95361,0.09724,0.02200,nan,0.00000,nan,0,1,0.05000,0.09569,0
26.8280,0,map,FR,21,27.4500,2.36801,-0.21468,nan,2.51801,-0.21468,0.02200,nan,0.00000,nan,0,1,0.15000,0.18716,0
26.8280,0,map,BR,14,27.2400,1.88530,-0.17659,1.00000,1.88530,-0.17659,0.02200,0.00000,0.00000,1.00000,1,1,0.00000,0.07340,0
26.8360,0,map,FL,6,27.0000,2.25485,0.12306,nan,2.50485,0.12306,0.02200,nan,0.00000,nan,0,1,0.25000,0.29418,0
26.8360,0,map,FL,36,27.9000,2.48483,0.10151,nan,2.53483,0.10151,0.02200,nan,0.00000,nan,0,1,0.05000,0.08888,0
26.8360,0,map,BL,29,27.6900,2.00344,0.09178,nan,1.95344,0.09178,0.02200,nan,0.00000,nan,0,1,0.05000,0.09816,0
26.8360,0,map,FR,21,27.4500,2.37039,-0.21666,nan,2.52039,-0.21666,0.02200,nan,0.00000,nan,0,1,0.15000,0.18888,0
26.8360,0,map,BR,14,27.2400,1.88281,-0.17683,1.00000,1.88281,-0.17683,0.02200,0.00000,0.00000,1.00000,1,1,0.00000,0.07324,0
26.8460,0,map,FL,6,27.0000,2.25262,0.12252,nan,2.50262,0.12252,0.02200,nan,0.00000,nan,0,1,0.25000,0.29323,0
26.8460,0,map,FL,36,27.9000,2.48382,0.10233,nan,2.53382,0.10233,0.02200,nan,0.00000,nan,0,1,0.05000,0.08908,0
26.8460,0,map,BL,29,27.6900,2.00230,0.09164,nan,1.95230,0.09164,0.02200,nan,0.00000,nan,0,1,0.05000,0.09834,0
26.8460,0,map,FR,21,27.4500,2.36908,-0.21637,nan,2.51908,-0.21637,0.02200,nan,0.00000,nan,0,1,0.15000,0.18889,0
26.8460,0,map,BR,14,27.2400,1.88134,-0.17707,1.00000,1.88134,-0.17707,0.02200,0.00000,0.00000,1.00000,1,1,0.00000,0.07329,0
26.8560,0,map,FL,5,27.0000,2.24942,0.12207,nan,2.54942,0.12207,0.02200,nan,0.00000,nan,0,1,0.30000,0.34016,0
26.8560,0,map,FL,35,27.9000,2.47814,0.10276,nan,2.52814,0.10276,0.02200,nan,0.00000,nan,0,1,0.05000,0.08638,0
26.8560,0,map,BL,28,27.6900,1.99670,0.09198,1.00000,1.99670,0.09198,0.02200,nan,0.00000,nan,0,1,0.00000,0.06580,0
26.8560,0,map,FR,20,27.4500,2.36362,-0.21593,nan,2.51362,-0.21593,0.02200,nan,0.00000,nan,0,1,0.15000,0.18758,0
26.8560,0,map,BR,13,27.2400,1.87973,-0.17737,1.00000,1.87973,-0.17737,0.02200,0.00000,0.00000,1.00000,1,1,0.00000,0.07336,0
26.8680,0,map,FL,5,27.0000,2.24681,0.12190,nan,2.54681,0.12190,0.02200,nan,0.00000,nan,0,1,0.30000,0.33908,0
26.8680,0,map,FL,35,27.9000,2.47805,0.09871,nan,2.52805,0.09871,0.02200,nan,0.00000,nan,0,1,0.05000,0.08812,0
26.8680,0,map,BL,28,27.6900,1.99545,0.09209,1.00000,1.99545,0.09209,0.02200,nan,0.00000,nan,0,1,0.00000,0.06806,0
26.8680,0,map,FR,20,27.4500,2.36688,-0.22091,nan,2.51688,-0.22091,0.02200,nan,0.00000,nan,0,1,0.15000,0.19040,0
26.8680,0,map,BR,13,27.2400,1.87779,-0.17696,1.00000,1.87779,-0.17696,0.02200,0.00000,0.00000,1.00000,1,1,0.00000,0.07344,0
26.8780,0,map,FL,5,27.0000,2.24260,0.12068,nan,2.54260,0.12068,0.02200,nan,0.00000,nan,0,1,0.30000,0.33712,0
26.8780,0,map,FL,35,27.9000,2.47649,0.09958,nan,2.52649,0.09958,0.02200,nan,0.00000,nan,0,1,0.05000,0.08825,0
26.8780,0,map,BL,28,27.6900,1.99434,0.09158,1.00000,1.99434,0.09158,0.02200,nan,0.00000,nan,0,1,0.00000,0.06799,0
26.8780,0,map,FR,20,27.4500,2.36472,-0.21907,nan,2.51472,-0.21907,0.02200,nan,0.00000,nan,0,1,0.15000,0.18980,0
26.8780,0,map,BR,13,27.2400,1.87648,-0.17724,1.00000,1.87648,-0.17724,0.02200,0.00000,0.00000,1.00000,1,1,0.00000,0.07344,0
26.8860,0,map,FL,4,27.0000,2.23905,0.12065,nan,2.53905,0.12065,0.02200,nan,0.00000,nan,0,1,0.30000,0.33531,0
26.8860,0,map,FL,34,27.9000,2.47122,0.10080,nan,2.52122,0.10080,0.02200,nan,0.00000,nan,0,1,0.05000,0.08581,0
26.8860,0,map,BL,27,27.6900,1.98895,0.09268,1.00000,1.98895,0.09268,0.02200,nan,0.00000,nan,0,1,0.00000,0.06463,0
26.8860,0,map,FR,19,27.4500,2.36013,-0.21833,nan,2.51013,-0.21833,0.02200,nan,0.00000,nan,0,1,0.15000,0.18890,0
26.8880,0,map,BR,12,27.2400,1.87521,-0.17730,1.00000,1.87521,-0.17730,0.02200,0.00000,0.00000,1.00000,1,1,0.00000,0.07361,0
26.8960,0,map,FL,4,27.0000,2.23698,0.12151,nan,2.53698,0.12151,0.02200,nan,0.00000,nan,0,1,0.30000,0.33428,0
26.8960,0,map,FL,34,27.9000,2.47514,0.10047,nan,2.52514,0.10047,0.02200,nan,0.00000,nan,0,1,0.05000,0.08959,0
26.8960,0,map,BL,27,27.6900,1.99152,0.09007,1.00000,1.99152,0.09007,0.02200,nan,0.00000,nan,0,1,0.00000,0.06878,0
26.8960,0,map,FR,19,27.4500,2.36430,-0.21819,nan,2.51430,-0.21819,0.02200,nan,0.00000,nan,0,1,0.15000,0.19063,0
26.8960,0,map,BR,12,27.2400,1.87445,-0.17732,1.00000,1.87445,-0.17732,0.02200,0.00000,0.00000,1.00000,1,1,0.00000,0.07342,0
26.9040,0,map,FL,4,27.0000,2.23267,0.12128,nan,2.53267,0.12128,0.02200,nan,0.00000,nan,0,1,0.30000,0.33228,0
26.9040,0,map,FL,34,27.9000,2.47360,0.10153,nan,2.52360,0.10153,0.02200,nan,0.00000,nan,0,1,0.05000,0.08964,0
26.9040,0,map,BL,27,27.6900,1.99015,0.09034,1.00000,1.99015,0.09034,0.02200,nan,0.00000,nan,0,1,0.00000,0.06880,0
26.9040,0,map,FR,19,27.4500,2.36307,-0.21736,nan,2.51307,-0.21736,0.02200,nan,0.00000,nan,0,1,0.15000,0.19090,0
26.9040,0,map,BR,12,27.2400,1.87324,-0.17725,1.00000,1.87324,-0.17725,0.02200,0.00000,0.00000,1.00000,1,1,0.00000,0.07365,0
26.9140,0,map,FL,3,27.0000,2.23236,0.12339,nan,2.53236,0.12339,0.02200,nan,0.00000,nan,0,1,0.30000,0.33213,0
26.9140,0,map,FL,33,27.9000,2.46942,0.10385,nan,2.51942,0.10385,0.02200,nan,0.00000,nan,0,1,0.05000,0.08720,0
26.9140,0,map,BL,26,27.6900,1.98605,0.09170,1.00000,1.98605,0.09170,0.02200,nan,0.00000,nan,0,1,0.00000,0.06536,0
26.9140,0,map,FR,18,27.4500,2.35946,-0.21538,nan,2.50946,-0.21538,0.02200,nan,0.00000,nan,0,1,0.15000,0.18956,0
26.9140,0,map,BR,11,27.2400,1.87302,-0.17706,1.00000,1.87302,-0.17706,0.02200,0.00000,0.00000,1.00000,1,1,0.00000,0.07362,0
26.9240,0,map,FL,3,27.0000,2.22993,0.12407,nan,2.52993,0.12407,0.02200,nan,0.00000,nan,0,1,0.30000,0.33142,0
26.9240,0,map,FL,33,27.9000,2.47268,0.10417,nan,2.52268,0.10417,0.02200,nan,0.00000,nan,0,1,0.05000,0.09106,0
26.9240,0,map,BL,26,27.6900,1.98783,0.08981,1.00000,1.98783,0.08981,0.02200,nan,0.00000,nan,0,1,0.00000,0.06980,0
26.9240,0,map,FR,18,27.4500,2.36269,-0.21519,nan,2.51269,-0.21519,0.02200,nan,0.00000,nan,0,1,0.15000,0.19138,0
26.9240,0,map,BR,11,27.2400,1.87117,-0.17676,1.00000,1.87117,-0.17676,0.02200,0.00000,0.00000,1.00000,1,1,0.00000,0.07340,0
26.9340,0,map,FL,3,27.0000,2.23056,0.12601,nan,2.53056,0.12601,0.02200,nan,0.00000,nan,0,1,0.30000,0.33249,0
26.9340,0,map,FL,33,27.9000,2.47193,0.10575,nan,2.52193,0.10575,0.02200,nan,0.00000,nan,0,1,0.05000,0.09111,0
26.9340,0,map,BL,26,27.6900,1.98730,0.09057,1.00000,1.98730,0.09057,0.02200,nan,0.00000,nan,0,1,0.00000,0.06977,0
26.9340,0,map,FR,18,27.4500,2.36186,-0.21392,nan,2.51186,-0.21392,0.02200,nan,0.00000,nan,0,1,0.15000,0.19112,0
26.9340,0,map,BR,11,27.2400,1.87029,-0.17627,1.00000,1.87029,-0.17627,0.02200,0.00000,0.00000,1.00000,1,1,0.00000,0.07330,0
26.9440,0,map,FL,2,27.0000,2.22987,0.12723,nan,2.52987,0.12723,0.02200,nan,0.00000,nan,0,1,0.30000,0.33274,0
26.9440,0,map,FL,32,27.9000,2.46716,0.10765,nan,2.51716,0.10765,0.02200,nan,0.00000,nan,0,1,0.05000,0.08865,0
26.9440,0,map,BL,25,27.6900,1.98249,0.09205,1.00000,1.98249,0.09205,0.02200,nan,0.00000,nan,0,1,0.00000,0.06636,0
26.9440,0,map,FR,17,27.4500,2.36101,-0.21298,nan,2.51101,-0.21298,0.02200,nan,0.00000,nan,0,1,0.15000,0.19108,0
26.9440,0,map,BR,10,27.2400,1.86937,-0.17563,1.00000,1.86937,-0.17563,0.02200,0.00000,0.00000,1.00000,1,1,0.00000,0.07327,0
26.9520,0,map,FL,2,27.0000,2.23976,0.13288,nan,2.53976,0.13288,0.02200,nan,0.00000,nan,0,1,0.30000,0.34014,0
26.9520,0,map,FL,32,27.9000,2.47333,0.10946,nan,2.52333,0.10946,0.02200,nan,0.00000,nan,0,1,0.05000,0.09249,0
26.9520,0,map,BL,25,27.6900,1.98712,0.09148,1.00000,1.98712,0.09148,0.02200,nan,0.00000,nan,0,1,0.00000,0.07090,0
26.9520,0,map,FR,17,27.4500,2.36266,-0.21125,nan,2.51266,-0.21125,0.02200,nan,0.00000,nan,0,1,0.15000,0.19045,0
26.9520,0,map,BR,10,27.2400,1.86968,-0.17450,1.00000,1.86968,-0.17450,0.02200,0.00000,0.00000,1.00000,1,1,0.00000,0.07224,0
26.9600,0,map,FL,2,27.0000,2.24227,0.13578,nan,2.54227,0.13578,0.02200,nan,0.00000,nan,0,1,0.30000,0.34327,0
26.9600,0,map,FL,32,27.9000,2.47331,0.11108,nan,2.52331,0.11108,0.02200,nan,0.00000,nan,0,1,0.05000,0.09264,0
26.9600,0,map,BL,25,27.6900,1.98710,0.09254,1.00000,1.98710,0.09254,0.02200,nan,0.00000,nan,0,1,0.00000,0.07097,0
26.9600,0,map,FR,17,27.4500,2.36220,-0.20974,nan,2.51220,-0.20974,0.02200,nan,0.00000,nan,0,1,0.15000,0.19009,0
26.9600,0,map,BR,10,27.2400,1.86964,-0.17324,1.00000,1.86964,-0.17324,0.02200,0.00000,0.00000,1.00000,1,1,0.00000,0.07207,0
26.9700,0,map,FL,1,27.0000,2.24688,0.13729,nan,2.54688,0.13729,0.02200,nan,0.00000,nan,0,1,0.30000,0.34615,0
26.9700,0,map,FL,31,27.9000,2.47108,0.11329,nan,2.52108,0.11329,0.02200,nan,0.00000,nan,0,1,0.05000,0.09017,0
26.9700,0,map,BL,24,27.6900,1.98477,0.09479,1.00000,1.98477,0.09479,0.02200,nan,0.00000,nan,0,1,0.00000,0.06754,0
26.9700,0,map,FR,16,27.4500,2.36721,-0.20918,nan,2.51721,-0.20918,0.02200,nan,0.00000,nan,0,1,0.15000,0.19125,0
26.9700,0,map,BR,9,27.2400,1.87102,-0.17150,1.00000,1.87102,-0.17150,0.02200,0.00000,0.00000,1.00000,1,1,0.00000,0.07198,0
26.9700,0,map,BR,39,28.1400,2.12211,-0.21088,nan,1.97211,-0.21088,0.02200,nan,0.00000,nan,0,1,0.15000,0.16981,0
26.9800,0,map,FL,1,27.0000,2.24659,0.13607,nan,2.54659,0.13607,0.02200,nan,0.00000,nan,0,1,0.30000,0.34583,0
26.9800,0,map,FL,31,27.9000,2.47690,0.11418,nan,2.52690,0.11418,0.02200,nan,0.00000,nan,0,1,0.05000,0.09402,0
26.9800,0,map,BL,24,27.6900,1.98892,0.09467,1.00000,1.98892,0.09467,0.02200,nan,0.00000,nan,0,1,0.00000,0.07216,0
26.9800,0,map,FR,16,27.4500,2.36888,-0.20794,nan,2.51888,-0.20794,0.02200,nan,0.00000,nan,0,1,0.15000,0.19179,0
26.9800,0,map,BR,9,27.2400,1.87191,-0.16980,1.00000,1.87191,-0.16980,0.02200,0.00000,0.00000,1.00000,1,1,0.00000,0.07175,0
26.9800,0,map,BR,39,28.1400,2.13199,-0.21101,nan,1.98199,-0.21101,0.02200,nan,0.00000,nan,0,1,0.15000,0.16980,0
26.9880,0,map,FL,1,27.0000,2.24606,0.13393,nan,2.54606,0.13393,0.02200,nan,0.00000,nan,0,1,0.30000,0.34456,0
26.9880,0,map,FL,31,27.9000,2.47910,0.11472,nan,2.52910,0.11472,0.02200,nan,0.00000,nan,0,1,0.05000,0.09415,0
26.9880,0,map,BL,24,27.6900,1.99126,0.09638,1.00000,1.99126,0.09638,0.02200,nan,0.00000,nan,0,1,0.00000,0.07215,0
26.9880,0,map,FR,16,27.4500,2.37044,-0.20678,nan,2.52044,-0.20678,0.02200,nan,0.00000,nan,0,1,0.15000,0.19195,0
26.9880,0,map,BR,9,27.2400,1.87397,-0.16812,1.00000,1.87397,-0.16812,0.02200,0.00000,0.00000,1.00000,1,1,0.00000,0.07196,0
26.9880,0,map,BR,39,28.1400,2.13397,-0.20947,nan,1.98397,-0.20947,0.02200,nan,0.00000,nan,0,1,0.15000,0.16971,0
26.9980,0,map,FL,1,27.0000,2.24641,0.13152,nan,2.54641,0.13152,0.02200,nan,0.00000,nan,0,1,0.30000,0.34406,0
26.9980,0,map,FL,31,27.9000,2.48080,0.11489,nan,2.53080,0.11489,0.02200,nan,0.00000,nan,0,1,0.05000,0.09416,0
26.9980,0,map,BL,24,27.6900,1.99287,0.09785,1.00000,1.99287,0.09785,0.02200,nan,0.00000,nan,0,1,0.00000,0.07217,0
26.9980,0,map,FR,16,27.4500,2.37200,-0.20618,nan,2.52200,-0.20618,0.02200,nan,0.00000,nan,0,1,0.15000,0.19218,0
26.9980,0,map,BR,9,27.2400,1.87575,-0.16680,1.00000,1.87575,-0.16680,0.02200,0.00000,0.00000,1.00000,1,1,0.00000,0.07207,0
26.9980,0,map,BR,39,28.1400,2.13501,-0.20899,nan,1.98501,-0.20899,0.02200,nan,0.00000,nan,0,1,0.15000,0.16977,0
27.0060,0,map,FL,30,27.9000,2.47939,0.11593,nan,2.52939,0.11593,0.02200,nan,0.00000,nan,0,1,0.05000,0.09167,0
27.0060,0,map,BL,23,27.6900,1.99130,0.10053,1.00000,1.99130,0.10053,0.02200,nan,0.00000,nan,0,1,0.00000,0.06877,0
27.0060,0,map,FR,15,27.4500,2.37395,-0.20548,nan,2.52395,-0.20548,0.02200,nan,0.00000,nan,0,1,0.15000,0.19226,0
27.0060,0,map,BR,8,27.2400,1.87807,-0.16544,1.00000,1.87807,-0.16544,0.02200,0.00000,0.00000,1.00000,1,1,0.00000,0.07207,0
27.0060,0,map,BR,38,28.1400,2.13285,-0.20738,nan,1.98285,-0.20738,0.02200,nan,0.00000,nan,0,1,0.15000,0.16852,0
27.0320,0,map,FL,29,27.9000,2.49373,0.11812,nan,2.54373,0.11812,0.02200,nan,0.00000,nan,0,1,0.05000,0.09909,0
27.0320,0,map,BL,22,27.6900,2.00092,0.10386,nan,1.95092,0.10386,0.02200,nan,0.00000,nan,0,1,0.05000,0.10080,0
27.0320,0,map,FR,14,27.4500,2.37272,-0.21136,nan,2.52272,-0.21136,0.02200,nan,0.00000,nan,0,1,0.15000,0.19038,0
27.0320,0,map,BR,7,27.2400,1.88099,-0.16036,1.00000,1.88099,-0.16036,0.02200,0.00000,0.00000,1.00000,1,1,0.00000,0.07261,0
27.0320,0,map,BR,37,28.1400,2.15092,-0.19975,nan,1.95092,-0.19975,0.02200,nan,0.00000,nan,0,1,0.20000,0.22242,0
27.0420,0,map,FL,29,27.9000,2.50951,0.11643,1.00000,2.50951,0.11643,0.02200,nan,0.00000,nan,0,1,0.00000,0.08419,0
27.0420,0,map,BL,22,27.6900,2.00991,0.10254,nan,1.95991,0.10254,0.02200,nan,0.00000,nan,0,1,0.05000,0.10761,0
27.0420,0,map,FR,14,27.4500,2.37774,-0.20810,nan,2.52774,-0.20810,0.02200,nan,0.00000,nan,0,1,0.15000,0.19015,0
27.0420,0,map,BR,7,27.2400,1.88665,-0.15823,1.00000,1.88665,-0.15823,0.02200,0.00000,0.00000,1.00000,1,1,0.00000,0.07170,0
27.0420,0,map,BR,37,28.1400,2.16690,-0.19492,nan,1.96690,-0.19492,0.02200,nan,0.00000,nan,0,1,0.20000,0.22892,0
27.0540,0,map,FL,29,27.9000,2.51282,0.11642,1.00000,2.51282,0.11642,0.02200,nan,0.00000,nan,0,1,0.00000,0.08548,0
27.0540,0,map,BL,22,27.6900,2.01277,0.10351,nan,1.96277,0.10351,0.02200,nan,0.00000,nan,0,1,0.05000,0.10779,0
27.0540,0,map,FR,14,27.4500,2.37965,-0.20780,nan,2.52965,-0.20780,0.02200,nan,0.00000,nan,0,1,0.15000,0.19028,0
27.0540,0,map,BR,7,27.2400,1.88877,-0.15652,1.00000,1.88877,-0.15652,0.02200,0.00000,0.00000,1.00000,1,1,0.00000,0.07148,0
27.0540,0,map,BR,37,28.1400,2.16968,-0.19517,nan,1.96968,-0.19517,0.02200,nan,0.00000,nan,0,1,0.20000,0.23074,0
27.0660,0,map,FL,28,27.9000,2.51017,0.11779,1.00000,2.51017,0.11779,0.02200,nan,0.00000,nan,0,1,0.00000,0.08039,0
27.0660,0,map,BL,21,27.6900,2.01006,0.10587,nan,1.96006,0.10587,0.02200,nan,0.00000,nan,0,1,0.05000,0.10430,0
27.0660,0,map,FR,13,27.4500,2.38167,-0.20649,nan,2.53167,-0.20649,0.02200,nan,0.00000,nan,0,1,0.15000,0.19004,0
27.0660,0,map,BR,6,27.2400,1.89179,-0.15368,1.00000,1.89179,-0.15368,0.02200,0.00000,0.00000,1.00000,1,1,0.00000,0.07115,0
27.0660,0,map,BR,36,28.1400,2.16632,-0.19289,nan,1.96632,-0.19289,0.02200,nan,0.00000,nan,0,1,0.20000,0.22869,0
27.0780,0,map,FL,28,27.9000,2.52193,0.11797,1.00000,2.52193,0.11797,0.02200,nan,0.00000,nan,0,1,0.00000,0.08757,0
27.0800,0,map,BL,21,27.6900,2.01788,0.10686,nan,1.96788,0.10686,0.02200,nan,0.00000,nan,0,1,0.05000,0.10892,0
27.0800,0,map,FR,13,27.4500,2.38549,-0.20533,nan,2.53549,-0.20533,0.02200,nan,0.00000,nan,0,1,0.15000,0.18992,0
27.0800,0,map,BR,6,27.2400,1.89690,-0.14954,1.00000,1.89690,-0.14954,0.02200,0.00000,0.00000,1.00000,1,1,0.00000,0.07058,0
27.0800,0,map,BR,36,28.1400,2.17586,-0.19087,nan,1.97586,-0.19087,0.02200,nan,0.00000,nan,0,1,0.20000,0.23475,0
27.0920,0,map,FL,27,27.9000,2.51802,0.12004,1.00000,2.51802,0.12004,0.02200,nan,0.00000,nan,0,1,0.00000,0.08204,0
27.0920,0,map,BL,20,27.6900,2.01419,0.11023,nan,1.96419,0.11023,0.02200,nan,0.00000,nan,0,1,0.05000,0.10513,0
27.0940,0,map,FR,12,27.4500,2.38638,-0.20344,nan,2.53638,-0.20344,0.02200,nan,0.00000,nan,0,1,0.15000,0.18927,0
27.0940,0,map,BR,5,27.2400,1.89975,-0.14546,1.00000,1.89975,-0.14546,0.02200,0.00000,0.00000,1.00000,1,1,0.00000,0.07023,0
27.0940,0,map,BR,35,28.1400,2.17147,-0.18774,nan,1.97147,-0.18774,0.02200,nan,0.00000,nan,0,1,0.20000,0.23211,0
27.1100,0,map,FL,27,27.9000,2.52910,0.11937,1.00000,2.52910,0.11937,0.02200,nan,0.00000,nan,0,1,0.00000,0.08863,0
27.1100,0,map,BL,20,27.6900,2.02138,0.11205,nan,1.97138,0.11205,0.02200,nan,0.00000,nan,0,1,0.05000,0.10967,0
27.1100,0,map,FR,12,27.4500,2.38976,-0.20174,nan,2.53976,-0.20174,0.02200,nan,0.00000,nan,0,1,0.15000,0.18875,0
27.1100,0,map,BR,5,27.2400,1.90585,-0.13905,1.00000,1.90585,-0.13905,0.02200,0.00000,0.00000,1.00000,1,1,0.00000,0.06979,0
27.1120,0,map,BR,35,28.1400,2.17962,-0.18644,nan,1.97962,-0.18644,0.02200,nan,0.00000,nan,0,1,0.20000,0.23782,0
27.1280,0,map,FL,26,27.9000,2.52780,0.12305,1.00000,2.52780,0.12305,0.02200,nan,0.00000,nan,0,1,0.00000,0.08247,0
27.1280,0,map,BL,19,27.6900,2.02006,0.11894,nan,1.97006,0.11894,0.02200,nan,0.00000,nan,0,1,0.05000,0.10630,0
27.1280,0,map,FR,11,27.4500,2.39327,-0.19788,nan,2.54327,-0.19788,0.02200,nan,0.00000,nan,0,1,0.15000,0.18767,0
27.1280,0,map,BR,4,27.2400,1.91421,-0.12883,1.00000,1.91421,-0.12883,0.02200,0.00000,0.00000,1.00000,1,1,0.00000,0.06943,0
27.1280,0,map,BR,34,28.1400,2.17694,-0.18040,nan,1.97694,-0.18040,0.02200,nan,0.00000,nan,0,1,0.20000,0.23436,0
27.1480,0,map,FL,26,27.9000,2.54071,0.12251,1.00000,2.54071,0.12251,0.02200,nan,0.00000,nan,0,1,0.00000,0.08867,0
27.1480,0,map,BL,19,27.6900,2.02787,0.12462,nan,1.97787,0.12462,0.02200,nan,0.00000,nan,0,1,0.05000,0.11164,0
27.1480,0,map,FR,11,27.4500,2.39940,-0.19346,nan,2.54940,-0.19346,0.02200,nan,0.00000,nan,0,1,0.15000,0.18690,0
27.1480,0,map,BR,4,27.2400,1.92646,-0.11618,1.00000,1.92646,-0.11618,0.02200,0.00000,0.00000,1.00000,1,1,0.00000,0.07015,0
27.1480,0,map,BR,34,28.1400,2.18580,-0.17769,nan,1.98580,-0.17769,0.02200,nan,0.00000,nan,0,1,0.20000,0.24035,0
27.1800,0,map,FL,24,27.9000,2.52049,0.11945,1.00000,2.52049,0.11945,0.02200,nan,0.00000,nan,0,1,0.00000,0.07902,0
27.1800,0,map,BL,17,27.6900,2.03002,0.13318,nan,1.98002,0.13318,0.02200,nan,0.00000,nan,0,1,0.05000,0.10766,0
27.1800,0,map,FR,9,27.4500,2.39023,-0.16724,nan,2.54023,-0.16724,0.02200,nan,0.00000,nan,0,1,0.15000,0.17860,0
27.1800,0,map,FR,39,28.3500,2.66139,-0.21332,1.00000,2.66139,-0.21332,0.02200,0.00000,0.00000,1.00000,1,1,0.00000,0.10322,0
27.1820,0,map,BR,2,27.2400,1.94367,-0.08020,1.00000,1.94367,-0.08020,0.02200,0.00000,0.00000,1.00000,1,1,0.00000,0.08589,0
27.1820,0,map,BR,32,28.1400,2.18628,-0.17016,nan,1.98628,-0.17016,0.02200,nan,0.00000,nan,0,1,0.20000,0.22617,0
27.2360,0,map,FL,23,27.9000,2.55849,0.11988,1.00000,2.55849,0.11988,0.02200,0.00000,0.00000,1.00000,1,1,0.00000,0.08364,0
27.2360,0,map,BL,16,27.6900,2.01329,0.17969,nan,1.96329,0.17969,0.02200,nan,0.00000,nan,0,1,0.05000,0.14020,0
27.2360,0,map,FR,8,27.4500,2.44938,-0.12848,nan,2.54938,-0.17848,0.02200,nan,0.00000,nan,0,1,0.11180,0.15799,0
27.2360,0,map,FR,38,28.3500,2.70053,-0.23136,1.00000,2.70053,-0.23136,0.02200,0.00000,0.00000,1.00000,1,1,0.00000,0.11491,0
27.2360,0,map,BR,1,27.2400,1.97528,-0.03261,1.00000,1.97528,-0.03261,0.02200,nan,0.00000,nan,0,1,0.00000,0.10170,0
27.2360,0,map,BR,31,28.1400,2.18821,-0.16419,nan,1.98821,-0.16419,0.02200,nan,0.00000,nan,0,1,0.20000,0.24953,0
27.3520,0,map,FL,19,27.9000,2.52912,0.17279,1.00000,2.52912,0.17279,0.02200,nan,0.00000,nan,0,1,0.00000,0.08631,0
27.3520,0,map,BL,12,27.6900,2.05794,0.26487,nan,1.95794,0.21487,0.02200,nan,0.00000,nan,0,1,0.11180,0.15291,0
27.3520,0,map,FR,4,27.4500,2.46362,-0.03770,nan,2.51362,-0.03770,0.02200,nan,0.00000,nan,0,1,0.05000,0.09894,0
27.3520,0,map,FR,34,28.3500,2.64663,-0.17348,1.00000,2.64663,-0.17348,0.02200,0.00000,0.00000,1.00000,1,1,0.00000,0.09059,0
27.3520,0,map,BR,27,28.1400,2.19466,-0.14790,nan,1.99466,-0.14790,0.02200,nan,0.00000,nan,0,1,0.20000,0.22576,0
27.4680,0,map,FL,15,27.9000,2.62267,0.41531,1.00000,2.62267,0.41531,0.02200,0.00000,0.00000,1.00000,1,1,0.00000,0.17877,0
27.4680,0,map,BL,8,27.6900,2.27352,0.44782,nan,1.97352,0.29782,0.02200,nan,0.00000,nan,0,1,0.33541,0.32769,0
27.4680,0,map,BL,38,28.5900,2.71438,0.56747,1.00000,2.71438,0.56747,0.02200,0.00000,0.00000,1.00000,1,1,0.00000,0.14406,0
27.4680,0,map,FR,30,28.3500,2.83176,0.20286,1.00000,2.83176,0.20286,0.02200,0.00000,0.00000,1.00000,1,1,0.00000,0.13219,0
27.4680,0,map,BR,23,28.1400,2.47519,0.20736,nan,2.52519,0.20736,0.02200,nan,0.00000,nan,0,1,0.05000,0.14361,0
27.5860,0,map,FL,11,27.9000,2.75385,0.21594,1.00000,2.75385,0.21594,0.02200,0.00000,0.00000,1.00000,1,1,0.00000,0.11012,0
27.5860,0,map,BL,4,27.6900,2.45302,0.42473,nan,2.50302,0.42473,0.02200,nan,0.00000,nan,0,1,0.05000,0.16498,0
27.5860,0,map,BL,34,28.5900,2.75198,0.36957,1.00000,2.75198,0.36957,0.02200,0.00000,0.00000,1.00000,1,1,0.00000,0.09086,0
27.5860,0,map,FR,26,28.3500,2.69506,-0.02178,1.00000,2.69506,-0.02178,0.02200,0.00000,0.00000,1.00000,1,1,0.00000,0.10552,0
27.5860,0,map,BR,19,28.1400,2.40894,0.16426,nan,2.50894,0.16426,0.02200,nan,0.00000,nan,0,1,0.10000,0.14458,0
27.7080,0,map,FL,7,27.9000,2.46187,0.20425,nan,2.51187,0.20425,0.02200,nan,0.00000,nan,0,1,0.05000,0.09376,0
27.7080,0,map,FL,37,28.8000,2.51752,0.32208,1.00000,2.51752,0.32208,0.02200,nan,0.00000,nan,0,1,0.00000,0.00041,0
27.7080,0,map,BL,30,28.5900,2.46990,0.46191,nan,2.51990,0.46191,0.02200,nan,0.00000,nan,0,1,0.05000,0.05101,0
27.7080,0,map,FR,22,28.3500,2.31903,0.07794,nan,2.51903,-0.02206,0.02200,nan,0.00000,nan,0,1,0.22361,0.22377,0
27.7080,0,map,BR,15,28.1400,2.27422,0.30010,nan,2.52422,0.20010,0.02200,nan,0.00000,nan,0,1,0.26926,0.27487,0
27.8280,0,map,FL,3,27.9000,2.49589,0.33581,nan,2.54589,0.33581,0.02200,nan,0.00000,nan,0,1,0.05000,0.06150,0
27.8300,0,map,FL,33,28.8000,2.67104,0.44194,1.00000,2.67104,0.44194,0.02200,0.00000,0.00000,1.00000,1,1,0.00000,0.06563,0
27.8300,0,map,BL,26,28.5900,2.43469,0.67692,nan,2.53469,0.62692,0.02200,nan,0.00000,nan,0,1,0.11180,0.12727,0
27.8300,0,map,FR,18,28.3500,2.33507,0.23455,nan,2.53507,0.13455,0.02200,nan,0.00000,nan,0,1,0.22361,0.23013,0
27.8300,0,map,BR,11,28.1400,2.10724,0.48419,nan,1.95724,0.43419,0.02200,nan,0.00000,nan,0,1,0.15811,0.16441,0
27.9460,0,map,FL,29,28.8000,2.52417,0.35153,1.00000,2.52417,0.35153,0.02200,nan,0.00000,nan,0,1,0.00000,0.11056,0
27.9460,0,map,BL,22,28.5900,2.30777,0.66803,nan,2.50777,0.61803,0.02200,nan,0.00000,nan,0,1,0.20616,0.20371,0
27.9460,0,map,FR,14,28.3500,2.21756,0.30114,nan,2.51756,0.15114,0.02200,nan,0.00000,nan,0,1,0.33541,0.34354,0
27.9460,0,map,BR,7,28.1400,2.08064,0.55355,nan,1.98064,0.50355,0.02200,nan,0.00000,nan,0,1,0.11180,0.11716,0
27.9460,0,map,BR,37,29.0400,2.16156,0.35166,nan,1.96156,0.40166,0.02200,nan,0.00000,nan,0,1,0.20616,0.21856,0
28.0640,0,map,FL,25,28.8000,2.55933,0.52211,1.00000,2.55933,0.52211,0.02200,0.00000,0.00000,1.00000,1,1,0.00000,0.04660,0
28.0640,0,map,BL,18,28.5900,2.47086,0.61968,nan,2.52086,0.61968,0.02200,nan,0.00000,nan,0,1,0.05000,0.06016,0
28.0640,0,map,FR,10,28.3500,2.26853,0.37161,nan,2.51853,0.27161,0.02200,nan,0.00000,nan,0,1,0.26926,0.26926,0
28.0640,0,map,BR,3,28.1400,2.13806,0.51490,nan,1.98806,0.51490,0.02200,nan,0.00000,nan,0,1,0.15000,0.17639,0
28.0640,0,map,BR,33,29.0400,2.28054,0.55136,nan,1.98054,0.45136,0.02200,nan,0.00000,nan,0,1,0.31623,0.31739,0
28.1860,0,map,FL,21,28.8000,2.54278,0.63565,1.00000,2.54278,0.63565,0.02200,nan,0.00000,nan,0,1,0.00000,0.02917,0
28.1860,0,map,BL,14,28.5900,2.50252,0.64745,1.00000,2.50252,0.64745,0.02200,nan,0.00000,nan,0,1,0.00000,0.07490,0
28.1860,0,map,FR,6,28.3500,2.26737,0.45455,nan,2.51737,0.35455,0.02200,nan,0.00000,nan,0,1,0.26926,0.27822,0
28.1860,0,map,FR,36,29.2500,2.37063,0.53055,nan,2.52063,0.48055,0.02200,nan,0.00000,nan,0,1,0.15811,0.16163,0
28.1860,0,map,BR,29,29.0400,2.36723,0.48554,nan,1.96723,0.48554,0.02200,nan,0.00000,nan,0,1,0.40000,0.40298,0
28.3060,0,map,FL,17,28.8000,2.40062,0.52718,nan,2.50062,0.52718,0.02200,nan,0.00000,nan,0,1,0.10000,0.10550,0
28.3060,0,map,BL,10,28.5900,2.25247,0.61734,nan,2.50247,0.66734,0.02200,nan,0.00000,nan,0,1,0.25495,0.28971,0
28.3060,0,map,FR,2,28.3500,2.25431,0.46220,nan,2.50431,0.41220,0.02200,nan,0.00000,nan,0,1,0.25495,0.28719,0
28.3060,0,map,FR,32,29.2500,2.31665,0.21335,nan,2.51665,0.31335,0.02200,nan,0.00000,nan,0,1,0.22361,0.23580,0
28.3060,0,map,BR,25,29.0400,2.01826,0.34098,nan,1.96826,0.39098,0.02200,nan,0.00000,nan,0,1,0.07071,0.11233,0
28.4220,0,map,FL,13,28.8000,2.58435,0.39869,1.00000,2.58435,0.39869,0.02200,0.00000,0.00000,1.00000,1,1,0.00000,0.10337,0
28.4220,0,map,BL,6,28.5900,2.41241,0.73937,nan,2.51241,0.73937,0.02200,nan,0.00000,nan,0,1,0.10000,0.13194,0
28.4220,0,map,BL,36,29.4900,2.80367,0.62044,1.00000,2.80367,0.62044,0.02200,0.00000,0.00000,1.00000,1,1,0.00000,0.13623,0
28.4220,0,map,FR,28,29.2500,2.54941,0.20994,1.00000,2.54941,0.20994,0.02200,nan,0.00000,nan,0,1,0.00000,0.13249,0
28.4220,0,map,BR,21,29.0400,2.37136,0.52843,nan,2.52136,0.52843,0.02200,nan,0.00000,nan,0,1,0.15000,0.20242,0
28.5420,0,map,FL,9,28.8000,2.49285,0.28644,nan,2.54285,0.28644,0.02200,nan,0.00000,nan,0,1,0.05000,0.08415,0
28.5420,0,map,FL,39,29.7000,2.55254,0.05582,1.00000,2.55254,0.05582,0.02200,0.00000,0.00000,1.00000,1,1,0.00000,0.06711,0
28.5420,0,map,BL,2,28.5900,2.36085,0.71333,nan,2.51085,0.71333,0.02200,nan,0.00000,nan,0,1,0.15000,0.16423,0
28.5420,0,map,BL,32,29.4900,2.42240,0.46672,nan,2.52240,0.51672,0.02200,nan,0.00000,nan,0,1,0.11180,0.12681,0
28.5420,0,map,FR,24,29.2500,2.25095,0.08856,nan,2.50095,0.23856,0.02200,nan,0.00000,nan,0,1,0.29155,0.29613,0
28.5420,0,map,BR,17,29.0400,2.12049,0.50283,nan,1.97049,0.50283,0.02200,nan,0.00000,nan,0,1,0.15000,0.16828,0
28.6660,0,map,FL,5,28.8000,2.15725,0.40877,nan,2.50725,0.35877,0.02200,nan,0.00000,nan,0,1,0.35355,0.38499,0
28.6660,0,map,FL,35,29.7000,1.67633,-0.01536,1.00000,1.67633,-0.01536,0.02200,0.00000,0.00000,1.00000,1,1,0.00000,0.23894,0
28.6660,0,map,BL,28,29.4900,1.77033,0.38312,1.00000,1.77033,0.38312,0.02200,0.00000,0.00000,1.00000,1,1,0.00000,0.19618,0
28.6660,0,map,FR,20,29.2500,1.80496,0.07869,1.00000,1.80496,0.07869,0.02200,0.00000,0.00000,1.00000,1,1,0.00000,0.23347,0
28.6660,0,map,BR,13,29.0400,1.87234,0.37654,1.00000,1.87234,0.37654,0.02200,0.00000,0.00000,1.00000,1,1,0.00000,0.20016,0
28.7820,0,map,FL,1,28.8000,2.41783,0.34917,nan,2.51783,0.34917,0.02200,nan,0.00000,nan,0,1,0.10000,0.12014,0
28.7820,0,map,FL,31,29.7000,2.58526,0.22258,1.00000,2.58526,0.22258,0.02200,0.00000,0.00000,1.00000,1,1,0.00000,0.08425,0
28.7820,0,map,BL,24,29.4900,2.35133,0.59436,nan,1.95133,0.54436,0.02200,nan,0.00000,nan,0,1,0.40311,0.41041,0
28.7820,0,map,FR,16,29.2500,2.24396,0.31318,nan,1.99396,0.26318,0.02200,nan,0.00000,nan,0,1,0.25495,0.31970,0
28.7820,0,map,BR,9,29.0400,2.15080,0.60974,nan,1.95080,0.55974,0.02200,nan,0.00000,nan,0,1,0.20616,0.23321,0
28.7820,0,map,BR,39,29.9400,2.18240,0.33133,nan,1.98240,0.33133,0.02200,nan,0.00000,nan,0,1,0.20000,0.20892,0
28.8980,0,map,FL,27,29.7000,2.45403,0.15180,nan,2.50403,0.20180,0.02200,nan,0.00000,nan,0,1,0.07071,0.09608,0
28.8980,0,map,BL,20,29.4900,2.39402,0.50942,nan,1.99402,0.60942,0.02200,nan,0.00000,nan,0,1,0.41231,0.42308,0
28.8980,0,map,FR,12,29.2500,2.20048,0.16880,nan,1.95048,0.21880,0.02200,nan,0.00000,nan,0,1,0.25495,0.26697,0
28.8980,0,map,BR,5,29.0400,2.10043,0.56543,nan,1.95043,0.61543,0.02200,nan,0.00000,nan,0,1,0.15811,0.18480,0
28.9000,0,map,BR,35,29.9400,2.15487,0.31042,nan,1.95487,0.36042,0.02200,nan,0.00000,nan,0,1,0.20616,0.22592,0
29.0160,0,map,FL,23,29.7000,2.55092,0.16337,1.00000,2.55092,0.16337,0.02200,0.00000,0.00000,1.00000,1,1,0.00000,0.07199,0
29.0160,0,map,BL,16,29.4900,2.42685,0.57043,nan,2.52685,0.57043,0.02200,nan,0.00000,nan,0,1,0.10000,0.13139,0
29.0160,0,map,FR,8,29.2500,2.23766,0.19626,nan,1.98766,0.24626,0.02200,nan,0.00000,nan,0,1,0.25495,0.26302,0
29.0160,0,map,FR,38,30.1500,2.32735,-0.05491,nan,1.97735,0.04509,0.02200,nan,0.00000,nan,0,1,0.36401,0.36809,0
29.0160,0,map,BR,1,29.0400,2.10360,0.62344,nan,1.95360,0.62344,0.02200,nan,0.00000,nan,0,1,0.15000,0.17154,0
29.0160,0,map,BR,31,29.9400,2.20601,0.35460,nan,1.95601,0.40460,0.02200,nan,0.00000,nan,0,1,0.25495,0.26232,0
29.1340,0,map,FL,19,29.7000,2.65537,0.32956,1.00000,2.65537,0.32956,0.02200,0.00000,0.00000,1.00000,1,1,0.00000,0.19994,0
29.1360,0,map,BL,12,29.4900,2.53313,0.60815,1.00000,2.53313,0.60815,0.02200,nan,0.00000,nan,0,1,0.00000,0.14632,0
29.1360,0,map,FR,4,29.2500,2.39815,0.24245,nan,2.54815,0.24245,0.02200,nan,0.00000,nan,0,1,0.15000,0.17713,0
29.1360,0,map,FR,34,30.1500,2.62156,0.26297,1.00000,2.62156,0.26297,0.02200,0.00000,0.00000,1.00000,1,1,0.00000,0.10764,0
29.1360,0,map,BR,27,29.9400,2.50160,0.35459,1.00000,2.50160,0.35459,0.02200,nan,0.00000,nan,0,1,0.00000,0.17891,0
29.2580,0,map,FL,15,29.7000,2.53889,0.36761,1.00000,2.53889,0.36761,0.02200,nan,0.00000,nan,0,1,0.00000,0.04359,0
29.2580,0,map,BL,8,29.4900,2.37604,0.69138,nan,2.52604,0.69138,0.02200,nan,0.00000,nan,0,1,0.15000,0.15363,0
29.2580,0,map,BL,38,30.3900,2.53024,0.61598,1.00000,2.53024,0.61598,0.02200,nan,0.00000,nan,0,1,0.00000,0.04322,0
29.2580,0,map,FR,30,30.1500,2.36411,0.23778,nan,2.51411,0.23778,0.02200,nan,0.00000,nan,0,1,0.15000,0.15477,0
29.2580,0,map,BR,23,29.9400,2.18275,0.52704,nan,2.53275,0.52704,0.02200,nan,0.00000,nan,0,1,0.35000,0.35285,0
29.3740,0,map,FL,11,29.7000,2.48289,0.28288,nan,2.53289,0.28288,0.02200,nan,0.00000,nan,0,1,0.05000,0.07829,0
29.3740,0,map,BL,4,29.4900,2.35806,0.69860,nan,2.50806,0.69860,0.02200,nan,0.00000,nan,0,1,0.15000,0.16233,0
29.3740,0,map,BL,34,30.3900,2.40430,0.46003,nan,2.50430,0.51003,0.02200,nan,0.00000,nan,0,1,0.11180,0.12292,0
29.3740,0,map,FR,26,30.1500,2.23118,0.09391,nan,2.53118,0.24391,0.02200,nan,0.00000,nan,0,1,0.33541,0.33739,0
29.3740,0,map,BR,19,29.9400,2.10771,0.50412,nan,1.95771,0.50412,0.02200,nan,0.00000,nan,0,1,0.15000,0.16663,0
29.4920,0,map,FL,7,29.7000,2.23648,0.44218,nan,2.53648,0.39218,0.02200,nan,0.00000,nan,0,1,0.30414,0.32061,0
29.4920,0,map,FL,37,30.6000,2.05342,-0.02128,nan,1.95342,-0.02128,0.02200,nan,0.00000,nan,0,1,0.10000,0.17593,0
29.4920,0,map,BL,30,30.3900,2.06632,0.36100,nan,1.96632,0.36100,0.02200,nan,0.00000,nan,0,1,0.10000,0.14648,0
29.4920,0,map,FR,22,30.1500,1.98533,0.06920,1.00000,1.98533,0.06920,0.02200,nan,0.00000,nan,0,1,0.00000,0.16432,0
29.4920,0,map,BR,15,29.9400,2.02349,0.31860,nan,1.97349,0.36860,0.02200,nan,0.00000,nan,0,1,0.07071,0.13995,0
29.6100,0,map,FL,3,29.7000,2.36558,0.42788,nan,2.51558,0.42788,0.02200,nan,0.00000,nan,0,1,0.15000,0.16824,0
29.6100,0,map,FL,33,30.6000,2.47094,0.44463,nan,2.52094,0.44463,0.02200,nan,0.00000,nan,0,1,0.05000,0.05251,0
29.6100,0,map,BL,26,30.3900,2.28032,0.76368,nan,1.98032,0.61368,0.02200,nan,0.00000,nan,0,1,0.33541,0.33025,0
29.6100,0,map,FR,18,30.1500,2.18139,0.36514,nan,1.98139,0.31514,0.02200,nan,0.00000,nan,0,1,0.20616,0.21919,0
29.6100,0,map,BR,11,29.9400,2.08719,0.64274,nan,1.98719,0.59274,0.02200,nan,0.00000,nan,0,1,0.11180,0.11701,0
29.7200,0,map,FL,30,30.6000,2.55938,0.10089,1.00000,2.55938,0.10089,0.02200,0.00000,0.00000,1.00000,1,1,0.00000,0.06798,0
29.7220,0,map,BL,23,30.3900,2.42338,0.52921,nan,2.52338,0.52921,0.02200,nan,0.00000,nan,0,1,0.10000,0.12070,0
29.7220,0,map,FR,15,30.1500,2.24873,0.13537,nan,1.99873,0.23537,0.02200,nan,0.00000,nan,0,1,0.26926,0.28052,0
29.7220,0,map,BR,8,29.9400,2.11310,0.56902,nan,1.96310,0.61902,0.02200,nan,0.00000,nan,0,1,0.15811,0.17443,0
29.7220,0,map,BR,38,30.8400,2.19544,0.31522,nan,1.99544,0.41522,0.02200,nan,0.00000,nan,0,1,0.22361,0.23291,0
29.8400,0,map,FL,26,30.6000,2.59839,0.39220,1.00000,2.59839,0.39220,0.02200,0.00000,0.00000,1.00000,1,1,0.00000,0.15832,0
29.8400,0,map,BL,19,30.3900,2.45891,0.53369,nan,2.50891,0.53369,0.02200,nan,0.00000,nan,0,1,0.05000,0.08277,0
29.8400,0,map,FR,11,30.1500,2.35061,0.26636,nan,2.50061,0.26636,0.02200,nan,0.00000,nan,0,1,0.15000,0.17447,0
29.8400,0,map,BR,4,29.9400,2.28354,0.48384,nan,1.98354,0.58384,0.02200,nan,0.00000,nan,0,1,0.31623,0.37395,0
29.8400,0,map,BR,34,30.8400,2.41136,0.19594,nan,2.51136,0.19594,0.02200,nan,0.00000,nan,0,1,0.10000,0.12751,0
29.9600,0,map,FL,22,30.6000,2.17158,0.67639,nan,1.97158,0.62639,0.02200,nan,0.00000,nan,0,1,0.20616,0.27036,0
29.9600,0,map,BL,15,30.3900,2.27848,0.61532,nan,2.52848,0.61532,0.02200,nan,0.00000,nan,0,1,0.25000,0.25531,0
29.9600,0,map,FR,7,30.1500,2.17865,0.48018,nan,2.52865,0.38018,0.02200,nan,0.00000,nan,0,1,0.36401,0.42315,0
29.9600,0,map,FR,37,31.0500,1.74987,0.59008,1.00000,1.74987,0.59008,0.02200,0.00000,0.00000,1.00000,1,1,0.00000,0.06380,0
29.9600,0,map,BR,30,30.8400,2.00956,0.38094,nan,1.95956,0.38094,0.02200,nan,0.00000,nan,0,1,0.05000,0.05892,0
30.0800,0,map,FL,18,30.6000,2.44058,0.57461,nan,2.54058,0.57461,0.02200,nan,0.00000,nan,0,1,0.10000,0.10017,0
30.0800,0,map,BL,11,30.3900,2.42381,0.58657,nan,2.52381,0.58657,0.02200,nan,0.00000,nan,0,1,0.10000,0.10005,0
30.0800,0,map,FR,3,30.1500,2.27075,0.54307,nan,2.52075,0.44307,0.02200,nan,0.00000,nan,0,1,0.26926,0.30033,0
30.0800,0,map,FR,33,31.0500,2.17337,0.58026,nan,1.97337,0.53026,0.02200,nan,0.00000,nan,0,1,0.20616,0.20635,0
30.0800,0,map,BR,26,30.8400,2.17524,0.60202,nan,1.97524,0.55202,0.02200,nan,0.00000,nan,0,1,0.20616,0.20618,0
30.1980,0,map,FL,14,30.6000,2.59866,0.25279,1.00000,2.59866,0.25279,0.02200,0.00000,0.00000,1.00000,1,1,0.00000,0.13271,0
30.1980,0,map,BL,7,30.3900,2.45460,0.60294,nan,2.50460,0.60294,0.02200,nan,0.00000,nan,0,1,0.05000,0.17098,0
30.1980,0,map,BL,37,31.2900,2.80312,0.35665,1.00000,2.80312,0.35665,0.02200,0.00000,0.00000,1.00000,1,1,0.00000,0.11648,0
30.1980,0,map,FR,29,31.0500,2.49292,0.21225,nan,2.54292,0.21225,0.02200,nan,0.00000,nan,0,1,0.05000,0.15119,0
30.1980,0,map,BR,22,30.8400,2.37172,0.51815,nan,2.52172,0.51815,0.02200,nan,0.00000,nan,0,1,0.15000,0.18838,0
30.3400,0,map,FL,9,30.6000,2.28062,0.34918,nan,2.53062,0.34918,0.02200,nan,0.00000,nan,0,1,0.25000,0.25259,0
30.3420,0,map,FL,39,31.5000,2.15104,0.24196,nan,2.50104,0.24196,0.02200,nan,0.00000,nan,0,1,0.35000,0.35400,0
30.3420,0,map,BL,2,30.3900,2.22410,0.62123,nan,1.97410,0.62123,0.02200,nan,0.00000,nan,0,1,0.25000,0.28365,0
30.3420,0,map,BL,32,31.2900,2.06630,0.52722,nan,1.96630,0.52722,0.02200,nan,0.00000,nan,0,1,0.10000,0.10602,0
30.3420,0,map,FR,24,31.0500,2.03250,0.45664,nan,1.98250,0.45664,0.02200,nan,0.00000,nan,0,1,0.05000,0.11578,0
30.3420,0,map,BR,17,30.8400,1.98563,0.69882,1.00000,1.98563,0.69882,0.02200,nan,0.00000,nan,0,1,0.00000,0.07447,0
30.4620,0,map,FL,5,30.6000,2.47076,0.43634,nan,2.52076,0.43634,0.02200,nan,0.00000,nan,0,1,0.05000,0.09100,0
30.4620,0,map,FL,35,31.5000,2.57612,0.16454,1.00000,2.57612,0.16454,0.02200,0.00000,0.00000,1.00000,1,1,0.00000,0.06807,0
30.4620,0,map,BL,28,31.2900,2.40587,0.55207,nan,2.50587,0.55207,0.02200,nan,0.00000,nan,0,1,0.10000,0.12403,0
30.4620,0,map,FR,20,31.0500,2.25881,0.20786,nan,1.95881,0.30786,0.02200,nan,0.00000,nan,0,1,0.31623,0.33051,0
30.4620,0,map,BR,13,30.8400,2.12878,0.48595,nan,1.97878,0.53595,0.02200,nan,0.00000,nan,0,1,0.15811,0.15823,0
30.5840,0,map,FL,1,30.6000,2.41018,0.40970,nan,2.51018,0.40970,0.02200,nan,0.00000,nan,0,1,0.10000,0.10046,0
30.5840,0,map,FL,31,31.5000,2.45090,0.13673,nan,2.50090,0.18673,0.02200,nan,0.00000,nan,0,1,0.07071,0.16831,0
30.5860,0,map,BL,24,31.2900,2.38667,0.32895,nan,2.53667,0.37895,0.02200,nan,0.00000,nan,0,1,0.15811,0.18454,0
30.5860,0,map,FR,16,31.0500,2.23121,0.09002,nan,1.98121,0.19002,0.02200,nan,0.00000,nan,0,1,0.26926,0.29075,0
30.5860,0,map,BR,9,30.8400,2.15011,0.37210,nan,1.95011,0.47210,0.02200,nan,0.00000,nan,0,1,0.22361,0.31214,0
30.5860,0,map,BR,39,31.7400,2.19725,-0.02543,nan,1.99725,0.07457,0.02200,nan,0.00000,nan,0,1,0.22361,0.25310,0
30.7060,0,map,FL,27,31.5000,2.26822,0.26169,nan,2.51822,0.26169,0.02200,nan,0.00000,nan,0,1,0.25000,0.31724,0
30.7060,0,map,BL,20,31.2900,2.26250,0.50452,nan,2.51250,0.50452,0.02200,nan,0.00000,nan,0,1,0.25000,0.25713,0
30.7060,0,map,FR,12,31.0500,2.16324,0.24916,nan,1.96324,0.24916,0.02200,nan,0.00000,nan,0,1,0.20000,0.23173,0
30.7060,0,map,BR,5,30.8400,2.18715,0.46936,nan,1.98715,0.51936,0.02200,nan,0.00000,nan,0,1,0.20616,0.29308,0
30.7060,0,map,BR,35,31.7400,2.03510,0.29112,nan,1.98510,0.24112,0.02200,nan,0.00000,nan,0,1,0.07071,0.09395,0
30.8220,0,map,FL,23,31.5000,2.28525,0.23504,nan,2.53525,0.28504,0.02200,nan,0.00000,nan,0,1,0.25495,0.26709,0
30.8220,0,map,BL,16,31.2900,2.19776,0.58889,nan,1.99776,0.58889,0.02200,nan,0.00000,nan,0,1,0.20000,0.22561,0
30.8220,0,map,FR,8,31.0500,2.12393,0.24475,nan,1.97393,0.29475,0.02200,nan,0.00000,nan,0,1,0.15811,0.18571,0
30.8220,0,map,FR,38,31.9500,1.90498,0.04586,1.00000,1.90498,0.04586,0.02200,0.00000,0.00000,1.00000,1,1,0.00000,0.07652,0
30.8220,0,map,BR,1,30.8400,2.04836,0.64763,nan,1.99836,0.64763,0.02200,nan,0.00000,nan,0,1,0.05000,0.11563,0
30.8220,0,map,BR,31,31.7400,1.83521,0.36200,1.00000,1.83521,0.36200,0.02200,0.00000,0.00000,1.00000,1,1,0.00000,0.07857,0
30.9460,0,map,FL,19,31.5000,2.71158,0.39758,1.00000,2.71158,0.39758,0.02200,0.00000,0.00000,1.00000,1,1,0.00000,0.17404,0
30.9460,0,map,BL,12,31.2900,2.60029,0.68883,1.00000,2.60029,0.68883,0.02200,0.00000,0.00000,1.00000,1,1,0.00000,0.18945,0
30.9460,0,map,FR,4,31.0500,2.38119,0.35202,nan,2.53119,0.35202,0.02200,nan,0.00000,nan,0,1,0.15000,0.15419,0
30.9460,0,map,FR,34,31.9500,2.67818,0.28290,1.00000,2.67818,0.28290,0.02200,0.00000,0.00000,1.00000,1,1,0.00000,0.12979,0
30.9460,0,map,BR,27,31.7400,2.61301,0.57606,1.00000,2.61301,0.57606,0.02200,0.00000,0.00000,1.00000,1,1,0.00000,0.16997,0
31.0680,0,map,FL,15,31.5000,2.52631,0.25802,1.00000,2.52631,0.25802,0.02200,nan,0.00000,nan,0,1,0.00000,0.06721,0
31.0680,0,map,BL,8,31.2900,2.37457,0.66410,nan,2.52457,0.66410,0.02200,nan,0.00000,nan,0,1,0.15000,0.15975,0
31.0680,0,map,BL,38,32.1900,2.50890,0.50075,1.00000,2.50890,0.50075,0.02200,nan,0.00000,nan,0,1,0.00000,0.05933,0
31.0680,0,map,FR,30,31.9500,2.35542,0.08065,nan,2.50542,0.13065,0.02200,nan,0.00000,nan,0,1,0.15811,0.18812,0
31.0680,0,map,BR,23,31.7400,2.16605,0.46917,nan,2.51605,0.61917,0.02200,nan,0.00000,nan,0,1,0.38079,0.39342,0
31.1880,0,map,FL,11,31.5000,2.49847,0.26543,nan,2.54847,0.26543,0.02200,nan,0.00000,nan,0,1,0.05000,0.08660,0
31.1880,0,map,BL,4,31.2900,2.36858,0.69580,nan,2.51858,0.69580,0.02200,nan,0.00000,nan,0,1,0.15000,0.16490,0
31.1880,0,map,BL,34,32.1900,2.42620,0.44371,nan,2.52620,0.49371,0.02200,nan,0.00000,nan,0,1,0.11180,0.12693,0
31.1880,0,map,FR,26,31.9500,2.25608,0.06322,nan,2.50608,0.21322,0.02200,nan,0.00000,nan,0,1,0.29155,0.29635,0
31.1880,0,map,BR,19,31.7400,2.12638,0.48794,nan,1.97638,0.53794,0.02200,nan,0.00000,nan,0,1,0.15811,0.17432,0
31.3060,0,map,FL,7,31.5000,2.20901,0.44357,nan,2.50901,0.39357,0.02200,nan,0.00000,nan,0,1,0.30414,0.31776,0
31.3060,0,map,FL,37,32.4000,1.90034,0.02971,1.00000,1.90034,0.02971,0.02200,0.00000,0.00000,1.00000,1,1,0.00000,0.16981,0
31.3060,0,map,BL,30,32.1900,1.93712,0.34608,1.00000,1.93712,0.34608,0.02200,0.00000,0.00000,1.00000,1,1,0.00000,0.12870,0
31.3060,0,map,FR,22,31.9500,1.89609,0.08541,1.00000,1.89609,0.08541,0.02200,0.00000,0.00000,1.00000,1,1,0.00000,0.19096,0
31.3060,0,map,BR,15,31.7400,1.95211,0.31324,1.00000,1.95211,0.31324,0.02200,nan,0.00000,nan,0,1,0.00000,0.16828,0
31.4240,0,map,FL,3,31.5000,2.40824,0.44374,nan,2.50824,0.44374,0.02200,nan,0.00000,nan,0,1,0.10000,0.12273,0
31.4240,0,map,FL,33,32.4000,2.55174,0.20858,1.00000,2.55174,0.20858,0.02200,0.00000,0.00000,1.00000,1,1,0.00000,0.09638,0
31.4240,0,map,BL,26,32.1900,2.36680,0.56231,nan,1.96680,0.46231,0.02200,nan,0.00000,nan,0,1,0.41231,0.41685,0
31.4240,0,map,FR,18,31.9500,2.22435,0.26573,nan,1.97435,0.26573,0.02200,nan,0.00000,nan,0,1,0.25000,0.27979,0
31.4240,0,map,BR,11,31.7400,2.13705,0.51497,nan,1.98705,0.51497,0.02200,nan,0.00000,nan,0,1,0.15000,0.17140,0
31.5380,0,map,FL,29,32.4000,2.55357,0.10514,1.00000,2.55357,0.10514,0.02200,0.00000,0.00000,1.00000,1,1,0.00000,0.07056,0
31.5380,0,map,BL,22,32.1900,2.41956,0.53252,nan,2.51956,0.53252,0.02200,nan,0.00000,nan,0,1,0.10000,0.12259,0
31.5380,0,map,FR,14,31.9500,2.24444,0.14256,nan,1.99444,0.24256,0.02200,nan,0.00000,nan,0,1,0.26926,0.28049,0
31.5380,0,map,BR,7,31.7400,2.11006,0.57689,nan,1.96006,0.57689,0.02200,nan,0.00000,nan,0,1,0.15000,0.16863,0
31.5380,0,map,BR,37,32.6400,2.18987,0.31256,nan,1.98987,0.36256,0.02200,nan,0.00000,nan,0,1,0.20616,0.21715,0
31.6560,0,map,FL,25,32.4000,2.57174,0.41065,1.00000,2.57174,0.41065,0.02200,0.00000,0.00000,1.00000,1,1,0.00000,0.10593,0
31.6560,0,map,BL,18,32.1900,2.51299,0.48746,1.00000,2.51299,0.48746,0.02200,nan,0.00000,nan,0,1,0.00000,0.09967,0
31.6560,0,map,FR,10,31.9500,2.26390,0.34981,nan,1.96390,0.34981,0.02200,nan,0.00000,nan,0,1,0.30000,0.30564,0
31.6560,0,map,BR,3,31.7400,2.28286,0.52860,nan,1.98286,0.62860,0.02200,nan,0.00000,nan,0,1,0.31623,0.36110,0
31.6560,0,map,BR,33,32.6400,2.36838,0.21285,nan,2.51838,0.26285,0.02200,nan,0.00000,nan,0,1,0.15811,0.17182,0
31.7720,0,map,FL,21,32.4000,2.06064,0.45215,nan,1.96064,0.45215,0.02200,nan,0.00000,nan,0,1,0.10000,0.18385,0
31.7720,0,map,BL,14,32.1900,2.11226,0.72413,nan,1.96226,0.72413,0.02200,nan,0.00000,nan,0,1,0.15000,0.18532,0
31.7720,0,map,FR,6,31.9500,2.06248,0.34487,nan,1.96248,0.34487,0.02200,nan,0.00000,nan,0,1,0.10000,0.20163,0
31.7720,0,map,FR,36,32.8500,1.56669,0.31835,1.00000,1.56669,0.31835,0.02200,0.00000,0.00000,1.00000,1,1,0.00000,0.12921,0
31.7720,0,map,BR,29,32.6400,1.66860,0.60095,1.00000,1.66860,0.60095,0.02200,0.00000,0.00000,1.00000,1,1,0.00000,0.13913,0
31.8880,0,map,FL,18,32.4000,2.53145,0.19238,1.00000,2.53145,0.19238,0.02200,nan,0.00000,nan,0,1,0.00000,0.06637,0
31.8880,0,map,BL,11,32.1900,2.43077,0.61390,nan,2.53077,0.61390,0.02200,nan,0.00000,nan,0,1,0.10000,0.11975,0
31.8880,0,map,FR,3,31.9500,2.22103,0.26279,nan,1.97103,0.31279,0.02200,nan,0.00000,nan,0,1,0.25495,0.26647,0
31.8880,0,map,FR,33,32.8500,2.22394,0.00343,nan,1.97394,0.10343,0.02200,nan,0.00000,nan,0,1,0.26926,0.29566,0
31.8880,0,map,BR,26,32.6400,2.16194,0.43726,nan,1.96194,0.48726,0.02200,nan,0.00000,nan,0,1,0.20616,0.22492,0
32.0060,0,map,FL,14,32.4000,2.66545,0.34796,1.00000,2.66545,0.34796,0.02200,0.00000,0.00000,1.00000,1,1,0.00000,0.17027,0
32.0060,0,map,BL,7,32.1900,2.41868,0.64486,nan,2.51868,0.64486,0.02200,nan,0.00000,nan,0,1,0.10000,0.27767,0
32.0060,0,map,BL,37,33.0900,3.05607,0.21643,1.00000,3.05607,0.21643,0.02200,0.00000,0.00000,1.00000,1,1,0.00000,0.18559,0
32.0060,0,map,FR,29,32.8500,2.64553,0.25795,1.00000,2.64553,0.25795,0.02200,0.00000,0.00000,1.00000,1,1,0.00000,0.14196,0
32.0060,0,map,BR,22,32.6400,2.50800,0.46963,1.00000,2.50800,0.46963,0.02200,nan,0.00000,nan,0,1,0.00000,0.23068,0
32.1520,0,map,FL,9,32.4000,2.45356,0.32363,nan,2.50356,0.32363,0.02200,nan,0.00000,nan,0,1,0.05000,0.15105,0
32.1520,0,map,FL,39,33.3000,2.49906,0.00640,nan,2.54906,0.00640,0.02200,nan,0.00000,nan,0,1,0.05000,0.07909,0
32.1520,0,map,BL,2,32.1900,2.37074,0.68395,nan,2.52074,0.68395,0.02200,nan,0.00000,nan,0,1,0.15000,0.19183,0
32.1520,0,map,BL,32,33.0900,2.48540,0.43434,nan,2.53540,0.43434,0.02200,nan,0.00000,nan,0,1,0.05000,0.07931,0
32.1520,0,map,FR,24,32.8500,2.21098,0.13007,nan,2.51098,0.28007,0.02200,nan,0.00000,nan,0,1,0.33541,0.34589,0
32.1520,0,map,BR,17,32.6400,2.18991,0.48994,nan,1.98991,0.53994,0.02200,nan,0.00000,nan,0,1,0.20616,0.20457,0
32.2700,0,map,FL,5,32.4000,2.19513,0.31621,nan,1.99513,0.31621,0.02200,nan,0.00000,nan,0,1,0.20000,0.26344,0
32.2700,0,map,FL,35,33.3000,1.65584,0.01057,1.00000,1.65584,0.01057,0.02200,0.00000,0.00000,1.00000,1,1,0.00000,0.19937,0
32.2700,0,map,BL,28,33.0900,1.75008,0.39160,1.00000,1.75008,0.39160,0.02200,0.00000,0.00000,1.00000,1,1,0.00000,0.24314,0
32.2700,0,map,FR,20,32.8500,1.75574,0.25003,1.00000,1.75574,0.25003,0.02200,0.00000,0.00000,1.00000,1,1,0.00000,0.20111,0
32.2700,0,map,BR,13,32.6400,1.78966,0.60133,1.00000,1.78966,0.60133,0.02200,0.00000,0.00000,1.00000,1,1,0.00000,0.15127,0
32.3880,0,map,FL,1,32.4000,2.37926,0.36004,nan,2.52926,0.36004,0.02200,nan,0.00000,nan,0,1,0.15000,0.15398,0
32.3880,0,map,FL,31,33.3000,2.32350,0.23222,nan,1.97350,0.18222,0.02200,nan,0.00000,nan,0,1,0.35355,0.35515,0
32.3880,0,map,BL,24,33.0900,2.34394,0.49260,nan,1.99394,0.49260,0.02200,nan,0.00000,nan,0,1,0.35000,0.35129,0
32.3880,0,map,FR,16,32.8500,2.12526,0.34836,nan,1.97526,0.34836,0.02200,nan,0.00000,nan,0,1,0.15000,0.16352,0
32.3880,0,map,BR,9,32.6400,2.12505,0.66106,nan,1.97505,0.66106,0.02200,nan,0.00000,nan,0,1,0.15000,0.16880,0
32.3880,0,map,BR,39,33.5400,2.00510,0.48402,nan,1.95510,0.48402,0.02200,nan,0.00000,nan,0,1,0.05000,0.07292,0
32.5080,0,map,FL,27,33.3000,2.54408,0.13518,1.00000,2.54408,0.13518,0.02200,nan,0.00000,nan,0,1,0.00000,0.06597,0
32.5080,0,map,BL,20,33.0900,2.41121,0.56195,nan,2.51121,0.56195,0.02200,nan,0.00000,nan,0,1,0.10000,0.12041,0
32.5080,0,map,FR,12,32.8500,2.23748,0.16895,nan,1.98748,0.26895,0.02200,nan,0.00000,nan,0,1,0.26926,0.28004,0
32.5080,0,map,BR,5,32.6400,2.10318,0.60150,nan,1.95318,0.65150,0.02200,nan,0.00000,nan,0,1,0.15811,0.17411,0
32.5080,0,map,BR,35,33.5400,2.17838,0.35047,nan,1.97838,0.45047,0.02200,nan,0.00000,nan,0,1,0.22361,0.23419,0
32.6240,0,map,FL,23,33.3000,2.67360,0.39971,1.00000,2.67360,0.39971,0.02200,0.00000,0.00000,1.00000,1,1,0.00000,0.19611,0
32.6240,0,map,BL,16,33.0900,2.56194,0.56533,1.00000,2.56194,0.56533,0.02200,0.00000,0.00000,1.00000,1,1,0.00000,0.14522,0
32.6240,0,map,FR,8,32.8500,2.37825,0.31489,nan,2.52825,0.31489,0.02200,nan,0.00000,nan,0,1,0.15000,0.17030,0
32.6240,0,map,FR,38,33.7500,2.67867,0.03259,1.00000,2.67867,0.03259,0.02200,0.00000,0.00000,1.00000,1,1,0.00000,0.12723,0
32.6240,0,map,BR,1,32.6400,2.34640,0.55853,nan,1.99640,0.65853,0.02200,nan,0.00000,nan,0,1,0.36401,0.42750,0
32.6240,0,map,BR,31,33.5400,2.56280,0.26399,1.00000,2.56280,0.26399,0.02200,0.00000,0.00000,1.00000,1,1,0.00000,0.09537,0
32.7400,0,map,FL,19,33.3000,2.38296,0.27902,nan,2.53296,0.32902,0.02200,nan,0.00000,nan,0,1,0.15811,0.15331,0
32.7400,0,map,BL,12,33.0900,2.29870,0.65105,nan,2.54870,0.65105,0.02200,nan,0.00000,nan,0,1,0.25000,0.25211,0
32.7400,0,map,FR,4,32.8500,2.17378,0.27727,nan,2.52378,0.37727,0.02200,nan,0.00000,nan,0,1,0.36401,0.37115,0
32.7400,0,map,FR,34,33.7500,2.07278,0.13175,nan,1.97278,0.13175,0.02200,nan,0.00000,nan,0,1,0.10000,0.12300,0
32.7400,0,map,BR,27,33.5400,1.97492,0.51529,1.00000,1.97492,0.51529,0.02200,nan,0.00000,nan,0,1,0.00000,0.03126,0
32.8580,0,map,FL,15,33.3000,2.51476,0.22698,1.00000,2.51476,0.22698,0.02200,nan,0.00000,nan,0,1,0.00000,0.07403,0
32.8580,0,map,BL,8,33.0900,2.38252,0.65869,nan,2.53252,0.65869,0.02200,nan,0.00000,nan,0,1,0.15000,0.16547,0
32.8580,0,map,BL,38,33.9900,2.45244,0.40760,nan,2.50244,0.40760,0.02200,nan,0.00000,nan,0,1,0.05000,0.08247,0
32.8580,0,map,FR,30,33.7500,2.27821,0.02390,nan,1.97821,0.12390,0.02200,nan,0.00000,nan,0,1,0.31623,0.32442,0
32.8580,0,map,BR,23,33.5400,2.14569,0.45062,nan,1.99569,0.50062,0.02200,nan,0.00000,nan,0,1,0.15811,0.17284,0
32.9800,0,map,FL,11,33.3000,2.50046,0.25462,1.00000,2.50046,0.25462,0.02200,nan,0.00000,nan,0,1,0.00000,0.07613,0
32.9800,0,map,BL,4,33.0900,2.37083,0.68801,nan,2.52083,0.68801,0.02200,nan,0.00000,nan,0,1,0.15000,0.16691,0
32.9800,0,map,BL,34,33.9900,2.43077,0.42494,nan,2.53077,0.47494,0.02200,nan,0.00000,nan,0,1,0.11180,0.12871,0
32.9800,0,map,FR,26,33.7500,2.25927,0.04430,nan,1.95927,0.14430,0.02200,nan,0.00000,nan,0,1,0.31623,0.32636,0
32.9800,0,map,BR,19,33.5400,2.13000,0.47241,nan,1.98000,0.52241,0.02200,nan,0.00000,nan,0,1,0.15811,0.17508,0
33.0960,0,map,FL,7,33.3000,2.29153,0.44057,nan,2.54153,0.39057,0.02200,nan,0.00000,nan,0,1,0.25495,0.26195,0
33.0960,0,map,FL,37,34.2000,2.10225,0.14562,nan,2.50225,0.14562,0.02200,nan,0.00000,nan,0,1,0.40000,0.41898,0
33.0960,0,map,BL,30,33.9900,2.15354,0.19078,nan,2.50354,0.39078,0.02200,nan,0.00000,nan,0,1,0.40311,0.42014,0
33.0960,0,map,FR,22,33.7500,1.96678,0.19117,1.00000,1.96678,0.19117,0.02200,nan,0.00000,nan,0,1,0.00000,0.11046,0
33.0960,0,map,BR,15,33.5400,2.01045,0.27388,nan,1.96045,0.32388,0.02200,nan,0.00000,nan,0,1,0.07071,0.17272,0
33.2120,0,map,FL,3,33.3000,2.41969,0.34725,nan,2.51969,0.34725,0.02200,nan,0.00000,nan,0,1,0.10000,0.10629,0
33.2120,0,map,FL,33,34.2000,2.37992,0.29965,nan,2.52992,0.24965,0.02200,nan,0.00000,nan,0,1,0.15811,0.16330,0
33.2120,0,map,BL,26,33.9900,2.42018,0.23812,nan,2.52018,0.28812,0.02200,nan,0.00000,nan,0,1,0.11180,0.15459,0
33.2120,0,map,FR,18,33.7500,2.12877,0.33818,nan,1.97877,0.33818,0.02200,nan,0.00000,nan,0,1,0.15000,0.15095,0
33.2120,0,map,BR,11,33.5400,2.11014,0.46620,nan,1.96014,0.46620,0.02200,nan,0.00000,nan,0,1,0.15000,0.23013,0
33.3280,0,map,FL,30,34.2000,2.29013,0.28161,nan,2.54013,0.28161,0.02200,nan,0.00000,nan,0,1,0.25000,0.25789,0
33.3280,0,map,BL,23,33.9900,2.09607,0.37137,nan,1.99607,0.37137,0.02200,nan,0.00000,nan,0,1,0.10000,0.17093,0
33.3280,0,map,FR,15,33.7500,2.22231,0.20755,nan,1.97231,0.30755,0.02200,nan,0.00000,nan,0,1,0.26926,0.29320,0
33.3280,0,map,BR,8,33.5400,2.11035,0.43607,nan,1.96035,0.48607,0.02200,nan,0.00000,nan,0,1,0.15811,0.23886,0
33.3280,0,map,BR,38,34.4400,1.90015,0.00394,1.00000,1.90015,0.00394,0.02200,0.00000,0.00000,1.00000,1,1,0.00000,0.08320,0
33.4460,0,map,FL,26,34.2000,2.24081,0.38469,nan,2.54081,0.33469,0.02200,nan,0.00000,nan,0,1,0.30414,0.31205,0
33.4460,0,map,BL,19,33.9900,2.20653,0.68017,nan,1.95653,0.58017,0.02200,nan,0.00000,nan,0,1,0.26926,0.27761,0
33.4460,0,map,FR,11,33.7500,2.10416,0.29281,nan,1.95416,0.29281,0.02200,nan,0.00000,nan,0,1,0.15000,0.16941,0
33.4460,0,map,BR,4,33.5400,2.07454,0.62839,nan,1.97454,0.62839,0.02200,nan,0.00000,nan,0,1,0.10000,0.14335,0
33.4460,0,map,BR,34,34.4400,1.82384,0.52536,1.00000,1.82384,0.52536,0.02200,0.00000,0.00000,1.00000,1,1,0.00000,0.05925,0
33.5660,0,map,FL,22,34.2000,2.54068,0.19171,1.00000,2.54068,0.19171,0.02200,nan,0.00000,nan,0,1,0.00000,0.06266,0
33.5660,0,map,BL,15,33.9900,2.40842,0.61122,nan,2.50842,0.61122,0.02200,nan,0.00000,nan,0,1,0.10000,0.12313,0
33.5660,0,map,FR,7,33.7500,2.22933,0.22110,nan,1.97933,0.27110,0.02200,nan,0.00000,nan,0,1,0.25495,0.26466,0
33.5660,0,map,FR,37,34.6500,2.31029,-0.01306,nan,1.96029,0.13694,0.02200,nan,0.00000,nan,0,1,0.38079,0.38645,0
33.5660,0,map,BR,30,34.4400,2.17702,0.40873,nan,1.97702,0.45873,0.02200,nan,0.00000,nan,0,1,0.20616,0.21590,0
33.6840,0,map,FL,18,34.2000,2.59442,0.17721,1.00000,2.59442,0.17721,0.02200,0.00000,0.00000,1.00000,1,1,0.00000,0.11851,0
33.6840,0,map,BL,11,33.9900,2.44774,0.59795,nan,2.54774,0.59795,0.02200,nan,0.00000,nan,0,1,0.10000,0.13543,0
33.6840,0,map,FR,3,33.7500,2.23807,0.26361,nan,1.98807,0.31361,0.02200,nan,0.00000,nan,0,1,0.25495,0.27356,0
33.6840,0,map,FR,33,34.6500,2.42414,-0.11142,nan,2.52414,-0.11142,0.02200,nan,0.00000,nan,0,1,0.10000,0.17322,0
33.6860,0,map,BR,26,34.4400,2.27865,0.35345,nan,1.97865,0.45345,0.02200,nan,0.00000,nan,0,1,0.31623,0.32295,0
33.8040,0,map,FL,14,34.2000,2.55161,0.23185,1.00000,2.55161,0.23185,0.02200,0.00000,0.00000,1.00000,1,1,0.00000,0.09852,0
33.8040,0,map,BL,7,33.9900,2.40362,0.67356,nan,2.50362,0.67356,0.02200,nan,0.00000,nan,0,1,0.10000,0.13227,0
33.8040,0,map,BL,37,34.8900,2.61106,0.37500,1.00000,2.61106,0.37500,0.02200,0.00000,0.00000,1.00000,1,1,0.00000,0.10261,0
33.8040,0,map,FR,29,34.6500,2.34730,0.02256,nan,2.54730,0.02256,0.02200,nan,0.00000,nan,0,1,0.20000,0.22292,0
33.8040,0,map,BR,22,34.4400,2.22746,0.47341,nan,1.97746,0.52341,0.02200,nan,0.00000,nan,0,1,0.25495,0.26547,0
33.9240,0,map,FL,10,34.2000,2.36514,0.45732,nan,2.51514,0.40732,0.02200,nan,0.00000,nan,0,1,0.15811,0.16837,0
33.9240,0,map,BL,3,33.9900,2.28762,0.72268,nan,2.53762,0.72268,0.02200,nan,0.00000,nan,0,1,0.25000,0.26010,0
33.9240,0,map,BL,33,34.8900,2.28027,0.56134,nan,2.53027,0.51134,0.02200,nan,0.00000,nan,0,1,0.25495,0.25690,0
33.9240,0,map,FR,25,34.6500,2.16644,0.20387,nan,2.51644,0.20387,0.02200,nan,0.00000,nan,0,1,0.35000,0.35528,0
33.9240,0,map,BR,18,34.4400,2.08486,0.45429,nan,1.98486,0.50429,0.02200,nan,0.00000,nan,0,1,0.11180,0.11486,0
34.0400,0,map,FL,6,34.2000,2.48587,0.30930,nan,2.53587,0.30930,0.02200,nan,0.00000,nan,0,1,0.05000,0.08629,0
34.0400,0,map,FL,36,35.1000,2.55058,0.07250,1.00000,2.55058,0.07250,0.02200,0.00000,0.00000,1.00000,1,1,0.00000,0.06379,0
34.0400,0,map,BL,29,34.8900,2.41522,0.49499,nan,2.51522,0.54499,0.02200,nan,0.00000,nan,0,1,0.11180,0.12692,0
34.0420,0,map,FR,21,34.6500,2.24604,0.10933,nan,2.54604,0.25933,0.02200,nan,0.00000,nan,0,1,0.33541,0.33993,0
34.0420,0,map,BR,14,34.4400,2.11463,0.53026,nan,1.96463,0.58026,0.02200,nan,0.00000,nan,0,1,0.15811,0.17565,0
34.1580,0,map,FL,2,34.2000,2.41242,0.33818,nan,2.51242,0.33818,0.02200,nan,0.00000,nan,0,1,0.10000,0.11982,0
34.1580,0,map,FL,32,35.1000,2.40809,-0.07878,nan,2.50809,-0.02878,0.02200,nan,0.00000,nan,0,1,0.11180,0.25084,0
34.1580,0,map,BL,25,34.8900,2.37979,0.32822,nan,2.52979,0.37822,0.02200,nan,0.00000,nan,0,1,0.15811,0.28632,0
34.1580,0,map,FR,17,34.6500,2.20324,0.13708,nan,2.50324,0.28708,0.02200,nan,0.00000,nan,0,1,0.33541,0.34298,0
34.1580,0,map,BR,10,34.4400,2.11656,0.52062,nan,1.96656,0.57062,0.02200,nan,0.00000,nan,0,1,0.15811,0.21516,0
34.2760,0,map,FL,28,35.1000,2.53884,0.13386,1.00000,2.53884,0.13386,0.02200,nan,0.00000,nan,0,1,0.00000,0.06366,0
34.2760,0,map,BL,21,34.8900,2.40662,0.55846,nan,2.50662,0.55846,0.02200,nan,0.00000,nan,0,1,0.10000,0.11848,0
34.2760,0,map,FR,13,34.6500,2.23687,0.16564,nan,2.53687,0.26564,0.02200,nan,0.00000,nan,0,1,0.31623,0.32401,0
34.2760,0,map,BR,6,34.4400,2.10361,0.59655,nan,1.95361,0.59655,0.02200,nan,0.00000,nan,0,1,0.15000,0.16625,0
34.2760,0,map,BR,36,35.3400,2.16647,0.34592,nan,1.96647,0.29592,0.02200,nan,0.00000,nan,0,1,0.20616,0.21847,0
34.3940,0,map,FL,24,35.1000,2.60292,0.21779,1.00000,2.60292,0.21779,0.02200,0.00000,0.00000,1.00000,1,1,0.00000,0.06540,0
34.3940,0,map,BL,17,34.8900,2.46399,0.58619,nan,2.51399,0.58619,0.02200,nan,0.00000,nan,0,1,0.05000,0.10109,0
34.3940,0,map,FR,9,34.6500,2.26096,0.26622,nan,2.51096,0.31622,0.02200,nan,0.00000,nan,0,1,0.25495,0.26494,0
34.3940,0,map,FR,39,35.5500,2.41093,0.06509,nan,2.51093,0.11509,0.02200,nan,0.00000,nan,0,1,0.11180,0.14386,0
34.3940,0,map,BR,2,34.4400,2.12096,0.65676,nan,1.97096,0.65676,0.02200,nan,0.00000,nan,0,1,0.15000,0.16383,0
34.3940,0,map,BR,32,35.3400,2.27069,0.41734,nan,1.97069,0.41734,0.02200,nan,0.00000,nan,0,1,0.30000,0.30026,0
34.5140,0,map,FL,20,35.1000,2.53670,0.20486,1.00000,2.53670,0.20486,0.02200,nan,0.00000,nan,0,1,0.00000,0.06363,0
34.5140,0,map,BL,13,34.8900,2.40432,0.62105,nan,2.50432,0.62105,0.02200,nan,0.00000,nan,0,1,0.10000,0.12454,0
34.5140,0,map,FR,5,34.6500,2.22409,0.23452,nan,2.52409,0.33452,0.02200,nan,0.00000,nan,0,1,0.31623,0.32532,0
34.5140,0,map,FR,35,35.5500,2.30810,-0.00137,nan,2.50810,0.09863,0.02200,nan,0.00000,nan,0,1,0.22361,0.23488,0
34.5140,0,map,BR,28,35.3400,2.17549,0.41514,nan,1.97549,0.46514,0.02200,nan,0.00000,nan,0,1,0.20616,0.21581,0
34.6300,0,map,FL,16,35.1000,2.51161,0.22970,1.00000,2.51161,0.22970,0.02200,nan,0.00000,nan,0,1,0.00000,0.07132,0
34.6300,0,map,BL,9,34.8900,2.38216,0.65339,nan,2.53216,0.65339,0.02200,nan,0.00000,nan,0,1,0.15000,0.16534,0
34.6300,0,map,BL,39,35.7900,2.44634,0.40000,nan,2.54634,0.45000,0.02200,nan,0.00000,nan,0,1,0.11180,0.13059,0
34.6300,0,map,FR,1,34.6500,2.20690,0.26933,nan,2.50690,0.36933,0.02200,nan,0.00000,nan,0,1,0.31623,0.32389,0
34.6300,0,map,FR,31,35.5500,2.27101,0.02900,nan,2.52101,0.17900,0.02200,nan,0.00000,nan,0,1,0.29155,0.29713,0
34.6300,0,map,BR,24,35.3400,2.14254,0.44349,nan,1.99254,0.49349,0.02200,nan,0.00000,nan,0,1,0.15811,0.17401,0
34.7480,0,map,FL,12,35.1000,2.49431,0.24600,nan,2.54431,0.24600,0.02200,nan,0.00000,nan,0,1,0.05000,0.09081,0
34.7480,0,map,BL,5,34.8900,2.36945,0.68268,nan,2.51945,0.68268,0.02200,nan,0.00000,nan,0,1,0.15000,0.16551,0
34.7480,0,map,BL,35,35.7900,2.41336,0.41807,nan,2.51336,0.46807,0.02200,nan,0.00000,nan,0,1,0.11180,0.12552,0
34.7480,0,map,FR,27,35.5500,2.24055,0.03804,nan,2.54055,0.18804,0.02200,nan,0.00000,nan,0,1,0.33541,0.33587,0
34.7480,0,map,BR,20,35.3400,2.12060,0.47111,nan,1.97060,0.52111,0.02200,nan,0.00000,nan,0,1,0.15811,0.17584,0
34.8640,0,map,FL,8,35.1000,2.14015,0.53436,nan,1.99015,0.48436,0.02200,nan,0.00000,nan,0,1,0.15811,0.18258,0
34.8640,0,map,FL,38,36.0000,1.86904,0.05840,1.00000,1.86904,0.05840,0.02200,0.00000,0.00000,1.00000,1,1,0.00000,0.15457,0
34.8640,0,map,BL,1,34.8900,2.11824,0.59848,nan,1.96824,0.59848,0.02200,nan,0.00000,nan,0,1,0.15000,0.20408,0
34.8640,0,map,BL,31,35.7900,1.92642,0.34965,1.00000,1.92642,0.34965,0.02200,0.00000,0.00000,1.00000,1,1,0.00000,0.12989,0
34.8640,0,map,FR,23,35.5500,1.90263,0.14561,1.00000,1.90263,0.14561,0.02200,0.00000,0.00000,1.00000,1,1,0.00000,0.22570,0
34.8640,0,map,BR,16,35.3400,1.98027,0.26561,1.00000,1.98027,0.26561,0.02200,nan,0.00000,nan,0,1,0.00000,0.15914,0
34.9840,0,map,FL,4,35.1000,2.48219,0.33587,nan,2.53219,0.33587,0.02200,nan,0.00000,nan,0,1,0.05000,0.08185,0
34.9840,0,map,FL,34,36.0000,2.42541,0.10790,nan,2.52541,0.10790,0.02200,nan,0.00000,nan,0,1,0.10000,0.09300,0
34.9840,0,map,BL,27,35.7900,2.37455,0.54661,nan,1.97455,0.44661,0.02200,nan,0.00000,nan,0,1,0.41231,0.44346,0
34.9840,0,map,FR,19,35.5500,2.21911,0.17486,nan,1.96911,0.22486,0.02200,nan,0.00000,nan,0,1,0.25495,0.26858,0
34.9840,0,map,BR,12,35.3400,2.14127,0.59109,nan,1.99127,0.54109,0.02200,nan,0.00000,nan,0,1,0.15811,0.16627,0
35.1000,0,map,FL,30,36.0000,2.56392,0.09851,1.00000,2.56392,0.09851,0.02200,0.00000,0.00000,1.00000,1,1,0.00000,0.06990,0
35.1000,0,map,BL,23,35.7900,2.42553,0.52745,nan,2.52553,0.52745,0.02200,nan,0.00000,nan,0,1,0.10000,0.12213,0
35.1000,0,map,FR,15,35.5500,2.25039,0.13415,nan,1.95039,0.18415,0.02200,nan,0.00000,nan,0,1,0.30414,0.31438,0
35.1020,0,map,BR,8,35.3400,2.11359,0.56888,nan,1.96359,0.56888,0.02200,nan,0.00000,nan,0,1,0.15000,0.16775,0
35.1020,0,map,BR,38,36.2400,2.20074,0.31082,nan,1.95074,0.36082,0.02200,nan,0.00000,nan,0,1,0.25495,0.26203,0
35.2240,0,map,FL,26,36.0000,2.55397,0.13185,1.00000,2.55397,0.13185,0.02200,0.00000,0.00000,1.00000,1,1,0.00000,0.07217,0
35.2240,0,map,BL,19,35.7900,2.42560,0.55109,nan,2.52560,0.55109,0.02200,nan,0.00000,nan,0,1,0.10000,0.12489,0
35.2240,0,map,FR,11,35.5500,2.24322,0.16745,nan,1.99322,0.21745,0.02200,nan,0.00000,nan,0,1,0.25495,0.26474,0
35.2240,0,map,BR,4,35.3400,2.10981,0.59638,nan,1.95981,0.59638,0.02200,nan,0.00000,nan,0,1,0.15000,0.16962,0
35.2240,0,map,BR,34,36.2400,2.20006,0.33371,nan,1.95006,0.43371,0.02200,nan,0.00000,nan,0,1,0.26926,0.27641,0
35.3440,0,map,FL,22,36.0000,2.61537,0.45138,1.00000,2.61537,0.45138,0.02200,0.00000,0.00000,1.00000,1,1,0.00000,0.17323,0
35.3460,0,map,BL,15,35.7900,2.51463,0.56429,1.00000,2.51463,0.56429,0.02200,nan,0.00000,nan,0,1,0.00000,0.14575,0
35.3460,0,map,FR,7,35.5500,2.41811,0.30624,nan,2.51811,0.30624,0.02200,nan,0.00000,nan,0,1,0.10000,0.14243,0
35.3460,0,map,FR,37,36.4500,2.73151,0.04907,1.00000,2.73151,0.04907,0.02200,0.00000,0.00000,1.00000,1,1,0.00000,0.13407,0
35.3460,0,map,BR,30,36.2400,2.62378,0.20534,1.00000,2.62378,0.20534,0.02200,0.00000,0.00000,1.00000,1,1,0.00000,0.09175,0
35.4600,0,map,FL,18,36.0000,2.49557,0.20924,nan,2.54557,0.25924,0.02200,nan,0.00000,nan,0,1,0.07071,0.07898,0
35.4600,0,map,BL,11,35.7900,2.42015,0.55292,nan,2.52015,0.55292,0.02200,nan,0.00000,nan,0,1,0.10000,0.10126,0
35.4600,0,map,FR,3,35.5500,2.22296,0.33233,nan,2.52296,0.38233,0.02200,nan,0.00000,nan,0,1,0.30414,0.34221,0
35.4600,0,map,FR,33,36.4500,2.27517,0.07959,nan,2.52517,0.12959,0.02200,nan,0.00000,nan,0,1,0.25495,0.26177,0
35.4600,0,map,BR,26,36.2400,2.14889,0.47515,nan,2.54889,0.42515,0.02200,nan,0.00000,nan,0,1,0.40311,0.40160,0
35.5740,0,map,FL,15,36.0000,2.51199,0.23295,1.00000,2.51199,0.23295,0.02200,nan,0.00000,nan,0,1,0.00000,0.07276,0
35.5740,0,map,BL,8,35.7900,2.38060,0.65885,nan,2.53060,0.60885,0.02200,nan,0.00000,nan,0,1,0.15811,0.17136,0
35.5740,0,map,BL,38,36.6900,2.45470,0.41201,nan,2.50470,0.41201,0.02200,nan,0.00000,nan,0,1,0.05000,0.08260,0
35.5740,0,map,FR,30,36.4500,2.27713,0.03294,nan,2.52713,0.13294,0.02200,nan,0.00000,nan,0,1,0.26926,0.27730,0
35.5740,0,map,BR,23,36.2400,2.14351,0.45350,nan,1.99351,0.45350,0.02200,nan,0.00000,nan,0,1,0.15000,0.16497,0
35.6920,0,map,FL,11,36.0000,2.27764,0.46604,nan,2.52764,0.41604,0.02200,nan,0.00000,nan,0,1,0.25495,0.26523,0
35.6920,0,map,BL,4,35.7900,2.23804,0.64165,nan,2.53804,0.64165,0.02200,nan,0.00000,nan,0,1,0.30000,0.32740,0
35.6920,0,map,BL,34,36.6900,2.17144,0.28726,nan,2.52144,0.43726,0.02200,nan,0.00000,nan,0,1,0.38079,0.39410,0
35.6920,0,map,FR,26,36.4500,2.06568,0.12045,nan,1.96568,0.12045,0.02200,nan,0.00000,nan,0,1,0.10000,0.14096,0
35.6920,0,map,BR,19,36.2400,2.09291,0.22487,nan,1.99291,0.27487,0.02200,nan,0.00000,nan,0,1,0.11180,0.15737,0
35.8120,0,map,FL,7,36.0000,2.43892,0.33707,nan,2.53892,0.33707,0.02200,nan,0.00000,nan,0,1,0.10000,0.10216,0
35.8120,0,map,FL,37,36.9000,2.48731,0.18774,nan,2.53731,0.18774,0.02200,nan,0.00000,nan,0,1,0.05000,0.06048,0
35.8140,0,map,BL,30,36.6900,2.36365,0.51553,nan,2.51365,0.51553,0.02200,nan,0.00000,nan,0,1,0.15000,0.15211,0
35.8140,0,map,FR,22,36.4500,2.22121,0.30044,nan,1.97121,0.30044,0.02200,nan,0.00000,nan,0,1,0.25000,0.25506,0
35.8140,0,map,BR,15,36.2400,2.10071,0.61796,nan,1.95071,0.56796,0.02200,nan,0.00000,nan,0,1,0.15811,0.16264,0
35.9300,0,map,FL,3,36.0000,2.26888,0.42278,nan,2.51888,0.37278,0.02200,nan,0.00000,nan,0,1,0.25495,0.27049,0
35.9300,0,map,FL,33,36.9000,2.10559,0.15420,nan,2.50559,0.25420,0.02200,nan,0.00000,nan,0,1,0.41231,0.43735,0
35.9300,0,map,BL,26,36.6900,2.09744,0.28392,nan,1.99744,0.33392,0.02200,nan,0.00000,nan,0,1,0.11180,0.17103,0
35.9300,0,map,FR,18,36.4500,2.14836,0.08081,nan,1.99836,0.13081,0.02200,nan,0.00000,nan,0,1,0.15811,0.20561,0
35.9300,0,map,BR,11,36.2400,2.09218,0.31265,nan,1.99218,0.36265,0.02200,nan,0.00000,nan,0,1,0.11180,0.26465,0
36.0480,0,map,FL,29,36.9000,2.52970,0.16134,1.00000,2.52970,0.16134,0.02200,nan,0.00000,nan,0,1,0.00000,0.01995,0
36.0480,0,map,BL,22,36.6900,2.42850,0.56284,nan,2.52850,0.56284,0.02200,nan,0.00000,nan,0,1,0.10000,0.11440,0
36.0480,0,map,FR,14,36.4500,2.25110,0.15614,nan,1.95110,0.20614,0.02200,nan,0.00000,nan,0,1,0.30414,0.31376,0
36.0480,0,map,BR,7,36.2400,2.16354,0.60566,nan,1.96354,0.55566,0.02200,nan,0.00000,nan,0,1,0.20616,0.22996,0
36.0480,0,map,BR,37,37.1400,2.12595,0.46765,nan,1.97595,0.36765,0.02200,nan,0.00000,nan,0,1,0.18028,0.18198,0
36.1640,0,map,FL,25,36.9000,2.48643,0.35318,nan,2.53643,0.35318,0.02200,nan,0.00000,nan,0,1,0.05000,0.08129,0
36.1640,0,map,BL,18,36.6900,2.46994,0.48219,nan,2.51994,0.48219,0.02200,nan,0.00000,nan,0,1,0.05000,0.07265,0
36.1640,0,map,FR,10,36.4500,2.18117,0.50938,nan,1.98117,0.45938,0.02200,nan,0.00000,nan,0,1,0.20616,0.21895,0
36.1640,0,map,BR,3,36.2400,2.22391,0.67149,nan,1.97391,0.67149,0.02200,nan,0.00000,nan,0,1,0.25000,0.27843,0
36.1640,0,map,BR,33,37.1400,2.31133,0.54615,nan,1.96133,0.44615,0.02200,nan,0.00000,nan,0,1,0.36401,0.36638,0
36.2840,0,map,FL,21,36.9000,2.01949,0.68252,nan,1.96949,0.68252,0.02200,nan,0.00000,nan,0,1,0.05000,0.09355,0
36.2840,0,map,BL,14,36.6900,2.15107,0.59286,nan,1.95107,0.59286,0.02200,nan,0.00000,nan,0,1,0.20000,0.23129,0
36.2840,0,map,FR,6,36.4500,2.05943,0.51252,nan,1.95943,0.51252,0.02200,nan,0.00000,nan,0,1,0.10000,0.26005,0
36.2840,0,map,FR,36,37.3500,1.59994,0.52131,1.00000,1.59994,0.52131,0.02200,0.00000,0.00000,1.00000,1,1,0.00000,0.09966,0
36.2840,0,map,BR,29,37.1400,1.71233,0.50271,1.00000,1.71233,0.50271,0.02200,0.00000,0.00000,1.00000,1,1,0.00000,0.11093,0
36.4020,0,map,FL,17,36.9000,2.51542,0.19801,1.00000,2.51542,0.19801,0.02200,nan,0.00000,nan,0,1,0.00000,0.05025,0
36.4020,0,map,BL,10,36.6900,2.42440,0.58271,nan,2.52440,0.58271,0.02200,nan,0.00000,nan,0,1,0.10000,0.10197,0
36.4020,0,map,FR,2,36.4500,2.30596,0.30211,nan,2.50596,0.35211,0.02200,nan,0.00000,nan,0,1,0.20616,0.24792,0
36.4020,0,map,FR,32,37.3500,2.20192,0.01292,nan,1.95192,0.11292,0.02200,nan,0.00000,nan,0,1,0.26926,0.30101,0
36.4020,0,map,BR,25,37.1400,2.12843,0.44792,nan,1.97843,0.49792,0.02200,nan,0.00000,nan,0,1,0.15811,0.18465,0
36.5220,0,map,FL,13,36.9000,2.43995,0.39388,nan,2.53995,0.34388,0.02200,nan,0.00000,nan,0,1,0.11180,0.11409,0
36.5220,0,map,BL,6,36.6900,2.39593,0.56523,nan,2.54593,0.56523,0.02200,nan,0.00000,nan,0,1,0.15000,0.22524,0
36.5220,0,map,BL,36,37.5900,2.48846,0.03072,nan,2.53846,0.08072,0.02200,nan,0.00000,nan,0,1,0.07071,0.13862,0
36.5220,0,map,FR,28,37.3500,2.13132,0.27467,nan,1.98132,0.27467,0.02200,nan,0.00000,nan,0,1,0.15000,0.16175,0
36.5220,0,map,BR,21,37.1400,2.18623,0.23999,nan,1.98623,0.33999,0.02200,nan,0.00000,nan,0,1,0.22361,0.28555,0
36.6420,0,map,FL,9,36.9000,2.29616,0.37604,nan,2.54616,0.37604,0.02200,nan,0.00000,nan,0,1,0.25000,0.25692,0
36.6420,0,map,FL,39,37.8000,1.98001,0.42967,1.00000,1.98001,0.42967,0.02200,nan,0.00000,nan,0,1,0.00000,0.10227,0
36.6420,0,map,BL,2,36.6900,2.23740,0.67235,nan,2.53740,0.67235,0.02200,nan,0.00000,nan,0,1,0.30000,0.31104,0
36.6420,0,map,BL,32,37.5900,1.94245,0.52983,1.00000,1.94245,0.52983,0.02200,0.00000,0.00000,1.00000,1,1,0.00000,0.08480,0
36.6420,0,map,FR,24,37.3500,1.89191,0.37125,1.00000,1.89191,0.37125,0.02200,0.00000,0.00000,1.00000,1,1,0.00000,0.10809,0
36.6420,0,map,BR,17,37.1400,1.86918,0.52982,1.00000,1.86918,0.52982,0.02200,0.00000,0.00000,1.00000,1,1,0.00000,0.13151,0
36.7620,0,map,FL,5,36.9000,2.45409,0.32461,nan,2.50409,0.32461,0.02200,nan,0.00000,nan,0,1,0.05000,0.07264,0
36.7620,0,map,FL,35,37.8000,2.57148,0.13451,1.00000,2.57148,0.13451,0.02200,0.00000,0.00000,1.00000,1,1,0.00000,0.05957,0
36.7620,0,map,BL,28,37.5900,2.44112,0.51363,nan,2.54112,0.51363,0.02200,nan,0.00000,nan,0,1,0.10000,0.10708,0
36.7620,0,map,FR,20,37.3500,2.27659,0.26282,nan,1.97659,0.31282,0.02200,nan,0.00000,nan,0,1,0.30414,0.31749,0
36.7620,0,map,BR,13,37.1400,2.15739,0.62931,nan,1.95739,0.62931,0.02200,nan,0.00000,nan,0,1,0.20000,0.20789,0
36.8820,0,map,FL,1,36.9000,2.41820,0.36517,nan,2.51820,0.36517,0.02200,nan,0.00000,nan,0,1,0.10000,0.10809,0
36.8820,0,map,FL,31,37.8000,2.45502,0.08061,nan,2.50502,0.13061,0.02200,nan,0.00000,nan,0,1,0.07071,0.12066,0
36.8820,0,map,BL,24,37.5900,2.40315,0.36414,nan,2.50315,0.41414,0.02200,nan,0.00000,nan,0,1,0.11180,0.13184,0
36.8820,0,map,FR,16,37.3500,2.18285,0.14261,nan,1.98285,0.19261,0.02200,nan,0.00000,nan,0,1,0.20616,0.21972,0
36.8820,0,map,BR,9,37.1400,2.10779,0.47698,nan,1.95779,0.52698,0.02200,nan,0.00000,nan,0,1,0.15811,0.20347,0
36.8820,0,map,BR,39,38.0400,2.15204,0.15368,nan,1.95204,0.25368,0.02200,nan,0.00000,nan,0,1,0.22361,0.24172,0
37.0040,0,map,FL,27,37.8000,2.26654,0.42041,nan,2.51654,0.27041,0.02200,nan,0.00000,nan,0,1,0.29155,0.31406,0
37.0040,0,map,BL,20,37.5900,2.23718,0.56245,nan,2.53718,0.56245,0.02200,nan,0.00000,nan,0,1,0.30000,0.30620,0
37.0040,0,map,FR,12,37.3500,2.20751,0.34955,nan,1.95751,0.34955,0.02200,nan,0.00000,nan,0,1,0.25000,0.28121,0
37.0040,0,map,BR,5,37.1400,2.19942,0.52387,nan,1.99942,0.57387,0.02200,nan,0.00000,nan,0,1,0.20616,0.28544,0
37.0040,0,map,BR,35,38.0400,2.06173,0.30081,nan,1.96173,0.35081,0.02200,nan,0.00000,nan,0,1,0.11180,0.11956,0
37.1200,0,map,FL,23,37.8000,2.18969,0.35509,nan,1.98969,0.35509,0.02200,nan,0.00000,nan,0,1,0.20000,0.21443,0
37.1200,0,map,BL,16,37.5900,2.03119,0.67031,nan,1.98119,0.67031,0.02200,nan,0.00000,nan,0,1,0.05000,0.15478,0
37.1200,0,map,FR,8,37.3500,2.14274,0.25082,nan,1.99274,0.30082,0.02200,nan,0.00000,nan,0,1,0.15811,0.20364,0
37.1200,0,map,FR,38,38.2500,1.90929,0.04364,1.00000,1.90929,0.04364,0.02200,0.00000,0.00000,1.00000,1,1,0.00000,0.07846,0
37.1200,0,map,BR,1,37.1400,2.06002,0.65333,nan,1.96002,0.65333,0.02200,nan,0.00000,nan,0,1,0.10000,0.19682,0
37.1200,0,map,BR,31,38.0400,1.69128,0.34988,1.00000,1.69128,0.34988,0.02200,0.00000,0.00000,1.00000,1,1,0.00000,0.09688,0
37.2400,0,map,FL,19,37.8000,2.47306,0.38219,nan,2.52306,0.38219,0.02200,nan,0.00000,nan,0,1,0.05000,0.05382,0
37.2400,0,map,BL,12,37.5900,2.41867,0.56804,nan,2.51867,0.56804,0.02200,nan,0.00000,nan,0,1,0.10000,0.17203,0
37.2400,0,map,FR,4,37.3500,2.21434,0.31924,nan,1.96434,0.31924,0.02200,nan,0.00000,nan,0,1,0.25000,0.24898,0
37.2400,0,map,FR,34,38.2500,2.22513,0.18758,nan,1.97513,0.13758,0.02200,nan,0.00000,nan,0,1,0.25495,0.26346,0
37.2400,0,map,BR,27,38.0400,2.20050,0.28357,nan,1.95050,0.33357,0.02200,nan,0.00000,nan,0,1,0.25495,0.26345,0
37.3560,0,map,FL,15,37.8000,2.66535,0.32243,1.00000,2.66535,0.32243,0.02200,0.00000,0.00000,1.00000,1,1,0.00000,0.20217,0
37.3560,0,map,BL,8,37.5900,2.43999,0.59885,nan,2.53999,0.59885,0.02200,nan,0.00000,nan,0,1,0.10000,0.32985,0
37.3560,0,map,BL,38,38.4900,3.06336,0.21186,1.00000,3.06336,0.21186,0.02200,0.00000,0.00000,1.00000,1,1,0.00000,0.15171,0
37.3560,0,map,FR,30,38.2500,2.69343,0.35651,1.00000,2.69343,0.35651,0.02200,0.00000,0.00000,1.00000,1,1,0.00000,0.14082,0
37.3560,0,map,BR,23,38.0400,2.56736,0.52289,1.00000,2.56736,0.52289,0.02200,0.00000,0.00000,1.00000,1,1,0.00000,0.19374,0
37.4740,0,map,FL,11,37.8000,2.57306,0.27083,1.00000,2.57306,0.27083,0.02200,0.00000,0.00000,1.00000,1,1,0.00000,0.09943,0
37.4740,0,map,BL,4,37.5900,2.35781,0.65181,nan,2.50781,0.65181,0.02200,nan,0.00000,nan,0,1,0.15000,0.16428,0
37.4740,0,map,BL,34,38.4900,2.52974,0.43828,1.00000,2.52974,0.43828,0.02200,nan,0.00000,nan,0,1,0.00000,0.06229,0
37.4740,0,map,FR,26,38.2500,2.36927,0.04150,nan,2.51927,0.14150,0.02200,nan,0.00000,nan,0,1,0.18028,0.19571,0
37.4740,0,map,BR,19,38.0400,2.19483,0.43644,nan,2.54483,0.58644,0.02200,nan,0.00000,nan,0,1,0.38079,0.38765,0
37.5940,0,map,FL,7,37.8000,2.49378,0.28474,nan,2.54378,0.28474,0.02200,nan,0.00000,nan,0,1,0.05000,0.09342,0
37.5940,0,map,FL,37,38.7000,2.55553,0.02323,1.00000,2.55553,0.02323,0.02200,0.00000,0.00000,1.00000,1,1,0.00000,0.07035,0
37.5940,0,map,BL,30,38.4900,2.43224,0.45701,nan,2.53224,0.50701,0.02200,nan,0.00000,nan,0,1,0.11180,0.12960,0
37.5940,0,map,FR,22,38.2500,2.25223,0.07792,nan,2.50223,0.22792,0.02200,nan,0.00000,nan,0,1,0.29155,0.29780,0
37.5940,0,map,BR,15,38.0400,2.12798,0.50606,nan,1.97798,0.50606,0.02200,nan,0.00000,nan,0,1,0.15000,0.16809,0
37.7140,0,map,FL,3,37.8000,2.39448,0.30859,nan,2.54448,0.30859,0.02200,nan,0.00000,nan,0,1,0.15000,0.16676,0
37.7140,0,map,FL,33,38.7000,2.49242,-0.14787,nan,2.54242,-0.09787,0.02200,nan,0.00000,nan,0,1,0.07071,0.24812,0
37.7140,0,map,BL,26,38.4900,2.33153,0.38980,nan,2.53153,0.43980,0.02200,nan,0.00000,nan,0,1,0.20616,0.29465,0
37.7140,0,map,FR,18,38.2500,2.20480,0.06666,nan,2.50480,0.21666,0.02200,nan,0.00000,nan,0,1,0.33541,0.36401,0
37.7140,0,map,BR,11,38.0400,2.08268,0.55184,nan,1.98268,0.55184,0.02200,nan,0.00000,nan,0,1,0.10000,0.15465,0
37.8300,0,map,FL,29,38.7000,2.45231,0.35947,nan,2.50231,0.30947,0.02200,nan,0.00000,nan,0,1,0.07071,0.07530,0
37.8300,0,map,BL,22,38.4900,2.44479,0.41737,nan,2.54479,0.46737,0.02200,nan,0.00000,nan,0,1,0.11180,0.11677,0
37.8300,0,map,FR,14,38.2500,2.39480,0.61053,nan,2.54480,0.51053,0.02200,nan,0.00000,nan,0,1,0.18028,0.19941,0
37.8300,0,map,BR,7,38.0400,2.31972,0.76716,nan,2.51972,0.76716,0.02200,nan,0.00000,nan,0,1,0.20000,0.20470,0
37.8300,0,map,BR,37,38.9400,2.31147,0.59971,nan,2.51147,0.54971,0.02200,nan,0.00000,nan,0,1,0.20616,0.20754,0
37.9500,0,map,FL,25,38.7000,2.57245,0.20090,1.00000,2.57245,0.20090,0.02200,0.00000,0.00000,1.00000,1,1,0.00000,0.12790,0
37.9500,0,map,BL,18,38.4900,2.38755,0.60678,nan,2.53755,0.60678,0.02200,nan,0.00000,nan,0,1,0.15000,0.18149,0
37.9500,0,map,FR,10,38.2500,2.20901,0.30681,nan,2.50901,0.45681,0.02200,nan,0.00000,nan,0,1,0.33541,0.37126,0
37.9500,0,map,BR,3,38.0400,2.13032,0.61191,nan,1.98032,0.61191,0.02200,nan,0.00000,nan,0,1,0.15000,0.17360,0
37.9500,0,map,BR,33,38.9400,2.25355,0.36793,nan,2.50355,0.51793,0.02200,nan,0.00000,nan,0,1,0.29155,0.32592,0
38.0660,0,map,FL,22,38.7000,2.54691,0.17137,1.00000,2.54691,0.17137,0.02200,nan,0.00000,nan,0,1,0.00000,0.06845,0
38.0660,0,map,BL,15,38.4900,2.41890,0.59034,nan,2.51890,0.59034,0.02200,nan,0.00000,nan,0,1,0.10000,0.12687,0
38.0660,0,map,FR,7,38.2500,2.23082,0.20749,nan,2.53082,0.35749,0.02200,nan,0.00000,nan,0,1,0.33541,0.34508,0
38.0660,0,map,FR,37,39.1500,2.32588,-0.03568,nan,2.52588,0.01432,0.02200,nan,0.00000,nan,0,1,0.20616,0.22105,0
38.0660,0,map,BR,30,38.9400,2.19535,0.38404,nan,1.99535,0.43404,0.02200,nan,0.00000,nan,0,1,0.20616,0.21430,0
38.1880,0,map,FL,18,38.7000,2.51163,0.22719,1.00000,2.51163,0.22719,0.02200,nan,0.00000,nan,0,1,0.00000,0.06350,0
38.1880,0,map,BL,11,38.4900,2.38608,0.63436,nan,2.53608,0.63436,0.02200,nan,0.00000,nan,0,1,0.15000,0.16739,0
38.1880,0,map,FR,3,38.2500,2.21047,0.26339,nan,2.51047,0.36339,0.02200,nan,0.00000,nan,0,1,0.31623,0.32320,0
38.1880,0,map,FR,33,39.1500,2.27239,0.01888,nan,2.52239,0.11888,0.02200,nan,0.00000,nan,0,1,0.26926,0.27522,0
38.1880,0,map,BR,26,38.9400,2.14597,0.42091,nan,1.99597,0.47091,0.02200,nan,0.00000,nan,0,1,0.15811,0.17496,0
38.3040,0,map,FL,14,38.7000,2.50273,0.24585,1.00000,2.50273,0.24585,0.02200,nan,0.00000,nan,0,1,0.00000,0.07137,0
38.3040,0,map,BL,7,38.4900,2.37433,0.67393,nan,2.52433,0.67393,0.02200,nan,0.00000,nan,0,1,0.15000,0.16462,0
38.3040,0,map,BL,37,39.3900,2.42948,0.41800,nan,2.52948,0.41800,0.02200,nan,0.00000,nan,0,1,0.10000,0.11629,0
38.3040,0,map,FR,29,39.1500,2.25774,0.04398,nan,2.50774,0.19398,0.02200,nan,0.00000,nan,0,1,0.29155,0.29557,0
38.3040,0,map,BR,22,38.9400,2.13040,0.46450,nan,1.98040,0.51450,0.02200,nan,0.00000,nan,0,1,0.15811,0.17465,0
38.4220,0,map,FL,10,38.7000,2.17869,0.50347,nan,1.97869,0.45347,0.02200,nan,0.00000,nan,0,1,0.20616,0.24428,0
38.4220,0,map,BL,3,38.4900,2.11445,0.63903,nan,1.96445,0.63903,0.02200,nan,0.00000,nan,0,1,0.15000,0.17306,0
38.4220,0,map,BL,33,39.3900,2.05380,0.40390,nan,1.95380,0.40390,0.02200,nan,0.00000,nan,0,1,0.10000,0.14111,0
38.4240,0,map,FR,25,39.1500,2.01513,0.09091,nan,1.96513,0.09091,0.02200,nan,0.00000,nan,0,1,0.05000,0.16739,0
38.4240,0,map,BR,18,38.9400,2.05320,0.32790,nan,1.95320,0.37790,0.02200,nan,0.00000,nan,0,1,0.11180,0.16458,0
38.5380,0,map,FL,6,38.7000,2.43953,0.36438,nan,2.53953,0.36438,0.02200,nan,0.00000,nan,0,1,0.10000,0.10424,0
38.5380,0,map,FL,36,39.6000,2.61063,0.11442,1.00000,2.61063,0.11442,0.02200,0.00000,0.00000,1.00000,1,1,0.00000,0.08785,0
38.5380,0,map,BL,29,39.3900,2.49759,0.37722,nan,2.54759,0.37722,0.02200,nan,0.00000,nan,0,1,0.05000,0.07235,0
38.5380,0,map,FR,21,39.1500,2.24259,0.26046,nan,1.99259,0.26046,0.02200,nan,0.00000,nan,0,1,0.25000,0.28683,0
38.5380,0,map,BR,14,38.9400,2.17860,0.53682,nan,1.97860,0.53682,0.02200,nan,0.00000,nan,0,1,0.20000,0.22611,0
38.6540,0,map,FL,2,38.7000,2.48115,0.33702,nan,2.53115,0.33702,0.02200,nan,0.00000,nan,0,1,0.05000,0.09095,0
38.6540,0,map,FL,32,39.6000,2.55550,0.08616,1.00000,2.55550,0.08616,0.02200,0.00000,0.00000,1.00000,1,1,0.00000,0.06774,0
38.6540,0,map,BL,25,39.3900,2.41721,0.51094,nan,2.51721,0.51094,0.02200,nan,0.00000,nan,0,1,0.10000,0.12182,0
38.6540,0,map,FR,17,39.1500,2.24818,0.12551,nan,1.99818,0.22551,0.02200,nan,0.00000,nan,0,1,0.26926,0.27954,0
38.6540,0,map,BR,10,38.9400,2.11239,0.55416,nan,1.96239,0.60416,0.02200,nan,0.00000,nan,0,1,0.15811,0.17575,0
38.7740,0,map,FL,28,39.6000,2.22453,0.41537,nan,2.52453,0.26537,0.02200,nan,0.00000,nan,0,1,0.33541,0.35445,0
38.7760,0,map,BL,21,39.3900,2.15039,0.55272,nan,1.95039,0.55272,0.02200,nan,0.00000,nan,0,1,0.20000,0.20085,0
38.7760,0,map,FR,13,39.1500,2.30107,0.28621,nan,2.50107,0.28621,0.02200,nan,0.00000,nan,0,1,0.20000,0.22147,0
38.7760,0,map,BR,6,38.9400,2.27704,0.50089,nan,1.97704,0.60089,0.02200,nan,0.00000,nan,0,1,0.31623,0.36757,0
38.7760,0,map,BR,36,39.8400,2.20762,0.22538,nan,1.95762,0.27538,0.02200,nan,0.00000,nan,0,1,0.25495,0.25992,0
38.9000,0,map,FL,24,39.6000,2.49924,0.24642,nan,2.54924,0.24642,0.02200,nan,0.00000,nan,0,1,0.05000,0.09661,0
38.9000,0,map,BL,17,39.3900,2.35171,0.61193,nan,2.50171,0.61193,0.02200,nan,0.00000,nan,0,1,0.15000,0.15518,0
38.9000,0,map,FR,9,39.1500,2.20162,0.28537,nan,2.50162,0.33537,0.02200,nan,0.00000,nan,0,1,0.30414,0.33118,0
38.9000,0,map,FR,39,40.0500,2.25766,0.00566,nan,2.50766,0.10566,0.02200,nan,0.00000,nan,0,1,0.26926,0.27300,0
38.9000,0,map,BR,2,38.9400,2.09831,0.62535,nan,1.99831,0.62535,0.02200,nan,0.00000,nan,0,1,0.10000,0.13258,0
38.9000,0,map,BR,32,39.8400,2.09859,0.40405,nan,1.99859,0.40405,0.02200,nan,0.00000,nan,0,1,0.10000,0.11868,0
39.0160,0,map,FL,20,39.6000,2.53286,0.20797,1.00000,2.53286,0.20797,0.02200,nan,0.00000,nan,0,1,0.00000,0.06270,0
39.0160,0,map,BL,13,39.3900,2.40130,0.62555,nan,2.50130,0.62555,0.02200,nan,0.00000,nan,0,1,0.10000,0.12268,0
39.0160,0,map,FR,5,39.1500,2.22224,0.23633,nan,2.52224,0.33633,0.02200,nan,0.00000,nan,0,1,0.31623,0.32512,0
39.0160,0,map,FR,35,40.0500,2.30177,0.00238,nan,2.50177,0.10238,0.02200,nan,0.00000,nan,0,1,0.22361,0.23391,0
39.0160,0,map,BR,28,39.8400,2.16930,0.42204,nan,1.96930,0.47204,0.02200,nan,0.00000,nan,0,1,0.20616,0.21606,0
39.1380,0,map,FL,16,39.6000,2.51208,0.22839,1.00000,2.51208,0.22839,0.02200,nan,0.00000,nan,0,1,0.00000,0.07189,0
39.1380,0,map,BL,9,39.3900,2.38248,0.65371,nan,2.53248,0.65371,0.02200,nan,0.00000,nan,0,1,0.15000,0.16536,0
39.1400,0,map,BL,39,40.2900,2.44695,0.40090,nan,2.54695,0.45090,0.02200,nan,0.00000,nan,0,1,0.11180,0.13070,0
39.1400,0,map,FR,1,39.1500,2.20694,0.26851,nan,2.50694,0.36851,0.02200,nan,0.00000,nan,0,1,0.31623,0.32411,0
39.1400,0,map,FR,31,40.0500,2.27162,0.02712,nan,2.52162,0.17712,0.02200,nan,0.00000,nan,0,1,0.29155,0.29721,0
39.1400,0,map,BR,24,39.8400,2.14306,0.44401,nan,1.99306,0.49401,0.02200,nan,0.00000,nan,0,1,0.15811,0.17386,0
39.2560,0,map,FL,12,39.6000,2.49472,0.24753,nan,2.54472,0.24753,0.02200,nan,0.00000,nan,0,1,0.05000,0.09093,0
39.2560,0,map,BL,5,39.3900,2.36972,0.68399,nan,2.51972,0.68399,0.02200,nan,0.00000,nan,0,1,0.15000,0.16586,0
39.2560,0,map,BL,35,40.2900,2.41665,0.41941,nan,2.51665,0.46941,0.02200,nan,0.00000,nan,0,1,0.11180,0.12601,0
39.2560,0,map,FR,27,40.0500,2.24253,0.03969,nan,2.54253,0.18969,0.02200,nan,0.00000,nan,0,1,0.33541,0.33637,0
39.2560,0,map,BR,20,39.8400,2.12224,0.47216,nan,1.97224,0.52216,0.02200,nan,0.00000,nan,0,1,0.15811,0.17570,0
39.3760,0,map,FL,8,39.6000,2.20181,0.48277,nan,2.50181,0.38277,0.02200,nan,0.00000,nan,0,1,0.31623,0.34305,0
39.3760,0,map,FL,38,40.5000,2.02578,-0.05989,nan,1.97578,-0.05989,0.02200,nan,0.00000,nan,0,1,0.05000,0.15606,0
39.3760,0,map,BL,1,39.3900,2.16006,0.63688,nan,1.96006,0.63688,0.02200,nan,0.00000,nan,0,1,0.20000,0.23130,0
39.3760,0,map,BL,31,40.2900,2.06948,0.28111,nan,1.96948,0.28111,0.02200,nan,0.00000,nan,0,1,0.10000,0.15266,0
39.3760,0,map,FR,23,40.0500,1.97729,0.04530,1.00000,1.97729,0.04530,0.02200,nan,0.00000,nan,0,1,0.00000,0.18614,0
39.3760,0,map,BR,16,39.8400,2.02679,0.26060,nan,1.97679,0.31060,0.02200,nan,0.00000,nan,0,1,0.07071,0.13727,0
39.4920,0,map,FL,4,39.6000,2.50875,0.37082,1.00000,2.50875,0.37082,0.02200,nan,0.00000,nan,0,1,0.00000,0.06358,0
39.4920,0,map,FL,34,40.5000,2.57171,0.10629,1.00000,2.57171,0.10629,0.02200,0.00000,0.00000,1.00000,1,1,0.00000,0.06882,0
39.4920,0,map,BL,27,40.2900,2.42152,0.53698,nan,2.52152,0.53698,0.02200,nan,0.00000,nan,0,1,0.10000,0.12909,0
39.4920,0,map,FR,19,40.0500,2.28163,0.14856,nan,1.98163,0.19856,0.02200,nan,0.00000,nan,0,1,0.30414,0.31231,0
39.4920,0,map,BR,12,39.8400,2.11379,0.49047,nan,1.96379,0.49047,0.02200,nan,0.00000,nan,0,1,0.15000,0.15175,0
39.6120,0,map,FL,30,40.5000,2.56610,0.10440,1.00000,2.56610,0.10440,0.02200,0.00000,0.00000,1.00000,1,1,0.00000,0.06936,0
39.6120,0,map,BL,23,40.2900,2.42164,0.52886,nan,2.52164,0.52886,0.02200,nan,0.00000,nan,0,1,0.10000,0.12354,0
39.6120,0,map,FR,15,40.0500,2.24970,0.13872,nan,1.99970,0.18872,0.02200,nan,0.00000,nan,0,1,0.25495,0.26770,0
39.6120,0,map,BR,8,39.8400,2.10992,0.57210,nan,1.95992,0.57210,0.02200,nan,0.00000,nan,0,1,0.15000,0.16856,0
39.6120,0,map,BR,38,40.7400,2.20145,0.30806,nan,1.95145,0.35806,0.02200,nan,0.00000,nan,0,1,0.25495,0.26141,0
39.7280,0,map,FL,26,40.5000,2.54138,0.30548,1.00000,2.54138,0.30548,0.02200,nan,0.00000,nan,0,1,0.00000,0.13317,0
39.7280,0,map,BL,19,40.2900,2.44898,0.54721,nan,2.54898,0.54721,0.02200,nan,0.00000,nan,0,1,0.10000,0.11928,0
39.7280,0,map,FR,11,40.0500,2.31221,0.22546,nan,2.51221,0.22546,0.02200,nan,0.00000,nan,0,1,0.20000,0.20663,0
39.7280,0,map,BR,4,39.8400,2.23222,0.50367,nan,1.98222,0.60367,0.02200,nan,0.00000,nan,0,1,0.26926,0.30975,0
39.7280,0,map,BR,34,40.7400,2.29975,0.28481,nan,1.99975,0.38481,0.02200,nan,0.00000,nan,0,1,0.31623,0.31864,0
39.8440,0,map,FL,22,40.5000,2.54691,0.19858,1.00000,2.54691,0.19858,0.02200,nan,0.00000,nan,0,1,0.00000,0.05999,0
39.8440,0,map,BL,15,40.2900,2.41458,0.60686,nan,2.51458,0.60686,0.02200,nan,0.00000,nan,0,1,0.10000,0.12527,0
39.8440,0,map,FR,7,40.0500,2.23322,0.22318,nan,2.53322,0.27318,0.02200,nan,0.00000,nan,0,1,0.30414,0.31329,0
39.8440,0,map,FR,37,40.9500,2.32020,-0.00008,nan,2.52020,0.04992,0.02200,nan,0.00000,nan,0,1,0.20616,0.21855,0
39.8440,0,map,BR,30,40.7400,2.18912,0.40533,nan,1.98912,0.45533,0.02200,nan,0.00000,nan,0,1,0.20616,0.21498,0
39.9620,0,map,FL,18,40.5000,2.48587,0.38620,nan,2.53587,0.38620,0.02200,nan,0.00000,nan,0,1,0.05000,0.09105,0
39.9620,0,map,BL,11,40.2900,2.39596,0.66818,nan,2.54596,0.66818,0.02200,nan,0.00000,nan,0,1,0.15000,0.15248,0
39.9620,0,map,FR,3,40.0500,2.21913,0.36570,nan,2.51913,0.36570,0.02200,nan,0.00000,nan,0,1,0.30000,0.30037,0
39.9620,0,map,FR,33,40.9500,2.17203,0.15061,nan,2.52203,0.15061,0.02200,nan,0.00000,nan,0,1,0.35000,0.32450,0
39.9620,0,map,BR,26,40.7400,2.09950,0.50701,nan,1.99950,0.50701,0.02200,nan,0.00000,nan,0,1,0.10000,0.11918,0
40.0800,0,map,FL,14,40.5000,2.50485,0.24415,1.00000,2.50485,0.24415,0.02200,nan,0.00000,nan,0,1,0.00000,0.06846,0
40.0800,0,map,BL,7,40.2900,2.37574,0.67039,nan,2.52574,0.67039,0.02200,nan,0.00000,nan,0,1,0.15000,0.16351,0
40.0800,0,map,BL,37,41.1900,2.42970,0.42549,nan,2.52970,0.47549,0.02200,nan,0.00000,nan,0,1,0.11180,0.12600,0
40.0800,0,map,FR,29,40.9500,2.26149,0.04525,nan,2.51149,0.19525,0.02200,nan,0.00000,nan,0,1,0.29155,0.29596,0
40.0800,0,map,BR,22,40.7400,2.13130,0.46511,nan,1.98130,0.51511,0.02200,nan,0.00000,nan,0,1,0.15811,0.17410,0
40.2020,0,map,FL,10,40.5000,2.17127,0.52865,nan,1.97127,0.47865,0.02200,nan,0.00000,nan,0,1,0.20616,0.23325,0
40.2020,0,map,BL,3,40.2900,2.11868,0.64154,nan,1.96868,0.64154,0.02200,nan,0.00000,nan,0,1,0.15000,0.17288,0
40.2020,0,map,BL,33,41.1900,2.05616,0.39843,nan,1.95616,0.39843,0.02200,nan,0.00000,nan,0,1,0.10000,0.13419,0
40.2020,0,map,FR,25,40.9500,2.00930,0.10948,nan,1.95930,0.10948,0.02200,nan,0.00000,nan,0,1,0.05000,0.15701,0
40.2020,0,map,BR,18,40.7400,2.05770,0.30384,nan,1.95770,0.35384,0.02200,nan,0.00000,nan,0,1,0.11180,0.15647,0
40.3200,0,map,FL,6,40.5000,2.42871,0.35387,nan,2.52871,0.35387,0.02200,nan,0.00000,nan,0,1,0.10000,0.10169,0
40.3200,0,map,FL,36,41.4000,2.48066,0.22680,nan,2.53066,0.22680,0.02200,nan,0.00000,nan,0,1,0.05000,0.06003,0
40.3220,0,map,BL,29,41.1900,2.44165,0.45268,nan,2.54165,0.45268,0.02200,nan,0.00000,nan,0,1,0.10000,0.09992,0
40.3220,0,map,FR,21,40.9500,2.19242,0.32576,nan,1.99242,0.27576,0.02200,nan,0.00000,nan,0,1,0.20616,0.21520,0
40.3220,0,map,BR,14,40.7400,2.16113,0.59394,nan,1.96113,0.54394,0.02200,nan,0.00000,nan,0,1,0.20616,0.21938,0
40.4380,0,map,FL,3,40.5000,2.37433,0.35560,nan,2.52433,0.35560,0.02200,nan,0.00000,nan,0,1,0.15000,0.15333,0
40.4380,0,map,FL,33,41.4000,2.56707,0.21055,1.00000,2.56707,0.21055,0.02200,0.00000,0.00000,1.00000,1,1,0.00000,0.07151,0
40.4380,0,map,BL,26,41.1900,2.43336,0.51295,nan,2.53336,0.51295,0.02200,nan,0.00000,nan,0,1,0.10000,0.12141,0
40.4380,0,map,FR,18,40.9500,2.15274,0.29567,nan,1.95274,0.29567,0.02200,nan,0.00000,nan,0,1,0.20000,0.24257,0
40.4380,0,map,BR,11,40.7400,2.10897,0.53421,nan,1.95897,0.58421,0.02200,nan,0.00000,nan,0,1,0.15811,0.17484,0
40.5560,0,map,FL,29,41.4000,2.47641,0.17965,nan,2.52641,0.22965,0.02200,nan,0.00000,nan,0,1,0.07071,0.13217,0
40.5560,0,map,BL,22,41.1900,2.40173,0.46497,nan,2.50173,0.51497,0.02200,nan,0.00000,nan,0,1,0.11180,0.11275,0
40.5560,0,map,FR,14,40.9500,2.18791,0.21812,nan,1.98791,0.26812,0.02200,nan,0.00000,nan,0,1,0.20616,0.22663,0
40.5560,0,map,BR,7,40.7400,2.09525,0.50269,nan,1.99525,0.55269,0.02200,nan,0.00000,nan,0,1,0.11180,0.14569,0
40.5560,0,map,BR,37,41.6400,2.12650,0.24846,nan,1.97650,0.29846,0.02200,nan,0.00000,nan,0,1,0.15811,0.18321,0
40.6780,0,map,FL,25,41.4000,2.58436,0.40736,1.00000,2.58436,0.40736,0.02200,0.00000,0.00000,1.00000,1,1,0.00000,0.13166,0
40.6780,0,map,BL,18,41.1900,2.48487,0.51125,nan,2.53487,0.51125,0.02200,nan,0.00000,nan,0,1,0.05000,0.12960,0
40.6780,0,map,FR,10,40.9500,2.35979,0.27265,nan,2.50979,0.27265,0.02200,nan,0.00000,nan,0,1,0.15000,0.17541,0
40.6780,0,map,BR,3,40.7400,2.32811,0.50055,nan,2.52811,0.55055,0.02200,nan,0.00000,nan,0,1,0.20616,0.30793,0
40.6780,0,map,BR,33,41.6400,2.51432,0.11592,1.00000,2.51432,0.11592,0.02200,nan,0.00000,nan,0,1,0.00000,0.09354,0
40.7980,0,map,FL,21,41.4000,2.53123,0.27906,1.00000,2.53123,0.27906,0.02200,nan,0.00000,nan,0,1,0.00000,0.06175,0
40.7980,0,map,BL,14,41.1900,2.41651,0.65463,nan,2.51651,0.65463,0.02200,nan,0.00000,nan,0,1,0.10000,0.13043,0
40.7980,0,map,FR,6,40.9500,2.22783,0.27755,nan,2.52783,0.32755,0.02200,nan,0.00000,nan,0,1,0.30414,0.30643,0
40.7980,0,map,FR,36,41.8500,2.34842,0.11341,nan,2.54842,0.11341,0.02200,nan,0.00000,nan,0,1,0.20000,0.21018,0
40.7980,0,map,BR,29,41.6400,2.24180,0.46856,nan,2.54180,0.31856,0.02200,nan,0.00000,nan,0,1,0.33541,0.34017,0
40.9200,0,map,FL,16,41.4000,2.49068,0.26823,nan,2.54068,0.26823,0.02200,nan,0.00000,nan,0,1,0.05000,0.08181,0
40.9200,0,map,BL,9,41.1900,2.37841,0.65620,nan,2.52841,0.65620,0.02200,nan,0.00000,nan,0,1,0.15000,0.16570,0
40.9200,0,map,BL,39,42.0900,2.43716,0.43151,nan,2.53716,0.48151,0.02200,nan,0.00000,nan,0,1,0.11180,0.12534,0
40.9200,0,map,FR,1,40.9500,2.20164,0.32119,nan,2.50164,0.37119,0.02200,nan,0.00000,nan,0,1,0.30414,0.30491,0
40.9200,0,map,FR,31,41.8500,2.23541,0.11296,nan,2.53541,0.21296,0.02200,nan,0.00000,nan,0,1,0.31623,0.31938,0
40.9200,0,map,BR,24,41.6400,2.13520,0.49193,nan,1.98520,0.49193,0.02200,nan,0.00000,nan,0,1,0.15000,0.16305,0
41.0400,0,map,FL,12,41.4000,2.50004,0.25859,1.00000,2.50004,0.25859,0.02200,nan,0.00000,nan,0,1,0.00000,0.06923,0
41.0400,0,map,BL,5,41.1900,2.37036,0.68536,nan,2.52036,0.68536,0.02200,nan,0.00000,nan,0,1,0.15000,0.16369,0
41.0400,0,map,BL,35,42.0900,2.42453,0.43794,nan,2.52453,0.48794,0.02200,nan,0.00000,nan,0,1,0.11180,0.12622,0
41.0400,0,map,FR,27,41.8500,2.25729,0.05809,nan,2.50729,0.20809,0.02200,nan,0.00000,nan,0,1,0.29155,0.29610,0
41.0400,0,map,BR,20,41.6400,2.12615,0.47812,nan,1.97615,0.52812,0.02200,nan,0.00000,nan,0,1,0.15811,0.17428,0
41.1620,0,map,FL,8,41.4000,2.16823,0.49059,nan,1.96823,0.44059,0.02200,nan,0.00000,nan,0,1,0.20616,0.24171,0
41.1620,0,map,FL,38,42.3000,2.07441,-0.09643,nan,1.97441,-0.09643,0.02200,nan,0.00000,nan,0,1,0.10000,0.16595,0
41.1620,0,map,BL,1,41.1900,2.10498,0.62985,nan,1.95498,0.62985,0.02200,nan,0.00000,nan,0,1,0.15000,0.17514,0
41.1620,0,map,BL,31,42.0900,2.07569,0.34285,nan,1.97569,0.34285,0.02200,nan,0.00000,nan,0,1,0.10000,0.14755,0
41.1620,0,map,FR,23,41.8500,2.01673,0.05914,nan,1.96673,0.05914,0.02200,nan,0.00000,nan,0,1,0.05000,0.18831,0
41.1620,0,map,BR,16,41.6400,2.06753,0.30661,nan,1.96753,0.35661,0.02200,nan,0.00000,nan,0,1,0.11180,0.17688,0
41.2800,0,map,FL,4,41.4000,2.42239,0.36327,nan,2.52239,0.36327,0.02200,nan,0.00000,nan,0,1,0.10000,0.10051,0
41.2800,0,map,FL,34,42.3000,2.29278,0.24395,nan,1.99278,0.14395,0.02200,nan,0.00000,nan,0,1,0.31623,0.32486,0
41.2800,0,map,BL,27,42.0900,2.33484,0.33584,nan,1.98484,0.43584,0.02200,nan,0.00000,nan,0,1,0.36401,0.36816,0
41.2800,0,map,FR,19,41.8500,2.10702,0.40998,nan,1.95702,0.35998,0.02200,nan,0.00000,nan,0,1,0.15811,0.16736,0
41.2800,0,map,BR,12,41.6400,2.11852,0.56441,nan,1.96852,0.56441,0.02200,nan,0.00000,nan,0,1,0.15000,0.17897,0
41.3980,0,map,FL,1,41.4000,2.48170,0.34001,nan,2.53170,0.34001,0.02200,nan,0.00000,nan,0,1,0.05000,0.09117,0
41.3980,0,map,FL,31,42.3000,2.55663,0.09164,1.00000,2.55663,0.09164,0.02200,0.00000,0.00000,1.00000,1,1,0.00000,0.06717,0
41.3980,0,map,BL,24,42.0900,2.42245,0.51927,nan,2.52245,0.51927,0.02200,nan,0.00000,nan,0,1,0.10000,0.12078,0
41.3980,0,map,FR,16,41.8500,2.24955,0.12686,nan,1.99955,0.27686,0.02200,nan,0.00000,nan,0,1,0.29155,0.30173,0
41.3980,0,map,BR,9,41.6400,2.11491,0.56043,nan,1.96491,0.56043,0.02200,nan,0.00000,nan,0,1,0.15000,0.16720,0
41.3980,0,map,BR,39,42.5400,2.18847,0.30807,nan,1.98847,0.40807,0.02200,nan,0.00000,nan,0,1,0.22361,0.23537,0
41.5120,0,map,FL,27,42.3000,2.30823,0.50698,nan,2.50823,0.40698,0.02200,nan,0.00000,nan,0,1,0.22361,0.23640,0
41.5120,0,map,BL,20,42.0900,2.27097,0.61144,nan,2.52097,0.61144,0.02200,nan,0.00000,nan,0,1,0.25000,0.25238,0
41.5120,0,map,FR,12,41.8500,2.26114,0.32011,nan,1.96114,0.32011,0.02200,nan,0.00000,nan,0,1,0.30000,0.30342,0
41.5120,0,map,BR,5,41.6400,2.25367,0.52253,nan,1.95367,0.57253,0.02200,nan,0.00000,nan,0,1,0.30414,0.35101,0
41.5120,0,map,BR,35,42.5400,2.25081,0.27561,nan,1.95081,0.42561,0.02200,nan,0.00000,nan,0,1,0.33541,0.33678,0
41.6280,0,map,FL,23,42.3000,1.96414,0.69165,1.00000,1.96414,0.69165,0.02200,nan,0.00000,nan,0,1,0.00000,0.09150,0
41.6280,0,map,BL,16,42.0900,2.10468,0.62449,nan,1.95468,0.62449,0.02200,nan,0.00000,nan,0,1,0.15000,0.20612,0
41.6280,0,map,FR,8,41.8500,2.05123,0.46698,nan,1.95123,0.46698,0.02200,nan,0.00000,nan,0,1,0.10000,0.23492,0
41.6280,0,map,FR,38,42.7500,1.59726,0.45124,1.00000,1.59726,0.45124,0.02200,0.00000,0.00000,1.00000,1,1,0.00000,0.09791,0
41.6280,0,map,BR,1,41.6400,2.14033,0.61576,nan,1.99033,0.61576,0.02200,nan,0.00000,nan,0,1,0.15000,0.28267,0
41.6280,0,map,BR,31,42.5400,1.69982,0.43936,1.00000,1.69982,0.43936,0.02200,0.00000,0.00000,1.00000,1,1,0.00000,0.10656,0
41.7460,0,map,FL,19,42.3000,1.66269,0.22115,1.00000,1.66269,0.22115,0.02200,0.00000,0.00000,1.00000,1,1,0.00000,0.37590,0
41.7460,0,map,BL,12,42.0900,1.80196,0.61737,1.00000,1.80196,0.61737,0.02200,0.00000,0.00000,1.00000,1,1,0.00000,0.34962,0
41.7460,0,map,FR,4,41.8500,1.95388,0.33452,1.00000,1.95388,0.33452,0.02200,nan,0.00000,nan,0,1,0.00000,0.45434,0
41.7460,0,map,FR,34,42.7500,0.81401,0.02738,1.00000,0.81401,0.02738,0.02200,0.00000,0.00000,1.00000,1,1,0.00000,0.36159,0
41.7460,0,map,BR,27,42.5400,1.01294,0.47226,1.00000,1.01294,0.47226,0.02200,0.00000,0.00000,1.00000,1,1,0.00000,0.36528,0
41.8660,0,map,FL,15,42.3000,2.47289,0.37772,nan,2.52289,0.37772,0.02200,nan,0.00000,nan,0,1,0.05000,0.12336,0
41.8660,0,map,BL,8,42.0900,2.40693,0.48709,nan,2.50693,0.48709,0.02200,nan,0.00000,nan,0,1,0.10000,0.18106,0
41.8660,0,map,BL,38,42.9900,2.47877,0.36538,nan,2.52877,0.36538,0.02200,nan,0.00000,nan,0,1,0.05000,0.08382,0
41.8660,0,map,FR,30,42.7500,2.28013,0.15419,nan,1.98013,0.15419,0.02200,nan,0.00000,nan,0,1,0.30000,0.31491,0
41.8660,0,map,BR,23,42.5400,2.19006,0.28845,nan,1.99006,0.33845,0.02200,nan,0.00000,nan,0,1,0.20616,0.20978,0
41.9840,0,map,FL,11,42.3000,2.49622,0.25647,nan,2.54622,0.25647,0.02200,nan,0.00000,nan,0,1,0.05000,0.08986,0
41.9840,0,map,BL,4,42.0900,2.36676,0.69161,nan,2.51676,0.64161,0.02200,nan,0.00000,nan,0,1,0.15811,0.17310,0
41.9840,0,map,BL,34,42.9900,2.41320,0.42802,nan,2.51320,0.42802,0.02200,nan,0.00000,nan,0,1,0.10000,0.11813,0
41.9840,0,map,FR,26,42.7500,2.25252,0.04343,nan,1.95252,0.14343,0.02200,nan,0.00000,nan,0,1,0.31623,0.32811,0
41.9840,0,map,BR,19,42.5400,2.11993,0.47439,nan,1.96993,0.47439,0.02200,nan,0.00000,nan,0,1,0.15000,0.16983,0
42.1040,0,map,FL,7,42.3000,2.31079,0.44279,nan,2.51079,0.39279,0.02200,nan,0.00000,nan,0,1,0.20616,0.21685,0
42.1040,0,map,FL,37,43.2000,2.11947,0.25091,nan,2.51947,0.15091,0.02200,nan,0.00000,nan,0,1,0.41231,0.42508,0
42.1040,0,map,BL,30,42.9900,2.17162,0.25543,nan,2.52162,0.45543,0.02200,nan,0.00000,nan,0,1,0.40311,0.41679,0
42.1040,0,map,FR,22,42.7500,2.00074,0.20771,nan,1.95074,0.20771,0.02200,nan,0.00000,nan,0,1,0.05000,0.09576,0
42.1040,0,map,BR,15,42.5400,2.02646,0.30554,nan,1.97646,0.35554,0.02200,nan,0.00000,nan,0,1,0.07071,0.18506,0
42.2300,0,map,FL,3,42.3000,2.44691,0.36864,nan,2.54691,0.36864,0.02200,nan,0.00000,nan,0,1,0.10000,0.10593,0
42.2300,0,map,FL,33,43.2000,2.38291,0.07456,nan,2.53291,0.17456,0.02200,nan,0.00000,nan,0,1,0.18028,0.17827,0
42.2300,0,map,BL,26,42.9900,2.30543,0.45550,nan,2.50543,0.50550,0.02200,nan,0.00000,nan,0,1,0.20616,0.21247,0
42.2300,0,map,FR,18,42.7500,2.20625,0.13514,nan,1.95625,0.18514,0.02200,nan,0.00000,nan,0,1,0.25495,0.27505,0
42.2300,0,map,BR,11,42.5400,2.04639,0.46151,nan,1.99639,0.46151,0.02200,nan,0.00000,nan,0,1,0.05000,0.15635,0
42.3460,0,map,FL,29,43.2000,2.18165,0.26055,nan,2.53165,0.26055,0.02200,nan,0.00000,nan,0,1,0.35000,0.37548,0
42.3460,0,map,BL,22,42.9900,2.23375,0.42276,nan,2.53375,0.47276,0.02200,nan,0.00000,nan,0,1,0.30414,0.31786,0
42.3460,0,map,FR,14,42.7500,2.06112,0.28239,nan,1.96112,0.28239,0.02200,nan,0.00000,nan,0,1,0.10000,0.15553,0
42.3460,0,map,BR,7,42.5400,2.06290,0.49823,nan,1.96290,0.49823,0.02200,nan,0.00000,nan,0,1,0.10000,0.19573,0
42.3460,0,map,BR,37,43.4400,1.92185,0.25180,1.00000,1.92185,0.25180,0.02200,0.00000,0.00000,1.00000,1,1,0.00000,0.07819,0
42.4620,0,map,FL,25,43.2000,1.80931,0.34781,1.00000,1.80931,0.34781,0.02200,0.00000,0.00000,1.00000,1,1,0.00000,0.24943,0
42.4620,0,map,BL,18,42.9900,1.88051,0.44365,1.00000,1.88051,0.44365,0.02200,0.00000,0.00000,1.00000,1,1,0.00000,0.18216,0
42.4620,0,map,FR,10,42.7500,1.97300,0.29980,1.00000,1.97300,0.29980,0.02200,nan,0.00000,nan,0,1,0.00000,0.34174,0
42.4620,0,map,BR,3,42.5400,2.02973,0.58996,nan,1.97973,0.58996,0.02200,nan,0.00000,nan,0,1,0.05000,0.33628,0
42.4620,0,map,BR,33,43.4400,1.36452,0.12036,1.00000,1.36452,0.12036,0.02200,0.00000,0.00000,1.00000,1,1,0.00000,0.22767,0
42.5820,0,map,FL,21,43.2000,2.36160,0.18821,nan,1.96160,0.33821,0.02200,nan,0.00000,nan,0,1,0.42720,0.44969,0
42.5820,0,map,BL,14,42.9900,2.27598,0.61498,nan,1.97598,0.56498,0.02200,nan,0.00000,nan,0,1,0.30414,0.31624,0
42.5820,0,map,FR,6,42.7500,2.15577,0.22469,nan,1.95577,0.27469,0.02200,nan,0.00000,nan,0,1,0.20616,0.22445,0
42.5820,0,map,FR,36,43.6500,2.05406,-0.04573,nan,1.95406,-0.04573,0.02200,nan,0.00000,nan,0,1,0.10000,0.14102,0
42.5820,0,map,BR,29,43.4400,1.93468,0.38152,1.00000,1.93468,0.38152,0.02200,0.00000,0.00000,1.00000,1,1,0.00000,0.07724,0
42.7020,0,map,FL,17,43.2000,2.53420,0.20368,1.00000,2.53420,0.20368,0.02200,nan,0.00000,nan,0,1,0.00000,0.07750,0
42.7020,0,map,BL,10,42.9900,2.39528,0.63461,nan,1.99528,0.63461,0.02200,nan,0.00000,nan,0,1,0.40000,0.40591,0
42.7020,0,map,FR,2,42.7500,2.21692,0.24814,nan,1.96692,0.29814,0.02200,nan,0.00000,nan,0,1,0.25495,0.26757,0
42.7020,0,map,FR,32,43.6500,2.31165,-0.01409,nan,1.96165,0.08591,0.02200,nan,0.00000,nan,0,1,0.36401,0.36779,0
42.7020,0,map,BR,25,43.4400,2.17052,0.41610,nan,1.97052,0.46610,0.02200,nan,0.00000,nan,0,1,0.20616,0.21606,0
42.8180,0,map,FL,13,43.2000,2.52531,0.23938,1.00000,2.52531,0.23938,0.02200,nan,0.00000,nan,0,1,0.00000,0.08050,0
42.8180,0,map,BL,6,42.9900,2.38417,0.67314,nan,2.53417,0.67314,0.02200,nan,0.00000,nan,0,1,0.15000,0.16827,0
42.8180,0,map,BL,36,43.8900,2.48274,0.41326,nan,2.53274,0.41326,0.02200,nan,0.00000,nan,0,1,0.05000,0.09143,0
42.8180,0,map,FR,28,43.6500,2.30569,0.02804,nan,1.95569,0.12804,0.02200,nan,0.00000,nan,0,1,0.36401,0.36739,0
42.8180,0,map,BR,21,43.4400,2.16149,0.45762,nan,1.96149,0.50762,0.02200,nan,0.00000,nan,0,1,0.20616,0.21565,0
42.9400,0,map,FL,9,43.2000,2.49105,0.27154,nan,2.54105,0.27154,0.02200,nan,0.00000,nan,0,1,0.05000,0.08976,0
42.9400,0,map,FL,39,44.1000,2.54547,0.01768,1.00000,2.54547,0.01768,0.02200,nan,0.00000,nan,0,1,0.00000,0.07499,0
42.9400,0,map,BL,2,42.9900,2.36507,0.70337,nan,2.51507,0.70337,0.02200,nan,0.00000,nan,0,1,0.15000,0.16768,0
42.9400,0,map,BL,32,43.8900,2.42219,0.43430,nan,2.52219,0.48430,0.02200,nan,0.00000,nan,0,1,0.11180,0.12827,0
42.9400,0,map,FR,24,43.6500,2.24672,0.06048,nan,1.99672,0.16048,0.02200,nan,0.00000,nan,0,1,0.26926,0.28103,0
42.9400,0,map,BR,17,43.4400,2.12431,0.47976,nan,1.97431,0.52976,0.02200,nan,0.00000,nan,0,1,0.15811,0.17811,0
43.0580,0,map,FL,5,43.2000,2.03674,0.44828,nan,1.98674,0.44828,0.02200,nan,0.00000,nan,0,1,0.05000,0.10740,0
43.0580,0,map,FL,35,44.1000,1.86144,0.22952,1.00000,1.86144,0.22952,0.02200,0.00000,0.00000,1.00000,1,1,0.00000,0.10274,0
43.0580,0,map,BL,28,43.8900,1.89382,0.30376,1.00000,1.89382,0.30376,0.02200,0.00000,0.00000,1.00000,1,1,0.00000,0.08339,0
43.0580,0,map,FR,20,43.6500,2.16164,0.19665,nan,1.96164,0.24665,0.02200,nan,0.00000,nan,0,1,0.20616,0.25167,0
43.0580,0,map,BR,13,43.4400,2.21422,0.28526,nan,1.96422,0.38526,0.02200,nan,0.00000,nan,0,1,0.26926,0.30844,0
43.1760,0,map,FL,1,43.2000,2.43969,0.39960,nan,2.53969,0.39960,0.02200,nan,0.00000,nan,0,1,0.10000,0.10584,0
43.1760,0,map,FL,31,44.1000,2.43710,0.18736,nan,2.53710,0.18736,0.02200,nan,0.00000,nan,0,1,0.10000,0.09381,0
43.1760,0,map,BL,24,43.8900,2.40644,0.52014,nan,2.50644,0.52014,0.02200,nan,0.00000,nan,0,1,0.10000,0.09764,0
43.1760,0,map,FR,16,43.6500,2.20486,0.25618,nan,1.95486,0.30618,0.02200,nan,0.00000,nan,0,1,0.25495,0.27743,0
43.1760,0,map,BR,9,43.4400,2.18299,0.55844,nan,1.98299,0.55844,0.02200,nan,0.00000,nan,0,1,0.20000,0.22547,0
43.1760,0,map,BR,39,44.3400,2.02535,0.39356,nan,1.97535,0.34356,0.02200,nan,0.00000,nan,0,1,0.07071,0.11882,0
43.2900,0,map,FL,27,44.1000,2.33561,0.29253,nan,2.53561,0.29253,0.02200,nan,0.00000,nan,0,1,0.20000,0.24039,0
43.2900,0,map,BL,20,43.8900,2.27741,0.46030,nan,2.52741,0.51030,0.02200,nan,0.00000,nan,0,1,0.25495,0.26503,0
43.2900,0,map,FR,12,43.6500,2.32374,0.15221,nan,2.52374,0.20221,0.02200,nan,0.00000,nan,0,1,0.20616,0.22453,0
43.2900,0,map,BR,5,43.4400,2.23233,0.42357,nan,1.98233,0.52357,0.02200,nan,0.00000,nan,0,1,0.26926,0.35239,0
43.2900,0,map,BR,35,44.3400,2.28482,0.05132,nan,1.98482,0.20132,0.02200,nan,0.00000,nan,0,1,0.33541,0.34372,0
43.4080,0,map,FL,24,44.1000,2.60795,0.25421,1.00000,2.60795,0.25421,0.02200,0.00000,0.00000,1.00000,1,1,0.00000,0.08550,0
43.4080,0,map,BL,17,43.8900,2.46937,0.58359,nan,2.51937,0.58359,0.02200,nan,0.00000,nan,0,1,0.05000,0.10855,0
43.4080,0,map,FR,9,43.6500,2.31416,0.20021,nan,2.51416,0.25021,0.02200,nan,0.00000,nan,0,1,0.20616,0.21886,0
43.4080,0,map,FR,39,44.5500,2.47102,-0.01024,nan,2.52102,-0.01024,0.02200,nan,0.00000,nan,0,1,0.05000,0.09678,0
43.4080,0,map,BR,2,43.4400,2.16563,0.58559,nan,1.96563,0.58559,0.02200,nan,0.00000,nan,0,1,0.20000,0.23371,0
43.4080,0,map,BR,32,44.3400,2.34525,0.30683,nan,1.99525,0.25683,0.02200,nan,0.00000,nan,0,1,0.35355,0.35968,0
43.5300,0,map,FL,19,44.1000,2.62437,0.53072,1.00000,2.62437,0.53072,0.02200,0.00000,0.00000,1.00000,1,1,0.00000,0.07603,0
43.5300,0,map,BL,12,43.8900,2.54434,0.58656,1.00000,2.54434,0.58656,0.02200,nan,0.00000,nan,0,1,0.00000,0.12288,0
43.5300,0,map,FR,4,43.6500,2.29004,0.46373,nan,2.54004,0.41373,0.02200,nan,0.00000,nan,0,1,0.25495,0.25734,0
43.5300,0,map,FR,34,44.5500,2.47805,0.52515,nan,2.52805,0.47515,0.02200,nan,0.00000,nan,0,1,0.07071,0.09627,0
43.5300,0,map,BR,27,44.3400,2.46386,0.42350,nan,2.51386,0.42350,0.02200,nan,0.00000,nan,0,1,0.05000,0.12054,0
43.6460,0,map,FL,16,44.1000,2.33581,0.37828,nan,2.53581,0.47828,0.02200,nan,0.00000,nan,0,1,0.22361,0.22812,0
43.6460,0,map,BL,9,43.8900,2.31513,0.53902,nan,2.51513,0.58902,0.02200,nan,0.00000,nan,0,1,0.20616,0.22012,0
43.6460,0,map,BL,39,44.7900,2.35061,0.49319,nan,2.50061,0.49319,0.02200,nan,0.00000,nan,0,1,0.15000,0.15078,0
43.6460,0,map,FR,1,43.6500,2.29490,0.56986,nan,2.54490,0.46986,0.02200,nan,0.00000,nan,0,1,0.26926,0.30603,0
43.6460,0,map,FR,31,44.5500,2.16832,0.51234,nan,2.51832,0.46234,0.02200,nan,0.00000,nan,0,1,0.35355,0.35747,0
43.6460,0,map,BR,24,44.3400,2.15508,0.68260,nan,2.50508,0.53260,0.02200,nan,0.00000,nan,0,1,0.38079,0.38087,0
43.7700,0,map,FL,11,44.1000,2.51848,0.26493,1.00000,2.51848,0.26493,0.02200,nan,0.00000,nan,0,1,0.00000,0.07812,0
43.7700,0,map,BL,4,43.8900,2.37766,0.69773,nan,2.52766,0.69773,0.02200,nan,0.00000,nan,0,1,0.15000,0.16668,0
43.7700,0,map,BL,34,44.7900,2.49119,0.44654,nan,2.54119,0.49654,0.02200,nan,0.00000,nan,0,1,0.07071,0.10566,0
43.7700,0,map,FR,26,44.5500,2.30482,0.06041,nan,2.50482,0.16041,0.02200,nan,0.00000,nan,0,1,0.22361,0.24032,0
43.7700,0,map,BR,19,44.3400,2.15941,0.48845,nan,2.50941,0.58845,0.02200,nan,0.00000,nan,0,1,0.36401,0.37498,0
43.8920,0,map,FL,7,44.1000,2.49350,0.28497,nan,2.54350,0.28497,0.02200,nan,0.00000,nan,0,1,0.05000,0.09228,0
43.8920,0,map,FL,37,45.0000,2.55363,0.02757,1.00000,2.55363,0.02757,0.02200,0.00000,0.00000,1.00000,1,1,0.00000,0.06930,0
43.8920,0,map,BL,30,44.7900,2.42983,0.45765,nan,2.52983,0.50765,0.02200,nan,0.00000,nan,0,1,0.11180,0.12888,0
43.8920,0,map,FR,22,44.5500,2.25120,0.07893,nan,2.50120,0.22893,0.02200,nan,0.00000,nan,0,1,0.29155,0.29732,0
43.8920,0,map,BR,15,44.3400,2.12717,0.50470,nan,1.97717,0.50470,0.02200,nan,0.00000,nan,0,1,0.15000,0.16832,0
44.0120,0,map,FL,3,44.1000,2.43065,0.31131,nan,2.53065,0.31131,0.02200,nan,0.00000,nan,0,1,0.10000,0.12635,0
44.0120,0,map,FL,33,45.0000,2.49205,-0.13537,nan,2.54205,-0.08537,0.02200,nan,0.00000,nan,0,1,0.07071,0.23585,0
44.0120,0,map,BL,26,44.7900,2.34970,0.39907,nan,2.54970,0.44907,0.02200,nan,0.00000,nan,0,1,0.20616,0.28715,0
44.0120,0,map,FR,18,44.5500,2.21121,0.05648,nan,2.51121,0.20648,0.02200,nan,0.00000,nan,0,1,0.33541,0.35937,0
44.0120,0,map,BR,11,44.3400,2.08408,0.53475,nan,1.98408,0.53475,0.02200,nan,0.00000,nan,0,1,0.10000,0.14114,0
44.1240,0,map,FL,30,45.0000,2.49689,0.34586,nan,2.54689,0.29586,0.02200,nan,0.00000,nan,0,1,0.07071,0.08029,0
44.1240,0,map,BL,23,44.7900,2.48259,0.34503,nan,2.53259,0.39503,0.02200,nan,0.00000,nan,0,1,0.07071,0.09547,0
44.1240,0,map,FR,15,44.5500,2.28691,0.50027,nan,2.53691,0.35027,0.02200,nan,0.00000,nan,0,1,0.29155,0.29417,0
44.1240,0,map,BR,8,44.3400,2.25707,0.64388,nan,1.95707,0.59388,0.02200,nan,0.00000,nan,0,1,0.30414,0.32573,0
44.1260,0,map,BR,38,45.2400,2.26557,0.32988,nan,1.96557,0.17988,0.02200,nan,0.00000,nan,0,1,0.33541,0.33903,0
44.2440,0,map,FL,26,45.0000,2.58860,0.31727,1.00000,2.58860,0.31727,0.02200,0.00000,0.00000,1.00000,1,1,0.00000,0.03486,0
44.2440,0,map,BL,19,44.7900,2.44893,0.63376,nan,2.54893,0.58376,0.02200,nan,0.00000,nan,0,1,0.11180,0.12844,0
44.2440,0,map,FR,11,44.5500,2.31356,0.28914,nan,2.51356,0.38914,0.02200,nan,0.00000,nan,0,1,0.22361,0.22361,0
44.2440,0,map,BR,4,44.3400,2.15622,0.64158,nan,1.95622,0.64158,0.02200,nan,0.00000,nan,0,1,0.20000,0.20852,0
44.2440,0,map,BR,34,45.2400,2.25742,0.47236,nan,1.95742,0.32236,0.02200,nan,0.00000,nan,0,1,0.33541,0.33613,0
44.3620,0,map,FL,22,45.0000,2.76719,0.46451,1.00000,2.76719,0.46451,0.02200,0.00000,0.00000,1.00000,1,1,0.00000,0.10895,0
44.3620,0,map,BL,15,44.7900,2.57244,0.63293,1.00000,2.57244,0.63293,0.02200,0.00000,0.00000,1.00000,1,1,0.00000,0.17246,0
44.3620,0,map,FR,7,44.5500,2.40683,0.49284,nan,2.50683,0.44284,0.02200,nan,0.00000,nan,0,1,0.11180,0.11996,0
44.3620,0,map,FR,37,45.4500,2.68290,0.48970,1.00000,2.68290,0.48970,0.02200,0.00000,0.00000,1.00000,1,1,0.00000,0.11127,0
44.3620,0,map,BR,30,45.2400,2.54486,0.62572,1.00000,2.54486,0.62572,0.02200,nan,0.00000,nan,0,1,0.00000,0.10927,0
44.4760,0,map,FL,18,45.0000,2.51286,0.18588,1.00000,2.51286,0.18588,0.02200,nan,0.00000,nan,0,1,0.00000,0.06946,0
44.4760,0,map,BL,11,44.7900,2.45924,0.58807,nan,2.50924,0.58807,0.02200,nan,0.00000,nan,0,1,0.05000,0.05710,0
44.4760,0,map,FR,3,44.5500,2.27540,0.32630,nan,2.52540,0.42630,0.02200,nan,0.00000,nan,0,1,0.26926,0.30247,0
44.4760,0,map,FR,33,45.4500,2.35043,-0.04708,nan,2.50043,0.05292,0.02200,nan,0.00000,nan,0,1,0.18028,0.22293,0
44.4760,0,map,BR,26,45.2400,2.19782,0.42607,nan,2.54782,0.57607,0.02200,nan,0.00000,nan,0,1,0.38079,0.39813,0
44.5900,0,map,FL,14,45.0000,2.51606,0.23940,1.00000,2.51606,0.23940,0.02200,nan,0.00000,nan,0,1,0.00000,0.07293,0
44.5900,0,map,BL,7,44.7900,2.38096,0.66094,nan,2.53096,0.66094,0.02200,nan,0.00000,nan,0,1,0.15000,0.16878,0
44.5900,0,map,BL,37,45.6900,2.46173,0.40754,nan,2.51173,0.40754,0.02200,nan,0.00000,nan,0,1,0.05000,0.08605,0
44.5900,0,map,FR,29,45.4500,2.28796,0.03770,nan,2.53796,0.13770,0.02200,nan,0.00000,nan,0,1,0.26926,0.27969,0
44.5920,0,map,BR,22,45.2400,2.14744,0.45082,nan,1.99744,0.50082,0.02200,nan,0.00000,nan,0,1,0.15811,0.17338,0
44.7140,0,map,FL,10,45.0000,2.16346,0.50424,nan,1.96346,0.45424,0.02200,nan,0.00000,nan,0,1,0.20616,0.24157,0
44.7140,0,map,BL,3,44.7900,2.10963,0.63966,nan,1.95963,0.63966,0.02200,nan,0.00000,nan,0,1,0.15000,0.17239,0
44.7140,0,map,BL,33,45.6900,2.02867,0.40826,nan,1.97867,0.40826,0.02200,nan,0.00000,nan,0,1,0.05000,0.11145,0
44.7140,0,map,FR,25,45.4500,2.03759,0.08569,nan,1.98759,0.08569,0.02200,nan,0.00000,nan,0,1,0.05000,0.16446,0
44.7140,0,map,BR,18,45.2400,2.08097,0.30676,nan,1.98097,0.35676,0.02200,nan,0.00000,nan,0,1,0.11180,0.15629,0
44.8320,0,map,FL,6,45.0000,2.42120,0.35856,nan,2.52120,0.35856,0.02200,nan,0.00000,nan,0,1,0.10000,0.10258,0
44.8320,0,map,FL,36,45.9000,2.32845,0.28171,nan,1.97845,0.23171,0.02200,nan,0.00000,nan,0,1,0.35355,0.36668,0
44.8320,0,map,BL,29,45.6900,2.36529,0.52602,nan,1.96529,0.47602,0.02200,nan,0.00000,nan,0,1,0.40311,0.40436,0
44.8320,0,map,FR,21,45.4500,2.13720,0.35871,nan,1.98720,0.30871,0.02200,nan,0.00000,nan,0,1,0.15811,0.16331,0
44.8320,0,map,BR,14,45.2400,2.12989,0.64584,nan,1.97989,0.59584,0.02200,nan,0.00000,nan,0,1,0.15811,0.16433,0
44.9520,0,map,FL,2,45.0000,2.48174,0.33710,nan,2.53174,0.33710,0.02200,nan,0.00000,nan,0,1,0.05000,0.08938,0
44.9520,0,map,FL,32,45.9000,2.55251,0.09396,1.00000,2.55251,0.09396,0.02200,0.00000,0.00000,1.00000,1,1,0.00000,0.06576,0
44.9520,0,map,BL,25,45.6900,2.42695,0.51976,nan,2.52695,0.51976,0.02200,nan,0.00000,nan,0,1,0.10000,0.11963,0
44.9520,0,map,FR,17,45.4500,2.24475,0.13515,nan,1.99475,0.23515,0.02200,nan,0.00000,nan,0,1,0.26926,0.27869,0
44.9520,0,map,BR,10,45.2400,2.11692,0.56114,nan,1.96692,0.61114,0.02200,nan,0.00000,nan,0,1,0.15811,0.17387,0
45.0740,0,map,FL,28,45.9000,2.29574,0.44872,nan,2.54574,0.29872,0.02200,nan,0.00000,nan,0,1,0.29155,0.30537,0
45.0740,0,map,BL,21,45.6900,2.23046,0.55121,nan,2.53046,0.55121,0.02200,nan,0.00000,nan,0,1,0.30000,0.30253,0
45.0740,0,map,FR,13,45.4500,2.24904,0.28478,nan,1.99904,0.28478,0.02200,nan,0.00000,nan,0,1,0.25000,0.26090,0
45.0740,0,map,BR,6,45.2400,2.23333,0.49086,nan,1.98333,0.59086,0.02200,nan,0.00000,nan,0,1,0.26926,0.32915,0
45.0740,0,map,BR,36,46.1400,2.18889,0.17339,nan,1.98889,0.27339,0.02200,nan,0.00000,nan,0,1,0.22361,0.22981,0
45.1900,0,map,FL,24,45.9000,1.91729,0.64739,1.00000,1.91729,0.64739,0.02200,0.00000,0.00000,1.00000,1,1,0.00000,0.13827,0
45.1900,0,map,BL,17,45.6900,2.01914,0.69681,nan,1.96914,0.69681,0.02200,nan,0.00000,nan,0,1,0.05000,0.14836,0
45.1920,0,map,FR,9,45.4500,2.01149,0.40666,nan,1.96149,0.40666,0.02200,nan,0.00000,nan,0,1,0.05000,0.23043,0
45.1920,0,map,FR,39,46.3500,1.46731,0.43818,1.00000,1.46731,0.43818,0.02200,0.00000,0.00000,1.00000,1,1,0.00000,0.13747,0
45.1920,0,map,BR,2,45.2400,2.09748,0.64089,nan,1.99748,0.64089,0.02200,nan,0.00000,nan,0,1,0.10000,0.25717,0
45.1920,0,map,BR,32,46.1400,1.56428,0.50341,1.00000,1.56428,0.50341,0.02200,0.00000,0.00000,1.00000,1,1,0.00000,0.12129,0
45.3080,0,map,FL,20,45.9000,1.85797,0.43436,1.00000,1.85797,0.43436,0.02200,0.00000,0.00000,1.00000,1,1,0.00000,0.23072,0
45.3080,0,map,BL,13,45.6900,1.96224,0.58530,1.00000,1.96224,0.58530,0.02200,nan,0.00000,nan,0,1,0.00000,0.26302,0
45.3080,0,map,FR,5,45.4500,2.00949,0.38362,nan,1.95949,0.38362,0.02200,nan,0.00000,nan,0,1,0.05000,0.32751,0
45.3080,0,map,FR,35,46.3500,1.24811,0.18261,1.00000,1.24811,0.18261,0.02200,0.00000,0.00000,1.00000,1,1,0.00000,0.22827,0
45.3080,0,map,BR,28,46.1400,1.42092,0.22508,1.00000,1.42092,0.22508,0.02200,0.00000,0.00000,1.00000,1,1,0.00000,0.23074,0
45.4240,0,map,FL,16,45.9000,2.48771,0.19035,nan,2.53771,0.19035,0.02200,nan,0.00000,nan,0,1,0.05000,0.06946,0
45.4240,0,map,BL,9,45.6900,2.40775,0.58030,nan,2.50775,0.58030,0.02200,nan,0.00000,nan,0,1,0.10000,0.10133,0
45.4240,0,map,BL,39,46.5900,2.53552,0.45671,1.00000,2.53552,0.45671,0.02200,nan,0.00000,nan,0,1,0.00000,0.07281,0
45.4240,0,map,FR,1,45.4500,2.28247,0.31920,nan,1.98247,0.36920,0.02200,nan,0.00000,nan,0,1,0.30414,0.34777,0
45.4240,0,map,FR,31,46.3500,2.31697,0.04550,nan,1.96697,0.09550,0.02200,nan,0.00000,nan,0,1,0.35355,0.34523,0
45.4240,0,map,BR,24,46.1400,2.15661,0.46197,nan,1.95661,0.46197,0.02200,nan,0.00000,nan,0,1,0.20000,0.21816,0
45.5420,0,map,FL,12,45.9000,2.36952,0.39674,nan,2.51952,0.34674,0.02200,nan,0.00000,nan,0,1,0.15811,0.16029,0
45.5420,0,map,BL,5,45.6900,2.26002,0.60652,nan,2.51002,0.60652,0.02200,nan,0.00000,nan,0,1,0.25000,0.28757,0
45.5420,0,map,BL,35,46.5900,2.30552,0.27001,nan,2.50552,0.37001,0.02200,nan,0.00000,nan,0,1,0.22361,0.23261,0
45.5440,0,map,FR,27,46.3500,2.03962,0.39045,nan,1.98962,0.34045,0.02200,nan,0.00000,nan,0,1,0.07071,0.07836,0
45.5440,0,map,BR,20,46.1400,2.03584,0.43640,nan,1.98584,0.43640,0.02200,nan,0.00000,nan,0,1,0.05000,0.10177,0
45.6580,0,map,FL,9,45.9000,2.21586,0.36207,nan,2.51586,0.36207,0.02200,nan,0.00000,nan,0,1,0.30000,0.30663,0
45.6580,0,map,FL,39,46.8000,2.01287,0.30611,nan,1.96287,0.30611,0.02200,nan,0.00000,nan,0,1,0.05000,0.06780,0
45.6580,0,map,BL,2,45.6900,2.21082,0.63210,nan,2.51082,0.63210,0.02200,nan,0.00000,nan,0,1,0.30000,0.32222,0
45.6580,0,map,BL,32,46.5900,2.13209,0.58604,nan,1.98209,0.58604,0.02200,nan,0.00000,nan,0,1,0.15000,0.15306,0
45.6580,0,map,FR,24,46.3500,1.91541,0.51501,1.00000,1.91541,0.51501,0.02200,0.00000,0.00000,1.00000,1,1,0.00000,0.07135,0
45.6580,0,map,BR,17,46.1400,2.02905,0.77390,nan,1.97905,0.72390,0.02200,nan,0.00000,nan,0,1,0.07071,0.08472,0
45.7740,0,map,FL,5,45.9000,2.40410,0.34506,nan,2.50410,0.34506,0.02200,nan,0.00000,nan,0,1,0.10000,0.10383,0
45.7760,0,map,FL,35,46.8000,2.43733,0.25821,nan,2.53733,0.25821,0.02200,nan,0.00000,nan,0,1,0.10000,0.10334,0
45.7760,0,map,BL,28,46.5900,2.35003,0.41101,nan,2.50003,0.46101,0.02200,nan,0.00000,nan,0,1,0.15811,0.16161,0
45.7760,0,map,FR,20,46.3500,2.16217,0.38694,nan,1.96217,0.43694,0.02200,nan,0.00000,nan,0,1,0.20616,0.20874,0
45.7760,0,map,BR,13,46.1400,2.09804,0.61594,nan,1.99804,0.66594,0.02200,nan,0.00000,nan,0,1,0.11180,0.13235,0
45.8960,0,map,FL,1,45.9000,2.43522,0.37679,nan,2.53522,0.37679,0.02200,nan,0.00000,nan,0,1,0.10000,0.10949,0
45.8960,0,map,FL,31,46.8000,2.46955,0.16320,nan,2.51955,0.21320,0.02200,nan,0.00000,nan,0,1,0.07071,0.07094,0
45.8960,0,map,BL,24,46.5900,2.33739,0.51070,nan,2.53739,0.51070,0.02200,nan,0.00000,nan,0,1,0.20000,0.20526,0
45.8960,0,map,FR,16,46.3500,2.19218,0.19627,nan,1.99218,0.29627,0.02200,nan,0.00000,nan,0,1,0.22361,0.24317,0
45.8960,0,map,BR,9,46.1400,2.07923,0.55475,nan,1.97923,0.60475,0.02200,nan,0.00000,nan,0,1,0.11180,0.14623,0
45.8960,0,map,BR,39,47.0400,2.08369,0.33646,nan,1.98369,0.38646,0.02200,nan,0.00000,nan,0,1,0.11180,0.13542,0
46.0180,0,map,FL,27,46.8000,2.35880,0.35230,nan,2.50880,0.30230,0.02200,nan,0.00000,nan,0,1,0.15811,0.17207,0
46.0180,0,map,BL,20,46.5900,2.33727,0.45794,nan,2.53727,0.50794,0.02200,nan,0.00000,nan,0,1,0.20616,0.23574,0
46.0180,0,map,FR,12,46.3500,2.19859,0.29725,nan,1.99859,0.29725,0.02200,nan,0.00000,nan,0,1,0.20000,0.21496,0
46.0180,0,map,BR,5,46.1400,2.16033,0.52032,nan,1.96033,0.57032,0.02200,nan,0.00000,nan,0,1,0.20616,0.26351,0
46.0180,0,map,BR,35,47.0400,2.07211,0.20558,nan,1.97211,0.25558,0.02200,nan,0.00000,nan,0,1,0.11180,0.13279,0
46.1380,0,map,FL,23,46.8000,2.56124,0.22065,1.00000,2.56124,0.22065,0.02200,0.00000,0.00000,1.00000,1,1,0.00000,0.05234,0
46.1380,0,map,BL,16,46.5900,2.41851,0.61445,nan,2.51851,0.61445,0.02200,nan,0.00000,nan,0,1,0.10000,0.12408,0
46.1380,0,map,FR,8,46.3500,2.24372,0.23542,nan,1.99372,0.28542,0.02200,nan,0.00000,nan,0,1,0.25495,0.26135,0
46.1380,0,map,FR,38,47.2500,2.34423,0.02503,nan,1.99423,0.17503,0.02200,nan,0.00000,nan,0,1,0.38079,0.38470,0
46.1380,0,map,BR,1,46.1400,2.10047,0.65173,nan,1.95047,0.65173,0.02200,nan,0.00000,nan,0,1,0.15000,0.16424,0
46.1380,0,map,BR,31,47.0400,2.19670,0.41266,nan,1.99670,0.36266,0.02200,nan,0.00000,nan,0,1,0.20616,0.21154,0
46.2580,0,map,FL,19,46.8000,2.86764,0.46004,1.00000,2.86764,0.46004,0.02200,0.00000,0.00000,1.00000,1,1,0.00000,0.25930,0
46.2580,0,map,BL,12,46.5900,2.69043,0.68558,1.00000,2.69043,0.68558,0.02200,0.00000,0.00000,1.00000,1,1,0.00000,0.22647,0
46.2580,0,map,FR,4,46.3500,2.45825,0.34123,nan,2.50825,0.34123,0.02200,nan,0.00000,nan,0,1,0.05000,0.11481,0
46.2580,0,map,FR,34,47.2500,2.93771,0.30937,1.00000,2.93771,0.30937,0.02200,0.00000,0.00000,1.00000,1,1,0.00000,0.20579,0
46.2580,0,map,BR,27,47.0400,2.73798,0.56597,1.00000,2.73798,0.56597,0.02200,0.00000,0.00000,1.00000,1,1,0.00000,0.16361,0
46.3740,0,map,FL,15,46.8000,2.50383,0.21931,1.00000,2.50383,0.21931,0.02200,nan,0.00000,nan,0,1,0.00000,0.07954,0
46.3740,0,map,BL,8,46.5900,2.38490,0.64210,nan,2.53490,0.69210,0.02200,nan,0.00000,nan,0,1,0.15811,0.17242,0
46.3740,0,map,BL,38,47.4900,2.42710,0.46820,nan,2.52710,0.46820,0.02200,nan,0.00000,nan,0,1,0.10000,0.09526,0
46.3740,0,map,FR,30,47.2500,2.27942,0.04370,nan,2.52942,0.14370,0.02200,nan,0.00000,nan,0,1,0.26926,0.28254,0
46.3740,0,map,BR,23,47.0400,2.14534,0.44732,nan,2.54534,0.59732,0.02200,nan,0.00000,nan,0,1,0.42720,0.42768,0
46.4960,0,map,FL,11,46.8000,2.49947,0.26348,nan,2.54947,0.26348,0.02200,nan,0.00000,nan,0,1,0.05000,0.08772,0
46.4960,0,map,BL,4,46.5900,2.37117,0.69535,nan,2.52117,0.69535,0.02200,nan,0.00000,nan,0,1,0.15000,0.16639,0
46.4960,0,map,BL,34,47.4900,2.42403,0.43835,nan,2.52403,0.48835,0.02200,nan,0.00000,nan,0,1,0.11180,0.12664,0
46.4960,0,map,FR,26,47.2500,2.25530,0.06156,nan,2.50530,0.21156,0.02200,nan,0.00000,nan,0,1,0.29155,0.29595,0
46.4960,0,map,BR,19,47.0400,2.12757,0.48715,nan,1.97757,0.48715,0.02200,nan,0.00000,nan,0,1,0.15000,0.16722,0
46.6160,0,map,FL,7,46.8000,2.34850,0.51679,nan,2.54850,0.46679,0.02200,nan,0.00000,nan,0,1,0.20616,0.20812,0
46.6160,0,map,FL,37,47.7000,2.28837,0.27427,nan,2.53837,0.17427,0.02200,nan,0.00000,nan,0,1,0.26926,0.28394,0
46.6160,0,map,BL,30,47.4900,2.37301,0.05538,nan,2.52301,0.15538,0.02200,nan,0.00000,nan,0,1,0.18028,0.19943,0
46.6160,0,map,FR,22,47.2500,2.08066,0.30642,nan,1.98066,0.30642,0.02200,nan,0.00000,nan,0,1,0.10000,0.12754,0
46.6160,0,map,BR,15,47.0400,2.14311,0.13976,nan,1.99311,0.23976,0.02200,nan,0.00000,nan,0,1,0.18028,0.22834,0
46.7340,0,map,FL,3,46.8000,2.45625,0.37649,nan,2.50625,0.37649,0.02200,nan,0.00000,nan,0,1,0.05000,0.09650,0
46.7340,0,map,FL,33,47.7000,2.49472,0.07963,nan,2.54472,0.12963,0.02200,nan,0.00000,nan,0,1,0.07071,0.09380,0
46.7340,0,map,BL,26,47.4900,2.39893,0.44243,nan,2.54893,0.39243,0.02200,nan,0.00000,nan,0,1,0.15811,0.18579,0
46.7340,0,map,FR,18,47.2500,2.19473,0.16719,nan,1.99473,0.21719,0.02200,nan,0.00000,nan,0,1,0.20616,0.21972,0
46.7340,0,map,BR,11,47.0400,2.09528,0.50331,nan,1.99528,0.50331,0.02200,nan,0.00000,nan,0,1,0.10000,0.12357,0
46.8580,0,map,FL,29,47.7000,2.26228,0.39858,nan,2.51228,0.24858,0.02200,nan,0.00000,nan,0,1,0.29155,0.30706,0
46.8580,0,map,BL,22,47.4900,2.21488,0.53337,nan,2.51488,0.53337,0.02200,nan,0.00000,nan,0,1,0.30000,0.30396,0
46.8580,0,map,FR,14,47.2500,2.17567,0.27823,nan,1.97567,0.27823,0.02200,nan,0.00000,nan,0,1,0.20000,0.22194,0
46.8600,0,map,BR,7,47.0400,2.13141,0.50865,nan,1.98141,0.55865,0.02200,nan,0.00000,nan,0,1,0.15811,0.24428,0
46.8600,0,map,BR,37,47.9400,1.99625,0.23715,1.00000,1.99625,0.23715,0.02200,nan,0.00000,nan,0,1,0.00000,0.06074,0
46.9780,0,map,FL,25,47.7000,1.84799,0.63088,1.00000,1.84799,0.63088,0.02200,0.00000,0.00000,1.00000,1,1,0.00000,0.16103,0
46.9780,0,map,BL,18,47.4900,2.01886,0.60507,nan,1.96886,0.60507,0.02200,nan,0.00000,nan,0,1,0.05000,0.15662,0
46.9780,0,map,FR,10,47.2500,2.04897,0.35858,nan,1.99897,0.35858,0.02200,nan,0.00000,nan,0,1,0.05000,0.24148,0
46.9780,0,map,BR,3,47.0400,2.12527,0.59435,nan,1.97527,0.59435,0.02200,nan,0.00000,nan,0,1,0.15000,0.27957,0
46.9780,0,map,BR,33,47.9400,1.71230,0.21960,1.00000,1.71230,0.21960,0.02200,0.00000,0.00000,1.00000,1,1,0.00000,0.11403,0
47.1020,0,map,FL,20,47.7000,2.02489,0.54897,nan,1.97489,0.54897,0.02200,nan,0.00000,nan,0,1,0.05000,0.20761,0
47.1020,0,map,BL,13,47.4900,2.20021,0.44060,nan,1.95021,0.54060,0.02200,nan,0.00000,nan,0,1,0.26926,0.36668,0
47.1020,0,map,FR,5,47.2500,2.05343,0.43948,nan,1.95343,0.43948,0.02200,nan,0.00000,nan,0,1,0.10000,0.25705,0
47.1020,0,map,FR,35,48.1500,1.54835,0.18557,1.00000,1.54835,0.18557,0.02200,0.00000,0.00000,1.00000,1,1,0.00000,0.19061,0
47.1020,0,map,BR,28,47.9400,1.83008,-0.02451,1.00000,1.83008,-0.02451,0.02200,0.00000,0.00000,1.00000,1,1,0.00000,0.17472,0
47.2180,0,map,FL,17,47.7000,2.53183,0.19282,1.00000,2.53183,0.19282,0.02200,nan,0.00000,nan,0,1,0.00000,0.04794,0
47.2180,0,map,BL,10,47.4900,2.42940,0.61304,nan,2.52940,0.61304,0.02200,nan,0.00000,nan,0,1,0.10000,0.11729,0
47.2180,0,map,FR,2,47.2500,2.24009,0.25753,nan,1.99009,0.35753,0.02200,nan,0.00000,nan,0,1,0.26926,0.28309,0
47.2180,0,map,FR,32,48.1500,2.18141,0.06283,nan,1.98141,0.11283,0.02200,nan,0.00000,nan,0,1,0.20616,0.24518,0
47.2180,0,map,BR,25,47.9400,2.13961,0.46892,nan,1.98961,0.36892,0.02200,nan,0.00000,nan,0,1,0.18028,0.19725,0
47.3360,0,map,FL,13,47.7000,2.72746,0.33307,1.00000,2.72746,0.33307,0.02200,0.00000,0.00000,1.00000,1,1,0.00000,0.21666,0
47.3360,0,map,BL,6,47.4900,2.43409,0.58054,nan,2.53409,0.58054,0.02200,nan,0.00000,nan,0,1,0.10000,0.35400,0
47.3380,0,map,BL,36,48.3900,3.31596,-0.08684,1.00000,3.31596,-0.08684,0.02200,0.00000,0.00000,1.00000,1,1,0.00000,0.37751,0
47.3380,0,map,FR,28,48.1500,2.76752,0.11317,1.00000,2.76752,0.11317,0.02200,0.00000,0.00000,1.00000,1,1,0.00000,0.30380,0
47.3380,0,map,BR,21,47.9400,2.63288,0.31243,1.00000,2.63288,0.31243,0.02200,0.00000,0.00000,1.00000,1,1,0.00000,0.37042,0
47.4560,0,map,FL,9,47.7000,2.45174,0.50867,nan,2.50174,0.45867,0.02200,nan,0.00000,nan,0,1,0.07071,0.20023,0
47.4560,0,map,FL,39,48.6000,2.65732,0.21246,1.00000,2.65732,0.21246,0.02200,0.00000,0.00000,1.00000,1,1,0.00000,0.06645,0
47.4560,0,map,BL,2,47.4900,2.36672,0.75700,nan,2.51672,0.70700,0.02200,nan,0.00000,nan,0,1,0.15811,0.17772,0
47.4560,0,map,BL,32,48.3900,2.54899,0.60505,1.00000,2.54899,0.60505,0.02200,nan,0.00000,nan,0,1,0.00000,0.05656,0
47.4560,0,map,FR,24,48.1500,2.28879,0.25547,nan,2.53879,0.25547,0.02200,nan,0.00000,nan,0,1,0.25000,0.26567,0
47.4560,0,map,BR,17,47.9400,2.19474,0.58047,nan,2.54474,0.48047,0.02200,nan,0.00000,nan,0,1,0.36401,0.36507,0
47.5720,0,map,FL,5,47.7000,2.48510,0.31874,nan,2.53510,0.31874,0.02200,nan,0.00000,nan,0,1,0.05000,0.08640,0
47.5720,0,map,FL,35,48.6000,2.54861,0.08363,1.00000,2.54861,0.08363,0.02200,nan,0.00000,nan,0,1,0.00000,0.06265,0
47.5720,0,map,BL,28,48.3900,2.41318,0.50742,nan,2.51318,0.55742,0.02200,nan,0.00000,nan,0,1,0.11180,0.12699,0
47.5720,0,map,FR,20,48.1500,2.24565,0.11833,nan,2.54565,0.26833,0.02200,nan,0.00000,nan,0,1,0.33541,0.34017,0
47.5720,0,map,BR,13,47.9400,2.11335,0.54008,nan,1.96335,0.54008,0.02200,nan,0.00000,nan,0,1,0.15000,0.16715,0
47.6920,0,map,FL,1,47.7000,2.24925,0.33059,nan,2.54925,0.33059,0.02200,nan,0.00000,nan,0,1,0.30000,0.30564,0
47.6920,0,map,FL,31,48.6000,2.31895,0.11604,nan,2.51895,0.16604,0.02200,nan,0.00000,nan,0,1,0.20616,0.21843,0
47.6920,0,map,BL,24,48.3900,2.16274,0.34857,nan,1.96274,0.39857,0.02200,nan,0.00000,nan,0,1,0.20616,0.35707,0
47.6920,0,map,FR,16,48.1500,2.20681,0.29702,nan,2.50681,0.34702,0.02200,nan,0.00000,nan,0,1,0.30414,0.33778,0
47.6920,0,map,BR,9,47.9400,2.16746,0.67105,nan,1.96746,0.67105,0.02200,nan,0.00000,nan,0,1,0.20000,0.22261,0
47.6920,0,map,BR,39,48.8400,1.88861,0.19481,1.00000,1.88861,0.19481,0.02200,0.00000,0.00000,1.00000,1,1,0.00000,0.13014,0
47.8100,0,map,FL,27,48.6000,2.60118,0.14653,1.00000,2.60118,0.14653,0.02200,0.00000,0.00000,1.00000,1,1,0.00000,0.08327,0
47.8100,0,map,BL,20,48.3900,2.43009,0.55450,nan,2.53009,0.55450,0.02200,nan,0.00000,nan,0,1,0.10000,0.12262,0
47.8100,0,map,FR,12,48.1500,2.23303,0.16731,nan,2.53303,0.31731,0.02200,nan,0.00000,nan,0,1,0.33541,0.34461,0
47.8100,0,map,BR,5,47.9400,2.15057,0.61586,nan,1.95057,0.66586,0.02200,nan,0.00000,nan,0,1,0.20616,0.23112,0
47.8100,0,map,BR,35,48.8400,2.31366,0.40207,nan,1.96366,0.35207,0.02200,nan,0.00000,nan,0,1,0.35355,0.33810,0
47.9280,0,map,FL,23,48.6000,2.51513,0.24444,1.00000,2.51513,0.24444,0.02200,nan,0.00000,nan,0,1,0.00000,0.05569,0
47.9280,0,map,BL,16,48.3900,2.38036,0.59872,nan,2.53036,0.59872,0.02200,nan,0.00000,nan,0,1,0.15000,0.17456,0
47.9280,0,map,FR,8,48.1500,2.21717,0.26320,nan,2.51717,0.36320,0.02200,nan,0.00000,nan,0,1,0.31623,0.31527,0
47.9280,0,map,FR,38,49.0500,2.28676,0.03061,nan,2.53676,0.13061,0.02200,nan,0.00000,nan,0,1,0.26926,0.27823,0
47.9280,0,map,BR,1,47.9400,2.09915,0.64829,nan,1.99915,0.69829,0.02200,nan,0.00000,nan,0,1,0.11180,0.13503,0
47.9280,0,map,BR,31,48.8400,2.15445,0.35836,nan,1.95445,0.40836,0.02200,nan,0.00000,nan,0,1,0.20616,0.21821,0
48.0500,0,map,FL,19,48.6000,2.53400,0.22429,1.00000,2.53400,0.22429,0.02200,nan,0.00000,nan,0,1,0.00000,0.05923,0
48.0500,0,map,BL,12,48.3900,2.40194,0.63196,nan,2.50194,0.63196,0.02200,nan,0.00000,nan,0,1,0.10000,0.12458,0
48.0500,0,map,FR,4,48.1500,2.22129,0.24994,nan,2.52129,0.34994,0.02200,nan,0.00000,nan,0,1,0.31623,0.32462,0
48.0500,0,map,FR,34,49.0500,2.30686,0.02101,nan,2.50686,0.12101,0.02200,nan,0.00000,nan,0,1,0.22361,0.23478,0
48.0500,0,map,BR,27,48.8400,2.17286,0.42619,nan,1.97286,0.47619,0.02200,nan,0.00000,nan,0,1,0.20616,0.21621,0
48.1700,0,map,FL,15,48.6000,2.50668,0.23502,1.00000,2.50668,0.23502,0.02200,nan,0.00000,nan,0,1,0.00000,0.07238,0
48.1720,0,map,BL,8,48.3900,2.37826,0.66313,nan,2.52826,0.66313,0.02200,nan,0.00000,nan,0,1,0.15000,0.16507,0
48.1720,0,map,BL,38,49.2900,2.43657,0.40407,nan,2.53657,0.45407,0.02200,nan,0.00000,nan,0,1,0.11180,0.12727,0
48.1720,0,map,FR,30,49.0500,2.26237,0.03256,nan,2.51237,0.18256,0.02200,nan,0.00000,nan,0,1,0.29155,0.29588,0
48.1720,0,map,BR,23,48.8400,2.13557,0.45286,nan,1.98557,0.50286,0.02200,nan,0.00000,nan,0,1,0.15811,0.17455,0
48.2880,0,map,FL,11,48.6000,2.19152,0.47842,nan,1.99152,0.42842,0.02200,nan,0.00000,nan,0,1,0.20616,0.25528,0
48.2880,0,map,BL,4,48.3900,2.10831,0.63937,nan,1.95831,0.63937,0.02200,nan,0.00000,nan,0,1,0.15000,0.17190,0
48.2880,0,map,BL,34,49.2900,2.02875,0.40827,nan,1.97875,0.40827,0.02200,nan,0.00000,nan,0,1,0.05000,0.11898,0
48.2880,0,map,FR,26,49.0500,2.02967,0.08005,nan,1.97967,0.08005,0.02200,nan,0.00000,nan,0,1,0.05000,0.16734,0
48.2880,0,map,BR,19,48.8400,2.04625,0.34252,nan,1.99625,0.39252,0.02200,nan,0.00000,nan,0,1,0.07071,0.16915,0
48.4040,0,map,FL,7,48.6000,2.55740,0.30230,1.00000,2.55740,0.30230,0.02200,0.00000,0.00000,1.00000,1,1,0.00000,0.08592,0
48.4040,0,map,FL,37,49.5000,2.26848,0.07572,nan,1.96848,0.17572,0.02200,nan,0.00000,nan,0,1,0.31623,0.43376,0
48.4040,0,map,BL,30,49.2900,2.28220,0.49136,nan,1.98220,0.49136,0.02200,nan,0.00000,nan,0,1,0.30000,0.38181,0
48.4040,0,map,FR,22,49.0500,2.24389,0.09753,nan,1.99389,0.14753,0.02200,nan,0.00000,nan,0,1,0.25495,0.28362,0
48.4040,0,map,BR,15,48.8400,2.17180,0.50125,nan,1.97180,0.50125,0.02200,nan,0.00000,nan,0,1,0.20000,0.20406,0
48.5220,0,map,FL,3,48.6000,2.48403,0.33010,nan,2.53403,0.33010,0.02200,nan,0.00000,nan,0,1,0.05000,0.08898,0
48.5220,0,map,FL,33,49.5000,2.55932,0.08567,1.00000,2.55932,0.08567,0.02200,0.00000,0.00000,1.00000,1,1,0.00000,0.06745,0
48.5220,0,map,BL,26,49.2900,2.44085,0.50465,nan,2.54085,0.50465,0.02200,nan,0.00000,nan,0,1,0.10000,0.12195,0
48.5220,0,map,FR,18,49.0500,2.24722,0.13619,nan,1.99722,0.18619,0.02200,nan,0.00000,nan,0,1,0.25495,0.26213,0
48.5220,0,map,BR,11,48.8400,2.12390,0.55254,nan,1.97390,0.55254,0.02200,nan,0.00000,nan,0,1,0.15000,0.16669,0
48.6440,0,map,FL,29,49.5000,2.32408,0.35151,nan,2.52408,0.25151,0.02200,nan,0.00000,nan,0,1,0.22361,0.24055,0
48.6440,0,map,BL,22,49.2900,2.32027,0.45080,nan,2.52027,0.50080,0.02200,nan,0.00000,nan,0,1,0.20616,0.22435,0
48.6440,0,map,FR,14,49.0500,2.15492,0.27782,nan,1.95492,0.27782,0.02200,nan,0.00000,nan,0,1,0.20000,0.21334,0
48.6440,0,map,BR,7,48.8400,2.15901,0.46991,nan,1.95901,0.51991,0.02200,nan,0.00000,nan,0,1,0.20616,0.27315,0
48.6440,0,map,BR,37,49.7400,2.12832,0.14358,nan,1.97832,0.19358,0.02200,nan,0.00000,nan,0,1,0.15811,0.17245,0
48.7620,0,map,FL,25,49.5000,2.26538,0.36661,nan,2.51538,0.31661,0.02200,nan,0.00000,nan,0,1,0.25495,0.26413,0
48.7620,0,map,BL,18,49.2900,2.19950,0.63918,nan,1.99950,0.63918,0.02200,nan,0.00000,nan,0,1,0.20000,0.21339,0
48.7620,0,map,FR,10,49.0500,2.11969,0.27091,nan,1.96969,0.27091,0.02200,nan,0.00000,nan,0,1,0.15000,0.16440,0
48.7620,0,map,BR,3,48.8400,2.06429,0.61486,nan,1.96429,0.61486,0.02200,nan,0.00000,nan,0,1,0.10000,0.15647,0
48.7620,0,map,BR,33,49.7400,1.84055,0.42370,1.00000,1.84055,0.42370,0.02200,0.00000,0.00000,1.00000,1,1,0.00000,0.05615,0
48.8780,0,map,FL,21,49.5000,2.55494,0.19912,1.00000,2.55494,0.19912,0.02200,0.00000,0.00000,1.00000,1,1,0.00000,0.06424,0
48.8780,0,map,BL,14,49.2900,2.41027,0.61555,nan,2.51027,0.61555,0.02200,nan,0.00000,nan,0,1,0.10000,0.12511,0
48.8780,0,map,FR,6,49.0500,2.23807,0.22291,nan,1.98807,0.27291,0.02200,nan,0.00000,nan,0,1,0.25495,0.26540,0
48.8780,0,map,FR,36,49.9500,2.33505,-0.01620,nan,1.98505,0.13380,0.02200,nan,0.00000,nan,0,1,0.38079,0.38480,0
48.8780,0,map,BR,29,49.7400,2.18508,0.40197,nan,1.98508,0.45197,0.02200,nan,0.00000,nan,0,1,0.20616,0.21490,0
48.9980,0,map,FL,17,49.5000,2.59436,0.18616,1.00000,2.59436,0.18616,0.02200,0.00000,0.00000,1.00000,1,1,0.00000,0.11967,0
48.9980,0,map,BL,10,49.2900,2.44398,0.60832,nan,2.54398,0.60832,0.02200,nan,0.00000,nan,0,1,0.10000,0.14330,0
48.9980,0,map,FR,2,49.0500,2.25334,0.26956,nan,1.95334,0.31956,0.02200,nan,0.00000,nan,0,1,0.30414,0.31694,0
48.9980,0,map,FR,32,49.9500,2.41612,-0.08563,nan,2.51612,-0.08563,0.02200,nan,0.00000,nan,0,1,0.10000,0.16554,0
48.9980,0,map,BR,25,49.7400,2.28511,0.35811,nan,1.98511,0.45811,0.02200,nan,0.00000,nan,0,1,0.31623,0.32516,0
49.1180,0,map,FL,13,49.5000,2.55389,0.23642,1.00000,2.55389,0.23642,0.02200,0.00000,0.00000,1.00000,1,1,0.00000,0.10044,0
49.1180,0,map,BL,6,49.2900,2.40103,0.67744,nan,2.50103,0.67744,0.02200,nan,0.00000,nan,0,1,0.10000,0.13728,0
49.1180,0,map,BL,36,50.1900,2.62908,0.38119,1.00000,2.62908,0.38119,0.02200,0.00000,0.00000,1.00000,1,1,0.00000,0.10700,0
49.1180,0,map,FR,28,49.9500,2.35942,0.02822,nan,2.50942,0.02822,0.02200,nan,0.00000,nan,0,1,0.15000,0.17966,0
49.1180,0,map,BR,21,49.7400,2.23542,0.47638,nan,1.98542,0.52638,0.02200,nan,0.00000,nan,0,1,0.25495,0.26552,0
49.2340,0,map,FL,9,49.5000,2.21420,0.41764,nan,2.51420,0.36764,0.02200,nan,0.00000,nan,0,1,0.30414,0.32072,0
49.2340,0,map,FL,39,50.4000,2.23892,0.01216,nan,2.53892,0.11216,0.02200,nan,0.00000,nan,0,1,0.31623,0.33686,0
49.2360,0,map,BL,2,49.2900,2.17891,0.63315,nan,1.97891,0.63315,0.02200,nan,0.00000,nan,0,1,0.20000,0.23447,0
49.2360,0,map,BL,32,50.1900,2.05558,0.30824,nan,1.95558,0.30824,0.02200,nan,0.00000,nan,0,1,0.10000,0.14004,0
49.2360,0,map,FR,24,49.9500,2.14945,0.00416,nan,1.99945,0.05416,0.02200,nan,0.00000,nan,0,1,0.15811,0.21391,0
49.2360,0,map,BR,17,49.7400,2.07311,0.23434,nan,1.97311,0.28434,0.02200,nan,0.00000,nan,0,1,0.11180,0.17292,0
49.3580,0,map,FL,5,49.5000,2.46654,0.31826,nan,2.51654,0.31826,0.02200,nan,0.00000,nan,0,1,0.05000,0.09367,0
49.3580,0,map,FL,35,50.4000,2.52264,0.15702,1.00000,2.52264,0.15702,0.02200,nan,0.00000,nan,0,1,0.00000,0.03709,0
49.3580,0,map,BL,28,50.1900,2.40718,0.55388,nan,2.50718,0.55388,0.02200,nan,0.00000,nan,0,1,0.10000,0.10828,0
49.3580,0,map,FR,20,49.9500,2.25426,0.13804,nan,1.95426,0.18804,0.02200,nan,0.00000,nan,0,1,0.30414,0.30551,0
49.3580,0,map,BR,13,49.7400,2.11932,0.54249,nan,1.96932,0.49249,0.02200,nan,0.00000,nan,0,1,0.15811,0.16793,0
49.4800,0,map,FL,1,49.5000,2.47926,0.34245,nan,2.52926,0.34245,0.02200,nan,0.00000,nan,0,1,0.05000,0.09105,0
49.4800,0,map,FL,31,50.4000,2.56181,0.09305,1.00000,2.56181,0.09305,0.02200,0.00000,0.00000,1.00000,1,1,0.00000,0.06874,0
49.4800,0,map,BL,24,50.1900,2.42288,0.51942,nan,2.52288,0.51942,0.02200,nan,0.00000,nan,0,1,0.10000,0.12225,0
49.4800,0,map,FR,16,49.9500,2.24934,0.12898,nan,1.99934,0.17898,0.02200,nan,0.00000,nan,0,1,0.25495,0.26748,0
49.4800,0,map,BR,9,49.7400,2.11271,0.56258,nan,1.96271,0.56258,0.02200,nan,0.00000,nan,0,1,0.15000,0.16811,0
49.4800,0,map,BR,39,50.6400,2.19537,0.30558,nan,1.99537,0.35558,0.02200,nan,0.00000,nan,0,1,0.20616,0.21754,0
49.6000,0,map,FL,27,50.4000,2.32083,0.52462,nan,2.52083,0.42462,0.02200,nan,0.00000,nan,0,1,0.22361,0.23182,0
49.6000,0,map,BL,20,50.1900,2.24942,0.58349,nan,2.54942,0.58349,0.02200,nan,0.00000,nan,0,1,0.30000,0.30245,0
49.6000,0,map,FR,12,49.9500,2.24435,0.32039,nan,1.99435,0.32039,0.02200,nan,0.00000,nan,0,1,0.25000,0.25396,0
49.6000,0,map,BR,5,49.7400,2.24024,0.51246,nan,1.99024,0.56246,0.02200,nan,0.00000,nan,0,1,0.25495,0.30704,0
49.6000,0,map,BR,35,50.6400,2.20931,0.22957,nan,1.95931,0.37957,0.02200,nan,0.00000,nan,0,1,0.29155,0.29443,0
49.7200,0,map,FL,23,50.4000,2.01418,0.59127,nan,1.96418,0.59127,0.02200,nan,0.00000,nan,0,1,0.05000,0.12385,0
49.7200,0,map,BL,16,50.1900,2.09454,0.64810,nan,1.99454,0.64810,0.02200,nan,0.00000,nan,0,1,0.10000,0.16142,0
49.7200,0,map,FR,8,49.9500,1.99870,0.44039,1.00000,1.99870,0.44039,0.02200,nan,0.00000,nan,0,1,0.00000,0.20852,0
49.7200,0,map,FR,38,50.8500,1.54217,0.50659,1.00000,1.54217,0.50659,0.02200,0.00000,0.00000,1.00000,1,1,0.00000,0.10307,0
49.7200,0,map,BR,1,49.7400,2.09719,0.67997,nan,1.99719,0.67997,0.02200,nan,0.00000,nan,0,1,0.10000,0.24870,0
49.7200,0,map,BR,31,50.6400,1.61863,0.60457,1.00000,1.61863,0.60457,0.02200,0.00000,0.00000,1.00000,1,1,0.00000,0.10277,0
49.8420,0,map,FL,19,50.4000,1.76915,0.49797,1.00000,1.76915,0.49797,0.02200,0.00000,0.00000,1.00000,1,1,0.00000,0.28259,0
49.8420,0,map,BL,12,50.1900,1.92835,0.50164,1.00000,1.92835,0.50164,0.02200,0.00000,0.00000,1.00000,1,1,0.00000,0.24381,0
49.8420,0,map,FR,4,49.9500,1.99013,0.45651,1.00000,1.99013,0.45651,0.02200,nan,0.00000,nan,0,1,0.00000,0.41029,0
49.8420,0,map,FR,34,50.8500,1.09413,0.27392,1.00000,1.09413,0.27392,0.02200,0.00000,0.00000,1.00000,1,1,0.00000,0.25396,0
49.8420,0,map,BR,27,50.6400,1.33122,0.27907,1.00000,1.33122,0.27907,0.02200,0.00000,0.00000,1.00000,1,1,0.00000,0.27050,0
49.9600,0,map,FL,15,50.4000,2.49408,0.22009,nan,2.54408,0.22009,0.02200,nan,0.00000,nan,0,1,0.05000,0.09970,0
49.9600,0,map,BL,8,50.1900,2.36335,0.64350,nan,1.96335,0.59350,0.02200,nan,0.00000,nan,0,1,0.40311,0.40620,0
49.9600,0,map,BL,38,51.0900,2.55826,0.35342,1.00000,2.55826,0.35342,0.02200,0.00000,0.00000,1.00000,1,1,0.00000,0.11938,0
49.9600,0,map,FR,30,50.8500,2.32897,-0.00106,nan,1.97897,0.09894,0.02200,nan,0.00000,nan,0,1,0.36401,0.35981,0
49.9600,0,map,BR,23,50.6400,2.15351,0.44491,nan,1.95351,0.44491,0.02200,nan,0.00000,nan,0,1,0.20000,0.22544,0
50.0800,0,map,FL,11,50.4000,2.22656,0.57184,nan,2.52656,0.42184,0.02200,nan,0.00000,nan,0,1,0.33541,0.34095,0
50.0800,0,map,BL,4,50.1900,2.17014,0.70368,nan,1.97014,0.65368,0.02200,nan,0.00000,nan,0,1,0.20616,0.22021,0
50.0800,0,map,BL,34,51.0900,2.33753,0.49875,nan,2.53753,0.44875,0.02200,nan,0.00000,nan,0,1,0.20616,0.21621,0
50.0800,0,map,FR,26,50.8500,2.31335,0.28744,nan,2.51335,0.28744,0.02200,nan,0.00000,nan,0,1,0.20000,0.20796,0
50.0800,0,map,BR,19,50.6400,2.29825,0.39467,nan,1.99825,0.49467,0.02200,nan,0.00000,nan,0,1,0.31623,0.33665,0
50.1960,0,map,FL,7,50.4000,2.51437,0.33516,1.00000,2.51437,0.33516,0.02200,nan,0.00000,nan,0,1,0.00000,0.09618,0
50.1960,0,map,FL,37,51.3000,2.56580,-0.05613,1.00000,2.56580,-0.05613,0.02200,0.00000,0.00000,1.00000,1,1,0.00000,0.12256,0
50.1960,0,map,BL,30,51.0900,2.42318,0.41946,nan,2.52318,0.41946,0.02200,nan,0.00000,nan,0,1,0.10000,0.14062,0
50.1960,0,map,FR,22,50.8500,2.26514,0.08213,nan,2.51514,0.23213,0.02200,nan,0.00000,nan,0,1,0.29155,0.29028,0
50.1960,0,map,BR,15,50.6400,2.15866,0.52597,nan,1.95866,0.57597,0.02200,nan,0.00000,nan,0,1,0.20616,0.22788,0
50.3160,0,map,FL,3,50.4000,2.44640,0.36633,nan,2.54640,0.36633,0.02200,nan,0.00000,nan,0,1,0.10000,0.11245,0
50.3160,0,map,FL,33,51.3000,2.59559,0.08552,1.00000,2.59559,0.08552,0.02200,0.00000,0.00000,1.00000,1,1,0.00000,0.08019,0
50.3160,0,map,BL,26,51.0900,2.46742,0.45744,nan,2.51742,0.45744,0.02200,nan,0.00000,nan,0,1,0.05000,0.07717,0
50.3160,0,map,FR,18,50.8500,2.22860,0.22908,nan,2.52860,0.27908,0.02200,nan,0.00000,nan,0,1,0.30414,0.35135,0
50.3160,0,map,BR,11,50.6400,2.14011,0.54727,nan,1.99011,0.59727,0.02200,nan,0.00000,nan,0,1,0.15811,0.17288,0
