time,current_plan_index,phase,period,dt,leg,event_ordinal,pred_touchdown_horizon_index,pred_touchdown_time
20.8480,694,4,30,0.03000,FL,0,26,21.60000
20.8480,694,4,30,0.03000,BL,0,19,21.39000
20.8480,694,4,30,0.03000,FR,0,11,21.15000
20.8480,694,4,30,0.03000,BR,0,4,20.94000
20.8480,694,4,30,0.03000,BR,1,34,21.84000
20.8860,696,6,30,0.03000,FL,0,24,21.60000
20.8860,696,6,30,0.03000,BL,0,17,21.39000
20.8860,696,6,30,0.03000,FR,0,9,21.15000
20.8860,696,6,30,0.03000,FR,1,39,22.05000
20.8860,696,6,30,0.03000,BR,0,2,20.94000
20.8860,696,6,30,0.03000,BR,1,32,21.84000
20.8960,696,6,30,0.03000,FL,0,24,21.60000
20.8960,696,6,30,0.03000,BL,0,17,21.39000
20.8960,696,6,30,0.03000,FR,0,9,21.15000
20.8960,696,6,30,0.03000,FR,1,39,22.05000
20.8960,696,6,30,0.03000,BR,0,2,20.94000
20.8960,696,6,30,0.03000,BR,1,32,21.84000
20.9060,696,6,30,0.03000,FL,0,24,21.60000
20.9060,696,6,30,0.03000,BL,0,17,21.39000
20.9060,696,6,30,0.03000,FR,0,9,21.15000
20.9060,696,6,30,0.03000,FR,1,39,22.05000
20.9060,696,6,30,0.03000,BR,0,2,20.94000
20.9060,696,6,30,0.03000,BR,1,32,21.84000
20.9160,697,7,30,0.03000,FL,0,23,21.60000
20.9160,697,7,30,0.03000,BL,0,16,21.39000
20.9160,697,7,30,0.03000,FR,0,8,21.15000
20.9160,697,7,30,0.03000,FR,1,38,22.05000
20.9160,697,7,30,0.03000,BR,0,1,20.94000
20.9160,697,7,30,0.03000,BR,1,31,21.84000
20.9340,697,7,30,0.03000,FL,0,23,21.60000
20.9340,697,7,30,0.03000,BL,0,16,21.39000
20.9340,697,7,30,0.03000,FR,0,8,21.15000
20.9340,697,7,30,0.03000,FR,1,38,22.05000
20.9340,697,7,30,0.03000,BR,0,1,20.94000
20.9340,697,7,30,0.03000,BR,1,31,21.84000
20.9460,698,8,30,0.03000,FL,0,22,21.60000
20.9460,698,8,30,0.03000,BL,0,15,21.39000
20.9460,698,8,30,0.03000,FR,0,7,21.15000
20.9460,698,8,30,0.03000,FR,1,37,22.05000
20.9460,698,8,30,0.03000,BR,0,30,21.84000
20.9540,698,8,30,0.03000,FL,0,22,21.60000
20.9540,698,8,30,0.03000,BL,0,15,21.39000
20.9540,698,8,30,0.03000,FR,0,7,21.15000
20.9540,698,8,30,0.03000,FR,1,37,22.05000
20.9540,698,8,30,0.03000,BR,0,30,21.84000
20.9640,698,8,30,0.03000,FL,0,22,21.60000
20.9640,698,8,30,0.03000,BL,0,15,21.39000
20.9640,698,8,30,0.03000,FR,0,7,21.15000
20.9640,698,8,30,0.03000,FR,1,37,22.05000
20.9640,698,8,30,0.03000,BR,0,30,21.84000
20.9740,699,9,30,0.03000,FL,0,21,21.60000
20.9740,699,9,30,0.03000,BL,0,14,21.39000
20.9740,699,9,30,0.03000,FR,0,6,21.15000
20.9740,699,9,30,0.03000,FR,1,36,22.05000
20.9740,699,9,30,0.03000,BR,0,29,21.84000
20.9840,699,9,30,0.03000,FL,0,21,21.60000
20.9840,699,9,30,0.03000,BL,0,14,21.39000
20.9840,699,9,30,0.03000,FR,0,6,21.15000
20.9840,699,9,30,0.03000,FR,1,36,22.05000
20.9840,699,9,30,0.03000,BR,0,29,21.84000
20.9940,699,9,30,0.03000,FL,0,21,21.60000
20.9940,699,9,30,0.03000,BL,0,14,21.39000
20.9940,699,9,30,0.03000,FR,0,6,21.15000
20.9940,699,9,30,0.03000,FR,1,36,22.05000
20.9940,699,9,30,0.03000,BR,0,29,21.84000
21.0020,700,10,30,0.03000,FL,0,20,21.60000
21.0020,700,10,30,0.03000,BL,0,13,21.39000
21.0020,700,10,30,0.03000,FR,0,5,21.15000
21.0020,700,10,30,0.03000,FR,1,35,22.05000
21.0020,700,10,30,0.03000,BR,0,28,21.84000
21.0120,700,10,30,0.03000,FL,0,20,21.60000
21.0120,700,10,30,0.03000,BL,0,13,21.39000
21.0120,700,10,30,0.03000,FR,0,5,21.15000
21.0120,700,10,30,0.03000,FR,1,35,22.05000
21.0120,700,10,30,0.03000,BR,0,28,21.84000
21.0220,700,10,30,0.03000,FL,0,20,21.60000
21.0220,700,10,30,0.03000,BL,0,13,21.39000
21.0220,700,10,30,0.03000,FR,0,5,21.15000
21.0220,700,10,30,0.03000,FR,1,35,22.05000
21.0220,700,10,30,0.03000,BR,0,28,21.84000
21.0300,701,11,30,0.03000,FL,0,19,21.60000
21.0300,701,11,30,0.03000,BL,0,12,21.39000
21.0300,701,11,30,0.03000,FR,0,4,21.15000
21.0300,701,11,30,0.03000,FR,1,34,22.05000
21.0300,701,11,30,0.03000,BR,0,27,21.84000
21.0420,701,11,30,0.03000,FL,0,19,21.60000
21.0420,701,11,30,0.03000,BL,0,12,21.39000
21.0420,701,11,30,0.03000,FR,0,4,21.15000
21.0420,701,11,30,0.03000,FR,1,34,22.05000
21.0420,701,11,30,0.03000,BR,0,27,21.84000
21.0500,701,11,30,0.03000,FL,0,19,21.60000
21.0500,701,11,30,0.03000,BL,0,12,21.39000
21.0500,701,11,30,0.03000,FR,0,4,21.15000
21.0500,701,11,30,0.03000,FR,1,34,22.05000
21.0500,701,11,30,0.03000,BR,0,27,21.84000
21.0600,702,12,30,0.03000,FL,0,18,21.60000
21.0600,702,12,30,0.03000,BL,0,11,21.39000
21.0600,702,12,30,0.03000,FR,0,3,21.15000
21.0600,702,12,30,0.03000,FR,1,33,22.05000
21.0600,702,12,30,0.03000,BR,0,26,21.84000
21.0700,702,12,30,0.03000,FL,0,18,21.60000
21.0700,702,12,30,0.03000,BL,0,11,21.39000
21.0700,702,12,30,0.03000,FR,0,3,21.15000
21.0700,702,12,30,0.03000,FR,1,33,22.05000
21.0700,702,12,30,0.03000,BR,0,26,21.84000
21.0780,702,12,30,0.03000,FL,0,18,21.60000
21.0780,702,12,30,0.03000,BL,0,11,21.39000
21.0780,702,12,30,0.03000,FR,0,3,21.15000
21.0780,702,12,30,0.03000,FR,1,33,22.05000
21.0780,702,12,30,0.03000,BR,0,26,21.84000
21.0900,703,13,30,0.03000,FL,0,17,21.60000
21.0900,703,13,30,0.03000,BL,0,10,21.39000
21.0900,703,13,30,0.03000,FR,0,2,21.15000
21.0900,703,13,30,0.03000,FR,1,32,22.05000
21.0900,703,13,30,0.03000,BR,0,25,21.84000
21.0980,703,13,30,0.03000,FL,0,17,21.60000
21.0980,703,13,30,0.03000,BL,0,10,21.39000
21.0980,703,13,30,0.03000,FR,0,2,21.15000
21.0980,703,13,30,0.03000,FR,1,32,22.05000
21.0980,703,13,30,0.03000,BR,0,25,21.84000
21.1080,703,13,30,0.03000,FL,0,17,21.60000
21.1080,703,13,30,0.03000,BL,0,10,21.39000
21.1080,703,13,30,0.03000,FR,0,2,21.15000
21.1080,703,13,30,0.03000,FR,1,32,22.05000
21.1080,703,13,30,0.03000,BR,0,25,21.84000
21.1160,703,13,30,0.03000,FL,0,17,21.60000
21.1160,703,13,30,0.03000,BL,0,10,21.39000
21.1160,703,13,30,0.03000,FR,0,2,21.15000
21.1160,703,13,30,0.03000,FR,1,32,22.05000
21.1160,703,13,30,0.03000,BR,0,25,21.84000
21.1260,704,14,30,0.03000,FL,0,16,21.60000
21.1260,704,14,30,0.03000,BL,0,9,21.39000
21.1260,704,14,30,0.03000,BL,1,39,22.29000
21.1260,704,14,30,0.03000,FR,0,1,21.15000
21.1260,704,14,30,0.03000,FR,1,31,22.05000
21.1260,704,14,30,0.03000,BR,0,24,21.84000
21.1360,704,14,30,0.03000,FL,0,16,21.60000
21.1360,704,14,30,0.03000,BL,0,9,21.39000
21.1360,704,14,30,0.03000,BL,1,39,22.29000
21.1360,704,14,30,0.03000,FR,0,1,21.15000
21.1360,704,14,30,0.03000,FR,1,31,22.05000
21.1360,704,14,30,0.03000,BR,0,24,21.84000
21.1460,704,14,30,0.03000,FL,0,16,21.60000
21.1460,704,14,30,0.03000,BL,0,9,21.39000
21.1460,704,14,30,0.03000,BL,1,39,22.29000
21.1460,704,14,30,0.03000,FR,0,1,21.15000
21.1460,704,14,30,0.03000,FR,1,31,22.05000
21.1460,704,14,30,0.03000,BR,0,24,21.84000
21.1560,705,15,30,0.03000,FL,0,15,21.60000
21.1560,705,15,30,0.03000,BL,0,8,21.39000
21.1560,705,15,30,0.03000,BL,1,38,22.29000
21.1560,705,15,30,0.03000,FR,0,30,22.05000
21.1560,705,15,30,0.03000,BR,0,23,21.84000
21.1740,705,15,30,0.03000,FL,0,15,21.60000
21.1740,705,15,30,0.03000,BL,0,8,21.39000
21.1740,705,15,30,0.03000,BL,1,38,22.29000
21.1740,705,15,30,0.03000,FR,0,30,22.05000
21.1740,705,15,30,0.03000,BR,0,23,21.84000
21.1860,706,16,30,0.03000,FL,0,14,21.60000
21.1860,706,16,30,0.03000,BL,0,7,21.39000
21.1860,706,16,30,0.03000,BL,1,37,22.29000
21.1860,706,16,30,0.03000,FR,0,29,22.05000
21.1860,706,16,30,0.03000,BR,0,22,21.84000
21.1940,706,16,30,0.03000,FL,0,14,21.60000
21.1940,706,16,30,0.03000,BL,0,7,21.39000
21.1940,706,16,30,0.03000,BL,1,37,22.29000
21.1940,706,16,30,0.03000,FR,0,29,22.05000
21.1940,706,16,30,0.03000,BR,0,22,21.84000
21.2040,706,16,30,0.03000,FL,0,14,21.60000
21.2040,706,16,30,0.03000,BL,0,7,21.39000
21.2040,706,16,30,0.03000,BL,1,37,22.29000
21.2040,706,16,30,0.03000,FR,0,29,22.05000
21.2040,706,16,30,0.03000,BR,0,22,21.84000
21.2140,707,17,30,0.03000,FL,0,13,21.60000
21.2140,707,17,30,0.03000,BL,0,6,21.39000
21.2140,707,17,30,0.03000,BL,1,36,22.29000
21.2140,707,17,30,0.03000,FR,0,28,22.05000
21.2140,707,17,30,0.03000,BR,0,21,21.84000
21.2240,707,17,30,0.03000,FL,0,13,21.60000
21.2240,707,17,30,0.03000,BL,0,6,21.39000
21.2240,707,17,30,0.03000,BL,1,36,22.29000
21.2240,707,17,30,0.03000,FR,0,28,22.05000
21.2240,707,17,30,0.03000,BR,0,21,21.84000
21.2340,707,17,30,0.03000,FL,0,13,21.60000
21.2340,707,17,30,0.03000,BL,0,6,21.39000
21.2340,707,17,30,0.03000,BL,1,36,22.29000
21.2340,707,17,30,0.03000,FR,0,28,22.05000
21.2340,707,17,30,0.03000,BR,0,21,21.84000
21.2420,708,18,30,0.03000,FL,0,12,21.60000
21.2420,708,18,30,0.03000,BL,0,5,21.39000
21.2420,708,18,30,0.03000,BL,1,35,22.29000
21.2420,708,18,30,0.03000,FR,0,27,22.05000
21.2420,708,18,30,0.03000,BR,0,20,21.84000
21.2540,708,18,30,0.03000,FL,0,12,21.60000
21.2540,708,18,30,0.03000,BL,0,5,21.39000
21.2540,708,18,30,0.03000,BL,1,35,22.29000
21.2540,708,18,30,0.03000,FR,0,27,22.05000
21.2540,708,18,30,0.03000,BR,0,20,21.84000
21.2620,708,18,30,0.03000,FL,0,12,21.60000
21.2620,708,18,30,0.03000,BL,0,5,21.39000
21.2620,708,18,30,0.03000,BL,1,35,22.29000
21.2620,708,18,30,0.03000,FR,0,27,22.05000
21.2620,708,18,30,0.03000,BR,0,20,21.84000
21.2720,709,19,30,0.03000,FL,0,11,21.60000
21.2720,709,19,30,0.03000,BL,0,4,21.39000
21.2720,709,19,30,0.03000,BL,1,34,22.29000
21.2720,709,19,30,0.03000,FR,0,26,22.05000
21.2720,709,19,30,0.03000,BR,0,19,21.84000
21.2820,709,19,30,0.03000,FL,0,11,21.60000
21.2820,709,19,30,0.03000,BL,0,4,21.39000
21.2820,709,19,30,0.03000,BL,1,34,22.29000
21.2820,709,19,30,0.03000,FR,0,26,22.05000
21.2820,709,19,30,0.03000,BR,0,19,21.84000
21.3100,710,20,30,0.03000,FL,0,10,21.60000
21.3100,710,20,30,0.03000,BL,0,3,21.39000
21.3100,710,20,30,0.03000,BL,1,33,22.29000
21.3100,710,20,30,0.03000,FR,0,25,22.05000
21.3100,710,20,30,0.03000,BR,0,18,21.84000
21.3200,710,20,30,0.03000,FL,0,10,21.60000
21.3200,710,20,30,0.03000,BL,0,3,21.39000
21.3200,710,20,30,0.03000,BL,1,33,22.29000
21.3200,710,20,30,0.03000,FR,0,25,22.05000
21.3200,710,20,30,0.03000,BR,0,18,21.84000
21.3300,711,21,30,0.03000,FL,0,9,21.60000
21.3300,711,21,30,0.03000,FL,1,39,22.50000
21.3300,711,21,30,0.03000,BL,0,2,21.39000
21.3300,711,21,30,0.03000,BL,1,32,22.29000
21.3300,711,21,30,0.03000,FR,0,24,22.05000
21.3300,711,21,30,0.03000,BR,0,17,21.84000
21.3380,711,21,30,0.03000,FL,0,9,21.60000
21.3380,711,21,30,0.03000,FL,1,39,22.50000
21.3380,711,21,30,0.03000,BL,0,2,21.39000
21.3380,711,21,30,0.03000,BL,1,32,22.29000
21.3380,711,21,30,0.03000,FR,0,24,22.05000
21.3380,711,21,30,0.03000,BR,0,17,21.84000
21.3480,711,21,30,0.03000,FL,0,9,21.60000
21.3480,711,21,30,0.03000,FL,1,39,22.50000
21.3480,711,21,30,0.03000,BL,0,2,21.39000
21.3480,711,21,30,0.03000,BL,1,32,22.29000
21.3480,711,21,30,0.03000,FR,0,24,22.05000
21.3480,711,21,30,0.03000,BR,0,17,21.84000
21.3580,711,21,30,0.03000,FL,0,9,21.60000
21.3580,711,21,30,0.03000,FL,1,39,22.50000
21.3580,711,21,30,0.03000,BL,0,2,21.39000
21.3580,711,21,30,0.03000,BL,1,32,22.29000
21.3580,711,21,30,0.03000,FR,0,24,22.05000
21.3580,711,21,30,0.03000,BR,0,17,21.84000
21.3680,712,22,30,0.03000,FL,0,8,21.60000
21.3680,712,22,30,0.03000,FL,1,38,22.50000
21.3680,712,22,30,0.03000,BL,0,1,21.39000
21.3680,712,22,30,0.03000,BL,1,31,22.29000
21.3680,712,22,30,0.03000,FR,0,23,22.05000
21.3680,712,22,30,0.03000,BR,0,16,21.84000
21.3880,712,22,30,0.03000,FL,0,8,21.60000
21.3880,712,22,30,0.03000,FL,1,38,22.50000
21.3880,712,22,30,0.03000,BL,0,1,21.39000
21.3880,712,22,30,0.03000,BL,1,31,22.29000
21.3880,712,22,30,0.03000,FR,0,23,22.05000
21.3880,712,22,30,0.03000,BR,0,16,21.84000
21.3980,713,23,30,0.03000,FL,0,7,21.60000
21.3980,713,23,30,0.03000,FL,1,37,22.50000
21.3980,713,23,30,0.03000,BL,0,30,22.29000
21.3980,713,23,30,0.03000,FR,0,22,22.05000
21.3980,713,23,30,0.03000,BR,0,15,21.84000
21.4100,713,23,30,0.03000,FL,0,7,21.60000
21.4100,713,23,30,0.03000,FL,1,37,22.50000
21.4100,713,23,30,0.03000,BL,0,30,22.29000
21.4100,713,23,30,0.03000,FR,0,22,22.05000
21.4100,713,23,30,0.03000,BR,0,15,21.84000
21.4220,714,24,30,0.03000,FL,0,6,21.60000
21.4220,714,24,30,0.03000,FL,1,36,22.50000
21.4220,714,24,30,0.03000,BL,0,29,22.29000
21.4220,714,24,30,0.03000,FR,0,21,22.05000
21.4220,714,24,30,0.03000,BR,0,14,21.84000
21.4340,714,24,30,0.03000,FL,0,6,21.60000
21.4340,714,24,30,0.03000,FL,1,36,22.50000
21.4340,714,24,30,0.03000,BL,0,29,22.29000
21.4340,714,24,30,0.03000,FR,0,21,22.05000
21.4340,714,24,30,0.03000,BR,0,14,21.84000
21.4440,714,24,30,0.03000,FL,0,6,21.60000
21.4440,714,24,30,0.03000,FL,1,36,22.50000
21.4440,714,24,30,0.03000,BL,0,29,22.29000
21.4440,714,24,30,0.03000,FR,0,21,22.05000
21.4440,714,24,30,0.03000,BR,0,14,21.84000
21.4540,715,25,30,0.03000,FL,0,5,21.60000
21.4540,715,25,30,0.03000,FL,1,35,22.50000
21.4540,715,25,30,0.03000,BL,0,28,22.29000
21.4540,715,25,30,0.03000,FR,0,20,22.05000
21.4540,715,25,30,0.03000,BR,0,13,21.84000
21.4640,715,25,30,0.03000,FL,0,5,21.60000
21.4640,715,25,30,0.03000,FL,1,35,22.50000
21.4640,715,25,30,0.03000,BL,0,28,22.29000
21.4640,715,25,30,0.03000,FR,0,20,22.05000
21.4640,715,25,30,0.03000,BR,0,13,21.84000
21.4740,715,25,30,0.03000,FL,0,5,21.60000
21.4740,715,25,30,0.03000,FL,1,35,22.50000
21.4740,715,25,30,0.03000,BL,0,28,22.29000
21.4740,715,25,30,0.03000,FR,0,20,22.05000
21.4740,715,25,30,0.03000,BR,0,13,21.84000
21.4840,716,26,30,0.03000,FL,0,4,21.60000
21.4840,716,26,30,0.03000,FL,1,34,22.50000
21.4840,716,26,30,0.03000,BL,0,27,22.29000
21.4840,716,26,30,0.03000,FR,0,19,22.05000
21.4840,716,26,30,0.03000,BR,0,12,21.84000
21.4920,716,26,30,0.03000,FL,0,4,21.60000
21.4920,716,26,30,0.03000,FL,1,34,22.50000
21.4920,716,26,30,0.03000,BL,0,27,22.29000
21.4920,716,26,30,0.03000,FR,0,19,22.05000
21.4920,716,26,30,0.03000,BR,0,12,21.84000
21.5020,716,26,30,0.03000,FL,0,4,21.60000
21.5020,716,26,30,0.03000,FL,1,34,22.50000
21.5020,716,26,30,0.03000,BL,0,27,22.29000
21.5020,716,26,30,0.03000,FR,0,19,22.05000
21.5020,716,26,30,0.03000,BR,0,12,21.84000
21.5120,717,27,30,0.03000,FL,0,3,21.60000
21.5120,717,27,30,0.03000,FL,1,33,22.50000
21.5120,717,27,30,0.03000,BL,0,26,22.29000
21.5120,717,27,30,0.03000,FR,0,18,22.05000
21.5120,717,27,30,0.03000,BR,0,11,21.84000
21.5220,717,27,30,0.03000,FL,0,3,21.60000
21.5220,717,27,30,0.03000,FL,1,33,22.50000
21.5220,717,27,30,0.03000,BL,0,26,22.29000
21.5220,717,27,30,0.03000,FR,0,18,22.05000
21.5220,717,27,30,0.03000,BR,0,11,21.84000
21.5320,717,27,30,0.03000,FL,0,3,21.60000
21.5320,717,27,30,0.03000,FL,1,33,22.50000
21.5320,717,27,30,0.03000,BL,0,26,22.29000
21.5320,717,27,30,0.03000,FR,0,18,22.05000
21.5320,717,27,30,0.03000,BR,0,11,21.84000
21.5420,718,28,30,0.03000,FL,0,2,21.60000
21.5420,718,28,30,0.03000,FL,1,32,22.50000
21.5420,718,28,30,0.03000,BL,0,25,22.29000
21.5420,718,28,30,0.03000,FR,0,17,22.05000
21.5420,718,28,30,0.03000,BR,0,10,21.84000
21.5500,718,28,30,0.03000,FL,0,2,21.60000
21.5500,718,28,30,0.03000,FL,1,32,22.50000
21.5500,718,28,30,0.03000,BL,0,25,22.29000
21.5500,718,28,30,0.03000,FR,0,17,22.05000
21.5500,718,28,30,0.03000,BR,0,10,21.84000
21.5620,718,28,30,0.03000,FL,0,2,21.60000
21.5620,718,28,30,0.03000,FL,1,32,22.50000
21.5620,718,28,30,0.03000,BL,0,25,22.29000
21.5620,718,28,30,0.03000,FR,0,17,22.05000
21.5620,718,28,30,0.03000,BR,0,10,21.84000
21.5720,719,29,30,0.03000,FL,0,1,21.60000
21.5720,719,29,30,0.03000,FL,1,31,22.50000
21.5720,719,29,30,0.03000,BL,0,24,22.29000
21.5720,719,29,30,0.03000,FR,0,16,22.05000
21.5720,719,29,30,0.03000,BR,0,9,21.84000
21.5720,719,29,30,0.03000,BR,1,39,22.74000
21.5800,719,29,30,0.03000,FL,0,1,21.60000
21.5800,719,29,30,0.03000,FL,1,31,22.50000
21.5800,719,29,30,0.03000,BL,0,24,22.29000
21.5800,719,29,30,0.03000,FR,0,16,22.05000
21.5800,719,29,30,0.03000,BR,0,9,21.84000
21.5800,719,29,30,0.03000,BR,1,39,22.74000
21.5900,719,29,30,0.03000,FL,0,1,21.60000
21.5900,719,29,30,0.03000,FL,1,31,22.50000
21.5900,719,29,30,0.03000,BL,0,24,22.29000
21.5900,719,29,30,0.03000,FR,0,16,22.05000
21.5900,719,29,30,0.03000,BR,0,9,21.84000
21.5900,719,29,30,0.03000,BR,1,39,22.74000
21.6000,720,0,30,0.03000,FL,0,30,22.50000
21.6000,720,0,30,0.03000,BL,0,23,22.29000
21.6000,720,0,30,0.03000,FR,0,15,22.05000
21.6000,720,0,30,0.03000,BR,0,8,21.84000
21.6000,720,0,30,0.03000,BR,1,38,22.74000
21.6220,720,0,30,0.03000,FL,0,30,22.50000
21.6220,720,0,30,0.03000,BL,0,23,22.29000
21.6220,720,0,30,0.03000,FR,0,15,22.05000
21.6220,720,0,30,0.03000,BR,0,8,21.84000
21.6220,720,0,30,0.03000,BR,1,38,22.74000
21.6320,721,1,30,0.03000,FL,0,29,22.50000
21.6320,721,1,30,0.03000,BL,0,22,22.29000
21.6320,721,1,30,0.03000,FR,0,14,22.05000
21.6320,721,1,30,0.03000,BR,0,7,21.84000
21.6320,721,1,30,0.03000,BR,1,37,22.74000
21.6440,721,1,30,0.03000,FL,0,29,22.50000
21.6440,721,1,30,0.03000,BL,0,22,22.29000
21.6440,721,1,30,0.03000,FR,0,14,22.05000
21.6440,721,1,30,0.03000,BR,0,7,21.84000
21.6440,721,1,30,0.03000,BR,1,37,22.74000
21.6540,721,1,30,0.03000,FL,0,29,22.50000
21.6540,721,1,30,0.03000,BL,0,22,22.29000
21.6540,721,1,30,0.03000,FR,0,14,22.05000
21.6540,721,1,30,0.03000,BR,0,7,21.84000
21.6540,721,1,30,0.03000,BR,1,37,22.74000
21.6640,722,2,30,0.03000,FL,0,28,22.50000
21.6640,722,2,30,0.03000,BL,0,21,22.29000
21.6640,722,2,30,0.03000,FR,0,13,22.05000
21.6640,722,2,30,0.03000,BR,0,6,21.84000
21.6640,722,2,30,0.03000,BR,1,36,22.74000
21.6740,722,2,30,0.03000,FL,0,28,22.50000
21.6740,722,2,30,0.03000,BL,0,21,22.29000
21.6740,722,2,30,0.03000,FR,0,13,22.05000
21.6740,722,2,30,0.03000,BR,0,6,21.84000
21.6740,722,2,30,0.03000,BR,1,36,22.74000
21.6840,722,2,30,0.03000,FL,0,28,22.50000
21.6840,722,2,30,0.03000,BL,0,21,22.29000
21.6840,722,2,30,0.03000,FR,0,13,22.05000
21.6840,722,2,30,0.03000,BR,0,6,21.84000
21.6840,722,2,30,0.03000,BR,1,36,22.74000
21.6920,723,3,30,0.03000,FL,0,27,22.50000
21.6920,723,3,30,0.03000,BL,0,20,22.29000
21.6920,723,3,30,0.03000,FR,0,12,22.05000
21.6920,723,3,30,0.03000,BR,0,5,21.84000
21.6920,723,3,30,0.03000,BR,1,35,22.74000
21.7020,723,3,30,0.03000,FL,0,27,22.50000
21.7020,723,3,30,0.03000,BL,0,20,22.29000
21.7020,723,3,30,0.03000,FR,0,12,22.05000
21.7020,723,3,30,0.03000,BR,0,5,21.84000
21.7020,723,3,30,0.03000,BR,1,35,22.74000
21.7120,723,3,30,0.03000,FL,0,27,22.50000
21.7120,723,3,30,0.03000,BL,0,20,22.29000
21.7120,723,3,30,0.03000,FR,0,12,22.05000
21.7120,723,3,30,0.03000,BR,0,5,21.84000
21.7120,723,3,30,0.03000,BR,1,35,22.74000
21.7220,724,4,30,0.03000,FL,0,26,22.50000
21.7220,724,4,30,0.03000,BL,0,19,22.29000
21.7220,724,4,30,0.03000,FR,0,11,22.05000
21.7220,724,4,30,0.03000,BR,0,4,21.84000
21.7220,724,4,30,0.03000,BR,1,34,22.74000
21.7320,724,4,30,0.03000,FL,0,26,22.50000
21.7320,724,4,30,0.03000,BL,0,19,22.29000
21.7320,724,4,30,0.03000,FR,0,11,22.05000
21.7320,724,4,30,0.03000,BR,0,4,21.84000
21.7320,724,4,30,0.03000,BR,1,34,22.74000
21.7420,724,4,30,0.03000,FL,0,26,22.50000
21.7420,724,4,30,0.03000,BL,0,19,22.29000
21.7420,724,4,30,0.03000,FR,0,11,22.05000
21.7420,724,4,30,0.03000,BR,0,4,21.84000
21.7420,724,4,30,0.03000,BR,1,34,22.74000
21.7520,725,5,30,0.03000,FL,0,25,22.50000
21.7520,725,5,30,0.03000,BL,0,18,22.29000
21.7520,725,5,30,0.03000,FR,0,10,22.05000
21.7520,725,5,30,0.03000,BR,0,3,21.84000
21.7520,725,5,30,0.03000,BR,1,33,22.74000
21.7600,725,5,30,0.03000,FL,0,25,22.50000
21.7600,725,5,30,0.03000,BL,0,18,22.29000
21.7600,725,5,30,0.03000,FR,0,10,22.05000
21.7600,725,5,30,0.03000,BR,0,3,21.84000
21.7600,725,5,30,0.03000,BR,1,33,22.74000
21.7700,725,5,30,0.03000,FL,0,25,22.50000
21.7700,725,5,30,0.03000,BL,0,18,22.29000
21.7700,725,5,30,0.03000,FR,0,10,22.05000
21.7700,725,5,30,0.03000,BR,0,3,21.84000
21.7700,725,5,30,0.03000,BR,1,33,22.74000
21.7800,726,6,30,0.03000,FL,0,24,22.50000
21.7800,726,6,30,0.03000,BL,0,17,22.29000
21.7800,726,6,30,0.03000,FR,0,9,22.05000
21.7800,726,6,30,0.03000,FR,1,39,22.95000
21.7800,726,6,30,0.03000,BR,0,2,21.84000
21.7800,726,6,30,0.03000,BR,1,32,22.74000
21.7900,726,6,30,0.03000,FL,0,24,22.50000
21.7900,726,6,30,0.03000,BL,0,17,22.29000
21.7900,726,6,30,0.03000,FR,0,9,22.05000
21.7900,726,6,30,0.03000,FR,1,39,22.95000
21.7900,726,6,30,0.03000,BR,0,2,21.84000
21.7900,726,6,30,0.03000,BR,1,32,22.74000
21.8000,726,6,30,0.03000,FL,0,24,22.50000
21.8000,726,6,30,0.03000,BL,0,17,22.29000
21.8000,726,6,30,0.03000,FR,0,9,22.05000
21.8000,726,6,30,0.03000,FR,1,39,22.95000
21.8000,726,6,30,0.03000,BR,0,2,21.84000
21.8000,726,6,30,0.03000,BR,1,32,22.74000
21.8100,727,7,30,0.03000,FL,0,23,22.50000
21.8100,727,7,30,0.03000,BL,0,16,22.29000
21.8100,727,7,30,0.03000,FR,0,8,22.05000
21.8100,727,7,30,0.03000,FR,1,38,22.95000
21.8100,727,7,30,0.03000,BR,0,1,21.84000
21.8100,727,7,30,0.03000,BR,1,31,22.74000
21.8300,727,7,30,0.03000,FL,0,23,22.50000
21.8300,727,7,30,0.03000,BL,0,16,22.29000
21.8300,727,7,30,0.03000,FR,0,8,22.05000
21.8300,727,7,30,0.03000,FR,1,38,22.95000
21.8300,727,7,30,0.03000,BR,0,1,21.84000
21.8300,727,7,30,0.03000,BR,1,31,22.74000
21.8400,728,8,30,0.03000,FL,0,22,22.50000
21.8400,728,8,30,0.03000,BL,0,15,22.29000
21.8400,728,8,30,0.03000,FR,0,7,22.05000
21.8400,728,8,30,0.03000,FR,1,37,22.95000
21.8400,728,8,30,0.03000,BR,0,30,22.74000
21.8500,728,8,30,0.03000,FL,0,22,22.50000
21.8500,728,8,30,0.03000,BL,0,15,22.29000
21.8500,728,8,30,0.03000,FR,0,7,22.05000
21.8500,728,8,30,0.03000,FR,1,37,22.95000
21.8500,728,8,30,0.03000,BR,0,30,22.74000
21.8580,728,8,30,0.03000,FL,0,22,22.50000
21.8580,728,8,30,0.03000,BL,0,15,22.29000
21.8580,728,8,30,0.03000,FR,0,7,22.05000
21.8580,728,8,30,0.03000,FR,1,37,22.95000
21.8580,728,8,30,0.03000,BR,0,30,22.74000
21.8680,728,8,30,0.03000,FL,0,22,22.50000
21.8680,728,8,30,0.03000,BL,0,15,22.29000
21.8680,728,8,30,0.03000,FR,0,7,22.05000
21.8680,728,8,30,0.03000,FR,1,37,22.95000
21.8680,728,8,30,0.03000,BR,0,30,22.74000
21.8780,729,9,30,0.03000,FL,0,21,22.50000
21.8780,729,9,30,0.03000,BL,0,14,22.29000
21.8780,729,9,30,0.03000,FR,0,6,22.05000
21.8780,729,9,30,0.03000,FR,1,36,22.95000
21.8780,729,9,30,0.03000,BR,0,29,22.74000
21.8880,729,9,30,0.03000,FL,0,21,22.50000
21.8880,729,9,30,0.03000,BL,0,14,22.29000
21.8880,729,9,30,0.03000,FR,0,6,22.05000
21.8880,729,9,30,0.03000,FR,1,36,22.95000
21.8880,729,9,30,0.03000,BR,0,29,22.74000
21.8980,729,9,30,0.03000,FL,0,21,22.50000
21.8980,729,9,30,0.03000,BL,0,14,22.29000
21.8980,729,9,30,0.03000,FR,0,6,22.05000
21.8980,729,9,30,0.03000,FR,1,36,22.95000
21.8980,729,9,30,0.03000,BR,0,29,22.74000
21.9080,730,10,30,0.03000,FL,0,20,22.50000
21.9080,730,10,30,0.03000,BL,0,13,22.29000
21.9080,730,10,30,0.03000,FR,0,5,22.05000
21.9080,730,10,30,0.03000,FR,1,35,22.95000
21.9080,730,10,30,0.03000,BR,0,28,22.74000
21.9180,730,10,30,0.03000,FL,0,20,22.50000
21.9180,730,10,30,0.03000,BL,0,13,22.29000
21.9180,730,10,30,0.03000,FR,0,5,22.05000
21.9180,730,10,30,0.03000,FR,1,35,22.95000
21.9180,730,10,30,0.03000,BR,0,28,22.74000
21.9260,730,10,30,0.03000,FL,0,20,22.50000
21.9260,730,10,30,0.03000,BL,0,13,22.29000
21.9260,730,10,30,0.03000,FR,0,5,22.05000
21.9260,730,10,30,0.03000,FR,1,35,22.95000
21.9260,730,10,30,0.03000,BR,0,28,22.74000
21.9380,731,11,30,0.03000,FL,0,19,22.50000
21.9380,731,11,30,0.03000,BL,0,12,22.29000
21.9380,731,11,30,0.03000,FR,0,4,22.05000
21.9380,731,11,30,0.03000,FR,1,34,22.95000
21.9380,731,11,30,0.03000,BR,0,27,22.74000
21.9480,731,11,30,0.03000,FL,0,19,22.50000
21.9480,731,11,30,0.03000,BL,0,12,22.29000
21.9480,731,11,30,0.03000,FR,0,4,22.05000
21.9480,731,11,30,0.03000,FR,1,34,22.95000
21.9480,731,11,30,0.03000,BR,0,27,22.74000
21.9580,731,11,30,0.03000,FL,0,19,22.50000
21.9580,731,11,30,0.03000,BL,0,12,22.29000
21.9580,731,11,30,0.03000,FR,0,4,22.05000
21.9580,731,11,30,0.03000,FR,1,34,22.95000
21.9580,731,11,30,0.03000,BR,0,27,22.74000
21.9680,732,12,30,0.03000,FL,0,18,22.50000
21.9680,732,12,30,0.03000,BL,0,11,22.29000
21.9680,732,12,30,0.03000,FR,0,3,22.05000
21.9680,732,12,30,0.03000,FR,1,33,22.95000
21.9680,732,12,30,0.03000,BR,0,26,22.74000
21.9780,732,12,30,0.03000,FL,0,18,22.50000
21.9780,732,12,30,0.03000,BL,0,11,22.29000
21.9780,732,12,30,0.03000,FR,0,3,22.05000
21.9780,732,12,30,0.03000,FR,1,33,22.95000
21.9780,732,12,30,0.03000,BR,0,26,22.74000
21.9880,732,12,30,0.03000,FL,0,18,22.50000
21.9880,732,12,30,0.03000,BL,0,11,22.29000
21.9880,732,12,30,0.03000,FR,0,3,22.05000
21.9880,732,12,30,0.03000,FR,1,33,22.95000
21.9880,732,12,30,0.03000,BR,0,26,22.74000
21.9980,733,13,30,0.03000,FL,0,17,22.50000
21.9980,733,13,30,0.03000,BL,0,10,22.29000
21.9980,733,13,30,0.03000,FR,0,2,22.05000
21.9980,733,13,30,0.03000,FR,1,32,22.95000
21.9980,733,13,30,0.03000,BR,0,25,22.74000
22.0060,733,13,30,0.03000,FL,0,17,22.50000
22.0060,733,13,30,0.03000,BL,0,10,22.29000
22.0060,733,13,30,0.03000,FR,0,2,22.05000
22.0060,733,13,30,0.03000,FR,1,32,22.95000
22.0060,733,13,30,0.03000,BR,0,25,22.74000
22.0160,733,13,30,0.03000,FL,0,17,22.50000
22.0160,733,13,30,0.03000,BL,0,10,22.29000
22.0160,733,13,30,0.03000,FR,0,2,22.05000
22.0160,733,13,30,0.03000,FR,1,32,22.95000
22.0160,733,13,30,0.03000,BR,0,25,22.74000
22.0320,734,14,30,0.03000,FL,0,16,22.50000
22.0320,734,14,30,0.03000,BL,0,9,22.29000
22.0320,734,14,30,0.03000,BL,1,39,23.19000
22.0320,734,14,30,0.03000,FR,0,1,22.05000
22.0320,734,14,30,0.03000,FR,1,31,22.95000
22.0320,734,14,30,0.03000,BR,0,24,22.74000
22.0440,734,14,30,0.03000,FL,0,16,22.50000
22.0440,734,14,30,0.03000,BL,0,9,22.29000
22.0440,734,14,30,0.03000,BL,1,39,23.19000
22.0440,734,14,30,0.03000,FR,0,1,22.05000
22.0440,734,14,30,0.03000,FR,1,31,22.95000
22.0440,734,14,30,0.03000,BR,0,24,22.74000
22.0540,735,15,30,0.03000,FL,0,15,22.50000
22.0540,735,15,30,0.03000,BL,0,8,22.29000
22.0540,735,15,30,0.03000,BL,1,38,23.19000
22.0540,735,15,30,0.03000,FR,0,30,22.95000
22.0540,735,15,30,0.03000,BR,0,23,22.74000
22.0780,735,15,30,0.03000,FL,0,15,22.50000
22.0780,735,15,30,0.03000,BL,0,8,22.29000
22.0780,735,15,30,0.03000,BL,1,38,23.19000
22.0780,735,15,30,0.03000,FR,0,30,22.95000
22.0780,735,15,30,0.03000,BR,0,23,22.74000
22.0880,736,16,30,0.03000,FL,0,14,22.50000
22.0880,736,16,30,0.03000,BL,0,7,22.29000
22.0880,736,16,30,0.03000,BL,1,37,23.19000
22.0880,736,16,30,0.03000,FR,0,29,22.95000
22.0880,736,16,30,0.03000,BR,0,22,22.74000
22.0980,736,16,30,0.03000,FL,0,14,22.50000
22.0980,736,16,30,0.03000,BL,0,7,22.29000
22.0980,736,16,30,0.03000,BL,1,37,23.19000
22.0980,736,16,30,0.03000,FR,0,29,22.95000
22.0980,736,16,30,0.03000,BR,0,22,22.74000
22.1080,736,16,30,0.03000,FL,0,14,22.50000
22.1080,736,16,30,0.03000,BL,0,7,22.29000
22.1080,736,16,30,0.03000,BL,1,37,23.19000
22.1080,736,16,30,0.03000,FR,0,29,22.95000
22.1080,736,16,30,0.03000,BR,0,22,22.74000
22.1180,737,17,30,0.03000,FL,0,13,22.50000
22.1180,737,17,30,0.03000,BL,0,6,22.29000
22.1180,737,17,30,0.03000,BL,1,36,23.19000
22.1180,737,17,30,0.03000,FR,0,28,22.95000
22.1180,737,17,30,0.03000,BR,0,21,22.74000
22.1280,737,17,30,0.03000,FL,0,13,22.50000
22.1280,737,17,30,0.03000,BL,0,6,22.29000
22.1280,737,17,30,0.03000,BL,1,36,23.19000
22.1280,737,17,30,0.03000,FR,0,28,22.95000
22.1280,737,17,30,0.03000,BR,0,21,22.74000
22.1380,737,17,30,0.03000,FL,0,13,22.50000
22.1380,737,17,30,0.03000,BL,0,6,22.29000
22.1380,737,17,30,0.03000,BL,1,36,23.19000
22.1380,737,17,30,0.03000,FR,0,28,22.95000
22.1380,737,17,30,0.03000,BR,0,21,22.74000
22.1500,738,18,30,0.03000,FL,0,12,22.50000
22.1500,738,18,30,0.03000,BL,0,5,22.29000
22.1500,738,18,30,0.03000,BL,1,35,23.19000
22.1500,738,18,30,0.03000,FR,0,27,22.95000
22.1500,738,18,30,0.03000,BR,0,20,22.74000
22.1600,738,18,30,0.03000,FL,0,12,22.50000
22.1600,738,18,30,0.03000,BL,0,5,22.29000
22.1600,738,18,30,0.03000,BL,1,35,23.19000
22.1600,738,18,30,0.03000,FR,0,27,22.95000
22.1600,738,18,30,0.03000,BR,0,20,22.74000
22.1700,739,19,30,0.03000,FL,0,11,22.50000
22.1700,739,19,30,0.03000,BL,0,4,22.29000
22.1700,739,19,30,0.03000,BL,1,34,23.19000
22.1700,739,19,30,0.03000,FR,0,26,22.95000
22.1700,739,19,30,0.03000,BR,0,19,22.74000
22.1800,739,19,30,0.03000,FL,0,11,22.50000
22.1800,739,19,30,0.03000,BL,0,4,22.29000
22.1800,739,19,30,0.03000,BL,1,34,23.19000
22.1800,739,19,30,0.03000,FR,0,26,22.95000
22.1800,739,19,30,0.03000,BR,0,19,22.74000
22.1880,739,19,30,0.03000,FL,0,11,22.50000
22.1880,739,19,30,0.03000,BL,0,4,22.29000
22.1880,739,19,30,0.03000,BL,1,34,23.19000
22.1880,739,19,30,0.03000,FR,0,26,22.95000
22.1880,739,19,30,0.03000,BR,0,19,22.74000
22.2000,740,20,30,0.03000,FL,0,10,22.50000
22.2000,740,20,30,0.03000,BL,0,3,22.29000
22.2000,740,20,30,0.03000,BL,1,33,23.19000
22.2000,740,20,30,0.03000,FR,0,25,22.95000
22.2000,740,20,30,0.03000,BR,0,18,22.74000
22.2120,740,20,30,0.03000,FL,0,10,22.50000
22.2120,740,20,30,0.03000,BL,0,3,22.29000
22.2120,740,20,30,0.03000,BL,1,33,23.19000
22.2120,740,20,30,0.03000,FR,0,25,22.95000
22.2120,740,20,30,0.03000,BR,0,18,22.74000
22.2300,741,21,30,0.03000,FL,0,9,22.50000
22.2300,741,21,30,0.03000,FL,1,39,23.40000
22.2300,741,21,30,0.03000,BL,0,2,22.29000
22.2300,741,21,30,0.03000,BL,1,32,23.19000
22.2300,741,21,30,0.03000,FR,0,24,22.95000
22.2300,741,21,30,0.03000,BR,0,17,22.74000
22.2440,741,21,30,0.03000,FL,0,9,22.50000
22.2440,741,21,30,0.03000,FL,1,39,23.40000
22.2440,741,21,30,0.03000,BL,0,2,22.29000
22.2440,741,21,30,0.03000,BL,1,32,23.19000
22.2440,741,21,30,0.03000,FR,0,24,22.95000
22.2440,741,21,30,0.03000,BR,0,17,22.74000
22.2540,741,21,30,0.03000,FL,0,9,22.50000
22.2540,741,21,30,0.03000,FL,1,39,23.40000
22.2540,741,21,30,0.03000,BL,0,2,22.29000
22.2540,741,21,30,0.03000,BL,1,32,23.19000
22.2540,741,21,30,0.03000,FR,0,24,22.95000
22.2540,741,21,30,0.03000,BR,0,17,22.74000
22.2640,742,22,30,0.03000,FL,0,8,22.50000
22.2640,742,22,30,0.03000,FL,1,38,23.40000
22.2640,742,22,30,0.03000,BL,0,1,22.29000
22.2640,742,22,30,0.03000,BL,1,31,23.19000
22.2640,742,22,30,0.03000,FR,0,23,22.95000
22.2640,742,22,30,0.03000,BR,0,16,22.74000
22.2840,742,22,30,0.03000,FL,0,8,22.50000
22.2840,742,22,30,0.03000,FL,1,38,23.40000
22.2840,742,22,30,0.03000,BL,0,1,22.29000
22.2840,742,22,30,0.03000,BL,1,31,23.19000
22.2840,742,22,30,0.03000,FR,0,23,22.95000
22.2840,742,22,30,0.03000,BR,0,16,22.74000
22.2960,743,23,30,0.03000,FL,0,7,22.50000
22.2960,743,23,30,0.03000,FL,1,37,23.40000
22.2960,743,23,30,0.03000,BL,0,30,23.19000
22.2960,743,23,30,0.03000,FR,0,22,22.95000
22.2960,743,23,30,0.03000,BR,0,15,22.74000
22.3080,743,23,30,0.03000,FL,0,7,22.50000
22.3080,743,23,30,0.03000,FL,1,37,23.40000
22.3080,743,23,30,0.03000,BL,0,30,23.19000
22.3080,743,23,30,0.03000,FR,0,22,22.95000
22.3080,743,23,30,0.03000,BR,0,15,22.74000
22.3180,743,23,30,0.03000,FL,0,7,22.50000
22.3180,743,23,30,0.03000,FL,1,37,23.40000
22.3180,743,23,30,0.03000,BL,0,30,23.19000
22.3180,743,23,30,0.03000,FR,0,22,22.95000
22.3180,743,23,30,0.03000,BR,0,15,22.74000
22.3280,744,24,30,0.03000,FL,0,6,22.50000
22.3280,744,24,30,0.03000,FL,1,36,23.40000
22.3280,744,24,30,0.03000,BL,0,29,23.19000
22.3280,744,24,30,0.03000,FR,0,21,22.95000
22.3280,744,24,30,0.03000,BR,0,14,22.74000
22.3380,744,24,30,0.03000,FL,0,6,22.50000
22.3380,744,24,30,0.03000,FL,1,36,23.40000
22.3380,744,24,30,0.03000,BL,0,29,23.19000
22.3380,744,24,30,0.03000,FR,0,21,22.95000
22.3380,744,24,30,0.03000,BR,0,14,22.74000
22.3480,744,24,30,0.03000,FL,0,6,22.50000
22.3480,744,24,30,0.03000,FL,1,36,23.40000
22.3480,744,24,30,0.03000,BL,0,29,23.19000
22.3480,744,24,30,0.03000,FR,0,21,22.95000
22.3480,744,24,30,0.03000,BR,0,14,22.74000
22.3580,745,25,30,0.03000,FL,0,5,22.50000
22.3580,745,25,30,0.03000,FL,1,35,23.40000
22.3580,745,25,30,0.03000,BL,0,28,23.19000
22.3580,745,25,30,0.03000,FR,0,20,22.95000
22.3580,745,25,30,0.03000,BR,0,13,22.74000
22.3680,745,25,30,0.03000,FL,0,5,22.50000
22.3680,745,25,30,0.03000,FL,1,35,23.40000
22.3680,745,25,30,0.03000,BL,0,28,23.19000
22.3680,745,25,30,0.03000,FR,0,20,22.95000
22.3680,745,25,30,0.03000,BR,0,13,22.74000
22.3780,745,25,30,0.03000,FL,0,5,22.50000
22.3780,745,25,30,0.03000,FL,1,35,23.40000
22.3780,745,25,30,0.03000,BL,0,28,23.19000
22.3780,745,25,30,0.03000,FR,0,20,22.95000
22.3780,745,25,30,0.03000,BR,0,13,22.74000
22.3880,746,26,30,0.03000,FL,0,4,22.50000
22.3880,746,26,30,0.03000,FL,1,34,23.40000
22.3880,746,26,30,0.03000,BL,0,27,23.19000
22.3880,746,26,30,0.03000,FR,0,19,22.95000
22.3880,746,26,30,0.03000,BR,0,12,22.74000
22.4000,746,26,30,0.03000,FL,0,4,22.50000
22.4000,746,26,30,0.03000,FL,1,34,23.40000
22.4000,746,26,30,0.03000,BL,0,27,23.19000
22.4000,746,26,30,0.03000,FR,0,19,22.95000
22.4000,746,26,30,0.03000,BR,0,12,22.74000
22.4100,747,27,30,0.03000,FL,0,3,22.50000
22.4100,747,27,30,0.03000,FL,1,33,23.40000
22.4100,747,27,30,0.03000,BL,0,26,23.19000
22.4100,747,27,30,0.03000,FR,0,18,22.95000
22.4100,747,27,30,0.03000,BR,0,11,22.74000
22.4200,747,27,30,0.03000,FL,0,3,22.50000
22.4200,747,27,30,0.03000,FL,1,33,23.40000
22.4200,747,27,30,0.03000,BL,0,26,23.19000
22.4200,747,27,30,0.03000,FR,0,18,22.95000
22.4200,747,27,30,0.03000,BR,0,11,22.74000
22.4380,747,27,30,0.03000,FL,0,3,22.50000
22.4380,747,27,30,0.03000,FL,1,33,23.40000
22.4380,747,27,30,0.03000,BL,0,26,23.19000
22.4380,747,27,30,0.03000,FR,0,18,22.95000
22.4380,747,27,30,0.03000,BR,0,11,22.74000
22.4500,748,28,30,0.03000,FL,0,2,22.50000
22.4500,748,28,30,0.03000,FL,1,32,23.40000
22.4500,748,28,30,0.03000,BL,0,25,23.19000
22.4500,748,28,30,0.03000,FR,0,17,22.95000
22.4500,748,28,30,0.03000,BR,0,10,22.74000
22.4600,748,28,30,0.03000,FL,0,2,22.50000
22.4600,748,28,30,0.03000,FL,1,32,23.40000
22.4600,748,28,30,0.03000,BL,0,25,23.19000
22.4600,748,28,30,0.03000,FR,0,17,22.95000
22.4600,748,28,30,0.03000,BR,0,10,22.74000
22.4720,749,29,30,0.03000,FL,0,1,22.50000
22.4720,749,29,30,0.03000,FL,1,31,23.40000
22.4720,749,29,30,0.03000,BL,0,24,23.19000
22.4720,749,29,30,0.03000,FR,0,16,22.95000
22.4720,749,29,30,0.03000,BR,0,9,22.74000
22.4720,749,29,30,0.03000,BR,1,39,23.64000
22.4800,749,29,30,0.03000,FL,0,1,22.50000
22.4800,749,29,30,0.03000,FL,1,31,23.40000
22.4800,749,29,30,0.03000,BL,0,24,23.19000
22.4800,749,29,30,0.03000,FR,0,16,22.95000
22.4800,749,29,30,0.03000,BR,0,9,22.74000
22.4800,749,29,30,0.03000,BR,1,39,23.64000
22.4940,749,29,30,0.03000,FL,0,1,22.50000
22.4940,749,29,30,0.03000,FL,1,31,23.40000
22.4940,749,29,30,0.03000,BL,0,24,23.19000
22.4940,749,29,30,0.03000,FR,0,16,22.95000
22.4940,749,29,30,0.03000,BR,0,9,22.74000
22.4940,749,29,30,0.03000,BR,1,39,23.64000
22.5060,750,0,30,0.03000,FL,0,30,23.40000
22.5060,750,0,30,0.03000,BL,0,23,23.19000
22.5060,750,0,30,0.03000,FR,0,15,22.95000
22.5060,750,0,30,0.03000,BR,0,8,22.74000
22.5060,750,0,30,0.03000,BR,1,38,23.64000
22.5260,750,0,30,0.03000,FL,0,30,23.40000
22.5260,750,0,30,0.03000,BL,0,23,23.19000
22.5260,750,0,30,0.03000,FR,0,15,22.95000
22.5260,750,0,30,0.03000,BR,0,8,22.74000
22.5260,750,0,30,0.03000,BR,1,38,23.64000
22.5380,751,1,30,0.03000,FL,0,29,23.40000
22.5380,751,1,30,0.03000,BL,0,22,23.19000
22.5380,751,1,30,0.03000,FR,0,14,22.95000
22.5380,751,1,30,0.03000,BR,0,7,22.74000
22.5380,751,1,30,0.03000,BR,1,37,23.64000
22.5500,751,1,30,0.03000,FL,0,29,23.40000
22.5500,751,1,30,0.03000,BL,0,22,23.19000
22.5500,751,1,30,0.03000,FR,0,14,22.95000
22.5500,751,1,30,0.03000,BR,0,7,22.74000
22.5500,751,1,30,0.03000,BR,1,37,23.64000
22.5620,752,2,30,0.03000,FL,0,28,23.40000
22.5620,752,2,30,0.03000,BL,0,21,23.19000
22.5620,752,2,30,0.03000,FR,0,13,22.95000
22.5620,752,2,30,0.03000,BR,0,6,22.74000
22.5620,752,2,30,0.03000,BR,1,36,23.64000
22.5720,752,2,30,0.03000,FL,0,28,23.40000
22.5720,752,2,30,0.03000,BL,0,21,23.19000
22.5720,752,2,30,0.03000,FR,0,13,22.95000
22.5720,752,2,30,0.03000,BR,0,6,22.74000
22.5720,752,2,30,0.03000,BR,1,36,23.64000
22.5820,752,2,30,0.03000,FL,0,28,23.40000
22.5820,752,2,30,0.03000,BL,0,21,23.19000
22.5820,752,2,30,0.03000,FR,0,13,22.95000
22.5820,752,2,30,0.03000,BR,0,6,22.74000
22.5820,752,2,30,0.03000,BR,1,36,23.64000
22.5920,753,3,30,0.03000,FL,0,27,23.40000
22.5920,753,3,30,0.03000,BL,0,20,23.19000
22.5920,753,3,30,0.03000,FR,0,12,22.95000
22.5920,753,3,30,0.03000,BR,0,5,22.74000
22.5920,753,3,30,0.03000,BR,1,35,23.64000
22.6020,753,3,30,0.03000,FL,0,27,23.40000
22.6020,753,3,30,0.03000,BL,0,20,23.19000
22.6020,753,3,30,0.03000,FR,0,12,22.95000
22.6020,753,3,30,0.03000,BR,0,5,22.74000
22.6020,753,3,30,0.03000,BR,1,35,23.64000
22.6120,753,3,30,0.03000,FL,0,27,23.40000
22.6120,753,3,30,0.03000,BL,0,20,23.19000
22.6120,753,3,30,0.03000,FR,0,12,22.95000
22.6120,753,3,30,0.03000,BR,0,5,22.74000
22.6120,753,3,30,0.03000,BR,1,35,23.64000
22.6220,754,4,30,0.03000,FL,0,26,23.40000
22.6220,754,4,30,0.03000,BL,0,19,23.19000
22.6220,754,4,30,0.03000,FR,0,11,22.95000
22.6220,754,4,30,0.03000,BR,0,4,22.74000
22.6220,754,4,30,0.03000,BR,1,34,23.64000
22.6380,754,4,30,0.03000,FL,0,26,23.40000
22.6380,754,4,30,0.03000,BL,0,19,23.19000
22.6380,754,4,30,0.03000,FR,0,11,22.95000
22.6380,754,4,30,0.03000,BR,0,4,22.74000
22.6380,754,4,30,0.03000,BR,1,34,23.64000
22.6480,754,4,30,0.03000,FL,0,26,23.40000
22.6480,754,4,30,0.03000,BL,0,19,23.19000
22.6480,754,4,30,0.03000,FR,0,11,22.95000
22.6480,754,4,30,0.03000,BR,0,4,22.74000
22.6480,754,4,30,0.03000,BR,1,34,23.64000
22.6580,755,5,30,0.03000,FL,0,25,23.40000
22.6580,755,5,30,0.03000,BL,0,18,23.19000
22.6580,755,5,30,0.03000,FR,0,10,22.95000
22.6580,755,5,30,0.03000,BR,0,3,22.74000
22.6580,755,5,30,0.03000,BR,1,33,23.64000
22.6740,755,5,30,0.03000,FL,0,25,23.40000
22.6740,755,5,30,0.03000,BL,0,18,23.19000
22.6740,755,5,30,0.03000,FR,0,10,22.95000
22.6740,755,5,30,0.03000,BR,0,3,22.74000
22.6740,755,5,30,0.03000,BR,1,33,23.64000
22.6840,756,6,30,0.03000,FL,0,24,23.40000
22.6840,756,6,30,0.03000,BL,0,17,23.19000
22.6840,756,6,30,0.03000,FR,0,9,22.95000
22.6840,756,6,30,0.03000,FR,1,39,23.85000
22.6840,756,6,30,0.03000,BR,0,2,22.74000
22.6840,756,6,30,0.03000,BR,1,32,23.64000
22.7000,756,6,30,0.03000,FL,0,24,23.40000
22.7000,756,6,30,0.03000,BL,0,17,23.19000
22.7000,756,6,30,0.03000,FR,0,9,22.95000
22.7000,756,6,30,0.03000,FR,1,39,23.85000
22.7000,756,6,30,0.03000,BR,0,2,22.74000
22.7000,756,6,30,0.03000,BR,1,32,23.64000
22.7100,757,7,30,0.03000,FL,0,23,23.40000
22.7100,757,7,30,0.03000,BL,0,16,23.19000
22.7100,757,7,30,0.03000,FR,0,8,22.95000
22.7100,757,7,30,0.03000,FR,1,38,23.85000
22.7100,757,7,30,0.03000,BR,0,1,22.74000
22.7100,757,7,30,0.03000,BR,1,31,23.64000
22.7360,757,7,30,0.03000,FL,0,23,23.40000
22.7360,757,7,30,0.03000,BL,0,16,23.19000
22.7360,757,7,30,0.03000,FR,0,8,22.95000
22.7360,757,7,30,0.03000,FR,1,38,23.85000
22.7360,757,7,30,0.03000,BR,0,1,22.74000
22.7360,757,7,30,0.03000,BR,1,31,23.64000
22.7500,758,8,30,0.03000,FL,0,22,23.40000
22.7500,758,8,30,0.03000,BL,0,15,23.19000
22.7500,758,8,30,0.03000,FR,0,7,22.95000
22.7500,758,8,30,0.03000,FR,1,37,23.85000
22.7500,758,8,30,0.03000,BR,0,30,23.64000
22.7600,758,8,30,0.03000,FL,0,22,23.40000
22.7600,758,8,30,0.03000,BL,0,15,23.19000
22.7600,758,8,30,0.03000,FR,0,7,22.95000
22.7600,758,8,30,0.03000,FR,1,37,23.85000
22.7600,758,8,30,0.03000,BR,0,30,23.64000
22.7700,759,9,30,0.03000,FL,0,21,23.40000
22.7700,759,9,30,0.03000,BL,0,14,23.19000
22.7700,759,9,30,0.03000,FR,0,6,22.95000
22.7700,759,9,30,0.03000,FR,1,36,23.85000
22.7700,759,9,30,0.03000,BR,0,29,23.64000
22.7800,759,9,30,0.03000,FL,0,21,23.40000
22.7800,759,9,30,0.03000,BL,0,14,23.19000
22.7800,759,9,30,0.03000,FR,0,6,22.95000
22.7800,759,9,30,0.03000,FR,1,36,23.85000
22.7800,759,9,30,0.03000,BR,0,29,23.64000
22.7900,759,9,30,0.03000,FL,0,21,23.40000
22.7900,759,9,30,0.03000,BL,0,14,23.19000
22.7900,759,9,30,0.03000,FR,0,6,22.95000
22.7900,759,9,30,0.03000,FR,1,36,23.85000
22.7900,759,9,30,0.03000,BR,0,29,23.64000
22.8000,760,10,30,0.03000,FL,0,20,23.40000
22.8000,760,10,30,0.03000,BL,0,13,23.19000
22.8000,760,10,30,0.03000,FR,0,5,22.95000
22.8000,760,10,30,0.03000,FR,1,35,23.85000
22.8000,760,10,30,0.03000,BR,0,28,23.64000
22.8100,760,10,30,0.03000,FL,0,20,23.40000
22.8100,760,10,30,0.03000,BL,0,13,23.19000
22.8100,760,10,30,0.03000,FR,0,5,22.95000
22.8100,760,10,30,0.03000,FR,1,35,23.85000
22.8100,760,10,30,0.03000,BR,0,28,23.64000
22.8200,760,10,30,0.03000,FL,0,20,23.40000
22.8200,760,10,30,0.03000,BL,0,13,23.19000
22.8200,760,10,30,0.03000,FR,0,5,22.95000
22.8200,760,10,30,0.03000,FR,1,35,23.85000
22.8200,760,10,30,0.03000,BR,0,28,23.64000
22.8300,761,11,30,0.03000,FL,0,19,23.40000
22.8300,761,11,30,0.03000,BL,0,12,23.19000
22.8300,761,11,30,0.03000,FR,0,4,22.95000
22.8300,761,11,30,0.03000,FR,1,34,23.85000
22.8300,761,11,30,0.03000,BR,0,27,23.64000
22.8380,761,11,30,0.03000,FL,0,19,23.40000
22.8380,761,11,30,0.03000,BL,0,12,23.19000
22.8380,761,11,30,0.03000,FR,0,4,22.95000
22.8380,761,11,30,0.03000,FR,1,34,23.85000
22.8380,761,11,30,0.03000,BR,0,27,23.64000
22.8480,761,11,30,0.03000,FL,0,19,23.40000
22.8480,761,11,30,0.03000,BL,0,12,23.19000
22.8480,761,11,30,0.03000,FR,0,4,22.95000
22.8480,761,11,30,0.03000,FR,1,34,23.85000
22.8480,761,11,30,0.03000,BR,0,27,23.64000
22.8580,761,11,30,0.03000,FL,0,19,23.40000
22.8580,761,11,30,0.03000,BL,0,12,23.19000
22.8580,761,11,30,0.03000,FR,0,4,22.95000
22.8580,761,11,30,0.03000,FR,1,34,23.85000
22.8580,761,11,30,0.03000,BR,0,27,23.64000
22.8680,762,12,30,0.03000,FL,0,18,23.40000
22.8680,762,12,30,0.03000,BL,0,11,23.19000
22.8680,762,12,30,0.03000,FR,0,3,22.95000
22.8680,762,12,30,0.03000,FR,1,33,23.85000
22.8680,762,12,30,0.03000,BR,0,26,23.64000
22.8760,762,12,30,0.03000,FL,0,18,23.40000
22.8760,762,12,30,0.03000,BL,0,11,23.19000
22.8760,762,12,30,0.03000,FR,0,3,22.95000
22.8760,762,12,30,0.03000,FR,1,33,23.85000
22.8760,762,12,30,0.03000,BR,0,26,23.64000
22.8860,762,12,30,0.03000,FL,0,18,23.40000
22.8860,762,12,30,0.03000,BL,0,11,23.19000
22.8860,762,12,30,0.03000,FR,0,3,22.95000
22.8860,762,12,30,0.03000,FR,1,33,23.85000
22.8860,762,12,30,0.03000,BR,0,26,23.64000
22.8960,763,13,30,0.03000,FL,0,17,23.40000
22.8960,763,13,30,0.03000,BL,0,10,23.19000
22.8960,763,13,30,0.03000,FR,0,2,22.95000
22.8960,763,13,30,0.03000,FR,1,32,23.85000
22.8960,763,13,30,0.03000,BR,0,25,23.64000
22.9060,763,13,30,0.03000,FL,0,17,23.40000
22.9060,763,13,30,0.03000,BL,0,10,23.19000
22.9060,763,13,30,0.03000,FR,0,2,22.95000
22.9060,763,13,30,0.03000,FR,1,32,23.85000
22.9060,763,13,30,0.03000,BR,0,25,23.64000
22.9140,763,13,30,0.03000,FL,0,17,23.40000
22.9140,763,13,30,0.03000,BL,0,10,23.19000
22.9140,763,13,30,0.03000,FR,0,2,22.95000
22.9140,763,13,30,0.03000,FR,1,32,23.85000
22.9140,763,13,30,0.03000,BR,0,25,23.64000
22.9240,764,14,30,0.03000,FL,0,16,23.40000
22.9240,764,14,30,0.03000,BL,0,9,23.19000
22.9240,764,14,30,0.03000,BL,1,39,24.09000
22.9240,764,14,30,0.03000,FR,0,1,22.95000
22.9240,764,14,30,0.03000,FR,1,31,23.85000
22.9240,764,14,30,0.03000,BR,0,24,23.64000
22.9360,764,14,30,0.03000,FL,0,16,23.40000
22.9360,764,14,30,0.03000,BL,0,9,23.19000
22.9360,764,14,30,0.03000,BL,1,39,24.09000
22.9360,764,14,30,0.03000,FR,0,1,22.95000
22.9360,764,14,30,0.03000,FR,1,31,23.85000
22.9360,764,14,30,0.03000,BR,0,24,23.64000
22.9480,764,14,30,0.03000,FL,0,16,23.40000
22.9480,764,14,30,0.03000,BL,0,9,23.19000
22.9480,764,14,30,0.03000,BL,1,39,24.09000
22.9480,764,14,30,0.03000,FR,0,1,22.95000
22.9480,764,14,30,0.03000,FR,1,31,23.85000
22.9480,764,14,30,0.03000,BR,0,24,23.64000
22.9600,765,15,30,0.03000,FL,0,15,23.40000
22.9600,765,15,30,0.03000,BL,0,8,23.19000
22.9600,765,15,30,0.03000,BL,1,38,24.09000
22.9600,765,15,30,0.03000,FR,0,30,23.85000
22.9600,765,15,30,0.03000,BR,0,23,23.64000
22.9800,766,16,30,0.03000,FL,0,14,23.40000
22.9820,766,16,30,0.03000,BL,0,7,23.19000
22.9820,766,16,30,0.03000,BL,1,37,24.09000
22.9820,766,16,30,0.03000,FR,0,29,23.85000
22.9820,766,16,30,0.03000,BR,0,22,23.64000
22.9920,766,16,30,0.03000,FL,0,14,23.40000
22.9920,766,16,30,0.03000,BL,0,7,23.19000
22.9920,766,16,30,0.03000,BL,1,37,24.09000
22.9920,766,16,30,0.03000,FR,0,29,23.85000
22.9920,766,16,30,0.03000,BR,0,22,23.64000
23.0020,766,16,30,0.03000,FL,0,14,23.40000
23.0020,766,16,30,0.03000,BL,0,7,23.19000
23.0020,766,16,30,0.03000,BL,1,37,24.09000
23.0020,766,16,30,0.03000,FR,0,29,23.85000
23.0020,766,16,30,0.03000,BR,0,22,23.64000
23.0140,767,17,30,0.03000,FL,0,13,23.40000
23.0140,767,17,30,0.03000,BL,0,6,23.19000
23.0140,767,17,30,0.03000,BL,1,36,24.09000
23.0140,767,17,30,0.03000,FR,0,28,23.85000
23.0140,767,17,30,0.03000,BR,0,21,23.64000
23.0260,767,17,30,0.03000,FL,0,13,23.40000
23.0260,767,17,30,0.03000,BL,0,6,23.19000
23.0260,767,17,30,0.03000,BL,1,36,24.09000
23.0260,767,17,30,0.03000,FR,0,28,23.85000
23.0260,767,17,30,0.03000,BR,0,21,23.64000
23.0360,767,17,30,0.03000,FL,0,13,23.40000
23.0360,767,17,30,0.03000,BL,0,6,23.19000
23.0360,767,17,30,0.03000,BL,1,36,24.09000
23.0360,767,17,30,0.03000,FR,0,28,23.85000
23.0360,767,17,30,0.03000,BR,0,21,23.64000
23.0440,768,18,30,0.03000,FL,0,12,23.40000
23.0440,768,18,30,0.03000,BL,0,5,23.19000
23.0440,768,18,30,0.03000,BL,1,35,24.09000
23.0440,768,18,30,0.03000,FR,0,27,23.85000
23.0440,768,18,30,0.03000,BR,0,20,23.64000
23.0540,768,18,30,0.03000,FL,0,12,23.40000
23.0540,768,18,30,0.03000,BL,0,5,23.19000
23.0540,768,18,30,0.03000,BL,1,35,24.09000
23.0540,768,18,30,0.03000,FR,0,27,23.85000
23.0540,768,18,30,0.03000,BR,0,20,23.64000
23.0640,768,18,30,0.03000,FL,0,12,23.40000
23.0640,768,18,30,0.03000,BL,0,5,23.19000
23.0640,768,18,30,0.03000,BL,1,35,24.09000
23.0640,768,18,30,0.03000,FR,0,27,23.85000
23.0640,768,18,30,0.03000,BR,0,20,23.64000
23.0740,769,19,30,0.03000,FL,0,11,23.40000
23.0740,769,19,30,0.03000,BL,0,4,23.19000
23.0740,769,19,30,0.03000,BL,1,34,24.09000
23.0740,769,19,30,0.03000,FR,0,26,23.85000
23.0740,769,19,30,0.03000,BR,0,19,23.64000
23.0860,769,19,30,0.03000,FL,0,11,23.40000
23.0860,769,19,30,0.03000,BL,0,4,23.19000
23.0860,769,19,30,0.03000,BL,1,34,24.09000
23.0860,769,19,30,0.03000,FR,0,26,23.85000
23.0860,769,19,30,0.03000,BR,0,19,23.64000
23.0980,769,19,30,0.03000,FL,0,11,23.40000
23.0980,769,19,30,0.03000,BL,0,4,23.19000
23.0980,769,19,30,0.03000,BL,1,34,24.09000
23.0980,769,19,30,0.03000,FR,0,26,23.85000
23.0980,769,19,30,0.03000,BR,0,19,23.64000
23.1060,770,20,30,0.03000,FL,0,10,23.40000
23.1060,770,20,30,0.03000,BL,0,3,23.19000
23.1060,770,20,30,0.03000,BL,1,33,24.09000
23.1060,770,20,30,0.03000,FR,0,25,23.85000
23.1060,770,20,30,0.03000,BR,0,18,23.64000
23.1160,770,20,30,0.03000,FL,0,10,23.40000
23.1160,770,20,30,0.03000,BL,0,3,23.19000
23.1160,770,20,30,0.03000,BL,1,33,24.09000
23.1160,770,20,30,0.03000,FR,0,25,23.85000
23.1160,770,20,30,0.03000,BR,0,18,23.64000
23.1280,770,20,30,0.03000,FL,0,10,23.40000
23.1280,770,20,30,0.03000,BL,0,3,23.19000
23.1280,770,20,30,0.03000,BL,1,33,24.09000
23.1280,770,20,30,0.03000,FR,0,25,23.85000
23.1280,770,20,30,0.03000,BR,0,18,23.64000
23.1360,771,21,30,0.03000,FL,0,9,23.40000
23.1360,771,21,30,0.03000,FL,1,39,24.30000
23.1360,771,21,30,0.03000,BL,0,2,23.19000
23.1360,771,21,30,0.03000,BL,1,32,24.09000
23.1360,771,21,30,0.03000,FR,0,24,23.85000
23.1360,771,21,30,0.03000,BR,0,17,23.64000
23.1460,771,21,30,0.03000,FL,0,9,23.40000
23.1460,771,21,30,0.03000,FL,1,39,24.30000
23.1460,771,21,30,0.03000,BL,0,2,23.19000
23.1460,771,21,30,0.03000,BL,1,32,24.09000
23.1460,771,21,30,0.03000,FR,0,24,23.85000
23.1460,771,21,30,0.03000,BR,0,17,23.64000
23.1560,771,21,30,0.03000,FL,0,9,23.40000
23.1560,771,21,30,0.03000,FL,1,39,24.30000
23.1560,771,21,30,0.03000,BL,0,2,23.19000
23.1560,771,21,30,0.03000,BL,1,32,24.09000
23.1560,771,21,30,0.03000,FR,0,24,23.85000
23.1560,771,21,30,0.03000,BR,0,17,23.64000
23.1660,772,22,30,0.03000,FL,0,8,23.40000
23.1660,772,22,30,0.03000,FL,1,38,24.30000
23.1660,772,22,30,0.03000,BL,0,1,23.19000
23.1660,772,22,30,0.03000,BL,1,31,24.09000
23.1660,772,22,30,0.03000,FR,0,23,23.85000
23.1660,772,22,30,0.03000,BR,0,16,23.64000
23.1860,772,22,30,0.03000,FL,0,8,23.40000
23.1860,772,22,30,0.03000,FL,1,38,24.30000
23.1860,772,22,30,0.03000,BL,0,1,23.19000
23.1860,772,22,30,0.03000,BL,1,31,24.09000
23.1860,772,22,30,0.03000,FR,0,23,23.85000
23.1860,772,22,30,0.03000,BR,0,16,23.64000
23.1960,773,23,30,0.03000,FL,0,7,23.40000
23.1960,773,23,30,0.03000,FL,1,37,24.30000
23.1960,773,23,30,0.03000,BL,0,30,24.09000
23.1960,773,23,30,0.03000,FR,0,22,23.85000
23.1960,773,23,30,0.03000,BR,0,15,23.64000
23.2060,773,23,30,0.03000,FL,0,7,23.40000
23.2060,773,23,30,0.03000,FL,1,37,24.30000
23.2060,773,23,30,0.03000,BL,0,30,24.09000
23.2060,773,23,30,0.03000,FR,0,22,23.85000
23.2060,773,23,30,0.03000,BR,0,15,23.64000
23.2160,773,23,30,0.03000,FL,0,7,23.40000
23.2160,773,23,30,0.03000,FL,1,37,24.30000
23.2160,773,23,30,0.03000,BL,0,30,24.09000
23.2160,773,23,30,0.03000,FR,0,22,23.85000
23.2160,773,23,30,0.03000,BR,0,15,23.64000
23.2260,774,24,30,0.03000,FL,0,6,23.40000
23.2260,774,24,30,0.03000,FL,1,36,24.30000
23.2260,774,24,30,0.03000,BL,0,29,24.09000
23.2260,774,24,30,0.03000,FR,0,21,23.85000
23.2260,774,24,30,0.03000,BR,0,14,23.64000
23.2360,774,24,30,0.03000,FL,0,6,23.40000
23.2360,774,24,30,0.03000,FL,1,36,24.30000
23.2360,774,24,30,0.03000,BL,0,29,24.09000
23.2360,774,24,30,0.03000,FR,0,21,23.85000
23.2360,774,24,30,0.03000,BR,0,14,23.64000
23.2460,774,24,30,0.03000,FL,0,6,23.40000
23.2460,774,24,30,0.03000,FL,1,36,24.30000
23.2460,774,24,30,0.03000,BL,0,29,24.09000
23.2460,774,24,30,0.03000,FR,0,21,23.85000
23.2460,774,24,30,0.03000,BR,0,14,23.64000
23.2560,775,25,30,0.03000,FL,0,5,23.40000
23.2560,775,25,30,0.03000,FL,1,35,24.30000
23.2560,775,25,30,0.03000,BL,0,28,24.09000
23.2560,775,25,30,0.03000,FR,0,20,23.85000
23.2560,775,25,30,0.03000,BR,0,13,23.64000
23.2660,775,25,30,0.03000,FL,0,5,23.40000
23.2660,775,25,30,0.03000,FL,1,35,24.30000
23.2660,775,25,30,0.03000,BL,0,28,24.09000
23.2660,775,25,30,0.03000,FR,0,20,23.85000
23.2660,775,25,30,0.03000,BR,0,13,23.64000
23.2760,775,25,30,0.03000,FL,0,5,23.40000
23.2760,775,25,30,0.03000,FL,1,35,24.30000
23.2760,775,25,30,0.03000,BL,0,28,24.09000
23.2760,775,25,30,0.03000,FR,0,20,23.85000
23.2760,775,25,30,0.03000,BR,0,13,23.64000
23.2880,776,26,30,0.03000,FL,0,4,23.40000
23.2880,776,26,30,0.03000,FL,1,34,24.30000
23.2880,776,26,30,0.03000,BL,0,27,24.09000
23.2880,776,26,30,0.03000,FR,0,19,23.85000
23.2880,776,26,30,0.03000,BR,0,12,23.64000
23.3000,776,26,30,0.03000,FL,0,4,23.40000
23.3000,776,26,30,0.03000,FL,1,34,24.30000
23.3000,776,26,30,0.03000,BL,0,27,24.09000
23.3000,776,26,30,0.03000,FR,0,19,23.85000
23.3000,776,26,30,0.03000,BR,0,12,23.64000
23.3140,777,27,30,0.03000,FL,0,3,23.40000
23.3140,777,27,30,0.03000,FL,1,33,24.30000
23.3140,777,27,30,0.03000,BL,0,26,24.09000
23.3140,777,27,30,0.03000,FR,0,18,23.85000
23.3140,777,27,30,0.03000,BR,0,11,23.64000
23.3260,777,27,30,0.03000,FL,0,3,23.40000
23.3260,777,27,30,0.03000,FL,1,33,24.30000
23.3260,777,27,30,0.03000,BL,0,26,24.09000
23.3260,777,27,30,0.03000,FR,0,18,23.85000
23.3260,777,27,30,0.03000,BR,0,11,23.64000
23.3400,778,28,30,0.03000,FL,0,2,23.40000
23.3400,778,28,30,0.03000,FL,1,32,24.30000
23.3400,778,28,30,0.03000,BL,0,25,24.09000
23.3400,778,28,30,0.03000,FR,0,17,23.85000
23.3400,778,28,30,0.03000,BR,0,10,23.64000
23.3520,778,28,30,0.03000,FL,0,2,23.40000
23.3520,778,28,30,0.03000,FL,1,32,24.30000
23.3520,778,28,30,0.03000,BL,0,25,24.09000
23.3520,778,28,30,0.03000,FR,0,17,23.85000
23.3520,778,28,30,0.03000,BR,0,10,23.64000
23.3620,778,28,30,0.03000,FL,0,2,23.40000
23.3620,778,28,30,0.03000,FL,1,32,24.30000
23.3620,778,28,30,0.03000,BL,0,25,24.09000
23.3620,778,28,30,0.03000,FR,0,17,23.85000
23.3620,778,28,30,0.03000,BR,0,10,23.64000
23.3720,779,29,30,0.03000,FL,0,1,23.40000
23.3720,779,29,30,0.03000,FL,1,31,24.30000
23.3720,779,29,30,0.03000,BL,0,24,24.09000
23.3720,779,29,30,0.03000,FR,0,16,23.85000
23.3720,779,29,30,0.03000,BR,0,9,23.64000
23.3720,779,29,30,0.03000,BR,1,39,24.54000
23.3800,779,29,30,0.03000,FL,0,1,23.40000
23.3800,779,29,30,0.03000,FL,1,31,24.30000
23.3800,779,29,30,0.03000,BL,0,24,24.09000
23.3800,779,29,30,0.03000,FR,0,16,23.85000
23.3800,779,29,30,0.03000,BR,0,9,23.64000
23.3800,779,29,30,0.03000,BR,1,39,24.54000
23.3920,779,29,30,0.03000,FL,0,1,23.40000
23.3920,779,29,30,0.03000,FL,1,31,24.30000
23.3920,779,29,30,0.03000,BL,0,24,24.09000
23.3920,779,29,30,0.03000,FR,0,16,23.85000
23.3920,779,29,30,0.03000,BR,0,9,23.64000
23.3920,779,29,30,0.03000,BR,1,39,24.54000
23.4020,780,0,30,0.03000,FL,0,30,24.30000
23.4020,780,0,30,0.03000,BL,0,23,24.09000
23.4020,780,0,30,0.03000,FR,0,15,23.85000
23.4020,780,0,30,0.03000,BR,0,8,23.64000
23.4020,780,0,30,0.03000,BR,1,38,24.54000
23.4260,780,0,30,0.03000,FL,0,30,24.30000
23.4260,780,0,30,0.03000,BL,0,23,24.09000
23.4260,780,0,30,0.03000,FR,0,15,23.85000
23.4260,780,0,30,0.03000,BR,0,8,23.64000
23.4260,780,0,30,0.03000,BR,1,38,24.54000
23.4360,781,1,30,0.03000,FL,0,29,24.30000
23.4360,781,1,30,0.03000,BL,0,22,24.09000
23.4360,781,1,30,0.03000,FR,0,14,23.85000
23.4360,781,1,30,0.03000,BR,0,7,23.64000
23.4360,781,1,30,0.03000,BR,1,37,24.54000
23.4460,781,1,30,0.03000,FL,0,29,24.30000
23.4460,781,1,30,0.03000,BL,0,22,24.09000
23.4460,781,1,30,0.03000,FR,0,14,23.85000
23.4460,781,1,30,0.03000,BR,0,7,23.64000
23.4460,781,1,30,0.03000,BR,1,37,24.54000
23.4660,782,2,30,0.03000,FL,0,28,24.30000
23.4660,782,2,30,0.03000,BL,0,21,24.09000
23.4660,782,2,30,0.03000,FR,0,13,23.85000
23.4660,782,2,30,0.03000,BR,0,6,23.64000
23.4660,782,2,30,0.03000,BR,1,36,24.54000
23.4880,782,2,30,0.03000,FL,0,28,24.30000
23.4880,782,2,30,0.03000,BL,0,21,24.09000
23.4880,782,2,30,0.03000,FR,0,13,23.85000
23.4880,782,2,30,0.03000,BR,0,6,23.64000
23.4880,782,2,30,0.03000,BR,1,36,24.54000
23.5100,783,3,30,0.03000,FL,0,27,24.30000
23.5100,783,3,30,0.03000,BL,0,20,24.09000
23.5100,783,3,30,0.03000,FR,0,12,23.85000
23.5100,783,3,30,0.03000,BR,0,5,23.64000
23.5100,783,3,30,0.03000,BR,1,35,24.54000
23.5220,784,4,30,0.03000,FL,0,26,24.30000
23.5220,784,4,30,0.03000,BL,0,19,24.09000
23.5220,784,4,30,0.03000,FR,0,11,23.85000
23.5220,784,4,30,0.03000,BR,0,4,23.64000
23.5220,784,4,30,0.03000,BR,1,34,24.54000
23.5320,784,4,30,0.03000,FL,0,26,24.30000
23.5320,784,4,30,0.03000,BL,0,19,24.09000
23.5320,784,4,30,0.03000,FR,0,11,23.85000
23.5320,784,4,30,0.03000,BR,0,4,23.64000
23.5320,784,4,30,0.03000,BR,1,34,24.54000
23.5420,784,4,30,0.03000,FL,0,26,24.30000
23.5420,784,4,30,0.03000,BL,0,19,24.09000
23.5420,784,4,30,0.03000,FR,0,11,23.85000
23.5420,784,4,30,0.03000,BR,0,4,23.64000
23.5420,784,4,30,0.03000,BR,1,34,24.54000
23.5520,785,5,30,0.03000,FL,0,25,24.30000
23.5520,785,5,30,0.03000,BL,0,18,24.09000
23.5520,785,5,30,0.03000,FR,0,10,23.85000
23.5520,785,5,30,0.03000,BR,0,3,23.64000
23.5520,785,5,30,0.03000,BR,1,33,24.54000
23.5620,785,5,30,0.03000,FL,0,25,24.30000
23.5620,785,5,30,0.03000,BL,0,18,24.09000
23.5620,785,5,30,0.03000,FR,0,10,23.85000
23.5620,785,5,30,0.03000,BR,0,3,23.64000
23.5620,785,5,30,0.03000,BR,1,33,24.54000
23.5720,785,5,30,0.03000,FL,0,25,24.30000
23.5720,785,5,30,0.03000,BL,0,18,24.09000
23.5720,785,5,30,0.03000,FR,0,10,23.85000
23.5720,785,5,30,0.03000,BR,0,3,23.64000
23.5720,785,5,30,0.03000,BR,1,33,24.54000
23.5820,786,6,30,0.03000,FL,0,24,24.30000
23.5820,786,6,30,0.03000,BL,0,17,24.09000
23.5820,786,6,30,0.03000,FR,0,9,23.85000
23.5820,786,6,30,0.03000,FR,1,39,24.75000
23.5820,786,6,30,0.03000,BR,0,2,23.64000
23.5820,786,6,30,0.03000,BR,1,32,24.54000
23.5920,786,6,30,0.03000,FL,0,24,24.30000
23.5920,786,6,30,0.03000,BL,0,17,24.09000
23.5920,786,6,30,0.03000,FR,0,9,23.85000
23.5920,786,6,30,0.03000,FR,1,39,24.75000
23.5920,786,6,30,0.03000,BR,0,2,23.64000
23.5920,786,6,30,0.03000,BR,1,32,24.54000
23.6020,786,6,30,0.03000,FL,0,24,24.30000
23.6020,786,6,30,0.03000,BL,0,17,24.09000
23.6020,786,6,30,0.03000,FR,0,9,23.85000
23.6020,786,6,30,0.03000,FR,1,39,24.75000
23.6020,786,6,30,0.03000,BR,0,2,23.64000
23.6020,786,6,30,0.03000,BR,1,32,24.54000
23.6180,787,7,30,0.03000,FL,0,23,24.30000
23.6180,787,7,30,0.03000,BL,0,16,24.09000
23.6180,787,7,30,0.03000,FR,0,8,23.85000
23.6180,787,7,30,0.03000,FR,1,38,24.75000
23.6180,787,7,30,0.03000,BR,0,1,23.64000
23.6180,787,7,30,0.03000,BR,1,31,24.54000
23.6460,788,8,30,0.03000,FL,0,22,24.30000
23.6460,788,8,30,0.03000,BL,0,15,24.09000
23.6460,788,8,30,0.03000,FR,0,7,23.85000
23.6460,788,8,30,0.03000,FR,1,37,24.75000
23.6460,788,8,30,0.03000,BR,0,30,24.54000
23.6600,788,8,30,0.03000,FL,0,22,24.30000
23.6600,788,8,30,0.03000,BL,0,15,24.09000
23.6600,788,8,30,0.03000,FR,0,7,23.85000
23.6600,788,8,30,0.03000,FR,1,37,24.75000
23.6600,788,8,30,0.03000,BR,0,30,24.54000
23.6700,789,9,30,0.03000,FL,0,21,24.30000
23.6700,789,9,30,0.03000,BL,0,14,24.09000
23.6700,789,9,30,0.03000,FR,0,6,23.85000
23.6700,789,9,30,0.03000,FR,1,36,24.75000
23.6700,789,9,30,0.03000,BR,0,29,24.54000
23.6800,789,9,30,0.03000,FL,0,21,24.30000
23.6800,789,9,30,0.03000,BL,0,14,24.09000
23.6800,789,9,30,0.03000,FR,0,6,23.85000
23.6800,789,9,30,0.03000,FR,1,36,24.75000
23.6800,789,9,30,0.03000,BR,0,29,24.54000
23.6880,789,9,30,0.03000,FL,0,21,24.30000
23.6880,789,9,30,0.03000,BL,0,14,24.09000
23.6880,789,9,30,0.03000,FR,0,6,23.85000
23.6880,789,9,30,0.03000,FR,1,36,24.75000
23.6880,789,9,30,0.03000,BR,0,29,24.54000
23.7000,790,10,30,0.03000,FL,0,20,24.30000
23.7000,790,10,30,0.03000,BL,0,13,24.09000
23.7000,790,10,30,0.03000,FR,0,5,23.85000
23.7000,790,10,30,0.03000,FR,1,35,24.75000
23.7000,790,10,30,0.03000,BR,0,28,24.54000
23.7080,790,10,30,0.03000,FL,0,20,24.30000
23.7080,790,10,30,0.03000,BL,0,13,24.09000
23.7080,790,10,30,0.03000,FR,0,5,23.85000
23.7080,790,10,30,0.03000,FR,1,35,24.75000
23.7080,790,10,30,0.03000,BR,0,28,24.54000
23.7160,790,10,30,0.03000,FL,0,20,24.30000
23.7160,790,10,30,0.03000,BL,0,13,24.09000
23.7160,790,10,30,0.03000,FR,0,5,23.85000
23.7160,790,10,30,0.03000,FR,1,35,24.75000
23.7160,790,10,30,0.03000,BR,0,28,24.54000
23.7280,790,10,30,0.03000,FL,0,20,24.30000
23.7280,790,10,30,0.03000,BL,0,13,24.09000
23.7280,790,10,30,0.03000,FR,0,5,23.85000
23.7280,790,10,30,0.03000,FR,1,35,24.75000
23.7280,790,10,30,0.03000,BR,0,28,24.54000
23.7360,791,11,30,0.03000,FL,0,19,24.30000
23.7360,791,11,30,0.03000,BL,0,12,24.09000
23.7360,791,11,30,0.03000,FR,0,4,23.85000
23.7360,791,11,30,0.03000,FR,1,34,24.75000
23.7360,791,11,30,0.03000,BR,0,27,24.54000
23.7460,791,11,30,0.03000,FL,0,19,24.30000
23.7460,791,11,30,0.03000,BL,0,12,24.09000
23.7460,791,11,30,0.03000,FR,0,4,23.85000
23.7460,791,11,30,0.03000,FR,1,34,24.75000
23.7460,791,11,30,0.03000,BR,0,27,24.54000
23.7560,791,11,30,0.03000,FL,0,19,24.30000
23.7560,791,11,30,0.03000,BL,0,12,24.09000
23.7560,791,11,30,0.03000,FR,0,4,23.85000
23.7560,791,11,30,0.03000,FR,1,34,24.75000
23.7560,791,11,30,0.03000,BR,0,27,24.54000
23.7660,792,12,30,0.03000,FL,0,18,24.30000
23.7660,792,12,30,0.03000,BL,0,11,24.09000
23.7660,792,12,30,0.03000,FR,0,3,23.85000
23.7660,792,12,30,0.03000,FR,1,33,24.75000
23.7660,792,12,30,0.03000,BR,0,26,24.54000
23.7760,792,12,30,0.03000,FL,0,18,24.30000
23.7760,792,12,30,0.03000,BL,0,11,24.09000
23.7760,792,12,30,0.03000,FR,0,3,23.85000
23.7760,792,12,30,0.03000,FR,1,33,24.75000
23.7760,792,12,30,0.03000,BR,0,26,24.54000
23.7860,792,12,30,0.03000,FL,0,18,24.30000
23.7860,792,12,30,0.03000,BL,0,11,24.09000
23.7860,792,12,30,0.03000,FR,0,3,23.85000
23.7860,792,12,30,0.03000,FR,1,33,24.75000
23.7860,792,12,30,0.03000,BR,0,26,24.54000
23.7980,793,13,30,0.03000,FL,0,17,24.30000
23.7980,793,13,30,0.03000,BL,0,10,24.09000
23.7980,793,13,30,0.03000,FR,0,2,23.85000
23.7980,793,13,30,0.03000,FR,1,32,24.75000
23.7980,793,13,30,0.03000,BR,0,25,24.54000
23.8060,793,13,30,0.03000,FL,0,17,24.30000
23.8060,793,13,30,0.03000,BL,0,10,24.09000
23.8060,793,13,30,0.03000,FR,0,2,23.85000
23.8060,793,13,30,0.03000,FR,1,32,24.75000
23.8060,793,13,30,0.03000,BR,0,25,24.54000
23.8160,793,13,30,0.03000,FL,0,17,24.30000
23.8160,793,13,30,0.03000,BL,0,10,24.09000
23.8160,793,13,30,0.03000,FR,0,2,23.85000
23.8160,793,13,30,0.03000,FR,1,32,24.75000
23.8160,793,13,30,0.03000,BR,0,25,24.54000
23.8260,794,14,30,0.03000,FL,0,16,24.30000
23.8260,794,14,30,0.03000,BL,0,9,24.09000
23.8260,794,14,30,0.03000,BL,1,39,24.99000
23.8260,794,14,30,0.03000,FR,0,1,23.85000
23.8260,794,14,30,0.03000,FR,1,31,24.75000
23.8260,794,14,30,0.03000,BR,0,24,24.54000
23.8340,794,14,30,0.03000,FL,0,16,24.30000
23.8360,794,14,30,0.03000,BL,0,9,24.09000
23.8360,794,14,30,0.03000,BL,1,39,24.99000
23.8360,794,14,30,0.03000,FR,0,1,23.85000
23.8360,794,14,30,0.03000,FR,1,31,24.75000
23.8360,794,14,30,0.03000,BR,0,24,24.54000
23.8460,794,14,30,0.03000,FL,0,16,24.30000
23.8460,794,14,30,0.03000,BL,0,9,24.09000
23.8460,794,14,30,0.03000,BL,1,39,24.99000
23.8460,794,14,30,0.03000,FR,0,1,23.85000
23.8460,794,14,30,0.03000,FR,1,31,24.75000
23.8460,794,14,30,0.03000,BR,0,24,24.54000
23.8540,795,15,30,0.03000,FL,0,15,24.30000
23.8540,795,15,30,0.03000,BL,0,8,24.09000
23.8540,795,15,30,0.03000,BL,1,38,24.99000
23.8540,795,15,30,0.03000,FR,0,30,24.75000
23.8540,795,15,30,0.03000,BR,0,23,24.54000
23.8740,795,15,30,0.03000,FL,0,15,24.30000
23.8740,795,15,30,0.03000,BL,0,8,24.09000
23.8740,795,15,30,0.03000,BL,1,38,24.99000
23.8740,795,15,30,0.03000,FR,0,30,24.75000
23.8740,795,15,30,0.03000,BR,0,23,24.54000
23.8840,796,16,30,0.03000,FL,0,14,24.30000
23.8840,796,16,30,0.03000,BL,0,7,24.09000
23.8840,796,16,30,0.03000,BL,1,37,24.99000
23.8840,796,16,30,0.03000,FR,0,29,24.75000
23.8840,796,16,30,0.03000,BR,0,22,24.54000
23.8940,796,16,30,0.03000,FL,0,14,24.30000
23.8940,796,16,30,0.03000,BL,0,7,24.09000
23.8940,796,16,30,0.03000,BL,1,37,24.99000
23.8940,796,16,30,0.03000,FR,0,29,24.75000
23.8940,796,16,30,0.03000,BR,0,22,24.54000
23.9020,796,16,30,0.03000,FL,0,14,24.30000
23.9020,796,16,30,0.03000,BL,0,7,24.09000
23.9020,796,16,30,0.03000,BL,1,37,24.99000
23.9020,796,16,30,0.03000,FR,0,29,24.75000
23.9020,796,16,30,0.03000,BR,0,22,24.54000
23.9140,797,17,30,0.03000,FL,0,13,24.30000
23.9140,797,17,30,0.03000,BL,0,6,24.09000
23.9140,797,17,30,0.03000,BL,1,36,24.99000
23.9140,797,17,30,0.03000,FR,0,28,24.75000
23.9140,797,17,30,0.03000,BR,0,21,24.54000
23.9240,797,17,30,0.03000,FL,0,13,24.30000
23.9240,797,17,30,0.03000,BL,0,6,24.09000
23.9240,797,17,30,0.03000,BL,1,36,24.99000
23.9240,797,17,30,0.03000,FR,0,28,24.75000
23.9240,797,17,30,0.03000,BR,0,21,24.54000
23.9340,797,17,30,0.03000,FL,0,13,24.30000
23.9340,797,17,30,0.03000,BL,0,6,24.09000
23.9340,797,17,30,0.03000,BL,1,36,24.99000
23.9340,797,17,30,0.03000,FR,0,28,24.75000
23.9340,797,17,30,0.03000,BR,0,21,24.54000
23.9480,798,18,30,0.03000,FL,0,12,24.30000
23.9480,798,18,30,0.03000,BL,0,5,24.09000
23.9480,798,18,30,0.03000,BL,1,35,24.99000
23.9480,798,18,30,0.03000,FR,0,27,24.75000
23.9480,798,18,30,0.03000,BR,0,20,24.54000
23.9580,798,18,30,0.03000,FL,0,12,24.30000
23.9580,798,18,30,0.03000,BL,0,5,24.09000
23.9580,798,18,30,0.03000,BL,1,35,24.99000
23.9580,798,18,30,0.03000,FR,0,27,24.75000
23.9580,798,18,30,0.03000,BR,0,20,24.54000
23.9680,798,18,30,0.03000,FL,0,12,24.30000
23.9680,798,18,30,0.03000,BL,0,5,24.09000
23.9680,798,18,30,0.03000,BL,1,35,24.99000
23.9680,798,18,30,0.03000,FR,0,27,24.75000
23.9680,798,18,30,0.03000,BR,0,20,24.54000
23.9780,799,19,30,0.03000,FL,0,11,24.30000
23.9780,799,19,30,0.03000,BL,0,4,24.09000
23.9780,799,19,30,0.03000,BL,1,34,24.99000
23.9780,799,19,30,0.03000,FR,0,26,24.75000
23.9780,799,19,30,0.03000,BR,0,19,24.54000
23.9880,799,19,30,0.03000,FL,0,11,24.30000
23.9880,799,19,30,0.03000,BL,0,4,24.09000
23.9880,799,19,30,0.03000,BL,1,34,24.99000
23.9880,799,19,30,0.03000,FR,0,26,24.75000
23.9880,799,19,30,0.03000,BR,0,19,24.54000
23.9980,799,19,30,0.03000,FL,0,11,24.30000
23.9980,799,19,30,0.03000,BL,0,4,24.09000
23.9980,799,19,30,0.03000,BL,1,34,24.99000
23.9980,799,19,30,0.03000,FR,0,26,24.75000
23.9980,799,19,30,0.03000,BR,0,19,24.54000
24.0080,800,20,30,0.03000,FL,0,10,24.30000
24.0080,800,20,30,0.03000,BL,0,3,24.09000
24.0080,800,20,30,0.03000,BL,1,33,24.99000
24.0080,800,20,30,0.03000,FR,0,25,24.75000
24.0080,800,20,30,0.03000,BR,0,18,24.54000
24.0260,800,20,30,0.03000,FL,0,10,24.30000
24.0260,800,20,30,0.03000,BL,0,3,24.09000
24.0260,800,20,30,0.03000,BL,1,33,24.99000
24.0260,800,20,30,0.03000,FR,0,25,24.75000
24.0260,800,20,30,0.03000,BR,0,18,24.54000
24.0360,801,21,30,0.03000,FL,0,9,24.30000
24.0360,801,21,30,0.03000,FL,1,39,25.20000
24.0360,801,21,30,0.03000,BL,0,2,24.09000
24.0360,801,21,30,0.03000,BL,1,32,24.99000
24.0360,801,21,30,0.03000,FR,0,24,24.75000
24.0360,801,21,30,0.03000,BR,0,17,24.54000
24.0480,801,21,30,0.03000,FL,0,9,24.30000
24.0480,801,21,30,0.03000,FL,1,39,25.20000
24.0480,801,21,30,0.03000,BL,0,2,24.09000
24.0480,801,21,30,0.03000,BL,1,32,24.99000
24.0480,801,21,30,0.03000,FR,0,24,24.75000
24.0480,801,21,30,0.03000,BR,0,17,24.54000
24.0580,801,21,30,0.03000,FL,0,9,24.30000
24.0580,801,21,30,0.03000,FL,1,39,25.20000
24.0580,801,21,30,0.03000,BL,0,2,24.09000
24.0580,801,21,30,0.03000,BL,1,32,24.99000
24.0580,801,21,30,0.03000,FR,0,24,24.75000
24.0580,801,21,30,0.03000,BR,0,17,24.54000
24.0680,802,22,30,0.03000,FL,0,8,24.30000
24.0680,802,22,30,0.03000,FL,1,38,25.20000
24.0680,802,22,30,0.03000,BL,0,1,24.09000
24.0680,802,22,30,0.03000,BL,1,31,24.99000
24.0680,802,22,30,0.03000,FR,0,23,24.75000
24.0680,802,22,30,0.03000,BR,0,16,24.54000
24.0880,802,22,30,0.03000,FL,0,8,24.30000
24.0880,802,22,30,0.03000,FL,1,38,25.20000
24.0880,802,22,30,0.03000,BL,0,1,24.09000
24.0880,802,22,30,0.03000,BL,1,31,24.99000
24.0880,802,22,30,0.03000,FR,0,23,24.75000
24.0880,802,22,30,0.03000,BR,0,16,24.54000
24.1000,803,23,30,0.03000,FL,0,7,24.30000
24.1000,803,23,30,0.03000,FL,1,37,25.20000
24.1000,803,23,30,0.03000,BL,0,30,24.99000
24.1000,803,23,30,0.03000,FR,0,22,24.75000
24.1000,803,23,30,0.03000,BR,0,15,24.54000
24.1100,803,23,30,0.03000,FL,0,7,24.30000
24.1100,803,23,30,0.03000,FL,1,37,25.20000
24.1100,803,23,30,0.03000,BL,0,30,24.99000
24.1100,803,23,30,0.03000,FR,0,22,24.75000
24.1100,803,23,30,0.03000,BR,0,15,24.54000
24.1200,804,24,30,0.03000,FL,0,6,24.30000
24.1200,804,24,30,0.03000,FL,1,36,25.20000
24.1200,804,24,30,0.03000,BL,0,29,24.99000
24.1200,804,24,30,0.03000,FR,0,21,24.75000
24.1200,804,24,30,0.03000,BR,0,14,24.54000
24.1300,804,24,30,0.03000,FL,0,6,24.30000
24.1300,804,24,30,0.03000,FL,1,36,25.20000
24.1300,804,24,30,0.03000,BL,0,29,24.99000
24.1300,804,24,30,0.03000,FR,0,21,24.75000
24.1300,804,24,30,0.03000,BR,0,14,24.54000
24.1420,804,24,30,0.03000,FL,0,6,24.30000
24.1420,804,24,30,0.03000,FL,1,36,25.20000
24.1420,804,24,30,0.03000,BL,0,29,24.99000
24.1420,804,24,30,0.03000,FR,0,21,24.75000
24.1420,804,24,30,0.03000,BR,0,14,24.54000
24.1520,805,25,30,0.03000,FL,0,5,24.30000
24.1520,805,25,30,0.03000,FL,1,35,25.20000
24.1520,805,25,30,0.03000,BL,0,28,24.99000
24.1520,805,25,30,0.03000,FR,0,20,24.75000
24.1520,805,25,30,0.03000,BR,0,13,24.54000
24.1620,805,25,30,0.03000,FL,0,5,24.30000
24.1620,805,25,30,0.03000,FL,1,35,25.20000
24.1620,805,25,30,0.03000,BL,0,28,24.99000
24.1620,805,25,30,0.03000,FR,0,20,24.75000
24.1620,805,25,30,0.03000,BR,0,13,24.54000
24.1720,805,25,30,0.03000,FL,0,5,24.30000
24.1720,805,25,30,0.03000,FL,1,35,25.20000
24.1720,805,25,30,0.03000,BL,0,28,24.99000
24.1720,805,25,30,0.03000,FR,0,20,24.75000
24.1720,805,25,30,0.03000,BR,0,13,24.54000
24.1820,806,26,30,0.03000,FL,0,4,24.30000
24.1820,806,26,30,0.03000,FL,1,34,25.20000
24.1820,806,26,30,0.03000,BL,0,27,24.99000
24.1820,806,26,30,0.03000,FR,0,19,24.75000
24.1820,806,26,30,0.03000,BR,0,12,24.54000
24.1920,806,26,30,0.03000,FL,0,4,24.30000
24.1920,806,26,30,0.03000,FL,1,34,25.20000
24.1920,806,26,30,0.03000,BL,0,27,24.99000
24.1920,806,26,30,0.03000,FR,0,19,24.75000
24.1920,806,26,30,0.03000,BR,0,12,24.54000
24.2020,806,26,30,0.03000,FL,0,4,24.30000
24.2020,806,26,30,0.03000,FL,1,34,25.20000
24.2020,806,26,30,0.03000,BL,0,27,24.99000
24.2020,806,26,30,0.03000,FR,0,19,24.75000
24.2020,806,26,30,0.03000,BR,0,12,24.54000
24.2120,807,27,30,0.03000,FL,0,3,24.30000
24.2120,807,27,30,0.03000,FL,1,33,25.20000
24.2120,807,27,30,0.03000,BL,0,26,24.99000
24.2120,807,27,30,0.03000,FR,0,18,24.75000
24.2120,807,27,30,0.03000,BR,0,11,24.54000
24.2220,807,27,30,0.03000,FL,0,3,24.30000
24.2220,807,27,30,0.03000,FL,1,33,25.20000
24.2220,807,27,30,0.03000,BL,0,26,24.99000
24.2220,807,27,30,0.03000,FR,0,18,24.75000
24.2220,807,27,30,0.03000,BR,0,11,24.54000
24.2320,807,27,30,0.03000,FL,0,3,24.30000
24.2320,807,27,30,0.03000,FL,1,33,25.20000
24.2320,807,27,30,0.03000,BL,0,26,24.99000
24.2320,807,27,30,0.03000,FR,0,18,24.75000
24.2320,807,27,30,0.03000,BR,0,11,24.54000
24.2400,808,28,30,0.03000,FL,0,2,24.30000
24.2400,808,28,30,0.03000,FL,1,32,25.20000
24.2400,808,28,30,0.03000,BL,0,25,24.99000
24.2400,808,28,30,0.03000,FR,0,17,24.75000
24.2400,808,28,30,0.03000,BR,0,10,24.54000
24.2500,808,28,30,0.03000,FL,0,2,24.30000
24.2500,808,28,30,0.03000,FL,1,32,25.20000
24.2500,808,28,30,0.03000,BL,0,25,24.99000
24.2500,808,28,30,0.03000,FR,0,17,24.75000
24.2500,808,28,30,0.03000,BR,0,10,24.54000
24.2600,808,28,30,0.03000,FL,0,2,24.30000
24.2600,808,28,30,0.03000,FL,1,32,25.20000
24.2600,808,28,30,0.03000,BL,0,25,24.99000
24.2600,808,28,30,0.03000,FR,0,17,24.75000
24.2600,808,28,30,0.03000,BR,0,10,24.54000
24.2700,808,28,30,0.03000,FL,0,2,24.30000
24.2700,808,28,30,0.03000,FL,1,32,25.20000
24.2700,808,28,30,0.03000,BL,0,25,24.99000
24.2700,808,28,30,0.03000,FR,0,17,24.75000
24.2700,808,28,30,0.03000,BR,0,10,24.54000
24.2800,809,29,30,0.03000,FL,0,1,24.30000
24.2800,809,29,30,0.03000,FL,1,31,25.20000
24.2800,809,29,30,0.03000,BL,0,24,24.99000
24.2800,809,29,30,0.03000,FR,0,16,24.75000
24.2800,809,29,30,0.03000,BR,0,9,24.54000
24.2800,809,29,30,0.03000,BR,1,39,25.44000
24.2900,809,29,30,0.03000,FL,0,1,24.30000
24.2900,809,29,30,0.03000,FL,1,31,25.20000
24.2900,809,29,30,0.03000,BL,0,24,24.99000
24.2900,809,29,30,0.03000,FR,0,16,24.75000
24.2900,809,29,30,0.03000,BR,0,9,24.54000
24.2900,809,29,30,0.03000,BR,1,39,25.44000
24.3000,810,0,30,0.03000,FL,0,30,25.20000
24.3000,810,0,30,0.03000,BL,0,23,24.99000
24.3000,810,0,30,0.03000,FR,0,15,24.75000
24.3000,810,0,30,0.03000,BR,0,8,24.54000
24.3000,810,0,30,0.03000,BR,1,38,25.44000
24.3180,810,0,30,0.03000,FL,0,30,25.20000
24.3180,810,0,30,0.03000,BL,0,23,24.99000
24.3180,810,0,30,0.03000,FR,0,15,24.75000
24.3180,810,0,30,0.03000,BR,0,8,24.54000
24.3180,810,0,30,0.03000,BR,1,38,25.44000
24.3280,810,0,30,0.03000,FL,0,30,25.20000
24.3280,810,0,30,0.03000,BL,0,23,24.99000
24.3280,810,0,30,0.03000,FR,0,15,24.75000
24.3280,810,0,30,0.03000,BR,0,8,24.54000
24.3280,810,0,30,0.03000,BR,1,38,25.44000
24.3380,811,1,30,0.03000,FL,0,29,25.20000
24.3380,811,1,30,0.03000,BL,0,22,24.99000
24.3380,811,1,30,0.03000,FR,0,14,24.75000
24.3380,811,1,30,0.03000,BR,0,7,24.54000
24.3380,811,1,30,0.03000,BR,1,37,25.44000
24.3480,811,1,30,0.03000,FL,0,29,25.20000
24.3480,811,1,30,0.03000,BL,0,22,24.99000
24.3480,811,1,30,0.03000,FR,0,14,24.75000
24.3480,811,1,30,0.03000,BR,0,7,24.54000
24.3480,811,1,30,0.03000,BR,1,37,25.44000
24.3580,811,1,30,0.03000,FL,0,29,25.20000
24.3580,811,1,30,0.03000,BL,0,22,24.99000
24.3580,811,1,30,0.03000,FR,0,14,24.75000
24.3580,811,1,30,0.03000,BR,0,7,24.54000
24.3580,811,1,30,0.03000,BR,1,37,25.44000
24.3660,812,2,30,0.03000,FL,0,28,25.20000
24.3660,812,2,30,0.03000,BL,0,21,24.99000
24.3660,812,2,30,0.03000,FR,0,13,24.75000
24.3660,812,2,30,0.03000,BR,0,6,24.54000
24.3660,812,2,30,0.03000,BR,1,36,25.44000
24.3760,812,2,30,0.03000,FL,0,28,25.20000
24.3760,812,2,30,0.03000,BL,0,21,24.99000
24.3760,812,2,30,0.03000,FR,0,13,24.75000
24.3760,812,2,30,0.03000,BR,0,6,24.54000
24.3760,812,2,30,0.03000,BR,1,36,25.44000
24.3860,812,2,30,0.03000,FL,0,28,25.20000
24.3860,812,2,30,0.03000,BL,0,21,24.99000
24.3860,812,2,30,0.03000,FR,0,13,24.75000
24.3860,812,2,30,0.03000,BR,0,6,24.54000
24.3860,812,2,30,0.03000,BR,1,36,25.44000
24.3960,813,3,30,0.03000,FL,0,27,25.20000
24.3960,813,3,30,0.03000,BL,0,20,24.99000
24.3960,813,3,30,0.03000,FR,0,12,24.75000
24.3960,813,3,30,0.03000,BR,0,5,24.54000
24.3960,813,3,30,0.03000,BR,1,35,25.44000
24.4060,813,3,30,0.03000,FL,0,27,25.20000
24.4060,813,3,30,0.03000,BL,0,20,24.99000
24.4060,813,3,30,0.03000,FR,0,12,24.75000
24.4060,813,3,30,0.03000,BR,0,5,24.54000
24.4060,813,3,30,0.03000,BR,1,35,25.44000
24.4140,813,3,30,0.03000,FL,0,27,25.20000
24.4140,813,3,30,0.03000,BL,0,20,24.99000
24.4140,813,3,30,0.03000,FR,0,12,24.75000
24.4140,813,3,30,0.03000,BR,0,5,24.54000
24.4140,813,3,30,0.03000,BR,1,35,25.44000
24.4240,814,4,30,0.03000,FL,0,26,25.20000
24.4240,814,4,30,0.03000,BL,0,19,24.99000
24.4240,814,4,30,0.03000,FR,0,11,24.75000
24.4240,814,4,30,0.03000,BR,0,4,24.54000
24.4240,814,4,30,0.03000,BR,1,34,25.44000
24.4340,814,4,30,0.03000,FL,0,26,25.20000
24.4340,814,4,30,0.03000,BL,0,19,24.99000
24.4340,814,4,30,0.03000,FR,0,11,24.75000
24.4340,814,4,30,0.03000,BR,0,4,24.54000
24.4340,814,4,30,0.03000,BR,1,34,25.44000
24.4420,814,4,30,0.03000,FL,0,26,25.20000
24.4420,814,4,30,0.03000,BL,0,19,24.99000
24.4420,814,4,30,0.03000,FR,0,11,24.75000
24.4420,814,4,30,0.03000,BR,0,4,24.54000
24.4420,814,4,30,0.03000,BR,1,34,25.44000
24.4520,815,5,30,0.03000,FL,0,25,25.20000
24.4520,815,5,30,0.03000,BL,0,18,24.99000
24.4520,815,5,30,0.03000,FR,0,10,24.75000
24.4520,815,5,30,0.03000,BR,0,3,24.54000
24.4520,815,5,30,0.03000,BR,1,33,25.44000
24.4620,815,5,30,0.03000,FL,0,25,25.20000
24.4620,815,5,30,0.03000,BL,0,18,24.99000
24.4620,815,5,30,0.03000,FR,0,10,24.75000
24.4620,815,5,30,0.03000,BR,0,3,24.54000
24.4620,815,5,30,0.03000,BR,1,33,25.44000
24.4720,815,5,30,0.03000,FL,0,25,25.20000
24.4720,815,5,30,0.03000,BL,0,18,24.99000
24.4720,815,5,30,0.03000,FR,0,10,24.75000
24.4720,815,5,30,0.03000,BR,0,3,24.54000
24.4720,815,5,30,0.03000,BR,1,33,25.44000
24.4820,816,6,30,0.03000,FL,0,24,25.20000
24.4820,816,6,30,0.03000,BL,0,17,24.99000
24.4820,816,6,30,0.03000,FR,0,9,24.75000
24.4820,816,6,30,0.03000,FR,1,39,25.65000
24.4820,816,6,30,0.03000,BR,0,2,24.54000
24.4820,816,6,30,0.03000,BR,1,32,25.44000
24.4900,816,6,30,0.03000,FL,0,24,25.20000
24.4900,816,6,30,0.03000,BL,0,17,24.99000
24.4900,816,6,30,0.03000,FR,0,9,24.75000
24.4900,816,6,30,0.03000,FR,1,39,25.65000
24.4900,816,6,30,0.03000,BR,0,2,24.54000
24.4900,816,6,30,0.03000,BR,1,32,25.44000
24.5000,816,6,30,0.03000,FL,0,24,25.20000
24.5000,816,6,30,0.03000,BL,0,17,24.99000
24.5000,816,6,30,0.03000,FR,0,9,24.75000
24.5000,816,6,30,0.03000,FR,1,39,25.65000
24.5000,816,6,30,0.03000,BR,0,2,24.54000
24.5000,816,6,30,0.03000,BR,1,32,25.44000
24.5100,817,7,30,0.03000,FL,0,23,25.20000
24.5100,817,7,30,0.03000,BL,0,16,24.99000
24.5100,817,7,30,0.03000,FR,0,8,24.75000
24.5100,817,7,30,0.03000,FR,1,38,25.65000
24.5100,817,7,30,0.03000,BR,0,1,24.54000
24.5100,817,7,30,0.03000,BR,1,31,25.44000
24.5320,817,7,30,0.03000,FL,0,23,25.20000
24.5320,817,7,30,0.03000,BL,0,16,24.99000
24.5320,817,7,30,0.03000,FR,0,8,24.75000
24.5320,817,7,30,0.03000,FR,1,38,25.65000
24.5320,817,7,30,0.03000,BR,0,1,24.54000
24.5320,817,7,30,0.03000,BR,1,31,25.44000
24.5420,818,8,30,0.03000,FL,0,22,25.20000
24.5420,818,8,30,0.03000,BL,0,15,24.99000
24.5420,818,8,30,0.03000,FR,0,7,24.75000
24.5420,818,8,30,0.03000,FR,1,37,25.65000
24.5420,818,8,30,0.03000,BR,0,30,25.44000
24.5540,818,8,30,0.03000,FL,0,22,25.20000
24.5540,818,8,30,0.03000,BL,0,15,24.99000
24.5540,818,8,30,0.03000,FR,0,7,24.75000
24.5540,818,8,30,0.03000,FR,1,37,25.65000
24.5540,818,8,30,0.03000,BR,0,30,25.44000
24.5640,818,8,30,0.03000,FL,0,22,25.20000
24.5640,818,8,30,0.03000,BL,0,15,24.99000
24.5640,818,8,30,0.03000,FR,0,7,24.75000
24.5640,818,8,30,0.03000,FR,1,37,25.65000
24.5640,818,8,30,0.03000,BR,0,30,25.44000
24.5760,819,9,30,0.03000,FL,0,21,25.20000
24.5760,819,9,30,0.03000,BL,0,14,24.99000
24.5760,819,9,30,0.03000,FR,0,6,24.75000
24.5760,819,9,30,0.03000,FR,1,36,25.65000
24.5760,819,9,30,0.03000,BR,0,29,25.44000
24.5880,819,9,30,0.03000,FL,0,21,25.20000
24.5880,819,9,30,0.03000,BL,0,14,24.99000
24.5880,819,9,30,0.03000,FR,0,6,24.75000
24.5880,819,9,30,0.03000,FR,1,36,25.65000
24.5880,819,9,30,0.03000,BR,0,29,25.44000
24.5960,819,9,30,0.03000,FL,0,21,25.20000
24.5960,819,9,30,0.03000,BL,0,14,24.99000
24.5960,819,9,30,0.03000,FR,0,6,24.75000
24.5960,819,9,30,0.03000,FR,1,36,25.65000
24.5960,819,9,30,0.03000,BR,0,29,25.44000
24.6100,820,10,30,0.03000,FL,0,20,25.20000
24.6100,820,10,30,0.03000,BL,0,13,24.99000
24.6100,820,10,30,0.03000,FR,0,5,24.75000
24.6100,820,10,30,0.03000,FR,1,35,25.65000
24.6100,820,10,30,0.03000,BR,0,28,25.44000
24.6220,820,10,30,0.03000,FL,0,20,25.20000
24.6220,820,10,30,0.03000,BL,0,13,24.99000
24.6220,820,10,30,0.03000,FR,0,5,24.75000
24.6220,820,10,30,0.03000,FR,1,35,25.65000
24.6220,820,10,30,0.03000,BR,0,28,25.44000
24.6320,821,11,30,0.03000,FL,0,19,25.20000
24.6320,821,11,30,0.03000,BL,0,12,24.99000
24.6320,821,11,30,0.03000,FR,0,4,24.75000
24.6320,821,11,30,0.03000,FR,1,34,25.65000
24.6320,821,11,30,0.03000,BR,0,27,25.44000
24.6460,821,11,30,0.03000,FL,0,19,25.20000
24.6460,821,11,30,0.03000,BL,0,12,24.99000
24.6460,821,11,30,0.03000,FR,0,4,24.75000
24.6460,821,11,30,0.03000,FR,1,34,25.65000
24.6460,821,11,30,0.03000,BR,0,27,25.44000
24.6580,821,11,30,0.03000,FL,0,19,25.20000
24.6580,821,11,30,0.03000,BL,0,12,24.99000
24.6580,821,11,30,0.03000,FR,0,4,24.75000
24.6580,821,11,30,0.03000,FR,1,34,25.65000
24.6580,821,11,30,0.03000,BR,0,27,25.44000
24.6720,822,12,30,0.03000,FL,0,18,25.20000
24.6720,822,12,30,0.03000,BL,0,11,24.99000
24.6720,822,12,30,0.03000,FR,0,3,24.75000
24.6720,822,12,30,0.03000,FR,1,33,25.65000
24.6720,822,12,30,0.03000,BR,0,26,25.44000
24.6840,822,12,30,0.03000,FL,0,18,25.20000
24.6840,822,12,30,0.03000,BL,0,11,24.99000
24.6840,822,12,30,0.03000,FR,0,3,24.75000
24.6840,822,12,30,0.03000,FR,1,33,25.65000
24.6840,822,12,30,0.03000,BR,0,26,25.44000
24.6920,823,13,30,0.03000,FL,0,17,25.20000
24.6920,823,13,30,0.03000,BL,0,10,24.99000
24.6920,823,13,30,0.03000,FR,0,2,24.75000
24.6920,823,13,30,0.03000,FR,1,32,25.65000
24.6920,823,13,30,0.03000,BR,0,25,25.44000
24.7020,823,13,30,0.03000,FL,0,17,25.20000
24.7020,823,13,30,0.03000,BL,0,10,24.99000
24.7020,823,13,30,0.03000,FR,0,2,24.75000
24.7020,823,13,30,0.03000,FR,1,32,25.65000
24.7020,823,13,30,0.03000,BR,0,25,25.44000
24.7140,823,13,30,0.03000,FL,0,17,25.20000
24.7140,823,13,30,0.03000,BL,0,10,24.99000
24.7140,823,13,30,0.03000,FR,0,2,24.75000
24.7140,823,13,30,0.03000,FR,1,32,25.65000
24.7140,823,13,30,0.03000,BR,0,25,25.44000
24.7220,824,14,30,0.03000,FL,0,16,25.20000
24.7220,824,14,30,0.03000,BL,0,9,24.99000
24.7220,824,14,30,0.03000,BL,1,39,25.89000
24.7220,824,14,30,0.03000,FR,0,1,24.75000
24.7220,824,14,30,0.03000,FR,1,31,25.65000
24.7220,824,14,30,0.03000,BR,0,24,25.44000
24.7320,824,14,30,0.03000,FL,0,16,25.20000
24.7320,824,14,30,0.03000,BL,0,9,24.99000
24.7320,824,14,30,0.03000,BL,1,39,25.89000
24.7320,824,14,30,0.03000,FR,0,1,24.75000
24.7320,824,14,30,0.03000,FR,1,31,25.65000
24.7320,824,14,30,0.03000,BR,0,24,25.44000
24.7420,824,14,30,0.03000,FL,0,16,25.20000
24.7420,824,14,30,0.03000,BL,0,9,24.99000
24.7420,824,14,30,0.03000,BL,1,39,25.89000
24.7420,824,14,30,0.03000,FR,0,1,24.75000
24.7420,824,14,30,0.03000,FR,1,31,25.65000
24.7420,824,14,30,0.03000,BR,0,24,25.44000
24.7540,825,15,30,0.03000,FL,0,15,25.20000
24.7540,825,15,30,0.03000,BL,0,8,24.99000
24.7540,825,15,30,0.03000,BL,1,38,25.89000
24.7540,825,15,30,0.03000,FR,0,30,25.65000
24.7540,825,15,30,0.03000,BR,0,23,25.44000
24.7740,825,15,30,0.03000,FL,0,15,25.20000
24.7740,825,15,30,0.03000,BL,0,8,24.99000
24.7740,825,15,30,0.03000,BL,1,38,25.89000
24.7740,825,15,30,0.03000,FR,0,30,25.65000
24.7740,825,15,30,0.03000,BR,0,23,25.44000
24.7840,826,16,30,0.03000,FL,0,14,25.20000
24.7840,826,16,30,0.03000,BL,0,7,24.99000
24.7840,826,16,30,0.03000,BL,1,37,25.89000
24.7840,826,16,30,0.03000,FR,0,29,25.65000
24.7840,826,16,30,0.03000,BR,0,22,25.44000
24.7920,826,16,30,0.03000,FL,0,14,25.20000
24.7920,826,16,30,0.03000,BL,0,7,24.99000
24.7920,826,16,30,0.03000,BL,1,37,25.89000
24.7920,826,16,30,0.03000,FR,0,29,25.65000
24.7920,826,16,30,0.03000,BR,0,22,25.44000
24.8020,826,16,30,0.03000,FL,0,14,25.20000
24.8020,826,16,30,0.03000,BL,0,7,24.99000
24.8020,826,16,30,0.03000,BL,1,37,25.89000
24.8020,826,16,30,0.03000,FR,0,29,25.65000
24.8020,826,16,30,0.03000,BR,0,22,25.44000
24.8140,827,17,30,0.03000,FL,0,13,25.20000
24.8140,827,17,30,0.03000,BL,0,6,24.99000
24.8140,827,17,30,0.03000,BL,1,36,25.89000
24.8140,827,17,30,0.03000,FR,0,28,25.65000
24.8140,827,17,30,0.03000,BR,0,21,25.44000
24.8220,827,17,30,0.03000,FL,0,13,25.20000
24.8220,827,17,30,0.03000,BL,0,6,24.99000
24.8220,827,17,30,0.03000,BL,1,36,25.89000
24.8220,827,17,30,0.03000,FR,0,28,25.65000
24.8220,827,17,30,0.03000,BR,0,21,25.44000
24.8340,827,17,30,0.03000,FL,0,13,25.20000
24.8340,827,17,30,0.03000,BL,0,6,24.99000
24.8340,827,17,30,0.03000,BL,1,36,25.89000
24.8340,827,17,30,0.03000,FR,0,28,25.65000
24.8340,827,17,30,0.03000,BR,0,21,25.44000
24.8440,828,18,30,0.03000,FL,0,12,25.20000
24.8440,828,18,30,0.03000,BL,0,5,24.99000
24.8440,828,18,30,0.03000,BL,1,35,25.89000
24.8440,828,18,30,0.03000,FR,0,27,25.65000
24.8440,828,18,30,0.03000,BR,0,20,25.44000
24.8540,828,18,30,0.03000,FL,0,12,25.20000
24.8540,828,18,30,0.03000,BL,0,5,24.99000
24.8540,828,18,30,0.03000,BL,1,35,25.89000
24.8540,828,18,30,0.03000,FR,0,27,25.65000
24.8540,828,18,30,0.03000,BR,0,20,25.44000
24.8620,828,18,30,0.03000,FL,0,12,25.20000
24.8620,828,18,30,0.03000,BL,0,5,24.99000
24.8620,828,18,30,0.03000,BL,1,35,25.89000
24.8620,828,18,30,0.03000,FR,0,27,25.65000
24.8620,828,18,30,0.03000,BR,0,20,25.44000
24.8720,829,19,30,0.03000,FL,0,11,25.20000
24.8720,829,19,30,0.03000,BL,0,4,24.99000
24.8720,829,19,30,0.03000,BL,1,34,25.89000
24.8720,829,19,30,0.03000,FR,0,26,25.65000
24.8720,829,19,30,0.03000,BR,0,19,25.44000
24.8820,829,19,30,0.03000,FL,0,11,25.20000
24.8820,829,19,30,0.03000,BL,0,4,24.99000
24.8820,829,19,30,0.03000,BL,1,34,25.89000
24.8820,829,19,30,0.03000,FR,0,26,25.65000
24.8820,829,19,30,0.03000,BR,0,19,25.44000
24.8900,829,19,30,0.03000,FL,0,11,25.20000
24.8900,829,19,30,0.03000,BL,0,4,24.99000
24.8900,829,19,30,0.03000,BL,1,34,25.89000
24.8900,829,19,30,0.03000,FR,0,26,25.65000
24.8900,829,19,30,0.03000,BR,0,19,25.44000
24.9020,830,20,30,0.03000,FL,0,10,25.20000
24.9020,830,20,30,0.03000,BL,0,3,24.99000
24.9020,830,20,30,0.03000,BL,1,33,25.89000
24.9020,830,20,30,0.03000,FR,0,25,25.65000
24.9020,830,20,30,0.03000,BR,0,18,25.44000
24.9100,830,20,30,0.03000,FL,0,10,25.20000
24.9100,830,20,30,0.03000,BL,0,3,24.99000
24.9100,830,20,30,0.03000,BL,1,33,25.89000
24.9100,830,20,30,0.03000,FR,0,25,25.65000
24.9100,830,20,30,0.03000,BR,0,18,25.44000
24.9200,830,20,30,0.03000,FL,0,10,25.20000
24.9200,830,20,30,0.03000,BL,0,3,24.99000
24.9200,830,20,30,0.03000,BL,1,33,25.89000
24.9200,830,20,30,0.03000,FR,0,25,25.65000
24.9200,830,20,30,0.03000,BR,0,18,25.44000
24.9300,831,21,30,0.03000,FL,0,9,25.20000
24.9300,831,21,30,0.03000,FL,1,39,26.10000
24.9300,831,21,30,0.03000,BL,0,2,24.99000
24.9300,831,21,30,0.03000,BL,1,32,25.89000
24.9300,831,21,30,0.03000,FR,0,24,25.65000
24.9300,831,21,30,0.03000,BR,0,17,25.44000
24.9400,831,21,30,0.03000,FL,0,9,25.20000
24.9400,831,21,30,0.03000,FL,1,39,26.10000
24.9400,831,21,30,0.03000,BL,0,2,24.99000
24.9400,831,21,30,0.03000,BL,1,32,25.89000
24.9400,831,21,30,0.03000,FR,0,24,25.65000
24.9400,831,21,30,0.03000,BR,0,17,25.44000
24.9500,831,21,30,0.03000,FL,0,9,25.20000
24.9500,831,21,30,0.03000,FL,1,39,26.10000
24.9500,831,21,30,0.03000,BL,0,2,24.99000
24.9500,831,21,30,0.03000,BL,1,32,25.89000
24.9500,831,21,30,0.03000,FR,0,24,25.65000
24.9500,831,21,30,0.03000,BR,0,17,25.44000
24.9620,832,22,30,0.03000,FL,0,8,25.20000
24.9620,832,22,30,0.03000,FL,1,38,26.10000
24.9620,832,22,30,0.03000,BL,0,1,24.99000
24.9620,832,22,30,0.03000,BL,1,31,25.89000
24.9620,832,22,30,0.03000,FR,0,23,25.65000
24.9620,832,22,30,0.03000,BR,0,16,25.44000
24.9880,832,22,30,0.03000,FL,0,8,25.20000
24.9880,832,22,30,0.03000,FL,1,38,26.10000
24.9880,832,22,30,0.03000,BL,0,1,24.99000
24.9880,832,22,30,0.03000,BL,1,31,25.89000
24.9880,832,22,30,0.03000,FR,0,23,25.65000
24.9880,832,22,30,0.03000,BR,0,16,25.44000
25.0020,833,23,30,0.03000,FL,0,7,25.20000
25.0020,833,23,30,0.03000,FL,1,37,26.10000
25.0020,833,23,30,0.03000,BL,0,30,25.89000
25.0020,833,23,30,0.03000,FR,0,22,25.65000
25.0020,833,23,30,0.03000,BR,0,15,25.44000
25.0260,834,24,30,0.03000,FL,0,6,25.20000
25.0260,834,24,30,0.03000,FL,1,36,26.10000
25.0260,834,24,30,0.03000,BL,0,29,25.89000
25.0260,834,24,30,0.03000,FR,0,21,25.65000
25.0260,834,24,30,0.03000,BR,0,14,25.44000
25.0380,834,24,30,0.03000,FL,0,6,25.20000
25.0380,834,24,30,0.03000,FL,1,36,26.10000
25.0380,834,24,30,0.03000,BL,0,29,25.89000
25.0380,834,24,30,0.03000,FR,0,21,25.65000
25.0380,834,24,30,0.03000,BR,0,14,25.44000
25.0500,835,25,30,0.03000,FL,0,5,25.20000
25.0500,835,25,30,0.03000,FL,1,35,26.10000
25.0500,835,25,30,0.03000,BL,0,28,25.89000
25.0500,835,25,30,0.03000,FR,0,20,25.65000
25.0500,835,25,30,0.03000,BR,0,13,25.44000
25.0620,835,25,30,0.03000,FL,0,5,25.20000
25.0620,835,25,30,0.03000,FL,1,35,26.10000
25.0620,835,25,30,0.03000,BL,0,28,25.89000
25.0620,835,25,30,0.03000,FR,0,20,25.65000
25.0620,835,25,30,0.03000,BR,0,13,25.44000
25.0720,835,25,30,0.03000,FL,0,5,25.20000
25.0720,835,25,30,0.03000,FL,1,35,26.10000
25.0720,835,25,30,0.03000,BL,0,28,25.89000
25.0720,835,25,30,0.03000,FR,0,20,25.65000
25.0720,835,25,30,0.03000,BR,0,13,25.44000
25.0840,836,26,30,0.03000,FL,0,4,25.20000
25.0840,836,26,30,0.03000,FL,1,34,26.10000
25.0840,836,26,30,0.03000,BL,0,27,25.89000
25.0840,836,26,30,0.03000,FR,0,19,25.65000
25.0840,836,26,30,0.03000,BR,0,12,25.44000
25.0940,836,26,30,0.03000,FL,0,4,25.20000
25.0940,836,26,30,0.03000,FL,1,34,26.10000
25.0940,836,26,30,0.03000,BL,0,27,25.89000
25.0940,836,26,30,0.03000,FR,0,19,25.65000
25.0940,836,26,30,0.03000,BR,0,12,25.44000
25.1040,836,26,30,0.03000,FL,0,4,25.20000
25.1040,836,26,30,0.03000,FL,1,34,26.10000
25.1040,836,26,30,0.03000,BL,0,27,25.89000
25.1040,836,26,30,0.03000,FR,0,19,25.65000
25.1040,836,26,30,0.03000,BR,0,12,25.44000
25.1140,837,27,30,0.03000,FL,0,3,25.20000
25.1140,837,27,30,0.03000,FL,1,33,26.10000
25.1140,837,27,30,0.03000,BL,0,26,25.89000
25.1140,837,27,30,0.03000,FR,0,18,25.65000
25.1140,837,27,30,0.03000,BR,0,11,25.44000
25.1220,837,27,30,0.03000,FL,0,3,25.20000
25.1220,837,27,30,0.03000,FL,1,33,26.10000
25.1220,837,27,30,0.03000,BL,0,26,25.89000
25.1220,837,27,30,0.03000,FR,0,18,25.65000
25.1220,837,27,30,0.03000,BR,0,11,25.44000
25.1320,837,27,30,0.03000,FL,0,3,25.20000
25.1320,837,27,30,0.03000,FL,1,33,26.10000
25.1320,837,27,30,0.03000,BL,0,26,25.89000
25.1320,837,27,30,0.03000,FR,0,18,25.65000
25.1320,837,27,30,0.03000,BR,0,11,25.44000
25.1440,838,28,30,0.03000,FL,0,2,25.20000
25.1440,838,28,30,0.03000,FL,1,32,26.10000
25.1440,838,28,30,0.03000,BL,0,25,25.89000
25.1440,838,28,30,0.03000,FR,0,17,25.65000
25.1440,838,28,30,0.03000,BR,0,10,25.44000
25.1520,838,28,30,0.03000,FL,0,2,25.20000
25.1520,838,28,30,0.03000,FL,1,32,26.10000
25.1520,838,28,30,0.03000,BL,0,25,25.89000
25.1520,838,28,30,0.03000,FR,0,17,25.65000
25.1520,838,28,30,0.03000,BR,0,10,25.44000
25.1620,838,28,30,0.03000,FL,0,2,25.20000
25.1620,838,28,30,0.03000,FL,1,32,26.10000
25.1620,838,28,30,0.03000,BL,0,25,25.89000
25.1620,838,28,30,0.03000,FR,0,17,25.65000
25.1620,838,28,30,0.03000,BR,0,10,25.44000
25.1720,839,29,30,0.03000,FL,0,1,25.20000
25.1720,839,29,30,0.03000,FL,1,31,26.10000
25.1720,839,29,30,0.03000,BL,0,24,25.89000
25.1720,839,29,30,0.03000,FR,0,16,25.65000
25.1720,839,29,30,0.03000,BR,0,9,25.44000
25.1720,839,29,30,0.03000,BR,1,39,26.34000
25.1880,839,29,30,0.03000,FL,0,1,25.20000
25.1880,839,29,30,0.03000,FL,1,31,26.10000
25.1880,839,29,30,0.03000,BL,0,24,25.89000
25.1880,839,29,30,0.03000,FR,0,16,25.65000
25.1880,839,29,30,0.03000,BR,0,9,25.44000
25.1880,839,29,30,0.03000,BR,1,39,26.34000
25.2020,840,0,30,0.03000,FL,0,30,26.10000
25.2020,840,0,30,0.03000,BL,0,23,25.89000
25.2020,840,0,30,0.03000,FR,0,15,25.65000
25.2020,840,0,30,0.03000,BR,0,8,25.44000
25.2020,840,0,30,0.03000,BR,1,38,26.34000
25.2220,840,0,30,0.03000,FL,0,30,26.10000
25.2220,840,0,30,0.03000,BL,0,23,25.89000
25.2220,840,0,30,0.03000,FR,0,15,25.65000
25.2220,840,0,30,0.03000,BR,0,8,25.44000
25.2220,840,0,30,0.03000,BR,1,38,26.34000
25.2340,841,1,30,0.03000,FL,0,29,26.10000
25.2340,841,1,30,0.03000,BL,0,22,25.89000
25.2340,841,1,30,0.03000,FR,0,14,25.65000
25.2340,841,1,30,0.03000,BR,0,7,25.44000
25.2340,841,1,30,0.03000,BR,1,37,26.34000
25.2440,841,1,30,0.03000,FL,0,29,26.10000
25.2440,841,1,30,0.03000,BL,0,22,25.89000
25.2440,841,1,30,0.03000,FR,0,14,25.65000
25.2440,841,1,30,0.03000,BR,0,7,25.44000
25.2440,841,1,30,0.03000,BR,1,37,26.34000
25.2540,841,1,30,0.03000,FL,0,29,26.10000
25.2540,841,1,30,0.03000,BL,0,22,25.89000
25.2540,841,1,30,0.03000,FR,0,14,25.65000
25.2540,841,1,30,0.03000,BR,0,7,25.44000
25.2540,841,1,30,0.03000,BR,1,37,26.34000
25.2640,842,2,30,0.03000,FL,0,28,26.10000
25.2640,842,2,30,0.03000,BL,0,21,25.89000
25.2640,842,2,30,0.03000,FR,0,13,25.65000
25.2640,842,2,30,0.03000,BR,0,6,25.44000
25.2640,842,2,30,0.03000,BR,1,36,26.34000
25.2720,842,2,30,0.03000,FL,0,28,26.10000
25.2720,842,2,30,0.03000,BL,0,21,25.89000
25.2720,842,2,30,0.03000,FR,0,13,25.65000
25.2720,842,2,30,0.03000,BR,0,6,25.44000
25.2720,842,2,30,0.03000,BR,1,36,26.34000
25.2840,842,2,30,0.03000,FL,0,28,26.10000
25.2840,842,2,30,0.03000,BL,0,21,25.89000
25.2840,842,2,30,0.03000,FR,0,13,25.65000
25.2840,842,2,30,0.03000,BR,0,6,25.44000
25.2840,842,2,30,0.03000,BR,1,36,26.34000
25.2940,843,3,30,0.03000,FL,0,27,26.10000
25.2940,843,3,30,0.03000,BL,0,20,25.89000
25.2940,843,3,30,0.03000,FR,0,12,25.65000
25.2940,843,3,30,0.03000,BR,0,5,25.44000
25.2940,843,3,30,0.03000,BR,1,35,26.34000
25.3040,843,3,30,0.03000,FL,0,27,26.10000
25.3040,843,3,30,0.03000,BL,0,20,25.89000
25.3040,843,3,30,0.03000,FR,0,12,25.65000
25.3040,843,3,30,0.03000,BR,0,5,25.44000
25.3040,843,3,30,0.03000,BR,1,35,26.34000
25.3140,843,3,30,0.03000,FL,0,27,26.10000
25.3140,843,3,30,0.03000,BL,0,20,25.89000
25.3140,843,3,30,0.03000,FR,0,12,25.65000
25.3140,843,3,30,0.03000,BR,0,5,25.44000
25.3140,843,3,30,0.03000,BR,1,35,26.34000
25.3320,844,4,30,0.03000,FL,0,26,26.10000
25.3320,844,4,30,0.03000,BL,0,19,25.89000
25.3320,844,4,30,0.03000,FR,0,11,25.65000
25.3320,844,4,30,0.03000,BR,0,4,25.44000
25.3320,844,4,30,0.03000,BR,1,34,26.34000
25.3440,844,4,30,0.03000,FL,0,26,26.10000
25.3440,844,4,30,0.03000,BL,0,19,25.89000
25.3440,844,4,30,0.03000,FR,0,11,25.65000
25.3440,844,4,30,0.03000,BR,0,4,25.44000
25.3440,844,4,30,0.03000,BR,1,34,26.34000
25.3540,845,5,30,0.03000,FL,0,25,26.10000
25.3540,845,5,30,0.03000,BL,0,18,25.89000
25.3540,845,5,30,0.03000,FR,0,10,25.65000
25.3540,845,5,30,0.03000,BR,0,3,25.44000
25.3540,845,5,30,0.03000,BR,1,33,26.34000
25.3640,845,5,30,0.03000,FL,0,25,26.10000
25.3640,845,5,30,0.03000,BL,0,18,25.89000
25.3640,845,5,30,0.03000,FR,0,10,25.65000
25.3640,845,5,30,0.03000,BR,0,3,25.44000
25.3640,845,5,30,0.03000,BR,1,33,26.34000
25.3740,845,5,30,0.03000,FL,0,25,26.10000
25.3740,845,5,30,0.03000,BL,0,18,25.89000
25.3740,845,5,30,0.03000,FR,0,10,25.65000
25.3740,845,5,30,0.03000,BR,0,3,25.44000
25.3740,845,5,30,0.03000,BR,1,33,26.34000
25.3840,846,6,30,0.03000,FL,0,24,26.10000
25.3840,846,6,30,0.03000,BL,0,17,25.89000
25.3840,846,6,30,0.03000,FR,0,9,25.65000
25.3840,846,6,30,0.03000,FR,1,39,26.55000
25.3840,846,6,30,0.03000,BR,0,2,25.44000
25.3840,846,6,30,0.03000,BR,1,32,26.34000
25.3920,846,6,30,0.03000,FL,0,24,26.10000
25.3920,846,6,30,0.03000,BL,0,17,25.89000
25.3920,846,6,30,0.03000,FR,0,9,25.65000
25.3920,846,6,30,0.03000,FR,1,39,26.55000
25.3920,846,6,30,0.03000,BR,0,2,25.44000
25.3920,846,6,30,0.03000,BR,1,32,26.34000
25.4020,846,6,30,0.03000,FL,0,24,26.10000
25.4020,846,6,30,0.03000,BL,0,17,25.89000
25.4020,846,6,30,0.03000,FR,0,9,25.65000
25.4020,846,6,30,0.03000,FR,1,39,26.55000
25.4040,846,6,30,0.03000,BR,0,2,25.44000
25.4040,846,6,30,0.03000,BR,1,32,26.34000
25.4120,847,7,30,0.03000,FL,0,23,26.10000
25.4120,847,7,30,0.03000,BL,0,16,25.89000
25.4120,847,7,30,0.03000,FR,0,8,25.65000
25.4120,847,7,30,0.03000,FR,1,38,26.55000
25.4120,847,7,30,0.03000,BR,0,1,25.44000
25.4120,847,7,30,0.03000,BR,1,31,26.34000
25.4320,847,7,30,0.03000,FL,0,23,26.10000
25.4320,847,7,30,0.03000,BL,0,16,25.89000
25.4320,847,7,30,0.03000,FR,0,8,25.65000
25.4320,847,7,30,0.03000,FR,1,38,26.55000
25.4320,847,7,30,0.03000,BR,0,1,25.44000
25.4320,847,7,30,0.03000,BR,1,31,26.34000
25.4420,848,8,30,0.03000,FL,0,22,26.10000
25.4420,848,8,30,0.03000,BL,0,15,25.89000
25.4420,848,8,30,0.03000,FR,0,7,25.65000
25.4420,848,8,30,0.03000,FR,1,37,26.55000
25.4420,848,8,30,0.03000,BR,0,30,26.34000
25.4500,848,8,30,0.03000,FL,0,22,26.10000
25.4500,848,8,30,0.03000,BL,0,15,25.89000
25.4500,848,8,30,0.03000,FR,0,7,25.65000
25.4500,848,8,30,0.03000,FR,1,37,26.55000
25.4500,848,8,30,0.03000,BR,0,30,26.34000
25.4620,848,8,30,0.03000,FL,0,22,26.10000
25.4620,848,8,30,0.03000,BL,0,15,25.89000
25.4620,848,8,30,0.03000,FR,0,7,25.65000
25.4620,848,8,30,0.03000,FR,1,37,26.55000
25.4620,848,8,30,0.03000,BR,0,30,26.34000
25.4700,849,9,30,0.03000,FL,0,21,26.10000
25.4700,849,9,30,0.03000,BL,0,14,25.89000
25.4700,849,9,30,0.03000,FR,0,6,25.65000
25.4700,849,9,30,0.03000,FR,1,36,26.55000
25.4700,849,9,30,0.03000,BR,0,29,26.34000
25.4800,849,9,30,0.03000,FL,0,21,26.10000
25.4800,849,9,30,0.03000,BL,0,14,25.89000
25.4800,849,9,30,0.03000,FR,0,6,25.65000
25.4800,849,9,30,0.03000,FR,1,36,26.55000
25.4800,849,9,30,0.03000,BR,0,29,26.34000
25.4900,849,9,30,0.03000,FL,0,21,26.10000
25.4900,849,9,30,0.03000,BL,0,14,25.89000
25.4900,849,9,30,0.03000,FR,0,6,25.65000
25.4900,849,9,30,0.03000,FR,1,36,26.55000
25.4900,849,9,30,0.03000,BR,0,29,26.34000
25.5000,850,10,30,0.03000,FL,0,20,26.10000
25.5000,850,10,30,0.03000,BL,0,13,25.89000
25.5000,850,10,30,0.03000,FR,0,5,25.65000
25.5000,850,10,30,0.03000,FR,1,35,26.55000
25.5000,850,10,30,0.03000,BR,0,28,26.34000
25.5080,850,10,30,0.03000,FL,0,20,26.10000
25.5080,850,10,30,0.03000,BL,0,13,25.89000
25.5080,850,10,30,0.03000,FR,0,5,25.65000
25.5080,850,10,30,0.03000,FR,1,35,26.55000
25.5080,850,10,30,0.03000,BR,0,28,26.34000
25.5180,850,10,30,0.03000,FL,0,20,26.10000
25.5180,850,10,30,0.03000,BL,0,13,25.89000
25.5180,850,10,30,0.03000,FR,0,5,25.65000
25.5180,850,10,30,0.03000,FR,1,35,26.55000
25.5180,850,10,30,0.03000,BR,0,28,26.34000
25.5300,851,11,30,0.03000,FL,0,19,26.10000
25.5300,851,11,30,0.03000,BL,0,12,25.89000
25.5300,851,11,30,0.03000,FR,0,4,25.65000
25.5300,851,11,30,0.03000,FR,1,34,26.55000
25.5300,851,11,30,0.03000,BR,0,27,26.34000
25.5440,851,11,30,0.03000,FL,0,19,26.10000
25.5440,851,11,30,0.03000,BL,0,12,25.89000
25.5440,851,11,30,0.03000,FR,0,4,25.65000
25.5440,851,11,30,0.03000,FR,1,34,26.55000
25.5440,851,11,30,0.03000,BR,0,27,26.34000
25.5540,851,11,30,0.03000,FL,0,19,26.10000
25.5540,851,11,30,0.03000,BL,0,12,25.89000
25.5540,851,11,30,0.03000,FR,0,4,25.65000
25.5540,851,11,30,0.03000,FR,1,34,26.55000
25.5540,851,11,30,0.03000,BR,0,27,26.34000
25.5660,852,12,30,0.03000,FL,0,18,26.10000
25.5660,852,12,30,0.03000,BL,0,11,25.89000
25.5660,852,12,30,0.03000,FR,0,3,25.65000
25.5660,852,12,30,0.03000,FR,1,33,26.55000
25.5660,852,12,30,0.03000,BR,0,26,26.34000
25.5760,852,12,30,0.03000,FL,0,18,26.10000
25.5760,852,12,30,0.03000,BL,0,11,25.89000
25.5760,852,12,30,0.03000,FR,0,3,25.65000
25.5760,852,12,30,0.03000,FR,1,33,26.55000
25.5760,852,12,30,0.03000,BR,0,26,26.34000
25.5860,852,12,30,0.03000,FL,0,18,26.10000
25.5860,852,12,30,0.03000,BL,0,11,25.89000
25.5860,852,12,30,0.03000,FR,0,3,25.65000
25.5860,852,12,30,0.03000,FR,1,33,26.55000
25.5860,852,12,30,0.03000,BR,0,26,26.34000
25.5980,853,13,30,0.03000,FL,0,17,26.10000
25.5980,853,13,30,0.03000,BL,0,10,25.89000
25.5980,853,13,30,0.03000,FR,0,2,25.65000
25.5980,853,13,30,0.03000,FR,1,32,26.55000
25.5980,853,13,30,0.03000,BR,0,25,26.34000
25.6060,853,13,30,0.03000,FL,0,17,26.10000
25.6060,853,13,30,0.03000,BL,0,10,25.89000
25.6060,853,13,30,0.03000,FR,0,2,25.65000
25.6060,853,13,30,0.03000,FR,1,32,26.55000
25.6060,853,13,30,0.03000,BR,0,25,26.34000
25.6160,853,13,30,0.03000,FL,0,17,26.10000
25.6160,853,13,30,0.03000,BL,0,10,25.89000
25.6160,853,13,30,0.03000,FR,0,2,25.65000
25.6160,853,13,30,0.03000,FR,1,32,26.55000
25.6160,853,13,30,0.03000,BR,0,25,26.34000
25.6260,854,14,30,0.03000,FL,0,16,26.10000
25.6260,854,14,30,0.03000,BL,0,9,25.89000
25.6260,854,14,30,0.03000,BL,1,39,26.79000
25.6260,854,14,30,0.03000,FR,0,1,25.65000
25.6260,854,14,30,0.03000,FR,1,31,26.55000
25.6260,854,14,30,0.03000,BR,0,24,26.34000
25.6360,854,14,30,0.03000,FL,0,16,26.10000
25.6360,854,14,30,0.03000,BL,0,9,25.89000
25.6360,854,14,30,0.03000,BL,1,39,26.79000
25.6360,854,14,30,0.03000,FR,0,1,25.65000
25.6360,854,14,30,0.03000,FR,1,31,26.55000
25.6360,854,14,30,0.03000,BR,0,24,26.34000
25.6460,854,14,30,0.03000,FL,0,16,26.10000
25.6460,854,14,30,0.03000,BL,0,9,25.89000
25.6460,854,14,30,0.03000,BL,1,39,26.79000
25.6460,854,14,30,0.03000,FR,0,1,25.65000
25.6460,854,14,30,0.03000,FR,1,31,26.55000
25.6460,854,14,30,0.03000,BR,0,24,26.34000
25.6540,855,15,30,0.03000,FL,0,15,26.10000
25.6540,855,15,30,0.03000,BL,0,8,25.89000
25.6540,855,15,30,0.03000,BL,1,38,26.79000
25.6540,855,15,30,0.03000,FR,0,30,26.55000
25.6540,855,15,30,0.03000,BR,0,23,26.34000
25.6740,855,15,30,0.03000,FL,0,15,26.10000
25.6740,855,15,30,0.03000,BL,0,8,25.89000
25.6740,855,15,30,0.03000,BL,1,38,26.79000
25.6740,855,15,30,0.03000,FR,0,30,26.55000
25.6740,855,15,30,0.03000,BR,0,23,26.34000
25.6840,856,16,30,0.03000,FL,0,14,26.10000
25.6840,856,16,30,0.03000,BL,0,7,25.89000
25.6840,856,16,30,0.03000,BL,1,37,26.79000
25.6840,856,16,30,0.03000,FR,0,29,26.55000
25.6840,856,16,30,0.03000,BR,0,22,26.34000
25.6920,856,16,30,0.03000,FL,0,14,26.10000
25.6920,856,16,30,0.03000,BL,0,7,25.89000
25.6920,856,16,30,0.03000,BL,1,37,26.79000
25.6920,856,16,30,0.03000,FR,0,29,26.55000
25.6920,856,16,30,0.03000,BR,0,22,26.34000
25.7040,856,16,30,0.03000,FL,0,14,26.10000
25.7040,856,16,30,0.03000,BL,0,7,25.89000
25.7040,856,16,30,0.03000,BL,1,37,26.79000
25.7040,856,16,30,0.03000,FR,0,29,26.55000
25.7040,856,16,30,0.03000,BR,0,22,26.34000
25.7120,857,17,30,0.03000,FL,0,13,26.10000
25.7120,857,17,30,0.03000,BL,0,6,25.89000
25.7120,857,17,30,0.03000,BL,1,36,26.79000
25.7120,857,17,30,0.03000,FR,0,28,26.55000
25.7120,857,17,30,0.03000,BR,0,21,26.34000
25.7240,857,17,30,0.03000,FL,0,13,26.10000
25.7240,857,17,30,0.03000,BL,0,6,25.89000
25.7240,857,17,30,0.03000,BL,1,36,26.79000
25.7240,857,17,30,0.03000,FR,0,28,26.55000
25.7240,857,17,30,0.03000,BR,0,21,26.34000
25.7340,857,17,30,0.03000,FL,0,13,26.10000
25.7340,857,17,30,0.03000,BL,0,6,25.89000
25.7340,857,17,30,0.03000,BL,1,36,26.79000
25.7340,857,17,30,0.03000,FR,0,28,26.55000
25.7340,857,17,30,0.03000,BR,0,21,26.34000
25.7440,858,18,30,0.03000,FL,0,12,26.10000
25.7440,858,18,30,0.03000,BL,0,5,25.89000
25.7440,858,18,30,0.03000,BL,1,35,26.79000
25.7440,858,18,30,0.03000,FR,0,27,26.55000
25.7440,858,18,30,0.03000,BR,0,20,26.34000
25.7540,858,18,30,0.03000,FL,0,12,26.10000
25.7540,858,18,30,0.03000,BL,0,5,25.89000
25.7540,858,18,30,0.03000,BL,1,35,26.79000
25.7540,858,18,30,0.03000,FR,0,27,26.55000
25.7540,858,18,30,0.03000,BR,0,20,26.34000
25.7640,858,18,30,0.03000,FL,0,12,26.10000
25.7640,858,18,30,0.03000,BL,0,5,25.89000
25.7640,858,18,30,0.03000,BL,1,35,26.79000
25.7640,858,18,30,0.03000,FR,0,27,26.55000
25.7640,858,18,30,0.03000,BR,0,20,26.34000
25.7720,859,19,30,0.03000,FL,0,11,26.10000
25.7720,859,19,30,0.03000,BL,0,4,25.89000
25.7720,859,19,30,0.03000,BL,1,34,26.79000
25.7720,859,19,30,0.03000,FR,0,26,26.55000
25.7720,859,19,30,0.03000,BR,0,19,26.34000
25.7820,859,19,30,0.03000,FL,0,11,26.10000
25.7820,859,19,30,0.03000,BL,0,4,25.89000
25.7820,859,19,30,0.03000,BL,1,34,26.79000
25.7820,859,19,30,0.03000,FR,0,26,26.55000
25.7820,859,19,30,0.03000,BR,0,19,26.34000
25.7920,859,19,30,0.03000,FL,0,11,26.10000
25.7920,859,19,30,0.03000,BL,0,4,25.89000
25.7920,859,19,30,0.03000,BL,1,34,26.79000
25.7920,859,19,30,0.03000,FR,0,26,26.55000
25.7920,859,19,30,0.03000,BR,0,19,26.34000
25.8040,860,20,30,0.03000,FL,0,10,26.10000
25.8040,860,20,30,0.03000,BL,0,3,25.89000
25.8040,860,20,30,0.03000,BL,1,33,26.79000
25.8040,860,20,30,0.03000,FR,0,25,26.55000
25.8040,860,20,30,0.03000,BR,0,18,26.34000
25.8120,860,20,30,0.03000,FL,0,10,26.10000
25.8120,860,20,30,0.03000,BL,0,3,25.89000
25.8120,860,20,30,0.03000,BL,1,33,26.79000
25.8120,860,20,30,0.03000,FR,0,25,26.55000
25.8120,860,20,30,0.03000,BR,0,18,26.34000
25.8260,860,20,30,0.03000,FL,0,10,26.10000
25.8260,860,20,30,0.03000,BL,0,3,25.89000
25.8260,860,20,30,0.03000,BL,1,33,26.79000
25.8260,860,20,30,0.03000,FR,0,25,26.55000
25.8260,860,20,30,0.03000,BR,0,18,26.34000
25.8400,861,21,30,0.03000,FL,0,9,26.10000
25.8400,861,21,30,0.03000,FL,1,39,27.00000
25.8400,861,21,30,0.03000,BL,0,2,25.89000
25.8400,861,21,30,0.03000,BL,1,32,26.79000
25.8400,861,21,30,0.03000,FR,0,24,26.55000
25.8400,861,21,30,0.03000,BR,0,17,26.34000
25.8520,861,21,30,0.03000,FL,0,9,26.10000
25.8520,861,21,30,0.03000,FL,1,39,27.00000
25.8520,861,21,30,0.03000,BL,0,2,25.89000
25.8520,861,21,30,0.03000,BL,1,32,26.79000
25.8520,861,21,30,0.03000,FR,0,24,26.55000
25.8520,861,21,30,0.03000,BR,0,17,26.34000
25.8720,862,22,30,0.03000,FL,0,8,26.10000
25.8720,862,22,30,0.03000,FL,1,38,27.00000
25.8720,862,22,30,0.03000,BL,0,1,25.89000
25.8720,862,22,30,0.03000,BL,1,31,26.79000
25.8720,862,22,30,0.03000,FR,0,23,26.55000
25.8720,862,22,30,0.03000,BR,0,16,26.34000
25.9300,864,24,30,0.03000,FL,0,6,26.10000
25.9300,864,24,30,0.03000,FL,1,36,27.00000
25.9300,864,24,30,0.03000,BL,0,29,26.79000
25.9300,864,24,30,0.03000,FR,0,21,26.55000
25.9300,864,24,30,0.03000,BR,0,14,26.34000
25.9400,864,24,30,0.03000,FL,0,6,26.10000
25.9400,864,24,30,0.03000,FL,1,36,27.00000
25.9400,864,24,30,0.03000,BL,0,29,26.79000
25.9400,864,24,30,0.03000,FR,0,21,26.55000
25.9400,864,24,30,0.03000,BR,0,14,26.34000
25.9500,865,25,30,0.03000,FL,0,5,26.10000
25.9500,865,25,30,0.03000,FL,1,35,27.00000
25.9500,865,25,30,0.03000,BL,0,28,26.79000
25.9500,865,25,30,0.03000,FR,0,20,26.55000
25.9500,865,25,30,0.03000,BR,0,13,26.34000
25.9600,865,25,30,0.03000,FL,0,5,26.10000
25.9600,865,25,30,0.03000,FL,1,35,27.00000
25.9600,865,25,30,0.03000,BL,0,28,26.79000
25.9600,865,25,30,0.03000,FR,0,20,26.55000
25.9600,865,25,30,0.03000,BR,0,13,26.34000
25.9700,865,25,30,0.03000,FL,0,5,26.10000
25.9700,865,25,30,0.03000,FL,1,35,27.00000
25.9700,865,25,30,0.03000,BL,0,28,26.79000
25.9700,865,25,30,0.03000,FR,0,20,26.55000
25.9700,865,25,30,0.03000,BR,0,13,26.34000
25.9780,865,25,30,0.03000,FL,0,5,26.10000
25.9780,865,25,30,0.03000,FL,1,35,27.00000
25.9780,865,25,30,0.03000,BL,0,28,26.79000
25.9780,865,25,30,0.03000,FR,0,20,26.55000
25.9780,865,25,30,0.03000,BR,0,13,26.34000
25.9880,866,26,30,0.03000,FL,0,4,26.10000
25.9880,866,26,30,0.03000,FL,1,34,27.00000
25.9880,866,26,30,0.03000,BL,0,27,26.79000
25.9880,866,26,30,0.03000,FR,0,19,26.55000
25.9880,866,26,30,0.03000,BR,0,12,26.34000
25.9980,866,26,30,0.03000,FL,0,4,26.10000
25.9980,866,26,30,0.03000,FL,1,34,27.00000
25.9980,866,26,30,0.03000,BL,0,27,26.79000
25.9980,866,26,30,0.03000,FR,0,19,26.55000
25.9980,866,26,30,0.03000,BR,0,12,26.34000
26.0080,866,26,30,0.03000,FL,0,4,26.10000
26.0080,866,26,30,0.03000,FL,1,34,27.00000
26.0080,866,26,30,0.03000,BL,0,27,26.79000
26.0080,866,26,30,0.03000,FR,0,19,26.55000
26.0080,866,26,30,0.03000,BR,0,12,26.34000
26.0180,867,27,30,0.03000,FL,0,3,26.10000
26.0180,867,27,30,0.03000,FL,1,33,27.00000
26.0180,867,27,30,0.03000,BL,0,26,26.79000
26.0180,867,27,30,0.03000,FR,0,18,26.55000
26.0180,867,27,30,0.03000,BR,0,11,26.34000
26.0280,867,27,30,0.03000,FL,0,3,26.10000
26.0280,867,27,30,0.03000,FL,1,33,27.00000
26.0280,867,27,30,0.03000,BL,0,26,26.79000
26.0280,867,27,30,0.03000,FR,0,18,26.55000
26.0280,867,27,30,0.03000,BR,0,11,26.34000
26.0360,867,27,30,0.03000,FL,0,3,26.10000
26.0380,867,27,30,0.03000,FL,1,33,27.00000
26.0380,867,27,30,0.03000,BL,0,26,26.79000
26.0380,867,27,30,0.03000,FR,0,18,26.55000
26.0380,867,27,30,0.03000,BR,0,11,26.34000
26.0480,868,28,30,0.03000,FL,0,2,26.10000
26.0480,868,28,30,0.03000,FL,1,32,27.00000
26.0480,868,28,30,0.03000,BL,0,25,26.79000
26.0480,868,28,30,0.03000,FR,0,17,26.55000
26.0480,868,28,30,0.03000,BR,0,10,26.34000
26.0580,868,28,30,0.03000,FL,0,2,26.10000
26.0580,868,28,30,0.03000,FL,1,32,27.00000
26.0580,868,28,30,0.03000,BL,0,25,26.79000
26.0580,868,28,30,0.03000,FR,0,17,26.55000
26.0580,868,28,30,0.03000,BR,0,10,26.34000
26.0680,868,28,30,0.03000,FL,0,2,26.10000
26.0680,868,28,30,0.03000,FL,1,32,27.00000
26.0680,868,28,30,0.03000,BL,0,25,26.79000
26.0680,868,28,30,0.03000,FR,0,17,26.55000
26.0680,868,28,30,0.03000,BR,0,10,26.34000
26.0780,869,29,30,0.03000,FL,0,1,26.10000
26.0780,869,29,30,0.03000,FL,1,31,27.00000
26.0780,869,29,30,0.03000,BL,0,24,26.79000
26.0780,869,29,30,0.03000,FR,0,16,26.55000
26.0780,869,29,30,0.03000,BR,0,9,26.34000
26.0780,869,29,30,0.03000,BR,1,39,27.24000
26.0880,869,29,30,0.03000,FL,0,1,26.10000
26.0880,869,29,30,0.03000,FL,1,31,27.00000
26.0880,869,29,30,0.03000,BL,0,24,26.79000
26.0880,869,29,30,0.03000,FR,0,16,26.55000
26.0880,869,29,30,0.03000,BR,0,9,26.34000
26.0880,869,29,30,0.03000,BR,1,39,27.24000
26.0980,869,29,30,0.03000,FL,0,1,26.10000
26.0980,869,29,30,0.03000,FL,1,31,27.00000
26.0980,869,29,30,0.03000,BL,0,24,26.79000
26.0980,869,29,30,0.03000,FR,0,16,26.55000
26.0980,869,29,30,0.03000,BR,0,9,26.34000
26.0980,869,29,30,0.03000,BR,1,39,27.24000
26.1060,870,0,30,0.03000,FL,0,30,27.00000
26.1060,870,0,30,0.03000,BL,0,23,26.79000
26.1060,870,0,30,0.03000,FR,0,15,26.55000
26.1060,870,0,30,0.03000,BR,0,8,26.34000
26.1060,870,0,30,0.03000,BR,1,38,27.24000
26.1260,870,0,30,0.03000,FL,0,30,27.00000
26.1260,870,0,30,0.03000,BL,0,23,26.79000
26.1260,870,0,30,0.03000,FR,0,15,26.55000
26.1260,870,0,30,0.03000,BR,0,8,26.34000
26.1260,870,0,30,0.03000,BR,1,38,27.24000
26.1380,871,1,30,0.03000,FL,0,29,27.00000
26.1380,871,1,30,0.03000,BL,0,22,26.79000
26.1380,871,1,30,0.03000,FR,0,14,26.55000
26.1380,871,1,30,0.03000,BR,0,7,26.34000
26.1380,871,1,30,0.03000,BR,1,37,27.24000
26.1480,871,1,30,0.03000,FL,0,29,27.00000
26.1480,871,1,30,0.03000,BL,0,22,26.79000
26.1480,871,1,30,0.03000,FR,0,14,26.55000
26.1480,871,1,30,0.03000,BR,0,7,26.34000
26.1480,871,1,30,0.03000,BR,1,37,27.24000
26.1700,872,2,30,0.03000,FL,0,28,27.00000
26.1700,872,2,30,0.03000,BL,0,21,26.79000
26.1700,872,2,30,0.03000,FR,0,13,26.55000
26.1700,872,2,30,0.03000,BR,0,6,26.34000
26.1700,872,2,30,0.03000,BR,1,36,27.24000
26.1840,872,2,30,0.03000,FL,0,28,27.00000
26.1840,872,2,30,0.03000,BL,0,21,26.79000
26.1840,872,2,30,0.03000,FR,0,13,26.55000
26.1840,872,2,30,0.03000,BR,0,6,26.34000
26.1840,872,2,30,0.03000,BR,1,36,27.24000
26.1960,873,3,30,0.03000,FL,0,27,27.00000
26.1960,873,3,30,0.03000,BL,0,20,26.79000
26.1960,873,3,30,0.03000,FR,0,12,26.55000
26.1960,873,3,30,0.03000,BR,0,5,26.34000
26.1960,873,3,30,0.03000,BR,1,35,27.24000
26.2060,873,3,30,0.03000,FL,0,27,27.00000
26.2060,873,3,30,0.03000,BL,0,20,26.79000
26.2060,873,3,30,0.03000,FR,0,12,26.55000
26.2060,873,3,30,0.03000,BR,0,5,26.34000
26.2060,873,3,30,0.03000,BR,1,35,27.24000
26.2140,873,3,30,0.03000,FL,0,27,27.00000
26.2140,873,3,30,0.03000,BL,0,20,26.79000
26.2140,873,3,30,0.03000,FR,0,12,26.55000
26.2140,873,3,30,0.03000,BR,0,5,26.34000
26.2140,873,3,30,0.03000,BR,1,35,27.24000
26.2240,874,4,30,0.03000,FL,0,26,27.00000
26.2240,874,4,30,0.03000,BL,0,19,26.79000
26.2240,874,4,30,0.03000,FR,0,11,26.55000
26.2240,874,4,30,0.03000,BR,0,4,26.34000
26.2240,874,4,30,0.03000,BR,1,34,27.24000
26.2340,874,4,30,0.03000,FL,0,26,27.00000
26.2340,874,4,30,0.03000,BL,0,19,26.79000
26.2340,874,4,30,0.03000,FR,0,11,26.55000
26.2340,874,4,30,0.03000,BR,0,4,26.34000
26.2340,874,4,30,0.03000,BR,1,34,27.24000
26.2440,874,4,30,0.03000,FL,0,26,27.00000
26.2440,874,4,30,0.03000,BL,0,19,26.79000
26.2440,874,4,30,0.03000,FR,0,11,26.55000
26.2440,874,4,30,0.03000,BR,0,4,26.34000
26.2440,874,4,30,0.03000,BR,1,34,27.24000
26.2520,875,5,30,0.03000,FL,0,25,27.00000
26.2520,875,5,30,0.03000,BL,0,18,26.79000
26.2520,875,5,30,0.03000,FR,0,10,26.55000
26.2520,875,5,30,0.03000,BR,0,3,26.34000
26.2520,875,5,30,0.03000,BR,1,33,27.24000
26.2620,875,5,30,0.03000,FL,0,25,27.00000
26.2620,875,5,30,0.03000,BL,0,18,26.79000
26.2620,875,5,30,0.03000,FR,0,10,26.55000
26.2620,875,5,30,0.03000,BR,0,3,26.34000
26.2620,875,5,30,0.03000,BR,1,33,27.24000
26.2720,875,5,30,0.03000,FL,0,25,27.00000
26.2720,875,5,30,0.03000,BL,0,18,26.79000
26.2720,875,5,30,0.03000,FR,0,10,26.55000
26.2720,875,5,30,0.03000,BR,0,3,26.34000
26.2720,875,5,30,0.03000,BR,1,33,27.24000
26.2820,876,6,30,0.03000,FL,0,24,27.00000
26.2820,876,6,30,0.03000,BL,0,17,26.79000
26.2820,876,6,30,0.03000,FR,0,9,26.55000
26.2820,876,6,30,0.03000,FR,1,39,27.45000
26.2820,876,6,30,0.03000,BR,0,2,26.34000
26.2820,876,6,30,0.03000,BR,1,32,27.24000
26.2920,876,6,30,0.03000,FL,0,24,27.00000
26.2920,876,6,30,0.03000,BL,0,17,26.79000
26.2920,876,6,30,0.03000,FR,0,9,26.55000
26.2920,876,6,30,0.03000,FR,1,39,27.45000
26.2920,876,6,30,0.03000,BR,0,2,26.34000
26.2920,876,6,30,0.03000,BR,1,32,27.24000
26.3020,876,6,30,0.03000,FL,0,24,27.00000
26.3020,876,6,30,0.03000,BL,0,17,26.79000
26.3020,876,6,30,0.03000,FR,0,9,26.55000
26.3020,876,6,30,0.03000,FR,1,39,27.45000
26.3020,876,6,30,0.03000,BR,0,2,26.34000
26.3020,876,6,30,0.03000,BR,1,32,27.24000
26.3100,877,7,30,0.03000,FL,0,23,27.00000
26.3100,877,7,30,0.03000,BL,0,16,26.79000
26.3100,877,7,30,0.03000,FR,0,8,26.55000
26.3100,877,7,30,0.03000,FR,1,38,27.45000
26.3100,877,7,30,0.03000,BR,0,1,26.34000
26.3100,877,7,30,0.03000,BR,1,31,27.24000
26.3300,877,7,30,0.03000,FL,0,23,27.00000
26.3300,877,7,30,0.03000,BL,0,16,26.79000
26.3300,877,7,30,0.03000,FR,0,8,26.55000
26.3300,877,7,30,0.03000,FR,1,38,27.45000
26.3300,877,7,30,0.03000,BR,0,1,26.34000
26.3300,877,7,30,0.03000,BR,1,31,27.24000
26.3400,878,8,30,0.03000,FL,0,22,27.00000
26.3400,878,8,30,0.03000,BL,0,15,26.79000
26.3400,878,8,30,0.03000,FR,0,7,26.55000
26.3400,878,8,30,0.03000,FR,1,37,27.45000
26.3400,878,8,30,0.03000,BR,0,30,27.24000
26.3520,878,8,30,0.03000,FL,0,22,27.00000
26.3520,878,8,30,0.03000,BL,0,15,26.79000
26.3520,878,8,30,0.03000,FR,0,7,26.55000
26.3520,878,8,30,0.03000,FR,1,37,27.45000
26.3520,878,8,30,0.03000,BR,0,30,27.24000
26.3620,878,8,30,0.03000,FL,0,22,27.00000
26.3620,878,8,30,0.03000,BL,0,15,26.79000
26.3620,878,8,30,0.03000,FR,0,7,26.55000
26.3620,878,8,30,0.03000,FR,1,37,27.45000
26.3620,878,8,30,0.03000,BR,0,30,27.24000
26.3720,879,9,30,0.03000,FL,0,21,27.00000
26.3720,879,9,30,0.03000,BL,0,14,26.79000
26.3720,879,9,30,0.03000,FR,0,6,26.55000
26.3720,879,9,30,0.03000,FR,1,36,27.45000
26.3720,879,9,30,0.03000,BR,0,29,27.24000
26.3820,879,9,30,0.03000,FL,0,21,27.00000
26.3820,879,9,30,0.03000,BL,0,14,26.79000
26.3820,879,9,30,0.03000,FR,0,6,26.55000
26.3820,879,9,30,0.03000,FR,1,36,27.45000
26.3820,879,9,30,0.03000,BR,0,29,27.24000
26.3940,879,9,30,0.03000,FL,0,21,27.00000
26.3940,879,9,30,0.03000,BL,0,14,26.79000
26.3940,879,9,30,0.03000,FR,0,6,26.55000
26.3940,879,9,30,0.03000,FR,1,36,27.45000
26.3940,879,9,30,0.03000,BR,0,29,27.24000
26.4020,880,10,30,0.03000,FL,0,20,27.00000
26.4020,880,10,30,0.03000,BL,0,13,26.79000
26.4020,880,10,30,0.03000,FR,0,5,26.55000
26.4020,880,10,30,0.03000,FR,1,35,27.45000
26.4020,880,10,30,0.03000,BR,0,28,27.24000
26.4120,880,10,30,0.03000,FL,0,20,27.00000
26.4120,880,10,30,0.03000,BL,0,13,26.79000
26.4120,880,10,30,0.03000,FR,0,5,26.55000
26.4120,880,10,30,0.03000,FR,1,35,27.45000
26.4120,880,10,30,0.03000,BR,0,28,27.24000
26.4220,880,10,30,0.03000,FL,0,20,27.00000
26.4220,880,10,30,0.03000,BL,0,13,26.79000
26.4220,880,10,30,0.03000,FR,0,5,26.55000
26.4220,880,10,30,0.03000,FR,1,35,27.45000
26.4220,880,10,30,0.03000,BR,0,28,27.24000
26.4320,881,11,30,0.03000,FL,0,19,27.00000
26.4320,881,11,30,0.03000,BL,0,12,26.79000
26.4320,881,11,30,0.03000,FR,0,4,26.55000
26.4320,881,11,30,0.03000,FR,1,34,27.45000
26.4320,881,11,30,0.03000,BR,0,27,27.24000
26.4440,881,11,30,0.03000,FL,0,19,27.00000
26.4440,881,11,30,0.03000,BL,0,12,26.79000
26.4440,881,11,30,0.03000,FR,0,4,26.55000
26.4440,881,11,30,0.03000,FR,1,34,27.45000
26.4440,881,11,30,0.03000,BR,0,27,27.24000
26.4560,881,11,30,0.03000,FL,0,19,27.00000
26.4560,881,11,30,0.03000,BL,0,12,26.79000
26.4560,881,11,30,0.03000,FR,0,4,26.55000
26.4560,881,11,30,0.03000,FR,1,34,27.45000
26.4560,881,11,30,0.03000,BR,0,27,27.24000
26.4660,882,12,30,0.03000,FL,0,18,27.00000
26.4660,882,12,30,0.03000,BL,0,11,26.79000
26.4660,882,12,30,0.03000,FR,0,3,26.55000
26.4660,882,12,30,0.03000,FR,1,33,27.45000
26.4660,882,12,30,0.03000,BR,0,26,27.24000
26.4760,882,12,30,0.03000,FL,0,18,27.00000
26.4760,882,12,30,0.03000,BL,0,11,26.79000
26.4760,882,12,30,0.03000,FR,0,3,26.55000
26.4760,882,12,30,0.03000,FR,1,33,27.45000
26.4760,882,12,30,0.03000,BR,0,26,27.24000
26.4860,882,12,30,0.03000,FL,0,18,27.00000
26.4860,882,12,30,0.03000,BL,0,11,26.79000
26.4860,882,12,30,0.03000,FR,0,3,26.55000
26.4860,882,12,30,0.03000,FR,1,33,27.45000
26.4860,882,12,30,0.03000,BR,0,26,27.24000
26.4960,883,13,30,0.03000,FL,0,17,27.00000
26.4960,883,13,30,0.03000,BL,0,10,26.79000
26.4960,883,13,30,0.03000,FR,0,2,26.55000
26.4960,883,13,30,0.03000,FR,1,32,27.45000
26.4960,883,13,30,0.03000,BR,0,25,27.24000
26.5060,883,13,30,0.03000,FL,0,17,27.00000
26.5060,883,13,30,0.03000,BL,0,10,26.79000
26.5060,883,13,30,0.03000,FR,0,2,26.55000
26.5060,883,13,30,0.03000,FR,1,32,27.45000
26.5060,883,13,30,0.03000,BR,0,25,27.24000
26.5180,883,13,30,0.03000,FL,0,17,27.00000
26.5180,883,13,30,0.03000,BL,0,10,26.79000
26.5180,883,13,30,0.03000,FR,0,2,26.55000
26.5180,883,13,30,0.03000,FR,1,32,27.45000
26.5180,883,13,30,0.03000,BR,0,25,27.24000
26.5280,884,14,30,0.03000,FL,0,16,27.00000
26.5280,884,14,30,0.03000,BL,0,9,26.79000
26.5280,884,14,30,0.03000,BL,1,39,27.69000
26.5280,884,14,30,0.03000,FR,0,1,26.55000
26.5280,884,14,30,0.03000,FR,1,31,27.45000
26.5280,884,14,30,0.03000,BR,0,24,27.24000
26.5400,884,14,30,0.03000,FL,0,16,27.00000
26.5400,884,14,30,0.03000,BL,0,9,26.79000
26.5400,884,14,30,0.03000,BL,1,39,27.69000
26.5400,884,14,30,0.03000,FR,0,1,26.55000
26.5400,884,14,30,0.03000,FR,1,31,27.45000
26.5400,884,14,30,0.03000,BR,0,24,27.24000
26.5500,885,15,30,0.03000,FL,0,15,27.00000
26.5500,885,15,30,0.03000,BL,0,8,26.79000
26.5500,885,15,30,0.03000,BL,1,38,27.69000
26.5500,885,15,30,0.03000,FR,0,30,27.45000
26.5500,885,15,30,0.03000,BR,0,23,27.24000
26.5740,885,15,30,0.03000,FL,0,15,27.00000
26.5740,885,15,30,0.03000,BL,0,8,26.79000
26.5740,885,15,30,0.03000,BL,1,38,27.69000
26.5740,885,15,30,0.03000,FR,0,30,27.45000
26.5740,885,15,30,0.03000,BR,0,23,27.24000
26.5880,886,16,30,0.03000,FL,0,14,27.00000
26.5880,886,16,30,0.03000,BL,0,7,26.79000
26.5880,886,16,30,0.03000,BL,1,37,27.69000
26.5880,886,16,30,0.03000,FR,0,29,27.45000
26.5880,886,16,30,0.03000,BR,0,22,27.24000
26.6000,886,16,30,0.03000,FL,0,14,27.00000
26.6000,886,16,30,0.03000,BL,0,7,26.79000
26.6000,886,16,30,0.03000,BL,1,37,27.69000
26.6000,886,16,30,0.03000,FR,0,29,27.45000
26.6000,886,16,30,0.03000,BR,0,22,27.24000
26.6080,886,16,30,0.03000,FL,0,14,27.00000
26.6080,886,16,30,0.03000,BL,0,7,26.79000
26.6080,886,16,30,0.03000,BL,1,37,27.69000
26.6080,886,16,30,0.03000,FR,0,29,27.45000
26.6080,886,16,30,0.03000,BR,0,22,27.24000
26.6180,887,17,30,0.03000,FL,0,13,27.00000
26.6180,887,17,30,0.03000,BL,0,6,26.79000
26.6180,887,17,30,0.03000,BL,1,36,27.69000
26.6180,887,17,30,0.03000,FR,0,28,27.45000
26.6180,887,17,30,0.03000,BR,0,21,27.24000
26.6280,887,17,30,0.03000,FL,0,13,27.00000
26.6280,887,17,30,0.03000,BL,0,6,26.79000
26.6280,887,17,30,0.03000,BL,1,36,27.69000
26.6280,887,17,30,0.03000,FR,0,28,27.45000
26.6280,887,17,30,0.03000,BR,0,21,27.24000
26.6380,887,17,30,0.03000,FL,0,13,27.00000
26.6380,887,17,30,0.03000,BL,0,6,26.79000
26.6380,887,17,30,0.03000,BL,1,36,27.69000
26.6380,887,17,30,0.03000,FR,0,28,27.45000
26.6380,887,17,30,0.03000,BR,0,21,27.24000
26.6480,888,18,30,0.03000,FL,0,12,27.00000
26.6480,888,18,30,0.03000,BL,0,5,26.79000
26.6480,888,18,30,0.03000,BL,1,35,27.69000
26.6480,888,18,30,0.03000,FR,0,27,27.45000
26.6480,888,18,30,0.03000,BR,0,20,27.24000
26.6600,888,18,30,0.03000,FL,0,12,27.00000
26.6600,888,18,30,0.03000,BL,0,5,26.79000
26.6600,888,18,30,0.03000,BL,1,35,27.69000
26.6600,888,18,30,0.03000,FR,0,27,27.45000
26.6600,888,18,30,0.03000,BR,0,20,27.24000
26.6700,889,19,30,0.03000,FL,0,11,27.00000
26.6700,889,19,30,0.03000,BL,0,4,26.79000
26.6700,889,19,30,0.03000,BL,1,34,27.69000
26.6700,889,19,30,0.03000,FR,0,26,27.45000
26.6700,889,19,30,0.03000,BR,0,19,27.24000
26.6800,889,19,30,0.03000,FL,0,11,27.00000
26.6800,889,19,30,0.03000,BL,0,4,26.79000
26.6800,889,19,30,0.03000,BL,1,34,27.69000
26.6800,889,19,30,0.03000,FR,0,26,27.45000
26.6800,889,19,30,0.03000,BR,0,19,27.24000
26.6920,889,19,30,0.03000,FL,0,11,27.00000
26.6920,889,19,30,0.03000,BL,0,4,26.79000
26.6920,889,19,30,0.03000,BL,1,34,27.69000
26.6920,889,19,30,0.03000,FR,0,26,27.45000
26.6920,889,19,30,0.03000,BR,0,19,27.24000
26.7020,890,20,30,0.03000,FL,0,10,27.00000
26.7020,890,20,30,0.03000,BL,0,3,26.79000
26.7020,890,20,30,0.03000,BL,1,33,27.69000
26.7020,890,20,30,0.03000,FR,0,25,27.45000
26.7020,890,20,30,0.03000,BR,0,18,27.24000
26.7120,890,20,30,0.03000,FL,0,10,27.00000
26.7120,890,20,30,0.03000,BL,0,3,26.79000
26.7120,890,20,30,0.03000,BL,1,33,27.69000
26.7120,890,20,30,0.03000,FR,0,25,27.45000
26.7120,890,20,30,0.03000,BR,0,18,27.24000
26.7220,890,20,30,0.03000,FL,0,10,27.00000
26.7220,890,20,30,0.03000,BL,0,3,26.79000
26.7220,890,20,30,0.03000,BL,1,33,27.69000
26.7220,890,20,30,0.03000,FR,0,25,27.45000
26.7220,890,20,30,0.03000,BR,0,18,27.24000
26.7320,891,21,30,0.03000,FL,0,9,27.00000
26.7320,891,21,30,0.03000,FL,1,39,27.90000
26.7320,891,21,30,0.03000,BL,0,2,26.79000
26.7320,891,21,30,0.03000,BL,1,32,27.69000
26.7320,891,21,30,0.03000,FR,0,24,27.45000
26.7320,891,21,30,0.03000,BR,0,17,27.24000
26.7420,891,21,30,0.03000,FL,0,9,27.00000
26.7420,891,21,30,0.03000,FL,1,39,27.90000
26.7420,891,21,30,0.03000,BL,0,2,26.79000
26.7420,891,21,30,0.03000,BL,1,32,27.69000
26.7420,891,21,30,0.03000,FR,0,24,27.45000
26.7420,891,21,30,0.03000,BR,0,17,27.24000
26.7500,891,21,30,0.03000,FL,0,9,27.00000
26.7500,891,21,30,0.03000,FL,1,39,27.90000
26.7500,891,21,30,0.03000,BL,0,2,26.79000
26.7500,891,21,30,0.03000,BL,1,32,27.69000
26.7500,891,21,30,0.03000,FR,0,24,27.45000
26.7500,891,21,30,0.03000,BR,0,17,27.24000
26.7620,892,22,30,0.03000,FL,0,8,27.00000
26.7620,892,22,30,0.03000,FL,1,38,27.90000
26.7620,892,22,30,0.03000,BL,0,1,26.79000
26.7620,892,22,30,0.03000,BL,1,31,27.69000
26.7620,892,22,30,0.03000,FR,0,23,27.45000
26.7620,892,22,30,0.03000,BR,0,16,27.24000
26.7820,892,22,30,0.03000,FL,0,8,27.00000
26.7820,892,22,30,0.03000,FL,1,38,27.90000
26.7820,892,22,30,0.03000,BL,0,1,26.79000
26.7820,892,22,30,0.03000,BL,1,31,27.69000
26.7820,892,22,30,0.03000,FR,0,23,27.45000
26.7820,892,22,30,0.03000,BR,0,16,27.24000
26.7900,893,23,30,0.03000,FL,0,7,27.00000
26.7900,893,23,30,0.03000,FL,1,37,27.90000
26.7900,893,23,30,0.03000,BL,0,30,27.69000
26.7900,893,23,30,0.03000,FR,0,22,27.45000
26.7900,893,23,30,0.03000,BR,0,15,27.24000
26.8020,893,23,30,0.03000,FL,0,7,27.00000
26.8020,893,23,30,0.03000,FL,1,37,27.90000
26.8020,893,23,30,0.03000,BL,0,30,27.69000
26.8020,893,23,30,0.03000,FR,0,22,27.45000
26.8020,893,23,30,0.03000,BR,0,15,27.24000
26.8100,893,23,30,0.03000,FL,0,7,27.00000
26.8100,893,23,30,0.03000,FL,1,37,27.90000
26.8100,893,23,30,0.03000,BL,0,30,27.69000
26.8100,893,23,30,0.03000,FR,0,22,27.45000
26.8100,893,23,30,0.03000,BR,0,15,27.24000
26.8200,894,24,30,0.03000,FL,0,6,27.00000
26.8200,894,24,30,0.03000,FL,1,36,27.90000
26.8200,894,24,30,0.03000,BL,0,29,27.69000
26.8200,894,24,30,0.03000,FR,0,21,27.45000
26.8200,894,24,30,0.03000,BR,0,14,27.24000
26.8320,894,24,30,0.03000,FL,0,6,27.00000
26.8320,894,24,30,0.03000,FL,1,36,27.90000
26.8320,894,24,30,0.03000,BL,0,29,27.69000
26.8320,894,24,30,0.03000,FR,0,21,27.45000
26.8320,894,24,30,0.03000,BR,0,14,27.24000
26.8440,894,24,30,0.03000,FL,0,6,27.00000
26.8440,894,24,30,0.03000,FL,1,36,27.90000
26.8440,894,24,30,0.03000,BL,0,29,27.69000
26.8440,894,24,30,0.03000,FR,0,21,27.45000
26.8440,894,24,30,0.03000,BR,0,14,27.24000
26.8520,895,25,30,0.03000,FL,0,5,27.00000
26.8520,895,25,30,0.03000,FL,1,35,27.90000
26.8520,895,25,30,0.03000,BL,0,28,27.69000
26.8520,895,25,30,0.03000,FR,0,20,27.45000
26.8520,895,25,30,0.03000,BR,0,13,27.24000
26.8640,895,25,30,0.03000,FL,0,5,27.00000
26.8640,895,25,30,0.03000,FL,1,35,27.90000
26.8640,895,25,30,0.03000,BL,0,28,27.69000
26.8640,895,25,30,0.03000,FR,0,20,27.45000
26.8640,895,25,30,0.03000,BR,0,13,27.24000
26.8740,895,25,30,0.03000,FL,0,5,27.00000
26.8740,895,25,30,0.03000,FL,1,35,27.90000
26.8740,895,25,30,0.03000,BL,0,28,27.69000
26.8740,895,25,30,0.03000,FR,0,20,27.45000
26.8740,895,25,30,0.03000,BR,0,13,27.24000
26.8860,896,26,30,0.03000,FL,0,4,27.00000
26.8860,896,26,30,0.03000,FL,1,34,27.90000
26.8860,896,26,30,0.03000,BL,0,27,27.69000
26.8860,896,26,30,0.03000,FR,0,19,27.45000
26.8860,896,26,30,0.03000,BR,0,12,27.24000
26.8980,896,26,30,0.03000,FL,0,4,27.00000
26.8980,896,26,30,0.03000,FL,1,34,27.90000
26.8980,896,26,30,0.03000,BL,0,27,27.69000
26.8980,896,26,30,0.03000,FR,0,19,27.45000
26.8980,896,26,30,0.03000,BR,0,12,27.24000
26.9080,896,26,30,0.03000,FL,0,4,27.00000
26.9080,896,26,30,0.03000,FL,1,34,27.90000
26.9080,896,26,30,0.03000,BL,0,27,27.69000
26.9080,896,26,30,0.03000,FR,0,19,27.45000
26.9080,896,26,30,0.03000,BR,0,12,27.24000
26.9220,897,27,30,0.03000,FL,0,3,27.00000
26.9220,897,27,30,0.03000,FL,1,33,27.90000
26.9220,897,27,30,0.03000,BL,0,26,27.69000
26.9220,897,27,30,0.03000,FR,0,18,27.45000
26.9220,897,27,30,0.03000,BR,0,11,27.24000
26.9320,897,27,30,0.03000,FL,0,3,27.00000
26.9320,897,27,30,0.03000,FL,1,33,27.90000
26.9320,897,27,30,0.03000,BL,0,26,27.69000
26.9320,897,27,30,0.03000,FR,0,18,27.45000
26.9320,897,27,30,0.03000,BR,0,11,27.24000
26.9480,898,28,30,0.03000,FL,0,2,27.00000
26.9480,898,28,30,0.03000,FL,1,32,27.90000
26.9480,898,28,30,0.03000,BL,0,25,27.69000
26.9480,898,28,30,0.03000,FR,0,17,27.45000
26.9480,898,28,30,0.03000,BR,0,10,27.24000
26.9660,898,28,30,0.03000,FL,0,2,27.00000
26.9660,898,28,30,0.03000,FL,1,32,27.90000
26.9660,898,28,30,0.03000,BL,0,25,27.69000
26.9660,898,28,30,0.03000,FR,0,17,27.45000
26.9660,898,28,30,0.03000,BR,0,10,27.24000
26.9780,899,29,30,0.03000,FL,0,1,27.00000
26.9780,899,29,30,0.03000,FL,1,31,27.90000
26.9780,899,29,30,0.03000,BL,0,24,27.69000
26.9780,899,29,30,0.03000,FR,0,16,27.45000
26.9780,899,29,30,0.03000,BR,0,9,27.24000
26.9780,899,29,30,0.03000,BR,1,39,28.14000
26.9920,899,29,30,0.03000,FL,0,1,27.00000
26.9920,899,29,30,0.03000,FL,1,31,27.90000
26.9920,899,29,30,0.03000,BL,0,24,27.69000
26.9920,899,29,30,0.03000,FR,0,16,27.45000
26.9920,899,29,30,0.03000,BR,0,9,27.24000
26.9920,899,29,30,0.03000,BR,1,39,28.14000
27.0040,900,0,30,0.03000,FL,0,30,27.90000
27.0040,900,0,30,0.03000,BL,0,23,27.69000
27.0040,900,0,30,0.03000,FR,0,15,27.45000
27.0040,900,0,30,0.03000,BR,0,8,27.24000
27.0040,900,0,30,0.03000,BR,1,38,28.14000
27.0240,900,0,30,0.03000,FL,0,30,27.90000
27.0240,900,0,30,0.03000,BL,0,23,27.69000
27.0240,900,0,30,0.03000,FR,0,15,27.45000
27.0240,900,0,30,0.03000,BR,0,8,27.24000
27.0240,900,0,30,0.03000,BR,1,38,28.14000
27.0340,901,1,30,0.03000,FL,0,29,27.90000
27.0340,901,1,30,0.03000,BL,0,22,27.69000
27.0340,901,1,30,0.03000,FR,0,14,27.45000
27.0340,901,1,30,0.03000,BR,0,7,27.24000
27.0340,901,1,30,0.03000,BR,1,37,28.14000
27.0440,901,1,30,0.03000,FL,0,29,27.90000
27.0440,901,1,30,0.03000,BL,0,22,27.69000
27.0440,901,1,30,0.03000,FR,0,14,27.45000
27.0440,901,1,30,0.03000,BR,0,7,27.24000
27.0440,901,1,30,0.03000,BR,1,37,28.14000
27.0540,901,1,30,0.03000,FL,0,29,27.90000
27.0540,901,1,30,0.03000,BL,0,22,27.69000
27.0540,901,1,30,0.03000,FR,0,14,27.45000
27.0540,901,1,30,0.03000,BR,0,7,27.24000
27.0540,901,1,30,0.03000,BR,1,37,28.14000
27.0640,902,2,30,0.03000,FL,0,28,27.90000
27.0640,902,2,30,0.03000,BL,0,21,27.69000
27.0640,902,2,30,0.03000,FR,0,13,27.45000
27.0640,902,2,30,0.03000,BR,0,6,27.24000
27.0640,902,2,30,0.03000,BR,1,36,28.14000
27.0740,902,2,30,0.03000,FL,0,28,27.90000
27.0740,902,2,30,0.03000,BL,0,21,27.69000
27.0740,902,2,30,0.03000,FR,0,13,27.45000
27.0740,902,2,30,0.03000,BR,0,6,27.24000
27.0740,902,2,30,0.03000,BR,1,36,28.14000
27.0840,902,2,30,0.03000,FL,0,28,27.90000
27.0840,902,2,30,0.03000,BL,0,21,27.69000
27.0840,902,2,30,0.03000,FR,0,13,27.45000
27.0840,902,2,30,0.03000,BR,0,6,27.24000
27.0840,902,2,30,0.03000,BR,1,36,28.14000
27.0920,903,3,30,0.03000,FL,0,27,27.90000
27.0920,903,3,30,0.03000,BL,0,20,27.69000
27.0920,903,3,30,0.03000,FR,0,12,27.45000
27.0920,903,3,30,0.03000,BR,0,5,27.24000
27.0920,903,3,30,0.03000,BR,1,35,28.14000
27.1020,903,3,30,0.03000,FL,0,27,27.90000
27.1020,903,3,30,0.03000,BL,0,20,27.69000
27.1020,903,3,30,0.03000,FR,0,12,27.45000
27.1020,903,3,30,0.03000,BR,0,5,27.24000
27.1020,903,3,30,0.03000,BR,1,35,28.14000
27.1120,903,3,30,0.03000,FL,0,27,27.90000
27.1120,903,3,30,0.03000,BL,0,20,27.69000
27.1120,903,3,30,0.03000,FR,0,12,27.45000
27.1120,903,3,30,0.03000,BR,0,5,27.24000
27.1120,903,3,30,0.03000,BR,1,35,28.14000
27.1220,904,4,30,0.03000,FL,0,26,27.90000
27.1220,904,4,30,0.03000,BL,0,19,27.69000
27.1220,904,4,30,0.03000,FR,0,11,27.45000
27.1220,904,4,30,0.03000,BR,0,4,27.24000
27.1220,904,4,30,0.03000,BR,1,34,28.14000
27.1320,904,4,30,0.03000,FL,0,26,27.90000
27.1320,904,4,30,0.03000,BL,0,19,27.69000
27.1320,904,4,30,0.03000,FR,0,11,27.45000
27.1320,904,4,30,0.03000,BR,0,4,27.24000
27.1320,904,4,30,0.03000,BR,1,34,28.14000
27.1420,904,4,30,0.03000,FL,0,26,27.90000
27.1420,904,4,30,0.03000,BL,0,19,27.69000
27.1420,904,4,30,0.03000,FR,0,11,27.45000
27.1420,904,4,30,0.03000,BR,0,4,27.24000
27.1420,904,4,30,0.03000,BR,1,34,28.14000
27.1520,905,5,30,0.03000,FL,0,25,27.90000
27.1520,905,5,30,0.03000,BL,0,18,27.69000
27.1520,905,5,30,0.03000,FR,0,10,27.45000
27.1520,905,5,30,0.03000,BR,0,3,27.24000
27.1520,905,5,30,0.03000,BR,1,33,28.14000
27.1620,905,5,30,0.03000,FL,0,25,27.90000
27.1620,905,5,30,0.03000,BL,0,18,27.69000
27.1620,905,5,30,0.03000,FR,0,10,27.45000
27.1620,905,5,30,0.03000,BR,0,3,27.24000
27.1620,905,5,30,0.03000,BR,1,33,28.14000
27.1700,905,5,30,0.03000,FL,0,25,27.90000
27.1700,905,5,30,0.03000,BL,0,18,27.69000
27.1700,905,5,30,0.03000,FR,0,10,27.45000
27.1700,905,5,30,0.03000,BR,0,3,27.24000
27.1700,905,5,30,0.03000,BR,1,33,28.14000
27.1820,906,6,30,0.03000,FL,0,24,27.90000
27.1820,906,6,30,0.03000,BL,0,17,27.69000
27.1820,906,6,30,0.03000,FR,0,9,27.45000
27.1820,906,6,30,0.03000,FR,1,39,28.35000
27.1820,906,6,30,0.03000,BR,0,2,27.24000
27.1820,906,6,30,0.03000,BR,1,32,28.14000
27.1920,906,6,30,0.03000,FL,0,24,27.90000
27.1920,906,6,30,0.03000,BL,0,17,27.69000
27.1920,906,6,30,0.03000,FR,0,9,27.45000
27.1920,906,6,30,0.03000,FR,1,39,28.35000
27.1920,906,6,30,0.03000,BR,0,2,27.24000
27.1920,906,6,30,0.03000,BR,1,32,28.14000
27.2020,906,6,30,0.03000,FL,0,24,27.90000
27.2020,906,6,30,0.03000,BL,0,17,27.69000
27.2020,906,6,30,0.03000,FR,0,9,27.45000
27.2020,906,6,30,0.03000,FR,1,39,28.35000
27.2020,906,6,30,0.03000,BR,0,2,27.24000
27.2020,906,6,30,0.03000,BR,1,32,28.14000
27.2120,907,7,30,0.03000,FL,0,23,27.90000
27.2120,907,7,30,0.03000,BL,0,16,27.69000
27.2120,907,7,30,0.03000,FR,0,8,27.45000
27.2120,907,7,30,0.03000,FR,1,38,28.35000
27.2120,907,7,30,0.03000,BR,0,1,27.24000
27.2120,907,7,30,0.03000,BR,1,31,28.14000
27.2320,907,7,30,0.03000,FL,0,23,27.90000
27.2320,907,7,30,0.03000,BL,0,16,27.69000
27.2320,907,7,30,0.03000,FR,0,8,27.45000
27.2320,907,7,30,0.03000,FR,1,38,28.35000
27.2320,907,7,30,0.03000,BR,0,1,27.24000
27.2320,907,7,30,0.03000,BR,1,31,28.14000
27.2400,908,8,30,0.03000,FL,0,22,27.90000
27.2400,908,8,30,0.03000,BL,0,15,27.69000
27.2400,908,8,30,0.03000,FR,0,7,27.45000
27.2400,908,8,30,0.03000,FR,1,37,28.35000
27.2400,908,8,30,0.03000,BR,0,30,28.14000
27.2520,908,8,30,0.03000,FL,0,22,27.90000
27.2520,908,8,30,0.03000,BL,0,15,27.69000
27.2520,908,8,30,0.03000,FR,0,7,27.45000
27.2520,908,8,30,0.03000,FR,1,37,28.35000
27.2520,908,8,30,0.03000,BR,0,30,28.14000
27.2600,908,8,30,0.03000,FL,0,22,27.90000
27.2600,908,8,30,0.03000,BL,0,15,27.69000
27.2600,908,8,30,0.03000,FR,0,7,27.45000
27.2600,908,8,30,0.03000,FR,1,37,28.35000
27.2600,908,8,30,0.03000,BR,0,30,28.14000
27.2700,909,9,30,0.03000,FL,0,21,27.90000
27.2700,909,9,30,0.03000,BL,0,14,27.69000
27.2700,909,9,30,0.03000,FR,0,6,27.45000
27.2700,909,9,30,0.03000,FR,1,36,28.35000
27.2700,909,9,30,0.03000,BR,0,29,28.14000
27.2800,909,9,30,0.03000,FL,0,21,27.90000
27.2800,909,9,30,0.03000,BL,0,14,27.69000
27.2800,909,9,30,0.03000,FR,0,6,27.45000
27.2800,909,9,30,0.03000,FR,1,36,28.35000
27.2800,909,9,30,0.03000,BR,0,29,28.14000
27.2900,909,9,30,0.03000,FL,0,21,27.90000
27.2900,909,9,30,0.03000,BL,0,14,27.69000
27.2900,909,9,30,0.03000,FR,0,6,27.45000
27.2900,909,9,30,0.03000,FR,1,36,28.35000
27.2900,909,9,30,0.03000,BR,0,29,28.14000
27.3000,910,10,30,0.03000,FL,0,20,27.90000
27.3000,910,10,30,0.03000,BL,0,13,27.69000
27.3000,910,10,30,0.03000,FR,0,5,27.45000
27.3000,910,10,30,0.03000,FR,1,35,28.35000
27.3000,910,10,30,0.03000,BR,0,28,28.14000
27.3080,910,10,30,0.03000,FL,0,20,27.90000
27.3080,910,10,30,0.03000,BL,0,13,27.69000
27.3080,910,10,30,0.03000,FR,0,5,27.45000
27.3080,910,10,30,0.03000,FR,1,35,28.35000
27.3080,910,10,30,0.03000,BR,0,28,28.14000
27.3200,910,10,30,0.03000,FL,0,20,27.90000
27.3200,910,10,30,0.03000,BL,0,13,27.69000
27.3200,910,10,30,0.03000,FR,0,5,27.45000
27.3200,910,10,30,0.03000,FR,1,35,28.35000
27.3200,910,10,30,0.03000,BR,0,28,28.14000
27.3280,910,10,30,0.03000,FL,0,20,27.90000
27.3280,910,10,30,0.03000,BL,0,13,27.69000
27.3280,910,10,30,0.03000,FR,0,5,27.45000
27.3280,910,10,30,0.03000,FR,1,35,28.35000
27.3280,910,10,30,0.03000,BR,0,28,28.14000
27.3380,911,11,30,0.03000,FL,0,19,27.90000
27.3380,911,11,30,0.03000,BL,0,12,27.69000
27.3380,911,11,30,0.03000,FR,0,4,27.45000
27.3380,911,11,30,0.03000,FR,1,34,28.35000
27.3380,911,11,30,0.03000,BR,0,27,28.14000
27.3480,911,11,30,0.03000,FL,0,19,27.90000
27.3480,911,11,30,0.03000,BL,0,12,27.69000
27.3480,911,11,30,0.03000,FR,0,4,27.45000
27.3480,911,11,30,0.03000,FR,1,34,28.35000
27.3480,911,11,30,0.03000,BR,0,27,28.14000
27.3580,911,11,30,0.03000,FL,0,19,27.90000
27.3580,911,11,30,0.03000,BL,0,12,27.69000
27.3580,911,11,30,0.03000,FR,0,4,27.45000
27.3580,911,11,30,0.03000,FR,1,34,28.35000
27.3580,911,11,30,0.03000,BR,0,27,28.14000
27.3680,912,12,30,0.03000,FL,0,18,27.90000
27.3680,912,12,30,0.03000,BL,0,11,27.69000
27.3680,912,12,30,0.03000,FR,0,3,27.45000
27.3680,912,12,30,0.03000,FR,1,33,28.35000
27.3680,912,12,30,0.03000,BR,0,26,28.14000
27.3760,912,12,30,0.03000,FL,0,18,27.90000
27.3760,912,12,30,0.03000,BL,0,11,27.69000
27.3760,912,12,30,0.03000,FR,0,3,27.45000
27.3760,912,12,30,0.03000,FR,1,33,28.35000
27.3760,912,12,30,0.03000,BR,0,26,28.14000
27.3860,912,12,30,0.03000,FL,0,18,27.90000
27.3860,912,12,30,0.03000,BL,0,11,27.69000
27.3860,912,12,30,0.03000,FR,0,3,27.45000
27.3860,912,12,30,0.03000,FR,1,33,28.35000
27.3860,912,12,30,0.03000,BR,0,26,28.14000
27.3960,913,13,30,0.03000,FL,0,17,27.90000
27.3960,913,13,30,0.03000,BL,0,10,27.69000
27.3960,913,13,30,0.03000,FR,0,2,27.45000
27.3960,913,13,30,0.03000,FR,1,32,28.35000
27.3960,913,13,30,0.03000,BR,0,25,28.14000
27.4040,913,13,30,0.03000,FL,0,17,27.90000
27.4040,913,13,30,0.03000,BL,0,10,27.69000
27.4040,913,13,30,0.03000,FR,0,2,27.45000
27.4040,913,13,30,0.03000,FR,1,32,28.35000
27.4040,913,13,30,0.03000,BR,0,25,28.14000
27.4160,913,13,30,0.03000,FL,0,17,27.90000
27.4160,913,13,30,0.03000,BL,0,10,27.69000
27.4160,913,13,30,0.03000,FR,0,2,27.45000
27.4160,913,13,30,0.03000,FR,1,32,28.35000
27.4160,913,13,30,0.03000,BR,0,25,28.14000
27.4240,914,14,30,0.03000,FL,0,16,27.90000
27.4240,914,14,30,0.03000,BL,0,9,27.69000
27.4240,914,14,30,0.03000,BL,1,39,28.59000
27.4240,914,14,30,0.03000,FR,0,1,27.45000
27.4240,914,14,30,0.03000,FR,1,31,28.35000
27.4240,914,14,30,0.03000,BR,0,24,28.14000
27.4340,914,14,30,0.03000,FL,0,16,27.90000
27.4340,914,14,30,0.03000,BL,0,9,27.69000
27.4340,914,14,30,0.03000,BL,1,39,28.59000
27.4340,914,14,30,0.03000,FR,0,1,27.45000
27.4340,914,14,30,0.03000,FR,1,31,28.35000
27.4340,914,14,30,0.03000,BR,0,24,28.14000
27.4440,914,14,30,0.03000,FL,0,16,27.90000
27.4440,914,14,30,0.03000,BL,0,9,27.69000
27.4440,914,14,30,0.03000,BL,1,39,28.59000
27.4440,914,14,30,0.03000,FR,0,1,27.45000
27.4440,914,14,30,0.03000,FR,1,31,28.35000
27.4440,914,14,30,0.03000,BR,0,24,28.14000
27.4540,915,15,30,0.03000,FL,0,15,27.90000
27.4540,915,15,30,0.03000,BL,0,8,27.69000
27.4540,915,15,30,0.03000,BL,1,38,28.59000
27.4540,915,15,30,0.03000,FR,0,30,28.35000
27.4540,915,15,30,0.03000,BR,0,23,28.14000
27.4720,915,15,30,0.03000,FL,0,15,27.90000
27.4720,915,15,30,0.03000,BL,0,8,27.69000
27.4720,915,15,30,0.03000,BL,1,38,28.59000
27.4720,915,15,30,0.03000,FR,0,30,28.35000
27.4720,915,15,30,0.03000,BR,0,23,28.14000
27.4860,916,16,30,0.03000,FL,0,14,27.90000
27.4860,916,16,30,0.03000,BL,0,7,27.69000
27.4860,916,16,30,0.03000,BL,1,37,28.59000
27.4860,916,16,30,0.03000,FR,0,29,28.35000
27.4860,916,16,30,0.03000,BR,0,22,28.14000
27.4940,916,16,30,0.03000,FL,0,14,27.90000
27.4940,916,16,30,0.03000,BL,0,7,27.69000
27.4940,916,16,30,0.03000,BL,1,37,28.59000
27.4940,916,16,30,0.03000,FR,0,29,28.35000
27.4940,916,16,30,0.03000,BR,0,22,28.14000
27.5040,916,16,30,0.03000,FL,0,14,27.90000
27.5060,916,16,30,0.03000,BL,0,7,27.69000
27.5060,916,16,30,0.03000,BL,1,37,28.59000
27.5060,916,16,30,0.03000,FR,0,29,28.35000
27.5060,916,16,30,0.03000,BR,0,22,28.14000
27.5140,917,17,30,0.03000,FL,0,13,27.90000
27.5140,917,17,30,0.03000,BL,0,6,27.69000
27.5140,917,17,30,0.03000,BL,1,36,28.59000
27.5140,917,17,30,0.03000,FR,0,28,28.35000
27.5140,917,17,30,0.03000,BR,0,21,28.14000
27.5240,917,17,30,0.03000,FL,0,13,27.90000
27.5240,917,17,30,0.03000,BL,0,6,27.69000
27.5240,917,17,30,0.03000,BL,1,36,28.59000
27.5240,917,17,30,0.03000,FR,0,28,28.35000
27.5240,917,17,30,0.03000,BR,0,21,28.14000
27.5340,917,17,30,0.03000,FL,0,13,27.90000
27.5340,917,17,30,0.03000,BL,0,6,27.69000
27.5340,917,17,30,0.03000,BL,1,36,28.59000
27.5340,917,17,30,0.03000,FR,0,28,28.35000
27.5340,917,17,30,0.03000,BR,0,21,28.14000
27.5440,918,18,30,0.03000,FL,0,12,27.90000
27.5440,918,18,30,0.03000,BL,0,5,27.69000
27.5440,918,18,30,0.03000,BL,1,35,28.59000
27.5440,918,18,30,0.03000,FR,0,27,28.35000
27.5440,918,18,30,0.03000,BR,0,20,28.14000
27.5520,918,18,30,0.03000,FL,0,12,27.90000
27.5520,918,18,30,0.03000,BL,0,5,27.69000
27.5520,918,18,30,0.03000,BL,1,35,28.59000
27.5520,918,18,30,0.03000,FR,0,27,28.35000
27.5520,918,18,30,0.03000,BR,0,20,28.14000
27.5620,918,18,30,0.03000,FL,0,12,27.90000
27.5620,918,18,30,0.03000,BL,0,5,27.69000
27.5620,918,18,30,0.03000,BL,1,35,28.59000
27.5620,918,18,30,0.03000,FR,0,27,28.35000
27.5620,918,18,30,0.03000,BR,0,20,28.14000
27.5700,919,19,30,0.03000,FL,0,11,27.90000
27.5700,919,19,30,0.03000,BL,0,4,27.69000
27.5700,919,19,30,0.03000,BL,1,34,28.59000
27.5700,919,19,30,0.03000,FR,0,26,28.35000
27.5700,919,19,30,0.03000,BR,0,19,28.14000
27.5800,919,19,30,0.03000,FL,0,11,27.90000
27.5800,919,19,30,0.03000,BL,0,4,27.69000
27.5800,919,19,30,0.03000,BL,1,34,28.59000
27.5800,919,19,30,0.03000,FR,0,26,28.35000
27.5800,919,19,30,0.03000,BR,0,19,28.14000
27.5900,919,19,30,0.03000,FL,0,11,27.90000
27.5900,919,19,30,0.03000,BL,0,4,27.69000
27.5900,919,19,30,0.03000,BL,1,34,28.59000
27.5900,919,19,30,0.03000,FR,0,26,28.35000
27.5900,919,19,30,0.03000,BR,0,19,28.14000
27.6000,920,20,30,0.03000,FL,0,10,27.90000
27.6000,920,20,30,0.03000,BL,0,3,27.69000
27.6000,920,20,30,0.03000,BL,1,33,28.59000
27.6000,920,20,30,0.03000,FR,0,25,28.35000
27.6000,920,20,30,0.03000,BR,0,18,28.14000
27.6100,920,20,30,0.03000,FL,0,10,27.90000
27.6100,920,20,30,0.03000,BL,0,3,27.69000
27.6100,920,20,30,0.03000,BL,1,33,28.59000
27.6100,920,20,30,0.03000,FR,0,25,28.35000
27.6100,920,20,30,0.03000,BR,0,18,28.14000
27.6180,920,20,30,0.03000,FL,0,10,27.90000
27.6180,920,20,30,0.03000,BL,0,3,27.69000
27.6180,920,20,30,0.03000,BL,1,33,28.59000
27.6180,920,20,30,0.03000,FR,0,25,28.35000
27.6180,920,20,30,0.03000,BR,0,18,28.14000
27.6300,921,21,30,0.03000,FL,0,9,27.90000
27.6300,921,21,30,0.03000,FL,1,39,28.80000
27.6300,921,21,30,0.03000,BL,0,2,27.69000
27.6300,921,21,30,0.03000,BL,1,32,28.59000
27.6300,921,21,30,0.03000,FR,0,24,28.35000
27.6300,921,21,30,0.03000,BR,0,17,28.14000
27.6380,921,21,30,0.03000,FL,0,9,27.90000
27.6380,921,21,30,0.03000,FL,1,39,28.80000
27.6380,921,21,30,0.03000,BL,0,2,27.69000
27.6380,921,21,30,0.03000,BL,1,32,28.59000
27.6380,921,21,30,0.03000,FR,0,24,28.35000
27.6380,921,21,30,0.03000,BR,0,17,28.14000
27.6500,921,21,30,0.03000,FL,0,9,27.90000
27.6500,921,21,30,0.03000,FL,1,39,28.80000
27.6500,921,21,30,0.03000,BL,0,2,27.69000
27.6500,921,21,30,0.03000,BL,1,32,28.59000
27.6500,921,21,30,0.03000,FR,0,24,28.35000
27.6500,921,21,30,0.03000,BR,0,17,28.14000
27.6580,921,21,30,0.03000,FL,0,9,27.90000
27.6580,921,21,30,0.03000,FL,1,39,28.80000
27.6580,921,21,30,0.03000,BL,0,2,27.69000
27.6580,921,21,30,0.03000,BL,1,32,28.59000
27.6580,921,21,30,0.03000,FR,0,24,28.35000
27.6580,921,21,30,0.03000,BR,0,17,28.14000
27.6680,922,22,30,0.03000,FL,0,8,27.90000
27.6680,922,22,30,0.03000,FL,1,38,28.80000
27.6680,922,22,30,0.03000,BL,0,1,27.69000
27.6680,922,22,30,0.03000,BL,1,31,28.59000
27.6680,922,22,30,0.03000,FR,0,23,28.35000
27.6680,922,22,30,0.03000,BR,0,16,28.14000
27.6880,922,22,30,0.03000,FL,0,8,27.90000
27.6880,922,22,30,0.03000,FL,1,38,28.80000
27.6880,922,22,30,0.03000,BL,0,1,27.69000
27.6880,922,22,30,0.03000,BL,1,31,28.59000
27.6880,922,22,30,0.03000,FR,0,23,28.35000
27.6880,922,22,30,0.03000,BR,0,16,28.14000
27.6980,923,23,30,0.03000,FL,0,7,27.90000
27.6980,923,23,30,0.03000,FL,1,37,28.80000
27.6980,923,23,30,0.03000,BL,0,30,28.59000
27.6980,923,23,30,0.03000,FR,0,22,28.35000
27.6980,923,23,30,0.03000,BR,0,15,28.14000
27.7080,923,23,30,0.03000,FL,0,7,27.90000
27.7080,923,23,30,0.03000,FL,1,37,28.80000
27.7080,923,23,30,0.03000,BL,0,30,28.59000
27.7080,923,23,30,0.03000,FR,0,22,28.35000
27.7080,923,23,30,0.03000,BR,0,15,28.14000
27.7180,923,23,30,0.03000,FL,0,7,27.90000
27.7180,923,23,30,0.03000,FL,1,37,28.80000
27.7180,923,23,30,0.03000,BL,0,30,28.59000
27.7180,923,23,30,0.03000,FR,0,22,28.35000
27.7180,923,23,30,0.03000,BR,0,15,28.14000
27.7280,924,24,30,0.03000,FL,0,6,27.90000
27.7280,924,24,30,0.03000,FL,1,36,28.80000
27.7280,924,24,30,0.03000,BL,0,29,28.59000
27.7280,924,24,30,0.03000,FR,0,21,28.35000
27.7280,924,24,30,0.03000,BR,0,14,28.14000
27.7380,924,24,30,0.03000,FL,0,6,27.90000
27.7380,924,24,30,0.03000,FL,1,36,28.80000
27.7380,924,24,30,0.03000,BL,0,29,28.59000
27.7380,924,24,30,0.03000,FR,0,21,28.35000
27.7380,924,24,30,0.03000,BR,0,14,28.14000
27.7480,924,24,30,0.03000,FL,0,6,27.90000
27.7480,924,24,30,0.03000,FL,1,36,28.80000
27.7480,924,24,30,0.03000,BL,0,29,28.59000
27.7480,924,24,30,0.03000,FR,0,21,28.35000
27.7480,924,24,30,0.03000,BR,0,14,28.14000
27.7580,925,25,30,0.03000,FL,0,5,27.90000
27.7580,925,25,30,0.03000,FL,1,35,28.80000
27.7580,925,25,30,0.03000,BL,0,28,28.59000
27.7580,925,25,30,0.03000,FR,0,20,28.35000
27.7580,925,25,30,0.03000,BR,0,13,28.14000
27.7680,925,25,30,0.03000,FL,0,5,27.90000
27.7680,925,25,30,0.03000,FL,1,35,28.80000
27.7680,925,25,30,0.03000,BL,0,28,28.59000
27.7680,925,25,30,0.03000,FR,0,20,28.35000
27.7680,925,25,30,0.03000,BR,0,13,28.14000
27.7780,925,25,30,0.03000,FL,0,5,27.90000
27.7780,925,25,30,0.03000,FL,1,35,28.80000
27.7780,925,25,30,0.03000,BL,0,28,28.59000
27.7780,925,25,30,0.03000,FR,0,20,28.35000
27.7780,925,25,30,0.03000,BR,0,13,28.14000
27.7900,926,26,30,0.03000,FL,0,4,27.90000
27.7900,926,26,30,0.03000,FL,1,34,28.80000
27.7900,926,26,30,0.03000,BL,0,27,28.59000
27.7900,926,26,30,0.03000,FR,0,19,28.35000
27.7900,926,26,30,0.03000,BR,0,12,28.14000
27.8020,926,26,30,0.03000,FL,0,4,27.90000
27.8020,926,26,30,0.03000,FL,1,34,28.80000
27.8020,926,26,30,0.03000,BL,0,27,28.59000
27.8020,926,26,30,0.03000,FR,0,19,28.35000
27.8020,926,26,30,0.03000,BR,0,12,28.14000
27.8320,927,27,30,0.03000,FL,0,3,27.90000
27.8320,927,27,30,0.03000,FL,1,33,28.80000
27.8320,927,27,30,0.03000,BL,0,26,28.59000
27.8320,927,27,30,0.03000,FR,0,18,28.35000
27.8320,927,27,30,0.03000,BR,0,11,28.14000
27.8580,928,28,30,0.03000,FL,0,2,27.90000
27.8580,928,28,30,0.03000,FL,1,32,28.80000
27.8580,928,28,30,0.03000,BL,0,25,28.59000
27.8580,928,28,30,0.03000,FR,0,17,28.35000
27.8580,928,28,30,0.03000,BR,0,10,28.14000
27.8680,928,28,30,0.03000,FL,0,2,27.90000
27.8680,928,28,30,0.03000,FL,1,32,28.80000
27.8680,928,28,30,0.03000,BL,0,25,28.59000
27.8680,928,28,30,0.03000,FR,0,17,28.35000
27.8680,928,28,30,0.03000,BR,0,10,28.14000
27.8800,929,29,30,0.03000,FL,0,1,27.90000
27.8800,929,29,30,0.03000,FL,1,31,28.80000
27.8800,929,29,30,0.03000,BL,0,24,28.59000
27.8800,929,29,30,0.03000,FR,0,16,28.35000
27.8800,929,29,30,0.03000,BR,0,9,28.14000
27.8800,929,29,30,0.03000,BR,1,39,29.04000
27.8880,929,29,30,0.03000,FL,0,1,27.90000
27.8880,929,29,30,0.03000,FL,1,31,28.80000
27.8880,929,29,30,0.03000,BL,0,24,28.59000
27.8880,929,29,30,0.03000,FR,0,16,28.35000
27.8880,929,29,30,0.03000,BR,0,9,28.14000
27.8880,929,29,30,0.03000,BR,1,39,29.04000
27.8980,929,29,30,0.03000,FL,0,1,27.90000
27.8980,929,29,30,0.03000,FL,1,31,28.80000
27.8980,929,29,30,0.03000,BL,0,24,28.59000
27.8980,929,29,30,0.03000,FR,0,16,28.35000
27.8980,929,29,30,0.03000,BR,0,9,28.14000
27.8980,929,29,30,0.03000,BR,1,39,29.04000
27.9080,930,0,30,0.03000,FL,0,30,28.80000
27.9080,930,0,30,0.03000,BL,0,23,28.59000
27.9080,930,0,30,0.03000,FR,0,15,28.35000
27.9080,930,0,30,0.03000,BR,0,8,28.14000
27.9080,930,0,30,0.03000,BR,1,38,29.04000
27.9280,930,0,30,0.03000,FL,0,30,28.80000
27.9280,930,0,30,0.03000,BL,0,23,28.59000
27.9280,930,0,30,0.03000,FR,0,15,28.35000
27.9280,930,0,30,0.03000,BR,0,8,28.14000
27.9280,930,0,30,0.03000,BR,1,38,29.04000
27.9360,931,1,30,0.03000,FL,0,29,28.80000
27.9360,931,1,30,0.03000,BL,0,22,28.59000
27.9360,931,1,30,0.03000,FR,0,14,28.35000
27.9360,931,1,30,0.03000,BR,0,7,28.14000
27.9360,931,1,30,0.03000,BR,1,37,29.04000
27.9480,931,1,30,0.03000,FL,0,29,28.80000
27.9480,931,1,30,0.03000,BL,0,22,28.59000
27.9480,931,1,30,0.03000,FR,0,14,28.35000
27.9480,931,1,30,0.03000,BR,0,7,28.14000
27.9480,931,1,30,0.03000,BR,1,37,29.04000
27.9560,931,1,30,0.03000,FL,0,29,28.80000
27.9560,931,1,30,0.03000,BL,0,22,28.59000
27.9560,931,1,30,0.03000,FR,0,14,28.35000
27.9560,931,1,30,0.03000,BR,0,7,28.14000
27.9560,931,1,30,0.03000,BR,1,37,29.04000
27.9660,932,2,30,0.03000,FL,0,28,28.80000
27.9660,932,2,30,0.03000,BL,0,21,28.59000
27.9660,932,2,30,0.03000,FR,0,13,28.35000
27.9660,932,2,30,0.03000,BR,0,6,28.14000
27.9660,932,2,30,0.03000,BR,1,36,29.04000
27.9760,932,2,30,0.03000,FL,0,28,28.80000
27.9760,932,2,30,0.03000,BL,0,21,28.59000
27.9760,932,2,30,0.03000,FR,0,13,28.35000
27.9760,932,2,30,0.03000,BR,0,6,28.14000
27.9760,932,2,30,0.03000,BR,1,36,29.04000
27.9860,932,2,30,0.03000,FL,0,28,28.80000
27.9860,932,2,30,0.03000,BL,0,21,28.59000
27.9860,932,2,30,0.03000,FR,0,13,28.35000
27.9860,932,2,30,0.03000,BR,0,6,28.14000
27.9860,932,2,30,0.03000,BR,1,36,29.04000
27.9960,933,3,30,0.03000,FL,0,27,28.80000
27.9960,933,3,30,0.03000,BL,0,20,28.59000
27.9960,933,3,30,0.03000,FR,0,12,28.35000
27.9960,933,3,30,0.03000,BR,0,5,28.14000
27.9960,933,3,30,0.03000,BR,1,35,29.04000
28.0060,933,3,30,0.03000,FL,0,27,28.80000
28.0060,933,3,30,0.03000,BL,0,20,28.59000
28.0060,933,3,30,0.03000,FR,0,12,28.35000
28.0060,933,3,30,0.03000,BR,0,5,28.14000
28.0060,933,3,30,0.03000,BR,1,35,29.04000
28.0140,933,3,30,0.03000,FL,0,27,28.80000
28.0140,933,3,30,0.03000,BL,0,20,28.59000
28.0140,933,3,30,0.03000,FR,0,12,28.35000
28.0140,933,3,30,0.03000,BR,0,5,28.14000
28.0140,933,3,30,0.03000,BR,1,35,29.04000
28.0240,934,4,30,0.03000,FL,0,26,28.80000
28.0240,934,4,30,0.03000,BL,0,19,28.59000
28.0240,934,4,30,0.03000,FR,0,11,28.35000
28.0240,934,4,30,0.03000,BR,0,4,28.14000
28.0240,934,4,30,0.03000,BR,1,34,29.04000
28.0320,934,4,30,0.03000,FL,0,26,28.80000
28.0320,934,4,30,0.03000,BL,0,19,28.59000
28.0320,934,4,30,0.03000,FR,0,11,28.35000
28.0320,934,4,30,0.03000,BR,0,4,28.14000
28.0320,934,4,30,0.03000,BR,1,34,29.04000
28.0440,934,4,30,0.03000,FL,0,26,28.80000
28.0440,934,4,30,0.03000,BL,0,19,28.59000
28.0440,934,4,30,0.03000,FR,0,11,28.35000
28.0440,934,4,30,0.03000,BR,0,4,28.14000
28.0440,934,4,30,0.03000,BR,1,34,29.04000
28.0520,935,5,30,0.03000,FL,0,25,28.80000
28.0520,935,5,30,0.03000,BL,0,18,28.59000
28.0520,935,5,30,0.03000,FR,0,10,28.35000
28.0520,935,5,30,0.03000,BR,0,3,28.14000
28.0520,935,5,30,0.03000,BR,1,33,29.04000
28.0640,935,5,30,0.03000,FL,0,25,28.80000
28.0640,935,5,30,0.03000,BL,0,18,28.59000
28.0640,935,5,30,0.03000,FR,0,10,28.35000
28.0640,935,5,30,0.03000,BR,0,3,28.14000
28.0640,935,5,30,0.03000,BR,1,33,29.04000
28.0720,935,5,30,0.03000,FL,0,25,28.80000
28.0720,935,5,30,0.03000,BL,0,18,28.59000
28.0720,935,5,30,0.03000,FR,0,10,28.35000
28.0720,935,5,30,0.03000,BR,0,3,28.14000
28.0720,935,5,30,0.03000,BR,1,33,29.04000
28.0820,936,6,30,0.03000,FL,0,24,28.80000
28.0820,936,6,30,0.03000,BL,0,17,28.59000
28.0820,936,6,30,0.03000,FR,0,9,28.35000
28.0820,936,6,30,0.03000,FR,1,39,29.25000
28.0820,936,6,30,0.03000,BR,0,2,28.14000
28.0820,936,6,30,0.03000,BR,1,32,29.04000
28.0920,936,6,30,0.03000,FL,0,24,28.80000
28.0920,936,6,30,0.03000,BL,0,17,28.59000
28.0920,936,6,30,0.03000,FR,0,9,28.35000
28.0920,936,6,30,0.03000,FR,1,39,29.25000
28.0920,936,6,30,0.03000,BR,0,2,28.14000
28.0920,936,6,30,0.03000,BR,1,32,29.04000
28.1020,936,6,30,0.03000,FL,0,24,28.80000
28.1020,936,6,30,0.03000,BL,0,17,28.59000
28.1020,936,6,30,0.03000,FR,0,9,28.35000
28.1020,936,6,30,0.03000,FR,1,39,29.25000
28.1020,936,6,30,0.03000,BR,0,2,28.14000
28.1020,936,6,30,0.03000,BR,1,32,29.04000
28.1160,937,7,30,0.03000,FL,0,23,28.80000
28.1160,937,7,30,0.03000,BL,0,16,28.59000
28.1160,937,7,30,0.03000,FR,0,8,28.35000
28.1160,937,7,30,0.03000,FR,1,38,29.25000
28.1160,937,7,30,0.03000,BR,0,1,28.14000
28.1160,937,7,30,0.03000,BR,1,31,29.04000
28.1380,937,7,30,0.03000,FL,0,23,28.80000
28.1380,937,7,30,0.03000,BL,0,16,28.59000
28.1380,937,7,30,0.03000,FR,0,8,28.35000
28.1380,937,7,30,0.03000,FR,1,38,29.25000
28.1380,937,7,30,0.03000,BR,0,1,28.14000
28.1380,937,7,30,0.03000,BR,1,31,29.04000
28.1500,938,8,30,0.03000,FL,0,22,28.80000
28.1500,938,8,30,0.03000,BL,0,15,28.59000
28.1500,938,8,30,0.03000,FR,0,7,28.35000
28.1500,938,8,30,0.03000,FR,1,37,29.25000
28.1500,938,8,30,0.03000,BR,0,30,29.04000
28.1600,938,8,30,0.03000,FL,0,22,28.80000
28.1600,938,8,30,0.03000,BL,0,15,28.59000
28.1600,938,8,30,0.03000,FR,0,7,28.35000
28.1600,938,8,30,0.03000,FR,1,37,29.25000
28.1600,938,8,30,0.03000,BR,0,30,29.04000
28.1720,939,9,30,0.03000,FL,0,21,28.80000
28.1720,939,9,30,0.03000,BL,0,14,28.59000
28.1720,939,9,30,0.03000,FR,0,6,28.35000
28.1720,939,9,30,0.03000,FR,1,36,29.25000
28.1720,939,9,30,0.03000,BR,0,29,29.04000
28.1900,939,9,30,0.03000,FL,0,21,28.80000
28.1900,939,9,30,0.03000,BL,0,14,28.59000
28.1900,939,9,30,0.03000,FR,0,6,28.35000
28.1900,939,9,30,0.03000,FR,1,36,29.25000
28.1900,939,9,30,0.03000,BR,0,29,29.04000
28.2020,940,10,30,0.03000,FL,0,20,28.80000
28.2020,940,10,30,0.03000,BL,0,13,28.59000
28.2020,940,10,30,0.03000,FR,0,5,28.35000
28.2020,940,10,30,0.03000,FR,1,35,29.25000
28.2020,940,10,30,0.03000,BR,0,28,29.04000
28.2140,940,10,30,0.03000,FL,0,20,28.80000
28.2140,940,10,30,0.03000,BL,0,13,28.59000
28.2140,940,10,30,0.03000,FR,0,5,28.35000
28.2140,940,10,30,0.03000,FR,1,35,29.25000
28.2140,940,10,30,0.03000,BR,0,28,29.04000
28.2300,941,11,30,0.03000,FL,0,19,28.80000
28.2300,941,11,30,0.03000,BL,0,12,28.59000
28.2300,941,11,30,0.03000,FR,0,4,28.35000
28.2300,941,11,30,0.03000,FR,1,34,29.25000
28.2300,941,11,30,0.03000,BR,0,27,29.04000
28.2440,941,11,30,0.03000,FL,0,19,28.80000
28.2440,941,11,30,0.03000,BL,0,12,28.59000
28.2440,941,11,30,0.03000,FR,0,4,28.35000
28.2440,941,11,30,0.03000,FR,1,34,29.25000
28.2440,941,11,30,0.03000,BR,0,27,29.04000
28.2540,941,11,30,0.03000,FL,0,19,28.80000
28.2540,941,11,30,0.03000,BL,0,12,28.59000
28.2540,941,11,30,0.03000,FR,0,4,28.35000
28.2540,941,11,30,0.03000,FR,1,34,29.25000
28.2540,941,11,30,0.03000,BR,0,27,29.04000
28.2620,942,12,30,0.03000,FL,0,18,28.80000
28.2620,942,12,30,0.03000,BL,0,11,28.59000
28.2620,942,12,30,0.03000,FR,0,3,28.35000
28.2620,942,12,30,0.03000,FR,1,33,29.25000
28.2620,942,12,30,0.03000,BR,0,26,29.04000
28.2740,942,12,30,0.03000,FL,0,18,28.80000
28.2740,942,12,30,0.03000,BL,0,11,28.59000
28.2740,942,12,30,0.03000,FR,0,3,28.35000
28.2740,942,12,30,0.03000,FR,1,33,29.25000
28.2740,942,12,30,0.03000,BR,0,26,29.04000
28.2840,942,12,30,0.03000,FL,0,18,28.80000
28.2840,942,12,30,0.03000,BL,0,11,28.59000
28.2840,942,12,30,0.03000,FR,0,3,28.35000
28.2840,942,12,30,0.03000,FR,1,33,29.25000
28.2840,942,12,30,0.03000,BR,0,26,29.04000
28.2940,943,13,30,0.03000,FL,0,17,28.80000
28.2940,943,13,30,0.03000,BL,0,10,28.59000
28.2940,943,13,30,0.03000,FR,0,2,28.35000
28.2940,943,13,30,0.03000,FR,1,32,29.25000
28.2940,943,13,30,0.03000,BR,0,25,29.04000
28.3040,943,13,30,0.03000,FL,0,17,28.80000
28.3040,943,13,30,0.03000,BL,0,10,28.59000
28.3040,943,13,30,0.03000,FR,0,2,28.35000
28.3040,943,13,30,0.03000,FR,1,32,29.25000
28.3040,943,13,30,0.03000,BR,0,25,29.04000
28.3120,943,13,30,0.03000,FL,0,17,28.80000
28.3120,943,13,30,0.03000,BL,0,10,28.59000
28.3120,943,13,30,0.03000,FR,0,2,28.35000
28.3120,943,13,30,0.03000,FR,1,32,29.25000
28.3120,943,13,30,0.03000,BR,0,25,29.04000
28.3220,944,14,30,0.03000,FL,0,16,28.80000
28.3220,944,14,30,0.03000,BL,0,9,28.59000
28.3220,944,14,30,0.03000,BL,1,39,29.49000
28.3220,944,14,30,0.03000,FR,0,1,28.35000
28.3220,944,14,30,0.03000,FR,1,31,29.25000
28.3220,944,14,30,0.03000,BR,0,24,29.04000
28.3320,944,14,30,0.03000,FL,0,16,28.80000
28.3320,944,14,30,0.03000,BL,0,9,28.59000
28.3320,944,14,30,0.03000,BL,1,39,29.49000
28.3320,944,14,30,0.03000,FR,0,1,28.35000
28.3320,944,14,30,0.03000,FR,1,31,29.25000
28.3320,944,14,30,0.03000,BR,0,24,29.04000
28.3420,944,14,30,0.03000,FL,0,16,28.80000
28.3420,944,14,30,0.03000,BL,0,9,28.59000
28.3420,944,14,30,0.03000,BL,1,39,29.49000
28.3420,944,14,30,0.03000,FR,0,1,28.35000
28.3420,944,14,30,0.03000,FR,1,31,29.25000
28.3420,944,14,30,0.03000,BR,0,24,29.04000
28.3520,945,15,30,0.03000,FL,0,15,28.80000
28.3520,945,15,30,0.03000,BL,0,8,28.59000
28.3520,945,15,30,0.03000,BL,1,38,29.49000
28.3520,945,15,30,0.03000,FR,0,30,29.25000
28.3520,945,15,30,0.03000,BR,0,23,29.04000
28.3720,945,15,30,0.03000,FL,0,15,28.80000
28.3720,945,15,30,0.03000,BL,0,8,28.59000
28.3720,945,15,30,0.03000,BL,1,38,29.49000
28.3720,945,15,30,0.03000,FR,0,30,29.25000
28.3720,945,15,30,0.03000,BR,0,23,29.04000
28.3820,946,16,30,0.03000,FL,0,14,28.80000
28.3820,946,16,30,0.03000,BL,0,7,28.59000
28.3820,946,16,30,0.03000,BL,1,37,29.49000
28.3820,946,16,30,0.03000,FR,0,29,29.25000
28.3820,946,16,30,0.03000,BR,0,22,29.04000
28.3900,946,16,30,0.03000,FL,0,14,28.80000
28.3900,946,16,30,0.03000,BL,0,7,28.59000
28.3900,946,16,30,0.03000,BL,1,37,29.49000
28.3900,946,16,30,0.03000,FR,0,29,29.25000
28.3900,946,16,30,0.03000,BR,0,22,29.04000
28.4000,946,16,30,0.03000,FL,0,14,28.80000
28.4000,946,16,30,0.03000,BL,0,7,28.59000
28.4000,946,16,30,0.03000,BL,1,37,29.49000
28.4000,946,16,30,0.03000,FR,0,29,29.25000
28.4000,946,16,30,0.03000,BR,0,22,29.04000
28.4100,947,17,30,0.03000,FL,0,13,28.80000
28.4100,947,17,30,0.03000,BL,0,6,28.59000
28.4100,947,17,30,0.03000,BL,1,36,29.49000
28.4100,947,17,30,0.03000,FR,0,28,29.25000
28.4100,947,17,30,0.03000,BR,0,21,29.04000
28.4200,947,17,30,0.03000,FL,0,13,28.80000
28.4200,947,17,30,0.03000,BL,0,6,28.59000
28.4200,947,17,30,0.03000,BL,1,36,29.49000
28.4200,947,17,30,0.03000,FR,0,28,29.25000
28.4200,947,17,30,0.03000,BR,0,21,29.04000
28.4320,947,17,30,0.03000,FL,0,13,28.80000
28.4320,947,17,30,0.03000,BL,0,6,28.59000
28.4320,947,17,30,0.03000,BL,1,36,29.49000
28.4320,947,17,30,0.03000,FR,0,28,29.25000
28.4320,947,17,30,0.03000,BR,0,21,29.04000
28.4440,948,18,30,0.03000,FL,0,12,28.80000
28.4440,948,18,30,0.03000,BL,0,5,28.59000
28.4440,948,18,30,0.03000,BL,1,35,29.49000
28.4440,948,18,30,0.03000,FR,0,27,29.25000
28.4440,948,18,30,0.03000,BR,0,20,29.04000
28.4560,948,18,30,0.03000,FL,0,12,28.80000
28.4560,948,18,30,0.03000,BL,0,5,28.59000
28.4560,948,18,30,0.03000,BL,1,35,29.49000
28.4560,948,18,30,0.03000,FR,0,27,29.25000
28.4560,948,18,30,0.03000,BR,0,20,29.04000
28.4660,948,18,30,0.03000,FL,0,12,28.80000
28.4660,948,18,30,0.03000,BL,0,5,28.59000
28.4660,948,18,30,0.03000,BL,1,35,29.49000
28.4660,948,18,30,0.03000,FR,0,27,29.25000
28.4660,948,18,30,0.03000,BR,0,20,29.04000
28.4760,949,19,30,0.03000,FL,0,11,28.80000
28.4760,949,19,30,0.03000,BL,0,4,28.59000
28.4760,949,19,30,0.03000,BL,1,34,29.49000
28.4760,949,19,30,0.03000,FR,0,26,29.25000
28.4760,949,19,30,0.03000,BR,0,19,29.04000
28.4880,949,19,30,0.03000,FL,0,11,28.80000
28.4880,949,19,30,0.03000,BL,0,4,28.59000
28.4880,949,19,30,0.03000,BL,1,34,29.49000
28.4880,949,19,30,0.03000,FR,0,26,29.25000
28.4880,949,19,30,0.03000,BR,0,19,29.04000
28.4960,949,19,30,0.03000,FL,0,11,28.80000
28.4960,949,19,30,0.03000,BL,0,4,28.59000
28.4960,949,19,30,0.03000,BL,1,34,29.49000
28.4960,949,19,30,0.03000,FR,0,26,29.25000
28.4960,949,19,30,0.03000,BR,0,19,29.04000
28.5060,950,20,30,0.03000,FL,0,10,28.80000
28.5060,950,20,30,0.03000,BL,0,3,28.59000
28.5060,950,20,30,0.03000,BL,1,33,29.49000
28.5060,950,20,30,0.03000,FR,0,25,29.25000
28.5060,950,20,30,0.03000,BR,0,18,29.04000
28.5160,950,20,30,0.03000,FL,0,10,28.80000
28.5160,950,20,30,0.03000,BL,0,3,28.59000
28.5160,950,20,30,0.03000,BL,1,33,29.49000
28.5160,950,20,30,0.03000,FR,0,25,29.25000
28.5160,950,20,30,0.03000,BR,0,18,29.04000
28.5260,950,20,30,0.03000,FL,0,10,28.80000
28.5260,950,20,30,0.03000,BL,0,3,28.59000
28.5260,950,20,30,0.03000,BL,1,33,29.49000
28.5260,950,20,30,0.03000,FR,0,25,29.25000
28.5260,950,20,30,0.03000,BR,0,18,29.04000
28.5360,951,21,30,0.03000,FL,0,9,28.80000
28.5360,951,21,30,0.03000,FL,1,39,29.70000
28.5360,951,21,30,0.03000,BL,0,2,28.59000
28.5360,951,21,30,0.03000,BL,1,32,29.49000
28.5360,951,21,30,0.03000,FR,0,24,29.25000
28.5360,951,21,30,0.03000,BR,0,17,29.04000
28.5480,951,21,30,0.03000,FL,0,9,28.80000
28.5480,951,21,30,0.03000,FL,1,39,29.70000
28.5480,951,21,30,0.03000,BL,0,2,28.59000
28.5480,951,21,30,0.03000,BL,1,32,29.49000
28.5480,951,21,30,0.03000,FR,0,24,29.25000
28.5480,951,21,30,0.03000,BR,0,17,29.04000
28.5580,951,21,30,0.03000,FL,0,9,28.80000
28.5580,951,21,30,0.03000,FL,1,39,29.70000
28.5580,951,21,30,0.03000,BL,0,2,28.59000
28.5580,951,21,30,0.03000,BL,1,32,29.49000
28.5580,951,21,30,0.03000,FR,0,24,29.25000
28.5580,951,21,30,0.03000,BR,0,17,29.04000
28.5680,952,22,30,0.03000,FL,0,8,28.80000
28.5680,952,22,30,0.03000,FL,1,38,29.70000
28.5680,952,22,30,0.03000,BL,0,1,28.59000
28.5680,952,22,30,0.03000,BL,1,31,29.49000
28.5680,952,22,30,0.03000,FR,0,23,29.25000
28.5680,952,22,30,0.03000,BR,0,16,29.04000
28.5880,952,22,30,0.03000,FL,0,8,28.80000
28.5880,952,22,30,0.03000,FL,1,38,29.70000
28.5880,952,22,30,0.03000,BL,0,1,28.59000
28.5880,952,22,30,0.03000,BL,1,31,29.49000
28.5880,952,22,30,0.03000,FR,0,23,29.25000
28.5880,952,22,30,0.03000,BR,0,16,29.04000
28.5980,953,23,30,0.03000,FL,0,7,28.80000
28.5980,953,23,30,0.03000,FL,1,37,29.70000
28.5980,953,23,30,0.03000,BL,0,30,29.49000
28.5980,953,23,30,0.03000,FR,0,22,29.25000
28.5980,953,23,30,0.03000,BR,0,15,29.04000
28.6060,953,23,30,0.03000,FL,0,7,28.80000
28.6060,953,23,30,0.03000,FL,1,37,29.70000
28.6060,953,23,30,0.03000,BL,0,30,29.49000
28.6060,953,23,30,0.03000,FR,0,22,29.25000
28.6060,953,23,30,0.03000,BR,0,15,29.04000
28.6160,953,23,30,0.03000,FL,0,7,28.80000
28.6160,953,23,30,0.03000,FL,1,37,29.70000
28.6160,953,23,30,0.03000,BL,0,30,29.49000
28.6160,953,23,30,0.03000,FR,0,22,29.25000
28.6160,953,23,30,0.03000,BR,0,15,29.04000
28.6260,954,24,30,0.03000,FL,0,6,28.80000
28.6260,954,24,30,0.03000,FL,1,36,29.70000
28.6260,954,24,30,0.03000,BL,0,29,29.49000
28.6260,954,24,30,0.03000,FR,0,21,29.25000
28.6260,954,24,30,0.03000,BR,0,14,29.04000
28.6380,954,24,30,0.03000,FL,0,6,28.80000
28.6380,954,24,30,0.03000,FL,1,36,29.70000
28.6380,954,24,30,0.03000,BL,0,29,29.49000
28.6380,954,24,30,0.03000,FR,0,21,29.25000
28.6380,954,24,30,0.03000,BR,0,14,29.04000
28.6480,954,24,30,0.03000,FL,0,6,28.80000
28.6480,954,24,30,0.03000,FL,1,36,29.70000
28.6480,954,24,30,0.03000,BL,0,29,29.49000
28.6480,954,24,30,0.03000,FR,0,21,29.25000
28.6480,954,24,30,0.03000,BR,0,14,29.04000
28.6600,955,25,30,0.03000,FL,0,5,28.80000
28.6600,955,25,30,0.03000,FL,1,35,29.70000
28.6600,955,25,30,0.03000,BL,0,28,29.49000
28.6600,955,25,30,0.03000,FR,0,20,29.25000
28.6600,955,25,30,0.03000,BR,0,13,29.04000
28.6880,956,26,30,0.03000,FL,0,4,28.80000
28.6880,956,26,30,0.03000,FL,1,34,29.70000
28.6880,956,26,30,0.03000,BL,0,27,29.49000
28.6880,956,26,30,0.03000,FR,0,19,29.25000
28.6880,956,26,30,0.03000,BR,0,12,29.04000
28.6980,956,26,30,0.03000,FL,0,4,28.80000
28.6980,956,26,30,0.03000,FL,1,34,29.70000
28.7000,956,26,30,0.03000,BL,0,27,29.49000
28.7000,956,26,30,0.03000,FR,0,19,29.25000
28.7000,956,26,30,0.03000,BR,0,12,29.04000
28.7080,956,26,30,0.03000,FL,0,4,28.80000
28.7080,956,26,30,0.03000,FL,1,34,29.70000
28.7080,956,26,30,0.03000,BL,0,27,29.49000
28.7080,956,26,30,0.03000,FR,0,19,29.25000
28.7080,956,26,30,0.03000,BR,0,12,29.04000
28.7240,957,27,30,0.03000,FL,0,3,28.80000
28.7240,957,27,30,0.03000,FL,1,33,29.70000
28.7240,957,27,30,0.03000,BL,0,26,29.49000
28.7240,957,27,30,0.03000,FR,0,18,29.25000
28.7240,957,27,30,0.03000,BR,0,11,29.04000
28.7520,958,28,30,0.03000,FL,0,2,28.80000
28.7520,958,28,30,0.03000,FL,1,32,29.70000
28.7520,958,28,30,0.03000,BL,0,25,29.49000
28.7520,958,28,30,0.03000,FR,0,17,29.25000
28.7520,958,28,30,0.03000,BR,0,10,29.04000
28.7660,958,28,30,0.03000,FL,0,2,28.80000
28.7660,958,28,30,0.03000,FL,1,32,29.70000
28.7660,958,28,30,0.03000,BL,0,25,29.49000
28.7660,958,28,30,0.03000,FR,0,17,29.25000
28.7660,958,28,30,0.03000,BR,0,10,29.04000
28.7780,959,29,30,0.03000,FL,0,1,28.80000
28.7780,959,29,30,0.03000,FL,1,31,29.70000
28.7780,959,29,30,0.03000,BL,0,24,29.49000
28.7780,959,29,30,0.03000,FR,0,16,29.25000
28.7780,959,29,30,0.03000,BR,0,9,29.04000
28.7780,959,29,30,0.03000,BR,1,39,29.94000
28.7880,959,29,30,0.03000,FL,0,1,28.80000
28.7880,959,29,30,0.03000,FL,1,31,29.70000
28.7880,959,29,30,0.03000,BL,0,24,29.49000
28.7880,959,29,30,0.03000,FR,0,16,29.25000
28.7880,959,29,30,0.03000,BR,0,9,29.04000
28.7880,959,29,30,0.03000,BR,1,39,29.94000
28.8020,960,0,30,0.03000,FL,0,30,29.70000
28.8020,960,0,30,0.03000,BL,0,23,29.49000
28.8020,960,0,30,0.03000,FR,0,15,29.25000
28.8020,960,0,30,0.03000,BR,0,8,29.04000
28.8020,960,0,30,0.03000,BR,1,38,29.94000
28.8200,960,0,30,0.03000,FL,0,30,29.70000
28.8200,960,0,30,0.03000,BL,0,23,29.49000
28.8200,960,0,30,0.03000,FR,0,15,29.25000
28.8200,960,0,30,0.03000,BR,0,8,29.04000
28.8200,960,0,30,0.03000,BR,1,38,29.94000
28.8320,961,1,30,0.03000,FL,0,29,29.70000
28.8320,961,1,30,0.03000,BL,0,22,29.49000
28.8320,961,1,30,0.03000,FR,0,14,29.25000
28.8320,961,1,30,0.03000,BR,0,7,29.04000
28.8320,961,1,30,0.03000,BR,1,37,29.94000
28.8400,961,1,30,0.03000,FL,0,29,29.70000
28.8400,961,1,30,0.03000,BL,0,22,29.49000
28.8400,961,1,30,0.03000,FR,0,14,29.25000
28.8400,961,1,30,0.03000,BR,0,7,29.04000
28.8400,961,1,30,0.03000,BR,1,37,29.94000
28.8520,961,1,30,0.03000,FL,0,29,29.70000
28.8520,961,1,30,0.03000,BL,0,22,29.49000
28.8520,961,1,30,0.03000,FR,0,14,29.25000
28.8520,961,1,30,0.03000,BR,0,7,29.04000
28.8520,961,1,30,0.03000,BR,1,37,29.94000
28.8720,962,2,30,0.03000,FL,0,28,29.70000
28.8720,962,2,30,0.03000,BL,0,21,29.49000
28.8720,962,2,30,0.03000,FR,0,13,29.25000
28.8720,962,2,30,0.03000,BR,0,6,29.04000
28.8720,962,2,30,0.03000,BR,1,36,29.94000
28.8860,962,2,30,0.03000,FL,0,28,29.70000
28.8860,962,2,30,0.03000,BL,0,21,29.49000
28.8860,962,2,30,0.03000,FR,0,13,29.25000
28.8860,962,2,30,0.03000,BR,0,6,29.04000
28.8860,962,2,30,0.03000,BR,1,36,29.94000
28.8960,963,3,30,0.03000,FL,0,27,29.70000
28.8960,963,3,30,0.03000,BL,0,20,29.49000
28.8960,963,3,30,0.03000,FR,0,12,29.25000
28.8960,963,3,30,0.03000,BR,0,5,29.04000
28.8960,963,3,30,0.03000,BR,1,35,29.94000
28.9060,963,3,30,0.03000,FL,0,27,29.70000
28.9060,963,3,30,0.03000,BL,0,20,29.49000
28.9060,963,3,30,0.03000,FR,0,12,29.25000
28.9060,963,3,30,0.03000,BR,0,5,29.04000
28.9060,963,3,30,0.03000,BR,1,35,29.94000
28.9160,963,3,30,0.03000,FL,0,27,29.70000
28.9160,963,3,30,0.03000,BL,0,20,29.49000
28.9160,963,3,30,0.03000,FR,0,12,29.25000
28.9160,963,3,30,0.03000,BR,0,5,29.04000
28.9160,963,3,30,0.03000,BR,1,35,29.94000
28.9260,964,4,30,0.03000,FL,0,26,29.70000
28.9260,964,4,30,0.03000,BL,0,19,29.49000
28.9260,964,4,30,0.03000,FR,0,11,29.25000
28.9260,964,4,30,0.03000,BR,0,4,29.04000
28.9260,964,4,30,0.03000,BR,1,34,29.94000
28.9360,964,4,30,0.03000,FL,0,26,29.70000
28.9360,964,4,30,0.03000,BL,0,19,29.49000
28.9360,964,4,30,0.03000,FR,0,11,29.25000
28.9360,964,4,30,0.03000,BR,0,4,29.04000
28.9360,964,4,30,0.03000,BR,1,34,29.94000
28.9460,964,4,30,0.03000,FL,0,26,29.70000
28.9460,964,4,30,0.03000,BL,0,19,29.49000
28.9460,964,4,30,0.03000,FR,0,11,29.25000
28.9460,964,4,30,0.03000,BR,0,4,29.04000
28.9460,964,4,30,0.03000,BR,1,34,29.94000
28.9560,965,5,30,0.03000,FL,0,25,29.70000
28.9560,965,5,30,0.03000,BL,0,18,29.49000
28.9560,965,5,30,0.03000,FR,0,10,29.25000
28.9560,965,5,30,0.03000,BR,0,3,29.04000
28.9560,965,5,30,0.03000,BR,1,33,29.94000
28.9680,965,5,30,0.03000,FL,0,25,29.70000
28.9680,965,5,30,0.03000,BL,0,18,29.49000
28.9680,965,5,30,0.03000,FR,0,10,29.25000
28.9680,965,5,30,0.03000,BR,0,3,29.04000
28.9680,965,5,30,0.03000,BR,1,33,29.94000
28.9760,965,5,30,0.03000,FL,0,25,29.70000
28.9760,965,5,30,0.03000,BL,0,18,29.49000
28.9760,965,5,30,0.03000,FR,0,10,29.25000
28.9760,965,5,30,0.03000,BR,0,3,29.04000
28.9760,965,5,30,0.03000,BR,1,33,29.94000
28.9860,966,6,30,0.03000,FL,0,24,29.70000
28.9860,966,6,30,0.03000,BL,0,17,29.49000
28.9860,966,6,30,0.03000,FR,0,9,29.25000
28.9860,966,6,30,0.03000,FR,1,39,30.15000
28.9860,966,6,30,0.03000,BR,0,2,29.04000
28.9860,966,6,30,0.03000,BR,1,32,29.94000
28.9960,966,6,30,0.03000,FL,0,24,29.70000
28.9960,966,6,30,0.03000,BL,0,17,29.49000
28.9960,966,6,30,0.03000,FR,0,9,29.25000
28.9960,966,6,30,0.03000,FR,1,39,30.15000
28.9960,966,6,30,0.03000,BR,0,2,29.04000
28.9960,966,6,30,0.03000,BR,1,32,29.94000
29.0060,966,6,30,0.03000,FL,0,24,29.70000
29.0060,966,6,30,0.03000,BL,0,17,29.49000
29.0060,966,6,30,0.03000,FR,0,9,29.25000
29.0060,966,6,30,0.03000,FR,1,39,30.15000
29.0060,966,6,30,0.03000,BR,0,2,29.04000
29.0060,966,6,30,0.03000,BR,1,32,29.94000
29.0160,967,7,30,0.03000,FL,0,23,29.70000
29.0160,967,7,30,0.03000,BL,0,16,29.49000
29.0160,967,7,30,0.03000,FR,0,8,29.25000
29.0160,967,7,30,0.03000,FR,1,38,30.15000
29.0160,967,7,30,0.03000,BR,0,1,29.04000
29.0160,967,7,30,0.03000,BR,1,31,29.94000
29.0360,967,7,30,0.03000,FL,0,23,29.70000
29.0360,967,7,30,0.03000,BL,0,16,29.49000
29.0360,967,7,30,0.03000,FR,0,8,29.25000
29.0360,967,7,30,0.03000,FR,1,38,30.15000
29.0360,967,7,30,0.03000,BR,0,1,29.04000
29.0360,967,7,30,0.03000,BR,1,31,29.94000
29.0460,968,8,30,0.03000,FL,0,22,29.70000
29.0460,968,8,30,0.03000,BL,0,15,29.49000
29.0460,968,8,30,0.03000,FR,0,7,29.25000
29.0460,968,8,30,0.03000,FR,1,37,30.15000
29.0460,968,8,30,0.03000,BR,0,30,29.94000
29.0540,968,8,30,0.03000,FL,0,22,29.70000
29.0540,968,8,30,0.03000,BL,0,15,29.49000
29.0540,968,8,30,0.03000,FR,0,7,29.25000
29.0540,968,8,30,0.03000,FR,1,37,30.15000
29.0540,968,8,30,0.03000,BR,0,30,29.94000
29.0640,968,8,30,0.03000,FL,0,22,29.70000
29.0640,968,8,30,0.03000,BL,0,15,29.49000
29.0640,968,8,30,0.03000,FR,0,7,29.25000
29.0640,968,8,30,0.03000,FR,1,37,30.15000
29.0640,968,8,30,0.03000,BR,0,30,29.94000
29.0740,969,9,30,0.03000,FL,0,21,29.70000
29.0740,969,9,30,0.03000,BL,0,14,29.49000
29.0740,969,9,30,0.03000,FR,0,6,29.25000
29.0740,969,9,30,0.03000,FR,1,36,30.15000
29.0740,969,9,30,0.03000,BR,0,29,29.94000
29.0840,969,9,30,0.03000,FL,0,21,29.70000
29.0840,969,9,30,0.03000,BL,0,14,29.49000
29.0840,969,9,30,0.03000,FR,0,6,29.25000
29.0840,969,9,30,0.03000,FR,1,36,30.15000
29.0840,969,9,30,0.03000,BR,0,29,29.94000
29.0940,969,9,30,0.03000,FL,0,21,29.70000
29.0940,969,9,30,0.03000,BL,0,14,29.49000
29.0940,969,9,30,0.03000,FR,0,6,29.25000
29.0940,969,9,30,0.03000,FR,1,36,30.15000
29.0940,969,9,30,0.03000,BR,0,29,29.94000
29.1040,970,10,30,0.03000,FL,0,20,29.70000
29.1040,970,10,30,0.03000,BL,0,13,29.49000
29.1040,970,10,30,0.03000,FR,0,5,29.25000
29.1040,970,10,30,0.03000,FR,1,35,30.15000
29.1040,970,10,30,0.03000,BR,0,28,29.94000
29.1140,970,10,30,0.03000,FL,0,20,29.70000
29.1140,970,10,30,0.03000,BL,0,13,29.49000
29.1140,970,10,30,0.03000,FR,0,5,29.25000
29.1140,970,10,30,0.03000,FR,1,35,30.15000
29.1140,970,10,30,0.03000,BR,0,28,29.94000
29.1260,970,10,30,0.03000,FL,0,20,29.70000
29.1260,970,10,30,0.03000,BL,0,13,29.49000
29.1260,970,10,30,0.03000,FR,0,5,29.25000
29.1260,970,10,30,0.03000,FR,1,35,30.15000
29.1260,970,10,30,0.03000,BR,0,28,29.94000
29.1360,971,11,30,0.03000,FL,0,19,29.70000
29.1360,971,11,30,0.03000,BL,0,12,29.49000
29.1360,971,11,30,0.03000,FR,0,4,29.25000
29.1360,971,11,30,0.03000,FR,1,34,30.15000
29.1360,971,11,30,0.03000,BR,0,27,29.94000
29.1460,971,11,30,0.03000,FL,0,19,29.70000
29.1460,971,11,30,0.03000,BL,0,12,29.49000
29.1460,971,11,30,0.03000,FR,0,4,29.25000
29.1460,971,11,30,0.03000,FR,1,34,30.15000
29.1460,971,11,30,0.03000,BR,0,27,29.94000
29.1560,971,11,30,0.03000,FL,0,19,29.70000
29.1560,971,11,30,0.03000,BL,0,12,29.49000
29.1560,971,11,30,0.03000,FR,0,4,29.25000
29.1560,971,11,30,0.03000,FR,1,34,30.15000
29.1560,971,11,30,0.03000,BR,0,27,29.94000
29.1660,972,12,30,0.03000,FL,0,18,29.70000
29.1660,972,12,30,0.03000,BL,0,11,29.49000
29.1660,972,12,30,0.03000,FR,0,3,29.25000
29.1660,972,12,30,0.03000,FR,1,33,30.15000
29.1660,972,12,30,0.03000,BR,0,26,29.94000
29.1780,972,12,30,0.03000,FL,0,18,29.70000
29.1780,972,12,30,0.03000,BL,0,11,29.49000
29.1780,972,12,30,0.03000,FR,0,3,29.25000
29.1780,972,12,30,0.03000,FR,1,33,30.15000
29.1780,972,12,30,0.03000,BR,0,26,29.94000
29.1880,972,12,30,0.03000,FL,0,18,29.70000
29.1880,972,12,30,0.03000,BL,0,11,29.49000
29.1880,972,12,30,0.03000,FR,0,3,29.25000
29.1880,972,12,30,0.03000,FR,1,33,30.15000
29.1880,972,12,30,0.03000,BR,0,26,29.94000
29.2000,973,13,30,0.03000,FL,0,17,29.70000
29.2000,973,13,30,0.03000,BL,0,10,29.49000
29.2000,973,13,30,0.03000,FR,0,2,29.25000
29.2000,973,13,30,0.03000,FR,1,32,30.15000
29.2000,973,13,30,0.03000,BR,0,25,29.94000
29.2100,973,13,30,0.03000,FL,0,17,29.70000
29.2100,973,13,30,0.03000,BL,0,10,29.49000
29.2100,973,13,30,0.03000,FR,0,2,29.25000
29.2100,973,13,30,0.03000,FR,1,32,30.15000
29.2100,973,13,30,0.03000,BR,0,25,29.94000
29.2200,974,14,30,0.03000,FL,0,16,29.70000
29.2200,974,14,30,0.03000,BL,0,9,29.49000
29.2200,974,14,30,0.03000,BL,1,39,30.39000
29.2200,974,14,30,0.03000,FR,0,1,29.25000
29.2200,974,14,30,0.03000,FR,1,31,30.15000
29.2200,974,14,30,0.03000,BR,0,24,29.94000
29.2300,974,14,30,0.03000,FL,0,16,29.70000
29.2300,974,14,30,0.03000,BL,0,9,29.49000
29.2300,974,14,30,0.03000,BL,1,39,30.39000
29.2300,974,14,30,0.03000,FR,0,1,29.25000
29.2300,974,14,30,0.03000,FR,1,31,30.15000
29.2300,974,14,30,0.03000,BR,0,24,29.94000
29.2380,974,14,30,0.03000,FL,0,16,29.70000
29.2380,974,14,30,0.03000,BL,0,9,29.49000
29.2380,974,14,30,0.03000,BL,1,39,30.39000
29.2380,974,14,30,0.03000,FR,0,1,29.25000
29.2380,974,14,30,0.03000,FR,1,31,30.15000
29.2380,974,14,30,0.03000,BR,0,24,29.94000
29.2500,975,15,30,0.03000,FL,0,15,29.70000
29.2500,975,15,30,0.03000,BL,0,8,29.49000
29.2500,975,15,30,0.03000,BL,1,38,30.39000
29.2500,975,15,30,0.03000,FR,0,30,30.15000
29.2500,975,15,30,0.03000,BR,0,23,29.94000
29.2680,975,15,30,0.03000,FL,0,15,29.70000
29.2680,975,15,30,0.03000,BL,0,8,29.49000
29.2680,975,15,30,0.03000,BL,1,38,30.39000
29.2680,975,15,30,0.03000,FR,0,30,30.15000
29.2680,975,15,30,0.03000,BR,0,23,29.94000
29.2800,976,16,30,0.03000,FL,0,14,29.70000
29.2800,976,16,30,0.03000,BL,0,7,29.49000
29.2800,976,16,30,0.03000,BL,1,37,30.39000
29.2800,976,16,30,0.03000,FR,0,29,30.15000
29.2800,976,16,30,0.03000,BR,0,22,29.94000
29.2880,976,16,30,0.03000,FL,0,14,29.70000
29.2880,976,16,30,0.03000,BL,0,7,29.49000
29.2880,976,16,30,0.03000,BL,1,37,30.39000
29.2880,976,16,30,0.03000,FR,0,29,30.15000
29.2880,976,16,30,0.03000,BR,0,22,29.94000
29.2980,976,16,30,0.03000,FL,0,14,29.70000
29.2980,976,16,30,0.03000,BL,0,7,29.49000
29.2980,976,16,30,0.03000,BL,1,37,30.39000
29.2980,976,16,30,0.03000,FR,0,29,30.15000
29.2980,976,16,30,0.03000,BR,0,22,29.94000
29.3060,976,16,30,0.03000,FL,0,14,29.70000
29.3080,976,16,30,0.03000,BL,0,7,29.49000
29.3080,976,16,30,0.03000,BL,1,37,30.39000
29.3080,976,16,30,0.03000,FR,0,29,30.15000
29.3080,976,16,30,0.03000,BR,0,22,29.94000
29.3180,977,17,30,0.03000,FL,0,13,29.70000
29.3180,977,17,30,0.03000,BL,0,6,29.49000
29.3180,977,17,30,0.03000,BL,1,36,30.39000
29.3180,977,17,30,0.03000,FR,0,28,30.15000
29.3180,977,17,30,0.03000,BR,0,21,29.94000
29.3260,977,17,30,0.03000,FL,0,13,29.70000
29.3260,977,17,30,0.03000,BL,0,6,29.49000
29.3260,977,17,30,0.03000,BL,1,36,30.39000
29.3260,977,17,30,0.03000,FR,0,28,30.15000
29.3260,977,17,30,0.03000,BR,0,21,29.94000
29.3360,977,17,30,0.03000,FL,0,13,29.70000
29.3360,977,17,30,0.03000,BL,0,6,29.49000
29.3360,977,17,30,0.03000,BL,1,36,30.39000
29.3360,977,17,30,0.03000,FR,0,28,30.15000
29.3360,977,17,30,0.03000,BR,0,21,29.94000
29.3460,978,18,30,0.03000,FL,0,12,29.70000
29.3460,978,18,30,0.03000,BL,0,5,29.49000
29.3460,978,18,30,0.03000,BL,1,35,30.39000
29.3460,978,18,30,0.03000,FR,0,27,30.15000
29.3460,978,18,30,0.03000,BR,0,20,29.94000
29.3560,978,18,30,0.03000,FL,0,12,29.70000
29.3560,978,18,30,0.03000,BL,0,5,29.49000
29.3560,978,18,30,0.03000,BL,1,35,30.39000
29.3560,978,18,30,0.03000,FR,0,27,30.15000
29.3560,978,18,30,0.03000,BR,0,20,29.94000
29.3660,978,18,30,0.03000,FL,0,12,29.70000
29.3660,978,18,30,0.03000,BL,0,5,29.49000
29.3660,978,18,30,0.03000,BL,1,35,30.39000
29.3660,978,18,30,0.03000,FR,0,27,30.15000
29.3660,978,18,30,0.03000,BR,0,20,29.94000
29.3760,979,19,30,0.03000,FL,0,11,29.70000
29.3760,979,19,30,0.03000,BL,0,4,29.49000
29.3760,979,19,30,0.03000,BL,1,34,30.39000
29.3760,979,19,30,0.03000,FR,0,26,30.15000
29.3760,979,19,30,0.03000,BR,0,19,29.94000
29.3860,979,19,30,0.03000,FL,0,11,29.70000
29.3860,979,19,30,0.03000,BL,0,4,29.49000
29.3860,979,19,30,0.03000,BL,1,34,30.39000
29.3860,979,19,30,0.03000,FR,0,26,30.15000
29.3860,979,19,30,0.03000,BR,0,19,29.94000
29.3980,979,19,30,0.03000,FL,0,11,29.70000
29.3980,979,19,30,0.03000,BL,0,4,29.49000
29.3980,979,19,30,0.03000,BL,1,34,30.39000
29.3980,979,19,30,0.03000,FR,0,26,30.15000
29.3980,979,19,30,0.03000,BR,0,19,29.94000
29.4060,980,20,30,0.03000,FL,0,10,29.70000
29.4080,980,20,30,0.03000,BL,0,3,29.49000
29.4080,980,20,30,0.03000,BL,1,33,30.39000
29.4080,980,20,30,0.03000,FR,0,25,30.15000
29.4080,980,20,30,0.03000,BR,0,18,29.94000
29.4180,980,20,30,0.03000,FL,0,10,29.70000
29.4180,980,20,30,0.03000,BL,0,3,29.49000
29.4180,980,20,30,0.03000,BL,1,33,30.39000
29.4180,980,20,30,0.03000,FR,0,25,30.15000
29.4180,980,20,30,0.03000,BR,0,18,29.94000
29.4260,980,20,30,0.03000,FL,0,10,29.70000
29.4260,980,20,30,0.03000,BL,0,3,29.49000
29.4260,980,20,30,0.03000,BL,1,33,30.39000
29.4260,980,20,30,0.03000,FR,0,25,30.15000
29.4260,980,20,30,0.03000,BR,0,18,29.94000
29.4360,981,21,30,0.03000,FL,0,9,29.70000
29.4360,981,21,30,0.03000,FL,1,39,30.60000
29.4360,981,21,30,0.03000,BL,0,2,29.49000
29.4360,981,21,30,0.03000,BL,1,32,30.39000
29.4360,981,21,30,0.03000,FR,0,24,30.15000
29.4360,981,21,30,0.03000,BR,0,17,29.94000
29.4480,981,21,30,0.03000,FL,0,9,29.70000
29.4480,981,21,30,0.03000,FL,1,39,30.60000
29.4480,981,21,30,0.03000,BL,0,2,29.49000
29.4480,981,21,30,0.03000,BL,1,32,30.39000
29.4480,981,21,30,0.03000,FR,0,24,30.15000
29.4480,981,21,30,0.03000,BR,0,17,29.94000
29.4580,981,21,30,0.03000,FL,0,9,29.70000
29.4580,981,21,30,0.03000,FL,1,39,30.60000
29.4580,981,21,30,0.03000,BL,0,2,29.49000
29.4580,981,21,30,0.03000,BL,1,32,30.39000
29.4580,981,21,30,0.03000,FR,0,24,30.15000
29.4580,981,21,30,0.03000,BR,0,17,29.94000
29.4680,982,22,30,0.03000,FL,0,8,29.70000
29.4680,982,22,30,0.03000,FL,1,38,30.60000
29.4680,982,22,30,0.03000,BL,0,1,29.49000
29.4680,982,22,30,0.03000,BL,1,31,30.39000
29.4680,982,22,30,0.03000,FR,0,23,30.15000
29.4680,982,22,30,0.03000,BR,0,16,29.94000
29.4980,983,23,30,0.03000,FL,0,7,29.70000
29.4980,983,23,30,0.03000,FL,1,37,30.60000
29.4980,983,23,30,0.03000,BL,0,30,30.39000
29.4980,983,23,30,0.03000,FR,0,22,30.15000
29.4980,983,23,30,0.03000,BR,0,15,29.94000
29.5120,983,23,30,0.03000,FL,0,7,29.70000
29.5120,983,23,30,0.03000,FL,1,37,30.60000
29.5120,983,23,30,0.03000,BL,0,30,30.39000
29.5120,983,23,30,0.03000,FR,0,22,30.15000
29.5120,983,23,30,0.03000,BR,0,15,29.94000
29.5200,984,24,30,0.03000,FL,0,6,29.70000
29.5200,984,24,30,0.03000,FL,1,36,30.60000
29.5200,984,24,30,0.03000,BL,0,29,30.39000
29.5200,984,24,30,0.03000,FR,0,21,30.15000
29.5200,984,24,30,0.03000,BR,0,14,29.94000
29.5320,984,24,30,0.03000,FL,0,6,29.70000
29.5320,984,24,30,0.03000,FL,1,36,30.60000
29.5320,984,24,30,0.03000,BL,0,29,30.39000
29.5320,984,24,30,0.03000,FR,0,21,30.15000
29.5320,984,24,30,0.03000,BR,0,14,29.94000
29.5400,984,24,30,0.03000,FL,0,6,29.70000
29.5400,984,24,30,0.03000,FL,1,36,30.60000
29.5400,984,24,30,0.03000,BL,0,29,30.39000
29.5400,984,24,30,0.03000,FR,0,21,30.15000
29.5400,984,24,30,0.03000,BR,0,14,29.94000
29.5500,985,25,30,0.03000,FL,0,5,29.70000
29.5500,985,25,30,0.03000,FL,1,35,30.60000
29.5500,985,25,30,0.03000,BL,0,28,30.39000
29.5500,985,25,30,0.03000,FR,0,20,30.15000
29.5500,985,25,30,0.03000,BR,0,13,29.94000
29.5640,985,25,30,0.03000,FL,0,5,29.70000
29.5640,985,25,30,0.03000,FL,1,35,30.60000
29.5640,985,25,30,0.03000,BL,0,28,30.39000
29.5640,985,25,30,0.03000,FR,0,20,30.15000
29.5640,985,25,30,0.03000,BR,0,13,29.94000
29.5740,985,25,30,0.03000,FL,0,5,29.70000
29.5740,985,25,30,0.03000,FL,1,35,30.60000
29.5740,985,25,30,0.03000,BL,0,28,30.39000
29.5740,985,25,30,0.03000,FR,0,20,30.15000
29.5740,985,25,30,0.03000,BR,0,13,29.94000
29.5840,986,26,30,0.03000,FL,0,4,29.70000
29.5840,986,26,30,0.03000,FL,1,34,30.60000
29.5840,986,26,30,0.03000,BL,0,27,30.39000
29.5840,986,26,30,0.03000,FR,0,19,30.15000
29.5840,986,26,30,0.03000,BR,0,12,29.94000
29.5940,986,26,30,0.03000,FL,0,4,29.70000
29.5940,986,26,30,0.03000,FL,1,34,30.60000
29.5940,986,26,30,0.03000,BL,0,27,30.39000
29.5940,986,26,30,0.03000,FR,0,19,30.15000
29.5940,986,26,30,0.03000,BR,0,12,29.94000
29.6060,986,26,30,0.03000,FL,0,4,29.70000
29.6060,986,26,30,0.03000,FL,1,34,30.60000
29.6060,986,26,30,0.03000,BL,0,27,30.39000
29.6060,986,26,30,0.03000,FR,0,19,30.15000
29.6060,986,26,30,0.03000,BR,0,12,29.94000
29.6180,987,27,30,0.03000,FL,0,3,29.70000
29.6180,987,27,30,0.03000,FL,1,33,30.60000
29.6180,987,27,30,0.03000,BL,0,26,30.39000
29.6180,987,27,30,0.03000,FR,0,18,30.15000
29.6180,987,27,30,0.03000,BR,0,11,29.94000
29.6320,987,27,30,0.03000,FL,0,3,29.70000
29.6320,987,27,30,0.03000,FL,1,33,30.60000
29.6320,987,27,30,0.03000,BL,0,26,30.39000
29.6320,987,27,30,0.03000,FR,0,18,30.15000
29.6320,987,27,30,0.03000,BR,0,11,29.94000
29.6400,988,28,30,0.03000,FL,0,2,29.70000
29.6400,988,28,30,0.03000,FL,1,32,30.60000
29.6400,988,28,30,0.03000,BL,0,25,30.39000
29.6400,988,28,30,0.03000,FR,0,17,30.15000
29.6400,988,28,30,0.03000,BR,0,10,29.94000
29.6520,988,28,30,0.03000,FL,0,2,29.70000
29.6520,988,28,30,0.03000,FL,1,32,30.60000
29.6520,988,28,30,0.03000,BL,0,25,30.39000
29.6520,988,28,30,0.03000,FR,0,17,30.15000
29.6520,988,28,30,0.03000,BR,0,10,29.94000
29.6620,988,28,30,0.03000,FL,0,2,29.70000
29.6620,988,28,30,0.03000,FL,1,32,30.60000
29.6620,988,28,30,0.03000,BL,0,25,30.39000
29.6620,988,28,30,0.03000,FR,0,17,30.15000
29.6620,988,28,30,0.03000,BR,0,10,29.94000
29.6700,989,29,30,0.03000,FL,0,1,29.70000
29.6700,989,29,30,0.03000,FL,1,31,30.60000
29.6700,989,29,30,0.03000,BL,0,24,30.39000
29.6700,989,29,30,0.03000,FR,0,16,30.15000
29.6700,989,29,30,0.03000,BR,0,9,29.94000
29.6700,989,29,30,0.03000,BR,1,39,30.84000
29.6800,989,29,30,0.03000,FL,0,1,29.70000
29.6800,989,29,30,0.03000,FL,1,31,30.60000
29.6800,989,29,30,0.03000,BL,0,24,30.39000
29.6800,989,29,30,0.03000,FR,0,16,30.15000
29.6800,989,29,30,0.03000,BR,0,9,29.94000
29.6800,989,29,30,0.03000,BR,1,39,30.84000
29.6900,989,29,30,0.03000,FL,0,1,29.70000
29.6900,989,29,30,0.03000,FL,1,31,30.60000
29.6900,989,29,30,0.03000,BL,0,24,30.39000
29.6900,989,29,30,0.03000,FR,0,16,30.15000
29.6900,989,29,30,0.03000,BR,0,9,29.94000
29.6900,989,29,30,0.03000,BR,1,39,30.84000
29.7000,990,0,30,0.03000,FL,0,30,30.60000
29.7000,990,0,30,0.03000,BL,0,23,30.39000
29.7000,990,0,30,0.03000,FR,0,15,30.15000
29.7000,990,0,30,0.03000,BR,0,8,29.94000
29.7000,990,0,30,0.03000,BR,1,38,30.84000
29.7200,990,0,30,0.03000,FL,0,30,30.60000
29.7200,990,0,30,0.03000,BL,0,23,30.39000
29.7200,990,0,30,0.03000,FR,0,15,30.15000
29.7200,990,0,30,0.03000,BR,0,8,29.94000
29.7200,990,0,30,0.03000,BR,1,38,30.84000
29.7300,991,1,30,0.03000,FL,0,29,30.60000
29.7300,991,1,30,0.03000,BL,0,22,30.39000
29.7300,991,1,30,0.03000,FR,0,14,30.15000
29.7300,991,1,30,0.03000,BR,0,7,29.94000
29.7300,991,1,30,0.03000,BR,1,37,30.84000
29.7380,991,1,30,0.03000,FL,0,29,30.60000
29.7380,991,1,30,0.03000,BL,0,22,30.39000
29.7380,991,1,30,0.03000,FR,0,14,30.15000
29.7380,991,1,30,0.03000,BR,0,7,29.94000
29.7380,991,1,30,0.03000,BR,1,37,30.84000
29.7500,991,1,30,0.03000,FL,0,29,30.60000
29.7500,991,1,30,0.03000,BL,0,22,30.39000
29.7500,991,1,30,0.03000,FR,0,14,30.15000
29.7500,991,1,30,0.03000,BR,0,7,29.94000
29.7500,991,1,30,0.03000,BR,1,37,30.84000
29.7580,991,1,30,0.03000,FL,0,29,30.60000
29.7580,991,1,30,0.03000,BL,0,22,30.39000
29.7580,991,1,30,0.03000,FR,0,14,30.15000
29.7580,991,1,30,0.03000,BR,0,7,29.94000
29.7580,991,1,30,0.03000,BR,1,37,30.84000
29.7680,992,2,30,0.03000,FL,0,28,30.60000
29.7680,992,2,30,0.03000,BL,0,21,30.39000
29.7680,992,2,30,0.03000,FR,0,13,30.15000
29.7680,992,2,30,0.03000,BR,0,6,29.94000
29.7680,992,2,30,0.03000,BR,1,36,30.84000
29.7780,992,2,30,0.03000,FL,0,28,30.60000
29.7780,992,2,30,0.03000,BL,0,21,30.39000
29.7780,992,2,30,0.03000,FR,0,13,30.15000
29.7780,992,2,30,0.03000,BR,0,6,29.94000
29.7780,992,2,30,0.03000,BR,1,36,30.84000
29.7880,992,2,30,0.03000,FL,0,28,30.60000
29.7880,992,2,30,0.03000,BL,0,21,30.39000
29.7880,992,2,30,0.03000,FR,0,13,30.15000
29.7880,992,2,30,0.03000,BR,0,6,29.94000
29.7880,992,2,30,0.03000,BR,1,36,30.84000
29.7980,993,3,30,0.03000,FL,0,27,30.60000
29.7980,993,3,30,0.03000,BL,0,20,30.39000
29.7980,993,3,30,0.03000,FR,0,12,30.15000
29.7980,993,3,30,0.03000,BR,0,5,29.94000
29.7980,993,3,30,0.03000,BR,1,35,30.84000
29.8100,993,3,30,0.03000,FL,0,27,30.60000
29.8100,993,3,30,0.03000,BL,0,20,30.39000
29.8100,993,3,30,0.03000,FR,0,12,30.15000
29.8100,993,3,30,0.03000,BR,0,5,29.94000
29.8100,993,3,30,0.03000,BR,1,35,30.84000
29.8220,994,4,30,0.03000,FL,0,26,30.60000
29.8220,994,4,30,0.03000,BL,0,19,30.39000
29.8220,994,4,30,0.03000,FR,0,11,30.15000
29.8220,994,4,30,0.03000,BR,0,4,29.94000
29.8220,994,4,30,0.03000,BR,1,34,30.84000
29.8320,994,4,30,0.03000,FL,0,26,30.60000
29.8320,994,4,30,0.03000,BL,0,19,30.39000
29.8320,994,4,30,0.03000,FR,0,11,30.15000
29.8320,994,4,30,0.03000,BR,0,4,29.94000
29.8320,994,4,30,0.03000,BR,1,34,30.84000
29.8420,994,4,30,0.03000,FL,0,26,30.60000
29.8420,994,4,30,0.03000,BL,0,19,30.39000
29.8420,994,4,30,0.03000,FR,0,11,30.15000
29.8420,994,4,30,0.03000,BR,0,4,29.94000
29.8420,994,4,30,0.03000,BR,1,34,30.84000
29.8560,995,5,30,0.03000,FL,0,25,30.60000
29.8560,995,5,30,0.03000,BL,0,18,30.39000
29.8560,995,5,30,0.03000,FR,0,10,30.15000
29.8560,995,5,30,0.03000,BR,0,3,29.94000
29.8560,995,5,30,0.03000,BR,1,33,30.84000
29.8700,995,5,30,0.03000,FL,0,25,30.60000
29.8700,995,5,30,0.03000,BL,0,18,30.39000
29.8700,995,5,30,0.03000,FR,0,10,30.15000
29.8700,995,5,30,0.03000,BR,0,3,29.94000
29.8700,995,5,30,0.03000,BR,1,33,30.84000
29.8820,996,6,30,0.03000,FL,0,24,30.60000
29.8820,996,6,30,0.03000,BL,0,17,30.39000
29.8820,996,6,30,0.03000,FR,0,9,30.15000
29.8820,996,6,30,0.03000,FR,1,39,31.05000
29.8820,996,6,30,0.03000,BR,0,2,29.94000
29.8820,996,6,30,0.03000,BR,1,32,30.84000
29.8920,996,6,30,0.03000,FL,0,24,30.60000
29.8920,996,6,30,0.03000,BL,0,17,30.39000
29.8920,996,6,30,0.03000,FR,0,9,30.15000
29.8920,996,6,30,0.03000,FR,1,39,31.05000
29.8920,996,6,30,0.03000,BR,0,2,29.94000
29.8920,996,6,30,0.03000,BR,1,32,30.84000
29.9020,996,6,30,0.03000,FL,0,24,30.60000
29.9020,996,6,30,0.03000,BL,0,17,30.39000
29.9020,996,6,30,0.03000,FR,0,9,30.15000
29.9020,996,6,30,0.03000,FR,1,39,31.05000
29.9020,996,6,30,0.03000,BR,0,2,29.94000
29.9020,996,6,30,0.03000,BR,1,32,30.84000
29.9140,997,7,30,0.03000,FL,0,23,30.60000
29.9140,997,7,30,0.03000,BL,0,16,30.39000
29.9140,997,7,30,0.03000,FR,0,8,30.15000
29.9140,997,7,30,0.03000,FR,1,38,31.05000
29.9140,997,7,30,0.03000,BR,0,1,29.94000
29.9140,997,7,30,0.03000,BR,1,31,30.84000
29.9600,998,8,30,0.03000,FL,0,22,30.60000
29.9600,998,8,30,0.03000,BL,0,15,30.39000
29.9600,998,8,30,0.03000,FR,0,7,30.15000
29.9600,998,8,30,0.03000,FR,1,37,31.05000
29.9600,998,8,30,0.03000,BR,0,30,30.84000
29.9700,999,9,30,0.03000,FL,0,21,30.60000
29.9700,999,9,30,0.03000,BL,0,14,30.39000
29.9700,999,9,30,0.03000,FR,0,6,30.15000
29.9700,999,9,30,0.03000,FR,1,36,31.05000
29.9700,999,9,30,0.03000,BR,0,29,30.84000
29.9800,999,9,30,0.03000,FL,0,21,30.60000
29.9800,999,9,30,0.03000,BL,0,14,30.39000
29.9800,999,9,30,0.03000,FR,0,6,30.15000
29.9800,999,9,30,0.03000,FR,1,36,31.05000
29.9800,999,9,30,0.03000,BR,0,29,30.84000
29.9900,999,9,30,0.03000,FL,0,21,30.60000
29.9900,999,9,30,0.03000,BL,0,14,30.39000
29.9900,999,9,30,0.03000,FR,0,6,30.15000
29.9900,999,9,30,0.03000,FR,1,36,31.05000
29.9900,999,9,30,0.03000,BR,0,29,30.84000
30.0020,1000,10,30,0.03000,FL,0,20,30.60000
30.0020,1000,10,30,0.03000,BL,0,13,30.39000
30.0020,1000,10,30,0.03000,FR,0,5,30.15000
30.0020,1000,10,30,0.03000,FR,1,35,31.05000
30.0020,1000,10,30,0.03000,BR,0,28,30.84000
30.0100,1000,10,30,0.03000,FL,0,20,30.60000
30.0100,1000,10,30,0.03000,BL,0,13,30.39000
30.0100,1000,10,30,0.03000,FR,0,5,30.15000
30.0100,1000,10,30,0.03000,FR,1,35,31.05000
30.0100,1000,10,30,0.03000,BR,0,28,30.84000
30.0200,1000,10,30,0.03000,FL,0,20,30.60000
30.0200,1000,10,30,0.03000,BL,0,13,30.39000
30.0200,1000,10,30,0.03000,FR,0,5,30.15000
30.0200,1000,10,30,0.03000,FR,1,35,31.05000
30.0200,1000,10,30,0.03000,BR,0,28,30.84000
30.0320,1001,11,30,0.03000,FL,0,19,30.60000
30.0320,1001,11,30,0.03000,BL,0,12,30.39000
30.0320,1001,11,30,0.03000,FR,0,4,30.15000
30.0320,1001,11,30,0.03000,FR,1,34,31.05000
30.0320,1001,11,30,0.03000,BR,0,27,30.84000
30.0440,1001,11,30,0.03000,FL,0,19,30.60000
30.0440,1001,11,30,0.03000,BL,0,12,30.39000
30.0440,1001,11,30,0.03000,FR,0,4,30.15000
30.0440,1001,11,30,0.03000,FR,1,34,31.05000
30.0440,1001,11,30,0.03000,BR,0,27,30.84000
30.0660,1002,12,30,0.03000,FL,0,18,30.60000
30.0660,1002,12,30,0.03000,BL,0,11,30.39000
30.0660,1002,12,30,0.03000,FR,0,3,30.15000
30.0660,1002,12,30,0.03000,FR,1,33,31.05000
30.0660,1002,12,30,0.03000,BR,0,26,30.84000
30.0820,1002,12,30,0.03000,FL,0,18,30.60000
30.0820,1002,12,30,0.03000,BL,0,11,30.39000
30.0820,1002,12,30,0.03000,FR,0,3,30.15000
30.0820,1002,12,30,0.03000,FR,1,33,31.05000
30.0820,1002,12,30,0.03000,BR,0,26,30.84000
30.0940,1003,13,30,0.03000,FL,0,17,30.60000
30.0940,1003,13,30,0.03000,BL,0,10,30.39000
30.0940,1003,13,30,0.03000,FR,0,2,30.15000
30.0940,1003,13,30,0.03000,FR,1,32,31.05000
30.0940,1003,13,30,0.03000,BR,0,25,30.84000
30.1020,1003,13,30,0.03000,FL,0,17,30.60000
30.1020,1003,13,30,0.03000,BL,0,10,30.39000
30.1020,1003,13,30,0.03000,FR,0,2,30.15000
30.1020,1003,13,30,0.03000,FR,1,32,31.05000
30.1020,1003,13,30,0.03000,BR,0,25,30.84000
30.1140,1003,13,30,0.03000,FL,0,17,30.60000
30.1140,1003,13,30,0.03000,BL,0,10,30.39000
30.1140,1003,13,30,0.03000,FR,0,2,30.15000
30.1140,1003,13,30,0.03000,FR,1,32,31.05000
30.1140,1003,13,30,0.03000,BR,0,25,30.84000
30.1240,1004,14,30,0.03000,FL,0,16,30.60000
30.1240,1004,14,30,0.03000,BL,0,9,30.39000
30.1240,1004,14,30,0.03000,BL,1,39,31.29000
30.1240,1004,14,30,0.03000,FR,0,1,30.15000
30.1240,1004,14,30,0.03000,FR,1,31,31.05000
30.1240,1004,14,30,0.03000,BR,0,24,30.84000
30.1340,1004,14,30,0.03000,FL,0,16,30.60000
30.1340,1004,14,30,0.03000,BL,0,9,30.39000
30.1340,1004,14,30,0.03000,BL,1,39,31.29000
30.1340,1004,14,30,0.03000,FR,0,1,30.15000
30.1340,1004,14,30,0.03000,FR,1,31,31.05000
30.1340,1004,14,30,0.03000,BR,0,24,30.84000
30.1460,1004,14,30,0.03000,FL,0,16,30.60000
30.1460,1004,14,30,0.03000,BL,0,9,30.39000
30.1460,1004,14,30,0.03000,BL,1,39,31.29000
30.1460,1004,14,30,0.03000,FR,0,1,30.15000
30.1460,1004,14,30,0.03000,FR,1,31,31.05000
30.1460,1004,14,30,0.03000,BR,0,24,30.84000
30.1580,1005,15,30,0.03000,FL,0,15,30.60000
30.1580,1005,15,30,0.03000,BL,0,8,30.39000
30.1580,1005,15,30,0.03000,BL,1,38,31.29000
30.1580,1005,15,30,0.03000,FR,0,30,31.05000
30.1580,1005,15,30,0.03000,BR,0,23,30.84000
30.1840,1006,16,30,0.03000,FL,0,14,30.60000
30.1840,1006,16,30,0.03000,BL,0,7,30.39000
30.1840,1006,16,30,0.03000,BL,1,37,31.29000
30.1840,1006,16,30,0.03000,FR,0,29,31.05000
30.1840,1006,16,30,0.03000,BR,0,22,30.84000
30.1940,1006,16,30,0.03000,FL,0,14,30.60000
30.1940,1006,16,30,0.03000,BL,0,7,30.39000
30.1940,1006,16,30,0.03000,BL,1,37,31.29000
30.1940,1006,16,30,0.03000,FR,0,29,31.05000
30.1940,1006,16,30,0.03000,BR,0,22,30.84000
30.2040,1006,16,30,0.03000,FL,0,14,30.60000
30.2040,1006,16,30,0.03000,BL,0,7,30.39000
30.2040,1006,16,30,0.03000,BL,1,37,31.29000
30.2040,1006,16,30,0.03000,FR,0,29,31.05000
30.2040,1006,16,30,0.03000,BR,0,22,30.84000
30.2140,1007,17,30,0.03000,FL,0,13,30.60000
30.2140,1007,17,30,0.03000,BL,0,6,30.39000
30.2140,1007,17,30,0.03000,BL,1,36,31.29000
30.2140,1007,17,30,0.03000,FR,0,28,31.05000
30.2140,1007,17,30,0.03000,BR,0,21,30.84000
30.2220,1007,17,30,0.03000,FL,0,13,30.60000
30.2220,1007,17,30,0.03000,BL,0,6,30.39000
30.2220,1007,17,30,0.03000,BL,1,36,31.29000
30.2220,1007,17,30,0.03000,FR,0,28,31.05000
30.2220,1007,17,30,0.03000,BR,0,21,30.84000
30.2340,1007,17,30,0.03000,FL,0,13,30.60000
30.2340,1007,17,30,0.03000,BL,0,6,30.39000
30.2340,1007,17,30,0.03000,BL,1,36,31.29000
30.2340,1007,17,30,0.03000,FR,0,28,31.05000
30.2340,1007,17,30,0.03000,BR,0,21,30.84000
30.2420,1008,18,30,0.03000,FL,0,12,30.60000
30.2420,1008,18,30,0.03000,BL,0,5,30.39000
30.2420,1008,18,30,0.03000,BL,1,35,31.29000
30.2420,1008,18,30,0.03000,FR,0,27,31.05000
30.2420,1008,18,30,0.03000,BR,0,20,30.84000
30.2520,1008,18,30,0.03000,FL,0,12,30.60000
30.2520,1008,18,30,0.03000,BL,0,5,30.39000
30.2520,1008,18,30,0.03000,BL,1,35,31.29000
30.2520,1008,18,30,0.03000,FR,0,27,31.05000
30.2520,1008,18,30,0.03000,BR,0,20,30.84000
30.2620,1008,18,30,0.03000,FL,0,12,30.60000
30.2620,1008,18,30,0.03000,BL,0,5,30.39000
30.2620,1008,18,30,0.03000,BL,1,35,31.29000
30.2620,1008,18,30,0.03000,FR,0,27,31.05000
30.2620,1008,18,30,0.03000,BR,0,20,30.84000
30.2720,1009,19,30,0.03000,FL,0,11,30.60000
30.2720,1009,19,30,0.03000,BL,0,4,30.39000
30.2720,1009,19,30,0.03000,BL,1,34,31.29000
30.2720,1009,19,30,0.03000,FR,0,26,31.05000
30.2720,1009,19,30,0.03000,BR,0,19,30.84000
30.2800,1009,19,30,0.03000,FL,0,11,30.60000
30.2800,1009,19,30,0.03000,BL,0,4,30.39000
30.2800,1009,19,30,0.03000,BL,1,34,31.29000
30.2800,1009,19,30,0.03000,FR,0,26,31.05000
30.2800,1009,19,30,0.03000,BR,0,19,30.84000
30.2920,1009,19,30,0.03000,FL,0,11,30.60000
30.2920,1009,19,30,0.03000,BL,0,4,30.39000
30.2920,1009,19,30,0.03000,BL,1,34,31.29000
30.2920,1009,19,30,0.03000,FR,0,26,31.05000
30.2920,1009,19,30,0.03000,BR,0,19,30.84000
30.3000,1010,20,30,0.03000,FL,0,10,30.60000
30.3000,1010,20,30,0.03000,BL,0,3,30.39000
30.3000,1010,20,30,0.03000,BL,1,33,31.29000
30.3000,1010,20,30,0.03000,FR,0,25,31.05000
30.3000,1010,20,30,0.03000,BR,0,18,30.84000
30.3100,1010,20,30,0.03000,FL,0,10,30.60000
30.3100,1010,20,30,0.03000,BL,0,3,30.39000
30.3100,1010,20,30,0.03000,BL,1,33,31.29000
30.3100,1010,20,30,0.03000,FR,0,25,31.05000
30.3100,1010,20,30,0.03000,BR,0,18,30.84000
30.3200,1010,20,30,0.03000,FL,0,10,30.60000
30.3200,1010,20,30,0.03000,BL,0,3,30.39000
30.3200,1010,20,30,0.03000,BL,1,33,31.29000
30.3200,1010,20,30,0.03000,FR,0,25,31.05000
30.3200,1010,20,30,0.03000,BR,0,18,30.84000
30.3300,1011,21,30,0.03000,FL,0,9,30.60000
30.3300,1011,21,30,0.03000,FL,1,39,31.50000
30.3300,1011,21,30,0.03000,BL,0,2,30.39000
30.3300,1011,21,30,0.03000,BL,1,32,31.29000
30.3300,1011,21,30,0.03000,FR,0,24,31.05000
30.3300,1011,21,30,0.03000,BR,0,17,30.84000
30.3380,1011,21,30,0.03000,FL,0,9,30.60000
30.3380,1011,21,30,0.03000,FL,1,39,31.50000
30.3380,1011,21,30,0.03000,BL,0,2,30.39000
30.3380,1011,21,30,0.03000,BL,1,32,31.29000
30.3380,1011,21,30,0.03000,FR,0,24,31.05000
30.3380,1011,21,30,0.03000,BR,0,17,30.84000
30.3500,1011,21,30,0.03000,FL,0,9,30.60000
30.3500,1011,21,30,0.03000,FL,1,39,31.50000
30.3500,1011,21,30,0.03000,BL,0,2,30.39000
30.3500,1011,21,30,0.03000,BL,1,32,31.29000
30.3500,1011,21,30,0.03000,FR,0,24,31.05000
30.3500,1011,21,30,0.03000,BR,0,17,30.84000
30.3580,1011,21,30,0.03000,FL,0,9,30.60000
30.3580,1011,21,30,0.03000,FL,1,39,31.50000
30.3580,1011,21,30,0.03000,BL,0,2,30.39000
30.3580,1011,21,30,0.03000,BL,1,32,31.29000
30.3580,1011,21,30,0.03000,FR,0,24,31.05000
30.3580,1011,21,30,0.03000,BR,0,17,30.84000
30.3680,1012,22,30,0.03000,FL,0,8,30.60000
30.3680,1012,22,30,0.03000,FL,1,38,31.50000
30.3680,1012,22,30,0.03000,BL,0,1,30.39000
30.3680,1012,22,30,0.03000,BL,1,31,31.29000
30.3680,1012,22,30,0.03000,FR,0,23,31.05000
30.3680,1012,22,30,0.03000,BR,0,16,30.84000
30.3900,1013,23,30,0.03000,FL,0,7,30.60000
30.3900,1013,23,30,0.03000,FL,1,37,31.50000
30.3900,1013,23,30,0.03000,BL,0,30,31.29000
30.3900,1013,23,30,0.03000,FR,0,22,31.05000
30.3900,1013,23,30,0.03000,BR,0,15,30.84000
30.4020,1013,23,30,0.03000,FL,0,7,30.60000
30.4020,1013,23,30,0.03000,FL,1,37,31.50000
30.4020,1013,23,30,0.03000,BL,0,30,31.29000
30.4020,1013,23,30,0.03000,FR,0,22,31.05000
30.4020,1013,23,30,0.03000,BR,0,15,30.84000
30.4140,1013,23,30,0.03000,FL,0,7,30.60000
30.4140,1013,23,30,0.03000,FL,1,37,31.50000
30.4140,1013,23,30,0.03000,BL,0,30,31.29000
30.4140,1013,23,30,0.03000,FR,0,22,31.05000
30.4140,1013,23,30,0.03000,BR,0,15,30.84000
30.4240,1014,24,30,0.03000,FL,0,6,30.60000
30.4240,1014,24,30,0.03000,FL,1,36,31.50000
30.4240,1014,24,30,0.03000,BL,0,29,31.29000
30.4240,1014,24,30,0.03000,FR,0,21,31.05000
30.4240,1014,24,30,0.03000,BR,0,14,30.84000
30.4340,1014,24,30,0.03000,FL,0,6,30.60000
30.4340,1014,24,30,0.03000,FL,1,36,31.50000
30.4340,1014,24,30,0.03000,BL,0,29,31.29000
30.4340,1014,24,30,0.03000,FR,0,21,31.05000
30.4340,1014,24,30,0.03000,BR,0,14,30.84000
30.4440,1014,24,30,0.03000,FL,0,6,30.60000
30.4440,1014,24,30,0.03000,FL,1,36,31.50000
30.4440,1014,24,30,0.03000,BL,0,29,31.29000
30.4440,1014,24,30,0.03000,FR,0,21,31.05000
30.4440,1014,24,30,0.03000,BR,0,14,30.84000
30.4540,1015,25,30,0.03000,FL,0,5,30.60000
30.4540,1015,25,30,0.03000,FL,1,35,31.50000
30.4540,1015,25,30,0.03000,BL,0,28,31.29000
30.4540,1015,25,30,0.03000,FR,0,20,31.05000
30.4540,1015,25,30,0.03000,BR,0,13,30.84000
30.4660,1015,25,30,0.03000,FL,0,5,30.60000
30.4660,1015,25,30,0.03000,FL,1,35,31.50000
30.4660,1015,25,30,0.03000,BL,0,28,31.29000
30.4660,1015,25,30,0.03000,FR,0,20,31.05000
30.4660,1015,25,30,0.03000,BR,0,13,30.84000
30.4780,1015,25,30,0.03000,FL,0,5,30.60000
30.4780,1015,25,30,0.03000,FL,1,35,31.50000
30.4780,1015,25,30,0.03000,BL,0,28,31.29000
30.4780,1015,25,30,0.03000,FR,0,20,31.05000
30.4780,1015,25,30,0.03000,BR,0,13,30.84000
30.4920,1016,26,30,0.03000,FL,0,4,30.60000
30.4920,1016,26,30,0.03000,FL,1,34,31.50000
30.4920,1016,26,30,0.03000,BL,0,27,31.29000
30.4920,1016,26,30,0.03000,FR,0,19,31.05000
30.4920,1016,26,30,0.03000,BR,0,12,30.84000
30.5020,1016,26,30,0.03000,FL,0,4,30.60000
30.5020,1016,26,30,0.03000,FL,1,34,31.50000
30.5020,1016,26,30,0.03000,BL,0,27,31.29000
30.5020,1016,26,30,0.03000,FR,0,19,31.05000
30.5020,1016,26,30,0.03000,BR,0,12,30.84000
30.5120,1017,27,30,0.03000,FL,0,3,30.60000
30.5120,1017,27,30,0.03000,FL,1,33,31.50000
30.5120,1017,27,30,0.03000,BL,0,26,31.29000
30.5120,1017,27,30,0.03000,FR,0,18,31.05000
30.5120,1017,27,30,0.03000,BR,0,11,30.84000
30.5280,1017,27,30,0.03000,FL,0,3,30.60000
30.5280,1017,27,30,0.03000,FL,1,33,31.50000
30.5280,1017,27,30,0.03000,BL,0,26,31.29000
30.5280,1017,27,30,0.03000,FR,0,18,31.05000
30.5280,1017,27,30,0.03000,BR,0,11,30.84000
30.5420,1018,28,30,0.03000,FL,0,2,30.60000
30.5420,1018,28,30,0.03000,FL,1,32,31.50000
30.5420,1018,28,30,0.03000,BL,0,25,31.29000
30.5420,1018,28,30,0.03000,FR,0,17,31.05000
30.5420,1018,28,30,0.03000,BR,0,10,30.84000
30.5580,1018,28,30,0.03000,FL,0,2,30.60000
30.5580,1018,28,30,0.03000,FL,1,32,31.50000
30.5580,1018,28,30,0.03000,BL,0,25,31.29000
30.5580,1018,28,30,0.03000,FR,0,17,31.05000
30.5580,1018,28,30,0.03000,BR,0,10,30.84000
30.5700,1019,29,30,0.03000,FL,0,1,30.60000
30.5700,1019,29,30,0.03000,FL,1,31,31.50000
30.5700,1019,29,30,0.03000,BL,0,24,31.29000
30.5700,1019,29,30,0.03000,FR,0,16,31.05000
30.5700,1019,29,30,0.03000,BR,0,9,30.84000
30.5700,1019,29,30,0.03000,BR,1,39,31.74000
30.5820,1019,29,30,0.03000,FL,0,1,30.60000
30.5820,1019,29,30,0.03000,FL,1,31,31.50000
30.5820,1019,29,30,0.03000,BL,0,24,31.29000
30.5820,1019,29,30,0.03000,FR,0,16,31.05000
30.5820,1019,29,30,0.03000,BR,0,9,30.84000
30.5820,1019,29,30,0.03000,BR,1,39,31.74000
30.5900,1019,29,30,0.03000,FL,0,1,30.60000
30.5900,1019,29,30,0.03000,FL,1,31,31.50000
30.5900,1019,29,30,0.03000,BL,0,24,31.29000
30.5900,1019,29,30,0.03000,FR,0,16,31.05000
30.5900,1019,29,30,0.03000,BR,0,9,30.84000
30.5900,1019,29,30,0.03000,BR,1,39,31.74000
30.6000,1020,0,30,0.03000,FL,0,30,31.50000
30.6000,1020,0,30,0.03000,BL,0,23,31.29000
30.6000,1020,0,30,0.03000,FR,0,15,31.05000
30.6000,1020,0,30,0.03000,BR,0,8,30.84000
30.6000,1020,0,30,0.03000,BR,1,38,31.74000
30.6240,1020,0,30,0.03000,FL,0,30,31.50000
30.6240,1020,0,30,0.03000,BL,0,23,31.29000
30.6240,1020,0,30,0.03000,FR,0,15,31.05000
30.6240,1020,0,30,0.03000,BR,0,8,30.84000
30.6240,1020,0,30,0.03000,BR,1,38,31.74000
30.6340,1021,1,30,0.03000,FL,0,29,31.50000
30.6340,1021,1,30,0.03000,BL,0,22,31.29000
30.6340,1021,1,30,0.03000,FR,0,14,31.05000
30.6340,1021,1,30,0.03000,BR,0,7,30.84000
30.6340,1021,1,30,0.03000,BR,1,37,31.74000
30.6460,1021,1,30,0.03000,FL,0,29,31.50000
30.6460,1021,1,30,0.03000,BL,0,22,31.29000
30.6460,1021,1,30,0.03000,FR,0,14,31.05000
30.6460,1021,1,30,0.03000,BR,0,7,30.84000
30.6460,1021,1,30,0.03000,BR,1,37,31.74000
30.6540,1021,1,30,0.03000,FL,0,29,31.50000
30.6540,1021,1,30,0.03000,BL,0,22,31.29000
30.6540,1021,1,30,0.03000,FR,0,14,31.05000
30.6540,1021,1,30,0.03000,BR,0,7,30.84000
30.6540,1021,1,30,0.03000,BR,1,37,31.74000
30.6640,1022,2,30,0.03000,FL,0,28,31.50000
30.6640,1022,2,30,0.03000,BL,0,21,31.29000
30.6640,1022,2,30,0.03000,FR,0,13,31.05000
30.6640,1022,2,30,0.03000,BR,0,6,30.84000
30.6640,1022,2,30,0.03000,BR,1,36,31.74000
30.6740,1022,2,30,0.03000,FL,0,28,31.50000
30.6740,1022,2,30,0.03000,BL,0,21,31.29000
30.6740,1022,2,30,0.03000,FR,0,13,31.05000
30.6740,1022,2,30,0.03000,BR,0,6,30.84000
30.6740,1022,2,30,0.03000,BR,1,36,31.74000
30.6840,1022,2,30,0.03000,FL,0,28,31.50000
30.6840,1022,2,30,0.03000,BL,0,21,31.29000
30.6840,1022,2,30,0.03000,FR,0,13,31.05000
30.6840,1022,2,30,0.03000,BR,0,6,30.84000
30.6840,1022,2,30,0.03000,BR,1,36,31.74000
30.6960,1023,3,30,0.03000,FL,0,27,31.50000
30.6960,1023,3,30,0.03000,BL,0,20,31.29000
30.6960,1023,3,30,0.03000,FR,0,12,31.05000
30.6960,1023,3,30,0.03000,BR,0,5,30.84000
30.6960,1023,3,30,0.03000,BR,1,35,31.74000
30.7080,1023,3,30,0.03000,FL,0,27,31.50000
30.7080,1023,3,30,0.03000,BL,0,20,31.29000
30.7080,1023,3,30,0.03000,FR,0,12,31.05000
30.7080,1023,3,30,0.03000,BR,0,5,30.84000
30.7080,1023,3,30,0.03000,BR,1,35,31.74000
30.7260,1024,4,30,0.03000,FL,0,26,31.50000
30.7260,1024,4,30,0.03000,BL,0,19,31.29000
30.7260,1024,4,30,0.03000,FR,0,11,31.05000
30.7260,1024,4,30,0.03000,BR,0,4,30.84000
30.7260,1024,4,30,0.03000,BR,1,34,31.74000
30.7340,1024,4,30,0.03000,FL,0,26,31.50000
30.7340,1024,4,30,0.03000,BL,0,19,31.29000
30.7340,1024,4,30,0.03000,FR,0,11,31.05000
30.7340,1024,4,30,0.03000,BR,0,4,30.84000
30.7340,1024,4,30,0.03000,BR,1,34,31.74000
30.7440,1024,4,30,0.03000,FL,0,26,31.50000
30.7440,1024,4,30,0.03000,BL,0,19,31.29000
30.7440,1024,4,30,0.03000,FR,0,11,31.05000
30.7440,1024,4,30,0.03000,BR,0,4,30.84000
30.7440,1024,4,30,0.03000,BR,1,34,31.74000
30.7540,1025,5,30,0.03000,FL,0,25,31.50000
30.7540,1025,5,30,0.03000,BL,0,18,31.29000
30.7540,1025,5,30,0.03000,FR,0,10,31.05000
30.7540,1025,5,30,0.03000,BR,0,3,30.84000
30.7540,1025,5,30,0.03000,BR,1,33,31.74000
30.7660,1025,5,30,0.03000,FL,0,25,31.50000
30.7660,1025,5,30,0.03000,BL,0,18,31.29000
30.7660,1025,5,30,0.03000,FR,0,10,31.05000
30.7660,1025,5,30,0.03000,BR,0,3,30.84000
30.7660,1025,5,30,0.03000,BR,1,33,31.74000
30.7760,1025,5,30,0.03000,FL,0,25,31.50000
30.7760,1025,5,30,0.03000,BL,0,18,31.29000
30.7760,1025,5,30,0.03000,FR,0,10,31.05000
30.7760,1025,5,30,0.03000,BR,0,3,30.84000
30.7760,1025,5,30,0.03000,BR,1,33,31.74000
30.7860,1026,6,30,0.03000,FL,0,24,31.50000
30.7860,1026,6,30,0.03000,BL,0,17,31.29000
30.7860,1026,6,30,0.03000,FR,0,9,31.05000
30.7860,1026,6,30,0.03000,FR,1,39,31.95000
30.7860,1026,6,30,0.03000,BR,0,2,30.84000
30.7860,1026,6,30,0.03000,BR,1,32,31.74000
30.8020,1026,6,30,0.03000,FL,0,24,31.50000
30.8020,1026,6,30,0.03000,BL,0,17,31.29000
30.8020,1026,6,30,0.03000,FR,0,9,31.05000
30.8020,1026,6,30,0.03000,FR,1,39,31.95000
30.8020,1026,6,30,0.03000,BR,0,2,30.84000
30.8020,1026,6,30,0.03000,BR,1,32,31.74000
30.8120,1027,7,30,0.03000,FL,0,23,31.50000
30.8120,1027,7,30,0.03000,BL,0,16,31.29000
30.8120,1027,7,30,0.03000,FR,0,8,31.05000
30.8120,1027,7,30,0.03000,FR,1,38,31.95000
30.8120,1027,7,30,0.03000,BR,0,1,30.84000
30.8120,1027,7,30,0.03000,BR,1,31,31.74000
30.8320,1027,7,30,0.03000,FL,0,23,31.50000
30.8320,1027,7,30,0.03000,BL,0,16,31.29000
30.8320,1027,7,30,0.03000,FR,0,8,31.05000
30.8320,1027,7,30,0.03000,FR,1,38,31.95000
30.8320,1027,7,30,0.03000,BR,0,1,30.84000
30.8320,1027,7,30,0.03000,BR,1,31,31.74000
30.8440,1028,8,30,0.03000,FL,0,22,31.50000
30.8440,1028,8,30,0.03000,BL,0,15,31.29000
30.8440,1028,8,30,0.03000,FR,0,7,31.05000
30.8440,1028,8,30,0.03000,FR,1,37,31.95000
30.8440,1028,8,30,0.03000,BR,0,30,31.74000
30.8540,1028,8,30,0.03000,FL,0,22,31.50000
30.8540,1028,8,30,0.03000,BL,0,15,31.29000
30.8540,1028,8,30,0.03000,FR,0,7,31.05000
30.8540,1028,8,30,0.03000,FR,1,37,31.95000
30.8540,1028,8,30,0.03000,BR,0,30,31.74000
30.8660,1028,8,30,0.03000,FL,0,22,31.50000
30.8660,1028,8,30,0.03000,BL,0,15,31.29000
30.8660,1028,8,30,0.03000,FR,0,7,31.05000
30.8660,1028,8,30,0.03000,FR,1,37,31.95000
30.8660,1028,8,30,0.03000,BR,0,30,31.74000
30.8760,1029,9,30,0.03000,FL,0,21,31.50000
30.8760,1029,9,30,0.03000,BL,0,14,31.29000
30.8760,1029,9,30,0.03000,FR,0,6,31.05000
30.8760,1029,9,30,0.03000,FR,1,36,31.95000
30.8760,1029,9,30,0.03000,BR,0,29,31.74000
30.8860,1029,9,30,0.03000,FL,0,21,31.50000
30.8860,1029,9,30,0.03000,BL,0,14,31.29000
30.8860,1029,9,30,0.03000,FR,0,6,31.05000
30.8860,1029,9,30,0.03000,FR,1,36,31.95000
30.8860,1029,9,30,0.03000,BR,0,29,31.74000
30.8960,1029,9,30,0.03000,FL,0,21,31.50000
30.8960,1029,9,30,0.03000,BL,0,14,31.29000
30.8960,1029,9,30,0.03000,FR,0,6,31.05000
30.8960,1029,9,30,0.03000,FR,1,36,31.95000
30.8960,1029,9,30,0.03000,BR,0,29,31.74000
30.9060,1030,10,30,0.03000,FL,0,20,31.50000
30.9060,1030,10,30,0.03000,BL,0,13,31.29000
30.9060,1030,10,30,0.03000,FR,0,5,31.05000
30.9060,1030,10,30,0.03000,FR,1,35,31.95000
30.9060,1030,10,30,0.03000,BR,0,28,31.74000
30.9140,1030,10,30,0.03000,FL,0,20,31.50000
30.9140,1030,10,30,0.03000,BL,0,13,31.29000
30.9140,1030,10,30,0.03000,FR,0,5,31.05000
30.9140,1030,10,30,0.03000,FR,1,35,31.95000
30.9140,1030,10,30,0.03000,BR,0,28,31.74000
30.9260,1030,10,30,0.03000,FL,0,20,31.50000
30.9260,1030,10,30,0.03000,BL,0,13,31.29000
30.9260,1030,10,30,0.03000,FR,0,5,31.05000
30.9260,1030,10,30,0.03000,FR,1,35,31.95000
30.9260,1030,10,30,0.03000,BR,0,28,31.74000
30.9340,1031,11,30,0.03000,FL,0,19,31.50000
30.9340,1031,11,30,0.03000,BL,0,12,31.29000
30.9340,1031,11,30,0.03000,FR,0,4,31.05000
30.9340,1031,11,30,0.03000,FR,1,34,31.95000
30.9340,1031,11,30,0.03000,BR,0,27,31.74000
30.9440,1031,11,30,0.03000,FL,0,19,31.50000
30.9440,1031,11,30,0.03000,BL,0,12,31.29000
30.9440,1031,11,30,0.03000,FR,0,4,31.05000
30.9440,1031,11,30,0.03000,FR,1,34,31.95000
30.9440,1031,11,30,0.03000,BR,0,27,31.74000
30.9540,1031,11,30,0.03000,FL,0,19,31.50000
30.9540,1031,11,30,0.03000,BL,0,12,31.29000
30.9540,1031,11,30,0.03000,FR,0,4,31.05000
30.9540,1031,11,30,0.03000,FR,1,34,31.95000
30.9540,1031,11,30,0.03000,BR,0,27,31.74000
30.9660,1032,12,30,0.03000,FL,0,18,31.50000
30.9660,1032,12,30,0.03000,BL,0,11,31.29000
30.9660,1032,12,30,0.03000,FR,0,3,31.05000
30.9660,1032,12,30,0.03000,FR,1,33,31.95000
30.9660,1032,12,30,0.03000,BR,0,26,31.74000
30.9740,1032,12,30,0.03000,FL,0,18,31.50000
30.9740,1032,12,30,0.03000,BL,0,11,31.29000
30.9740,1032,12,30,0.03000,FR,0,3,31.05000
30.9740,1032,12,30,0.03000,FR,1,33,31.95000
30.9740,1032,12,30,0.03000,BR,0,26,31.74000
30.9840,1032,12,30,0.03000,FL,0,18,31.50000
30.9840,1032,12,30,0.03000,BL,0,11,31.29000
30.9840,1032,12,30,0.03000,FR,0,3,31.05000
30.9840,1032,12,30,0.03000,FR,1,33,31.95000
30.9840,1032,12,30,0.03000,BR,0,26,31.74000
30.9940,1033,13,30,0.03000,FL,0,17,31.50000
30.9940,1033,13,30,0.03000,BL,0,10,31.29000
30.9940,1033,13,30,0.03000,FR,0,2,31.05000
30.9940,1033,13,30,0.03000,FR,1,32,31.95000
30.9940,1033,13,30,0.03000,BR,0,25,31.74000
31.0040,1033,13,30,0.03000,FL,0,17,31.50000
31.0040,1033,13,30,0.03000,BL,0,10,31.29000
31.0040,1033,13,30,0.03000,FR,0,2,31.05000
31.0040,1033,13,30,0.03000,FR,1,32,31.95000
31.0040,1033,13,30,0.03000,BR,0,25,31.74000
31.0140,1033,13,30,0.03000,FL,0,17,31.50000
31.0140,1033,13,30,0.03000,BL,0,10,31.29000
31.0140,1033,13,30,0.03000,FR,0,2,31.05000
31.0140,1033,13,30,0.03000,FR,1,32,31.95000
31.0140,1033,13,30,0.03000,BR,0,25,31.74000
31.0240,1034,14,30,0.03000,FL,0,16,31.50000
31.0240,1034,14,30,0.03000,BL,0,9,31.29000
31.0240,1034,14,30,0.03000,BL,1,39,32.19000
31.0240,1034,14,30,0.03000,FR,0,1,31.05000
31.0240,1034,14,30,0.03000,FR,1,31,31.95000
31.0240,1034,14,30,0.03000,BR,0,24,31.74000
31.0320,1034,14,30,0.03000,FL,0,16,31.50000
31.0320,1034,14,30,0.03000,BL,0,9,31.29000
31.0320,1034,14,30,0.03000,BL,1,39,32.19000
31.0320,1034,14,30,0.03000,FR,0,1,31.05000
31.0320,1034,14,30,0.03000,FR,1,31,31.95000
31.0320,1034,14,30,0.03000,BR,0,24,31.74000
31.0420,1034,14,30,0.03000,FL,0,16,31.50000
31.0420,1034,14,30,0.03000,BL,0,9,31.29000
31.0420,1034,14,30,0.03000,BL,1,39,32.19000
31.0420,1034,14,30,0.03000,FR,0,1,31.05000
31.0420,1034,14,30,0.03000,FR,1,31,31.95000
31.0420,1034,14,30,0.03000,BR,0,24,31.74000
31.0520,1035,15,30,0.03000,FL,0,15,31.50000
31.0520,1035,15,30,0.03000,BL,0,8,31.29000
31.0520,1035,15,30,0.03000,BL,1,38,32.19000
31.0520,1035,15,30,0.03000,FR,0,30,31.95000
31.0520,1035,15,30,0.03000,BR,0,23,31.74000
31.0720,1035,15,30,0.03000,FL,0,15,31.50000
31.0720,1035,15,30,0.03000,BL,0,8,31.29000
31.0720,1035,15,30,0.03000,BL,1,38,32.19000
31.0720,1035,15,30,0.03000,FR,0,30,31.95000
31.0720,1035,15,30,0.03000,BR,0,23,31.74000
31.0800,1036,16,30,0.03000,FL,0,14,31.50000
31.0800,1036,16,30,0.03000,BL,0,7,31.29000
31.0800,1036,16,30,0.03000,BL,1,37,32.19000
31.0800,1036,16,30,0.03000,FR,0,29,31.95000
31.0800,1036,16,30,0.03000,BR,0,22,31.74000
31.0920,1036,16,30,0.03000,FL,0,14,31.50000
31.0920,1036,16,30,0.03000,BL,0,7,31.29000
31.0920,1036,16,30,0.03000,BL,1,37,32.19000
31.0920,1036,16,30,0.03000,FR,0,29,31.95000
31.0920,1036,16,30,0.03000,BR,0,22,31.74000
31.1000,1036,16,30,0.03000,FL,0,14,31.50000
31.1000,1036,16,30,0.03000,BL,0,7,31.29000
31.1000,1036,16,30,0.03000,BL,1,37,32.19000
31.1000,1036,16,30,0.03000,FR,0,29,31.95000
31.1000,1036,16,30,0.03000,BR,0,22,31.74000
31.1100,1037,17,30,0.03000,FL,0,13,31.50000
31.1100,1037,17,30,0.03000,BL,0,6,31.29000
31.1100,1037,17,30,0.03000,BL,1,36,32.19000
31.1100,1037,17,30,0.03000,FR,0,28,31.95000
31.1100,1037,17,30,0.03000,BR,0,21,31.74000
31.1200,1037,17,30,0.03000,FL,0,13,31.50000
31.1200,1037,17,30,0.03000,BL,0,6,31.29000
31.1200,1037,17,30,0.03000,BL,1,36,32.19000
31.1200,1037,17,30,0.03000,FR,0,28,31.95000
31.1200,1037,17,30,0.03000,BR,0,21,31.74000
31.1300,1037,17,30,0.03000,FL,0,13,31.50000
31.1300,1037,17,30,0.03000,BL,0,6,31.29000
31.1300,1037,17,30,0.03000,BL,1,36,32.19000
31.1300,1037,17,30,0.03000,FR,0,28,31.95000
31.1300,1037,17,30,0.03000,BR,0,21,31.74000
31.1400,1038,18,30,0.03000,FL,0,12,31.50000
31.1400,1038,18,30,0.03000,BL,0,5,31.29000
31.1400,1038,18,30,0.03000,BL,1,35,32.19000
31.1400,1038,18,30,0.03000,FR,0,27,31.95000
31.1400,1038,18,30,0.03000,BR,0,20,31.74000
31.1500,1038,18,30,0.03000,FL,0,12,31.50000
31.1500,1038,18,30,0.03000,BL,0,5,31.29000
31.1500,1038,18,30,0.03000,BL,1,35,32.19000
31.1500,1038,18,30,0.03000,FR,0,27,31.95000
31.1500,1038,18,30,0.03000,BR,0,20,31.74000
31.1600,1038,18,30,0.03000,FL,0,12,31.50000
31.1600,1038,18,30,0.03000,BL,0,5,31.29000
31.1600,1038,18,30,0.03000,BL,1,35,32.19000
31.1600,1038,18,30,0.03000,FR,0,27,31.95000
31.1600,1038,18,30,0.03000,BR,0,20,31.74000
31.1680,1038,18,30,0.03000,FL,0,12,31.50000
31.1680,1038,18,30,0.03000,BL,0,5,31.29000
31.1680,1038,18,30,0.03000,BL,1,35,32.19000
31.1680,1038,18,30,0.03000,FR,0,27,31.95000
31.1680,1038,18,30,0.03000,BR,0,20,31.74000
31.1800,1039,19,30,0.03000,FL,0,11,31.50000
31.1800,1039,19,30,0.03000,BL,0,4,31.29000
31.1800,1039,19,30,0.03000,BL,1,34,32.19000
31.1800,1039,19,30,0.03000,FR,0,26,31.95000
31.1800,1039,19,30,0.03000,BR,0,19,31.74000
31.1900,1039,19,30,0.03000,FL,0,11,31.50000
31.1900,1039,19,30,0.03000,BL,0,4,31.29000
31.1900,1039,19,30,0.03000,BL,1,34,32.19000
31.1900,1039,19,30,0.03000,FR,0,26,31.95000
31.1900,1039,19,30,0.03000,BR,0,19,31.74000
31.2020,1040,20,30,0.03000,FL,0,10,31.50000
31.2020,1040,20,30,0.03000,BL,0,3,31.29000
31.2020,1040,20,30,0.03000,BL,1,33,32.19000
31.2020,1040,20,30,0.03000,FR,0,25,31.95000
31.2020,1040,20,30,0.03000,BR,0,18,31.74000
31.2120,1040,20,30,0.03000,FL,0,10,31.50000
31.2120,1040,20,30,0.03000,BL,0,3,31.29000
31.2120,1040,20,30,0.03000,BL,1,33,32.19000
31.2120,1040,20,30,0.03000,FR,0,25,31.95000
31.2120,1040,20,30,0.03000,BR,0,18,31.74000
31.2240,1040,20,30,0.03000,FL,0,10,31.50000
31.2240,1040,20,30,0.03000,BL,0,3,31.29000
31.2240,1040,20,30,0.03000,BL,1,33,32.19000
31.2240,1040,20,30,0.03000,FR,0,25,31.95000
31.2240,1040,20,30,0.03000,BR,0,18,31.74000
31.2340,1041,21,30,0.03000,FL,0,9,31.50000
31.2340,1041,21,30,0.03000,FL,1,39,32.40000
31.2340,1041,21,30,0.03000,BL,0,2,31.29000
31.2340,1041,21,30,0.03000,BL,1,32,32.19000
31.2340,1041,21,30,0.03000,FR,0,24,31.95000
31.2340,1041,21,30,0.03000,BR,0,17,31.74000
31.2440,1041,21,30,0.03000,FL,0,9,31.50000
31.2440,1041,21,30,0.03000,FL,1,39,32.40000
31.2440,1041,21,30,0.03000,BL,0,2,31.29000
31.2440,1041,21,30,0.03000,BL,1,32,32.19000
31.2440,1041,21,30,0.03000,FR,0,24,31.95000
31.2440,1041,21,30,0.03000,BR,0,17,31.74000
31.2560,1041,21,30,0.03000,FL,0,9,31.50000
31.2560,1041,21,30,0.03000,FL,1,39,32.40000
31.2560,1041,21,30,0.03000,BL,0,2,31.29000
31.2560,1041,21,30,0.03000,BL,1,32,32.19000
31.2560,1041,21,30,0.03000,FR,0,24,31.95000
31.2560,1041,21,30,0.03000,BR,0,17,31.74000
31.2640,1042,22,30,0.03000,FL,0,8,31.50000
31.2640,1042,22,30,0.03000,FL,1,38,32.40000
31.2640,1042,22,30,0.03000,BL,0,1,31.29000
31.2640,1042,22,30,0.03000,BL,1,31,32.19000
31.2640,1042,22,30,0.03000,FR,0,23,31.95000
31.2640,1042,22,30,0.03000,BR,0,16,31.74000
31.2940,1043,23,30,0.03000,FL,0,7,31.50000
31.2940,1043,23,30,0.03000,FL,1,37,32.40000
31.2940,1043,23,30,0.03000,BL,0,30,32.19000
31.2940,1043,23,30,0.03000,FR,0,22,31.95000
31.2940,1043,23,30,0.03000,BR,0,15,31.74000
31.3060,1043,23,30,0.03000,FL,0,7,31.50000
31.3060,1043,23,30,0.03000,FL,1,37,32.40000
31.3060,1043,23,30,0.03000,BL,0,30,32.19000
31.3060,1043,23,30,0.03000,FR,0,22,31.95000
31.3060,1043,23,30,0.03000,BR,0,15,31.74000
31.3180,1043,23,30,0.03000,FL,0,7,31.50000
31.3180,1043,23,30,0.03000,FL,1,37,32.40000
31.3180,1043,23,30,0.03000,BL,0,30,32.19000
31.3180,1043,23,30,0.03000,FR,0,22,31.95000
31.3180,1043,23,30,0.03000,BR,0,15,31.74000
31.3300,1044,24,30,0.03000,FL,0,6,31.50000
31.3300,1044,24,30,0.03000,FL,1,36,32.40000
31.3300,1044,24,30,0.03000,BL,0,29,32.19000
31.3300,1044,24,30,0.03000,FR,0,21,31.95000
31.3300,1044,24,30,0.03000,BR,0,14,31.74000
31.3440,1044,24,30,0.03000,FL,0,6,31.50000
31.3440,1044,24,30,0.03000,FL,1,36,32.40000
31.3440,1044,24,30,0.03000,BL,0,29,32.19000
31.3440,1044,24,30,0.03000,FR,0,21,31.95000
31.3440,1044,24,30,0.03000,BR,0,14,31.74000
31.3540,1045,25,30,0.03000,FL,0,5,31.50000
31.3540,1045,25,30,0.03000,FL,1,35,32.40000
31.3540,1045,25,30,0.03000,BL,0,28,32.19000
31.3540,1045,25,30,0.03000,FR,0,20,31.95000
31.3540,1045,25,30,0.03000,BR,0,13,31.74000
31.3660,1045,25,30,0.03000,FL,0,5,31.50000
31.3660,1045,25,30,0.03000,FL,1,35,32.40000
31.3660,1045,25,30,0.03000,BL,0,28,32.19000
31.3660,1045,25,30,0.03000,FR,0,20,31.95000
31.3660,1045,25,30,0.03000,BR,0,13,31.74000
31.3760,1045,25,30,0.03000,FL,0,5,31.50000
31.3760,1045,25,30,0.03000,FL,1,35,32.40000
31.3760,1045,25,30,0.03000,BL,0,28,32.19000
31.3760,1045,25,30,0.03000,FR,0,20,31.95000
31.3760,1045,25,30,0.03000,BR,0,13,31.74000
31.3860,1046,26,30,0.03000,FL,0,4,31.50000
31.3860,1046,26,30,0.03000,FL,1,34,32.40000
31.3860,1046,26,30,0.03000,BL,0,27,32.19000
31.3860,1046,26,30,0.03000,FR,0,19,31.95000
31.3860,1046,26,30,0.03000,BR,0,12,31.74000
31.3960,1046,26,30,0.03000,FL,0,4,31.50000
31.3960,1046,26,30,0.03000,FL,1,34,32.40000
31.3960,1046,26,30,0.03000,BL,0,27,32.19000
31.3960,1046,26,30,0.03000,FR,0,19,31.95000
31.3960,1046,26,30,0.03000,BR,0,12,31.74000
31.4080,1046,26,30,0.03000,FL,0,4,31.50000
31.4080,1046,26,30,0.03000,FL,1,34,32.40000
31.4080,1046,26,30,0.03000,BL,0,27,32.19000
31.4080,1046,26,30,0.03000,FR,0,19,31.95000
31.4080,1046,26,30,0.03000,BR,0,12,31.74000
31.4180,1047,27,30,0.03000,FL,0,3,31.50000
31.4180,1047,27,30,0.03000,FL,1,33,32.40000
31.4180,1047,27,30,0.03000,BL,0,26,32.19000
31.4180,1047,27,30,0.03000,FR,0,18,31.95000
31.4180,1047,27,30,0.03000,BR,0,11,31.74000
31.4280,1047,27,30,0.03000,FL,0,3,31.50000
31.4280,1047,27,30,0.03000,FL,1,33,32.40000
31.4280,1047,27,30,0.03000,BL,0,26,32.19000
31.4280,1047,27,30,0.03000,FR,0,18,31.95000
31.4280,1047,27,30,0.03000,BR,0,11,31.74000
31.4380,1047,27,30,0.03000,FL,0,3,31.50000
31.4380,1047,27,30,0.03000,FL,1,33,32.40000
31.4380,1047,27,30,0.03000,BL,0,26,32.19000
31.4380,1047,27,30,0.03000,FR,0,18,31.95000
31.4380,1047,27,30,0.03000,BR,0,11,31.74000
31.4460,1048,28,30,0.03000,FL,0,2,31.50000
31.4460,1048,28,30,0.03000,FL,1,32,32.40000
31.4460,1048,28,30,0.03000,BL,0,25,32.19000
31.4460,1048,28,30,0.03000,FR,0,17,31.95000
31.4460,1048,28,30,0.03000,BR,0,10,31.74000
31.4560,1048,28,30,0.03000,FL,0,2,31.50000
31.4560,1048,28,30,0.03000,FL,1,32,32.40000
31.4560,1048,28,30,0.03000,BL,0,25,32.19000
31.4560,1048,28,30,0.03000,FR,0,17,31.95000
31.4560,1048,28,30,0.03000,BR,0,10,31.74000
31.4660,1048,28,30,0.03000,FL,0,2,31.50000
31.4660,1048,28,30,0.03000,FL,1,32,32.40000
31.4660,1048,28,30,0.03000,BL,0,25,32.19000
31.4660,1048,28,30,0.03000,FR,0,17,31.95000
31.4660,1048,28,30,0.03000,BR,0,10,31.74000
31.4760,1049,29,30,0.03000,FL,0,1,31.50000
31.4760,1049,29,30,0.03000,FL,1,31,32.40000
31.4760,1049,29,30,0.03000,BL,0,24,32.19000
31.4760,1049,29,30,0.03000,FR,0,16,31.95000
31.4760,1049,29,30,0.03000,BR,0,9,31.74000
31.4760,1049,29,30,0.03000,BR,1,39,32.64000
31.4860,1049,29,30,0.03000,FL,0,1,31.50000
31.4860,1049,29,30,0.03000,FL,1,31,32.40000
31.4860,1049,29,30,0.03000,BL,0,24,32.19000
31.4860,1049,29,30,0.03000,FR,0,16,31.95000
31.4860,1049,29,30,0.03000,BR,0,9,31.74000
31.4860,1049,29,30,0.03000,BR,1,39,32.64000
31.4940,1049,29,30,0.03000,FL,0,1,31.50000
31.4940,1049,29,30,0.03000,FL,1,31,32.40000
31.4940,1049,29,30,0.03000,BL,0,24,32.19000
31.4940,1049,29,30,0.03000,FR,0,16,31.95000
31.4940,1049,29,30,0.03000,BR,0,9,31.74000
31.4940,1049,29,30,0.03000,BR,1,39,32.64000
31.5040,1050,0,30,0.03000,FL,0,30,32.40000
31.5040,1050,0,30,0.03000,BL,0,23,32.19000
31.5040,1050,0,30,0.03000,FR,0,15,31.95000
31.5040,1050,0,30,0.03000,BR,0,8,31.74000
31.5040,1050,0,30,0.03000,BR,1,38,32.64000
31.5300,1051,1,30,0.03000,FL,0,29,32.40000
31.5300,1051,1,30,0.03000,BL,0,22,32.19000
31.5300,1051,1,30,0.03000,FR,0,14,31.95000
31.5300,1051,1,30,0.03000,BR,0,7,31.74000
31.5300,1051,1,30,0.03000,BR,1,37,32.64000
31.5420,1051,1,30,0.03000,FL,0,29,32.40000
31.5420,1051,1,30,0.03000,BL,0,22,32.19000
31.5420,1051,1,30,0.03000,FR,0,14,31.95000
31.5420,1051,1,30,0.03000,BR,0,7,31.74000
31.5420,1051,1,30,0.03000,BR,1,37,32.64000
31.5500,1051,1,30,0.03000,FL,0,29,32.40000
31.5500,1051,1,30,0.03000,BL,0,22,32.19000
31.5500,1051,1,30,0.03000,FR,0,14,31.95000
31.5500,1051,1,30,0.03000,BR,0,7,31.74000
31.5500,1051,1,30,0.03000,BR,1,37,32.64000
31.5600,1052,2,30,0.03000,FL,0,28,32.40000
31.5600,1052,2,30,0.03000,BL,0,21,32.19000
31.5600,1052,2,30,0.03000,FR,0,13,31.95000
31.5600,1052,2,30,0.03000,BR,0,6,31.74000
31.5600,1052,2,30,0.03000,BR,1,36,32.64000
31.5700,1052,2,30,0.03000,FL,0,28,32.40000
31.5700,1052,2,30,0.03000,BL,0,21,32.19000
31.5700,1052,2,30,0.03000,FR,0,13,31.95000
31.5700,1052,2,30,0.03000,BR,0,6,31.74000
31.5700,1052,2,30,0.03000,BR,1,36,32.64000
31.5800,1052,2,30,0.03000,FL,0,28,32.40000
31.5800,1052,2,30,0.03000,BL,0,21,32.19000
31.5800,1052,2,30,0.03000,FR,0,13,31.95000
31.5800,1052,2,30,0.03000,BR,0,6,31.74000
31.5800,1052,2,30,0.03000,BR,1,36,32.64000
31.5900,1053,3,30,0.03000,FL,0,27,32.40000
31.5900,1053,3,30,0.03000,BL,0,20,32.19000
31.5900,1053,3,30,0.03000,FR,0,12,31.95000
31.5900,1053,3,30,0.03000,BR,0,5,31.74000
31.5900,1053,3,30,0.03000,BR,1,35,32.64000
31.6000,1053,3,30,0.03000,FL,0,27,32.40000
31.6000,1053,3,30,0.03000,BL,0,20,32.19000
31.6000,1053,3,30,0.03000,FR,0,12,31.95000
31.6000,1053,3,30,0.03000,BR,0,5,31.74000
31.6000,1053,3,30,0.03000,BR,1,35,32.64000
31.6100,1053,3,30,0.03000,FL,0,27,32.40000
31.6100,1053,3,30,0.03000,BL,0,20,32.19000
31.6100,1053,3,30,0.03000,FR,0,12,31.95000
31.6100,1053,3,30,0.03000,BR,0,5,31.74000
31.6100,1053,3,30,0.03000,BR,1,35,32.64000
31.6180,1053,3,30,0.03000,FL,0,27,32.40000
31.6180,1053,3,30,0.03000,BL,0,20,32.19000
31.6180,1053,3,30,0.03000,FR,0,12,31.95000
31.6180,1053,3,30,0.03000,BR,0,5,31.74000
31.6180,1053,3,30,0.03000,BR,1,35,32.64000
31.6280,1054,4,30,0.03000,FL,0,26,32.40000
31.6280,1054,4,30,0.03000,BL,0,19,32.19000
31.6280,1054,4,30,0.03000,FR,0,11,31.95000
31.6300,1054,4,30,0.03000,BR,0,4,31.74000
31.6300,1054,4,30,0.03000,BR,1,34,32.64000
31.6400,1054,4,30,0.03000,FL,0,26,32.40000
31.6400,1054,4,30,0.03000,BL,0,19,32.19000
31.6400,1054,4,30,0.03000,FR,0,11,31.95000
31.6400,1054,4,30,0.03000,BR,0,4,31.74000
31.6400,1054,4,30,0.03000,BR,1,34,32.64000
31.6520,1055,5,30,0.03000,FL,0,25,32.40000
31.6520,1055,5,30,0.03000,BL,0,18,32.19000
31.6520,1055,5,30,0.03000,FR,0,10,31.95000
31.6520,1055,5,30,0.03000,BR,0,3,31.74000
31.6520,1055,5,30,0.03000,BR,1,33,32.64000
31.6600,1055,5,30,0.03000,FL,0,25,32.40000
31.6600,1055,5,30,0.03000,BL,0,18,32.19000
31.6600,1055,5,30,0.03000,FR,0,10,31.95000
31.6600,1055,5,30,0.03000,BR,0,3,31.74000
31.6600,1055,5,30,0.03000,BR,1,33,32.64000
31.6720,1055,5,30,0.03000,FL,0,25,32.40000
31.6720,1055,5,30,0.03000,BL,0,18,32.19000
31.6720,1055,5,30,0.03000,FR,0,10,31.95000
31.6720,1055,5,30,0.03000,BR,0,3,31.74000
31.6720,1055,5,30,0.03000,BR,1,33,32.64000
31.6800,1056,6,30,0.03000,FL,0,24,32.40000
31.6800,1056,6,30,0.03000,BL,0,17,32.19000
31.6800,1056,6,30,0.03000,FR,0,9,31.95000
31.6800,1056,6,30,0.03000,FR,1,39,32.85000
31.6800,1056,6,30,0.03000,BR,0,2,31.74000
31.6800,1056,6,30,0.03000,BR,1,32,32.64000
31.6920,1056,6,30,0.03000,FL,0,24,32.40000
31.6920,1056,6,30,0.03000,BL,0,17,32.19000
31.6920,1056,6,30,0.03000,FR,0,9,31.95000
31.6920,1056,6,30,0.03000,FR,1,39,32.85000
31.6920,1056,6,30,0.03000,BR,0,2,31.74000
31.6920,1056,6,30,0.03000,BR,1,32,32.64000
31.7000,1056,6,30,0.03000,FL,0,24,32.40000
31.7000,1056,6,30,0.03000,BL,0,17,32.19000
31.7000,1056,6,30,0.03000,FR,0,9,31.95000
31.7000,1056,6,30,0.03000,FR,1,39,32.85000
31.7000,1056,6,30,0.03000,BR,0,2,31.74000
31.7000,1056,6,30,0.03000,BR,1,32,32.64000
31.7100,1057,7,30,0.03000,FL,0,23,32.40000
31.7100,1057,7,30,0.03000,BL,0,16,32.19000
31.7100,1057,7,30,0.03000,FR,0,8,31.95000
31.7100,1057,7,30,0.03000,FR,1,38,32.85000
31.7100,1057,7,30,0.03000,BR,0,1,31.74000
31.7100,1057,7,30,0.03000,BR,1,31,32.64000
31.7300,1057,7,30,0.03000,FL,0,23,32.40000
31.7300,1057,7,30,0.03000,BL,0,16,32.19000
31.7300,1057,7,30,0.03000,FR,0,8,31.95000
31.7300,1057,7,30,0.03000,FR,1,38,32.85000
31.7300,1057,7,30,0.03000,BR,0,1,31.74000
31.7300,1057,7,30,0.03000,BR,1,31,32.64000
31.7400,1058,8,30,0.03000,FL,0,22,32.40000
31.7400,1058,8,30,0.03000,BL,0,15,32.19000
31.7400,1058,8,30,0.03000,FR,0,7,31.95000
31.7400,1058,8,30,0.03000,FR,1,37,32.85000
31.7400,1058,8,30,0.03000,BR,0,30,32.64000
31.7500,1058,8,30,0.03000,FL,0,22,32.40000
31.7500,1058,8,30,0.03000,BL,0,15,32.19000
31.7500,1058,8,30,0.03000,FR,0,7,31.95000
31.7500,1058,8,30,0.03000,FR,1,37,32.85000
31.7500,1058,8,30,0.03000,BR,0,30,32.64000
31.7580,1058,8,30,0.03000,FL,0,22,32.40000
31.7580,1058,8,30,0.03000,BL,0,15,32.19000
31.7580,1058,8,30,0.03000,FR,0,7,31.95000
31.7580,1058,8,30,0.03000,FR,1,37,32.85000
31.7580,1058,8,30,0.03000,BR,0,30,32.64000
31.7700,1059,9,30,0.03000,FL,0,21,32.40000
31.7700,1059,9,30,0.03000,BL,0,14,32.19000
31.7700,1059,9,30,0.03000,FR,0,6,31.95000
31.7700,1059,9,30,0.03000,FR,1,36,32.85000
31.7700,1059,9,30,0.03000,BR,0,29,32.64000
31.7780,1059,9,30,0.03000,FL,0,21,32.40000
31.7780,1059,9,30,0.03000,BL,0,14,32.19000
31.7780,1059,9,30,0.03000,FR,0,6,31.95000
31.7780,1059,9,30,0.03000,FR,1,36,32.85000
31.7780,1059,9,30,0.03000,BR,0,29,32.64000
31.7880,1059,9,30,0.03000,FL,0,21,32.40000
31.7880,1059,9,30,0.03000,BL,0,14,32.19000
31.7880,1059,9,30,0.03000,FR,0,6,31.95000
31.7880,1059,9,30,0.03000,FR,1,36,32.85000
31.7880,1059,9,30,0.03000,BR,0,29,32.64000
31.7980,1059,9,30,0.03000,FL,0,21,32.40000
31.7980,1059,9,30,0.03000,BL,0,14,32.19000
31.7980,1059,9,30,0.03000,FR,0,6,31.95000
31.7980,1059,9,30,0.03000,FR,1,36,32.85000
31.7980,1059,9,30,0.03000,BR,0,29,32.64000
31.8080,1060,10,30,0.03000,FL,0,20,32.40000
31.8080,1060,10,30,0.03000,BL,0,13,32.19000
31.8080,1060,10,30,0.03000,FR,0,5,31.95000
31.8080,1060,10,30,0.03000,FR,1,35,32.85000
31.8080,1060,10,30,0.03000,BR,0,28,32.64000
31.8180,1060,10,30,0.03000,FL,0,20,32.40000
31.8180,1060,10,30,0.03000,BL,0,13,32.19000
31.8180,1060,10,30,0.03000,FR,0,5,31.95000
31.8180,1060,10,30,0.03000,FR,1,35,32.85000
31.8180,1060,10,30,0.03000,BR,0,28,32.64000
31.8280,1060,10,30,0.03000,FL,0,20,32.40000
31.8280,1060,10,30,0.03000,BL,0,13,32.19000
31.8280,1060,10,30,0.03000,FR,0,5,31.95000
31.8280,1060,10,30,0.03000,FR,1,35,32.85000
31.8280,1060,10,30,0.03000,BR,0,28,32.64000
31.8380,1061,11,30,0.03000,FL,0,19,32.40000
31.8380,1061,11,30,0.03000,BL,0,12,32.19000
31.8380,1061,11,30,0.03000,FR,0,4,31.95000
31.8380,1061,11,30,0.03000,FR,1,34,32.85000
31.8380,1061,11,30,0.03000,BR,0,27,32.64000
31.8460,1061,11,30,0.03000,FL,0,19,32.40000
31.8460,1061,11,30,0.03000,BL,0,12,32.19000
31.8460,1061,11,30,0.03000,FR,0,4,31.95000
31.8460,1061,11,30,0.03000,FR,1,34,32.85000
31.8460,1061,11,30,0.03000,BR,0,27,32.64000
31.8580,1061,11,30,0.03000,FL,0,19,32.40000
31.8580,1061,11,30,0.03000,BL,0,12,32.19000
31.8580,1061,11,30,0.03000,FR,0,4,31.95000
31.8580,1061,11,30,0.03000,FR,1,34,32.85000
31.8580,1061,11,30,0.03000,BR,0,27,32.64000
31.8660,1062,12,30,0.03000,FL,0,18,32.40000
31.8660,1062,12,30,0.03000,BL,0,11,32.19000
31.8660,1062,12,30,0.03000,FR,0,3,31.95000
31.8660,1062,12,30,0.03000,FR,1,33,32.85000
31.8660,1062,12,30,0.03000,BR,0,26,32.64000
31.8760,1062,12,30,0.03000,FL,0,18,32.40000
31.8760,1062,12,30,0.03000,BL,0,11,32.19000
31.8760,1062,12,30,0.03000,FR,0,3,31.95000
31.8760,1062,12,30,0.03000,FR,1,33,32.85000
31.8760,1062,12,30,0.03000,BR,0,26,32.64000
31.8860,1062,12,30,0.03000,FL,0,18,32.40000
31.8860,1062,12,30,0.03000,BL,0,11,32.19000
31.8860,1062,12,30,0.03000,FR,0,3,31.95000
31.8860,1062,12,30,0.03000,FR,1,33,32.85000
31.8860,1062,12,30,0.03000,BR,0,26,32.64000
31.8960,1063,13,30,0.03000,FL,0,17,32.40000
31.8960,1063,13,30,0.03000,BL,0,10,32.19000
31.8960,1063,13,30,0.03000,FR,0,2,31.95000
31.8960,1063,13,30,0.03000,FR,1,32,32.85000
31.8960,1063,13,30,0.03000,BR,0,25,32.64000
31.9060,1063,13,30,0.03000,FL,0,17,32.40000
31.9060,1063,13,30,0.03000,BL,0,10,32.19000
31.9060,1063,13,30,0.03000,FR,0,2,31.95000
31.9060,1063,13,30,0.03000,FR,1,32,32.85000
31.9060,1063,13,30,0.03000,BR,0,25,32.64000
31.9160,1063,13,30,0.03000,FL,0,17,32.40000
31.9160,1063,13,30,0.03000,BL,0,10,32.19000
31.9160,1063,13,30,0.03000,FR,0,2,31.95000
31.9160,1063,13,30,0.03000,FR,1,32,32.85000
31.9160,1063,13,30,0.03000,BR,0,25,32.64000
31.9240,1064,14,30,0.03000,FL,0,16,32.40000
31.9240,1064,14,30,0.03000,BL,0,9,32.19000
31.9240,1064,14,30,0.03000,BL,1,39,33.09000
31.9240,1064,14,30,0.03000,FR,0,1,31.95000
31.9240,1064,14,30,0.03000,FR,1,31,32.85000
31.9240,1064,14,30,0.03000,BR,0,24,32.64000
31.9360,1064,14,30,0.03000,FL,0,16,32.40000
31.9360,1064,14,30,0.03000,BL,0,9,32.19000
31.9360,1064,14,30,0.03000,BL,1,39,33.09000
31.9360,1064,14,30,0.03000,FR,0,1,31.95000
31.9360,1064,14,30,0.03000,FR,1,31,32.85000
31.9360,1064,14,30,0.03000,BR,0,24,32.64000
31.9440,1064,14,30,0.03000,FL,0,16,32.40000
31.9440,1064,14,30,0.03000,BL,0,9,32.19000
31.9440,1064,14,30,0.03000,BL,1,39,33.09000
31.9440,1064,14,30,0.03000,FR,0,1,31.95000
31.9440,1064,14,30,0.03000,FR,1,31,32.85000
31.9440,1064,14,30,0.03000,BR,0,24,32.64000
31.9540,1065,15,30,0.03000,FL,0,15,32.40000
31.9540,1065,15,30,0.03000,BL,0,8,32.19000
31.9540,1065,15,30,0.03000,BL,1,38,33.09000
31.9540,1065,15,30,0.03000,FR,0,30,32.85000
31.9540,1065,15,30,0.03000,BR,0,23,32.64000
31.9740,1065,15,30,0.03000,FL,0,15,32.40000
31.9740,1065,15,30,0.03000,BL,0,8,32.19000
31.9740,1065,15,30,0.03000,BL,1,38,33.09000
31.9740,1065,15,30,0.03000,FR,0,30,32.85000
31.9740,1065,15,30,0.03000,BR,0,23,32.64000
31.9840,1066,16,30,0.03000,FL,0,14,32.40000
31.9840,1066,16,30,0.03000,BL,0,7,32.19000
31.9840,1066,16,30,0.03000,BL,1,37,33.09000
31.9840,1066,16,30,0.03000,FR,0,29,32.85000
31.9840,1066,16,30,0.03000,BR,0,22,32.64000
31.9920,1066,16,30,0.03000,FL,0,14,32.40000
31.9920,1066,16,30,0.03000,BL,0,7,32.19000
31.9920,1066,16,30,0.03000,BL,1,37,33.09000
31.9920,1066,16,30,0.03000,FR,0,29,32.85000
31.9920,1066,16,30,0.03000,BR,0,22,32.64000
32.0020,1066,16,30,0.03000,FL,0,14,32.40000
32.0040,1066,16,30,0.03000,BL,0,7,32.19000
32.0040,1066,16,30,0.03000,BL,1,37,33.09000
32.0040,1066,16,30,0.03000,FR,0,29,32.85000
32.0040,1066,16,30,0.03000,BR,0,22,32.64000
32.0120,1067,17,30,0.03000,FL,0,13,32.40000
32.0120,1067,17,30,0.03000,BL,0,6,32.19000
32.0120,1067,17,30,0.03000,BL,1,36,33.09000
32.0120,1067,17,30,0.03000,FR,0,28,32.85000
32.0120,1067,17,30,0.03000,BR,0,21,32.64000
32.0220,1067,17,30,0.03000,FL,0,13,32.40000
32.0220,1067,17,30,0.03000,BL,0,6,32.19000
32.0220,1067,17,30,0.03000,BL,1,36,33.09000
32.0220,1067,17,30,0.03000,FR,0,28,32.85000
32.0220,1067,17,30,0.03000,BR,0,21,32.64000
32.0320,1067,17,30,0.03000,FL,0,13,32.40000
32.0320,1067,17,30,0.03000,BL,0,6,32.19000
32.0320,1067,17,30,0.03000,BL,1,36,33.09000
32.0320,1067,17,30,0.03000,FR,0,28,32.85000
32.0320,1067,17,30,0.03000,BR,0,21,32.64000
32.0420,1068,18,30,0.03000,FL,0,12,32.40000
32.0420,1068,18,30,0.03000,BL,0,5,32.19000
32.0420,1068,18,30,0.03000,BL,1,35,33.09000
32.0420,1068,18,30,0.03000,FR,0,27,32.85000
32.0420,1068,18,30,0.03000,BR,0,20,32.64000
32.0500,1068,18,30,0.03000,FL,0,12,32.40000
32.0500,1068,18,30,0.03000,BL,0,5,32.19000
32.0500,1068,18,30,0.03000,BL,1,35,33.09000
32.0500,1068,18,30,0.03000,FR,0,27,32.85000
32.0500,1068,18,30,0.03000,BR,0,20,32.64000
32.0620,1068,18,30,0.03000,FL,0,12,32.40000
32.0620,1068,18,30,0.03000,BL,0,5,32.19000
32.0620,1068,18,30,0.03000,BL,1,35,33.09000
32.0620,1068,18,30,0.03000,FR,0,27,32.85000
32.0620,1068,18,30,0.03000,BR,0,20,32.64000
32.0700,1069,19,30,0.03000,FL,0,11,32.40000
32.0700,1069,19,30,0.03000,BL,0,4,32.19000
32.0700,1069,19,30,0.03000,BL,1,34,33.09000
32.0700,1069,19,30,0.03000,FR,0,26,32.85000
32.0700,1069,19,30,0.03000,BR,0,19,32.64000
32.0820,1069,19,30,0.03000,FL,0,11,32.40000
32.0820,1069,19,30,0.03000,BL,0,4,32.19000
32.0820,1069,19,30,0.03000,BL,1,34,33.09000
32.0820,1069,19,30,0.03000,FR,0,26,32.85000
32.0820,1069,19,30,0.03000,BR,0,19,32.64000
32.0900,1069,19,30,0.03000,FL,0,11,32.40000
32.0900,1069,19,30,0.03000,BL,0,4,32.19000
32.0900,1069,19,30,0.03000,BL,1,34,33.09000
32.0900,1069,19,30,0.03000,FR,0,26,32.85000
32.0900,1069,19,30,0.03000,BR,0,19,32.64000
32.1000,1070,20,30,0.03000,FL,0,10,32.40000
32.1000,1070,20,30,0.03000,BL,0,3,32.19000
32.1000,1070,20,30,0.03000,BL,1,33,33.09000
32.1000,1070,20,30,0.03000,FR,0,25,32.85000
32.1000,1070,20,30,0.03000,BR,0,18,32.64000
32.1100,1070,20,30,0.03000,FL,0,10,32.40000
32.1100,1070,20,30,0.03000,BL,0,3,32.19000
32.1100,1070,20,30,0.03000,BL,1,33,33.09000
32.1100,1070,20,30,0.03000,FR,0,25,32.85000
32.1100,1070,20,30,0.03000,BR,0,18,32.64000
32.1220,1070,20,30,0.03000,FL,0,10,32.40000
32.1220,1070,20,30,0.03000,BL,0,3,32.19000
32.1220,1070,20,30,0.03000,BL,1,33,33.09000
32.1220,1070,20,30,0.03000,FR,0,25,32.85000
32.1220,1070,20,30,0.03000,BR,0,18,32.64000
32.1320,1071,21,30,0.03000,FL,0,9,32.40000
32.1320,1071,21,30,0.03000,FL,1,39,33.30000
32.1320,1071,21,30,0.03000,BL,0,2,32.19000
32.1320,1071,21,30,0.03000,BL,1,32,33.09000
32.1320,1071,21,30,0.03000,FR,0,24,32.85000
32.1320,1071,21,30,0.03000,BR,0,17,32.64000
32.1460,1071,21,30,0.03000,FL,0,9,32.40000
32.1460,1071,21,30,0.03000,FL,1,39,33.30000
32.1460,1071,21,30,0.03000,BL,0,2,32.19000
32.1460,1071,21,30,0.03000,BL,1,32,33.09000
32.1460,1071,21,30,0.03000,FR,0,24,32.85000
32.1460,1071,21,30,0.03000,BR,0,17,32.64000
32.1560,1071,21,30,0.03000,FL,0,9,32.40000
32.1560,1071,21,30,0.03000,FL,1,39,33.30000
32.1560,1071,21,30,0.03000,BL,0,2,32.19000
32.1560,1071,21,30,0.03000,BL,1,32,33.09000
32.1560,1071,21,30,0.03000,FR,0,24,32.85000
32.1560,1071,21,30,0.03000,BR,0,17,32.64000
32.1720,1072,22,30,0.03000,FL,0,8,32.40000
32.1720,1072,22,30,0.03000,FL,1,38,33.30000
32.1720,1072,22,30,0.03000,BL,0,1,32.19000
32.1720,1072,22,30,0.03000,BL,1,31,33.09000
32.1720,1072,22,30,0.03000,FR,0,23,32.85000
32.1720,1072,22,30,0.03000,BR,0,16,32.64000
32.2020,1073,23,30,0.03000,FL,0,7,32.40000
32.2020,1073,23,30,0.03000,FL,1,37,33.30000
32.2020,1073,23,30,0.03000,BL,0,30,33.09000
32.2020,1073,23,30,0.03000,FR,0,22,32.85000
32.2020,1073,23,30,0.03000,BR,0,15,32.64000
32.2120,1073,23,30,0.03000,FL,0,7,32.40000
32.2120,1073,23,30,0.03000,FL,1,37,33.30000
32.2120,1073,23,30,0.03000,BL,0,30,33.09000
32.2120,1073,23,30,0.03000,FR,0,22,32.85000
32.2120,1073,23,30,0.03000,BR,0,15,32.64000
32.2220,1074,24,30,0.03000,FL,0,6,32.40000
32.2220,1074,24,30,0.03000,FL,1,36,33.30000
32.2220,1074,24,30,0.03000,BL,0,29,33.09000
32.2220,1074,24,30,0.03000,FR,0,21,32.85000
32.2220,1074,24,30,0.03000,BR,0,14,32.64000
32.2340,1074,24,30,0.03000,FL,0,6,32.40000
32.2340,1074,24,30,0.03000,FL,1,36,33.30000
32.2340,1074,24,30,0.03000,BL,0,29,33.09000
32.2340,1074,24,30,0.03000,FR,0,21,32.85000
32.2340,1074,24,30,0.03000,BR,0,14,32.64000
32.2440,1074,24,30,0.03000,FL,0,6,32.40000
32.2440,1074,24,30,0.03000,FL,1,36,33.30000
32.2440,1074,24,30,0.03000,BL,0,29,33.09000
32.2440,1074,24,30,0.03000,FR,0,21,32.85000
32.2440,1074,24,30,0.03000,BR,0,14,32.64000
32.2560,1075,25,30,0.03000,FL,0,5,32.40000
32.2560,1075,25,30,0.03000,FL,1,35,33.30000
32.2560,1075,25,30,0.03000,BL,0,28,33.09000
32.2560,1075,25,30,0.03000,FR,0,20,32.85000
32.2560,1075,25,30,0.03000,BR,0,13,32.64000
32.2660,1075,25,30,0.03000,FL,0,5,32.40000
32.2660,1075,25,30,0.03000,FL,1,35,33.30000
32.2660,1075,25,30,0.03000,BL,0,28,33.09000
32.2660,1075,25,30,0.03000,FR,0,20,32.85000
32.2660,1075,25,30,0.03000,BR,0,13,32.64000
32.2760,1075,25,30,0.03000,FL,0,5,32.40000
32.2760,1075,25,30,0.03000,FL,1,35,33.30000
32.2760,1075,25,30,0.03000,BL,0,28,33.09000
32.2760,1075,25,30,0.03000,FR,0,20,32.85000
32.2760,1075,25,30,0.03000,BR,0,13,32.64000
32.2840,1076,26,30,0.03000,FL,0,4,32.40000
32.2840,1076,26,30,0.03000,FL,1,34,33.30000
32.2840,1076,26,30,0.03000,BL,0,27,33.09000
32.2840,1076,26,30,0.03000,FR,0,19,32.85000
32.2840,1076,26,30,0.03000,BR,0,12,32.64000
32.2960,1076,26,30,0.03000,FL,0,4,32.40000
32.2960,1076,26,30,0.03000,FL,1,34,33.30000
32.2960,1076,26,30,0.03000,BL,0,27,33.09000
32.2960,1076,26,30,0.03000,FR,0,19,32.85000
32.2960,1076,26,30,0.03000,BR,0,12,32.64000
32.3040,1076,26,30,0.03000,FL,0,4,32.40000
32.3040,1076,26,30,0.03000,FL,1,34,33.30000
32.3040,1076,26,30,0.03000,BL,0,27,33.09000
32.3040,1076,26,30,0.03000,FR,0,19,32.85000
32.3040,1076,26,30,0.03000,BR,0,12,32.64000
32.3160,1077,27,30,0.03000,FL,0,3,32.40000
32.3160,1077,27,30,0.03000,FL,1,33,33.30000
32.3160,1077,27,30,0.03000,BL,0,26,33.09000
32.3160,1077,27,30,0.03000,FR,0,18,32.85000
32.3160,1077,27,30,0.03000,BR,0,11,32.64000
32.3240,1077,27,30,0.03000,FL,0,3,32.40000
32.3240,1077,27,30,0.03000,FL,1,33,33.30000
32.3240,1077,27,30,0.03000,BL,0,26,33.09000
32.3240,1077,27,30,0.03000,FR,0,18,32.85000
32.3240,1077,27,30,0.03000,BR,0,11,32.64000
32.3380,1077,27,30,0.03000,FL,0,3,32.40000
32.3380,1077,27,30,0.03000,FL,1,33,33.30000
32.3380,1077,27,30,0.03000,BL,0,26,33.09000
32.3380,1077,27,30,0.03000,FR,0,18,32.85000
32.3380,1077,27,30,0.03000,BR,0,11,32.64000
32.3480,1078,28,30,0.03000,FL,0,2,32.40000
32.3480,1078,28,30,0.03000,FL,1,32,33.30000
32.3480,1078,28,30,0.03000,BL,0,25,33.09000
32.3480,1078,28,30,0.03000,FR,0,17,32.85000
32.3480,1078,28,30,0.03000,BR,0,10,32.64000
32.3640,1078,28,30,0.03000,FL,0,2,32.40000
32.3640,1078,28,30,0.03000,FL,1,32,33.30000
32.3640,1078,28,30,0.03000,BL,0,25,33.09000
32.3640,1078,28,30,0.03000,FR,0,17,32.85000
32.3640,1078,28,30,0.03000,BR,0,10,32.64000
32.3760,1079,29,30,0.03000,FL,0,1,32.40000
32.3760,1079,29,30,0.03000,FL,1,31,33.30000
32.3760,1079,29,30,0.03000,BL,0,24,33.09000
32.3760,1079,29,30,0.03000,FR,0,16,32.85000
32.3760,1079,29,30,0.03000,BR,0,9,32.64000
32.3760,1079,29,30,0.03000,BR,1,39,33.54000
32.3860,1079,29,30,0.03000,FL,0,1,32.40000
32.3860,1079,29,30,0.03000,FL,1,31,33.30000
32.3860,1079,29,30,0.03000,BL,0,24,33.09000
32.3860,1079,29,30,0.03000,FR,0,16,32.85000
32.3860,1079,29,30,0.03000,BR,0,9,32.64000
32.3860,1079,29,30,0.03000,BR,1,39,33.54000
32.4000,1080,0,30,0.03000,FL,0,30,33.30000
32.4000,1080,0,30,0.03000,BL,0,23,33.09000
32.4000,1080,0,30,0.03000,FR,0,15,32.85000
32.4000,1080,0,30,0.03000,BR,0,8,32.64000
32.4000,1080,0,30,0.03000,BR,1,38,33.54000
32.4220,1080,0,30,0.03000,FL,0,30,33.30000
32.4220,1080,0,30,0.03000,BL,0,23,33.09000
32.4220,1080,0,30,0.03000,FR,0,15,32.85000
32.4220,1080,0,30,0.03000,BR,0,8,32.64000
32.4220,1080,0,30,0.03000,BR,1,38,33.54000
32.4300,1081,1,30,0.03000,FL,0,29,33.30000
32.4300,1081,1,30,0.03000,BL,0,22,33.09000
32.4300,1081,1,30,0.03000,FR,0,14,32.85000
32.4300,1081,1,30,0.03000,BR,0,7,32.64000
32.4300,1081,1,30,0.03000,BR,1,37,33.54000
32.4400,1081,1,30,0.03000,FL,0,29,33.30000
32.4400,1081,1,30,0.03000,BL,0,22,33.09000
32.4400,1081,1,30,0.03000,FR,0,14,32.85000
32.4400,1081,1,30,0.03000,BR,0,7,32.64000
32.4400,1081,1,30,0.03000,BR,1,37,33.54000
32.4500,1081,1,30,0.03000,FL,0,29,33.30000
32.4500,1081,1,30,0.03000,BL,0,22,33.09000
32.4500,1081,1,30,0.03000,FR,0,14,32.85000
32.4500,1081,1,30,0.03000,BR,0,7,32.64000
32.4500,1081,1,30,0.03000,BR,1,37,33.54000
32.4600,1082,2,30,0.03000,FL,0,28,33.30000
32.4600,1082,2,30,0.03000,BL,0,21,33.09000
32.4600,1082,2,30,0.03000,FR,0,13,32.85000
32.4600,1082,2,30,0.03000,BR,0,6,32.64000
32.4600,1082,2,30,0.03000,BR,1,36,33.54000
32.4700,1082,2,30,0.03000,FL,0,28,33.30000
32.4700,1082,2,30,0.03000,BL,0,21,33.09000
32.4700,1082,2,30,0.03000,FR,0,13,32.85000
32.4700,1082,2,30,0.03000,BR,0,6,32.64000
32.4700,1082,2,30,0.03000,BR,1,36,33.54000
32.4800,1082,2,30,0.03000,FL,0,28,33.30000
32.4800,1082,2,30,0.03000,BL,0,21,33.09000
32.4800,1082,2,30,0.03000,FR,0,13,32.85000
32.4800,1082,2,30,0.03000,BR,0,6,32.64000
32.4800,1082,2,30,0.03000,BR,1,36,33.54000
32.4880,1082,2,30,0.03000,FL,0,28,33.30000
32.4880,1082,2,30,0.03000,BL,0,21,33.09000
32.4880,1082,2,30,0.03000,FR,0,13,32.85000
32.4880,1082,2,30,0.03000,BR,0,6,32.64000
32.4880,1082,2,30,0.03000,BR,1,36,33.54000
32.5000,1083,3,30,0.03000,FL,0,27,33.30000
32.5000,1083,3,30,0.03000,BL,0,20,33.09000
32.5000,1083,3,30,0.03000,FR,0,12,32.85000
32.5000,1083,3,30,0.03000,BR,0,5,32.64000
32.5000,1083,3,30,0.03000,BR,1,35,33.54000
32.5080,1083,3,30,0.03000,FL,0,27,33.30000
32.5080,1083,3,30,0.03000,BL,0,20,33.09000
32.5080,1083,3,30,0.03000,FR,0,12,32.85000
32.5080,1083,3,30,0.03000,BR,0,5,32.64000
32.5080,1083,3,30,0.03000,BR,1,35,33.54000
32.5180,1083,3,30,0.03000,FL,0,27,33.30000
32.5180,1083,3,30,0.03000,BL,0,20,33.09000
32.5180,1083,3,30,0.03000,FR,0,12,32.85000
32.5180,1083,3,30,0.03000,BR,0,5,32.64000
32.5180,1083,3,30,0.03000,BR,1,35,33.54000
32.5280,1084,4,30,0.03000,FL,0,26,33.30000
32.5280,1084,4,30,0.03000,BL,0,19,33.09000
32.5280,1084,4,30,0.03000,FR,0,11,32.85000
32.5280,1084,4,30,0.03000,BR,0,4,32.64000
32.5280,1084,4,30,0.03000,BR,1,34,33.54000
32.5380,1084,4,30,0.03000,FL,0,26,33.30000
32.5380,1084,4,30,0.03000,BL,0,19,33.09000
32.5380,1084,4,30,0.03000,FR,0,11,32.85000
32.5380,1084,4,30,0.03000,BR,0,4,32.64000
32.5380,1084,4,30,0.03000,BR,1,34,33.54000
32.5480,1084,4,30,0.03000,FL,0,26,33.30000
32.5480,1084,4,30,0.03000,BL,0,19,33.09000
32.5480,1084,4,30,0.03000,FR,0,11,32.85000
32.5480,1084,4,30,0.03000,BR,0,4,32.64000
32.5480,1084,4,30,0.03000,BR,1,34,33.54000
32.5560,1085,5,30,0.03000,FL,0,25,33.30000
32.5560,1085,5,30,0.03000,BL,0,18,33.09000
32.5560,1085,5,30,0.03000,FR,0,10,32.85000
32.5560,1085,5,30,0.03000,BR,0,3,32.64000
32.5560,1085,5,30,0.03000,BR,1,33,33.54000
32.5660,1085,5,30,0.03000,FL,0,25,33.30000
32.5660,1085,5,30,0.03000,BL,0,18,33.09000
32.5660,1085,5,30,0.03000,FR,0,10,32.85000
32.5660,1085,5,30,0.03000,BR,0,3,32.64000
32.5660,1085,5,30,0.03000,BR,1,33,33.54000
32.5760,1085,5,30,0.03000,FL,0,25,33.30000
32.5760,1085,5,30,0.03000,BL,0,18,33.09000
32.5760,1085,5,30,0.03000,FR,0,10,32.85000
32.5760,1085,5,30,0.03000,BR,0,3,32.64000
32.5760,1085,5,30,0.03000,BR,1,33,33.54000
32.5860,1086,6,30,0.03000,FL,0,24,33.30000
32.5860,1086,6,30,0.03000,BL,0,17,33.09000
32.5860,1086,6,30,0.03000,FR,0,9,32.85000
32.5860,1086,6,30,0.03000,FR,1,39,33.75000
32.5860,1086,6,30,0.03000,BR,0,2,32.64000
32.5860,1086,6,30,0.03000,BR,1,32,33.54000
32.5960,1086,6,30,0.03000,FL,0,24,33.30000
32.5960,1086,6,30,0.03000,BL,0,17,33.09000
32.5960,1086,6,30,0.03000,FR,0,9,32.85000
32.5960,1086,6,30,0.03000,FR,1,39,33.75000
32.5960,1086,6,30,0.03000,BR,0,2,32.64000
32.5960,1086,6,30,0.03000,BR,1,32,33.54000
32.6060,1086,6,30,0.03000,FL,0,24,33.30000
32.6060,1086,6,30,0.03000,BL,0,17,33.09000
32.6060,1086,6,30,0.03000,FR,0,9,32.85000
32.6060,1086,6,30,0.03000,FR,1,39,33.75000
32.6060,1086,6,30,0.03000,BR,0,2,32.64000
32.6060,1086,6,30,0.03000,BR,1,32,33.54000
32.6160,1087,7,30,0.03000,FL,0,23,33.30000
32.6160,1087,7,30,0.03000,BL,0,16,33.09000
32.6160,1087,7,30,0.03000,FR,0,8,32.85000
32.6160,1087,7,30,0.03000,FR,1,38,33.75000
32.6160,1087,7,30,0.03000,BR,0,1,32.64000
32.6160,1087,7,30,0.03000,BR,1,31,33.54000
32.6400,1088,8,30,0.03000,FL,0,22,33.30000
32.6400,1088,8,30,0.03000,BL,0,15,33.09000
32.6400,1088,8,30,0.03000,FR,0,7,32.85000
32.6400,1088,8,30,0.03000,FR,1,37,33.75000
32.6400,1088,8,30,0.03000,BR,0,30,33.54000
32.6520,1088,8,30,0.03000,FL,0,22,33.30000
32.6520,1088,8,30,0.03000,BL,0,15,33.09000
32.6520,1088,8,30,0.03000,FR,0,7,32.85000
32.6520,1088,8,30,0.03000,FR,1,37,33.75000
32.6520,1088,8,30,0.03000,BR,0,30,33.54000
32.6640,1088,8,30,0.03000,FL,0,22,33.30000
32.6640,1088,8,30,0.03000,BL,0,15,33.09000
32.6640,1088,8,30,0.03000,FR,0,7,32.85000
32.6640,1088,8,30,0.03000,FR,1,37,33.75000
32.6640,1088,8,30,0.03000,BR,0,30,33.54000
32.6740,1089,9,30,0.03000,FL,0,21,33.30000
32.6740,1089,9,30,0.03000,BL,0,14,33.09000
32.6740,1089,9,30,0.03000,FR,0,6,32.85000
32.6740,1089,9,30,0.03000,FR,1,36,33.75000
32.6740,1089,9,30,0.03000,BR,0,29,33.54000
32.6840,1089,9,30,0.03000,FL,0,21,33.30000
32.6840,1089,9,30,0.03000,BL,0,14,33.09000
32.6840,1089,9,30,0.03000,FR,0,6,32.85000
32.6840,1089,9,30,0.03000,FR,1,36,33.75000
32.6840,1089,9,30,0.03000,BR,0,29,33.54000
32.6940,1089,9,30,0.03000,FL,0,21,33.30000
32.6940,1089,9,30,0.03000,BL,0,14,33.09000
32.6940,1089,9,30,0.03000,FR,0,6,32.85000
32.6940,1089,9,30,0.03000,FR,1,36,33.75000
32.6940,1089,9,30,0.03000,BR,0,29,33.54000
32.7040,1090,10,30,0.03000,FL,0,20,33.30000
32.7040,1090,10,30,0.03000,BL,0,13,33.09000
32.7040,1090,10,30,0.03000,FR,0,5,32.85000
32.7040,1090,10,30,0.03000,FR,1,35,33.75000
32.7040,1090,10,30,0.03000,BR,0,28,33.54000
32.7140,1090,10,30,0.03000,FL,0,20,33.30000
32.7140,1090,10,30,0.03000,BL,0,13,33.09000
32.7140,1090,10,30,0.03000,FR,0,5,32.85000
32.7140,1090,10,30,0.03000,FR,1,35,33.75000
32.7140,1090,10,30,0.03000,BR,0,28,33.54000
32.7240,1090,10,30,0.03000,FL,0,20,33.30000
32.7240,1090,10,30,0.03000,BL,0,13,33.09000
32.7240,1090,10,30,0.03000,FR,0,5,32.85000
32.7240,1090,10,30,0.03000,FR,1,35,33.75000
32.7240,1090,10,30,0.03000,BR,0,28,33.54000
32.7340,1091,11,30,0.03000,FL,0,19,33.30000
32.7340,1091,11,30,0.03000,BL,0,12,33.09000
32.7340,1091,11,30,0.03000,FR,0,4,32.85000
32.7340,1091,11,30,0.03000,FR,1,34,33.75000
32.7340,1091,11,30,0.03000,BR,0,27,33.54000
32.7420,1091,11,30,0.03000,FL,0,19,33.30000
32.7420,1091,11,30,0.03000,BL,0,12,33.09000
32.7420,1091,11,30,0.03000,FR,0,4,32.85000
32.7420,1091,11,30,0.03000,FR,1,34,33.75000
32.7420,1091,11,30,0.03000,BR,0,27,33.54000
32.7540,1091,11,30,0.03000,FL,0,19,33.30000
32.7540,1091,11,30,0.03000,BL,0,12,33.09000
32.7540,1091,11,30,0.03000,FR,0,4,32.85000
32.7540,1091,11,30,0.03000,FR,1,34,33.75000
32.7540,1091,11,30,0.03000,BR,0,27,33.54000
32.7660,1092,12,30,0.03000,FL,0,18,33.30000
32.7660,1092,12,30,0.03000,BL,0,11,33.09000
32.7660,1092,12,30,0.03000,FR,0,3,32.85000
32.7660,1092,12,30,0.03000,FR,1,33,33.75000
32.7660,1092,12,30,0.03000,BR,0,26,33.54000
32.7740,1092,12,30,0.03000,FL,0,18,33.30000
32.7740,1092,12,30,0.03000,BL,0,11,33.09000
32.7740,1092,12,30,0.03000,FR,0,3,32.85000
32.7740,1092,12,30,0.03000,FR,1,33,33.75000
32.7740,1092,12,30,0.03000,BR,0,26,33.54000
32.7860,1092,12,30,0.03000,FL,0,18,33.30000
32.7860,1092,12,30,0.03000,BL,0,11,33.09000
32.7860,1092,12,30,0.03000,FR,0,3,32.85000
32.7860,1092,12,30,0.03000,FR,1,33,33.75000
32.7860,1092,12,30,0.03000,BR,0,26,33.54000
32.7940,1093,13,30,0.03000,FL,0,17,33.30000
32.7940,1093,13,30,0.03000,BL,0,10,33.09000
32.7940,1093,13,30,0.03000,FR,0,2,32.85000
32.7940,1093,13,30,0.03000,FR,1,32,33.75000
32.7940,1093,13,30,0.03000,BR,0,25,33.54000
32.8040,1093,13,30,0.03000,FL,0,17,33.30000
32.8040,1093,13,30,0.03000,BL,0,10,33.09000
32.8040,1093,13,30,0.03000,FR,0,2,32.85000
32.8040,1093,13,30,0.03000,FR,1,32,33.75000
32.8040,1093,13,30,0.03000,BR,0,25,33.54000
32.8140,1093,13,30,0.03000,FL,0,17,33.30000
32.8140,1093,13,30,0.03000,BL,0,10,33.09000
32.8140,1093,13,30,0.03000,FR,0,2,32.85000
32.8140,1093,13,30,0.03000,FR,1,32,33.75000
32.8140,1093,13,30,0.03000,BR,0,25,33.54000
32.8240,1094,14,30,0.03000,FL,0,16,33.30000
32.8240,1094,14,30,0.03000,BL,0,9,33.09000
32.8240,1094,14,30,0.03000,BL,1,39,33.99000
32.8240,1094,14,30,0.03000,FR,0,1,32.85000
32.8240,1094,14,30,0.03000,FR,1,31,33.75000
32.8240,1094,14,30,0.03000,BR,0,24,33.54000
32.8340,1094,14,30,0.03000,FL,0,16,33.30000
32.8340,1094,14,30,0.03000,BL,0,9,33.09000
32.8340,1094,14,30,0.03000,BL,1,39,33.99000
32.8340,1094,14,30,0.03000,FR,0,1,32.85000
32.8340,1094,14,30,0.03000,FR,1,31,33.75000
32.8340,1094,14,30,0.03000,BR,0,24,33.54000
32.8420,1094,14,30,0.03000,FL,0,16,33.30000
32.8420,1094,14,30,0.03000,BL,0,9,33.09000
32.8420,1094,14,30,0.03000,BL,1,39,33.99000
32.8420,1094,14,30,0.03000,FR,0,1,32.85000
32.8420,1094,14,30,0.03000,FR,1,31,33.75000
32.8420,1094,14,30,0.03000,BR,0,24,33.54000
32.8540,1095,15,30,0.03000,FL,0,15,33.30000
32.8540,1095,15,30,0.03000,BL,0,8,33.09000
32.8540,1095,15,30,0.03000,BL,1,38,33.99000
32.8540,1095,15,30,0.03000,FR,0,30,33.75000
32.8540,1095,15,30,0.03000,BR,0,23,33.54000
32.8800,1096,16,30,0.03000,FL,0,14,33.30000
32.8800,1096,16,30,0.03000,BL,0,7,33.09000
32.8800,1096,16,30,0.03000,BL,1,37,33.99000
32.8800,1096,16,30,0.03000,FR,0,29,33.75000
32.8800,1096,16,30,0.03000,BR,0,22,33.54000
32.8880,1096,16,30,0.03000,FL,0,14,33.30000
32.8880,1096,16,30,0.03000,BL,0,7,33.09000
32.8880,1096,16,30,0.03000,BL,1,37,33.99000
32.8880,1096,16,30,0.03000,FR,0,29,33.75000
32.8880,1096,16,30,0.03000,BR,0,22,33.54000
32.8980,1096,16,30,0.03000,FL,0,14,33.30000
32.8980,1096,16,30,0.03000,BL,0,7,33.09000
32.8980,1096,16,30,0.03000,BL,1,37,33.99000
32.8980,1096,16,30,0.03000,FR,0,29,33.75000
32.8980,1096,16,30,0.03000,BR,0,22,33.54000
32.9080,1096,16,30,0.03000,FL,0,14,33.30000
32.9080,1096,16,30,0.03000,BL,0,7,33.09000
32.9080,1096,16,30,0.03000,BL,1,37,33.99000
32.9080,1096,16,30,0.03000,FR,0,29,33.75000
32.9080,1096,16,30,0.03000,BR,0,22,33.54000
32.9180,1097,17,30,0.03000,FL,0,13,33.30000
32.9180,1097,17,30,0.03000,BL,0,6,33.09000
32.9180,1097,17,30,0.03000,BL,1,36,33.99000
32.9180,1097,17,30,0.03000,FR,0,28,33.75000
32.9180,1097,17,30,0.03000,BR,0,21,33.54000
32.9280,1097,17,30,0.03000,FL,0,13,33.30000
32.9280,1097,17,30,0.03000,BL,0,6,33.09000
32.9280,1097,17,30,0.03000,BL,1,36,33.99000
32.9280,1097,17,30,0.03000,FR,0,28,33.75000
32.9280,1097,17,30,0.03000,BR,0,21,33.54000
32.9380,1097,17,30,0.03000,FL,0,13,33.30000
32.9380,1097,17,30,0.03000,BL,0,6,33.09000
32.9380,1097,17,30,0.03000,BL,1,36,33.99000
32.9380,1097,17,30,0.03000,FR,0,28,33.75000
32.9380,1097,17,30,0.03000,BR,0,21,33.54000
32.9460,1098,18,30,0.03000,FL,0,12,33.30000
32.9460,1098,18,30,0.03000,BL,0,5,33.09000
32.9460,1098,18,30,0.03000,BL,1,35,33.99000
32.9460,1098,18,30,0.03000,FR,0,27,33.75000
32.9460,1098,18,30,0.03000,BR,0,20,33.54000
32.9560,1098,18,30,0.03000,FL,0,12,33.30000
32.9560,1098,18,30,0.03000,BL,0,5,33.09000
32.9560,1098,18,30,0.03000,BL,1,35,33.99000
32.9560,1098,18,30,0.03000,FR,0,27,33.75000
32.9560,1098,18,30,0.03000,BR,0,20,33.54000
32.9660,1098,18,30,0.03000,FL,0,12,33.30000
32.9660,1098,18,30,0.03000,BL,0,5,33.09000
32.9660,1098,18,30,0.03000,BL,1,35,33.99000
32.9660,1098,18,30,0.03000,FR,0,27,33.75000
32.9660,1098,18,30,0.03000,BR,0,20,33.54000
32.9740,1099,19,30,0.03000,FL,0,11,33.30000
32.9740,1099,19,30,0.03000,BL,0,4,33.09000
32.9740,1099,19,30,0.03000,BL,1,34,33.99000
32.9740,1099,19,30,0.03000,FR,0,26,33.75000
32.9740,1099,19,30,0.03000,BR,0,19,33.54000
32.9840,1099,19,30,0.03000,FL,0,11,33.30000
32.9840,1099,19,30,0.03000,BL,0,4,33.09000
32.9840,1099,19,30,0.03000,BL,1,34,33.99000
32.9840,1099,19,30,0.03000,FR,0,26,33.75000
32.9840,1099,19,30,0.03000,BR,0,19,33.54000
32.9940,1099,19,30,0.03000,FL,0,11,33.30000
32.9940,1099,19,30,0.03000,BL,0,4,33.09000
32.9940,1099,19,30,0.03000,BL,1,34,33.99000
32.9940,1099,19,30,0.03000,FR,0,26,33.75000
32.9940,1099,19,30,0.03000,BR,0,19,33.54000
33.0040,1100,20,30,0.03000,FL,0,10,33.30000
33.0040,1100,20,30,0.03000,BL,0,3,33.09000
33.0040,1100,20,30,0.03000,BL,1,33,33.99000
33.0040,1100,20,30,0.03000,FR,0,25,33.75000
33.0040,1100,20,30,0.03000,BR,0,18,33.54000
33.0140,1100,20,30,0.03000,FL,0,10,33.30000
33.0140,1100,20,30,0.03000,BL,0,3,33.09000
33.0140,1100,20,30,0.03000,BL,1,33,33.99000
33.0140,1100,20,30,0.03000,FR,0,25,33.75000
33.0140,1100,20,30,0.03000,BR,0,18,33.54000
33.0240,1100,20,30,0.03000,FL,0,10,33.30000
33.0240,1100,20,30,0.03000,BL,0,3,33.09000
33.0240,1100,20,30,0.03000,BL,1,33,33.99000
33.0240,1100,20,30,0.03000,FR,0,25,33.75000
33.0240,1100,20,30,0.03000,BR,0,18,33.54000
33.0340,1101,21,30,0.03000,FL,0,9,33.30000
33.0340,1101,21,30,0.03000,FL,1,39,34.20000
33.0340,1101,21,30,0.03000,BL,0,2,33.09000
33.0340,1101,21,30,0.03000,BL,1,32,33.99000
33.0340,1101,21,30,0.03000,FR,0,24,33.75000
33.0340,1101,21,30,0.03000,BR,0,17,33.54000
33.0440,1101,21,30,0.03000,FL,0,9,33.30000
33.0440,1101,21,30,0.03000,FL,1,39,34.20000
33.0440,1101,21,30,0.03000,BL,0,2,33.09000
33.0440,1101,21,30,0.03000,BL,1,32,33.99000
33.0440,1101,21,30,0.03000,FR,0,24,33.75000
33.0440,1101,21,30,0.03000,BR,0,17,33.54000
33.0520,1101,21,30,0.03000,FL,0,9,33.30000
33.0520,1101,21,30,0.03000,FL,1,39,34.20000
33.0520,1101,21,30,0.03000,BL,0,2,33.09000
33.0520,1101,21,30,0.03000,BL,1,32,33.99000
33.0520,1101,21,30,0.03000,FR,0,24,33.75000
33.0520,1101,21,30,0.03000,BR,0,17,33.54000
33.0640,1102,22,30,0.03000,FL,0,8,33.30000
33.0640,1102,22,30,0.03000,FL,1,38,34.20000
33.0640,1102,22,30,0.03000,BL,0,1,33.09000
33.0640,1102,22,30,0.03000,BL,1,31,33.99000
33.0640,1102,22,30,0.03000,FR,0,23,33.75000
33.0640,1102,22,30,0.03000,BR,0,16,33.54000
33.0840,1102,22,30,0.03000,FL,0,8,33.30000
33.0840,1102,22,30,0.03000,FL,1,38,34.20000
33.0840,1102,22,30,0.03000,BL,0,1,33.09000
33.0840,1102,22,30,0.03000,BL,1,31,33.99000
33.0840,1102,22,30,0.03000,FR,0,23,33.75000
33.0840,1102,22,30,0.03000,BR,0,16,33.54000
33.0960,1103,23,30,0.03000,FL,0,7,33.30000
33.0960,1103,23,30,0.03000,FL,1,37,34.20000
33.0960,1103,23,30,0.03000,BL,0,30,33.99000
33.0960,1103,23,30,0.03000,FR,0,22,33.75000
33.0960,1103,23,30,0.03000,BR,0,15,33.54000
33.1060,1103,23,30,0.03000,FL,0,7,33.30000
33.1060,1103,23,30,0.03000,FL,1,37,34.20000
33.1060,1103,23,30,0.03000,BL,0,30,33.99000
33.1060,1103,23,30,0.03000,FR,0,22,33.75000
33.1060,1103,23,30,0.03000,BR,0,15,33.54000
33.1180,1103,23,30,0.03000,FL,0,7,33.30000
33.1180,1103,23,30,0.03000,FL,1,37,34.20000
33.1180,1103,23,30,0.03000,BL,0,30,33.99000
33.1180,1103,23,30,0.03000,FR,0,22,33.75000
33.1180,1103,23,30,0.03000,BR,0,15,33.54000
33.1280,1104,24,30,0.03000,FL,0,6,33.30000
33.1280,1104,24,30,0.03000,FL,1,36,34.20000
33.1280,1104,24,30,0.03000,BL,0,29,33.99000
33.1280,1104,24,30,0.03000,FR,0,21,33.75000
33.1280,1104,24,30,0.03000,BR,0,14,33.54000
33.1360,1104,24,30,0.03000,FL,0,6,33.30000
33.1360,1104,24,30,0.03000,FL,1,36,34.20000
33.1360,1104,24,30,0.03000,BL,0,29,33.99000
33.1360,1104,24,30,0.03000,FR,0,21,33.75000
33.1360,1104,24,30,0.03000,BR,0,14,33.54000
33.1460,1104,24,30,0.03000,FL,0,6,33.30000
33.1460,1104,24,30,0.03000,FL,1,36,34.20000
33.1460,1104,24,30,0.03000,BL,0,29,33.99000
33.1460,1104,24,30,0.03000,FR,0,21,33.75000
33.1460,1104,24,30,0.03000,BR,0,14,33.54000
33.1560,1105,25,30,0.03000,FL,0,5,33.30000
33.1560,1105,25,30,0.03000,FL,1,35,34.20000
33.1560,1105,25,30,0.03000,BL,0,28,33.99000
33.1560,1105,25,30,0.03000,FR,0,20,33.75000
33.1560,1105,25,30,0.03000,BR,0,13,33.54000
33.1660,1105,25,30,0.03000,FL,0,5,33.30000
33.1660,1105,25,30,0.03000,FL,1,35,34.20000
33.1660,1105,25,30,0.03000,BL,0,28,33.99000
33.1660,1105,25,30,0.03000,FR,0,20,33.75000
33.1660,1105,25,30,0.03000,BR,0,13,33.54000
33.1760,1105,25,30,0.03000,FL,0,5,33.30000
33.1760,1105,25,30,0.03000,FL,1,35,34.20000
33.1760,1105,25,30,0.03000,BL,0,28,33.99000
33.1760,1105,25,30,0.03000,FR,0,20,33.75000
33.1760,1105,25,30,0.03000,BR,0,13,33.54000
33.1880,1106,26,30,0.03000,FL,0,4,33.30000
33.1880,1106,26,30,0.03000,FL,1,34,34.20000
33.1880,1106,26,30,0.03000,BL,0,27,33.99000
33.1880,1106,26,30,0.03000,FR,0,19,33.75000
33.1880,1106,26,30,0.03000,BR,0,12,33.54000
33.2000,1106,26,30,0.03000,FL,0,4,33.30000
33.2000,1106,26,30,0.03000,FL,1,34,34.20000
33.2000,1106,26,30,0.03000,BL,0,27,33.99000
33.2000,1106,26,30,0.03000,FR,0,19,33.75000
33.2000,1106,26,30,0.03000,BR,0,12,33.54000
33.2120,1107,27,30,0.03000,FL,0,3,33.30000
33.2120,1107,27,30,0.03000,FL,1,33,34.20000
33.2120,1107,27,30,0.03000,BL,0,26,33.99000
33.2120,1107,27,30,0.03000,FR,0,18,33.75000
33.2120,1107,27,30,0.03000,BR,0,11,33.54000
33.2260,1107,27,30,0.03000,FL,0,3,33.30000
33.2260,1107,27,30,0.03000,FL,1,33,34.20000
33.2260,1107,27,30,0.03000,BL,0,26,33.99000
33.2260,1107,27,30,0.03000,FR,0,18,33.75000
33.2260,1107,27,30,0.03000,BR,0,11,33.54000
33.2360,1107,27,30,0.03000,FL,0,3,33.30000
33.2360,1107,27,30,0.03000,FL,1,33,34.20000
33.2360,1107,27,30,0.03000,BL,0,26,33.99000
33.2360,1107,27,30,0.03000,FR,0,18,33.75000
33.2360,1107,27,30,0.03000,BR,0,11,33.54000
33.2440,1108,28,30,0.03000,FL,0,2,33.30000
33.2440,1108,28,30,0.03000,FL,1,32,34.20000
33.2440,1108,28,30,0.03000,BL,0,25,33.99000
33.2440,1108,28,30,0.03000,FR,0,17,33.75000
33.2440,1108,28,30,0.03000,BR,0,10,33.54000
33.2560,1108,28,30,0.03000,FL,0,2,33.30000
33.2560,1108,28,30,0.03000,FL,1,32,34.20000
33.2560,1108,28,30,0.03000,BL,0,25,33.99000
33.2560,1108,28,30,0.03000,FR,0,17,33.75000
33.2560,1108,28,30,0.03000,BR,0,10,33.54000
33.2640,1108,28,30,0.03000,FL,0,2,33.30000
33.2640,1108,28,30,0.03000,FL,1,32,34.20000
33.2640,1108,28,30,0.03000,BL,0,25,33.99000
33.2640,1108,28,30,0.03000,FR,0,17,33.75000
33.2640,1108,28,30,0.03000,BR,0,10,33.54000
33.2760,1109,29,30,0.03000,FL,0,1,33.30000
33.2760,1109,29,30,0.03000,FL,1,31,34.20000
33.2760,1109,29,30,0.03000,BL,0,24,33.99000
33.2760,1109,29,30,0.03000,FR,0,16,33.75000
33.2760,1109,29,30,0.03000,BR,0,9,33.54000
33.2760,1109,29,30,0.03000,BR,1,39,34.44000
33.2860,1109,29,30,0.03000,FL,0,1,33.30000
33.2860,1109,29,30,0.03000,FL,1,31,34.20000
33.2860,1109,29,30,0.03000,BL,0,24,33.99000
33.2860,1109,29,30,0.03000,FR,0,16,33.75000
33.2860,1109,29,30,0.03000,BR,0,9,33.54000
33.2860,1109,29,30,0.03000,BR,1,39,34.44000
33.2980,1109,29,30,0.03000,FL,0,1,33.30000
33.2980,1109,29,30,0.03000,FL,1,31,34.20000
33.2980,1109,29,30,0.03000,BL,0,24,33.99000
33.2980,1109,29,30,0.03000,FR,0,16,33.75000
33.2980,1109,29,30,0.03000,BR,0,9,33.54000
33.2980,1109,29,30,0.03000,BR,1,39,34.44000
33.3080,1110,0,30,0.03000,FL,0,30,34.20000
33.3080,1110,0,30,0.03000,BL,0,23,33.99000
33.3080,1110,0,30,0.03000,FR,0,15,33.75000
33.3080,1110,0,30,0.03000,BR,0,8,33.54000
33.3080,1110,0,30,0.03000,BR,1,38,34.44000
33.3340,1111,1,30,0.03000,FL,0,29,34.20000
33.3340,1111,1,30,0.03000,BL,0,22,33.99000
33.3340,1111,1,30,0.03000,FR,0,14,33.75000
33.3340,1111,1,30,0.03000,BR,0,7,33.54000
33.3340,1111,1,30,0.03000,BR,1,37,34.44000
33.3460,1111,1,30,0.03000,FL,0,29,34.20000
33.3460,1111,1,30,0.03000,BL,0,22,33.99000
33.3460,1111,1,30,0.03000,FR,0,14,33.75000
33.3460,1111,1,30,0.03000,BR,0,7,33.54000
33.3460,1111,1,30,0.03000,BR,1,37,34.44000
33.3560,1111,1,30,0.03000,FL,0,29,34.20000
33.3560,1111,1,30,0.03000,BL,0,22,33.99000
33.3560,1111,1,30,0.03000,FR,0,14,33.75000
33.3560,1111,1,30,0.03000,BR,0,7,33.54000
33.3560,1111,1,30,0.03000,BR,1,37,34.44000
33.3660,1112,2,30,0.03000,FL,0,28,34.20000
33.3660,1112,2,30,0.03000,BL,0,21,33.99000
33.3660,1112,2,30,0.03000,FR,0,13,33.75000
33.3660,1112,2,30,0.03000,BR,0,6,33.54000
33.3660,1112,2,30,0.03000,BR,1,36,34.44000
33.3760,1112,2,30,0.03000,FL,0,28,34.20000
33.3760,1112,2,30,0.03000,BL,0,21,33.99000
33.3760,1112,2,30,0.03000,FR,0,13,33.75000
33.3760,1112,2,30,0.03000,BR,0,6,33.54000
33.3760,1112,2,30,0.03000,BR,1,36,34.44000
33.3860,1112,2,30,0.03000,FL,0,28,34.20000
33.3860,1112,2,30,0.03000,BL,0,21,33.99000
33.3860,1112,2,30,0.03000,FR,0,13,33.75000
33.3860,1112,2,30,0.03000,BR,0,6,33.54000
33.3860,1112,2,30,0.03000,BR,1,36,34.44000
33.3960,1113,3,30,0.03000,FL,0,27,34.20000
33.3960,1113,3,30,0.03000,BL,0,20,33.99000
33.3960,1113,3,30,0.03000,FR,0,12,33.75000
33.3960,1113,3,30,0.03000,BR,0,5,33.54000
33.3960,1113,3,30,0.03000,BR,1,35,34.44000
33.4080,1113,3,30,0.03000,FL,0,27,34.20000
33.4080,1113,3,30,0.03000,BL,0,20,33.99000
33.4080,1113,3,30,0.03000,FR,0,12,33.75000
33.4080,1113,3,30,0.03000,BR,0,5,33.54000
33.4080,1113,3,30,0.03000,BR,1,35,34.44000
33.4220,1114,4,30,0.03000,FL,0,26,34.20000
33.4220,1114,4,30,0.03000,BL,0,19,33.99000
33.4220,1114,4,30,0.03000,FR,0,11,33.75000
33.4220,1114,4,30,0.03000,BR,0,4,33.54000
33.4220,1114,4,30,0.03000,BR,1,34,34.44000
33.4320,1114,4,30,0.03000,FL,0,26,34.20000
33.4320,1114,4,30,0.03000,BL,0,19,33.99000
33.4320,1114,4,30,0.03000,FR,0,11,33.75000
33.4320,1114,4,30,0.03000,BR,0,4,33.54000
33.4320,1114,4,30,0.03000,BR,1,34,34.44000
33.4420,1114,4,30,0.03000,FL,0,26,34.20000
33.4420,1114,4,30,0.03000,BL,0,19,33.99000
33.4420,1114,4,30,0.03000,FR,0,11,33.75000
33.4420,1114,4,30,0.03000,BR,0,4,33.54000
33.4420,1114,4,30,0.03000,BR,1,34,34.44000
33.4520,1115,5,30,0.03000,FL,0,25,34.20000
33.4520,1115,5,30,0.03000,BL,0,18,33.99000
33.4520,1115,5,30,0.03000,FR,0,10,33.75000
33.4520,1115,5,30,0.03000,BR,0,3,33.54000
33.4520,1115,5,30,0.03000,BR,1,33,34.44000
33.4620,1115,5,30,0.03000,FL,0,25,34.20000
33.4620,1115,5,30,0.03000,BL,0,18,33.99000
33.4620,1115,5,30,0.03000,FR,0,10,33.75000
33.4620,1115,5,30,0.03000,BR,0,3,33.54000
33.4620,1115,5,30,0.03000,BR,1,33,34.44000
33.4720,1115,5,30,0.03000,FL,0,25,34.20000
33.4720,1115,5,30,0.03000,BL,0,18,33.99000
33.4720,1115,5,30,0.03000,FR,0,10,33.75000
33.4720,1115,5,30,0.03000,BR,0,3,33.54000
33.4720,1115,5,30,0.03000,BR,1,33,34.44000
33.4880,1116,6,30,0.03000,FL,0,24,34.20000
33.4880,1116,6,30,0.03000,BL,0,17,33.99000
33.4880,1116,6,30,0.03000,FR,0,9,33.75000
33.4880,1116,6,30,0.03000,FR,1,39,34.65000
33.4880,1116,6,30,0.03000,BR,0,2,33.54000
33.4880,1116,6,30,0.03000,BR,1,32,34.44000
33.5040,1116,6,30,0.03000,FL,0,24,34.20000
33.5040,1116,6,30,0.03000,BL,0,17,33.99000
33.5040,1116,6,30,0.03000,FR,0,9,33.75000
33.5040,1116,6,30,0.03000,FR,1,39,34.65000
33.5040,1116,6,30,0.03000,BR,0,2,33.54000
33.5040,1116,6,30,0.03000,BR,1,32,34.44000
33.5120,1117,7,30,0.03000,FL,0,23,34.20000
33.5120,1117,7,30,0.03000,BL,0,16,33.99000
33.5120,1117,7,30,0.03000,FR,0,8,33.75000
33.5120,1117,7,30,0.03000,FR,1,38,34.65000
33.5120,1117,7,30,0.03000,BR,0,1,33.54000
33.5120,1117,7,30,0.03000,BR,1,31,34.44000
33.5360,1117,7,30,0.03000,FL,0,23,34.20000
33.5360,1117,7,30,0.03000,BL,0,16,33.99000
33.5360,1117,7,30,0.03000,FR,0,8,33.75000
33.5360,1117,7,30,0.03000,FR,1,38,34.65000
33.5360,1117,7,30,0.03000,BR,0,1,33.54000
33.5360,1117,7,30,0.03000,BR,1,31,34.44000
33.5460,1118,8,30,0.03000,FL,0,22,34.20000
33.5460,1118,8,30,0.03000,BL,0,15,33.99000
33.5460,1118,8,30,0.03000,FR,0,7,33.75000
33.5460,1118,8,30,0.03000,FR,1,37,34.65000
33.5460,1118,8,30,0.03000,BR,0,30,34.44000
33.5560,1118,8,30,0.03000,FL,0,22,34.20000
33.5560,1118,8,30,0.03000,BL,0,15,33.99000
33.5560,1118,8,30,0.03000,FR,0,7,33.75000
33.5560,1118,8,30,0.03000,FR,1,37,34.65000
33.5560,1118,8,30,0.03000,BR,0,30,34.44000
33.5660,1118,8,30,0.03000,FL,0,22,34.20000
33.5660,1118,8,30,0.03000,BL,0,15,33.99000
33.5660,1118,8,30,0.03000,FR,0,7,33.75000
33.5660,1118,8,30,0.03000,FR,1,37,34.65000
33.5660,1118,8,30,0.03000,BR,0,30,34.44000
33.5740,1119,9,30,0.03000,FL,0,21,34.20000
33.5740,1119,9,30,0.03000,BL,0,14,33.99000
33.5740,1119,9,30,0.03000,FR,0,6,33.75000
33.5740,1119,9,30,0.03000,FR,1,36,34.65000
33.5740,1119,9,30,0.03000,BR,0,29,34.44000
33.5840,1119,9,30,0.03000,FL,0,21,34.20000
33.5840,1119,9,30,0.03000,BL,0,14,33.99000
33.5840,1119,9,30,0.03000,FR,0,6,33.75000
33.5840,1119,9,30,0.03000,FR,1,36,34.65000
33.5840,1119,9,30,0.03000,BR,0,29,34.44000
33.5940,1119,9,30,0.03000,FL,0,21,34.20000
33.5940,1119,9,30,0.03000,BL,0,14,33.99000
33.5940,1119,9,30,0.03000,FR,0,6,33.75000
33.5940,1119,9,30,0.03000,FR,1,36,34.65000
33.5940,1119,9,30,0.03000,BR,0,29,34.44000
33.6040,1120,10,30,0.03000,FL,0,20,34.20000
33.6040,1120,10,30,0.03000,BL,0,13,33.99000
33.6040,1120,10,30,0.03000,FR,0,5,33.75000
33.6040,1120,10,30,0.03000,FR,1,35,34.65000
33.6040,1120,10,30,0.03000,BR,0,28,34.44000
33.6140,1120,10,30,0.03000,FL,0,20,34.20000
33.6140,1120,10,30,0.03000,BL,0,13,33.99000
33.6140,1120,10,30,0.03000,FR,0,5,33.75000
33.6140,1120,10,30,0.03000,FR,1,35,34.65000
33.6140,1120,10,30,0.03000,BR,0,28,34.44000
33.6260,1120,10,30,0.03000,FL,0,20,34.20000
33.6260,1120,10,30,0.03000,BL,0,13,33.99000
33.6260,1120,10,30,0.03000,FR,0,5,33.75000
33.6260,1120,10,30,0.03000,FR,1,35,34.65000
33.6260,1120,10,30,0.03000,BR,0,28,34.44000
33.6340,1121,11,30,0.03000,FL,0,19,34.20000
33.6340,1121,11,30,0.03000,BL,0,12,33.99000
33.6340,1121,11,30,0.03000,FR,0,4,33.75000
33.6340,1121,11,30,0.03000,FR,1,34,34.65000
33.6340,1121,11,30,0.03000,BR,0,27,34.44000
33.6460,1121,11,30,0.03000,FL,0,19,34.20000
33.6460,1121,11,30,0.03000,BL,0,12,33.99000
33.6460,1121,11,30,0.03000,FR,0,4,33.75000
33.6460,1121,11,30,0.03000,FR,1,34,34.65000
33.6460,1121,11,30,0.03000,BR,0,27,34.44000
33.6540,1121,11,30,0.03000,FL,0,19,34.20000
33.6540,1121,11,30,0.03000,BL,0,12,33.99000
33.6540,1121,11,30,0.03000,FR,0,4,33.75000
33.6540,1121,11,30,0.03000,FR,1,34,34.65000
33.6540,1121,11,30,0.03000,BR,0,27,34.44000
33.6640,1122,12,30,0.03000,FL,0,18,34.20000
33.6640,1122,12,30,0.03000,BL,0,11,33.99000
33.6640,1122,12,30,0.03000,FR,0,3,33.75000
33.6640,1122,12,30,0.03000,FR,1,33,34.65000
33.6640,1122,12,30,0.03000,BR,0,26,34.44000
33.6740,1122,12,30,0.03000,FL,0,18,34.20000
33.6740,1122,12,30,0.03000,BL,0,11,33.99000
33.6740,1122,12,30,0.03000,FR,0,3,33.75000
33.6740,1122,12,30,0.03000,FR,1,33,34.65000
33.6740,1122,12,30,0.03000,BR,0,26,34.44000
33.6840,1122,12,30,0.03000,FL,0,18,34.20000
33.6840,1122,12,30,0.03000,BL,0,11,33.99000
33.6840,1122,12,30,0.03000,FR,0,3,33.75000
33.6840,1122,12,30,0.03000,FR,1,33,34.65000
33.6840,1122,12,30,0.03000,BR,0,26,34.44000
33.6940,1123,13,30,0.03000,FL,0,17,34.20000
33.6940,1123,13,30,0.03000,BL,0,10,33.99000
33.6940,1123,13,30,0.03000,FR,0,2,33.75000
33.6940,1123,13,30,0.03000,FR,1,32,34.65000
33.6940,1123,13,30,0.03000,BR,0,25,34.44000
33.7040,1123,13,30,0.03000,FL,0,17,34.20000
33.7040,1123,13,30,0.03000,BL,0,10,33.99000
33.7040,1123,13,30,0.03000,FR,0,2,33.75000
33.7040,1123,13,30,0.03000,FR,1,32,34.65000
33.7040,1123,13,30,0.03000,BR,0,25,34.44000
33.7120,1123,13,30,0.03000,FL,0,17,34.20000
33.7120,1123,13,30,0.03000,BL,0,10,33.99000
33.7120,1123,13,30,0.03000,FR,0,2,33.75000
33.7120,1123,13,30,0.03000,FR,1,32,34.65000
33.7120,1123,13,30,0.03000,BR,0,25,34.44000
33.7240,1124,14,30,0.03000,FL,0,16,34.20000
33.7240,1124,14,30,0.03000,BL,0,9,33.99000
33.7240,1124,14,30,0.03000,BL,1,39,34.89000
33.7240,1124,14,30,0.03000,FR,0,1,33.75000
33.7240,1124,14,30,0.03000,FR,1,31,34.65000
33.7240,1124,14,30,0.03000,BR,0,24,34.44000
33.7320,1124,14,30,0.03000,FL,0,16,34.20000
33.7320,1124,14,30,0.03000,BL,0,9,33.99000
33.7320,1124,14,30,0.03000,BL,1,39,34.89000
33.7320,1124,14,30,0.03000,FR,0,1,33.75000
33.7320,1124,14,30,0.03000,FR,1,31,34.65000
33.7320,1124,14,30,0.03000,BR,0,24,34.44000
33.7420,1124,14,30,0.03000,FL,0,16,34.20000
33.7420,1124,14,30,0.03000,BL,0,9,33.99000
33.7420,1124,14,30,0.03000,BL,1,39,34.89000
33.7420,1124,14,30,0.03000,FR,0,1,33.75000
33.7420,1124,14,30,0.03000,FR,1,31,34.65000
33.7420,1124,14,30,0.03000,BR,0,24,34.44000
33.7520,1125,15,30,0.03000,FL,0,15,34.20000
33.7520,1125,15,30,0.03000,BL,0,8,33.99000
33.7520,1125,15,30,0.03000,BL,1,38,34.89000
33.7520,1125,15,30,0.03000,FR,0,30,34.65000
33.7520,1125,15,30,0.03000,BR,0,23,34.44000
33.7720,1125,15,30,0.03000,FL,0,15,34.20000
33.7720,1125,15,30,0.03000,BL,0,8,33.99000
33.7720,1125,15,30,0.03000,BL,1,38,34.89000
33.7720,1125,15,30,0.03000,FR,0,30,34.65000
33.7720,1125,15,30,0.03000,BR,0,23,34.44000
33.7800,1126,16,30,0.03000,FL,0,14,34.20000
33.7800,1126,16,30,0.03000,BL,0,7,33.99000
33.7800,1126,16,30,0.03000,BL,1,37,34.89000
33.7800,1126,16,30,0.03000,FR,0,29,34.65000
33.7800,1126,16,30,0.03000,BR,0,22,34.44000
33.7900,1126,16,30,0.03000,FL,0,14,34.20000
33.7900,1126,16,30,0.03000,BL,0,7,33.99000
33.7900,1126,16,30,0.03000,BL,1,37,34.89000
33.7900,1126,16,30,0.03000,FR,0,29,34.65000
33.7900,1126,16,30,0.03000,BR,0,22,34.44000
33.8000,1126,16,30,0.03000,FL,0,14,34.20000
33.8000,1126,16,30,0.03000,BL,0,7,33.99000
33.8000,1126,16,30,0.03000,BL,1,37,34.89000
33.8000,1126,16,30,0.03000,FR,0,29,34.65000
33.8000,1126,16,30,0.03000,BR,0,22,34.44000
33.8100,1127,17,30,0.03000,FL,0,13,34.20000
33.8100,1127,17,30,0.03000,BL,0,6,33.99000
33.8100,1127,17,30,0.03000,BL,1,36,34.89000
33.8100,1127,17,30,0.03000,FR,0,28,34.65000
33.8100,1127,17,30,0.03000,BR,0,21,34.44000
33.8180,1127,17,30,0.03000,FL,0,13,34.20000
33.8180,1127,17,30,0.03000,BL,0,6,33.99000
33.8180,1127,17,30,0.03000,BL,1,36,34.89000
33.8180,1127,17,30,0.03000,FR,0,28,34.65000
33.8180,1127,17,30,0.03000,BR,0,21,34.44000
33.8300,1127,17,30,0.03000,FL,0,13,34.20000
33.8300,1127,17,30,0.03000,BL,0,6,33.99000
33.8300,1127,17,30,0.03000,BL,1,36,34.89000
33.8300,1127,17,30,0.03000,FR,0,28,34.65000
33.8300,1127,17,30,0.03000,BR,0,21,34.44000
33.8380,1127,17,30,0.03000,FL,0,13,34.20000
33.8380,1127,17,30,0.03000,BL,0,6,33.99000
33.8380,1127,17,30,0.03000,BL,1,36,34.89000
33.8380,1127,17,30,0.03000,FR,0,28,34.65000
33.8380,1127,17,30,0.03000,BR,0,21,34.44000
33.8480,1128,18,30,0.03000,FL,0,12,34.20000
33.8480,1128,18,30,0.03000,BL,0,5,33.99000
33.8480,1128,18,30,0.03000,BL,1,35,34.89000
33.8480,1128,18,30,0.03000,FR,0,27,34.65000
33.8480,1128,18,30,0.03000,BR,0,20,34.44000
33.8580,1128,18,30,0.03000,FL,0,12,34.20000
33.8580,1128,18,30,0.03000,BL,0,5,33.99000
33.8580,1128,18,30,0.03000,BL,1,35,34.89000
33.8580,1128,18,30,0.03000,FR,0,27,34.65000
33.8580,1128,18,30,0.03000,BR,0,20,34.44000
33.8680,1128,18,30,0.03000,FL,0,12,34.20000
33.8680,1128,18,30,0.03000,BL,0,5,33.99000
33.8680,1128,18,30,0.03000,BL,1,35,34.89000
33.8680,1128,18,30,0.03000,FR,0,27,34.65000
33.8680,1128,18,30,0.03000,BR,0,20,34.44000
33.8800,1129,19,30,0.03000,FL,0,11,34.20000
33.8800,1129,19,30,0.03000,BL,0,4,33.99000
33.8800,1129,19,30,0.03000,BL,1,34,34.89000
33.8800,1129,19,30,0.03000,FR,0,26,34.65000
33.8800,1129,19,30,0.03000,BR,0,19,34.44000
33.8880,1129,19,30,0.03000,FL,0,11,34.20000
33.8880,1129,19,30,0.03000,BL,0,4,33.99000
33.8880,1129,19,30,0.03000,BL,1,34,34.89000
33.8880,1129,19,30,0.03000,FR,0,26,34.65000
33.8880,1129,19,30,0.03000,BR,0,19,34.44000
33.8980,1129,19,30,0.03000,FL,0,11,34.20000
33.8980,1129,19,30,0.03000,BL,0,4,33.99000
33.8980,1129,19,30,0.03000,BL,1,34,34.89000
33.8980,1129,19,30,0.03000,FR,0,26,34.65000
33.8980,1129,19,30,0.03000,BR,0,19,34.44000
33.9080,1130,20,30,0.03000,FL,0,10,34.20000
33.9080,1130,20,30,0.03000,BL,0,3,33.99000
33.9080,1130,20,30,0.03000,BL,1,33,34.89000
33.9080,1130,20,30,0.03000,FR,0,25,34.65000
33.9080,1130,20,30,0.03000,BR,0,18,34.44000
33.9180,1130,20,30,0.03000,FL,0,10,34.20000
33.9180,1130,20,30,0.03000,BL,0,3,33.99000
33.9180,1130,20,30,0.03000,BL,1,33,34.89000
33.9180,1130,20,30,0.03000,FR,0,25,34.65000
33.9180,1130,20,30,0.03000,BR,0,18,34.44000
33.9320,1131,21,30,0.03000,FL,0,9,34.20000
33.9320,1131,21,30,0.03000,FL,1,39,35.10000
33.9320,1131,21,30,0.03000,BL,0,2,33.99000
33.9320,1131,21,30,0.03000,BL,1,32,34.89000
33.9320,1131,21,30,0.03000,FR,0,24,34.65000
33.9320,1131,21,30,0.03000,BR,0,17,34.44000
33.9460,1131,21,30,0.03000,FL,0,9,34.20000
33.9460,1131,21,30,0.03000,FL,1,39,35.10000
33.9460,1131,21,30,0.03000,BL,0,2,33.99000
33.9460,1131,21,30,0.03000,BL,1,32,34.89000
33.9460,1131,21,30,0.03000,FR,0,24,34.65000
33.9460,1131,21,30,0.03000,BR,0,17,34.44000
33.9660,1132,22,30,0.03000,FL,0,8,34.20000
33.9660,1132,22,30,0.03000,FL,1,38,35.10000
33.9660,1132,22,30,0.03000,BL,0,1,33.99000
33.9660,1132,22,30,0.03000,BL,1,31,34.89000
33.9660,1132,22,30,0.03000,FR,0,23,34.65000
33.9660,1132,22,30,0.03000,BR,0,16,34.44000
33.9860,1132,22,30,0.03000,FL,0,8,34.20000
33.9860,1132,22,30,0.03000,FL,1,38,35.10000
33.9860,1132,22,30,0.03000,BL,0,1,33.99000
33.9860,1132,22,30,0.03000,BL,1,31,34.89000
33.9860,1132,22,30,0.03000,FR,0,23,34.65000
33.9860,1132,22,30,0.03000,BR,0,16,34.44000
33.9960,1133,23,30,0.03000,FL,0,7,34.20000
33.9960,1133,23,30,0.03000,FL,1,37,35.10000
33.9960,1133,23,30,0.03000,BL,0,30,34.89000
33.9960,1133,23,30,0.03000,FR,0,22,34.65000
33.9960,1133,23,30,0.03000,BR,0,15,34.44000
34.0040,1133,23,30,0.03000,FL,0,7,34.20000
34.0040,1133,23,30,0.03000,FL,1,37,35.10000
34.0040,1133,23,30,0.03000,BL,0,30,34.89000
34.0040,1133,23,30,0.03000,FR,0,22,34.65000
34.0040,1133,23,30,0.03000,BR,0,15,34.44000
34.0140,1133,23,30,0.03000,FL,0,7,34.20000
34.0140,1133,23,30,0.03000,FL,1,37,35.10000
34.0140,1133,23,30,0.03000,BL,0,30,34.89000
34.0140,1133,23,30,0.03000,FR,0,22,34.65000
34.0140,1133,23,30,0.03000,BR,0,15,34.44000
34.0240,1134,24,30,0.03000,FL,0,6,34.20000
34.0240,1134,24,30,0.03000,FL,1,36,35.10000
34.0240,1134,24,30,0.03000,BL,0,29,34.89000
34.0240,1134,24,30,0.03000,FR,0,21,34.65000
34.0240,1134,24,30,0.03000,BR,0,14,34.44000
34.0340,1134,24,30,0.03000,FL,0,6,34.20000
34.0340,1134,24,30,0.03000,FL,1,36,35.10000
34.0340,1134,24,30,0.03000,BL,0,29,34.89000
34.0340,1134,24,30,0.03000,FR,0,21,34.65000
34.0340,1134,24,30,0.03000,BR,0,14,34.44000
34.0420,1134,24,30,0.03000,FL,0,6,34.20000
34.0420,1134,24,30,0.03000,FL,1,36,35.10000
34.0420,1134,24,30,0.03000,BL,0,29,34.89000
34.0420,1134,24,30,0.03000,FR,0,21,34.65000
34.0420,1134,24,30,0.03000,BR,0,14,34.44000
34.0540,1135,25,30,0.03000,FL,0,5,34.20000
34.0540,1135,25,30,0.03000,FL,1,35,35.10000
34.0540,1135,25,30,0.03000,BL,0,28,34.89000
34.0540,1135,25,30,0.03000,FR,0,20,34.65000
34.0540,1135,25,30,0.03000,BR,0,13,34.44000
34.0640,1135,25,30,0.03000,FL,0,5,34.20000
34.0640,1135,25,30,0.03000,FL,1,35,35.10000
34.0640,1135,25,30,0.03000,BL,0,28,34.89000
34.0640,1135,25,30,0.03000,FR,0,20,34.65000
34.0640,1135,25,30,0.03000,BR,0,13,34.44000
34.0760,1135,25,30,0.03000,FL,0,5,34.20000
34.0760,1135,25,30,0.03000,FL,1,35,35.10000
34.0760,1135,25,30,0.03000,BL,0,28,34.89000
34.0760,1135,25,30,0.03000,FR,0,20,34.65000
34.0760,1135,25,30,0.03000,BR,0,13,34.44000
34.0980,1136,26,30,0.03000,FL,0,4,34.20000
34.0980,1136,26,30,0.03000,FL,1,34,35.10000
34.0980,1136,26,30,0.03000,BL,0,27,34.89000
34.0980,1136,26,30,0.03000,FR,0,19,34.65000
34.0980,1136,26,30,0.03000,BR,0,12,34.44000
34.1080,1136,26,30,0.03000,FL,0,4,34.20000
34.1080,1136,26,30,0.03000,FL,1,34,35.10000
34.1080,1136,26,30,0.03000,BL,0,27,34.89000
34.1080,1136,26,30,0.03000,FR,0,19,34.65000
34.1080,1136,26,30,0.03000,BR,0,12,34.44000
34.1180,1137,27,30,0.03000,FL,0,3,34.20000
34.1180,1137,27,30,0.03000,FL,1,33,35.10000
34.1180,1137,27,30,0.03000,BL,0,26,34.89000
34.1180,1137,27,30,0.03000,FR,0,18,34.65000
34.1180,1137,27,30,0.03000,BR,0,11,34.44000
34.1280,1137,27,30,0.03000,FL,0,3,34.20000
34.1280,1137,27,30,0.03000,FL,1,33,35.10000
34.1280,1137,27,30,0.03000,BL,0,26,34.89000
34.1280,1137,27,30,0.03000,FR,0,18,34.65000
34.1280,1137,27,30,0.03000,BR,0,11,34.44000
34.1380,1137,27,30,0.03000,FL,0,3,34.20000
34.1380,1137,27,30,0.03000,FL,1,33,35.10000
34.1380,1137,27,30,0.03000,BL,0,26,34.89000
34.1380,1137,27,30,0.03000,FR,0,18,34.65000
34.1380,1137,27,30,0.03000,BR,0,11,34.44000
34.1460,1138,28,30,0.03000,FL,0,2,34.20000
34.1460,1138,28,30,0.03000,FL,1,32,35.10000
34.1460,1138,28,30,0.03000,BL,0,25,34.89000
34.1460,1138,28,30,0.03000,FR,0,17,34.65000
34.1460,1138,28,30,0.03000,BR,0,10,34.44000
34.1580,1138,28,30,0.03000,FL,0,2,34.20000
34.1580,1138,28,30,0.03000,FL,1,32,35.10000
34.1580,1138,28,30,0.03000,BL,0,25,34.89000
34.1580,1138,28,30,0.03000,FR,0,17,34.65000
34.1580,1138,28,30,0.03000,BR,0,10,34.44000
34.1660,1138,28,30,0.03000,FL,0,2,34.20000
34.1660,1138,28,30,0.03000,FL,1,32,35.10000
34.1660,1138,28,30,0.03000,BL,0,25,34.89000
34.1660,1138,28,30,0.03000,FR,0,17,34.65000
34.1660,1138,28,30,0.03000,BR,0,10,34.44000
34.1760,1139,29,30,0.03000,FL,0,1,34.20000
34.1760,1139,29,30,0.03000,FL,1,31,35.10000
34.1760,1139,29,30,0.03000,BL,0,24,34.89000
34.1760,1139,29,30,0.03000,FR,0,16,34.65000
34.1760,1139,29,30,0.03000,BR,0,9,34.44000
34.1760,1139,29,30,0.03000,BR,1,39,35.34000
34.1860,1139,29,30,0.03000,FL,0,1,34.20000
34.1860,1139,29,30,0.03000,FL,1,31,35.10000
34.1860,1139,29,30,0.03000,BL,0,24,34.89000
34.1860,1139,29,30,0.03000,FR,0,16,34.65000
34.1860,1139,29,30,0.03000,BR,0,9,34.44000
34.1860,1139,29,30,0.03000,BR,1,39,35.34000
34.1960,1139,29,30,0.03000,FL,0,1,34.20000
34.1960,1139,29,30,0.03000,FL,1,31,35.10000
34.1960,1139,29,30,0.03000,BL,0,24,34.89000
34.1960,1139,29,30,0.03000,FR,0,16,34.65000
34.1960,1139,29,30,0.03000,BR,0,9,34.44000
34.1960,1139,29,30,0.03000,BR,1,39,35.34000
34.2060,1140,0,30,0.03000,FL,0,30,35.10000
34.2060,1140,0,30,0.03000,BL,0,23,34.89000
34.2060,1140,0,30,0.03000,FR,0,15,34.65000
34.2060,1140,0,30,0.03000,BR,0,8,34.44000
34.2060,1140,0,30,0.03000,BR,1,38,35.34000
34.2240,1140,0,30,0.03000,FL,0,30,35.10000
34.2240,1140,0,30,0.03000,BL,0,23,34.89000
34.2240,1140,0,30,0.03000,FR,0,15,34.65000
34.2240,1140,0,30,0.03000,BR,0,8,34.44000
34.2240,1140,0,30,0.03000,BR,1,38,35.34000
34.2360,1141,1,30,0.03000,FL,0,29,35.10000
34.2360,1141,1,30,0.03000,BL,0,22,34.89000
34.2360,1141,1,30,0.03000,FR,0,14,34.65000
34.2360,1141,1,30,0.03000,BR,0,7,34.44000
34.2360,1141,1,30,0.03000,BR,1,37,35.34000
34.2440,1141,1,30,0.03000,FL,0,29,35.10000
34.2440,1141,1,30,0.03000,BL,0,22,34.89000
34.2440,1141,1,30,0.03000,FR,0,14,34.65000
34.2440,1141,1,30,0.03000,BR,0,7,34.44000
34.2440,1141,1,30,0.03000,BR,1,37,35.34000
34.2540,1141,1,30,0.03000,FL,0,29,35.10000
34.2540,1141,1,30,0.03000,BL,0,22,34.89000
34.2540,1141,1,30,0.03000,FR,0,14,34.65000
34.2540,1141,1,30,0.03000,BR,0,7,34.44000
34.2540,1141,1,30,0.03000,BR,1,37,35.34000
34.2640,1142,2,30,0.03000,FL,0,28,35.10000
34.2640,1142,2,30,0.03000,BL,0,21,34.89000
34.2640,1142,2,30,0.03000,FR,0,13,34.65000
34.2640,1142,2,30,0.03000,BR,0,6,34.44000
34.2640,1142,2,30,0.03000,BR,1,36,35.34000
34.2740,1142,2,30,0.03000,FL,0,28,35.10000
34.2740,1142,2,30,0.03000,BL,0,21,34.89000
34.2740,1142,2,30,0.03000,FR,0,13,34.65000
34.2740,1142,2,30,0.03000,BR,0,6,34.44000
34.2740,1142,2,30,0.03000,BR,1,36,35.34000
34.2820,1142,2,30,0.03000,FL,0,28,35.10000
34.2820,1142,2,30,0.03000,BL,0,21,34.89000
34.2820,1142,2,30,0.03000,FR,0,13,34.65000
34.2820,1142,2,30,0.03000,BR,0,6,34.44000
34.2820,1142,2,30,0.03000,BR,1,36,35.34000
34.2920,1143,3,30,0.03000,FL,0,27,35.10000
34.2920,1143,3,30,0.03000,BL,0,20,34.89000
34.2920,1143,3,30,0.03000,FR,0,12,34.65000
34.2920,1143,3,30,0.03000,BR,0,5,34.44000
34.2920,1143,3,30,0.03000,BR,1,35,35.34000
34.3020,1143,3,30,0.03000,FL,0,27,35.10000
34.3020,1143,3,30,0.03000,BL,0,20,34.89000
34.3020,1143,3,30,0.03000,FR,0,12,34.65000
34.3020,1143,3,30,0.03000,BR,0,5,34.44000
34.3020,1143,3,30,0.03000,BR,1,35,35.34000
34.3140,1143,3,30,0.03000,FL,0,27,35.10000
34.3140,1143,3,30,0.03000,BL,0,20,34.89000
34.3140,1143,3,30,0.03000,FR,0,12,34.65000
34.3140,1143,3,30,0.03000,BR,0,5,34.44000
34.3140,1143,3,30,0.03000,BR,1,35,35.34000
34.3220,1144,4,30,0.03000,FL,0,26,35.10000
34.3220,1144,4,30,0.03000,BL,0,19,34.89000
34.3220,1144,4,30,0.03000,FR,0,11,34.65000
34.3220,1144,4,30,0.03000,BR,0,4,34.44000
34.3220,1144,4,30,0.03000,BR,1,34,35.34000
34.3340,1144,4,30,0.03000,FL,0,26,35.10000
34.3340,1144,4,30,0.03000,BL,0,19,34.89000
34.3340,1144,4,30,0.03000,FR,0,11,34.65000
34.3340,1144,4,30,0.03000,BR,0,4,34.44000
34.3340,1144,4,30,0.03000,BR,1,34,35.34000
34.3500,1145,5,30,0.03000,FL,0,25,35.10000
34.3500,1145,5,30,0.03000,BL,0,18,34.89000
34.3500,1145,5,30,0.03000,FR,0,10,34.65000
34.3500,1145,5,30,0.03000,BR,0,3,34.44000
34.3500,1145,5,30,0.03000,BR,1,33,35.34000
34.3600,1145,5,30,0.03000,FL,0,25,35.10000
34.3600,1145,5,30,0.03000,BL,0,18,34.89000
34.3600,1145,5,30,0.03000,FR,0,10,34.65000
34.3600,1145,5,30,0.03000,BR,0,3,34.44000
34.3600,1145,5,30,0.03000,BR,1,33,35.34000
34.3680,1145,5,30,0.03000,FL,0,25,35.10000
34.3680,1145,5,30,0.03000,BL,0,18,34.89000
34.3680,1145,5,30,0.03000,FR,0,10,34.65000
34.3680,1145,5,30,0.03000,BR,0,3,34.44000
34.3680,1145,5,30,0.03000,BR,1,33,35.34000
34.3780,1145,5,30,0.03000,FL,0,25,35.10000
34.3780,1145,5,30,0.03000,BL,0,18,34.89000
34.3780,1145,5,30,0.03000,FR,0,10,34.65000
34.3780,1145,5,30,0.03000,BR,0,3,34.44000
34.3780,1145,5,30,0.03000,BR,1,33,35.34000
34.3880,1146,6,30,0.03000,FL,0,24,35.10000
34.3880,1146,6,30,0.03000,BL,0,17,34.89000
34.3880,1146,6,30,0.03000,FR,0,9,34.65000
34.3880,1146,6,30,0.03000,FR,1,39,35.55000
34.3880,1146,6,30,0.03000,BR,0,2,34.44000
34.3880,1146,6,30,0.03000,BR,1,32,35.34000
34.3980,1146,6,30,0.03000,FL,0,24,35.10000
34.3980,1146,6,30,0.03000,BL,0,17,34.89000
34.3980,1146,6,30,0.03000,FR,0,9,34.65000
34.3980,1146,6,30,0.03000,FR,1,39,35.55000
34.3980,1146,6,30,0.03000,BR,0,2,34.44000
34.3980,1146,6,30,0.03000,BR,1,32,35.34000
34.4060,1146,6,30,0.03000,FL,0,24,35.10000
34.4060,1146,6,30,0.03000,BL,0,17,34.89000
34.4060,1146,6,30,0.03000,FR,0,9,34.65000
34.4060,1146,6,30,0.03000,FR,1,39,35.55000
34.4060,1146,6,30,0.03000,BR,0,2,34.44000
34.4060,1146,6,30,0.03000,BR,1,32,35.34000
34.4180,1147,7,30,0.03000,FL,0,23,35.10000
34.4180,1147,7,30,0.03000,BL,0,16,34.89000
34.4180,1147,7,30,0.03000,FR,0,8,34.65000
34.4180,1147,7,30,0.03000,FR,1,38,35.55000
34.4180,1147,7,30,0.03000,BR,0,1,34.44000
34.4180,1147,7,30,0.03000,BR,1,31,35.34000
34.4380,1147,7,30,0.03000,FL,0,23,35.10000
34.4380,1147,7,30,0.03000,BL,0,16,34.89000
34.4380,1147,7,30,0.03000,FR,0,8,34.65000
34.4380,1147,7,30,0.03000,FR,1,38,35.55000
34.4380,1147,7,30,0.03000,BR,0,1,34.44000
34.4380,1147,7,30,0.03000,BR,1,31,35.34000
34.4500,1148,8,30,0.03000,FL,0,22,35.10000
34.4500,1148,8,30,0.03000,BL,0,15,34.89000
34.4500,1148,8,30,0.03000,FR,0,7,34.65000
34.4500,1148,8,30,0.03000,FR,1,37,35.55000
34.4500,1148,8,30,0.03000,BR,0,30,35.34000
34.4600,1148,8,30,0.03000,FL,0,22,35.10000
34.4600,1148,8,30,0.03000,BL,0,15,34.89000
34.4600,1148,8,30,0.03000,FR,0,7,34.65000
34.4600,1148,8,30,0.03000,FR,1,37,35.55000
34.4600,1148,8,30,0.03000,BR,0,30,35.34000
34.4720,1149,9,30,0.03000,FL,0,21,35.10000
34.4720,1149,9,30,0.03000,BL,0,14,34.89000
34.4720,1149,9,30,0.03000,FR,0,6,34.65000
34.4720,1149,9,30,0.03000,FR,1,36,35.55000
34.4720,1149,9,30,0.03000,BR,0,29,35.34000
34.4820,1149,9,30,0.03000,FL,0,21,35.10000
34.4820,1149,9,30,0.03000,BL,0,14,34.89000
34.4820,1149,9,30,0.03000,FR,0,6,34.65000
34.4820,1149,9,30,0.03000,FR,1,36,35.55000
34.4820,1149,9,30,0.03000,BR,0,29,35.34000
34.4920,1149,9,30,0.03000,FL,0,21,35.10000
34.4920,1149,9,30,0.03000,BL,0,14,34.89000
34.4920,1149,9,30,0.03000,FR,0,6,34.65000
34.4920,1149,9,30,0.03000,FR,1,36,35.55000
34.4920,1149,9,30,0.03000,BR,0,29,35.34000
34.5040,1150,10,30,0.03000,FL,0,20,35.10000
34.5040,1150,10,30,0.03000,BL,0,13,34.89000
34.5040,1150,10,30,0.03000,FR,0,5,34.65000
34.5040,1150,10,30,0.03000,FR,1,35,35.55000
34.5040,1150,10,30,0.03000,BR,0,28,35.34000
34.5140,1150,10,30,0.03000,FL,0,20,35.10000
34.5140,1150,10,30,0.03000,BL,0,13,34.89000
34.5140,1150,10,30,0.03000,FR,0,5,34.65000
34.5140,1150,10,30,0.03000,FR,1,35,35.55000
34.5140,1150,10,30,0.03000,BR,0,28,35.34000
34.5220,1150,10,30,0.03000,FL,0,20,35.10000
34.5220,1150,10,30,0.03000,BL,0,13,34.89000
34.5220,1150,10,30,0.03000,FR,0,5,34.65000
34.5220,1150,10,30,0.03000,FR,1,35,35.55000
34.5220,1150,10,30,0.03000,BR,0,28,35.34000
34.5340,1151,11,30,0.03000,FL,0,19,35.10000
34.5340,1151,11,30,0.03000,BL,0,12,34.89000
34.5340,1151,11,30,0.03000,FR,0,4,34.65000
34.5340,1151,11,30,0.03000,FR,1,34,35.55000
34.5340,1151,11,30,0.03000,BR,0,27,35.34000
34.5440,1151,11,30,0.03000,FL,0,19,35.10000
34.5440,1151,11,30,0.03000,BL,0,12,34.89000
34.5440,1151,11,30,0.03000,FR,0,4,34.65000
34.5440,1151,11,30,0.03000,FR,1,34,35.55000
34.5440,1151,11,30,0.03000,BR,0,27,35.34000
34.5560,1151,11,30,0.03000,FL,0,19,35.10000
34.5560,1151,11,30,0.03000,BL,0,12,34.89000
34.5560,1151,11,30,0.03000,FR,0,4,34.65000
34.5560,1151,11,30,0.03000,FR,1,34,35.55000
34.5560,1151,11,30,0.03000,BR,0,27,35.34000
34.5700,1152,12,30,0.03000,FL,0,18,35.10000
34.5700,1152,12,30,0.03000,BL,0,11,34.89000
34.5700,1152,12,30,0.03000,FR,0,3,34.65000
34.5700,1152,12,30,0.03000,FR,1,33,35.55000
34.5700,1152,12,30,0.03000,BR,0,26,35.34000
34.5820,1152,12,30,0.03000,FL,0,18,35.10000
34.5820,1152,12,30,0.03000,BL,0,11,34.89000
34.5820,1152,12,30,0.03000,FR,0,3,34.65000
34.5820,1152,12,30,0.03000,FR,1,33,35.55000
34.5820,1152,12,30,0.03000,BR,0,26,35.34000
34.5920,1153,13,30,0.03000,FL,0,17,35.10000
34.5920,1153,13,30,0.03000,BL,0,10,34.89000
34.5920,1153,13,30,0.03000,FR,0,2,34.65000
34.5920,1153,13,30,0.03000,FR,1,32,35.55000
34.5920,1153,13,30,0.03000,BR,0,25,35.34000
34.6000,1153,13,30,0.03000,FL,0,17,35.10000
34.6000,1153,13,30,0.03000,BL,0,10,34.89000
34.6000,1153,13,30,0.03000,FR,0,2,34.65000
34.6000,1153,13,30,0.03000,FR,1,32,35.55000
34.6000,1153,13,30,0.03000,BR,0,25,35.34000
34.6100,1153,13,30,0.03000,FL,0,17,35.10000
34.6100,1153,13,30,0.03000,BL,0,10,34.89000
34.6100,1153,13,30,0.03000,FR,0,2,34.65000
34.6100,1153,13,30,0.03000,FR,1,32,35.55000
34.6100,1153,13,30,0.03000,BR,0,25,35.34000
34.6200,1154,14,30,0.03000,FL,0,16,35.10000
34.6200,1154,14,30,0.03000,BL,0,9,34.89000
34.6200,1154,14,30,0.03000,BL,1,39,35.79000
34.6200,1154,14,30,0.03000,FR,0,1,34.65000
34.6200,1154,14,30,0.03000,FR,1,31,35.55000
34.6200,1154,14,30,0.03000,BR,0,24,35.34000
34.6320,1154,14,30,0.03000,FL,0,16,35.10000
34.6320,1154,14,30,0.03000,BL,0,9,34.89000
34.6320,1154,14,30,0.03000,BL,1,39,35.79000
34.6320,1154,14,30,0.03000,FR,0,1,34.65000
34.6320,1154,14,30,0.03000,FR,1,31,35.55000
34.6320,1154,14,30,0.03000,BR,0,24,35.34000
34.6440,1154,14,30,0.03000,FL,0,16,35.10000
34.6440,1154,14,30,0.03000,BL,0,9,34.89000
34.6440,1154,14,30,0.03000,BL,1,39,35.79000
34.6440,1154,14,30,0.03000,FR,0,1,34.65000
34.6440,1154,14,30,0.03000,FR,1,31,35.55000
34.6440,1154,14,30,0.03000,BR,0,24,35.34000
34.6540,1155,15,30,0.03000,FL,0,15,35.10000
34.6540,1155,15,30,0.03000,BL,0,8,34.89000
34.6540,1155,15,30,0.03000,BL,1,38,35.79000
34.6540,1155,15,30,0.03000,FR,0,30,35.55000
34.6540,1155,15,30,0.03000,BR,0,23,35.34000
34.6720,1155,15,30,0.03000,FL,0,15,35.10000
34.6720,1155,15,30,0.03000,BL,0,8,34.89000
34.6720,1155,15,30,0.03000,BL,1,38,35.79000
34.6720,1155,15,30,0.03000,FR,0,30,35.55000
34.6720,1155,15,30,0.03000,BR,0,23,35.34000
34.6820,1156,16,30,0.03000,FL,0,14,35.10000
34.6820,1156,16,30,0.03000,BL,0,7,34.89000
34.6820,1156,16,30,0.03000,BL,1,37,35.79000
34.6820,1156,16,30,0.03000,FR,0,29,35.55000
34.6820,1156,16,30,0.03000,BR,0,22,35.34000
34.6920,1156,16,30,0.03000,FL,0,14,35.10000
34.6920,1156,16,30,0.03000,BL,0,7,34.89000
34.6920,1156,16,30,0.03000,BL,1,37,35.79000
34.6920,1156,16,30,0.03000,FR,0,29,35.55000
34.6920,1156,16,30,0.03000,BR,0,22,35.34000
34.7020,1156,16,30,0.03000,FL,0,14,35.10000
34.7020,1156,16,30,0.03000,BL,0,7,34.89000
34.7020,1156,16,30,0.03000,BL,1,37,35.79000
34.7020,1156,16,30,0.03000,FR,0,29,35.55000
34.7020,1156,16,30,0.03000,BR,0,22,35.34000
34.7160,1157,17,30,0.03000,FL,0,13,35.10000
34.7160,1157,17,30,0.03000,BL,0,6,34.89000
34.7160,1157,17,30,0.03000,BL,1,36,35.79000
34.7160,1157,17,30,0.03000,FR,0,28,35.55000
34.7160,1157,17,30,0.03000,BR,0,21,35.34000
34.7280,1157,17,30,0.03000,FL,0,13,35.10000
34.7280,1157,17,30,0.03000,BL,0,6,34.89000
34.7280,1157,17,30,0.03000,BL,1,36,35.79000
34.7280,1157,17,30,0.03000,FR,0,28,35.55000
34.7280,1157,17,30,0.03000,BR,0,21,35.34000
34.7380,1157,17,30,0.03000,FL,0,13,35.10000
34.7380,1157,17,30,0.03000,BL,0,6,34.89000
34.7380,1157,17,30,0.03000,BL,1,36,35.79000
34.7380,1157,17,30,0.03000,FR,0,28,35.55000
34.7380,1157,17,30,0.03000,BR,0,21,35.34000
34.7540,1158,18,30,0.03000,FL,0,12,35.10000
34.7540,1158,18,30,0.03000,BL,0,5,34.89000
34.7540,1158,18,30,0.03000,BL,1,35,35.79000
34.7540,1158,18,30,0.03000,FR,0,27,35.55000
34.7540,1158,18,30,0.03000,BR,0,20,35.34000
34.7680,1158,18,30,0.03000,FL,0,12,35.10000
34.7680,1158,18,30,0.03000,BL,0,5,34.89000
34.7680,1158,18,30,0.03000,BL,1,35,35.79000
34.7680,1158,18,30,0.03000,FR,0,27,35.55000
34.7680,1158,18,30,0.03000,BR,0,20,35.34000
34.7820,1159,19,30,0.03000,FL,0,11,35.10000
34.7820,1159,19,30,0.03000,BL,0,4,34.89000
34.7820,1159,19,30,0.03000,BL,1,34,35.79000
34.7820,1159,19,30,0.03000,FR,0,26,35.55000
34.7820,1159,19,30,0.03000,BR,0,19,35.34000
34.7920,1159,19,30,0.03000,FL,0,11,35.10000
34.7920,1159,19,30,0.03000,BL,0,4,34.89000
34.7920,1159,19,30,0.03000,BL,1,34,35.79000
34.7920,1159,19,30,0.03000,FR,0,26,35.55000
34.7920,1159,19,30,0.03000,BR,0,19,35.34000
34.8000,1160,20,30,0.03000,FL,0,10,35.10000
34.8000,1160,20,30,0.03000,BL,0,3,34.89000
34.8000,1160,20,30,0.03000,BL,1,33,35.79000
34.8000,1160,20,30,0.03000,FR,0,25,35.55000
34.8000,1160,20,30,0.03000,BR,0,18,35.34000
34.8120,1160,20,30,0.03000,FL,0,10,35.10000
34.8120,1160,20,30,0.03000,BL,0,3,34.89000
34.8120,1160,20,30,0.03000,BL,1,33,35.79000
34.8120,1160,20,30,0.03000,FR,0,25,35.55000
34.8120,1160,20,30,0.03000,BR,0,18,35.34000
34.8200,1160,20,30,0.03000,FL,0,10,35.10000
34.8200,1160,20,30,0.03000,BL,0,3,34.89000
34.8200,1160,20,30,0.03000,BL,1,33,35.79000
34.8200,1160,20,30,0.03000,FR,0,25,35.55000
34.8200,1160,20,30,0.03000,BR,0,18,35.34000
34.8300,1161,21,30,0.03000,FL,0,9,35.10000
34.8300,1161,21,30,0.03000,FL,1,39,36.00000
34.8300,1161,21,30,0.03000,BL,0,2,34.89000
34.8300,1161,21,30,0.03000,BL,1,32,35.79000
34.8300,1161,21,30,0.03000,FR,0,24,35.55000
34.8300,1161,21,30,0.03000,BR,0,17,35.34000
34.8420,1161,21,30,0.03000,FL,0,9,35.10000
34.8420,1161,21,30,0.03000,FL,1,39,36.00000
34.8420,1161,21,30,0.03000,BL,0,2,34.89000
34.8420,1161,21,30,0.03000,BL,1,32,35.79000
34.8420,1161,21,30,0.03000,FR,0,24,35.55000
34.8420,1161,21,30,0.03000,BR,0,17,35.34000
34.8500,1161,21,30,0.03000,FL,0,9,35.10000
34.8500,1161,21,30,0.03000,FL,1,39,36.00000
34.8500,1161,21,30,0.03000,BL,0,2,34.89000
34.8500,1161,21,30,0.03000,BL,1,32,35.79000
34.8500,1161,21,30,0.03000,FR,0,24,35.55000
34.8500,1161,21,30,0.03000,BR,0,17,35.34000
34.8600,1162,22,30,0.03000,FL,0,8,35.10000
34.8600,1162,22,30,0.03000,FL,1,38,36.00000
34.8600,1162,22,30,0.03000,BL,0,1,34.89000
34.8600,1162,22,30,0.03000,BL,1,31,35.79000
34.8600,1162,22,30,0.03000,FR,0,23,35.55000
34.8600,1162,22,30,0.03000,BR,0,16,35.34000
34.8800,1162,22,30,0.03000,FL,0,8,35.10000
34.8800,1162,22,30,0.03000,FL,1,38,36.00000
34.8800,1162,22,30,0.03000,BL,0,1,34.89000
34.8800,1162,22,30,0.03000,BL,1,31,35.79000
34.8800,1162,22,30,0.03000,FR,0,23,35.55000
34.8800,1162,22,30,0.03000,BR,0,16,35.34000
34.8900,1163,23,30,0.03000,FL,0,7,35.10000
34.8900,1163,23,30,0.03000,FL,1,37,36.00000
34.8900,1163,23,30,0.03000,BL,0,30,35.79000
34.8900,1163,23,30,0.03000,FR,0,22,35.55000
34.8900,1163,23,30,0.03000,BR,0,15,35.34000
34.9000,1163,23,30,0.03000,FL,0,7,35.10000
34.9000,1163,23,30,0.03000,FL,1,37,36.00000
34.9000,1163,23,30,0.03000,BL,0,30,35.79000
34.9000,1163,23,30,0.03000,FR,0,22,35.55000
34.9000,1163,23,30,0.03000,BR,0,15,35.34000
34.9100,1163,23,30,0.03000,FL,0,7,35.10000
34.9100,1163,23,30,0.03000,FL,1,37,36.00000
34.9100,1163,23,30,0.03000,BL,0,30,35.79000
34.9100,1163,23,30,0.03000,FR,0,22,35.55000
34.9100,1163,23,30,0.03000,BR,0,15,35.34000
34.9200,1164,24,30,0.03000,FL,0,6,35.10000
34.9200,1164,24,30,0.03000,FL,1,36,36.00000
34.9200,1164,24,30,0.03000,BL,0,29,35.79000
34.9200,1164,24,30,0.03000,FR,0,21,35.55000
34.9200,1164,24,30,0.03000,BR,0,14,35.34000
34.9300,1164,24,30,0.03000,FL,0,6,35.10000
34.9300,1164,24,30,0.03000,FL,1,36,36.00000
34.9300,1164,24,30,0.03000,BL,0,29,35.79000
34.9300,1164,24,30,0.03000,FR,0,21,35.55000
34.9300,1164,24,30,0.03000,BR,0,14,35.34000
34.9400,1164,24,30,0.03000,FL,0,6,35.10000
34.9400,1164,24,30,0.03000,FL,1,36,36.00000
34.9400,1164,24,30,0.03000,BL,0,29,35.79000
34.9400,1164,24,30,0.03000,FR,0,21,35.55000
34.9400,1164,24,30,0.03000,BR,0,14,35.34000
34.9480,1164,24,30,0.03000,FL,0,6,35.10000
34.9480,1164,24,30,0.03000,FL,1,36,36.00000
34.9480,1164,24,30,0.03000,BL,0,29,35.79000
34.9480,1164,24,30,0.03000,FR,0,21,35.55000
34.9480,1164,24,30,0.03000,BR,0,14,35.34000
34.9600,1165,25,30,0.03000,FL,0,5,35.10000
34.9600,1165,25,30,0.03000,FL,1,35,36.00000
34.9600,1165,25,30,0.03000,BL,0,28,35.79000
34.9600,1165,25,30,0.03000,FR,0,20,35.55000
34.9600,1165,25,30,0.03000,BR,0,13,35.34000
34.9700,1165,25,30,0.03000,FL,0,5,35.10000
34.9700,1165,25,30,0.03000,FL,1,35,36.00000
34.9700,1165,25,30,0.03000,BL,0,28,35.79000
34.9700,1165,25,30,0.03000,FR,0,20,35.55000
34.9700,1165,25,30,0.03000,BR,0,13,35.34000
34.9800,1166,26,30,0.03000,FL,0,4,35.10000
34.9800,1166,26,30,0.03000,FL,1,34,36.00000
34.9800,1166,26,30,0.03000,BL,0,27,35.79000
34.9800,1166,26,30,0.03000,FR,0,19,35.55000
34.9800,1166,26,30,0.03000,BR,0,12,35.34000
34.9920,1166,26,30,0.03000,FL,0,4,35.10000
34.9920,1166,26,30,0.03000,FL,1,34,36.00000
34.9920,1166,26,30,0.03000,BL,0,27,35.79000
34.9920,1166,26,30,0.03000,FR,0,19,35.55000
34.9920,1166,26,30,0.03000,BR,0,12,35.34000
35.0080,1166,26,30,0.03000,FL,0,4,35.10000
35.0080,1166,26,30,0.03000,FL,1,34,36.00000
35.0080,1166,26,30,0.03000,BL,0,27,35.79000
35.0080,1166,26,30,0.03000,FR,0,19,35.55000
35.0080,1166,26,30,0.03000,BR,0,12,35.34000
35.0180,1167,27,30,0.03000,FL,0,3,35.10000
35.0180,1167,27,30,0.03000,FL,1,33,36.00000
35.0180,1167,27,30,0.03000,BL,0,26,35.79000
35.0180,1167,27,30,0.03000,FR,0,18,35.55000
35.0180,1167,27,30,0.03000,BR,0,11,35.34000
35.0280,1167,27,30,0.03000,FL,0,3,35.10000
35.0280,1167,27,30,0.03000,FL,1,33,36.00000
35.0280,1167,27,30,0.03000,BL,0,26,35.79000
35.0280,1167,27,30,0.03000,FR,0,18,35.55000
35.0280,1167,27,30,0.03000,BR,0,11,35.34000
35.0380,1167,27,30,0.03000,FL,0,3,35.10000
35.0380,1167,27,30,0.03000,FL,1,33,36.00000
35.0380,1167,27,30,0.03000,BL,0,26,35.79000
35.0380,1167,27,30,0.03000,FR,0,18,35.55000
35.0380,1167,27,30,0.03000,BR,0,11,35.34000
35.0460,1168,28,30,0.03000,FL,0,2,35.10000
35.0460,1168,28,30,0.03000,FL,1,32,36.00000
35.0460,1168,28,30,0.03000,BL,0,25,35.79000
35.0460,1168,28,30,0.03000,FR,0,17,35.55000
35.0460,1168,28,30,0.03000,BR,0,10,35.34000
35.0560,1168,28,30,0.03000,FL,0,2,35.10000
35.0560,1168,28,30,0.03000,FL,1,32,36.00000
35.0560,1168,28,30,0.03000,BL,0,25,35.79000
35.0560,1168,28,30,0.03000,FR,0,17,35.55000
35.0560,1168,28,30,0.03000,BR,0,10,35.34000
35.0660,1168,28,30,0.03000,FL,0,2,35.10000
35.0660,1168,28,30,0.03000,FL,1,32,36.00000
35.0660,1168,28,30,0.03000,BL,0,25,35.79000
35.0660,1168,28,30,0.03000,FR,0,17,35.55000
35.0660,1168,28,30,0.03000,BR,0,10,35.34000
35.0760,1169,29,30,0.03000,FL,0,1,35.10000
35.0760,1169,29,30,0.03000,FL,1,31,36.00000
35.0760,1169,29,30,0.03000,BL,0,24,35.79000
35.0760,1169,29,30,0.03000,FR,0,16,35.55000
35.0760,1169,29,30,0.03000,BR,0,9,35.34000
35.0760,1169,29,30,0.03000,BR,1,39,36.24000
35.0860,1169,29,30,0.03000,FL,0,1,35.10000
35.0860,1169,29,30,0.03000,FL,1,31,36.00000
35.0860,1169,29,30,0.03000,BL,0,24,35.79000
35.0860,1169,29,30,0.03000,FR,0,16,35.55000
35.0860,1169,29,30,0.03000,BR,0,9,35.34000
35.0860,1169,29,30,0.03000,BR,1,39,36.24000
35.0960,1169,29,30,0.03000,FL,0,1,35.10000
35.0960,1169,29,30,0.03000,FL,1,31,36.00000
35.0960,1169,29,30,0.03000,BL,0,24,35.79000
35.0960,1169,29,30,0.03000,FR,0,16,35.55000
35.0960,1169,29,30,0.03000,BR,0,9,35.34000
35.0960,1169,29,30,0.03000,BR,1,39,36.24000
35.1080,1170,0,30,0.03000,FL,0,30,36.00000
35.1080,1170,0,30,0.03000,BL,0,23,35.79000
35.1080,1170,0,30,0.03000,FR,0,15,35.55000
35.1080,1170,0,30,0.03000,BR,0,8,35.34000
35.1080,1170,0,30,0.03000,BR,1,38,36.24000
35.1300,1171,1,30,0.03000,FL,0,29,36.00000
35.1300,1171,1,30,0.03000,BL,0,22,35.79000
35.1300,1171,1,30,0.03000,FR,0,14,35.55000
35.1300,1171,1,30,0.03000,BR,0,7,35.34000
35.1300,1171,1,30,0.03000,BR,1,37,36.24000
35.1460,1171,1,30,0.03000,FL,0,29,36.00000
35.1480,1171,1,30,0.03000,BL,0,22,35.79000
35.1480,1171,1,30,0.03000,FR,0,14,35.55000
35.1480,1171,1,30,0.03000,BR,0,7,35.34000
35.1480,1171,1,30,0.03000,BR,1,37,36.24000
35.1560,1171,1,30,0.03000,FL,0,29,36.00000
35.1560,1171,1,30,0.03000,BL,0,22,35.79000
35.1560,1171,1,30,0.03000,FR,0,14,35.55000
35.1560,1171,1,30,0.03000,BR,0,7,35.34000
35.1560,1171,1,30,0.03000,BR,1,37,36.24000
35.1660,1172,2,30,0.03000,FL,0,28,36.00000
35.1660,1172,2,30,0.03000,BL,0,21,35.79000
35.1660,1172,2,30,0.03000,FR,0,13,35.55000
35.1660,1172,2,30,0.03000,BR,0,6,35.34000
35.1660,1172,2,30,0.03000,BR,1,36,36.24000
35.1800,1172,2,30,0.03000,FL,0,28,36.00000
35.1800,1172,2,30,0.03000,BL,0,21,35.79000
35.1800,1172,2,30,0.03000,FR,0,13,35.55000
35.1800,1172,2,30,0.03000,BR,0,6,35.34000
35.1800,1172,2,30,0.03000,BR,1,36,36.24000
35.1920,1173,3,30,0.03000,FL,0,27,36.00000
35.1920,1173,3,30,0.03000,BL,0,20,35.79000
35.1920,1173,3,30,0.03000,FR,0,12,35.55000
35.1920,1173,3,30,0.03000,BR,0,5,35.34000
35.1920,1173,3,30,0.03000,BR,1,35,36.24000
35.2040,1173,3,30,0.03000,FL,0,27,36.00000
35.2040,1173,3,30,0.03000,BL,0,20,35.79000
35.2040,1173,3,30,0.03000,FR,0,12,35.55000
35.2040,1173,3,30,0.03000,BR,0,5,35.34000
35.2040,1173,3,30,0.03000,BR,1,35,36.24000
35.2120,1173,3,30,0.03000,FL,0,27,36.00000
35.2120,1173,3,30,0.03000,BL,0,20,35.79000
35.2140,1173,3,30,0.03000,FR,0,12,35.55000
35.2140,1173,3,30,0.03000,BR,0,5,35.34000
35.2140,1173,3,30,0.03000,BR,1,35,36.24000
35.2240,1174,4,30,0.03000,FL,0,26,36.00000
35.2240,1174,4,30,0.03000,BL,0,19,35.79000
35.2240,1174,4,30,0.03000,FR,0,11,35.55000
35.2240,1174,4,30,0.03000,BR,0,4,35.34000
35.2240,1174,4,30,0.03000,BR,1,34,36.24000
35.2320,1174,4,30,0.03000,FL,0,26,36.00000
35.2320,1174,4,30,0.03000,BL,0,19,35.79000
35.2320,1174,4,30,0.03000,FR,0,11,35.55000
35.2320,1174,4,30,0.03000,BR,0,4,35.34000
35.2320,1174,4,30,0.03000,BR,1,34,36.24000
35.2440,1174,4,30,0.03000,FL,0,26,36.00000
35.2440,1174,4,30,0.03000,BL,0,19,35.79000
35.2440,1174,4,30,0.03000,FR,0,11,35.55000
35.2440,1174,4,30,0.03000,BR,0,4,35.34000
35.2440,1174,4,30,0.03000,BR,1,34,36.24000
35.2520,1175,5,30,0.03000,FL,0,25,36.00000
35.2520,1175,5,30,0.03000,BL,0,18,35.79000
35.2520,1175,5,30,0.03000,FR,0,10,35.55000
35.2520,1175,5,30,0.03000,BR,0,3,35.34000
35.2520,1175,5,30,0.03000,BR,1,33,36.24000
35.2620,1175,5,30,0.03000,FL,0,25,36.00000
35.2620,1175,5,30,0.03000,BL,0,18,35.79000
35.2620,1175,5,30,0.03000,FR,0,10,35.55000
35.2620,1175,5,30,0.03000,BR,0,3,35.34000
35.2620,1175,5,30,0.03000,BR,1,33,36.24000
35.2720,1175,5,30,0.03000,FL,0,25,36.00000
35.2720,1175,5,30,0.03000,BL,0,18,35.79000
35.2720,1175,5,30,0.03000,FR,0,10,35.55000
35.2720,1175,5,30,0.03000,BR,0,3,35.34000
35.2720,1175,5,30,0.03000,BR,1,33,36.24000
35.2820,1176,6,30,0.03000,FL,0,24,36.00000
35.2820,1176,6,30,0.03000,BL,0,17,35.79000
35.2820,1176,6,30,0.03000,FR,0,9,35.55000
35.2820,1176,6,30,0.03000,FR,1,39,36.45000
35.2820,1176,6,30,0.03000,BR,0,2,35.34000
35.2820,1176,6,30,0.03000,BR,1,32,36.24000
35.2900,1176,6,30,0.03000,FL,0,24,36.00000
35.2900,1176,6,30,0.03000,BL,0,17,35.79000
35.2900,1176,6,30,0.03000,FR,0,9,35.55000
35.2900,1176,6,30,0.03000,FR,1,39,36.45000
35.2900,1176,6,30,0.03000,BR,0,2,35.34000
35.2900,1176,6,30,0.03000,BR,1,32,36.24000
35.3000,1176,6,30,0.03000,FL,0,24,36.00000
35.3000,1176,6,30,0.03000,BL,0,17,35.79000
35.3000,1176,6,30,0.03000,FR,0,9,35.55000
35.3000,1176,6,30,0.03000,FR,1,39,36.45000
35.3000,1176,6,30,0.03000,BR,0,2,35.34000
35.3000,1176,6,30,0.03000,BR,1,32,36.24000
35.3100,1177,7,30,0.03000,FL,0,23,36.00000
35.3100,1177,7,30,0.03000,BL,0,16,35.79000
35.3100,1177,7,30,0.03000,FR,0,8,35.55000
35.3100,1177,7,30,0.03000,FR,1,38,36.45000
35.3100,1177,7,30,0.03000,BR,0,1,35.34000
35.3100,1177,7,30,0.03000,BR,1,31,36.24000
35.3300,1177,7,30,0.03000,FL,0,23,36.00000
35.3300,1177,7,30,0.03000,BL,0,16,35.79000
35.3300,1177,7,30,0.03000,FR,0,8,35.55000
35.3300,1177,7,30,0.03000,FR,1,38,36.45000
35.3300,1177,7,30,0.03000,BR,0,1,35.34000
35.3300,1177,7,30,0.03000,BR,1,31,36.24000
35.3400,1178,8,30,0.03000,FL,0,22,36.00000
35.3400,1178,8,30,0.03000,BL,0,15,35.79000
35.3400,1178,8,30,0.03000,FR,0,7,35.55000
35.3400,1178,8,30,0.03000,FR,1,37,36.45000
35.3400,1178,8,30,0.03000,BR,0,30,36.24000
35.3480,1178,8,30,0.03000,FL,0,22,36.00000
35.3480,1178,8,30,0.03000,BL,0,15,35.79000
35.3480,1178,8,30,0.03000,FR,0,7,35.55000
35.3480,1178,8,30,0.03000,FR,1,37,36.45000
35.3480,1178,8,30,0.03000,BR,0,30,36.24000
35.3600,1178,8,30,0.03000,FL,0,22,36.00000
35.3600,1178,8,30,0.03000,BL,0,15,35.79000
35.3600,1178,8,30,0.03000,FR,0,7,35.55000
35.3600,1178,8,30,0.03000,FR,1,37,36.45000
35.3600,1178,8,30,0.03000,BR,0,30,36.24000
35.3680,1178,8,30,0.03000,FL,0,22,36.00000
35.3680,1178,8,30,0.03000,BL,0,15,35.79000
35.3680,1178,8,30,0.03000,FR,0,7,35.55000
35.3680,1178,8,30,0.03000,FR,1,37,36.45000
35.3680,1178,8,30,0.03000,BR,0,30,36.24000
35.3780,1179,9,30,0.03000,FL,0,21,36.00000
35.3780,1179,9,30,0.03000,BL,0,14,35.79000
35.3780,1179,9,30,0.03000,FR,0,6,35.55000
35.3780,1179,9,30,0.03000,FR,1,36,36.45000
35.3780,1179,9,30,0.03000,BR,0,29,36.24000
35.3880,1179,9,30,0.03000,FL,0,21,36.00000
35.3880,1179,9,30,0.03000,BL,0,14,35.79000
35.3880,1179,9,30,0.03000,FR,0,6,35.55000
35.3880,1179,9,30,0.03000,FR,1,36,36.45000
35.3880,1179,9,30,0.03000,BR,0,29,36.24000
35.3980,1179,9,30,0.03000,FL,0,21,36.00000
35.3980,1179,9,30,0.03000,BL,0,14,35.79000
35.3980,1179,9,30,0.03000,FR,0,6,35.55000
35.3980,1179,9,30,0.03000,FR,1,36,36.45000
35.3980,1179,9,30,0.03000,BR,0,29,36.24000
35.4080,1180,10,30,0.03000,FL,0,20,36.00000
35.4080,1180,10,30,0.03000,BL,0,13,35.79000
35.4080,1180,10,30,0.03000,FR,0,5,35.55000
35.4080,1180,10,30,0.03000,FR,1,35,36.45000
35.4080,1180,10,30,0.03000,BR,0,28,36.24000
35.4180,1180,10,30,0.03000,FL,0,20,36.00000
35.4180,1180,10,30,0.03000,BL,0,13,35.79000
35.4180,1180,10,30,0.03000,FR,0,5,35.55000
35.4180,1180,10,30,0.03000,FR,1,35,36.45000
35.4180,1180,10,30,0.03000,BR,0,28,36.24000
35.4280,1180,10,30,0.03000,FL,0,20,36.00000
35.4280,1180,10,30,0.03000,BL,0,13,35.79000
35.4280,1180,10,30,0.03000,FR,0,5,35.55000
35.4280,1180,10,30,0.03000,FR,1,35,36.45000
35.4280,1180,10,30,0.03000,BR,0,28,36.24000
35.4400,1181,11,30,0.03000,FL,0,19,36.00000
35.4400,1181,11,30,0.03000,BL,0,12,35.79000
35.4400,1181,11,30,0.03000,FR,0,4,35.55000
35.4400,1181,11,30,0.03000,FR,1,34,36.45000
35.4400,1181,11,30,0.03000,BR,0,27,36.24000
35.4520,1181,11,30,0.03000,FL,0,19,36.00000
35.4520,1181,11,30,0.03000,BL,0,12,35.79000
35.4520,1181,11,30,0.03000,FR,0,4,35.55000
35.4520,1181,11,30,0.03000,FR,1,34,36.45000
35.4520,1181,11,30,0.03000,BR,0,27,36.24000
35.4600,1182,12,30,0.03000,FL,0,18,36.00000
35.4600,1182,12,30,0.03000,BL,0,11,35.79000
35.4600,1182,12,30,0.03000,FR,0,3,35.55000
35.4600,1182,12,30,0.03000,FR,1,33,36.45000
35.4600,1182,12,30,0.03000,BR,0,26,36.24000
35.4700,1182,12,30,0.03000,FL,0,18,36.00000
35.4700,1182,12,30,0.03000,BL,0,11,35.79000
35.4700,1182,12,30,0.03000,FR,0,3,35.55000
35.4700,1182,12,30,0.03000,FR,1,33,36.45000
35.4700,1182,12,30,0.03000,BR,0,26,36.24000
35.4800,1182,12,30,0.03000,FL,0,18,36.00000
35.4800,1182,12,30,0.03000,BL,0,11,35.79000
35.4800,1182,12,30,0.03000,FR,0,3,35.55000
35.4800,1182,12,30,0.03000,FR,1,33,36.45000
35.4800,1182,12,30,0.03000,BR,0,26,36.24000
35.4900,1183,13,30,0.03000,FL,0,17,36.00000
35.4900,1183,13,30,0.03000,BL,0,10,35.79000
35.4900,1183,13,30,0.03000,FR,0,2,35.55000
35.4900,1183,13,30,0.03000,FR,1,32,36.45000
35.4900,1183,13,30,0.03000,BR,0,25,36.24000
35.5000,1183,13,30,0.03000,FL,0,17,36.00000
35.5000,1183,13,30,0.03000,BL,0,10,35.79000
35.5000,1183,13,30,0.03000,FR,0,2,35.55000
35.5000,1183,13,30,0.03000,FR,1,32,36.45000
35.5000,1183,13,30,0.03000,BR,0,25,36.24000
35.5100,1183,13,30,0.03000,FL,0,17,36.00000
35.5100,1183,13,30,0.03000,BL,0,10,35.79000
35.5100,1183,13,30,0.03000,FR,0,2,35.55000
35.5100,1183,13,30,0.03000,FR,1,32,36.45000
35.5100,1183,13,30,0.03000,BR,0,25,36.24000
35.5180,1183,13,30,0.03000,FL,0,17,36.00000
35.5180,1183,13,30,0.03000,BL,0,10,35.79000
35.5180,1183,13,30,0.03000,FR,0,2,35.55000
35.5180,1183,13,30,0.03000,FR,1,32,36.45000
35.5180,1183,13,30,0.03000,BR,0,25,36.24000
35.5280,1184,14,30,0.03000,FL,0,16,36.00000
35.5280,1184,14,30,0.03000,BL,0,9,35.79000
35.5280,1184,14,30,0.03000,BL,1,39,36.69000
35.5280,1184,14,30,0.03000,FR,0,1,35.55000
35.5280,1184,14,30,0.03000,FR,1,31,36.45000
35.5280,1184,14,30,0.03000,BR,0,24,36.24000
35.5380,1184,14,30,0.03000,FL,0,16,36.00000
35.5380,1184,14,30,0.03000,BL,0,9,35.79000
35.5380,1184,14,30,0.03000,BL,1,39,36.69000
35.5380,1184,14,30,0.03000,FR,0,1,35.55000
35.5380,1184,14,30,0.03000,FR,1,31,36.45000
35.5380,1184,14,30,0.03000,BR,0,24,36.24000
35.5480,1184,14,30,0.03000,FL,0,16,36.00000
35.5480,1184,14,30,0.03000,BL,0,9,35.79000
35.5480,1184,14,30,0.03000,BL,1,39,36.69000
35.5480,1184,14,30,0.03000,FR,0,1,35.55000
35.5480,1184,14,30,0.03000,FR,1,31,36.45000
35.5480,1184,14,30,0.03000,BR,0,24,36.24000
35.5580,1185,15,30,0.03000,FL,0,15,36.00000
35.5580,1185,15,30,0.03000,BL,0,8,35.79000
35.5580,1185,15,30,0.03000,BL,1,38,36.69000
35.5580,1185,15,30,0.03000,FR,0,30,36.45000
35.5580,1185,15,30,0.03000,BR,0,23,36.24000
35.5780,1185,15,30,0.03000,FL,0,15,36.00000
35.5780,1185,15,30,0.03000,BL,0,8,35.79000
35.5780,1185,15,30,0.03000,BL,1,38,36.69000
35.5780,1185,15,30,0.03000,FR,0,30,36.45000
35.5780,1185,15,30,0.03000,BR,0,23,36.24000
35.5880,1186,16,30,0.03000,FL,0,14,36.00000
35.5880,1186,16,30,0.03000,BL,0,7,35.79000
35.5880,1186,16,30,0.03000,BL,1,37,36.69000
35.5880,1186,16,30,0.03000,FR,0,29,36.45000
35.5880,1186,16,30,0.03000,BR,0,22,36.24000
35.5980,1186,16,30,0.03000,FL,0,14,36.00000
35.5980,1186,16,30,0.03000,BL,0,7,35.79000
35.5980,1186,16,30,0.03000,BL,1,37,36.69000
35.5980,1186,16,30,0.03000,FR,0,29,36.45000
35.5980,1186,16,30,0.03000,BR,0,22,36.24000
35.6100,1187,17,30,0.03000,FL,0,13,36.00000
35.6100,1187,17,30,0.03000,BL,0,6,35.79000
35.6100,1187,17,30,0.03000,BL,1,36,36.69000
35.6100,1187,17,30,0.03000,FR,0,28,36.45000
35.6100,1187,17,30,0.03000,BR,0,21,36.24000
35.6180,1187,17,30,0.03000,FL,0,13,36.00000
35.6180,1187,17,30,0.03000,BL,0,6,35.79000
35.6180,1187,17,30,0.03000,BL,1,36,36.69000
35.6180,1187,17,30,0.03000,FR,0,28,36.45000
35.6180,1187,17,30,0.03000,BR,0,21,36.24000
35.6320,1187,17,30,0.03000,FL,0,13,36.00000
35.6320,1187,17,30,0.03000,BL,0,6,35.79000
35.6320,1187,17,30,0.03000,BL,1,36,36.69000
35.6320,1187,17,30,0.03000,FR,0,28,36.45000
35.6320,1187,17,30,0.03000,BR,0,21,36.24000
35.6440,1188,18,30,0.03000,FL,0,12,36.00000
35.6440,1188,18,30,0.03000,BL,0,5,35.79000
35.6440,1188,18,30,0.03000,BL,1,35,36.69000
35.6440,1188,18,30,0.03000,FR,0,27,36.45000
35.6440,1188,18,30,0.03000,BR,0,20,36.24000
35.6540,1188,18,30,0.03000,FL,0,12,36.00000
35.6540,1188,18,30,0.03000,BL,0,5,35.79000
35.6540,1188,18,30,0.03000,BL,1,35,36.69000
35.6540,1188,18,30,0.03000,FR,0,27,36.45000
35.6540,1188,18,30,0.03000,BR,0,20,36.24000
35.6640,1188,18,30,0.03000,FL,0,12,36.00000
35.6640,1188,18,30,0.03000,BL,0,5,35.79000
35.6640,1188,18,30,0.03000,BL,1,35,36.69000
35.6640,1188,18,30,0.03000,FR,0,27,36.45000
35.6640,1188,18,30,0.03000,BR,0,20,36.24000
35.6760,1189,19,30,0.03000,FL,0,11,36.00000
35.6760,1189,19,30,0.03000,BL,0,4,35.79000
35.6760,1189,19,30,0.03000,BL,1,34,36.69000
35.6760,1189,19,30,0.03000,FR,0,26,36.45000
35.6760,1189,19,30,0.03000,BR,0,19,36.24000
35.6860,1189,19,30,0.03000,FL,0,11,36.00000
35.6860,1189,19,30,0.03000,BL,0,4,35.79000
35.6860,1189,19,30,0.03000,BL,1,34,36.69000
35.6860,1189,19,30,0.03000,FR,0,26,36.45000
35.6860,1189,19,30,0.03000,BR,0,19,36.24000
35.6980,1189,19,30,0.03000,FL,0,11,36.00000
35.6980,1189,19,30,0.03000,BL,0,4,35.79000
35.6980,1189,19,30,0.03000,BL,1,34,36.69000
35.6980,1189,19,30,0.03000,FR,0,26,36.45000
35.6980,1189,19,30,0.03000,BR,0,19,36.24000
35.7100,1190,20,30,0.03000,FL,0,10,36.00000
35.7100,1190,20,30,0.03000,BL,0,3,35.79000
35.7100,1190,20,30,0.03000,BL,1,33,36.69000
35.7100,1190,20,30,0.03000,FR,0,25,36.45000
35.7100,1190,20,30,0.03000,BR,0,18,36.24000
35.7200,1190,20,30,0.03000,FL,0,10,36.00000
35.7200,1190,20,30,0.03000,BL,0,3,35.79000
35.7200,1190,20,30,0.03000,BL,1,33,36.69000
35.7200,1190,20,30,0.03000,FR,0,25,36.45000
35.7200,1190,20,30,0.03000,BR,0,18,36.24000
35.7320,1191,21,30,0.03000,FL,0,9,36.00000
35.7320,1191,21,30,0.03000,FL,1,39,36.90000
35.7320,1191,21,30,0.03000,BL,0,2,35.79000
35.7320,1191,21,30,0.03000,BL,1,32,36.69000
35.7320,1191,21,30,0.03000,FR,0,24,36.45000
35.7320,1191,21,30,0.03000,BR,0,17,36.24000
35.7420,1191,21,30,0.03000,FL,0,9,36.00000
35.7420,1191,21,30,0.03000,FL,1,39,36.90000
35.7420,1191,21,30,0.03000,BL,0,2,35.79000
35.7420,1191,21,30,0.03000,BL,1,32,36.69000
35.7420,1191,21,30,0.03000,FR,0,24,36.45000
35.7420,1191,21,30,0.03000,BR,0,17,36.24000
35.7520,1191,21,30,0.03000,FL,0,9,36.00000
35.7520,1191,21,30,0.03000,FL,1,39,36.90000
35.7520,1191,21,30,0.03000,BL,0,2,35.79000
35.7520,1191,21,30,0.03000,BL,1,32,36.69000
35.7520,1191,21,30,0.03000,FR,0,24,36.45000
35.7520,1191,21,30,0.03000,BR,0,17,36.24000
35.7620,1192,22,30,0.03000,FL,0,8,36.00000
35.7620,1192,22,30,0.03000,FL,1,38,36.90000
35.7620,1192,22,30,0.03000,BL,0,1,35.79000
35.7620,1192,22,30,0.03000,BL,1,31,36.69000
35.7620,1192,22,30,0.03000,FR,0,23,36.45000
35.7620,1192,22,30,0.03000,BR,0,16,36.24000
35.7840,1192,22,30,0.03000,FL,0,8,36.00000
35.7840,1192,22,30,0.03000,FL,1,38,36.90000
35.7840,1192,22,30,0.03000,BL,0,1,35.79000
35.7840,1192,22,30,0.03000,BL,1,31,36.69000
35.7840,1192,22,30,0.03000,FR,0,23,36.45000
35.7840,1192,22,30,0.03000,BR,0,16,36.24000
35.7940,1193,23,30,0.03000,FL,0,7,36.00000
35.7940,1193,23,30,0.03000,FL,1,37,36.90000
35.7940,1193,23,30,0.03000,BL,0,30,36.69000
35.7940,1193,23,30,0.03000,FR,0,22,36.45000
35.7940,1193,23,30,0.03000,BR,0,15,36.24000
35.8080,1193,23,30,0.03000,FL,0,7,36.00000
35.8080,1193,23,30,0.03000,FL,1,37,36.90000
35.8080,1193,23,30,0.03000,BL,0,30,36.69000
35.8080,1193,23,30,0.03000,FR,0,22,36.45000
35.8080,1193,23,30,0.03000,BR,0,15,36.24000
35.8160,1193,23,30,0.03000,FL,0,7,36.00000
35.8160,1193,23,30,0.03000,FL,1,37,36.90000
35.8160,1193,23,30,0.03000,BL,0,30,36.69000
35.8160,1193,23,30,0.03000,FR,0,22,36.45000
35.8160,1193,23,30,0.03000,BR,0,15,36.24000
35.8260,1194,24,30,0.03000,FL,0,6,36.00000
35.8260,1194,24,30,0.03000,FL,1,36,36.90000
35.8260,1194,24,30,0.03000,BL,0,29,36.69000
35.8260,1194,24,30,0.03000,FR,0,21,36.45000
35.8260,1194,24,30,0.03000,BR,0,14,36.24000
35.8360,1194,24,30,0.03000,FL,0,6,36.00000
35.8360,1194,24,30,0.03000,FL,1,36,36.90000
35.8360,1194,24,30,0.03000,BL,0,29,36.69000
35.8360,1194,24,30,0.03000,FR,0,21,36.45000
35.8360,1194,24,30,0.03000,BR,0,14,36.24000
35.8460,1194,24,30,0.03000,FL,0,6,36.00000
35.8460,1194,24,30,0.03000,FL,1,36,36.90000
35.8460,1194,24,30,0.03000,BL,0,29,36.69000
35.8460,1194,24,30,0.03000,FR,0,21,36.45000
35.8460,1194,24,30,0.03000,BR,0,14,36.24000
35.8560,1195,25,30,0.03000,FL,0,5,36.00000
35.8560,1195,25,30,0.03000,FL,1,35,36.90000
35.8560,1195,25,30,0.03000,BL,0,28,36.69000
35.8560,1195,25,30,0.03000,FR,0,20,36.45000
35.8560,1195,25,30,0.03000,BR,0,13,36.24000
35.8680,1195,25,30,0.03000,FL,0,5,36.00000
35.8680,1195,25,30,0.03000,FL,1,35,36.90000
35.8680,1195,25,30,0.03000,BL,0,28,36.69000
35.8680,1195,25,30,0.03000,FR,0,20,36.45000
35.8680,1195,25,30,0.03000,BR,0,13,36.24000
35.8780,1195,25,30,0.03000,FL,0,5,36.00000
35.8780,1195,25,30,0.03000,FL,1,35,36.90000
35.8780,1195,25,30,0.03000,BL,0,28,36.69000
35.8780,1195,25,30,0.03000,FR,0,20,36.45000
35.8780,1195,25,30,0.03000,BR,0,13,36.24000
35.8880,1196,26,30,0.03000,FL,0,4,36.00000
35.8880,1196,26,30,0.03000,FL,1,34,36.90000
35.8880,1196,26,30,0.03000,BL,0,27,36.69000
35.8880,1196,26,30,0.03000,FR,0,19,36.45000
35.8880,1196,26,30,0.03000,BR,0,12,36.24000
35.8960,1196,26,30,0.03000,FL,0,4,36.00000
35.8960,1196,26,30,0.03000,FL,1,34,36.90000
35.8960,1196,26,30,0.03000,BL,0,27,36.69000
35.8960,1196,26,30,0.03000,FR,0,19,36.45000
35.8960,1196,26,30,0.03000,BR,0,12,36.24000
35.9080,1196,26,30,0.03000,FL,0,4,36.00000
35.9080,1196,26,30,0.03000,FL,1,34,36.90000
35.9080,1196,26,30,0.03000,BL,0,27,36.69000
35.9080,1196,26,30,0.03000,FR,0,19,36.45000
35.9080,1196,26,30,0.03000,BR,0,12,36.24000
35.9160,1197,27,30,0.03000,FL,0,3,36.00000
35.9160,1197,27,30,0.03000,FL,1,33,36.90000
35.9160,1197,27,30,0.03000,BL,0,26,36.69000
35.9160,1197,27,30,0.03000,FR,0,18,36.45000
35.9160,1197,27,30,0.03000,BR,0,11,36.24000
35.9300,1197,27,30,0.03000,FL,0,3,36.00000
35.9300,1197,27,30,0.03000,FL,1,33,36.90000
35.9300,1197,27,30,0.03000,BL,0,26,36.69000
35.9300,1197,27,30,0.03000,FR,0,18,36.45000
35.9300,1197,27,30,0.03000,BR,0,11,36.24000
35.9400,1198,28,30,0.03000,FL,0,2,36.00000
35.9400,1198,28,30,0.03000,FL,1,32,36.90000
35.9400,1198,28,30,0.03000,BL,0,25,36.69000
35.9400,1198,28,30,0.03000,FR,0,17,36.45000
35.9400,1198,28,30,0.03000,BR,0,10,36.24000
35.9500,1198,28,30,0.03000,FL,0,2,36.00000
35.9500,1198,28,30,0.03000,FL,1,32,36.90000
35.9500,1198,28,30,0.03000,BL,0,25,36.69000
35.9500,1198,28,30,0.03000,FR,0,17,36.45000
35.9500,1198,28,30,0.03000,BR,0,10,36.24000
35.9600,1198,28,30,0.03000,FL,0,2,36.00000
35.9600,1198,28,30,0.03000,FL,1,32,36.90000
35.9600,1198,28,30,0.03000,BL,0,25,36.69000
35.9600,1198,28,30,0.03000,FR,0,17,36.45000
35.9600,1198,28,30,0.03000,BR,0,10,36.24000
35.9700,1199,29,30,0.03000,FL,0,1,36.00000
35.9700,1199,29,30,0.03000,FL,1,31,36.90000
35.9700,1199,29,30,0.03000,BL,0,24,36.69000
35.9700,1199,29,30,0.03000,FR,0,16,36.45000
35.9700,1199,29,30,0.03000,BR,0,9,36.24000
35.9700,1199,29,30,0.03000,BR,1,39,37.14000
35.9800,1199,29,30,0.03000,FL,0,1,36.00000
35.9800,1199,29,30,0.03000,FL,1,31,36.90000
35.9800,1199,29,30,0.03000,BL,0,24,36.69000
35.9800,1199,29,30,0.03000,FR,0,16,36.45000
35.9800,1199,29,30,0.03000,BR,0,9,36.24000
35.9800,1199,29,30,0.03000,BR,1,39,37.14000
35.9900,1199,29,30,0.03000,FL,0,1,36.00000
35.9900,1199,29,30,0.03000,FL,1,31,36.90000
35.9900,1199,29,30,0.03000,BL,0,24,36.69000
35.9900,1199,29,30,0.03000,FR,0,16,36.45000
35.9900,1199,29,30,0.03000,BR,0,9,36.24000
35.9900,1199,29,30,0.03000,BR,1,39,37.14000
36.0000,1200,0,30,0.03000,FL,0,30,36.90000
36.0000,1200,0,30,0.03000,BL,0,23,36.69000
36.0000,1200,0,30,0.03000,FR,0,15,36.45000
36.0000,1200,0,30,0.03000,BR,0,8,36.24000
36.0000,1200,0,30,0.03000,BR,1,38,37.14000
36.0200,1200,0,30,0.03000,FL,0,30,36.90000
36.0200,1200,0,30,0.03000,BL,0,23,36.69000
36.0200,1200,0,30,0.03000,FR,0,15,36.45000
36.0200,1200,0,30,0.03000,BR,0,8,36.24000
36.0200,1200,0,30,0.03000,BR,1,38,37.14000
36.0300,1201,1,30,0.03000,FL,0,29,36.90000
36.0300,1201,1,30,0.03000,BL,0,22,36.69000
36.0300,1201,1,30,0.03000,FR,0,14,36.45000
36.0300,1201,1,30,0.03000,BR,0,7,36.24000
36.0300,1201,1,30,0.03000,BR,1,37,37.14000
36.0400,1201,1,30,0.03000,FL,0,29,36.90000
36.0400,1201,1,30,0.03000,BL,0,22,36.69000
36.0400,1201,1,30,0.03000,FR,0,14,36.45000
36.0400,1201,1,30,0.03000,BR,0,7,36.24000
36.0400,1201,1,30,0.03000,BR,1,37,37.14000
36.0500,1201,1,30,0.03000,FL,0,29,36.90000
36.0500,1201,1,30,0.03000,BL,0,22,36.69000
36.0500,1201,1,30,0.03000,FR,0,14,36.45000
36.0500,1201,1,30,0.03000,BR,0,7,36.24000
36.0500,1201,1,30,0.03000,BR,1,37,37.14000
36.0620,1202,2,30,0.03000,FL,0,28,36.90000
36.0620,1202,2,30,0.03000,BL,0,21,36.69000
36.0620,1202,2,30,0.03000,FR,0,13,36.45000
36.0620,1202,2,30,0.03000,BR,0,6,36.24000
36.0620,1202,2,30,0.03000,BR,1,36,37.14000
36.0720,1202,2,30,0.03000,FL,0,28,36.90000
36.0720,1202,2,30,0.03000,BL,0,21,36.69000
36.0720,1202,2,30,0.03000,FR,0,13,36.45000
36.0720,1202,2,30,0.03000,BR,0,6,36.24000
36.0720,1202,2,30,0.03000,BR,1,36,37.14000
36.0820,1202,2,30,0.03000,FL,0,28,36.90000
36.0820,1202,2,30,0.03000,BL,0,21,36.69000
36.0820,1202,2,30,0.03000,FR,0,13,36.45000
36.0820,1202,2,30,0.03000,BR,0,6,36.24000
36.0820,1202,2,30,0.03000,BR,1,36,37.14000
36.0920,1203,3,30,0.03000,FL,0,27,36.90000
36.0920,1203,3,30,0.03000,BL,0,20,36.69000
36.0920,1203,3,30,0.03000,FR,0,12,36.45000
36.0920,1203,3,30,0.03000,BR,0,5,36.24000
36.0920,1203,3,30,0.03000,BR,1,35,37.14000
36.1040,1203,3,30,0.03000,FL,0,27,36.90000
36.1040,1203,3,30,0.03000,BL,0,20,36.69000
36.1040,1203,3,30,0.03000,FR,0,12,36.45000
36.1040,1203,3,30,0.03000,BR,0,5,36.24000
36.1040,1203,3,30,0.03000,BR,1,35,37.14000
36.1140,1203,3,30,0.03000,FL,0,27,36.90000
36.1140,1203,3,30,0.03000,BL,0,20,36.69000
36.1140,1203,3,30,0.03000,FR,0,12,36.45000
36.1140,1203,3,30,0.03000,BR,0,5,36.24000
36.1140,1203,3,30,0.03000,BR,1,35,37.14000
36.1260,1204,4,30,0.03000,FL,0,26,36.90000
36.1260,1204,4,30,0.03000,BL,0,19,36.69000
36.1260,1204,4,30,0.03000,FR,0,11,36.45000
36.1260,1204,4,30,0.03000,BR,0,4,36.24000
36.1260,1204,4,30,0.03000,BR,1,34,37.14000
36.1760,1205,5,30,0.03000,FL,0,25,36.90000
36.1760,1205,5,30,0.03000,BL,0,18,36.69000
36.1760,1205,5,30,0.03000,FR,0,10,36.45000
36.1760,1205,5,30,0.03000,BR,0,3,36.24000
36.1760,1205,5,30,0.03000,BR,1,33,37.14000
36.1880,1206,6,30,0.03000,FL,0,24,36.90000
36.1880,1206,6,30,0.03000,BL,0,17,36.69000
36.1880,1206,6,30,0.03000,FR,0,9,36.45000
36.1880,1206,6,30,0.03000,FR,1,39,37.35000
36.1880,1206,6,30,0.03000,BR,0,2,36.24000
36.1880,1206,6,30,0.03000,BR,1,32,37.14000
36.2000,1206,6,30,0.03000,FL,0,24,36.90000
36.2000,1206,6,30,0.03000,BL,0,17,36.69000
36.2000,1206,6,30,0.03000,FR,0,9,36.45000
36.2000,1206,6,30,0.03000,FR,1,39,37.35000
36.2000,1206,6,30,0.03000,BR,0,2,36.24000
36.2000,1206,6,30,0.03000,BR,1,32,37.14000
36.2100,1207,7,30,0.03000,FL,0,23,36.90000
36.2100,1207,7,30,0.03000,BL,0,16,36.69000
36.2100,1207,7,30,0.03000,FR,0,8,36.45000
36.2100,1207,7,30,0.03000,FR,1,38,37.35000
36.2100,1207,7,30,0.03000,BR,0,1,36.24000
36.2100,1207,7,30,0.03000,BR,1,31,37.14000
36.2300,1207,7,30,0.03000,FL,0,23,36.90000
36.2300,1207,7,30,0.03000,BL,0,16,36.69000
36.2300,1207,7,30,0.03000,FR,0,8,36.45000
36.2300,1207,7,30,0.03000,FR,1,38,37.35000
36.2300,1207,7,30,0.03000,BR,0,1,36.24000
36.2300,1207,7,30,0.03000,BR,1,31,37.14000
36.2400,1208,8,30,0.03000,FL,0,22,36.90000
36.2400,1208,8,30,0.03000,BL,0,15,36.69000
36.2400,1208,8,30,0.03000,FR,0,7,36.45000
36.2400,1208,8,30,0.03000,FR,1,37,37.35000
36.2400,1208,8,30,0.03000,BR,0,30,37.14000
36.2500,1208,8,30,0.03000,FL,0,22,36.90000
36.2500,1208,8,30,0.03000,BL,0,15,36.69000
36.2500,1208,8,30,0.03000,FR,0,7,36.45000
36.2500,1208,8,30,0.03000,FR,1,37,37.35000
36.2500,1208,8,30,0.03000,BR,0,30,37.14000
36.2600,1208,8,30,0.03000,FL,0,22,36.90000
36.2600,1208,8,30,0.03000,BL,0,15,36.69000
36.2600,1208,8,30,0.03000,FR,0,7,36.45000
36.2600,1208,8,30,0.03000,FR,1,37,37.35000
36.2600,1208,8,30,0.03000,BR,0,30,37.14000
36.2700,1209,9,30,0.03000,FL,0,21,36.90000
36.2700,1209,9,30,0.03000,BL,0,14,36.69000
36.2700,1209,9,30,0.03000,FR,0,6,36.45000
36.2700,1209,9,30,0.03000,FR,1,36,37.35000
36.2700,1209,9,30,0.03000,BR,0,29,37.14000
36.2800,1209,9,30,0.03000,FL,0,21,36.90000
36.2800,1209,9,30,0.03000,BL,0,14,36.69000
36.2800,1209,9,30,0.03000,FR,0,6,36.45000
36.2800,1209,9,30,0.03000,FR,1,36,37.35000
36.2800,1209,9,30,0.03000,BR,0,29,37.14000
36.2900,1209,9,30,0.03000,FL,0,21,36.90000
36.2900,1209,9,30,0.03000,BL,0,14,36.69000
36.2900,1209,9,30,0.03000,FR,0,6,36.45000
36.2900,1209,9,30,0.03000,FR,1,36,37.35000
36.2900,1209,9,30,0.03000,BR,0,29,37.14000
36.3020,1210,10,30,0.03000,FL,0,20,36.90000
36.3020,1210,10,30,0.03000,BL,0,13,36.69000
36.3020,1210,10,30,0.03000,FR,0,5,36.45000
36.3020,1210,10,30,0.03000,FR,1,35,37.35000
36.3020,1210,10,30,0.03000,BR,0,28,37.14000
36.3140,1210,10,30,0.03000,FL,0,20,36.90000
36.3140,1210,10,30,0.03000,BL,0,13,36.69000
36.3140,1210,10,30,0.03000,FR,0,5,36.45000
36.3140,1210,10,30,0.03000,FR,1,35,37.35000
36.3140,1210,10,30,0.03000,BR,0,28,37.14000
36.3240,1210,10,30,0.03000,FL,0,20,36.90000
36.3240,1210,10,30,0.03000,BL,0,13,36.69000
36.3240,1210,10,30,0.03000,FR,0,5,36.45000
36.3240,1210,10,30,0.03000,FR,1,35,37.35000
36.3240,1210,10,30,0.03000,BR,0,28,37.14000
36.3340,1211,11,30,0.03000,FL,0,19,36.90000
36.3340,1211,11,30,0.03000,BL,0,12,36.69000
36.3340,1211,11,30,0.03000,FR,0,4,36.45000
36.3340,1211,11,30,0.03000,FR,1,34,37.35000
36.3340,1211,11,30,0.03000,BR,0,27,37.14000
36.3440,1211,11,30,0.03000,FL,0,19,36.90000
36.3440,1211,11,30,0.03000,BL,0,12,36.69000
36.3440,1211,11,30,0.03000,FR,0,4,36.45000
36.3440,1211,11,30,0.03000,FR,1,34,37.35000
36.3440,1211,11,30,0.03000,BR,0,27,37.14000
36.3540,1211,11,30,0.03000,FL,0,19,36.90000
36.3540,1211,11,30,0.03000,BL,0,12,36.69000
36.3540,1211,11,30,0.03000,FR,0,4,36.45000
36.3540,1211,11,30,0.03000,FR,1,34,37.35000
36.3540,1211,11,30,0.03000,BR,0,27,37.14000
36.3620,1212,12,30,0.03000,FL,0,18,36.90000
36.3620,1212,12,30,0.03000,BL,0,11,36.69000
36.3620,1212,12,30,0.03000,FR,0,3,36.45000
36.3620,1212,12,30,0.03000,FR,1,33,37.35000
36.3620,1212,12,30,0.03000,BR,0,26,37.14000
36.3760,1212,12,30,0.03000,FL,0,18,36.90000
36.3760,1212,12,30,0.03000,BL,0,11,36.69000
36.3760,1212,12,30,0.03000,FR,0,3,36.45000
36.3760,1212,12,30,0.03000,FR,1,33,37.35000
36.3760,1212,12,30,0.03000,BR,0,26,37.14000
36.3880,1212,12,30,0.03000,FL,0,18,36.90000
36.3880,1212,12,30,0.03000,BL,0,11,36.69000
36.3880,1212,12,30,0.03000,FR,0,3,36.45000
36.3880,1212,12,30,0.03000,FR,1,33,37.35000
36.3880,1212,12,30,0.03000,BR,0,26,37.14000
36.3960,1213,13,30,0.03000,FL,0,17,36.90000
36.3960,1213,13,30,0.03000,BL,0,10,36.69000
36.3960,1213,13,30,0.03000,FR,0,2,36.45000
36.3960,1213,13,30,0.03000,FR,1,32,37.35000
36.3960,1213,13,30,0.03000,BR,0,25,37.14000
36.4060,1213,13,30,0.03000,FL,0,17,36.90000
36.4060,1213,13,30,0.03000,BL,0,10,36.69000
36.4060,1213,13,30,0.03000,FR,0,2,36.45000
36.4060,1213,13,30,0.03000,FR,1,32,37.35000
36.4060,1213,13,30,0.03000,BR,0,25,37.14000
36.4160,1213,13,30,0.03000,FL,0,17,36.90000
36.4160,1213,13,30,0.03000,BL,0,10,36.69000
36.4160,1213,13,30,0.03000,FR,0,2,36.45000
36.4160,1213,13,30,0.03000,FR,1,32,37.35000
36.4160,1213,13,30,0.03000,BR,0,25,37.14000
36.4280,1214,14,30,0.03000,FL,0,16,36.90000
36.4280,1214,14,30,0.03000,BL,0,9,36.69000
36.4280,1214,14,30,0.03000,BL,1,39,37.59000
36.4280,1214,14,30,0.03000,FR,0,1,36.45000
36.4280,1214,14,30,0.03000,FR,1,31,37.35000
36.4280,1214,14,30,0.03000,BR,0,24,37.14000
36.4360,1214,14,30,0.03000,FL,0,16,36.90000
36.4360,1214,14,30,0.03000,BL,0,9,36.69000
36.4360,1214,14,30,0.03000,BL,1,39,37.59000
36.4360,1214,14,30,0.03000,FR,0,1,36.45000
36.4360,1214,14,30,0.03000,FR,1,31,37.35000
36.4360,1214,14,30,0.03000,BR,0,24,37.14000
36.4480,1214,14,30,0.03000,FL,0,16,36.90000
36.4480,1214,14,30,0.03000,BL,0,9,36.69000
36.4480,1214,14,30,0.03000,BL,1,39,37.59000
36.4480,1214,14,30,0.03000,FR,0,1,36.45000
36.4480,1214,14,30,0.03000,FR,1,31,37.35000
36.4480,1214,14,30,0.03000,BR,0,24,37.14000
36.4600,1215,15,30,0.03000,FL,0,15,36.90000
36.4600,1215,15,30,0.03000,BL,0,8,36.69000
36.4600,1215,15,30,0.03000,BL,1,38,37.59000
36.4600,1215,15,30,0.03000,FR,0,30,37.35000
36.4600,1215,15,30,0.03000,BR,0,23,37.14000
36.4800,1216,16,30,0.03000,FL,0,14,36.90000
36.4800,1216,16,30,0.03000,BL,0,7,36.69000
36.4800,1216,16,30,0.03000,BL,1,37,37.59000
36.4800,1216,16,30,0.03000,FR,0,29,37.35000
36.4800,1216,16,30,0.03000,BR,0,22,37.14000
36.4900,1216,16,30,0.03000,FL,0,14,36.90000
36.4900,1216,16,30,0.03000,BL,0,7,36.69000
36.4900,1216,16,30,0.03000,BL,1,37,37.59000
36.4900,1216,16,30,0.03000,FR,0,29,37.35000
36.4900,1216,16,30,0.03000,BR,0,22,37.14000
36.5000,1216,16,30,0.03000,FL,0,14,36.90000
36.5000,1216,16,30,0.03000,BL,0,7,36.69000
36.5000,1216,16,30,0.03000,BL,1,37,37.59000
36.5000,1216,16,30,0.03000,FR,0,29,37.35000
36.5000,1216,16,30,0.03000,BR,0,22,37.14000
36.5080,1216,16,30,0.03000,FL,0,14,36.90000
36.5080,1216,16,30,0.03000,BL,0,7,36.69000
36.5080,1216,16,30,0.03000,BL,1,37,37.59000
36.5080,1216,16,30,0.03000,FR,0,29,37.35000
36.5080,1216,16,30,0.03000,BR,0,22,37.14000
36.5200,1217,17,30,0.03000,FL,0,13,36.90000
36.5200,1217,17,30,0.03000,BL,0,6,36.69000
36.5200,1217,17,30,0.03000,BL,1,36,37.59000
36.5200,1217,17,30,0.03000,FR,0,28,37.35000
36.5200,1217,17,30,0.03000,BR,0,21,37.14000
36.5280,1217,17,30,0.03000,FL,0,13,36.90000
36.5280,1217,17,30,0.03000,BL,0,6,36.69000
36.5280,1217,17,30,0.03000,BL,1,36,37.59000
36.5280,1217,17,30,0.03000,FR,0,28,37.35000
36.5280,1217,17,30,0.03000,BR,0,21,37.14000
36.5380,1217,17,30,0.03000,FL,0,13,36.90000
36.5380,1217,17,30,0.03000,BL,0,6,36.69000
36.5380,1217,17,30,0.03000,BL,1,36,37.59000
36.5380,1217,17,30,0.03000,FR,0,28,37.35000
36.5380,1217,17,30,0.03000,BR,0,21,37.14000
36.5480,1218,18,30,0.03000,FL,0,12,36.90000
36.5480,1218,18,30,0.03000,BL,0,5,36.69000
36.5480,1218,18,30,0.03000,BL,1,35,37.59000
36.5480,1218,18,30,0.03000,FR,0,27,37.35000
36.5480,1218,18,30,0.03000,BR,0,20,37.14000
36.5580,1218,18,30,0.03000,FL,0,12,36.90000
36.5580,1218,18,30,0.03000,BL,0,5,36.69000
36.5580,1218,18,30,0.03000,BL,1,35,37.59000
36.5580,1218,18,30,0.03000,FR,0,27,37.35000
36.5580,1218,18,30,0.03000,BR,0,20,37.14000
36.5680,1218,18,30,0.03000,FL,0,12,36.90000
36.5680,1218,18,30,0.03000,BL,0,5,36.69000
36.5680,1218,18,30,0.03000,BL,1,35,37.59000
36.5680,1218,18,30,0.03000,FR,0,27,37.35000
36.5680,1218,18,30,0.03000,BR,0,20,37.14000
36.5780,1219,19,30,0.03000,FL,0,11,36.90000
36.5780,1219,19,30,0.03000,BL,0,4,36.69000
36.5780,1219,19,30,0.03000,BL,1,34,37.59000
36.5780,1219,19,30,0.03000,FR,0,26,37.35000
36.5780,1219,19,30,0.03000,BR,0,19,37.14000
36.5940,1219,19,30,0.03000,FL,0,11,36.90000
36.5940,1219,19,30,0.03000,BL,0,4,36.69000
36.5940,1219,19,30,0.03000,BL,1,34,37.59000
36.5940,1219,19,30,0.03000,FR,0,26,37.35000
36.5940,1219,19,30,0.03000,BR,0,19,37.14000
36.6040,1220,20,30,0.03000,FL,0,10,36.90000
36.6040,1220,20,30,0.03000,BL,0,3,36.69000
36.6040,1220,20,30,0.03000,BL,1,33,37.59000
36.6040,1220,20,30,0.03000,FR,0,25,37.35000
36.6040,1220,20,30,0.03000,BR,0,18,37.14000
36.6220,1220,20,30,0.03000,FL,0,10,36.90000
36.6220,1220,20,30,0.03000,BL,0,3,36.69000
36.6220,1220,20,30,0.03000,BL,1,33,37.59000
36.6220,1220,20,30,0.03000,FR,0,25,37.35000
36.6220,1220,20,30,0.03000,BR,0,18,37.14000
36.6340,1221,21,30,0.03000,FL,0,9,36.90000
36.6340,1221,21,30,0.03000,FL,1,39,37.80000
36.6340,1221,21,30,0.03000,BL,0,2,36.69000
36.6340,1221,21,30,0.03000,BL,1,32,37.59000
36.6340,1221,21,30,0.03000,FR,0,24,37.35000
36.6340,1221,21,30,0.03000,BR,0,17,37.14000
36.6500,1221,21,30,0.03000,FL,0,9,36.90000
36.6500,1221,21,30,0.03000,FL,1,39,37.80000
36.6500,1221,21,30,0.03000,BL,0,2,36.69000
36.6500,1221,21,30,0.03000,BL,1,32,37.59000
36.6500,1221,21,30,0.03000,FR,0,24,37.35000
36.6500,1221,21,30,0.03000,BR,0,17,37.14000
36.6600,1222,22,30,0.03000,FL,0,8,36.90000
36.6600,1222,22,30,0.03000,FL,1,38,37.80000
36.6600,1222,22,30,0.03000,BL,0,1,36.69000
36.6600,1222,22,30,0.03000,BL,1,31,37.59000
36.6600,1222,22,30,0.03000,FR,0,23,37.35000
36.6600,1222,22,30,0.03000,BR,0,16,37.14000
36.6820,1222,22,30,0.03000,FL,0,8,36.90000
36.6820,1222,22,30,0.03000,FL,1,38,37.80000
36.6820,1222,22,30,0.03000,BL,0,1,36.69000
36.6820,1222,22,30,0.03000,BL,1,31,37.59000
36.6820,1222,22,30,0.03000,FR,0,23,37.35000
36.6820,1222,22,30,0.03000,BR,0,16,37.14000
36.6960,1223,23,30,0.03000,FL,0,7,36.90000
36.6960,1223,23,30,0.03000,FL,1,37,37.80000
36.6960,1223,23,30,0.03000,BL,0,30,37.59000
36.6960,1223,23,30,0.03000,FR,0,22,37.35000
36.6960,1223,23,30,0.03000,BR,0,15,37.14000
36.7060,1223,23,30,0.03000,FL,0,7,36.90000
36.7060,1223,23,30,0.03000,FL,1,37,37.80000
36.7060,1223,23,30,0.03000,BL,0,30,37.59000
36.7060,1223,23,30,0.03000,FR,0,22,37.35000
36.7060,1223,23,30,0.03000,BR,0,15,37.14000
36.7160,1223,23,30,0.03000,FL,0,7,36.90000
36.7160,1223,23,30,0.03000,FL,1,37,37.80000
36.7160,1223,23,30,0.03000,BL,0,30,37.59000
36.7160,1223,23,30,0.03000,FR,0,22,37.35000
36.7160,1223,23,30,0.03000,BR,0,15,37.14000
36.7240,1224,24,30,0.03000,FL,0,6,36.90000
36.7240,1224,24,30,0.03000,FL,1,36,37.80000
36.7240,1224,24,30,0.03000,BL,0,29,37.59000
36.7240,1224,24,30,0.03000,FR,0,21,37.35000
36.7240,1224,24,30,0.03000,BR,0,14,37.14000
36.7340,1224,24,30,0.03000,FL,0,6,36.90000
36.7340,1224,24,30,0.03000,FL,1,36,37.80000
36.7340,1224,24,30,0.03000,BL,0,29,37.59000
36.7340,1224,24,30,0.03000,FR,0,21,37.35000
36.7340,1224,24,30,0.03000,BR,0,14,37.14000
36.7440,1224,24,30,0.03000,FL,0,6,36.90000
36.7440,1224,24,30,0.03000,FL,1,36,37.80000
36.7440,1224,24,30,0.03000,BL,0,29,37.59000
36.7440,1224,24,30,0.03000,FR,0,21,37.35000
36.7440,1224,24,30,0.03000,BR,0,14,37.14000
36.7540,1225,25,30,0.03000,FL,0,5,36.90000
36.7540,1225,25,30,0.03000,FL,1,35,37.80000
36.7540,1225,25,30,0.03000,BL,0,28,37.59000
36.7540,1225,25,30,0.03000,FR,0,20,37.35000
36.7540,1225,25,30,0.03000,BR,0,13,37.14000
36.7660,1225,25,30,0.03000,FL,0,5,36.90000
36.7660,1225,25,30,0.03000,FL,1,35,37.80000
36.7660,1225,25,30,0.03000,BL,0,28,37.59000
36.7660,1225,25,30,0.03000,FR,0,20,37.35000
36.7660,1225,25,30,0.03000,BR,0,13,37.14000
36.7740,1225,25,30,0.03000,FL,0,5,36.90000
36.7740,1225,25,30,0.03000,FL,1,35,37.80000
36.7740,1225,25,30,0.03000,BL,0,28,37.59000
36.7740,1225,25,30,0.03000,FR,0,20,37.35000
36.7740,1225,25,30,0.03000,BR,0,13,37.14000
36.7840,1226,26,30,0.03000,FL,0,4,36.90000
36.7840,1226,26,30,0.03000,FL,1,34,37.80000
36.7840,1226,26,30,0.03000,BL,0,27,37.59000
36.7840,1226,26,30,0.03000,FR,0,19,37.35000
36.7840,1226,26,30,0.03000,BR,0,12,37.14000
36.7940,1226,26,30,0.03000,FL,0,4,36.90000
36.7940,1226,26,30,0.03000,FL,1,34,37.80000
36.7940,1226,26,30,0.03000,BL,0,27,37.59000
36.7940,1226,26,30,0.03000,FR,0,19,37.35000
36.7940,1226,26,30,0.03000,BR,0,12,37.14000
36.8040,1226,26,30,0.03000,FL,0,4,36.90000
36.8040,1226,26,30,0.03000,FL,1,34,37.80000
36.8040,1226,26,30,0.03000,BL,0,27,37.59000
36.8040,1226,26,30,0.03000,FR,0,19,37.35000
36.8040,1226,26,30,0.03000,BR,0,12,37.14000
36.8140,1227,27,30,0.03000,FL,0,3,36.90000
36.8140,1227,27,30,0.03000,FL,1,33,37.80000
36.8140,1227,27,30,0.03000,BL,0,26,37.59000
36.8140,1227,27,30,0.03000,FR,0,18,37.35000
36.8140,1227,27,30,0.03000,BR,0,11,37.14000
36.8240,1227,27,30,0.03000,FL,0,3,36.90000
36.8240,1227,27,30,0.03000,FL,1,33,37.80000
36.8240,1227,27,30,0.03000,BL,0,26,37.59000
36.8240,1227,27,30,0.03000,FR,0,18,37.35000
36.8240,1227,27,30,0.03000,BR,0,11,37.14000
36.8340,1227,27,30,0.03000,FL,0,3,36.90000
36.8340,1227,27,30,0.03000,FL,1,33,37.80000
36.8340,1227,27,30,0.03000,BL,0,26,37.59000
36.8340,1227,27,30,0.03000,FR,0,18,37.35000
36.8340,1227,27,30,0.03000,BR,0,11,37.14000
36.8440,1228,28,30,0.03000,FL,0,2,36.90000
36.8440,1228,28,30,0.03000,FL,1,32,37.80000
36.8440,1228,28,30,0.03000,BL,0,25,37.59000
36.8440,1228,28,30,0.03000,FR,0,17,37.35000
36.8440,1228,28,30,0.03000,BR,0,10,37.14000
36.8540,1228,28,30,0.03000,FL,0,2,36.90000
36.8540,1228,28,30,0.03000,FL,1,32,37.80000
36.8540,1228,28,30,0.03000,BL,0,25,37.59000
36.8540,1228,28,30,0.03000,FR,0,17,37.35000
36.8540,1228,28,30,0.03000,BR,0,10,37.14000
36.8620,1228,28,30,0.03000,FL,0,2,36.90000
36.8620,1228,28,30,0.03000,FL,1,32,37.80000
36.8620,1228,28,30,0.03000,BL,0,25,37.59000
36.8620,1228,28,30,0.03000,FR,0,17,37.35000
36.8620,1228,28,30,0.03000,BR,0,10,37.14000
36.8740,1229,29,30,0.03000,FL,0,1,36.90000
36.8740,1229,29,30,0.03000,FL,1,31,37.80000
36.8740,1229,29,30,0.03000,BL,0,24,37.59000
36.8740,1229,29,30,0.03000,FR,0,16,37.35000
36.8740,1229,29,30,0.03000,BR,0,9,37.14000
36.8740,1229,29,30,0.03000,BR,1,39,38.04000
36.8820,1229,29,30,0.03000,FL,0,1,36.90000
36.8820,1229,29,30,0.03000,FL,1,31,37.80000
36.8820,1229,29,30,0.03000,BL,0,24,37.59000
36.8820,1229,29,30,0.03000,FR,0,16,37.35000
36.8820,1229,29,30,0.03000,BR,0,9,37.14000
36.8820,1229,29,30,0.03000,BR,1,39,38.04000
36.8940,1229,29,30,0.03000,FL,0,1,36.90000
36.8940,1229,29,30,0.03000,FL,1,31,37.80000
36.8940,1229,29,30,0.03000,BL,0,24,37.59000
36.8940,1229,29,30,0.03000,FR,0,16,37.35000
36.8940,1229,29,30,0.03000,BR,0,9,37.14000
36.8940,1229,29,30,0.03000,BR,1,39,38.04000
36.9020,1230,0,30,0.03000,FL,0,30,37.80000
36.9020,1230,0,30,0.03000,BL,0,23,37.59000
36.9020,1230,0,30,0.03000,FR,0,15,37.35000
36.9020,1230,0,30,0.03000,BR,0,8,37.14000
36.9020,1230,0,30,0.03000,BR,1,38,38.04000
36.9220,1230,0,30,0.03000,FL,0,30,37.80000
36.9220,1230,0,30,0.03000,BL,0,23,37.59000
36.9220,1230,0,30,0.03000,FR,0,15,37.35000
36.9220,1230,0,30,0.03000,BR,0,8,37.14000
36.9220,1230,0,30,0.03000,BR,1,38,38.04000
36.9340,1231,1,30,0.03000,FL,0,29,37.80000
36.9340,1231,1,30,0.03000,BL,0,22,37.59000
36.9340,1231,1,30,0.03000,FR,0,14,37.35000
36.9340,1231,1,30,0.03000,BR,0,7,37.14000
36.9340,1231,1,30,0.03000,BR,1,37,38.04000
36.9460,1231,1,30,0.03000,FL,0,29,37.80000
36.9460,1231,1,30,0.03000,BL,0,22,37.59000
36.9460,1231,1,30,0.03000,FR,0,14,37.35000
36.9460,1231,1,30,0.03000,BR,0,7,37.14000
36.9460,1231,1,30,0.03000,BR,1,37,38.04000
36.9600,1232,2,30,0.03000,FL,0,28,37.80000
36.9600,1232,2,30,0.03000,BL,0,21,37.59000
36.9600,1232,2,30,0.03000,FR,0,13,37.35000
36.9600,1232,2,30,0.03000,BR,0,6,37.14000
36.9600,1232,2,30,0.03000,BR,1,36,38.04000
36.9680,1232,2,30,0.03000,FL,0,28,37.80000
36.9680,1232,2,30,0.03000,BL,0,21,37.59000
36.9680,1232,2,30,0.03000,FR,0,13,37.35000
36.9680,1232,2,30,0.03000,BR,0,6,37.14000
36.9680,1232,2,30,0.03000,BR,1,36,38.04000
36.9800,1232,2,30,0.03000,FL,0,28,37.80000
36.9800,1232,2,30,0.03000,BL,0,21,37.59000
36.9800,1232,2,30,0.03000,FR,0,13,37.35000
36.9800,1232,2,30,0.03000,BR,0,6,37.14000
36.9800,1232,2,30,0.03000,BR,1,36,38.04000
36.9880,1232,2,30,0.03000,FL,0,28,37.80000
36.9880,1232,2,30,0.03000,BL,0,21,37.59000
36.9880,1232,2,30,0.03000,FR,0,13,37.35000
36.9880,1232,2,30,0.03000,BR,0,6,37.14000
36.9880,1232,2,30,0.03000,BR,1,36,38.04000
37.0000,1233,3,30,0.03000,FL,0,27,37.80000
37.0000,1233,3,30,0.03000,BL,0,20,37.59000
37.0000,1233,3,30,0.03000,FR,0,12,37.35000
37.0000,1233,3,30,0.03000,BR,0,5,37.14000
37.0000,1233,3,30,0.03000,BR,1,35,38.04000
37.0080,1233,3,30,0.03000,FL,0,27,37.80000
37.0080,1233,3,30,0.03000,BL,0,20,37.59000
37.0080,1233,3,30,0.03000,FR,0,12,37.35000
37.0080,1233,3,30,0.03000,BR,0,5,37.14000
37.0080,1233,3,30,0.03000,BR,1,35,38.04000
37.0180,1233,3,30,0.03000,FL,0,27,37.80000
37.0180,1233,3,30,0.03000,BL,0,20,37.59000
37.0180,1233,3,30,0.03000,FR,0,12,37.35000
37.0180,1233,3,30,0.03000,BR,0,5,37.14000
37.0180,1233,3,30,0.03000,BR,1,35,38.04000
37.0280,1234,4,30,0.03000,FL,0,26,37.80000
37.0280,1234,4,30,0.03000,BL,0,19,37.59000
37.0280,1234,4,30,0.03000,FR,0,11,37.35000
37.0280,1234,4,30,0.03000,BR,0,4,37.14000
37.0280,1234,4,30,0.03000,BR,1,34,38.04000
37.0380,1234,4,30,0.03000,FL,0,26,37.80000
37.0380,1234,4,30,0.03000,BL,0,19,37.59000
37.0380,1234,4,30,0.03000,FR,0,11,37.35000
37.0380,1234,4,30,0.03000,BR,0,4,37.14000
37.0380,1234,4,30,0.03000,BR,1,34,38.04000
37.0480,1234,4,30,0.03000,FL,0,26,37.80000
37.0480,1234,4,30,0.03000,BL,0,19,37.59000
37.0480,1234,4,30,0.03000,FR,0,11,37.35000
37.0480,1234,4,30,0.03000,BR,0,4,37.14000
37.0480,1234,4,30,0.03000,BR,1,34,38.04000
37.0580,1235,5,30,0.03000,FL,0,25,37.80000
37.0580,1235,5,30,0.03000,BL,0,18,37.59000
37.0580,1235,5,30,0.03000,FR,0,10,37.35000
37.0580,1235,5,30,0.03000,BR,0,3,37.14000
37.0580,1235,5,30,0.03000,BR,1,33,38.04000
37.0660,1235,5,30,0.03000,FL,0,25,37.80000
37.0660,1235,5,30,0.03000,BL,0,18,37.59000
37.0660,1235,5,30,0.03000,FR,0,10,37.35000
37.0660,1235,5,30,0.03000,BR,0,3,37.14000
37.0660,1235,5,30,0.03000,BR,1,33,38.04000
37.0780,1235,5,30,0.03000,FL,0,25,37.80000
37.0780,1235,5,30,0.03000,BL,0,18,37.59000
37.0780,1235,5,30,0.03000,FR,0,10,37.35000
37.0780,1235,5,30,0.03000,BR,0,3,37.14000
37.0780,1235,5,30,0.03000,BR,1,33,38.04000
37.0860,1236,6,30,0.03000,FL,0,24,37.80000
37.0860,1236,6,30,0.03000,BL,0,17,37.59000
37.0860,1236,6,30,0.03000,FR,0,9,37.35000
37.0860,1236,6,30,0.03000,FR,1,39,38.25000
37.0860,1236,6,30,0.03000,BR,0,2,37.14000
37.0860,1236,6,30,0.03000,BR,1,32,38.04000
37.0960,1236,6,30,0.03000,FL,0,24,37.80000
37.0960,1236,6,30,0.03000,BL,0,17,37.59000
37.0960,1236,6,30,0.03000,FR,0,9,37.35000
37.0960,1236,6,30,0.03000,FR,1,39,38.25000
37.0960,1236,6,30,0.03000,BR,0,2,37.14000
37.0960,1236,6,30,0.03000,BR,1,32,38.04000
37.1060,1236,6,30,0.03000,FL,0,24,37.80000
37.1060,1236,6,30,0.03000,BL,0,17,37.59000
37.1060,1236,6,30,0.03000,FR,0,9,37.35000
37.1060,1236,6,30,0.03000,FR,1,39,38.25000
37.1060,1236,6,30,0.03000,BR,0,2,37.14000
37.1060,1236,6,30,0.03000,BR,1,32,38.04000
37.1160,1237,7,30,0.03000,FL,0,23,37.80000
37.1160,1237,7,30,0.03000,BL,0,16,37.59000
37.1160,1237,7,30,0.03000,FR,0,8,37.35000
37.1160,1237,7,30,0.03000,FR,1,38,38.25000
37.1160,1237,7,30,0.03000,BR,0,1,37.14000
37.1160,1237,7,30,0.03000,BR,1,31,38.04000
37.1360,1237,7,30,0.03000,FL,0,23,37.80000
37.1360,1237,7,30,0.03000,BL,0,16,37.59000
37.1360,1237,7,30,0.03000,FR,0,8,37.35000
37.1360,1237,7,30,0.03000,FR,1,38,38.25000
37.1360,1237,7,30,0.03000,BR,0,1,37.14000
37.1360,1237,7,30,0.03000,BR,1,31,38.04000
37.1440,1238,8,30,0.03000,FL,0,22,37.80000
37.1440,1238,8,30,0.03000,BL,0,15,37.59000
37.1440,1238,8,30,0.03000,FR,0,7,37.35000
37.1440,1238,8,30,0.03000,FR,1,37,38.25000
37.1440,1238,8,30,0.03000,BR,0,30,38.04000
37.1560,1238,8,30,0.03000,FL,0,22,37.80000
37.1560,1238,8,30,0.03000,BL,0,15,37.59000
37.1560,1238,8,30,0.03000,FR,0,7,37.35000
37.1560,1238,8,30,0.03000,FR,1,37,38.25000
37.1560,1238,8,30,0.03000,BR,0,30,38.04000
37.1660,1238,8,30,0.03000,FL,0,22,37.80000
37.1660,1238,8,30,0.03000,BL,0,15,37.59000
37.1660,1238,8,30,0.03000,FR,0,7,37.35000
37.1660,1238,8,30,0.03000,FR,1,37,38.25000
37.1660,1238,8,30,0.03000,BR,0,30,38.04000
37.1760,1239,9,30,0.03000,FL,0,21,37.80000
37.1760,1239,9,30,0.03000,BL,0,14,37.59000
37.1760,1239,9,30,0.03000,FR,0,6,37.35000
37.1760,1239,9,30,0.03000,FR,1,36,38.25000
37.1760,1239,9,30,0.03000,BR,0,29,38.04000
37.1860,1239,9,30,0.03000,FL,0,21,37.80000
37.1860,1239,9,30,0.03000,BL,0,14,37.59000
37.1860,1239,9,30,0.03000,FR,0,6,37.35000
37.1860,1239,9,30,0.03000,FR,1,36,38.25000
37.1860,1239,9,30,0.03000,BR,0,29,38.04000
37.1980,1239,9,30,0.03000,FL,0,21,37.80000
37.1980,1239,9,30,0.03000,BL,0,14,37.59000
37.1980,1239,9,30,0.03000,FR,0,6,37.35000
37.1980,1239,9,30,0.03000,FR,1,36,38.25000
37.1980,1239,9,30,0.03000,BR,0,29,38.04000
37.2060,1240,10,30,0.03000,FL,0,20,37.80000
37.2060,1240,10,30,0.03000,BL,0,13,37.59000
37.2060,1240,10,30,0.03000,FR,0,5,37.35000
37.2060,1240,10,30,0.03000,FR,1,35,38.25000
37.2060,1240,10,30,0.03000,BR,0,28,38.04000
37.2160,1240,10,30,0.03000,FL,0,20,37.80000
37.2160,1240,10,30,0.03000,BL,0,13,37.59000
37.2160,1240,10,30,0.03000,FR,0,5,37.35000
37.2160,1240,10,30,0.03000,FR,1,35,38.25000
37.2160,1240,10,30,0.03000,BR,0,28,38.04000
37.2260,1240,10,30,0.03000,FL,0,20,37.80000
37.2260,1240,10,30,0.03000,BL,0,13,37.59000
37.2260,1240,10,30,0.03000,FR,0,5,37.35000
37.2260,1240,10,30,0.03000,FR,1,35,38.25000
37.2260,1240,10,30,0.03000,BR,0,28,38.04000
37.2360,1241,11,30,0.03000,FL,0,19,37.80000
37.2360,1241,11,30,0.03000,BL,0,12,37.59000
37.2360,1241,11,30,0.03000,FR,0,4,37.35000
37.2360,1241,11,30,0.03000,FR,1,34,38.25000
37.2360,1241,11,30,0.03000,BR,0,27,38.04000
37.2460,1241,11,30,0.03000,FL,0,19,37.80000
37.2460,1241,11,30,0.03000,BL,0,12,37.59000
37.2460,1241,11,30,0.03000,FR,0,4,37.35000
37.2460,1241,11,30,0.03000,FR,1,34,38.25000
37.2460,1241,11,30,0.03000,BR,0,27,38.04000
37.2560,1241,11,30,0.03000,FL,0,19,37.80000
37.2560,1241,11,30,0.03000,BL,0,12,37.59000
37.2560,1241,11,30,0.03000,FR,0,4,37.35000
37.2560,1241,11,30,0.03000,FR,1,34,38.25000
37.2560,1241,11,30,0.03000,BR,0,27,38.04000
37.2640,1242,12,30,0.03000,FL,0,18,37.80000
37.2640,1242,12,30,0.03000,BL,0,11,37.59000
37.2640,1242,12,30,0.03000,FR,0,3,37.35000
37.2640,1242,12,30,0.03000,FR,1,33,38.25000
37.2640,1242,12,30,0.03000,BR,0,26,38.04000
37.2740,1242,12,30,0.03000,FL,0,18,37.80000
37.2740,1242,12,30,0.03000,BL,0,11,37.59000
37.2740,1242,12,30,0.03000,FR,0,3,37.35000
37.2740,1242,12,30,0.03000,FR,1,33,38.25000
37.2740,1242,12,30,0.03000,BR,0,26,38.04000
37.2860,1242,12,30,0.03000,FL,0,18,37.80000
37.2860,1242,12,30,0.03000,BL,0,11,37.59000
37.2860,1242,12,30,0.03000,FR,0,3,37.35000
37.2860,1242,12,30,0.03000,FR,1,33,38.25000
37.2860,1242,12,30,0.03000,BR,0,26,38.04000
37.2940,1243,13,30,0.03000,FL,0,17,37.80000
37.2940,1243,13,30,0.03000,BL,0,10,37.59000
37.2940,1243,13,30,0.03000,FR,0,2,37.35000
37.2940,1243,13,30,0.03000,FR,1,32,38.25000
37.2940,1243,13,30,0.03000,BR,0,25,38.04000
37.3040,1243,13,30,0.03000,FL,0,17,37.80000
37.3040,1243,13,30,0.03000,BL,0,10,37.59000
37.3040,1243,13,30,0.03000,FR,0,2,37.35000
37.3040,1243,13,30,0.03000,FR,1,32,38.25000
37.3040,1243,13,30,0.03000,BR,0,25,38.04000
37.3140,1243,13,30,0.03000,FL,0,17,37.80000
37.3140,1243,13,30,0.03000,BL,0,10,37.59000
37.3140,1243,13,30,0.03000,FR,0,2,37.35000
37.3140,1243,13,30,0.03000,FR,1,32,38.25000
37.3140,1243,13,30,0.03000,BR,0,25,38.04000
37.3240,1244,14,30,0.03000,FL,0,16,37.80000
37.3240,1244,14,30,0.03000,BL,0,9,37.59000
37.3240,1244,14,30,0.03000,BL,1,39,38.49000
37.3240,1244,14,30,0.03000,FR,0,1,37.35000
37.3240,1244,14,30,0.03000,FR,1,31,38.25000
37.3240,1244,14,30,0.03000,BR,0,24,38.04000
37.3340,1244,14,30,0.03000,FL,0,16,37.80000
37.3340,1244,14,30,0.03000,BL,0,9,37.59000
37.3340,1244,14,30,0.03000,BL,1,39,38.49000
37.3340,1244,14,30,0.03000,FR,0,1,37.35000
37.3340,1244,14,30,0.03000,FR,1,31,38.25000
37.3340,1244,14,30,0.03000,BR,0,24,38.04000
37.3440,1244,14,30,0.03000,FL,0,16,37.80000
37.3440,1244,14,30,0.03000,BL,0,9,37.59000
37.3440,1244,14,30,0.03000,BL,1,39,38.49000
37.3440,1244,14,30,0.03000,FR,0,1,37.35000
37.3440,1244,14,30,0.03000,FR,1,31,38.25000
37.3440,1244,14,30,0.03000,BR,0,24,38.04000
37.3540,1245,15,30,0.03000,FL,0,15,37.80000
37.3540,1245,15,30,0.03000,BL,0,8,37.59000
37.3540,1245,15,30,0.03000,BL,1,38,38.49000
37.3540,1245,15,30,0.03000,FR,0,30,38.25000
37.3540,1245,15,30,0.03000,BR,0,23,38.04000
37.3820,1246,16,30,0.03000,FL,0,14,37.80000
37.3820,1246,16,30,0.03000,BL,0,7,37.59000
37.3820,1246,16,30,0.03000,BL,1,37,38.49000
37.3820,1246,16,30,0.03000,FR,0,29,38.25000
37.3820,1246,16,30,0.03000,BR,0,22,38.04000
37.3920,1246,16,30,0.03000,FL,0,14,37.80000
37.3920,1246,16,30,0.03000,BL,0,7,37.59000
37.3920,1246,16,30,0.03000,BL,1,37,38.49000
37.3920,1246,16,30,0.03000,FR,0,29,38.25000
37.3920,1246,16,30,0.03000,BR,0,22,38.04000
37.4020,1246,16,30,0.03000,FL,0,14,37.80000
37.4020,1246,16,30,0.03000,BL,0,7,37.59000
37.4020,1246,16,30,0.03000,BL,1,37,38.49000
37.4020,1246,16,30,0.03000,FR,0,29,38.25000
37.4020,1246,16,30,0.03000,BR,0,22,38.04000
37.4140,1247,17,30,0.03000,FL,0,13,37.80000
37.4140,1247,17,30,0.03000,BL,0,6,37.59000
37.4140,1247,17,30,0.03000,BL,1,36,38.49000
37.4140,1247,17,30,0.03000,FR,0,28,38.25000
37.4140,1247,17,30,0.03000,BR,0,21,38.04000
37.4240,1247,17,30,0.03000,FL,0,13,37.80000
37.4240,1247,17,30,0.03000,BL,0,6,37.59000
37.4240,1247,17,30,0.03000,BL,1,36,38.49000
37.4240,1247,17,30,0.03000,FR,0,28,38.25000
37.4240,1247,17,30,0.03000,BR,0,21,38.04000
37.4340,1247,17,30,0.03000,FL,0,13,37.80000
37.4340,1247,17,30,0.03000,BL,0,6,37.59000
37.4340,1247,17,30,0.03000,BL,1,36,38.49000
37.4340,1247,17,30,0.03000,FR,0,28,38.25000
37.4340,1247,17,30,0.03000,BR,0,21,38.04000
37.4460,1248,18,30,0.03000,FL,0,12,37.80000
37.4460,1248,18,30,0.03000,BL,0,5,37.59000
37.4460,1248,18,30,0.03000,BL,1,35,38.49000
37.4460,1248,18,30,0.03000,FR,0,27,38.25000
37.4460,1248,18,30,0.03000,BR,0,20,38.04000
37.4560,1248,18,30,0.03000,FL,0,12,37.80000
37.4560,1248,18,30,0.03000,BL,0,5,37.59000
37.4560,1248,18,30,0.03000,BL,1,35,38.49000
37.4560,1248,18,30,0.03000,FR,0,27,38.25000
37.4560,1248,18,30,0.03000,BR,0,20,38.04000
37.4660,1248,18,30,0.03000,FL,0,12,37.80000
37.4660,1248,18,30,0.03000,BL,0,5,37.59000
37.4660,1248,18,30,0.03000,BL,1,35,38.49000
37.4660,1248,18,30,0.03000,FR,0,27,38.25000
37.4660,1248,18,30,0.03000,BR,0,20,38.04000
37.4780,1249,19,30,0.03000,FL,0,11,37.80000
37.4780,1249,19,30,0.03000,BL,0,4,37.59000
37.4780,1249,19,30,0.03000,BL,1,34,38.49000
37.4780,1249,19,30,0.03000,FR,0,26,38.25000
37.4780,1249,19,30,0.03000,BR,0,19,38.04000
37.4880,1249,19,30,0.03000,FL,0,11,37.80000
37.4880,1249,19,30,0.03000,BL,0,4,37.59000
37.4880,1249,19,30,0.03000,BL,1,34,38.49000
37.4880,1249,19,30,0.03000,FR,0,26,38.25000
37.4880,1249,19,30,0.03000,BR,0,19,38.04000
37.5000,1250,20,30,0.03000,FL,0,10,37.80000
37.5000,1250,20,30,0.03000,BL,0,3,37.59000
37.5000,1250,20,30,0.03000,BL,1,33,38.49000
37.5000,1250,20,30,0.03000,FR,0,25,38.25000
37.5000,1250,20,30,0.03000,BR,0,18,38.04000
37.5300,1251,21,30,0.03000,FL,0,9,37.80000
37.5300,1251,21,30,0.03000,FL,1,39,38.70000
37.5300,1251,21,30,0.03000,BL,0,2,37.59000
37.5300,1251,21,30,0.03000,BL,1,32,38.49000
37.5300,1251,21,30,0.03000,FR,0,24,38.25000
37.5300,1251,21,30,0.03000,BR,0,17,38.04000
37.5520,1251,21,30,0.03000,FL,0,9,37.80000
37.5520,1251,21,30,0.03000,FL,1,39,38.70000
37.5520,1251,21,30,0.03000,BL,0,2,37.59000
37.5520,1251,21,30,0.03000,BL,1,32,38.49000
37.5520,1251,21,30,0.03000,FR,0,24,38.25000
37.5520,1251,21,30,0.03000,BR,0,17,38.04000
37.5640,1252,22,30,0.03000,FL,0,8,37.80000
37.5640,1252,22,30,0.03000,FL,1,38,38.70000
37.5640,1252,22,30,0.03000,BL,0,1,37.59000
37.5640,1252,22,30,0.03000,BL,1,31,38.49000
37.5640,1252,22,30,0.03000,FR,0,23,38.25000
37.5640,1252,22,30,0.03000,BR,0,16,38.04000
37.5840,1252,22,30,0.03000,FL,0,8,37.80000
37.5840,1252,22,30,0.03000,FL,1,38,38.70000
37.5840,1252,22,30,0.03000,BL,0,1,37.59000
37.5840,1252,22,30,0.03000,BL,1,31,38.49000
37.5840,1252,22,30,0.03000,FR,0,23,38.25000
37.5840,1252,22,30,0.03000,BR,0,16,38.04000
37.5960,1253,23,30,0.03000,FL,0,7,37.80000
37.5960,1253,23,30,0.03000,FL,1,37,38.70000
37.5960,1253,23,30,0.03000,BL,0,30,38.49000
37.5960,1253,23,30,0.03000,FR,0,22,38.25000
37.5960,1253,23,30,0.03000,BR,0,15,38.04000
37.6080,1253,23,30,0.03000,FL,0,7,37.80000
37.6080,1253,23,30,0.03000,FL,1,37,38.70000
37.6080,1253,23,30,0.03000,BL,0,30,38.49000
37.6080,1253,23,30,0.03000,FR,0,22,38.25000
37.6080,1253,23,30,0.03000,BR,0,15,38.04000
37.6180,1253,23,30,0.03000,FL,0,7,37.80000
37.6180,1253,23,30,0.03000,FL,1,37,38.70000
37.6180,1253,23,30,0.03000,BL,0,30,38.49000
37.6180,1253,23,30,0.03000,FR,0,22,38.25000
37.6180,1253,23,30,0.03000,BR,0,15,38.04000
37.6280,1254,24,30,0.03000,FL,0,6,37.80000
37.6280,1254,24,30,0.03000,FL,1,36,38.70000
37.6280,1254,24,30,0.03000,BL,0,29,38.49000
37.6280,1254,24,30,0.03000,FR,0,21,38.25000
37.6280,1254,24,30,0.03000,BR,0,14,38.04000
37.6380,1254,24,30,0.03000,FL,0,6,37.80000
37.6380,1254,24,30,0.03000,FL,1,36,38.70000
37.6380,1254,24,30,0.03000,BL,0,29,38.49000
37.6380,1254,24,30,0.03000,FR,0,21,38.25000
37.6380,1254,24,30,0.03000,BR,0,14,38.04000
37.6480,1254,24,30,0.03000,FL,0,6,37.80000
37.6480,1254,24,30,0.03000,FL,1,36,38.70000
37.6480,1254,24,30,0.03000,BL,0,29,38.49000
37.6480,1254,24,30,0.03000,FR,0,21,38.25000
37.6480,1254,24,30,0.03000,BR,0,14,38.04000
37.6560,1255,25,30,0.03000,FL,0,5,37.80000
37.6560,1255,25,30,0.03000,FL,1,35,38.70000
37.6560,1255,25,30,0.03000,BL,0,28,38.49000
37.6560,1255,25,30,0.03000,FR,0,20,38.25000
37.6560,1255,25,30,0.03000,BR,0,13,38.04000
37.6680,1255,25,30,0.03000,FL,0,5,37.80000
37.6680,1255,25,30,0.03000,FL,1,35,38.70000
37.6680,1255,25,30,0.03000,BL,0,28,38.49000
37.6680,1255,25,30,0.03000,FR,0,20,38.25000
37.6680,1255,25,30,0.03000,BR,0,13,38.04000
37.6760,1255,25,30,0.03000,FL,0,5,37.80000
37.6760,1255,25,30,0.03000,FL,1,35,38.70000
37.6760,1255,25,30,0.03000,BL,0,28,38.49000
37.6760,1255,25,30,0.03000,FR,0,20,38.25000
37.6760,1255,25,30,0.03000,BR,0,13,38.04000
37.6880,1256,26,30,0.03000,FL,0,4,37.80000
37.6880,1256,26,30,0.03000,FL,1,34,38.70000
37.6880,1256,26,30,0.03000,BL,0,27,38.49000
37.6880,1256,26,30,0.03000,FR,0,19,38.25000
37.6880,1256,26,30,0.03000,BR,0,12,38.04000
37.6960,1256,26,30,0.03000,FL,0,4,37.80000
37.6960,1256,26,30,0.03000,FL,1,34,38.70000
37.6960,1256,26,30,0.03000,BL,0,27,38.49000
37.6960,1256,26,30,0.03000,FR,0,19,38.25000
37.6960,1256,26,30,0.03000,BR,0,12,38.04000
37.7060,1256,26,30,0.03000,FL,0,4,37.80000
37.7060,1256,26,30,0.03000,FL,1,34,38.70000
37.7060,1256,26,30,0.03000,BL,0,27,38.49000
37.7060,1256,26,30,0.03000,FR,0,19,38.25000
37.7060,1256,26,30,0.03000,BR,0,12,38.04000
37.7160,1257,27,30,0.03000,FL,0,3,37.80000
37.7160,1257,27,30,0.03000,FL,1,33,38.70000
37.7160,1257,27,30,0.03000,BL,0,26,38.49000
37.7160,1257,27,30,0.03000,FR,0,18,38.25000
37.7160,1257,27,30,0.03000,BR,0,11,38.04000
37.7260,1257,27,30,0.03000,FL,0,3,37.80000
37.7260,1257,27,30,0.03000,FL,1,33,38.70000
37.7260,1257,27,30,0.03000,BL,0,26,38.49000
37.7260,1257,27,30,0.03000,FR,0,18,38.25000
37.7260,1257,27,30,0.03000,BR,0,11,38.04000
37.7360,1257,27,30,0.03000,FL,0,3,37.80000
37.7360,1257,27,30,0.03000,FL,1,33,38.70000
37.7360,1257,27,30,0.03000,BL,0,26,38.49000
37.7360,1257,27,30,0.03000,FR,0,18,38.25000
37.7360,1257,27,30,0.03000,BR,0,11,38.04000
37.7460,1258,28,30,0.03000,FL,0,2,37.80000
37.7460,1258,28,30,0.03000,FL,1,32,38.70000
37.7460,1258,28,30,0.03000,BL,0,25,38.49000
37.7460,1258,28,30,0.03000,FR,0,17,38.25000
37.7460,1258,28,30,0.03000,BR,0,10,38.04000
37.7540,1258,28,30,0.03000,FL,0,2,37.80000
37.7540,1258,28,30,0.03000,FL,1,32,38.70000
37.7540,1258,28,30,0.03000,BL,0,25,38.49000
37.7540,1258,28,30,0.03000,FR,0,17,38.25000
37.7540,1258,28,30,0.03000,BR,0,10,38.04000
37.7640,1258,28,30,0.03000,FL,0,2,37.80000
37.7640,1258,28,30,0.03000,FL,1,32,38.70000
37.7640,1258,28,30,0.03000,BL,0,25,38.49000
37.7640,1258,28,30,0.03000,FR,0,17,38.25000
37.7640,1258,28,30,0.03000,BR,0,10,38.04000
37.7740,1259,29,30,0.03000,FL,0,1,37.80000
37.7740,1259,29,30,0.03000,FL,1,31,38.70000
37.7740,1259,29,30,0.03000,BL,0,24,38.49000
37.7740,1259,29,30,0.03000,FR,0,16,38.25000
37.7740,1259,29,30,0.03000,BR,0,9,38.04000
37.7740,1259,29,30,0.03000,BR,1,39,38.94000
37.7860,1259,29,30,0.03000,FL,0,1,37.80000
37.7860,1259,29,30,0.03000,FL,1,31,38.70000
37.7860,1259,29,30,0.03000,BL,0,24,38.49000
37.7860,1259,29,30,0.03000,FR,0,16,38.25000
37.7860,1259,29,30,0.03000,BR,0,9,38.04000
37.7860,1259,29,30,0.03000,BR,1,39,38.94000
37.7980,1259,29,30,0.03000,FL,0,1,37.80000
37.7980,1259,29,30,0.03000,FL,1,31,38.70000
37.7980,1259,29,30,0.03000,BL,0,24,38.49000
37.7980,1259,29,30,0.03000,FR,0,16,38.25000
37.7980,1259,29,30,0.03000,BR,0,9,38.04000
37.7980,1259,29,30,0.03000,BR,1,39,38.94000
37.8080,1260,0,30,0.03000,FL,0,30,38.70000
37.8080,1260,0,30,0.03000,BL,0,23,38.49000
37.8080,1260,0,30,0.03000,FR,0,15,38.25000
37.8080,1260,0,30,0.03000,BR,0,8,38.04000
37.8080,1260,0,30,0.03000,BR,1,38,38.94000
37.8320,1261,1,30,0.03000,FL,0,29,38.70000
37.8320,1261,1,30,0.03000,BL,0,22,38.49000
37.8320,1261,1,30,0.03000,FR,0,14,38.25000
37.8320,1261,1,30,0.03000,BR,0,7,38.04000
37.8320,1261,1,30,0.03000,BR,1,37,38.94000
37.8500,1261,1,30,0.03000,FL,0,29,38.70000
37.8500,1261,1,30,0.03000,BL,0,22,38.49000
37.8500,1261,1,30,0.03000,FR,0,14,38.25000
37.8500,1261,1,30,0.03000,BR,0,7,38.04000
37.8500,1261,1,30,0.03000,BR,1,37,38.94000
37.8620,1262,2,30,0.03000,FL,0,28,38.70000
37.8620,1262,2,30,0.03000,BL,0,21,38.49000
37.8620,1262,2,30,0.03000,FR,0,13,38.25000
37.8620,1262,2,30,0.03000,BR,0,6,38.04000
37.8620,1262,2,30,0.03000,BR,1,36,38.94000
37.8720,1262,2,30,0.03000,FL,0,28,38.70000
37.8720,1262,2,30,0.03000,BL,0,21,38.49000
37.8720,1262,2,30,0.03000,FR,0,13,38.25000
37.8720,1262,2,30,0.03000,BR,0,6,38.04000
37.8720,1262,2,30,0.03000,BR,1,36,38.94000
37.8820,1262,2,30,0.03000,FL,0,28,38.70000
37.8820,1262,2,30,0.03000,BL,0,21,38.49000
37.8820,1262,2,30,0.03000,FR,0,13,38.25000
37.8820,1262,2,30,0.03000,BR,0,6,38.04000
37.8820,1262,2,30,0.03000,BR,1,36,38.94000
37.8920,1263,3,30,0.03000,FL,0,27,38.70000
37.8920,1263,3,30,0.03000,BL,0,20,38.49000
37.8920,1263,3,30,0.03000,FR,0,12,38.25000
37.8920,1263,3,30,0.03000,BR,0,5,38.04000
37.8920,1263,3,30,0.03000,BR,1,35,38.94000
37.9020,1263,3,30,0.03000,FL,0,27,38.70000
37.9020,1263,3,30,0.03000,BL,0,20,38.49000
37.9020,1263,3,30,0.03000,FR,0,12,38.25000
37.9020,1263,3,30,0.03000,BR,0,5,38.04000
37.9020,1263,3,30,0.03000,BR,1,35,38.94000
37.9120,1263,3,30,0.03000,FL,0,27,38.70000
37.9120,1263,3,30,0.03000,BL,0,20,38.49000
37.9120,1263,3,30,0.03000,FR,0,12,38.25000
37.9120,1263,3,30,0.03000,BR,0,5,38.04000
37.9120,1263,3,30,0.03000,BR,1,35,38.94000
37.9220,1264,4,30,0.03000,FL,0,26,38.70000
37.9220,1264,4,30,0.03000,BL,0,19,38.49000
37.9220,1264,4,30,0.03000,FR,0,11,38.25000
37.9220,1264,4,30,0.03000,BR,0,4,38.04000
37.9220,1264,4,30,0.03000,BR,1,34,38.94000
37.9380,1264,4,30,0.03000,FL,0,26,38.70000
37.9380,1264,4,30,0.03000,BL,0,19,38.49000
37.9380,1264,4,30,0.03000,FR,0,11,38.25000
37.9380,1264,4,30,0.03000,BR,0,4,38.04000
37.9380,1264,4,30,0.03000,BR,1,34,38.94000
37.9480,1264,4,30,0.03000,FL,0,26,38.70000
37.9480,1264,4,30,0.03000,BL,0,19,38.49000
37.9480,1264,4,30,0.03000,FR,0,11,38.25000
37.9480,1264,4,30,0.03000,BR,0,4,38.04000
37.9480,1264,4,30,0.03000,BR,1,34,38.94000
37.9560,1265,5,30,0.03000,FL,0,25,38.70000
37.9560,1265,5,30,0.03000,BL,0,18,38.49000
37.9560,1265,5,30,0.03000,FR,0,10,38.25000
37.9560,1265,5,30,0.03000,BR,0,3,38.04000
37.9560,1265,5,30,0.03000,BR,1,33,38.94000
37.9740,1265,5,30,0.03000,FL,0,25,38.70000
37.9740,1265,5,30,0.03000,BL,0,18,38.49000
37.9740,1265,5,30,0.03000,FR,0,10,38.25000
37.9740,1265,5,30,0.03000,BR,0,3,38.04000
37.9740,1265,5,30,0.03000,BR,1,33,38.94000
37.9860,1266,6,30,0.03000,FL,0,24,38.70000
37.9860,1266,6,30,0.03000,BL,0,17,38.49000
37.9860,1266,6,30,0.03000,FR,0,9,38.25000
37.9860,1266,6,30,0.03000,FR,1,39,39.15000
37.9860,1266,6,30,0.03000,BR,0,2,38.04000
37.9860,1266,6,30,0.03000,BR,1,32,38.94000
38.0080,1266,6,30,0.03000,FL,0,24,38.70000
38.0080,1266,6,30,0.03000,BL,0,17,38.49000
38.0080,1266,6,30,0.03000,FR,0,9,38.25000
38.0080,1266,6,30,0.03000,FR,1,39,39.15000
38.0080,1266,6,30,0.03000,BR,0,2,38.04000
38.0080,1266,6,30,0.03000,BR,1,32,38.94000
38.0180,1267,7,30,0.03000,FL,0,23,38.70000
38.0180,1267,7,30,0.03000,BL,0,16,38.49000
38.0180,1267,7,30,0.03000,FR,0,8,38.25000
38.0180,1267,7,30,0.03000,FR,1,38,39.15000
38.0180,1267,7,30,0.03000,BR,0,1,38.04000
38.0180,1267,7,30,0.03000,BR,1,31,38.94000
38.0380,1267,7,30,0.03000,FL,0,23,38.70000
38.0380,1267,7,30,0.03000,BL,0,16,38.49000
38.0380,1267,7,30,0.03000,FR,0,8,38.25000
38.0380,1267,7,30,0.03000,FR,1,38,39.15000
38.0380,1267,7,30,0.03000,BR,0,1,38.04000
38.0380,1267,7,30,0.03000,BR,1,31,38.94000
38.0480,1268,8,30,0.03000,FL,0,22,38.70000
38.0480,1268,8,30,0.03000,BL,0,15,38.49000
38.0480,1268,8,30,0.03000,FR,0,7,38.25000
38.0480,1268,8,30,0.03000,FR,1,37,39.15000
38.0480,1268,8,30,0.03000,BR,0,30,38.94000
38.0580,1268,8,30,0.03000,FL,0,22,38.70000
38.0580,1268,8,30,0.03000,BL,0,15,38.49000
38.0580,1268,8,30,0.03000,FR,0,7,38.25000
38.0580,1268,8,30,0.03000,FR,1,37,39.15000
38.0580,1268,8,30,0.03000,BR,0,30,38.94000
38.0680,1268,8,30,0.03000,FL,0,22,38.70000
38.0680,1268,8,30,0.03000,BL,0,15,38.49000
38.0680,1268,8,30,0.03000,FR,0,7,38.25000
38.0680,1268,8,30,0.03000,FR,1,37,39.15000
38.0680,1268,8,30,0.03000,BR,0,30,38.94000
38.0780,1269,9,30,0.03000,FL,0,21,38.70000
38.0780,1269,9,30,0.03000,BL,0,14,38.49000
38.0780,1269,9,30,0.03000,FR,0,6,38.25000
38.0780,1269,9,30,0.03000,FR,1,36,39.15000
38.0780,1269,9,30,0.03000,BR,0,29,38.94000
38.0900,1269,9,30,0.03000,FL,0,21,38.70000
38.0900,1269,9,30,0.03000,BL,0,14,38.49000
38.0900,1269,9,30,0.03000,FR,0,6,38.25000
38.0900,1269,9,30,0.03000,FR,1,36,39.15000
38.0900,1269,9,30,0.03000,BR,0,29,38.94000
38.1000,1270,10,30,0.03000,FL,0,20,38.70000
38.1000,1270,10,30,0.03000,BL,0,13,38.49000
38.1000,1270,10,30,0.03000,FR,0,5,38.25000
38.1000,1270,10,30,0.03000,FR,1,35,39.15000
38.1000,1270,10,30,0.03000,BR,0,28,38.94000
38.1100,1270,10,30,0.03000,FL,0,20,38.70000
38.1100,1270,10,30,0.03000,BL,0,13,38.49000
38.1100,1270,10,30,0.03000,FR,0,5,38.25000
38.1100,1270,10,30,0.03000,FR,1,35,39.15000
38.1100,1270,10,30,0.03000,BR,0,28,38.94000
38.1220,1270,10,30,0.03000,FL,0,20,38.70000
38.1220,1270,10,30,0.03000,BL,0,13,38.49000
38.1220,1270,10,30,0.03000,FR,0,5,38.25000
38.1220,1270,10,30,0.03000,FR,1,35,39.15000
38.1220,1270,10,30,0.03000,BR,0,28,38.94000
38.1320,1271,11,30,0.03000,FL,0,19,38.70000
38.1320,1271,11,30,0.03000,BL,0,12,38.49000
38.1320,1271,11,30,0.03000,FR,0,4,38.25000
38.1320,1271,11,30,0.03000,FR,1,34,39.15000
38.1320,1271,11,30,0.03000,BR,0,27,38.94000
38.1420,1271,11,30,0.03000,FL,0,19,38.70000
38.1420,1271,11,30,0.03000,BL,0,12,38.49000
38.1420,1271,11,30,0.03000,FR,0,4,38.25000
38.1420,1271,11,30,0.03000,FR,1,34,39.15000
38.1420,1271,11,30,0.03000,BR,0,27,38.94000
38.1520,1271,11,30,0.03000,FL,0,19,38.70000
38.1520,1271,11,30,0.03000,BL,0,12,38.49000
38.1520,1271,11,30,0.03000,FR,0,4,38.25000
38.1520,1271,11,30,0.03000,FR,1,34,39.15000
38.1520,1271,11,30,0.03000,BR,0,27,38.94000
38.1620,1272,12,30,0.03000,FL,0,18,38.70000
38.1620,1272,12,30,0.03000,BL,0,11,38.49000
38.1620,1272,12,30,0.03000,FR,0,3,38.25000
38.1620,1272,12,30,0.03000,FR,1,33,39.15000
38.1620,1272,12,30,0.03000,BR,0,26,38.94000
38.1720,1272,12,30,0.03000,FL,0,18,38.70000
38.1720,1272,12,30,0.03000,BL,0,11,38.49000
38.1720,1272,12,30,0.03000,FR,0,3,38.25000
38.1720,1272,12,30,0.03000,FR,1,33,39.15000
38.1720,1272,12,30,0.03000,BR,0,26,38.94000
38.1800,1272,12,30,0.03000,FL,0,18,38.70000
38.1800,1272,12,30,0.03000,BL,0,11,38.49000
38.1800,1272,12,30,0.03000,FR,0,3,38.25000
38.1800,1272,12,30,0.03000,FR,1,33,39.15000
38.1800,1272,12,30,0.03000,BR,0,26,38.94000
38.1920,1273,13,30,0.03000,FL,0,17,38.70000
38.1920,1273,13,30,0.03000,BL,0,10,38.49000
38.1920,1273,13,30,0.03000,FR,0,2,38.25000
38.1920,1273,13,30,0.03000,FR,1,32,39.15000
38.1920,1273,13,30,0.03000,BR,0,25,38.94000
38.2000,1273,13,30,0.03000,FL,0,17,38.70000
38.2000,1273,13,30,0.03000,BL,0,10,38.49000
38.2000,1273,13,30,0.03000,FR,0,2,38.25000
38.2000,1273,13,30,0.03000,FR,1,32,39.15000
38.2000,1273,13,30,0.03000,BR,0,25,38.94000
38.2100,1273,13,30,0.03000,FL,0,17,38.70000
38.2100,1273,13,30,0.03000,BL,0,10,38.49000
38.2100,1273,13,30,0.03000,FR,0,2,38.25000
38.2100,1273,13,30,0.03000,FR,1,32,39.15000
38.2100,1273,13,30,0.03000,BR,0,25,38.94000
38.2200,1274,14,30,0.03000,FL,0,16,38.70000
38.2200,1274,14,30,0.03000,BL,0,9,38.49000
38.2200,1274,14,30,0.03000,BL,1,39,39.39000
38.2200,1274,14,30,0.03000,FR,0,1,38.25000
38.2200,1274,14,30,0.03000,FR,1,31,39.15000
38.2200,1274,14,30,0.03000,BR,0,24,38.94000
38.2300,1274,14,30,0.03000,FL,0,16,38.70000
38.2300,1274,14,30,0.03000,BL,0,9,38.49000
38.2300,1274,14,30,0.03000,BL,1,39,39.39000
38.2300,1274,14,30,0.03000,FR,0,1,38.25000
38.2300,1274,14,30,0.03000,FR,1,31,39.15000
38.2300,1274,14,30,0.03000,BR,0,24,38.94000
38.2400,1274,14,30,0.03000,FL,0,16,38.70000
38.2400,1274,14,30,0.03000,BL,0,9,38.49000
38.2400,1274,14,30,0.03000,BL,1,39,39.39000
38.2400,1274,14,30,0.03000,FR,0,1,38.25000
38.2400,1274,14,30,0.03000,FR,1,31,39.15000
38.2400,1274,14,30,0.03000,BR,0,24,38.94000
38.2500,1275,15,30,0.03000,FL,0,15,38.70000
38.2500,1275,15,30,0.03000,BL,0,8,38.49000
38.2500,1275,15,30,0.03000,BL,1,38,39.39000
38.2500,1275,15,30,0.03000,FR,0,30,39.15000
38.2500,1275,15,30,0.03000,BR,0,23,38.94000
38.2700,1275,15,30,0.03000,FL,0,15,38.70000
38.2700,1275,15,30,0.03000,BL,0,8,38.49000
38.2700,1275,15,30,0.03000,BL,1,38,39.39000
38.2700,1275,15,30,0.03000,FR,0,30,39.15000
38.2700,1275,15,30,0.03000,BR,0,23,38.94000
38.2800,1276,16,30,0.03000,FL,0,14,38.70000
38.2800,1276,16,30,0.03000,BL,0,7,38.49000
38.2800,1276,16,30,0.03000,BL,1,37,39.39000
38.2800,1276,16,30,0.03000,FR,0,29,39.15000
38.2800,1276,16,30,0.03000,BR,0,22,38.94000
38.2900,1276,16,30,0.03000,FL,0,14,38.70000
38.2900,1276,16,30,0.03000,BL,0,7,38.49000
38.2900,1276,16,30,0.03000,BL,1,37,39.39000
38.2900,1276,16,30,0.03000,FR,0,29,39.15000
38.2900,1276,16,30,0.03000,BR,0,22,38.94000
38.3000,1276,16,30,0.03000,FL,0,14,38.70000
38.3000,1276,16,30,0.03000,BL,0,7,38.49000
38.3000,1276,16,30,0.03000,BL,1,37,39.39000
38.3000,1276,16,30,0.03000,FR,0,29,39.15000
38.3000,1276,16,30,0.03000,BR,0,22,38.94000
38.3100,1277,17,30,0.03000,FL,0,13,38.70000
38.3100,1277,17,30,0.03000,BL,0,6,38.49000
38.3100,1277,17,30,0.03000,BL,1,36,39.39000
38.3100,1277,17,30,0.03000,FR,0,28,39.15000
38.3100,1277,17,30,0.03000,BR,0,21,38.94000
38.3180,1277,17,30,0.03000,FL,0,13,38.70000
38.3180,1277,17,30,0.03000,BL,0,6,38.49000
38.3180,1277,17,30,0.03000,BL,1,36,39.39000
38.3180,1277,17,30,0.03000,FR,0,28,39.15000
38.3180,1277,17,30,0.03000,BR,0,21,38.94000
38.3280,1277,17,30,0.03000,FL,0,13,38.70000
38.3280,1277,17,30,0.03000,BL,0,6,38.49000
38.3280,1277,17,30,0.03000,BL,1,36,39.39000
38.3280,1277,17,30,0.03000,FR,0,28,39.15000
38.3280,1277,17,30,0.03000,BR,0,21,38.94000
38.3380,1277,17,30,0.03000,FL,0,13,38.70000
38.3380,1277,17,30,0.03000,BL,0,6,38.49000
38.3380,1277,17,30,0.03000,BL,1,36,39.39000
38.3380,1277,17,30,0.03000,FR,0,28,39.15000
38.3380,1277,17,30,0.03000,BR,0,21,38.94000
38.3480,1278,18,30,0.03000,FL,0,12,38.70000
38.3480,1278,18,30,0.03000,BL,0,5,38.49000
38.3480,1278,18,30,0.03000,BL,1,35,39.39000
38.3480,1278,18,30,0.03000,FR,0,27,39.15000
38.3480,1278,18,30,0.03000,BR,0,20,38.94000
38.3580,1278,18,30,0.03000,FL,0,12,38.70000
38.3580,1278,18,30,0.03000,BL,0,5,38.49000
38.3580,1278,18,30,0.03000,BL,1,35,39.39000
38.3580,1278,18,30,0.03000,FR,0,27,39.15000
38.3580,1278,18,30,0.03000,BR,0,20,38.94000
38.3680,1278,18,30,0.03000,FL,0,12,38.70000
38.3680,1278,18,30,0.03000,BL,0,5,38.49000
38.3680,1278,18,30,0.03000,BL,1,35,39.39000
38.3680,1278,18,30,0.03000,FR,0,27,39.15000
38.3680,1278,18,30,0.03000,BR,0,20,38.94000
38.3760,1279,19,30,0.03000,FL,0,11,38.70000
38.3760,1279,19,30,0.03000,BL,0,4,38.49000
38.3760,1279,19,30,0.03000,BL,1,34,39.39000
38.3760,1279,19,30,0.03000,FR,0,26,39.15000
38.3760,1279,19,30,0.03000,BR,0,19,38.94000
38.3860,1279,19,30,0.03000,FL,0,11,38.70000
38.3860,1279,19,30,0.03000,BL,0,4,38.49000
38.3860,1279,19,30,0.03000,BL,1,34,39.39000
38.3860,1279,19,30,0.03000,FR,0,26,39.15000
38.3860,1279,19,30,0.03000,BR,0,19,38.94000
38.3960,1279,19,30,0.03000,FL,0,11,38.70000
38.3960,1279,19,30,0.03000,BL,0,4,38.49000
38.3960,1279,19,30,0.03000,BL,1,34,39.39000
38.3960,1279,19,30,0.03000,FR,0,26,39.15000
38.3960,1279,19,30,0.03000,BR,0,19,38.94000
38.4040,1280,20,30,0.03000,FL,0,10,38.70000
38.4040,1280,20,30,0.03000,BL,0,3,38.49000
38.4040,1280,20,30,0.03000,BL,1,33,39.39000
38.4040,1280,20,30,0.03000,FR,0,25,39.15000
38.4040,1280,20,30,0.03000,BR,0,18,38.94000
38.4140,1280,20,30,0.03000,FL,0,10,38.70000
38.4140,1280,20,30,0.03000,BL,0,3,38.49000
38.4140,1280,20,30,0.03000,BL,1,33,39.39000
38.4140,1280,20,30,0.03000,FR,0,25,39.15000
38.4140,1280,20,30,0.03000,BR,0,18,38.94000
38.4240,1280,20,30,0.03000,FL,0,10,38.70000
38.4240,1280,20,30,0.03000,BL,0,3,38.49000
38.4240,1280,20,30,0.03000,BL,1,33,39.39000
38.4240,1280,20,30,0.03000,FR,0,25,39.15000
38.4240,1280,20,30,0.03000,BR,0,18,38.94000
38.4340,1281,21,30,0.03000,FL,0,9,38.70000
38.4340,1281,21,30,0.03000,FL,1,39,39.60000
38.4340,1281,21,30,0.03000,BL,0,2,38.49000
38.4340,1281,21,30,0.03000,BL,1,32,39.39000
38.4340,1281,21,30,0.03000,FR,0,24,39.15000
38.4340,1281,21,30,0.03000,BR,0,17,38.94000
38.4440,1281,21,30,0.03000,FL,0,9,38.70000
38.4440,1281,21,30,0.03000,FL,1,39,39.60000
38.4440,1281,21,30,0.03000,BL,0,2,38.49000
38.4440,1281,21,30,0.03000,BL,1,32,39.39000
38.4440,1281,21,30,0.03000,FR,0,24,39.15000
38.4440,1281,21,30,0.03000,BR,0,17,38.94000
38.4520,1281,21,30,0.03000,FL,0,9,38.70000
38.4520,1281,21,30,0.03000,FL,1,39,39.60000
38.4520,1281,21,30,0.03000,BL,0,2,38.49000
38.4520,1281,21,30,0.03000,BL,1,32,39.39000
38.4520,1281,21,30,0.03000,FR,0,24,39.15000
38.4520,1281,21,30,0.03000,BR,0,17,38.94000
38.4640,1282,22,30,0.03000,FL,0,8,38.70000
38.4640,1282,22,30,0.03000,FL,1,38,39.60000
38.4640,1282,22,30,0.03000,BL,0,1,38.49000
38.4640,1282,22,30,0.03000,BL,1,31,39.39000
38.4640,1282,22,30,0.03000,FR,0,23,39.15000
38.4640,1282,22,30,0.03000,BR,0,16,38.94000
38.4820,1282,22,30,0.03000,FL,0,8,38.70000
38.4820,1282,22,30,0.03000,FL,1,38,39.60000
38.4820,1282,22,30,0.03000,BL,0,1,38.49000
38.4820,1282,22,30,0.03000,BL,1,31,39.39000
38.4820,1282,22,30,0.03000,FR,0,23,39.15000
38.4820,1282,22,30,0.03000,BR,0,16,38.94000
38.4920,1283,23,30,0.03000,FL,0,7,38.70000
38.4920,1283,23,30,0.03000,FL,1,37,39.60000
38.4920,1283,23,30,0.03000,BL,0,30,39.39000
38.4920,1283,23,30,0.03000,FR,0,22,39.15000
38.4920,1283,23,30,0.03000,BR,0,15,38.94000
38.5020,1283,23,30,0.03000,FL,0,7,38.70000
38.5020,1283,23,30,0.03000,FL,1,37,39.60000
38.5020,1283,23,30,0.03000,BL,0,30,39.39000
38.5020,1283,23,30,0.03000,FR,0,22,39.15000
38.5020,1283,23,30,0.03000,BR,0,15,38.94000
38.5120,1283,23,30,0.03000,FL,0,7,38.70000
38.5120,1283,23,30,0.03000,FL,1,37,39.60000
38.5120,1283,23,30,0.03000,BL,0,30,39.39000
38.5120,1283,23,30,0.03000,FR,0,22,39.15000
38.5120,1283,23,30,0.03000,BR,0,15,38.94000
38.5220,1284,24,30,0.03000,FL,0,6,38.70000
38.5220,1284,24,30,0.03000,FL,1,36,39.60000
38.5220,1284,24,30,0.03000,BL,0,29,39.39000
38.5220,1284,24,30,0.03000,FR,0,21,39.15000
38.5220,1284,24,30,0.03000,BR,0,14,38.94000
38.5320,1284,24,30,0.03000,FL,0,6,38.70000
38.5320,1284,24,30,0.03000,FL,1,36,39.60000
38.5320,1284,24,30,0.03000,BL,0,29,39.39000
38.5320,1284,24,30,0.03000,FR,0,21,39.15000
38.5320,1284,24,30,0.03000,BR,0,14,38.94000
38.5400,1284,24,30,0.03000,FL,0,6,38.70000
38.5400,1284,24,30,0.03000,FL,1,36,39.60000
38.5400,1284,24,30,0.03000,BL,0,29,39.39000
38.5400,1284,24,30,0.03000,FR,0,21,39.15000
38.5400,1284,24,30,0.03000,BR,0,14,38.94000
38.5500,1285,25,30,0.03000,FL,0,5,38.70000
38.5500,1285,25,30,0.03000,FL,1,35,39.60000
38.5500,1285,25,30,0.03000,BL,0,28,39.39000
38.5500,1285,25,30,0.03000,FR,0,20,39.15000
38.5500,1285,25,30,0.03000,BR,0,13,38.94000
38.5600,1285,25,30,0.03000,FL,0,5,38.70000
38.5600,1285,25,30,0.03000,FL,1,35,39.60000
38.5600,1285,25,30,0.03000,BL,0,28,39.39000
38.5600,1285,25,30,0.03000,FR,0,20,39.15000
38.5600,1285,25,30,0.03000,BR,0,13,38.94000
38.5700,1285,25,30,0.03000,FL,0,5,38.70000
38.5700,1285,25,30,0.03000,FL,1,35,39.60000
38.5700,1285,25,30,0.03000,BL,0,28,39.39000
38.5700,1285,25,30,0.03000,FR,0,20,39.15000
38.5700,1285,25,30,0.03000,BR,0,13,38.94000
38.5800,1286,26,30,0.03000,FL,0,4,38.70000
38.5800,1286,26,30,0.03000,FL,1,34,39.60000
38.5800,1286,26,30,0.03000,BL,0,27,39.39000
38.5800,1286,26,30,0.03000,FR,0,19,39.15000
38.5800,1286,26,30,0.03000,BR,0,12,38.94000
38.5900,1286,26,30,0.03000,FL,0,4,38.70000
38.5900,1286,26,30,0.03000,FL,1,34,39.60000
38.5900,1286,26,30,0.03000,BL,0,27,39.39000
38.5900,1286,26,30,0.03000,FR,0,19,39.15000
38.5900,1286,26,30,0.03000,BR,0,12,38.94000
38.5980,1286,26,30,0.03000,FL,0,4,38.70000
38.5980,1286,26,30,0.03000,FL,1,34,39.60000
38.5980,1286,26,30,0.03000,BL,0,27,39.39000
38.5980,1286,26,30,0.03000,FR,0,19,39.15000
38.5980,1286,26,30,0.03000,BR,0,12,38.94000
38.6080,1286,26,30,0.03000,FL,0,4,38.70000
38.6080,1286,26,30,0.03000,FL,1,34,39.60000
38.6080,1286,26,30,0.03000,BL,0,27,39.39000
38.6080,1286,26,30,0.03000,FR,0,19,39.15000
38.6080,1286,26,30,0.03000,BR,0,12,38.94000
38.6180,1287,27,30,0.03000,FL,0,3,38.70000
38.6180,1287,27,30,0.03000,FL,1,33,39.60000
38.6180,1287,27,30,0.03000,BL,0,26,39.39000
38.6180,1287,27,30,0.03000,FR,0,18,39.15000
38.6180,1287,27,30,0.03000,BR,0,11,38.94000
38.6260,1287,27,30,0.03000,FL,0,3,38.70000
38.6260,1287,27,30,0.03000,FL,1,33,39.60000
38.6260,1287,27,30,0.03000,BL,0,26,39.39000
38.6260,1287,27,30,0.03000,FR,0,18,39.15000
38.6260,1287,27,30,0.03000,BR,0,11,38.94000
38.6380,1287,27,30,0.03000,FL,0,3,38.70000
38.6380,1287,27,30,0.03000,FL,1,33,39.60000
38.6380,1287,27,30,0.03000,BL,0,26,39.39000
38.6380,1287,27,30,0.03000,FR,0,18,39.15000
38.6380,1287,27,30,0.03000,BR,0,11,38.94000
38.6460,1288,28,30,0.03000,FL,0,2,38.70000
38.6460,1288,28,30,0.03000,FL,1,32,39.60000
38.6460,1288,28,30,0.03000,BL,0,25,39.39000
38.6460,1288,28,30,0.03000,FR,0,17,39.15000
38.6460,1288,28,30,0.03000,BR,0,10,38.94000
38.6560,1288,28,30,0.03000,FL,0,2,38.70000
38.6560,1288,28,30,0.03000,FL,1,32,39.60000
38.6560,1288,28,30,0.03000,BL,0,25,39.39000
38.6560,1288,28,30,0.03000,FR,0,17,39.15000
38.6560,1288,28,30,0.03000,BR,0,10,38.94000
38.6720,1289,29,30,0.03000,FL,0,1,38.70000
38.6720,1289,29,30,0.03000,FL,1,31,39.60000
38.6720,1289,29,30,0.03000,BL,0,24,39.39000
38.6720,1289,29,30,0.03000,FR,0,16,39.15000
38.6720,1289,29,30,0.03000,BR,0,9,38.94000
38.6720,1289,29,30,0.03000,BR,1,39,39.84000
38.6800,1289,29,30,0.03000,FL,0,1,38.70000
38.6800,1289,29,30,0.03000,FL,1,31,39.60000
38.6800,1289,29,30,0.03000,BL,0,24,39.39000
38.6800,1289,29,30,0.03000,FR,0,16,39.15000
38.6800,1289,29,30,0.03000,BR,0,9,38.94000
38.6800,1289,29,30,0.03000,BR,1,39,39.84000
38.6920,1289,29,30,0.03000,FL,0,1,38.70000
38.6920,1289,29,30,0.03000,FL,1,31,39.60000
38.6920,1289,29,30,0.03000,BL,0,24,39.39000
38.6920,1289,29,30,0.03000,FR,0,16,39.15000
38.6920,1289,29,30,0.03000,BR,0,9,38.94000
38.6920,1289,29,30,0.03000,BR,1,39,39.84000
38.7060,1290,0,30,0.03000,FL,0,30,39.60000
38.7060,1290,0,30,0.03000,BL,0,23,39.39000
38.7060,1290,0,30,0.03000,FR,0,15,39.15000
38.7060,1290,0,30,0.03000,BR,0,8,38.94000
38.7060,1290,0,30,0.03000,BR,1,38,39.84000
38.7260,1290,0,30,0.03000,FL,0,30,39.60000
38.7260,1290,0,30,0.03000,BL,0,23,39.39000
38.7260,1290,0,30,0.03000,FR,0,15,39.15000
38.7260,1290,0,30,0.03000,BR,0,8,38.94000
38.7260,1290,0,30,0.03000,BR,1,38,39.84000
38.7440,1291,1,30,0.03000,FL,0,29,39.60000
38.7440,1291,1,30,0.03000,BL,0,22,39.39000
38.7440,1291,1,30,0.03000,FR,0,14,39.15000
38.7440,1291,1,30,0.03000,BR,0,7,38.94000
38.7440,1291,1,30,0.03000,BR,1,37,39.84000
38.7540,1291,1,30,0.03000,FL,0,29,39.60000
38.7540,1291,1,30,0.03000,BL,0,22,39.39000
38.7540,1291,1,30,0.03000,FR,0,14,39.15000
38.7540,1291,1,30,0.03000,BR,0,7,38.94000
38.7540,1291,1,30,0.03000,BR,1,37,39.84000
38.7680,1292,2,30,0.03000,FL,0,28,39.60000
38.7680,1292,2,30,0.03000,BL,0,21,39.39000
38.7680,1292,2,30,0.03000,FR,0,13,39.15000
38.7680,1292,2,30,0.03000,BR,0,6,38.94000
38.7680,1292,2,30,0.03000,BR,1,36,39.84000
38.7800,1292,2,30,0.03000,FL,0,28,39.60000
38.7800,1292,2,30,0.03000,BL,0,21,39.39000
38.7800,1292,2,30,0.03000,FR,0,13,39.15000
38.7800,1292,2,30,0.03000,BR,0,6,38.94000
38.7800,1292,2,30,0.03000,BR,1,36,39.84000
38.7900,1293,3,30,0.03000,FL,0,27,39.60000
38.7900,1293,3,30,0.03000,BL,0,20,39.39000
38.7900,1293,3,30,0.03000,FR,0,12,39.15000
38.7900,1293,3,30,0.03000,BR,0,5,38.94000
38.7900,1293,3,30,0.03000,BR,1,35,39.84000
38.8020,1293,3,30,0.03000,FL,0,27,39.60000
38.8020,1293,3,30,0.03000,BL,0,20,39.39000
38.8020,1293,3,30,0.03000,FR,0,12,39.15000
38.8020,1293,3,30,0.03000,BR,0,5,38.94000
38.8020,1293,3,30,0.03000,BR,1,35,39.84000
38.8140,1293,3,30,0.03000,FL,0,27,39.60000
38.8140,1293,3,30,0.03000,BL,0,20,39.39000
38.8140,1293,3,30,0.03000,FR,0,12,39.15000
38.8140,1293,3,30,0.03000,BR,0,5,38.94000
38.8140,1293,3,30,0.03000,BR,1,35,39.84000
38.8260,1294,4,30,0.03000,FL,0,26,39.60000
38.8260,1294,4,30,0.03000,BL,0,19,39.39000
38.8260,1294,4,30,0.03000,FR,0,11,39.15000
38.8260,1294,4,30,0.03000,BR,0,4,38.94000
38.8260,1294,4,30,0.03000,BR,1,34,39.84000
38.8360,1294,4,30,0.03000,FL,0,26,39.60000
38.8360,1294,4,30,0.03000,BL,0,19,39.39000
38.8360,1294,4,30,0.03000,FR,0,11,39.15000
38.8360,1294,4,30,0.03000,BR,0,4,38.94000
38.8360,1294,4,30,0.03000,BR,1,34,39.84000
38.8460,1294,4,30,0.03000,FL,0,26,39.60000
38.8460,1294,4,30,0.03000,BL,0,19,39.39000
38.8460,1294,4,30,0.03000,FR,0,11,39.15000
38.8460,1294,4,30,0.03000,BR,0,4,38.94000
38.8460,1294,4,30,0.03000,BR,1,34,39.84000
38.8560,1295,5,30,0.03000,FL,0,25,39.60000
38.8560,1295,5,30,0.03000,BL,0,18,39.39000
38.8560,1295,5,30,0.03000,FR,0,10,39.15000
38.8560,1295,5,30,0.03000,BR,0,3,38.94000
38.8560,1295,5,30,0.03000,BR,1,33,39.84000
38.8660,1295,5,30,0.03000,FL,0,25,39.60000
38.8660,1295,5,30,0.03000,BL,0,18,39.39000
38.8660,1295,5,30,0.03000,FR,0,10,39.15000
38.8660,1295,5,30,0.03000,BR,0,3,38.94000
38.8660,1295,5,30,0.03000,BR,1,33,39.84000
38.8760,1295,5,30,0.03000,FL,0,25,39.60000
38.8760,1295,5,30,0.03000,BL,0,18,39.39000
38.8760,1295,5,30,0.03000,FR,0,10,39.15000
38.8760,1295,5,30,0.03000,BR,0,3,38.94000
38.8760,1295,5,30,0.03000,BR,1,33,39.84000
38.8860,1296,6,30,0.03000,FL,0,24,39.60000
38.8860,1296,6,30,0.03000,BL,0,17,39.39000
38.8860,1296,6,30,0.03000,FR,0,9,39.15000
38.8860,1296,6,30,0.03000,FR,1,39,40.05000
38.8860,1296,6,30,0.03000,BR,0,2,38.94000
38.8860,1296,6,30,0.03000,BR,1,32,39.84000
38.8960,1296,6,30,0.03000,FL,0,24,39.60000
38.8960,1296,6,30,0.03000,BL,0,17,39.39000
38.8960,1296,6,30,0.03000,FR,0,9,39.15000
38.8960,1296,6,30,0.03000,FR,1,39,40.05000
38.8960,1296,6,30,0.03000,BR,0,2,38.94000
38.8960,1296,6,30,0.03000,BR,1,32,39.84000
38.9080,1296,6,30,0.03000,FL,0,24,39.60000
38.9080,1296,6,30,0.03000,BL,0,17,39.39000
38.9080,1296,6,30,0.03000,FR,0,9,39.15000
38.9080,1296,6,30,0.03000,FR,1,39,40.05000
38.9080,1296,6,30,0.03000,BR,0,2,38.94000
38.9080,1296,6,30,0.03000,BR,1,32,39.84000
38.9160,1297,7,30,0.03000,FL,0,23,39.60000
38.9160,1297,7,30,0.03000,BL,0,16,39.39000
38.9160,1297,7,30,0.03000,FR,0,8,39.15000
38.9160,1297,7,30,0.03000,FR,1,38,40.05000
38.9160,1297,7,30,0.03000,BR,0,1,38.94000
38.9160,1297,7,30,0.03000,BR,1,31,39.84000
38.9380,1297,7,30,0.03000,FL,0,23,39.60000
38.9380,1297,7,30,0.03000,BL,0,16,39.39000
38.9380,1297,7,30,0.03000,FR,0,8,39.15000
38.9380,1297,7,30,0.03000,FR,1,38,40.05000
38.9380,1297,7,30,0.03000,BR,0,1,38.94000
38.9380,1297,7,30,0.03000,BR,1,31,39.84000
38.9480,1298,8,30,0.03000,FL,0,22,39.60000
38.9480,1298,8,30,0.03000,BL,0,15,39.39000
38.9480,1298,8,30,0.03000,FR,0,7,39.15000
38.9480,1298,8,30,0.03000,FR,1,37,40.05000
38.9480,1298,8,30,0.03000,BR,0,30,39.84000
38.9580,1298,8,30,0.03000,FL,0,22,39.60000
38.9580,1298,8,30,0.03000,BL,0,15,39.39000
38.9580,1298,8,30,0.03000,FR,0,7,39.15000
38.9580,1298,8,30,0.03000,FR,1,37,40.05000
38.9580,1298,8,30,0.03000,BR,0,30,39.84000
38.9680,1298,8,30,0.03000,FL,0,22,39.60000
38.9680,1298,8,30,0.03000,BL,0,15,39.39000
38.9680,1298,8,30,0.03000,FR,0,7,39.15000
38.9680,1298,8,30,0.03000,FR,1,37,40.05000
38.9680,1298,8,30,0.03000,BR,0,30,39.84000
38.9800,1299,9,30,0.03000,FL,0,21,39.60000
38.9800,1299,9,30,0.03000,BL,0,14,39.39000
38.9800,1299,9,30,0.03000,FR,0,6,39.15000
38.9800,1299,9,30,0.03000,FR,1,36,40.05000
38.9800,1299,9,30,0.03000,BR,0,29,39.84000
38.9940,1299,9,30,0.03000,FL,0,21,39.60000
38.9940,1299,9,30,0.03000,BL,0,14,39.39000
38.9940,1299,9,30,0.03000,FR,0,6,39.15000
38.9940,1299,9,30,0.03000,FR,1,36,40.05000
38.9940,1299,9,30,0.03000,BR,0,29,39.84000
39.0060,1300,10,30,0.03000,FL,0,20,39.60000
39.0060,1300,10,30,0.03000,BL,0,13,39.39000
39.0060,1300,10,30,0.03000,FR,0,5,39.15000
39.0060,1300,10,30,0.03000,FR,1,35,40.05000
39.0060,1300,10,30,0.03000,BR,0,28,39.84000
39.0160,1300,10,30,0.03000,FL,0,20,39.60000
39.0160,1300,10,30,0.03000,BL,0,13,39.39000
39.0160,1300,10,30,0.03000,FR,0,5,39.15000
39.0160,1300,10,30,0.03000,FR,1,35,40.05000
39.0160,1300,10,30,0.03000,BR,0,28,39.84000
39.0280,1300,10,30,0.03000,FL,0,20,39.60000
39.0280,1300,10,30,0.03000,BL,0,13,39.39000
39.0280,1300,10,30,0.03000,FR,0,5,39.15000
39.0280,1300,10,30,0.03000,FR,1,35,40.05000
39.0280,1300,10,30,0.03000,BR,0,28,39.84000
39.0440,1301,11,30,0.03000,FL,0,19,39.60000
39.0440,1301,11,30,0.03000,BL,0,12,39.39000
39.0440,1301,11,30,0.03000,FR,0,4,39.15000
39.0440,1301,11,30,0.03000,FR,1,34,40.05000
39.0440,1301,11,30,0.03000,BR,0,27,39.84000
39.0540,1301,11,30,0.03000,FL,0,19,39.60000
39.0540,1301,11,30,0.03000,BL,0,12,39.39000
39.0540,1301,11,30,0.03000,FR,0,4,39.15000
39.0540,1301,11,30,0.03000,FR,1,34,40.05000
39.0540,1301,11,30,0.03000,BR,0,27,39.84000
39.0640,1302,12,30,0.03000,FL,0,18,39.60000
39.0640,1302,12,30,0.03000,BL,0,11,39.39000
39.0640,1302,12,30,0.03000,FR,0,3,39.15000
39.0640,1302,12,30,0.03000,FR,1,33,40.05000
39.0640,1302,12,30,0.03000,BR,0,26,39.84000
39.0720,1302,12,30,0.03000,FL,0,18,39.60000
39.0720,1302,12,30,0.03000,BL,0,11,39.39000
39.0720,1302,12,30,0.03000,FR,0,3,39.15000
39.0720,1302,12,30,0.03000,FR,1,33,40.05000
39.0720,1302,12,30,0.03000,BR,0,26,39.84000
39.0840,1302,12,30,0.03000,FL,0,18,39.60000
39.0840,1302,12,30,0.03000,BL,0,11,39.39000
39.0840,1302,12,30,0.03000,FR,0,3,39.15000
39.0840,1302,12,30,0.03000,FR,1,33,40.05000
39.0840,1302,12,30,0.03000,BR,0,26,39.84000
39.0940,1303,13,30,0.03000,FL,0,17,39.60000
39.0940,1303,13,30,0.03000,BL,0,10,39.39000
39.0940,1303,13,30,0.03000,FR,0,2,39.15000
39.0940,1303,13,30,0.03000,FR,1,32,40.05000
39.0940,1303,13,30,0.03000,BR,0,25,39.84000
39.1060,1303,13,30,0.03000,FL,0,17,39.60000
39.1060,1303,13,30,0.03000,BL,0,10,39.39000
39.1060,1303,13,30,0.03000,FR,0,2,39.15000
39.1060,1303,13,30,0.03000,FR,1,32,40.05000
39.1060,1303,13,30,0.03000,BR,0,25,39.84000
39.1180,1303,13,30,0.03000,FL,0,17,39.60000
39.1180,1303,13,30,0.03000,BL,0,10,39.39000
39.1180,1303,13,30,0.03000,FR,0,2,39.15000
39.1180,1303,13,30,0.03000,FR,1,32,40.05000
39.1180,1303,13,30,0.03000,BR,0,25,39.84000
39.1300,1304,14,30,0.03000,FL,0,16,39.60000
39.1300,1304,14,30,0.03000,BL,0,9,39.39000
39.1300,1304,14,30,0.03000,BL,1,39,40.29000
39.1300,1304,14,30,0.03000,FR,0,1,39.15000
39.1300,1304,14,30,0.03000,FR,1,31,40.05000
39.1300,1304,14,30,0.03000,BR,0,24,39.84000
39.1440,1304,14,30,0.03000,FL,0,16,39.60000
39.1440,1304,14,30,0.03000,BL,0,9,39.39000
39.1440,1304,14,30,0.03000,BL,1,39,40.29000
39.1440,1304,14,30,0.03000,FR,0,1,39.15000
39.1440,1304,14,30,0.03000,FR,1,31,40.05000
39.1440,1304,14,30,0.03000,BR,0,24,39.84000
39.1540,1305,15,30,0.03000,FL,0,15,39.60000
39.1540,1305,15,30,0.03000,BL,0,8,39.39000
39.1540,1305,15,30,0.03000,BL,1,38,40.29000
39.1540,1305,15,30,0.03000,FR,0,30,40.05000
39.1540,1305,15,30,0.03000,BR,0,23,39.84000
39.1760,1305,15,30,0.03000,FL,0,15,39.60000
39.1760,1305,15,30,0.03000,BL,0,8,39.39000
39.1760,1305,15,30,0.03000,BL,1,38,40.29000
39.1760,1305,15,30,0.03000,FR,0,30,40.05000
39.1760,1305,15,30,0.03000,BR,0,23,39.84000
39.1840,1306,16,30,0.03000,FL,0,14,39.60000
39.1840,1306,16,30,0.03000,BL,0,7,39.39000
39.1840,1306,16,30,0.03000,BL,1,37,40.29000
39.1840,1306,16,30,0.03000,FR,0,29,40.05000
39.1840,1306,16,30,0.03000,BR,0,22,39.84000
39.1960,1306,16,30,0.03000,FL,0,14,39.60000
39.1960,1306,16,30,0.03000,BL,0,7,39.39000
39.1960,1306,16,30,0.03000,BL,1,37,40.29000
39.1960,1306,16,30,0.03000,FR,0,29,40.05000
39.1960,1306,16,30,0.03000,BR,0,22,39.84000
39.2040,1306,16,30,0.03000,FL,0,14,39.60000
39.2040,1306,16,30,0.03000,BL,0,7,39.39000
39.2040,1306,16,30,0.03000,BL,1,37,40.29000
39.2040,1306,16,30,0.03000,FR,0,29,40.05000
39.2040,1306,16,30,0.03000,BR,0,22,39.84000
39.2140,1307,17,30,0.03000,FL,0,13,39.60000
39.2140,1307,17,30,0.03000,BL,0,6,39.39000
39.2140,1307,17,30,0.03000,BL,1,36,40.29000
39.2140,1307,17,30,0.03000,FR,0,28,40.05000
39.2140,1307,17,30,0.03000,BR,0,21,39.84000
39.2220,1307,17,30,0.03000,FL,0,13,39.60000
39.2220,1307,17,30,0.03000,BL,0,6,39.39000
39.2220,1307,17,30,0.03000,BL,1,36,40.29000
39.2220,1307,17,30,0.03000,FR,0,28,40.05000
39.2220,1307,17,30,0.03000,BR,0,21,39.84000
39.2320,1307,17,30,0.03000,FL,0,13,39.60000
39.2320,1307,17,30,0.03000,BL,0,6,39.39000
39.2320,1307,17,30,0.03000,BL,1,36,40.29000
39.2320,1307,17,30,0.03000,FR,0,28,40.05000
39.2320,1307,17,30,0.03000,BR,0,21,39.84000
39.2440,1308,18,30,0.03000,FL,0,12,39.60000
39.2440,1308,18,30,0.03000,BL,0,5,39.39000
39.2440,1308,18,30,0.03000,BL,1,35,40.29000
39.2440,1308,18,30,0.03000,FR,0,27,40.05000
39.2440,1308,18,30,0.03000,BR,0,20,39.84000
39.2580,1308,18,30,0.03000,FL,0,12,39.60000
39.2580,1308,18,30,0.03000,BL,0,5,39.39000
39.2580,1308,18,30,0.03000,BL,1,35,40.29000
39.2580,1308,18,30,0.03000,FR,0,27,40.05000
39.2580,1308,18,30,0.03000,BR,0,20,39.84000
39.2680,1308,18,30,0.03000,FL,0,12,39.60000
39.2680,1308,18,30,0.03000,BL,0,5,39.39000
39.2680,1308,18,30,0.03000,BL,1,35,40.29000
39.2680,1308,18,30,0.03000,FR,0,27,40.05000
39.2680,1308,18,30,0.03000,BR,0,20,39.84000
39.2800,1309,19,30,0.03000,FL,0,11,39.60000
39.2800,1309,19,30,0.03000,BL,0,4,39.39000
39.2800,1309,19,30,0.03000,BL,1,34,40.29000
39.2800,1309,19,30,0.03000,FR,0,26,40.05000
39.2800,1309,19,30,0.03000,BR,0,19,39.84000
39.2920,1309,19,30,0.03000,FL,0,11,39.60000
39.2920,1309,19,30,0.03000,BL,0,4,39.39000
39.2920,1309,19,30,0.03000,BL,1,34,40.29000
39.2920,1309,19,30,0.03000,FR,0,26,40.05000
39.2920,1309,19,30,0.03000,BR,0,19,39.84000
39.3020,1310,20,30,0.03000,FL,0,10,39.60000
39.3020,1310,20,30,0.03000,BL,0,3,39.39000
39.3020,1310,20,30,0.03000,BL,1,33,40.29000
39.3020,1310,20,30,0.03000,FR,0,25,40.05000
39.3020,1310,20,30,0.03000,BR,0,18,39.84000
39.3120,1310,20,30,0.03000,FL,0,10,39.60000
39.3120,1310,20,30,0.03000,BL,0,3,39.39000
39.3120,1310,20,30,0.03000,BL,1,33,40.29000
39.3120,1310,20,30,0.03000,FR,0,25,40.05000
39.3120,1310,20,30,0.03000,BR,0,18,39.84000
39.3220,1310,20,30,0.03000,FL,0,10,39.60000
39.3220,1310,20,30,0.03000,BL,0,3,39.39000
39.3220,1310,20,30,0.03000,BL,1,33,40.29000
39.3220,1310,20,30,0.03000,FR,0,25,40.05000
39.3220,1310,20,30,0.03000,BR,0,18,39.84000
39.3300,1311,21,30,0.03000,FL,0,9,39.60000
39.3300,1311,21,30,0.03000,FL,1,39,40.50000
39.3300,1311,21,30,0.03000,BL,0,2,39.39000
39.3300,1311,21,30,0.03000,BL,1,32,40.29000
39.3300,1311,21,30,0.03000,FR,0,24,40.05000
39.3300,1311,21,30,0.03000,BR,0,17,39.84000
39.3400,1311,21,30,0.03000,FL,0,9,39.60000
39.3400,1311,21,30,0.03000,FL,1,39,40.50000
39.3400,1311,21,30,0.03000,BL,0,2,39.39000
39.3400,1311,21,30,0.03000,BL,1,32,40.29000
39.3400,1311,21,30,0.03000,FR,0,24,40.05000
39.3400,1311,21,30,0.03000,BR,0,17,39.84000
39.3500,1311,21,30,0.03000,FL,0,9,39.60000
39.3500,1311,21,30,0.03000,FL,1,39,40.50000
39.3500,1311,21,30,0.03000,BL,0,2,39.39000
39.3500,1311,21,30,0.03000,BL,1,32,40.29000
39.3500,1311,21,30,0.03000,FR,0,24,40.05000
39.3500,1311,21,30,0.03000,BR,0,17,39.84000
39.3600,1312,22,30,0.03000,FL,0,8,39.60000
39.3600,1312,22,30,0.03000,FL,1,38,40.50000
39.3600,1312,22,30,0.03000,BL,0,1,39.39000
39.3600,1312,22,30,0.03000,BL,1,31,40.29000
39.3600,1312,22,30,0.03000,FR,0,23,40.05000
39.3600,1312,22,30,0.03000,BR,0,16,39.84000
39.3800,1312,22,30,0.03000,FL,0,8,39.60000
39.3800,1312,22,30,0.03000,FL,1,38,40.50000
39.3800,1312,22,30,0.03000,BL,0,1,39.39000
39.3800,1312,22,30,0.03000,BL,1,31,40.29000
39.3800,1312,22,30,0.03000,FR,0,23,40.05000
39.3800,1312,22,30,0.03000,BR,0,16,39.84000
39.3900,1312,22,30,0.03000,FL,0,8,39.60000
39.3900,1312,22,30,0.03000,FL,1,38,40.50000
39.3900,1312,22,30,0.03000,BL,0,1,39.39000
39.3900,1312,22,30,0.03000,BL,1,31,40.29000
39.3900,1312,22,30,0.03000,FR,0,23,40.05000
39.3900,1312,22,30,0.03000,BR,0,16,39.84000
39.4000,1313,23,30,0.03000,FL,0,7,39.60000
39.4000,1313,23,30,0.03000,FL,1,37,40.50000
39.4000,1313,23,30,0.03000,BL,0,30,40.29000
39.4000,1313,23,30,0.03000,FR,0,22,40.05000
39.4000,1313,23,30,0.03000,BR,0,15,39.84000
39.4120,1313,23,30,0.03000,FL,0,7,39.60000
39.4120,1313,23,30,0.03000,FL,1,37,40.50000
39.4120,1313,23,30,0.03000,BL,0,30,40.29000
39.4120,1313,23,30,0.03000,FR,0,22,40.05000
39.4120,1313,23,30,0.03000,BR,0,15,39.84000
39.4220,1314,24,30,0.03000,FL,0,6,39.60000
39.4220,1314,24,30,0.03000,FL,1,36,40.50000
39.4220,1314,24,30,0.03000,BL,0,29,40.29000
39.4220,1314,24,30,0.03000,FR,0,21,40.05000
39.4220,1314,24,30,0.03000,BR,0,14,39.84000
39.4320,1314,24,30,0.03000,FL,0,6,39.60000
39.4320,1314,24,30,0.03000,FL,1,36,40.50000
39.4320,1314,24,30,0.03000,BL,0,29,40.29000
39.4320,1314,24,30,0.03000,FR,0,21,40.05000
39.4320,1314,24,30,0.03000,BR,0,14,39.84000
39.4420,1314,24,30,0.03000,FL,0,6,39.60000
39.4420,1314,24,30,0.03000,FL,1,36,40.50000
39.4420,1314,24,30,0.03000,BL,0,29,40.29000
39.4420,1314,24,30,0.03000,FR,0,21,40.05000
39.4420,1314,24,30,0.03000,BR,0,14,39.84000
39.4500,1315,25,30,0.03000,FL,0,5,39.60000
39.4500,1315,25,30,0.03000,FL,1,35,40.50000
39.4500,1315,25,30,0.03000,BL,0,28,40.29000
39.4500,1315,25,30,0.03000,FR,0,20,40.05000
39.4500,1315,25,30,0.03000,BR,0,13,39.84000
39.4620,1315,25,30,0.03000,FL,0,5,39.60000
39.4620,1315,25,30,0.03000,FL,1,35,40.50000
39.4620,1315,25,30,0.03000,BL,0,28,40.29000
39.4620,1315,25,30,0.03000,FR,0,20,40.05000
39.4620,1315,25,30,0.03000,BR,0,13,39.84000
39.4720,1315,25,30,0.03000,FL,0,5,39.60000
39.4720,1315,25,30,0.03000,FL,1,35,40.50000
39.4720,1315,25,30,0.03000,BL,0,28,40.29000
39.4720,1315,25,30,0.03000,FR,0,20,40.05000
39.4720,1315,25,30,0.03000,BR,0,13,39.84000
39.4820,1316,26,30,0.03000,FL,0,4,39.60000
39.4820,1316,26,30,0.03000,FL,1,34,40.50000
39.4820,1316,26,30,0.03000,BL,0,27,40.29000
39.4820,1316,26,30,0.03000,FR,0,19,40.05000
39.4820,1316,26,30,0.03000,BR,0,12,39.84000
39.4920,1316,26,30,0.03000,FL,0,4,39.60000
39.4920,1316,26,30,0.03000,FL,1,34,40.50000
39.4920,1316,26,30,0.03000,BL,0,27,40.29000
39.4920,1316,26,30,0.03000,FR,0,19,40.05000
39.4920,1316,26,30,0.03000,BR,0,12,39.84000
39.5020,1316,26,30,0.03000,FL,0,4,39.60000
39.5020,1316,26,30,0.03000,FL,1,34,40.50000
39.5020,1316,26,30,0.03000,BL,0,27,40.29000
39.5020,1316,26,30,0.03000,FR,0,19,40.05000
39.5020,1316,26,30,0.03000,BR,0,12,39.84000
39.5120,1317,27,30,0.03000,FL,0,3,39.60000
39.5120,1317,27,30,0.03000,FL,1,33,40.50000
39.5120,1317,27,30,0.03000,BL,0,26,40.29000
39.5120,1317,27,30,0.03000,FR,0,18,40.05000
39.5120,1317,27,30,0.03000,BR,0,11,39.84000
39.5200,1317,27,30,0.03000,FL,0,3,39.60000
39.5200,1317,27,30,0.03000,FL,1,33,40.50000
39.5200,1317,27,30,0.03000,BL,0,26,40.29000
39.5200,1317,27,30,0.03000,FR,0,18,40.05000
39.5200,1317,27,30,0.03000,BR,0,11,39.84000
39.5300,1317,27,30,0.03000,FL,0,3,39.60000
39.5300,1317,27,30,0.03000,FL,1,33,40.50000
39.5300,1317,27,30,0.03000,BL,0,26,40.29000
39.5300,1317,27,30,0.03000,FR,0,18,40.05000
39.5300,1317,27,30,0.03000,BR,0,11,39.84000
39.5400,1318,28,30,0.03000,FL,0,2,39.60000
39.5400,1318,28,30,0.03000,FL,1,32,40.50000
39.5400,1318,28,30,0.03000,BL,0,25,40.29000
39.5400,1318,28,30,0.03000,FR,0,17,40.05000
39.5400,1318,28,30,0.03000,BR,0,10,39.84000
39.5500,1318,28,30,0.03000,FL,0,2,39.60000
39.5500,1318,28,30,0.03000,FL,1,32,40.50000
39.5500,1318,28,30,0.03000,BL,0,25,40.29000
39.5500,1318,28,30,0.03000,FR,0,17,40.05000
39.5500,1318,28,30,0.03000,BR,0,10,39.84000
39.5600,1318,28,30,0.03000,FL,0,2,39.60000
39.5600,1318,28,30,0.03000,FL,1,32,40.50000
39.5600,1318,28,30,0.03000,BL,0,25,40.29000
39.5600,1318,28,30,0.03000,FR,0,17,40.05000
39.5600,1318,28,30,0.03000,BR,0,10,39.84000
39.5680,1318,28,30,0.03000,FL,0,2,39.60000
39.5680,1318,28,30,0.03000,FL,1,32,40.50000
39.5680,1318,28,30,0.03000,BL,0,25,40.29000
39.5680,1318,28,30,0.03000,FR,0,17,40.05000
39.5680,1318,28,30,0.03000,BR,0,10,39.84000
39.5780,1319,29,30,0.03000,FL,0,1,39.60000
39.5780,1319,29,30,0.03000,FL,1,31,40.50000
39.5780,1319,29,30,0.03000,BL,0,24,40.29000
39.5780,1319,29,30,0.03000,FR,0,16,40.05000
39.5780,1319,29,30,0.03000,BR,0,9,39.84000
39.5780,1319,29,30,0.03000,BR,1,39,40.74000
39.5880,1319,29,30,0.03000,FL,0,1,39.60000
39.5880,1319,29,30,0.03000,FL,1,31,40.50000
39.5880,1319,29,30,0.03000,BL,0,24,40.29000
39.5880,1319,29,30,0.03000,FR,0,16,40.05000
39.5880,1319,29,30,0.03000,BR,0,9,39.84000
39.5880,1319,29,30,0.03000,BR,1,39,40.74000
39.5980,1319,29,30,0.03000,FL,0,1,39.60000
39.5980,1319,29,30,0.03000,FL,1,31,40.50000
39.5980,1319,29,30,0.03000,BL,0,24,40.29000
39.5980,1319,29,30,0.03000,FR,0,16,40.05000
39.5980,1319,29,30,0.03000,BR,0,9,39.84000
39.5980,1319,29,30,0.03000,BR,1,39,40.74000
39.6080,1320,0,30,0.03000,FL,0,30,40.50000
39.6080,1320,0,30,0.03000,BL,0,23,40.29000
39.6080,1320,0,30,0.03000,FR,0,15,40.05000
39.6080,1320,0,30,0.03000,BR,0,8,39.84000
39.6080,1320,0,30,0.03000,BR,1,38,40.74000
39.6260,1320,0,30,0.03000,FL,0,30,40.50000
39.6260,1320,0,30,0.03000,BL,0,23,40.29000
39.6260,1320,0,30,0.03000,FR,0,15,40.05000
39.6260,1320,0,30,0.03000,BR,0,8,39.84000
39.6260,1320,0,30,0.03000,BR,1,38,40.74000
39.6360,1321,1,30,0.03000,FL,0,29,40.50000
39.6360,1321,1,30,0.03000,BL,0,22,40.29000
39.6360,1321,1,30,0.03000,FR,0,14,40.05000
39.6360,1321,1,30,0.03000,BR,0,7,39.84000
39.6360,1321,1,30,0.03000,BR,1,37,40.74000
39.6460,1321,1,30,0.03000,FL,0,29,40.50000
39.6460,1321,1,30,0.03000,BL,0,22,40.29000
39.6460,1321,1,30,0.03000,FR,0,14,40.05000
39.6460,1321,1,30,0.03000,BR,0,7,39.84000
39.6460,1321,1,30,0.03000,BR,1,37,40.74000
39.6560,1321,1,30,0.03000,FL,0,29,40.50000
39.6560,1321,1,30,0.03000,BL,0,22,40.29000
39.6560,1321,1,30,0.03000,FR,0,14,40.05000
39.6560,1321,1,30,0.03000,BR,0,7,39.84000
39.6560,1321,1,30,0.03000,BR,1,37,40.74000
39.6660,1322,2,30,0.03000,FL,0,28,40.50000
39.6660,1322,2,30,0.03000,BL,0,21,40.29000
39.6660,1322,2,30,0.03000,FR,0,13,40.05000
39.6660,1322,2,30,0.03000,BR,0,6,39.84000
39.6660,1322,2,30,0.03000,BR,1,36,40.74000
39.6740,1322,2,30,0.03000,FL,0,28,40.50000
39.6740,1322,2,30,0.03000,BL,0,21,40.29000
39.6740,1322,2,30,0.03000,FR,0,13,40.05000
39.6740,1322,2,30,0.03000,BR,0,6,39.84000
39.6740,1322,2,30,0.03000,BR,1,36,40.74000
39.6840,1322,2,30,0.03000,FL,0,28,40.50000
39.6840,1322,2,30,0.03000,BL,0,21,40.29000
39.6840,1322,2,30,0.03000,FR,0,13,40.05000
39.6840,1322,2,30,0.03000,BR,0,6,39.84000
39.6840,1322,2,30,0.03000,BR,1,36,40.74000
39.6940,1323,3,30,0.03000,FL,0,27,40.50000
39.6940,1323,3,30,0.03000,BL,0,20,40.29000
39.6940,1323,3,30,0.03000,FR,0,12,40.05000
39.6940,1323,3,30,0.03000,BR,0,5,39.84000
39.6940,1323,3,30,0.03000,BR,1,35,40.74000
39.7040,1323,3,30,0.03000,FL,0,27,40.50000
39.7040,1323,3,30,0.03000,BL,0,20,40.29000
39.7040,1323,3,30,0.03000,FR,0,12,40.05000
39.7040,1323,3,30,0.03000,BR,0,5,39.84000
39.7040,1323,3,30,0.03000,BR,1,35,40.74000
39.7140,1323,3,30,0.03000,FL,0,27,40.50000
39.7140,1323,3,30,0.03000,BL,0,20,40.29000
39.7140,1323,3,30,0.03000,FR,0,12,40.05000
39.7140,1323,3,30,0.03000,BR,0,5,39.84000
39.7140,1323,3,30,0.03000,BR,1,35,40.74000
39.7240,1324,4,30,0.03000,FL,0,26,40.50000
39.7240,1324,4,30,0.03000,BL,0,19,40.29000
39.7240,1324,4,30,0.03000,FR,0,11,40.05000
39.7240,1324,4,30,0.03000,BR,0,4,39.84000
39.7240,1324,4,30,0.03000,BR,1,34,40.74000
39.7320,1324,4,30,0.03000,FL,0,26,40.50000
39.7320,1324,4,30,0.03000,BL,0,19,40.29000
39.7320,1324,4,30,0.03000,FR,0,11,40.05000
39.7320,1324,4,30,0.03000,BR,0,4,39.84000
39.7320,1324,4,30,0.03000,BR,1,34,40.74000
39.7440,1324,4,30,0.03000,FL,0,26,40.50000
39.7440,1324,4,30,0.03000,BL,0,19,40.29000
39.7440,1324,4,30,0.03000,FR,0,11,40.05000
39.7440,1324,4,30,0.03000,BR,0,4,39.84000
39.7440,1324,4,30,0.03000,BR,1,34,40.74000
39.7520,1325,5,30,0.03000,FL,0,25,40.50000
39.7520,1325,5,30,0.03000,BL,0,18,40.29000
39.7520,1325,5,30,0.03000,FR,0,10,40.05000
39.7520,1325,5,30,0.03000,BR,0,3,39.84000
39.7520,1325,5,30,0.03000,BR,1,33,40.74000
39.7640,1325,5,30,0.03000,FL,0,25,40.50000
39.7640,1325,5,30,0.03000,BL,0,18,40.29000
39.7640,1325,5,30,0.03000,FR,0,10,40.05000
39.7640,1325,5,30,0.03000,BR,0,3,39.84000
39.7640,1325,5,30,0.03000,BR,1,33,40.74000
39.7740,1325,5,30,0.03000,FL,0,25,40.50000
39.7740,1325,5,30,0.03000,BL,0,18,40.29000
39.7740,1325,5,30,0.03000,FR,0,10,40.05000
39.7740,1325,5,30,0.03000,BR,0,3,39.84000
39.7740,1325,5,30,0.03000,BR,1,33,40.74000
39.7860,1326,6,30,0.03000,FL,0,24,40.50000
39.7860,1326,6,30,0.03000,BL,0,17,40.29000
39.7860,1326,6,30,0.03000,FR,0,9,40.05000
39.7860,1326,6,30,0.03000,FR,1,39,40.95000
39.7860,1326,6,30,0.03000,BR,0,2,39.84000
39.7860,1326,6,30,0.03000,BR,1,32,40.74000
39.8020,1326,6,30,0.03000,FL,0,24,40.50000
39.8020,1326,6,30,0.03000,BL,0,17,40.29000
39.8020,1326,6,30,0.03000,FR,0,9,40.05000
39.8020,1326,6,30,0.03000,FR,1,39,40.95000
39.8020,1326,6,30,0.03000,BR,0,2,39.84000
39.8020,1326,6,30,0.03000,BR,1,32,40.74000
39.8120,1327,7,30,0.03000,FL,0,23,40.50000
39.8120,1327,7,30,0.03000,BL,0,16,40.29000
39.8120,1327,7,30,0.03000,FR,0,8,40.05000
39.8120,1327,7,30,0.03000,FR,1,38,40.95000
39.8120,1327,7,30,0.03000,BR,0,1,39.84000
39.8120,1327,7,30,0.03000,BR,1,31,40.74000
39.8340,1327,7,30,0.03000,FL,0,23,40.50000
39.8340,1327,7,30,0.03000,BL,0,16,40.29000
39.8340,1327,7,30,0.03000,FR,0,8,40.05000
39.8340,1327,7,30,0.03000,FR,1,38,40.95000
39.8340,1327,7,30,0.03000,BR,0,1,39.84000
39.8340,1327,7,30,0.03000,BR,1,31,40.74000
39.8440,1328,8,30,0.03000,FL,0,22,40.50000
39.8440,1328,8,30,0.03000,BL,0,15,40.29000
39.8440,1328,8,30,0.03000,FR,0,7,40.05000
39.8440,1328,8,30,0.03000,FR,1,37,40.95000
39.8440,1328,8,30,0.03000,BR,0,30,40.74000
39.8520,1328,8,30,0.03000,FL,0,22,40.50000
39.8520,1328,8,30,0.03000,BL,0,15,40.29000
39.8520,1328,8,30,0.03000,FR,0,7,40.05000
39.8520,1328,8,30,0.03000,FR,1,37,40.95000
39.8520,1328,8,30,0.03000,BR,0,30,40.74000
39.8620,1328,8,30,0.03000,FL,0,22,40.50000
39.8620,1328,8,30,0.03000,BL,0,15,40.29000
39.8620,1328,8,30,0.03000,FR,0,7,40.05000
39.8620,1328,8,30,0.03000,FR,1,37,40.95000
39.8620,1328,8,30,0.03000,BR,0,30,40.74000
39.8740,1329,9,30,0.03000,FL,0,21,40.50000
39.8740,1329,9,30,0.03000,BL,0,14,40.29000
39.8740,1329,9,30,0.03000,FR,0,6,40.05000
39.8740,1329,9,30,0.03000,FR,1,36,40.95000
39.8740,1329,9,30,0.03000,BR,0,29,40.74000
39.8820,1329,9,30,0.03000,FL,0,21,40.50000
39.8820,1329,9,30,0.03000,BL,0,14,40.29000
39.8820,1329,9,30,0.03000,FR,0,6,40.05000
39.8820,1329,9,30,0.03000,FR,1,36,40.95000
39.8820,1329,9,30,0.03000,BR,0,29,40.74000
39.8920,1329,9,30,0.03000,FL,0,21,40.50000
39.8920,1329,9,30,0.03000,BL,0,14,40.29000
39.8920,1329,9,30,0.03000,FR,0,6,40.05000
39.8920,1329,9,30,0.03000,FR,1,36,40.95000
39.8920,1329,9,30,0.03000,BR,0,29,40.74000
39.9020,1330,10,30,0.03000,FL,0,20,40.50000
39.9020,1330,10,30,0.03000,BL,0,13,40.29000
39.9020,1330,10,30,0.03000,FR,0,5,40.05000
39.9020,1330,10,30,0.03000,FR,1,35,40.95000
39.9020,1330,10,30,0.03000,BR,0,28,40.74000
39.9120,1330,10,30,0.03000,FL,0,20,40.50000
39.9120,1330,10,30,0.03000,BL,0,13,40.29000
39.9120,1330,10,30,0.03000,FR,0,5,40.05000
39.9120,1330,10,30,0.03000,FR,1,35,40.95000
39.9120,1330,10,30,0.03000,BR,0,28,40.74000
39.9220,1330,10,30,0.03000,FL,0,20,40.50000
39.9220,1330,10,30,0.03000,BL,0,13,40.29000
39.9220,1330,10,30,0.03000,FR,0,5,40.05000
39.9220,1330,10,30,0.03000,FR,1,35,40.95000
39.9220,1330,10,30,0.03000,BR,0,28,40.74000
39.9320,1331,11,30,0.03000,FL,0,19,40.50000
39.9320,1331,11,30,0.03000,BL,0,12,40.29000
39.9320,1331,11,30,0.03000,FR,0,4,40.05000
39.9320,1331,11,30,0.03000,FR,1,34,40.95000
39.9320,1331,11,30,0.03000,BR,0,27,40.74000
39.9420,1331,11,30,0.03000,FL,0,19,40.50000
39.9420,1331,11,30,0.03000,BL,0,12,40.29000
39.9420,1331,11,30,0.03000,FR,0,4,40.05000
39.9420,1331,11,30,0.03000,FR,1,34,40.95000
39.9420,1331,11,30,0.03000,BR,0,27,40.74000
39.9520,1331,11,30,0.03000,FL,0,19,40.50000
39.9520,1331,11,30,0.03000,BL,0,12,40.29000
39.9520,1331,11,30,0.03000,FR,0,4,40.05000
39.9520,1331,11,30,0.03000,FR,1,34,40.95000
39.9520,1331,11,30,0.03000,BR,0,27,40.74000
39.9640,1332,12,30,0.03000,FL,0,18,40.50000
39.9640,1332,12,30,0.03000,BL,0,11,40.29000
39.9640,1332,12,30,0.03000,FR,0,3,40.05000
39.9640,1332,12,30,0.03000,FR,1,33,40.95000
39.9640,1332,12,30,0.03000,BR,0,26,40.74000
39.9760,1332,12,30,0.03000,FL,0,18,40.50000
39.9760,1332,12,30,0.03000,BL,0,11,40.29000
39.9760,1332,12,30,0.03000,FR,0,3,40.05000
39.9760,1332,12,30,0.03000,FR,1,33,40.95000
39.9760,1332,12,30,0.03000,BR,0,26,40.74000
39.9880,1332,12,30,0.03000,FL,0,18,40.50000
39.9880,1332,12,30,0.03000,BL,0,11,40.29000
39.9880,1332,12,30,0.03000,FR,0,3,40.05000
39.9880,1332,12,30,0.03000,FR,1,33,40.95000
39.9880,1332,12,30,0.03000,BR,0,26,40.74000
39.9980,1333,13,30,0.03000,FL,0,17,40.50000
39.9980,1333,13,30,0.03000,BL,0,10,40.29000
39.9980,1333,13,30,0.03000,FR,0,2,40.05000
39.9980,1333,13,30,0.03000,FR,1,32,40.95000
39.9980,1333,13,30,0.03000,BR,0,25,40.74000
40.0080,1333,13,30,0.03000,FL,0,17,40.50000
40.0080,1333,13,30,0.03000,BL,0,10,40.29000
40.0080,1333,13,30,0.03000,FR,0,2,40.05000
40.0080,1333,13,30,0.03000,FR,1,32,40.95000
40.0080,1333,13,30,0.03000,BR,0,25,40.74000
40.0180,1333,13,30,0.03000,FL,0,17,40.50000
40.0180,1333,13,30,0.03000,BL,0,10,40.29000
40.0180,1333,13,30,0.03000,FR,0,2,40.05000
40.0180,1333,13,30,0.03000,FR,1,32,40.95000
40.0180,1333,13,30,0.03000,BR,0,25,40.74000
40.0280,1334,14,30,0.03000,FL,0,16,40.50000
40.0280,1334,14,30,0.03000,BL,0,9,40.29000
40.0280,1334,14,30,0.03000,BL,1,39,41.19000
40.0280,1334,14,30,0.03000,FR,0,1,40.05000
40.0280,1334,14,30,0.03000,FR,1,31,40.95000
40.0280,1334,14,30,0.03000,BR,0,24,40.74000
40.0380,1334,14,30,0.03000,FL,0,16,40.50000
40.0380,1334,14,30,0.03000,BL,0,9,40.29000
40.0380,1334,14,30,0.03000,BL,1,39,41.19000
40.0380,1334,14,30,0.03000,FR,0,1,40.05000
40.0380,1334,14,30,0.03000,FR,1,31,40.95000
40.0380,1334,14,30,0.03000,BR,0,24,40.74000
40.0480,1334,14,30,0.03000,FL,0,16,40.50000
40.0480,1334,14,30,0.03000,BL,0,9,40.29000
40.0480,1334,14,30,0.03000,BL,1,39,41.19000
40.0480,1334,14,30,0.03000,FR,0,1,40.05000
40.0480,1334,14,30,0.03000,FR,1,31,40.95000
40.0480,1334,14,30,0.03000,BR,0,24,40.74000
40.0580,1335,15,30,0.03000,FL,0,15,40.50000
40.0580,1335,15,30,0.03000,BL,0,8,40.29000
40.0580,1335,15,30,0.03000,BL,1,38,41.19000
40.0580,1335,15,30,0.03000,FR,0,30,40.95000
40.0580,1335,15,30,0.03000,BR,0,23,40.74000
40.0800,1336,16,30,0.03000,FL,0,14,40.50000
40.0800,1336,16,30,0.03000,BL,0,7,40.29000
40.0800,1336,16,30,0.03000,BL,1,37,41.19000
40.0800,1336,16,30,0.03000,FR,0,29,40.95000
40.0800,1336,16,30,0.03000,BR,0,22,40.74000
40.0900,1336,16,30,0.03000,FL,0,14,40.50000
40.0900,1336,16,30,0.03000,BL,0,7,40.29000
40.0900,1336,16,30,0.03000,BL,1,37,41.19000
40.0900,1336,16,30,0.03000,FR,0,29,40.95000
40.0900,1336,16,30,0.03000,BR,0,22,40.74000
40.1000,1336,16,30,0.03000,FL,0,14,40.50000
40.1000,1336,16,30,0.03000,BL,0,7,40.29000
40.1000,1336,16,30,0.03000,BL,1,37,41.19000
40.1000,1336,16,30,0.03000,FR,0,29,40.95000
40.1000,1336,16,30,0.03000,BR,0,22,40.74000
40.1080,1336,16,30,0.03000,FL,0,14,40.50000
40.1080,1336,16,30,0.03000,BL,0,7,40.29000
40.1080,1336,16,30,0.03000,BL,1,37,41.19000
40.1080,1336,16,30,0.03000,FR,0,29,40.95000
40.1080,1336,16,30,0.03000,BR,0,22,40.74000
40.1200,1337,17,30,0.03000,FL,0,13,40.50000
40.1200,1337,17,30,0.03000,BL,0,6,40.29000
40.1200,1337,17,30,0.03000,BL,1,36,41.19000
40.1200,1337,17,30,0.03000,FR,0,28,40.95000
40.1200,1337,17,30,0.03000,BR,0,21,40.74000
40.1280,1337,17,30,0.03000,FL,0,13,40.50000
40.1280,1337,17,30,0.03000,BL,0,6,40.29000
40.1280,1337,17,30,0.03000,BL,1,36,41.19000
40.1280,1337,17,30,0.03000,FR,0,28,40.95000
40.1280,1337,17,30,0.03000,BR,0,21,40.74000
40.1380,1337,17,30,0.03000,FL,0,13,40.50000
40.1380,1337,17,30,0.03000,BL,0,6,40.29000
40.1380,1337,17,30,0.03000,BL,1,36,41.19000
40.1380,1337,17,30,0.03000,FR,0,28,40.95000
40.1380,1337,17,30,0.03000,BR,0,21,40.74000
40.1460,1338,18,30,0.03000,FL,0,12,40.50000
40.1460,1338,18,30,0.03000,BL,0,5,40.29000
40.1460,1338,18,30,0.03000,BL,1,35,41.19000
40.1460,1338,18,30,0.03000,FR,0,27,40.95000
40.1460,1338,18,30,0.03000,BR,0,20,40.74000
40.1580,1338,18,30,0.03000,FL,0,12,40.50000
40.1580,1338,18,30,0.03000,BL,0,5,40.29000
40.1580,1338,18,30,0.03000,BL,1,35,41.19000
40.1580,1338,18,30,0.03000,FR,0,27,40.95000
40.1580,1338,18,30,0.03000,BR,0,20,40.74000
40.1660,1338,18,30,0.03000,FL,0,12,40.50000
40.1660,1338,18,30,0.03000,BL,0,5,40.29000
40.1660,1338,18,30,0.03000,BL,1,35,41.19000
40.1660,1338,18,30,0.03000,FR,0,27,40.95000
40.1660,1338,18,30,0.03000,BR,0,20,40.74000
40.1760,1339,19,30,0.03000,FL,0,11,40.50000
40.1760,1339,19,30,0.03000,BL,0,4,40.29000
40.1760,1339,19,30,0.03000,BL,1,34,41.19000
40.1760,1339,19,30,0.03000,FR,0,26,40.95000
40.1760,1339,19,30,0.03000,BR,0,19,40.74000
40.1860,1339,19,30,0.03000,FL,0,11,40.50000
40.1860,1339,19,30,0.03000,BL,0,4,40.29000
40.1860,1339,19,30,0.03000,BL,1,34,41.19000
40.1860,1339,19,30,0.03000,FR,0,26,40.95000
40.1860,1339,19,30,0.03000,BR,0,19,40.74000
40.1960,1339,19,30,0.03000,FL,0,11,40.50000
40.1960,1339,19,30,0.03000,BL,0,4,40.29000
40.1960,1339,19,30,0.03000,BL,1,34,41.19000
40.1960,1339,19,30,0.03000,FR,0,26,40.95000
40.1960,1339,19,30,0.03000,BR,0,19,40.74000
40.2060,1340,20,30,0.03000,FL,0,10,40.50000
40.2060,1340,20,30,0.03000,BL,0,3,40.29000
40.2060,1340,20,30,0.03000,BL,1,33,41.19000
40.2060,1340,20,30,0.03000,FR,0,25,40.95000
40.2060,1340,20,30,0.03000,BR,0,18,40.74000
40.2160,1340,20,30,0.03000,FL,0,10,40.50000
40.2160,1340,20,30,0.03000,BL,0,3,40.29000
40.2160,1340,20,30,0.03000,BL,1,33,41.19000
40.2160,1340,20,30,0.03000,FR,0,25,40.95000
40.2160,1340,20,30,0.03000,BR,0,18,40.74000
40.2260,1340,20,30,0.03000,FL,0,10,40.50000
40.2260,1340,20,30,0.03000,BL,0,3,40.29000
40.2260,1340,20,30,0.03000,BL,1,33,41.19000
40.2260,1340,20,30,0.03000,FR,0,25,40.95000
40.2260,1340,20,30,0.03000,BR,0,18,40.74000
40.2340,1341,21,30,0.03000,FL,0,9,40.50000
40.2340,1341,21,30,0.03000,FL,1,39,41.40000
40.2340,1341,21,30,0.03000,BL,0,2,40.29000
40.2340,1341,21,30,0.03000,BL,1,32,41.19000
40.2340,1341,21,30,0.03000,FR,0,24,40.95000
40.2340,1341,21,30,0.03000,BR,0,17,40.74000
40.2440,1341,21,30,0.03000,FL,0,9,40.50000
40.2440,1341,21,30,0.03000,FL,1,39,41.40000
40.2440,1341,21,30,0.03000,BL,0,2,40.29000
40.2440,1341,21,30,0.03000,BL,1,32,41.19000
40.2440,1341,21,30,0.03000,FR,0,24,40.95000
40.2440,1341,21,30,0.03000,BR,0,17,40.74000
40.2540,1341,21,30,0.03000,FL,0,9,40.50000
40.2540,1341,21,30,0.03000,FL,1,39,41.40000
40.2540,1341,21,30,0.03000,BL,0,2,40.29000
40.2540,1341,21,30,0.03000,BL,1,32,41.19000
40.2540,1341,21,30,0.03000,FR,0,24,40.95000
40.2540,1341,21,30,0.03000,BR,0,17,40.74000
40.2640,1342,22,30,0.03000,FL,0,8,40.50000
40.2640,1342,22,30,0.03000,FL,1,38,41.40000
40.2640,1342,22,30,0.03000,BL,0,1,40.29000
40.2640,1342,22,30,0.03000,BL,1,31,41.19000
40.2640,1342,22,30,0.03000,FR,0,23,40.95000
40.2640,1342,22,30,0.03000,BR,0,16,40.74000
40.2840,1342,22,30,0.03000,FL,0,8,40.50000
40.2840,1342,22,30,0.03000,FL,1,38,41.40000
40.2840,1342,22,30,0.03000,BL,0,1,40.29000
40.2840,1342,22,30,0.03000,BL,1,31,41.19000
40.2840,1342,22,30,0.03000,FR,0,23,40.95000
40.2840,1342,22,30,0.03000,BR,0,16,40.74000
40.2940,1343,23,30,0.03000,FL,0,7,40.50000
40.2940,1343,23,30,0.03000,FL,1,37,41.40000
40.2940,1343,23,30,0.03000,BL,0,30,41.19000
40.2940,1343,23,30,0.03000,FR,0,22,40.95000
40.2940,1343,23,30,0.03000,BR,0,15,40.74000
40.3020,1343,23,30,0.03000,FL,0,7,40.50000
40.3020,1343,23,30,0.03000,FL,1,37,41.40000
40.3020,1343,23,30,0.03000,BL,0,30,41.19000
40.3020,1343,23,30,0.03000,FR,0,22,40.95000
40.3020,1343,23,30,0.03000,BR,0,15,40.74000
40.3140,1343,23,30,0.03000,FL,0,7,40.50000
40.3140,1343,23,30,0.03000,FL,1,37,41.40000
40.3140,1343,23,30,0.03000,BL,0,30,41.19000
40.3140,1343,23,30,0.03000,FR,0,22,40.95000
40.3140,1343,23,30,0.03000,BR,0,15,40.74000
40.3280,1344,24,30,0.03000,FL,0,6,40.50000
40.3280,1344,24,30,0.03000,FL,1,36,41.40000
40.3280,1344,24,30,0.03000,BL,0,29,41.19000
40.3280,1344,24,30,0.03000,FR,0,21,40.95000
40.3280,1344,24,30,0.03000,BR,0,14,40.74000
40.3380,1344,24,30,0.03000,FL,0,6,40.50000
40.3380,1344,24,30,0.03000,FL,1,36,41.40000
40.3380,1344,24,30,0.03000,BL,0,29,41.19000
40.3380,1344,24,30,0.03000,FR,0,21,40.95000
40.3380,1344,24,30,0.03000,BR,0,14,40.74000
40.3460,1344,24,30,0.03000,FL,0,6,40.50000
40.3460,1344,24,30,0.03000,FL,1,36,41.40000
40.3460,1344,24,30,0.03000,BL,0,29,41.19000
40.3460,1344,24,30,0.03000,FR,0,21,40.95000
40.3460,1344,24,30,0.03000,BR,0,14,40.74000
40.3580,1345,25,30,0.03000,FL,0,5,40.50000
40.3580,1345,25,30,0.03000,FL,1,35,41.40000
40.3580,1345,25,30,0.03000,BL,0,28,41.19000
40.3580,1345,25,30,0.03000,FR,0,20,40.95000
40.3580,1345,25,30,0.03000,BR,0,13,40.74000
40.3720,1345,25,30,0.03000,FL,0,5,40.50000
40.3720,1345,25,30,0.03000,FL,1,35,41.40000
40.3720,1345,25,30,0.03000,BL,0,28,41.19000
40.3720,1345,25,30,0.03000,FR,0,20,40.95000
40.3720,1345,25,30,0.03000,BR,0,13,40.74000
40.3840,1346,26,30,0.03000,FL,0,4,40.50000
40.3840,1346,26,30,0.03000,FL,1,34,41.40000
40.3840,1346,26,30,0.03000,BL,0,27,41.19000
40.3840,1346,26,30,0.03000,FR,0,19,40.95000
40.3840,1346,26,30,0.03000,BR,0,12,40.74000
40.3920,1346,26,30,0.03000,FL,0,4,40.50000
40.3920,1346,26,30,0.03000,FL,1,34,41.40000
40.3920,1346,26,30,0.03000,BL,0,27,41.19000
40.3920,1346,26,30,0.03000,FR,0,19,40.95000
40.3920,1346,26,30,0.03000,BR,0,12,40.74000
40.4060,1346,26,30,0.03000,FL,0,4,40.50000
40.4060,1346,26,30,0.03000,FL,1,34,41.40000
40.4060,1346,26,30,0.03000,BL,0,27,41.19000
40.4060,1346,26,30,0.03000,FR,0,19,40.95000
40.4060,1346,26,30,0.03000,BR,0,12,40.74000
40.4220,1347,27,30,0.03000,FL,0,3,40.50000
40.4220,1347,27,30,0.03000,FL,1,33,41.40000
40.4220,1347,27,30,0.03000,BL,0,26,41.19000
40.4220,1347,27,30,0.03000,FR,0,18,40.95000
40.4220,1347,27,30,0.03000,BR,0,11,40.74000
40.4320,1347,27,30,0.03000,FL,0,3,40.50000
40.4320,1347,27,30,0.03000,FL,1,33,41.40000
40.4320,1347,27,30,0.03000,BL,0,26,41.19000
40.4320,1347,27,30,0.03000,FR,0,18,40.95000
40.4320,1347,27,30,0.03000,BR,0,11,40.74000
40.4420,1348,28,30,0.03000,FL,0,2,40.50000
40.4420,1348,28,30,0.03000,FL,1,32,41.40000
40.4420,1348,28,30,0.03000,BL,0,25,41.19000
40.4420,1348,28,30,0.03000,FR,0,17,40.95000
40.4420,1348,28,30,0.03000,BR,0,10,40.74000
40.4540,1348,28,30,0.03000,FL,0,2,40.50000
40.4540,1348,28,30,0.03000,FL,1,32,41.40000
40.4540,1348,28,30,0.03000,BL,0,25,41.19000
40.4540,1348,28,30,0.03000,FR,0,17,40.95000
40.4540,1348,28,30,0.03000,BR,0,10,40.74000
40.4640,1348,28,30,0.03000,FL,0,2,40.50000
40.4640,1348,28,30,0.03000,FL,1,32,41.40000
40.4640,1348,28,30,0.03000,BL,0,25,41.19000
40.4640,1348,28,30,0.03000,FR,0,17,40.95000
40.4640,1348,28,30,0.03000,BR,0,10,40.74000
40.4720,1349,29,30,0.03000,FL,0,1,40.50000
40.4720,1349,29,30,0.03000,FL,1,31,41.40000
40.4720,1349,29,30,0.03000,BL,0,24,41.19000
40.4720,1349,29,30,0.03000,FR,0,16,40.95000
40.4720,1349,29,30,0.03000,BR,0,9,40.74000
40.4720,1349,29,30,0.03000,BR,1,39,41.64000
40.4820,1349,29,30,0.03000,FL,0,1,40.50000
40.4820,1349,29,30,0.03000,FL,1,31,41.40000
40.4820,1349,29,30,0.03000,BL,0,24,41.19000
40.4820,1349,29,30,0.03000,FR,0,16,40.95000
40.4820,1349,29,30,0.03000,BR,0,9,40.74000
40.4820,1349,29,30,0.03000,BR,1,39,41.64000
40.4920,1349,29,30,0.03000,FL,0,1,40.50000
40.4920,1349,29,30,0.03000,FL,1,31,41.40000
40.4920,1349,29,30,0.03000,BL,0,24,41.19000
40.4920,1349,29,30,0.03000,FR,0,16,40.95000
40.4920,1349,29,30,0.03000,BR,0,9,40.74000
40.4920,1349,29,30,0.03000,BR,1,39,41.64000
40.5000,1350,0,30,0.03000,FL,0,30,41.40000
40.5000,1350,0,30,0.03000,BL,0,23,41.19000
40.5000,1350,0,30,0.03000,FR,0,15,40.95000
40.5000,1350,0,30,0.03000,BR,0,8,40.74000
40.5000,1350,0,30,0.03000,BR,1,38,41.64000
40.5200,1350,0,30,0.03000,FL,0,30,41.40000
40.5200,1350,0,30,0.03000,BL,0,23,41.19000
40.5200,1350,0,30,0.03000,FR,0,15,40.95000
40.5200,1350,0,30,0.03000,BR,0,8,40.74000
40.5200,1350,0,30,0.03000,BR,1,38,41.64000
40.5320,1351,1,30,0.03000,FL,0,29,41.40000
40.5320,1351,1,30,0.03000,BL,0,22,41.19000
40.5320,1351,1,30,0.03000,FR,0,14,40.95000
40.5320,1351,1,30,0.03000,BR,0,7,40.74000
40.5320,1351,1,30,0.03000,BR,1,37,41.64000
40.5420,1351,1,30,0.03000,FL,0,29,41.40000
40.5420,1351,1,30,0.03000,BL,0,22,41.19000
40.5420,1351,1,30,0.03000,FR,0,14,40.95000
40.5420,1351,1,30,0.03000,BR,0,7,40.74000
40.5420,1351,1,30,0.03000,BR,1,37,41.64000
40.5560,1351,1,30,0.03000,FL,0,29,41.40000
40.5560,1351,1,30,0.03000,BL,0,22,41.19000
40.5560,1351,1,30,0.03000,FR,0,14,40.95000
40.5560,1351,1,30,0.03000,BR,0,7,40.74000
40.5560,1351,1,30,0.03000,BR,1,37,41.64000
40.5680,1352,2,30,0.03000,FL,0,28,41.40000
40.5680,1352,2,30,0.03000,BL,0,21,41.19000
40.5680,1352,2,30,0.03000,FR,0,13,40.95000
40.5680,1352,2,30,0.03000,BR,0,6,40.74000
40.5680,1352,2,30,0.03000,BR,1,36,41.64000
40.5820,1352,2,30,0.03000,FL,0,28,41.40000
40.5820,1352,2,30,0.03000,BL,0,21,41.19000
40.5820,1352,2,30,0.03000,FR,0,13,40.95000
40.5820,1352,2,30,0.03000,BR,0,6,40.74000
40.5820,1352,2,30,0.03000,BR,1,36,41.64000
40.5940,1353,3,30,0.03000,FL,0,27,41.40000
40.5940,1353,3,30,0.03000,BL,0,20,41.19000
40.5940,1353,3,30,0.03000,FR,0,12,40.95000
40.5940,1353,3,30,0.03000,BR,0,5,40.74000
40.5940,1353,3,30,0.03000,BR,1,35,41.64000
40.6040,1353,3,30,0.03000,FL,0,27,41.40000
40.6040,1353,3,30,0.03000,BL,0,20,41.19000
40.6040,1353,3,30,0.03000,FR,0,12,40.95000
40.6040,1353,3,30,0.03000,BR,0,5,40.74000
40.6040,1353,3,30,0.03000,BR,1,35,41.64000
40.6140,1353,3,30,0.03000,FL,0,27,41.40000
40.6140,1353,3,30,0.03000,BL,0,20,41.19000
40.6140,1353,3,30,0.03000,FR,0,12,40.95000
40.6140,1353,3,30,0.03000,BR,0,5,40.74000
40.6140,1353,3,30,0.03000,BR,1,35,41.64000
40.6220,1354,4,30,0.03000,FL,0,26,41.40000
40.6220,1354,4,30,0.03000,BL,0,19,41.19000
40.6220,1354,4,30,0.03000,FR,0,11,40.95000
40.6220,1354,4,30,0.03000,BR,0,4,40.74000
40.6220,1354,4,30,0.03000,BR,1,34,41.64000
40.6320,1354,4,30,0.03000,FL,0,26,41.40000
40.6320,1354,4,30,0.03000,BL,0,19,41.19000
40.6320,1354,4,30,0.03000,FR,0,11,40.95000
40.6320,1354,4,30,0.03000,BR,0,4,40.74000
40.6320,1354,4,30,0.03000,BR,1,34,41.64000
40.6420,1354,4,30,0.03000,FL,0,26,41.40000
40.6420,1354,4,30,0.03000,BL,0,19,41.19000
40.6420,1354,4,30,0.03000,FR,0,11,40.95000
40.6420,1354,4,30,0.03000,BR,0,4,40.74000
40.6420,1354,4,30,0.03000,BR,1,34,41.64000
40.6520,1355,5,30,0.03000,FL,0,25,41.40000
40.6520,1355,5,30,0.03000,BL,0,18,41.19000
40.6520,1355,5,30,0.03000,FR,0,10,40.95000
40.6520,1355,5,30,0.03000,BR,0,3,40.74000
40.6520,1355,5,30,0.03000,BR,1,33,41.64000
40.6620,1355,5,30,0.03000,FL,0,25,41.40000
40.6620,1355,5,30,0.03000,BL,0,18,41.19000
40.6620,1355,5,30,0.03000,FR,0,10,40.95000
40.6620,1355,5,30,0.03000,BR,0,3,40.74000
40.6620,1355,5,30,0.03000,BR,1,33,41.64000
40.6720,1355,5,30,0.03000,FL,0,25,41.40000
40.6720,1355,5,30,0.03000,BL,0,18,41.19000
40.6720,1355,5,30,0.03000,FR,0,10,40.95000
40.6720,1355,5,30,0.03000,BR,0,3,40.74000
40.6720,1355,5,30,0.03000,BR,1,33,41.64000
40.6820,1356,6,30,0.03000,FL,0,24,41.40000
40.6820,1356,6,30,0.03000,BL,0,17,41.19000
40.6820,1356,6,30,0.03000,FR,0,9,40.95000
40.6820,1356,6,30,0.03000,FR,1,39,41.85000
40.6820,1356,6,30,0.03000,BR,0,2,40.74000
40.6820,1356,6,30,0.03000,BR,1,32,41.64000
40.6920,1356,6,30,0.03000,FL,0,24,41.40000
40.6920,1356,6,30,0.03000,BL,0,17,41.19000
40.6920,1356,6,30,0.03000,FR,0,9,40.95000
40.6920,1356,6,30,0.03000,FR,1,39,41.85000
40.6920,1356,6,30,0.03000,BR,0,2,40.74000
40.6920,1356,6,30,0.03000,BR,1,32,41.64000
40.7020,1356,6,30,0.03000,FL,0,24,41.40000
40.7020,1356,6,30,0.03000,BL,0,17,41.19000
40.7020,1356,6,30,0.03000,FR,0,9,40.95000
40.7020,1356,6,30,0.03000,FR,1,39,41.85000
40.7020,1356,6,30,0.03000,BR,0,2,40.74000
40.7020,1356,6,30,0.03000,BR,1,32,41.64000
40.7120,1357,7,30,0.03000,FL,0,23,41.40000
40.7120,1357,7,30,0.03000,BL,0,16,41.19000
40.7120,1357,7,30,0.03000,FR,0,8,40.95000
40.7120,1357,7,30,0.03000,FR,1,38,41.85000
40.7120,1357,7,30,0.03000,BR,0,1,40.74000
40.7120,1357,7,30,0.03000,BR,1,31,41.64000
40.7300,1357,7,30,0.03000,FL,0,23,41.40000
40.7300,1357,7,30,0.03000,BL,0,16,41.19000
40.7300,1357,7,30,0.03000,FR,0,8,40.95000
40.7300,1357,7,30,0.03000,FR,1,38,41.85000
40.7300,1357,7,30,0.03000,BR,0,1,40.74000
40.7300,1357,7,30,0.03000,BR,1,31,41.64000
40.7400,1358,8,30,0.03000,FL,0,22,41.40000
40.7400,1358,8,30,0.03000,BL,0,15,41.19000
40.7400,1358,8,30,0.03000,FR,0,7,40.95000
40.7400,1358,8,30,0.03000,FR,1,37,41.85000
40.7400,1358,8,30,0.03000,BR,0,30,41.64000
40.7500,1358,8,30,0.03000,FL,0,22,41.40000
40.7500,1358,8,30,0.03000,BL,0,15,41.19000
40.7500,1358,8,30,0.03000,FR,0,7,40.95000
40.7500,1358,8,30,0.03000,FR,1,37,41.85000
40.7500,1358,8,30,0.03000,BR,0,30,41.64000
40.7600,1358,8,30,0.03000,FL,0,22,41.40000
40.7600,1358,8,30,0.03000,BL,0,15,41.19000
40.7600,1358,8,30,0.03000,FR,0,7,40.95000
40.7600,1358,8,30,0.03000,FR,1,37,41.85000
40.7600,1358,8,30,0.03000,BR,0,30,41.64000
40.7680,1358,8,30,0.03000,FL,0,22,41.40000
40.7680,1358,8,30,0.03000,BL,0,15,41.19000
40.7680,1358,8,30,0.03000,FR,0,7,40.95000
40.7680,1358,8,30,0.03000,FR,1,37,41.85000
40.7680,1358,8,30,0.03000,BR,0,30,41.64000
40.7780,1359,9,30,0.03000,FL,0,21,41.40000
40.7780,1359,9,30,0.03000,BL,0,14,41.19000
40.7780,1359,9,30,0.03000,FR,0,6,40.95000
40.7780,1359,9,30,0.03000,FR,1,36,41.85000
40.7780,1359,9,30,0.03000,BR,0,29,41.64000
40.7920,1359,9,30,0.03000,FL,0,21,41.40000
40.7920,1359,9,30,0.03000,BL,0,14,41.19000
40.7920,1359,9,30,0.03000,FR,0,6,40.95000
40.7920,1359,9,30,0.03000,FR,1,36,41.85000
40.7920,1359,9,30,0.03000,BR,0,29,41.64000
40.8000,1360,10,30,0.03000,FL,0,20,41.40000
40.8000,1360,10,30,0.03000,BL,0,13,41.19000
40.8000,1360,10,30,0.03000,FR,0,5,40.95000
40.8000,1360,10,30,0.03000,FR,1,35,41.85000
40.8000,1360,10,30,0.03000,BR,0,28,41.64000
40.8120,1360,10,30,0.03000,FL,0,20,41.40000
40.8120,1360,10,30,0.03000,BL,0,13,41.19000
40.8120,1360,10,30,0.03000,FR,0,5,40.95000
40.8120,1360,10,30,0.03000,FR,1,35,41.85000
40.8120,1360,10,30,0.03000,BR,0,28,41.64000
40.8220,1360,10,30,0.03000,FL,0,20,41.40000
40.8220,1360,10,30,0.03000,BL,0,13,41.19000
40.8220,1360,10,30,0.03000,FR,0,5,40.95000
40.8220,1360,10,30,0.03000,FR,1,35,41.85000
40.8220,1360,10,30,0.03000,BR,0,28,41.64000
40.8320,1361,11,30,0.03000,FL,0,19,41.40000
40.8320,1361,11,30,0.03000,BL,0,12,41.19000
40.8320,1361,11,30,0.03000,FR,0,4,40.95000
40.8320,1361,11,30,0.03000,FR,1,34,41.85000
40.8320,1361,11,30,0.03000,BR,0,27,41.64000
40.8400,1361,11,30,0.03000,FL,0,19,41.40000
40.8400,1361,11,30,0.03000,BL,0,12,41.19000
40.8400,1361,11,30,0.03000,FR,0,4,40.95000
40.8400,1361,11,30,0.03000,FR,1,34,41.85000
40.8400,1361,11,30,0.03000,BR,0,27,41.64000
40.8520,1361,11,30,0.03000,FL,0,19,41.40000
40.8520,1361,11,30,0.03000,BL,0,12,41.19000
40.8520,1361,11,30,0.03000,FR,0,4,40.95000
40.8520,1361,11,30,0.03000,FR,1,34,41.85000
40.8520,1361,11,30,0.03000,BR,0,27,41.64000
40.8600,1362,12,30,0.03000,FL,0,18,41.40000
40.8600,1362,12,30,0.03000,BL,0,11,41.19000
40.8600,1362,12,30,0.03000,FR,0,3,40.95000
40.8600,1362,12,30,0.03000,FR,1,33,41.85000
40.8600,1362,12,30,0.03000,BR,0,26,41.64000
40.8700,1362,12,30,0.03000,FL,0,18,41.40000
40.8700,1362,12,30,0.03000,BL,0,11,41.19000
40.8700,1362,12,30,0.03000,FR,0,3,40.95000
40.8700,1362,12,30,0.03000,FR,1,33,41.85000
40.8700,1362,12,30,0.03000,BR,0,26,41.64000
40.8800,1362,12,30,0.03000,FL,0,18,41.40000
40.8800,1362,12,30,0.03000,BL,0,11,41.19000
40.8800,1362,12,30,0.03000,FR,0,3,40.95000
40.8800,1362,12,30,0.03000,FR,1,33,41.85000
40.8800,1362,12,30,0.03000,BR,0,26,41.64000
40.8900,1363,13,30,0.03000,FL,0,17,41.40000
40.8900,1363,13,30,0.03000,BL,0,10,41.19000
40.8900,1363,13,30,0.03000,FR,0,2,40.95000
40.8900,1363,13,30,0.03000,FR,1,32,41.85000
40.8900,1363,13,30,0.03000,BR,0,25,41.64000
40.9000,1363,13,30,0.03000,FL,0,17,41.40000
40.9000,1363,13,30,0.03000,BL,0,10,41.19000
40.9000,1363,13,30,0.03000,FR,0,2,40.95000
40.9000,1363,13,30,0.03000,FR,1,32,41.85000
40.9000,1363,13,30,0.03000,BR,0,25,41.64000
40.9100,1363,13,30,0.03000,FL,0,17,41.40000
40.9100,1363,13,30,0.03000,BL,0,10,41.19000
40.9100,1363,13,30,0.03000,FR,0,2,40.95000
40.9100,1363,13,30,0.03000,FR,1,32,41.85000
40.9100,1363,13,30,0.03000,BR,0,25,41.64000
40.9200,1364,14,30,0.03000,FL,0,16,41.40000
40.9200,1364,14,30,0.03000,BL,0,9,41.19000
40.9200,1364,14,30,0.03000,BL,1,39,42.09000
40.9200,1364,14,30,0.03000,FR,0,1,40.95000
40.9200,1364,14,30,0.03000,FR,1,31,41.85000
40.9200,1364,14,30,0.03000,BR,0,24,41.64000
40.9280,1364,14,30,0.03000,FL,0,16,41.40000
40.9280,1364,14,30,0.03000,BL,0,9,41.19000
40.9280,1364,14,30,0.03000,BL,1,39,42.09000
40.9280,1364,14,30,0.03000,FR,0,1,40.95000
40.9280,1364,14,30,0.03000,FR,1,31,41.85000
40.9280,1364,14,30,0.03000,BR,0,24,41.64000
40.9400,1364,14,30,0.03000,FL,0,16,41.40000
40.9400,1364,14,30,0.03000,BL,0,9,41.19000
40.9400,1364,14,30,0.03000,BL,1,39,42.09000
40.9400,1364,14,30,0.03000,FR,0,1,40.95000
40.9400,1364,14,30,0.03000,FR,1,31,41.85000
40.9400,1364,14,30,0.03000,BR,0,24,41.64000
40.9500,1365,15,30,0.03000,FL,0,15,41.40000
40.9500,1365,15,30,0.03000,BL,0,8,41.19000
40.9500,1365,15,30,0.03000,BL,1,38,42.09000
40.9500,1365,15,30,0.03000,FR,0,30,41.85000
40.9500,1365,15,30,0.03000,BR,0,23,41.64000
40.9680,1365,15,30,0.03000,FL,0,15,41.40000
40.9680,1365,15,30,0.03000,BL,0,8,41.19000
40.9680,1365,15,30,0.03000,BL,1,38,42.09000
40.9680,1365,15,30,0.03000,FR,0,30,41.85000
40.9680,1365,15,30,0.03000,BR,0,23,41.64000
40.9780,1365,15,30,0.03000,FL,0,15,41.40000
40.9780,1365,15,30,0.03000,BL,0,8,41.19000
40.9780,1365,15,30,0.03000,BL,1,38,42.09000
40.9780,1365,15,30,0.03000,FR,0,30,41.85000
40.9780,1365,15,30,0.03000,BR,0,23,41.64000
40.9880,1366,16,30,0.03000,FL,0,14,41.40000
40.9880,1366,16,30,0.03000,BL,0,7,41.19000
40.9880,1366,16,30,0.03000,BL,1,37,42.09000
40.9880,1366,16,30,0.03000,FR,0,29,41.85000
40.9880,1366,16,30,0.03000,BR,0,22,41.64000
40.9980,1366,16,30,0.03000,FL,0,14,41.40000
40.9980,1366,16,30,0.03000,BL,0,7,41.19000
40.9980,1366,16,30,0.03000,BL,1,37,42.09000
40.9980,1366,16,30,0.03000,FR,0,29,41.85000
40.9980,1366,16,30,0.03000,BR,0,22,41.64000
41.0080,1366,16,30,0.03000,FL,0,14,41.40000
41.0080,1366,16,30,0.03000,BL,0,7,41.19000
41.0080,1366,16,30,0.03000,BL,1,37,42.09000
41.0080,1366,16,30,0.03000,FR,0,29,41.85000
41.0080,1366,16,30,0.03000,BR,0,22,41.64000
41.0160,1367,17,30,0.03000,FL,0,13,41.40000
41.0160,1367,17,30,0.03000,BL,0,6,41.19000
41.0160,1367,17,30,0.03000,BL,1,36,42.09000
41.0160,1367,17,30,0.03000,FR,0,28,41.85000
41.0160,1367,17,30,0.03000,BR,0,21,41.64000
41.0260,1367,17,30,0.03000,FL,0,13,41.40000
41.0260,1367,17,30,0.03000,BL,0,6,41.19000
41.0260,1367,17,30,0.03000,BL,1,36,42.09000
41.0260,1367,17,30,0.03000,FR,0,28,41.85000
41.0260,1367,17,30,0.03000,BR,0,21,41.64000
41.0360,1367,17,30,0.03000,FL,0,13,41.40000
41.0360,1367,17,30,0.03000,BL,0,6,41.19000
41.0360,1367,17,30,0.03000,BL,1,36,42.09000
41.0360,1367,17,30,0.03000,FR,0,28,41.85000
41.0360,1367,17,30,0.03000,BR,0,21,41.64000
41.0480,1368,18,30,0.03000,FL,0,12,41.40000
41.0480,1368,18,30,0.03000,BL,0,5,41.19000
41.0480,1368,18,30,0.03000,BL,1,35,42.09000
41.0480,1368,18,30,0.03000,FR,0,27,41.85000
41.0480,1368,18,30,0.03000,BR,0,20,41.64000
41.0580,1368,18,30,0.03000,FL,0,12,41.40000
41.0580,1368,18,30,0.03000,BL,0,5,41.19000
41.0580,1368,18,30,0.03000,BL,1,35,42.09000
41.0580,1368,18,30,0.03000,FR,0,27,41.85000
41.0580,1368,18,30,0.03000,BR,0,20,41.64000
41.0680,1368,18,30,0.03000,FL,0,12,41.40000
41.0680,1368,18,30,0.03000,BL,0,5,41.19000
41.0680,1368,18,30,0.03000,BL,1,35,42.09000
41.0680,1368,18,30,0.03000,FR,0,27,41.85000
41.0680,1368,18,30,0.03000,BR,0,20,41.64000
41.0840,1369,19,30,0.03000,FL,0,11,41.40000
41.0840,1369,19,30,0.03000,BL,0,4,41.19000
41.0840,1369,19,30,0.03000,BL,1,34,42.09000
41.0840,1369,19,30,0.03000,FR,0,26,41.85000
41.0840,1369,19,30,0.03000,BR,0,19,41.64000
41.0920,1369,19,30,0.03000,FL,0,11,41.40000
41.0920,1369,19,30,0.03000,BL,0,4,41.19000
41.0920,1369,19,30,0.03000,BL,1,34,42.09000
41.0920,1369,19,30,0.03000,FR,0,26,41.85000
41.0920,1369,19,30,0.03000,BR,0,19,41.64000
41.1020,1370,20,30,0.03000,FL,0,10,41.40000
41.1020,1370,20,30,0.03000,BL,0,3,41.19000
41.1020,1370,20,30,0.03000,BL,1,33,42.09000
41.1020,1370,20,30,0.03000,FR,0,25,41.85000
41.1020,1370,20,30,0.03000,BR,0,18,41.64000
41.1120,1370,20,30,0.03000,FL,0,10,41.40000
41.1120,1370,20,30,0.03000,BL,0,3,41.19000
41.1120,1370,20,30,0.03000,BL,1,33,42.09000
41.1120,1370,20,30,0.03000,FR,0,25,41.85000
41.1120,1370,20,30,0.03000,BR,0,18,41.64000
41.1220,1370,20,30,0.03000,FL,0,10,41.40000
41.1220,1370,20,30,0.03000,BL,0,3,41.19000
41.1220,1370,20,30,0.03000,BL,1,33,42.09000
41.1220,1370,20,30,0.03000,FR,0,25,41.85000
41.1220,1370,20,30,0.03000,BR,0,18,41.64000
41.1320,1371,21,30,0.03000,FL,0,9,41.40000
41.1320,1371,21,30,0.03000,FL,1,39,42.30000
41.1320,1371,21,30,0.03000,BL,0,2,41.19000
41.1320,1371,21,30,0.03000,BL,1,32,42.09000
41.1320,1371,21,30,0.03000,FR,0,24,41.85000
41.1320,1371,21,30,0.03000,BR,0,17,41.64000
41.1420,1371,21,30,0.03000,FL,0,9,41.40000
41.1420,1371,21,30,0.03000,FL,1,39,42.30000
41.1420,1371,21,30,0.03000,BL,0,2,41.19000
41.1420,1371,21,30,0.03000,BL,1,32,42.09000
41.1420,1371,21,30,0.03000,FR,0,24,41.85000
41.1420,1371,21,30,0.03000,BR,0,17,41.64000
41.1520,1371,21,30,0.03000,FL,0,9,41.40000
41.1520,1371,21,30,0.03000,FL,1,39,42.30000
41.1520,1371,21,30,0.03000,BL,0,2,41.19000
41.1520,1371,21,30,0.03000,BL,1,32,42.09000
41.1520,1371,21,30,0.03000,FR,0,24,41.85000
41.1520,1371,21,30,0.03000,BR,0,17,41.64000
41.1600,1372,22,30,0.03000,FL,0,8,41.40000
41.1600,1372,22,30,0.03000,FL,1,38,42.30000
41.1600,1372,22,30,0.03000,BL,0,1,41.19000
41.1600,1372,22,30,0.03000,BL,1,31,42.09000
41.1600,1372,22,30,0.03000,FR,0,23,41.85000
41.1600,1372,22,30,0.03000,BR,0,16,41.64000
41.1800,1372,22,30,0.03000,FL,0,8,41.40000
41.1800,1372,22,30,0.03000,FL,1,38,42.30000
41.1800,1372,22,30,0.03000,BL,0,1,41.19000
41.1800,1372,22,30,0.03000,BL,1,31,42.09000
41.1800,1372,22,30,0.03000,FR,0,23,41.85000
41.1800,1372,22,30,0.03000,BR,0,16,41.64000
41.1900,1373,23,30,0.03000,FL,0,7,41.40000
41.1900,1373,23,30,0.03000,FL,1,37,42.30000
41.1900,1373,23,30,0.03000,BL,0,30,42.09000
41.1900,1373,23,30,0.03000,FR,0,22,41.85000
41.1900,1373,23,30,0.03000,BR,0,15,41.64000
41.2000,1373,23,30,0.03000,FL,0,7,41.40000
41.2000,1373,23,30,0.03000,FL,1,37,42.30000
41.2000,1373,23,30,0.03000,BL,0,30,42.09000
41.2000,1373,23,30,0.03000,FR,0,22,41.85000
41.2000,1373,23,30,0.03000,BR,0,15,41.64000
41.2100,1373,23,30,0.03000,FL,0,7,41.40000
41.2100,1373,23,30,0.03000,FL,1,37,42.30000
41.2100,1373,23,30,0.03000,BL,0,30,42.09000
41.2100,1373,23,30,0.03000,FR,0,22,41.85000
41.2100,1373,23,30,0.03000,BR,0,15,41.64000
41.2220,1374,24,30,0.03000,FL,0,6,41.40000
41.2220,1374,24,30,0.03000,FL,1,36,42.30000
41.2220,1374,24,30,0.03000,BL,0,29,42.09000
41.2220,1374,24,30,0.03000,FR,0,21,41.85000
41.2220,1374,24,30,0.03000,BR,0,14,41.64000
41.2400,1374,24,30,0.03000,FL,0,6,41.40000
41.2400,1374,24,30,0.03000,FL,1,36,42.30000
41.2400,1374,24,30,0.03000,BL,0,29,42.09000
41.2400,1374,24,30,0.03000,FR,0,21,41.85000
41.2400,1374,24,30,0.03000,BR,0,14,41.64000
41.2580,1375,25,30,0.03000,FL,0,5,41.40000
41.2580,1375,25,30,0.03000,FL,1,35,42.30000
41.2580,1375,25,30,0.03000,BL,0,28,42.09000
41.2580,1375,25,30,0.03000,FR,0,20,41.85000
41.2580,1375,25,30,0.03000,BR,0,13,41.64000
41.2700,1375,25,30,0.03000,FL,0,5,41.40000
41.2700,1375,25,30,0.03000,FL,1,35,42.30000
41.2700,1375,25,30,0.03000,BL,0,28,42.09000
41.2700,1375,25,30,0.03000,FR,0,20,41.85000
41.2700,1375,25,30,0.03000,BR,0,13,41.64000
41.2880,1376,26,30,0.03000,FL,0,4,41.40000
41.2880,1376,26,30,0.03000,FL,1,34,42.30000
41.2880,1376,26,30,0.03000,BL,0,27,42.09000
41.2880,1376,26,30,0.03000,FR,0,19,41.85000
41.2880,1376,26,30,0.03000,BR,0,12,41.64000
41.2980,1376,26,30,0.03000,FL,0,4,41.40000
41.2980,1376,26,30,0.03000,FL,1,34,42.30000
41.2980,1376,26,30,0.03000,BL,0,27,42.09000
41.2980,1376,26,30,0.03000,FR,0,19,41.85000
41.2980,1376,26,30,0.03000,BR,0,12,41.64000
41.3100,1377,27,30,0.03000,FL,0,3,41.40000
41.3100,1377,27,30,0.03000,FL,1,33,42.30000
41.3100,1377,27,30,0.03000,BL,0,26,42.09000
41.3100,1377,27,30,0.03000,FR,0,18,41.85000
41.3100,1377,27,30,0.03000,BR,0,11,41.64000
41.3200,1377,27,30,0.03000,FL,0,3,41.40000
41.3200,1377,27,30,0.03000,FL,1,33,42.30000
41.3200,1377,27,30,0.03000,BL,0,26,42.09000
41.3200,1377,27,30,0.03000,FR,0,18,41.85000
41.3200,1377,27,30,0.03000,BR,0,11,41.64000
41.3300,1377,27,30,0.03000,FL,0,3,41.40000
41.3300,1377,27,30,0.03000,FL,1,33,42.30000
41.3300,1377,27,30,0.03000,BL,0,26,42.09000
41.3300,1377,27,30,0.03000,FR,0,18,41.85000
41.3300,1377,27,30,0.03000,BR,0,11,41.64000
41.3460,1378,28,30,0.03000,FL,0,2,41.40000
41.3460,1378,28,30,0.03000,FL,1,32,42.30000
41.3460,1378,28,30,0.03000,BL,0,25,42.09000
41.3460,1378,28,30,0.03000,FR,0,17,41.85000
41.3460,1378,28,30,0.03000,BR,0,10,41.64000
41.3600,1378,28,30,0.03000,FL,0,2,41.40000
41.3600,1378,28,30,0.03000,FL,1,32,42.30000
41.3600,1378,28,30,0.03000,BL,0,25,42.09000
41.3600,1378,28,30,0.03000,FR,0,17,41.85000
41.3600,1378,28,30,0.03000,BR,0,10,41.64000
41.3860,1379,29,30,0.03000,FL,0,1,41.40000
41.3860,1379,29,30,0.03000,FL,1,31,42.30000
41.3860,1379,29,30,0.03000,BL,0,24,42.09000
41.3860,1379,29,30,0.03000,FR,0,16,41.85000
41.3860,1379,29,30,0.03000,BR,0,9,41.64000
41.3860,1379,29,30,0.03000,BR,1,39,42.54000
41.3980,1379,29,30,0.03000,FL,0,1,41.40000
41.3980,1379,29,30,0.03000,FL,1,31,42.30000
41.3980,1379,29,30,0.03000,BL,0,24,42.09000
41.3980,1379,29,30,0.03000,FR,0,16,41.85000
41.3980,1379,29,30,0.03000,BR,0,9,41.64000
41.3980,1379,29,30,0.03000,BR,1,39,42.54000
41.4100,1380,0,30,0.03000,FL,0,30,42.30000
41.4100,1380,0,30,0.03000,BL,0,23,42.09000
41.4100,1380,0,30,0.03000,FR,0,15,41.85000
41.4100,1380,0,30,0.03000,BR,0,8,41.64000
41.4100,1380,0,30,0.03000,BR,1,38,42.54000
41.4320,1381,1,30,0.03000,FL,0,29,42.30000
41.4320,1381,1,30,0.03000,BL,0,22,42.09000
41.4320,1381,1,30,0.03000,FR,0,14,41.85000
41.4320,1381,1,30,0.03000,BR,0,7,41.64000
41.4320,1381,1,30,0.03000,BR,1,37,42.54000
41.4460,1381,1,30,0.03000,FL,0,29,42.30000
41.4460,1381,1,30,0.03000,BL,0,22,42.09000
41.4460,1381,1,30,0.03000,FR,0,14,41.85000
41.4460,1381,1,30,0.03000,BR,0,7,41.64000
41.4460,1381,1,30,0.03000,BR,1,37,42.54000
41.4560,1381,1,30,0.03000,FL,0,29,42.30000
41.4560,1381,1,30,0.03000,BL,0,22,42.09000
41.4560,1381,1,30,0.03000,FR,0,14,41.85000
41.4560,1381,1,30,0.03000,BR,0,7,41.64000
41.4560,1381,1,30,0.03000,BR,1,37,42.54000
41.4720,1382,2,30,0.03000,FL,0,28,42.30000
41.4720,1382,2,30,0.03000,BL,0,21,42.09000
41.4720,1382,2,30,0.03000,FR,0,13,41.85000
41.4720,1382,2,30,0.03000,BR,0,6,41.64000
41.4720,1382,2,30,0.03000,BR,1,36,42.54000
41.4840,1382,2,30,0.03000,FL,0,28,42.30000
41.4840,1382,2,30,0.03000,BL,0,21,42.09000
41.4840,1382,2,30,0.03000,FR,0,13,41.85000
41.4840,1382,2,30,0.03000,BR,0,6,41.64000
41.4840,1382,2,30,0.03000,BR,1,36,42.54000
41.4960,1383,3,30,0.03000,FL,0,27,42.30000
41.4960,1383,3,30,0.03000,BL,0,20,42.09000
41.4960,1383,3,30,0.03000,FR,0,12,41.85000
41.4960,1383,3,30,0.03000,BR,0,5,41.64000
41.4960,1383,3,30,0.03000,BR,1,35,42.54000
41.5100,1383,3,30,0.03000,FL,0,27,42.30000
41.5100,1383,3,30,0.03000,BL,0,20,42.09000
41.5100,1383,3,30,0.03000,FR,0,12,41.85000
41.5100,1383,3,30,0.03000,BR,0,5,41.64000
41.5100,1383,3,30,0.03000,BR,1,35,42.54000
41.5200,1384,4,30,0.03000,FL,0,26,42.30000
41.5200,1384,4,30,0.03000,BL,0,19,42.09000
41.5200,1384,4,30,0.03000,FR,0,11,41.85000
41.5200,1384,4,30,0.03000,BR,0,4,41.64000
41.5200,1384,4,30,0.03000,BR,1,34,42.54000
41.5300,1384,4,30,0.03000,FL,0,26,42.30000
41.5300,1384,4,30,0.03000,BL,0,19,42.09000
41.5300,1384,4,30,0.03000,FR,0,11,41.85000
41.5300,1384,4,30,0.03000,BR,0,4,41.64000
41.5300,1384,4,30,0.03000,BR,1,34,42.54000
41.5420,1384,4,30,0.03000,FL,0,26,42.30000
41.5420,1384,4,30,0.03000,BL,0,19,42.09000
41.5420,1384,4,30,0.03000,FR,0,11,41.85000
41.5420,1384,4,30,0.03000,BR,0,4,41.64000
41.5420,1384,4,30,0.03000,BR,1,34,42.54000
41.5500,1385,5,30,0.03000,FL,0,25,42.30000
41.5500,1385,5,30,0.03000,BL,0,18,42.09000
41.5500,1385,5,30,0.03000,FR,0,10,41.85000
41.5500,1385,5,30,0.03000,BR,0,3,41.64000
41.5500,1385,5,30,0.03000,BR,1,33,42.54000
41.5600,1385,5,30,0.03000,FL,0,25,42.30000
41.5600,1385,5,30,0.03000,BL,0,18,42.09000
41.5600,1385,5,30,0.03000,FR,0,10,41.85000
41.5600,1385,5,30,0.03000,BR,0,3,41.64000
41.5600,1385,5,30,0.03000,BR,1,33,42.54000
41.5700,1385,5,30,0.03000,FL,0,25,42.30000
41.5700,1385,5,30,0.03000,BL,0,18,42.09000
41.5700,1385,5,30,0.03000,FR,0,10,41.85000
41.5700,1385,5,30,0.03000,BR,0,3,41.64000
41.5700,1385,5,30,0.03000,BR,1,33,42.54000
41.5800,1386,6,30,0.03000,FL,0,24,42.30000
41.5800,1386,6,30,0.03000,BL,0,17,42.09000
41.5800,1386,6,30,0.03000,FR,0,9,41.85000
41.5800,1386,6,30,0.03000,FR,1,39,42.75000
41.5800,1386,6,30,0.03000,BR,0,2,41.64000
41.5800,1386,6,30,0.03000,BR,1,32,42.54000
41.5900,1386,6,30,0.03000,FL,0,24,42.30000
41.5900,1386,6,30,0.03000,BL,0,17,42.09000
41.5900,1386,6,30,0.03000,FR,0,9,41.85000
41.5900,1386,6,30,0.03000,FR,1,39,42.75000
41.5900,1386,6,30,0.03000,BR,0,2,41.64000
41.5900,1386,6,30,0.03000,BR,1,32,42.54000
41.6000,1386,6,30,0.03000,FL,0,24,42.30000
41.6000,1386,6,30,0.03000,BL,0,17,42.09000
41.6000,1386,6,30,0.03000,FR,0,9,41.85000
41.6000,1386,6,30,0.03000,FR,1,39,42.75000
41.6000,1386,6,30,0.03000,BR,0,2,41.64000
41.6000,1386,6,30,0.03000,BR,1,32,42.54000
41.6100,1387,7,30,0.03000,FL,0,23,42.30000
41.6100,1387,7,30,0.03000,BL,0,16,42.09000
41.6100,1387,7,30,0.03000,FR,0,8,41.85000
41.6100,1387,7,30,0.03000,FR,1,38,42.75000
41.6100,1387,7,30,0.03000,BR,0,1,41.64000
41.6100,1387,7,30,0.03000,BR,1,31,42.54000
41.6280,1387,7,30,0.03000,FL,0,23,42.30000
41.6280,1387,7,30,0.03000,BL,0,16,42.09000
41.6280,1387,7,30,0.03000,FR,0,8,41.85000
41.6280,1387,7,30,0.03000,FR,1,38,42.75000
41.6280,1387,7,30,0.03000,BR,0,1,41.64000
41.6280,1387,7,30,0.03000,BR,1,31,42.54000
41.6400,1388,8,30,0.03000,FL,0,22,42.30000
41.6400,1388,8,30,0.03000,BL,0,15,42.09000
41.6400,1388,8,30,0.03000,FR,0,7,41.85000
41.6400,1388,8,30,0.03000,FR,1,37,42.75000
41.6400,1388,8,30,0.03000,BR,0,30,42.54000
41.6500,1388,8,30,0.03000,FL,0,22,42.30000
41.6500,1388,8,30,0.03000,BL,0,15,42.09000
41.6500,1388,8,30,0.03000,FR,0,7,41.85000
41.6500,1388,8,30,0.03000,FR,1,37,42.75000
41.6500,1388,8,30,0.03000,BR,0,30,42.54000
41.6580,1388,8,30,0.03000,FL,0,22,42.30000
41.6580,1388,8,30,0.03000,BL,0,15,42.09000
41.6580,1388,8,30,0.03000,FR,0,7,41.85000
41.6580,1388,8,30,0.03000,FR,1,37,42.75000
41.6580,1388,8,30,0.03000,BR,0,30,42.54000
41.6680,1388,8,30,0.03000,FL,0,22,42.30000
41.6680,1388,8,30,0.03000,BL,0,15,42.09000
41.6680,1388,8,30,0.03000,FR,0,7,41.85000
41.6680,1388,8,30,0.03000,FR,1,37,42.75000
41.6680,1388,8,30,0.03000,BR,0,30,42.54000
41.6780,1389,9,30,0.03000,FL,0,21,42.30000
41.6780,1389,9,30,0.03000,BL,0,14,42.09000
41.6780,1389,9,30,0.03000,FR,0,6,41.85000
41.6780,1389,9,30,0.03000,FR,1,36,42.75000
41.6780,1389,9,30,0.03000,BR,0,29,42.54000
41.6860,1389,9,30,0.03000,FL,0,21,42.30000
41.6860,1389,9,30,0.03000,BL,0,14,42.09000
41.6860,1389,9,30,0.03000,FR,0,6,41.85000
41.6860,1389,9,30,0.03000,FR,1,36,42.75000
41.6860,1389,9,30,0.03000,BR,0,29,42.54000
41.6980,1389,9,30,0.03000,FL,0,21,42.30000
41.6980,1389,9,30,0.03000,BL,0,14,42.09000
41.6980,1389,9,30,0.03000,FR,0,6,41.85000
41.6980,1389,9,30,0.03000,FR,1,36,42.75000
41.6980,1389,9,30,0.03000,BR,0,29,42.54000
41.7060,1390,10,30,0.03000,FL,0,20,42.30000
41.7060,1390,10,30,0.03000,BL,0,13,42.09000
41.7060,1390,10,30,0.03000,FR,0,5,41.85000
41.7060,1390,10,30,0.03000,FR,1,35,42.75000
41.7060,1390,10,30,0.03000,BR,0,28,42.54000
41.7160,1390,10,30,0.03000,FL,0,20,42.30000
41.7160,1390,10,30,0.03000,BL,0,13,42.09000
41.7160,1390,10,30,0.03000,FR,0,5,41.85000
41.7160,1390,10,30,0.03000,FR,1,35,42.75000
41.7160,1390,10,30,0.03000,BR,0,28,42.54000
41.7260,1390,10,30,0.03000,FL,0,20,42.30000
41.7260,1390,10,30,0.03000,BL,0,13,42.09000
41.7260,1390,10,30,0.03000,FR,0,5,41.85000
41.7260,1390,10,30,0.03000,FR,1,35,42.75000
41.7260,1390,10,30,0.03000,BR,0,28,42.54000
41.7360,1391,11,30,0.03000,FL,0,19,42.30000
41.7360,1391,11,30,0.03000,BL,0,12,42.09000
41.7360,1391,11,30,0.03000,FR,0,4,41.85000
41.7360,1391,11,30,0.03000,FR,1,34,42.75000
41.7360,1391,11,30,0.03000,BR,0,27,42.54000
41.7460,1391,11,30,0.03000,FL,0,19,42.30000
41.7460,1391,11,30,0.03000,BL,0,12,42.09000
41.7460,1391,11,30,0.03000,FR,0,4,41.85000
41.7460,1391,11,30,0.03000,FR,1,34,42.75000
41.7460,1391,11,30,0.03000,BR,0,27,42.54000
41.7560,1391,11,30,0.03000,FL,0,19,42.30000
41.7560,1391,11,30,0.03000,BL,0,12,42.09000
41.7560,1391,11,30,0.03000,FR,0,4,41.85000
41.7560,1391,11,30,0.03000,FR,1,34,42.75000
41.7560,1391,11,30,0.03000,BR,0,27,42.54000
41.7640,1392,12,30,0.03000,FL,0,18,42.30000
41.7640,1392,12,30,0.03000,BL,0,11,42.09000
41.7640,1392,12,30,0.03000,FR,0,3,41.85000
41.7640,1392,12,30,0.03000,FR,1,33,42.75000
41.7640,1392,12,30,0.03000,BR,0,26,42.54000
41.7760,1392,12,30,0.03000,FL,0,18,42.30000
41.7760,1392,12,30,0.03000,BL,0,11,42.09000
41.7760,1392,12,30,0.03000,FR,0,3,41.85000
41.7760,1392,12,30,0.03000,FR,1,33,42.75000
41.7760,1392,12,30,0.03000,BR,0,26,42.54000
41.7840,1392,12,30,0.03000,FL,0,18,42.30000
41.7840,1392,12,30,0.03000,BL,0,11,42.09000
41.7840,1392,12,30,0.03000,FR,0,3,41.85000
41.7840,1392,12,30,0.03000,FR,1,33,42.75000
41.7840,1392,12,30,0.03000,BR,0,26,42.54000
41.7940,1393,13,30,0.03000,FL,0,17,42.30000
41.7940,1393,13,30,0.03000,BL,0,10,42.09000
41.7940,1393,13,30,0.03000,FR,0,2,41.85000
41.7940,1393,13,30,0.03000,FR,1,32,42.75000
41.7940,1393,13,30,0.03000,BR,0,25,42.54000
41.8040,1393,13,30,0.03000,FL,0,17,42.30000
41.8040,1393,13,30,0.03000,BL,0,10,42.09000
41.8040,1393,13,30,0.03000,FR,0,2,41.85000
41.8040,1393,13,30,0.03000,FR,1,32,42.75000
41.8040,1393,13,30,0.03000,BR,0,25,42.54000
41.8140,1393,13,30,0.03000,FL,0,17,42.30000
41.8140,1393,13,30,0.03000,BL,0,10,42.09000
41.8140,1393,13,30,0.03000,FR,0,2,41.85000
41.8140,1393,13,30,0.03000,FR,1,32,42.75000
41.8140,1393,13,30,0.03000,BR,0,25,42.54000
41.8220,1394,14,30,0.03000,FL,0,16,42.30000
41.8220,1394,14,30,0.03000,BL,0,9,42.09000
41.8220,1394,14,30,0.03000,BL,1,39,42.99000
41.8220,1394,14,30,0.03000,FR,0,1,41.85000
41.8220,1394,14,30,0.03000,FR,1,31,42.75000
41.8220,1394,14,30,0.03000,BR,0,24,42.54000
41.8320,1394,14,30,0.03000,FL,0,16,42.30000
41.8320,1394,14,30,0.03000,BL,0,9,42.09000
41.8320,1394,14,30,0.03000,BL,1,39,42.99000
41.8320,1394,14,30,0.03000,FR,0,1,41.85000
41.8320,1394,14,30,0.03000,FR,1,31,42.75000
41.8320,1394,14,30,0.03000,BR,0,24,42.54000
41.8420,1394,14,30,0.03000,FL,0,16,42.30000
41.8420,1394,14,30,0.03000,BL,0,9,42.09000
41.8420,1394,14,30,0.03000,BL,1,39,42.99000
41.8420,1394,14,30,0.03000,FR,0,1,41.85000
41.8420,1394,14,30,0.03000,FR,1,31,42.75000
41.8420,1394,14,30,0.03000,BR,0,24,42.54000
41.8520,1395,15,30,0.03000,FL,0,15,42.30000
41.8520,1395,15,30,0.03000,BL,0,8,42.09000
41.8520,1395,15,30,0.03000,BL,1,38,42.99000
41.8520,1395,15,30,0.03000,FR,0,30,42.75000
41.8520,1395,15,30,0.03000,BR,0,23,42.54000
41.8740,1395,15,30,0.03000,FL,0,15,42.30000
41.8740,1395,15,30,0.03000,BL,0,8,42.09000
41.8740,1395,15,30,0.03000,BL,1,38,42.99000
41.8740,1395,15,30,0.03000,FR,0,30,42.75000
41.8740,1395,15,30,0.03000,BR,0,23,42.54000
41.8860,1396,16,30,0.03000,FL,0,14,42.30000
41.8860,1396,16,30,0.03000,BL,0,7,42.09000
41.8860,1396,16,30,0.03000,BL,1,37,42.99000
41.8860,1396,16,30,0.03000,FR,0,29,42.75000
41.8860,1396,16,30,0.03000,BR,0,22,42.54000
41.8960,1396,16,30,0.03000,FL,0,14,42.30000
41.8960,1396,16,30,0.03000,BL,0,7,42.09000
41.8960,1396,16,30,0.03000,BL,1,37,42.99000
41.8960,1396,16,30,0.03000,FR,0,29,42.75000
41.8960,1396,16,30,0.03000,BR,0,22,42.54000
41.9060,1396,16,30,0.03000,FL,0,14,42.30000
41.9060,1396,16,30,0.03000,BL,0,7,42.09000
41.9060,1396,16,30,0.03000,BL,1,37,42.99000
41.9060,1396,16,30,0.03000,FR,0,29,42.75000
41.9060,1396,16,30,0.03000,BR,0,22,42.54000
41.9180,1397,17,30,0.03000,FL,0,13,42.30000
41.9180,1397,17,30,0.03000,BL,0,6,42.09000
41.9180,1397,17,30,0.03000,BL,1,36,42.99000
41.9180,1397,17,30,0.03000,FR,0,28,42.75000
41.9180,1397,17,30,0.03000,BR,0,21,42.54000
41.9260,1397,17,30,0.03000,FL,0,13,42.30000
41.9260,1397,17,30,0.03000,BL,0,6,42.09000
41.9260,1397,17,30,0.03000,BL,1,36,42.99000
41.9260,1397,17,30,0.03000,FR,0,28,42.75000
41.9260,1397,17,30,0.03000,BR,0,21,42.54000
41.9360,1397,17,30,0.03000,FL,0,13,42.30000
41.9360,1397,17,30,0.03000,BL,0,6,42.09000
41.9360,1397,17,30,0.03000,BL,1,36,42.99000
41.9360,1397,17,30,0.03000,FR,0,28,42.75000
41.9360,1397,17,30,0.03000,BR,0,21,42.54000
41.9480,1398,18,30,0.03000,FL,0,12,42.30000
41.9480,1398,18,30,0.03000,BL,0,5,42.09000
41.9480,1398,18,30,0.03000,BL,1,35,42.99000
41.9480,1398,18,30,0.03000,FR,0,27,42.75000
41.9480,1398,18,30,0.03000,BR,0,20,42.54000
41.9560,1398,18,30,0.03000,FL,0,12,42.30000
41.9560,1398,18,30,0.03000,BL,0,5,42.09000
41.9560,1398,18,30,0.03000,BL,1,35,42.99000
41.9560,1398,18,30,0.03000,FR,0,27,42.75000
41.9560,1398,18,30,0.03000,BR,0,20,42.54000
41.9660,1398,18,30,0.03000,FL,0,12,42.30000
41.9660,1398,18,30,0.03000,BL,0,5,42.09000
41.9660,1398,18,30,0.03000,BL,1,35,42.99000
41.9660,1398,18,30,0.03000,FR,0,27,42.75000
41.9660,1398,18,30,0.03000,BR,0,20,42.54000
41.9760,1399,19,30,0.03000,FL,0,11,42.30000
41.9760,1399,19,30,0.03000,BL,0,4,42.09000
41.9760,1399,19,30,0.03000,BL,1,34,42.99000
41.9760,1399,19,30,0.03000,FR,0,26,42.75000
41.9760,1399,19,30,0.03000,BR,0,19,42.54000
41.9860,1399,19,30,0.03000,FL,0,11,42.30000
41.9860,1399,19,30,0.03000,BL,0,4,42.09000
41.9860,1399,19,30,0.03000,BL,1,34,42.99000
41.9860,1399,19,30,0.03000,FR,0,26,42.75000
41.9860,1399,19,30,0.03000,BR,0,19,42.54000
41.9960,1399,19,30,0.03000,FL,0,11,42.30000
41.9960,1399,19,30,0.03000,BL,0,4,42.09000
41.9960,1399,19,30,0.03000,BL,1,34,42.99000
41.9960,1399,19,30,0.03000,FR,0,26,42.75000
41.9960,1399,19,30,0.03000,BR,0,19,42.54000
42.0060,1400,20,30,0.03000,FL,0,10,42.30000
42.0060,1400,20,30,0.03000,BL,0,3,42.09000
42.0060,1400,20,30,0.03000,BL,1,33,42.99000
42.0060,1400,20,30,0.03000,FR,0,25,42.75000
42.0060,1400,20,30,0.03000,BR,0,18,42.54000
42.0140,1400,20,30,0.03000,FL,0,10,42.30000
42.0140,1400,20,30,0.03000,BL,0,3,42.09000
42.0140,1400,20,30,0.03000,BL,1,33,42.99000
42.0140,1400,20,30,0.03000,FR,0,25,42.75000
42.0140,1400,20,30,0.03000,BR,0,18,42.54000
42.0240,1400,20,30,0.03000,FL,0,10,42.30000
42.0240,1400,20,30,0.03000,BL,0,3,42.09000
42.0240,1400,20,30,0.03000,BL,1,33,42.99000
42.0240,1400,20,30,0.03000,FR,0,25,42.75000
42.0240,1400,20,30,0.03000,BR,0,18,42.54000
42.0340,1401,21,30,0.03000,FL,0,9,42.30000
42.0340,1401,21,30,0.03000,FL,1,39,43.20000
42.0340,1401,21,30,0.03000,BL,0,2,42.09000
42.0340,1401,21,30,0.03000,BL,1,32,42.99000
42.0340,1401,21,30,0.03000,FR,0,24,42.75000
42.0340,1401,21,30,0.03000,BR,0,17,42.54000
42.0440,1401,21,30,0.03000,FL,0,9,42.30000
42.0440,1401,21,30,0.03000,FL,1,39,43.20000
42.0440,1401,21,30,0.03000,BL,0,2,42.09000
42.0440,1401,21,30,0.03000,BL,1,32,42.99000
42.0440,1401,21,30,0.03000,FR,0,24,42.75000
42.0440,1401,21,30,0.03000,BR,0,17,42.54000
42.0540,1401,21,30,0.03000,FL,0,9,42.30000
42.0540,1401,21,30,0.03000,FL,1,39,43.20000
42.0540,1401,21,30,0.03000,BL,0,2,42.09000
42.0540,1401,21,30,0.03000,BL,1,32,42.99000
42.0540,1401,21,30,0.03000,FR,0,24,42.75000
42.0540,1401,21,30,0.03000,BR,0,17,42.54000
42.0640,1402,22,30,0.03000,FL,0,8,42.30000
42.0640,1402,22,30,0.03000,FL,1,38,43.20000
42.0640,1402,22,30,0.03000,BL,0,1,42.09000
42.0640,1402,22,30,0.03000,BL,1,31,42.99000
42.0640,1402,22,30,0.03000,FR,0,23,42.75000
42.0640,1402,22,30,0.03000,BR,0,16,42.54000
42.0840,1402,22,30,0.03000,FL,0,8,42.30000
42.0840,1402,22,30,0.03000,FL,1,38,43.20000
42.0840,1402,22,30,0.03000,BL,0,1,42.09000
42.0840,1402,22,30,0.03000,BL,1,31,42.99000
42.0840,1402,22,30,0.03000,FR,0,23,42.75000
42.0840,1402,22,30,0.03000,BR,0,16,42.54000
42.0960,1403,23,30,0.03000,FL,0,7,42.30000
42.0960,1403,23,30,0.03000,FL,1,37,43.20000
42.0960,1403,23,30,0.03000,BL,0,30,42.99000
42.0960,1403,23,30,0.03000,FR,0,22,42.75000
42.0960,1403,23,30,0.03000,BR,0,15,42.54000
42.1060,1403,23,30,0.03000,FL,0,7,42.30000
42.1060,1403,23,30,0.03000,FL,1,37,43.20000
42.1060,1403,23,30,0.03000,BL,0,30,42.99000
42.1060,1403,23,30,0.03000,FR,0,22,42.75000
42.1060,1403,23,30,0.03000,BR,0,15,42.54000
42.1200,1404,24,30,0.03000,FL,0,6,42.30000
42.1200,1404,24,30,0.03000,FL,1,36,43.20000
42.1200,1404,24,30,0.03000,BL,0,29,42.99000
42.1200,1404,24,30,0.03000,FR,0,21,42.75000
42.1200,1404,24,30,0.03000,BR,0,14,42.54000
42.1320,1404,24,30,0.03000,FL,0,6,42.30000
42.1320,1404,24,30,0.03000,FL,1,36,43.20000
42.1320,1404,24,30,0.03000,BL,0,29,42.99000
42.1320,1404,24,30,0.03000,FR,0,21,42.75000
42.1320,1404,24,30,0.03000,BR,0,14,42.54000
42.1440,1404,24,30,0.03000,FL,0,6,42.30000
42.1440,1404,24,30,0.03000,FL,1,36,43.20000
42.1440,1404,24,30,0.03000,BL,0,29,42.99000
42.1440,1404,24,30,0.03000,FR,0,21,42.75000
42.1440,1404,24,30,0.03000,BR,0,14,42.54000
42.1540,1405,25,30,0.03000,FL,0,5,42.30000
42.1540,1405,25,30,0.03000,FL,1,35,43.20000
42.1540,1405,25,30,0.03000,BL,0,28,42.99000
42.1540,1405,25,30,0.03000,FR,0,20,42.75000
42.1540,1405,25,30,0.03000,BR,0,13,42.54000
42.1680,1405,25,30,0.03000,FL,0,5,42.30000
42.1680,1405,25,30,0.03000,FL,1,35,43.20000
42.1680,1405,25,30,0.03000,BL,0,28,42.99000
42.1680,1405,25,30,0.03000,FR,0,20,42.75000
42.1680,1405,25,30,0.03000,BR,0,13,42.54000
42.1780,1405,25,30,0.03000,FL,0,5,42.30000
42.1780,1405,25,30,0.03000,FL,1,35,43.20000
42.1780,1405,25,30,0.03000,BL,0,28,42.99000
42.1780,1405,25,30,0.03000,FR,0,20,42.75000
42.1780,1405,25,30,0.03000,BR,0,13,42.54000
42.1900,1406,26,30,0.03000,FL,0,4,42.30000
42.1900,1406,26,30,0.03000,FL,1,34,43.20000
42.1900,1406,26,30,0.03000,BL,0,27,42.99000
42.1900,1406,26,30,0.03000,FR,0,19,42.75000
42.1900,1406,26,30,0.03000,BR,0,12,42.54000
42.2020,1406,26,30,0.03000,FL,0,4,42.30000
42.2020,1406,26,30,0.03000,FL,1,34,43.20000
42.2020,1406,26,30,0.03000,BL,0,27,42.99000
42.2020,1406,26,30,0.03000,FR,0,19,42.75000
42.2020,1406,26,30,0.03000,BR,0,12,42.54000
42.2140,1407,27,30,0.03000,FL,0,3,42.30000
42.2140,1407,27,30,0.03000,FL,1,33,43.20000
42.2140,1407,27,30,0.03000,BL,0,26,42.99000
42.2140,1407,27,30,0.03000,FR,0,18,42.75000
42.2140,1407,27,30,0.03000,BR,0,11,42.54000
42.2240,1407,27,30,0.03000,FL,0,3,42.30000
42.2240,1407,27,30,0.03000,FL,1,33,43.20000
42.2240,1407,27,30,0.03000,BL,0,26,42.99000
42.2240,1407,27,30,0.03000,FR,0,18,42.75000
42.2240,1407,27,30,0.03000,BR,0,11,42.54000
42.2340,1407,27,30,0.03000,FL,0,3,42.30000
42.2340,1407,27,30,0.03000,FL,1,33,43.20000
42.2340,1407,27,30,0.03000,BL,0,26,42.99000
42.2340,1407,27,30,0.03000,FR,0,18,42.75000
42.2340,1407,27,30,0.03000,BR,0,11,42.54000
42.2440,1408,28,30,0.03000,FL,0,2,42.30000
42.2440,1408,28,30,0.03000,FL,1,32,43.20000
42.2440,1408,28,30,0.03000,BL,0,25,42.99000
42.2440,1408,28,30,0.03000,FR,0,17,42.75000
42.2440,1408,28,30,0.03000,BR,0,10,42.54000
42.2540,1408,28,30,0.03000,FL,0,2,42.30000
42.2540,1408,28,30,0.03000,FL,1,32,43.20000
42.2540,1408,28,30,0.03000,BL,0,25,42.99000
42.2540,1408,28,30,0.03000,FR,0,17,42.75000
42.2540,1408,28,30,0.03000,BR,0,10,42.54000
42.2640,1408,28,30,0.03000,FL,0,2,42.30000
42.2640,1408,28,30,0.03000,FL,1,32,43.20000
42.2640,1408,28,30,0.03000,BL,0,25,42.99000
42.2640,1408,28,30,0.03000,FR,0,17,42.75000
42.2640,1408,28,30,0.03000,BR,0,10,42.54000
42.2720,1409,29,30,0.03000,FL,0,1,42.30000
42.2720,1409,29,30,0.03000,FL,1,31,43.20000
42.2720,1409,29,30,0.03000,BL,0,24,42.99000
42.2720,1409,29,30,0.03000,FR,0,16,42.75000
42.2720,1409,29,30,0.03000,BR,0,9,42.54000
42.2720,1409,29,30,0.03000,BR,1,39,43.44000
42.2820,1409,29,30,0.03000,FL,0,1,42.30000
42.2820,1409,29,30,0.03000,FL,1,31,43.20000
42.2820,1409,29,30,0.03000,BL,0,24,42.99000
42.2820,1409,29,30,0.03000,FR,0,16,42.75000
42.2820,1409,29,30,0.03000,BR,0,9,42.54000
42.2820,1409,29,30,0.03000,BR,1,39,43.44000
42.2920,1409,29,30,0.03000,FL,0,1,42.30000
42.2920,1409,29,30,0.03000,FL,1,31,43.20000
42.2920,1409,29,30,0.03000,BL,0,24,42.99000
42.2920,1409,29,30,0.03000,FR,0,16,42.75000
42.2920,1409,29,30,0.03000,BR,0,9,42.54000
42.2920,1409,29,30,0.03000,BR,1,39,43.44000
42.3020,1410,0,30,0.03000,FL,0,30,43.20000
42.3020,1410,0,30,0.03000,BL,0,23,42.99000
42.3020,1410,0,30,0.03000,FR,0,15,42.75000
42.3020,1410,0,30,0.03000,BR,0,8,42.54000
42.3020,1410,0,30,0.03000,BR,1,38,43.44000
42.3220,1410,0,30,0.03000,FL,0,30,43.20000
42.3220,1410,0,30,0.03000,BL,0,23,42.99000
42.3220,1410,0,30,0.03000,FR,0,15,42.75000
42.3220,1410,0,30,0.03000,BR,0,8,42.54000
42.3220,1410,0,30,0.03000,BR,1,38,43.44000
42.3320,1411,1,30,0.03000,FL,0,29,43.20000
42.3320,1411,1,30,0.03000,BL,0,22,42.99000
42.3320,1411,1,30,0.03000,FR,0,14,42.75000
42.3320,1411,1,30,0.03000,BR,0,7,42.54000
42.3320,1411,1,30,0.03000,BR,1,37,43.44000
42.3420,1411,1,30,0.03000,FL,0,29,43.20000
42.3420,1411,1,30,0.03000,BL,0,22,42.99000
42.3420,1411,1,30,0.03000,FR,0,14,42.75000
42.3420,1411,1,30,0.03000,BR,0,7,42.54000
42.3420,1411,1,30,0.03000,BR,1,37,43.44000
42.3500,1411,1,30,0.03000,FL,0,29,43.20000
42.3500,1411,1,30,0.03000,BL,0,22,42.99000
42.3500,1411,1,30,0.03000,FR,0,14,42.75000
42.3500,1411,1,30,0.03000,BR,0,7,42.54000
42.3500,1411,1,30,0.03000,BR,1,37,43.44000
42.3600,1412,2,30,0.03000,FL,0,28,43.20000
42.3600,1412,2,30,0.03000,BL,0,21,42.99000
42.3600,1412,2,30,0.03000,FR,0,13,42.75000
42.3600,1412,2,30,0.03000,BR,0,6,42.54000
42.3600,1412,2,30,0.03000,BR,1,36,43.44000
42.3720,1412,2,30,0.03000,FL,0,28,43.20000
42.3720,1412,2,30,0.03000,BL,0,21,42.99000
42.3720,1412,2,30,0.03000,FR,0,13,42.75000
42.3720,1412,2,30,0.03000,BR,0,6,42.54000
42.3720,1412,2,30,0.03000,BR,1,36,43.44000
42.3820,1412,2,30,0.03000,FL,0,28,43.20000
42.3820,1412,2,30,0.03000,BL,0,21,42.99000
42.3820,1412,2,30,0.03000,FR,0,13,42.75000
42.3820,1412,2,30,0.03000,BR,0,6,42.54000
42.3820,1412,2,30,0.03000,BR,1,36,43.44000
42.3960,1413,3,30,0.03000,FL,0,27,43.20000
42.3960,1413,3,30,0.03000,BL,0,20,42.99000
42.3960,1413,3,30,0.03000,FR,0,12,42.75000
42.3960,1413,3,30,0.03000,BR,0,5,42.54000
42.3960,1413,3,30,0.03000,BR,1,35,43.44000
42.4040,1413,3,30,0.03000,FL,0,27,43.20000
42.4040,1413,3,30,0.03000,BL,0,20,42.99000
42.4040,1413,3,30,0.03000,FR,0,12,42.75000
42.4040,1413,3,30,0.03000,BR,0,5,42.54000
42.4040,1413,3,30,0.03000,BR,1,35,43.44000
42.4160,1413,3,30,0.03000,FL,0,27,43.20000
42.4160,1413,3,30,0.03000,BL,0,20,42.99000
42.4160,1413,3,30,0.03000,FR,0,12,42.75000
42.4160,1413,3,30,0.03000,BR,0,5,42.54000
42.4160,1413,3,30,0.03000,BR,1,35,43.44000
42.4280,1414,4,30,0.03000,FL,0,26,43.20000
42.4280,1414,4,30,0.03000,BL,0,19,42.99000
42.4280,1414,4,30,0.03000,FR,0,11,42.75000
42.4280,1414,4,30,0.03000,BR,0,4,42.54000
42.4280,1414,4,30,0.03000,BR,1,34,43.44000
42.4360,1414,4,30,0.03000,FL,0,26,43.20000
42.4360,1414,4,30,0.03000,BL,0,19,42.99000
42.4360,1414,4,30,0.03000,FR,0,11,42.75000
42.4360,1414,4,30,0.03000,BR,0,4,42.54000
42.4360,1414,4,30,0.03000,BR,1,34,43.44000
42.4460,1414,4,30,0.03000,FL,0,26,43.20000
42.4460,1414,4,30,0.03000,BL,0,19,42.99000
42.4460,1414,4,30,0.03000,FR,0,11,42.75000
42.4460,1414,4,30,0.03000,BR,0,4,42.54000
42.4460,1414,4,30,0.03000,BR,1,34,43.44000
42.4560,1415,5,30,0.03000,FL,0,25,43.20000
42.4560,1415,5,30,0.03000,BL,0,18,42.99000
42.4560,1415,5,30,0.03000,FR,0,10,42.75000
42.4560,1415,5,30,0.03000,BR,0,3,42.54000
42.4560,1415,5,30,0.03000,BR,1,33,43.44000
42.4660,1415,5,30,0.03000,FL,0,25,43.20000
42.4660,1415,5,30,0.03000,BL,0,18,42.99000
42.4660,1415,5,30,0.03000,FR,0,10,42.75000
42.4660,1415,5,30,0.03000,BR,0,3,42.54000
42.4660,1415,5,30,0.03000,BR,1,33,43.44000
42.4760,1415,5,30,0.03000,FL,0,25,43.20000
42.4760,1415,5,30,0.03000,BL,0,18,42.99000
42.4760,1415,5,30,0.03000,FR,0,10,42.75000
42.4760,1415,5,30,0.03000,BR,0,3,42.54000
42.4760,1415,5,30,0.03000,BR,1,33,43.44000
42.4860,1416,6,30,0.03000,FL,0,24,43.20000
42.4860,1416,6,30,0.03000,BL,0,17,42.99000
42.4860,1416,6,30,0.03000,FR,0,9,42.75000
42.4860,1416,6,30,0.03000,FR,1,39,43.65000
42.4860,1416,6,30,0.03000,BR,0,2,42.54000
42.4860,1416,6,30,0.03000,BR,1,32,43.44000
42.4960,1416,6,30,0.03000,FL,0,24,43.20000
42.4960,1416,6,30,0.03000,BL,0,17,42.99000
42.4960,1416,6,30,0.03000,FR,0,9,42.75000
42.4960,1416,6,30,0.03000,FR,1,39,43.65000
42.4960,1416,6,30,0.03000,BR,0,2,42.54000
42.4960,1416,6,30,0.03000,BR,1,32,43.44000
42.5060,1416,6,30,0.03000,FL,0,24,43.20000
42.5060,1416,6,30,0.03000,BL,0,17,42.99000
42.5060,1416,6,30,0.03000,FR,0,9,42.75000
42.5060,1416,6,30,0.03000,FR,1,39,43.65000
42.5060,1416,6,30,0.03000,BR,0,2,42.54000
42.5060,1416,6,30,0.03000,BR,1,32,43.44000
42.5180,1417,7,30,0.03000,FL,0,23,43.20000
42.5180,1417,7,30,0.03000,BL,0,16,42.99000
42.5180,1417,7,30,0.03000,FR,0,8,42.75000
42.5180,1417,7,30,0.03000,FR,1,38,43.65000
42.5180,1417,7,30,0.03000,BR,0,1,42.54000
42.5180,1417,7,30,0.03000,BR,1,31,43.44000
42.5520,1418,8,30,0.03000,FL,0,22,43.20000
42.5520,1418,8,30,0.03000,BL,0,15,42.99000
42.5520,1418,8,30,0.03000,FR,0,7,42.75000
42.5520,1418,8,30,0.03000,FR,1,37,43.65000
42.5520,1418,8,30,0.03000,BR,0,30,43.44000
42.5640,1418,8,30,0.03000,FL,0,22,43.20000
42.5640,1418,8,30,0.03000,BL,0,15,42.99000
42.5640,1418,8,30,0.03000,FR,0,7,42.75000
42.5640,1418,8,30,0.03000,FR,1,37,43.65000
42.5640,1418,8,30,0.03000,BR,0,30,43.44000
42.5740,1419,9,30,0.03000,FL,0,21,43.20000
42.5740,1419,9,30,0.03000,BL,0,14,42.99000
42.5740,1419,9,30,0.03000,FR,0,6,42.75000
42.5740,1419,9,30,0.03000,FR,1,36,43.65000
42.5740,1419,9,30,0.03000,BR,0,29,43.44000
42.5840,1419,9,30,0.03000,FL,0,21,43.20000
42.5840,1419,9,30,0.03000,BL,0,14,42.99000
42.5840,1419,9,30,0.03000,FR,0,6,42.75000
42.5840,1419,9,30,0.03000,FR,1,36,43.65000
42.5840,1419,9,30,0.03000,BR,0,29,43.44000
42.5940,1419,9,30,0.03000,FL,0,21,43.20000
42.5940,1419,9,30,0.03000,BL,0,14,42.99000
42.5940,1419,9,30,0.03000,FR,0,6,42.75000
42.5940,1419,9,30,0.03000,FR,1,36,43.65000
42.5940,1419,9,30,0.03000,BR,0,29,43.44000
42.6040,1420,10,30,0.03000,FL,0,20,43.20000
42.6040,1420,10,30,0.03000,BL,0,13,42.99000
42.6040,1420,10,30,0.03000,FR,0,5,42.75000
42.6040,1420,10,30,0.03000,FR,1,35,43.65000
42.6040,1420,10,30,0.03000,BR,0,28,43.44000
42.6120,1420,10,30,0.03000,FL,0,20,43.20000
42.6120,1420,10,30,0.03000,BL,0,13,42.99000
42.6120,1420,10,30,0.03000,FR,0,5,42.75000
42.6120,1420,10,30,0.03000,FR,1,35,43.65000
42.6120,1420,10,30,0.03000,BR,0,28,43.44000
42.6240,1420,10,30,0.03000,FL,0,20,43.20000
42.6240,1420,10,30,0.03000,BL,0,13,42.99000
42.6240,1420,10,30,0.03000,FR,0,5,42.75000
42.6240,1420,10,30,0.03000,FR,1,35,43.65000
42.6240,1420,10,30,0.03000,BR,0,28,43.44000
42.6320,1421,11,30,0.03000,FL,0,19,43.20000
42.6320,1421,11,30,0.03000,BL,0,12,42.99000
42.6320,1421,11,30,0.03000,FR,0,4,42.75000
42.6320,1421,11,30,0.03000,FR,1,34,43.65000
42.6320,1421,11,30,0.03000,BR,0,27,43.44000
42.6420,1421,11,30,0.03000,FL,0,19,43.20000
42.6420,1421,11,30,0.03000,BL,0,12,42.99000
42.6420,1421,11,30,0.03000,FR,0,4,42.75000
42.6420,1421,11,30,0.03000,FR,1,34,43.65000
42.6420,1421,11,30,0.03000,BR,0,27,43.44000
42.6500,1421,11,30,0.03000,FL,0,19,43.20000
42.6520,1421,11,30,0.03000,BL,0,12,42.99000
42.6520,1421,11,30,0.03000,FR,0,4,42.75000
42.6520,1421,11,30,0.03000,FR,1,34,43.65000
42.6520,1421,11,30,0.03000,BR,0,27,43.44000
42.6620,1422,12,30,0.03000,FL,0,18,43.20000
42.6620,1422,12,30,0.03000,BL,0,11,42.99000
42.6620,1422,12,30,0.03000,FR,0,3,42.75000
42.6620,1422,12,30,0.03000,FR,1,33,43.65000
42.6620,1422,12,30,0.03000,BR,0,26,43.44000
42.6720,1422,12,30,0.03000,FL,0,18,43.20000
42.6720,1422,12,30,0.03000,BL,0,11,42.99000
42.6720,1422,12,30,0.03000,FR,0,3,42.75000
42.6720,1422,12,30,0.03000,FR,1,33,43.65000
42.6720,1422,12,30,0.03000,BR,0,26,43.44000
42.6800,1422,12,30,0.03000,FL,0,18,43.20000
42.6800,1422,12,30,0.03000,BL,0,11,42.99000
42.6800,1422,12,30,0.03000,FR,0,3,42.75000
42.6800,1422,12,30,0.03000,FR,1,33,43.65000
42.6800,1422,12,30,0.03000,BR,0,26,43.44000
42.6900,1423,13,30,0.03000,FL,0,17,43.20000
42.6900,1423,13,30,0.03000,BL,0,10,42.99000
42.6900,1423,13,30,0.03000,FR,0,2,42.75000
42.6900,1423,13,30,0.03000,FR,1,32,43.65000
42.6900,1423,13,30,0.03000,BR,0,25,43.44000
42.7000,1423,13,30,0.03000,FL,0,17,43.20000
42.7000,1423,13,30,0.03000,BL,0,10,42.99000
42.7000,1423,13,30,0.03000,FR,0,2,42.75000
42.7000,1423,13,30,0.03000,FR,1,32,43.65000
42.7000,1423,13,30,0.03000,BR,0,25,43.44000
42.7100,1423,13,30,0.03000,FL,0,17,43.20000
42.7100,1423,13,30,0.03000,BL,0,10,42.99000
42.7100,1423,13,30,0.03000,FR,0,2,42.75000
42.7100,1423,13,30,0.03000,FR,1,32,43.65000
42.7100,1423,13,30,0.03000,BR,0,25,43.44000
42.7200,1424,14,30,0.03000,FL,0,16,43.20000
42.7200,1424,14,30,0.03000,BL,0,9,42.99000
42.7200,1424,14,30,0.03000,BL,1,39,43.89000
42.7200,1424,14,30,0.03000,FR,0,1,42.75000
42.7200,1424,14,30,0.03000,FR,1,31,43.65000
42.7200,1424,14,30,0.03000,BR,0,24,43.44000
42.7280,1424,14,30,0.03000,FL,0,16,43.20000
42.7280,1424,14,30,0.03000,BL,0,9,42.99000
42.7280,1424,14,30,0.03000,BL,1,39,43.89000
42.7280,1424,14,30,0.03000,FR,0,1,42.75000
42.7280,1424,14,30,0.03000,FR,1,31,43.65000
42.7280,1424,14,30,0.03000,BR,0,24,43.44000
42.7400,1424,14,30,0.03000,FL,0,16,43.20000
42.7400,1424,14,30,0.03000,BL,0,9,42.99000
42.7400,1424,14,30,0.03000,BL,1,39,43.89000
42.7400,1424,14,30,0.03000,FR,0,1,42.75000
42.7400,1424,14,30,0.03000,FR,1,31,43.65000
42.7400,1424,14,30,0.03000,BR,0,24,43.44000
42.7480,1424,14,30,0.03000,FL,0,16,43.20000
42.7480,1424,14,30,0.03000,BL,0,9,42.99000
42.7480,1424,14,30,0.03000,BL,1,39,43.89000
42.7480,1424,14,30,0.03000,FR,0,1,42.75000
42.7480,1424,14,30,0.03000,FR,1,31,43.65000
42.7480,1424,14,30,0.03000,BR,0,24,43.44000
42.7580,1425,15,30,0.03000,FL,0,15,43.20000
42.7580,1425,15,30,0.03000,BL,0,8,42.99000
42.7580,1425,15,30,0.03000,BL,1,38,43.89000
42.7580,1425,15,30,0.03000,FR,0,30,43.65000
42.7580,1425,15,30,0.03000,BR,0,23,43.44000
42.7780,1425,15,30,0.03000,FL,0,15,43.20000
42.7780,1425,15,30,0.03000,BL,0,8,42.99000
42.7780,1425,15,30,0.03000,BL,1,38,43.89000
42.7780,1425,15,30,0.03000,FR,0,30,43.65000
42.7780,1425,15,30,0.03000,BR,0,23,43.44000
42.7880,1426,16,30,0.03000,FL,0,14,43.20000
42.7880,1426,16,30,0.03000,BL,0,7,42.99000
42.7880,1426,16,30,0.03000,BL,1,37,43.89000
42.7880,1426,16,30,0.03000,FR,0,29,43.65000
42.7880,1426,16,30,0.03000,BR,0,22,43.44000
42.7960,1426,16,30,0.03000,FL,0,14,43.20000
42.7960,1426,16,30,0.03000,BL,0,7,42.99000
42.7960,1426,16,30,0.03000,BL,1,37,43.89000
42.7960,1426,16,30,0.03000,FR,0,29,43.65000
42.7960,1426,16,30,0.03000,BR,0,22,43.44000
42.8060,1426,16,30,0.03000,FL,0,14,43.20000
42.8060,1426,16,30,0.03000,BL,0,7,42.99000
42.8060,1426,16,30,0.03000,BL,1,37,43.89000
42.8060,1426,16,30,0.03000,FR,0,29,43.65000
42.8060,1426,16,30,0.03000,BR,0,22,43.44000
42.8160,1427,17,30,0.03000,FL,0,13,43.20000
42.8160,1427,17,30,0.03000,BL,0,6,42.99000
42.8160,1427,17,30,0.03000,BL,1,36,43.89000
42.8160,1427,17,30,0.03000,FR,0,28,43.65000
42.8160,1427,17,30,0.03000,BR,0,21,43.44000
42.8280,1427,17,30,0.03000,FL,0,13,43.20000
42.8280,1427,17,30,0.03000,BL,0,6,42.99000
42.8280,1427,17,30,0.03000,BL,1,36,43.89000
42.8280,1427,17,30,0.03000,FR,0,28,43.65000
42.8280,1427,17,30,0.03000,BR,0,21,43.44000
42.8360,1427,17,30,0.03000,FL,0,13,43.20000
42.8360,1427,17,30,0.03000,BL,0,6,42.99000
42.8360,1427,17,30,0.03000,BL,1,36,43.89000
42.8360,1427,17,30,0.03000,FR,0,28,43.65000
42.8360,1427,17,30,0.03000,BR,0,21,43.44000
42.8460,1428,18,30,0.03000,FL,0,12,43.20000
42.8460,1428,18,30,0.03000,BL,0,5,42.99000
42.8460,1428,18,30,0.03000,BL,1,35,43.89000
42.8460,1428,18,30,0.03000,FR,0,27,43.65000
42.8460,1428,18,30,0.03000,BR,0,20,43.44000
42.8560,1428,18,30,0.03000,FL,0,12,43.20000
42.8560,1428,18,30,0.03000,BL,0,5,42.99000
42.8560,1428,18,30,0.03000,BL,1,35,43.89000
42.8560,1428,18,30,0.03000,FR,0,27,43.65000
42.8560,1428,18,30,0.03000,BR,0,20,43.44000
42.8660,1428,18,30,0.03000,FL,0,12,43.20000
42.8660,1428,18,30,0.03000,BL,0,5,42.99000
42.8660,1428,18,30,0.03000,BL,1,35,43.89000
42.8660,1428,18,30,0.03000,FR,0,27,43.65000
42.8660,1428,18,30,0.03000,BR,0,20,43.44000
42.8740,1429,19,30,0.03000,FL,0,11,43.20000
42.8740,1429,19,30,0.03000,BL,0,4,42.99000
42.8740,1429,19,30,0.03000,BL,1,34,43.89000
42.8740,1429,19,30,0.03000,FR,0,26,43.65000
42.8740,1429,19,30,0.03000,BR,0,19,43.44000
42.8840,1429,19,30,0.03000,FL,0,11,43.20000
42.8840,1429,19,30,0.03000,BL,0,4,42.99000
42.8840,1429,19,30,0.03000,BL,1,34,43.89000
42.8840,1429,19,30,0.03000,FR,0,26,43.65000
42.8840,1429,19,30,0.03000,BR,0,19,43.44000
42.8940,1429,19,30,0.03000,FL,0,11,43.20000
42.8940,1429,19,30,0.03000,BL,0,4,42.99000
42.8940,1429,19,30,0.03000,BL,1,34,43.89000
42.8940,1429,19,30,0.03000,FR,0,26,43.65000
42.8940,1429,19,30,0.03000,BR,0,19,43.44000
42.9040,1430,20,30,0.03000,FL,0,10,43.20000
42.9040,1430,20,30,0.03000,BL,0,3,42.99000
42.9040,1430,20,30,0.03000,BL,1,33,43.89000
42.9040,1430,20,30,0.03000,FR,0,25,43.65000
42.9040,1430,20,30,0.03000,BR,0,18,43.44000
42.9160,1430,20,30,0.03000,FL,0,10,43.20000
42.9160,1430,20,30,0.03000,BL,0,3,42.99000
42.9160,1430,20,30,0.03000,BL,1,33,43.89000
42.9160,1430,20,30,0.03000,FR,0,25,43.65000
42.9160,1430,20,30,0.03000,BR,0,18,43.44000
42.9260,1430,20,30,0.03000,FL,0,10,43.20000
42.9260,1430,20,30,0.03000,BL,0,3,42.99000
42.9260,1430,20,30,0.03000,BL,1,33,43.89000
42.9260,1430,20,30,0.03000,FR,0,25,43.65000
42.9260,1430,20,30,0.03000,BR,0,18,43.44000
42.9380,1431,21,30,0.03000,FL,0,9,43.20000
42.9380,1431,21,30,0.03000,FL,1,39,44.10000
42.9380,1431,21,30,0.03000,BL,0,2,42.99000
42.9380,1431,21,30,0.03000,BL,1,32,43.89000
42.9380,1431,21,30,0.03000,FR,0,24,43.65000
42.9380,1431,21,30,0.03000,BR,0,17,43.44000
42.9480,1431,21,30,0.03000,FL,0,9,43.20000
42.9480,1431,21,30,0.03000,FL,1,39,44.10000
42.9480,1431,21,30,0.03000,BL,0,2,42.99000
42.9480,1431,21,30,0.03000,BL,1,32,43.89000
42.9480,1431,21,30,0.03000,FR,0,24,43.65000
42.9480,1431,21,30,0.03000,BR,0,17,43.44000
42.9620,1432,22,30,0.03000,FL,0,8,43.20000
42.9620,1432,22,30,0.03000,FL,1,38,44.10000
42.9620,1432,22,30,0.03000,BL,0,1,42.99000
42.9620,1432,22,30,0.03000,BL,1,31,43.89000
42.9620,1432,22,30,0.03000,FR,0,23,43.65000
42.9620,1432,22,30,0.03000,BR,0,16,43.44000
42.9800,1432,22,30,0.03000,FL,0,8,43.20000
42.9800,1432,22,30,0.03000,FL,1,38,44.10000
42.9800,1432,22,30,0.03000,BL,0,1,42.99000
42.9800,1432,22,30,0.03000,BL,1,31,43.89000
42.9800,1432,22,30,0.03000,FR,0,23,43.65000
42.9800,1432,22,30,0.03000,BR,0,16,43.44000
42.9920,1433,23,30,0.03000,FL,0,7,43.20000
42.9920,1433,23,30,0.03000,FL,1,37,44.10000
42.9920,1433,23,30,0.03000,BL,0,30,43.89000
42.9920,1433,23,30,0.03000,FR,0,22,43.65000
42.9920,1433,23,30,0.03000,BR,0,15,43.44000
43.0000,1433,23,30,0.03000,FL,0,7,43.20000
43.0000,1433,23,30,0.03000,FL,1,37,44.10000
43.0000,1433,23,30,0.03000,BL,0,30,43.89000
43.0000,1433,23,30,0.03000,FR,0,22,43.65000
43.0000,1433,23,30,0.03000,BR,0,15,43.44000
43.0100,1433,23,30,0.03000,FL,0,7,43.20000
43.0100,1433,23,30,0.03000,FL,1,37,44.10000
43.0100,1433,23,30,0.03000,BL,0,30,43.89000
43.0100,1433,23,30,0.03000,FR,0,22,43.65000
43.0100,1433,23,30,0.03000,BR,0,15,43.44000
43.0220,1434,24,30,0.03000,FL,0,6,43.20000
43.0220,1434,24,30,0.03000,FL,1,36,44.10000
43.0220,1434,24,30,0.03000,BL,0,29,43.89000
43.0220,1434,24,30,0.03000,FR,0,21,43.65000
43.0220,1434,24,30,0.03000,BR,0,14,43.44000
43.0320,1434,24,30,0.03000,FL,0,6,43.20000
43.0320,1434,24,30,0.03000,FL,1,36,44.10000
43.0320,1434,24,30,0.03000,BL,0,29,43.89000
43.0320,1434,24,30,0.03000,FR,0,21,43.65000
43.0320,1434,24,30,0.03000,BR,0,14,43.44000
43.0460,1434,24,30,0.03000,FL,0,6,43.20000
43.0460,1434,24,30,0.03000,FL,1,36,44.10000
43.0460,1434,24,30,0.03000,BL,0,29,43.89000
43.0460,1434,24,30,0.03000,FR,0,21,43.65000
43.0460,1434,24,30,0.03000,BR,0,14,43.44000
43.0580,1435,25,30,0.03000,FL,0,5,43.20000
43.0580,1435,25,30,0.03000,FL,1,35,44.10000
43.0580,1435,25,30,0.03000,BL,0,28,43.89000
43.0580,1435,25,30,0.03000,FR,0,20,43.65000
43.0580,1435,25,30,0.03000,BR,0,13,43.44000
43.0680,1435,25,30,0.03000,FL,0,5,43.20000
43.0680,1435,25,30,0.03000,FL,1,35,44.10000
43.0680,1435,25,30,0.03000,BL,0,28,43.89000
43.0680,1435,25,30,0.03000,FR,0,20,43.65000
43.0680,1435,25,30,0.03000,BR,0,13,43.44000
43.0780,1435,25,30,0.03000,FL,0,5,43.20000
43.0780,1435,25,30,0.03000,FL,1,35,44.10000
43.0780,1435,25,30,0.03000,BL,0,28,43.89000
43.0780,1435,25,30,0.03000,FR,0,20,43.65000
43.0780,1435,25,30,0.03000,BR,0,13,43.44000
43.0880,1436,26,30,0.03000,FL,0,4,43.20000
43.0880,1436,26,30,0.03000,FL,1,34,44.10000
43.0880,1436,26,30,0.03000,BL,0,27,43.89000
43.0880,1436,26,30,0.03000,FR,0,19,43.65000
43.0880,1436,26,30,0.03000,BR,0,12,43.44000
43.0980,1436,26,30,0.03000,FL,0,4,43.20000
43.0980,1436,26,30,0.03000,FL,1,34,44.10000
43.0980,1436,26,30,0.03000,BL,0,27,43.89000
43.0980,1436,26,30,0.03000,FR,0,19,43.65000
43.0980,1436,26,30,0.03000,BR,0,12,43.44000
43.1080,1436,26,30,0.03000,FL,0,4,43.20000
43.1080,1436,26,30,0.03000,FL,1,34,44.10000
43.1080,1436,26,30,0.03000,BL,0,27,43.89000
43.1080,1436,26,30,0.03000,FR,0,19,43.65000
43.1080,1436,26,30,0.03000,BR,0,12,43.44000
43.1180,1437,27,30,0.03000,FL,0,3,43.20000
43.1180,1437,27,30,0.03000,FL,1,33,44.10000
43.1180,1437,27,30,0.03000,BL,0,26,43.89000
43.1180,1437,27,30,0.03000,FR,0,18,43.65000
43.1180,1437,27,30,0.03000,BR,0,11,43.44000
43.1280,1437,27,30,0.03000,FL,0,3,43.20000
43.1280,1437,27,30,0.03000,FL,1,33,44.10000
43.1280,1437,27,30,0.03000,BL,0,26,43.89000
43.1280,1437,27,30,0.03000,FR,0,18,43.65000
43.1280,1437,27,30,0.03000,BR,0,11,43.44000
43.1380,1437,27,30,0.03000,FL,0,3,43.20000
43.1380,1437,27,30,0.03000,FL,1,33,44.10000
43.1380,1437,27,30,0.03000,BL,0,26,43.89000
43.1380,1437,27,30,0.03000,FR,0,18,43.65000
43.1380,1437,27,30,0.03000,BR,0,11,43.44000
43.1480,1438,28,30,0.03000,FL,0,2,43.20000
43.1480,1438,28,30,0.03000,FL,1,32,44.10000
43.1480,1438,28,30,0.03000,BL,0,25,43.89000
43.1480,1438,28,30,0.03000,FR,0,17,43.65000
43.1480,1438,28,30,0.03000,BR,0,10,43.44000
43.1560,1438,28,30,0.03000,FL,0,2,43.20000
43.1560,1438,28,30,0.03000,FL,1,32,44.10000
43.1560,1438,28,30,0.03000,BL,0,25,43.89000
43.1560,1438,28,30,0.03000,FR,0,17,43.65000
43.1560,1438,28,30,0.03000,BR,0,10,43.44000
43.1680,1438,28,30,0.03000,FL,0,2,43.20000
43.1680,1438,28,30,0.03000,FL,1,32,44.10000
43.1680,1438,28,30,0.03000,BL,0,25,43.89000
43.1680,1438,28,30,0.03000,FR,0,17,43.65000
43.1680,1438,28,30,0.03000,BR,0,10,43.44000
43.1760,1439,29,30,0.03000,FL,0,1,43.20000
43.1760,1439,29,30,0.03000,FL,1,31,44.10000
43.1760,1439,29,30,0.03000,BL,0,24,43.89000
43.1760,1439,29,30,0.03000,FR,0,16,43.65000
43.1760,1439,29,30,0.03000,BR,0,9,43.44000
43.1760,1439,29,30,0.03000,BR,1,39,44.34000
43.1860,1439,29,30,0.03000,FL,0,1,43.20000
43.1860,1439,29,30,0.03000,FL,1,31,44.10000
43.1860,1439,29,30,0.03000,BL,0,24,43.89000
43.1860,1439,29,30,0.03000,FR,0,16,43.65000
43.1860,1439,29,30,0.03000,BR,0,9,43.44000
43.1860,1439,29,30,0.03000,BR,1,39,44.34000
43.1940,1439,29,30,0.03000,FL,0,1,43.20000
43.1940,1439,29,30,0.03000,FL,1,31,44.10000
43.1940,1439,29,30,0.03000,BL,0,24,43.89000
43.1940,1439,29,30,0.03000,FR,0,16,43.65000
43.1940,1439,29,30,0.03000,BR,0,9,43.44000
43.1940,1439,29,30,0.03000,BR,1,39,44.34000
43.2060,1440,0,30,0.03000,FL,0,30,44.10000
43.2060,1440,0,30,0.03000,BL,0,23,43.89000
43.2060,1440,0,30,0.03000,FR,0,15,43.65000
43.2060,1440,0,30,0.03000,BR,0,8,43.44000
43.2060,1440,0,30,0.03000,BR,1,38,44.34000
43.2260,1440,0,30,0.03000,FL,0,30,44.10000
43.2260,1440,0,30,0.03000,BL,0,23,43.89000
43.2260,1440,0,30,0.03000,FR,0,15,43.65000
43.2260,1440,0,30,0.03000,BR,0,8,43.44000
43.2260,1440,0,30,0.03000,BR,1,38,44.34000
43.2340,1441,1,30,0.03000,FL,0,29,44.10000
43.2340,1441,1,30,0.03000,BL,0,22,43.89000
43.2340,1441,1,30,0.03000,FR,0,14,43.65000
43.2340,1441,1,30,0.03000,BR,0,7,43.44000
43.2340,1441,1,30,0.03000,BR,1,37,44.34000
43.2440,1441,1,30,0.03000,FL,0,29,44.10000
43.2440,1441,1,30,0.03000,BL,0,22,43.89000
43.2440,1441,1,30,0.03000,FR,0,14,43.65000
43.2440,1441,1,30,0.03000,BR,0,7,43.44000
43.2440,1441,1,30,0.03000,BR,1,37,44.34000
43.2540,1441,1,30,0.03000,FL,0,29,44.10000
43.2540,1441,1,30,0.03000,BL,0,22,43.89000
43.2540,1441,1,30,0.03000,FR,0,14,43.65000
43.2540,1441,1,30,0.03000,BR,0,7,43.44000
43.2540,1441,1,30,0.03000,BR,1,37,44.34000
43.2660,1442,2,30,0.03000,FL,0,28,44.10000
43.2660,1442,2,30,0.03000,BL,0,21,43.89000
43.2660,1442,2,30,0.03000,FR,0,13,43.65000
43.2660,1442,2,30,0.03000,BR,0,6,43.44000
43.2660,1442,2,30,0.03000,BR,1,36,44.34000
43.2760,1442,2,30,0.03000,FL,0,28,44.10000
43.2760,1442,2,30,0.03000,BL,0,21,43.89000
43.2760,1442,2,30,0.03000,FR,0,13,43.65000
43.2760,1442,2,30,0.03000,BR,0,6,43.44000
43.2760,1442,2,30,0.03000,BR,1,36,44.34000
43.2920,1443,3,30,0.03000,FL,0,27,44.10000
43.2920,1443,3,30,0.03000,BL,0,20,43.89000
43.2920,1443,3,30,0.03000,FR,0,12,43.65000
43.2920,1443,3,30,0.03000,BR,0,5,43.44000
43.2920,1443,3,30,0.03000,BR,1,35,44.34000
43.3000,1443,3,30,0.03000,FL,0,27,44.10000
43.3000,1443,3,30,0.03000,BL,0,20,43.89000
43.3000,1443,3,30,0.03000,FR,0,12,43.65000
43.3000,1443,3,30,0.03000,BR,0,5,43.44000
43.3000,1443,3,30,0.03000,BR,1,35,44.34000
43.3120,1443,3,30,0.03000,FL,0,27,44.10000
43.3120,1443,3,30,0.03000,BL,0,20,43.89000
43.3120,1443,3,30,0.03000,FR,0,12,43.65000
43.3120,1443,3,30,0.03000,BR,0,5,43.44000
43.3120,1443,3,30,0.03000,BR,1,35,44.34000
43.3220,1444,4,30,0.03000,FL,0,26,44.10000
43.3220,1444,4,30,0.03000,BL,0,19,43.89000
43.3220,1444,4,30,0.03000,FR,0,11,43.65000
43.3220,1444,4,30,0.03000,BR,0,4,43.44000
43.3220,1444,4,30,0.03000,BR,1,34,44.34000
43.3320,1444,4,30,0.03000,FL,0,26,44.10000
43.3320,1444,4,30,0.03000,BL,0,19,43.89000
43.3320,1444,4,30,0.03000,FR,0,11,43.65000
43.3320,1444,4,30,0.03000,BR,0,4,43.44000
43.3320,1444,4,30,0.03000,BR,1,34,44.34000
43.3440,1444,4,30,0.03000,FL,0,26,44.10000
43.3440,1444,4,30,0.03000,BL,0,19,43.89000
43.3440,1444,4,30,0.03000,FR,0,11,43.65000
43.3440,1444,4,30,0.03000,BR,0,4,43.44000
43.3440,1444,4,30,0.03000,BR,1,34,44.34000
43.3540,1445,5,30,0.03000,FL,0,25,44.10000
43.3540,1445,5,30,0.03000,BL,0,18,43.89000
43.3540,1445,5,30,0.03000,FR,0,10,43.65000
43.3540,1445,5,30,0.03000,BR,0,3,43.44000
43.3540,1445,5,30,0.03000,BR,1,33,44.34000
43.3640,1445,5,30,0.03000,FL,0,25,44.10000
43.3640,1445,5,30,0.03000,BL,0,18,43.89000
43.3640,1445,5,30,0.03000,FR,0,10,43.65000
43.3640,1445,5,30,0.03000,BR,0,3,43.44000
43.3640,1445,5,30,0.03000,BR,1,33,44.34000
43.3740,1445,5,30,0.03000,FL,0,25,44.10000
43.3740,1445,5,30,0.03000,BL,0,18,43.89000
43.3740,1445,5,30,0.03000,FR,0,10,43.65000
43.3740,1445,5,30,0.03000,BR,0,3,43.44000
43.3740,1445,5,30,0.03000,BR,1,33,44.34000
43.3860,1446,6,30,0.03000,FL,0,24,44.10000
43.3860,1446,6,30,0.03000,BL,0,17,43.89000
43.3860,1446,6,30,0.03000,FR,0,9,43.65000
43.3860,1446,6,30,0.03000,FR,1,39,44.55000
43.3860,1446,6,30,0.03000,BR,0,2,43.44000
43.3860,1446,6,30,0.03000,BR,1,32,44.34000
43.4000,1446,6,30,0.03000,FL,0,24,44.10000
43.4000,1446,6,30,0.03000,BL,0,17,43.89000
43.4000,1446,6,30,0.03000,FR,0,9,43.65000
43.4000,1446,6,30,0.03000,FR,1,39,44.55000
43.4000,1446,6,30,0.03000,BR,0,2,43.44000
43.4000,1446,6,30,0.03000,BR,1,32,44.34000
43.4100,1447,7,30,0.03000,FL,0,23,44.10000
43.4100,1447,7,30,0.03000,BL,0,16,43.89000
43.4100,1447,7,30,0.03000,FR,0,8,43.65000
43.4100,1447,7,30,0.03000,FR,1,38,44.55000
43.4100,1447,7,30,0.03000,BR,0,1,43.44000
43.4100,1447,7,30,0.03000,BR,1,31,44.34000
43.4420,1448,8,30,0.03000,FL,0,22,44.10000
43.4420,1448,8,30,0.03000,BL,0,15,43.89000
43.4420,1448,8,30,0.03000,FR,0,7,43.65000
43.4420,1448,8,30,0.03000,FR,1,37,44.55000
43.4420,1448,8,30,0.03000,BR,0,30,44.34000
43.4540,1448,8,30,0.03000,FL,0,22,44.10000
43.4540,1448,8,30,0.03000,BL,0,15,43.89000
43.4540,1448,8,30,0.03000,FR,0,7,43.65000
43.4540,1448,8,30,0.03000,FR,1,37,44.55000
43.4540,1448,8,30,0.03000,BR,0,30,44.34000
43.4640,1448,8,30,0.03000,FL,0,22,44.10000
43.4640,1448,8,30,0.03000,BL,0,15,43.89000
43.4640,1448,8,30,0.03000,FR,0,7,43.65000
43.4640,1448,8,30,0.03000,FR,1,37,44.55000
43.4640,1448,8,30,0.03000,BR,0,30,44.34000
43.4740,1449,9,30,0.03000,FL,0,21,44.10000
43.4740,1449,9,30,0.03000,BL,0,14,43.89000
43.4740,1449,9,30,0.03000,FR,0,6,43.65000
43.4740,1449,9,30,0.03000,FR,1,36,44.55000
43.4740,1449,9,30,0.03000,BR,0,29,44.34000
43.4840,1449,9,30,0.03000,FL,0,21,44.10000
43.4840,1449,9,30,0.03000,BL,0,14,43.89000
43.4840,1449,9,30,0.03000,FR,0,6,43.65000
43.4840,1449,9,30,0.03000,FR,1,36,44.55000
43.4840,1449,9,30,0.03000,BR,0,29,44.34000
43.4940,1449,9,30,0.03000,FL,0,21,44.10000
43.4940,1449,9,30,0.03000,BL,0,14,43.89000
43.4940,1449,9,30,0.03000,FR,0,6,43.65000
43.4940,1449,9,30,0.03000,FR,1,36,44.55000
43.4940,1449,9,30,0.03000,BR,0,29,44.34000
43.5040,1450,10,30,0.03000,FL,0,20,44.10000
43.5040,1450,10,30,0.03000,BL,0,13,43.89000
43.5040,1450,10,30,0.03000,FR,0,5,43.65000
43.5040,1450,10,30,0.03000,FR,1,35,44.55000
43.5040,1450,10,30,0.03000,BR,0,28,44.34000
43.5120,1450,10,30,0.03000,FL,0,20,44.10000
43.5120,1450,10,30,0.03000,BL,0,13,43.89000
43.5120,1450,10,30,0.03000,FR,0,5,43.65000
43.5120,1450,10,30,0.03000,FR,1,35,44.55000
43.5120,1450,10,30,0.03000,BR,0,28,44.34000
43.5220,1450,10,30,0.03000,FL,0,20,44.10000
43.5220,1450,10,30,0.03000,BL,0,13,43.89000
43.5220,1450,10,30,0.03000,FR,0,5,43.65000
43.5220,1450,10,30,0.03000,FR,1,35,44.55000
43.5220,1450,10,30,0.03000,BR,0,28,44.34000
43.5340,1451,11,30,0.03000,FL,0,19,44.10000
43.5340,1451,11,30,0.03000,BL,0,12,43.89000
43.5340,1451,11,30,0.03000,FR,0,4,43.65000
43.5340,1451,11,30,0.03000,FR,1,34,44.55000
43.5340,1451,11,30,0.03000,BR,0,27,44.34000
43.5460,1451,11,30,0.03000,FL,0,19,44.10000
43.5460,1451,11,30,0.03000,BL,0,12,43.89000
43.5460,1451,11,30,0.03000,FR,0,4,43.65000
43.5460,1451,11,30,0.03000,FR,1,34,44.55000
43.5460,1451,11,30,0.03000,BR,0,27,44.34000
43.5600,1452,12,30,0.03000,FL,0,18,44.10000
43.5600,1452,12,30,0.03000,BL,0,11,43.89000
43.5600,1452,12,30,0.03000,FR,0,3,43.65000
43.5600,1452,12,30,0.03000,FR,1,33,44.55000
43.5600,1452,12,30,0.03000,BR,0,26,44.34000
43.5700,1452,12,30,0.03000,FL,0,18,44.10000
43.5700,1452,12,30,0.03000,BL,0,11,43.89000
43.5700,1452,12,30,0.03000,FR,0,3,43.65000
43.5700,1452,12,30,0.03000,FR,1,33,44.55000
43.5700,1452,12,30,0.03000,BR,0,26,44.34000
43.5820,1452,12,30,0.03000,FL,0,18,44.10000
43.5820,1452,12,30,0.03000,BL,0,11,43.89000
43.5820,1452,12,30,0.03000,FR,0,3,43.65000
43.5820,1452,12,30,0.03000,FR,1,33,44.55000
43.5820,1452,12,30,0.03000,BR,0,26,44.34000
43.5900,1453,13,30,0.03000,FL,0,17,44.10000
43.5900,1453,13,30,0.03000,BL,0,10,43.89000
43.5900,1453,13,30,0.03000,FR,0,2,43.65000
43.5900,1453,13,30,0.03000,FR,1,32,44.55000
43.5900,1453,13,30,0.03000,BR,0,25,44.34000
43.6000,1453,13,30,0.03000,FL,0,17,44.10000
43.6000,1453,13,30,0.03000,BL,0,10,43.89000
43.6000,1453,13,30,0.03000,FR,0,2,43.65000
43.6000,1453,13,30,0.03000,FR,1,32,44.55000
43.6000,1453,13,30,0.03000,BR,0,25,44.34000
43.6100,1453,13,30,0.03000,FL,0,17,44.10000
43.6100,1453,13,30,0.03000,BL,0,10,43.89000
43.6100,1453,13,30,0.03000,FR,0,2,43.65000
43.6100,1453,13,30,0.03000,FR,1,32,44.55000
43.6100,1453,13,30,0.03000,BR,0,25,44.34000
43.6200,1454,14,30,0.03000,FL,0,16,44.10000
43.6200,1454,14,30,0.03000,BL,0,9,43.89000
43.6200,1454,14,30,0.03000,BL,1,39,44.79000
43.6200,1454,14,30,0.03000,FR,0,1,43.65000
43.6200,1454,14,30,0.03000,FR,1,31,44.55000
43.6200,1454,14,30,0.03000,BR,0,24,44.34000
43.6300,1454,14,30,0.03000,FL,0,16,44.10000
43.6300,1454,14,30,0.03000,BL,0,9,43.89000
43.6300,1454,14,30,0.03000,BL,1,39,44.79000
43.6300,1454,14,30,0.03000,FR,0,1,43.65000
43.6300,1454,14,30,0.03000,FR,1,31,44.55000
43.6300,1454,14,30,0.03000,BR,0,24,44.34000
43.6380,1454,14,30,0.03000,FL,0,16,44.10000
43.6380,1454,14,30,0.03000,BL,0,9,43.89000
43.6380,1454,14,30,0.03000,BL,1,39,44.79000
43.6380,1454,14,30,0.03000,FR,0,1,43.65000
43.6380,1454,14,30,0.03000,FR,1,31,44.55000
43.6380,1454,14,30,0.03000,BR,0,24,44.34000
43.6480,1454,14,30,0.03000,FL,0,16,44.10000
43.6480,1454,14,30,0.03000,BL,0,9,43.89000
43.6480,1454,14,30,0.03000,BL,1,39,44.79000
43.6480,1454,14,30,0.03000,FR,0,1,43.65000
43.6480,1454,14,30,0.03000,FR,1,31,44.55000
43.6480,1454,14,30,0.03000,BR,0,24,44.34000
43.6600,1455,15,30,0.03000,FL,0,15,44.10000
43.6600,1455,15,30,0.03000,BL,0,8,43.89000
43.6600,1455,15,30,0.03000,BL,1,38,44.79000
43.6600,1455,15,30,0.03000,FR,0,30,44.55000
43.6600,1455,15,30,0.03000,BR,0,23,44.34000
43.6780,1455,15,30,0.03000,FL,0,15,44.10000
43.6780,1455,15,30,0.03000,BL,0,8,43.89000
43.6780,1455,15,30,0.03000,BL,1,38,44.79000
43.6780,1455,15,30,0.03000,FR,0,30,44.55000
43.6780,1455,15,30,0.03000,BR,0,23,44.34000
43.6920,1456,16,30,0.03000,FL,0,14,44.10000
43.6920,1456,16,30,0.03000,BL,0,7,43.89000
43.6920,1456,16,30,0.03000,BL,1,37,44.79000
43.6920,1456,16,30,0.03000,FR,0,29,44.55000
43.6920,1456,16,30,0.03000,BR,0,22,44.34000
43.7020,1456,16,30,0.03000,FL,0,14,44.10000
43.7020,1456,16,30,0.03000,BL,0,7,43.89000
43.7020,1456,16,30,0.03000,BL,1,37,44.79000
43.7020,1456,16,30,0.03000,FR,0,29,44.55000
43.7020,1456,16,30,0.03000,BR,0,22,44.34000
43.7120,1457,17,30,0.03000,FL,0,13,44.10000
43.7120,1457,17,30,0.03000,BL,0,6,43.89000
43.7120,1457,17,30,0.03000,BL,1,36,44.79000
43.7120,1457,17,30,0.03000,FR,0,28,44.55000
43.7120,1457,17,30,0.03000,BR,0,21,44.34000
43.7260,1457,17,30,0.03000,FL,0,13,44.10000
43.7260,1457,17,30,0.03000,BL,0,6,43.89000
43.7260,1457,17,30,0.03000,BL,1,36,44.79000
43.7260,1457,17,30,0.03000,FR,0,28,44.55000
43.7260,1457,17,30,0.03000,BR,0,21,44.34000
43.7360,1457,17,30,0.03000,FL,0,13,44.10000
43.7360,1457,17,30,0.03000,BL,0,6,43.89000
43.7360,1457,17,30,0.03000,BL,1,36,44.79000
43.7360,1457,17,30,0.03000,FR,0,28,44.55000
43.7360,1457,17,30,0.03000,BR,0,21,44.34000
43.7460,1458,18,30,0.03000,FL,0,12,44.10000
43.7460,1458,18,30,0.03000,BL,0,5,43.89000
43.7460,1458,18,30,0.03000,BL,1,35,44.79000
43.7460,1458,18,30,0.03000,FR,0,27,44.55000
43.7460,1458,18,30,0.03000,BR,0,20,44.34000
43.7560,1458,18,30,0.03000,FL,0,12,44.10000
43.7560,1458,18,30,0.03000,BL,0,5,43.89000
43.7560,1458,18,30,0.03000,BL,1,35,44.79000
43.7560,1458,18,30,0.03000,FR,0,27,44.55000
43.7560,1458,18,30,0.03000,BR,0,20,44.34000
43.7640,1458,18,30,0.03000,FL,0,12,44.10000
43.7640,1458,18,30,0.03000,BL,0,5,43.89000
43.7640,1458,18,30,0.03000,BL,1,35,44.79000
43.7640,1458,18,30,0.03000,FR,0,27,44.55000
43.7640,1458,18,30,0.03000,BR,0,20,44.34000
43.7760,1459,19,30,0.03000,FL,0,11,44.10000
43.7760,1459,19,30,0.03000,BL,0,4,43.89000
43.7760,1459,19,30,0.03000,BL,1,34,44.79000
43.7760,1459,19,30,0.03000,FR,0,26,44.55000
43.7760,1459,19,30,0.03000,BR,0,19,44.34000
43.7840,1459,19,30,0.03000,FL,0,11,44.10000
43.7840,1459,19,30,0.03000,BL,0,4,43.89000
43.7840,1459,19,30,0.03000,BL,1,34,44.79000
43.7840,1459,19,30,0.03000,FR,0,26,44.55000
43.7840,1459,19,30,0.03000,BR,0,19,44.34000
43.7960,1459,19,30,0.03000,FL,0,11,44.10000
43.7960,1459,19,30,0.03000,BL,0,4,43.89000
43.7960,1459,19,30,0.03000,BL,1,34,44.79000
43.7960,1459,19,30,0.03000,FR,0,26,44.55000
43.7960,1459,19,30,0.03000,BR,0,19,44.34000
43.8040,1460,20,30,0.03000,FL,0,10,44.10000
43.8040,1460,20,30,0.03000,BL,0,3,43.89000
43.8040,1460,20,30,0.03000,BL,1,33,44.79000
43.8040,1460,20,30,0.03000,FR,0,25,44.55000
43.8040,1460,20,30,0.03000,BR,0,18,44.34000
43.8140,1460,20,30,0.03000,FL,0,10,44.10000
43.8140,1460,20,30,0.03000,BL,0,3,43.89000
43.8140,1460,20,30,0.03000,BL,1,33,44.79000
43.8140,1460,20,30,0.03000,FR,0,25,44.55000
43.8140,1460,20,30,0.03000,BR,0,18,44.34000
43.8240,1460,20,30,0.03000,FL,0,10,44.10000
43.8240,1460,20,30,0.03000,BL,0,3,43.89000
43.8240,1460,20,30,0.03000,BL,1,33,44.79000
43.8240,1460,20,30,0.03000,FR,0,25,44.55000
43.8240,1460,20,30,0.03000,BR,0,18,44.34000
43.8340,1461,21,30,0.03000,FL,0,9,44.10000
43.8340,1461,21,30,0.03000,FL,1,39,45.00000
43.8340,1461,21,30,0.03000,BL,0,2,43.89000
43.8340,1461,21,30,0.03000,BL,1,32,44.79000
43.8340,1461,21,30,0.03000,FR,0,24,44.55000
43.8340,1461,21,30,0.03000,BR,0,17,44.34000
43.8460,1461,21,30,0.03000,FL,0,9,44.10000
43.8460,1461,21,30,0.03000,FL,1,39,45.00000
43.8460,1461,21,30,0.03000,BL,0,2,43.89000
43.8460,1461,21,30,0.03000,BL,1,32,44.79000
43.8460,1461,21,30,0.03000,FR,0,24,44.55000
43.8460,1461,21,30,0.03000,BR,0,17,44.34000
43.8540,1461,21,30,0.03000,FL,0,9,44.10000
43.8540,1461,21,30,0.03000,FL,1,39,45.00000
43.8540,1461,21,30,0.03000,BL,0,2,43.89000
43.8540,1461,21,30,0.03000,BL,1,32,44.79000
43.8540,1461,21,30,0.03000,FR,0,24,44.55000
43.8540,1461,21,30,0.03000,BR,0,17,44.34000
43.8640,1462,22,30,0.03000,FL,0,8,44.10000
43.8640,1462,22,30,0.03000,FL,1,38,45.00000
43.8640,1462,22,30,0.03000,BL,0,1,43.89000
43.8640,1462,22,30,0.03000,BL,1,31,44.79000
43.8640,1462,22,30,0.03000,FR,0,23,44.55000
43.8640,1462,22,30,0.03000,BR,0,16,44.34000
43.8940,1463,23,30,0.03000,FL,0,7,44.10000
43.8940,1463,23,30,0.03000,FL,1,37,45.00000
43.8940,1463,23,30,0.03000,BL,0,30,44.79000
43.8940,1463,23,30,0.03000,FR,0,22,44.55000
43.8940,1463,23,30,0.03000,BR,0,15,44.34000
43.9040,1463,23,30,0.03000,FL,0,7,44.10000
43.9040,1463,23,30,0.03000,FL,1,37,45.00000
43.9040,1463,23,30,0.03000,BL,0,30,44.79000
43.9040,1463,23,30,0.03000,FR,0,22,44.55000
43.9040,1463,23,30,0.03000,BR,0,15,44.34000
43.9140,1463,23,30,0.03000,FL,0,7,44.10000
43.9140,1463,23,30,0.03000,FL,1,37,45.00000
43.9140,1463,23,30,0.03000,BL,0,30,44.79000
43.9140,1463,23,30,0.03000,FR,0,22,44.55000
43.9140,1463,23,30,0.03000,BR,0,15,44.34000
43.9220,1464,24,30,0.03000,FL,0,6,44.10000
43.9220,1464,24,30,0.03000,FL,1,36,45.00000
43.9220,1464,24,30,0.03000,BL,0,29,44.79000
43.9220,1464,24,30,0.03000,FR,0,21,44.55000
43.9220,1464,24,30,0.03000,BR,0,14,44.34000
43.9320,1464,24,30,0.03000,FL,0,6,44.10000
43.9320,1464,24,30,0.03000,FL,1,36,45.00000
43.9320,1464,24,30,0.03000,BL,0,29,44.79000
43.9320,1464,24,30,0.03000,FR,0,21,44.55000
43.9320,1464,24,30,0.03000,BR,0,14,44.34000
43.9420,1464,24,30,0.03000,FL,0,6,44.10000
43.9420,1464,24,30,0.03000,FL,1,36,45.00000
43.9420,1464,24,30,0.03000,BL,0,29,44.79000
43.9420,1464,24,30,0.03000,FR,0,21,44.55000
43.9420,1464,24,30,0.03000,BR,0,14,44.34000
43.9520,1465,25,30,0.03000,FL,0,5,44.10000
43.9520,1465,25,30,0.03000,FL,1,35,45.00000
43.9520,1465,25,30,0.03000,BL,0,28,44.79000
43.9520,1465,25,30,0.03000,FR,0,20,44.55000
43.9520,1465,25,30,0.03000,BR,0,13,44.34000
43.9620,1465,25,30,0.03000,FL,0,5,44.10000
43.9620,1465,25,30,0.03000,FL,1,35,45.00000
43.9620,1465,25,30,0.03000,BL,0,28,44.79000
43.9620,1465,25,30,0.03000,FR,0,20,44.55000
43.9620,1465,25,30,0.03000,BR,0,13,44.34000
43.9720,1465,25,30,0.03000,FL,0,5,44.10000
43.9720,1465,25,30,0.03000,FL,1,35,45.00000
43.9720,1465,25,30,0.03000,BL,0,28,44.79000
43.9720,1465,25,30,0.03000,FR,0,20,44.55000
43.9720,1465,25,30,0.03000,BR,0,13,44.34000
43.9820,1466,26,30,0.03000,FL,0,4,44.10000
43.9820,1466,26,30,0.03000,FL,1,34,45.00000
43.9820,1466,26,30,0.03000,BL,0,27,44.79000
43.9820,1466,26,30,0.03000,FR,0,19,44.55000
43.9820,1466,26,30,0.03000,BR,0,12,44.34000
43.9920,1466,26,30,0.03000,FL,0,4,44.10000
43.9920,1466,26,30,0.03000,FL,1,34,45.00000
43.9920,1466,26,30,0.03000,BL,0,27,44.79000
43.9920,1466,26,30,0.03000,FR,0,19,44.55000
43.9920,1466,26,30,0.03000,BR,0,12,44.34000
44.0020,1466,26,30,0.03000,FL,0,4,44.10000
44.0020,1466,26,30,0.03000,FL,1,34,45.00000
44.0020,1466,26,30,0.03000,BL,0,27,44.79000
44.0020,1466,26,30,0.03000,FR,0,19,44.55000
44.0020,1466,26,30,0.03000,BR,0,12,44.34000
44.0120,1467,27,30,0.03000,FL,0,3,44.10000
44.0120,1467,27,30,0.03000,FL,1,33,45.00000
44.0120,1467,27,30,0.03000,BL,0,26,44.79000
44.0120,1467,27,30,0.03000,FR,0,18,44.55000
44.0120,1467,27,30,0.03000,BR,0,11,44.34000
44.0200,1467,27,30,0.03000,FL,0,3,44.10000
44.0200,1467,27,30,0.03000,FL,1,33,45.00000
44.0200,1467,27,30,0.03000,BL,0,26,44.79000
44.0200,1467,27,30,0.03000,FR,0,18,44.55000
44.0200,1467,27,30,0.03000,BR,0,11,44.34000
44.0320,1467,27,30,0.03000,FL,0,3,44.10000
44.0320,1467,27,30,0.03000,FL,1,33,45.00000
44.0320,1467,27,30,0.03000,BL,0,26,44.79000
44.0320,1467,27,30,0.03000,FR,0,18,44.55000
44.0320,1467,27,30,0.03000,BR,0,11,44.34000
44.0400,1468,28,30,0.03000,FL,0,2,44.10000
44.0400,1468,28,30,0.03000,FL,1,32,45.00000
44.0400,1468,28,30,0.03000,BL,0,25,44.79000
44.0400,1468,28,30,0.03000,FR,0,17,44.55000
44.0400,1468,28,30,0.03000,BR,0,10,44.34000
44.0500,1468,28,30,0.03000,FL,0,2,44.10000
44.0500,1468,28,30,0.03000,FL,1,32,45.00000
44.0500,1468,28,30,0.03000,BL,0,25,44.79000
44.0500,1468,28,30,0.03000,FR,0,17,44.55000
44.0500,1468,28,30,0.03000,BR,0,10,44.34000
44.0600,1468,28,30,0.03000,FL,0,2,44.10000
44.0600,1468,28,30,0.03000,FL,1,32,45.00000
44.0600,1468,28,30,0.03000,BL,0,25,44.79000
44.0600,1468,28,30,0.03000,FR,0,17,44.55000
44.0600,1468,28,30,0.03000,BR,0,10,44.34000
44.0700,1469,29,30,0.03000,FL,0,1,44.10000
44.0700,1469,29,30,0.03000,FL,1,31,45.00000
44.0700,1469,29,30,0.03000,BL,0,24,44.79000
44.0700,1469,29,30,0.03000,FR,0,16,44.55000
44.0700,1469,29,30,0.03000,BR,0,9,44.34000
44.0700,1469,29,30,0.03000,BR,1,39,45.24000
44.0780,1469,29,30,0.03000,FL,0,1,44.10000
44.0780,1469,29,30,0.03000,FL,1,31,45.00000
44.0780,1469,29,30,0.03000,BL,0,24,44.79000
44.0780,1469,29,30,0.03000,FR,0,16,44.55000
44.0780,1469,29,30,0.03000,BR,0,9,44.34000
44.0780,1469,29,30,0.03000,BR,1,39,45.24000
44.0920,1469,29,30,0.03000,FL,0,1,44.10000
44.0920,1469,29,30,0.03000,FL,1,31,45.00000
44.0920,1469,29,30,0.03000,BL,0,24,44.79000
44.0920,1469,29,30,0.03000,FR,0,16,44.55000
44.0920,1469,29,30,0.03000,BR,0,9,44.34000
44.0920,1469,29,30,0.03000,BR,1,39,45.24000
44.1020,1470,0,30,0.03000,FL,0,30,45.00000
44.1020,1470,0,30,0.03000,BL,0,23,44.79000
44.1020,1470,0,30,0.03000,FR,0,15,44.55000
44.1020,1470,0,30,0.03000,BR,0,8,44.34000
44.1020,1470,0,30,0.03000,BR,1,38,45.24000
44.1260,1470,0,30,0.03000,FL,0,30,45.00000
44.1260,1470,0,30,0.03000,BL,0,23,44.79000
44.1260,1470,0,30,0.03000,FR,0,15,44.55000
44.1260,1470,0,30,0.03000,BR,0,8,44.34000
44.1260,1470,0,30,0.03000,BR,1,38,45.24000
44.1360,1471,1,30,0.03000,FL,0,29,45.00000
44.1360,1471,1,30,0.03000,BL,0,22,44.79000
44.1360,1471,1,30,0.03000,FR,0,14,44.55000
44.1360,1471,1,30,0.03000,BR,0,7,44.34000
44.1360,1471,1,30,0.03000,BR,1,37,45.24000
44.1480,1471,1,30,0.03000,FL,0,29,45.00000
44.1480,1471,1,30,0.03000,BL,0,22,44.79000
44.1480,1471,1,30,0.03000,FR,0,14,44.55000
44.1480,1471,1,30,0.03000,BR,0,7,44.34000
44.1480,1471,1,30,0.03000,BR,1,37,45.24000
44.1600,1472,2,30,0.03000,FL,0,28,45.00000
44.1600,1472,2,30,0.03000,BL,0,21,44.79000
44.1600,1472,2,30,0.03000,FR,0,13,44.55000
44.1600,1472,2,30,0.03000,BR,0,6,44.34000
44.1600,1472,2,30,0.03000,BR,1,36,45.24000
44.1700,1472,2,30,0.03000,FL,0,28,45.00000
44.1700,1472,2,30,0.03000,BL,0,21,44.79000
44.1700,1472,2,30,0.03000,FR,0,13,44.55000
44.1700,1472,2,30,0.03000,BR,0,6,44.34000
44.1700,1472,2,30,0.03000,BR,1,36,45.24000
44.1840,1472,2,30,0.03000,FL,0,28,45.00000
44.1840,1472,2,30,0.03000,BL,0,21,44.79000
44.1840,1472,2,30,0.03000,FR,0,13,44.55000
44.1840,1472,2,30,0.03000,BR,0,6,44.34000
44.1840,1472,2,30,0.03000,BR,1,36,45.24000
44.1940,1473,3,30,0.03000,FL,0,27,45.00000
44.1940,1473,3,30,0.03000,BL,0,20,44.79000
44.1940,1473,3,30,0.03000,FR,0,12,44.55000
44.1940,1473,3,30,0.03000,BR,0,5,44.34000
44.1940,1473,3,30,0.03000,BR,1,35,45.24000
44.2060,1473,3,30,0.03000,FL,0,27,45.00000
44.2060,1473,3,30,0.03000,BL,0,20,44.79000
44.2060,1473,3,30,0.03000,FR,0,12,44.55000
44.2060,1473,3,30,0.03000,BR,0,5,44.34000
44.2060,1473,3,30,0.03000,BR,1,35,45.24000
44.2220,1474,4,30,0.03000,FL,0,26,45.00000
44.2220,1474,4,30,0.03000,BL,0,19,44.79000
44.2220,1474,4,30,0.03000,FR,0,11,44.55000
44.2220,1474,4,30,0.03000,BR,0,4,44.34000
44.2220,1474,4,30,0.03000,BR,1,34,45.24000
44.2300,1474,4,30,0.03000,FL,0,26,45.00000
44.2300,1474,4,30,0.03000,BL,0,19,44.79000
44.2300,1474,4,30,0.03000,FR,0,11,44.55000
44.2300,1474,4,30,0.03000,BR,0,4,44.34000
44.2300,1474,4,30,0.03000,BR,1,34,45.24000
44.2400,1474,4,30,0.03000,FL,0,26,45.00000
44.2400,1474,4,30,0.03000,BL,0,19,44.79000
44.2400,1474,4,30,0.03000,FR,0,11,44.55000
44.2400,1474,4,30,0.03000,BR,0,4,44.34000
44.2400,1474,4,30,0.03000,BR,1,34,45.24000
44.2500,1475,5,30,0.03000,FL,0,25,45.00000
44.2500,1475,5,30,0.03000,BL,0,18,44.79000
44.2500,1475,5,30,0.03000,FR,0,10,44.55000
44.2500,1475,5,30,0.03000,BR,0,3,44.34000
44.2500,1475,5,30,0.03000,BR,1,33,45.24000
44.2600,1475,5,30,0.03000,FL,0,25,45.00000
44.2600,1475,5,30,0.03000,BL,0,18,44.79000
44.2600,1475,5,30,0.03000,FR,0,10,44.55000
44.2600,1475,5,30,0.03000,BR,0,3,44.34000
44.2600,1475,5,30,0.03000,BR,1,33,45.24000
44.2700,1475,5,30,0.03000,FL,0,25,45.00000
44.2700,1475,5,30,0.03000,BL,0,18,44.79000
44.2700,1475,5,30,0.03000,FR,0,10,44.55000
44.2700,1475,5,30,0.03000,BR,0,3,44.34000
44.2700,1475,5,30,0.03000,BR,1,33,45.24000
44.2800,1476,6,30,0.03000,FL,0,24,45.00000
44.2800,1476,6,30,0.03000,BL,0,17,44.79000
44.2800,1476,6,30,0.03000,FR,0,9,44.55000
44.2800,1476,6,30,0.03000,FR,1,39,45.45000
44.2800,1476,6,30,0.03000,BR,0,2,44.34000
44.2800,1476,6,30,0.03000,BR,1,32,45.24000
44.2900,1476,6,30,0.03000,FL,0,24,45.00000
44.2900,1476,6,30,0.03000,BL,0,17,44.79000
44.2900,1476,6,30,0.03000,FR,0,9,44.55000
44.2900,1476,6,30,0.03000,FR,1,39,45.45000
44.2900,1476,6,30,0.03000,BR,0,2,44.34000
44.2900,1476,6,30,0.03000,BR,1,32,45.24000
44.2980,1476,6,30,0.03000,FL,0,24,45.00000
44.2980,1476,6,30,0.03000,BL,0,17,44.79000
44.2980,1476,6,30,0.03000,FR,0,9,44.55000
44.2980,1476,6,30,0.03000,FR,1,39,45.45000
44.2980,1476,6,30,0.03000,BR,0,2,44.34000
44.2980,1476,6,30,0.03000,BR,1,32,45.24000
44.3080,1476,6,30,0.03000,FL,0,24,45.00000
44.3080,1476,6,30,0.03000,BL,0,17,44.79000
44.3080,1476,6,30,0.03000,FR,0,9,44.55000
44.3080,1476,6,30,0.03000,FR,1,39,45.45000
44.3080,1476,6,30,0.03000,BR,0,2,44.34000
44.3080,1476,6,30,0.03000,BR,1,32,45.24000
44.3180,1477,7,30,0.03000,FL,0,23,45.00000
44.3180,1477,7,30,0.03000,BL,0,16,44.79000
44.3180,1477,7,30,0.03000,FR,0,8,44.55000
44.3180,1477,7,30,0.03000,FR,1,38,45.45000
44.3180,1477,7,30,0.03000,BR,0,1,44.34000
44.3180,1477,7,30,0.03000,BR,1,31,45.24000
44.3400,1478,8,30,0.03000,FL,0,22,45.00000
44.3400,1478,8,30,0.03000,BL,0,15,44.79000
44.3400,1478,8,30,0.03000,FR,0,7,44.55000
44.3400,1478,8,30,0.03000,FR,1,37,45.45000
44.3400,1478,8,30,0.03000,BR,0,30,45.24000
44.3480,1478,8,30,0.03000,FL,0,22,45.00000
44.3480,1478,8,30,0.03000,BL,0,15,44.79000
44.3480,1478,8,30,0.03000,FR,0,7,44.55000
44.3480,1478,8,30,0.03000,FR,1,37,45.45000
44.3480,1478,8,30,0.03000,BR,0,30,45.24000
44.3580,1478,8,30,0.03000,FL,0,22,45.00000
44.3580,1478,8,30,0.03000,BL,0,15,44.79000
44.3580,1478,8,30,0.03000,FR,0,7,44.55000
44.3580,1478,8,30,0.03000,FR,1,37,45.45000
44.3580,1478,8,30,0.03000,BR,0,30,45.24000
44.3660,1478,8,30,0.03000,FL,0,22,45.00000
44.3660,1478,8,30,0.03000,BL,0,15,44.79000
44.3660,1478,8,30,0.03000,FR,0,7,44.55000
44.3660,1478,8,30,0.03000,FR,1,37,45.45000
44.3660,1478,8,30,0.03000,BR,0,30,45.24000
44.3780,1479,9,30,0.03000,FL,0,21,45.00000
44.3780,1479,9,30,0.03000,BL,0,14,44.79000
44.3780,1479,9,30,0.03000,FR,0,6,44.55000
44.3780,1479,9,30,0.03000,FR,1,36,45.45000
44.3780,1479,9,30,0.03000,BR,0,29,45.24000
44.3880,1479,9,30,0.03000,FL,0,21,45.00000
44.3880,1479,9,30,0.03000,BL,0,14,44.79000
44.3880,1479,9,30,0.03000,FR,0,6,44.55000
44.3880,1479,9,30,0.03000,FR,1,36,45.45000
44.3880,1479,9,30,0.03000,BR,0,29,45.24000
44.3960,1479,9,30,0.03000,FL,0,21,45.00000
44.3960,1479,9,30,0.03000,BL,0,14,44.79000
44.3960,1479,9,30,0.03000,FR,0,6,44.55000
44.3960,1479,9,30,0.03000,FR,1,36,45.45000
44.3960,1479,9,30,0.03000,BR,0,29,45.24000
44.4080,1480,10,30,0.03000,FL,0,20,45.00000
44.4080,1480,10,30,0.03000,BL,0,13,44.79000
44.4080,1480,10,30,0.03000,FR,0,5,44.55000
44.4080,1480,10,30,0.03000,FR,1,35,45.45000
44.4080,1480,10,30,0.03000,BR,0,28,45.24000
44.4200,1480,10,30,0.03000,FL,0,20,45.00000
44.4200,1480,10,30,0.03000,BL,0,13,44.79000
44.4200,1480,10,30,0.03000,FR,0,5,44.55000
44.4200,1480,10,30,0.03000,FR,1,35,45.45000
44.4200,1480,10,30,0.03000,BR,0,28,45.24000
44.4300,1481,11,30,0.03000,FL,0,19,45.00000
44.4300,1481,11,30,0.03000,BL,0,12,44.79000
44.4300,1481,11,30,0.03000,FR,0,4,44.55000
44.4300,1481,11,30,0.03000,FR,1,34,45.45000
44.4300,1481,11,30,0.03000,BR,0,27,45.24000
44.4460,1481,11,30,0.03000,FL,0,19,45.00000
44.4460,1481,11,30,0.03000,BL,0,12,44.79000
44.4460,1481,11,30,0.03000,FR,0,4,44.55000
44.4460,1481,11,30,0.03000,FR,1,34,45.45000
44.4460,1481,11,30,0.03000,BR,0,27,45.24000
44.4560,1481,11,30,0.03000,FL,0,19,45.00000
44.4560,1481,11,30,0.03000,BL,0,12,44.79000
44.4560,1481,11,30,0.03000,FR,0,4,44.55000
44.4560,1481,11,30,0.03000,FR,1,34,45.45000
44.4560,1481,11,30,0.03000,BR,0,27,45.24000
44.4640,1482,12,30,0.03000,FL,0,18,45.00000
44.4640,1482,12,30,0.03000,BL,0,11,44.79000
44.4640,1482,12,30,0.03000,FR,0,3,44.55000
44.4640,1482,12,30,0.03000,FR,1,33,45.45000
44.4640,1482,12,30,0.03000,BR,0,26,45.24000
44.4760,1482,12,30,0.03000,FL,0,18,45.00000
44.4760,1482,12,30,0.03000,BL,0,11,44.79000
44.4760,1482,12,30,0.03000,FR,0,3,44.55000
44.4760,1482,12,30,0.03000,FR,1,33,45.45000
44.4760,1482,12,30,0.03000,BR,0,26,45.24000
44.4840,1482,12,30,0.03000,FL,0,18,45.00000
44.4840,1482,12,30,0.03000,BL,0,11,44.79000
44.4840,1482,12,30,0.03000,FR,0,3,44.55000
44.4840,1482,12,30,0.03000,FR,1,33,45.45000
44.4840,1482,12,30,0.03000,BR,0,26,45.24000
44.4940,1483,13,30,0.03000,FL,0,17,45.00000
44.4940,1483,13,30,0.03000,BL,0,10,44.79000
44.4940,1483,13,30,0.03000,FR,0,2,44.55000
44.4940,1483,13,30,0.03000,FR,1,32,45.45000
44.4940,1483,13,30,0.03000,BR,0,25,45.24000
44.5040,1483,13,30,0.03000,FL,0,17,45.00000
44.5040,1483,13,30,0.03000,BL,0,10,44.79000
44.5040,1483,13,30,0.03000,FR,0,2,44.55000
44.5040,1483,13,30,0.03000,FR,1,32,45.45000
44.5040,1483,13,30,0.03000,BR,0,25,45.24000
44.5140,1483,13,30,0.03000,FL,0,17,45.00000
44.5140,1483,13,30,0.03000,BL,0,10,44.79000
44.5140,1483,13,30,0.03000,FR,0,2,44.55000
44.5140,1483,13,30,0.03000,FR,1,32,45.45000
44.5140,1483,13,30,0.03000,BR,0,25,45.24000
44.5240,1484,14,30,0.03000,FL,0,16,45.00000
44.5240,1484,14,30,0.03000,BL,0,9,44.79000
44.5240,1484,14,30,0.03000,BL,1,39,45.69000
44.5240,1484,14,30,0.03000,FR,0,1,44.55000
44.5240,1484,14,30,0.03000,FR,1,31,45.45000
44.5240,1484,14,30,0.03000,BR,0,24,45.24000
44.5320,1484,14,30,0.03000,FL,0,16,45.00000
44.5320,1484,14,30,0.03000,BL,0,9,44.79000
44.5320,1484,14,30,0.03000,BL,1,39,45.69000
44.5320,1484,14,30,0.03000,FR,0,1,44.55000
44.5320,1484,14,30,0.03000,FR,1,31,45.45000
44.5320,1484,14,30,0.03000,BR,0,24,45.24000
44.5420,1484,14,30,0.03000,FL,0,16,45.00000
44.5420,1484,14,30,0.03000,BL,0,9,44.79000
44.5420,1484,14,30,0.03000,BL,1,39,45.69000
44.5420,1484,14,30,0.03000,FR,0,1,44.55000
44.5420,1484,14,30,0.03000,FR,1,31,45.45000
44.5420,1484,14,30,0.03000,BR,0,24,45.24000
44.5520,1485,15,30,0.03000,FL,0,15,45.00000
44.5520,1485,15,30,0.03000,BL,0,8,44.79000
44.5520,1485,15,30,0.03000,BL,1,38,45.69000
44.5520,1485,15,30,0.03000,FR,0,30,45.45000
44.5520,1485,15,30,0.03000,BR,0,23,45.24000
44.5720,1485,15,30,0.03000,FL,0,15,45.00000
44.5720,1485,15,30,0.03000,BL,0,8,44.79000
44.5720,1485,15,30,0.03000,BL,1,38,45.69000
44.5720,1485,15,30,0.03000,FR,0,30,45.45000
44.5720,1485,15,30,0.03000,BR,0,23,45.24000
44.5840,1486,16,30,0.03000,FL,0,14,45.00000
44.5840,1486,16,30,0.03000,BL,0,7,44.79000
44.5840,1486,16,30,0.03000,BL,1,37,45.69000
44.5840,1486,16,30,0.03000,FR,0,29,45.45000
44.5840,1486,16,30,0.03000,BR,0,22,45.24000
44.5940,1486,16,30,0.03000,FL,0,14,45.00000
44.5940,1486,16,30,0.03000,BL,0,7,44.79000
44.5940,1486,16,30,0.03000,BL,1,37,45.69000
44.5940,1486,16,30,0.03000,FR,0,29,45.45000
44.5940,1486,16,30,0.03000,BR,0,22,45.24000
44.6080,1486,16,30,0.03000,FL,0,14,45.00000
44.6080,1486,16,30,0.03000,BL,0,7,44.79000
44.6080,1486,16,30,0.03000,BL,1,37,45.69000
44.6080,1486,16,30,0.03000,FR,0,29,45.45000
44.6080,1486,16,30,0.03000,BR,0,22,45.24000
44.6220,1487,17,30,0.03000,FL,0,13,45.00000
44.6220,1487,17,30,0.03000,BL,0,6,44.79000
44.6220,1487,17,30,0.03000,BL,1,36,45.69000
44.6220,1487,17,30,0.03000,FR,0,28,45.45000
44.6220,1487,17,30,0.03000,BR,0,21,45.24000
44.6340,1487,17,30,0.03000,FL,0,13,45.00000
44.6340,1487,17,30,0.03000,BL,0,6,44.79000
44.6340,1487,17,30,0.03000,BL,1,36,45.69000
44.6340,1487,17,30,0.03000,FR,0,28,45.45000
44.6340,1487,17,30,0.03000,BR,0,21,45.24000
44.6440,1488,18,30,0.03000,FL,0,12,45.00000
44.6440,1488,18,30,0.03000,BL,0,5,44.79000
44.6440,1488,18,30,0.03000,BL,1,35,45.69000
44.6440,1488,18,30,0.03000,FR,0,27,45.45000
44.6440,1488,18,30,0.03000,BR,0,20,45.24000
44.6540,1488,18,30,0.03000,FL,0,12,45.00000
44.6540,1488,18,30,0.03000,BL,0,5,44.79000
44.6540,1488,18,30,0.03000,BL,1,35,45.69000
44.6540,1488,18,30,0.03000,FR,0,27,45.45000
44.6540,1488,18,30,0.03000,BR,0,20,45.24000
44.6640,1488,18,30,0.03000,FL,0,12,45.00000
44.6640,1488,18,30,0.03000,BL,0,5,44.79000
44.6640,1488,18,30,0.03000,BL,1,35,45.69000
44.6640,1488,18,30,0.03000,FR,0,27,45.45000
44.6640,1488,18,30,0.03000,BR,0,20,45.24000
44.6720,1489,19,30,0.03000,FL,0,11,45.00000
44.6720,1489,19,30,0.03000,BL,0,4,44.79000
44.6720,1489,19,30,0.03000,BL,1,34,45.69000
44.6720,1489,19,30,0.03000,FR,0,26,45.45000
44.6720,1489,19,30,0.03000,BR,0,19,45.24000
44.6820,1489,19,30,0.03000,FL,0,11,45.00000
44.6820,1489,19,30,0.03000,BL,0,4,44.79000
44.6820,1489,19,30,0.03000,BL,1,34,45.69000
44.6820,1489,19,30,0.03000,FR,0,26,45.45000
44.6820,1489,19,30,0.03000,BR,0,19,45.24000
44.6920,1489,19,30,0.03000,FL,0,11,45.00000
44.6920,1489,19,30,0.03000,BL,0,4,44.79000
44.6920,1489,19,30,0.03000,BL,1,34,45.69000
44.6920,1489,19,30,0.03000,FR,0,26,45.45000
44.6920,1489,19,30,0.03000,BR,0,19,45.24000
44.7040,1490,20,30,0.03000,FL,0,10,45.00000
44.7040,1490,20,30,0.03000,BL,0,3,44.79000
44.7040,1490,20,30,0.03000,BL,1,33,45.69000
44.7040,1490,20,30,0.03000,FR,0,25,45.45000
44.7040,1490,20,30,0.03000,BR,0,18,45.24000
44.7180,1490,20,30,0.03000,FL,0,10,45.00000
44.7180,1490,20,30,0.03000,BL,0,3,44.79000
44.7180,1490,20,30,0.03000,BL,1,33,45.69000
44.7180,1490,20,30,0.03000,FR,0,25,45.45000
44.7180,1490,20,30,0.03000,BR,0,18,45.24000
44.7300,1491,21,30,0.03000,FL,0,9,45.00000
44.7300,1491,21,30,0.03000,FL,1,39,45.90000
44.7300,1491,21,30,0.03000,BL,0,2,44.79000
44.7300,1491,21,30,0.03000,BL,1,32,45.69000
44.7300,1491,21,30,0.03000,FR,0,24,45.45000
44.7300,1491,21,30,0.03000,BR,0,17,45.24000
44.7520,1491,21,30,0.03000,FL,0,9,45.00000
44.7520,1491,21,30,0.03000,FL,1,39,45.90000
44.7520,1491,21,30,0.03000,BL,0,2,44.79000
44.7520,1491,21,30,0.03000,BL,1,32,45.69000
44.7520,1491,21,30,0.03000,FR,0,24,45.45000
44.7520,1491,21,30,0.03000,BR,0,17,45.24000
44.7620,1492,22,30,0.03000,FL,0,8,45.00000
44.7620,1492,22,30,0.03000,FL,1,38,45.90000
44.7620,1492,22,30,0.03000,BL,0,1,44.79000
44.7620,1492,22,30,0.03000,BL,1,31,45.69000
44.7620,1492,22,30,0.03000,FR,0,23,45.45000
44.7620,1492,22,30,0.03000,BR,0,16,45.24000
44.7800,1492,22,30,0.03000,FL,0,8,45.00000
44.7800,1492,22,30,0.03000,FL,1,38,45.90000
44.7800,1492,22,30,0.03000,BL,0,1,44.79000
44.7800,1492,22,30,0.03000,BL,1,31,45.69000
44.7800,1492,22,30,0.03000,FR,0,23,45.45000
44.7800,1492,22,30,0.03000,BR,0,16,45.24000
44.7940,1493,23,30,0.03000,FL,0,7,45.00000
44.7940,1493,23,30,0.03000,FL,1,37,45.90000
44.7940,1493,23,30,0.03000,BL,0,30,45.69000
44.7940,1493,23,30,0.03000,FR,0,22,45.45000
44.7940,1493,23,30,0.03000,BR,0,15,45.24000
44.8100,1493,23,30,0.03000,FL,0,7,45.00000
44.8100,1493,23,30,0.03000,FL,1,37,45.90000
44.8100,1493,23,30,0.03000,BL,0,30,45.69000
44.8100,1493,23,30,0.03000,FR,0,22,45.45000
44.8100,1493,23,30,0.03000,BR,0,15,45.24000
44.8340,1494,24,30,0.03000,FL,0,6,45.00000
44.8340,1494,24,30,0.03000,FL,1,36,45.90000
44.8340,1494,24,30,0.03000,BL,0,29,45.69000
44.8340,1494,24,30,0.03000,FR,0,21,45.45000
44.8340,1494,24,30,0.03000,BR,0,14,45.24000
44.8440,1494,24,30,0.03000,FL,0,6,45.00000
44.8440,1494,24,30,0.03000,FL,1,36,45.90000
44.8440,1494,24,30,0.03000,BL,0,29,45.69000
44.8440,1494,24,30,0.03000,FR,0,21,45.45000
44.8440,1494,24,30,0.03000,BR,0,14,45.24000
44.8560,1495,25,30,0.03000,FL,0,5,45.00000
44.8560,1495,25,30,0.03000,FL,1,35,45.90000
44.8560,1495,25,30,0.03000,BL,0,28,45.69000
44.8560,1495,25,30,0.03000,FR,0,20,45.45000
44.8560,1495,25,30,0.03000,BR,0,13,45.24000
44.8640,1495,25,30,0.03000,FL,0,5,45.00000
44.8640,1495,25,30,0.03000,FL,1,35,45.90000
44.8640,1495,25,30,0.03000,BL,0,28,45.69000
44.8640,1495,25,30,0.03000,FR,0,20,45.45000
44.8640,1495,25,30,0.03000,BR,0,13,45.24000
44.8780,1495,25,30,0.03000,FL,0,5,45.00000
44.8780,1495,25,30,0.03000,FL,1,35,45.90000
44.8780,1495,25,30,0.03000,BL,0,28,45.69000
44.8780,1495,25,30,0.03000,FR,0,20,45.45000
44.8780,1495,25,30,0.03000,BR,0,13,45.24000
44.8860,1496,26,30,0.03000,FL,0,4,45.00000
44.8860,1496,26,30,0.03000,FL,1,34,45.90000
44.8860,1496,26,30,0.03000,BL,0,27,45.69000
44.8860,1496,26,30,0.03000,FR,0,19,45.45000
44.8860,1496,26,30,0.03000,BR,0,12,45.24000
44.8980,1496,26,30,0.03000,FL,0,4,45.00000
44.8980,1496,26,30,0.03000,FL,1,34,45.90000
44.8980,1496,26,30,0.03000,BL,0,27,45.69000
44.8980,1496,26,30,0.03000,FR,0,19,45.45000
44.8980,1496,26,30,0.03000,BR,0,12,45.24000
44.9060,1496,26,30,0.03000,FL,0,4,45.00000
44.9080,1496,26,30,0.03000,FL,1,34,45.90000
44.9080,1496,26,30,0.03000,BL,0,27,45.69000
44.9080,1496,26,30,0.03000,FR,0,19,45.45000
44.9080,1496,26,30,0.03000,BR,0,12,45.24000
44.9180,1497,27,30,0.03000,FL,0,3,45.00000
44.9180,1497,27,30,0.03000,FL,1,33,45.90000
44.9180,1497,27,30,0.03000,BL,0,26,45.69000
44.9180,1497,27,30,0.03000,FR,0,18,45.45000
44.9180,1497,27,30,0.03000,BR,0,11,45.24000
44.9260,1497,27,30,0.03000,FL,0,3,45.00000
44.9260,1497,27,30,0.03000,FL,1,33,45.90000
44.9260,1497,27,30,0.03000,BL,0,26,45.69000
44.9260,1497,27,30,0.03000,FR,0,18,45.45000
44.9260,1497,27,30,0.03000,BR,0,11,45.24000
44.9360,1497,27,30,0.03000,FL,0,3,45.00000
44.9360,1497,27,30,0.03000,FL,1,33,45.90000
44.9360,1497,27,30,0.03000,BL,0,26,45.69000
44.9360,1497,27,30,0.03000,FR,0,18,45.45000
44.9360,1497,27,30,0.03000,BR,0,11,45.24000
44.9520,1498,28,30,0.03000,FL,0,2,45.00000
44.9520,1498,28,30,0.03000,FL,1,32,45.90000
44.9520,1498,28,30,0.03000,BL,0,25,45.69000
44.9520,1498,28,30,0.03000,FR,0,17,45.45000
44.9520,1498,28,30,0.03000,BR,0,10,45.24000
44.9620,1498,28,30,0.03000,FL,0,2,45.00000
44.9620,1498,28,30,0.03000,FL,1,32,45.90000
44.9620,1498,28,30,0.03000,BL,0,25,45.69000
44.9620,1498,28,30,0.03000,FR,0,17,45.45000
44.9620,1498,28,30,0.03000,BR,0,10,45.24000
44.9720,1499,29,30,0.03000,FL,0,1,45.00000
44.9720,1499,29,30,0.03000,FL,1,31,45.90000
44.9720,1499,29,30,0.03000,BL,0,24,45.69000
44.9720,1499,29,30,0.03000,FR,0,16,45.45000
44.9720,1499,29,30,0.03000,BR,0,9,45.24000
44.9720,1499,29,30,0.03000,BR,1,39,46.14000
44.9820,1499,29,30,0.03000,FL,0,1,45.00000
44.9820,1499,29,30,0.03000,FL,1,31,45.90000
44.9820,1499,29,30,0.03000,BL,0,24,45.69000
44.9820,1499,29,30,0.03000,FR,0,16,45.45000
44.9820,1499,29,30,0.03000,BR,0,9,45.24000
44.9820,1499,29,30,0.03000,BR,1,39,46.14000
44.9920,1499,29,30,0.03000,FL,0,1,45.00000
44.9920,1499,29,30,0.03000,FL,1,31,45.90000
44.9920,1499,29,30,0.03000,BL,0,24,45.69000
44.9920,1499,29,30,0.03000,FR,0,16,45.45000
44.9920,1499,29,30,0.03000,BR,0,9,45.24000
44.9920,1499,29,30,0.03000,BR,1,39,46.14000
45.0020,1500,0,30,0.03000,FL,0,30,45.90000
45.0020,1500,0,30,0.03000,BL,0,23,45.69000
45.0020,1500,0,30,0.03000,FR,0,15,45.45000
45.0020,1500,0,30,0.03000,BR,0,8,45.24000
45.0020,1500,0,30,0.03000,BR,1,38,46.14000
45.0220,1500,0,30,0.03000,FL,0,30,45.90000
45.0220,1500,0,30,0.03000,BL,0,23,45.69000
45.0220,1500,0,30,0.03000,FR,0,15,45.45000
45.0220,1500,0,30,0.03000,BR,0,8,45.24000
45.0220,1500,0,30,0.03000,BR,1,38,46.14000
45.0320,1501,1,30,0.03000,FL,0,29,45.90000
45.0320,1501,1,30,0.03000,BL,0,22,45.69000
45.0320,1501,1,30,0.03000,FR,0,14,45.45000
45.0320,1501,1,30,0.03000,BR,0,7,45.24000
45.0320,1501,1,30,0.03000,BR,1,37,46.14000
45.0420,1501,1,30,0.03000,FL,0,29,45.90000
45.0420,1501,1,30,0.03000,BL,0,22,45.69000
45.0420,1501,1,30,0.03000,FR,0,14,45.45000
45.0420,1501,1,30,0.03000,BR,0,7,45.24000
45.0420,1501,1,30,0.03000,BR,1,37,46.14000
45.0520,1501,1,30,0.03000,FL,0,29,45.90000
45.0520,1501,1,30,0.03000,BL,0,22,45.69000
45.0520,1501,1,30,0.03000,FR,0,14,45.45000
45.0520,1501,1,30,0.03000,BR,0,7,45.24000
45.0520,1501,1,30,0.03000,BR,1,37,46.14000
45.0600,1502,2,30,0.03000,FL,0,28,45.90000
45.0600,1502,2,30,0.03000,BL,0,21,45.69000
45.0600,1502,2,30,0.03000,FR,0,13,45.45000
45.0600,1502,2,30,0.03000,BR,0,6,45.24000
45.0600,1502,2,30,0.03000,BR,1,36,46.14000
45.0720,1502,2,30,0.03000,FL,0,28,45.90000
45.0720,1502,2,30,0.03000,BL,0,21,45.69000
45.0720,1502,2,30,0.03000,FR,0,13,45.45000
45.0720,1502,2,30,0.03000,BR,0,6,45.24000
45.0720,1502,2,30,0.03000,BR,1,36,46.14000
45.0820,1502,2,30,0.03000,FL,0,28,45.90000
45.0820,1502,2,30,0.03000,BL,0,21,45.69000
45.0820,1502,2,30,0.03000,FR,0,13,45.45000
45.0820,1502,2,30,0.03000,BR,0,6,45.24000
45.0820,1502,2,30,0.03000,BR,1,36,46.14000
45.0920,1503,3,30,0.03000,FL,0,27,45.90000
45.0920,1503,3,30,0.03000,BL,0,20,45.69000
45.0920,1503,3,30,0.03000,FR,0,12,45.45000
45.0920,1503,3,30,0.03000,BR,0,5,45.24000
45.0920,1503,3,30,0.03000,BR,1,35,46.14000
45.1020,1503,3,30,0.03000,FL,0,27,45.90000
45.1020,1503,3,30,0.03000,BL,0,20,45.69000
45.1020,1503,3,30,0.03000,FR,0,12,45.45000
45.1020,1503,3,30,0.03000,BR,0,5,45.24000
45.1020,1503,3,30,0.03000,BR,1,35,46.14000
45.1120,1503,3,30,0.03000,FL,0,27,45.90000
45.1120,1503,3,30,0.03000,BL,0,20,45.69000
45.1120,1503,3,30,0.03000,FR,0,12,45.45000
45.1120,1503,3,30,0.03000,BR,0,5,45.24000
45.1120,1503,3,30,0.03000,BR,1,35,46.14000
45.1220,1504,4,30,0.03000,FL,0,26,45.90000
45.1220,1504,4,30,0.03000,BL,0,19,45.69000
45.1220,1504,4,30,0.03000,FR,0,11,45.45000
45.1220,1504,4,30,0.03000,BR,0,4,45.24000
45.1220,1504,4,30,0.03000,BR,1,34,46.14000
45.1320,1504,4,30,0.03000,FL,0,26,45.90000
45.1320,1504,4,30,0.03000,BL,0,19,45.69000
45.1320,1504,4,30,0.03000,FR,0,11,45.45000
45.1320,1504,4,30,0.03000,BR,0,4,45.24000
45.1320,1504,4,30,0.03000,BR,1,34,46.14000
45.1420,1504,4,30,0.03000,FL,0,26,45.90000
45.1420,1504,4,30,0.03000,BL,0,19,45.69000
45.1420,1504,4,30,0.03000,FR,0,11,45.45000
45.1420,1504,4,30,0.03000,BR,0,4,45.24000
45.1420,1504,4,30,0.03000,BR,1,34,46.14000
45.1520,1505,5,30,0.03000,FL,0,25,45.90000
45.1520,1505,5,30,0.03000,BL,0,18,45.69000
45.1520,1505,5,30,0.03000,FR,0,10,45.45000
45.1520,1505,5,30,0.03000,BR,0,3,45.24000
45.1520,1505,5,30,0.03000,BR,1,33,46.14000
45.1600,1505,5,30,0.03000,FL,0,25,45.90000
45.1600,1505,5,30,0.03000,BL,0,18,45.69000
45.1600,1505,5,30,0.03000,FR,0,10,45.45000
45.1600,1505,5,30,0.03000,BR,0,3,45.24000
45.1600,1505,5,30,0.03000,BR,1,33,46.14000
45.1720,1505,5,30,0.03000,FL,0,25,45.90000
45.1720,1505,5,30,0.03000,BL,0,18,45.69000
45.1720,1505,5,30,0.03000,FR,0,10,45.45000
45.1720,1505,5,30,0.03000,BR,0,3,45.24000
45.1720,1505,5,30,0.03000,BR,1,33,46.14000
45.1820,1506,6,30,0.03000,FL,0,24,45.90000
45.1820,1506,6,30,0.03000,BL,0,17,45.69000
45.1820,1506,6,30,0.03000,FR,0,9,45.45000
45.1820,1506,6,30,0.03000,FR,1,39,46.35000
45.1820,1506,6,30,0.03000,BR,0,2,45.24000
45.1820,1506,6,30,0.03000,BR,1,32,46.14000
45.1900,1506,6,30,0.03000,FL,0,24,45.90000
45.1900,1506,6,30,0.03000,BL,0,17,45.69000
45.1900,1506,6,30,0.03000,FR,0,9,45.45000
45.1900,1506,6,30,0.03000,FR,1,39,46.35000
45.1900,1506,6,30,0.03000,BR,0,2,45.24000
45.1900,1506,6,30,0.03000,BR,1,32,46.14000
45.2020,1506,6,30,0.03000,FL,0,24,45.90000
45.2020,1506,6,30,0.03000,BL,0,17,45.69000
45.2020,1506,6,30,0.03000,FR,0,9,45.45000
45.2020,1506,6,30,0.03000,FR,1,39,46.35000
45.2020,1506,6,30,0.03000,BR,0,2,45.24000
45.2020,1506,6,30,0.03000,BR,1,32,46.14000
45.2100,1507,7,30,0.03000,FL,0,23,45.90000
45.2100,1507,7,30,0.03000,BL,0,16,45.69000
45.2100,1507,7,30,0.03000,FR,0,8,45.45000
45.2100,1507,7,30,0.03000,FR,1,38,46.35000
45.2100,1507,7,30,0.03000,BR,0,1,45.24000
45.2100,1507,7,30,0.03000,BR,1,31,46.14000
45.2360,1507,7,30,0.03000,FL,0,23,45.90000
45.2360,1507,7,30,0.03000,BL,0,16,45.69000
45.2360,1507,7,30,0.03000,FR,0,8,45.45000
45.2360,1507,7,30,0.03000,FR,1,38,46.35000
45.2360,1507,7,30,0.03000,BR,0,1,45.24000
45.2360,1507,7,30,0.03000,BR,1,31,46.14000
45.2460,1508,8,30,0.03000,FL,0,22,45.90000
45.2460,1508,8,30,0.03000,BL,0,15,45.69000
45.2460,1508,8,30,0.03000,FR,0,7,45.45000
45.2460,1508,8,30,0.03000,FR,1,37,46.35000
45.2460,1508,8,30,0.03000,BR,0,30,46.14000
45.2560,1508,8,30,0.03000,FL,0,22,45.90000
45.2560,1508,8,30,0.03000,BL,0,15,45.69000
45.2560,1508,8,30,0.03000,FR,0,7,45.45000
45.2560,1508,8,30,0.03000,FR,1,37,46.35000
45.2560,1508,8,30,0.03000,BR,0,30,46.14000
45.2660,1508,8,30,0.03000,FL,0,22,45.90000
45.2660,1508,8,30,0.03000,BL,0,15,45.69000
45.2660,1508,8,30,0.03000,FR,0,7,45.45000
45.2660,1508,8,30,0.03000,FR,1,37,46.35000
45.2660,1508,8,30,0.03000,BR,0,30,46.14000
45.2760,1509,9,30,0.03000,FL,0,21,45.90000
45.2760,1509,9,30,0.03000,BL,0,14,45.69000
45.2760,1509,9,30,0.03000,FR,0,6,45.45000
45.2760,1509,9,30,0.03000,FR,1,36,46.35000
45.2760,1509,9,30,0.03000,BR,0,29,46.14000
45.2840,1509,9,30,0.03000,FL,0,21,45.90000
45.2840,1509,9,30,0.03000,BL,0,14,45.69000
45.2840,1509,9,30,0.03000,FR,0,6,45.45000
45.2840,1509,9,30,0.03000,FR,1,36,46.35000
45.2840,1509,9,30,0.03000,BR,0,29,46.14000
45.2940,1509,9,30,0.03000,FL,0,21,45.90000
45.2940,1509,9,30,0.03000,BL,0,14,45.69000
45.2940,1509,9,30,0.03000,FR,0,6,45.45000
45.2940,1509,9,30,0.03000,FR,1,36,46.35000
45.2940,1509,9,30,0.03000,BR,0,29,46.14000
45.3060,1510,10,30,0.03000,FL,0,20,45.90000
45.3060,1510,10,30,0.03000,BL,0,13,45.69000
45.3060,1510,10,30,0.03000,FR,0,5,45.45000
45.3060,1510,10,30,0.03000,FR,1,35,46.35000
45.3060,1510,10,30,0.03000,BR,0,28,46.14000
45.3180,1510,10,30,0.03000,FL,0,20,45.90000
45.3180,1510,10,30,0.03000,BL,0,13,45.69000
45.3180,1510,10,30,0.03000,FR,0,5,45.45000
45.3180,1510,10,30,0.03000,FR,1,35,46.35000
45.3180,1510,10,30,0.03000,BR,0,28,46.14000
45.3280,1510,10,30,0.03000,FL,0,20,45.90000
45.3280,1510,10,30,0.03000,BL,0,13,45.69000
45.3280,1510,10,30,0.03000,FR,0,5,45.45000
45.3280,1510,10,30,0.03000,FR,1,35,46.35000
45.3280,1510,10,30,0.03000,BR,0,28,46.14000
45.3380,1511,11,30,0.03000,FL,0,19,45.90000
45.3380,1511,11,30,0.03000,BL,0,12,45.69000
45.3380,1511,11,30,0.03000,FR,0,4,45.45000
45.3380,1511,11,30,0.03000,FR,1,34,46.35000
45.3380,1511,11,30,0.03000,BR,0,27,46.14000
45.3480,1511,11,30,0.03000,FL,0,19,45.90000
45.3480,1511,11,30,0.03000,BL,0,12,45.69000
45.3480,1511,11,30,0.03000,FR,0,4,45.45000
45.3480,1511,11,30,0.03000,FR,1,34,46.35000
45.3480,1511,11,30,0.03000,BR,0,27,46.14000
45.3620,1512,12,30,0.03000,FL,0,18,45.90000
45.3620,1512,12,30,0.03000,BL,0,11,45.69000
45.3620,1512,12,30,0.03000,FR,0,3,45.45000
45.3620,1512,12,30,0.03000,FR,1,33,46.35000
45.3620,1512,12,30,0.03000,BR,0,26,46.14000
45.3760,1512,12,30,0.03000,FL,0,18,45.90000
45.3760,1512,12,30,0.03000,BL,0,11,45.69000
45.3760,1512,12,30,0.03000,FR,0,3,45.45000
45.3760,1512,12,30,0.03000,FR,1,33,46.35000
45.3760,1512,12,30,0.03000,BR,0,26,46.14000
45.3860,1512,12,30,0.03000,FL,0,18,45.90000
45.3860,1512,12,30,0.03000,BL,0,11,45.69000
45.3860,1512,12,30,0.03000,FR,0,3,45.45000
45.3860,1512,12,30,0.03000,FR,1,33,46.35000
45.3860,1512,12,30,0.03000,BR,0,26,46.14000
45.3980,1513,13,30,0.03000,FL,0,17,45.90000
45.3980,1513,13,30,0.03000,BL,0,10,45.69000
45.3980,1513,13,30,0.03000,FR,0,2,45.45000
45.3980,1513,13,30,0.03000,FR,1,32,46.35000
45.3980,1513,13,30,0.03000,BR,0,25,46.14000
45.4100,1513,13,30,0.03000,FL,0,17,45.90000
45.4100,1513,13,30,0.03000,BL,0,10,45.69000
45.4100,1513,13,30,0.03000,FR,0,2,45.45000
45.4100,1513,13,30,0.03000,FR,1,32,46.35000
45.4100,1513,13,30,0.03000,BR,0,25,46.14000
45.4200,1514,14,30,0.03000,FL,0,16,45.90000
45.4200,1514,14,30,0.03000,BL,0,9,45.69000
45.4200,1514,14,30,0.03000,BL,1,39,46.59000
45.4200,1514,14,30,0.03000,FR,0,1,45.45000
45.4200,1514,14,30,0.03000,FR,1,31,46.35000
45.4200,1514,14,30,0.03000,BR,0,24,46.14000
45.4340,1514,14,30,0.03000,FL,0,16,45.90000
45.4340,1514,14,30,0.03000,BL,0,9,45.69000
45.4340,1514,14,30,0.03000,BL,1,39,46.59000
45.4340,1514,14,30,0.03000,FR,0,1,45.45000
45.4340,1514,14,30,0.03000,FR,1,31,46.35000
45.4340,1514,14,30,0.03000,BR,0,24,46.14000
45.4440,1514,14,30,0.03000,FL,0,16,45.90000
45.4440,1514,14,30,0.03000,BL,0,9,45.69000
45.4440,1514,14,30,0.03000,BL,1,39,46.59000
45.4440,1514,14,30,0.03000,FR,0,1,45.45000
45.4440,1514,14,30,0.03000,FR,1,31,46.35000
45.4440,1514,14,30,0.03000,BR,0,24,46.14000
45.4540,1515,15,30,0.03000,FL,0,15,45.90000
45.4540,1515,15,30,0.03000,BL,0,8,45.69000
45.4540,1515,15,30,0.03000,BL,1,38,46.59000
45.4540,1515,15,30,0.03000,FR,0,30,46.35000
45.4540,1515,15,30,0.03000,BR,0,23,46.14000
45.4740,1515,15,30,0.03000,FL,0,15,45.90000
45.4740,1515,15,30,0.03000,BL,0,8,45.69000
45.4740,1515,15,30,0.03000,BL,1,38,46.59000
45.4740,1515,15,30,0.03000,FR,0,30,46.35000
45.4740,1515,15,30,0.03000,BR,0,23,46.14000
45.4840,1516,16,30,0.03000,FL,0,14,45.90000
45.4840,1516,16,30,0.03000,BL,0,7,45.69000
45.4840,1516,16,30,0.03000,BL,1,37,46.59000
45.4840,1516,16,30,0.03000,FR,0,29,46.35000
45.4840,1516,16,30,0.03000,BR,0,22,46.14000
45.4940,1516,16,30,0.03000,FL,0,14,45.90000
45.4940,1516,16,30,0.03000,BL,0,7,45.69000
45.4940,1516,16,30,0.03000,BL,1,37,46.59000
45.4940,1516,16,30,0.03000,FR,0,29,46.35000
45.4940,1516,16,30,0.03000,BR,0,22,46.14000
45.5060,1516,16,30,0.03000,FL,0,14,45.90000
45.5060,1516,16,30,0.03000,BL,0,7,45.69000
45.5060,1516,16,30,0.03000,BL,1,37,46.59000
45.5060,1516,16,30,0.03000,FR,0,29,46.35000
45.5060,1516,16,30,0.03000,BR,0,22,46.14000
45.5160,1517,17,30,0.03000,FL,0,13,45.90000
45.5160,1517,17,30,0.03000,BL,0,6,45.69000
45.5160,1517,17,30,0.03000,BL,1,36,46.59000
45.5160,1517,17,30,0.03000,FR,0,28,46.35000
45.5160,1517,17,30,0.03000,BR,0,21,46.14000
45.5260,1517,17,30,0.03000,FL,0,13,45.90000
45.5260,1517,17,30,0.03000,BL,0,6,45.69000
45.5260,1517,17,30,0.03000,BL,1,36,46.59000
45.5260,1517,17,30,0.03000,FR,0,28,46.35000
45.5260,1517,17,30,0.03000,BR,0,21,46.14000
45.5360,1517,17,30,0.03000,FL,0,13,45.90000
45.5360,1517,17,30,0.03000,BL,0,6,45.69000
45.5360,1517,17,30,0.03000,BL,1,36,46.59000
45.5360,1517,17,30,0.03000,FR,0,28,46.35000
45.5360,1517,17,30,0.03000,BR,0,21,46.14000
45.5460,1518,18,30,0.03000,FL,0,12,45.90000
45.5460,1518,18,30,0.03000,BL,0,5,45.69000
45.5460,1518,18,30,0.03000,BL,1,35,46.59000
45.5460,1518,18,30,0.03000,FR,0,27,46.35000
45.5460,1518,18,30,0.03000,BR,0,20,46.14000
45.5560,1518,18,30,0.03000,FL,0,12,45.90000
45.5560,1518,18,30,0.03000,BL,0,5,45.69000
45.5560,1518,18,30,0.03000,BL,1,35,46.59000
45.5560,1518,18,30,0.03000,FR,0,27,46.35000
45.5560,1518,18,30,0.03000,BR,0,20,46.14000
45.5660,1518,18,30,0.03000,FL,0,12,45.90000
45.5660,1518,18,30,0.03000,BL,0,5,45.69000
45.5660,1518,18,30,0.03000,BL,1,35,46.59000
45.5660,1518,18,30,0.03000,FR,0,27,46.35000
45.5660,1518,18,30,0.03000,BR,0,20,46.14000
45.5760,1519,19,30,0.03000,FL,0,11,45.90000
45.5760,1519,19,30,0.03000,BL,0,4,45.69000
45.5760,1519,19,30,0.03000,BL,1,34,46.59000
45.5760,1519,19,30,0.03000,FR,0,26,46.35000
45.5760,1519,19,30,0.03000,BR,0,19,46.14000
45.5840,1519,19,30,0.03000,FL,0,11,45.90000
45.5840,1519,19,30,0.03000,BL,0,4,45.69000
45.5840,1519,19,30,0.03000,BL,1,34,46.59000
45.5840,1519,19,30,0.03000,FR,0,26,46.35000
45.5840,1519,19,30,0.03000,BR,0,19,46.14000
45.5940,1519,19,30,0.03000,FL,0,11,45.90000
45.5940,1519,19,30,0.03000,BL,0,4,45.69000
45.5940,1519,19,30,0.03000,BL,1,34,46.59000
45.5940,1519,19,30,0.03000,FR,0,26,46.35000
45.5940,1519,19,30,0.03000,BR,0,19,46.14000
45.6040,1520,20,30,0.03000,FL,0,10,45.90000
45.6040,1520,20,30,0.03000,BL,0,3,45.69000
45.6040,1520,20,30,0.03000,BL,1,33,46.59000
45.6040,1520,20,30,0.03000,FR,0,25,46.35000
45.6040,1520,20,30,0.03000,BR,0,18,46.14000
45.6140,1520,20,30,0.03000,FL,0,10,45.90000
45.6140,1520,20,30,0.03000,BL,0,3,45.69000
45.6140,1520,20,30,0.03000,BL,1,33,46.59000
45.6140,1520,20,30,0.03000,FR,0,25,46.35000
45.6140,1520,20,30,0.03000,BR,0,18,46.14000
45.6220,1520,20,30,0.03000,FL,0,10,45.90000
45.6220,1520,20,30,0.03000,BL,0,3,45.69000
45.6220,1520,20,30,0.03000,BL,1,33,46.59000
45.6220,1520,20,30,0.03000,FR,0,25,46.35000
45.6220,1520,20,30,0.03000,BR,0,18,46.14000
45.6320,1521,21,30,0.03000,FL,0,9,45.90000
45.6320,1521,21,30,0.03000,FL,1,39,46.80000
45.6320,1521,21,30,0.03000,BL,0,2,45.69000
45.6320,1521,21,30,0.03000,BL,1,32,46.59000
45.6320,1521,21,30,0.03000,FR,0,24,46.35000
45.6320,1521,21,30,0.03000,BR,0,17,46.14000
45.6420,1521,21,30,0.03000,FL,0,9,45.90000
45.6420,1521,21,30,0.03000,FL,1,39,46.80000
45.6420,1521,21,30,0.03000,BL,0,2,45.69000
45.6420,1521,21,30,0.03000,BL,1,32,46.59000
45.6420,1521,21,30,0.03000,FR,0,24,46.35000
45.6420,1521,21,30,0.03000,BR,0,17,46.14000
45.6520,1521,21,30,0.03000,FL,0,9,45.90000
45.6520,1521,21,30,0.03000,FL,1,39,46.80000
45.6520,1521,21,30,0.03000,BL,0,2,45.69000
45.6520,1521,21,30,0.03000,BL,1,32,46.59000
45.6520,1521,21,30,0.03000,FR,0,24,46.35000
45.6520,1521,21,30,0.03000,BR,0,17,46.14000
45.6620,1522,22,30,0.03000,FL,0,8,45.90000
45.6620,1522,22,30,0.03000,FL,1,38,46.80000
45.6620,1522,22,30,0.03000,BL,0,1,45.69000
45.6620,1522,22,30,0.03000,BL,1,31,46.59000
45.6620,1522,22,30,0.03000,FR,0,23,46.35000
45.6620,1522,22,30,0.03000,BR,0,16,46.14000
45.6820,1522,22,30,0.03000,FL,0,8,45.90000
45.6820,1522,22,30,0.03000,FL,1,38,46.80000
45.6820,1522,22,30,0.03000,BL,0,1,45.69000
45.6820,1522,22,30,0.03000,BL,1,31,46.59000
45.6820,1522,22,30,0.03000,FR,0,23,46.35000
45.6820,1522,22,30,0.03000,BR,0,16,46.14000
45.6900,1523,23,30,0.03000,FL,0,7,45.90000
45.6900,1523,23,30,0.03000,FL,1,37,46.80000
45.6900,1523,23,30,0.03000,BL,0,30,46.59000
45.6900,1523,23,30,0.03000,FR,0,22,46.35000
45.6900,1523,23,30,0.03000,BR,0,15,46.14000
45.7020,1523,23,30,0.03000,FL,0,7,45.90000
45.7020,1523,23,30,0.03000,FL,1,37,46.80000
45.7020,1523,23,30,0.03000,BL,0,30,46.59000
45.7020,1523,23,30,0.03000,FR,0,22,46.35000
45.7020,1523,23,30,0.03000,BR,0,15,46.14000
45.7140,1523,23,30,0.03000,FL,0,7,45.90000
45.7140,1523,23,30,0.03000,FL,1,37,46.80000
45.7140,1523,23,30,0.03000,BL,0,30,46.59000
45.7140,1523,23,30,0.03000,FR,0,22,46.35000
45.7140,1523,23,30,0.03000,BR,0,15,46.14000
45.7240,1524,24,30,0.03000,FL,0,6,45.90000
45.7240,1524,24,30,0.03000,FL,1,36,46.80000
45.7240,1524,24,30,0.03000,BL,0,29,46.59000
45.7240,1524,24,30,0.03000,FR,0,21,46.35000
45.7240,1524,24,30,0.03000,BR,0,14,46.14000
45.7320,1524,24,30,0.03000,FL,0,6,45.90000
45.7320,1524,24,30,0.03000,FL,1,36,46.80000
45.7320,1524,24,30,0.03000,BL,0,29,46.59000
45.7320,1524,24,30,0.03000,FR,0,21,46.35000
45.7320,1524,24,30,0.03000,BR,0,14,46.14000
45.7440,1524,24,30,0.03000,FL,0,6,45.90000
45.7440,1524,24,30,0.03000,FL,1,36,46.80000
45.7440,1524,24,30,0.03000,BL,0,29,46.59000
45.7440,1524,24,30,0.03000,FR,0,21,46.35000
45.7440,1524,24,30,0.03000,BR,0,14,46.14000
45.7520,1525,25,30,0.03000,FL,0,5,45.90000
45.7520,1525,25,30,0.03000,FL,1,35,46.80000
45.7520,1525,25,30,0.03000,BL,0,28,46.59000
45.7520,1525,25,30,0.03000,FR,0,20,46.35000
45.7520,1525,25,30,0.03000,BR,0,13,46.14000
45.7640,1525,25,30,0.03000,FL,0,5,45.90000
45.7640,1525,25,30,0.03000,FL,1,35,46.80000
45.7640,1525,25,30,0.03000,BL,0,28,46.59000
45.7640,1525,25,30,0.03000,FR,0,20,46.35000
45.7640,1525,25,30,0.03000,BR,0,13,46.14000
45.7740,1525,25,30,0.03000,FL,0,5,45.90000
45.7740,1525,25,30,0.03000,FL,1,35,46.80000
45.7740,1525,25,30,0.03000,BL,0,28,46.59000
45.7740,1525,25,30,0.03000,FR,0,20,46.35000
45.7740,1525,25,30,0.03000,BR,0,13,46.14000
45.7860,1526,26,30,0.03000,FL,0,4,45.90000
45.7860,1526,26,30,0.03000,FL,1,34,46.80000
45.7860,1526,26,30,0.03000,BL,0,27,46.59000
45.7860,1526,26,30,0.03000,FR,0,19,46.35000
45.7860,1526,26,30,0.03000,BR,0,12,46.14000
45.7960,1526,26,30,0.03000,FL,0,4,45.90000
45.7960,1526,26,30,0.03000,FL,1,34,46.80000
45.7960,1526,26,30,0.03000,BL,0,27,46.59000
45.7960,1526,26,30,0.03000,FR,0,19,46.35000
45.7960,1526,26,30,0.03000,BR,0,12,46.14000
45.8060,1526,26,30,0.03000,FL,0,4,45.90000
45.8060,1526,26,30,0.03000,FL,1,34,46.80000
45.8060,1526,26,30,0.03000,BL,0,27,46.59000
45.8060,1526,26,30,0.03000,FR,0,19,46.35000
45.8060,1526,26,30,0.03000,BR,0,12,46.14000
45.8160,1527,27,30,0.03000,FL,0,3,45.90000
45.8160,1527,27,30,0.03000,FL,1,33,46.80000
45.8160,1527,27,30,0.03000,BL,0,26,46.59000
45.8160,1527,27,30,0.03000,FR,0,18,46.35000
45.8160,1527,27,30,0.03000,BR,0,11,46.14000
45.8260,1527,27,30,0.03000,FL,0,3,45.90000
45.8260,1527,27,30,0.03000,FL,1,33,46.80000
45.8260,1527,27,30,0.03000,BL,0,26,46.59000
45.8260,1527,27,30,0.03000,FR,0,18,46.35000
45.8260,1527,27,30,0.03000,BR,0,11,46.14000
45.8360,1527,27,30,0.03000,FL,0,3,45.90000
45.8360,1527,27,30,0.03000,FL,1,33,46.80000
45.8360,1527,27,30,0.03000,BL,0,26,46.59000
45.8360,1527,27,30,0.03000,FR,0,18,46.35000
45.8360,1527,27,30,0.03000,BR,0,11,46.14000
45.8460,1528,28,30,0.03000,FL,0,2,45.90000
45.8460,1528,28,30,0.03000,FL,1,32,46.80000
45.8460,1528,28,30,0.03000,BL,0,25,46.59000
45.8460,1528,28,30,0.03000,FR,0,17,46.35000
45.8460,1528,28,30,0.03000,BR,0,10,46.14000
45.8560,1528,28,30,0.03000,FL,0,2,45.90000
45.8560,1528,28,30,0.03000,FL,1,32,46.80000
45.8560,1528,28,30,0.03000,BL,0,25,46.59000
45.8560,1528,28,30,0.03000,FR,0,17,46.35000
45.8560,1528,28,30,0.03000,BR,0,10,46.14000
45.8660,1528,28,30,0.03000,FL,0,2,45.90000
45.8660,1528,28,30,0.03000,FL,1,32,46.80000
45.8660,1528,28,30,0.03000,BL,0,25,46.59000
45.8660,1528,28,30,0.03000,FR,0,17,46.35000
45.8660,1528,28,30,0.03000,BR,0,10,46.14000
45.8760,1529,29,30,0.03000,FL,0,1,45.90000
45.8760,1529,29,30,0.03000,FL,1,31,46.80000
45.8760,1529,29,30,0.03000,BL,0,24,46.59000
45.8760,1529,29,30,0.03000,FR,0,16,46.35000
45.8760,1529,29,30,0.03000,BR,0,9,46.14000
45.8760,1529,29,30,0.03000,BR,1,39,47.04000
45.8840,1529,29,30,0.03000,FL,0,1,45.90000
45.8840,1529,29,30,0.03000,FL,1,31,46.80000
45.8840,1529,29,30,0.03000,BL,0,24,46.59000
45.8840,1529,29,30,0.03000,FR,0,16,46.35000
45.8840,1529,29,30,0.03000,BR,0,9,46.14000
45.8840,1529,29,30,0.03000,BR,1,39,47.04000
45.8940,1529,29,30,0.03000,FL,0,1,45.90000
45.8940,1529,29,30,0.03000,FL,1,31,46.80000
45.8940,1529,29,30,0.03000,BL,0,24,46.59000
45.8940,1529,29,30,0.03000,FR,0,16,46.35000
45.8940,1529,29,30,0.03000,BR,0,9,46.14000
45.8940,1529,29,30,0.03000,BR,1,39,47.04000
45.9040,1530,0,30,0.03000,FL,0,30,46.80000
45.9040,1530,0,30,0.03000,BL,0,23,46.59000
45.9040,1530,0,30,0.03000,FR,0,15,46.35000
45.9040,1530,0,30,0.03000,BR,0,8,46.14000
45.9040,1530,0,30,0.03000,BR,1,38,47.04000
45.9220,1530,0,30,0.03000,FL,0,30,46.80000
45.9220,1530,0,30,0.03000,BL,0,23,46.59000
45.9220,1530,0,30,0.03000,FR,0,15,46.35000
45.9220,1530,0,30,0.03000,BR,0,8,46.14000
45.9220,1530,0,30,0.03000,BR,1,38,47.04000
45.9340,1531,1,30,0.03000,FL,0,29,46.80000
45.9340,1531,1,30,0.03000,BL,0,22,46.59000
45.9340,1531,1,30,0.03000,FR,0,14,46.35000
45.9340,1531,1,30,0.03000,BR,0,7,46.14000
45.9340,1531,1,30,0.03000,BR,1,37,47.04000
45.9420,1531,1,30,0.03000,FL,0,29,46.80000
45.9420,1531,1,30,0.03000,BL,0,22,46.59000
45.9420,1531,1,30,0.03000,FR,0,14,46.35000
45.9420,1531,1,30,0.03000,BR,0,7,46.14000
45.9420,1531,1,30,0.03000,BR,1,37,47.04000
45.9520,1531,1,30,0.03000,FL,0,29,46.80000
45.9520,1531,1,30,0.03000,BL,0,22,46.59000
45.9520,1531,1,30,0.03000,FR,0,14,46.35000
45.9520,1531,1,30,0.03000,BR,0,7,46.14000
45.9520,1531,1,30,0.03000,BR,1,37,47.04000
45.9620,1532,2,30,0.03000,FL,0,28,46.80000
45.9620,1532,2,30,0.03000,BL,0,21,46.59000
45.9620,1532,2,30,0.03000,FR,0,13,46.35000
45.9620,1532,2,30,0.03000,BR,0,6,46.14000
45.9620,1532,2,30,0.03000,BR,1,36,47.04000
45.9720,1532,2,30,0.03000,FL,0,28,46.80000
45.9720,1532,2,30,0.03000,BL,0,21,46.59000
45.9720,1532,2,30,0.03000,FR,0,13,46.35000
45.9720,1532,2,30,0.03000,BR,0,6,46.14000
45.9720,1532,2,30,0.03000,BR,1,36,47.04000
45.9800,1532,2,30,0.03000,FL,0,28,46.80000
45.9800,1532,2,30,0.03000,BL,0,21,46.59000
45.9800,1532,2,30,0.03000,FR,0,13,46.35000
45.9800,1532,2,30,0.03000,BR,0,6,46.14000
45.9800,1532,2,30,0.03000,BR,1,36,47.04000
45.9900,1533,3,30,0.03000,FL,0,27,46.80000
45.9900,1533,3,30,0.03000,BL,0,20,46.59000
45.9900,1533,3,30,0.03000,FR,0,12,46.35000
45.9900,1533,3,30,0.03000,BR,0,5,46.14000
45.9900,1533,3,30,0.03000,BR,1,35,47.04000
46.0000,1533,3,30,0.03000,FL,0,27,46.80000
46.0000,1533,3,30,0.03000,BL,0,20,46.59000
46.0000,1533,3,30,0.03000,FR,0,12,46.35000
46.0000,1533,3,30,0.03000,BR,0,5,46.14000
46.0000,1533,3,30,0.03000,BR,1,35,47.04000
46.0080,1533,3,30,0.03000,FL,0,27,46.80000
46.0080,1533,3,30,0.03000,BL,0,20,46.59000
46.0080,1533,3,30,0.03000,FR,0,12,46.35000
46.0080,1533,3,30,0.03000,BR,0,5,46.14000
46.0080,1533,3,30,0.03000,BR,1,35,47.04000
46.0220,1534,4,30,0.03000,FL,0,26,46.80000
46.0220,1534,4,30,0.03000,BL,0,19,46.59000
46.0220,1534,4,30,0.03000,FR,0,11,46.35000
46.0220,1534,4,30,0.03000,BR,0,4,46.14000
46.0220,1534,4,30,0.03000,BR,1,34,47.04000
46.0320,1534,4,30,0.03000,FL,0,26,46.80000
46.0320,1534,4,30,0.03000,BL,0,19,46.59000
46.0320,1534,4,30,0.03000,FR,0,11,46.35000
46.0320,1534,4,30,0.03000,BR,0,4,46.14000
46.0320,1534,4,30,0.03000,BR,1,34,47.04000
46.0400,1534,4,30,0.03000,FL,0,26,46.80000
46.0400,1534,4,30,0.03000,BL,0,19,46.59000
46.0400,1534,4,30,0.03000,FR,0,11,46.35000
46.0400,1534,4,30,0.03000,BR,0,4,46.14000
46.0400,1534,4,30,0.03000,BR,1,34,47.04000
46.0500,1535,5,30,0.03000,FL,0,25,46.80000
46.0500,1535,5,30,0.03000,BL,0,18,46.59000
46.0500,1535,5,30,0.03000,FR,0,10,46.35000
46.0500,1535,5,30,0.03000,BR,0,3,46.14000
46.0500,1535,5,30,0.03000,BR,1,33,47.04000
46.0600,1535,5,30,0.03000,FL,0,25,46.80000
46.0600,1535,5,30,0.03000,BL,0,18,46.59000
46.0600,1535,5,30,0.03000,FR,0,10,46.35000
46.0600,1535,5,30,0.03000,BR,0,3,46.14000
46.0600,1535,5,30,0.03000,BR,1,33,47.04000
46.0700,1535,5,30,0.03000,FL,0,25,46.80000
46.0700,1535,5,30,0.03000,BL,0,18,46.59000
46.0700,1535,5,30,0.03000,FR,0,10,46.35000
46.0700,1535,5,30,0.03000,BR,0,3,46.14000
46.0700,1535,5,30,0.03000,BR,1,33,47.04000
46.0820,1536,6,30,0.03000,FL,0,24,46.80000
46.0820,1536,6,30,0.03000,BL,0,17,46.59000
46.0820,1536,6,30,0.03000,FR,0,9,46.35000
46.0820,1536,6,30,0.03000,FR,1,39,47.25000
46.0820,1536,6,30,0.03000,BR,0,2,46.14000
46.0820,1536,6,30,0.03000,BR,1,32,47.04000
46.0940,1536,6,30,0.03000,FL,0,24,46.80000
46.0940,1536,6,30,0.03000,BL,0,17,46.59000
46.0940,1536,6,30,0.03000,FR,0,9,46.35000
46.0940,1536,6,30,0.03000,FR,1,39,47.25000
46.0940,1536,6,30,0.03000,BR,0,2,46.14000
46.0940,1536,6,30,0.03000,BR,1,32,47.04000
46.1040,1536,6,30,0.03000,FL,0,24,46.80000
46.1040,1536,6,30,0.03000,BL,0,17,46.59000
46.1040,1536,6,30,0.03000,FR,0,9,46.35000
46.1040,1536,6,30,0.03000,FR,1,39,47.25000
46.1040,1536,6,30,0.03000,BR,0,2,46.14000
46.1040,1536,6,30,0.03000,BR,1,32,47.04000
46.1140,1537,7,30,0.03000,FL,0,23,46.80000
46.1140,1537,7,30,0.03000,BL,0,16,46.59000
46.1140,1537,7,30,0.03000,FR,0,8,46.35000
46.1140,1537,7,30,0.03000,FR,1,38,47.25000
46.1140,1537,7,30,0.03000,BR,0,1,46.14000
46.1140,1537,7,30,0.03000,BR,1,31,47.04000
46.1380,1537,7,30,0.03000,FL,0,23,46.80000
46.1380,1537,7,30,0.03000,BL,0,16,46.59000
46.1380,1537,7,30,0.03000,FR,0,8,46.35000
46.1380,1537,7,30,0.03000,FR,1,38,47.25000
46.1380,1537,7,30,0.03000,BR,0,1,46.14000
46.1380,1537,7,30,0.03000,BR,1,31,47.04000
46.1700,1538,8,30,0.03000,FL,0,22,46.80000
46.1700,1538,8,30,0.03000,BL,0,15,46.59000
46.1700,1538,8,30,0.03000,FR,0,7,46.35000
46.1700,1538,8,30,0.03000,FR,1,37,47.25000
46.1700,1538,8,30,0.03000,BR,0,30,47.04000
46.1780,1539,9,30,0.03000,FL,0,21,46.80000
46.1780,1539,9,30,0.03000,BL,0,14,46.59000
46.1780,1539,9,30,0.03000,FR,0,6,46.35000
46.1780,1539,9,30,0.03000,FR,1,36,47.25000
46.1780,1539,9,30,0.03000,BR,0,29,47.04000
46.1880,1539,9,30,0.03000,FL,0,21,46.80000
46.1880,1539,9,30,0.03000,BL,0,14,46.59000
46.1880,1539,9,30,0.03000,FR,0,6,46.35000
46.1880,1539,9,30,0.03000,FR,1,36,47.25000
46.1880,1539,9,30,0.03000,BR,0,29,47.04000
46.1980,1539,9,30,0.03000,FL,0,21,46.80000
46.1980,1539,9,30,0.03000,BL,0,14,46.59000
46.1980,1539,9,30,0.03000,FR,0,6,46.35000
46.1980,1539,9,30,0.03000,FR,1,36,47.25000
46.1980,1539,9,30,0.03000,BR,0,29,47.04000
46.2080,1540,10,30,0.03000,FL,0,20,46.80000
46.2080,1540,10,30,0.03000,BL,0,13,46.59000
46.2080,1540,10,30,0.03000,FR,0,5,46.35000
46.2080,1540,10,30,0.03000,FR,1,35,47.25000
46.2080,1540,10,30,0.03000,BR,0,28,47.04000
46.2180,1540,10,30,0.03000,FL,0,20,46.80000
46.2180,1540,10,30,0.03000,BL,0,13,46.59000
46.2180,1540,10,30,0.03000,FR,0,5,46.35000
46.2180,1540,10,30,0.03000,FR,1,35,47.25000
46.2180,1540,10,30,0.03000,BR,0,28,47.04000
46.2280,1540,10,30,0.03000,FL,0,20,46.80000
46.2280,1540,10,30,0.03000,BL,0,13,46.59000
46.2280,1540,10,30,0.03000,FR,0,5,46.35000
46.2280,1540,10,30,0.03000,FR,1,35,47.25000
46.2280,1540,10,30,0.03000,BR,0,28,47.04000
46.2400,1541,11,30,0.03000,FL,0,19,46.80000
46.2400,1541,11,30,0.03000,BL,0,12,46.59000
46.2400,1541,11,30,0.03000,FR,0,4,46.35000
46.2400,1541,11,30,0.03000,FR,1,34,47.25000
46.2400,1541,11,30,0.03000,BR,0,27,47.04000
46.2500,1541,11,30,0.03000,FL,0,19,46.80000
46.2500,1541,11,30,0.03000,BL,0,12,46.59000
46.2500,1541,11,30,0.03000,FR,0,4,46.35000
46.2500,1541,11,30,0.03000,FR,1,34,47.25000
46.2500,1541,11,30,0.03000,BR,0,27,47.04000
46.2620,1542,12,30,0.03000,FL,0,18,46.80000
46.2620,1542,12,30,0.03000,BL,0,11,46.59000
46.2620,1542,12,30,0.03000,FR,0,3,46.35000
46.2620,1542,12,30,0.03000,FR,1,33,47.25000
46.2620,1542,12,30,0.03000,BR,0,26,47.04000
46.2720,1542,12,30,0.03000,FL,0,18,46.80000
46.2720,1542,12,30,0.03000,BL,0,11,46.59000
46.2720,1542,12,30,0.03000,FR,0,3,46.35000
46.2720,1542,12,30,0.03000,FR,1,33,47.25000
46.2720,1542,12,30,0.03000,BR,0,26,47.04000
46.2800,1542,12,30,0.03000,FL,0,18,46.80000
46.2800,1542,12,30,0.03000,BL,0,11,46.59000
46.2800,1542,12,30,0.03000,FR,0,3,46.35000
46.2800,1542,12,30,0.03000,FR,1,33,47.25000
46.2800,1542,12,30,0.03000,BR,0,26,47.04000
46.2920,1543,13,30,0.03000,FL,0,17,46.80000
46.2920,1543,13,30,0.03000,BL,0,10,46.59000
46.2920,1543,13,30,0.03000,FR,0,2,46.35000
46.2920,1543,13,30,0.03000,FR,1,32,47.25000
46.2920,1543,13,30,0.03000,BR,0,25,47.04000
46.3000,1543,13,30,0.03000,FL,0,17,46.80000
46.3000,1543,13,30,0.03000,BL,0,10,46.59000
46.3000,1543,13,30,0.03000,FR,0,2,46.35000
46.3000,1543,13,30,0.03000,FR,1,32,47.25000
46.3000,1543,13,30,0.03000,BR,0,25,47.04000
46.3100,1543,13,30,0.03000,FL,0,17,46.80000
46.3100,1543,13,30,0.03000,BL,0,10,46.59000
46.3100,1543,13,30,0.03000,FR,0,2,46.35000
46.3100,1543,13,30,0.03000,FR,1,32,47.25000
46.3100,1543,13,30,0.03000,BR,0,25,47.04000
46.3240,1544,14,30,0.03000,FL,0,16,46.80000
46.3240,1544,14,30,0.03000,BL,0,9,46.59000
46.3240,1544,14,30,0.03000,BL,1,39,47.49000
46.3240,1544,14,30,0.03000,FR,0,1,46.35000
46.3240,1544,14,30,0.03000,FR,1,31,47.25000
46.3240,1544,14,30,0.03000,BR,0,24,47.04000
46.3380,1544,14,30,0.03000,FL,0,16,46.80000
46.3380,1544,14,30,0.03000,BL,0,9,46.59000
46.3380,1544,14,30,0.03000,BL,1,39,47.49000
46.3380,1544,14,30,0.03000,FR,0,1,46.35000
46.3380,1544,14,30,0.03000,FR,1,31,47.25000
46.3380,1544,14,30,0.03000,BR,0,24,47.04000
46.3480,1544,14,30,0.03000,FL,0,16,46.80000
46.3480,1544,14,30,0.03000,BL,0,9,46.59000
46.3480,1544,14,30,0.03000,BL,1,39,47.49000
46.3480,1544,14,30,0.03000,FR,0,1,46.35000
46.3480,1544,14,30,0.03000,FR,1,31,47.25000
46.3480,1544,14,30,0.03000,BR,0,24,47.04000
46.3600,1545,15,30,0.03000,FL,0,15,46.80000
46.3600,1545,15,30,0.03000,BL,0,8,46.59000
46.3600,1545,15,30,0.03000,BL,1,38,47.49000
46.3600,1545,15,30,0.03000,FR,0,30,47.25000
46.3600,1545,15,30,0.03000,BR,0,23,47.04000
46.3800,1546,16,30,0.03000,FL,0,14,46.80000
46.3800,1546,16,30,0.03000,BL,0,7,46.59000
46.3800,1546,16,30,0.03000,BL,1,37,47.49000
46.3800,1546,16,30,0.03000,FR,0,29,47.25000
46.3800,1546,16,30,0.03000,BR,0,22,47.04000
46.3880,1546,16,30,0.03000,FL,0,14,46.80000
46.3880,1546,16,30,0.03000,BL,0,7,46.59000
46.3880,1546,16,30,0.03000,BL,1,37,47.49000
46.3880,1546,16,30,0.03000,FR,0,29,47.25000
46.3880,1546,16,30,0.03000,BR,0,22,47.04000
46.3980,1546,16,30,0.03000,FL,0,14,46.80000
46.3980,1546,16,30,0.03000,BL,0,7,46.59000
46.3980,1546,16,30,0.03000,BL,1,37,47.49000
46.3980,1546,16,30,0.03000,FR,0,29,47.25000
46.3980,1546,16,30,0.03000,BR,0,22,47.04000
46.4080,1546,16,30,0.03000,FL,0,14,46.80000
46.4080,1546,16,30,0.03000,BL,0,7,46.59000
46.4080,1546,16,30,0.03000,BL,1,37,47.49000
46.4080,1546,16,30,0.03000,FR,0,29,47.25000
46.4080,1546,16,30,0.03000,BR,0,22,47.04000
46.4180,1547,17,30,0.03000,FL,0,13,46.80000
46.4180,1547,17,30,0.03000,BL,0,6,46.59000
46.4180,1547,17,30,0.03000,BL,1,36,47.49000
46.4180,1547,17,30,0.03000,FR,0,28,47.25000
46.4180,1547,17,30,0.03000,BR,0,21,47.04000
46.4260,1547,17,30,0.03000,FL,0,13,46.80000
46.4260,1547,17,30,0.03000,BL,0,6,46.59000
46.4260,1547,17,30,0.03000,BL,1,36,47.49000
46.4260,1547,17,30,0.03000,FR,0,28,47.25000
46.4260,1547,17,30,0.03000,BR,0,21,47.04000
46.4380,1547,17,30,0.03000,FL,0,13,46.80000
46.4380,1547,17,30,0.03000,BL,0,6,46.59000
46.4380,1547,17,30,0.03000,BL,1,36,47.49000
46.4380,1547,17,30,0.03000,FR,0,28,47.25000
46.4380,1547,17,30,0.03000,BR,0,21,47.04000
46.4500,1548,18,30,0.03000,FL,0,12,46.80000
46.4500,1548,18,30,0.03000,BL,0,5,46.59000
46.4500,1548,18,30,0.03000,BL,1,35,47.49000
46.4500,1548,18,30,0.03000,FR,0,27,47.25000
46.4500,1548,18,30,0.03000,BR,0,20,47.04000
46.4600,1548,18,30,0.03000,FL,0,12,46.80000
46.4600,1548,18,30,0.03000,BL,0,5,46.59000
46.4600,1548,18,30,0.03000,BL,1,35,47.49000
46.4600,1548,18,30,0.03000,FR,0,27,47.25000
46.4600,1548,18,30,0.03000,BR,0,20,47.04000
46.4700,1549,19,30,0.03000,FL,0,11,46.80000
46.4700,1549,19,30,0.03000,BL,0,4,46.59000
46.4700,1549,19,30,0.03000,BL,1,34,47.49000
46.4700,1549,19,30,0.03000,FR,0,26,47.25000
46.4700,1549,19,30,0.03000,BR,0,19,47.04000
46.4800,1549,19,30,0.03000,FL,0,11,46.80000
46.4800,1549,19,30,0.03000,BL,0,4,46.59000
46.4800,1549,19,30,0.03000,BL,1,34,47.49000
46.4800,1549,19,30,0.03000,FR,0,26,47.25000
46.4800,1549,19,30,0.03000,BR,0,19,47.04000
46.4920,1549,19,30,0.03000,FL,0,11,46.80000
46.4920,1549,19,30,0.03000,BL,0,4,46.59000
46.4920,1549,19,30,0.03000,BL,1,34,47.49000
46.4920,1549,19,30,0.03000,FR,0,26,47.25000
46.4920,1549,19,30,0.03000,BR,0,19,47.04000
46.5020,1550,20,30,0.03000,FL,0,10,46.80000
46.5020,1550,20,30,0.03000,BL,0,3,46.59000
46.5020,1550,20,30,0.03000,BL,1,33,47.49000
46.5020,1550,20,30,0.03000,FR,0,25,47.25000
46.5020,1550,20,30,0.03000,BR,0,18,47.04000
46.5120,1550,20,30,0.03000,FL,0,10,46.80000
46.5120,1550,20,30,0.03000,BL,0,3,46.59000
46.5120,1550,20,30,0.03000,BL,1,33,47.49000
46.5120,1550,20,30,0.03000,FR,0,25,47.25000
46.5120,1550,20,30,0.03000,BR,0,18,47.04000
46.5260,1550,20,30,0.03000,FL,0,10,46.80000
46.5260,1550,20,30,0.03000,BL,0,3,46.59000
46.5260,1550,20,30,0.03000,BL,1,33,47.49000
46.5260,1550,20,30,0.03000,FR,0,25,47.25000
46.5260,1550,20,30,0.03000,BR,0,18,47.04000
46.5340,1551,21,30,0.03000,FL,0,9,46.80000
46.5340,1551,21,30,0.03000,FL,1,39,47.70000
46.5340,1551,21,30,0.03000,BL,0,2,46.59000
46.5340,1551,21,30,0.03000,BL,1,32,47.49000
46.5340,1551,21,30,0.03000,FR,0,24,47.25000
46.5340,1551,21,30,0.03000,BR,0,17,47.04000
46.5440,1551,21,30,0.03000,FL,0,9,46.80000
46.5440,1551,21,30,0.03000,FL,1,39,47.70000
46.5440,1551,21,30,0.03000,BL,0,2,46.59000
46.5440,1551,21,30,0.03000,BL,1,32,47.49000
46.5440,1551,21,30,0.03000,FR,0,24,47.25000
46.5440,1551,21,30,0.03000,BR,0,17,47.04000
46.5540,1551,21,30,0.03000,FL,0,9,46.80000
46.5540,1551,21,30,0.03000,FL,1,39,47.70000
46.5540,1551,21,30,0.03000,BL,0,2,46.59000
46.5540,1551,21,30,0.03000,BL,1,32,47.49000
46.5540,1551,21,30,0.03000,FR,0,24,47.25000
46.5540,1551,21,30,0.03000,BR,0,17,47.04000
46.5640,1552,22,30,0.03000,FL,0,8,46.80000
46.5640,1552,22,30,0.03000,FL,1,38,47.70000
46.5640,1552,22,30,0.03000,BL,0,1,46.59000
46.5640,1552,22,30,0.03000,BL,1,31,47.49000
46.5640,1552,22,30,0.03000,FR,0,23,47.25000
46.5640,1552,22,30,0.03000,BR,0,16,47.04000
46.5840,1552,22,30,0.03000,FL,0,8,46.80000
46.5840,1552,22,30,0.03000,FL,1,38,47.70000
46.5840,1552,22,30,0.03000,BL,0,1,46.59000
46.5840,1552,22,30,0.03000,BL,1,31,47.49000
46.5840,1552,22,30,0.03000,FR,0,23,47.25000
46.5840,1552,22,30,0.03000,BR,0,16,47.04000
46.5940,1553,23,30,0.03000,FL,0,7,46.80000
46.5940,1553,23,30,0.03000,FL,1,37,47.70000
46.5940,1553,23,30,0.03000,BL,0,30,47.49000
46.5940,1553,23,30,0.03000,FR,0,22,47.25000
46.5940,1553,23,30,0.03000,BR,0,15,47.04000
46.6060,1553,23,30,0.03000,FL,0,7,46.80000
46.6060,1553,23,30,0.03000,FL,1,37,47.70000
46.6060,1553,23,30,0.03000,BL,0,30,47.49000
46.6060,1553,23,30,0.03000,FR,0,22,47.25000
46.6060,1553,23,30,0.03000,BR,0,15,47.04000
46.6180,1553,23,30,0.03000,FL,0,7,46.80000
46.6180,1553,23,30,0.03000,FL,1,37,47.70000
46.6180,1553,23,30,0.03000,BL,0,30,47.49000
46.6180,1553,23,30,0.03000,FR,0,22,47.25000
46.6180,1553,23,30,0.03000,BR,0,15,47.04000
46.6260,1554,24,30,0.03000,FL,0,6,46.80000
46.6260,1554,24,30,0.03000,FL,1,36,47.70000
46.6260,1554,24,30,0.03000,BL,0,29,47.49000
46.6260,1554,24,30,0.03000,FR,0,21,47.25000
46.6260,1554,24,30,0.03000,BR,0,14,47.04000
46.6360,1554,24,30,0.03000,FL,0,6,46.80000
46.6360,1554,24,30,0.03000,FL,1,36,47.70000
46.6360,1554,24,30,0.03000,BL,0,29,47.49000
46.6360,1554,24,30,0.03000,FR,0,21,47.25000
46.6360,1554,24,30,0.03000,BR,0,14,47.04000
46.6460,1554,24,30,0.03000,FL,0,6,46.80000
46.6460,1554,24,30,0.03000,FL,1,36,47.70000
46.6460,1554,24,30,0.03000,BL,0,29,47.49000
46.6460,1554,24,30,0.03000,FR,0,21,47.25000
46.6460,1554,24,30,0.03000,BR,0,14,47.04000
46.6580,1555,25,30,0.03000,FL,0,5,46.80000
46.6580,1555,25,30,0.03000,FL,1,35,47.70000
46.6580,1555,25,30,0.03000,BL,0,28,47.49000
46.6580,1555,25,30,0.03000,FR,0,20,47.25000
46.6580,1555,25,30,0.03000,BR,0,13,47.04000
46.6700,1555,25,30,0.03000,FL,0,5,46.80000
46.6700,1555,25,30,0.03000,FL,1,35,47.70000
46.6700,1555,25,30,0.03000,BL,0,28,47.49000
46.6700,1555,25,30,0.03000,FR,0,20,47.25000
46.6700,1555,25,30,0.03000,BR,0,13,47.04000
46.6800,1556,26,30,0.03000,FL,0,4,46.80000
46.6800,1556,26,30,0.03000,FL,1,34,47.70000
46.6800,1556,26,30,0.03000,BL,0,27,47.49000
46.6800,1556,26,30,0.03000,FR,0,19,47.25000
46.6800,1556,26,30,0.03000,BR,0,12,47.04000
46.6900,1556,26,30,0.03000,FL,0,4,46.80000
46.6900,1556,26,30,0.03000,FL,1,34,47.70000
46.6900,1556,26,30,0.03000,BL,0,27,47.49000
46.6900,1556,26,30,0.03000,FR,0,19,47.25000
46.6900,1556,26,30,0.03000,BR,0,12,47.04000
46.7000,1556,26,30,0.03000,FL,0,4,46.80000
46.7000,1556,26,30,0.03000,FL,1,34,47.70000
46.7000,1556,26,30,0.03000,BL,0,27,47.49000
46.7000,1556,26,30,0.03000,FR,0,19,47.25000
46.7000,1556,26,30,0.03000,BR,0,12,47.04000
46.7100,1557,27,30,0.03000,FL,0,3,46.80000
46.7100,1557,27,30,0.03000,FL,1,33,47.70000
46.7100,1557,27,30,0.03000,BL,0,26,47.49000
46.7100,1557,27,30,0.03000,FR,0,18,47.25000
46.7100,1557,27,30,0.03000,BR,0,11,47.04000
46.7200,1557,27,30,0.03000,FL,0,3,46.80000
46.7200,1557,27,30,0.03000,FL,1,33,47.70000
46.7200,1557,27,30,0.03000,BL,0,26,47.49000
46.7200,1557,27,30,0.03000,FR,0,18,47.25000
46.7200,1557,27,30,0.03000,BR,0,11,47.04000
46.7300,1557,27,30,0.03000,FL,0,3,46.80000
46.7300,1557,27,30,0.03000,FL,1,33,47.70000
46.7300,1557,27,30,0.03000,BL,0,26,47.49000
46.7300,1557,27,30,0.03000,FR,0,18,47.25000
46.7300,1557,27,30,0.03000,BR,0,11,47.04000
46.7400,1558,28,30,0.03000,FL,0,2,46.80000
46.7400,1558,28,30,0.03000,FL,1,32,47.70000
46.7400,1558,28,30,0.03000,BL,0,25,47.49000
46.7400,1558,28,30,0.03000,FR,0,17,47.25000
46.7400,1558,28,30,0.03000,BR,0,10,47.04000
46.7520,1558,28,30,0.03000,FL,0,2,46.80000
46.7520,1558,28,30,0.03000,FL,1,32,47.70000
46.7520,1558,28,30,0.03000,BL,0,25,47.49000
46.7520,1558,28,30,0.03000,FR,0,17,47.25000
46.7520,1558,28,30,0.03000,BR,0,10,47.04000
46.7620,1558,28,30,0.03000,FL,0,2,46.80000
46.7620,1558,28,30,0.03000,FL,1,32,47.70000
46.7620,1558,28,30,0.03000,BL,0,25,47.49000
46.7620,1558,28,30,0.03000,FR,0,17,47.25000
46.7620,1558,28,30,0.03000,BR,0,10,47.04000
46.7720,1559,29,30,0.03000,FL,0,1,46.80000
46.7720,1559,29,30,0.03000,FL,1,31,47.70000
46.7720,1559,29,30,0.03000,BL,0,24,47.49000
46.7720,1559,29,30,0.03000,FR,0,16,47.25000
46.7720,1559,29,30,0.03000,BR,0,9,47.04000
46.7720,1559,29,30,0.03000,BR,1,39,47.94000
46.7800,1559,29,30,0.03000,FL,0,1,46.80000
46.7800,1559,29,30,0.03000,FL,1,31,47.70000
46.7800,1559,29,30,0.03000,BL,0,24,47.49000
46.7800,1559,29,30,0.03000,FR,0,16,47.25000
46.7800,1559,29,30,0.03000,BR,0,9,47.04000
46.7800,1559,29,30,0.03000,BR,1,39,47.94000
46.7900,1559,29,30,0.03000,FL,0,1,46.80000
46.7900,1559,29,30,0.03000,FL,1,31,47.70000
46.7900,1559,29,30,0.03000,BL,0,24,47.49000
46.7900,1559,29,30,0.03000,FR,0,16,47.25000
46.7900,1559,29,30,0.03000,BR,0,9,47.04000
46.7900,1559,29,30,0.03000,BR,1,39,47.94000
46.8000,1560,0,30,0.03000,FL,0,30,47.70000
46.8000,1560,0,30,0.03000,BL,0,23,47.49000
46.8000,1560,0,30,0.03000,FR,0,15,47.25000
46.8000,1560,0,30,0.03000,BR,0,8,47.04000
46.8000,1560,0,30,0.03000,BR,1,38,47.94000
46.8220,1560,0,30,0.03000,FL,0,30,47.70000
46.8220,1560,0,30,0.03000,BL,0,23,47.49000
46.8220,1560,0,30,0.03000,FR,0,15,47.25000
46.8220,1560,0,30,0.03000,BR,0,8,47.04000
46.8220,1560,0,30,0.03000,BR,1,38,47.94000
46.8320,1561,1,30,0.03000,FL,0,29,47.70000
46.8320,1561,1,30,0.03000,BL,0,22,47.49000
46.8320,1561,1,30,0.03000,FR,0,14,47.25000
46.8320,1561,1,30,0.03000,BR,0,7,47.04000
46.8320,1561,1,30,0.03000,BR,1,37,47.94000
46.8440,1561,1,30,0.03000,FL,0,29,47.70000
46.8440,1561,1,30,0.03000,BL,0,22,47.49000
46.8440,1561,1,30,0.03000,FR,0,14,47.25000
46.8440,1561,1,30,0.03000,BR,0,7,47.04000
46.8440,1561,1,30,0.03000,BR,1,37,47.94000
46.8540,1561,1,30,0.03000,FL,0,29,47.70000
46.8540,1561,1,30,0.03000,BL,0,22,47.49000
46.8540,1561,1,30,0.03000,FR,0,14,47.25000
46.8540,1561,1,30,0.03000,BR,0,7,47.04000
46.8540,1561,1,30,0.03000,BR,1,37,47.94000
46.8640,1562,2,30,0.03000,FL,0,28,47.70000
46.8640,1562,2,30,0.03000,BL,0,21,47.49000
46.8640,1562,2,30,0.03000,FR,0,13,47.25000
46.8640,1562,2,30,0.03000,BR,0,6,47.04000
46.8640,1562,2,30,0.03000,BR,1,36,47.94000
46.8720,1562,2,30,0.03000,FL,0,28,47.70000
46.8720,1562,2,30,0.03000,BL,0,21,47.49000
46.8720,1562,2,30,0.03000,FR,0,13,47.25000
46.8720,1562,2,30,0.03000,BR,0,6,47.04000
46.8720,1562,2,30,0.03000,BR,1,36,47.94000
46.8840,1562,2,30,0.03000,FL,0,28,47.70000
46.8840,1562,2,30,0.03000,BL,0,21,47.49000
46.8840,1562,2,30,0.03000,FR,0,13,47.25000
46.8840,1562,2,30,0.03000,BR,0,6,47.04000
46.8840,1562,2,30,0.03000,BR,1,36,47.94000
46.8940,1563,3,30,0.03000,FL,0,27,47.70000
46.8940,1563,3,30,0.03000,BL,0,20,47.49000
46.8940,1563,3,30,0.03000,FR,0,12,47.25000
46.8940,1563,3,30,0.03000,BR,0,5,47.04000
46.8940,1563,3,30,0.03000,BR,1,35,47.94000
46.9040,1563,3,30,0.03000,FL,0,27,47.70000
46.9040,1563,3,30,0.03000,BL,0,20,47.49000
46.9040,1563,3,30,0.03000,FR,0,12,47.25000
46.9040,1563,3,30,0.03000,BR,0,5,47.04000
46.9040,1563,3,30,0.03000,BR,1,35,47.94000
46.9160,1563,3,30,0.03000,FL,0,27,47.70000
46.9160,1563,3,30,0.03000,BL,0,20,47.49000
46.9160,1563,3,30,0.03000,FR,0,12,47.25000
46.9160,1563,3,30,0.03000,BR,0,5,47.04000
46.9160,1563,3,30,0.03000,BR,1,35,47.94000
46.9300,1564,4,30,0.03000,FL,0,26,47.70000
46.9300,1564,4,30,0.03000,BL,0,19,47.49000
46.9300,1564,4,30,0.03000,FR,0,11,47.25000
46.9300,1564,4,30,0.03000,BR,0,4,47.04000
46.9300,1564,4,30,0.03000,BR,1,34,47.94000
46.9400,1564,4,30,0.03000,FL,0,26,47.70000
46.9400,1564,4,30,0.03000,BL,0,19,47.49000
46.9400,1564,4,30,0.03000,FR,0,11,47.25000
46.9400,1564,4,30,0.03000,BR,0,4,47.04000
46.9400,1564,4,30,0.03000,BR,1,34,47.94000
46.9500,1565,5,30,0.03000,FL,0,25,47.70000
46.9500,1565,5,30,0.03000,BL,0,18,47.49000
46.9500,1565,5,30,0.03000,FR,0,10,47.25000
46.9500,1565,5,30,0.03000,BR,0,3,47.04000
46.9500,1565,5,30,0.03000,BR,1,33,47.94000
46.9600,1565,5,30,0.03000,FL,0,25,47.70000
46.9600,1565,5,30,0.03000,BL,0,18,47.49000
46.9600,1565,5,30,0.03000,FR,0,10,47.25000
46.9600,1565,5,30,0.03000,BR,0,3,47.04000
46.9600,1565,5,30,0.03000,BR,1,33,47.94000
46.9700,1565,5,30,0.03000,FL,0,25,47.70000
46.9700,1565,5,30,0.03000,BL,0,18,47.49000
46.9700,1565,5,30,0.03000,FR,0,10,47.25000
46.9700,1565,5,30,0.03000,BR,0,3,47.04000
46.9700,1565,5,30,0.03000,BR,1,33,47.94000
46.9800,1566,6,30,0.03000,FL,0,24,47.70000
46.9800,1566,6,30,0.03000,BL,0,17,47.49000
46.9800,1566,6,30,0.03000,FR,0,9,47.25000
46.9800,1566,6,30,0.03000,FR,1,39,48.15000
46.9800,1566,6,30,0.03000,BR,0,2,47.04000
46.9800,1566,6,30,0.03000,BR,1,32,47.94000
46.9880,1566,6,30,0.03000,FL,0,24,47.70000
46.9880,1566,6,30,0.03000,BL,0,17,47.49000
46.9880,1566,6,30,0.03000,FR,0,9,47.25000
46.9880,1566,6,30,0.03000,FR,1,39,48.15000
46.9880,1566,6,30,0.03000,BR,0,2,47.04000
46.9880,1566,6,30,0.03000,BR,1,32,47.94000
46.9980,1566,6,30,0.03000,FL,0,24,47.70000
46.9980,1566,6,30,0.03000,BL,0,17,47.49000
46.9980,1566,6,30,0.03000,FR,0,9,47.25000
46.9980,1566,6,30,0.03000,FR,1,39,48.15000
46.9980,1566,6,30,0.03000,BR,0,2,47.04000
46.9980,1566,6,30,0.03000,BR,1,32,47.94000
47.0080,1566,6,30,0.03000,FL,0,24,47.70000
47.0080,1566,6,30,0.03000,BL,0,17,47.49000
47.0080,1566,6,30,0.03000,FR,0,9,47.25000
47.0080,1566,6,30,0.03000,FR,1,39,48.15000
47.0080,1566,6,30,0.03000,BR,0,2,47.04000
47.0080,1566,6,30,0.03000,BR,1,32,47.94000
47.0180,1567,7,30,0.03000,FL,0,23,47.70000
47.0180,1567,7,30,0.03000,BL,0,16,47.49000
47.0180,1567,7,30,0.03000,FR,0,8,47.25000
47.0180,1567,7,30,0.03000,FR,1,38,48.15000
47.0180,1567,7,30,0.03000,BR,0,1,47.04000
47.0180,1567,7,30,0.03000,BR,1,31,47.94000
47.0360,1567,7,30,0.03000,FL,0,23,47.70000
47.0360,1567,7,30,0.03000,BL,0,16,47.49000
47.0360,1567,7,30,0.03000,FR,0,8,47.25000
47.0360,1567,7,30,0.03000,FR,1,38,48.15000
47.0360,1567,7,30,0.03000,BR,0,1,47.04000
47.0360,1567,7,30,0.03000,BR,1,31,47.94000
47.0460,1568,8,30,0.03000,FL,0,22,47.70000
47.0460,1568,8,30,0.03000,BL,0,15,47.49000
47.0460,1568,8,30,0.03000,FR,0,7,47.25000
47.0460,1568,8,30,0.03000,FR,1,37,48.15000
47.0460,1568,8,30,0.03000,BR,0,30,47.94000
47.0560,1568,8,30,0.03000,FL,0,22,47.70000
47.0560,1568,8,30,0.03000,BL,0,15,47.49000
47.0560,1568,8,30,0.03000,FR,0,7,47.25000
47.0560,1568,8,30,0.03000,FR,1,37,48.15000
47.0560,1568,8,30,0.03000,BR,0,30,47.94000
47.0660,1568,8,30,0.03000,FL,0,22,47.70000
47.0660,1568,8,30,0.03000,BL,0,15,47.49000
47.0660,1568,8,30,0.03000,FR,0,7,47.25000
47.0660,1568,8,30,0.03000,FR,1,37,48.15000
47.0660,1568,8,30,0.03000,BR,0,30,47.94000
47.0780,1569,9,30,0.03000,FL,0,21,47.70000
47.0780,1569,9,30,0.03000,BL,0,14,47.49000
47.0780,1569,9,30,0.03000,FR,0,6,47.25000
47.0780,1569,9,30,0.03000,FR,1,36,48.15000
47.0780,1569,9,30,0.03000,BR,0,29,47.94000
47.0900,1569,9,30,0.03000,FL,0,21,47.70000
47.0900,1569,9,30,0.03000,BL,0,14,47.49000
47.0900,1569,9,30,0.03000,FR,0,6,47.25000
47.0900,1569,9,30,0.03000,FR,1,36,48.15000
47.0900,1569,9,30,0.03000,BR,0,29,47.94000
47.1000,1570,10,30,0.03000,FL,0,20,47.70000
47.1000,1570,10,30,0.03000,BL,0,13,47.49000
47.1000,1570,10,30,0.03000,FR,0,5,47.25000
47.1000,1570,10,30,0.03000,FR,1,35,48.15000
47.1000,1570,10,30,0.03000,BR,0,28,47.94000
47.1080,1570,10,30,0.03000,FL,0,20,47.70000
47.1080,1570,10,30,0.03000,BL,0,13,47.49000
47.1080,1570,10,30,0.03000,FR,0,5,47.25000
47.1080,1570,10,30,0.03000,FR,1,35,48.15000
47.1080,1570,10,30,0.03000,BR,0,28,47.94000
47.1200,1570,10,30,0.03000,FL,0,20,47.70000
47.1200,1570,10,30,0.03000,BL,0,13,47.49000
47.1200,1570,10,30,0.03000,FR,0,5,47.25000
47.1200,1570,10,30,0.03000,FR,1,35,48.15000
47.1200,1570,10,30,0.03000,BR,0,28,47.94000
47.1280,1570,10,30,0.03000,FL,0,20,47.70000
47.1280,1570,10,30,0.03000,BL,0,13,47.49000
47.1280,1570,10,30,0.03000,FR,0,5,47.25000
47.1280,1570,10,30,0.03000,FR,1,35,48.15000
47.1280,1570,10,30,0.03000,BR,0,28,47.94000
47.1380,1571,11,30,0.03000,FL,0,19,47.70000
47.1380,1571,11,30,0.03000,BL,0,12,47.49000
47.1380,1571,11,30,0.03000,FR,0,4,47.25000
47.1380,1571,11,30,0.03000,FR,1,34,48.15000
47.1380,1571,11,30,0.03000,BR,0,27,47.94000
47.1480,1571,11,30,0.03000,FL,0,19,47.70000
47.1480,1571,11,30,0.03000,BL,0,12,47.49000
47.1480,1571,11,30,0.03000,FR,0,4,47.25000
47.1480,1571,11,30,0.03000,FR,1,34,48.15000
47.1480,1571,11,30,0.03000,BR,0,27,47.94000
47.1580,1571,11,30,0.03000,FL,0,19,47.70000
47.1580,1571,11,30,0.03000,BL,0,12,47.49000
47.1580,1571,11,30,0.03000,FR,0,4,47.25000
47.1580,1571,11,30,0.03000,FR,1,34,48.15000
47.1580,1571,11,30,0.03000,BR,0,27,47.94000
47.1680,1572,12,30,0.03000,FL,0,18,47.70000
47.1680,1572,12,30,0.03000,BL,0,11,47.49000
47.1680,1572,12,30,0.03000,FR,0,3,47.25000
47.1680,1572,12,30,0.03000,FR,1,33,48.15000
47.1680,1572,12,30,0.03000,BR,0,26,47.94000
47.1780,1572,12,30,0.03000,FL,0,18,47.70000
47.1780,1572,12,30,0.03000,BL,0,11,47.49000
47.1780,1572,12,30,0.03000,FR,0,3,47.25000
47.1780,1572,12,30,0.03000,FR,1,33,48.15000
47.1780,1572,12,30,0.03000,BR,0,26,47.94000
47.1880,1572,12,30,0.03000,FL,0,18,47.70000
47.1880,1572,12,30,0.03000,BL,0,11,47.49000
47.1880,1572,12,30,0.03000,FR,0,3,47.25000
47.1880,1572,12,30,0.03000,FR,1,33,48.15000
47.1880,1572,12,30,0.03000,BR,0,26,47.94000
47.1980,1573,13,30,0.03000,FL,0,17,47.70000
47.1980,1573,13,30,0.03000,BL,0,10,47.49000
47.1980,1573,13,30,0.03000,FR,0,2,47.25000
47.1980,1573,13,30,0.03000,FR,1,32,48.15000
47.1980,1573,13,30,0.03000,BR,0,25,47.94000
47.2100,1573,13,30,0.03000,FL,0,17,47.70000
47.2100,1573,13,30,0.03000,BL,0,10,47.49000
47.2100,1573,13,30,0.03000,FR,0,2,47.25000
47.2100,1573,13,30,0.03000,FR,1,32,48.15000
47.2100,1573,13,30,0.03000,BR,0,25,47.94000
47.2220,1574,14,30,0.03000,FL,0,16,47.70000
47.2220,1574,14,30,0.03000,BL,0,9,47.49000
47.2220,1574,14,30,0.03000,BL,1,39,48.39000
47.2220,1574,14,30,0.03000,FR,0,1,47.25000
47.2220,1574,14,30,0.03000,FR,1,31,48.15000
47.2220,1574,14,30,0.03000,BR,0,24,47.94000
47.2320,1574,14,30,0.03000,FL,0,16,47.70000
47.2320,1574,14,30,0.03000,BL,0,9,47.49000
47.2320,1574,14,30,0.03000,BL,1,39,48.39000
47.2320,1574,14,30,0.03000,FR,0,1,47.25000
47.2320,1574,14,30,0.03000,FR,1,31,48.15000
47.2320,1574,14,30,0.03000,BR,0,24,47.94000
47.2420,1574,14,30,0.03000,FL,0,16,47.70000
47.2420,1574,14,30,0.03000,BL,0,9,47.49000
47.2420,1574,14,30,0.03000,BL,1,39,48.39000
47.2420,1574,14,30,0.03000,FR,0,1,47.25000
47.2420,1574,14,30,0.03000,FR,1,31,48.15000
47.2420,1574,14,30,0.03000,BR,0,24,47.94000
47.2520,1575,15,30,0.03000,FL,0,15,47.70000
47.2520,1575,15,30,0.03000,BL,0,8,47.49000
47.2520,1575,15,30,0.03000,BL,1,38,48.39000
47.2520,1575,15,30,0.03000,FR,0,30,48.15000
47.2520,1575,15,30,0.03000,BR,0,23,47.94000
47.2700,1575,15,30,0.03000,FL,0,15,47.70000
47.2700,1575,15,30,0.03000,BL,0,8,47.49000
47.2700,1575,15,30,0.03000,BL,1,38,48.39000
47.2700,1575,15,30,0.03000,FR,0,30,48.15000
47.2700,1575,15,30,0.03000,BR,0,23,47.94000
47.2800,1576,16,30,0.03000,FL,0,14,47.70000
47.2800,1576,16,30,0.03000,BL,0,7,47.49000
47.2800,1576,16,30,0.03000,BL,1,37,48.39000
47.2800,1576,16,30,0.03000,FR,0,29,48.15000
47.2800,1576,16,30,0.03000,BR,0,22,47.94000
47.2900,1576,16,30,0.03000,FL,0,14,47.70000
47.2900,1576,16,30,0.03000,BL,0,7,47.49000
47.2900,1576,16,30,0.03000,BL,1,37,48.39000
47.2900,1576,16,30,0.03000,FR,0,29,48.15000
47.2900,1576,16,30,0.03000,BR,0,22,47.94000
47.3000,1576,16,30,0.03000,FL,0,14,47.70000
47.3000,1576,16,30,0.03000,BL,0,7,47.49000
47.3000,1576,16,30,0.03000,BL,1,37,48.39000
47.3000,1576,16,30,0.03000,FR,0,29,48.15000
47.3000,1576,16,30,0.03000,BR,0,22,47.94000
47.3100,1577,17,30,0.03000,FL,0,13,47.70000
47.3100,1577,17,30,0.03000,BL,0,6,47.49000
47.3100,1577,17,30,0.03000,BL,1,36,48.39000
47.3100,1577,17,30,0.03000,FR,0,28,48.15000
47.3100,1577,17,30,0.03000,BR,0,21,47.94000
47.3220,1577,17,30,0.03000,FL,0,13,47.70000
47.3220,1577,17,30,0.03000,BL,0,6,47.49000
47.3220,1577,17,30,0.03000,BL,1,36,48.39000
47.3220,1577,17,30,0.03000,FR,0,28,48.15000
47.3220,1577,17,30,0.03000,BR,0,21,47.94000
47.3320,1577,17,30,0.03000,FL,0,13,47.70000
47.3320,1577,17,30,0.03000,BL,0,6,47.49000
47.3320,1577,17,30,0.03000,BL,1,36,48.39000
47.3320,1577,17,30,0.03000,FR,0,28,48.15000
47.3320,1577,17,30,0.03000,BR,0,21,47.94000
47.3420,1578,18,30,0.03000,FL,0,12,47.70000
47.3420,1578,18,30,0.03000,BL,0,5,47.49000
47.3420,1578,18,30,0.03000,BL,1,35,48.39000
47.3420,1578,18,30,0.03000,FR,0,27,48.15000
47.3420,1578,18,30,0.03000,BR,0,20,47.94000
47.3580,1578,18,30,0.03000,FL,0,12,47.70000
47.3580,1578,18,30,0.03000,BL,0,5,47.49000
47.3580,1578,18,30,0.03000,BL,1,35,48.39000
47.3580,1578,18,30,0.03000,FR,0,27,48.15000
47.3580,1578,18,30,0.03000,BR,0,20,47.94000
47.3660,1578,18,30,0.03000,FL,0,12,47.70000
47.3660,1578,18,30,0.03000,BL,0,5,47.49000
47.3660,1578,18,30,0.03000,BL,1,35,48.39000
47.3660,1578,18,30,0.03000,FR,0,27,48.15000
47.3660,1578,18,30,0.03000,BR,0,20,47.94000
47.3760,1579,19,30,0.03000,FL,0,11,47.70000
47.3760,1579,19,30,0.03000,BL,0,4,47.49000
47.3760,1579,19,30,0.03000,BL,1,34,48.39000
47.3760,1579,19,30,0.03000,FR,0,26,48.15000
47.3760,1579,19,30,0.03000,BR,0,19,47.94000
47.3860,1579,19,30,0.03000,FL,0,11,47.70000
47.3860,1579,19,30,0.03000,BL,0,4,47.49000
47.3860,1579,19,30,0.03000,BL,1,34,48.39000
47.3860,1579,19,30,0.03000,FR,0,26,48.15000
47.3860,1579,19,30,0.03000,BR,0,19,47.94000
47.3960,1579,19,30,0.03000,FL,0,11,47.70000
47.3960,1579,19,30,0.03000,BL,0,4,47.49000
47.3960,1579,19,30,0.03000,BL,1,34,48.39000
47.3960,1579,19,30,0.03000,FR,0,26,48.15000
47.3960,1579,19,30,0.03000,BR,0,19,47.94000
47.4060,1580,20,30,0.03000,FL,0,10,47.70000
47.4060,1580,20,30,0.03000,BL,0,3,47.49000
47.4060,1580,20,30,0.03000,BL,1,33,48.39000
47.4060,1580,20,30,0.03000,FR,0,25,48.15000
47.4060,1580,20,30,0.03000,BR,0,18,47.94000
47.4140,1580,20,30,0.03000,FL,0,10,47.70000
47.4140,1580,20,30,0.03000,BL,0,3,47.49000
47.4140,1580,20,30,0.03000,BL,1,33,48.39000
47.4140,1580,20,30,0.03000,FR,0,25,48.15000
47.4140,1580,20,30,0.03000,BR,0,18,47.94000
47.4240,1580,20,30,0.03000,FL,0,10,47.70000
47.4240,1580,20,30,0.03000,BL,0,3,47.49000
47.4240,1580,20,30,0.03000,BL,1,33,48.39000
47.4240,1580,20,30,0.03000,FR,0,25,48.15000
47.4240,1580,20,30,0.03000,BR,0,18,47.94000
47.4340,1581,21,30,0.03000,FL,0,9,47.70000
47.4340,1581,21,30,0.03000,FL,1,39,48.60000
47.4340,1581,21,30,0.03000,BL,0,2,47.49000
47.4340,1581,21,30,0.03000,BL,1,32,48.39000
47.4340,1581,21,30,0.03000,FR,0,24,48.15000
47.4340,1581,21,30,0.03000,BR,0,17,47.94000
47.4440,1581,21,30,0.03000,FL,0,9,47.70000
47.4440,1581,21,30,0.03000,FL,1,39,48.60000
47.4440,1581,21,30,0.03000,BL,0,2,47.49000
47.4440,1581,21,30,0.03000,BL,1,32,48.39000
47.4440,1581,21,30,0.03000,FR,0,24,48.15000
47.4440,1581,21,30,0.03000,BR,0,17,47.94000
47.4540,1581,21,30,0.03000,FL,0,9,47.70000
47.4540,1581,21,30,0.03000,FL,1,39,48.60000
47.4540,1581,21,30,0.03000,BL,0,2,47.49000
47.4540,1581,21,30,0.03000,BL,1,32,48.39000
47.4540,1581,21,30,0.03000,FR,0,24,48.15000
47.4540,1581,21,30,0.03000,BR,0,17,47.94000
47.4620,1582,22,30,0.03000,FL,0,8,47.70000
47.4620,1582,22,30,0.03000,FL,1,38,48.60000
47.4620,1582,22,30,0.03000,BL,0,1,47.49000
47.4620,1582,22,30,0.03000,BL,1,31,48.39000
47.4620,1582,22,30,0.03000,FR,0,23,48.15000
47.4620,1582,22,30,0.03000,BR,0,16,47.94000
47.4840,1582,22,30,0.03000,FL,0,8,47.70000
47.4840,1582,22,30,0.03000,FL,1,38,48.60000
47.4840,1582,22,30,0.03000,BL,0,1,47.49000
47.4840,1582,22,30,0.03000,BL,1,31,48.39000
47.4840,1582,22,30,0.03000,FR,0,23,48.15000
47.4840,1582,22,30,0.03000,BR,0,16,47.94000
47.4940,1583,23,30,0.03000,FL,0,7,47.70000
47.4940,1583,23,30,0.03000,FL,1,37,48.60000
47.4940,1583,23,30,0.03000,BL,0,30,48.39000
47.4940,1583,23,30,0.03000,FR,0,22,48.15000
47.4940,1583,23,30,0.03000,BR,0,15,47.94000
47.5040,1583,23,30,0.03000,FL,0,7,47.70000
47.5040,1583,23,30,0.03000,FL,1,37,48.60000
47.5040,1583,23,30,0.03000,BL,0,30,48.39000
47.5040,1583,23,30,0.03000,FR,0,22,48.15000
47.5040,1583,23,30,0.03000,BR,0,15,47.94000
47.5140,1583,23,30,0.03000,FL,0,7,47.70000
47.5140,1583,23,30,0.03000,FL,1,37,48.60000
47.5140,1583,23,30,0.03000,BL,0,30,48.39000
47.5140,1583,23,30,0.03000,FR,0,22,48.15000
47.5140,1583,23,30,0.03000,BR,0,15,47.94000
47.5240,1584,24,30,0.03000,FL,0,6,47.70000
47.5240,1584,24,30,0.03000,FL,1,36,48.60000
47.5240,1584,24,30,0.03000,BL,0,29,48.39000
47.5240,1584,24,30,0.03000,FR,0,21,48.15000
47.5240,1584,24,30,0.03000,BR,0,14,47.94000
47.5360,1584,24,30,0.03000,FL,0,6,47.70000
47.5360,1584,24,30,0.03000,FL,1,36,48.60000
47.5360,1584,24,30,0.03000,BL,0,29,48.39000
47.5360,1584,24,30,0.03000,FR,0,21,48.15000
47.5360,1584,24,30,0.03000,BR,0,14,47.94000
47.5500,1585,25,30,0.03000,FL,0,5,47.70000
47.5500,1585,25,30,0.03000,FL,1,35,48.60000
47.5500,1585,25,30,0.03000,BL,0,28,48.39000
47.5500,1585,25,30,0.03000,FR,0,20,48.15000
47.5500,1585,25,30,0.03000,BR,0,13,47.94000
47.5600,1585,25,30,0.03000,FL,0,5,47.70000
47.5600,1585,25,30,0.03000,FL,1,35,48.60000
47.5600,1585,25,30,0.03000,BL,0,28,48.39000
47.5600,1585,25,30,0.03000,FR,0,20,48.15000
47.5600,1585,25,30,0.03000,BR,0,13,47.94000
47.5700,1585,25,30,0.03000,FL,0,5,47.70000
47.5700,1585,25,30,0.03000,FL,1,35,48.60000
47.5700,1585,25,30,0.03000,BL,0,28,48.39000
47.5700,1585,25,30,0.03000,FR,0,20,48.15000
47.5700,1585,25,30,0.03000,BR,0,13,47.94000
47.5800,1586,26,30,0.03000,FL,0,4,47.70000
47.5800,1586,26,30,0.03000,FL,1,34,48.60000
47.5800,1586,26,30,0.03000,BL,0,27,48.39000
47.5800,1586,26,30,0.03000,FR,0,19,48.15000
47.5800,1586,26,30,0.03000,BR,0,12,47.94000
47.5900,1586,26,30,0.03000,FL,0,4,47.70000
47.5900,1586,26,30,0.03000,FL,1,34,48.60000
47.5900,1586,26,30,0.03000,BL,0,27,48.39000
47.5900,1586,26,30,0.03000,FR,0,19,48.15000
47.5900,1586,26,30,0.03000,BR,0,12,47.94000
47.6000,1586,26,30,0.03000,FL,0,4,47.70000
47.6000,1586,26,30,0.03000,FL,1,34,48.60000
47.6000,1586,26,30,0.03000,BL,0,27,48.39000
47.6000,1586,26,30,0.03000,FR,0,19,48.15000
47.6000,1586,26,30,0.03000,BR,0,12,47.94000
47.6080,1586,26,30,0.03000,FL,0,4,47.70000
47.6100,1586,26,30,0.03000,FL,1,34,48.60000
47.6100,1586,26,30,0.03000,BL,0,27,48.39000
47.6100,1586,26,30,0.03000,FR,0,19,48.15000
47.6100,1586,26,30,0.03000,BR,0,12,47.94000
47.6200,1587,27,30,0.03000,FL,0,3,47.70000
47.6200,1587,27,30,0.03000,FL,1,33,48.60000
47.6200,1587,27,30,0.03000,BL,0,26,48.39000
47.6200,1587,27,30,0.03000,FR,0,18,48.15000
47.6200,1587,27,30,0.03000,BR,0,11,47.94000
47.6280,1587,27,30,0.03000,FL,0,3,47.70000
47.6280,1587,27,30,0.03000,FL,1,33,48.60000
47.6280,1587,27,30,0.03000,BL,0,26,48.39000
47.6280,1587,27,30,0.03000,FR,0,18,48.15000
47.6280,1587,27,30,0.03000,BR,0,11,47.94000
47.6400,1588,28,30,0.03000,FL,0,2,47.70000
47.6400,1588,28,30,0.03000,FL,1,32,48.60000
47.6400,1588,28,30,0.03000,BL,0,25,48.39000
47.6400,1588,28,30,0.03000,FR,0,17,48.15000
47.6400,1588,28,30,0.03000,BR,0,10,47.94000
47.6480,1588,28,30,0.03000,FL,0,2,47.70000
47.6480,1588,28,30,0.03000,FL,1,32,48.60000
47.6480,1588,28,30,0.03000,BL,0,25,48.39000
47.6480,1588,28,30,0.03000,FR,0,17,48.15000
47.6480,1588,28,30,0.03000,BR,0,10,47.94000
47.6580,1588,28,30,0.03000,FL,0,2,47.70000
47.6580,1588,28,30,0.03000,FL,1,32,48.60000
47.6580,1588,28,30,0.03000,BL,0,25,48.39000
47.6580,1588,28,30,0.03000,FR,0,17,48.15000
47.6580,1588,28,30,0.03000,BR,0,10,47.94000
47.6680,1588,28,30,0.03000,FL,0,2,47.70000
47.6680,1588,28,30,0.03000,FL,1,32,48.60000
47.6680,1588,28,30,0.03000,BL,0,25,48.39000
47.6680,1588,28,30,0.03000,FR,0,17,48.15000
47.6680,1588,28,30,0.03000,BR,0,10,47.94000
47.6760,1589,29,30,0.03000,FL,0,1,47.70000
47.6760,1589,29,30,0.03000,FL,1,31,48.60000
47.6760,1589,29,30,0.03000,BL,0,24,48.39000
47.6760,1589,29,30,0.03000,FR,0,16,48.15000
47.6760,1589,29,30,0.03000,BR,0,9,47.94000
47.6760,1589,29,30,0.03000,BR,1,39,48.84000
47.6860,1589,29,30,0.03000,FL,0,1,47.70000
47.6860,1589,29,30,0.03000,FL,1,31,48.60000
47.6860,1589,29,30,0.03000,BL,0,24,48.39000
47.6860,1589,29,30,0.03000,FR,0,16,48.15000
47.6860,1589,29,30,0.03000,BR,0,9,47.94000
47.6860,1589,29,30,0.03000,BR,1,39,48.84000
47.6960,1589,29,30,0.03000,FL,0,1,47.70000
47.6960,1589,29,30,0.03000,FL,1,31,48.60000
47.6960,1589,29,30,0.03000,BL,0,24,48.39000
47.6960,1589,29,30,0.03000,FR,0,16,48.15000
47.6960,1589,29,30,0.03000,BR,0,9,47.94000
47.6960,1589,29,30,0.03000,BR,1,39,48.84000
47.7060,1590,0,30,0.03000,FL,0,30,48.60000
47.7060,1590,0,30,0.03000,BL,0,23,48.39000
47.7060,1590,0,30,0.03000,FR,0,15,48.15000
47.7060,1590,0,30,0.03000,BR,0,8,47.94000
47.7060,1590,0,30,0.03000,BR,1,38,48.84000
47.7260,1590,0,30,0.03000,FL,0,30,48.60000
47.7260,1590,0,30,0.03000,BL,0,23,48.39000
47.7260,1590,0,30,0.03000,FR,0,15,48.15000
47.7260,1590,0,30,0.03000,BR,0,8,47.94000
47.7260,1590,0,30,0.03000,BR,1,38,48.84000
47.7340,1591,1,30,0.03000,FL,0,29,48.60000
47.7340,1591,1,30,0.03000,BL,0,22,48.39000
47.7340,1591,1,30,0.03000,FR,0,14,48.15000
47.7340,1591,1,30,0.03000,BR,0,7,47.94000
47.7340,1591,1,30,0.03000,BR,1,37,48.84000
47.7460,1591,1,30,0.03000,FL,0,29,48.60000
47.7460,1591,1,30,0.03000,BL,0,22,48.39000
47.7460,1591,1,30,0.03000,FR,0,14,48.15000
47.7460,1591,1,30,0.03000,BR,0,7,47.94000
47.7460,1591,1,30,0.03000,BR,1,37,48.84000
47.7560,1591,1,30,0.03000,FL,0,29,48.60000
47.7560,1591,1,30,0.03000,BL,0,22,48.39000
47.7560,1591,1,30,0.03000,FR,0,14,48.15000
47.7560,1591,1,30,0.03000,BR,0,7,47.94000
47.7560,1591,1,30,0.03000,BR,1,37,48.84000
47.7640,1592,2,30,0.03000,FL,0,28,48.60000
47.7640,1592,2,30,0.03000,BL,0,21,48.39000
47.7640,1592,2,30,0.03000,FR,0,13,48.15000
47.7640,1592,2,30,0.03000,BR,0,6,47.94000
47.7640,1592,2,30,0.03000,BR,1,36,48.84000
47.7740,1592,2,30,0.03000,FL,0,28,48.60000
47.7740,1592,2,30,0.03000,BL,0,21,48.39000
47.7740,1592,2,30,0.03000,FR,0,13,48.15000
47.7740,1592,2,30,0.03000,BR,0,6,47.94000
47.7740,1592,2,30,0.03000,BR,1,36,48.84000
47.7840,1592,2,30,0.03000,FL,0,28,48.60000
47.7840,1592,2,30,0.03000,BL,0,21,48.39000
47.7840,1592,2,30,0.03000,FR,0,13,48.15000
47.7840,1592,2,30,0.03000,BR,0,6,47.94000
47.7840,1592,2,30,0.03000,BR,1,36,48.84000
47.7920,1593,3,30,0.03000,FL,0,27,48.60000
47.7920,1593,3,30,0.03000,BL,0,20,48.39000
47.7920,1593,3,30,0.03000,FR,0,12,48.15000
47.7920,1593,3,30,0.03000,BR,0,5,47.94000
47.7920,1593,3,30,0.03000,BR,1,35,48.84000
47.8020,1593,3,30,0.03000,FL,0,27,48.60000
47.8020,1593,3,30,0.03000,BL,0,20,48.39000
47.8020,1593,3,30,0.03000,FR,0,12,48.15000
47.8020,1593,3,30,0.03000,BR,0,5,47.94000
47.8020,1593,3,30,0.03000,BR,1,35,48.84000
47.8120,1593,3,30,0.03000,FL,0,27,48.60000
47.8120,1593,3,30,0.03000,BL,0,20,48.39000
47.8120,1593,3,30,0.03000,FR,0,12,48.15000
47.8120,1593,3,30,0.03000,BR,0,5,47.94000
47.8120,1593,3,30,0.03000,BR,1,35,48.84000
47.8220,1594,4,30,0.03000,FL,0,26,48.60000
47.8220,1594,4,30,0.03000,BL,0,19,48.39000
47.8220,1594,4,30,0.03000,FR,0,11,48.15000
47.8220,1594,4,30,0.03000,BR,0,4,47.94000
47.8220,1594,4,30,0.03000,BR,1,34,48.84000
47.8320,1594,4,30,0.03000,FL,0,26,48.60000
47.8320,1594,4,30,0.03000,BL,0,19,48.39000
47.8320,1594,4,30,0.03000,FR,0,11,48.15000
47.8320,1594,4,30,0.03000,BR,0,4,47.94000
47.8320,1594,4,30,0.03000,BR,1,34,48.84000
47.8420,1594,4,30,0.03000,FL,0,26,48.60000
47.8420,1594,4,30,0.03000,BL,0,19,48.39000
47.8420,1594,4,30,0.03000,FR,0,11,48.15000
47.8420,1594,4,30,0.03000,BR,0,4,47.94000
47.8420,1594,4,30,0.03000,BR,1,34,48.84000
47.8520,1595,5,30,0.03000,FL,0,25,48.60000
47.8520,1595,5,30,0.03000,BL,0,18,48.39000
47.8520,1595,5,30,0.03000,FR,0,10,48.15000
47.8520,1595,5,30,0.03000,BR,0,3,47.94000
47.8520,1595,5,30,0.03000,BR,1,33,48.84000
47.8600,1595,5,30,0.03000,FL,0,25,48.60000
47.8600,1595,5,30,0.03000,BL,0,18,48.39000
47.8600,1595,5,30,0.03000,FR,0,10,48.15000
47.8600,1595,5,30,0.03000,BR,0,3,47.94000
47.8600,1595,5,30,0.03000,BR,1,33,48.84000
47.8700,1595,5,30,0.03000,FL,0,25,48.60000
47.8700,1595,5,30,0.03000,BL,0,18,48.39000
47.8700,1595,5,30,0.03000,FR,0,10,48.15000
47.8700,1595,5,30,0.03000,BR,0,3,47.94000
47.8700,1595,5,30,0.03000,BR,1,33,48.84000
47.8800,1596,6,30,0.03000,FL,0,24,48.60000
47.8800,1596,6,30,0.03000,BL,0,17,48.39000
47.8800,1596,6,30,0.03000,FR,0,9,48.15000
47.8800,1596,6,30,0.03000,FR,1,39,49.05000
47.8800,1596,6,30,0.03000,BR,0,2,47.94000
47.8800,1596,6,30,0.03000,BR,1,32,48.84000
47.8880,1596,6,30,0.03000,FL,0,24,48.60000
47.8880,1596,6,30,0.03000,BL,0,17,48.39000
47.8880,1596,6,30,0.03000,FR,0,9,48.15000
47.8880,1596,6,30,0.03000,FR,1,39,49.05000
47.8880,1596,6,30,0.03000,BR,0,2,47.94000
47.8880,1596,6,30,0.03000,BR,1,32,48.84000
47.9000,1596,6,30,0.03000,FL,0,24,48.60000
47.9000,1596,6,30,0.03000,BL,0,17,48.39000
47.9000,1596,6,30,0.03000,FR,0,9,48.15000
47.9000,1596,6,30,0.03000,FR,1,39,49.05000
47.9000,1596,6,30,0.03000,BR,0,2,47.94000
47.9000,1596,6,30,0.03000,BR,1,32,48.84000
47.9100,1597,7,30,0.03000,FL,0,23,48.60000
47.9100,1597,7,30,0.03000,BL,0,16,48.39000
47.9100,1597,7,30,0.03000,FR,0,8,48.15000
47.9100,1597,7,30,0.03000,FR,1,38,49.05000
47.9100,1597,7,30,0.03000,BR,0,1,47.94000
47.9100,1597,7,30,0.03000,BR,1,31,48.84000
47.9360,1597,7,30,0.03000,FL,0,23,48.60000
47.9360,1597,7,30,0.03000,BL,0,16,48.39000
47.9360,1597,7,30,0.03000,FR,0,8,48.15000
47.9360,1597,7,30,0.03000,FR,1,38,49.05000
47.9360,1597,7,30,0.03000,BR,0,1,47.94000
47.9360,1597,7,30,0.03000,BR,1,31,48.84000
47.9460,1598,8,30,0.03000,FL,0,22,48.60000
47.9460,1598,8,30,0.03000,BL,0,15,48.39000
47.9460,1598,8,30,0.03000,FR,0,7,48.15000
47.9460,1598,8,30,0.03000,FR,1,37,49.05000
47.9460,1598,8,30,0.03000,BR,0,30,48.84000
47.9580,1598,8,30,0.03000,FL,0,22,48.60000
47.9580,1598,8,30,0.03000,BL,0,15,48.39000
47.9580,1598,8,30,0.03000,FR,0,7,48.15000
47.9580,1598,8,30,0.03000,FR,1,37,49.05000
47.9580,1598,8,30,0.03000,BR,0,30,48.84000
47.9680,1598,8,30,0.03000,FL,0,22,48.60000
47.9680,1598,8,30,0.03000,BL,0,15,48.39000
47.9680,1598,8,30,0.03000,FR,0,7,48.15000
47.9680,1598,8,30,0.03000,FR,1,37,49.05000
47.9680,1598,8,30,0.03000,BR,0,30,48.84000
47.9820,1599,9,30,0.03000,FL,0,21,48.60000
47.9820,1599,9,30,0.03000,BL,0,14,48.39000
47.9820,1599,9,30,0.03000,FR,0,6,48.15000
47.9820,1599,9,30,0.03000,FR,1,36,49.05000
47.9820,1599,9,30,0.03000,BR,0,29,48.84000
47.9920,1599,9,30,0.03000,FL,0,21,48.60000
47.9920,1599,9,30,0.03000,BL,0,14,48.39000
47.9920,1599,9,30,0.03000,FR,0,6,48.15000
47.9920,1599,9,30,0.03000,FR,1,36,49.05000
47.9920,1599,9,30,0.03000,BR,0,29,48.84000
48.0040,1600,10,30,0.03000,FL,0,20,48.60000
48.0040,1600,10,30,0.03000,BL,0,13,48.39000
48.0040,1600,10,30,0.03000,FR,0,5,48.15000
48.0040,1600,10,30,0.03000,FR,1,35,49.05000
48.0040,1600,10,30,0.03000,BR,0,28,48.84000
48.0160,1600,10,30,0.03000,FL,0,20,48.60000
48.0160,1600,10,30,0.03000,BL,0,13,48.39000
48.0160,1600,10,30,0.03000,FR,0,5,48.15000
48.0160,1600,10,30,0.03000,FR,1,35,49.05000
48.0160,1600,10,30,0.03000,BR,0,28,48.84000
48.0260,1600,10,30,0.03000,FL,0,20,48.60000
48.0260,1600,10,30,0.03000,BL,0,13,48.39000
48.0260,1600,10,30,0.03000,FR,0,5,48.15000
48.0260,1600,10,30,0.03000,FR,1,35,49.05000
48.0260,1600,10,30,0.03000,BR,0,28,48.84000
48.0360,1601,11,30,0.03000,FL,0,19,48.60000
48.0360,1601,11,30,0.03000,BL,0,12,48.39000
48.0360,1601,11,30,0.03000,FR,0,4,48.15000
48.0360,1601,11,30,0.03000,FR,1,34,49.05000
48.0360,1601,11,30,0.03000,BR,0,27,48.84000
48.0460,1601,11,30,0.03000,FL,0,19,48.60000
48.0460,1601,11,30,0.03000,BL,0,12,48.39000
48.0460,1601,11,30,0.03000,FR,0,4,48.15000
48.0460,1601,11,30,0.03000,FR,1,34,49.05000
48.0460,1601,11,30,0.03000,BR,0,27,48.84000
48.0560,1601,11,30,0.03000,FL,0,19,48.60000
48.0560,1601,11,30,0.03000,BL,0,12,48.39000
48.0560,1601,11,30,0.03000,FR,0,4,48.15000
48.0560,1601,11,30,0.03000,FR,1,34,49.05000
48.0560,1601,11,30,0.03000,BR,0,27,48.84000
48.0660,1602,12,30,0.03000,FL,0,18,48.60000
48.0660,1602,12,30,0.03000,BL,0,11,48.39000
48.0660,1602,12,30,0.03000,FR,0,3,48.15000
48.0660,1602,12,30,0.03000,FR,1,33,49.05000
48.0660,1602,12,30,0.03000,BR,0,26,48.84000
48.0760,1602,12,30,0.03000,FL,0,18,48.60000
48.0760,1602,12,30,0.03000,BL,0,11,48.39000
48.0760,1602,12,30,0.03000,FR,0,3,48.15000
48.0760,1602,12,30,0.03000,FR,1,33,49.05000
48.0760,1602,12,30,0.03000,BR,0,26,48.84000
48.0860,1602,12,30,0.03000,FL,0,18,48.60000
48.0860,1602,12,30,0.03000,BL,0,11,48.39000
48.0860,1602,12,30,0.03000,FR,0,3,48.15000
48.0860,1602,12,30,0.03000,FR,1,33,49.05000
48.0860,1602,12,30,0.03000,BR,0,26,48.84000
48.0960,1603,13,30,0.03000,FL,0,17,48.60000
48.0960,1603,13,30,0.03000,BL,0,10,48.39000
48.0960,1603,13,30,0.03000,FR,0,2,48.15000
48.0960,1603,13,30,0.03000,FR,1,32,49.05000
48.0960,1603,13,30,0.03000,BR,0,25,48.84000
48.1060,1603,13,30,0.03000,FL,0,17,48.60000
48.1060,1603,13,30,0.03000,BL,0,10,48.39000
48.1060,1603,13,30,0.03000,FR,0,2,48.15000
48.1060,1603,13,30,0.03000,FR,1,32,49.05000
48.1060,1603,13,30,0.03000,BR,0,25,48.84000
48.1160,1603,13,30,0.03000,FL,0,17,48.60000
48.1160,1603,13,30,0.03000,BL,0,10,48.39000
48.1160,1603,13,30,0.03000,FR,0,2,48.15000
48.1160,1603,13,30,0.03000,FR,1,32,49.05000
48.1160,1603,13,30,0.03000,BR,0,25,48.84000
48.1260,1604,14,30,0.03000,FL,0,16,48.60000
48.1260,1604,14,30,0.03000,BL,0,9,48.39000
48.1260,1604,14,30,0.03000,BL,1,39,49.29000
48.1260,1604,14,30,0.03000,FR,0,1,48.15000
48.1260,1604,14,30,0.03000,FR,1,31,49.05000
48.1260,1604,14,30,0.03000,BR,0,24,48.84000
48.1340,1604,14,30,0.03000,FL,0,16,48.60000
48.1340,1604,14,30,0.03000,BL,0,9,48.39000
48.1340,1604,14,30,0.03000,BL,1,39,49.29000
48.1340,1604,14,30,0.03000,FR,0,1,48.15000
48.1340,1604,14,30,0.03000,FR,1,31,49.05000
48.1340,1604,14,30,0.03000,BR,0,24,48.84000
48.1460,1604,14,30,0.03000,FL,0,16,48.60000
48.1460,1604,14,30,0.03000,BL,0,9,48.39000
48.1460,1604,14,30,0.03000,BL,1,39,49.29000
48.1460,1604,14,30,0.03000,FR,0,1,48.15000
48.1460,1604,14,30,0.03000,FR,1,31,49.05000
48.1460,1604,14,30,0.03000,BR,0,24,48.84000
48.1540,1605,15,30,0.03000,FL,0,15,48.60000
48.1540,1605,15,30,0.03000,BL,0,8,48.39000
48.1540,1605,15,30,0.03000,BL,1,38,49.29000
48.1540,1605,15,30,0.03000,FR,0,30,49.05000
48.1540,1605,15,30,0.03000,BR,0,23,48.84000
48.1740,1605,15,30,0.03000,FL,0,15,48.60000
48.1740,1605,15,30,0.03000,BL,0,8,48.39000
48.1740,1605,15,30,0.03000,BL,1,38,49.29000
48.1740,1605,15,30,0.03000,FR,0,30,49.05000
48.1740,1605,15,30,0.03000,BR,0,23,48.84000
48.1840,1606,16,30,0.03000,FL,0,14,48.60000
48.1840,1606,16,30,0.03000,BL,0,7,48.39000
48.1840,1606,16,30,0.03000,BL,1,37,49.29000
48.1840,1606,16,30,0.03000,FR,0,29,49.05000
48.1840,1606,16,30,0.03000,BR,0,22,48.84000
48.1940,1606,16,30,0.03000,FL,0,14,48.60000
48.1940,1606,16,30,0.03000,BL,0,7,48.39000
48.1940,1606,16,30,0.03000,BL,1,37,49.29000
48.1940,1606,16,30,0.03000,FR,0,29,49.05000
48.1940,1606,16,30,0.03000,BR,0,22,48.84000
48.2040,1606,16,30,0.03000,FL,0,14,48.60000
48.2040,1606,16,30,0.03000,BL,0,7,48.39000
48.2040,1606,16,30,0.03000,BL,1,37,49.29000
48.2040,1606,16,30,0.03000,FR,0,29,49.05000
48.2040,1606,16,30,0.03000,BR,0,22,48.84000
48.2140,1607,17,30,0.03000,FL,0,13,48.60000
48.2140,1607,17,30,0.03000,BL,0,6,48.39000
48.2140,1607,17,30,0.03000,BL,1,36,49.29000
48.2140,1607,17,30,0.03000,FR,0,28,49.05000
48.2140,1607,17,30,0.03000,BR,0,21,48.84000
48.2240,1607,17,30,0.03000,FL,0,13,48.60000
48.2240,1607,17,30,0.03000,BL,0,6,48.39000
48.2240,1607,17,30,0.03000,BL,1,36,49.29000
48.2240,1607,17,30,0.03000,FR,0,28,49.05000
48.2240,1607,17,30,0.03000,BR,0,21,48.84000
48.2360,1607,17,30,0.03000,FL,0,13,48.60000
48.2360,1607,17,30,0.03000,BL,0,6,48.39000
48.2360,1607,17,30,0.03000,BL,1,36,49.29000
48.2360,1607,17,30,0.03000,FR,0,28,49.05000
48.2360,1607,17,30,0.03000,BR,0,21,48.84000
48.2460,1608,18,30,0.03000,FL,0,12,48.60000
48.2460,1608,18,30,0.03000,BL,0,5,48.39000
48.2460,1608,18,30,0.03000,BL,1,35,49.29000
48.2460,1608,18,30,0.03000,FR,0,27,49.05000
48.2460,1608,18,30,0.03000,BR,0,20,48.84000
48.2540,1608,18,30,0.03000,FL,0,12,48.60000
48.2540,1608,18,30,0.03000,BL,0,5,48.39000
48.2540,1608,18,30,0.03000,BL,1,35,49.29000
48.2540,1608,18,30,0.03000,FR,0,27,49.05000
48.2540,1608,18,30,0.03000,BR,0,20,48.84000
48.2640,1608,18,30,0.03000,FL,0,12,48.60000
48.2640,1608,18,30,0.03000,BL,0,5,48.39000
48.2640,1608,18,30,0.03000,BL,1,35,49.29000
48.2640,1608,18,30,0.03000,FR,0,27,49.05000
48.2640,1608,18,30,0.03000,BR,0,20,48.84000
48.2740,1609,19,30,0.03000,FL,0,11,48.60000
48.2740,1609,19,30,0.03000,BL,0,4,48.39000
48.2740,1609,19,30,0.03000,BL,1,34,49.29000
48.2740,1609,19,30,0.03000,FR,0,26,49.05000
48.2740,1609,19,30,0.03000,BR,0,19,48.84000
48.2840,1609,19,30,0.03000,FL,0,11,48.60000
48.2840,1609,19,30,0.03000,BL,0,4,48.39000
48.2840,1609,19,30,0.03000,BL,1,34,49.29000
48.2840,1609,19,30,0.03000,FR,0,26,49.05000
48.2840,1609,19,30,0.03000,BR,0,19,48.84000
48.2940,1609,19,30,0.03000,FL,0,11,48.60000
48.2940,1609,19,30,0.03000,BL,0,4,48.39000
48.2940,1609,19,30,0.03000,BL,1,34,49.29000
48.2940,1609,19,30,0.03000,FR,0,26,49.05000
48.2940,1609,19,30,0.03000,BR,0,19,48.84000
48.3040,1610,20,30,0.03000,FL,0,10,48.60000
48.3040,1610,20,30,0.03000,BL,0,3,48.39000
48.3040,1610,20,30,0.03000,BL,1,33,49.29000
48.3040,1610,20,30,0.03000,FR,0,25,49.05000
48.3040,1610,20,30,0.03000,BR,0,18,48.84000
48.3160,1610,20,30,0.03000,FL,0,10,48.60000
48.3160,1610,20,30,0.03000,BL,0,3,48.39000
48.3160,1610,20,30,0.03000,BL,1,33,49.29000
48.3160,1610,20,30,0.03000,FR,0,25,49.05000
48.3160,1610,20,30,0.03000,BR,0,18,48.84000
48.3240,1610,20,30,0.03000,FL,0,10,48.60000
48.3240,1610,20,30,0.03000,BL,0,3,48.39000
48.3240,1610,20,30,0.03000,BL,1,33,49.29000
48.3240,1610,20,30,0.03000,FR,0,25,49.05000
48.3240,1610,20,30,0.03000,BR,0,18,48.84000
48.3340,1611,21,30,0.03000,FL,0,9,48.60000
48.3340,1611,21,30,0.03000,FL,1,39,49.50000
48.3340,1611,21,30,0.03000,BL,0,2,48.39000
48.3340,1611,21,30,0.03000,BL,1,32,49.29000
48.3340,1611,21,30,0.03000,FR,0,24,49.05000
48.3340,1611,21,30,0.03000,BR,0,17,48.84000
48.3460,1611,21,30,0.03000,FL,0,9,48.60000
48.3460,1611,21,30,0.03000,FL,1,39,49.50000
48.3460,1611,21,30,0.03000,BL,0,2,48.39000
48.3460,1611,21,30,0.03000,BL,1,32,49.29000
48.3460,1611,21,30,0.03000,FR,0,24,49.05000
48.3460,1611,21,30,0.03000,BR,0,17,48.84000
48.3580,1611,21,30,0.03000,FL,0,9,48.60000
48.3580,1611,21,30,0.03000,FL,1,39,49.50000
48.3580,1611,21,30,0.03000,BL,0,2,48.39000
48.3580,1611,21,30,0.03000,BL,1,32,49.29000
48.3580,1611,21,30,0.03000,FR,0,24,49.05000
48.3580,1611,21,30,0.03000,BR,0,17,48.84000
48.3680,1612,22,30,0.03000,FL,0,8,48.60000
48.3680,1612,22,30,0.03000,FL,1,38,49.50000
48.3680,1612,22,30,0.03000,BL,0,1,48.39000
48.3680,1612,22,30,0.03000,BL,1,31,49.29000
48.3680,1612,22,30,0.03000,FR,0,23,49.05000
48.3680,1612,22,30,0.03000,BR,0,16,48.84000
48.3920,1613,23,30,0.03000,FL,0,7,48.60000
48.3920,1613,23,30,0.03000,FL,1,37,49.50000
48.3920,1613,23,30,0.03000,BL,0,30,49.29000
48.3920,1613,23,30,0.03000,FR,0,22,49.05000
48.3920,1613,23,30,0.03000,BR,0,15,48.84000
48.4040,1613,23,30,0.03000,FL,0,7,48.60000
48.4040,1613,23,30,0.03000,FL,1,37,49.50000
48.4040,1613,23,30,0.03000,BL,0,30,49.29000
48.4040,1613,23,30,0.03000,FR,0,22,49.05000
48.4040,1613,23,30,0.03000,BR,0,15,48.84000
48.4140,1613,23,30,0.03000,FL,0,7,48.60000
48.4140,1613,23,30,0.03000,FL,1,37,49.50000
48.4140,1613,23,30,0.03000,BL,0,30,49.29000
48.4140,1613,23,30,0.03000,FR,0,22,49.05000
48.4140,1613,23,30,0.03000,BR,0,15,48.84000
48.4260,1614,24,30,0.03000,FL,0,6,48.60000
48.4260,1614,24,30,0.03000,FL,1,36,49.50000
48.4260,1614,24,30,0.03000,BL,0,29,49.29000
48.4260,1614,24,30,0.03000,FR,0,21,49.05000
48.4260,1614,24,30,0.03000,BR,0,14,48.84000
48.4360,1614,24,30,0.03000,FL,0,6,48.60000
48.4360,1614,24,30,0.03000,FL,1,36,49.50000
48.4360,1614,24,30,0.03000,BL,0,29,49.29000
48.4360,1614,24,30,0.03000,FR,0,21,49.05000
48.4360,1614,24,30,0.03000,BR,0,14,48.84000
48.4460,1614,24,30,0.03000,FL,0,6,48.60000
48.4460,1614,24,30,0.03000,FL,1,36,49.50000
48.4460,1614,24,30,0.03000,BL,0,29,49.29000
48.4460,1614,24,30,0.03000,FR,0,21,49.05000
48.4460,1614,24,30,0.03000,BR,0,14,48.84000
48.4560,1615,25,30,0.03000,FL,0,5,48.60000
48.4560,1615,25,30,0.03000,FL,1,35,49.50000
48.4560,1615,25,30,0.03000,BL,0,28,49.29000
48.4560,1615,25,30,0.03000,FR,0,20,49.05000
48.4560,1615,25,30,0.03000,BR,0,13,48.84000
48.4660,1615,25,30,0.03000,FL,0,5,48.60000
48.4660,1615,25,30,0.03000,FL,1,35,49.50000
48.4660,1615,25,30,0.03000,BL,0,28,49.29000
48.4660,1615,25,30,0.03000,FR,0,20,49.05000
48.4660,1615,25,30,0.03000,BR,0,13,48.84000
48.4780,1615,25,30,0.03000,FL,0,5,48.60000
48.4780,1615,25,30,0.03000,FL,1,35,49.50000
48.4780,1615,25,30,0.03000,BL,0,28,49.29000
48.4780,1615,25,30,0.03000,FR,0,20,49.05000
48.4780,1615,25,30,0.03000,BR,0,13,48.84000
48.4900,1616,26,30,0.03000,FL,0,4,48.60000
48.4900,1616,26,30,0.03000,FL,1,34,49.50000
48.4900,1616,26,30,0.03000,BL,0,27,49.29000
48.4900,1616,26,30,0.03000,FR,0,19,49.05000
48.4900,1616,26,30,0.03000,BR,0,12,48.84000
48.5000,1616,26,30,0.03000,FL,0,4,48.60000
48.5000,1616,26,30,0.03000,FL,1,34,49.50000
48.5000,1616,26,30,0.03000,BL,0,27,49.29000
48.5000,1616,26,30,0.03000,FR,0,19,49.05000
48.5000,1616,26,30,0.03000,BR,0,12,48.84000
48.5140,1617,27,30,0.03000,FL,0,3,48.60000
48.5140,1617,27,30,0.03000,FL,1,33,49.50000
48.5140,1617,27,30,0.03000,BL,0,26,49.29000
48.5140,1617,27,30,0.03000,FR,0,18,49.05000
48.5140,1617,27,30,0.03000,BR,0,11,48.84000
48.5220,1617,27,30,0.03000,FL,0,3,48.60000
48.5220,1617,27,30,0.03000,FL,1,33,49.50000
48.5220,1617,27,30,0.03000,BL,0,26,49.29000
48.5220,1617,27,30,0.03000,FR,0,18,49.05000
48.5220,1617,27,30,0.03000,BR,0,11,48.84000
48.5320,1617,27,30,0.03000,FL,0,3,48.60000
48.5320,1617,27,30,0.03000,FL,1,33,49.50000
48.5320,1617,27,30,0.03000,BL,0,26,49.29000
48.5320,1617,27,30,0.03000,FR,0,18,49.05000
48.5320,1617,27,30,0.03000,BR,0,11,48.84000
48.5420,1618,28,30,0.03000,FL,0,2,48.60000
48.5420,1618,28,30,0.03000,FL,1,32,49.50000
48.5420,1618,28,30,0.03000,BL,0,25,49.29000
48.5420,1618,28,30,0.03000,FR,0,17,49.05000
48.5420,1618,28,30,0.03000,BR,0,10,48.84000
48.5500,1618,28,30,0.03000,FL,0,2,48.60000
48.5500,1618,28,30,0.03000,FL,1,32,49.50000
48.5500,1618,28,30,0.03000,BL,0,25,49.29000
48.5500,1618,28,30,0.03000,FR,0,17,49.05000
48.5500,1618,28,30,0.03000,BR,0,10,48.84000
48.5600,1618,28,30,0.03000,FL,0,2,48.60000
48.5600,1618,28,30,0.03000,FL,1,32,49.50000
48.5600,1618,28,30,0.03000,BL,0,25,49.29000
48.5600,1618,28,30,0.03000,FR,0,17,49.05000
48.5600,1618,28,30,0.03000,BR,0,10,48.84000
48.5700,1619,29,30,0.03000,FL,0,1,48.60000
48.5700,1619,29,30,0.03000,FL,1,31,49.50000
48.5700,1619,29,30,0.03000,BL,0,24,49.29000
48.5700,1619,29,30,0.03000,FR,0,16,49.05000
48.5700,1619,29,30,0.03000,BR,0,9,48.84000
48.5700,1619,29,30,0.03000,BR,1,39,49.74000
48.5820,1619,29,30,0.03000,FL,0,1,48.60000
48.5820,1619,29,30,0.03000,FL,1,31,49.50000
48.5820,1619,29,30,0.03000,BL,0,24,49.29000
48.5820,1619,29,30,0.03000,FR,0,16,49.05000
48.5820,1619,29,30,0.03000,BR,0,9,48.84000
48.5820,1619,29,30,0.03000,BR,1,39,49.74000
48.5920,1619,29,30,0.03000,FL,0,1,48.60000
48.5920,1619,29,30,0.03000,FL,1,31,49.50000
48.5920,1619,29,30,0.03000,BL,0,24,49.29000
48.5920,1619,29,30,0.03000,FR,0,16,49.05000
48.5920,1619,29,30,0.03000,BR,0,9,48.84000
48.5920,1619,29,30,0.03000,BR,1,39,49.74000
48.6020,1620,0,30,0.03000,FL,0,30,49.50000
48.6020,1620,0,30,0.03000,BL,0,23,49.29000
48.6020,1620,0,30,0.03000,FR,0,15,49.05000
48.6020,1620,0,30,0.03000,BR,0,8,48.84000
48.6020,1620,0,30,0.03000,BR,1,38,49.74000
48.6220,1620,0,30,0.03000,FL,0,30,49.50000
48.6220,1620,0,30,0.03000,BL,0,23,49.29000
48.6220,1620,0,30,0.03000,FR,0,15,49.05000
48.6220,1620,0,30,0.03000,BR,0,8,48.84000
48.6220,1620,0,30,0.03000,BR,1,38,49.74000
48.6320,1621,1,30,0.03000,FL,0,29,49.50000
48.6320,1621,1,30,0.03000,BL,0,22,49.29000
48.6320,1621,1,30,0.03000,FR,0,14,49.05000
48.6320,1621,1,30,0.03000,BR,0,7,48.84000
48.6320,1621,1,30,0.03000,BR,1,37,49.74000
48.6400,1621,1,30,0.03000,FL,0,29,49.50000
48.6400,1621,1,30,0.03000,BL,0,22,49.29000
48.6400,1621,1,30,0.03000,FR,0,14,49.05000
48.6400,1621,1,30,0.03000,BR,0,7,48.84000
48.6400,1621,1,30,0.03000,BR,1,37,49.74000
48.6500,1621,1,30,0.03000,FL,0,29,49.50000
48.6500,1621,1,30,0.03000,BL,0,22,49.29000
48.6500,1621,1,30,0.03000,FR,0,14,49.05000
48.6500,1621,1,30,0.03000,BR,0,7,48.84000
48.6500,1621,1,30,0.03000,BR,1,37,49.74000
48.6600,1622,2,30,0.03000,FL,0,28,49.50000
48.6600,1622,2,30,0.03000,BL,0,21,49.29000
48.6600,1622,2,30,0.03000,FR,0,13,49.05000
48.6600,1622,2,30,0.03000,BR,0,6,48.84000
48.6600,1622,2,30,0.03000,BR,1,36,49.74000
48.6700,1622,2,30,0.03000,FL,0,28,49.50000
48.6700,1622,2,30,0.03000,BL,0,21,49.29000
48.6700,1622,2,30,0.03000,FR,0,13,49.05000
48.6700,1622,2,30,0.03000,BR,0,6,48.84000
48.6700,1622,2,30,0.03000,BR,1,36,49.74000
48.6780,1622,2,30,0.03000,FL,0,28,49.50000
48.6780,1622,2,30,0.03000,BL,0,21,49.29000
48.6780,1622,2,30,0.03000,FR,0,13,49.05000
48.6780,1622,2,30,0.03000,BR,0,6,48.84000
48.6780,1622,2,30,0.03000,BR,1,36,49.74000
48.6880,1622,2,30,0.03000,FL,0,28,49.50000
48.6880,1622,2,30,0.03000,BL,0,21,49.29000
48.6880,1622,2,30,0.03000,FR,0,13,49.05000
48.6880,1622,2,30,0.03000,BR,0,6,48.84000
48.6880,1622,2,30,0.03000,BR,1,36,49.74000
48.6980,1623,3,30,0.03000,FL,0,27,49.50000
48.6980,1623,3,30,0.03000,BL,0,20,49.29000
48.6980,1623,3,30,0.03000,FR,0,12,49.05000
48.6980,1623,3,30,0.03000,BR,0,5,48.84000
48.6980,1623,3,30,0.03000,BR,1,35,49.74000
48.7060,1623,3,30,0.03000,FL,0,27,49.50000
48.7060,1623,3,30,0.03000,BL,0,20,49.29000
48.7060,1623,3,30,0.03000,FR,0,12,49.05000
48.7060,1623,3,30,0.03000,BR,0,5,48.84000
48.7060,1623,3,30,0.03000,BR,1,35,49.74000
48.7160,1623,3,30,0.03000,FL,0,27,49.50000
48.7160,1623,3,30,0.03000,BL,0,20,49.29000
48.7160,1623,3,30,0.03000,FR,0,12,49.05000
48.7160,1623,3,30,0.03000,BR,0,5,48.84000
48.7160,1623,3,30,0.03000,BR,1,35,49.74000
48.7260,1624,4,30,0.03000,FL,0,26,49.50000
48.7260,1624,4,30,0.03000,BL,0,19,49.29000
48.7260,1624,4,30,0.03000,FR,0,11,49.05000
48.7260,1624,4,30,0.03000,BR,0,4,48.84000
48.7260,1624,4,30,0.03000,BR,1,34,49.74000
48.7360,1624,4,30,0.03000,FL,0,26,49.50000
48.7360,1624,4,30,0.03000,BL,0,19,49.29000
48.7360,1624,4,30,0.03000,FR,0,11,49.05000
48.7360,1624,4,30,0.03000,BR,0,4,48.84000
48.7360,1624,4,30,0.03000,BR,1,34,49.74000
48.7460,1624,4,30,0.03000,FL,0,26,49.50000
48.7460,1624,4,30,0.03000,BL,0,19,49.29000
48.7460,1624,4,30,0.03000,FR,0,11,49.05000
48.7460,1624,4,30,0.03000,BR,0,4,48.84000
48.7460,1624,4,30,0.03000,BR,1,34,49.74000
48.7540,1625,5,30,0.03000,FL,0,25,49.50000
48.7540,1625,5,30,0.03000,BL,0,18,49.29000
48.7540,1625,5,30,0.03000,FR,0,10,49.05000
48.7540,1625,5,30,0.03000,BR,0,3,48.84000
48.7540,1625,5,30,0.03000,BR,1,33,49.74000
48.7640,1625,5,30,0.03000,FL,0,25,49.50000
48.7640,1625,5,30,0.03000,BL,0,18,49.29000
48.7640,1625,5,30,0.03000,FR,0,10,49.05000
48.7640,1625,5,30,0.03000,BR,0,3,48.84000
48.7640,1625,5,30,0.03000,BR,1,33,49.74000
48.7740,1625,5,30,0.03000,FL,0,25,49.50000
48.7740,1625,5,30,0.03000,BL,0,18,49.29000
48.7740,1625,5,30,0.03000,FR,0,10,49.05000
48.7740,1625,5,30,0.03000,BR,0,3,48.84000
48.7740,1625,5,30,0.03000,BR,1,33,49.74000
48.7840,1626,6,30,0.03000,FL,0,24,49.50000
48.7840,1626,6,30,0.03000,BL,0,17,49.29000
48.7840,1626,6,30,0.03000,FR,0,9,49.05000
48.7840,1626,6,30,0.03000,FR,1,39,49.95000
48.7840,1626,6,30,0.03000,BR,0,2,48.84000
48.7840,1626,6,30,0.03000,BR,1,32,49.74000
48.7940,1626,6,30,0.03000,FL,0,24,49.50000
48.7940,1626,6,30,0.03000,BL,0,17,49.29000
48.7940,1626,6,30,0.03000,FR,0,9,49.05000
48.7940,1626,6,30,0.03000,FR,1,39,49.95000
48.7940,1626,6,30,0.03000,BR,0,2,48.84000
48.7940,1626,6,30,0.03000,BR,1,32,49.74000
48.8020,1626,6,30,0.03000,FL,0,24,49.50000
48.8020,1626,6,30,0.03000,BL,0,17,49.29000
48.8020,1626,6,30,0.03000,FR,0,9,49.05000
48.8020,1626,6,30,0.03000,FR,1,39,49.95000
48.8020,1626,6,30,0.03000,BR,0,2,48.84000
48.8020,1626,6,30,0.03000,BR,1,32,49.74000
48.8120,1627,7,30,0.03000,FL,0,23,49.50000
48.8120,1627,7,30,0.03000,BL,0,16,49.29000
48.8120,1627,7,30,0.03000,FR,0,8,49.05000
48.8120,1627,7,30,0.03000,FR,1,38,49.95000
48.8120,1627,7,30,0.03000,BR,0,1,48.84000
48.8120,1627,7,30,0.03000,BR,1,31,49.74000
48.8320,1627,7,30,0.03000,FL,0,23,49.50000
48.8320,1627,7,30,0.03000,BL,0,16,49.29000
48.8320,1627,7,30,0.03000,FR,0,8,49.05000
48.8320,1627,7,30,0.03000,FR,1,38,49.95000
48.8320,1627,7,30,0.03000,BR,0,1,48.84000
48.8320,1627,7,30,0.03000,BR,1,31,49.74000
48.8420,1628,8,30,0.03000,FL,0,22,49.50000
48.8420,1628,8,30,0.03000,BL,0,15,49.29000
48.8420,1628,8,30,0.03000,FR,0,7,49.05000
48.8420,1628,8,30,0.03000,FR,1,37,49.95000
48.8420,1628,8,30,0.03000,BR,0,30,49.74000
48.8540,1628,8,30,0.03000,FL,0,22,49.50000
48.8540,1628,8,30,0.03000,BL,0,15,49.29000
48.8540,1628,8,30,0.03000,FR,0,7,49.05000
48.8540,1628,8,30,0.03000,FR,1,37,49.95000
48.8540,1628,8,30,0.03000,BR,0,30,49.74000
48.8660,1628,8,30,0.03000,FL,0,22,49.50000
48.8660,1628,8,30,0.03000,BL,0,15,49.29000
48.8660,1628,8,30,0.03000,FR,0,7,49.05000
48.8660,1628,8,30,0.03000,FR,1,37,49.95000
48.8660,1628,8,30,0.03000,BR,0,30,49.74000
48.8760,1629,9,30,0.03000,FL,0,21,49.50000
48.8760,1629,9,30,0.03000,BL,0,14,49.29000
48.8760,1629,9,30,0.03000,FR,0,6,49.05000
48.8760,1629,9,30,0.03000,FR,1,36,49.95000
48.8760,1629,9,30,0.03000,BR,0,29,49.74000
48.8840,1629,9,30,0.03000,FL,0,21,49.50000
48.8840,1629,9,30,0.03000,BL,0,14,49.29000
48.8840,1629,9,30,0.03000,FR,0,6,49.05000
48.8840,1629,9,30,0.03000,FR,1,36,49.95000
48.8840,1629,9,30,0.03000,BR,0,29,49.74000
48.8940,1629,9,30,0.03000,FL,0,21,49.50000
48.8940,1629,9,30,0.03000,BL,0,14,49.29000
48.8940,1629,9,30,0.03000,FR,0,6,49.05000
48.8940,1629,9,30,0.03000,FR,1,36,49.95000
48.8940,1629,9,30,0.03000,BR,0,29,49.74000
48.9060,1630,10,30,0.03000,FL,0,20,49.50000
48.9060,1630,10,30,0.03000,BL,0,13,49.29000
48.9060,1630,10,30,0.03000,FR,0,5,49.05000
48.9060,1630,10,30,0.03000,FR,1,35,49.95000
48.9060,1630,10,30,0.03000,BR,0,28,49.74000
48.9140,1630,10,30,0.03000,FL,0,20,49.50000
48.9140,1630,10,30,0.03000,BL,0,13,49.29000
48.9140,1630,10,30,0.03000,FR,0,5,49.05000
48.9140,1630,10,30,0.03000,FR,1,35,49.95000
48.9140,1630,10,30,0.03000,BR,0,28,49.74000
48.9240,1630,10,30,0.03000,FL,0,20,49.50000
48.9240,1630,10,30,0.03000,BL,0,13,49.29000
48.9240,1630,10,30,0.03000,FR,0,5,49.05000
48.9240,1630,10,30,0.03000,FR,1,35,49.95000
48.9240,1630,10,30,0.03000,BR,0,28,49.74000
48.9340,1631,11,30,0.03000,FL,0,19,49.50000
48.9340,1631,11,30,0.03000,BL,0,12,49.29000
48.9340,1631,11,30,0.03000,FR,0,4,49.05000
48.9340,1631,11,30,0.03000,FR,1,34,49.95000
48.9340,1631,11,30,0.03000,BR,0,27,49.74000
48.9440,1631,11,30,0.03000,FL,0,19,49.50000
48.9440,1631,11,30,0.03000,BL,0,12,49.29000
48.9440,1631,11,30,0.03000,FR,0,4,49.05000
48.9440,1631,11,30,0.03000,FR,1,34,49.95000
48.9440,1631,11,30,0.03000,BR,0,27,49.74000
48.9520,1631,11,30,0.03000,FL,0,19,49.50000
48.9520,1631,11,30,0.03000,BL,0,12,49.29000
48.9520,1631,11,30,0.03000,FR,0,4,49.05000
48.9520,1631,11,30,0.03000,FR,1,34,49.95000
48.9520,1631,11,30,0.03000,BR,0,27,49.74000
48.9620,1632,12,30,0.03000,FL,0,18,49.50000
48.9620,1632,12,30,0.03000,BL,0,11,49.29000
48.9620,1632,12,30,0.03000,FR,0,3,49.05000
48.9620,1632,12,30,0.03000,FR,1,33,49.95000
48.9620,1632,12,30,0.03000,BR,0,26,49.74000
48.9740,1632,12,30,0.03000,FL,0,18,49.50000
48.9740,1632,12,30,0.03000,BL,0,11,49.29000
48.9740,1632,12,30,0.03000,FR,0,3,49.05000
48.9740,1632,12,30,0.03000,FR,1,33,49.95000
48.9740,1632,12,30,0.03000,BR,0,26,49.74000
48.9820,1632,12,30,0.03000,FL,0,18,49.50000
48.9820,1632,12,30,0.03000,BL,0,11,49.29000
48.9820,1632,12,30,0.03000,FR,0,3,49.05000
48.9820,1632,12,30,0.03000,FR,1,33,49.95000
48.9820,1632,12,30,0.03000,BR,0,26,49.74000
48.9940,1633,13,30,0.03000,FL,0,17,49.50000
48.9940,1633,13,30,0.03000,BL,0,10,49.29000
48.9940,1633,13,30,0.03000,FR,0,2,49.05000
48.9940,1633,13,30,0.03000,FR,1,32,49.95000
48.9940,1633,13,30,0.03000,BR,0,25,49.74000
49.0040,1633,13,30,0.03000,FL,0,17,49.50000
49.0040,1633,13,30,0.03000,BL,0,10,49.29000
49.0040,1633,13,30,0.03000,FR,0,2,49.05000
49.0040,1633,13,30,0.03000,FR,1,32,49.95000
49.0040,1633,13,30,0.03000,BR,0,25,49.74000
49.0120,1633,13,30,0.03000,FL,0,17,49.50000
49.0120,1633,13,30,0.03000,BL,0,10,49.29000
49.0120,1633,13,30,0.03000,FR,0,2,49.05000
49.0120,1633,13,30,0.03000,FR,1,32,49.95000
49.0120,1633,13,30,0.03000,BR,0,25,49.74000
49.0220,1634,14,30,0.03000,FL,0,16,49.50000
49.0220,1634,14,30,0.03000,BL,0,9,49.29000
49.0220,1634,14,30,0.03000,BL,1,39,50.19000
49.0220,1634,14,30,0.03000,FR,0,1,49.05000
49.0220,1634,14,30,0.03000,FR,1,31,49.95000
49.0220,1634,14,30,0.03000,BR,0,24,49.74000
49.0320,1634,14,30,0.03000,FL,0,16,49.50000
49.0320,1634,14,30,0.03000,BL,0,9,49.29000
49.0320,1634,14,30,0.03000,BL,1,39,50.19000
49.0320,1634,14,30,0.03000,FR,0,1,49.05000
49.0320,1634,14,30,0.03000,FR,1,31,49.95000
49.0320,1634,14,30,0.03000,BR,0,24,49.74000
49.0440,1634,14,30,0.03000,FL,0,16,49.50000
49.0440,1634,14,30,0.03000,BL,0,9,49.29000
49.0440,1634,14,30,0.03000,BL,1,39,50.19000
49.0440,1634,14,30,0.03000,FR,0,1,49.05000
49.0440,1634,14,30,0.03000,FR,1,31,49.95000
49.0440,1634,14,30,0.03000,BR,0,24,49.74000
49.0520,1635,15,30,0.03000,FL,0,15,49.50000
49.0520,1635,15,30,0.03000,BL,0,8,49.29000
49.0520,1635,15,30,0.03000,BL,1,38,50.19000
49.0520,1635,15,30,0.03000,FR,0,30,49.95000
49.0520,1635,15,30,0.03000,BR,0,23,49.74000
49.0720,1635,15,30,0.03000,FL,0,15,49.50000
49.0720,1635,15,30,0.03000,BL,0,8,49.29000
49.0720,1635,15,30,0.03000,BL,1,38,50.19000
49.0720,1635,15,30,0.03000,FR,0,30,49.95000
49.0720,1635,15,30,0.03000,BR,0,23,49.74000
49.0820,1636,16,30,0.03000,FL,0,14,49.50000
49.0820,1636,16,30,0.03000,BL,0,7,49.29000
49.0820,1636,16,30,0.03000,BL,1,37,50.19000
49.0820,1636,16,30,0.03000,FR,0,29,49.95000
49.0820,1636,16,30,0.03000,BR,0,22,49.74000
49.0920,1636,16,30,0.03000,FL,0,14,49.50000
49.0920,1636,16,30,0.03000,BL,0,7,49.29000
49.0920,1636,16,30,0.03000,BL,1,37,50.19000
49.0920,1636,16,30,0.03000,FR,0,29,49.95000
49.0920,1636,16,30,0.03000,BR,0,22,49.74000
49.1020,1636,16,30,0.03000,FL,0,14,49.50000
49.1020,1636,16,30,0.03000,BL,0,7,49.29000
49.1020,1636,16,30,0.03000,BL,1,37,50.19000
49.1020,1636,16,30,0.03000,FR,0,29,49.95000
49.1020,1636,16,30,0.03000,BR,0,22,49.74000
49.1120,1637,17,30,0.03000,FL,0,13,49.50000
49.1120,1637,17,30,0.03000,BL,0,6,49.29000
49.1120,1637,17,30,0.03000,BL,1,36,50.19000
49.1120,1637,17,30,0.03000,FR,0,28,49.95000
49.1120,1637,17,30,0.03000,BR,0,21,49.74000
49.1200,1637,17,30,0.03000,FL,0,13,49.50000
49.1200,1637,17,30,0.03000,BL,0,6,49.29000
49.1200,1637,17,30,0.03000,BL,1,36,50.19000
49.1200,1637,17,30,0.03000,FR,0,28,49.95000
49.1200,1637,17,30,0.03000,BR,0,21,49.74000
49.1300,1637,17,30,0.03000,FL,0,13,49.50000
49.1300,1637,17,30,0.03000,BL,0,6,49.29000
49.1300,1637,17,30,0.03000,BL,1,36,50.19000
49.1300,1637,17,30,0.03000,FR,0,28,49.95000
49.1300,1637,17,30,0.03000,BR,0,21,49.74000
49.1400,1638,18,30,0.03000,FL,0,12,49.50000
49.1400,1638,18,30,0.03000,BL,0,5,49.29000
49.1400,1638,18,30,0.03000,BL,1,35,50.19000
49.1400,1638,18,30,0.03000,FR,0,27,49.95000
49.1400,1638,18,30,0.03000,BR,0,20,49.74000
49.1480,1638,18,30,0.03000,FL,0,12,49.50000
49.1480,1638,18,30,0.03000,BL,0,5,49.29000
49.1480,1638,18,30,0.03000,BL,1,35,50.19000
49.1480,1638,18,30,0.03000,FR,0,27,49.95000
49.1480,1638,18,30,0.03000,BR,0,20,49.74000
49.1600,1638,18,30,0.03000,FL,0,12,49.50000
49.1600,1638,18,30,0.03000,BL,0,5,49.29000
49.1600,1638,18,30,0.03000,BL,1,35,50.19000
49.1600,1638,18,30,0.03000,FR,0,27,49.95000
49.1600,1638,18,30,0.03000,BR,0,20,49.74000
49.1680,1638,18,30,0.03000,FL,0,12,49.50000
49.1680,1638,18,30,0.03000,BL,0,5,49.29000
49.1680,1638,18,30,0.03000,BL,1,35,50.19000
49.1680,1638,18,30,0.03000,FR,0,27,49.95000
49.1680,1638,18,30,0.03000,BR,0,20,49.74000
49.1780,1639,19,30,0.03000,FL,0,11,49.50000
49.1780,1639,19,30,0.03000,BL,0,4,49.29000
49.1780,1639,19,30,0.03000,BL,1,34,50.19000
49.1780,1639,19,30,0.03000,FR,0,26,49.95000
49.1780,1639,19,30,0.03000,BR,0,19,49.74000
49.1860,1639,19,30,0.03000,FL,0,11,49.50000
49.1860,1639,19,30,0.03000,BL,0,4,49.29000
49.1860,1639,19,30,0.03000,BL,1,34,50.19000
49.1860,1639,19,30,0.03000,FR,0,26,49.95000
49.1860,1639,19,30,0.03000,BR,0,19,49.74000
49.1980,1639,19,30,0.03000,FL,0,11,49.50000
49.1980,1639,19,30,0.03000,BL,0,4,49.29000
49.1980,1639,19,30,0.03000,BL,1,34,50.19000
49.1980,1639,19,30,0.03000,FR,0,26,49.95000
49.1980,1639,19,30,0.03000,BR,0,19,49.74000
49.2060,1640,20,30,0.03000,FL,0,10,49.50000
49.2060,1640,20,30,0.03000,BL,0,3,49.29000
49.2060,1640,20,30,0.03000,BL,1,33,50.19000
49.2060,1640,20,30,0.03000,FR,0,25,49.95000
49.2060,1640,20,30,0.03000,BR,0,18,49.74000
49.2160,1640,20,30,0.03000,FL,0,10,49.50000
49.2160,1640,20,30,0.03000,BL,0,3,49.29000
49.2160,1640,20,30,0.03000,BL,1,33,50.19000
49.2160,1640,20,30,0.03000,FR,0,25,49.95000
49.2160,1640,20,30,0.03000,BR,0,18,49.74000
49.2260,1640,20,30,0.03000,FL,0,10,49.50000
49.2260,1640,20,30,0.03000,BL,0,3,49.29000
49.2260,1640,20,30,0.03000,BL,1,33,50.19000
49.2260,1640,20,30,0.03000,FR,0,25,49.95000
49.2260,1640,20,30,0.03000,BR,0,18,49.74000
49.2360,1641,21,30,0.03000,FL,0,9,49.50000
49.2360,1641,21,30,0.03000,FL,1,39,50.40000
49.2360,1641,21,30,0.03000,BL,0,2,49.29000
49.2360,1641,21,30,0.03000,BL,1,32,50.19000
49.2360,1641,21,30,0.03000,FR,0,24,49.95000
49.2360,1641,21,30,0.03000,BR,0,17,49.74000
49.2460,1641,21,30,0.03000,FL,0,9,49.50000
49.2460,1641,21,30,0.03000,FL,1,39,50.40000
49.2460,1641,21,30,0.03000,BL,0,2,49.29000
49.2460,1641,21,30,0.03000,BL,1,32,50.19000
49.2460,1641,21,30,0.03000,FR,0,24,49.95000
49.2460,1641,21,30,0.03000,BR,0,17,49.74000
49.2560,1641,21,30,0.03000,FL,0,9,49.50000
49.2560,1641,21,30,0.03000,FL,1,39,50.40000
49.2560,1641,21,30,0.03000,BL,0,2,49.29000
49.2560,1641,21,30,0.03000,BL,1,32,50.19000
49.2560,1641,21,30,0.03000,FR,0,24,49.95000
49.2560,1641,21,30,0.03000,BR,0,17,49.74000
49.2660,1642,22,30,0.03000,FL,0,8,49.50000
49.2660,1642,22,30,0.03000,FL,1,38,50.40000
49.2660,1642,22,30,0.03000,BL,0,1,49.29000
49.2660,1642,22,30,0.03000,BL,1,31,50.19000
49.2660,1642,22,30,0.03000,FR,0,23,49.95000
49.2660,1642,22,30,0.03000,BR,0,16,49.74000
49.2880,1642,22,30,0.03000,FL,0,8,49.50000
49.2880,1642,22,30,0.03000,FL,1,38,50.40000
49.2880,1642,22,30,0.03000,BL,0,1,49.29000
49.2880,1642,22,30,0.03000,BL,1,31,50.19000
49.2880,1642,22,30,0.03000,FR,0,23,49.95000
49.2880,1642,22,30,0.03000,BR,0,16,49.74000
49.2980,1643,23,30,0.03000,FL,0,7,49.50000
49.2980,1643,23,30,0.03000,FL,1,37,50.40000
49.2980,1643,23,30,0.03000,BL,0,30,50.19000
49.2980,1643,23,30,0.03000,FR,0,22,49.95000
49.2980,1643,23,30,0.03000,BR,0,15,49.74000
49.3080,1643,23,30,0.03000,FL,0,7,49.50000
49.3080,1643,23,30,0.03000,FL,1,37,50.40000
49.3080,1643,23,30,0.03000,BL,0,30,50.19000
49.3080,1643,23,30,0.03000,FR,0,22,49.95000
49.3080,1643,23,30,0.03000,BR,0,15,49.74000
49.3180,1643,23,30,0.03000,FL,0,7,49.50000
49.3180,1643,23,30,0.03000,FL,1,37,50.40000
49.3180,1643,23,30,0.03000,BL,0,30,50.19000
49.3180,1643,23,30,0.03000,FR,0,22,49.95000
49.3180,1643,23,30,0.03000,BR,0,15,49.74000
49.3280,1644,24,30,0.03000,FL,0,6,49.50000
49.3280,1644,24,30,0.03000,FL,1,36,50.40000
49.3280,1644,24,30,0.03000,BL,0,29,50.19000
49.3280,1644,24,30,0.03000,FR,0,21,49.95000
49.3280,1644,24,30,0.03000,BR,0,14,49.74000
49.3400,1644,24,30,0.03000,FL,0,6,49.50000
49.3400,1644,24,30,0.03000,FL,1,36,50.40000
49.3400,1644,24,30,0.03000,BL,0,29,50.19000
49.3400,1644,24,30,0.03000,FR,0,21,49.95000
49.3400,1644,24,30,0.03000,BR,0,14,49.74000
49.3560,1645,25,30,0.03000,FL,0,5,49.50000
49.3560,1645,25,30,0.03000,FL,1,35,50.40000
49.3560,1645,25,30,0.03000,BL,0,28,50.19000
49.3560,1645,25,30,0.03000,FR,0,20,49.95000
49.3560,1645,25,30,0.03000,BR,0,13,49.74000
49.3660,1645,25,30,0.03000,FL,0,5,49.50000
49.3660,1645,25,30,0.03000,FL,1,35,50.40000
49.3660,1645,25,30,0.03000,BL,0,28,50.19000
49.3660,1645,25,30,0.03000,FR,0,20,49.95000
49.3660,1645,25,30,0.03000,BR,0,13,49.74000
49.3780,1645,25,30,0.03000,FL,0,5,49.50000
49.3780,1645,25,30,0.03000,FL,1,35,50.40000
49.3780,1645,25,30,0.03000,BL,0,28,50.19000
49.3780,1645,25,30,0.03000,FR,0,20,49.95000
49.3780,1645,25,30,0.03000,BR,0,13,49.74000
49.3900,1646,26,30,0.03000,FL,0,4,49.50000
49.3900,1646,26,30,0.03000,FL,1,34,50.40000
49.3900,1646,26,30,0.03000,BL,0,27,50.19000
49.3900,1646,26,30,0.03000,FR,0,19,49.95000
49.3900,1646,26,30,0.03000,BR,0,12,49.74000
49.4020,1646,26,30,0.03000,FL,0,4,49.50000
49.4020,1646,26,30,0.03000,FL,1,34,50.40000
49.4020,1646,26,30,0.03000,BL,0,27,50.19000
49.4020,1646,26,30,0.03000,FR,0,19,49.95000
49.4020,1646,26,30,0.03000,BR,0,12,49.74000
49.4120,1647,27,30,0.03000,FL,0,3,49.50000
49.4120,1647,27,30,0.03000,FL,1,33,50.40000
49.4120,1647,27,30,0.03000,BL,0,26,50.19000
49.4120,1647,27,30,0.03000,FR,0,18,49.95000
49.4120,1647,27,30,0.03000,BR,0,11,49.74000
49.4220,1647,27,30,0.03000,FL,0,3,49.50000
49.4220,1647,27,30,0.03000,FL,1,33,50.40000
49.4220,1647,27,30,0.03000,BL,0,26,50.19000
49.4220,1647,27,30,0.03000,FR,0,18,49.95000
49.4220,1647,27,30,0.03000,BR,0,11,49.74000
49.4340,1647,27,30,0.03000,FL,0,3,49.50000
49.4340,1647,27,30,0.03000,FL,1,33,50.40000
49.4340,1647,27,30,0.03000,BL,0,26,50.19000
49.4340,1647,27,30,0.03000,FR,0,18,49.95000
49.4340,1647,27,30,0.03000,BR,0,11,49.74000
49.4420,1648,28,30,0.03000,FL,0,2,49.50000
49.4420,1648,28,30,0.03000,FL,1,32,50.40000
49.4420,1648,28,30,0.03000,BL,0,25,50.19000
49.4420,1648,28,30,0.03000,FR,0,17,49.95000
49.4420,1648,28,30,0.03000,BR,0,10,49.74000
49.4540,1648,28,30,0.03000,FL,0,2,49.50000
49.4540,1648,28,30,0.03000,FL,1,32,50.40000
49.4540,1648,28,30,0.03000,BL,0,25,50.19000
49.4540,1648,28,30,0.03000,FR,0,17,49.95000
49.4540,1648,28,30,0.03000,BR,0,10,49.74000
49.4640,1648,28,30,0.03000,FL,0,2,49.50000
49.4640,1648,28,30,0.03000,FL,1,32,50.40000
49.4640,1648,28,30,0.03000,BL,0,25,50.19000
49.4640,1648,28,30,0.03000,FR,0,17,49.95000
49.4640,1648,28,30,0.03000,BR,0,10,49.74000
49.4720,1649,29,30,0.03000,FL,0,1,49.50000
49.4720,1649,29,30,0.03000,FL,1,31,50.40000
49.4720,1649,29,30,0.03000,BL,0,24,50.19000
49.4720,1649,29,30,0.03000,FR,0,16,49.95000
49.4720,1649,29,30,0.03000,BR,0,9,49.74000
49.4720,1649,29,30,0.03000,BR,1,39,50.64000
49.4840,1649,29,30,0.03000,FL,0,1,49.50000
49.4840,1649,29,30,0.03000,FL,1,31,50.40000
49.4840,1649,29,30,0.03000,BL,0,24,50.19000
49.4840,1649,29,30,0.03000,FR,0,16,49.95000
49.4840,1649,29,30,0.03000,BR,0,9,49.74000
49.4840,1649,29,30,0.03000,BR,1,39,50.64000
49.4980,1649,29,30,0.03000,FL,0,1,49.50000
49.4980,1649,29,30,0.03000,FL,1,31,50.40000
49.4980,1649,29,30,0.03000,BL,0,24,50.19000
49.4980,1649,29,30,0.03000,FR,0,16,49.95000
49.4980,1649,29,30,0.03000,BR,0,9,49.74000
49.4980,1649,29,30,0.03000,BR,1,39,50.64000
49.5080,1650,0,30,0.03000,FL,0,30,50.40000
49.5080,1650,0,30,0.03000,BL,0,23,50.19000
49.5080,1650,0,30,0.03000,FR,0,15,49.95000
49.5080,1650,0,30,0.03000,BR,0,8,49.74000
49.5080,1650,0,30,0.03000,BR,1,38,50.64000
49.5300,1651,1,30,0.03000,FL,0,29,50.40000
49.5300,1651,1,30,0.03000,BL,0,22,50.19000
49.5300,1651,1,30,0.03000,FR,0,14,49.95000
49.5300,1651,1,30,0.03000,BR,0,7,49.74000
49.5300,1651,1,30,0.03000,BR,1,37,50.64000
49.5380,1651,1,30,0.03000,FL,0,29,50.40000
49.5380,1651,1,30,0.03000,BL,0,22,50.19000
49.5380,1651,1,30,0.03000,FR,0,14,49.95000
49.5380,1651,1,30,0.03000,BR,0,7,49.74000
49.5380,1651,1,30,0.03000,BR,1,37,50.64000
49.5480,1651,1,30,0.03000,FL,0,29,50.40000
49.5480,1651,1,30,0.03000,BL,0,22,50.19000
49.5480,1651,1,30,0.03000,FR,0,14,49.95000
49.5480,1651,1,30,0.03000,BR,0,7,49.74000
49.5480,1651,1,30,0.03000,BR,1,37,50.64000
49.5580,1651,1,30,0.03000,FL,0,29,50.40000
49.5580,1651,1,30,0.03000,BL,0,22,50.19000
49.5580,1651,1,30,0.03000,FR,0,14,49.95000
49.5580,1651,1,30,0.03000,BR,0,7,49.74000
49.5580,1651,1,30,0.03000,BR,1,37,50.64000
49.5680,1652,2,30,0.03000,FL,0,28,50.40000
49.5680,1652,2,30,0.03000,BL,0,21,50.19000
49.5680,1652,2,30,0.03000,FR,0,13,49.95000
49.5680,1652,2,30,0.03000,BR,0,6,49.74000
49.5680,1652,2,30,0.03000,BR,1,36,50.64000
49.5780,1652,2,30,0.03000,FL,0,28,50.40000
49.5780,1652,2,30,0.03000,BL,0,21,50.19000
49.5780,1652,2,30,0.03000,FR,0,13,49.95000
49.5780,1652,2,30,0.03000,BR,0,6,49.74000
49.5780,1652,2,30,0.03000,BR,1,36,50.64000
49.5900,1653,3,30,0.03000,FL,0,27,50.40000
49.5900,1653,3,30,0.03000,BL,0,20,50.19000
49.5900,1653,3,30,0.03000,FR,0,12,49.95000
49.5900,1653,3,30,0.03000,BR,0,5,49.74000
49.5900,1653,3,30,0.03000,BR,1,35,50.64000
49.5980,1653,3,30,0.03000,FL,0,27,50.40000
49.5980,1653,3,30,0.03000,BL,0,20,50.19000
49.5980,1653,3,30,0.03000,FR,0,12,49.95000
49.5980,1653,3,30,0.03000,BR,0,5,49.74000
49.5980,1653,3,30,0.03000,BR,1,35,50.64000
49.6080,1653,3,30,0.03000,FL,0,27,50.40000
49.6080,1653,3,30,0.03000,BL,0,20,50.19000
49.6080,1653,3,30,0.03000,FR,0,12,49.95000
49.6080,1653,3,30,0.03000,BR,0,5,49.74000
49.6080,1653,3,30,0.03000,BR,1,35,50.64000
49.6220,1654,4,30,0.03000,FL,0,26,50.40000
49.6220,1654,4,30,0.03000,BL,0,19,50.19000
49.6220,1654,4,30,0.03000,FR,0,11,49.95000
49.6220,1654,4,30,0.03000,BR,0,4,49.74000
49.6220,1654,4,30,0.03000,BR,1,34,50.64000
49.6340,1654,4,30,0.03000,FL,0,26,50.40000
49.6340,1654,4,30,0.03000,BL,0,19,50.19000
49.6340,1654,4,30,0.03000,FR,0,11,49.95000
49.6340,1654,4,30,0.03000,BR,0,4,49.74000
49.6340,1654,4,30,0.03000,BR,1,34,50.64000
49.6440,1654,4,30,0.03000,FL,0,26,50.40000
49.6440,1654,4,30,0.03000,BL,0,19,50.19000
49.6440,1654,4,30,0.03000,FR,0,11,49.95000
49.6440,1654,4,30,0.03000,BR,0,4,49.74000
49.6440,1654,4,30,0.03000,BR,1,34,50.64000
49.6540,1655,5,30,0.03000,FL,0,25,50.40000
49.6540,1655,5,30,0.03000,BL,0,18,50.19000
49.6540,1655,5,30,0.03000,FR,0,10,49.95000
49.6540,1655,5,30,0.03000,BR,0,3,49.74000
49.6540,1655,5,30,0.03000,BR,1,33,50.64000
49.6640,1655,5,30,0.03000,FL,0,25,50.40000
49.6640,1655,5,30,0.03000,BL,0,18,50.19000
49.6640,1655,5,30,0.03000,FR,0,10,49.95000
49.6640,1655,5,30,0.03000,BR,0,3,49.74000
49.6640,1655,5,30,0.03000,BR,1,33,50.64000
49.6740,1655,5,30,0.03000,FL,0,25,50.40000
49.6740,1655,5,30,0.03000,BL,0,18,50.19000
49.6740,1655,5,30,0.03000,FR,0,10,49.95000
49.6740,1655,5,30,0.03000,BR,0,3,49.74000
49.6740,1655,5,30,0.03000,BR,1,33,50.64000
49.6840,1656,6,30,0.03000,FL,0,24,50.40000
49.6840,1656,6,30,0.03000,BL,0,17,50.19000
49.6840,1656,6,30,0.03000,FR,0,9,49.95000
49.6840,1656,6,30,0.03000,FR,1,39,50.85000
49.6840,1656,6,30,0.03000,BR,0,2,49.74000
49.6840,1656,6,30,0.03000,BR,1,32,50.64000
49.6980,1656,6,30,0.03000,FL,0,24,50.40000
49.6980,1656,6,30,0.03000,BL,0,17,50.19000
49.6980,1656,6,30,0.03000,FR,0,9,49.95000
49.6980,1656,6,30,0.03000,FR,1,39,50.85000
49.6980,1656,6,30,0.03000,BR,0,2,49.74000
49.6980,1656,6,30,0.03000,BR,1,32,50.64000
49.7080,1656,6,30,0.03000,FL,0,24,50.40000
49.7080,1656,6,30,0.03000,BL,0,17,50.19000
49.7080,1656,6,30,0.03000,FR,0,9,49.95000
49.7080,1656,6,30,0.03000,FR,1,39,50.85000
49.7080,1656,6,30,0.03000,BR,0,2,49.74000
49.7080,1656,6,30,0.03000,BR,1,32,50.64000
49.7220,1657,7,30,0.03000,FL,0,23,50.40000
49.7220,1657,7,30,0.03000,BL,0,16,50.19000
49.7220,1657,7,30,0.03000,FR,0,8,49.95000
49.7220,1657,7,30,0.03000,FR,1,38,50.85000
49.7220,1657,7,30,0.03000,BR,0,1,49.74000
49.7220,1657,7,30,0.03000,BR,1,31,50.64000
49.7420,1658,8,30,0.03000,FL,0,22,50.40000
49.7420,1658,8,30,0.03000,BL,0,15,50.19000
49.7420,1658,8,30,0.03000,FR,0,7,49.95000
49.7420,1658,8,30,0.03000,FR,1,37,50.85000
49.7420,1658,8,30,0.03000,BR,0,30,50.64000
49.7540,1658,8,30,0.03000,FL,0,22,50.40000
49.7540,1658,8,30,0.03000,BL,0,15,50.19000
49.7540,1658,8,30,0.03000,FR,0,7,49.95000
49.7540,1658,8,30,0.03000,FR,1,37,50.85000
49.7540,1658,8,30,0.03000,BR,0,30,50.64000
49.7620,1658,8,30,0.03000,FL,0,22,50.40000
49.7620,1658,8,30,0.03000,BL,0,15,50.19000
49.7620,1658,8,30,0.03000,FR,0,7,49.95000
49.7620,1658,8,30,0.03000,FR,1,37,50.85000
49.7620,1658,8,30,0.03000,BR,0,30,50.64000
49.7720,1659,9,30,0.03000,FL,0,21,50.40000
49.7720,1659,9,30,0.03000,BL,0,14,50.19000
49.7720,1659,9,30,0.03000,FR,0,6,49.95000
49.7720,1659,9,30,0.03000,FR,1,36,50.85000
49.7720,1659,9,30,0.03000,BR,0,29,50.64000
49.7820,1659,9,30,0.03000,FL,0,21,50.40000
49.7820,1659,9,30,0.03000,BL,0,14,50.19000
49.7820,1659,9,30,0.03000,FR,0,6,49.95000
49.7820,1659,9,30,0.03000,FR,1,36,50.85000
49.7820,1659,9,30,0.03000,BR,0,29,50.64000
49.7940,1659,9,30,0.03000,FL,0,21,50.40000
49.7940,1659,9,30,0.03000,BL,0,14,50.19000
49.7940,1659,9,30,0.03000,FR,0,6,49.95000
49.7940,1659,9,30,0.03000,FR,1,36,50.85000
49.7940,1659,9,30,0.03000,BR,0,29,50.64000
49.8020,1660,10,30,0.03000,FL,0,20,50.40000
49.8020,1660,10,30,0.03000,BL,0,13,50.19000
49.8020,1660,10,30,0.03000,FR,0,5,49.95000
49.8020,1660,10,30,0.03000,FR,1,35,50.85000
49.8020,1660,10,30,0.03000,BR,0,28,50.64000
49.8140,1660,10,30,0.03000,FL,0,20,50.40000
49.8140,1660,10,30,0.03000,BL,0,13,50.19000
49.8140,1660,10,30,0.03000,FR,0,5,49.95000
49.8140,1660,10,30,0.03000,FR,1,35,50.85000
49.8140,1660,10,30,0.03000,BR,0,28,50.64000
49.8240,1660,10,30,0.03000,FL,0,20,50.40000
49.8240,1660,10,30,0.03000,BL,0,13,50.19000
49.8240,1660,10,30,0.03000,FR,0,5,49.95000
49.8240,1660,10,30,0.03000,FR,1,35,50.85000
49.8240,1660,10,30,0.03000,BR,0,28,50.64000
49.8360,1661,11,30,0.03000,FL,0,19,50.40000
49.8360,1661,11,30,0.03000,BL,0,12,50.19000
49.8360,1661,11,30,0.03000,FR,0,4,49.95000
49.8360,1661,11,30,0.03000,FR,1,34,50.85000
49.8360,1661,11,30,0.03000,BR,0,27,50.64000
49.8460,1661,11,30,0.03000,FL,0,19,50.40000
49.8460,1661,11,30,0.03000,BL,0,12,50.19000
49.8460,1661,11,30,0.03000,FR,0,4,49.95000
49.8460,1661,11,30,0.03000,FR,1,34,50.85000
49.8460,1661,11,30,0.03000,BR,0,27,50.64000
49.8560,1661,11,30,0.03000,FL,0,19,50.40000
49.8560,1661,11,30,0.03000,BL,0,12,50.19000
49.8560,1661,11,30,0.03000,FR,0,4,49.95000
49.8560,1661,11,30,0.03000,FR,1,34,50.85000
49.8560,1661,11,30,0.03000,BR,0,27,50.64000
49.8660,1662,12,30,0.03000,FL,0,18,50.40000
49.8660,1662,12,30,0.03000,BL,0,11,50.19000
49.8660,1662,12,30,0.03000,FR,0,3,49.95000
49.8660,1662,12,30,0.03000,FR,1,33,50.85000
49.8660,1662,12,30,0.03000,BR,0,26,50.64000
49.8760,1662,12,30,0.03000,FL,0,18,50.40000
49.8760,1662,12,30,0.03000,BL,0,11,50.19000
49.8760,1662,12,30,0.03000,FR,0,3,49.95000
49.8760,1662,12,30,0.03000,FR,1,33,50.85000
49.8760,1662,12,30,0.03000,BR,0,26,50.64000
49.8860,1662,12,30,0.03000,FL,0,18,50.40000
49.8860,1662,12,30,0.03000,BL,0,11,50.19000
49.8860,1662,12,30,0.03000,FR,0,3,49.95000
49.8860,1662,12,30,0.03000,FR,1,33,50.85000
49.8860,1662,12,30,0.03000,BR,0,26,50.64000
49.8940,1663,13,30,0.03000,FL,0,17,50.40000
49.8940,1663,13,30,0.03000,BL,0,10,50.19000
49.8940,1663,13,30,0.03000,FR,0,2,49.95000
49.8940,1663,13,30,0.03000,FR,1,32,50.85000
49.8940,1663,13,30,0.03000,BR,0,25,50.64000
49.9060,1663,13,30,0.03000,FL,0,17,50.40000
49.9060,1663,13,30,0.03000,BL,0,10,50.19000
49.9060,1663,13,30,0.03000,FR,0,2,49.95000
49.9060,1663,13,30,0.03000,FR,1,32,50.85000
49.9060,1663,13,30,0.03000,BR,0,25,50.64000
49.9140,1663,13,30,0.03000,FL,0,17,50.40000
49.9140,1663,13,30,0.03000,BL,0,10,50.19000
49.9140,1663,13,30,0.03000,FR,0,2,49.95000
49.9140,1663,13,30,0.03000,FR,1,32,50.85000
49.9140,1663,13,30,0.03000,BR,0,25,50.64000
49.9240,1664,14,30,0.03000,FL,0,16,50.40000
49.9240,1664,14,30,0.03000,BL,0,9,50.19000
49.9240,1664,14,30,0.03000,BL,1,39,51.09000
49.9240,1664,14,30,0.03000,FR,0,1,49.95000
49.9240,1664,14,30,0.03000,FR,1,31,50.85000
49.9240,1664,14,30,0.03000,BR,0,24,50.64000
49.9380,1664,14,30,0.03000,FL,0,16,50.40000
49.9380,1664,14,30,0.03000,BL,0,9,50.19000
49.9380,1664,14,30,0.03000,BL,1,39,51.09000
49.9380,1664,14,30,0.03000,FR,0,1,49.95000
49.9380,1664,14,30,0.03000,FR,1,31,50.85000
49.9380,1664,14,30,0.03000,BR,0,24,50.64000
49.9480,1664,14,30,0.03000,FL,0,16,50.40000
49.9480,1664,14,30,0.03000,BL,0,9,50.19000
49.9480,1664,14,30,0.03000,BL,1,39,51.09000
49.9480,1664,14,30,0.03000,FR,0,1,49.95000
49.9480,1664,14,30,0.03000,FR,1,31,50.85000
49.9480,1664,14,30,0.03000,BR,0,24,50.64000
49.9580,1665,15,30,0.03000,FL,0,15,50.40000
49.9580,1665,15,30,0.03000,BL,0,8,50.19000
49.9580,1665,15,30,0.03000,BL,1,38,51.09000
49.9580,1665,15,30,0.03000,FR,0,30,50.85000
49.9580,1665,15,30,0.03000,BR,0,23,50.64000
49.9780,1665,15,30,0.03000,FL,0,15,50.40000
49.9780,1665,15,30,0.03000,BL,0,8,50.19000
49.9780,1665,15,30,0.03000,BL,1,38,51.09000
49.9780,1665,15,30,0.03000,FR,0,30,50.85000
49.9780,1665,15,30,0.03000,BR,0,23,50.64000
49.9900,1666,16,30,0.03000,FL,0,14,50.40000
49.9900,1666,16,30,0.03000,BL,0,7,50.19000
49.9900,1666,16,30,0.03000,BL,1,37,51.09000
49.9900,1666,16,30,0.03000,FR,0,29,50.85000
49.9900,1666,16,30,0.03000,BR,0,22,50.64000
50.0020,1666,16,30,0.03000,FL,0,14,50.40000
50.0020,1666,16,30,0.03000,BL,0,7,50.19000
50.0020,1666,16,30,0.03000,BL,1,37,51.09000
50.0020,1666,16,30,0.03000,FR,0,29,50.85000
50.0020,1666,16,30,0.03000,BR,0,22,50.64000
50.0120,1667,17,30,0.03000,FL,0,13,50.40000
50.0120,1667,17,30,0.03000,BL,0,6,50.19000
50.0120,1667,17,30,0.03000,BL,1,36,51.09000
50.0120,1667,17,30,0.03000,FR,0,28,50.85000
50.0120,1667,17,30,0.03000,BR,0,21,50.64000
50.0220,1667,17,30,0.03000,FL,0,13,50.40000
50.0220,1667,17,30,0.03000,BL,0,6,50.19000
50.0220,1667,17,30,0.03000,BL,1,36,51.09000
50.0220,1667,17,30,0.03000,FR,0,28,50.85000
50.0220,1667,17,30,0.03000,BR,0,21,50.64000
50.0300,1667,17,30,0.03000,FL,0,13,50.40000
50.0300,1667,17,30,0.03000,BL,0,6,50.19000
50.0300,1667,17,30,0.03000,BL,1,36,51.09000
50.0300,1667,17,30,0.03000,FR,0,28,50.85000
50.0300,1667,17,30,0.03000,BR,0,21,50.64000
50.0400,1668,18,30,0.03000,FL,0,12,50.40000
50.0400,1668,18,30,0.03000,BL,0,5,50.19000
50.0400,1668,18,30,0.03000,BL,1,35,51.09000
50.0400,1668,18,30,0.03000,FR,0,27,50.85000
50.0400,1668,18,30,0.03000,BR,0,20,50.64000
50.0500,1668,18,30,0.03000,FL,0,12,50.40000
50.0500,1668,18,30,0.03000,BL,0,5,50.19000
50.0500,1668,18,30,0.03000,BL,1,35,51.09000
50.0500,1668,18,30,0.03000,FR,0,27,50.85000
50.0500,1668,18,30,0.03000,BR,0,20,50.64000
50.0620,1668,18,30,0.03000,FL,0,12,50.40000
50.0620,1668,18,30,0.03000,BL,0,5,50.19000
50.0620,1668,18,30,0.03000,BL,1,35,51.09000
50.0620,1668,18,30,0.03000,FR,0,27,50.85000
50.0620,1668,18,30,0.03000,BR,0,20,50.64000
50.0760,1669,19,30,0.03000,FL,0,11,50.40000
50.0760,1669,19,30,0.03000,BL,0,4,50.19000
50.0760,1669,19,30,0.03000,BL,1,34,51.09000
50.0760,1669,19,30,0.03000,FR,0,26,50.85000
50.0760,1669,19,30,0.03000,BR,0,19,50.64000
50.0840,1669,19,30,0.03000,FL,0,11,50.40000
50.0840,1669,19,30,0.03000,BL,0,4,50.19000
50.0840,1669,19,30,0.03000,BL,1,34,51.09000
50.0840,1669,19,30,0.03000,FR,0,26,50.85000
50.0840,1669,19,30,0.03000,BR,0,19,50.64000
50.0960,1669,19,30,0.03000,FL,0,11,50.40000
50.0960,1669,19,30,0.03000,BL,0,4,50.19000
50.0960,1669,19,30,0.03000,BL,1,34,51.09000
50.0960,1669,19,30,0.03000,FR,0,26,50.85000
50.0960,1669,19,30,0.03000,BR,0,19,50.64000
50.1100,1670,20,30,0.03000,FL,0,10,50.40000
50.1100,1670,20,30,0.03000,BL,0,3,50.19000
50.1100,1670,20,30,0.03000,BL,1,33,51.09000
50.1100,1670,20,30,0.03000,FR,0,25,50.85000
50.1100,1670,20,30,0.03000,BR,0,18,50.64000
50.1200,1670,20,30,0.03000,FL,0,10,50.40000
50.1200,1670,20,30,0.03000,BL,0,3,50.19000
50.1200,1670,20,30,0.03000,BL,1,33,51.09000
50.1200,1670,20,30,0.03000,FR,0,25,50.85000
50.1200,1670,20,30,0.03000,BR,0,18,50.64000
50.1300,1671,21,30,0.03000,FL,0,9,50.40000
50.1300,1671,21,30,0.03000,FL,1,39,51.30000
50.1300,1671,21,30,0.03000,BL,0,2,50.19000
50.1300,1671,21,30,0.03000,BL,1,32,51.09000
50.1300,1671,21,30,0.03000,FR,0,24,50.85000
50.1300,1671,21,30,0.03000,BR,0,17,50.64000
50.1400,1671,21,30,0.03000,FL,0,9,50.40000
50.1400,1671,21,30,0.03000,FL,1,39,51.30000
50.1400,1671,21,30,0.03000,BL,0,2,50.19000
50.1400,1671,21,30,0.03000,BL,1,32,51.09000
50.1400,1671,21,30,0.03000,FR,0,24,50.85000
50.1400,1671,21,30,0.03000,BR,0,17,50.64000
