time,current_plan_index,leg,touchdown_index,hip_x,hip_y,hip_z,n_in_reach,n_safe,n_valid,min_valid_reach_dist,sel_x,sel_y,sel_in_reach,sel_passes_all,ik_max_reach
24.4060,315,FL,15,0.19719,0.14149,0.30072,134,134,134,0.27961,0.20402,0.14148,1,1,0.450
24.4060,315,BL,8,-0.19779,0.14194,0.30310,134,134,134,0.28198,-0.19013,0.14193,1,1,0.450
24.4060,315,FR,30,0.21121,-0.14253,0.30006,134,134,134,0.27895,0.21914,-0.14254,1,1,0.450
24.4060,315,BR,23,-0.18191,-0.14207,0.30008,134,134,134,0.27898,-0.17539,-0.14208,1,1,0.450
24.4560,317,FL,13,0.18275,0.14722,0.29961,134,134,134,0.27851,0.24794,0.15676,1,1,0.450
24.4580,317,BL,6,-0.21928,0.14406,0.30185,134,134,134,0.28074,-0.23470,0.14824,1,1,0.450
24.4580,317,FR,28,0.22581,-0.13723,0.30025,134,134,134,0.27915,0.25329,-0.14516,1,1,0.450
24.4580,317,BR,21,-0.16715,-0.12817,0.29954,134,134,134,0.27844,-0.17154,-0.13390,1,1,0.450
24.4700,317,FL,13,0.19802,0.15125,0.29765,134,134,134,0.27656,0.27098,0.16593,1,1,0.450
24.4700,317,BL,6,-0.21756,0.14487,0.29746,134,134,134,0.27637,-0.22509,0.14869,1,1,0.450
24.4700,317,FR,28,0.24923,-0.14011,0.29978,134,134,134,0.27867,0.29937,-0.15498,1,1,0.450
24.4700,317,BR,21,-0.15821,-0.12819,0.29911,134,134,134,0.27801,-0.15180,-0.13170,1,1,0.450
24.4780,317,FL,13,0.20438,0.15010,0.29789,134,134,134,0.27679,0.28658,0.16617,1,1,0.450
24.4780,317,BL,6,-0.21494,0.14428,0.29771,134,134,134,0.27662,-0.21656,0.14748,1,1,0.450
24.4780,317,FR,28,0.26617,-0.13992,0.29982,134,134,134,0.27872,0.32314,-0.15508,1,1,0.450
24.4780,317,BR,21,-0.14560,-0.12831,0.29911,134,134,134,0.27801,-0.13179,-0.13096,1,1,0.450
24.4880,318,FL,12,0.21056,0.15018,0.29801,134,134,134,0.27692,0.29966,0.16598,1,1,0.450
24.4900,318,BL,5,-0.21253,0.14432,0.29765,134,134,134,0.27655,-0.20745,0.14760,1,1,0.450
24.4900,318,FR,27,0.28160,-0.14000,0.29985,134,134,134,0.27875,0.34256,-0.15587,1,1,0.450
24.4900,318,BR,20,-0.13451,-0.12847,0.29909,134,134,134,0.27799,-0.11530,-0.13196,1,1,0.450
24.5000,318,FL,12,0.21413,0.15112,0.29813,134,134,134,0.27703,0.31350,0.16712,1,1,0.450
24.5000,318,BL,5,-0.21191,0.14426,0.29826,134,134,134,0.27717,-0.19825,0.14840,1,1,0.450
24.5000,318,FR,27,0.29485,-0.13941,0.29983,134,134,134,0.27873,0.36863,-0.15571,1,1,0.450
24.5000,318,BR,20,-0.12575,-0.12724,0.29902,134,134,134,0.27792,-0.09426,-0.13138,1,1,0.450
24.5080,318,FL,12,0.21286,0.15111,0.29841,134,134,134,0.27732,0.30826,0.16694,1,1,0.450
24.5080,318,BL,5,-0.21192,0.14421,0.29874,134,134,134,0.27764,-0.20205,0.14841,1,1,0.450
24.5080,318,FR,27,0.29322,-0.13949,0.29988,134,134,134,0.27878,0.36371,-0.15566,1,1,0.450
24.5080,318,BR,20,-0.12745,-0.12760,0.29896,134,134,134,0.27786,-0.09792,-0.13192,1,1,0.450
24.5180,319,FL,11,0.21643,0.15130,0.29847,134,134,134,0.27737,0.32038,0.16700,1,1,0.450
24.5180,319,BL,4,-0.21147,0.14434,0.29880,134,134,134,0.27770,-0.19529,0.14877,1,1,0.450
24.5180,319,FR,26,0.30446,-0.13942,0.29988,134,134,134,0.27878,0.38006,-0.15637,1,1,0.450
24.5180,319,BR,19,-0.11962,-0.12755,0.29900,134,134,134,0.27790,-0.08528,-0.13276,1,1,0.450
24.5300,319,FL,11,0.21443,0.15213,0.29833,134,134,134,0.27723,0.31514,0.16835,1,1,0.450
24.5300,319,BL,4,-0.21174,0.14402,0.29873,134,134,134,0.27763,-0.19915,0.14897,1,1,0.450
24.5300,319,FR,26,0.30286,-0.13878,0.29985,134,134,134,0.27875,0.37994,-0.15634,1,1,0.450
24.5300,319,BR,19,-0.12184,-0.12629,0.29887,134,134,134,0.27777,-0.08664,-0.13226,1,1,0.450
24.5380,319,FL,11,0.21711,0.15180,0.29862,134,134,134,0.27752,0.32425,0.16825,1,1,0.450
24.5380,319,BL,4,-0.21113,0.14361,0.29939,134,134,134,0.27829,-0.19368,0.14846,1,1,0.450
24.5380,319,FR,26,0.31170,-0.13873,0.29988,134,134,134,0.27878,0.39595,-0.15612,1,1,0.450
24.5400,319,BR,19,-0.11595,-0.12663,0.29893,134,134,134,0.27783,-0.07389,-0.13223,1,1,0.450
24.5480,320,FL,10,0.21592,0.15168,0.29890,134,134,134,0.27780,0.31970,0.16832,1,1,0.450
24.5480,320,BL,3,-0.21139,0.14315,0.30001,134,134,134,0.27891,-0.19704,0.14778,1,1,0.450
24.5480,320,FR,25,0.31012,-0.13871,0.29991,134,134,134,0.27881,0.38856,-0.15687,1,1,0.450
24.5480,320,BR,18,-0.11754,-0.12686,0.29896,134,134,134,0.27787,-0.08062,-0.13341,1,1,0.450
24.5580,320,FL,10,0.21691,0.15260,0.29888,134,134,134,0.27779,0.32687,0.16985,1,1,0.450
24.5580,320,BL,3,-0.21149,0.14278,0.30018,134,134,134,0.27908,-0.19323,0.14797,1,1,0.450
24.5600,320,FR,25,0.31763,-0.13782,0.29984,134,134,134,0.27874,0.40693,-0.15667,1,1,0.450
24.5600,320,BR,18,-0.11336,-0.12549,0.29894,134,134,134,0.27784,-0.06745,-0.13256,1,1,0.450
24.5680,320,FL,10,0.21539,0.15232,0.29931,134,134,134,0.27821,0.32162,0.16970,1,1,0.450
24.5680,320,BL,3,-0.21172,0.14226,0.30103,134,134,134,0.27992,-0.19697,0.14716,1,1,0.450
24.5680,320,FR,25,0.31540,-0.13786,0.29991,134,134,134,0.27881,0.40236,-0.15649,1,1,0.450
24.5680,320,BR,18,-0.11551,-0.12605,0.29895,134,134,134,0.27785,-0.07130,-0.13293,1,1,0.450
24.5780,321,FL,9,0.21676,0.15232,0.29949,134,134,134,0.27839,0.32779,0.16985,1,1,0.450
24.5780,321,BL,2,-0.21155,0.14202,0.30143,134,134,134,0.28033,-0.19369,0.14679,1,1,0.450
24.5780,321,FR,24,0.32154,-0.13772,0.29991,134,134,134,0.27881,0.41066,-0.15717,1,1,0.450
24.5780,321,BR,17,-0.11174,-0.12612,0.29905,134,134,134,0.27795,-0.06224,-0.13291,1,1,0.450
24.5880,321,FL,9,0.21446,0.15315,0.29972,134,134,134,0.27862,0.32192,0.17131,1,1,0.450
24.5880,321,BL,2,-0.21185,0.14155,0.30197,134,134,134,0.28086,-0.19733,0.14658,1,1,0.450
24.5880,321,FR,24,0.31905,-0.13695,0.29987,134,134,134,0.27877,0.41074,-0.15710,1,1,0.450
24.5880,321,BR,17,-0.11479,-0.12488,0.29901,134,134,134,0.27791,-0.06752,-0.13334,1,1,0.450
24.5980,321,FL,9,0.21546,0.15293,0.30008,134,134,134,0.27898,0.32666,0.17116,1,1,0.450
24.5980,321,BL,2,-0.21168,0.14124,0.30273,134,134,134,0.28162,-0.19479,0.14609,1,1,0.450
24.5980,321,FR,24,0.32382,-0.13695,0.29991,134,134,134,0.27881,0.42066,-0.15695,1,1,0.450
24.5980,321,BR,17,-0.11200,-0.12526,0.29911,134,134,134,0.27801,-0.06025,-0.13339,1,1,0.450
24.6080,322,FL,8,0.21363,0.15281,0.30029,134,134,134,0.27919,0.32123,0.17113,1,1,0.450
24.6080,322,BL,1,-0.21206,0.14094,0.30329,134,134,134,0.28218,-0.19872,0.14538,1,1,0.450
24.6080,322,FR,23,0.32089,-0.13701,0.29993,134,134,134,0.27883,0.41198,-0.15785,1,1,0.450
24.6080,322,BR,16,-0.11477,-0.12551,0.29919,134,134,134,0.27809,-0.06479,-0.13367,1,1,0.450
24.6260,322,FL,8,0.21381,0.15363,0.30036,134,134,134,0.27925,0.32309,0.17237,1,1,0.450
24.6280,322,BL,1,-0.21205,0.14073,0.30373,134,134,134,0.28262,-0.19771,0.14537,1,1,0.450
24.6280,322,FR,23,0.32497,-0.13637,0.29990,134,134,134,0.27880,0.41879,-0.16269,1,1,0.450
24.6280,322,BR,16,-0.11309,-0.12408,0.29922,134,134,134,0.27812,-0.06043,-0.13321,1,1,0.450
24.6380,323,FL,7,0.21202,0.15322,0.30056,134,134,134,0.27946,0.32160,0.17213,1,1,0.450
24.6380,323,BL,30,-0.00873,0.13875,0.29988,134,134,134,0.27878,0.04444,0.14119,1,1,0.450
24.6380,323,FR,22,0.32467,-0.13616,0.29981,134,134,134,0.27871,0.41964,-0.16154,1,1,0.450
24.6380,323,BR,15,-0.11486,-0.12446,0.29938,134,134,134,0.27828,-0.05883,-0.13323,1,1,0.450
24.6460,323,FL,7,0.20891,0.15429,0.30043,134,134,134,0.27933,0.31498,0.17337,1,1,0.450
24.6480,323,BL,30,-0.01231,0.13824,0.29987,134,134,134,0.27877,0.03679,0.13453,1,1,0.450
24.6480,323,FR,22,0.32111,-0.13574,0.29983,134,134,134,0.27873,0.41718,-0.16461,1,1,0.450
24.6480,323,BR,15,-0.11887,-0.12300,0.29937,134,134,134,0.27827,-0.06416,-0.13310,1,1,0.450
24.6600,323,FL,7,0.20939,0.15408,0.30057,134,134,134,0.27947,0.31635,0.17320,1,1,0.450
24.6600,323,BL,30,-0.00822,0.13819,0.29989,134,134,134,0.27879,0.04407,0.13446,1,1,0.450
24.6600,323,FR,22,0.32342,-0.13552,0.29979,134,134,134,0.27869,0.42222,-0.16384,1,1,0.450
24.6600,323,BR,15,-0.11774,-0.12320,0.29935,134,134,134,0.27825,-0.06172,-0.13305,1,1,0.450
24.6680,324,FL,6,0.20888,0.15421,0.30036,134,134,134,0.27926,0.31640,0.17338,1,1,0.450
24.6680,324,BL,29,-0.00639,0.13809,0.29989,134,134,134,0.27879,0.04624,0.13450,1,1,0.450
24.6700,324,FR,21,0.32379,-0.13555,0.29980,134,134,134,0.27869,0.42243,-0.16372,1,1,0.450
24.6700,324,BR,14,-0.11828,-0.12335,0.29939,134,134,134,0.27829,-0.05992,-0.13333,1,1,0.450
24.6800,324,FL,6,0.20803,0.15514,0.30006,134,134,134,0.27896,0.31368,0.17471,1,1,0.450
24.6800,324,BL,29,-0.00886,0.13746,0.29988,134,134,134,0.27878,0.04419,0.13043,1,1,0.450
24.6800,324,FR,21,0.32165,-0.13488,0.29976,134,134,134,0.27866,0.42373,-0.16544,1,1,0.450
24.6800,324,BR,14,-0.12037,-0.12194,0.29939,134,134,134,0.27829,-0.06301,-0.13306,1,1,0.450
24.6900,324,FL,6,0.20641,0.15502,0.30015,134,134,134,0.27904,0.30912,0.17464,1,1,0.450
24.6900,324,BL,29,-0.01188,0.13745,0.29989,134,134,134,0.27879,0.04052,0.13036,1,1,0.450
24.6900,324,FR,21,0.31872,-0.13467,0.29976,134,134,134,0.27866,0.41975,-0.16488,1,1,0.450
24.6900,324,BR,14,-0.12299,-0.12220,0.29941,134,134,134,0.27831,-0.06746,-0.13311,1,1,0.450
24.7060,325,FL,5,0.20678,0.15501,0.30024,134,134,134,0.27914,0.30989,0.17476,1,1,0.450
24.7060,325,BL,28,-0.00894,0.13745,0.29990,134,134,134,0.27880,0.04249,0.13070,1,1,0.450
24.7060,325,FR,20,0.32026,-0.13455,0.29977,134,134,134,0.27867,0.42009,-0.16444,1,1,0.450
24.7060,325,BR,13,-0.12233,-0.12217,0.29955,134,134,134,0.27845,-0.06587,-0.13311,1,1,0.450
24.7160,325,FL,5,0.20551,0.15517,0.30075,134,134,134,0.27964,0.30891,0.17548,1,1,0.450
24.7180,325,BL,28,-0.00769,0.13697,0.29989,134,134,134,0.27879,0.04848,0.12819,1,1,0.450
24.7180,325,FR,20,0.32040,-0.13381,0.29979,134,134,134,0.27869,0.42705,-0.16539,1,1,0.450
24.7180,325,BR,13,-0.12361,-0.12092,0.29978,134,134,134,0.27868,-0.06488,-0.13240,1,1,0.450
24.7320,326,FL,4,0.20482,0.15463,0.30129,134,134,134,0.28019,0.30594,0.17488,1,1,0.450
24.7320,326,BL,27,-0.00943,0.13712,0.29989,134,134,134,0.27879,0.04325,0.12887,1,1,0.450
24.7320,326,FR,19,0.31862,-0.13379,0.29987,134,134,134,0.27877,0.42119,-0.16437,1,1,0.450
24.7320,326,BR,12,-0.12513,-0.12143,0.29993,134,134,134,0.27883,-0.06769,-0.13237,1,1,0.450
24.7420,326,FL,4,0.20345,0.15410,0.30207,134,134,134,0.28097,0.30395,0.17477,1,1,0.450
24.7420,326,BL,27,-0.00819,0.13668,0.29989,134,134,134,0.27879,0.04879,0.12725,1,1,0.450
24.7420,326,FR,19,0.31876,-0.13312,0.29992,134,134,134,0.27882,0.42750,-0.16495,1,1,0.450
24.7420,326,BR,12,-0.12650,-0.12052,0.30033,134,134,134,0.27923,-0.06773,-0.13143,1,1,0.450
24.7520,327,FL,3,0.20375,0.15346,0.30284,134,134,134,0.28173,0.30544,0.17408,1,1,0.450
24.7520,327,BL,26,-0.00560,0.13697,0.29989,134,134,134,0.27879,0.05095,0.12824,1,1,0.450
24.7520,327,FR,18,0.32014,-0.13307,0.30003,134,134,134,0.27892,0.42778,-0.16378,1,1,0.450
24.7520,327,BR,11,-0.12585,-0.12097,0.30054,134,134,134,0.27943,-0.06521,-0.13121,1,1,0.450
24.7620,327,FL,3,0.20284,0.15304,0.30332,134,134,134,0.28221,0.30220,0.17370,1,1,0.450
24.7620,327,BL,26,-0.00713,0.13649,0.29989,134,134,134,0.27878,0.05185,0.12718,1,1,0.450
24.7620,327,FR,18,0.31873,-0.13260,0.30006,134,134,134,0.27896,0.43018,-0.16431,1,1,0.450
24.7620,327,BR,11,-0.12770,-0.12018,0.30085,134,134,134,0.27974,-0.06776,-0.13048,1,1,0.450
24.7720,327,FL,3,0.20298,0.15231,0.30412,134,134,134,0.28300,0.30376,0.17300,1,1,0.450
24.7720,327,BL,26,-0.00452,0.13689,0.29988,134,134,134,0.27878,0.05701,0.12774,1,1,0.450
24.7720,327,FR,18,0.32018,-0.13248,0.30017,134,134,134,0.27907,0.43374,-0.16365,1,1,0.450
24.7720,327,BR,11,-0.12702,-0.12059,0.30104,134,134,134,0.27994,-0.06528,-0.13006,1,1,0.450
24.7820,328,FL,2,0.20215,0.15156,0.30473,134,134,134,0.28361,0.30149,0.17216,1,1,0.450
24.7820,328,BL,25,-0.00558,0.13714,0.29988,134,134,134,0.27878,0.05200,0.12882,1,1,0.450
24.7820,328,FR,17,0.31906,-0.13249,0.30023,134,134,134,0.27913,0.43208,-0.16326,1,1,0.450
24.7820,328,BR,10,-0.12826,-0.12093,0.30125,134,134,134,0.28014,-0.06693,-0.12974,1,1,0.450
24.7940,328,FL,2,0.20290,0.15144,0.30487,133,133,133,0.28375,0.30359,0.17232,1,1,0.450
24.7940,328,BL,25,-0.00301,0.13699,0.29988,134,134,134,0.27878,0.05968,0.12828,1,1,0.450
24.7940,328,FR,17,0.32085,-0.13168,0.30024,134,134,134,0.27914,0.43669,-0.16281,1,1,0.450
24.7940,328,BR,10,-0.12743,-0.11973,0.30152,134,134,134,0.28042,-0.06487,-0.12862,1,1,0.450
24.8040,328,FL,2,0.20180,0.15044,0.30533,133,133,133,0.28421,0.30148,0.17135,1,1,0.450
24.8040,328,BL,25,-0.00377,0.13762,0.29987,134,134,134,0.27877,0.05888,0.12917,1,1,0.450
24.8040,328,FR,17,0.31990,-0.13154,0.30035,134,134,134,0.27925,0.43525,-0.16188,1,1,0.450
24.8040,328,BR,10,-0.12858,-0.12031,0.30160,134,134,134,0.28049,-0.06597,-0.12798,1,1,0.450
24.8140,329,FL,1,0.20183,0.15007,0.30555,133,133,133,0.28443,0.30325,0.17138,1,1,0.450
24.8140,329,BL,24,-0.00140,0.13826,0.29987,134,134,134,0.27876,0.05936,0.13065,1,1,0.450
24.8140,329,FR,16,0.32137,-0.13112,0.30037,134,134,134,0.27927,0.44203,-0.16178,1,1,0.450
24.8160,329,BR,9,-0.12787,-0.12008,0.30168,134,134,134,0.28058,-0.06367,-0.12713,1,1,0.450
24.8260,329,FL,1,0.20251,0.15007,0.30538,133,133,133,0.28426,0.30407,0.17198,1,1,0.450
24.8260,329,BL,24,-0.00071,0.13858,0.29985,134,134,134,0.27875,0.06304,0.13079,1,1,0.450
24.8260,329,FR,16,0.32213,-0.13000,0.30039,134,134,134,0.27928,0.44323,-0.16082,1,1,0.450
24.8260,329,BR,9,-0.12736,-0.11869,0.30174,134,134,134,0.28063,-0.06375,-0.12552,1,1,0.450
24.8360,329,FL,1,0.20078,0.14900,0.30593,132,132,132,0.28481,0.30235,0.17068,1,1,0.450
24.8360,329,BL,24,0.00063,0.13946,0.29981,134,134,134,0.27871,0.06631,0.13193,1,1,0.450
24.8360,329,FR,16,0.32236,-0.12978,0.30049,134,134,134,0.27939,0.44542,-0.15957,1,1,0.450
24.8360,329,BR,9,-0.12839,-0.11940,0.30155,134,134,134,0.28045,-0.06215,-0.12450,1,1,0.450
24.8460,330,FL,30,0.44726,0.14852,0.30000,134,134,134,0.27890,0.54191,0.15912,1,1,0.450
24.8460,330,BL,23,0.00255,0.14092,0.29981,134,134,134,0.27871,0.06424,0.13420,1,1,0.450
24.8460,330,FR,15,0.32430,-0.12852,0.30051,134,134,134,0.27941,0.44642,-0.15841,1,1,0.450
24.8460,330,BR,8,-0.12592,-0.11780,0.30174,134,134,134,0.28063,-0.06072,-0.12272,1,1,0.450
24.8660,330,FL,30,0.44996,0.14933,0.30000,134,134,134,0.27890,0.55659,0.16071,1,1,0.450
24.8660,330,BL,23,0.00470,0.14164,0.29982,134,134,134,0.27872,0.07305,0.13497,1,1,0.450
24.8660,330,FR,15,0.32590,-0.12726,0.30054,134,134,134,0.27943,0.44930,-0.15735,1,1,0.450
24.8660,330,BR,8,-0.12529,-0.11645,0.30157,134,134,134,0.28047,-0.05876,-0.12048,1,1,0.450
24.8740,331,FL,29,0.45378,0.15172,0.30002,134,134,134,0.27891,0.55718,0.16337,1,1,0.450
24.8740,331,BL,22,0.00781,0.14439,0.29980,134,134,134,0.27870,0.07374,0.13886,1,1,0.450
24.8740,331,FR,14,0.32737,-0.12598,0.30063,134,134,134,0.27952,0.45327,-0.15425,1,1,0.450
24.8740,331,BR,7,-0.12543,-0.11647,0.30191,134,134,134,0.28080,-0.05595,-0.11801,1,1,0.450
24.8840,331,FL,29,0.45498,0.15232,0.30001,134,134,134,0.27891,0.56615,0.16435,1,1,0.450
24.8840,331,BL,22,0.00882,0.14457,0.29977,134,134,134,0.27867,0.07940,0.13946,1,1,0.450
24.8840,331,FR,14,0.32796,-0.12567,0.30057,134,134,134,0.27947,0.45469,-0.15359,1,1,0.450
24.8860,331,BR,7,-0.12549,-0.11611,0.30161,134,134,134,0.28051,-0.05593,-0.11702,1,1,0.450
24.8940,331,FL,29,0.45740,0.15322,0.30003,134,134,134,0.27893,0.56953,0.16505,1,1,0.450
24.8940,331,BL,22,0.01066,0.14568,0.29974,134,134,134,0.27864,0.08277,0.14091,1,1,0.450
24.8940,331,FR,14,0.32879,-0.12529,0.30068,134,134,134,0.27958,0.45704,-0.15242,1,1,0.450
24.8940,331,BR,7,-0.12534,-0.11616,0.30168,134,134,134,0.28058,-0.05434,-0.11608,1,1,0.450
24.9040,332,FL,28,0.45782,0.15402,0.30004,134,134,134,0.27894,0.56503,0.16643,1,1,0.450
24.9040,332,BL,21,0.01104,0.14660,0.29973,134,134,134,0.27863,0.07845,0.14279,1,1,0.450
24.9040,332,FR,13,0.32891,-0.12487,0.30066,134,134,134,0.27955,0.45703,-0.15147,1,1,0.450
24.9040,332,BR,6,-0.12533,-0.11598,0.30151,134,134,134,0.28041,-0.05451,-0.11513,1,1,0.450
24.9140,332,FL,28,0.45977,0.15435,0.30001,134,134,134,0.27891,0.57492,0.16717,1,1,0.450
24.9140,332,BL,21,0.01241,0.14654,0.29972,134,134,134,0.27862,0.08504,0.14292,1,1,0.450
24.9140,332,FR,13,0.32962,-0.12466,0.30061,134,134,134,0.27951,0.45950,-0.15117,1,1,0.450
24.9140,332,BR,6,-0.12536,-0.11567,0.30142,134,134,134,0.28032,-0.05352,-0.11438,1,1,0.450
24.9240,332,FL,28,0.45996,0.15512,0.30004,134,134,134,0.27894,0.57467,0.16780,1,1,0.450
24.9240,332,BL,21,0.01250,0.14753,0.29971,134,134,134,0.27861,0.08526,0.14414,1,1,0.450
24.9240,332,FR,13,0.32941,-0.12421,0.30081,134,134,134,0.27970,0.45910,-0.15022,1,1,0.450
24.9240,332,BR,6,-0.12546,-0.11548,0.30181,134,134,134,0.28070,-0.05397,-0.11352,1,1,0.450
24.9340,333,FL,27,0.46086,0.15569,0.30005,134,134,134,0.27894,0.57172,0.16904,1,1,0.450
24.9340,333,BL,20,0.01302,0.14817,0.29974,134,134,134,0.27864,0.08188,0.14570,1,1,0.450
24.9340,333,FR,12,0.32942,-0.12385,0.30092,134,134,134,0.27982,0.46000,-0.14958,1,1,0.450
24.9340,333,BR,5,-0.12581,-0.11526,0.30221,134,134,134,0.28110,-0.05354,-0.11264,1,1,0.450
24.9420,333,FL,27,0.46141,0.15601,0.30001,134,134,134,0.27891,0.57836,0.16980,1,1,0.450
24.9420,333,BL,20,0.01336,0.14817,0.29973,134,134,134,0.27863,0.08608,0.14593,1,1,0.450
24.9420,333,FR,12,0.32960,-0.12363,0.30094,134,134,134,0.27984,0.46047,-0.14937,1,1,0.450
24.9440,333,BR,5,-0.12574,-0.11469,0.30230,134,134,134,0.28119,-0.05391,-0.11187,1,1,0.450
24.9540,333,FL,27,0.46202,0.15644,0.30004,134,134,134,0.27894,0.57969,0.17013,1,1,0.450
24.9540,333,BL,20,0.01359,0.14881,0.29972,134,134,134,0.27862,0.08735,0.14673,1,1,0.450
24.9540,333,FR,12,0.32931,-0.12335,0.30115,134,134,134,0.28004,0.46084,-0.14880,1,1,0.450
24.9540,333,BR,5,-0.12610,-0.11456,0.30272,134,134,134,0.28161,-0.05378,-0.11118,1,1,0.450
24.9640,334,FL,26,0.46173,0.15721,0.30004,134,134,134,0.27894,0.57424,0.17156,1,1,0.450
24.9640,334,BL,19,0.01331,0.14986,0.29977,134,134,134,0.27867,0.08191,0.14862,1,1,0.450
24.9640,334,FR,11,0.32896,-0.12269,0.30136,134,134,134,0.28026,0.45999,-0.14792,1,1,0.450
24.9640,334,BR,4,-0.12622,-0.11393,0.30343,134,134,134,0.28232,-0.05449,-0.10981,1,1,0.450
24.9740,334,FL,26,0.46264,0.15719,0.29999,134,134,134,0.27889,0.58196,0.17207,1,1,0.450
24.9740,334,BL,19,0.01371,0.14947,0.29979,134,134,134,0.27869,0.08687,0.14855,1,1,0.450
24.9740,334,FR,11,0.32910,-0.12273,0.30148,134,134,134,0.28037,0.46104,-0.14813,1,1,0.450
24.9740,334,BR,4,-0.12634,-0.11349,0.30376,134,134,134,0.28265,-0.05414,-0.10920,1,1,0.450
24.9840,334,FL,26,0.46211,0.15801,0.30003,134,134,134,0.27893,0.58112,0.17270,1,1,0.450
24.9840,334,BL,19,0.01315,0.15073,0.29979,134,134,134,0.27869,0.08636,0.14988,1,1,0.450
24.9840,334,FR,11,0.32835,-0.12210,0.30177,134,134,134,0.28066,0.45972,-0.14709,1,1,0.450
24.9840,334,BR,4,-0.12657,-0.11300,0.30442,134,134,134,0.28331,-0.05533,-0.10790,1,1,0.450
24.9960,335,FL,25,0.46252,0.15866,0.30003,134,134,134,0.27893,0.57718,0.17408,1,1,0.450
24.9960,335,BL,18,0.01330,0.15160,0.29984,134,134,134,0.27874,0.08201,0.15173,1,1,0.450
24.9960,335,FR,10,0.32819,-0.12162,0.30194,134,134,134,0.28083,0.45988,-0.14635,1,1,0.450
24.9960,335,BR,3,-0.12668,-0.11256,0.30489,133,133,133,0.28377,-0.05541,-0.10672,1,1,0.450
25.0080,335,FL,25,0.46183,0.15890,0.29997,134,134,134,0.27887,0.58219,0.17490,1,1,0.450
25.0080,335,BL,18,0.01241,0.15150,0.29986,134,134,134,0.27876,0.08471,0.15215,1,1,0.450
25.0080,335,FR,10,0.32752,-0.12169,0.30209,134,134,134,0.28098,0.45877,-0.14628,1,1,0.450
25.0080,335,BR,3,-0.12688,-0.11223,0.30515,133,133,133,0.28403,-0.05657,-0.10603,1,1,0.450
25.0300,336,FL,24,0.46131,0.15966,0.30001,134,134,134,0.27891,0.57688,0.17641,1,1,0.450
25.0300,336,BL,17,0.01167,0.15251,0.29986,134,134,134,0.27876,0.08442,0.15342,1,1,0.450
25.0300,336,FR,9,0.32660,-0.12136,0.30235,134,134,134,0.28124,0.45759,-0.14534,1,1,0.450
25.0320,336,BR,2,-0.12728,-0.11221,0.30554,133,133,133,0.28442,-0.05772,-0.10520,1,1,0.450
25.0580,337,FL,23,0.46050,0.16081,0.29995,134,134,134,0.27884,0.57703,0.17911,1,1,0.450
25.0580,337,BL,16,0.01044,0.15308,0.29989,134,134,134,0.27879,0.08218,0.15601,1,1,0.450
25.0580,337,FR,8,0.32571,-0.12133,0.30258,134,134,134,0.28147,0.45595,-0.14446,1,1,0.450
25.0600,337,BR,1,-0.12698,-0.11198,0.30554,133,133,133,0.28442,-0.05923,-0.10450,1,1,0.450
25.0900,338,FL,22,0.45778,0.16258,0.29996,134,134,134,0.27885,0.57050,0.18631,1,1,0.450
25.0900,338,BL,15,0.00775,0.15364,0.29992,134,134,134,0.27881,0.07833,0.15859,1,1,0.450
25.0900,338,FR,7,0.32462,-0.12164,0.30263,134,134,134,0.28152,0.45245,-0.14321,1,1,0.450
25.0900,338,BR,30,0.13967,-0.11311,0.29986,134,134,134,0.27876,0.21388,-0.11548,1,1,0.450
25.1040,338,FL,22,0.45440,0.16449,0.29984,134,134,134,0.27874,0.57082,0.19122,1,1,0.450
25.1040,338,BL,15,0.00466,0.15382,0.30004,134,134,134,0.27894,0.07334,0.16121,1,1,0.450
25.1040,338,FR,7,0.32379,-0.12167,0.30257,134,134,134,0.28146,0.44877,-0.14158,1,1,0.450
25.1040,338,BR,30,0.13646,-0.11010,0.29988,134,134,134,0.27877,0.20996,-0.10713,1,1,0.450
25.1160,339,FL,21,0.45300,0.16517,0.29983,134,134,134,0.27873,0.56560,0.19156,1,1,0.450
25.1160,339,BL,14,0.00352,0.15448,0.30008,134,134,134,0.27898,0.07150,0.16243,1,1,0.450
25.1160,339,FR,6,0.32325,-0.12151,0.30266,134,134,134,0.28155,0.44726,-0.14089,1,1,0.450
25.1160,339,BR,29,0.13525,-0.10929,0.29989,134,134,134,0.27879,0.20550,-0.10649,1,1,0.450
25.1280,339,FL,21,0.45203,0.16512,0.29977,134,134,134,0.27867,0.56903,0.19386,1,1,0.450
25.1280,339,BL,14,0.00254,0.15356,0.30012,134,134,134,0.27902,0.06965,0.16278,1,1,0.450
25.1280,339,FR,6,0.32279,-0.12222,0.30236,134,134,134,0.28125,0.44590,-0.14148,1,1,0.450
25.1280,339,BR,29,0.13408,-0.10815,0.29989,134,134,134,0.27879,0.20587,-0.10209,1,1,0.450
25.1380,339,FL,21,0.45101,0.16536,0.29980,134,134,134,0.27870,0.56838,0.19378,1,1,0.450
25.1380,339,BL,14,0.00152,0.15417,0.30016,134,134,134,0.27905,0.06867,0.16335,1,1,0.450
25.1380,339,FR,6,0.32197,-0.12193,0.30265,134,134,134,0.28154,0.44455,-0.14097,1,1,0.450
25.1380,339,BR,29,0.13317,-0.10773,0.29990,134,134,134,0.27880,0.20573,-0.10167,1,1,0.450
25.1480,340,FL,20,0.44996,0.16563,0.29982,134,134,134,0.27872,0.56330,0.19371,1,1,0.450
25.1480,340,BL,13,0.00058,0.15447,0.30029,134,134,134,0.27919,0.06732,0.16382,1,1,0.450
25.1480,340,FR,5,0.32139,-0.12181,0.30294,134,134,134,0.28183,0.44313,-0.14069,1,1,0.450
25.1480,340,BR,28,0.13207,-0.10740,0.29990,134,134,134,0.27880,0.20064,-0.10173,1,1,0.450
25.1580,340,FL,20,0.44902,0.16526,0.29979,134,134,134,0.27869,0.56733,0.19500,1,1,0.450
25.1600,340,BL,13,-0.00064,0.15355,0.30048,134,134,134,0.27938,0.06585,0.16355,1,1,0.450
25.1600,340,FR,5,0.32031,-0.12198,0.30330,134,134,134,0.28218,0.44158,-0.14101,1,1,0.450
25.1600,340,BR,28,0.13094,-0.10660,0.29990,134,134,134,0.27879,0.20245,-0.09901,1,1,0.450
25.1680,340,FL,20,0.44803,0.16544,0.29988,134,134,134,0.27878,0.56637,0.19477,1,1,0.450
25.1680,340,BL,13,-0.00162,0.15421,0.30067,134,134,134,0.27956,0.06478,0.16379,1,1,0.450
25.1680,340,FR,5,0.31956,-0.12140,0.30408,134,134,134,0.28297,0.44008,-0.14024,1,1,0.450
25.1680,340,BR,28,0.13002,-0.10644,0.29991,134,134,134,0.27880,0.20194,-0.09889,1,1,0.450
25.1780,341,FL,19,0.44796,0.16566,0.29994,134,134,134,0.27884,0.56273,0.19434,1,1,0.450
25.1780,341,BL,12,-0.00180,0.15473,0.30097,134,134,134,0.27986,0.06471,0.16400,1,1,0.450
25.1800,341,FR,4,0.31949,-0.12085,0.30502,133,133,133,0.28390,0.43958,-0.13949,1,1,0.450
25.1800,341,BR,27,0.13003,-0.10623,0.29991,134,134,134,0.27881,0.19834,-0.09927,1,1,0.450
25.1880,341,FL,19,0.44741,0.16533,0.29994,134,134,134,0.27884,0.56696,0.19519,1,1,0.450
25.1880,341,BL,12,-0.00261,0.15407,0.30128,134,134,134,0.28018,0.06356,0.16362,1,1,0.450
25.1880,341,FR,4,0.31890,-0.12057,0.30567,133,133,133,0.28455,0.43821,-0.13930,1,1,0.450
25.1880,341,BR,27,0.12916,-0.10548,0.29991,134,134,134,0.27881,0.20071,-0.09746,1,1,0.450
25.1980,341,FL,19,0.44643,0.16557,0.30006,134,134,134,0.27896,0.56644,0.19483,1,1,0.450
25.1980,341,BL,12,-0.00386,0.15498,0.30154,134,134,134,0.28043,0.06287,0.16369,1,1,0.450
25.2000,341,FR,4,0.31765,-0.11963,0.30672,132,132,132,0.28560,0.43651,-0.13795,1,1,0.450
25.2000,341,BR,27,0.12845,-0.10545,0.29992,134,134,134,0.27882,0.20073,-0.09757,1,1,0.450
25.2080,342,FL,18,0.44651,0.16569,0.30011,134,134,134,0.27901,0.56256,0.19421,1,1,0.450
25.2080,342,BL,11,-0.00370,0.15531,0.30179,134,134,134,0.28068,0.06270,0.16380,1,1,0.450
25.2080,342,FR,3,0.31804,-0.11918,0.30752,132,132,132,0.28639,0.43648,-0.13737,1,1,0.450
25.2080,342,BR,26,0.12849,-0.10537,0.29993,134,134,134,0.27882,0.19684,-0.09824,1,1,0.450
25.2180,342,FL,18,0.44597,0.16539,0.30011,134,134,134,0.27900,0.56717,0.19479,1,1,0.450
25.2200,342,BL,11,-0.00482,0.15485,0.30216,134,134,134,0.28105,0.06194,0.16327,1,1,0.450
25.2200,342,FR,3,0.31692,-0.11865,0.30801,132,132,132,0.28688,0.43493,-0.13672,1,1,0.450
25.2200,342,BR,26,0.12780,-0.10472,0.29993,134,134,134,0.27883,0.19994,-0.09701,1,1,0.450
25.2280,342,FL,18,0.44626,0.16533,0.30020,134,134,134,0.27910,0.56744,0.19436,1,1,0.450
25.2300,342,BL,11,-0.00442,0.15513,0.30226,134,134,134,0.28115,0.06222,0.16319,1,1,0.450
25.2300,342,FR,3,0.31735,-0.11828,0.30854,131,131,131,0.28741,0.43541,-0.13653,1,1,0.450
25.2300,342,BR,26,0.12820,-0.10492,0.29992,134,134,134,0.27882,0.20081,-0.09741,1,1,0.450
25.2400,343,FL,17,0.44584,0.16532,0.30024,134,134,134,0.27914,0.56735,0.19406,1,1,0.450
25.2400,343,BL,10,-0.00515,0.15540,0.30241,134,134,134,0.28130,0.06202,0.16294,1,1,0.450
25.2400,343,FR,2,0.31655,-0.11774,0.30885,131,131,131,0.28772,0.43455,-0.13582,1,1,0.450
25.2400,343,BR,25,0.12791,-0.10507,0.29993,134,134,134,0.27882,0.19673,-0.09826,1,1,0.450
25.2480,343,FL,17,0.44613,0.16478,0.30023,134,134,134,0.27913,0.56858,0.19368,1,1,0.450
25.2500,343,BL,10,-0.00530,0.15464,0.30268,134,134,134,0.28157,0.06198,0.16205,1,1,0.450
25.2500,343,FR,2,0.31630,-0.11728,0.30896,131,131,131,0.28783,0.43450,-0.13568,1,1,0.450
25.2500,343,BR,25,0.12805,-0.10477,0.29992,134,134,134,0.27882,0.20060,-0.09767,1,1,0.450
25.2600,343,FL,17,0.44730,0.16440,0.30029,134,134,134,0.27918,0.56965,0.19310,1,1,0.450
25.2600,343,BL,10,-0.00403,0.15434,0.30270,134,134,134,0.28159,0.06335,0.16145,1,1,0.450
25.2600,343,FR,2,0.31714,-0.11716,0.30893,131,131,131,0.28780,0.43659,-0.13630,1,1,0.450
25.2600,343,BR,25,0.12938,-0.10536,0.29991,134,134,134,0.27881,0.20249,-0.09840,1,1,0.450
25.2700,344,FL,16,0.44748,0.16405,0.30032,134,134,134,0.27922,0.57415,0.19303,1,1,0.450
25.2700,344,BL,9,-0.00427,0.15422,0.30270,134,134,134,0.28159,0.06393,0.16054,1,1,0.450
25.2700,344,FR,1,0.31643,-0.11668,0.30890,131,131,131,0.28777,0.43679,-0.13605,1,1,0.450
25.2700,344,BR,24,0.12977,-0.10601,0.29990,134,134,134,0.27880,0.19894,-0.09969,1,1,0.450
25.2800,344,FL,16,0.44738,0.16371,0.30033,134,134,134,0.27923,0.57541,0.19241,1,1,0.450
25.2800,344,BL,9,-0.00527,0.15388,0.30270,134,134,134,0.28159,0.06389,0.15948,1,1,0.450
25.2800,344,FR,1,0.31522,-0.11604,0.30913,131,131,131,0.28800,0.43501,-0.13508,1,1,0.450
25.2800,344,BR,24,0.12981,-0.10584,0.29988,134,134,134,0.27878,0.20286,-0.09946,1,1,0.450
25.2880,344,FL,16,0.44919,0.16293,0.30045,134,134,134,0.27935,0.57690,0.19145,1,1,0.450
25.2900,344,BL,9,-0.00326,0.15293,0.30280,134,134,134,0.28169,0.06596,0.15804,1,1,0.450
25.2900,344,FR,1,0.31611,-0.11597,0.30926,131,131,131,0.28812,0.43804,-0.13641,1,1,0.450
25.2900,344,BR,24,0.13189,-0.10709,0.29985,134,134,134,0.27875,0.20541,-0.10087,1,1,0.450
25.3000,345,FL,15,0.45140,0.16198,0.30055,134,134,134,0.27944,0.57893,0.19065,1,1,0.450
25.3000,345,BL,8,-0.00109,0.15170,0.30290,134,134,134,0.28179,0.06850,0.15626,1,1,0.450
25.3000,345,FR,30,0.58398,-0.11598,0.30001,134,134,134,0.27891,0.68686,-0.12647,1,1,0.450
25.3000,345,BR,23,0.13427,-0.10833,0.29984,134,134,134,0.27874,0.20364,-0.10260,1,1,0.450
25.3220,346,FL,14,0.45261,0.16102,0.30059,134,134,134,0.27949,0.58046,0.18999,1,1,0.450
25.3240,346,BL,7,-0.00037,0.15013,0.30317,134,134,134,0.28206,0.07003,0.15409,1,1,0.450
25.3240,346,FR,29,0.58531,-0.11641,0.30001,134,134,134,0.27891,0.69471,-0.12824,1,1,0.450
25.3240,346,BR,22,0.13555,-0.10893,0.29989,134,134,134,0.27879,0.20657,-0.10389,1,1,0.450
25.3340,346,FL,14,0.45460,0.16045,0.30057,134,134,134,0.27946,0.58544,0.18771,1,1,0.450
25.3340,346,BL,7,-0.00089,0.15031,0.30285,134,134,134,0.28174,0.07285,0.15196,1,1,0.450
25.3340,346,FR,29,0.58956,-0.11794,0.30003,134,134,134,0.27892,0.70733,-0.12975,1,1,0.450
25.3340,346,BR,22,0.13942,-0.11088,0.29983,134,134,134,0.27873,0.21613,-0.10613,1,1,0.450
25.3480,346,FL,14,0.45422,0.16043,0.30068,134,134,134,0.27958,0.58577,0.18684,1,1,0.450
25.3480,346,BL,7,-0.00162,0.15052,0.30297,134,134,134,0.28185,0.07276,0.15113,1,1,0.450
25.3480,346,FR,29,0.59012,-0.11865,0.30005,134,134,134,0.27894,0.70772,-0.13017,1,1,0.450
25.3480,346,BR,22,0.13980,-0.11181,0.29978,134,134,134,0.27868,0.21720,-0.10766,1,1,0.450
25.3580,347,FL,13,0.45463,0.16032,0.30069,134,134,134,0.27958,0.58705,0.18594,1,1,0.450
25.3580,347,BL,6,-0.00187,0.15067,0.30290,134,134,134,0.28179,0.07331,0.15035,1,1,0.450
25.3580,347,FR,28,0.59134,-0.11933,0.30005,134,134,134,0.27895,0.70427,-0.13142,1,1,0.450
25.3580,347,BR,21,0.14091,-0.11275,0.29977,134,134,134,0.27867,0.21380,-0.10962,1,1,0.450
25.3680,347,FL,13,0.45502,0.16034,0.30049,134,134,134,0.27939,0.58819,0.18576,1,1,0.450
25.3680,347,BL,6,-0.00184,0.15045,0.30233,134,134,134,0.28123,0.07356,0.14976,1,1,0.450
25.3680,347,FR,28,0.59221,-0.11955,0.30003,134,134,134,0.27893,0.71226,-0.13203,1,1,0.450
25.3680,347,BR,21,0.14159,-0.11269,0.29973,134,134,134,0.27863,0.21901,-0.10982,1,1,0.450
25.3780,347,FL,13,0.45523,0.15999,0.30069,134,134,134,0.27959,0.58863,0.18501,1,1,0.450
25.3780,347,BL,6,-0.00164,0.15030,0.30277,134,134,134,0.28166,0.07396,0.14897,1,1,0.450
25.3780,347,FR,28,0.59289,-0.12016,0.30006,134,134,134,0.27896,0.71296,-0.13248,1,1,0.450
25.3800,347,BR,21,0.14216,-0.11356,0.29972,134,134,134,0.27862,0.22003,-0.11089,1,1,0.450
25.3880,348,FL,12,0.45599,0.15946,0.30081,134,134,134,0.27970,0.58954,0.18425,1,1,0.450
25.3880,348,BL,5,-0.00104,0.14982,0.30325,134,134,134,0.28214,0.07477,0.14794,1,1,0.450
25.3880,348,FR,27,0.59391,-0.12085,0.30006,134,134,134,0.27896,0.70901,-0.13381,1,1,0.450
25.3900,348,BR,20,0.14316,-0.11444,0.29976,134,134,134,0.27866,0.21610,-0.11263,1,1,0.450
25.4020,348,FL,12,0.45561,0.15959,0.30091,134,134,134,0.27981,0.58952,0.18440,1,1,0.450
25.4020,348,BL,5,-0.00154,0.14967,0.30367,134,134,134,0.28256,0.07434,0.14755,1,1,0.450
25.4020,348,FR,27,0.59367,-0.12083,0.30003,134,134,134,0.27892,0.71540,-0.13430,1,1,0.450
25.4020,348,BR,20,0.14271,-0.11397,0.29978,134,134,134,0.27867,0.21989,-0.11246,1,1,0.450
25.4160,349,FL,11,0.45552,0.15884,0.30125,134,134,134,0.28014,0.58934,0.18335,1,1,0.450
25.4160,349,BL,4,-0.00146,0.14903,0.30462,134,134,134,0.28350,0.07436,0.14609,1,1,0.450
25.4160,349,FR,26,0.59390,-0.12168,0.30006,134,134,134,0.27895,0.71056,-0.13579,1,1,0.450
25.4160,349,BR,19,0.14287,-0.11522,0.29980,134,134,134,0.27869,0.21528,-0.11454,1,1,0.450
25.4260,349,FL,11,0.45589,0.15838,0.30145,134,134,134,0.28034,0.58978,0.18315,1,1,0.450
25.4280,349,BL,4,-0.00111,0.14794,0.30541,133,133,133,0.28429,0.07462,0.14458,1,1,0.450
25.4280,349,FR,26,0.59444,-0.12207,0.30000,134,134,134,0.27890,0.71737,-0.13660,1,1,0.450
25.4280,349,BR,19,0.14322,-0.11545,0.29984,134,134,134,0.27874,0.21963,-0.11501,1,1,0.450
25.4380,349,FL,11,0.45513,0.15790,0.30179,134,134,134,0.28068,0.58867,0.18242,1,1,0.450
25.4380,349,BL,4,-0.00157,0.14755,0.30619,132,132,132,0.28506,0.07397,0.14339,1,1,0.450
25.4380,349,FR,26,0.59378,-0.12260,0.30004,134,134,134,0.27894,0.71671,-0.13696,1,1,0.450
25.4380,349,BR,19,0.14253,-0.11635,0.29987,134,134,134,0.27876,0.21919,-0.11595,1,1,0.450
25.4480,350,FL,10,0.45511,0.15730,0.30191,134,134,134,0.28080,0.58853,0.18158,1,1,0.450
25.4480,350,BL,3,-0.00138,0.14689,0.30658,132,132,132,0.28546,0.07366,0.14205,1,1,0.450
25.4480,350,FR,25,0.59400,-0.12330,0.30004,134,134,134,0.27894,0.71177,-0.13837,1,1,0.450
25.4480,350,BR,18,0.14273,-0.11739,0.29989,134,134,134,0.27879,0.21416,-0.11789,1,1,0.450
25.4600,350,FL,10,0.45458,0.15744,0.30209,134,134,134,0.28098,0.58795,0.18162,1,1,0.450
25.4600,350,BL,3,-0.00163,0.14648,0.30688,132,132,132,0.28576,0.07281,0.14137,1,1,0.450
25.4600,350,FR,25,0.59363,-0.12344,0.29998,134,134,134,0.27888,0.71753,-0.13908,1,1,0.450
25.4600,350,BR,18,0.14212,-0.11725,0.29992,134,134,134,0.27882,0.21755,-0.11824,1,1,0.450
25.4720,351,FL,9,0.45377,0.15713,0.30232,134,134,134,0.28121,0.58674,0.18066,1,1,0.450
25.4720,351,BL,2,-0.00174,0.14641,0.30710,132,132,132,0.28598,0.07159,0.14068,1,1,0.450
25.4720,351,FR,24,0.59297,-0.12426,0.30002,134,134,134,0.27892,0.71162,-0.14062,1,1,0.450
25.4720,351,BR,17,0.14143,-0.11836,0.29991,134,134,134,0.27881,0.21709,-0.11962,1,1,0.450
25.4820,351,FL,9,0.45289,0.15767,0.30246,134,134,134,0.28135,0.58524,0.18100,1,1,0.450
25.4840,351,BL,2,-0.00210,0.14652,0.30720,132,132,132,0.28608,0.07071,0.14067,1,1,0.450
25.4840,351,FR,24,0.59180,-0.12432,0.29995,134,134,134,0.27885,0.71641,-0.14130,1,1,0.450
25.4840,351,BR,17,0.14005,-0.11779,0.29994,134,134,134,0.27884,0.21439,-0.12086,1,1,0.450
25.4940,351,FL,9,0.45273,0.15741,0.30255,134,134,134,0.28144,0.58457,0.18003,1,1,0.450
25.4940,351,BL,2,-0.00158,0.14653,0.30708,132,132,132,0.28596,0.06998,0.14054,1,1,0.450
25.4940,351,FR,24,0.59132,-0.12524,0.29999,134,134,134,0.27889,0.71587,-0.14229,1,1,0.450
25.4960,351,BR,17,0.13966,-0.11871,0.29992,134,134,134,0.27882,0.21380,-0.12215,1,1,0.450
25.5100,352,FL,8,0.45201,0.15747,0.30264,134,134,134,0.28153,0.58279,0.17940,1,1,0.450
25.5100,352,BL,1,-0.00170,0.14681,0.30710,132,132,132,0.28597,0.06920,0.14068,1,1,0.450
25.5100,352,FR,23,0.58973,-0.12599,0.30000,134,134,134,0.27890,0.70889,-0.14405,1,1,0.450
25.5100,352,BR,16,0.13824,-0.11916,0.29997,134,134,134,0.27887,0.21191,-0.12320,1,1,0.450
25.5400,353,FL,7,0.45174,0.15812,0.30267,134,134,134,0.28156,0.58094,0.17935,1,1,0.450
25.5400,353,BL,30,0.27112,0.14816,0.29986,134,134,134,0.27876,0.34797,0.15078,1,1,0.450
25.5400,353,FR,22,0.58803,-0.12673,0.29997,134,134,134,0.27887,0.70323,-0.15025,1,1,0.450
25.5400,353,BR,15,0.13662,-0.11851,0.30001,134,134,134,0.27891,0.20912,-0.12422,1,1,0.450
25.5500,353,FL,7,0.45098,0.15812,0.30282,134,134,134,0.28171,0.57742,0.17794,1,1,0.450
25.5500,353,BL,30,0.26774,0.14572,0.29988,134,134,134,0.27877,0.34376,0.14285,1,1,0.450
25.5500,353,FR,22,0.58441,-0.12837,0.29987,134,134,134,0.27877,0.70319,-0.15493,1,1,0.450
25.5500,353,BR,15,0.13335,-0.11818,0.30011,134,134,134,0.27901,0.20398,-0.12600,1,1,0.450
25.5600,353,FL,7,0.45063,0.15797,0.30291,134,134,134,0.28180,0.57631,0.17743,1,1,0.450
25.5600,353,BL,30,0.26661,0.14521,0.29989,134,134,134,0.27879,0.34319,0.14239,1,1,0.450
25.5600,353,FR,22,0.58318,-0.12884,0.29986,134,134,134,0.27876,0.70199,-0.15517,1,1,0.450
25.5600,353,BR,15,0.13246,-0.11860,0.30013,134,134,134,0.27903,0.20234,-0.12679,1,1,0.450
25.5720,354,FL,6,0.45076,0.15800,0.30257,134,134,134,0.28146,0.57558,0.17714,1,1,0.450
25.5720,354,BL,29,0.26584,0.14466,0.29989,134,134,134,0.27879,0.33830,0.14195,1,1,0.450
25.5720,354,FR,21,0.58244,-0.12935,0.29984,134,134,134,0.27874,0.69698,-0.15570,1,1,0.450
25.5720,354,BR,14,0.13199,-0.11897,0.30015,134,134,134,0.27905,0.20124,-0.12754,1,1,0.450
25.5840,354,FL,6,0.44909,0.15834,0.30273,134,134,134,0.28162,0.57305,0.17754,1,1,0.450
25.5840,354,BL,29,0.26354,0.14379,0.29989,134,134,134,0.27879,0.33740,0.13783,1,1,0.450
25.5840,354,FR,21,0.58046,-0.12909,0.29980,134,134,134,0.27870,0.69938,-0.15763,1,1,0.450
25.5840,354,BR,14,0.12992,-0.11804,0.30025,134,134,134,0.27914,0.19851,-0.12742,1,1,0.450
25.5920,355,FL,5,0.44830,0.15801,0.30323,134,134,134,0.28212,0.57148,0.17696,1,1,0.450
25.5940,355,BL,28,0.26235,0.14344,0.29990,134,134,134,0.27880,0.33271,0.13781,1,1,0.450
25.5940,355,FR,20,0.57923,-0.12931,0.29985,134,134,134,0.27875,0.69429,-0.15720,1,1,0.450
25.5940,355,BR,13,0.12880,-0.11861,0.30036,134,134,134,0.27926,0.19712,-0.12790,1,1,0.450
25.6020,355,FL,5,0.44897,0.15859,0.30332,134,134,134,0.28221,0.57142,0.17768,1,1,0.450
25.6020,355,BL,28,0.26222,0.14256,0.29989,134,134,134,0.27879,0.33534,0.13505,1,1,0.450
25.6020,355,FR,20,0.57945,-0.12898,0.29980,134,134,134,0.27870,0.69919,-0.15867,1,1,0.450
25.6020,355,BR,13,0.12904,-0.11749,0.30051,134,134,134,0.27940,0.19651,-0.12782,1,1,0.450
25.6120,355,FL,5,0.44829,0.15807,0.30381,134,134,134,0.28270,0.57022,0.17710,1,1,0.450
25.6140,355,BL,28,0.26143,0.14244,0.29990,134,134,134,0.27880,0.33503,0.13492,1,1,0.450
25.6140,355,FR,20,0.57859,-0.12909,0.29987,134,134,134,0.27877,0.69843,-0.15844,1,1,0.450
25.6140,355,BR,13,0.12818,-0.11804,0.30057,134,134,134,0.27947,0.19576,-0.12797,1,1,0.450
25.6240,356,FL,4,0.44745,0.15741,0.30485,133,133,133,0.28373,0.56877,0.17622,1,1,0.450
25.6240,356,BL,27,0.26066,0.14227,0.29991,134,134,134,0.27881,0.33031,0.13531,1,1,0.450
25.6240,356,FR,19,0.57782,-0.12933,0.29994,134,134,134,0.27884,0.69383,-0.15797,1,1,0.450
25.6240,356,BR,12,0.12727,-0.11862,0.30088,134,134,134,0.27978,0.19495,-0.12811,1,1,0.450
25.6340,356,FL,4,0.44560,0.15696,0.30570,133,133,133,0.28458,0.56595,0.17563,1,1,0.450
25.6340,356,BL,27,0.25877,0.14153,0.29991,134,134,134,0.27881,0.33185,0.13352,1,1,0.450
25.6340,356,FR,19,0.57616,-0.12905,0.29995,134,134,134,0.27885,0.69725,-0.15877,1,1,0.450
25.6340,356,BR,12,0.12520,-0.11815,0.30128,134,134,134,0.28017,0.19280,-0.12771,1,1,0.450
25.6440,356,FL,4,0.44576,0.15637,0.30658,132,132,132,0.28546,0.56571,0.17499,1,1,0.450
25.6440,356,BL,27,0.25868,0.14149,0.29991,134,134,134,0.27881,0.33229,0.13366,1,1,0.450
25.6440,356,FR,19,0.57597,-0.12918,0.30005,134,134,134,0.27895,0.69714,-0.15848,1,1,0.450
25.6440,356,BR,12,0.12513,-0.11872,0.30147,134,134,134,0.28036,0.19255,-0.12788,1,1,0.450
25.6560,357,FL,3,0.44609,0.15575,0.30740,132,132,132,0.28627,0.56568,0.17422,1,1,0.450
25.6560,357,BL,26,0.25884,0.14146,0.29992,134,134,134,0.27882,0.32851,0.13430,1,1,0.450
25.6560,357,FR,18,0.57614,-0.12931,0.30011,134,134,134,0.27901,0.69340,-0.15784,1,1,0.450
25.6560,357,BR,11,0.12525,-0.11911,0.30170,134,134,134,0.28059,0.19267,-0.12785,1,1,0.450
25.6660,357,FL,3,0.44423,0.15497,0.30807,132,132,132,0.28695,0.56292,0.17306,1,1,0.450
25.6660,357,BL,26,0.25727,0.14080,0.29992,134,134,134,0.27882,0.33061,0.13308,1,1,0.450
25.6660,357,FR,18,0.57474,-0.12912,0.30012,134,134,134,0.27902,0.69712,-0.15838,1,1,0.450
25.6660,357,BR,11,0.12325,-0.11887,0.30213,134,134,134,0.28102,0.19100,-0.12733,1,1,0.450
25.6760,357,FL,3,0.44523,0.15461,0.30891,131,131,131,0.28778,0.56407,0.17281,1,1,0.450
25.6760,357,BL,26,0.25830,0.14101,0.29992,134,134,134,0.27882,0.33220,0.13354,1,1,0.450
25.6760,357,FR,18,0.57562,-0.12908,0.30023,134,134,134,0.27913,0.69807,-0.15795,1,1,0.450
25.6760,357,BR,11,0.12425,-0.11918,0.30230,134,134,134,0.28119,0.19188,-0.12726,1,1,0.450
25.6880,358,FL,2,0.44451,0.15408,0.30910,131,131,131,0.28797,0.56331,0.17226,1,1,0.450
25.6900,358,BL,25,0.25776,0.14116,0.29992,134,134,134,0.27882,0.32764,0.13440,1,1,0.450
25.6900,358,FR,17,0.57508,-0.12905,0.30026,134,134,134,0.27915,0.69761,-0.15769,1,1,0.450
25.6900,358,BR,10,0.12352,-0.11936,0.30238,134,134,134,0.28127,0.19145,-0.12697,1,1,0.450
25.7020,358,FL,2,0.44523,0.15383,0.30902,131,131,131,0.28789,0.56465,0.17255,1,1,0.450
25.7020,358,BL,25,0.25866,0.14096,0.29992,134,134,134,0.27882,0.33234,0.13386,1,1,0.450
25.7040,358,FR,17,0.57615,-0.12838,0.30023,134,134,134,0.27912,0.69954,-0.15730,1,1,0.450
25.7040,358,BR,10,0.12432,-0.11830,0.30259,134,134,134,0.28148,0.19215,-0.12597,1,1,0.450
25.7180,359,FL,1,0.44437,0.15308,0.30921,131,131,131,0.28808,0.56464,0.17219,1,1,0.450
25.7180,359,BL,24,0.25879,0.14167,0.29990,134,134,134,0.27880,0.32886,0.13533,1,1,0.450
25.7180,359,FR,16,0.57604,-0.12811,0.30032,134,134,134,0.27922,0.70358,-0.15704,1,1,0.450
25.7180,359,BR,9,0.12393,-0.11846,0.30265,134,134,134,0.28154,0.19252,-0.12512,1,1,0.450
25.7320,359,FL,1,0.44523,0.15282,0.30911,131,131,131,0.28797,0.56716,0.17290,1,1,0.450
25.7320,359,BL,24,0.26098,0.14228,0.29989,134,134,134,0.27879,0.33488,0.13579,1,1,0.450
25.7320,359,FR,16,0.57814,-0.12700,0.30035,134,134,134,0.27925,0.70661,-0.15603,1,1,0.450
25.7320,359,BR,9,0.12552,-0.11687,0.30286,134,134,134,0.28175,0.19456,-0.12308,1,1,0.450
25.7400,359,FL,1,0.44522,0.15243,0.30935,131,131,131,0.28822,0.56896,0.17358,1,1,0.450
25.7400,359,BL,24,0.26262,0.14362,0.29986,134,134,134,0.27876,0.33689,0.13717,1,1,0.450
25.7400,359,FR,16,0.57947,-0.12625,0.30050,134,134,134,0.27940,0.70781,-0.15493,1,1,0.450
25.7400,359,BR,9,0.12665,-0.11621,0.30292,134,134,134,0.28181,0.19650,-0.12138,1,1,0.450
25.7520,360,FL,30,0.71348,0.15229,0.30002,134,134,134,0.27892,0.81709,0.16282,1,1,0.450
25.7520,360,BL,23,0.26331,0.14455,0.29982,134,134,134,0.27872,0.33346,0.13882,1,1,0.450
25.7520,360,FR,15,0.57981,-0.12586,0.30056,134,134,134,0.27945,0.70848,-0.15406,1,1,0.450
25.7520,360,BR,8,0.12652,-0.11609,0.30245,134,134,134,0.28134,0.19729,-0.12012,1,1,0.450
25.7740,361,FL,29,0.71647,0.15308,0.30002,134,134,134,0.27891,0.82648,0.16486,1,1,0.450
25.7740,361,BL,22,0.26625,0.14562,0.29987,134,134,134,0.27877,0.33803,0.14067,1,1,0.450
25.7740,361,FR,14,0.58246,-0.12464,0.30052,134,134,134,0.27942,0.71157,-0.15316,1,1,0.450
25.7740,361,BR,7,0.12873,-0.11402,0.30297,134,134,134,0.28186,0.20008,-0.11772,1,1,0.450
25.7840,361,FL,29,0.71877,0.15434,0.30003,134,134,134,0.27893,0.83704,0.16615,1,1,0.450
25.7840,361,BL,22,0.26827,0.14714,0.29985,134,134,134,0.27875,0.34561,0.14245,1,1,0.450
25.7840,361,FR,14,0.58323,-0.12406,0.30065,134,134,134,0.27955,0.71444,-0.15124,1,1,0.450
25.7840,361,BR,7,0.12760,-0.11411,0.30315,134,134,134,0.28204,0.20165,-0.11558,1,1,0.450
25.7940,361,FL,29,0.72074,0.15514,0.30005,134,134,134,0.27895,0.83893,0.16666,1,1,0.450
25.7940,361,BL,22,0.27003,0.14823,0.29978,134,134,134,0.27868,0.34809,0.14413,1,1,0.450
25.7940,361,FR,14,0.58389,-0.12410,0.30066,134,134,134,0.27956,0.71637,-0.15021,1,1,0.450
25.7960,361,BR,7,0.12752,-0.11439,0.30285,134,134,134,0.28174,0.20252,-0.11493,1,1,0.450
25.8060,362,FL,28,0.72161,0.15565,0.30006,134,134,134,0.27896,0.83499,0.16775,1,1,0.450
25.8060,362,BL,21,0.27081,0.14897,0.29977,134,134,134,0.27867,0.34434,0.14589,1,1,0.450
25.8060,362,FR,13,0.58404,-0.12409,0.30070,134,134,134,0.27959,0.71727,-0.14953,1,1,0.450
25.8060,362,BR,6,0.12711,-0.11451,0.30285,134,134,134,0.28174,0.20275,-0.11427,1,1,0.450
25.8180,362,FL,28,0.72247,0.15578,0.30004,134,134,134,0.27893,0.84304,0.16825,1,1,0.450
25.8180,362,BL,21,0.27148,0.14889,0.29974,134,134,134,0.27864,0.34958,0.14603,1,1,0.450
25.8180,362,FR,13,0.58435,-0.12417,0.30055,134,134,134,0.27945,0.71841,-0.14944,1,1,0.450
25.8180,362,BR,6,0.12702,-0.11430,0.30248,134,134,134,0.28137,0.20296,-0.11371,1,1,0.450
25.8300,362,FL,28,0.72171,0.15622,0.30006,134,134,134,0.27896,0.84220,0.16854,1,1,0.450
25.8300,362,BL,21,0.27067,0.14961,0.29974,134,134,134,0.27864,0.34906,0.14694,1,1,0.450
25.8300,362,FR,13,0.58338,-0.12394,0.30079,134,134,134,0.27969,0.71730,-0.14884,1,1,0.450
25.8300,362,BR,6,0.12621,-0.11429,0.30308,134,134,134,0.28197,0.20218,-0.11294,1,1,0.450
25.8400,363,FL,27,0.72346,0.15707,0.30007,134,134,134,0.27896,0.83901,0.17000,1,1,0.450
25.8400,363,BL,20,0.27239,0.15076,0.29976,134,134,134,0.27866,0.34583,0.14895,1,1,0.450
25.8400,363,FR,12,0.58469,-0.12330,0.30085,134,134,134,0.27974,0.71892,-0.14789,1,1,0.450
25.8400,363,BR,5,0.12732,-0.11367,0.30339,134,134,134,0.28227,0.20350,-0.11173,1,1,0.450
25.8520,363,FL,27,0.72308,0.15703,0.30003,134,134,134,0.27893,0.84524,0.17046,1,1,0.450
25.8520,363,BL,20,0.27182,0.15029,0.29978,134,134,134,0.27868,0.34952,0.14877,1,1,0.450
25.8520,363,FR,12,0.58423,-0.12346,0.30100,134,134,134,0.27990,0.71875,-0.14807,1,1,0.450
25.8520,363,BR,5,0.12681,-0.11351,0.30386,134,134,134,0.28274,0.20297,-0.11133,1,1,0.450
25.8600,363,FL,27,0.72318,0.15773,0.30006,134,134,134,0.27896,0.84527,0.17099,1,1,0.450
25.8620,363,BL,20,0.27190,0.15137,0.29980,134,134,134,0.27870,0.34979,0.14989,1,1,0.450
25.8620,363,FR,12,0.58414,-0.12281,0.30129,134,134,134,0.28018,0.71843,-0.14722,1,1,0.450
25.8620,363,BR,5,0.12693,-0.11293,0.30466,134,134,134,0.28355,0.20297,-0.11006,1,1,0.450
25.8720,364,FL,26,0.72375,0.15826,0.30006,134,134,134,0.27896,0.84077,0.17218,1,1,0.450
25.8720,364,BL,19,0.27246,0.15221,0.29985,134,134,134,0.27875,0.34523,0.15149,1,1,0.450
25.8720,364,FR,11,0.58460,-0.12212,0.30145,134,134,134,0.28034,0.71875,-0.14663,1,1,0.450
25.8720,364,BR,4,0.12738,-0.11205,0.30534,133,133,133,0.28422,0.20351,-0.10864,1,1,0.450
25.8800,364,FL,26,0.72306,0.15830,0.30001,134,134,134,0.27891,0.84638,0.17273,1,1,0.450
25.8800,364,BL,19,0.27160,0.15193,0.29987,134,134,134,0.27877,0.34839,0.15151,1,1,0.450
25.8800,364,FR,11,0.58390,-0.12225,0.30163,134,134,134,0.28052,0.71805,-0.14671,1,1,0.450
25.8820,364,BR,4,0.12682,-0.11177,0.30581,132,132,132,0.28469,0.20265,-0.10805,1,1,0.450
25.8920,365,FL,25,0.72340,0.15892,0.30005,134,134,134,0.27894,0.84150,0.17401,1,1,0.450
25.8920,365,BL,18,0.27189,0.15295,0.29987,134,134,134,0.27877,0.34377,0.15341,1,1,0.450
25.8920,365,FR,10,0.58387,-0.12170,0.30185,134,134,134,0.28074,0.71797,-0.14595,1,1,0.450
25.8920,365,BR,3,0.12707,-0.11123,0.30627,132,132,132,0.28515,0.20246,-0.10696,1,1,0.450
25.9020,365,FL,25,0.72251,0.15894,0.29998,134,134,134,0.27888,0.84671,0.17462,1,1,0.450
25.9020,365,BL,18,0.27082,0.15260,0.29991,134,134,134,0.27880,0.34658,0.15354,1,1,0.450
25.9020,365,FR,10,0.58309,-0.12191,0.30203,134,134,134,0.28092,0.71697,-0.14613,1,1,0.450
25.9020,365,BR,3,0.12650,-0.11100,0.30666,132,132,132,0.28554,0.20162,-0.10638,1,1,0.450
25.9120,365,FL,25,0.72200,0.15961,0.30002,134,134,134,0.27892,0.84616,0.17514,1,1,0.450
25.9120,365,BL,18,0.27029,0.15358,0.29990,134,134,134,0.27880,0.34624,0.15469,1,1,0.450
25.9120,365,FR,10,0.58242,-0.12157,0.30227,134,134,134,0.28116,0.71596,-0.14531,1,1,0.450
25.9120,365,BR,3,0.12638,-0.11079,0.30704,132,132,132,0.28591,0.20061,-0.10559,1,1,0.450
25.9220,366,FL,24,0.72183,0.16036,0.30003,134,134,134,0.27893,0.84075,0.17672,1,1,0.450
25.9220,366,BL,17,0.27011,0.15444,0.29993,134,134,134,0.27883,0.34598,0.15586,1,1,0.450
25.9220,366,FR,9,0.58223,-0.12125,0.30239,134,134,134,0.28128,0.71546,-0.14452,1,1,0.450
25.9220,366,BR,2,0.12668,-0.11056,0.30717,132,132,132,0.28605,0.19993,-0.10493,1,1,0.450
25.9320,366,FL,24,0.72080,0.16029,0.29996,134,134,134,0.27885,0.84569,0.17729,1,1,0.450
25.9320,366,BL,17,0.26886,0.15372,0.29994,134,134,134,0.27883,0.34349,0.15688,1,1,0.450
25.9320,366,FR,9,0.58146,-0.12186,0.30249,134,134,134,0.28138,0.71419,-0.14498,1,1,0.450
25.9320,366,BR,2,0.12634,-0.11073,0.30716,132,132,132,0.28603,0.19925,-0.10512,1,1,0.450
25.9420,366,FL,24,0.72025,0.16118,0.30001,134,134,134,0.27890,0.84504,0.17825,1,1,0.450
25.9440,366,BL,17,0.26844,0.15463,0.29993,134,134,134,0.27883,0.34281,0.15811,1,1,0.450
25.9440,366,FR,9,0.58128,-0.12158,0.30266,134,134,134,0.28155,0.71345,-0.14402,1,1,0.450
25.9440,366,BR,2,0.12686,-0.11070,0.30714,132,132,132,0.28601,0.19851,-0.10495,1,1,0.450
25.9520,367,FL,23,0.71887,0.16177,0.30001,134,134,134,0.27891,0.83829,0.17984,1,1,0.450
25.9520,367,BL,16,0.26719,0.15496,0.29999,134,134,134,0.27888,0.34118,0.15896,1,1,0.450
25.9520,367,FR,8,0.58063,-0.12166,0.30276,134,134,134,0.28165,0.71192,-0.14354,1,1,0.450
25.9540,367,BR,1,0.12670,-0.11094,0.30720,132,132,132,0.28608,0.19782,-0.10505,1,1,0.450
25.9720,367,FL,23,0.71820,0.16217,0.29998,134,134,134,0.27887,0.83809,0.18550,1,1,0.450
25.9740,367,BL,16,0.26646,0.15421,0.29999,134,134,134,0.27889,0.33962,0.15960,1,1,0.450
25.9740,367,FR,8,0.58068,-0.12222,0.30275,134,134,134,0.28164,0.71113,-0.14372,1,1,0.450
25.9740,367,BR,1,0.12719,-0.11100,0.30692,132,132,132,0.28580,0.19775,-0.10571,1,1,0.450
25.9820,368,FL,22,0.71588,0.16343,0.29990,134,134,134,0.27880,0.83161,0.18656,1,1,0.450
25.9820,368,BL,15,0.26452,0.15477,0.29998,134,134,134,0.27888,0.33666,0.16119,1,1,0.450
25.9840,368,FR,7,0.58047,-0.12209,0.30270,134,134,134,0.28159,0.70879,-0.14242,1,1,0.450
25.9840,368,BR,30,0.39924,-0.11130,0.29988,134,134,134,0.27878,0.47704,-0.11430,1,1,0.450
25.9960,368,FL,22,0.71428,0.16361,0.29985,134,134,134,0.27874,0.83316,0.19019,1,1,0.450
25.9960,368,BL,15,0.26319,0.15361,0.30006,134,134,134,0.27895,0.33390,0.16149,1,1,0.450
25.9960,368,FR,7,0.58033,-0.12280,0.30235,134,134,134,0.28124,0.70751,-0.14290,1,1,0.450
25.9960,368,BR,30,0.39760,-0.11035,0.29988,134,134,134,0.27877,0.47385,-0.10752,1,1,0.450
26.0060,368,FL,22,0.71207,0.16429,0.29987,134,134,134,0.27877,0.83116,0.19046,1,1,0.450
26.0060,368,BL,15,0.26100,0.15445,0.30012,134,134,134,0.27902,0.33158,0.16215,1,1,0.450
26.0060,368,FR,7,0.57850,-0.12201,0.30316,134,134,134,0.28205,0.70485,-0.14166,1,1,0.450
26.0060,368,BR,30,0.39554,-0.10965,0.29990,134,134,134,0.27879,0.47228,-0.10686,1,1,0.450
26.0180,369,FL,21,0.71154,0.16503,0.29988,134,134,134,0.27878,0.82636,0.19123,1,1,0.450
26.0180,369,BL,14,0.26081,0.15492,0.30022,134,134,134,0.27911,0.33056,0.16314,1,1,0.450
26.0180,369,FR,6,0.57905,-0.12195,0.30319,134,134,134,0.28208,0.70443,-0.14118,1,1,0.450
26.0180,369,BR,29,0.39503,-0.10894,0.29989,134,134,134,0.27879,0.46766,-0.10627,1,1,0.450
26.0260,369,FL,21,0.71013,0.16479,0.29982,134,134,134,0.27872,0.82930,0.19326,1,1,0.450
26.0260,369,BL,14,0.25935,0.15389,0.30026,134,134,134,0.27915,0.32837,0.16310,1,1,0.450
26.0260,369,FR,6,0.57806,-0.12247,0.30304,134,134,134,0.28193,0.70261,-0.14171,1,1,0.450
26.0260,369,BR,29,0.39331,-0.10805,0.29989,134,134,134,0.27878,0.46735,-0.10212,1,1,0.450
26.0360,369,FL,21,0.70901,0.16499,0.29985,134,134,134,0.27874,0.82825,0.19318,1,1,0.450
26.0380,369,BL,14,0.25839,0.15436,0.30027,134,134,134,0.27916,0.32711,0.16354,1,1,0.450
26.0380,369,FR,6,0.57741,-0.12227,0.30320,134,134,134,0.28208,0.70131,-0.14131,1,1,0.450
26.0380,369,BR,29,0.39221,-0.10773,0.29990,134,134,134,0.27880,0.46672,-0.10179,1,1,0.450
26.0480,370,FL,20,0.70841,0.16527,0.29987,134,134,134,0.27877,0.82363,0.19317,1,1,0.450
26.0480,370,BL,13,0.25789,0.15464,0.30042,134,134,134,0.27932,0.32631,0.16402,1,1,0.450
26.0480,370,FR,5,0.57723,-0.12221,0.30352,134,134,134,0.28240,0.70045,-0.14108,1,1,0.450
26.0480,370,BR,28,0.39156,-0.10738,0.29990,134,134,134,0.27880,0.46208,-0.10181,1,1,0.450
26.0600,370,FL,20,0.70744,0.16492,0.29984,134,134,134,0.27874,0.82743,0.19448,1,1,0.450
26.0600,370,BL,13,0.25681,0.15371,0.30060,134,134,134,0.27950,0.32463,0.16380,1,1,0.450
26.0600,370,FR,5,0.57657,-0.12240,0.30387,134,134,134,0.28276,0.69891,-0.14144,1,1,0.450
26.0600,370,BR,28,0.39025,-0.10654,0.29990,134,134,134,0.27879,0.46354,-0.09906,1,1,0.450
26.0700,370,FL,20,0.70544,0.16512,0.29994,134,134,134,0.27884,0.82564,0.19417,1,1,0.450
26.0700,370,BL,13,0.25467,0.15453,0.30082,134,134,134,0.27971,0.32274,0.16391,1,1,0.450
26.0700,370,FR,5,0.57455,-0.12155,0.30478,134,134,134,0.28366,0.69614,-0.14032,1,1,0.450
26.0700,370,BR,28,0.38839,-0.10644,0.29990,134,134,134,0.27880,0.46217,-0.09900,1,1,0.450
26.0800,371,FL,19,0.70513,0.16535,0.30000,134,134,134,0.27890,0.82147,0.19372,1,1,0.450
26.0800,371,BL,12,0.25439,0.15502,0.30113,134,134,134,0.28003,0.32223,0.16414,1,1,0.450
26.0800,371,FR,4,0.57453,-0.12104,0.30573,132,132,132,0.28461,0.69544,-0.13957,1,1,0.450
26.0800,371,BR,27,0.38808,-0.10626,0.29991,134,134,134,0.27881,0.45795,-0.09943,1,1,0.450
26.0900,371,FL,19,0.70515,0.16497,0.30000,134,134,134,0.27890,0.82639,0.19456,1,1,0.450
26.0900,371,BL,12,0.25417,0.15428,0.30145,134,134,134,0.28035,0.32168,0.16372,1,1,0.450
26.0900,371,FR,4,0.57456,-0.12081,0.30647,132,132,132,0.28535,0.69485,-0.13952,1,1,0.450
26.0900,371,BR,27,0.38778,-0.10554,0.29991,134,134,134,0.27881,0.46105,-0.09766,1,1,0.450
26.1000,371,FL,19,0.70400,0.16517,0.30012,134,134,134,0.27901,0.82545,0.19420,1,1,0.450
26.1000,371,BL,12,0.25287,0.15509,0.30165,134,134,134,0.28054,0.32071,0.16374,1,1,0.450
26.1000,371,FR,4,0.57340,-0.11993,0.30735,132,132,132,0.28623,0.69306,-0.13828,1,1,0.450
26.1020,371,BR,27,0.38680,-0.10555,0.29991,134,134,134,0.27881,0.46056,-0.09779,1,1,0.450
26.1100,372,FL,18,0.70413,0.16534,0.30018,134,134,134,0.27907,0.82173,0.19352,1,1,0.450
26.1100,372,BL,11,0.25294,0.15558,0.30196,134,134,134,0.28085,0.32074,0.16377,1,1,0.450
26.1100,372,FR,3,0.57363,-0.11935,0.30837,131,131,131,0.28724,0.69280,-0.13732,1,1,0.450
26.1100,372,BR,26,0.38695,-0.10552,0.29993,134,134,134,0.27882,0.45678,-0.09850,1,1,0.450
26.1200,372,FL,18,0.70341,0.16502,0.30017,134,134,134,0.27907,0.82602,0.19409,1,1,0.450
26.1200,372,BL,11,0.25178,0.15503,0.30228,134,134,134,0.28117,0.31968,0.16324,1,1,0.450
26.1200,372,FR,3,0.57258,-0.11886,0.30886,131,131,131,0.28773,0.69128,-0.13687,1,1,0.450
26.1200,372,BR,26,0.38599,-0.10489,0.29993,134,134,134,0.27883,0.45952,-0.09733,1,1,0.450
26.1300,372,FL,18,0.70384,0.16492,0.30025,134,134,134,0.27915,0.82641,0.19367,1,1,0.450
26.1300,372,BL,11,0.25239,0.15518,0.30233,134,134,134,0.28122,0.32011,0.16308,1,1,0.450
26.1300,372,FR,3,0.57329,-0.11851,0.30921,131,131,131,0.28808,0.69230,-0.13677,1,1,0.450
26.1300,372,BR,26,0.38654,-0.10515,0.29992,134,134,134,0.27882,0.46057,-0.09775,1,1,0.450
26.1400,373,FL,17,0.70331,0.16491,0.30028,134,134,134,0.27918,0.82600,0.19340,1,1,0.450
26.1400,373,BL,10,0.25165,0.15540,0.30244,134,134,134,0.28133,0.31971,0.16277,1,1,0.450
26.1400,373,FR,2,0.57254,-0.11801,0.30938,131,131,131,0.28825,0.69144,-0.13610,1,1,0.450
26.1400,373,BR,25,0.38606,-0.10533,0.29992,134,134,134,0.27882,0.45605,-0.09862,1,1,0.450
26.1500,373,FL,17,0.70435,0.16427,0.30027,134,134,134,0.27916,0.82791,0.19308,1,1,0.450
26.1500,373,BL,10,0.25239,0.15434,0.30271,134,134,134,0.28160,0.32040,0.16181,1,1,0.450
26.1500,373,FR,2,0.57315,-0.11777,0.30944,131,131,131,0.28830,0.69269,-0.13643,1,1,0.450
26.1500,373,BR,25,0.38694,-0.10509,0.29992,134,134,134,0.27882,0.46073,-0.09804,1,1,0.450
26.1600,373,FL,17,0.70399,0.16416,0.30035,134,134,134,0.27925,0.82765,0.19244,1,1,0.450
26.1600,373,BL,10,0.25178,0.15465,0.30274,134,134,134,0.28163,0.32045,0.16128,1,1,0.450
26.1600,373,FR,2,0.57224,-0.11717,0.30957,131,131,131,0.28843,0.69212,-0.13593,1,1,0.450
26.1600,373,BR,25,0.38679,-0.10558,0.29990,134,134,134,0.27880,0.46103,-0.09869,1,1,0.450
26.1700,374,FL,16,0.70547,0.16357,0.30036,134,134,134,0.27925,0.83308,0.19244,1,1,0.450
26.1700,374,BL,9,0.25333,0.15390,0.30278,134,134,134,0.28167,0.32197,0.16029,1,1,0.450
26.1700,374,FR,1,0.57330,-0.11717,0.30941,131,131,131,0.28828,0.69484,-0.13677,1,1,0.450
26.1700,374,BR,24,0.38836,-0.10637,0.29989,134,134,134,0.27879,0.45853,-0.10015,1,1,0.450
26.1800,374,FL,16,0.70553,0.16308,0.30040,134,134,134,0.27930,0.83435,0.19180,1,1,0.450
26.1800,374,BL,9,0.25250,0.15334,0.30286,134,134,134,0.28175,0.32217,0.15900,1,1,0.450
26.1800,374,FR,1,0.57218,-0.11652,0.30958,131,131,131,0.28844,0.69346,-0.13607,1,1,0.450
26.1800,374,BR,24,0.38848,-0.10629,0.29988,134,134,134,0.27878,0.46245,-0.09987,1,1,0.450
26.1900,374,FL,16,0.70736,0.16231,0.30052,134,134,134,0.27942,0.83598,0.19086,1,1,0.450
26.1920,374,BL,9,0.25444,0.15236,0.30299,134,134,134,0.28188,0.32435,0.15750,1,1,0.450
26.1920,374,FR,1,0.57310,-0.11645,0.30970,131,131,131,0.28856,0.69641,-0.13735,1,1,0.450
26.1920,374,BR,24,0.39065,-0.10759,0.29986,134,134,134,0.27876,0.46512,-0.10126,1,1,0.450
26.2000,375,FL,15,0.70778,0.16183,0.30060,134,134,134,0.27950,0.83656,0.19004,1,1,0.450
26.2000,375,BL,8,0.25447,0.15211,0.30266,134,134,134,0.28155,0.32523,0.15614,1,1,0.450
26.2020,375,FR,30,0.84155,-0.11634,0.30002,134,134,134,0.27892,0.94522,-0.12685,1,1,0.450
26.2020,375,BR,23,0.39134,-0.10855,0.29983,134,134,134,0.27872,0.46160,-0.10284,1,1,0.450
26.2220,376,FL,14,0.70987,0.16054,0.30065,134,134,134,0.27954,0.83808,0.18973,1,1,0.450
26.2220,376,BL,7,0.25693,0.14948,0.30352,134,134,134,0.28241,0.32729,0.15376,1,1,0.450
26.2220,376,FR,29,0.84331,-0.11675,0.30002,134,134,134,0.27891,0.95337,-0.12857,1,1,0.450
26.2220,376,BR,22,0.39311,-0.10918,0.29990,134,134,134,0.27880,0.46480,-0.10413,1,1,0.450
26.2320,376,FL,14,0.71134,0.15985,0.30076,134,134,134,0.27966,0.84221,0.18749,1,1,0.450
26.2320,376,BL,7,0.25591,0.14954,0.30365,134,134,134,0.28254,0.32973,0.15136,1,1,0.450
26.2320,376,FR,29,0.84674,-0.11816,0.30003,134,134,134,0.27893,0.96509,-0.12994,1,1,0.450
26.2320,376,BR,22,0.39625,-0.11112,0.29988,134,134,134,0.27877,0.47348,-0.10622,1,1,0.450
26.2460,376,FL,14,0.71204,0.15989,0.30078,134,134,134,0.27968,0.84419,0.18642,1,1,0.450
26.2460,376,BL,7,0.25589,0.14977,0.30340,134,134,134,0.28228,0.33068,0.15060,1,1,0.450
26.2460,376,FR,29,0.84881,-0.11899,0.30005,134,134,134,0.27895,0.96705,-0.13047,1,1,0.450
26.2460,376,BR,22,0.39809,-0.11227,0.29981,134,134,134,0.27870,0.47611,-0.10802,1,1,0.450
26.2560,377,FL,13,0.71242,0.15973,0.30079,134,134,134,0.27968,0.84544,0.18545,1,1,0.450
26.2560,377,BL,6,0.25558,0.14976,0.30325,134,134,134,0.28214,0.33122,0.14955,1,1,0.450
26.2560,377,FR,28,0.85010,-0.11972,0.30006,134,134,134,0.27896,0.96353,-0.13171,1,1,0.450
26.2560,377,BR,21,0.39929,-0.11341,0.29979,134,134,134,0.27869,0.47279,-0.11016,1,1,0.450
26.2660,377,FL,13,0.71273,0.15977,0.30065,134,134,134,0.27954,0.84649,0.18544,1,1,0.450
26.2660,377,BL,6,0.25556,0.14948,0.30286,134,134,134,0.28175,0.33144,0.14898,1,1,0.450
26.2660,377,FR,28,0.85086,-0.11981,0.30004,134,134,134,0.27893,0.97148,-0.13218,1,1,0.450
26.2660,377,BR,21,0.39986,-0.11324,0.29976,134,134,134,0.27866,0.47795,-0.11022,1,1,0.450
26.2760,377,FL,13,0.71292,0.15940,0.30084,134,134,134,0.27974,0.84677,0.18470,1,1,0.450
26.2760,377,BL,6,0.25579,0.14927,0.30331,134,134,134,0.28220,0.33179,0.14814,1,1,0.450
26.2760,377,FR,28,0.85145,-0.12040,0.30006,134,134,134,0.27896,0.97199,-0.13258,1,1,0.450
26.2760,377,BR,21,0.40038,-0.11417,0.29975,134,134,134,0.27865,0.47881,-0.11129,1,1,0.450
26.2860,378,FL,12,0.71260,0.15911,0.30098,134,134,134,0.27988,0.84640,0.18414,1,1,0.450
26.2860,378,BL,5,0.25544,0.14913,0.30380,134,134,134,0.28268,0.33160,0.14735,1,1,0.450
26.2860,378,FR,27,0.85119,-0.12087,0.30007,134,134,134,0.27896,0.96676,-0.13373,1,1,0.450
26.2880,378,BR,20,0.40012,-0.11476,0.29979,134,134,134,0.27869,0.47355,-0.11279,1,1,0.450
26.2960,378,FL,12,0.71324,0.15903,0.30100,134,134,134,0.27989,0.84766,0.18404,1,1,0.450
26.2960,378,BL,5,0.25583,0.14872,0.30400,134,134,134,0.28288,0.33207,0.14679,1,1,0.450
26.2980,378,FR,27,0.85217,-0.12111,0.30003,134,134,134,0.27893,0.97437,-0.13443,1,1,0.450
26.2980,378,BR,20,0.40090,-0.11463,0.29979,134,134,134,0.27869,0.47858,-0.11291,1,1,0.450
26.3080,378,FL,12,0.71267,0.15862,0.30130,134,134,134,0.28020,0.84685,0.18338,1,1,0.450
26.3080,378,BL,5,0.25549,0.14845,0.30474,134,134,134,0.28363,0.33165,0.14588,1,1,0.450
26.3080,378,FR,27,0.85171,-0.12163,0.30006,134,134,134,0.27896,0.97383,-0.13482,1,1,0.450
26.3080,378,BR,20,0.40041,-0.11541,0.29980,134,134,134,0.27870,0.47835,-0.11380,1,1,0.450
26.3160,379,FL,11,0.71220,0.15812,0.30152,134,134,134,0.28041,0.84608,0.18267,1,1,0.450
26.3160,379,BL,4,0.25512,0.14804,0.30549,133,133,133,0.28437,0.33128,0.14469,1,1,0.450
26.3160,379,FR,26,0.85116,-0.12222,0.30006,134,134,134,0.27896,0.96820,-0.13612,1,1,0.450
26.3160,379,BR,19,0.39990,-0.11621,0.29986,134,134,134,0.27876,0.47261,-0.11547,1,1,0.450
26.3280,379,FL,11,0.71305,0.15790,0.30162,134,134,134,0.28051,0.84732,0.18270,1,1,0.450
26.3280,379,BL,4,0.25584,0.14712,0.30590,132,132,132,0.28478,0.33193,0.14375,1,1,0.450
26.3280,379,FR,26,0.85234,-0.12239,0.30001,134,134,134,0.27891,0.97570,-0.13677,1,1,0.450
26.3280,379,BR,19,0.40086,-0.11614,0.29988,134,134,134,0.27877,0.47766,-0.11562,1,1,0.450
26.3360,379,FL,11,0.71217,0.15737,0.30198,134,134,134,0.28087,0.84603,0.18183,1,1,0.450
26.3360,379,BL,4,0.25535,0.14677,0.30667,132,132,132,0.28555,0.33106,0.14252,1,1,0.450
26.3360,379,FR,26,0.85157,-0.12303,0.30005,134,134,134,0.27894,0.97485,-0.13723,1,1,0.450
26.3360,379,BR,19,0.40006,-0.11719,0.29990,134,134,134,0.27879,0.47711,-0.11670,1,1,0.450
26.3480,380,FL,10,0.71228,0.15690,0.30208,134,134,134,0.28097,0.84606,0.18116,1,1,0.450
26.3480,380,BL,3,0.25561,0.14623,0.30698,132,132,132,0.28586,0.33095,0.14145,1,1,0.450
26.3480,380,FR,25,0.85186,-0.12363,0.30005,134,134,134,0.27894,0.96999,-0.13856,1,1,0.450
26.3480,380,BR,18,0.40034,-0.11803,0.29993,134,134,134,0.27882,0.47216,-0.11850,1,1,0.450
26.3560,380,FL,10,0.71142,0.15714,0.30232,134,134,134,0.28121,0.84498,0.18130,1,1,0.450
26.3580,380,BL,3,0.25504,0.14602,0.30743,132,132,132,0.28631,0.32991,0.14093,1,1,0.450
26.3580,380,FR,25,0.85092,-0.12367,0.29999,134,134,134,0.27889,0.97515,-0.13919,1,1,0.450
26.3580,380,BR,18,0.39922,-0.11771,0.29997,134,134,134,0.27887,0.47494,-0.11866,1,1,0.450
26.3680,380,FL,10,0.71083,0.15695,0.30248,134,134,134,0.28137,0.84412,0.18063,1,1,0.450
26.3680,380,BL,3,0.25495,0.14600,0.30759,132,132,132,0.28647,0.32901,0.14049,1,1,0.450
26.3680,380,FR,25,0.85047,-0.12423,0.30003,134,134,134,0.27893,0.97465,-0.13963,1,1,0.450
26.3680,380,BR,18,0.39875,-0.11850,0.29995,134,134,134,0.27884,0.47467,-0.11967,1,1,0.450
26.3780,381,FL,9,0.71024,0.15667,0.30260,134,134,134,0.28149,0.84298,0.17978,1,1,0.450
26.3780,381,BL,2,0.25492,0.14594,0.30775,132,132,132,0.28663,0.32809,0.13983,1,1,0.450
26.3780,381,FR,24,0.84966,-0.12502,0.30003,134,134,134,0.27893,0.96860,-0.14127,1,1,0.450
26.3780,381,BR,17,0.39799,-0.11935,0.29999,134,134,134,0.27889,0.47372,-0.12086,1,1,0.450
26.3880,381,FL,9,0.71012,0.15715,0.30270,134,134,134,0.28159,0.84251,0.18000,1,1,0.450
26.3880,381,BL,2,0.25538,0.14588,0.30757,132,132,132,0.28644,0.32767,0.14008,1,1,0.450
26.3880,381,FR,24,0.84945,-0.12523,0.29996,134,134,134,0.27886,0.97437,-0.14215,1,1,0.450
26.3880,381,BR,17,0.39752,-0.11887,0.29999,134,134,134,0.27888,0.47206,-0.12222,1,1,0.450
26.3960,381,FL,9,0.70943,0.15706,0.30287,134,134,134,0.28176,0.84095,0.17930,1,1,0.450
26.3980,381,BL,2,0.25524,0.14611,0.30767,132,132,132,0.28654,0.32686,0.14003,1,1,0.450
26.3980,381,FR,24,0.84803,-0.12589,0.30001,134,134,134,0.27891,0.97281,-0.14288,1,1,0.450
26.3980,381,BR,17,0.39630,-0.11949,0.30000,134,134,134,0.27890,0.47045,-0.12317,1,1,0.450
26.4080,382,FL,8,0.70918,0.15705,0.30288,134,134,134,0.28177,0.84007,0.17882,1,1,0.450
26.4080,382,BL,1,0.25538,0.14624,0.30759,132,132,132,0.28646,0.32649,0.14016,1,1,0.450
26.4080,382,FR,23,0.84721,-0.12649,0.30001,134,134,134,0.27891,0.96663,-0.14450,1,1,0.450
26.4080,382,BR,16,0.39560,-0.11982,0.30003,134,134,134,0.27893,0.46939,-0.12397,1,1,0.450
26.4280,382,FL,8,0.70898,0.15770,0.30295,134,134,134,0.28184,0.83864,0.17898,1,1,0.450
26.4280,382,BL,1,0.25567,0.14640,0.30748,132,132,132,0.28636,0.32672,0.14094,1,1,0.450
26.4280,382,FR,23,0.84593,-0.12692,0.29998,134,134,134,0.27888,0.96579,-0.15020,1,1,0.450
26.4280,382,BR,16,0.39433,-0.11903,0.30007,134,134,134,0.27897,0.46714,-0.12464,1,1,0.450
26.4380,383,FL,7,0.70892,0.15765,0.30260,134,134,134,0.28148,0.83651,0.17774,1,1,0.450
26.4380,383,BL,30,0.52688,0.14646,0.29988,134,134,134,0.27878,0.60471,0.14948,1,1,0.450
26.4380,383,FR,22,0.84359,-0.12820,0.29989,134,134,134,0.27878,0.95926,-0.15135,1,1,0.450
26.4380,383,BR,15,0.39243,-0.11949,0.30005,134,134,134,0.27895,0.46408,-0.12625,1,1,0.450
26.4480,383,FL,7,0.70890,0.15778,0.30306,134,134,134,0.28195,0.83564,0.17772,1,1,0.450
26.4480,383,BL,30,0.52592,0.14528,0.29988,134,134,134,0.27878,0.60220,0.14246,1,1,0.450
26.4480,383,FR,22,0.84265,-0.12865,0.29988,134,134,134,0.27878,0.96153,-0.15517,1,1,0.450
26.4480,383,BR,15,0.39161,-0.11880,0.30020,134,134,134,0.27909,0.46214,-0.12668,1,1,0.450
26.4560,383,FL,7,0.70789,0.15754,0.30323,134,134,134,0.28212,0.83386,0.17713,1,1,0.450
26.4560,383,BL,30,0.52437,0.14484,0.29990,134,134,134,0.27880,0.60113,0.14212,1,1,0.450
26.4560,383,FR,22,0.84108,-0.12893,0.29986,134,134,134,0.27876,0.96010,-0.15506,1,1,0.450
26.4580,383,BR,15,0.39019,-0.11924,0.30020,134,134,134,0.27909,0.46038,-0.12717,1,1,0.450
26.4680,384,FL,6,0.70803,0.15760,0.30306,134,134,134,0.28195,0.83331,0.17690,1,1,0.450
26.4680,384,BL,29,0.52377,0.14435,0.29990,134,134,134,0.27880,0.59640,0.14174,1,1,0.450
26.4680,384,FR,21,0.84051,-0.12939,0.29986,134,134,134,0.27876,0.95528,-0.15554,1,1,0.450
26.4680,384,BR,14,0.38985,-0.11955,0.30023,134,134,134,0.27912,0.45948,-0.12787,1,1,0.450
26.4760,384,FL,6,0.70695,0.15810,0.30297,134,134,134,0.28186,0.83129,0.17740,1,1,0.450
26.4760,384,BL,29,0.52184,0.14339,0.29989,134,134,134,0.27879,0.59589,0.13753,1,1,0.450
26.4760,384,FR,21,0.83892,-0.12919,0.29981,134,134,134,0.27871,0.95804,-0.15758,1,1,0.450
26.4760,384,BR,14,0.38825,-0.11859,0.30028,134,134,134,0.27918,0.45708,-0.12789,1,1,0.450
26.4860,384,FL,6,0.70641,0.15782,0.30326,134,134,134,0.28215,0.83023,0.17696,1,1,0.450
26.4880,384,BL,29,0.52100,0.14314,0.29990,134,134,134,0.27880,0.59551,0.13727,1,1,0.450
26.4880,384,FR,21,0.83804,-0.12933,0.29984,134,134,134,0.27874,0.95725,-0.15740,1,1,0.450
26.4880,384,BR,14,0.38748,-0.11906,0.30033,134,134,134,0.27922,0.45609,-0.12824,1,1,0.450
26.4980,385,FL,5,0.70628,0.15778,0.30358,134,134,134,0.28246,0.82945,0.17675,1,1,0.450
26.4980,385,BL,28,0.52040,0.14279,0.29991,134,134,134,0.27880,0.59092,0.13730,1,1,0.450
26.4980,385,FR,20,0.83750,-0.12960,0.29986,134,134,134,0.27876,0.95269,-0.15739,1,1,0.450
26.4980,385,BR,13,0.38704,-0.11933,0.30047,134,134,134,0.27937,0.45535,-0.12871,1,1,0.450
26.5080,385,FL,5,0.70453,0.15779,0.30396,134,134,134,0.28285,0.82685,0.17687,1,1,0.450
26.5080,385,BL,28,0.51828,0.14201,0.29990,134,134,134,0.27880,0.59157,0.13461,1,1,0.450
26.5080,385,FR,20,0.83567,-0.12926,0.29984,134,134,134,0.27874,0.95569,-0.15863,1,1,0.450
26.5080,385,BR,13,0.38499,-0.11850,0.30066,134,134,134,0.27956,0.45292,-0.12839,1,1,0.450
26.5180,385,FL,5,0.70433,0.15721,0.30486,133,133,133,0.28374,0.82603,0.17610,1,1,0.450
26.5180,385,BL,28,0.51790,0.14185,0.29991,134,134,134,0.27881,0.59169,0.13450,1,1,0.450
26.5180,385,FR,20,0.83520,-0.12945,0.29993,134,134,134,0.27883,0.95534,-0.15841,1,1,0.450
26.5180,385,BR,13,0.38456,-0.11916,0.30087,134,134,134,0.27976,0.45238,-0.12865,1,1,0.450
26.5280,386,FL,4,0.70438,0.15672,0.30562,133,133,133,0.28450,0.82546,0.17547,1,1,0.450
26.5280,386,BL,27,0.51765,0.14167,0.29992,134,134,134,0.27881,0.58750,0.13490,1,1,0.450
26.5280,386,FR,19,0.83498,-0.12966,0.29998,134,134,134,0.27888,0.95121,-0.15801,1,1,0.450
26.5280,386,BR,12,0.38435,-0.11956,0.30112,134,134,134,0.28001,0.45205,-0.12882,1,1,0.450
26.5380,386,FL,4,0.70376,0.15640,0.30635,132,132,132,0.28523,0.82415,0.17518,1,1,0.450
26.5380,386,BL,27,0.51689,0.14096,0.29992,134,134,134,0.27882,0.59012,0.13311,1,1,0.450
26.5400,386,FR,19,0.83449,-0.12933,0.29998,134,134,134,0.27888,0.95569,-0.15884,1,1,0.450
26.5400,386,BR,12,0.38354,-0.11893,0.30146,134,134,134,0.28035,0.45106,-0.12838,1,1,0.450
26.5480,386,FL,4,0.70308,0.15553,0.30748,132,132,132,0.28636,0.82287,0.17394,1,1,0.450
26.5480,386,BL,27,0.51639,0.14095,0.29992,134,134,134,0.27882,0.59014,0.13326,1,1,0.450
26.5480,386,FR,19,0.83384,-0.12954,0.30011,134,134,134,0.27901,0.95525,-0.15847,1,1,0.450
26.5480,386,BR,12,0.38275,-0.11979,0.30169,134,134,134,0.28059,0.45056,-0.12844,1,1,0.450
26.5580,387,FL,3,0.70294,0.15507,0.30804,132,132,132,0.28691,0.82240,0.17335,1,1,0.450
26.5600,387,BL,26,0.51602,0.14091,0.29993,134,134,134,0.27883,0.58583,0.13393,1,1,0.450
26.5600,387,FR,18,0.83348,-0.12966,0.30014,134,134,134,0.27904,0.95096,-0.15787,1,1,0.450
26.5600,387,BR,11,0.38240,-0.12007,0.30189,134,134,134,0.28078,0.45008,-0.12848,1,1,0.450
26.5680,387,FL,3,0.70251,0.15462,0.30861,131,131,131,0.28749,0.82148,0.17288,1,1,0.450
26.5680,387,BL,26,0.51564,0.14031,0.29993,134,134,134,0.27883,0.58912,0.13275,1,1,0.450
26.5680,387,FR,18,0.83333,-0.12931,0.30014,134,134,134,0.27904,0.95580,-0.15841,1,1,0.450
26.5680,387,BR,11,0.38185,-0.11950,0.30225,134,134,134,0.28115,0.44955,-0.12792,1,1,0.450
26.5780,387,FL,3,0.70228,0.15410,0.30911,131,131,131,0.28798,0.82124,0.17238,1,1,0.450
26.5780,387,BL,26,0.51558,0.14051,0.29992,134,134,134,0.27882,0.58956,0.13314,1,1,0.450
26.5780,387,FR,18,0.83310,-0.12933,0.30024,134,134,134,0.27914,0.95568,-0.15800,1,1,0.450
26.5780,387,BR,11,0.38159,-0.11989,0.30235,134,134,134,0.28124,0.44946,-0.12780,1,1,0.450
26.5880,388,FL,2,0.70231,0.15375,0.30936,131,131,131,0.28823,0.82143,0.17212,1,1,0.450
26.5880,388,BL,25,0.51570,0.14074,0.29992,134,134,134,0.27882,0.58567,0.13406,1,1,0.450
26.5880,388,FR,17,0.83320,-0.12922,0.30027,134,134,134,0.27917,0.95581,-0.15772,1,1,0.450
26.5880,388,BR,10,0.38163,-0.11990,0.30249,134,134,134,0.28138,0.44957,-0.12748,1,1,0.450
26.5980,388,FL,2,0.70214,0.15337,0.30942,131,131,131,0.28829,0.82141,0.17196,1,1,0.450
26.5980,388,BL,25,0.51587,0.14041,0.29992,134,134,134,0.27882,0.58964,0.13339,1,1,0.450
26.5980,388,FR,17,0.83352,-0.12870,0.30026,134,134,134,0.27916,0.95711,-0.15742,1,1,0.450
26.5980,388,BR,10,0.38150,-0.11911,0.30273,134,134,134,0.28162,0.44964,-0.12660,1,1,0.450
26.6080,388,FL,2,0.70122,0.15274,0.30964,131,131,131,0.28851,0.82087,0.17145,1,1,0.450
26.6080,388,BL,25,0.51568,0.14086,0.29990,134,134,134,0.27880,0.58993,0.13404,1,1,0.450
26.6080,388,FR,17,0.83310,-0.12863,0.30034,134,134,134,0.27924,0.95679,-0.15682,1,1,0.450
26.6080,388,BR,10,0.38087,-0.11944,0.30277,134,134,134,0.28166,0.44957,-0.12616,1,1,0.450
26.6180,389,FL,1,0.70137,0.15249,0.30966,131,131,131,0.28853,0.82209,0.17166,1,1,0.450
26.6180,389,BL,24,0.51641,0.14145,0.29990,134,134,134,0.27880,0.58661,0.13535,1,1,0.450
26.6180,389,FR,16,0.83370,-0.12829,0.30036,134,134,134,0.27925,0.96150,-0.15689,1,1,0.450
26.6180,389,BR,9,0.38138,-0.11910,0.30282,134,134,134,0.28171,0.45027,-0.12538,1,1,0.450
26.6280,389,FL,1,0.70214,0.15234,0.30951,131,131,131,0.28838,0.82392,0.17220,1,1,0.450
26.6280,389,BL,24,0.51810,0.14167,0.29989,134,134,134,0.27879,0.59211,0.13533,1,1,0.450
26.6280,389,FR,16,0.83541,-0.12741,0.30037,134,134,134,0.27926,0.96408,-0.15621,1,1,0.450
26.6280,389,BR,9,0.38263,-0.11775,0.30294,134,134,134,0.28183,0.45188,-0.12381,1,1,0.450
26.6380,389,FL,1,0.70112,0.15178,0.30993,131,131,131,0.28880,0.82314,0.17187,1,1,0.450
26.6380,389,BL,24,0.51850,0.14252,0.29985,134,134,134,0.27875,0.59294,0.13632,1,1,0.450
26.6380,389,FR,16,0.83543,-0.12713,0.30050,134,134,134,0.27940,0.96431,-0.15533,1,1,0.450
26.6380,389,BR,9,0.38221,-0.11785,0.30285,134,134,134,0.28174,0.45252,-0.12280,1,1,0.450
26.6500,390,FL,30,0.97023,0.15192,0.30002,134,134,134,0.27892,1.07388,0.16255,1,1,0.450
26.6500,390,BL,23,0.52000,0.14363,0.29983,134,134,134,0.27873,0.59035,0.13812,1,1,0.450
26.6500,390,FR,15,0.83666,-0.12648,0.30057,134,134,134,0.27946,0.96550,-0.15452,1,1,0.450
26.6500,390,BR,8,0.38340,-0.11706,0.30272,134,134,134,0.28160,0.45400,-0.12131,1,1,0.450
26.6820,391,FL,29,0.97230,0.15246,0.30002,134,134,134,0.27891,1.08235,0.16441,1,1,0.450
26.6820,391,BL,22,0.52211,0.14454,0.29990,134,134,134,0.27880,0.59377,0.13961,1,1,0.450
26.6820,391,FR,14,0.83907,-0.12500,0.30063,134,134,134,0.27953,0.96734,-0.15397,1,1,0.450
26.6820,391,BR,7,0.38605,-0.11431,0.30352,134,134,134,0.28240,0.45651,-0.11852,1,1,0.450
26.6980,391,FL,29,0.97690,0.15458,0.30003,134,134,134,0.27893,1.09526,0.16643,1,1,0.450
26.6980,391,BL,22,0.52636,0.14746,0.29986,134,134,134,0.27876,0.60370,0.14281,1,1,0.450
26.6980,391,FR,14,0.84097,-0.12408,0.30075,134,134,134,0.27964,0.97277,-0.15073,1,1,0.450
26.6980,391,BR,7,0.38473,-0.11444,0.30353,134,134,134,0.28242,0.45952,-0.11534,1,1,0.450
26.7260,392,FL,28,0.97908,0.15548,0.30005,134,134,134,0.27895,1.09250,0.16768,1,1,0.450
26.7260,392,BL,21,0.52829,0.14882,0.29980,134,134,134,0.27869,0.60170,0.14564,1,1,0.450
26.7260,392,FR,13,0.84169,-0.12407,0.30074,134,134,134,0.27964,0.97466,-0.14961,1,1,0.450
26.7260,392,BR,6,0.38486,-0.11445,0.30325,134,134,134,0.28214,0.46053,-0.11421,1,1,0.450
26.7360,393,FL,27,0.98017,0.15646,0.30004,134,134,134,0.27894,1.09581,0.16957,1,1,0.450
26.7360,393,BL,20,0.52920,0.15003,0.29980,134,134,134,0.27870,0.60221,0.14789,1,1,0.450
26.7360,393,FR,12,0.84195,-0.12358,0.30080,134,134,134,0.27969,0.97578,-0.14846,1,1,0.450
26.7360,393,BR,5,0.38462,-0.11389,0.30339,134,134,134,0.28228,0.46083,-0.11222,1,1,0.450
26.7480,393,FL,27,0.98055,0.15661,0.30003,134,134,134,0.27892,1.10274,0.17005,1,1,0.450
26.7480,393,BL,20,0.52933,0.14983,0.29977,134,134,134,0.27867,0.60692,0.14818,1,1,0.450
26.7480,393,FR,12,0.84195,-0.12369,0.30088,134,134,134,0.27977,0.97622,-0.14851,1,1,0.450
26.7480,393,BR,5,0.38459,-0.11369,0.30368,134,134,134,0.28257,0.46083,-0.11175,1,1,0.450
26.7580,393,FL,27,0.98138,0.15749,0.30006,134,134,134,0.27895,1.10349,0.17074,1,1,0.450
26.7580,393,BL,20,0.53010,0.15107,0.29979,134,134,134,0.27869,0.60797,0.14951,1,1,0.450
26.7580,393,FR,12,0.84248,-0.12293,0.30115,134,134,134,0.28005,0.97667,-0.14749,1,1,0.450
26.7580,393,BR,5,0.38527,-0.11304,0.30443,134,134,134,0.28332,0.46143,-0.11041,1,1,0.450
26.7680,394,FL,26,0.98080,0.15787,0.30006,134,134,134,0.27895,1.09783,0.17187,1,1,0.450
26.7700,394,BL,19,0.52955,0.15152,0.29983,134,134,134,0.27873,0.60225,0.15091,1,1,0.450
26.7700,394,FR,11,0.84204,-0.12267,0.30133,134,134,134,0.28022,0.97596,-0.14704,1,1,0.450
26.7700,394,BR,4,0.38492,-0.11289,0.30498,133,133,133,0.28386,0.46111,-0.10966,1,1,0.450
26.7880,394,FL,26,0.98136,0.15818,0.30001,134,134,134,0.27890,1.10470,0.17271,1,1,0.450
26.7880,394,BL,19,0.52992,0.15157,0.29986,134,134,134,0.27876,0.60666,0.15122,1,1,0.450
26.7880,394,FR,11,0.84239,-0.12239,0.30149,134,134,134,0.28039,0.97656,-0.14686,1,1,0.450
26.7880,394,BR,4,0.38522,-0.11204,0.30558,133,133,133,0.28447,0.46127,-0.10854,1,1,0.450
26.8100,395,FL,25,0.98084,0.15942,0.30004,134,134,134,0.27894,1.09893,0.17455,1,1,0.450
26.8100,395,BL,18,0.52936,0.15341,0.29990,134,134,134,0.27880,0.60115,0.15399,1,1,0.450
26.8100,395,FR,10,0.84157,-0.12143,0.30193,134,134,134,0.28082,0.97533,-0.14526,1,1,0.450
26.8100,395,BR,3,0.38497,-0.11135,0.30656,132,132,132,0.28544,0.46021,-0.10653,1,1,0.450
26.8320,396,FL,24,0.97884,0.15997,0.29999,134,134,134,0.27889,1.09776,0.17656,1,1,0.450
26.8320,396,BL,17,0.52724,0.15360,0.29998,134,134,134,0.27887,0.60270,0.15498,1,1,0.450
26.8340,396,FR,9,0.83996,-0.12160,0.30226,134,134,134,0.28115,0.97292,-0.14489,1,1,0.450
26.8340,396,BR,2,0.38407,-0.11114,0.30718,132,132,132,0.28605,0.45820,-0.10551,1,1,0.450
26.8640,397,FL,23,0.97782,0.16099,0.29995,134,134,134,0.27885,1.09730,0.17902,1,1,0.450
26.8640,397,BL,16,0.52602,0.15410,0.29993,134,134,134,0.27883,0.60029,0.15755,1,1,0.450
26.8640,397,FR,8,0.83924,-0.12181,0.30238,134,134,134,0.28127,0.97117,-0.14424,1,1,0.450
26.8640,397,BR,1,0.38462,-0.11108,0.30690,132,132,132,0.28577,0.45699,-0.10532,1,1,0.450
26.8960,398,FL,22,0.97447,0.16295,0.29996,134,134,134,0.27886,1.08981,0.18658,1,1,0.450
26.8960,398,BL,15,0.52303,0.15431,0.29997,134,134,134,0.27887,0.59553,0.16017,1,1,0.450
26.8960,398,FR,7,0.83866,-0.12237,0.30243,134,134,134,0.28132,0.96753,-0.14309,1,1,0.450
26.8960,398,BR,30,0.65792,-0.11217,0.29986,134,134,134,0.27876,0.73501,-0.11472,1,1,0.450
26.9060,398,FL,22,0.97070,0.16458,0.29984,134,134,134,0.27873,1.08949,0.19145,1,1,0.450
26.9060,398,BL,15,0.51990,0.15363,0.30003,134,134,134,0.27892,0.58996,0.16214,1,1,0.450
26.9060,398,FR,7,0.83837,-0.12279,0.30213,134,134,134,0.28102,0.96432,-0.14210,1,1,0.450
26.9080,398,BR,30,0.65442,-0.10976,0.29987,134,134,134,0.27877,0.73067,-0.10679,1,1,0.450
26.9180,399,FL,21,0.96995,0.16494,0.29981,134,134,134,0.27871,1.08454,0.19148,1,1,0.450
26.9180,399,BL,14,0.51953,0.15406,0.30002,134,134,134,0.27891,0.58878,0.16289,1,1,0.450
26.9180,399,FR,6,0.83845,-0.12272,0.30193,134,134,134,0.28082,0.96369,-0.14174,1,1,0.450
26.9180,399,BR,29,0.65367,-0.10927,0.29989,134,134,134,0.27879,0.72628,-0.10645,1,1,0.450
26.9280,399,FL,21,0.96841,0.16468,0.29975,134,134,134,0.27865,1.08731,0.19349,1,1,0.450
26.9280,399,BL,14,0.51800,0.15310,0.30007,134,134,134,0.27896,0.58642,0.16287,1,1,0.450
26.9280,399,FR,6,0.83734,-0.12328,0.30170,134,134,134,0.28059,0.96169,-0.14234,1,1,0.450
26.9280,399,BR,29,0.65175,-0.10836,0.29988,134,134,134,0.27878,0.72577,-0.10229,1,1,0.450
26.9380,399,FL,21,0.96740,0.16474,0.29978,134,134,134,0.27868,1.08641,0.19318,1,1,0.450
26.9380,399,BL,14,0.51708,0.15365,0.30012,134,134,134,0.27902,0.58530,0.16322,1,1,0.450
26.9380,399,FR,6,0.83657,-0.12301,0.30196,134,134,134,0.28086,0.96033,-0.14192,1,1,0.450
26.9380,399,BR,29,0.65070,-0.10810,0.29989,134,134,134,0.27879,0.72518,-0.10206,1,1,0.450
26.9600,400,FL,20,0.96694,0.16488,0.29980,134,134,134,0.27870,1.08195,0.19300,1,1,0.450
26.9600,400,BL,13,0.51671,0.15389,0.30026,134,134,134,0.27916,0.58465,0.16364,1,1,0.450
26.9620,400,FR,5,0.83648,-0.12299,0.30227,134,134,134,0.28116,0.95958,-0.14181,1,1,0.450
26.9620,400,BR,28,0.65013,-0.10782,0.29990,134,134,134,0.27880,0.72063,-0.10217,1,1,0.450
26.9760,401,FL,19,0.96489,0.16458,0.29984,134,134,134,0.27874,1.08087,0.19361,1,1,0.450
26.9760,401,BL,12,0.51431,0.15350,0.30069,134,134,134,0.27959,0.58203,0.16334,1,1,0.450
26.9760,401,FR,4,0.83439,-0.12247,0.30355,134,134,134,0.28244,0.95614,-0.14137,1,1,0.450
26.9760,401,BR,27,0.64771,-0.10694,0.29990,134,134,134,0.27880,0.71702,-0.09991,1,1,0.450
26.9880,401,FL,19,0.96387,0.16427,0.29991,134,134,134,0.27881,1.08493,0.19405,1,1,0.450
26.9880,401,BL,12,0.51301,0.15338,0.30114,134,134,134,0.28004,0.58047,0.16299,1,1,0.450
26.9880,401,FR,4,0.83340,-0.12178,0.30484,134,134,134,0.28372,0.95398,-0.14051,1,1,0.450
26.9880,401,BR,27,0.64649,-0.10622,0.29991,134,134,134,0.27880,0.71969,-0.09814,1,1,0.450
27.0000,401,FL,19,0.96371,0.16445,0.30003,134,134,134,0.27893,1.08489,0.19366,1,1,0.450
27.0000,401,BL,12,0.51288,0.15415,0.30136,134,134,134,0.28026,0.58031,0.16307,1,1,0.450
27.0000,401,FR,4,0.83351,-0.12088,0.30596,132,132,132,0.28484,0.95358,-0.13944,1,1,0.450
27.0000,401,BR,27,0.64642,-0.10621,0.29991,134,134,134,0.27881,0.72014,-0.09838,1,1,0.450
27.0120,402,FL,18,0.96279,0.16465,0.30007,134,134,134,0.27897,1.08011,0.19298,1,1,0.450
27.0120,402,BL,11,0.51181,0.15471,0.30157,134,134,134,0.28046,0.57939,0.16304,1,1,0.450
27.0120,402,FR,3,0.83266,-0.12005,0.30661,132,132,132,0.28549,0.95222,-0.13824,1,1,0.450
27.0120,402,BR,26,0.64553,-0.10618,0.29992,134,134,134,0.27881,0.71529,-0.09908,1,1,0.450
27.0240,402,FL,18,0.96326,0.16428,0.30010,134,134,134,0.27900,1.08557,0.19346,1,1,0.450
27.0240,402,BL,11,0.51190,0.15416,0.30201,134,134,134,0.28091,0.57943,0.16243,1,1,0.450
27.0240,402,FR,3,0.83279,-0.11951,0.30766,132,132,132,0.28654,0.95202,-0.13773,1,1,0.450
27.0240,402,BR,26,0.64575,-0.10563,0.29992,134,134,134,0.27882,0.71921,-0.09801,1,1,0.450
27.0360,403,FL,17,0.96253,0.16435,0.30020,134,134,134,0.27909,1.08500,0.19299,1,1,0.450
27.0360,403,BL,10,0.51106,0.15468,0.30211,134,134,134,0.28100,0.57893,0.16224,1,1,0.450
27.0360,403,FR,2,0.83199,-0.11879,0.30811,132,132,132,0.28698,0.95116,-0.13687,1,1,0.450
27.0360,403,BR,25,0.64522,-0.10585,0.29992,134,134,134,0.27881,0.71516,-0.09902,1,1,0.450
27.0480,403,FL,17,0.96215,0.16402,0.30018,134,134,134,0.27908,1.08568,0.19277,1,1,0.450
27.0480,403,BL,10,0.51015,0.15412,0.30237,134,134,134,0.28126,0.57826,0.16151,1,1,0.450
27.0480,403,FR,2,0.83113,-0.11822,0.30819,132,132,132,0.28706,0.95019,-0.13625,1,1,0.450
27.0480,403,BR,25,0.64474,-0.10541,0.29991,134,134,134,0.27881,0.71850,-0.09836,1,1,0.450
27.0560,403,FL,17,0.96247,0.16387,0.30026,134,134,134,0.27915,1.08606,0.19208,1,1,0.450
27.0560,403,BL,10,0.51035,0.15433,0.30240,134,134,134,0.28129,0.57889,0.16095,1,1,0.450
27.0580,403,FR,2,0.83095,-0.11759,0.30850,131,131,131,0.28737,0.95076,-0.13588,1,1,0.450
27.0580,403,BR,25,0.64531,-0.10599,0.29989,134,134,134,0.27879,0.71958,-0.09917,1,1,0.450
27.0680,404,FL,16,0.96464,0.16324,0.30026,134,134,134,0.27916,1.09199,0.19223,1,1,0.450
27.0680,404,BL,9,0.51276,0.15333,0.30246,134,134,134,0.28135,0.58104,0.15997,1,1,0.450
27.0680,404,FR,1,0.83287,-0.11780,0.30832,132,132,132,0.28720,0.95463,-0.13718,1,1,0.450
27.0680,404,BR,24,0.64747,-0.10673,0.29989,134,134,134,0.27879,0.71761,-0.10055,1,1,0.450
27.0780,404,FL,16,0.96494,0.16264,0.30030,134,134,134,0.27920,1.09345,0.19151,1,1,0.450
27.0780,404,BL,9,0.51215,0.15269,0.30251,134,134,134,0.28140,0.58153,0.15853,1,1,0.450
27.0780,404,FR,1,0.83187,-0.11717,0.30836,131,131,131,0.28723,0.95381,-0.13647,1,1,0.450
27.0780,404,BR,24,0.64781,-0.10678,0.29988,134,134,134,0.27878,0.72170,-0.10031,1,1,0.450
27.0880,404,FL,16,0.96567,0.16230,0.30040,134,134,134,0.27930,1.09410,0.19080,1,1,0.450
27.0880,404,BL,9,0.51288,0.15237,0.30258,134,134,134,0.28147,0.58261,0.15760,1,1,0.450
27.0880,404,FR,1,0.83184,-0.11689,0.30857,131,131,131,0.28744,0.95487,-0.13693,1,1,0.450
27.0880,404,BR,24,0.64882,-0.10759,0.29986,134,134,134,0.27876,0.72319,-0.10134,1,1,0.450
27.0980,405,FL,15,0.96725,0.16147,0.30053,134,134,134,0.27942,1.09564,0.18986,1,1,0.450
27.0980,405,BL,8,0.51428,0.15141,0.30264,134,134,134,0.28152,0.58459,0.15574,1,1,0.450
27.0980,405,FR,30,1.10091,-0.11663,0.30002,134,134,134,0.27892,1.20459,-0.12711,1,1,0.450
27.0980,405,BR,23,0.65071,-0.10895,0.29984,134,134,134,0.27874,0.72091,-0.10326,1,1,0.450
27.1240,406,FL,14,0.96967,0.16032,0.30052,134,134,134,0.27942,1.09806,0.18941,1,1,0.450
27.1240,406,BL,7,0.51663,0.14922,0.30286,134,134,134,0.28175,0.58699,0.15356,1,1,0.450
27.1240,406,FR,29,1.10327,-0.11701,0.30001,134,134,134,0.27891,1.21335,-0.12883,1,1,0.450
27.1240,406,BR,22,0.65307,-0.10955,0.29987,134,134,134,0.27877,0.72479,-0.10446,1,1,0.450
27.1340,406,FL,14,0.97093,0.15943,0.30066,134,134,134,0.27955,1.10215,0.18682,1,1,0.450
27.1340,406,BL,7,0.51520,0.14912,0.30319,134,134,134,0.28208,0.58943,0.15069,1,1,0.450
27.1340,406,FR,29,1.10670,-0.11874,0.30003,134,134,134,0.27892,1.22505,-0.13047,1,1,0.450
27.1340,406,BR,22,0.65618,-0.11191,0.29986,134,134,134,0.27876,0.73353,-0.10704,1,1,0.450
27.1440,406,FL,14,0.97096,0.15950,0.30069,134,134,134,0.27959,1.10315,0.18598,1,1,0.450
27.1440,406,BL,7,0.51474,0.14932,0.30306,134,134,134,0.28194,0.58973,0.15000,1,1,0.450
27.1440,406,FR,29,1.10787,-0.11943,0.30005,134,134,134,0.27894,1.22611,-0.13086,1,1,0.450
27.1440,406,BR,22,0.65713,-0.11284,0.29980,134,134,134,0.27870,0.73523,-0.10862,1,1,0.450
27.1540,407,FL,13,0.97176,0.15940,0.30068,134,134,134,0.27958,1.10488,0.18513,1,1,0.450
27.1540,407,BL,6,0.51487,0.14937,0.30287,134,134,134,0.28176,0.59059,0.14925,1,1,0.450
27.1560,407,FR,28,1.10955,-0.12007,0.30005,134,134,134,0.27895,1.22299,-0.13205,1,1,0.450
27.1560,407,BR,21,0.65872,-0.11380,0.29978,134,134,134,0.27867,0.73226,-0.11058,1,1,0.450
27.1680,407,FL,13,0.97207,0.15945,0.30052,134,134,134,0.27941,1.10591,0.18512,1,1,0.450
27.1680,407,BL,6,0.51483,0.14909,0.30238,134,134,134,0.28127,0.59083,0.14869,1,1,0.450
27.1680,407,FR,28,1.11030,-0.12014,0.30003,134,134,134,0.27893,1.23092,-0.13251,1,1,0.450
27.1680,407,BR,21,0.65928,-0.11361,0.29974,134,134,134,0.27864,0.73743,-0.11060,1,1,0.450
27.1800,407,FL,13,0.97229,0.15901,0.30073,134,134,134,0.27963,1.10628,0.18424,1,1,0.450
27.1800,407,BL,6,0.51507,0.14885,0.30287,134,134,134,0.28176,0.59120,0.14771,1,1,0.450
27.1800,407,FR,28,1.11098,-0.12084,0.30006,134,134,134,0.27896,1.23153,-0.13301,1,1,0.450
27.1800,407,BR,21,0.65989,-0.11467,0.29974,134,134,134,0.27863,0.73839,-0.11182,1,1,0.450
27.1900,408,FL,12,0.97199,0.15854,0.30094,134,134,134,0.27984,1.10597,0.18341,1,1,0.450
27.1920,408,BL,5,0.51470,0.14860,0.30362,134,134,134,0.28251,0.59106,0.14658,1,1,0.450
27.1920,408,FR,27,1.11080,-0.12154,0.30006,134,134,134,0.27896,1.22638,-0.13437,1,1,0.450
27.1920,408,BR,20,0.65971,-0.11556,0.29979,134,134,134,0.27869,0.73322,-0.11363,1,1,0.450
27.2020,408,FL,12,0.97256,0.15848,0.30101,134,134,134,0.27991,1.10707,0.18335,1,1,0.450
27.2020,408,BL,5,0.51509,0.14812,0.30392,134,134,134,0.28280,0.59140,0.14598,1,1,0.450
27.2020,408,FR,27,1.11167,-0.12176,0.30003,134,134,134,0.27893,1.23388,-0.13505,1,1,0.450
27.2020,408,BR,20,0.66038,-0.11540,0.29980,134,134,134,0.27869,0.73813,-0.11376,1,1,0.450
27.2120,409,FL,11,0.97246,0.15789,0.30127,134,134,134,0.28016,1.10677,0.18258,1,1,0.450
27.2120,409,BL,4,0.51519,0.14759,0.30458,134,134,134,0.28346,0.59143,0.14482,1,1,0.450
27.2120,409,FR,26,1.11176,-0.12237,0.30006,134,134,134,0.27895,1.22880,-0.13630,1,1,0.450
27.2120,409,BR,19,0.66044,-0.11636,0.29980,134,134,134,0.27870,0.73337,-0.11556,1,1,0.450
27.2220,409,FL,11,0.97242,0.15776,0.30139,134,134,134,0.28028,1.10682,0.18261,1,1,0.450
27.2220,409,BL,4,0.51513,0.14696,0.30506,133,133,133,0.28394,0.59138,0.14387,1,1,0.450
27.2220,409,FR,26,1.11178,-0.12254,0.30000,134,134,134,0.27890,1.23513,-0.13694,1,1,0.450
27.2220,409,BR,19,0.66028,-0.11623,0.29983,134,134,134,0.27873,0.73722,-0.11571,1,1,0.450
27.2320,409,FL,11,0.97158,0.15734,0.30173,134,134,134,0.28062,1.10566,0.18191,1,1,0.450
27.2320,409,BL,4,0.51460,0.14664,0.30587,132,132,132,0.28475,0.59053,0.14284,1,1,0.450
27.2320,409,FR,26,1.11106,-0.12305,0.30004,134,134,134,0.27894,1.23435,-0.13731,1,1,0.450
27.2320,409,BR,19,0.65954,-0.11709,0.29985,134,134,134,0.27875,0.73668,-0.11663,1,1,0.450
27.2420,410,FL,10,0.97162,0.15677,0.30189,134,134,134,0.28078,1.10561,0.18110,1,1,0.450
27.2420,410,BL,3,0.51484,0.14602,0.30632,132,132,132,0.28520,0.59030,0.14160,1,1,0.450
27.2420,410,FR,25,1.11133,-0.12375,0.30004,134,134,134,0.27894,1.22946,-0.13872,1,1,0.450
27.2420,410,BR,18,0.65979,-0.11809,0.29989,134,134,134,0.27878,0.73171,-0.11855,1,1,0.450
27.2520,410,FL,10,0.97128,0.15691,0.30202,134,134,134,0.28091,1.10522,0.18128,1,1,0.450
27.2520,410,BL,3,0.51466,0.14566,0.30655,132,132,132,0.28543,0.58984,0.14102,1,1,0.450
27.2520,410,FR,25,1.11102,-0.12379,0.29998,134,134,134,0.27888,1.23526,-0.13934,1,1,0.450
27.2520,410,BR,18,0.65927,-0.11778,0.29991,134,134,134,0.27881,0.73515,-0.11868,1,1,0.450
27.2620,410,FL,10,0.97026,0.15663,0.30229,134,134,134,0.28118,1.10372,0.18056,1,1,0.450
27.2620,410,BL,3,0.51418,0.14554,0.30704,132,132,132,0.28591,0.58863,0.14023,1,1,0.450
27.2620,410,FR,25,1.11001,-0.12434,0.30002,134,134,134,0.27892,1.23418,-0.13974,1,1,0.450
27.2620,410,BR,18,0.65827,-0.11863,0.29991,134,134,134,0.27881,0.73430,-0.11967,1,1,0.450
27.2740,411,FL,9,0.97004,0.15634,0.30241,134,134,134,0.28130,1.10322,0.17976,1,1,0.450
27.2760,411,BL,2,0.51446,0.14534,0.30715,132,132,132,0.28602,0.58788,0.13960,1,1,0.450
27.2760,411,FR,24,1.10984,-0.12509,0.30003,134,134,134,0.27892,1.22879,-0.14132,1,1,0.450
27.2760,411,BR,17,0.65810,-0.11950,0.29994,134,134,134,0.27884,0.73403,-0.12085,1,1,0.450
27.2880,411,FL,9,0.96945,0.15681,0.30252,134,134,134,0.28141,1.10213,0.17993,1,1,0.450
27.2900,411,BL,2,0.51449,0.14540,0.30708,132,132,132,0.28595,0.58715,0.13970,1,1,0.450
27.2900,411,FR,24,1.10907,-0.12529,0.29995,134,134,134,0.27885,1.23400,-0.14217,1,1,0.450
27.2900,411,BR,17,0.65709,-0.11906,0.29995,134,134,134,0.27885,0.73182,-0.12221,1,1,0.450
27.3060,412,FL,8,0.96883,0.15660,0.30273,134,134,134,0.28162,1.10049,0.17883,1,1,0.450
27.3060,412,BL,1,0.51474,0.14557,0.30710,132,132,132,0.28597,0.58605,0.13964,1,1,0.450
27.3060,412,FR,23,1.10768,-0.12636,0.30001,134,134,134,0.27890,1.22714,-0.14425,1,1,0.450
27.3060,412,BR,16,0.65588,-0.12004,0.29997,134,134,134,0.27886,0.73019,-0.12369,1,1,0.450
27.3300,412,FL,8,0.96842,0.15725,0.30275,134,134,134,0.28163,1.09859,0.17879,1,1,0.450
27.3300,412,BL,1,0.51503,0.14580,0.30690,132,132,132,0.28578,0.58574,0.14038,1,1,0.450
27.3300,412,FR,23,1.10599,-0.12709,0.29997,134,134,134,0.27887,1.22591,-0.15027,1,1,0.450
27.3300,412,BR,16,0.65424,-0.11942,0.30001,134,134,134,0.27891,0.72744,-0.12477,1,1,0.450
27.3420,413,FL,7,0.96838,0.15722,0.30223,134,134,134,0.28113,1.09576,0.17720,1,1,0.450
27.3420,413,BL,30,0.78619,0.14581,0.29988,134,134,134,0.27878,0.86401,0.14881,1,1,0.450
27.3420,413,FR,22,1.10290,-0.12883,0.29987,134,134,134,0.27877,1.21856,-0.15204,1,1,0.450
27.3420,413,BR,15,0.65175,-0.12002,0.30000,134,134,134,0.27890,0.72340,-0.12694,1,1,0.450
27.3520,413,FL,7,0.96672,0.15731,0.30294,134,134,134,0.28183,1.09333,0.17720,1,1,0.450
27.3520,413,BL,30,0.78388,0.14487,0.29988,134,134,134,0.27877,0.86017,0.14207,1,1,0.450
27.3520,413,FR,22,1.10063,-0.12903,0.29988,134,134,134,0.27878,1.21956,-0.15551,1,1,0.450
27.3520,413,BR,15,0.64951,-0.11927,0.30016,134,134,134,0.27906,0.72020,-0.12710,1,1,0.450
27.3600,413,FL,7,0.96672,0.15707,0.30309,134,134,134,0.28198,1.09242,0.17652,1,1,0.450
27.3620,413,BL,30,0.78304,0.14423,0.29990,134,134,134,0.27880,0.85983,0.14153,1,1,0.450
27.3620,413,FR,22,1.09975,-0.12952,0.29986,134,134,134,0.27876,1.21879,-0.15563,1,1,0.450
27.3620,413,BR,15,0.64891,-0.11985,0.30019,134,134,134,0.27909,0.71894,-0.12785,1,1,0.450
27.3720,414,FL,6,0.96637,0.15709,0.30293,134,134,134,0.28182,1.09141,0.17629,1,1,0.450
27.3720,414,BL,29,0.78208,0.14385,0.29990,134,134,134,0.27880,0.85473,0.14125,1,1,0.450
27.3720,414,FR,21,1.09883,-0.12988,0.29986,134,134,134,0.27876,1.21362,-0.15600,1,1,0.450
27.3720,414,BR,14,0.64816,-0.12011,0.30023,134,134,134,0.27913,0.71777,-0.12840,1,1,0.450
27.3820,414,FL,6,0.96573,0.15762,0.30287,134,134,134,0.28175,1.08985,0.17686,1,1,0.450
27.3820,414,BL,29,0.78053,0.14283,0.29989,134,134,134,0.27879,0.85460,0.13699,1,1,0.450
27.3820,414,FR,21,1.09763,-0.12970,0.29981,134,134,134,0.27871,1.21677,-0.15807,1,1,0.450
27.3820,414,BR,14,0.64699,-0.11917,0.30029,134,134,134,0.27919,0.71572,-0.12851,1,1,0.450
27.3920,415,FL,5,0.96516,0.15738,0.30308,134,134,134,0.28197,1.08877,0.17645,1,1,0.450
27.3920,415,BL,28,0.77970,0.14260,0.29990,134,134,134,0.27880,0.85022,0.13706,1,1,0.450
27.3920,415,FR,20,1.09677,-0.12981,0.29984,134,134,134,0.27873,1.21199,-0.15755,1,1,0.450
27.3920,415,BR,13,0.64622,-0.11962,0.30032,134,134,134,0.27922,0.71478,-0.12883,1,1,0.450
27.4020,415,FL,5,0.96454,0.15769,0.30341,134,134,134,0.28229,1.08714,0.17682,1,1,0.450
27.4020,415,BL,28,0.77833,0.14169,0.29990,134,134,134,0.27879,0.85162,0.13428,1,1,0.450
27.4020,415,FR,20,1.09575,-0.12954,0.29981,134,134,134,0.27871,1.21573,-0.15898,1,1,0.450
27.4020,415,BR,13,0.64512,-0.11869,0.30052,134,134,134,0.27942,0.71301,-0.12874,1,1,0.450
27.4120,415,FL,5,0.96432,0.15725,0.30398,134,134,134,0.28287,1.08639,0.17630,1,1,0.450
27.4140,415,BL,28,0.77789,0.14152,0.29990,134,134,134,0.27880,0.85166,0.13413,1,1,0.450
27.4140,415,FR,20,1.09525,-0.12968,0.29988,134,134,134,0.27877,1.21530,-0.15879,1,1,0.450
27.4140,415,BR,13,0.64469,-0.11924,0.30064,134,134,134,0.27954,0.71248,-0.12901,1,1,0.450
27.4220,416,FL,4,0.96356,0.15664,0.30487,133,133,133,0.28376,1.08501,0.17551,1,1,0.450
27.4220,416,BL,27,0.77711,0.14135,0.29991,134,134,134,0.27881,0.84694,0.13451,1,1,0.450
27.4220,416,FR,19,1.09447,-0.12991,0.29994,134,134,134,0.27884,1.21067,-0.15836,1,1,0.450
27.4220,416,BR,12,0.64380,-0.11975,0.30091,134,134,134,0.27980,0.71168,-0.12915,1,1,0.450
27.4320,416,FL,4,0.96251,0.15641,0.30550,133,133,133,0.28438,1.08308,0.17520,1,1,0.450
27.4340,416,BL,27,0.77579,0.14061,0.29991,134,134,134,0.27881,0.84902,0.13270,1,1,0.450
27.4340,416,FR,19,1.09341,-0.12960,0.29993,134,134,134,0.27883,1.21459,-0.15922,1,1,0.450
27.4340,416,BR,12,0.64245,-0.11912,0.30124,134,134,134,0.28013,0.71005,-0.12877,1,1,0.450
27.4420,416,FL,4,0.96240,0.15566,0.30654,132,132,132,0.28542,1.08251,0.17429,1,1,0.450
27.4420,416,BL,27,0.77569,0.14057,0.29991,134,134,134,0.27881,0.84943,0.13282,1,1,0.450
27.4420,416,FR,19,1.09320,-0.12977,0.30005,134,134,134,0.27895,1.21451,-0.15888,1,1,0.450
27.4420,416,BR,12,0.64223,-0.11985,0.30145,134,134,134,0.28034,0.70989,-0.12889,1,1,0.450
27.4520,417,FL,3,0.96148,0.15500,0.30724,132,132,132,0.28611,1.08112,0.17345,1,1,0.450
27.4520,417,BL,26,0.77473,0.14051,0.29992,134,134,134,0.27882,0.84452,0.13344,1,1,0.450
27.4520,417,FR,18,1.09222,-0.12994,0.30010,134,134,134,0.27900,1.20968,-0.15829,1,1,0.450
27.4520,417,BR,11,0.64113,-0.12028,0.30168,134,134,134,0.28057,0.70890,-0.12891,1,1,0.450
27.4620,417,FL,3,0.96189,0.15472,0.30783,132,132,132,0.28670,1.08098,0.17306,1,1,0.450
27.4620,417,BL,26,0.77479,0.13987,0.29992,134,134,134,0.27882,0.84828,0.13224,1,1,0.450
27.4640,417,FR,18,1.09255,-0.12961,0.30009,134,134,134,0.27899,1.21490,-0.15889,1,1,0.450
27.4640,417,BR,11,0.64124,-0.11965,0.30207,134,134,134,0.28096,0.70867,-0.12844,1,1,0.450
27.4720,417,FL,3,0.96060,0.15387,0.30860,131,131,131,0.28748,1.07927,0.17193,1,1,0.450
27.4720,417,BL,26,0.77404,0.13998,0.29992,134,134,134,0.27882,0.84803,0.13255,1,1,0.450
27.4720,417,FR,18,1.09159,-0.12978,0.30021,134,134,134,0.27911,1.21421,-0.15848,1,1,0.450
27.4720,417,BR,11,0.64000,-0.12041,0.30223,134,134,134,0.28113,0.70803,-0.12837,1,1,0.450
27.4840,418,FL,2,0.96053,0.15348,0.30906,131,131,131,0.28793,1.07933,0.17168,1,1,0.450
27.4840,418,BL,25,0.77400,0.14012,0.29992,134,134,134,0.27882,0.84402,0.13344,1,1,0.450
27.4840,418,FR,17,1.09151,-0.12974,0.30025,134,134,134,0.27915,1.21420,-0.15826,1,1,0.450
27.4840,418,BR,10,0.63991,-0.12049,0.30240,134,134,134,0.28129,0.70789,-0.12821,1,1,0.450
27.4920,418,FL,2,0.96045,0.15306,0.30915,131,131,131,0.28802,1.07914,0.17127,1,1,0.450
27.4920,418,BL,25,0.77408,0.13976,0.29992,134,134,134,0.27882,0.84790,0.13276,1,1,0.450
27.4920,418,FR,17,1.09174,-0.12927,0.30024,134,134,134,0.27914,1.21541,-0.15794,1,1,0.450
27.4940,418,BR,10,0.63971,-0.11979,0.30267,134,134,134,0.28156,0.70781,-0.12739,1,1,0.450
27.5040,418,FL,2,0.96029,0.15265,0.30932,131,131,131,0.28819,1.07949,0.17117,1,1,0.450
27.5040,418,BL,25,0.77438,0.14016,0.29990,134,134,134,0.27880,0.84868,0.13336,1,1,0.450
27.5040,418,FR,17,1.09189,-0.12915,0.30030,134,134,134,0.27920,1.21553,-0.15745,1,1,0.450
27.5040,418,BR,10,0.63982,-0.11994,0.30268,134,134,134,0.28157,0.70822,-0.12702,1,1,0.450
27.5120,419,FL,1,0.96037,0.15225,0.30939,131,131,131,0.28826,1.08076,0.17136,1,1,0.450
27.5120,419,BL,24,0.77513,0.14081,0.29990,134,134,134,0.27880,0.84534,0.13468,1,1,0.450
27.5120,419,FR,16,1.09254,-0.12874,0.30034,134,134,134,0.27924,1.22028,-0.15744,1,1,0.450
27.5120,419,BR,9,0.64033,-0.11960,0.30276,134,134,134,0.28165,0.70903,-0.12613,1,1,0.450
27.5280,419,FL,1,0.96139,0.15235,0.30901,131,131,131,0.28788,1.08295,0.17202,1,1,0.450
27.5280,419,BL,24,0.77651,0.14080,0.29989,134,134,134,0.27879,0.85052,0.13445,1,1,0.450
27.5280,419,FR,16,1.09404,-0.12796,0.30031,134,134,134,0.27921,1.22253,-0.15695,1,1,0.450
27.5280,419,BR,9,0.64156,-0.11826,0.30285,134,134,134,0.28174,0.71027,-0.12486,1,1,0.450
27.5380,419,FL,1,0.95929,0.15125,0.30971,131,131,131,0.28858,1.08091,0.17111,1,1,0.450
27.5380,419,BL,24,0.77670,0.14196,0.29985,134,134,134,0.27875,0.85114,0.13576,1,1,0.450
27.5380,419,FR,16,1.09370,-0.12761,0.30049,134,134,134,0.27939,1.22264,-0.15569,1,1,0.450
27.5380,419,BR,9,0.64041,-0.11858,0.30280,134,134,134,0.28169,0.71082,-0.12342,1,1,0.450
27.5500,420,FL,30,1.22933,0.15164,0.30002,134,134,134,0.27892,1.33298,0.16230,1,1,0.450
27.5500,420,BL,23,0.77909,0.14329,0.29984,134,134,134,0.27873,0.84947,0.13781,1,1,0.450
27.5500,420,FR,15,1.09582,-0.12674,0.30055,134,134,134,0.27945,1.22455,-0.15484,1,1,0.450
27.5500,420,BR,8,0.64271,-0.11726,0.30281,134,134,134,0.28170,0.71309,-0.12164,1,1,0.450
27.5720,421,FL,29,1.23235,0.15236,0.30001,134,134,134,0.27891,1.34241,0.16425,1,1,0.450
27.5720,421,BL,22,0.78212,0.14446,0.29989,134,134,134,0.27879,0.85395,0.13954,1,1,0.450
27.5720,421,FR,14,1.09877,-0.12527,0.30055,134,134,134,0.27944,1.22753,-0.15401,1,1,0.450
27.5720,421,BR,7,0.64538,-0.11478,0.30324,134,134,134,0.28213,0.71628,-0.11886,1,1,0.450
27.5800,421,FL,29,1.23471,0.15364,0.30003,134,134,134,0.27893,1.35304,0.16554,1,1,0.450
27.5800,421,BL,22,0.78418,0.14606,0.29987,134,134,134,0.27877,0.86160,0.14137,1,1,0.450
27.5800,421,FR,14,1.09935,-0.12473,0.30073,134,134,134,0.27963,1.23062,-0.15200,1,1,0.450
27.5800,421,BR,7,0.64368,-0.11502,0.30359,134,134,134,0.28247,0.71778,-0.11671,1,1,0.450
27.5920,421,FL,29,1.23568,0.15422,0.30005,134,134,134,0.27894,1.35390,0.16586,1,1,0.450
27.5920,421,BL,22,0.78496,0.14683,0.29980,134,134,134,0.27870,0.86304,0.14271,1,1,0.450
27.5920,421,FR,14,1.09938,-0.12481,0.30073,134,134,134,0.27962,1.23140,-0.15129,1,1,0.450
27.5920,421,BR,7,0.64339,-0.11522,0.30335,134,134,134,0.28224,0.71801,-0.11618,1,1,0.450
27.6040,422,FL,28,1.23761,0.15502,0.30005,134,134,134,0.27895,1.35104,0.16721,1,1,0.450
27.6040,422,BL,21,0.78681,0.14801,0.29979,134,134,134,0.27869,0.86031,0.14487,1,1,0.450
27.6040,422,FR,13,1.10038,-0.12461,0.30073,134,134,134,0.27962,1.23339,-0.15021,1,1,0.450
27.6040,422,BR,6,0.64362,-0.11523,0.30319,134,134,134,0.28208,0.71910,-0.11523,1,1,0.450
27.6140,422,FL,28,1.23854,0.15525,0.30003,134,134,134,0.27893,1.35915,0.16780,1,1,0.450
27.6140,422,BL,21,0.78754,0.14800,0.29976,134,134,134,0.27866,0.86568,0.14510,1,1,0.450
27.6140,422,FR,13,1.10079,-0.12457,0.30058,134,134,134,0.27947,1.23461,-0.15004,1,1,0.450
27.6140,422,BR,6,0.64361,-0.11492,0.30277,134,134,134,0.28166,0.71949,-0.11449,1,1,0.450
27.6260,422,FL,28,1.23844,0.15573,0.30006,134,134,134,0.27896,1.35896,0.16812,1,1,0.450
27.6260,422,BL,21,0.78737,0.14876,0.29975,134,134,134,0.27865,0.86584,0.14605,1,1,0.450
27.6260,422,FR,13,1.10037,-0.12430,0.30079,134,134,134,0.27968,1.23420,-0.14941,1,1,0.450
27.6260,422,BR,6,0.64327,-0.11482,0.30327,134,134,134,0.28216,0.71924,-0.11373,1,1,0.450
27.6360,423,FL,27,1.23962,0.15654,0.30006,134,134,134,0.27896,1.35519,0.16955,1,1,0.450
27.6360,423,BL,20,0.78852,0.14982,0.29978,134,134,134,0.27868,0.86203,0.14798,1,1,0.450
27.6360,423,FR,12,1.10121,-0.12372,0.30089,134,134,134,0.27979,1.23526,-0.14849,1,1,0.450
27.6360,423,BR,5,0.64394,-0.11435,0.30368,134,134,134,0.28256,0.72012,-0.11259,1,1,0.450
27.6460,423,FL,27,1.23928,0.15654,0.30003,134,134,134,0.27893,1.36146,0.17006,1,1,0.450
27.6460,423,BL,20,0.78802,0.14938,0.29980,134,134,134,0.27870,0.86575,0.14785,1,1,0.450
27.6460,423,FR,12,1.10081,-0.12385,0.30099,134,134,134,0.27988,1.23517,-0.14862,1,1,0.450
27.6460,423,BR,5,0.64343,-0.11420,0.30404,134,134,134,0.28293,0.71969,-0.11219,1,1,0.450
27.6560,423,FL,27,1.24006,0.15729,0.30006,134,134,134,0.27895,1.36218,0.17065,1,1,0.450
27.6560,423,BL,20,0.78874,0.15046,0.29980,134,134,134,0.27869,0.86676,0.14900,1,1,0.450
27.6560,423,FR,12,1.10124,-0.12324,0.30122,134,134,134,0.28011,1.23561,-0.14773,1,1,0.450
27.6560,423,BR,5,0.64399,-0.11366,0.30462,134,134,134,0.28351,0.72013,-0.11110,1,1,0.450
27.6680,424,FL,26,1.23950,0.15776,0.30006,134,134,134,0.27896,1.35652,0.17182,1,1,0.450
27.6680,424,BL,19,0.78821,0.15112,0.29986,134,134,134,0.27876,0.86104,0.15051,1,1,0.450
27.6680,424,FR,11,1.10081,-0.12275,0.30146,134,134,134,0.28035,1.23482,-0.14718,1,1,0.450
27.6680,424,BR,4,0.64365,-0.11318,0.30545,133,133,133,0.28433,0.71988,-0.10991,1,1,0.450
27.6780,424,FL,26,1.23947,0.15794,0.30001,134,134,134,0.27891,1.36280,0.17251,1,1,0.450
27.6780,424,BL,19,0.78800,0.15102,0.29988,134,134,134,0.27878,0.86483,0.15068,1,1,0.450
27.6780,424,FR,11,1.10067,-0.12267,0.30159,134,134,134,0.28049,1.23481,-0.14714,1,1,0.450
27.6780,424,BR,4,0.64354,-0.11263,0.30591,132,132,132,0.28479,0.71959,-0.10908,1,1,0.450
27.6860,424,FL,26,1.23933,0.15847,0.30004,134,134,134,0.27894,1.36259,0.17288,1,1,0.450
27.6860,424,BL,19,0.78782,0.15189,0.29989,134,134,134,0.27879,0.86489,0.15160,1,1,0.450
27.6860,424,FR,11,1.10032,-0.12219,0.30186,134,134,134,0.28075,1.23426,-0.14647,1,1,0.450
27.6860,424,BR,4,0.64344,-0.11219,0.30652,132,132,132,0.28540,0.71922,-0.10804,1,1,0.450
27.6980,425,FL,25,1.23955,0.15918,0.30004,134,134,134,0.27894,1.35767,0.17432,1,1,0.450
27.6980,425,BL,18,0.78802,0.15289,0.29992,134,134,134,0.27882,0.85989,0.15353,1,1,0.450
27.6980,425,FR,10,1.10031,-0.12165,0.30199,134,134,134,0.28088,1.23418,-0.14563,1,1,0.450
27.6980,425,BR,3,0.64366,-0.11167,0.30685,132,132,132,0.28573,0.71892,-0.10691,1,1,0.450
27.7060,425,FL,25,1.23861,0.15924,0.29998,134,134,134,0.27888,1.36282,0.17497,1,1,0.450
27.7060,425,BL,18,0.78691,0.15256,0.29997,134,134,134,0.27887,0.86267,0.15371,1,1,0.450
27.7080,425,FR,10,1.09952,-0.12188,0.30224,134,134,134,0.28113,1.23310,-0.14578,1,1,0.450
27.7080,425,BR,3,0.64314,-0.11143,0.30735,132,132,132,0.28623,0.71800,-0.10632,1,1,0.450
27.7160,425,FL,25,1.23816,0.15980,0.30003,134,134,134,0.27892,1.36232,0.17538,1,1,0.450
27.7160,425,BL,18,0.78646,0.15339,0.29996,134,134,134,0.27886,0.86239,0.15469,1,1,0.450
27.7160,425,FR,10,1.09897,-0.12158,0.30244,134,134,134,0.28133,1.23223,-0.14509,1,1,0.450
27.7160,425,BR,3,0.64306,-0.11126,0.30763,132,132,132,0.28650,0.71722,-0.10565,1,1,0.450
27.7280,426,FL,24,1.23796,0.16058,0.30003,134,134,134,0.27893,1.35688,0.17701,1,1,0.450
27.7280,426,BL,17,0.78625,0.15424,0.29998,134,134,134,0.27887,0.86210,0.15587,1,1,0.450
27.7280,426,FR,9,1.09877,-0.12129,0.30250,134,134,134,0.28139,1.23172,-0.14427,1,1,0.450
27.7280,426,BR,2,0.64337,-0.11112,0.30760,132,132,132,0.28647,0.71653,-0.10510,1,1,0.450
27.7360,426,FL,24,1.23732,0.16066,0.29996,134,134,134,0.27885,1.36222,0.17776,1,1,0.450
27.7360,426,BL,17,0.78538,0.15363,0.29998,134,134,134,0.27887,0.86002,0.15706,1,1,0.450
27.7360,426,FR,9,1.09832,-0.12184,0.30258,134,134,134,0.28147,1.23084,-0.14460,1,1,0.450
27.7360,426,BR,2,0.64345,-0.11120,0.30750,132,132,132,0.28637,0.71597,-0.10537,1,1,0.450
27.7480,426,FL,24,1.23591,0.16131,0.30000,134,134,134,0.27890,1.36068,0.17848,1,1,0.450
27.7480,426,BL,17,0.78415,0.15426,0.29999,134,134,134,0.27889,0.85842,0.15800,1,1,0.450
27.7480,426,FR,9,1.09759,-0.12174,0.30278,134,134,134,0.28167,1.22929,-0.14390,1,1,0.450
27.7480,426,BR,2,0.64329,-0.11142,0.30765,132,132,132,0.28652,0.71505,-0.10531,1,1,0.450
27.7580,427,FL,23,1.23467,0.16222,0.30001,134,134,134,0.27891,1.35406,0.18044,1,1,0.450
27.7580,427,BL,16,0.78306,0.15479,0.30005,134,134,134,0.27894,0.85687,0.15917,1,1,0.450
27.7580,427,FR,8,1.09716,-0.12170,0.30284,134,134,134,0.28173,1.22793,-0.14311,1,1,0.450
27.7580,427,BR,1,0.64347,-0.11161,0.30760,132,132,132,0.28647,0.71440,-0.10550,1,1,0.450
27.7780,427,FL,23,1.23382,0.16234,0.29997,134,134,134,0.27887,1.35366,0.18578,1,1,0.450
27.7780,427,BL,16,0.78218,0.15381,0.30007,134,134,134,0.27897,0.85512,0.15950,1,1,0.450
27.7780,427,FR,8,1.09707,-0.12240,0.30286,134,134,134,0.28175,1.22699,-0.14360,1,1,0.450
27.7780,427,BR,1,0.64366,-0.11172,0.30752,132,132,132,0.28640,0.71456,-0.10619,1,1,0.450
27.7860,428,FL,22,1.23183,0.16378,0.29989,134,134,134,0.27879,1.34750,0.18708,1,1,0.450
27.7860,428,BL,15,0.78056,0.15441,0.30002,134,134,134,0.27892,0.85248,0.16121,1,1,0.450
27.7880,428,FR,7,1.09721,-0.12216,0.30264,134,134,134,0.28153,1.22510,-0.14214,1,1,0.450
27.7880,428,BR,30,0.91555,-0.11137,0.29988,134,134,134,0.27878,0.99338,-0.11427,1,1,0.450
27.7980,428,FL,22,1.23054,0.16411,0.29987,134,134,134,0.27877,1.34940,0.19082,1,1,0.450
27.7980,428,BL,15,0.77946,0.15352,0.30016,134,134,134,0.27906,0.85015,0.16157,1,1,0.450
27.7980,428,FR,7,1.09708,-0.12253,0.30283,134,134,134,0.28172,1.22400,-0.14233,1,1,0.450
27.7980,428,BR,30,0.91423,-0.11030,0.29988,134,134,134,0.27878,0.99051,-0.10738,1,1,0.450
27.8080,428,FL,22,1.22871,0.16453,0.29986,134,134,134,0.27876,1.34770,0.19087,1,1,0.450
27.8080,428,BL,15,0.77780,0.15405,0.30018,134,134,134,0.27907,0.84807,0.16216,1,1,0.450
27.8080,428,FR,7,1.09595,-0.12223,0.30312,134,134,134,0.28201,1.22195,-0.14162,1,1,0.450
27.8080,428,BR,30,0.91245,-0.10976,0.29990,134,134,134,0.27880,0.98921,-0.10691,1,1,0.450
27.8160,429,FL,21,1.22712,0.16497,0.29987,134,134,134,0.27877,1.34192,0.19126,1,1,0.450
27.8160,429,BL,14,0.77637,0.15439,0.30027,134,134,134,0.27917,0.84620,0.16273,1,1,0.450
27.8160,429,FR,6,1.09497,-0.12212,0.30323,134,134,134,0.28212,1.22020,-0.14117,1,1,0.450
27.8180,429,BR,29,0.91089,-0.10936,0.29990,134,134,134,0.27880,0.98352,-0.10662,1,1,0.450
27.8280,429,FL,21,1.22709,0.16481,0.29980,134,134,134,0.27870,1.34618,0.19344,1,1,0.450
27.8280,429,BL,14,0.77645,0.15336,0.30029,134,134,134,0.27919,0.84522,0.16290,1,1,0.450
27.8280,429,FR,6,1.09562,-0.12280,0.30290,134,134,134,0.28179,1.22008,-0.14189,1,1,0.450
27.8280,429,BR,29,0.91052,-0.10832,0.29989,134,134,134,0.27879,0.98457,-0.10234,1,1,0.450
27.8380,429,FL,21,1.22542,0.16499,0.29983,134,134,134,0.27873,1.34459,0.19332,1,1,0.450
27.8400,429,BL,14,0.77484,0.15387,0.30030,134,134,134,0.27919,0.84355,0.16327,1,1,0.450
27.8400,429,FR,6,1.09426,-0.12249,0.30309,134,134,134,0.28198,1.21801,-0.14139,1,1,0.450
27.8400,429,BR,29,0.90886,-0.10802,0.29990,134,134,134,0.27880,0.98336,-0.10201,1,1,0.450
27.8480,430,FL,20,1.22486,0.16525,0.29986,134,134,134,0.27875,1.34002,0.19325,1,1,0.450
27.8480,430,BL,13,0.77440,0.15414,0.30046,134,134,134,0.27936,0.84273,0.16374,1,1,0.450
27.8480,430,FR,5,1.09415,-0.12245,0.30343,134,134,134,0.28232,1.21722,-0.14119,1,1,0.450
27.8500,430,BR,28,0.90825,-0.10769,0.29991,134,134,134,0.27880,0.97877,-0.10207,1,1,0.450
27.8580,430,FL,20,1.22364,0.16485,0.29983,134,134,134,0.27873,1.34362,0.19450,1,1,0.450
27.8580,430,BL,13,0.77297,0.15320,0.30065,134,134,134,0.27954,0.84091,0.16340,1,1,0.450
27.8580,430,FR,5,1.09296,-0.12261,0.30384,134,134,134,0.28273,1.21531,-0.14150,1,1,0.450
27.8580,430,BR,28,0.90673,-0.10694,0.29990,134,134,134,0.27880,0.98001,-0.09940,1,1,0.450
27.8680,430,FL,20,1.22320,0.16500,0.29992,134,134,134,0.27882,1.34327,0.19425,1,1,0.450
27.8700,430,BL,13,0.77261,0.15380,0.30081,134,134,134,0.27971,0.84040,0.16360,1,1,0.450
27.8700,430,FR,5,1.09290,-0.12204,0.30465,134,134,134,0.28353,1.21462,-0.14081,1,1,0.450
27.8700,430,BR,28,0.90636,-0.10681,0.29991,134,134,134,0.27881,0.98013,-0.09931,1,1,0.450
27.8800,431,FL,19,1.22250,0.16520,0.29997,134,134,134,0.27887,1.33869,0.19379,1,1,0.450
27.8800,431,BL,12,0.77184,0.15427,0.30107,134,134,134,0.27997,0.83965,0.16371,1,1,0.450
27.8800,431,FR,4,1.09231,-0.12147,0.30542,133,133,133,0.28430,1.21341,-0.14003,1,1,0.450
27.8800,431,BR,27,0.90566,-0.10668,0.29991,134,134,134,0.27881,0.97548,-0.09975,1,1,0.450
27.8880,431,FL,19,1.22086,0.16493,0.29999,134,134,134,0.27889,1.34212,0.19458,1,1,0.450
27.8880,431,BL,12,0.76975,0.15380,0.30146,134,134,134,0.28036,0.83756,0.16325,1,1,0.450
27.8880,431,FR,4,1.09039,-0.12092,0.30627,132,132,132,0.28515,1.21063,-0.13943,1,1,0.450
27.8880,431,BR,27,0.90379,-0.10597,0.29992,134,134,134,0.27881,0.97702,-0.09798,1,1,0.450
27.9000,431,FL,19,1.22134,0.16504,0.30009,134,134,134,0.27899,1.34267,0.19428,1,1,0.450
27.9000,431,BL,12,0.77036,0.15431,0.30168,134,134,134,0.28057,0.83797,0.16337,1,1,0.450
27.9000,431,FR,4,1.09121,-0.12046,0.30719,132,132,132,0.28607,1.21111,-0.13883,1,1,0.450
27.9000,431,BR,27,0.90438,-0.10598,0.29992,134,134,134,0.27882,0.97815,-0.09815,1,1,0.450
27.9080,432,FL,18,1.22035,0.16521,0.30015,134,134,134,0.27905,1.33787,0.19357,1,1,0.450
27.9080,432,BL,11,0.76914,0.15488,0.30191,134,134,134,0.28080,0.83707,0.16329,1,1,0.450
27.9100,432,FR,3,1.09017,-0.11965,0.30789,132,132,132,0.28676,1.20941,-0.13764,1,1,0.450
27.9100,432,BR,26,0.90342,-0.10596,0.29993,134,134,134,0.27882,0.97322,-0.09883,1,1,0.450
27.9200,432,FL,18,1.22018,0.16491,0.30015,134,134,134,0.27904,1.34273,0.19417,1,1,0.450
27.9200,432,BL,11,0.76858,0.15433,0.30230,134,134,134,0.28119,0.83647,0.16282,1,1,0.450
27.9200,432,FR,3,1.08970,-0.11927,0.30851,131,131,131,0.28738,1.20847,-0.13719,1,1,0.450
27.9200,432,BR,26,0.90305,-0.10533,0.29993,134,134,134,0.27883,0.97656,-0.09766,1,1,0.450
27.9280,432,FL,18,1.21986,0.16494,0.30027,134,134,134,0.27916,1.34260,0.19366,1,1,0.450
27.9280,432,BL,11,0.76814,0.15488,0.30245,134,134,134,0.28134,0.83634,0.16267,1,1,0.450
27.9300,432,FR,3,1.08929,-0.11857,0.30928,131,131,131,0.28815,1.20782,-0.13637,1,1,0.450
27.9300,432,BR,26,0.90291,-0.10555,0.29992,134,134,134,0.27882,0.97694,-0.09808,1,1,0.450
27.9400,433,FL,17,1.21993,0.16485,0.30027,134,134,134,0.27916,1.34264,0.19347,1,1,0.450
27.9400,433,BL,10,0.76826,0.15481,0.30250,134,134,134,0.28139,0.83636,0.16245,1,1,0.450
27.9400,433,FR,2,1.08942,-0.11837,0.30938,131,131,131,0.28825,1.20823,-0.13635,1,1,0.450
27.9400,433,BR,25,0.90298,-0.10571,0.29992,134,134,134,0.27882,0.97301,-0.09898,1,1,0.450
27.9480,433,FL,17,1.22028,0.16431,0.30027,134,134,134,0.27916,1.34400,0.19307,1,1,0.450
27.9480,433,BL,10,0.76810,0.15407,0.30275,134,134,134,0.28164,0.83648,0.16147,1,1,0.450
27.9480,433,FR,2,1.08921,-0.11783,0.30950,131,131,131,0.28836,1.20823,-0.13605,1,1,0.450
27.9480,433,BR,25,0.90320,-0.10545,0.29992,134,134,134,0.27882,0.97701,-0.09836,1,1,0.450
27.9600,433,FL,17,1.22054,0.16414,0.30032,134,134,134,0.27922,1.34418,0.19255,1,1,0.450
27.9600,433,BL,10,0.76836,0.15411,0.30275,134,134,134,0.28164,0.83698,0.16103,1,1,0.450
27.9600,433,FR,2,1.08918,-0.11751,0.30955,131,131,131,0.28841,1.20888,-0.13608,1,1,0.450
27.9600,433,BR,25,0.90361,-0.10591,0.29990,134,134,134,0.27880,0.97789,-0.09901,1,1,0.450
27.9720,434,FL,16,1.22133,0.16366,0.30035,134,134,134,0.27925,1.34907,0.19245,1,1,0.450
27.9720,434,BL,9,0.76900,0.15368,0.30281,134,134,134,0.28170,0.83796,0.16000,1,1,0.450
27.9720,434,FR,1,1.08935,-0.11724,0.30949,131,131,131,0.28836,1.21032,-0.13634,1,1,0.450
27.9720,434,BR,24,0.90453,-0.10667,0.29990,134,134,134,0.27880,0.97471,-0.10045,1,1,0.450
27.9840,434,FL,16,1.22335,0.16258,0.30040,134,134,134,0.27930,1.35187,0.19163,1,1,0.450
27.9840,434,BL,9,0.77058,0.15205,0.30306,134,134,134,0.28195,0.83997,0.15804,1,1,0.450
27.9840,434,FR,1,1.09011,-0.11696,0.30942,131,131,131,0.28829,1.21263,-0.13723,1,1,0.450
27.9840,434,BR,24,0.90655,-0.10714,0.29990,134,134,134,0.27879,0.98051,-0.10062,1,1,0.450
27.9920,435,FL,15,1.22276,0.16241,0.30056,134,134,134,0.27946,1.35168,0.19062,1,1,0.450
27.9940,435,BL,8,0.76934,0.15246,0.30280,134,134,134,0.28169,0.84011,0.15694,1,1,0.450
27.9940,435,FR,30,1.35667,-0.11578,0.30002,134,134,134,0.27892,1.46038,-0.12635,1,1,0.450
27.9940,435,BR,23,0.90645,-0.10805,0.29984,134,134,134,0.27874,0.97673,-0.10231,1,1,0.450
28.0160,435,FL,15,1.22570,0.16136,0.30048,134,134,134,0.27937,1.35482,0.19010,1,1,0.450
28.0160,435,BL,8,0.77222,0.15040,0.30254,134,134,134,0.28143,0.84287,0.15496,1,1,0.450
28.0180,435,FR,30,1.35976,-0.11629,0.30002,134,134,134,0.27892,1.47443,-0.12751,1,1,0.450
28.0180,435,BR,23,0.90950,-0.10873,0.29983,134,134,134,0.27873,0.98595,-0.10312,1,1,0.450
28.0260,436,FL,14,1.22791,0.15999,0.30068,134,134,134,0.27957,1.35839,0.18741,1,1,0.450
28.0260,436,BL,7,0.77290,0.14964,0.30344,134,134,134,0.28232,0.84630,0.15180,1,1,0.450
28.0260,436,FR,29,1.36358,-0.11832,0.30004,134,134,134,0.27893,1.47355,-0.12957,1,1,0.450
28.0260,436,BR,22,0.91313,-0.11183,0.29985,134,134,134,0.27875,0.98559,-0.10703,1,1,0.450
28.0360,436,FL,14,1.22824,0.16006,0.30063,134,134,134,0.27953,1.36032,0.18691,1,1,0.450
28.0360,436,BL,7,0.77208,0.14971,0.30310,134,134,134,0.28199,0.84671,0.15101,1,1,0.450
28.0360,436,FR,29,1.36477,-0.11865,0.30003,134,134,134,0.27893,1.48312,-0.13027,1,1,0.450
28.0360,436,BR,22,0.91412,-0.11186,0.29983,134,134,134,0.27873,0.99186,-0.10746,1,1,0.450
28.0460,436,FL,14,1.22829,0.16006,0.30072,134,134,134,0.27962,1.36120,0.18603,1,1,0.450
28.0460,436,BL,7,0.77165,0.15000,0.30317,134,134,134,0.28206,0.84696,0.15044,1,1,0.450
28.0460,436,FR,29,1.36579,-0.11926,0.30005,134,134,134,0.27895,1.48403,-0.13064,1,1,0.450
28.0460,436,BR,22,0.91498,-0.11279,0.29978,134,134,134,0.27868,0.99329,-0.10875,1,1,0.450
28.0580,437,FL,13,1.22868,0.15982,0.30064,134,134,134,0.27954,1.36188,0.18541,1,1,0.450
28.0580,437,BL,6,0.77180,0.14978,0.30286,134,134,134,0.28175,0.84746,0.14961,1,1,0.450
28.0580,437,FR,28,1.36660,-0.11979,0.30006,134,134,134,0.27895,1.48003,-0.13175,1,1,0.450
28.0580,437,BR,21,0.91575,-0.11357,0.29976,134,134,134,0.27866,0.98937,-0.11044,1,1,0.450
28.0700,437,FL,13,1.22907,0.15976,0.30058,134,134,134,0.27948,1.36303,0.18519,1,1,0.450
28.0700,437,BL,6,0.77179,0.14952,0.30274,134,134,134,0.28163,0.84776,0.14893,1,1,0.450
28.0700,437,FR,28,1.36741,-0.12002,0.30004,134,134,134,0.27893,1.48804,-0.13237,1,1,0.450
28.0700,437,BR,21,0.91639,-0.11353,0.29975,134,134,134,0.27865,0.99454,-0.11059,1,1,0.450
28.0840,438,FL,12,1.22865,0.15938,0.30084,134,134,134,0.27974,1.36263,0.18442,1,1,0.450
28.0840,438,BL,5,0.77145,0.14937,0.30340,134,134,134,0.28228,0.84753,0.14802,1,1,0.450
28.0840,438,FR,27,1.36732,-0.12062,0.30006,134,134,134,0.27896,1.48289,-0.13356,1,1,0.450
28.0840,438,BR,20,0.91623,-0.11443,0.29976,134,134,134,0.27865,0.98973,-0.11241,1,1,0.450
28.0940,438,FL,12,1.22885,0.15926,0.30093,134,134,134,0.27983,1.36334,0.18422,1,1,0.450
28.0940,438,BL,5,0.77140,0.14895,0.30388,134,134,134,0.28277,0.84766,0.14721,1,1,0.450
28.0940,438,FR,27,1.36779,-0.12095,0.30003,134,134,134,0.27893,1.48999,-0.13433,1,1,0.450
28.0940,438,BR,20,0.91652,-0.11441,0.29978,134,134,134,0.27868,0.99421,-0.11271,1,1,0.450
28.1040,438,FL,12,1.22928,0.15867,0.30116,134,134,134,0.28006,1.36376,0.18336,1,1,0.450
28.1040,438,BL,5,0.77197,0.14840,0.30444,134,134,134,0.28333,0.84811,0.14611,1,1,0.450
28.1040,438,FR,27,1.36858,-0.12167,0.30006,134,134,134,0.27895,1.49072,-0.13488,1,1,0.450
28.1040,438,BR,20,0.91725,-0.11547,0.29978,134,134,134,0.27867,0.99526,-0.11388,1,1,0.450
28.1140,439,FL,11,1.22884,0.15826,0.30138,134,134,134,0.28027,1.36299,0.18282,1,1,0.450
28.1140,439,BL,4,0.77165,0.14802,0.30515,133,133,133,0.28403,0.84781,0.14505,1,1,0.450
28.1140,439,FR,26,1.36802,-0.12213,0.30006,134,134,134,0.27896,1.48507,-0.13605,1,1,0.450
28.1140,439,BR,19,0.91672,-0.11611,0.29983,134,134,134,0.27873,0.98955,-0.11539,1,1,0.450
28.1240,439,FL,11,1.22881,0.15823,0.30149,134,134,134,0.28038,1.36307,0.18295,1,1,0.450
28.1240,439,BL,4,0.77158,0.14748,0.30559,133,133,133,0.28447,0.84773,0.14432,1,1,0.450
28.1240,439,FR,26,1.36804,-0.12218,0.30001,134,134,134,0.27891,1.49139,-0.13662,1,1,0.450
28.1240,439,BR,19,0.91656,-0.11583,0.29985,134,134,134,0.27875,0.99338,-0.11538,1,1,0.450
28.1340,439,FL,11,1.22875,0.15756,0.30178,134,134,134,0.28067,1.36299,0.18204,1,1,0.450
28.1340,439,BL,4,0.77179,0.14680,0.30629,132,132,132,0.28516,0.84749,0.14301,1,1,0.450
28.1340,439,FR,26,1.36842,-0.12290,0.30004,134,134,134,0.27894,1.49172,-0.13715,1,1,0.450
28.1340,439,BR,19,0.91688,-0.11703,0.29986,134,134,134,0.27876,0.99402,-0.11656,1,1,0.450
28.1440,440,FL,10,1.22838,0.15713,0.30198,134,134,134,0.28088,1.36236,0.18135,1,1,0.450
28.1440,440,BL,3,0.77165,0.14640,0.30680,132,132,132,0.28568,0.84697,0.14192,1,1,0.450
28.1460,440,FR,25,1.36811,-0.12349,0.30005,134,134,134,0.27894,1.48625,-0.13845,1,1,0.450
28.1460,440,BR,18,0.91656,-0.11785,0.29991,134,134,134,0.27881,0.98849,-0.11835,1,1,0.450
28.1540,440,FL,10,1.22767,0.15741,0.30214,134,134,134,0.28103,1.36145,0.18164,1,1,0.450
28.1540,440,BL,3,0.77113,0.14621,0.30713,132,132,132,0.28601,0.84621,0.14149,1,1,0.450
28.1540,440,FR,25,1.36726,-0.12340,0.29998,134,134,134,0.27888,1.49150,-0.13898,1,1,0.450
28.1540,440,BR,18,0.91555,-0.11736,0.29994,134,134,134,0.27884,0.99133,-0.11832,1,1,0.450
28.1660,440,FL,10,1.22726,0.15697,0.30236,134,134,134,0.28125,1.36086,0.18071,1,1,0.450
28.1660,440,BL,3,0.77130,0.14585,0.30741,132,132,132,0.28629,0.84529,0.14062,1,1,0.450
28.1680,440,FR,25,1.36720,-0.12417,0.30003,134,134,134,0.27892,1.49141,-0.13959,1,1,0.450
28.1680,440,BR,18,0.91544,-0.11851,0.29992,134,134,134,0.27882,0.99149,-0.11961,1,1,0.450
28.1780,441,FL,9,1.22663,0.15675,0.30248,134,134,134,0.28137,1.35968,0.17989,1,1,0.450
28.1780,441,BL,2,0.77126,0.14583,0.30753,132,132,132,0.28640,0.84426,0.14004,1,1,0.450
28.1780,441,FR,24,1.36638,-0.12494,0.30003,134,134,134,0.27893,1.48534,-0.14120,1,1,0.450
28.1780,441,BR,17,0.91465,-0.11934,0.29996,134,134,134,0.27886,0.99055,-0.12084,1,1,0.450
28.1880,441,FL,9,1.22551,0.15744,0.30266,134,134,134,0.28155,1.35773,0.18036,1,1,0.450
28.1880,441,BL,2,0.77069,0.14611,0.30771,132,132,132,0.28658,0.84329,0.14027,1,1,0.450
28.1900,441,FR,24,1.36471,-0.12488,0.29996,134,134,134,0.27886,1.48962,-0.14180,1,1,0.450
28.1900,441,BR,17,0.91282,-0.11859,0.29999,134,134,134,0.27889,0.98730,-0.12189,1,1,0.450
28.2040,442,FL,8,1.22538,0.15718,0.30277,134,134,134,0.28166,1.35698,0.17942,1,1,0.450
28.2040,442,BL,1,0.77122,0.14612,0.30759,132,132,132,0.28646,0.84266,0.14022,1,1,0.450
28.2040,442,FR,23,1.36410,-0.12580,0.30001,134,134,134,0.27890,1.48356,-0.14371,1,1,0.450
28.2040,442,BR,16,0.91236,-0.11946,0.29998,134,134,134,0.27888,0.98650,-0.12312,1,1,0.450
28.2240,442,FL,8,1.22497,0.15782,0.30279,134,134,134,0.28167,1.35509,0.17934,1,1,0.450
28.2240,442,BL,1,0.77151,0.14634,0.30741,132,132,132,0.28628,0.84240,0.14091,1,1,0.450
28.2260,442,FR,23,1.36245,-0.12650,0.29997,134,134,134,0.27887,1.48236,-0.14972,1,1,0.450
28.2260,442,BR,16,0.91074,-0.11887,0.30002,134,134,134,0.27892,0.98384,-0.12420,1,1,0.450
28.2360,443,FL,7,1.22484,0.15775,0.30260,134,134,134,0.28149,1.35286,0.17811,1,1,0.450
28.2360,443,BL,30,1.04331,0.14674,0.29988,134,134,134,0.27878,1.12113,0.14980,1,1,0.450
28.2360,443,FR,22,1.36014,-0.12777,0.29989,134,134,134,0.27879,1.47586,-0.15082,1,1,0.450
28.2360,443,BR,15,0.90884,-0.11938,0.30000,134,134,134,0.27889,0.98080,-0.12584,1,1,0.450
28.2460,443,FL,7,1.22417,0.15834,0.30237,134,134,134,0.28126,1.35118,0.17839,1,1,0.450
28.2460,443,BL,30,1.04147,0.14566,0.29987,134,134,134,0.27877,1.11775,0.14288,1,1,0.450
28.2460,443,FR,22,1.35824,-0.12814,0.29985,134,134,134,0.27875,1.47719,-0.15469,1,1,0.450
28.2460,443,BR,15,0.90709,-0.11827,0.30000,134,134,134,0.27890,0.97789,-0.12626,1,1,0.450
28.2540,443,FL,7,1.22463,0.15796,0.30275,134,134,134,0.28164,1.35098,0.17760,1,1,0.450
28.2540,443,BL,30,1.04130,0.14502,0.29989,134,134,134,0.27879,1.11807,0.14223,1,1,0.450
28.2540,443,FR,22,1.35789,-0.12879,0.29985,134,134,134,0.27875,1.47693,-0.15507,1,1,0.450
28.2540,443,BR,15,0.90697,-0.11877,0.30002,134,134,134,0.27891,0.97724,-0.12697,1,1,0.450
28.2660,444,FL,6,1.22415,0.15796,0.30272,134,134,134,0.28160,1.34968,0.17724,1,1,0.450
28.2660,444,BL,29,1.04011,0.14456,0.29989,134,134,134,0.27879,1.11273,0.14184,1,1,0.450
28.2660,444,FR,21,1.35668,-0.12932,0.29986,134,134,134,0.27875,1.47146,-0.15564,1,1,0.450
28.2660,444,BR,14,0.90596,-0.11907,0.30008,134,134,134,0.27898,0.97578,-0.12761,1,1,0.450
28.2740,444,FL,6,1.22307,0.15849,0.30256,134,134,134,0.28145,1.34763,0.17774,1,1,0.450
28.2740,444,BL,29,1.03815,0.14362,0.29988,134,134,134,0.27878,1.11219,0.13764,1,1,0.450
28.2760,444,FR,21,1.35502,-0.12912,0.29980,134,134,134,0.27870,1.47415,-0.15771,1,1,0.450
28.2760,444,BR,14,0.90431,-0.11808,0.30015,134,134,134,0.27905,0.97326,-0.12762,1,1,0.450
28.2860,444,FL,6,1.22248,0.15836,0.30263,134,134,134,0.28152,1.34655,0.17747,1,1,0.450
28.2860,444,BL,29,1.03728,0.14340,0.29989,134,134,134,0.27879,1.11179,0.13740,1,1,0.450
28.2860,444,FR,21,1.35409,-0.12923,0.29982,134,134,134,0.27872,1.47330,-0.15755,1,1,0.450
28.2860,444,BR,14,0.90350,-0.11842,0.30013,134,134,134,0.27902,0.97223,-0.12796,1,1,0.450
28.2960,445,FL,5,1.22178,0.15821,0.30297,134,134,134,0.28186,1.34504,0.17717,1,1,0.450
28.2960,445,BL,28,1.03604,0.14308,0.29989,134,134,134,0.27879,1.10657,0.13744,1,1,0.450
28.2960,445,FR,20,1.35288,-0.12952,0.29985,134,134,134,0.27874,1.46808,-0.15754,1,1,0.450
28.2960,445,BR,13,0.90238,-0.11870,0.30027,134,134,134,0.27916,0.97082,-0.12836,1,1,0.450
28.3060,445,FL,5,1.22177,0.15856,0.30327,134,134,134,0.28216,1.34426,0.17770,1,1,0.450
28.3060,445,BL,28,1.03535,0.14229,0.29989,134,134,134,0.27879,1.10864,0.13472,1,1,0.450
28.3060,445,FR,20,1.35250,-0.12913,0.29981,134,134,134,0.27871,1.47244,-0.15888,1,1,0.450
28.3060,445,BR,13,0.90195,-0.11764,0.30044,134,134,134,0.27934,0.96967,-0.12812,1,1,0.450
28.3160,445,FL,5,1.22037,0.15788,0.30400,134,134,134,0.28288,1.34227,0.17684,1,1,0.450
28.3180,445,BL,28,1.03409,0.14223,0.29990,134,134,134,0.27880,1.10786,0.13467,1,1,0.450
28.3180,445,FR,20,1.35112,-0.12927,0.29990,134,134,134,0.27879,1.47122,-0.15857,1,1,0.450
28.3180,445,BR,13,0.90047,-0.11831,0.30060,134,134,134,0.27950,0.96843,-0.12819,1,1,0.450
28.3280,446,FL,4,1.22029,0.15739,0.30493,133,133,133,0.28381,1.34156,0.17619,1,1,0.450
28.3280,446,BL,27,1.03377,0.14209,0.29991,134,134,134,0.27880,1.10361,0.13513,1,1,0.450
28.3280,446,FR,19,1.35083,-0.12944,0.29996,134,134,134,0.27886,1.46705,-0.15808,1,1,0.450
28.3280,446,BR,12,0.90018,-0.11875,0.30089,134,134,134,0.27979,0.96797,-0.12834,1,1,0.450
28.3380,446,FL,4,1.21835,0.15686,0.30573,132,132,132,0.28461,1.33868,0.17561,1,1,0.450
28.3380,446,BL,27,1.03187,0.14140,0.29991,134,134,134,0.27880,1.10512,0.13338,1,1,0.450
28.3380,446,FR,19,1.34917,-0.12912,0.29997,134,134,134,0.27887,1.47045,-0.15882,1,1,0.450
28.3380,446,BR,12,0.89806,-0.11827,0.30126,134,134,134,0.28015,0.96590,-0.12783,1,1,0.450
28.3480,446,FL,4,1.21852,0.15626,0.30671,132,132,132,0.28559,1.33841,0.17489,1,1,0.450
28.3480,446,BL,27,1.03183,0.14143,0.29991,134,134,134,0.27881,1.10561,0.13358,1,1,0.450
28.3480,446,FR,19,1.34901,-0.12922,0.30008,134,134,134,0.27898,1.47040,-0.15845,1,1,0.450
28.3480,446,BR,12,0.89800,-0.11885,0.30148,134,134,134,0.28037,0.96569,-0.12793,1,1,0.450
28.3580,447,FL,3,1.21890,0.15584,0.30736,132,132,132,0.28623,1.33849,0.17433,1,1,0.450
28.3580,447,BL,26,1.03205,0.14144,0.29992,134,134,134,0.27881,1.10186,0.13426,1,1,0.450
28.3580,447,FR,18,1.34925,-0.12927,0.30013,134,134,134,0.27902,1.46669,-0.15781,1,1,0.450
28.3580,447,BR,11,0.89822,-0.11910,0.30170,134,134,134,0.28059,0.96587,-0.12787,1,1,0.450
28.3680,447,FL,3,1.21837,0.15529,0.30802,132,132,132,0.28689,1.33735,0.17371,1,1,0.450
28.3680,447,BL,26,1.03159,0.14089,0.29992,134,134,134,0.27882,1.10507,0.13313,1,1,0.450
28.3680,447,FR,18,1.34905,-0.12888,0.30013,134,134,134,0.27903,1.47150,-0.15824,1,1,0.450
28.3680,447,BR,11,0.89756,-0.11861,0.30206,134,134,134,0.28095,0.96532,-0.12722,1,1,0.450
28.3780,447,FL,3,1.21890,0.15492,0.30861,131,131,131,0.28748,1.33794,0.17341,1,1,0.450
28.3780,447,BL,26,1.03211,0.14112,0.29991,134,134,134,0.27881,1.10610,0.13356,1,1,0.450
28.3780,447,FR,18,1.34944,-0.12883,0.30023,134,134,134,0.27913,1.47193,-0.15781,1,1,0.450
28.3780,447,BR,11,0.89803,-0.11887,0.30215,134,134,134,0.28104,0.96579,-0.12708,1,1,0.450
28.3880,448,FL,2,1.21743,0.15421,0.30886,131,131,131,0.28773,1.33630,0.17256,1,1,0.450
28.3880,448,BL,25,1.03099,0.14130,0.29992,134,134,134,0.27881,1.10096,0.13445,1,1,0.450
28.3880,448,FR,17,1.34826,-0.12884,0.30026,134,134,134,0.27916,1.47092,-0.15748,1,1,0.450
28.3880,448,BR,10,0.89657,-0.11922,0.30227,134,134,134,0.28116,0.96476,-0.12677,1,1,0.450
28.3980,448,FL,2,1.21813,0.15400,0.30893,131,131,131,0.28780,1.33757,0.17283,1,1,0.450
28.3980,448,BL,25,1.03181,0.14106,0.29991,134,134,134,0.27881,1.10560,0.13389,1,1,0.450
28.3980,448,FR,17,1.34924,-0.12821,0.30024,134,134,134,0.27913,1.47276,-0.15714,1,1,0.450
28.3980,448,BR,10,0.89732,-0.11817,0.30252,134,134,134,0.28141,0.96532,-0.12585,1,1,0.450
28.4080,448,FL,2,1.21719,0.15336,0.30908,131,131,131,0.28795,1.33697,0.17232,1,1,0.450
28.4080,448,BL,25,1.03163,0.14154,0.29990,134,134,134,0.27879,1.10587,0.13454,1,1,0.450
28.4080,448,FR,17,1.34886,-0.12810,0.30032,134,134,134,0.27922,1.47247,-0.15651,1,1,0.450
28.4080,448,BR,10,0.89669,-0.11849,0.30254,134,134,134,0.28143,0.96536,-0.12533,1,1,0.450
28.4180,449,FL,1,1.21731,0.15312,0.30906,131,131,131,0.28793,1.33810,0.17253,1,1,0.450
28.4180,449,BL,24,1.03237,0.14215,0.29989,134,134,134,0.27879,1.10254,0.13587,1,1,0.450
28.4180,449,FR,16,1.34949,-0.12771,0.30034,134,134,134,0.27924,1.47722,-0.15654,1,1,0.450
28.4180,449,BR,9,0.89718,-0.11815,0.30257,134,134,134,0.28146,0.96613,-0.12451,1,1,0.450
28.4280,449,FL,1,1.21714,0.15274,0.30911,131,131,131,0.28798,1.33819,0.17231,1,1,0.450
28.4280,449,BL,24,1.03321,0.14220,0.29988,134,134,134,0.27877,1.10725,0.13575,1,1,0.450
28.4280,449,FR,16,1.35027,-0.12708,0.30035,134,134,134,0.27925,1.47912,-0.15584,1,1,0.450
28.4280,449,BR,9,0.89730,-0.11731,0.30264,134,134,134,0.28153,0.96686,-0.12320,1,1,0.450
28.4380,449,FL,1,1.21804,0.15263,0.30920,131,131,131,0.28807,1.34108,0.17366,1,1,0.450
28.4380,449,BL,24,1.03533,0.14349,0.29985,134,134,134,0.27875,1.10980,0.13712,1,1,0.450
28.4380,449,FR,16,1.35214,-0.12624,0.30048,134,134,134,0.27937,1.48071,-0.15485,1,1,0.450
28.4380,449,BR,9,0.89927,-0.11631,0.30279,134,134,134,0.28168,0.96913,-0.12163,1,1,0.450
28.4480,450,FL,30,1.48710,0.15252,0.30002,134,134,134,0.27892,1.59077,0.16302,1,1,0.450
28.4480,450,BL,23,1.03690,0.14470,0.29983,134,134,134,0.27873,1.10714,0.13886,1,1,0.450
28.4480,450,FR,15,1.35347,-0.12546,0.30058,134,134,134,0.27948,1.48207,-0.15392,1,1,0.450
28.4480,450,BR,8,0.90031,-0.11556,0.30270,134,134,134,0.28159,0.97088,-0.11995,1,1,0.450
28.4680,450,FL,30,1.48785,0.15281,0.30002,134,134,134,0.27892,1.60250,0.16404,1,1,0.450
28.4680,450,BL,23,1.03764,0.14501,0.29987,134,134,134,0.27877,1.11395,0.13931,1,1,0.450
28.4680,450,FR,15,1.35439,-0.12463,0.30059,134,134,134,0.27949,1.48294,-0.15354,1,1,0.450
28.4680,450,BR,8,0.90112,-0.11399,0.30289,134,134,134,0.28178,0.97191,-0.11814,1,1,0.450
28.4780,451,FL,29,1.49176,0.15469,0.30004,134,134,134,0.27893,1.60175,0.16603,1,1,0.450
28.4800,451,BL,22,1.04132,0.14771,0.29984,134,134,134,0.27874,1.11370,0.14297,1,1,0.450
28.4800,451,FR,14,1.35635,-0.12383,0.30066,134,134,134,0.27956,1.48701,-0.15089,1,1,0.450
28.4800,451,BR,7,0.90111,-0.11424,0.30305,134,134,134,0.28194,0.97488,-0.11594,1,1,0.450
28.4880,451,FL,29,1.49212,0.15488,0.30003,134,134,134,0.27893,1.61045,0.16663,1,1,0.450
28.4880,451,BL,22,1.04151,0.14754,0.29982,134,134,134,0.27872,1.11914,0.14319,1,1,0.450
28.4880,451,FR,14,1.35614,-0.12389,0.30062,134,134,134,0.27951,1.48795,-0.15065,1,1,0.450
28.4880,451,BR,7,0.90014,-0.11414,0.30286,134,134,134,0.28174,0.97468,-0.11519,1,1,0.450
28.5000,451,FL,29,1.49319,0.15552,0.30005,134,134,134,0.27895,1.61142,0.16704,1,1,0.450
28.5000,451,BL,22,1.04244,0.14852,0.29977,134,134,134,0.27867,1.12056,0.14449,1,1,0.450
28.5000,451,FR,14,1.35632,-0.12381,0.30069,134,134,134,0.27959,1.48885,-0.14972,1,1,0.450
28.5000,451,BR,7,0.89987,-0.11436,0.30281,134,134,134,0.28170,0.97506,-0.11455,1,1,0.450
28.5100,452,FL,28,1.49418,0.15615,0.30006,134,134,134,0.27896,1.60761,0.16822,1,1,0.450
28.5100,452,BL,21,1.04337,0.14944,0.29976,134,134,134,0.27866,1.11685,0.14635,1,1,0.450
28.5100,452,FR,13,1.35669,-0.12362,0.30062,134,134,134,0.27952,1.48980,-0.14893,1,1,0.450
28.5100,452,BR,6,0.89978,-0.11432,0.30255,134,134,134,0.28144,0.97557,-0.11371,1,1,0.450
28.5180,452,FL,28,1.49415,0.15615,0.30004,134,134,134,0.27894,1.61477,0.16865,1,1,0.450
28.5200,452,BL,21,1.04318,0.14907,0.29975,134,134,134,0.27865,1.12116,0.14621,1,1,0.450
28.5200,452,FR,13,1.35642,-0.12377,0.30061,134,134,134,0.27951,1.49010,-0.14900,1,1,0.450
28.5200,452,BR,6,0.89927,-0.11424,0.30255,134,134,134,0.28144,0.97517,-0.11332,1,1,0.450
28.5300,452,FL,28,1.49529,0.15674,0.30006,134,134,134,0.27896,1.61584,0.16908,1,1,0.450
28.5300,452,BL,21,1.04424,0.14995,0.29973,134,134,134,0.27863,1.12257,0.14725,1,1,0.450
28.5300,452,FR,13,1.35707,-0.12340,0.30074,134,134,134,0.27964,1.49099,-0.14827,1,1,0.450
28.5300,452,BR,6,0.89989,-0.11399,0.30284,134,134,134,0.28173,0.97591,-0.11260,1,1,0.450
28.5400,453,FL,27,1.49573,0.15742,0.30007,134,134,134,0.27896,1.61130,0.17041,1,1,0.450
28.5400,453,BL,20,1.04466,0.15084,0.29977,134,134,134,0.27867,1.11805,0.14900,1,1,0.450
28.5400,453,FR,12,1.35731,-0.12289,0.30090,134,134,134,0.27980,1.49131,-0.14748,1,1,0.450
28.5400,453,BR,5,0.90002,-0.11362,0.30340,134,134,134,0.28229,0.97629,-0.11150,1,1,0.450
28.5560,453,FL,27,1.49660,0.15762,0.30003,134,134,134,0.27893,1.61881,0.17110,1,1,0.450
28.5560,453,BL,20,1.04535,0.15069,0.29979,134,134,134,0.27868,1.12299,0.14911,1,1,0.450
28.5560,453,FR,12,1.35791,-0.12279,0.30099,134,134,134,0.27988,1.49242,-0.14740,1,1,0.450
28.5560,453,BR,5,0.90043,-0.11307,0.30377,134,134,134,0.28265,0.97670,-0.11082,1,1,0.450
28.5680,454,FL,26,1.49610,0.15844,0.30006,134,134,134,0.27896,1.61312,0.17249,1,1,0.450
28.5680,454,BL,19,1.04482,0.15200,0.29982,134,134,134,0.27872,1.11760,0.15119,1,1,0.450
28.5680,454,FR,11,1.35725,-0.12197,0.30138,134,134,134,0.28027,1.49139,-0.14637,1,1,0.450
28.5680,454,BR,4,0.90003,-0.11236,0.30491,133,133,133,0.28380,0.97624,-0.10909,1,1,0.450
28.5800,454,FL,26,1.49605,0.15861,0.30001,134,134,134,0.27891,1.61940,0.17315,1,1,0.450
28.5800,454,BL,19,1.04459,0.15187,0.29985,134,134,134,0.27875,1.12135,0.15142,1,1,0.450
28.5800,454,FR,11,1.35711,-0.12190,0.30151,134,134,134,0.28041,1.49134,-0.14638,1,1,0.450
28.5800,454,BR,4,0.89991,-0.11174,0.30538,133,133,133,0.28427,0.97596,-0.10817,1,1,0.450
28.5940,455,FL,25,1.49632,0.15947,0.30004,134,134,134,0.27894,1.61443,0.17463,1,1,0.450
28.5940,455,BL,18,1.04481,0.15323,0.29985,134,134,134,0.27875,1.11666,0.15366,1,1,0.450
28.5940,455,FR,10,1.35699,-0.12117,0.30179,134,134,134,0.28068,1.49107,-0.14530,1,1,0.450
28.5940,455,BR,3,0.90016,-0.11107,0.30597,132,132,132,0.28484,0.97562,-0.10672,1,1,0.450
28.6060,455,FL,25,1.49535,0.15963,0.29998,134,134,134,0.27888,1.61957,0.17539,1,1,0.450
28.6060,455,BL,18,1.04367,0.15302,0.29990,134,134,134,0.27880,1.11937,0.15403,1,1,0.450
28.6060,455,FR,10,1.35619,-0.12135,0.30198,134,134,134,0.28087,1.48995,-0.14533,1,1,0.450
28.6060,455,BR,3,0.89964,-0.11081,0.30638,132,132,132,0.28525,0.97474,-0.10599,1,1,0.450
28.6180,455,FL,25,1.49518,0.16053,0.30003,134,134,134,0.27892,1.61936,0.17610,1,1,0.450
28.6180,455,BL,18,1.04347,0.15432,0.29990,134,134,134,0.27879,1.11939,0.15552,1,1,0.450
28.6180,455,FR,10,1.35572,-0.12085,0.30226,134,134,134,0.28115,1.48920,-0.14426,1,1,0.450
28.6180,455,BR,3,0.89984,-0.11043,0.30676,132,132,132,0.28564,0.97372,-0.10499,1,1,0.450
28.6300,456,FL,24,1.49434,0.16132,0.30003,134,134,134,0.27893,1.61327,0.17773,1,1,0.450
28.6300,456,BL,17,1.04267,0.15513,0.29994,134,134,134,0.27883,1.11841,0.15675,1,1,0.450
28.6300,456,FR,9,1.35514,-0.12060,0.30235,134,134,134,0.28124,1.48802,-0.14344,1,1,0.450
28.6300,456,BR,2,0.89982,-0.11039,0.30686,132,132,132,0.28574,0.97281,-0.10435,1,1,0.450
28.6420,456,FL,24,1.49350,0.16154,0.29996,134,134,134,0.27886,1.61840,0.17863,1,1,0.450
28.6420,456,BL,17,1.04162,0.15461,0.29994,134,134,134,0.27884,1.11604,0.15810,1,1,0.450
28.6420,456,FR,9,1.35463,-0.12115,0.30249,134,134,134,0.28138,1.48689,-0.14366,1,1,0.450
28.6420,456,BR,2,0.89998,-0.11048,0.30678,132,132,132,0.28565,0.97211,-0.10465,1,1,0.450
28.6520,456,FL,24,1.49185,0.16234,0.30000,134,134,134,0.27890,1.61660,0.17955,1,1,0.450
28.6520,456,BL,17,1.04020,0.15530,0.29995,134,134,134,0.27885,1.11413,0.15923,1,1,0.450
28.6520,456,FR,9,1.35390,-0.12107,0.30261,134,134,134,0.28150,1.48512,-0.14284,1,1,0.450
28.6520,456,BR,2,0.89987,-0.11075,0.30681,132,132,132,0.28569,0.97125,-0.10467,1,1,0.450
28.6620,457,FL,23,1.49100,0.16295,0.30000,134,134,134,0.27890,1.61037,0.18116,1,1,0.450
28.6620,457,BL,16,1.03949,0.15561,0.30000,134,134,134,0.27889,1.11301,0.16001,1,1,0.450
28.6620,457,FR,8,1.35368,-0.12104,0.30260,134,134,134,0.28149,1.48424,-0.14237,1,1,0.450
28.6620,457,BR,1,0.89997,-0.11087,0.30679,132,132,132,0.28567,0.97091,-0.10478,1,1,0.450
28.6840,458,FL,22,1.49001,0.16353,0.29998,134,134,134,0.27887,1.60540,0.18720,1,1,0.450
28.6840,458,BL,15,1.03851,0.15485,0.30002,134,134,134,0.27892,1.11106,0.16079,1,1,0.450
28.6840,458,FR,7,1.35381,-0.12164,0.30267,134,134,134,0.28156,1.48314,-0.14243,1,1,0.450
28.6840,458,BR,30,1.17353,-0.11166,0.29986,134,134,134,0.27876,1.25065,-0.11418,1,1,0.450
28.6940,458,FL,22,1.48703,0.16434,0.29985,134,134,134,0.27874,1.60600,0.19085,1,1,0.450
28.6940,458,BL,15,1.03583,0.15418,0.30009,134,134,134,0.27899,1.10672,0.16181,1,1,0.450
28.6940,458,FR,7,1.35313,-0.12189,0.30250,134,134,134,0.28139,1.48025,-0.14177,1,1,0.450
28.6940,458,BR,30,1.17056,-0.10984,0.29988,134,134,134,0.27878,1.24682,-0.10700,1,1,0.450
28.7020,458,FL,22,1.48532,0.16484,0.29987,134,134,134,0.27877,1.60443,0.19101,1,1,0.450
28.7020,458,BL,15,1.03424,0.15474,0.30015,134,134,134,0.27905,1.10481,0.16238,1,1,0.450
28.7020,458,FR,7,1.35186,-0.12135,0.30317,134,134,134,0.28206,1.47838,-0.14094,1,1,0.450
28.7040,458,BR,30,1.16901,-0.10937,0.29990,134,134,134,0.27879,1.24579,-0.10658,1,1,0.450
28.7140,459,FL,21,1.48501,0.16553,0.29988,134,134,134,0.27877,1.59985,0.19177,1,1,0.450
28.7140,459,BL,14,1.03423,0.15511,0.30022,134,134,134,0.27911,1.10410,0.16325,1,1,0.450
28.7140,459,FR,6,1.35250,-0.12136,0.30317,134,134,134,0.28205,1.47822,-0.14054,1,1,0.450
28.7140,459,BR,29,1.16875,-0.10874,0.29990,134,134,134,0.27879,1.24140,-0.10604,1,1,0.450
28.7240,459,FL,21,1.48335,0.16542,0.29982,134,134,134,0.27871,1.60251,0.19395,1,1,0.450
28.7240,459,BL,14,1.03258,0.15415,0.30025,134,134,134,0.27915,1.10161,0.16334,1,1,0.450
28.7240,459,FR,6,1.35151,-0.12186,0.30295,134,134,134,0.28184,1.47617,-0.14096,1,1,0.450
28.7240,459,BR,29,1.16679,-0.10774,0.29989,134,134,134,0.27879,1.24085,-0.10176,1,1,0.450
28.7380,459,FL,21,1.48262,0.16566,0.29983,134,134,134,0.27873,1.60180,0.19399,1,1,0.450
28.7380,459,BL,14,1.03207,0.15457,0.30023,134,134,134,0.27913,1.10067,0.16391,1,1,0.450
28.7380,459,FR,6,1.35136,-0.12180,0.30294,134,134,134,0.28182,1.47539,-0.14069,1,1,0.450
28.7380,459,BR,29,1.16607,-0.10734,0.29990,134,134,134,0.27880,1.24059,-0.10135,1,1,0.450
28.7520,460,FL,20,1.48124,0.16599,0.29986,134,134,134,0.27876,1.59642,0.19400,1,1,0.450
28.7520,460,BL,13,1.03077,0.15494,0.30041,134,134,134,0.27930,1.09909,0.16442,1,1,0.450
28.7520,460,FR,5,1.35048,-0.12163,0.30333,134,134,134,0.28222,1.47359,-0.14032,1,1,0.450
28.7520,460,BR,28,1.16464,-0.10694,0.29990,134,134,134,0.27880,1.23516,-0.10132,1,1,0.450
28.7620,460,FL,20,1.48011,0.16571,0.29986,134,134,134,0.27875,1.60010,0.19532,1,1,0.450
28.7620,460,BL,13,1.02948,0.15415,0.30070,134,134,134,0.27959,1.09723,0.16420,1,1,0.450
28.7620,460,FR,5,1.34959,-0.12161,0.30407,134,134,134,0.28296,1.47174,-0.14044,1,1,0.450
28.7620,460,BR,28,1.16321,-0.10609,0.29990,134,134,134,0.27880,1.23651,-0.09856,1,1,0.450
28.7720,461,FL,19,1.47875,0.16588,0.29995,134,134,134,0.27884,1.59496,0.19455,1,1,0.450
28.7720,461,BL,12,1.02806,0.15487,0.30088,134,134,134,0.27978,1.09594,0.16432,1,1,0.450
28.7720,461,FR,4,1.34831,-0.12090,0.30488,133,133,133,0.28376,1.46981,-0.13946,1,1,0.450
28.7720,461,BR,27,1.16198,-0.10601,0.29991,134,134,134,0.27880,1.23181,-0.09899,1,1,0.450
28.7820,461,FL,19,1.47866,0.16558,0.29994,134,134,134,0.27883,1.59975,0.19551,1,1,0.450
28.7820,461,BL,12,1.02784,0.15409,0.30122,134,134,134,0.28011,1.09513,0.16400,1,1,0.450
28.7820,461,FR,4,1.34853,-0.12079,0.30553,133,133,133,0.28441,1.46921,-0.13939,1,1,0.450
28.7820,461,BR,27,1.16159,-0.10525,0.29991,134,134,134,0.27880,1.23483,-0.09719,1,1,0.450
28.7940,461,FL,19,1.47797,0.16573,0.30004,134,134,134,0.27894,1.59921,0.19519,1,1,0.450
28.7940,461,BL,12,1.02707,0.15480,0.30139,134,134,134,0.28028,1.09461,0.16405,1,1,0.450
28.7940,461,FR,4,1.34783,-0.12004,0.30637,132,132,132,0.28524,1.46804,-0.13846,1,1,0.450
28.7940,461,BR,27,1.16103,-0.10524,0.29991,134,134,134,0.27881,1.23476,-0.09731,1,1,0.450
28.8020,462,FL,18,1.47630,0.16600,0.30013,134,134,134,0.27903,1.59384,0.19450,1,1,0.450
28.8020,462,BL,11,1.02510,0.15552,0.30175,134,134,134,0.28065,1.09301,0.16405,1,1,0.450
28.8040,462,FR,3,1.34600,-0.11906,0.30745,132,132,132,0.28632,1.46545,-0.13707,1,1,0.450
28.8040,462,BR,26,1.15945,-0.10517,0.29992,134,134,134,0.27882,1.22925,-0.09795,1,1,0.450
28.8120,462,FL,18,1.47720,0.16565,0.30012,134,134,134,0.27902,1.59961,0.19514,1,1,0.450
28.8120,462,BL,11,1.02587,0.15482,0.30216,134,134,134,0.28106,1.09325,0.16365,1,1,0.450
28.8120,462,FR,3,1.34704,-0.11895,0.30815,132,132,132,0.28702,1.46604,-0.13687,1,1,0.450
28.8120,462,BR,26,1.16008,-0.10453,0.29992,134,134,134,0.27882,1.23361,-0.09678,1,1,0.450
28.8240,462,FL,18,1.47690,0.16567,0.30022,134,134,134,0.27911,1.59942,0.19474,1,1,0.450
28.8240,462,BL,11,1.02547,0.15528,0.30220,134,134,134,0.28109,1.09320,0.16352,1,1,0.450
28.8240,462,FR,3,1.34663,-0.11834,0.30866,131,131,131,0.28753,1.46551,-0.13630,1,1,0.450
28.8240,462,BR,26,1.15990,-0.10469,0.29992,134,134,134,0.27881,1.23390,-0.09711,1,1,0.450
28.8340,463,FL,17,1.47622,0.16570,0.30027,134,134,134,0.27916,1.59892,0.19442,1,1,0.450
28.8340,463,BL,10,1.02457,0.15562,0.30239,134,134,134,0.28128,1.09260,0.16327,1,1,0.450
28.8340,463,FR,2,1.34577,-0.11764,0.30919,131,131,131,0.28806,1.46450,-0.13550,1,1,0.450
28.8340,463,BR,25,1.15930,-0.10484,0.29992,134,134,134,0.27882,1.22930,-0.09800,1,1,0.450
28.8440,463,FL,17,1.47635,0.16533,0.30025,134,134,134,0.27915,1.60002,0.19428,1,1,0.450
28.8440,463,BL,10,1.02437,0.15491,0.30268,134,134,134,0.28157,1.09232,0.16267,1,1,0.450
28.8440,463,FR,2,1.34576,-0.11742,0.30931,131,131,131,0.28817,1.46427,-0.13519,1,1,0.450
28.8440,463,BR,25,1.15928,-0.10435,0.29992,134,134,134,0.27882,1.23312,-0.09722,1,1,0.450
28.8540,463,FL,17,1.47743,0.16491,0.30032,134,134,134,0.27922,1.60087,0.19360,1,1,0.450
28.8540,463,BL,10,1.02559,0.15462,0.30270,134,134,134,0.28159,1.09362,0.16193,1,1,0.450
28.8540,463,FR,2,1.34650,-0.11703,0.30945,131,131,131,0.28832,1.46647,-0.13572,1,1,0.450
28.8540,463,BR,25,1.16047,-0.10503,0.29990,134,134,134,0.27880,1.23476,-0.09804,1,1,0.450
28.8640,464,FL,16,1.47728,0.16473,0.30035,134,134,134,0.27925,1.60495,0.19370,1,1,0.450
28.8640,464,BL,9,1.02507,0.15467,0.30273,134,134,134,0.28162,1.09375,0.16123,1,1,0.450
28.8640,464,FR,1,1.34569,-0.11650,0.30953,131,131,131,0.28840,1.46615,-0.13529,1,1,0.450
28.8660,464,BR,24,1.16043,-0.10548,0.29990,134,134,134,0.27880,1.23058,-0.09917,1,1,0.450
28.8740,464,FL,16,1.47889,0.16393,0.30034,134,134,134,0.27923,1.60739,0.19312,1,1,0.450
28.8740,464,BL,9,1.02639,0.15334,0.30284,134,134,134,0.28173,1.09511,0.15986,1,1,0.450
28.8740,464,FR,1,1.34666,-0.11646,0.30929,131,131,131,0.28816,1.46844,-0.13582,1,1,0.450
28.8740,464,BR,24,1.16201,-0.10561,0.29989,134,134,134,0.27879,1.23603,-0.09909,1,1,0.450
28.8840,464,FL,16,1.47891,0.16365,0.30047,134,134,134,0.27937,1.60756,0.19228,1,1,0.450
28.8840,464,BL,9,1.02599,0.15345,0.30287,134,134,134,0.28176,1.09577,0.15885,1,1,0.450
28.8840,464,FR,1,1.34557,-0.11582,0.30965,131,131,131,0.28852,1.46758,-0.13553,1,1,0.450
28.8860,464,BR,24,1.16235,-0.10641,0.29986,134,134,134,0.27876,1.23677,-0.10005,1,1,0.450
28.8960,465,FL,15,1.48100,0.16276,0.30056,134,134,134,0.27945,1.60951,0.19142,1,1,0.450
28.8960,465,BL,8,1.02809,0.15219,0.30301,134,134,134,0.28190,1.09807,0.15709,1,1,0.450
28.8960,465,FR,30,1.61494,-0.11518,0.30002,134,134,134,0.27892,1.71862,-0.12563,1,1,0.450
28.8960,465,BR,23,1.16470,-0.10771,0.29985,134,134,134,0.27875,1.23500,-0.10197,1,1,0.450
28.9220,466,FL,14,1.48287,0.16177,0.30054,134,134,134,0.27944,1.61169,0.19065,1,1,0.450
28.9240,466,BL,7,1.02950,0.15057,0.30280,134,134,134,0.28169,1.10019,0.15486,1,1,0.450
28.9240,466,FR,29,1.61695,-0.11570,0.30002,134,134,134,0.27892,1.72705,-0.12744,1,1,0.450
28.9240,466,BR,22,1.16670,-0.10849,0.29986,134,134,134,0.27876,1.23854,-0.10344,1,1,0.450
28.9340,466,FL,14,1.48375,0.16112,0.30064,134,134,134,0.27953,1.61530,0.18830,1,1,0.450
28.9340,466,BL,7,1.02796,0.15083,0.30307,134,134,134,0.28196,1.10205,0.15245,1,1,0.450
28.9340,466,FR,29,1.61983,-0.11726,0.30003,134,134,134,0.27893,1.73819,-0.12900,1,1,0.450
28.9340,466,BR,22,1.16925,-0.11043,0.29984,134,134,134,0.27874,1.24671,-0.10569,1,1,0.450
28.9480,466,FL,14,1.48456,0.16112,0.30061,134,134,134,0.27951,1.61730,0.18714,1,1,0.450
28.9480,466,BL,7,1.02811,0.15108,0.30275,134,134,134,0.28164,1.10307,0.15165,1,1,0.450
28.9500,466,FR,29,1.62195,-0.11818,0.30005,134,134,134,0.27895,1.74021,-0.12962,1,1,0.450
28.9500,466,BR,22,1.17115,-0.11165,0.29977,134,134,134,0.27866,1.24937,-0.10760,1,1,0.450
28.9580,467,FL,13,1.48497,0.16091,0.30059,134,134,134,0.27949,1.61841,0.18622,1,1,0.450
28.9600,467,BL,6,1.02799,0.15106,0.30255,134,134,134,0.28144,1.10364,0.15067,1,1,0.450
28.9600,467,FR,28,1.62309,-0.11892,0.30006,134,134,134,0.27896,1.73653,-0.13088,1,1,0.450
28.9600,467,BR,21,1.17222,-0.11270,0.29975,134,134,134,0.27865,1.24588,-0.10965,1,1,0.450
28.9680,467,FL,13,1.48466,0.16105,0.30054,134,134,134,0.27943,1.61869,0.18632,1,1,0.450
28.9680,467,BL,6,1.02744,0.15094,0.30240,134,134,134,0.28129,1.10324,0.15024,1,1,0.450
28.9680,467,FR,28,1.62305,-0.11890,0.30004,134,134,134,0.27894,1.74367,-0.13128,1,1,0.450
28.9680,467,BR,21,1.17200,-0.11230,0.29974,134,134,134,0.27863,1.25023,-0.10951,1,1,0.450
28.9800,467,FL,13,1.48532,0.16067,0.30068,134,134,134,0.27957,1.61962,0.18551,1,1,0.450
28.9800,467,BL,6,1.02806,0.15072,0.30277,134,134,134,0.28166,1.10396,0.14949,1,1,0.450
28.9800,467,FR,28,1.62424,-0.11957,0.30006,134,134,134,0.27896,1.74481,-0.13178,1,1,0.450
28.9800,467,BR,21,1.17311,-0.11329,0.29972,134,134,134,0.27862,1.25167,-0.11066,1,1,0.450
28.9900,468,FL,12,1.48499,0.16029,0.30085,134,134,134,0.27975,1.61922,0.18486,1,1,0.450
28.9900,468,BL,5,1.02771,0.15051,0.30339,134,134,134,0.28228,1.10379,0.14855,1,1,0.450
28.9900,468,FR,27,1.62396,-0.12012,0.30007,134,134,134,0.27897,1.73956,-0.13301,1,1,0.450
28.9900,468,BR,20,1.17283,-0.11398,0.29976,134,134,134,0.27866,1.24642,-0.11225,1,1,0.450
29.0000,468,FL,12,1.48555,0.16024,0.30091,134,134,134,0.27980,1.62030,0.18486,1,1,0.450
29.0000,468,BL,5,1.02811,0.15002,0.30369,134,134,134,0.28257,1.10414,0.14798,1,1,0.450
29.0000,468,FR,27,1.62482,-0.12029,0.30003,134,134,134,0.27893,1.74705,-0.13365,1,1,0.450
29.0020,468,BR,20,1.17350,-0.11378,0.29977,134,134,134,0.27867,1.25131,-0.11230,1,1,0.450
29.0180,469,FL,11,1.48496,0.15981,0.30121,134,134,134,0.28010,1.61940,0.18421,1,1,0.450
29.0180,469,BL,4,1.02776,0.14971,0.30444,134,134,134,0.28332,1.10370,0.14701,1,1,0.450
29.0180,469,FR,26,1.62430,-0.12077,0.30006,134,134,134,0.27896,1.74135,-0.13481,1,1,0.450
29.0180,469,BR,19,1.17295,-0.11455,0.29978,134,134,134,0.27868,1.24592,-0.11395,1,1,0.450
29.0380,469,FL,11,1.48483,0.15939,0.30149,134,134,134,0.28038,1.61921,0.18387,1,1,0.450
29.0380,469,BL,4,1.02771,0.14873,0.30545,133,133,133,0.28433,1.10352,0.14539,1,1,0.450
29.0380,469,FR,26,1.62424,-0.12122,0.30001,134,134,134,0.27891,1.74761,-0.13572,1,1,0.450
29.0380,469,BR,19,1.17273,-0.11487,0.29985,134,134,134,0.27874,1.24964,-0.11453,1,1,0.450
29.0540,470,FL,10,1.48403,0.15842,0.30192,134,134,134,0.28081,1.61789,0.18237,1,1,0.450
29.0540,470,BL,3,1.02748,0.14789,0.30647,132,132,132,0.28534,1.10252,0.14321,1,1,0.450
29.0540,470,FR,25,1.62370,-0.12237,0.30005,134,134,134,0.27895,1.74183,-0.13744,1,1,0.450
29.0540,470,BR,18,1.17217,-0.11671,0.29989,134,134,134,0.27878,1.24406,-0.11726,1,1,0.450
29.0660,470,FL,10,1.48364,0.15851,0.30209,134,134,134,0.28098,1.61734,0.18217,1,1,0.450
29.0660,470,BL,3,1.02761,0.14733,0.30672,132,132,132,0.28560,1.10149,0.14233,1,1,0.450
29.0660,470,FR,25,1.62349,-0.12282,0.29999,134,134,134,0.27889,1.74777,-0.13841,1,1,0.450
29.0660,470,BR,18,1.17174,-0.11690,0.29992,134,134,134,0.27882,1.24755,-0.11814,1,1,0.450
29.0780,471,FL,9,1.48298,0.15824,0.30227,134,134,134,0.28116,1.61618,0.18141,1,1,0.450
29.0780,471,BL,2,1.02756,0.14725,0.30689,132,132,132,0.28577,1.10058,0.14167,1,1,0.450
29.0780,471,FR,24,1.62283,-0.12349,0.30003,134,134,134,0.27893,1.74178,-0.13981,1,1,0.450
29.0780,471,BR,17,1.17108,-0.11781,0.29990,134,134,134,0.27880,1.24705,-0.11932,1,1,0.450
29.0920,471,FL,9,1.48206,0.15882,0.30237,134,134,134,0.28126,1.61443,0.18167,1,1,0.450
29.0920,471,BL,2,1.02733,0.14738,0.30689,132,132,132,0.28576,1.09963,0.14177,1,1,0.450
29.0920,471,FR,24,1.62145,-0.12364,0.29996,134,134,134,0.27885,1.74638,-0.14060,1,1,0.450
29.0920,471,BR,17,1.16952,-0.11730,0.29991,134,134,134,0.27881,1.24410,-0.12067,1,1,0.450
29.1060,472,FL,8,1.48151,0.15866,0.30256,134,134,134,0.28145,1.61282,0.18062,1,1,0.450
29.1060,472,BL,1,1.02762,0.14761,0.30687,132,132,132,0.28574,1.09870,0.14186,1,1,0.450
29.1060,472,FR,23,1.62003,-0.12469,0.30001,134,134,134,0.27890,1.73948,-0.14268,1,1,0.450
29.1060,472,BR,16,1.16832,-0.11822,0.29993,134,134,134,0.27883,1.24240,-0.12212,1,1,0.450
29.1260,472,FL,8,1.48097,0.15944,0.30257,134,134,134,0.28146,1.61081,0.18089,1,1,0.450
29.1260,472,BL,1,1.02755,0.14789,0.30692,132,132,132,0.28579,1.09858,0.14260,1,1,0.450
29.1260,472,FR,23,1.61818,-0.12508,0.29997,134,134,134,0.27886,1.73807,-0.14836,1,1,0.450
29.1260,472,BR,16,1.16655,-0.11736,0.29998,134,134,134,0.27888,1.23947,-0.12286,1,1,0.450
29.1360,473,FL,7,1.48113,0.15928,0.30222,134,134,134,0.28111,1.60895,0.17953,1,1,0.450
29.1360,473,BL,30,1.29939,0.14804,0.29988,134,134,134,0.27878,1.37722,0.15108,1,1,0.450
29.1360,473,FR,22,1.61618,-0.12648,0.29988,134,134,134,0.27877,1.73188,-0.14961,1,1,0.450
29.1360,473,BR,15,1.16495,-0.11793,0.29994,134,134,134,0.27884,1.23675,-0.12458,1,1,0.450
29.1460,473,FL,7,1.48136,0.15968,0.30231,134,134,134,0.28120,1.60828,0.17965,1,1,0.450
29.1460,473,BL,30,1.29848,0.14688,0.29987,134,134,134,0.27877,1.37478,0.14404,1,1,0.450
29.1460,473,FR,22,1.61521,-0.12698,0.29985,134,134,134,0.27875,1.73410,-0.15362,1,1,0.450
29.1460,473,BR,15,1.16416,-0.11698,0.30002,134,134,134,0.27892,1.23474,-0.12508,1,1,0.450
29.1560,473,FL,7,1.48091,0.15949,0.30247,134,134,134,0.28136,1.60701,0.17908,1,1,0.450
29.1560,473,BL,30,1.29732,0.14636,0.29989,134,134,134,0.27879,1.37409,0.14359,1,1,0.450
29.1560,473,FR,22,1.61399,-0.12738,0.29983,134,134,134,0.27873,1.73297,-0.15371,1,1,0.450
29.1560,473,BR,15,1.16315,-0.11740,0.30001,134,134,134,0.27891,1.23327,-0.12566,1,1,0.450
29.1660,474,FL,6,1.47996,0.15951,0.30243,134,134,134,0.28132,1.60531,0.17879,1,1,0.450
29.1660,474,BL,29,1.29577,0.14600,0.29989,134,134,134,0.27879,1.36840,0.14330,1,1,0.450
29.1660,474,FR,21,1.61243,-0.12778,0.29984,134,134,134,0.27874,1.72718,-0.15411,1,1,0.450
29.1660,474,BR,14,1.16175,-0.11765,0.30007,134,134,134,0.27897,1.23148,-0.12619,1,1,0.450
29.1760,474,FL,6,1.48004,0.16011,0.30226,134,134,134,0.28115,1.60448,0.17942,1,1,0.450
29.1780,474,BL,29,1.29481,0.14500,0.29988,134,134,134,0.27878,1.36887,0.13905,1,1,0.450
29.1780,474,FR,21,1.61178,-0.12760,0.29978,134,134,134,0.27868,1.73085,-0.15624,1,1,0.450
29.1780,474,BR,14,1.16120,-0.11661,0.30011,134,134,134,0.27901,1.22987,-0.12628,1,1,0.450
29.1860,474,FL,6,1.47887,0.15979,0.30253,134,134,134,0.28142,1.60271,0.17895,1,1,0.450
29.1860,474,BL,29,1.29339,0.14479,0.29989,134,134,134,0.27879,1.36790,0.13881,1,1,0.450
29.1860,474,FR,21,1.61031,-0.12774,0.29981,134,134,134,0.27871,1.72947,-0.15606,1,1,0.450
29.1860,474,BR,14,1.15979,-0.11705,0.30013,134,134,134,0.27903,1.22837,-0.12655,1,1,0.450
29.1960,475,FL,5,1.47828,0.15963,0.30291,134,134,134,0.28180,1.60147,0.17863,1,1,0.450
29.1980,475,BL,28,1.29240,0.14452,0.29990,134,134,134,0.27879,1.36292,0.13891,1,1,0.450
29.1980,475,FR,20,1.60932,-0.12800,0.29984,134,134,134,0.27874,1.72448,-0.15601,1,1,0.450
29.1980,475,BR,13,1.15887,-0.11731,0.30029,134,134,134,0.27919,1.22721,-0.12691,1,1,0.450
29.2060,475,FL,5,1.47823,0.15995,0.30320,134,134,134,0.28209,1.60068,0.17911,1,1,0.450
29.2060,475,BL,28,1.29173,0.14371,0.29989,134,134,134,0.27879,1.36502,0.13619,1,1,0.450
29.2060,475,FR,20,1.60896,-0.12763,0.29981,134,134,134,0.27870,1.72887,-0.15734,1,1,0.450
29.2060,475,BR,13,1.15845,-0.11630,0.30047,134,134,134,0.27937,1.22609,-0.12667,1,1,0.450
29.2180,475,FL,5,1.47695,0.15931,0.30381,134,134,134,0.28270,1.59882,0.17834,1,1,0.450
29.2180,475,BL,28,1.29049,0.14365,0.29990,134,134,134,0.27880,1.36425,0.13613,1,1,0.450
29.2180,475,FR,20,1.60761,-0.12776,0.29988,134,134,134,0.27878,1.72766,-0.15706,1,1,0.450
29.2180,475,BR,13,1.15703,-0.11691,0.30059,134,134,134,0.27949,1.22484,-0.12676,1,1,0.450
29.2280,476,FL,4,1.47609,0.15858,0.30493,133,133,133,0.28381,1.59718,0.17732,1,1,0.450
29.2280,476,BL,27,1.28959,0.14349,0.29991,134,134,134,0.27881,1.35943,0.13656,1,1,0.450
29.2280,476,FR,19,1.60670,-0.12801,0.29996,134,134,134,0.27886,1.72295,-0.15656,1,1,0.450
29.2280,476,BR,12,1.15600,-0.11755,0.30095,134,134,134,0.27984,1.22385,-0.12689,1,1,0.450
29.2380,476,FL,4,1.47613,0.15842,0.30569,133,133,133,0.28457,1.59656,0.17731,1,1,0.450
29.2380,476,BL,27,1.28927,0.14278,0.29991,134,134,134,0.27881,1.36253,0.13482,1,1,0.450
29.2380,476,FR,19,1.60669,-0.12761,0.29996,134,134,134,0.27886,1.72786,-0.15738,1,1,0.450
29.2380,476,BR,12,1.15579,-0.11678,0.30129,134,134,134,0.28018,1.22323,-0.12648,1,1,0.450
29.2480,476,FL,4,1.47561,0.15763,0.30659,132,132,132,0.28547,1.59552,0.17629,1,1,0.450
29.2480,476,BL,27,1.28880,0.14282,0.29991,134,134,134,0.27881,1.36255,0.13498,1,1,0.450
29.2480,476,FR,19,1.60609,-0.12774,0.30007,134,134,134,0.27897,1.72741,-0.15699,1,1,0.450
29.2480,476,BR,12,1.15511,-0.11749,0.30147,134,134,134,0.28036,1.22277,-0.12647,1,1,0.450
29.2600,477,FL,3,1.47462,0.15693,0.30737,132,132,132,0.28625,1.59396,0.17523,1,1,0.450
29.2600,477,BL,26,1.28790,0.14280,0.29992,134,134,134,0.27882,1.35770,0.13566,1,1,0.450
29.2600,477,FR,18,1.60513,-0.12793,0.30013,134,134,134,0.27903,1.72265,-0.15632,1,1,0.450
29.2600,477,BR,11,1.15397,-0.11800,0.30174,134,134,134,0.28064,1.22182,-0.12645,1,1,0.450
29.2700,477,FL,3,1.47477,0.15650,0.30812,132,132,132,0.28700,1.59373,0.17489,1,1,0.450
29.2700,477,BL,26,1.28800,0.14225,0.29992,134,134,134,0.27882,1.36152,0.13459,1,1,0.450
29.2700,477,FR,18,1.60550,-0.12750,0.30014,134,134,134,0.27903,1.72798,-0.15677,1,1,0.450
29.2700,477,BR,11,1.15401,-0.11739,0.30215,134,134,134,0.28104,1.22172,-0.12585,1,1,0.450
29.2800,477,FL,3,1.47464,0.15600,0.30851,131,131,131,0.28738,1.59362,0.17446,1,1,0.450
29.2800,477,BL,26,1.28797,0.14250,0.29991,134,134,134,0.27881,1.36198,0.13501,1,1,0.450
29.2800,477,FR,18,1.60532,-0.12746,0.30023,134,134,134,0.27912,1.72788,-0.15632,1,1,0.450
29.2800,477,BR,11,1.15383,-0.11771,0.30220,134,134,134,0.28109,1.22171,-0.12566,1,1,0.450
29.2900,478,FL,2,1.47388,0.15551,0.30873,131,131,131,0.28760,1.59276,0.17384,1,1,0.450
29.2900,478,BL,25,1.28748,0.14269,0.29992,134,134,134,0.27881,1.35747,0.13591,1,1,0.450
29.2900,478,FR,17,1.60477,-0.12743,0.30026,134,134,134,0.27915,1.72746,-0.15602,1,1,0.450
29.2900,478,BR,10,1.15308,-0.11792,0.30234,134,134,134,0.28123,1.22123,-0.12538,1,1,0.450
29.3000,478,FL,2,1.47442,0.15523,0.30882,131,131,131,0.28769,1.59378,0.17402,1,1,0.450
29.3000,478,BL,25,1.28832,0.14246,0.29991,134,134,134,0.27881,1.36214,0.13536,1,1,0.450
29.3000,478,FR,17,1.60577,-0.12679,0.30024,134,134,134,0.27914,1.72939,-0.15564,1,1,0.450
29.3000,478,BR,10,1.15373,-0.11694,0.30258,134,134,134,0.28147,1.22190,-0.12441,1,1,0.450
29.3100,478,FL,2,1.47352,0.15462,0.30896,131,131,131,0.28783,1.59323,0.17354,1,1,0.450
29.3100,478,BL,25,1.28816,0.14295,0.29990,134,134,134,0.27879,1.36243,0.13603,1,1,0.450
29.3100,478,FR,17,1.60540,-0.12667,0.30032,134,134,134,0.27922,1.72910,-0.15499,1,1,0.450
29.3100,478,BR,10,1.15313,-0.11725,0.30260,134,134,134,0.28148,1.22194,-0.12388,1,1,0.450
29.3200,479,FL,1,1.47459,0.15463,0.30884,131,131,131,0.28771,1.59596,0.17436,1,1,0.450
29.3200,479,BL,24,1.28971,0.14375,0.29989,134,134,134,0.27879,1.35990,0.13750,1,1,0.450
29.3200,479,FR,16,1.60687,-0.12607,0.30033,134,134,134,0.27923,1.73453,-0.15496,1,1,0.450
29.3200,479,BR,9,1.15468,-0.11650,0.30265,134,134,134,0.28154,1.22344,-0.12288,1,1,0.450
29.3300,479,FL,1,1.47344,0.15397,0.30900,131,131,131,0.28787,1.59441,0.17352,1,1,0.450
29.3300,479,BL,24,1.28981,0.14366,0.29988,134,134,134,0.27877,1.36381,0.13723,1,1,0.450
29.3300,479,FR,16,1.60690,-0.12560,0.30036,134,134,134,0.27926,1.73582,-0.15428,1,1,0.450
29.3300,479,BR,9,1.15378,-0.11604,0.30266,134,134,134,0.28155,1.22362,-0.12162,1,1,0.450
29.3400,479,FL,1,1.47436,0.15390,0.30911,131,131,131,0.28798,1.59746,0.17489,1,1,0.450
29.3400,479,BL,24,1.29194,0.14496,0.29985,134,134,134,0.27875,1.36645,0.13865,1,1,0.450
29.3400,479,FR,16,1.60874,-0.12479,0.30048,134,134,134,0.27938,1.73741,-0.15331,1,1,0.450
29.3400,479,BR,9,1.15578,-0.11503,0.30280,134,134,134,0.28168,1.22579,-0.12012,1,1,0.450
29.3520,480,FL,30,1.74284,0.15391,0.30002,134,134,134,0.27892,1.84650,0.16448,1,1,0.450
29.3520,480,BL,23,1.29262,0.14592,0.29982,134,134,134,0.27872,1.36290,0.14023,1,1,0.450
29.3520,480,FR,15,1.60918,-0.12428,0.30057,134,134,134,0.27946,1.73798,-0.15245,1,1,0.450
29.3520,480,BR,8,1.15584,-0.11478,0.30247,134,134,134,0.28136,1.22668,-0.11874,1,1,0.450
29.3740,481,FL,29,1.74490,0.15451,0.30001,134,134,134,0.27891,1.85496,0.16634,1,1,0.450
29.3740,481,BL,22,1.29468,0.14679,0.29988,134,134,134,0.27878,1.36644,0.14180,1,1,0.450
29.3740,481,FR,14,1.61135,-0.12297,0.30053,134,134,134,0.27942,1.73988,-0.15189,1,1,0.450
29.3740,481,BR,7,1.15808,-0.11225,0.30305,134,134,134,0.28194,1.22894,-0.11625,1,1,0.450
29.3900,481,FL,29,1.74723,0.15581,0.30003,134,134,134,0.27892,1.86558,0.16769,1,1,0.450
29.3900,481,BL,22,1.29672,0.14840,0.29986,134,134,134,0.27876,1.37402,0.14369,1,1,0.450
29.3900,481,FR,14,1.61189,-0.12247,0.30071,134,134,134,0.27961,1.74299,-0.14978,1,1,0.450
29.3900,481,BR,7,1.15629,-0.11266,0.30342,134,134,134,0.28230,1.23037,-0.11414,1,1,0.450
29.4300,482,FL,28,1.74978,0.15695,0.30005,134,134,134,0.27895,1.86322,0.16925,1,1,0.450
29.4300,482,BL,21,1.29901,0.15002,0.29979,134,134,134,0.27868,1.37236,0.14678,1,1,0.450
29.4320,482,FR,13,1.61267,-0.12246,0.30072,134,134,134,0.27962,1.74549,-0.14816,1,1,0.450
29.4320,482,BR,6,1.15597,-0.11298,0.30297,134,134,134,0.28186,1.23142,-0.11299,1,1,0.450
29.4540,483,FL,27,1.75201,0.15841,0.30004,134,134,134,0.27894,1.86766,0.17160,1,1,0.450
29.4540,483,BL,20,1.30100,0.15190,0.29979,134,134,134,0.27869,1.37407,0.14986,1,1,0.450
29.4540,483,FR,12,1.61359,-0.12182,0.30074,134,134,134,0.27963,1.74770,-0.14641,1,1,0.450
29.4540,483,BR,5,1.15614,-0.11238,0.30310,134,134,134,0.28198,1.23237,-0.11052,1,1,0.450
29.4660,484,FL,26,1.75303,0.15962,0.30003,134,134,134,0.27893,1.87013,0.17381,1,1,0.450
29.4660,484,BL,19,1.30177,0.15305,0.29981,134,134,134,0.27871,1.37433,0.15231,1,1,0.450
29.4660,484,FR,11,1.61413,-0.12098,0.30101,134,134,134,0.27990,1.74847,-0.14529,1,1,0.450
29.4660,484,BR,4,1.15686,-0.11133,0.30404,134,134,134,0.28293,1.23289,-0.10836,1,1,0.450
29.4780,484,FL,26,1.75361,0.15989,0.30000,134,134,134,0.27890,1.87696,0.17448,1,1,0.450
29.4780,484,BL,19,1.30210,0.15298,0.29979,134,134,134,0.27869,1.37905,0.15275,1,1,0.450
29.4780,484,FR,11,1.61447,-0.12090,0.30114,134,134,134,0.28004,1.74899,-0.14525,1,1,0.450
29.4780,484,BR,4,1.15726,-0.11078,0.30436,134,134,134,0.28325,1.23322,-0.10759,1,1,0.450
29.4880,484,FL,26,1.75168,0.16043,0.30004,134,134,134,0.27894,1.87494,0.17489,1,1,0.450
29.4900,484,BL,19,1.30021,0.15376,0.29982,134,134,134,0.27871,1.37722,0.15370,1,1,0.450
29.4900,484,FR,11,1.61280,-0.12061,0.30149,134,134,134,0.28038,1.74659,-0.14452,1,1,0.450
29.4900,484,BR,4,1.15607,-0.11078,0.30515,133,133,133,0.28403,1.23168,-0.10663,1,1,0.450
29.5000,485,FL,25,1.75193,0.16112,0.30004,134,134,134,0.27893,1.87003,0.17631,1,1,0.450
29.5000,485,BL,18,1.30048,0.15470,0.29986,134,134,134,0.27875,1.37217,0.15559,1,1,0.450
29.5000,485,FR,10,1.61298,-0.12005,0.30162,134,134,134,0.28051,1.74657,-0.14374,1,1,0.450
29.5000,485,BR,3,1.15640,-0.11016,0.30560,133,133,133,0.28448,1.23167,-0.10537,1,1,0.450
29.5100,485,FL,25,1.75200,0.16136,0.29998,134,134,134,0.27888,1.87622,0.17717,1,1,0.450
29.5100,485,BL,18,1.30033,0.15457,0.29988,134,134,134,0.27878,1.37599,0.15601,1,1,0.450
29.5100,485,FR,10,1.61290,-0.12020,0.30178,134,134,134,0.28067,1.74651,-0.14372,1,1,0.450
29.5100,485,BR,3,1.15665,-0.10978,0.30585,132,132,132,0.28472,1.23115,-0.10489,1,1,0.450
29.5200,485,FL,25,1.75141,0.16204,0.30002,134,134,134,0.27892,1.87556,0.17774,1,1,0.450
29.5200,485,BL,18,1.29972,0.15544,0.29987,134,134,134,0.27877,1.37559,0.15715,1,1,0.450
29.5200,485,FR,10,1.61228,-0.11994,0.30200,134,134,134,0.28089,1.74547,-0.14293,1,1,0.450
29.5200,485,BR,3,1.15662,-0.10977,0.30606,132,132,132,0.28494,1.23024,-0.10438,1,1,0.450
29.5300,486,FL,24,1.75069,0.16269,0.30002,134,134,134,0.27892,1.86959,0.17922,1,1,0.450
29.5300,486,BL,17,1.29906,0.15611,0.29992,134,134,134,0.27882,1.37473,0.15810,1,1,0.450
29.5320,486,FR,9,1.61182,-0.11966,0.30211,134,134,134,0.28101,1.74451,-0.14225,1,1,0.450
29.5320,486,BR,2,1.15657,-0.10965,0.30628,132,132,132,0.28516,1.22954,-0.10371,1,1,0.450
29.5400,486,FL,24,1.75002,0.16274,0.29995,134,134,134,0.27885,1.87490,0.17998,1,1,0.450
29.5400,486,BL,17,1.29816,0.15540,0.29991,134,134,134,0.27881,1.37258,0.15922,1,1,0.450
29.5400,486,FR,9,1.61139,-0.12031,0.30222,134,134,134,0.28111,1.74361,-0.14266,1,1,0.450
29.5400,486,BR,2,1.15674,-0.10978,0.30611,132,132,132,0.28499,1.22894,-0.10421,1,1,0.450
29.5500,486,FL,24,1.74899,0.16352,0.30000,134,134,134,0.27890,1.87373,0.18086,1,1,0.450
29.5500,486,BL,17,1.29730,0.15608,0.29991,134,134,134,0.27880,1.37137,0.16026,1,1,0.450
29.5500,486,FR,9,1.61102,-0.12016,0.30234,134,134,134,0.28123,1.74248,-0.14186,1,1,0.450
29.5520,486,BR,2,1.15695,-0.10994,0.30606,132,132,132,0.28494,1.22828,-0.10428,1,1,0.450
29.5600,487,FL,23,1.74792,0.16426,0.30000,134,134,134,0.27890,1.86728,0.18265,1,1,0.450
29.5600,487,BL,16,1.29638,0.15647,0.29996,134,134,134,0.27885,1.37003,0.16119,1,1,0.450
29.5600,487,FR,8,1.61071,-0.12008,0.30235,134,134,134,0.28124,1.74136,-0.14122,1,1,0.450
29.5600,487,BR,1,1.15708,-0.11007,0.30601,132,132,132,0.28488,1.22786,-0.10435,1,1,0.450
29.5820,488,FL,22,1.74646,0.16437,0.29997,134,134,134,0.27886,1.86182,0.18812,1,1,0.450
29.5820,488,BL,15,1.29496,0.15543,0.30000,134,134,134,0.27890,1.36759,0.16150,1,1,0.450
29.5820,488,FR,7,1.61033,-0.12087,0.30243,134,134,134,0.28132,1.73978,-0.14174,1,1,0.450
29.5820,488,BR,30,1.43010,-0.11097,0.29986,134,134,134,0.27876,1.50721,-0.11345,1,1,0.450
29.5900,488,FL,22,1.74356,0.16507,0.29981,134,134,134,0.27871,1.86243,0.19178,1,1,0.450
29.5900,488,BL,15,1.29248,0.15446,0.29997,134,134,134,0.27887,1.36318,0.16255,1,1,0.450
29.5920,488,FR,7,1.61015,-0.12162,0.30174,134,134,134,0.28063,1.73716,-0.14147,1,1,0.450
29.5920,488,BR,30,1.42718,-0.10918,0.29988,134,134,134,0.27877,1.50342,-0.10630,1,1,0.450
29.6020,488,FL,22,1.74311,0.16586,0.29985,134,134,134,0.27875,1.86215,0.19220,1,1,0.450
29.6020,488,BL,15,1.29207,0.15540,0.30007,134,134,134,0.27897,1.36265,0.16323,1,1,0.450
29.6020,488,FR,7,1.60977,-0.12054,0.30274,134,134,134,0.28163,1.73653,-0.14022,1,1,0.450
29.6020,488,BR,30,1.42694,-0.10850,0.29989,134,134,134,0.27879,1.50371,-0.10560,1,1,0.450
29.6120,489,FL,21,1.74124,0.16650,0.29988,134,134,134,0.27877,1.85607,0.19282,1,1,0.450
29.6120,489,BL,14,1.29035,0.15582,0.30019,134,134,134,0.27908,1.36051,0.16398,1,1,0.450
29.6120,489,FR,6,1.60867,-0.12039,0.30299,134,134,134,0.28188,1.73443,-0.13959,1,1,0.450
29.6120,489,BR,29,1.42513,-0.10795,0.29989,134,134,134,0.27879,1.49775,-0.10519,1,1,0.450
29.6220,489,FL,21,1.74054,0.16642,0.29980,134,134,134,0.27870,1.85965,0.19509,1,1,0.450
29.6220,489,BL,14,1.28982,0.15481,0.30021,134,134,134,0.27911,1.35878,0.16424,1,1,0.450
29.6220,489,FR,6,1.60889,-0.12111,0.30260,134,134,134,0.28149,1.73363,-0.14021,1,1,0.450
29.6220,489,BR,29,1.42411,-0.10687,0.29989,134,134,134,0.27878,1.49816,-0.10085,1,1,0.450
29.6320,489,FL,21,1.73943,0.16660,0.29981,134,134,134,0.27871,1.85857,0.19505,1,1,0.450
29.6320,489,BL,14,1.28886,0.15518,0.30014,134,134,134,0.27904,1.35758,0.16468,1,1,0.450
29.6320,489,FR,6,1.60825,-0.12100,0.30253,134,134,134,0.28141,1.73239,-0.13995,1,1,0.450
29.6320,489,BR,29,1.42301,-0.10655,0.29989,134,134,134,0.27879,1.49751,-0.10050,1,1,0.450
29.6420,490,FL,20,1.73842,0.16690,0.29984,134,134,134,0.27874,1.85354,0.19503,1,1,0.450
29.6420,490,BL,13,1.28794,0.15546,0.30029,134,134,134,0.27919,1.35636,0.16507,1,1,0.450
29.6420,490,FR,5,1.60771,-0.12081,0.30294,134,134,134,0.28183,1.73117,-0.13962,1,1,0.450
29.6420,490,BR,28,1.42199,-0.10624,0.29990,134,134,134,0.27879,1.49250,-0.10054,1,1,0.450
29.6520,490,FL,20,1.73716,0.16656,0.29981,134,134,134,0.27871,1.85706,0.19638,1,1,0.450
29.6520,490,BL,13,1.28655,0.15448,0.30047,134,134,134,0.27937,1.35440,0.16481,1,1,0.450
29.6520,490,FR,5,1.60669,-0.12108,0.30321,134,134,134,0.28210,1.72933,-0.13994,1,1,0.450
29.6520,490,BR,28,1.42045,-0.10546,0.29989,134,134,134,0.27879,1.49371,-0.09783,1,1,0.450
29.6620,490,FL,20,1.73664,0.16672,0.29988,134,134,134,0.27878,1.85662,0.19622,1,1,0.450
29.6620,490,BL,13,1.28613,0.15500,0.30060,134,134,134,0.27949,1.35384,0.16506,1,1,0.450
29.6620,490,FR,5,1.60651,-0.12065,0.30383,134,134,134,0.28271,1.72861,-0.13943,1,1,0.450
29.6620,490,BR,28,1.42002,-0.10530,0.29990,134,134,134,0.27880,1.49377,-0.09770,1,1,0.450
29.6720,491,FL,19,1.73540,0.16694,0.29994,134,134,134,0.27883,1.85153,0.19579,1,1,0.450
29.6720,491,BL,12,1.28477,0.15546,0.30084,134,134,134,0.27974,1.35258,0.16516,1,1,0.450
29.6720,491,FR,4,1.60532,-0.12004,0.30460,134,134,134,0.28348,1.72681,-0.13866,1,1,0.450
29.6720,491,BR,27,1.41880,-0.10516,0.29990,134,134,134,0.27880,1.48861,-0.09811,1,1,0.450
29.6840,491,FL,19,1.73531,0.16662,0.29994,134,134,134,0.27883,1.85636,0.19669,1,1,0.450
29.6840,491,BL,12,1.28449,0.15478,0.30122,134,134,134,0.28011,1.35183,0.16480,1,1,0.450
29.6840,491,FR,4,1.60536,-0.11988,0.30537,133,133,133,0.28425,1.72603,-0.13847,1,1,0.450
29.6840,491,BR,27,1.41842,-0.10441,0.29991,134,134,134,0.27880,1.49163,-0.09628,1,1,0.450
29.6940,491,FL,19,1.73398,0.16682,0.30006,134,134,134,0.27896,1.85527,0.19631,1,1,0.450
29.6940,491,BL,12,1.28296,0.15564,0.30144,134,134,134,0.28034,1.35073,0.16484,1,1,0.450
29.6940,491,FR,4,1.60388,-0.11893,0.30638,132,132,132,0.28525,1.72392,-0.13727,1,1,0.450
29.6940,491,BR,27,1.41725,-0.10440,0.29991,134,134,134,0.27881,1.49097,-0.09641,1,1,0.450
29.7040,492,FL,18,1.73404,0.16698,0.30013,134,134,134,0.27903,1.85147,0.19564,1,1,0.450
29.7040,492,BL,11,1.28298,0.15612,0.30178,134,134,134,0.28067,1.35065,0.16488,1,1,0.450
29.7040,492,FR,3,1.60409,-0.11827,0.30751,132,132,132,0.28639,1.72367,-0.13636,1,1,0.450
29.7040,492,BR,26,1.41732,-0.10435,0.29992,134,134,134,0.27882,1.48712,-0.09709,1,1,0.450
29.7180,492,FL,18,1.73384,0.16665,0.30013,134,134,134,0.27902,1.85624,0.19622,1,1,0.450
29.7180,492,BL,11,1.28240,0.15556,0.30213,134,134,134,0.28102,1.35004,0.16437,1,1,0.450
29.7180,492,FR,3,1.60372,-0.11790,0.30804,132,132,132,0.28692,1.72265,-0.13585,1,1,0.450
29.7180,492,BR,26,1.41685,-0.10372,0.29992,134,134,134,0.27882,1.49034,-0.09591,1,1,0.450
29.7280,492,FL,18,1.73290,0.16671,0.30024,134,134,134,0.27914,1.85550,0.19570,1,1,0.450
29.7280,492,BL,11,1.28131,0.15620,0.30225,134,134,134,0.28114,1.34932,0.16421,1,1,0.450
29.7280,492,FR,3,1.60265,-0.11701,0.30875,131,131,131,0.28762,1.72139,-0.13493,1,1,0.450
29.7280,492,BR,26,1.41610,-0.10392,0.29992,134,134,134,0.27881,1.49010,-0.09632,1,1,0.450
29.7400,493,FL,17,1.73293,0.16665,0.30026,134,134,134,0.27916,1.85559,0.19542,1,1,0.450
29.7400,493,BL,10,1.28131,0.15626,0.30242,134,134,134,0.28131,1.34930,0.16396,1,1,0.450
29.7400,493,FR,2,1.60265,-0.11665,0.30905,131,131,131,0.28792,1.72154,-0.13461,1,1,0.450
29.7400,493,BR,25,1.41617,-0.10412,0.29992,134,134,134,0.27882,1.48619,-0.09728,1,1,0.450
29.7480,493,FL,17,1.73325,0.16612,0.30027,134,134,134,0.27916,1.85695,0.19503,1,1,0.450
29.7500,493,BL,10,1.28110,0.15554,0.30269,134,134,134,0.28158,1.34941,0.16300,1,1,0.450
29.7500,493,FR,2,1.60238,-0.11612,0.30918,131,131,131,0.28805,1.72140,-0.13429,1,1,0.450
29.7500,493,BR,25,1.41638,-0.10385,0.29992,134,134,134,0.27881,1.49020,-0.09669,1,1,0.450
29.7600,493,FL,17,1.73350,0.16596,0.30033,134,134,134,0.27922,1.85714,0.19450,1,1,0.450
29.7600,493,BL,10,1.28135,0.15559,0.30268,134,134,134,0.28157,1.34990,0.16256,1,1,0.450
29.7600,493,FR,2,1.60236,-0.11579,0.30928,131,131,131,0.28815,1.72203,-0.13429,1,1,0.450
29.7600,493,BR,25,1.41679,-0.10431,0.29990,134,134,134,0.27880,1.49108,-0.09734,1,1,0.450
29.7700,494,FL,16,1.73430,0.16548,0.30035,134,134,134,0.27925,1.86202,0.19443,1,1,0.450
29.7700,494,BL,9,1.28200,0.15517,0.30270,134,134,134,0.28159,1.35088,0.16157,1,1,0.450
29.7700,494,FR,1,1.60255,-0.11551,0.30923,131,131,131,0.28810,1.72353,-0.13451,1,1,0.450
29.7700,494,BR,24,1.41771,-0.10506,0.29989,134,134,134,0.27879,1.48791,-0.09876,1,1,0.450
29.7780,494,FL,16,1.73497,0.16495,0.30035,134,134,134,0.27925,1.86375,0.19392,1,1,0.450
29.7780,494,BL,9,1.28206,0.15437,0.30276,134,134,134,0.28165,1.35151,0.16040,1,1,0.450
29.7780,494,FR,1,1.60236,-0.11516,0.30925,131,131,131,0.28812,1.72352,-0.13429,1,1,0.450
29.7780,494,BR,24,1.41839,-0.10494,0.29988,134,134,134,0.27878,1.49241,-0.09848,1,1,0.450
29.7900,494,FL,16,1.73688,0.16411,0.30049,134,134,134,0.27938,1.86531,0.19297,1,1,0.450
29.7900,494,BL,9,1.28413,0.15334,0.30298,134,134,134,0.28187,1.35379,0.15884,1,1,0.450
29.7900,494,FR,1,1.60327,-0.11505,0.30929,131,131,131,0.28816,1.72657,-0.13571,1,1,0.450
29.7900,494,BR,24,1.42051,-0.10622,0.29986,134,134,134,0.27876,1.49496,-0.09981,1,1,0.450
29.8020,495,FL,15,1.73754,0.16350,0.30060,134,134,134,0.27950,1.86617,0.19195,1,1,0.450
29.8020,495,BL,8,1.28432,0.15296,0.30270,134,134,134,0.28159,1.35498,0.15716,1,1,0.450
29.8020,495,FR,30,1.87173,-0.11443,0.30002,134,134,134,0.27892,1.97542,-0.12481,1,1,0.450
29.8020,495,BR,23,1.42151,-0.10741,0.29983,134,134,134,0.27873,1.49173,-0.10159,1,1,0.450
29.8280,496,FL,14,1.74035,0.16214,0.30052,134,134,134,0.27942,1.86912,0.19117,1,1,0.450
29.8280,496,BL,7,1.28691,0.15043,0.30313,134,134,134,0.28202,1.35795,0.15454,1,1,0.450
29.8280,496,FR,29,1.87477,-0.11517,0.30001,134,134,134,0.27891,1.98487,-0.12676,1,1,0.450
29.8280,496,BR,22,1.42451,-0.10852,0.29988,134,134,134,0.27878,1.49635,-0.10345,1,1,0.450
29.8400,496,FL,14,1.74105,0.16157,0.30073,134,134,134,0.27963,1.87268,0.18877,1,1,0.450
29.8400,496,BL,7,1.28506,0.15081,0.30342,134,134,134,0.28230,1.35957,0.15213,1,1,0.450
29.8400,496,FR,29,1.87755,-0.11670,0.30003,134,134,134,0.27893,1.99592,-0.12827,1,1,0.450
29.8400,496,BR,22,1.42696,-0.11047,0.29986,134,134,134,0.27876,1.50446,-0.10571,1,1,0.450
29.8520,497,FL,13,1.74160,0.16169,0.30073,134,134,134,0.27963,1.87459,0.18773,1,1,0.450
29.8520,497,BL,6,1.28485,0.15104,0.30309,134,134,134,0.28198,1.36030,0.15138,1,1,0.450
29.8520,497,FR,28,1.87959,-0.11753,0.30005,134,134,134,0.27895,1.99305,-0.12946,1,1,0.450
29.8520,497,BR,21,1.42876,-0.11167,0.29978,134,134,134,0.27868,1.50226,-0.10829,1,1,0.450
29.8640,497,FL,13,1.74181,0.16190,0.30063,134,134,134,0.27953,1.87584,0.18765,1,1,0.450
29.8640,497,BL,6,1.28448,0.15095,0.30282,134,134,134,0.28171,1.36043,0.15082,1,1,0.450
29.8640,497,FR,28,1.88052,-0.11764,0.30003,134,134,134,0.27893,2.00117,-0.12989,1,1,0.450
29.8640,497,BR,21,1.42947,-0.11159,0.29975,134,134,134,0.27865,1.50767,-0.10854,1,1,0.450
29.8740,497,FL,13,1.74195,0.16166,0.30065,134,134,134,0.27954,1.87608,0.18699,1,1,0.450
29.8740,497,BL,6,1.28473,0.15082,0.30261,134,134,134,0.28150,1.36066,0.15012,1,1,0.450
29.8740,497,FR,28,1.88114,-0.11816,0.30006,134,134,134,0.27895,2.00171,-0.13022,1,1,0.450
29.8740,497,BR,21,1.43000,-0.11246,0.29970,134,134,134,0.27860,1.50858,-0.10962,1,1,0.450
29.8820,498,FL,12,1.74114,0.16140,0.30086,134,134,134,0.27976,1.87510,0.18649,1,1,0.450
29.8820,498,BL,5,1.28396,0.15073,0.30336,134,134,134,0.28225,1.36001,0.14926,1,1,0.450
29.8820,498,FR,27,1.88030,-0.11858,0.30006,134,134,134,0.27896,1.99590,-0.13131,1,1,0.450
29.8840,498,BR,20,1.42919,-0.11304,0.29975,134,134,134,0.27865,1.50273,-0.11110,1,1,0.450
29.8940,498,FL,12,1.74230,0.16137,0.30082,134,134,134,0.27971,1.87698,0.18650,1,1,0.450
29.8940,498,BL,5,1.28483,0.15028,0.30342,134,134,134,0.28230,1.36101,0.14881,1,1,0.450
29.8940,498,FR,27,1.88190,-0.11874,0.30003,134,134,134,0.27892,2.00414,-0.13192,1,1,0.450
29.8940,498,BR,20,1.43057,-0.11286,0.29975,134,134,134,0.27864,1.50837,-0.11117,1,1,0.450
29.9020,498,FL,12,1.74171,0.16091,0.30116,134,134,134,0.28006,1.87618,0.18572,1,1,0.450
29.9020,498,BL,5,1.28447,0.15001,0.30427,134,134,134,0.28316,1.36054,0.14781,1,1,0.450
29.9020,498,FR,27,1.88147,-0.11935,0.30006,134,134,134,0.27896,2.00362,-0.13239,1,1,0.450
29.9020,498,BR,20,1.43011,-0.11376,0.29977,134,134,134,0.27867,1.50820,-0.11216,1,1,0.450
29.9140,499,FL,11,1.74174,0.16052,0.30131,134,134,134,0.28020,1.87605,0.18522,1,1,0.450
29.9140,499,BL,4,1.28454,0.14958,0.30479,134,134,134,0.28368,1.36058,0.14690,1,1,0.450
29.9140,499,FR,26,1.88150,-0.11979,0.30006,134,134,134,0.27896,1.99858,-0.13357,1,1,0.450
29.9140,499,BR,19,1.43015,-0.11436,0.29980,134,134,134,0.27870,1.50308,-0.11367,1,1,0.450
29.9220,499,FL,11,1.74167,0.16027,0.30151,134,134,134,0.28040,1.87602,0.18527,1,1,0.450
29.9220,499,BL,4,1.28445,0.14874,0.30557,133,133,133,0.28445,1.36054,0.14574,1,1,0.450
29.9220,499,FR,26,1.88150,-0.11992,0.30001,134,134,134,0.27891,2.00488,-0.13415,1,1,0.450
29.9220,499,BR,19,1.42998,-0.11429,0.29985,134,134,134,0.27875,1.50691,-0.11373,1,1,0.450
29.9320,499,FL,11,1.74127,0.15990,0.30173,134,134,134,0.28062,1.87548,0.18459,1,1,0.450
29.9320,499,BL,4,1.28434,0.14843,0.30600,132,132,132,0.28488,1.36005,0.14489,1,1,0.450
29.9320,499,FR,26,1.88137,-0.12041,0.30004,134,134,134,0.27894,2.00470,-0.13450,1,1,0.450
29.9320,499,BR,19,1.42980,-0.11513,0.29984,134,134,134,0.27874,1.50700,-0.11464,1,1,0.450
29.9420,500,FL,10,1.74133,0.15931,0.30192,134,134,134,0.28081,1.87542,0.18381,1,1,0.450
29.9420,500,BL,3,1.28460,0.14780,0.30651,132,132,132,0.28539,1.35988,0.14363,1,1,0.450
29.9420,500,FR,25,1.88163,-0.12109,0.30005,134,134,134,0.27894,1.99980,-0.13589,1,1,0.450
29.9420,500,BR,18,1.43005,-0.11612,0.29988,134,134,134,0.27878,1.50204,-0.11654,1,1,0.450
29.9540,500,FL,10,1.74061,0.15968,0.30207,134,134,134,0.28096,1.87455,0.18412,1,1,0.450
29.9540,500,BL,3,1.28407,0.14776,0.30677,132,132,132,0.28564,1.35911,0.14339,1,1,0.450
29.9540,500,FR,25,1.88080,-0.12101,0.29998,134,134,134,0.27888,2.00507,-0.13643,1,1,0.450
29.9540,500,BR,18,1.42902,-0.11558,0.29991,134,134,134,0.27881,1.50494,-0.11653,1,1,0.450
29.9640,500,FL,10,1.73950,0.15931,0.30241,134,134,134,0.28130,1.87288,0.18327,1,1,0.450
29.9640,500,BL,3,1.28357,0.14755,0.30742,132,132,132,0.28630,1.35776,0.14242,1,1,0.450
29.9640,500,FR,25,1.87967,-0.12167,0.30003,134,134,134,0.27892,2.00389,-0.13692,1,1,0.450
29.9640,500,BR,18,1.42793,-0.11659,0.29993,134,134,134,0.27883,1.50394,-0.11765,1,1,0.450
29.9760,501,FL,9,1.73938,0.15914,0.30246,134,134,134,0.28135,1.87257,0.18266,1,1,0.450
29.9760,501,BL,2,1.28385,0.14741,0.30743,132,132,132,0.28630,1.35715,0.14199,1,1,0.450
29.9760,501,FR,24,1.87962,-0.12228,0.30003,134,134,134,0.27893,1.99861,-0.13839,1,1,0.450
29.9780,501,BR,17,1.42786,-0.11726,0.29995,134,134,134,0.27885,1.50379,-0.11866,1,1,0.450
29.9900,501,FL,9,1.73871,0.15956,0.30260,134,134,134,0.28149,1.87125,0.18271,1,1,0.450
29.9900,501,BL,2,1.28392,0.14745,0.30740,132,132,132,0.28627,1.35630,0.14201,1,1,0.450
29.9900,501,FR,24,1.87869,-0.12258,0.29996,134,134,134,0.27886,2.00366,-0.13934,1,1,0.450
29.9900,501,BR,17,1.42671,-0.11695,0.29996,134,134,134,0.27886,1.50139,-0.12016,1,1,0.450
30.0020,502,FL,8,1.73809,0.15940,0.30280,134,134,134,0.28169,1.86960,0.18165,1,1,0.450
30.0020,502,BL,1,1.28415,0.14761,0.30744,132,132,132,0.28631,1.35523,0.14199,1,1,0.450
30.0020,502,FR,23,1.87727,-0.12363,0.30001,134,134,134,0.27891,1.99677,-0.14141,1,1,0.450
30.0020,502,BR,16,1.42549,-0.11788,0.29998,134,134,134,0.27888,1.49973,-0.12162,1,1,0.450
30.0320,503,FL,7,1.73805,0.16001,0.30278,134,134,134,0.28167,1.86854,0.18181,1,1,0.450
30.0320,503,BL,30,1.55899,0.14998,0.29986,134,134,134,0.27876,1.63608,0.15279,1,1,0.450
30.0320,503,FR,22,1.87638,-0.12416,0.29998,134,134,134,0.27887,1.99195,-0.14735,1,1,0.450
30.0320,503,BR,15,1.42456,-0.11717,0.30000,134,134,134,0.27890,1.49790,-0.12246,1,1,0.450
30.0480,503,FL,7,1.73759,0.16061,0.30234,134,134,134,0.28123,1.86472,0.18092,1,1,0.450
30.0480,503,BL,30,1.55511,0.14766,0.29988,134,134,134,0.27878,1.63135,0.14503,1,1,0.450
30.0480,503,FR,22,1.87243,-0.12550,0.29983,134,134,134,0.27873,1.99150,-0.15172,1,1,0.450
30.0480,503,BR,15,1.42115,-0.11658,0.30005,134,134,134,0.27895,1.49227,-0.12422,1,1,0.450
30.0580,503,FL,7,1.73711,0.16011,0.30283,134,134,134,0.28172,1.86306,0.17989,1,1,0.450
30.0580,503,BL,30,1.55355,0.14671,0.29990,134,134,134,0.27879,1.63032,0.14406,1,1,0.450
30.0580,503,FR,22,1.87071,-0.12648,0.29985,134,134,134,0.27875,1.98977,-0.15253,1,1,0.450
30.0580,503,BR,15,1.41984,-0.11739,0.30010,134,134,134,0.27899,1.49002,-0.12544,1,1,0.450
30.0680,504,FL,6,1.73667,0.16002,0.30277,134,134,134,0.28166,1.86179,0.17950,1,1,0.450
30.0680,504,BL,29,1.55235,0.14625,0.29990,134,134,134,0.27879,1.62498,0.14371,1,1,0.450
30.0680,504,FR,21,1.86955,-0.12693,0.29985,134,134,134,0.27875,1.98435,-0.15296,1,1,0.450
30.0680,504,BR,14,1.41889,-0.11776,0.30017,134,134,134,0.27907,1.48851,-0.12610,1,1,0.450
30.0840,504,FL,6,1.73571,0.16050,0.30271,134,134,134,0.28160,1.86004,0.18003,1,1,0.450
30.0840,504,BL,29,1.55065,0.14537,0.29989,134,134,134,0.27879,1.62471,0.13960,1,1,0.450
30.0840,504,FR,21,1.86816,-0.12666,0.29980,134,134,134,0.27870,1.98733,-0.15491,1,1,0.450
30.0840,504,BR,14,1.41749,-0.11676,0.30024,134,134,134,0.27913,1.48631,-0.12603,1,1,0.450
30.0940,505,FL,5,1.73470,0.16022,0.30302,134,134,134,0.28191,1.85799,0.17950,1,1,0.450
30.0940,505,BL,28,1.54898,0.14491,0.29990,134,134,134,0.27880,1.61950,0.13947,1,1,0.450
30.0940,505,FR,20,1.86652,-0.12693,0.29983,134,134,134,0.27873,1.98175,-0.15457,1,1,0.450
30.0940,505,BR,13,1.41601,-0.11738,0.30031,134,134,134,0.27921,1.48448,-0.12663,1,1,0.450
30.1080,505,FL,5,1.73416,0.16053,0.30337,134,134,134,0.28225,1.85665,0.17992,1,1,0.450
30.1080,505,BL,28,1.54786,0.14408,0.29990,134,134,134,0.27879,1.62116,0.13675,1,1,0.450
30.1080,505,FR,20,1.86570,-0.12661,0.29980,134,134,134,0.27870,1.98570,-0.15594,1,1,0.450
30.1080,505,BR,13,1.41509,-0.11638,0.30052,134,134,134,0.27942,1.48289,-0.12646,1,1,0.450
30.1220,506,FL,4,1.73363,0.15979,0.30430,134,134,134,0.28319,1.85533,0.17902,1,1,0.450
30.1220,506,BL,27,1.54714,0.14389,0.29991,134,134,134,0.27880,1.61696,0.13703,1,1,0.450
30.1220,506,FR,19,1.86492,-0.12681,0.29990,134,134,134,0.27880,1.98109,-0.15527,1,1,0.450
30.1220,506,BR,12,1.41431,-0.11716,0.30074,134,134,134,0.27963,1.48212,-0.12670,1,1,0.450
30.1320,506,FL,4,1.73221,0.15930,0.30531,133,133,133,0.28419,1.85278,0.17839,1,1,0.450
30.1320,506,BL,27,1.54552,0.14310,0.29991,134,134,134,0.27881,1.61874,0.13523,1,1,0.450
30.1320,506,FR,19,1.86357,-0.12657,0.29992,134,134,134,0.27882,1.98478,-0.15609,1,1,0.450
30.1320,506,BR,12,1.41260,-0.11673,0.30117,134,134,134,0.28007,1.48023,-0.12634,1,1,0.450
30.1460,506,FL,4,1.73217,0.15864,0.30632,132,132,132,0.28520,1.85231,0.17761,1,1,0.450
30.1460,506,BL,27,1.54542,0.14307,0.29991,134,134,134,0.27881,1.61917,0.13538,1,1,0.450
30.1460,506,FR,19,1.86336,-0.12671,0.30003,134,134,134,0.27893,1.98470,-0.15575,1,1,0.450
30.1460,506,BR,12,1.41242,-0.11740,0.30139,134,134,134,0.28029,1.48003,-0.12648,1,1,0.450
30.1600,507,FL,3,1.73107,0.15765,0.30733,132,132,132,0.28620,1.85051,0.17631,1,1,0.450
30.1600,507,BL,26,1.54432,0.14302,0.29992,134,134,134,0.27882,1.61412,0.13603,1,1,0.450
30.1600,507,FR,18,1.86224,-0.12692,0.30011,134,134,134,0.27901,1.97977,-0.15504,1,1,0.450
30.1600,507,BR,11,1.41109,-0.11806,0.30170,134,134,134,0.28059,1.47893,-0.12644,1,1,0.450
30.1760,507,FL,3,1.73041,0.15689,0.30842,131,131,131,0.28729,1.84914,0.17531,1,1,0.450
30.1780,507,BL,26,1.54380,0.14242,0.29993,134,134,134,0.27883,1.61733,0.13495,1,1,0.450
30.1780,507,FR,18,1.86191,-0.12667,0.30014,134,134,134,0.27904,1.98455,-0.15548,1,1,0.450
30.1780,507,BR,11,1.41028,-0.11778,0.30222,134,134,134,0.28111,1.47819,-0.12589,1,1,0.450
30.1900,508,FL,2,1.73112,0.15633,0.30894,131,131,131,0.28781,1.85028,0.17504,1,1,0.450
30.1900,508,BL,25,1.54444,0.14283,0.29992,134,134,134,0.27882,1.61447,0.13617,1,1,0.450
30.1900,508,FR,17,1.86242,-0.12649,0.30023,134,134,134,0.27913,1.98504,-0.15486,1,1,0.450
30.1900,508,BR,10,1.41093,-0.11795,0.30230,134,134,134,0.28119,1.47875,-0.12552,1,1,0.450
30.2000,508,FL,2,1.72925,0.15535,0.30914,131,131,131,0.28801,1.84796,0.17374,1,1,0.450
30.2020,508,BL,25,1.54340,0.14243,0.29992,134,134,134,0.27882,1.61720,0.13555,1,1,0.450
30.2020,508,FR,17,1.86142,-0.12624,0.30024,134,134,134,0.27914,1.98529,-0.15448,1,1,0.450
30.2020,508,BR,10,1.40908,-0.11774,0.30256,134,134,134,0.28145,1.47770,-0.12466,1,1,0.450
30.2180,509,FL,1,1.73007,0.15512,0.30924,131,131,131,0.28811,1.85000,0.17414,1,1,0.450
30.2180,509,BL,24,1.54461,0.14306,0.29990,134,134,134,0.27879,1.61488,0.13706,1,1,0.450
30.2180,509,FR,16,1.86244,-0.12595,0.30028,134,134,134,0.27918,1.99024,-0.15440,1,1,0.450
30.2180,509,BR,9,1.41027,-0.11754,0.30254,134,134,134,0.28143,1.47883,-0.12407,1,1,0.450
30.2280,509,FL,1,1.73010,0.15455,0.30924,131,131,131,0.28811,1.85143,0.17412,1,1,0.450
30.2280,509,BL,24,1.54612,0.14359,0.29988,134,134,134,0.27878,1.62019,0.13740,1,1,0.450
30.2280,509,FR,16,1.86385,-0.12499,0.30032,134,134,134,0.27922,1.99269,-0.15338,1,1,0.450
30.2280,509,BR,9,1.41096,-0.11632,0.30266,134,134,134,0.28155,1.48034,-0.12208,1,1,0.450
30.2400,509,FL,1,1.73004,0.15421,0.30952,131,131,131,0.28839,1.85263,0.17461,1,1,0.450
30.2400,509,BL,24,1.54737,0.14462,0.29985,134,134,134,0.27875,1.62185,0.13862,1,1,0.450
30.2420,509,FR,16,1.86482,-0.12449,0.30043,134,134,134,0.27933,1.99358,-0.15247,1,1,0.450
30.2420,509,BR,9,1.41178,-0.11593,0.30263,134,134,134,0.28152,1.48181,-0.12081,1,1,0.450
30.2520,510,FL,30,1.99948,0.15493,0.30002,134,134,134,0.27892,2.10311,0.16572,1,1,0.450
30.2520,510,BL,23,1.54928,0.14602,0.29983,134,134,134,0.27873,1.61956,0.14060,1,1,0.450
30.2520,510,FR,15,1.86645,-0.12363,0.30055,134,134,134,0.27944,1.99509,-0.15148,1,1,0.450
30.2520,510,BR,8,1.41333,-0.11492,0.30263,134,134,134,0.28152,1.48382,-0.11887,1,1,0.450
30.2720,511,FL,29,2.00256,0.15564,0.30001,134,134,134,0.27891,2.11260,0.16765,1,1,0.450
30.2720,511,BL,22,1.55237,0.14721,0.29990,134,134,134,0.27880,1.62415,0.14236,1,1,0.450
30.2720,511,FR,14,1.86951,-0.12207,0.30049,134,134,134,0.27939,1.99800,-0.15075,1,1,0.450
30.2740,511,BR,7,1.41629,-0.11206,0.30319,134,134,134,0.28208,1.48705,-0.11599,1,1,0.450
30.2860,511,FL,29,2.00556,0.15693,0.30003,134,134,134,0.27892,2.12388,0.16898,1,1,0.450
30.2860,511,BL,22,1.55504,0.14883,0.29987,134,134,134,0.27876,1.63247,0.14425,1,1,0.450
30.2860,511,FR,14,1.87055,-0.12155,0.30067,134,134,134,0.27956,2.00183,-0.14868,1,1,0.450
30.2860,511,BR,7,1.41484,-0.11235,0.30330,134,134,134,0.28218,1.48900,-0.11391,1,1,0.450
30.3040,512,FL,28,2.00716,0.15787,0.30005,134,134,134,0.27895,2.12055,0.17028,1,1,0.450
30.3040,512,BL,21,1.55642,0.15016,0.29981,134,134,134,0.27871,1.62980,0.14687,1,1,0.450
30.3040,512,FR,13,1.87077,-0.12151,0.30075,134,134,134,0.27965,2.00329,-0.14746,1,1,0.450
30.3040,512,BR,6,1.41434,-0.11255,0.30325,134,134,134,0.28213,1.48952,-0.11291,1,1,0.450
30.3140,512,FL,28,2.00718,0.15818,0.30003,134,134,134,0.27893,2.12776,0.17092,1,1,0.450
30.3140,512,BL,21,1.55624,0.15034,0.29979,134,134,134,0.27869,1.63422,0.14741,1,1,0.450
30.3140,512,FR,13,1.87015,-0.12159,0.30071,134,134,134,0.27960,2.00359,-0.14709,1,1,0.450
30.3160,512,BR,6,1.41310,-0.11252,0.30314,134,134,134,0.28203,1.48895,-0.11197,1,1,0.450
30.3260,512,FL,28,2.00928,0.15900,0.30006,134,134,134,0.27895,2.12980,0.17153,1,1,0.450
30.3260,512,BL,21,1.55822,0.15154,0.29974,134,134,134,0.27863,1.63664,0.14891,1,1,0.450
30.3260,512,FR,13,1.87148,-0.12121,0.30068,134,134,134,0.27957,2.00538,-0.14612,1,1,0.450
30.3260,512,BR,6,1.41435,-0.11225,0.30284,134,134,134,0.28173,1.49030,-0.11112,1,1,0.450
30.3380,513,FL,27,2.00913,0.15960,0.30006,134,134,134,0.27896,2.12466,0.17277,1,1,0.450
30.3380,513,BL,20,1.55807,0.15231,0.29978,134,134,134,0.27868,1.63156,0.15058,1,1,0.450
30.3380,513,FR,12,1.87126,-0.12079,0.30087,134,134,134,0.27977,2.00510,-0.14542,1,1,0.450
30.3380,513,BR,5,1.41410,-0.11200,0.30346,134,134,134,0.28235,1.49028,-0.11006,1,1,0.450
30.3480,513,FL,27,2.01014,0.15997,0.30003,134,134,134,0.27892,2.13231,0.17359,1,1,0.450
30.3500,513,BL,20,1.55890,0.15233,0.29980,134,134,134,0.27870,1.63660,0.15087,1,1,0.450
30.3500,513,FR,12,1.87197,-0.12058,0.30096,134,134,134,0.27986,2.00636,-0.14518,1,1,0.450
30.3500,513,BR,5,1.41456,-0.11143,0.30392,134,134,134,0.28281,1.49085,-0.10923,1,1,0.450
30.3580,513,FL,27,2.00967,0.16048,0.30006,134,134,134,0.27895,2.13175,0.17395,1,1,0.450
30.3580,513,BL,20,1.55839,0.15315,0.29982,134,134,134,0.27872,1.63636,0.15175,1,1,0.450
30.3580,513,FR,12,1.87137,-0.12009,0.30128,134,134,134,0.28018,2.00551,-0.14454,1,1,0.450
30.3580,513,BR,5,1.41415,-0.11103,0.30480,134,134,134,0.28368,1.49043,-0.10816,1,1,0.450
30.3680,514,FL,26,2.00968,0.16108,0.30006,134,134,134,0.27895,2.12669,0.17525,1,1,0.450
30.3680,514,BL,19,1.55840,0.15394,0.29985,134,134,134,0.27875,1.63121,0.15343,1,1,0.450
30.3680,514,FR,11,1.87130,-0.11964,0.30140,134,134,134,0.28029,2.00534,-0.14382,1,1,0.450
30.3680,514,BR,4,1.41415,-0.11067,0.30517,133,133,133,0.28405,1.49034,-0.10717,1,1,0.450
30.3780,514,FL,26,2.01024,0.16126,0.30001,134,134,134,0.27890,2.13356,0.17594,1,1,0.450
30.3780,514,BL,19,1.55876,0.15386,0.29988,134,134,134,0.27878,1.63565,0.15360,1,1,0.450
30.3780,514,FR,11,1.87166,-0.11945,0.30155,134,134,134,0.28044,2.00592,-0.14383,1,1,0.450
30.3780,514,BR,4,1.41446,-0.10986,0.30567,133,133,133,0.28455,1.49053,-0.10620,1,1,0.450
30.3880,514,FL,26,2.00949,0.16179,0.30004,134,134,134,0.27894,2.13273,0.17633,1,1,0.450
30.3880,514,BL,19,1.55799,0.15470,0.29989,134,134,134,0.27878,1.63510,0.15456,1,1,0.450
30.3880,514,FR,11,1.87081,-0.11911,0.30184,134,134,134,0.28073,2.00474,-0.14310,1,1,0.450
30.3880,514,BR,4,1.41397,-0.10972,0.30627,132,132,132,0.28514,1.48967,-0.10533,1,1,0.450
30.3980,515,FL,25,2.00969,0.16252,0.30004,134,134,134,0.27894,2.12778,0.17776,1,1,0.450
30.3980,515,BL,18,1.55817,0.15571,0.29993,134,134,134,0.27883,1.63005,0.15647,1,1,0.450
30.3980,515,FR,10,1.87082,-0.11851,0.30201,134,134,134,0.28090,2.00464,-0.14228,1,1,0.450
30.3980,515,BR,3,1.41419,-0.10911,0.30675,132,132,132,0.28563,1.48943,-0.10406,1,1,0.450
30.4080,515,FL,25,2.00882,0.16245,0.29998,134,134,134,0.27888,2.13301,0.17834,1,1,0.450
30.4080,515,BL,18,1.55712,0.15517,0.29996,134,134,134,0.27886,1.63289,0.15650,1,1,0.450
30.4080,515,FR,10,1.87009,-0.11891,0.30216,134,134,134,0.28105,2.00370,-0.14258,1,1,0.450
30.4080,515,BR,3,1.41371,-0.10906,0.30700,132,132,132,0.28587,1.48856,-0.10386,1,1,0.450
30.4180,515,FL,25,2.00871,0.16326,0.30003,134,134,134,0.27892,2.13286,0.17901,1,1,0.450
30.4180,515,BL,18,1.55698,0.15628,0.29994,134,134,134,0.27884,1.63298,0.15780,1,1,0.450
30.4180,515,FR,10,1.86973,-0.11848,0.30236,134,134,134,0.28125,2.00312,-0.14163,1,1,0.450
30.4180,515,BR,3,1.41395,-0.10878,0.30718,132,132,132,0.28606,1.48773,-0.10311,1,1,0.450
30.4280,516,FL,24,2.00756,0.16380,0.30003,134,134,134,0.27893,2.12644,0.18039,1,1,0.450
30.4280,516,BL,17,1.55589,0.15681,0.29999,134,134,134,0.27889,1.63168,0.15868,1,1,0.450
30.4280,516,FR,9,1.86893,-0.11837,0.30249,134,134,134,0.28138,2.00170,-0.14107,1,1,0.450
30.4280,516,BR,2,1.41358,-0.10887,0.30743,132,132,132,0.28630,1.48679,-0.10263,1,1,0.450
30.4400,516,FL,24,2.00733,0.16401,0.29996,134,134,134,0.27886,2.13220,0.18129,1,1,0.450
30.4400,516,BL,17,1.55541,0.15633,0.29999,134,134,134,0.27889,1.62999,0.15998,1,1,0.450
30.4400,516,FR,9,1.86879,-0.11883,0.30261,134,134,134,0.28150,2.00123,-0.14128,1,1,0.450
30.4400,516,BR,2,1.41403,-0.10882,0.30728,132,132,132,0.28615,1.48634,-0.10290,1,1,0.450
30.4500,516,FL,24,2.00531,0.16466,0.30000,134,134,134,0.27890,2.13002,0.18202,1,1,0.450
30.4500,516,BL,17,1.55364,0.15693,0.30001,134,134,134,0.27891,1.62772,0.16094,1,1,0.450
30.4500,516,FR,9,1.86774,-0.11881,0.30279,134,134,134,0.28168,1.99904,-0.14058,1,1,0.450
30.4500,516,BR,2,1.41357,-0.10917,0.30747,132,132,132,0.28635,1.48531,-0.10286,1,1,0.450
30.4620,517,FL,23,2.00502,0.16571,0.30001,134,134,134,0.27891,2.12438,0.18413,1,1,0.450
30.4620,517,BL,16,1.55344,0.15756,0.30004,134,134,134,0.27893,1.62717,0.16221,1,1,0.450
30.4620,517,FR,8,1.86800,-0.11860,0.30275,134,134,134,0.28164,1.99870,-0.13968,1,1,0.450
30.4620,517,BR,1,1.41441,-0.10913,0.30713,132,132,132,0.28600,1.48508,-0.10302,1,1,0.450
30.4820,518,FL,22,2.00333,0.16599,0.29998,134,134,134,0.27888,2.11866,0.18982,1,1,0.450
30.4820,518,BL,15,1.55182,0.15659,0.30008,134,134,134,0.27898,1.62448,0.16275,1,1,0.450
30.4820,518,FR,7,1.86760,-0.11940,0.30285,134,134,134,0.28174,1.99687,-0.14005,1,1,0.450
30.4820,518,BR,30,1.68725,-0.10970,0.29986,134,134,134,0.27876,1.76436,-0.11212,1,1,0.450
30.4920,518,FL,22,2.00100,0.16673,0.29983,134,134,134,0.27873,2.11988,0.19348,1,1,0.450
30.4940,518,BL,15,1.54985,0.15574,0.30006,134,134,134,0.27896,1.62073,0.16378,1,1,0.450
30.4940,518,FR,7,1.86768,-0.11994,0.30234,134,134,134,0.28123,1.99482,-0.13969,1,1,0.450
30.4940,518,BR,30,1.68492,-0.10790,0.29988,134,134,134,0.27878,1.76115,-0.10495,1,1,0.450
30.5040,518,FL,22,2.00007,0.16738,0.29984,134,134,134,0.27873,2.11899,0.19397,1,1,0.450
30.5040,518,BL,15,1.54919,0.15620,0.30005,134,134,134,0.27895,1.61950,0.16462,1,1,0.450
30.5040,518,FR,7,1.86754,-0.11974,0.30259,134,134,134,0.28148,1.99399,-0.13908,1,1,0.450
30.5040,518,BR,30,1.68414,-0.10726,0.29989,134,134,134,0.27879,1.76089,-0.10428,1,1,0.450
30.5160,519,FL,21,1.99864,0.16795,0.29984,134,134,134,0.27874,2.11331,0.19455,1,1,0.450
30.5160,519,BL,14,1.54798,0.15659,0.30012,134,134,134,0.27901,1.61776,0.16538,1,1,0.450
30.5160,519,FR,6,1.86692,-0.11970,0.30255,134,134,134,0.28144,1.99243,-0.13864,1,1,0.450
30.5160,519,BR,29,1.68271,-0.10671,0.29989,134,134,134,0.27879,1.75531,-0.10381,1,1,0.450
30.5280,519,FL,21,1.99742,0.16771,0.29978,134,134,134,0.27868,2.11640,0.19665,1,1,0.450
30.5280,519,BL,14,1.54685,0.15552,0.30015,134,134,134,0.27905,1.61561,0.16549,1,1,0.450
30.5280,519,FR,6,1.86637,-0.12047,0.30224,134,134,134,0.28113,1.99089,-0.13938,1,1,0.450
30.5280,519,BR,29,1.68113,-0.10572,0.29988,134,134,134,0.27878,1.75514,-0.09958,1,1,0.450
30.5400,519,FL,21,1.99617,0.16783,0.29981,134,134,134,0.27870,2.11521,0.19648,1,1,0.450
30.5400,519,BL,14,1.54573,0.15596,0.30017,134,134,134,0.27907,1.61423,0.16589,1,1,0.450
30.5400,519,FR,6,1.86559,-0.12028,0.30244,134,134,134,0.28133,1.98937,-0.13905,1,1,0.450
30.5400,519,BR,29,1.67987,-0.10543,0.29990,134,134,134,0.27879,1.75435,-0.09927,1,1,0.450
30.5500,520,FL,20,1.99506,0.16805,0.29983,134,134,134,0.27873,2.11010,0.19634,1,1,0.450
30.5500,520,BL,13,1.54472,0.15623,0.30035,134,134,134,0.27924,1.61289,0.16624,1,1,0.450
30.5520,520,FR,5,1.86497,-0.12011,0.30284,134,134,134,0.28173,1.98795,-0.13876,1,1,0.450
30.5520,520,BR,28,1.67872,-0.10518,0.29990,134,134,134,0.27880,1.74921,-0.09939,1,1,0.450
30.5620,520,FL,20,1.99432,0.16762,0.29981,134,134,134,0.27871,2.11414,0.19758,1,1,0.450
30.5620,520,BL,13,1.54381,0.15525,0.30055,134,134,134,0.27944,1.61149,0.16587,1,1,0.450
30.5620,520,FR,5,1.86432,-0.12026,0.30329,134,134,134,0.28218,1.98664,-0.13913,1,1,0.450
30.5620,520,BR,28,1.67767,-0.10445,0.29989,134,134,134,0.27879,1.75093,-0.09675,1,1,0.450
30.5700,520,FL,20,1.99236,0.16779,0.29991,134,134,134,0.27881,2.11240,0.19721,1,1,0.450
30.5720,520,BL,13,1.54171,0.15604,0.30076,134,134,134,0.27965,1.60966,0.16591,1,1,0.450
30.5720,520,FR,5,1.86234,-0.11941,0.30416,134,134,134,0.28304,1.98392,-0.13804,1,1,0.450
30.5720,520,BR,28,1.67586,-0.10440,0.29990,134,134,134,0.27880,1.74960,-0.09675,1,1,0.450
30.5820,521,FL,19,1.99274,0.16792,0.29996,134,134,134,0.27886,2.10887,0.19671,1,1,0.450
30.5820,521,BL,12,1.54217,0.15639,0.30104,134,134,134,0.27994,1.60981,0.16607,1,1,0.450
30.5820,521,FR,4,1.86301,-0.11906,0.30502,133,133,133,0.28390,1.98408,-0.13752,1,1,0.450
30.5820,521,BR,27,1.67621,-0.10429,0.29991,134,134,134,0.27881,1.74605,-0.09725,1,1,0.450
30.5900,521,FL,19,1.99166,0.16756,0.29998,134,134,134,0.27888,2.11283,0.19743,1,1,0.450
30.5900,521,BL,12,1.54062,0.15587,0.30140,134,134,134,0.28030,1.60837,0.16551,1,1,0.450
30.5920,521,FR,4,1.86158,-0.11852,0.30589,132,132,132,0.28477,1.98184,-0.13702,1,1,0.450
30.5920,521,BR,27,1.67486,-0.10362,0.29991,134,134,134,0.27881,1.74808,-0.09552,1,1,0.450
30.6020,522,FL,18,1.99112,0.16770,0.30009,134,134,134,0.27899,2.10848,0.19653,1,1,0.450
30.6040,522,BL,11,1.54005,0.15654,0.30161,134,134,134,0.28050,1.60788,0.16558,1,1,0.450
30.6040,522,FR,3,1.86116,-0.11787,0.30676,132,132,132,0.28564,1.98095,-0.13609,1,1,0.450
30.6040,522,BR,26,1.67447,-0.10365,0.29991,134,134,134,0.27881,1.74424,-0.09624,1,1,0.450
30.6140,522,FL,18,1.99078,0.16742,0.30010,134,134,134,0.27900,2.11316,0.19707,1,1,0.450
30.6140,522,BL,11,1.53930,0.15613,0.30206,134,134,134,0.28095,1.60708,0.16507,1,1,0.450
30.6140,522,FR,3,1.86071,-0.11731,0.30760,132,132,132,0.28648,1.97960,-0.13523,1,1,0.450
30.6140,522,BR,26,1.67388,-0.10302,0.29992,134,134,134,0.27882,1.74734,-0.09509,1,1,0.450
30.6240,522,FL,18,1.99040,0.16745,0.30020,134,134,134,0.27910,2.11291,0.19658,1,1,0.450
30.6240,522,BL,11,1.53888,0.15666,0.30217,134,134,134,0.28106,1.60686,0.16495,1,1,0.450
30.6240,522,FR,3,1.86027,-0.11659,0.30832,132,132,132,0.28720,1.97910,-0.13457,1,1,0.450
30.6240,522,BR,26,1.67365,-0.10320,0.29992,134,134,134,0.27881,1.74763,-0.09551,1,1,0.450
30.6360,523,FL,17,1.98971,0.16751,0.30025,134,134,134,0.27915,2.11241,0.19631,1,1,0.450
30.6360,523,BL,10,1.53796,0.15702,0.30236,134,134,134,0.28125,1.60625,0.16475,1,1,0.450
30.6360,523,FR,2,1.85940,-0.11596,0.30884,131,131,131,0.28771,1.97798,-0.13375,1,1,0.450
30.6360,523,BR,25,1.67303,-0.10332,0.29992,134,134,134,0.27882,1.74303,-0.09640,1,1,0.450
30.6460,523,FL,17,1.99138,0.16676,0.30022,134,134,134,0.27912,2.11481,0.19594,1,1,0.450
30.6480,523,BL,10,1.53954,0.15576,0.30259,134,134,134,0.28148,1.60742,0.16374,1,1,0.450
30.6480,523,FR,2,1.86098,-0.11589,0.30885,131,131,131,0.28772,1.98035,-0.13431,1,1,0.450
30.6480,523,BR,25,1.67447,-0.10316,0.29992,134,134,134,0.27882,1.74827,-0.09590,1,1,0.450
30.6560,523,FL,17,1.99101,0.16663,0.30030,134,134,134,0.27920,2.11450,0.19532,1,1,0.450
30.6560,523,BL,10,1.53889,0.15608,0.30259,134,134,134,0.28148,1.60752,0.16319,1,1,0.450
30.6580,523,FR,2,1.86000,-0.11523,0.30896,131,131,131,0.28783,1.97970,-0.13381,1,1,0.450
30.6580,523,BR,25,1.67427,-0.10363,0.29990,134,134,134,0.27880,1.74848,-0.09651,1,1,0.450
30.6680,524,FL,16,1.99158,0.16629,0.30032,134,134,134,0.27922,2.11920,0.19537,1,1,0.450
30.6680,524,BL,9,1.53934,0.15578,0.30266,134,134,134,0.28155,1.60819,0.16242,1,1,0.450
30.6680,524,FR,1,1.86009,-0.11495,0.30900,131,131,131,0.28787,1.98078,-0.13399,1,1,0.450
30.6680,524,BR,24,1.67496,-0.10421,0.29990,134,134,134,0.27879,1.74512,-0.09783,1,1,0.450
30.6780,524,FL,16,1.99349,0.16527,0.30035,134,134,134,0.27925,2.12191,0.19457,1,1,0.450
30.6780,524,BL,9,1.54085,0.15425,0.30288,134,134,134,0.28176,1.61001,0.16063,1,1,0.450
30.6780,524,FR,1,1.86096,-0.11477,0.30883,131,131,131,0.28770,1.98316,-0.13472,1,1,0.450
30.6780,524,BR,24,1.67685,-0.10460,0.29989,134,134,134,0.27879,1.75081,-0.09794,1,1,0.450
30.6880,524,FL,16,1.99355,0.16495,0.30049,134,134,134,0.27939,2.12216,0.19367,1,1,0.450
30.6880,524,BL,9,1.54047,0.15429,0.30282,134,134,134,0.28170,1.61071,0.15952,1,1,0.450
30.6880,524,FR,1,1.85994,-0.11420,0.30926,131,131,131,0.28812,1.98250,-0.13449,1,1,0.450
30.6880,524,BR,24,1.67728,-0.10548,0.29986,134,134,134,0.27876,1.75164,-0.09896,1,1,0.450
30.6980,525,FL,15,1.99577,0.16399,0.30056,134,134,134,0.27946,2.12416,0.19278,1,1,0.450
30.6980,525,BL,8,1.54279,0.15294,0.30289,134,134,134,0.28178,1.61314,0.15768,1,1,0.450
30.6980,525,FR,30,2.12997,-0.11371,0.30002,134,134,134,0.27891,2.23365,-0.12399,1,1,0.450
30.6980,525,BR,23,1.67975,-0.10689,0.29984,134,134,134,0.27874,1.74999,-0.10095,1,1,0.450
30.7180,525,FL,15,1.99691,0.16294,0.30068,134,134,134,0.27957,2.12498,0.19245,1,1,0.450
30.7180,525,BL,8,1.54400,0.15103,0.30347,134,134,134,0.28236,1.61442,0.15555,1,1,0.450
30.7180,525,FR,30,2.13075,-0.11399,0.30002,134,134,134,0.27891,2.24542,-0.12495,1,1,0.450
30.7180,525,BR,23,1.68056,-0.10727,0.29991,134,134,134,0.27881,1.75682,-0.10132,1,1,0.450
30.7280,526,FL,14,1.99823,0.16221,0.30076,134,134,134,0.27966,2.12833,0.18996,1,1,0.450
30.7280,526,BL,7,1.54332,0.15122,0.30367,134,134,134,0.28255,1.61683,0.15333,1,1,0.450
30.7280,526,FR,29,2.13400,-0.11570,0.30003,134,134,134,0.27893,2.24401,-0.12679,1,1,0.450
30.7280,526,BR,22,1.68359,-0.10987,0.29988,134,134,134,0.27878,1.75589,-0.10486,1,1,0.450
30.7380,526,FL,14,1.99931,0.16218,0.30066,134,134,134,0.27956,2.13107,0.18938,1,1,0.450
30.7380,526,BL,7,1.54327,0.15103,0.30323,134,134,134,0.28212,1.61791,0.15241,1,1,0.450
30.7380,526,FR,29,2.13610,-0.11615,0.30003,134,134,134,0.27893,2.25446,-0.12756,1,1,0.450
30.7380,526,BR,22,1.68548,-0.11013,0.29984,134,134,134,0.27874,1.76310,-0.10549,1,1,0.450
30.7480,526,FL,14,1.99891,0.16209,0.30081,134,134,134,0.27970,2.13112,0.18865,1,1,0.450
30.7480,526,BL,7,1.54262,0.15116,0.30344,134,134,134,0.28233,1.61780,0.15169,1,1,0.450
30.7480,526,FR,29,2.13640,-0.11666,0.30005,134,134,134,0.27895,2.25464,-0.12782,1,1,0.450
30.7480,526,BR,22,1.68564,-0.11096,0.29981,134,134,134,0.27871,1.76379,-0.10663,1,1,0.450
30.7580,527,FL,13,1.99927,0.16191,0.30072,134,134,134,0.27962,2.13196,0.18794,1,1,0.450
30.7580,527,BL,6,1.54259,0.15108,0.30312,134,134,134,0.28201,1.61827,0.15092,1,1,0.450
30.7580,527,FR,28,2.13729,-0.11720,0.30005,134,134,134,0.27895,2.25074,-0.12896,1,1,0.450
30.7580,527,BR,21,1.68649,-0.11178,0.29979,134,134,134,0.27869,1.75993,-0.10837,1,1,0.450
30.7680,527,FL,13,2.00024,0.16182,0.30064,134,134,134,0.27954,2.13380,0.18772,1,1,0.450
30.7680,527,BL,6,1.54310,0.15074,0.30289,134,134,134,0.28177,1.61910,0.15027,1,1,0.450
30.7680,527,FR,28,2.13878,-0.11746,0.30003,134,134,134,0.27893,2.25943,-0.12957,1,1,0.450
30.7680,527,BR,21,1.68780,-0.11179,0.29977,134,134,134,0.27867,1.76580,-0.10856,1,1,0.450
30.7780,527,FL,13,1.99983,0.16152,0.30089,134,134,134,0.27978,2.13339,0.18705,1,1,0.450
30.7780,527,BL,6,1.54278,0.15065,0.30346,134,134,134,0.28235,1.61891,0.14949,1,1,0.450
30.7780,527,FR,28,2.13866,-0.11798,0.30006,134,134,134,0.27896,2.25921,-0.12994,1,1,0.450
30.7780,527,BR,21,1.68761,-0.11256,0.29977,134,134,134,0.27867,1.76596,-0.10951,1,1,0.450
30.7880,528,FL,12,2.00058,0.16100,0.30099,134,134,134,0.27989,2.13439,0.18624,1,1,0.450
30.7880,528,BL,5,1.54333,0.15022,0.30390,134,134,134,0.28278,1.61970,0.14849,1,1,0.450
30.7880,528,FR,27,2.13972,-0.11870,0.30006,134,134,134,0.27896,2.25532,-0.13132,1,1,0.450
30.7880,528,BR,20,1.68865,-0.11348,0.29980,134,134,134,0.27870,1.76206,-0.11131,1,1,0.450
30.7980,528,FL,12,2.00016,0.16112,0.30109,134,134,134,0.27999,2.13430,0.18635,1,1,0.450
30.7980,528,BL,5,1.54280,0.15008,0.30426,134,134,134,0.28315,1.61921,0.14810,1,1,0.450
30.8000,528,FR,27,2.13937,-0.11872,0.30003,134,134,134,0.27893,2.26158,-0.13182,1,1,0.450
30.8000,528,BR,20,1.68813,-0.11305,0.29982,134,134,134,0.27872,1.76576,-0.11116,1,1,0.450
30.8080,528,FL,12,2.00056,0.16046,0.30132,134,134,134,0.28021,2.13470,0.18544,1,1,0.450
30.8080,528,BL,5,1.54333,0.14945,0.30487,133,133,133,0.28375,1.61963,0.14691,1,1,0.450
30.8080,528,FR,27,2.14014,-0.11947,0.30006,134,134,134,0.27896,2.26228,-0.13242,1,1,0.450
30.8080,528,BR,20,1.68883,-0.11416,0.29982,134,134,134,0.27872,1.76675,-0.11233,1,1,0.450
30.8180,529,FL,11,2.00056,0.15980,0.30154,134,134,134,0.28043,2.13448,0.18476,1,1,0.450
30.8180,529,BL,4,1.54336,0.14874,0.30565,133,133,133,0.28453,1.61975,0.14551,1,1,0.450
30.8180,529,FR,26,2.14015,-0.12007,0.30006,134,134,134,0.27896,2.25721,-0.13370,1,1,0.450
30.8180,529,BR,19,1.68886,-0.11502,0.29988,134,134,134,0.27877,1.76164,-0.11400,1,1,0.450
30.8280,529,FL,11,2.00040,0.15981,0.30168,134,134,134,0.28058,2.13449,0.18482,1,1,0.450
30.8280,529,BL,4,1.54321,0.14827,0.30604,132,132,132,0.28492,1.61942,0.14483,1,1,0.450
30.8280,529,FR,26,2.14011,-0.12015,0.30001,134,134,134,0.27891,2.26348,-0.13427,1,1,0.450
30.8280,529,BR,19,1.68863,-0.11478,0.29990,134,134,134,0.27880,1.76545,-0.11404,1,1,0.450
30.8380,529,FL,11,1.99993,0.15925,0.30197,134,134,134,0.28086,2.13381,0.18399,1,1,0.450
30.8380,529,BL,4,1.54307,0.14780,0.30669,132,132,132,0.28557,1.61888,0.14366,1,1,0.450
30.8380,529,FR,26,2.13990,-0.12081,0.30004,134,134,134,0.27894,2.26321,-0.13475,1,1,0.450
30.8380,529,BR,19,1.68838,-0.11584,0.29991,134,134,134,0.27880,1.76546,-0.11513,1,1,0.450
30.8480,530,FL,10,1.99917,0.15897,0.30213,134,134,134,0.28102,2.13268,0.18337,1,1,0.450
30.8480,530,BL,3,1.54256,0.14767,0.30709,132,132,132,0.28597,1.61804,0.14280,1,1,0.450
30.8480,530,FR,25,2.13904,-0.12131,0.30005,134,134,134,0.27894,2.25718,-0.13603,1,1,0.450
30.8480,530,BR,18,1.68754,-0.11649,0.29995,134,134,134,0.27885,1.75932,-0.11683,1,1,0.450
30.8580,530,FL,10,1.99914,0.15908,0.30226,134,134,134,0.28115,2.13273,0.18341,1,1,0.450
30.8580,530,BL,3,1.54277,0.14720,0.30728,132,132,132,0.28615,1.61761,0.14227,1,1,0.450
30.8580,530,FR,25,2.13918,-0.12150,0.29999,134,134,134,0.27888,2.26345,-0.13680,1,1,0.450
30.8580,530,BR,18,1.68747,-0.11633,0.29997,134,134,134,0.27886,1.76320,-0.11714,1,1,0.450
30.8680,530,FL,10,1.99847,0.15877,0.30251,134,134,134,0.28140,2.13167,0.18256,1,1,0.450
30.8680,530,BL,3,1.54269,0.14711,0.30757,132,132,132,0.28645,1.61664,0.14161,1,1,0.450
30.8680,530,FR,25,2.13860,-0.12220,0.30003,134,134,134,0.27893,2.26281,-0.13737,1,1,0.450
30.8680,530,BR,18,1.68687,-0.11729,0.29996,134,134,134,0.27886,1.76282,-0.11833,1,1,0.450
30.8780,531,FL,9,1.99768,0.15866,0.30263,134,134,134,0.28152,2.13027,0.18199,1,1,0.450
30.8780,531,BL,2,1.54232,0.14720,0.30780,132,132,132,0.28667,1.61571,0.14114,1,1,0.450
30.8780,531,FR,24,2.13745,-0.12275,0.30003,134,134,134,0.27893,2.25640,-0.13879,1,1,0.450
30.8780,531,BR,17,1.68579,-0.11784,0.30001,134,134,134,0.27891,1.76150,-0.11921,1,1,0.450
30.8880,531,FL,9,1.99754,0.15912,0.30274,134,134,134,0.28163,2.12981,0.18218,1,1,0.450
30.8880,531,BL,2,1.54276,0.14716,0.30766,132,132,132,0.28653,1.61524,0.14141,1,1,0.450
30.8880,531,FR,24,2.13723,-0.12297,0.29996,134,134,134,0.27886,2.26217,-0.13967,1,1,0.450
30.8880,531,BR,17,1.68532,-0.11737,0.30001,134,134,134,0.27891,1.75982,-0.12055,1,1,0.450
30.8980,531,FL,9,1.99683,0.15904,0.30290,134,134,134,0.28179,2.12825,0.18148,1,1,0.450
30.9000,531,BL,2,1.54260,0.14739,0.30776,132,132,132,0.28663,1.61439,0.14137,1,1,0.450
30.9000,531,FR,24,2.13582,-0.12364,0.30001,134,134,134,0.27890,2.26061,-0.14041,1,1,0.450
30.9000,531,BR,17,1.68409,-0.11799,0.30002,134,134,134,0.27892,1.75822,-0.12150,1,1,0.450
30.9100,532,FL,8,1.99651,0.15898,0.30290,134,134,134,0.28179,2.12714,0.18083,1,1,0.450
30.9100,532,BL,1,1.54276,0.14753,0.30766,132,132,132,0.28654,1.61395,0.14147,1,1,0.450
30.9100,532,FR,23,2.13479,-0.12440,0.30001,134,134,134,0.27891,2.25422,-0.14221,1,1,0.450
30.9100,532,BR,16,1.68320,-0.11843,0.30006,134,134,134,0.27896,1.75692,-0.12248,1,1,0.450
30.9300,532,FL,8,1.99634,0.15966,0.30300,134,134,134,0.28189,2.12571,0.18103,1,1,0.450
30.9300,532,BL,1,1.54310,0.14771,0.30755,132,132,132,0.28642,1.61435,0.14236,1,1,0.450
30.9300,532,FR,23,2.13349,-0.12483,0.29998,134,134,134,0.27888,2.25337,-0.14792,1,1,0.450
30.9300,532,BR,16,1.68193,-0.11763,0.30010,134,134,134,0.27900,1.75463,-0.12317,1,1,0.450
30.9400,533,FL,7,1.99693,0.15937,0.30270,134,134,134,0.28159,2.12457,0.17957,1,1,0.450
30.9400,533,BL,30,1.81502,0.14793,0.29988,134,134,134,0.27878,1.89285,0.15105,1,1,0.450
30.9400,533,FR,22,2.13208,-0.12631,0.29990,134,134,134,0.27880,2.24779,-0.14932,1,1,0.450
30.9400,533,BR,15,1.68088,-0.11819,0.30004,134,134,134,0.27894,1.75259,-0.12489,1,1,0.450
30.9500,533,FL,7,1.99595,0.15992,0.30290,134,134,134,0.28179,2.12247,0.17993,1,1,0.450
30.9500,533,BL,30,1.81276,0.14699,0.29988,134,134,134,0.27878,1.88904,0.14430,1,1,0.450
30.9500,533,FR,22,2.12989,-0.12648,0.29987,134,134,134,0.27877,2.24878,-0.15286,1,1,0.450
30.9500,533,BR,15,1.67888,-0.11716,0.30015,134,134,134,0.27905,1.74939,-0.12512,1,1,0.450
30.9600,533,FL,7,1.99498,0.15969,0.30310,134,134,134,0.28199,2.12077,0.17934,1,1,0.450
30.9600,533,BL,30,1.81125,0.14656,0.29990,134,134,134,0.27880,1.88803,0.14394,1,1,0.450
30.9600,533,FR,22,2.12832,-0.12678,0.29986,134,134,134,0.27876,2.24735,-0.15279,1,1,0.450
30.9600,533,BR,15,1.67747,-0.11758,0.30016,134,134,134,0.27906,1.74754,-0.12558,1,1,0.450
30.9700,534,FL,6,1.99506,0.15972,0.30291,134,134,134,0.28179,2.12000,0.17901,1,1,0.450
30.9700,534,BL,29,1.81047,0.14602,0.29990,134,134,134,0.27880,1.88311,0.14348,1,1,0.450
30.9700,534,FR,21,2.12753,-0.12733,0.29986,134,134,134,0.27875,2.24229,-0.15339,1,1,0.450
30.9700,534,BR,14,1.67695,-0.11793,0.30022,134,134,134,0.27912,1.74639,-0.12634,1,1,0.450
30.9800,534,FL,6,1.99448,0.16013,0.30286,134,134,134,0.28175,2.11868,0.17951,1,1,0.450
30.9800,534,BL,29,1.80918,0.14509,0.29989,134,134,134,0.27879,1.88324,0.13929,1,1,0.450
30.9800,534,FR,21,2.12655,-0.12713,0.29981,134,134,134,0.27870,2.24567,-0.15542,1,1,0.450
30.9800,534,BR,14,1.67594,-0.11696,0.30028,134,134,134,0.27918,1.74462,-0.12631,1,1,0.450
30.9900,534,FL,6,1.99387,0.15996,0.30301,134,134,134,0.28190,2.11759,0.17916,1,1,0.450
30.9900,534,BL,29,1.80836,0.14486,0.29990,134,134,134,0.27880,1.88288,0.13905,1,1,0.450
30.9900,534,FR,21,2.12569,-0.12725,0.29983,134,134,134,0.27873,2.24490,-0.15526,1,1,0.450
30.9920,534,BR,14,1.67516,-0.11736,0.30029,134,134,134,0.27919,1.74371,-0.12664,1,1,0.450
31.0000,535,FL,5,1.99359,0.15993,0.30326,134,134,134,0.28214,2.11653,0.17896,1,1,0.450
31.0000,535,BL,28,1.80757,0.14451,0.29990,134,134,134,0.27880,1.87810,0.13907,1,1,0.450
31.0000,535,FR,20,2.12497,-0.12750,0.29985,134,134,134,0.27875,2.24017,-0.15521,1,1,0.450
31.0000,535,BR,13,1.67454,-0.11764,0.30043,134,134,134,0.27933,1.74280,-0.12711,1,1,0.450
31.0100,535,FL,5,1.99297,0.16005,0.30378,134,134,134,0.28267,2.11520,0.17931,1,1,0.450
31.0100,535,BL,28,1.80651,0.14376,0.29990,134,134,134,0.27880,1.87981,0.13641,1,1,0.450
31.0100,535,FR,20,2.12423,-0.12709,0.29983,134,134,134,0.27873,2.24422,-0.15643,1,1,0.450
31.0100,535,BR,13,1.67363,-0.11669,0.30063,134,134,134,0.27953,1.74139,-0.12678,1,1,0.450
31.0200,535,FL,5,1.99227,0.15939,0.30463,134,134,134,0.28351,2.11387,0.17844,1,1,0.450
31.0200,535,BL,28,1.80574,0.14367,0.29991,134,134,134,0.27881,1.87952,0.13636,1,1,0.450
31.0200,535,FR,20,2.12336,-0.12724,0.29992,134,134,134,0.27882,2.24350,-0.15612,1,1,0.450
31.0200,535,BR,13,1.67274,-0.11738,0.30082,134,134,134,0.27972,1.74058,-0.12690,1,1,0.450
31.0300,536,FL,4,1.99176,0.15887,0.30537,133,133,133,0.28425,2.11274,0.17772,1,1,0.450
31.0300,536,BL,27,1.80505,0.14355,0.29991,134,134,134,0.27881,1.87489,0.13682,1,1,0.450
31.0300,536,FR,19,2.12268,-0.12741,0.29997,134,134,134,0.27887,2.23893,-0.15565,1,1,0.450
31.0300,536,BR,12,1.67203,-0.11781,0.30107,134,134,134,0.27997,1.73979,-0.12702,1,1,0.450
31.0400,536,FL,4,1.99057,0.15852,0.30611,132,132,132,0.28499,2.11088,0.17744,1,1,0.450
31.0400,536,BL,27,1.80380,0.14286,0.29991,134,134,134,0.27881,1.87706,0.13508,1,1,0.450
31.0400,536,FR,19,2.12170,-0.12707,0.29998,134,134,134,0.27888,2.24295,-0.15644,1,1,0.450
31.0400,536,BR,12,1.67068,-0.11717,0.30141,134,134,134,0.28031,1.73832,-0.12654,1,1,0.450
31.0500,536,FL,4,1.99005,0.15771,0.30713,132,132,132,0.28601,2.10980,0.17633,1,1,0.450
31.0500,536,BL,27,1.80333,0.14288,0.29992,134,134,134,0.27882,1.87710,0.13525,1,1,0.450
31.0500,536,FR,19,2.12106,-0.12724,0.30010,134,134,134,0.27900,2.24249,-0.15606,1,1,0.450
31.0500,536,BR,12,1.66999,-0.11793,0.30165,134,134,134,0.28055,1.73776,-0.12659,1,1,0.450
31.0600,537,FL,3,1.99049,0.15727,0.30779,132,132,132,0.28667,2.10991,0.17571,1,1,0.450
31.0600,537,BL,26,1.80353,0.14289,0.29993,134,134,134,0.27882,1.87335,0.13596,1,1,0.450
31.0600,537,FR,18,2.12127,-0.12732,0.30014,134,134,134,0.27904,2.23876,-0.15541,1,1,0.450
31.0600,537,BR,11,1.67022,-0.11821,0.30188,134,134,134,0.28077,1.73786,-0.12657,1,1,0.450
31.0700,537,FL,3,1.98924,0.15667,0.30842,131,131,131,0.28729,2.10806,0.17499,1,1,0.450
31.0700,537,BL,26,1.80260,0.14229,0.29993,134,134,134,0.27883,1.87610,0.13480,1,1,0.450
31.0700,537,FR,18,2.12055,-0.12702,0.30015,134,134,134,0.27905,2.24312,-0.15591,1,1,0.450
31.0700,537,BR,11,1.66894,-0.11779,0.30225,134,134,134,0.28114,1.73688,-0.12598,1,1,0.450
31.0800,537,FL,3,1.98900,0.15610,0.30905,131,131,131,0.28792,2.10769,0.17434,1,1,0.450
31.0800,537,BL,26,1.80252,0.14249,0.29992,134,134,134,0.27882,1.87656,0.13522,1,1,0.450
31.0800,537,FR,18,2.12028,-0.12706,0.30025,134,134,134,0.27915,2.24300,-0.15546,1,1,0.450
31.0800,537,BR,11,1.66864,-0.11825,0.30238,134,134,134,0.28127,1.73672,-0.12588,1,1,0.450
31.0900,538,FL,2,1.98991,0.15601,0.30906,131,131,131,0.28793,2.10919,0.17462,1,1,0.450
31.0900,538,BL,25,1.80330,0.14281,0.29992,134,134,134,0.27882,1.87331,0.13623,1,1,0.450
31.0900,538,FR,17,2.12110,-0.12679,0.30025,134,134,134,0.27915,2.24370,-0.15515,1,1,0.450
31.0900,538,BR,10,1.66958,-0.11796,0.30245,134,134,134,0.28134,1.73744,-0.12548,1,1,0.450
31.1000,538,FL,2,1.98882,0.15534,0.30920,131,131,131,0.28807,2.10786,0.17394,1,1,0.450
31.1000,538,BL,25,1.80283,0.14242,0.29992,134,134,134,0.27882,1.87661,0.13549,1,1,0.450
31.1000,538,FR,17,2.12074,-0.12639,0.30026,134,134,134,0.27916,2.24447,-0.15481,1,1,0.450
31.1000,538,BR,10,1.66853,-0.11747,0.30268,134,134,134,0.28157,1.73700,-0.12461,1,1,0.450
31.1100,538,FL,2,1.98971,0.15515,0.30927,131,131,131,0.28813,2.11016,0.17455,1,1,0.450
31.1100,538,BL,25,1.80411,0.14314,0.29990,134,134,134,0.27880,1.87838,0.13637,1,1,0.450
31.1100,538,FR,17,2.12187,-0.12597,0.30032,134,134,134,0.27922,2.24540,-0.15414,1,1,0.450
31.1100,538,BR,10,1.66985,-0.11710,0.30274,134,134,134,0.28163,1.73827,-0.12390,1,1,0.450
31.1200,539,FL,1,1.98895,0.15474,0.30925,131,131,131,0.28812,2.10991,0.17422,1,1,0.450
31.1200,539,BL,24,1.80417,0.14366,0.29990,134,134,134,0.27879,1.87430,0.13756,1,1,0.450
31.1200,539,FR,16,2.12180,-0.12572,0.30035,134,134,134,0.27925,2.24956,-0.15418,1,1,0.450
31.1200,539,BR,9,1.66941,-0.11708,0.30275,134,134,134,0.28164,1.73850,-0.12312,1,1,0.450
31.1320,539,FL,1,1.98964,0.15454,0.30924,131,131,131,0.28811,2.11150,0.17475,1,1,0.450
31.1320,539,BL,24,1.80590,0.14392,0.29989,134,134,134,0.27879,1.87990,0.13762,1,1,0.450
31.1320,539,FR,16,2.12349,-0.12485,0.30037,134,134,134,0.27927,2.25220,-0.15345,1,1,0.450
31.1320,539,BR,9,1.67061,-0.11574,0.30289,134,134,134,0.28178,1.74009,-0.12155,1,1,0.450
31.1400,539,FL,1,1.98869,0.15402,0.30964,131,131,131,0.28851,2.11117,0.17454,1,1,0.450
31.1400,539,BL,24,1.80634,0.14481,0.29985,134,134,134,0.27875,1.88079,0.13866,1,1,0.450
31.1400,539,FR,16,2.12358,-0.12452,0.30051,134,134,134,0.27940,2.25243,-0.15254,1,1,0.450
31.1400,539,BR,9,1.67035,-0.11576,0.30280,134,134,134,0.28169,1.74076,-0.12046,1,1,0.450
31.1500,540,FL,30,2.25904,0.15482,0.30002,134,134,134,0.27892,2.36268,0.16549,1,1,0.450
31.1500,540,BL,23,1.80883,0.14624,0.29983,134,134,134,0.27873,1.87914,0.14068,1,1,0.450
31.1500,540,FR,15,2.12580,-0.12355,0.30056,134,134,134,0.27946,2.25446,-0.15162,1,1,0.450
31.1500,540,BR,8,1.67266,-0.11444,0.30272,134,134,134,0.28161,1.74322,-0.11861,1,1,0.450
31.1740,541,FL,29,2.26068,0.15527,0.30002,134,134,134,0.27891,2.37075,0.16729,1,1,0.450
31.1740,541,BL,22,1.81043,0.14675,0.29986,134,134,134,0.27876,1.88233,0.14204,1,1,0.450
31.1740,541,FR,14,2.12712,-0.12288,0.30051,134,134,134,0.27941,2.25656,-0.15089,1,1,0.450
31.1740,541,BR,7,1.67311,-0.11341,0.30273,134,134,134,0.28162,1.74482,-0.11689,1,1,0.450
31.1880,541,FL,29,2.26306,0.15658,0.30003,134,134,134,0.27893,2.38138,0.16868,1,1,0.450
31.1880,541,BL,22,1.81249,0.14832,0.29982,134,134,134,0.27872,1.89000,0.14399,1,1,0.450
31.1880,541,FR,14,2.12769,-0.12249,0.30060,134,134,134,0.27950,2.25959,-0.14888,1,1,0.450
31.1880,541,BR,7,1.67160,-0.11379,0.30288,134,134,134,0.28177,1.74610,-0.11493,1,1,0.450
31.2000,541,FL,29,2.26451,0.15744,0.30005,134,134,134,0.27895,2.38273,0.16922,1,1,0.450
31.2000,541,BL,22,1.81374,0.14952,0.29975,134,134,134,0.27865,1.89194,0.14580,1,1,0.450
31.2000,541,FR,14,2.12793,-0.12247,0.30061,134,134,134,0.27950,2.26085,-0.14780,1,1,0.450
31.2000,541,BR,7,1.67127,-0.11397,0.30256,134,134,134,0.28145,1.74657,-0.11405,1,1,0.450
31.2080,542,FL,28,2.26545,0.15803,0.30006,134,134,134,0.27896,2.37886,0.17034,1,1,0.450
31.2080,542,BL,21,1.81463,0.15040,0.29974,134,134,134,0.27864,1.88819,0.14764,1,1,0.450
31.2100,542,FR,13,2.12829,-0.12229,0.30057,134,134,134,0.27947,2.26172,-0.14707,1,1,0.450
31.2100,542,BR,6,1.67124,-0.11392,0.30242,134,134,134,0.28131,1.74706,-0.11320,1,1,0.450
31.2200,542,FL,28,2.26599,0.15800,0.30004,134,134,134,0.27893,2.38659,0.17076,1,1,0.450
31.2200,542,BL,21,1.81499,0.15000,0.29971,134,134,134,0.27861,1.89310,0.14748,1,1,0.450
31.2200,542,FR,13,2.12850,-0.12247,0.30044,134,134,134,0.27934,2.26260,-0.14720,1,1,0.450
31.2200,542,BR,6,1.67117,-0.11379,0.30206,134,134,134,0.28095,1.74708,-0.11292,1,1,0.450
31.2300,542,FL,28,2.26659,0.15866,0.30006,134,134,134,0.27896,2.38712,0.17125,1,1,0.450
31.2300,542,BL,21,1.81552,0.15100,0.29971,134,134,134,0.27861,1.89396,0.14863,1,1,0.450
31.2320,542,FR,13,2.12868,-0.12205,0.30065,134,134,134,0.27955,2.26289,-0.14636,1,1,0.450
31.2320,542,BR,6,1.67138,-0.11357,0.30255,134,134,134,0.28144,1.74742,-0.11201,1,1,0.450
31.2400,543,FL,27,2.26690,0.15920,0.30007,134,134,134,0.27896,2.38245,0.17244,1,1,0.450
31.2400,543,BL,20,1.81582,0.15169,0.29975,134,134,134,0.27865,1.88929,0.15019,1,1,0.450
31.2400,543,FR,12,2.12884,-0.12166,0.30078,134,134,134,0.27968,2.26310,-0.14576,1,1,0.450
31.2400,543,BR,5,1.67145,-0.11326,0.30305,134,134,134,0.28194,1.74767,-0.11112,1,1,0.450
31.2500,543,FL,27,2.26712,0.15927,0.30003,134,134,134,0.27893,2.38930,0.17301,1,1,0.450
31.2500,543,BL,20,1.81586,0.15134,0.29976,134,134,134,0.27866,1.89355,0.15012,1,1,0.450
31.2500,543,FR,12,2.12889,-0.12173,0.30087,134,134,134,0.27976,2.26356,-0.14584,1,1,0.450
31.2500,543,BR,5,1.67140,-0.11296,0.30342,134,134,134,0.28231,1.74756,-0.11068,1,1,0.450
31.2600,543,FL,27,2.26779,0.15996,0.30006,134,134,134,0.27896,2.38990,0.17355,1,1,0.450
31.2600,543,BL,20,1.81648,0.15239,0.29976,134,134,134,0.27866,1.89447,0.15122,1,1,0.450
31.2600,543,FR,12,2.12924,-0.12109,0.30112,134,134,134,0.28002,2.26387,-0.14501,1,1,0.450
31.2600,543,BR,5,1.67191,-0.11237,0.30410,134,134,134,0.28298,1.74794,-0.10954,1,1,0.450
31.2680,544,FL,26,2.26773,0.16051,0.30006,134,134,134,0.27896,2.38475,0.17474,1,1,0.450
31.2700,544,BL,19,1.81642,0.15320,0.29982,134,134,134,0.27872,1.88927,0.15279,1,1,0.450
31.2700,544,FR,11,2.12918,-0.12048,0.30133,134,134,134,0.28022,2.26356,-0.14439,1,1,0.450
31.2700,544,BR,4,1.67191,-0.11169,0.30482,134,134,134,0.28371,1.74799,-0.10822,1,1,0.450
31.2800,544,FL,26,2.26711,0.16031,0.30001,134,134,134,0.27891,2.39043,0.17513,1,1,0.450
31.2800,544,BL,19,1.81563,0.15256,0.29984,134,134,134,0.27874,1.89247,0.15250,1,1,0.450
31.2800,544,FR,11,2.12861,-0.12077,0.30144,134,134,134,0.28033,2.26303,-0.14478,1,1,0.450
31.2800,544,BR,4,1.67138,-0.11151,0.30517,133,133,133,0.28405,1.74733,-0.10796,1,1,0.450
31.2900,544,FL,26,2.26680,0.16102,0.30005,134,134,134,0.27894,2.39007,0.17565,1,1,0.450
31.2900,544,BL,19,1.81529,0.15371,0.29984,134,134,134,0.27874,1.89235,0.15367,1,1,0.450
31.2900,544,FR,11,2.12801,-0.12021,0.30174,134,134,134,0.28063,2.26223,-0.14387,1,1,0.450
31.2900,544,BR,4,1.67118,-0.11107,0.30584,132,132,132,0.28472,1.74653,-0.10678,1,1,0.450
31.3000,545,FL,25,2.26590,0.16148,0.30005,134,134,134,0.27895,2.38400,0.17686,1,1,0.450
31.3000,545,BL,18,1.81442,0.15433,0.29989,134,134,134,0.27879,1.88616,0.15528,1,1,0.450
31.3000,545,FR,10,2.12725,-0.11991,0.30191,134,134,134,0.28080,2.26104,-0.14332,1,1,0.450
31.3000,545,BR,3,1.67067,-0.11087,0.30630,132,132,132,0.28517,1.74575,-0.10585,1,1,0.450
31.3100,545,FL,25,2.26658,0.16159,0.29999,134,134,134,0.27888,2.39082,0.17760,1,1,0.450
31.3100,545,BL,18,1.81486,0.15411,0.29990,134,134,134,0.27879,1.89062,0.15553,1,1,0.450
31.3100,545,FR,10,2.12764,-0.12003,0.30199,134,134,134,0.28088,2.26166,-0.14346,1,1,0.450
31.3100,545,BR,3,1.67125,-0.11029,0.30638,132,132,132,0.28526,1.74564,-0.10541,1,1,0.450
31.3180,545,FL,25,2.26537,0.16225,0.30003,134,134,134,0.27893,2.38953,0.17811,1,1,0.450
31.3180,545,BL,18,1.81366,0.15504,0.29991,134,134,134,0.27881,1.88957,0.15666,1,1,0.450
31.3180,545,FR,10,2.12652,-0.11976,0.30230,134,134,134,0.28120,2.25989,-0.14263,1,1,0.450
31.3180,545,BR,3,1.67082,-0.11028,0.30685,132,132,132,0.28573,1.74433,-0.10468,1,1,0.450
31.3300,546,FL,24,2.26521,0.16287,0.30003,134,134,134,0.27893,2.38414,0.17958,1,1,0.450
31.3300,546,BL,17,1.81352,0.15569,0.29993,134,134,134,0.27883,1.88928,0.15763,1,1,0.450
31.3300,546,FR,9,2.12641,-0.11955,0.30232,134,134,134,0.28121,2.25951,-0.14203,1,1,0.450
31.3300,546,BR,2,1.67111,-0.11015,0.30682,132,132,132,0.28570,1.74377,-0.10426,1,1,0.450
31.3400,546,FL,24,2.26393,0.16292,0.29997,134,134,134,0.27886,2.38881,0.18031,1,1,0.450
31.3400,546,BL,17,1.81204,0.15504,0.29996,134,134,134,0.27885,1.88650,0.15878,1,1,0.450
31.3400,546,FR,9,2.12554,-0.12016,0.30256,134,134,134,0.28145,2.25790,-0.14238,1,1,0.450
31.3400,546,BR,2,1.67090,-0.11031,0.30692,132,132,132,0.28580,1.74289,-0.10452,1,1,0.450
31.3500,546,FL,24,2.26286,0.16369,0.30001,134,134,134,0.27891,2.38762,0.18117,1,1,0.450
31.3500,546,BL,17,1.81116,0.15573,0.29994,134,134,134,0.27884,1.88522,0.15985,1,1,0.450
31.3500,546,FR,9,2.12515,-0.12005,0.30263,134,134,134,0.28152,2.25673,-0.14161,1,1,0.450
31.3500,546,BR,2,1.67111,-0.11047,0.30681,132,132,132,0.28569,1.74220,-0.10460,1,1,0.450
31.3620,547,FL,23,2.26178,0.16442,0.30001,134,134,134,0.27891,2.38115,0.18292,1,1,0.450
31.3620,547,BL,16,1.81023,0.15613,0.30000,134,134,134,0.27889,1.88386,0.16078,1,1,0.450
31.3620,547,FR,8,2.12483,-0.11999,0.30264,134,134,134,0.28153,2.25558,-0.14099,1,1,0.450
31.3620,547,BR,1,1.67124,-0.11060,0.30677,132,132,132,0.28565,1.74176,-0.10470,1,1,0.450
31.3820,548,FL,22,2.26041,0.16482,0.29998,134,134,134,0.27887,2.37578,0.18875,1,1,0.450
31.3840,548,BL,15,1.80891,0.15525,0.30003,134,134,134,0.27892,1.88148,0.16141,1,1,0.450
31.3840,548,FR,7,2.12468,-0.12071,0.30267,134,134,134,0.28156,2.25408,-0.14125,1,1,0.450
31.3840,548,BR,30,1.94445,-0.11094,0.29986,134,134,134,0.27876,2.02158,-0.11332,1,1,0.450
31.3980,548,FL,22,2.25800,0.16554,0.29983,134,134,134,0.27872,2.37691,0.19242,1,1,0.450
31.3980,548,BL,15,1.80685,0.15428,0.29997,134,134,134,0.27887,1.87767,0.16242,1,1,0.450
31.3980,548,FR,7,2.12473,-0.12133,0.30207,134,134,134,0.28097,2.25198,-0.14099,1,1,0.450
31.3980,548,BR,30,1.94206,-0.10917,0.29987,134,134,134,0.27877,2.01831,-0.10617,1,1,0.450
31.4100,548,FL,22,2.25625,0.16657,0.29985,134,134,134,0.27875,2.37519,0.19326,1,1,0.450
31.4120,548,BL,15,1.80544,0.15513,0.30004,134,134,134,0.27894,1.87552,0.16353,1,1,0.450
31.4120,548,FR,7,2.12414,-0.12074,0.30269,134,134,134,0.28158,2.25021,-0.13984,1,1,0.450
31.4120,548,BR,30,1.94053,-0.10824,0.29989,134,134,134,0.27879,2.01729,-0.10518,1,1,0.450
31.4240,549,FL,21,2.25485,0.16709,0.29985,134,134,134,0.27875,2.36951,0.19376,1,1,0.450
31.4240,549,BL,14,1.80431,0.15552,0.30013,134,134,134,0.27903,1.87371,0.16430,1,1,0.450
31.4240,549,FR,6,2.12364,-0.12070,0.30254,134,134,134,0.28143,2.24870,-0.13943,1,1,0.450
31.4240,549,BR,29,1.93909,-0.10772,0.29989,134,134,134,0.27879,2.01171,-0.10479,1,1,0.450
31.4340,549,FL,21,2.25305,0.16689,0.29981,134,134,134,0.27871,2.37209,0.19579,1,1,0.450
31.4340,549,BL,14,1.80249,0.15463,0.30024,134,134,134,0.27914,1.87107,0.16432,1,1,0.450
31.4340,549,FR,6,2.12233,-0.12108,0.30272,134,134,134,0.28161,2.24639,-0.13986,1,1,0.450
31.4360,549,BR,29,1.93695,-0.10674,0.29988,134,134,134,0.27878,2.01100,-0.10058,1,1,0.450
31.4460,550,FL,20,2.25202,0.16703,0.29984,134,134,134,0.27874,2.36712,0.19528,1,1,0.450
31.4460,550,BL,13,1.80160,0.15509,0.30028,134,134,134,0.27918,1.86987,0.16468,1,1,0.450
31.4460,550,FR,5,2.12181,-0.12080,0.30298,134,134,134,0.28186,2.24518,-0.13940,1,1,0.450
31.4460,550,BR,28,1.93596,-0.10649,0.29990,134,134,134,0.27880,2.00647,-0.10066,1,1,0.450
31.4560,550,FL,20,2.25104,0.16675,0.29982,134,134,134,0.27871,2.37091,0.19671,1,1,0.450
31.4560,550,BL,13,1.80052,0.15415,0.30050,134,134,134,0.27940,1.86816,0.16450,1,1,0.450
31.4560,550,FR,5,2.12114,-0.12101,0.30340,134,134,134,0.28229,2.24362,-0.13973,1,1,0.450
31.4560,550,BR,28,1.93467,-0.10564,0.29989,134,134,134,0.27879,2.00794,-0.09791,1,1,0.450
31.4660,550,FL,20,2.25059,0.16691,0.29990,134,134,134,0.27880,2.37056,0.19648,1,1,0.450
31.4660,550,BL,13,1.80011,0.15477,0.30067,134,134,134,0.27957,1.86771,0.16470,1,1,0.450
31.4660,550,FR,5,2.12093,-0.12045,0.30415,134,134,134,0.28304,2.24284,-0.13903,1,1,0.450
31.4660,550,BR,28,1.93430,-0.10550,0.29990,134,134,134,0.27880,2.00806,-0.09781,1,1,0.450
31.4760,551,FL,19,2.24938,0.16713,0.29996,134,134,134,0.27885,2.36553,0.19601,1,1,0.450
31.4760,551,BL,12,1.79875,0.15529,0.30094,134,134,134,0.27983,1.86650,0.16479,1,1,0.450
31.4760,551,FR,4,2.11969,-0.11982,0.30498,133,133,133,0.28386,2.24095,-0.13816,1,1,0.450
31.4760,551,BR,27,1.93311,-0.10537,0.29991,134,134,134,0.27881,2.00293,-0.09825,1,1,0.450
31.4860,551,FL,19,2.24934,0.16678,0.29996,134,134,134,0.27886,2.37044,0.19684,1,1,0.450
31.4860,551,BL,12,1.79847,0.15464,0.30130,134,134,134,0.28019,1.86585,0.16442,1,1,0.450
31.4860,551,FR,4,2.11965,-0.11960,0.30583,132,132,132,0.28471,2.24017,-0.13797,1,1,0.450
31.4860,551,BR,27,1.93277,-0.10464,0.29991,134,134,134,0.27881,2.00600,-0.09646,1,1,0.450
31.4960,551,FL,19,2.24872,0.16694,0.30008,134,134,134,0.27897,2.36997,0.19648,1,1,0.450
31.4960,551,BL,12,1.79778,0.15536,0.30147,134,134,134,0.28037,1.86536,0.16446,1,1,0.450
31.4980,551,FR,4,2.11911,-0.11882,0.30677,132,132,132,0.28564,2.23911,-0.13697,1,1,0.450
31.4980,551,BR,27,1.93227,-0.10464,0.29991,134,134,134,0.27881,2.00600,-0.09660,1,1,0.450
31.5080,552,FL,18,2.24777,0.16711,0.30013,134,134,134,0.27902,2.36518,0.19584,1,1,0.450
31.5080,552,BL,11,1.79671,0.15580,0.30172,134,134,134,0.28061,1.86438,0.16447,1,1,0.450
31.5080,552,FR,3,2.11821,-0.11817,0.30748,132,132,132,0.28636,2.23775,-0.13608,1,1,0.450
31.5080,552,BR,26,1.93136,-0.10459,0.29992,134,134,134,0.27882,2.00114,-0.09727,1,1,0.450
31.5160,552,FL,18,2.24751,0.16680,0.30014,134,134,134,0.27903,2.36995,0.19636,1,1,0.450
31.5180,552,BL,11,1.79604,0.15535,0.30217,134,134,134,0.28106,1.86370,0.16393,1,1,0.450
31.5180,552,FR,3,2.11767,-0.11762,0.30821,132,132,132,0.28709,2.23661,-0.13541,1,1,0.450
31.5180,552,BR,26,1.93088,-0.10399,0.29992,134,134,134,0.27882,2.00437,-0.09611,1,1,0.450
31.5280,552,FL,18,2.24724,0.16686,0.30023,134,134,134,0.27913,2.36981,0.19601,1,1,0.450
31.5280,552,BL,11,1.79572,0.15577,0.30226,134,134,134,0.28115,1.86358,0.16389,1,1,0.450
31.5280,552,FR,3,2.11739,-0.11715,0.30870,131,131,131,0.28757,2.23620,-0.13487,1,1,0.450
31.5280,552,BR,26,1.93078,-0.10414,0.29992,134,134,134,0.27881,2.00479,-0.09646,1,1,0.450
31.5380,553,FL,17,2.24730,0.16673,0.30026,134,134,134,0.27915,2.36992,0.19566,1,1,0.450
31.5380,553,BL,10,1.79572,0.15582,0.30237,134,134,134,0.28126,1.86365,0.16354,1,1,0.450
31.5380,553,FR,2,2.11740,-0.11671,0.30896,131,131,131,0.28783,2.23639,-0.13455,1,1,0.450
31.5380,553,BR,25,1.93087,-0.10439,0.29992,134,134,134,0.27882,2.00088,-0.09744,1,1,0.450
31.5460,553,FL,17,2.24758,0.16627,0.30025,134,134,134,0.27915,2.37121,0.19536,1,1,0.450
31.5460,553,BL,10,1.79550,0.15513,0.30261,134,134,134,0.28150,1.86368,0.16270,1,1,0.450
31.5460,553,FR,2,2.11718,-0.11626,0.30911,131,131,131,0.28798,2.23616,-0.13419,1,1,0.450
31.5460,553,BR,25,1.93101,-0.10404,0.29992,134,134,134,0.27881,2.00482,-0.09675,1,1,0.450
31.5560,553,FL,17,2.24859,0.16593,0.30031,134,134,134,0.27921,2.37200,0.19482,1,1,0.450
31.5560,553,BL,10,1.79671,0.15485,0.30264,134,134,134,0.28153,1.86485,0.16213,1,1,0.450
31.5560,553,FR,2,2.11804,-0.11610,0.30914,131,131,131,0.28801,2.23820,-0.13475,1,1,0.450
31.5560,553,BR,25,1.93212,-0.10460,0.29990,134,134,134,0.27880,2.00639,-0.09747,1,1,0.450
31.5680,554,FL,16,2.24931,0.16550,0.30034,134,134,134,0.27924,2.37675,0.19488,1,1,0.450
31.5680,554,BL,9,1.79728,0.15445,0.30270,134,134,134,0.28159,1.86578,0.16122,1,1,0.450
31.5680,554,FR,1,2.11819,-0.11582,0.30910,131,131,131,0.28796,2.23952,-0.13499,1,1,0.450
31.5680,554,BR,24,1.93290,-0.10524,0.29990,134,134,134,0.27880,2.00301,-0.09872,1,1,0.450
31.5760,554,FL,16,2.24860,0.16521,0.30037,134,134,134,0.27926,2.37745,0.19422,1,1,0.450
31.5760,554,BL,9,1.79554,0.15428,0.30272,134,134,134,0.28161,1.86520,0.16014,1,1,0.450
31.5760,554,FR,1,2.11626,-0.11499,0.30930,131,131,131,0.28817,2.23704,-0.13362,1,1,0.450
31.5780,554,BR,24,1.93234,-0.10507,0.29988,134,134,134,0.27878,2.00632,-0.09842,1,1,0.450
31.5900,554,FL,16,2.25009,0.16465,0.30046,134,134,134,0.27935,2.37875,0.19346,1,1,0.450
31.5920,554,BL,9,1.79722,0.15353,0.30283,134,134,134,0.28172,1.86694,0.15903,1,1,0.450
31.5920,554,FR,1,2.11712,-0.11493,0.30941,131,131,131,0.28828,2.23945,-0.13481,1,1,0.450
31.5920,554,BR,24,1.93413,-0.10605,0.29986,134,134,134,0.27876,2.00865,-0.09965,1,1,0.450
31.6020,555,FL,15,2.25189,0.16363,0.30057,134,134,134,0.27946,2.38058,0.19223,1,1,0.450
31.6040,555,BL,8,1.79869,0.15250,0.30257,134,134,134,0.28146,1.86927,0.15684,1,1,0.450
31.6040,555,FR,30,2.38655,-0.11414,0.30002,134,134,134,0.27892,2.49025,-0.12434,1,1,0.450
31.6040,555,BR,23,1.93630,-0.10770,0.29982,134,134,134,0.27872,2.00661,-0.10180,1,1,0.450
31.6260,556,FL,14,2.25395,0.16239,0.30055,134,134,134,0.27945,2.38269,0.19153,1,1,0.450
31.6260,556,BL,7,1.80054,0.15030,0.30308,134,134,134,0.28197,1.87154,0.15436,1,1,0.450
31.6260,556,FR,29,2.38863,-0.11474,0.30001,134,134,134,0.27891,2.49873,-0.12621,1,1,0.450
31.6260,556,BR,22,1.93836,-0.10856,0.29988,134,134,134,0.27878,2.01019,-0.10337,1,1,0.450
31.6380,556,FL,14,2.25524,0.16185,0.30069,134,134,134,0.27959,2.38684,0.18919,1,1,0.450
31.6380,556,BL,7,1.79931,0.15063,0.30319,134,134,134,0.28208,1.87368,0.15212,1,1,0.450
31.6380,556,FR,29,2.39201,-0.11625,0.30003,134,134,134,0.27893,2.51040,-0.12769,1,1,0.450
31.6380,556,BR,22,1.94142,-0.11048,0.29985,134,134,134,0.27875,2.01887,-0.10557,1,1,0.450
31.6480,556,FL,14,2.25538,0.16184,0.30074,134,134,134,0.27964,2.38794,0.18826,1,1,0.450
31.6480,556,BL,7,1.79895,0.15077,0.30314,134,134,134,0.28202,1.87408,0.15128,1,1,0.450
31.6480,556,FR,29,2.39330,-0.11703,0.30005,134,134,134,0.27895,2.51157,-0.12815,1,1,0.450
31.6480,556,BR,22,1.94251,-0.11155,0.29979,134,134,134,0.27869,2.02070,-0.10726,1,1,0.450
31.6600,557,FL,13,2.25556,0.16178,0.30074,134,134,134,0.27963,2.38877,0.18757,1,1,0.450
31.6600,557,BL,6,1.79864,0.15085,0.30305,134,134,134,0.28194,1.87435,0.15060,1,1,0.450
31.6600,557,FR,28,2.39413,-0.11754,0.30006,134,134,134,0.27896,2.50760,-0.12926,1,1,0.450
31.6600,557,BR,21,1.94326,-0.11231,0.29978,134,134,134,0.27868,2.01686,-0.10903,1,1,0.450
31.6720,557,FL,13,2.25649,0.16172,0.30053,134,134,134,0.27942,2.39055,0.18734,1,1,0.450
31.6720,557,BL,6,1.79918,0.15042,0.30237,134,134,134,0.28126,1.87510,0.14987,1,1,0.450
31.6720,557,FR,28,2.39566,-0.11779,0.30004,134,134,134,0.27893,2.51633,-0.12986,1,1,0.450
31.6720,557,BR,21,1.94461,-0.11240,0.29973,134,134,134,0.27863,2.02279,-0.10932,1,1,0.450
31.6860,558,FL,12,2.25665,0.16125,0.30082,134,134,134,0.27971,2.39079,0.18651,1,1,0.450
31.6860,558,BL,5,1.79940,0.15013,0.30313,134,134,134,0.28202,1.87548,0.14880,1,1,0.450
31.6860,558,FR,27,2.39624,-0.11847,0.30007,134,134,134,0.27896,2.51185,-0.13109,1,1,0.450
31.6860,558,BR,20,1.94510,-0.11344,0.29975,134,134,134,0.27864,2.01869,-0.11127,1,1,0.450
31.7000,558,FL,12,2.25629,0.16122,0.30094,134,134,134,0.27983,2.39076,0.18643,1,1,0.450
31.7000,558,BL,5,1.79890,0.14984,0.30369,134,134,134,0.28258,1.87509,0.14808,1,1,0.450
31.7020,558,FR,27,2.39601,-0.11867,0.30003,134,134,134,0.27893,2.51824,-0.13173,1,1,0.450
31.7020,558,BR,20,1.94470,-0.11327,0.29978,134,134,134,0.27868,2.02247,-0.11142,1,1,0.450
31.7120,559,FL,11,2.25668,0.16040,0.30125,134,134,134,0.28015,2.39109,0.18530,1,1,0.450
31.7120,559,BL,4,1.79945,0.14907,0.30455,134,134,134,0.28344,1.87549,0.14654,1,1,0.450
31.7120,559,FR,26,2.39677,-0.11961,0.30006,134,134,134,0.27896,2.51386,-0.13328,1,1,0.450
31.7120,559,BR,19,1.94541,-0.11466,0.29979,134,134,134,0.27869,2.01836,-0.11367,1,1,0.450
31.7220,559,FL,11,2.25667,0.16029,0.30140,134,134,134,0.28029,2.39113,0.18534,1,1,0.450
31.7220,559,BL,4,1.79943,0.14845,0.30508,133,133,133,0.28397,1.87551,0.14558,1,1,0.450
31.7220,559,FR,26,2.39679,-0.11977,0.30001,134,134,134,0.27891,2.52018,-0.13392,1,1,0.450
31.7220,559,BR,19,1.94525,-0.11450,0.29983,134,134,134,0.27873,2.02223,-0.11385,1,1,0.450
31.7320,559,FL,11,2.25628,0.15974,0.30167,134,134,134,0.28056,2.39051,0.18455,1,1,0.450
31.7320,559,BL,4,1.79934,0.14791,0.30571,133,133,133,0.28459,1.87505,0.14439,1,1,0.450
31.7340,559,FR,26,2.39663,-0.12038,0.30004,134,134,134,0.27894,2.51996,-0.13434,1,1,0.450
31.7340,559,BR,19,1.94507,-0.11553,0.29983,134,134,134,0.27873,2.02228,-0.11489,1,1,0.450
31.7440,560,FL,10,2.25558,0.15940,0.30189,134,134,134,0.28078,2.38941,0.18398,1,1,0.450
31.7440,560,BL,3,1.79887,0.14762,0.30634,132,132,132,0.28522,1.87433,0.14337,1,1,0.450
31.7460,560,FR,25,2.39583,-0.12085,0.30004,134,134,134,0.27894,2.51399,-0.13556,1,1,0.450
31.7460,560,BR,18,1.94429,-0.11619,0.29989,134,134,134,0.27878,2.01619,-0.11652,1,1,0.450
31.7560,560,FL,10,2.25516,0.15956,0.30200,134,134,134,0.28089,2.38892,0.18403,1,1,0.450
31.7560,560,BL,3,1.79869,0.14731,0.30656,132,132,132,0.28544,1.87367,0.14280,1,1,0.450
31.7560,560,FR,25,2.39545,-0.12098,0.29998,134,134,134,0.27888,2.51973,-0.13628,1,1,0.450
31.7560,560,BR,18,1.94372,-0.11600,0.29990,134,134,134,0.27880,2.01951,-0.11680,1,1,0.450
31.7680,560,FL,10,2.25470,0.15906,0.30227,134,134,134,0.28116,2.38816,0.18296,1,1,0.450
31.7680,560,BL,3,1.79890,0.14692,0.30692,132,132,132,0.28580,1.87269,0.14179,1,1,0.450
31.7680,560,FR,25,2.39529,-0.12187,0.30003,134,134,134,0.27892,2.51952,-0.13700,1,1,0.450
31.7680,560,BR,18,1.94352,-0.11728,0.29990,134,134,134,0.27880,2.01956,-0.11828,1,1,0.450
31.7780,561,FL,9,2.25411,0.15882,0.30239,134,134,134,0.28128,2.38698,0.18215,1,1,0.450
31.7780,561,BL,2,1.79887,0.14687,0.30706,132,132,132,0.28594,1.87175,0.14115,1,1,0.450
31.7780,561,FR,24,2.39445,-0.12265,0.30003,134,134,134,0.27893,2.51344,-0.13863,1,1,0.450
31.7780,561,BR,17,1.94272,-0.11810,0.29995,134,134,134,0.27884,2.01859,-0.11950,1,1,0.450
31.7900,561,FL,9,2.25366,0.15937,0.30252,134,134,134,0.28141,2.38606,0.18252,1,1,0.450
31.7900,561,BL,2,1.79898,0.14691,0.30702,132,132,132,0.28590,1.87119,0.14139,1,1,0.450
31.7900,561,FR,24,2.39379,-0.12271,0.29996,134,134,134,0.27886,2.51876,-0.13934,1,1,0.450
31.7900,561,BR,17,1.94183,-0.11748,0.29995,134,134,134,0.27885,2.01644,-0.12068,1,1,0.450
31.7980,561,FL,9,2.25295,0.15932,0.30267,134,134,134,0.28156,2.38449,0.18184,1,1,0.450
31.8000,561,BL,2,1.79882,0.14716,0.30712,132,132,132,0.28600,1.87031,0.14143,1,1,0.450
31.8000,561,FR,24,2.39236,-0.12336,0.30000,134,134,134,0.27890,2.51719,-0.14006,1,1,0.450
31.8000,561,BR,17,1.94059,-0.11808,0.29996,134,134,134,0.27885,2.01481,-0.12161,1,1,0.450
31.8080,562,FL,8,2.25290,0.15920,0.30267,134,134,134,0.28156,2.38374,0.18108,1,1,0.450
31.8080,562,BL,1,1.79932,0.14722,0.30691,132,132,132,0.28579,1.86994,0.14158,1,1,0.450
31.8100,562,FR,23,2.39169,-0.12424,0.30001,134,134,134,0.27891,2.51117,-0.14201,1,1,0.450
31.8100,562,BR,16,1.94004,-0.11861,0.29999,134,134,134,0.27889,2.01390,-0.12272,1,1,0.450
31.8300,562,FL,8,2.25275,0.15987,0.30271,134,134,134,0.28160,2.38251,0.18143,1,1,0.450
31.8300,562,BL,1,1.79960,0.14736,0.30683,132,132,132,0.28570,1.87021,0.14232,1,1,0.450
31.8300,562,FR,23,2.39059,-0.12451,0.29997,134,134,134,0.27887,2.51052,-0.14752,1,1,0.450
31.8300,562,BR,16,1.93893,-0.11771,0.30002,134,134,134,0.27892,2.01187,-0.12321,1,1,0.450
31.8420,563,FL,7,2.25261,0.15973,0.30229,134,134,134,0.28118,2.38007,0.18000,1,1,0.450
31.8420,563,BL,30,2.07060,0.14794,0.29988,134,134,134,0.27878,2.14842,0.15113,1,1,0.450
31.8420,563,FR,22,2.38793,-0.12598,0.29988,134,134,134,0.27878,2.50366,-0.14890,1,1,0.450
31.8420,563,BR,15,1.93673,-0.11822,0.30000,134,134,134,0.27889,2.00845,-0.12494,1,1,0.450
31.8540,563,FL,7,2.25197,0.15991,0.30294,134,134,134,0.28182,2.37850,0.17996,1,1,0.450
31.8540,563,BL,30,2.06902,0.14678,0.29987,134,134,134,0.27877,2.14531,0.14413,1,1,0.450
31.8540,563,FR,22,2.38633,-0.12643,0.29988,134,134,134,0.27878,2.50530,-0.15274,1,1,0.450
31.8540,563,BR,15,1.93526,-0.11749,0.30014,134,134,134,0.27904,2.00584,-0.12537,1,1,0.450
31.8680,564,FL,6,2.25151,0.15971,0.30300,134,134,134,0.28188,2.37720,0.17938,1,1,0.450
31.8680,564,BL,29,2.06783,0.14627,0.29989,134,134,134,0.27879,2.14046,0.14379,1,1,0.450
31.8680,564,FR,21,2.38511,-0.12679,0.29986,134,134,134,0.27876,2.50002,-0.15267,1,1,0.450
31.8680,564,BR,14,1.93425,-0.11793,0.30014,134,134,134,0.27904,2.00432,-0.12597,1,1,0.450
31.8800,564,FL,6,2.25077,0.16029,0.30273,134,134,134,0.28162,2.37511,0.17980,1,1,0.450
31.8800,564,BL,29,2.06578,0.14505,0.29988,134,134,134,0.27878,2.13985,0.13931,1,1,0.450
31.8800,564,FR,21,2.38337,-0.12689,0.29981,134,134,134,0.27871,2.50257,-0.15511,1,1,0.450
31.8800,564,BR,14,1.93265,-0.11708,0.30020,134,134,134,0.27910,2.00158,-0.12636,1,1,0.450
31.8900,564,FL,6,2.24996,0.15996,0.30305,134,134,134,0.28194,2.37354,0.17927,1,1,0.450
31.8900,564,BL,29,2.06451,0.14470,0.29990,134,134,134,0.27880,2.13904,0.13895,1,1,0.450
31.8900,564,FR,21,2.38207,-0.12712,0.29984,134,134,134,0.27874,2.50135,-0.15503,1,1,0.450
31.8900,564,BR,14,1.93149,-0.11763,0.30027,134,134,134,0.27917,2.00012,-0.12683,1,1,0.450
31.9020,565,FL,5,2.24943,0.15983,0.30335,134,134,134,0.28224,2.37233,0.17898,1,1,0.450
31.9020,565,BL,28,2.06353,0.14444,0.29990,134,134,134,0.27880,2.13407,0.13905,1,1,0.450
31.9020,565,FR,20,2.38111,-0.12736,0.29986,134,134,134,0.27876,2.49637,-0.15496,1,1,0.450
31.9020,565,BR,13,1.93062,-0.11789,0.30041,134,134,134,0.27931,1.99895,-0.12720,1,1,0.450
31.9120,565,FL,5,2.24810,0.15984,0.30393,134,134,134,0.28281,2.37020,0.17916,1,1,0.450
31.9120,565,BL,28,2.06185,0.14365,0.29990,134,134,134,0.27879,2.13518,0.13637,1,1,0.450
31.9120,565,FR,20,2.37971,-0.12702,0.29985,134,134,134,0.27875,2.49982,-0.15621,1,1,0.450
31.9120,565,BR,13,1.92900,-0.11703,0.30064,134,134,134,0.27954,1.99692,-0.12689,1,1,0.450
31.9220,566,FL,4,2.24794,0.15921,0.30485,133,133,133,0.28374,2.36939,0.17830,1,1,0.450
31.9220,566,BL,27,2.06152,0.14353,0.29991,134,134,134,0.27880,2.13137,0.13675,1,1,0.450
31.9220,566,FR,19,2.37928,-0.12720,0.29994,134,134,134,0.27884,2.49554,-0.15550,1,1,0.450
31.9220,566,BR,12,1.92861,-0.11772,0.30086,134,134,134,0.27975,1.99645,-0.12707,1,1,0.450
31.9340,566,FL,4,2.24688,0.15898,0.30548,133,133,133,0.28436,2.36743,0.17802,1,1,0.450
31.9340,566,BL,27,2.06019,0.14280,0.29991,134,134,134,0.27880,2.13344,0.13497,1,1,0.450
31.9340,566,FR,19,2.37822,-0.12690,0.29994,134,134,134,0.27884,2.49945,-0.15640,1,1,0.450
31.9340,566,BR,12,1.92724,-0.11703,0.30120,134,134,134,0.28010,1.99485,-0.12668,1,1,0.450
31.9440,566,FL,4,2.24597,0.15805,0.30659,132,132,132,0.28546,2.36593,0.17684,1,1,0.450
31.9440,566,BL,27,2.05947,0.14276,0.29991,134,134,134,0.27881,2.13324,0.13509,1,1,0.450
31.9440,566,FR,19,2.37735,-0.12711,0.30007,134,134,134,0.27896,2.49880,-0.15602,1,1,0.450
31.9460,566,BR,12,1.92626,-0.11792,0.30147,134,134,134,0.28036,1.99410,-0.12676,1,1,0.450
31.9560,567,FL,3,2.24617,0.15740,0.30763,132,132,132,0.28650,2.36564,0.17596,1,1,0.450
31.9560,567,BL,26,2.05952,0.14270,0.29992,134,134,134,0.27882,2.12936,0.13576,1,1,0.450
31.9560,567,FR,18,2.37740,-0.12727,0.30013,134,134,134,0.27903,2.49498,-0.15537,1,1,0.450
31.9560,567,BR,11,1.92626,-0.11839,0.30177,134,134,134,0.28066,1.99405,-0.12680,1,1,0.450
31.9660,567,FL,3,2.24509,0.15677,0.30816,132,132,132,0.28703,2.36381,0.17513,1,1,0.450
31.9660,567,BL,26,2.05846,0.14206,0.29992,134,134,134,0.27882,2.13198,0.13458,1,1,0.450
31.9660,567,FR,18,2.37657,-0.12700,0.30013,134,134,134,0.27903,2.49918,-0.15590,1,1,0.450
31.9660,567,BR,11,1.92495,-0.11799,0.30213,134,134,134,0.28102,1.99290,-0.12626,1,1,0.450
31.9780,567,FL,3,2.24546,0.15631,0.30899,131,131,131,0.28786,2.36419,0.17472,1,1,0.450
31.9780,567,BL,26,2.05888,0.14226,0.29992,134,134,134,0.27882,2.13293,0.13500,1,1,0.450
31.9780,567,FR,18,2.37683,-0.12701,0.30024,134,134,134,0.27914,2.49953,-0.15549,1,1,0.450
31.9780,567,BR,11,1.92528,-0.11836,0.30229,134,134,134,0.28118,1.99318,-0.12619,1,1,0.450
31.9900,568,FL,2,2.24392,0.15555,0.30931,131,131,131,0.28818,2.36232,0.17369,1,1,0.450
31.9920,568,BL,25,2.05772,0.14239,0.29992,134,134,134,0.27882,2.12776,0.13586,1,1,0.450
31.9920,568,FR,17,2.37558,-0.12709,0.30028,134,134,134,0.27918,2.49850,-0.15518,1,1,0.450
31.9920,568,BR,10,1.92371,-0.11880,0.30244,134,134,134,0.28133,1.99210,-0.12595,1,1,0.450
32.0060,568,FL,2,2.24451,0.15521,0.30943,131,131,131,0.28829,2.36346,0.17381,1,1,0.450
32.0060,568,BL,25,2.05854,0.14216,0.29992,134,134,134,0.27882,2.13243,0.13537,1,1,0.450
32.0060,568,FR,17,2.37653,-0.12650,0.30026,134,134,134,0.27916,2.50037,-0.15479,1,1,0.450
32.0060,568,BR,10,1.92437,-0.11786,0.30269,134,134,134,0.28158,1.99265,-0.12501,1,1,0.450
32.0160,569,FL,1,2.24457,0.15467,0.30944,131,131,131,0.28830,2.36498,0.17400,1,1,0.450
32.0180,569,BL,24,2.05952,0.14313,0.29990,134,134,134,0.27879,2.12978,0.13707,1,1,0.450
32.0180,569,FR,16,2.37730,-0.12597,0.30035,134,134,134,0.27925,2.50514,-0.15438,1,1,0.450
32.0180,569,BR,9,1.92502,-0.11763,0.30272,134,134,134,0.28160,1.99383,-0.12389,1,1,0.450
32.0280,569,FL,1,2.24541,0.15457,0.30926,131,131,131,0.28813,2.36688,0.17451,1,1,0.450
32.0280,569,BL,24,2.06115,0.14329,0.29989,134,134,134,0.27879,2.13519,0.13707,1,1,0.450
32.0280,569,FR,16,2.37896,-0.12514,0.30035,134,134,134,0.27925,2.50767,-0.15376,1,1,0.450
32.0280,569,BR,9,1.92623,-0.11628,0.30288,134,134,134,0.28176,1.99535,-0.12236,1,1,0.450
32.0380,569,FL,1,2.24439,0.15391,0.30966,131,131,131,0.28852,2.36653,0.17433,1,1,0.450
32.0380,569,BL,24,2.06177,0.14433,0.29985,134,134,134,0.27875,2.13623,0.13825,1,1,0.450
32.0380,569,FR,16,2.37921,-0.12472,0.30050,134,134,134,0.27939,2.50806,-0.15272,1,1,0.450
32.0380,569,BR,9,1.92606,-0.11623,0.30282,134,134,134,0.28171,1.99626,-0.12107,1,1,0.450
32.0480,570,FL,30,2.51443,0.15468,0.30002,134,134,134,0.27892,2.61806,0.16543,1,1,0.450
32.0480,570,BL,23,2.06423,0.14573,0.29985,134,134,134,0.27875,2.13453,0.14021,1,1,0.450
32.0480,570,FR,15,2.38148,-0.12373,0.30059,134,134,134,0.27949,2.51001,-0.15188,1,1,0.450
32.0480,570,BR,8,1.92853,-0.11480,0.30301,134,134,134,0.28190,1.99872,-0.11918,1,1,0.450
32.0680,570,FL,30,2.51520,0.15494,0.30002,134,134,134,0.27892,2.62982,0.16645,1,1,0.450
32.0700,570,BL,23,2.06503,0.14611,0.29991,134,134,134,0.27881,2.14137,0.14057,1,1,0.450
32.0700,570,FR,15,2.38259,-0.12268,0.30072,134,134,134,0.27962,2.51086,-0.15154,1,1,0.450
32.0700,570,BR,8,1.92964,-0.11291,0.30364,134,134,134,0.28252,1.99994,-0.11703,1,1,0.450
32.0780,571,FL,29,2.51935,0.15682,0.30004,134,134,134,0.27893,2.62931,0.16840,1,1,0.450
32.0780,571,BL,22,2.06893,0.14895,0.29987,134,134,134,0.27877,2.14137,0.14435,1,1,0.450
32.0780,571,FR,14,2.38460,-0.12183,0.30075,134,134,134,0.27965,2.51511,-0.14887,1,1,0.450
32.0780,571,BR,7,1.92950,-0.11291,0.30361,134,134,134,0.28249,2.00306,-0.11467,1,1,0.450
32.0880,571,FL,29,2.52060,0.15713,0.30003,134,134,134,0.27893,2.63890,0.16909,1,1,0.450
32.0880,571,BL,22,2.06998,0.14903,0.29985,134,134,134,0.27875,2.14773,0.14481,1,1,0.450
32.0880,571,FR,14,2.38506,-0.12180,0.30073,134,134,134,0.27963,2.51693,-0.14848,1,1,0.450
32.0880,571,BR,7,1.92906,-0.11268,0.30346,134,134,134,0.28235,2.00357,-0.11374,1,1,0.450
32.1000,571,FL,29,2.52169,0.15776,0.30005,134,134,134,0.27895,2.63989,0.16944,1,1,0.450
32.1000,571,BL,22,2.07093,0.15004,0.29981,134,134,134,0.27871,2.14920,0.14612,1,1,0.450
32.1000,571,FR,14,2.38525,-0.12170,0.30083,134,134,134,0.27973,2.51781,-0.14759,1,1,0.450
32.1000,571,BR,7,1.92883,-0.11283,0.30350,134,134,134,0.28239,2.00399,-0.11303,1,1,0.450
32.1080,572,FL,28,2.52120,0.15821,0.30006,134,134,134,0.27895,2.63458,0.17047,1,1,0.450
32.1080,572,BL,21,2.07042,0.15070,0.29981,134,134,134,0.27871,2.14394,0.14767,1,1,0.450
32.1080,572,FR,13,2.38450,-0.12153,0.30083,134,134,134,0.27973,2.51721,-0.14701,1,1,0.450
32.1080,572,BR,6,1.92788,-0.11282,0.30353,134,134,134,0.28242,2.00347,-0.11218,1,1,0.450
32.1180,572,FL,28,2.52328,0.15847,0.30003,134,134,134,0.27893,2.64389,0.17115,1,1,0.450
32.1180,572,BL,21,2.07231,0.15070,0.29977,134,134,134,0.27867,2.15034,0.14790,1,1,0.450
32.1180,572,FR,13,2.38596,-0.12150,0.30063,134,134,134,0.27952,2.51967,-0.14678,1,1,0.450
32.1180,572,BR,6,1.92885,-0.11250,0.30296,134,134,134,0.28184,2.00465,-0.11174,1,1,0.450
32.1300,572,FL,28,2.52386,0.15912,0.30006,134,134,134,0.27896,2.64437,0.17163,1,1,0.450
32.1300,572,BL,21,2.07281,0.15165,0.29978,134,134,134,0.27868,2.15128,0.14900,1,1,0.450
32.1300,572,FR,13,2.38615,-0.12103,0.30092,134,134,134,0.27982,2.51998,-0.14598,1,1,0.450
32.1300,572,BR,6,1.92903,-0.11221,0.30363,134,134,134,0.28251,2.00507,-0.11074,1,1,0.450
32.1400,573,FL,27,2.52365,0.15974,0.30007,134,134,134,0.27896,2.63919,0.17288,1,1,0.450
32.1400,573,BL,20,2.07259,0.15243,0.29982,134,134,134,0.27872,2.14607,0.15065,1,1,0.450
32.1400,573,FR,12,2.38585,-0.12061,0.30109,134,134,134,0.27998,2.51965,-0.14526,1,1,0.450
32.1400,573,BR,5,1.92866,-0.11196,0.30422,134,134,134,0.28310,2.00494,-0.10974,1,1,0.450
32.1480,573,FL,27,2.52331,0.15974,0.30003,134,134,134,0.27893,2.64546,0.17338,1,1,0.450
32.1480,573,BL,20,2.07210,0.15201,0.29984,134,134,134,0.27874,2.14972,0.15051,1,1,0.450
32.1480,573,FR,12,2.38544,-0.12072,0.30121,134,134,134,0.28010,2.51954,-0.14540,1,1,0.450
32.1500,573,BR,5,1.92814,-0.11171,0.30468,134,134,134,0.28356,2.00442,-0.10930,1,1,0.450
32.1600,573,FL,27,2.52408,0.16037,0.30006,134,134,134,0.27896,2.64617,0.17388,1,1,0.450
32.1600,573,BL,20,2.07280,0.15296,0.29982,134,134,134,0.27872,2.15072,0.15156,1,1,0.450
32.1600,573,FR,12,2.38583,-0.12023,0.30138,134,134,134,0.28027,2.51998,-0.14463,1,1,0.450
32.1600,573,BR,5,1.92865,-0.11130,0.30507,133,133,133,0.28395,2.00481,-0.10841,1,1,0.450
32.1700,574,FL,26,2.52412,0.16110,0.30006,134,134,134,0.27896,2.64112,0.17528,1,1,0.450
32.1700,574,BL,19,2.07285,0.15395,0.29988,134,134,134,0.27878,2.14563,0.15338,1,1,0.450
32.1700,574,FR,11,2.38584,-0.11953,0.30159,134,134,134,0.28048,2.51977,-0.14378,1,1,0.450
32.1720,574,BR,4,1.92872,-0.11065,0.30581,132,132,132,0.28469,2.00494,-0.10695,1,1,0.450
32.1820,574,FL,26,2.52466,0.16129,0.30001,134,134,134,0.27891,2.64797,0.17597,1,1,0.450
32.1820,574,BL,19,2.07319,0.15389,0.29991,134,134,134,0.27881,2.15004,0.15360,1,1,0.450
32.1820,574,FR,11,2.38616,-0.11937,0.30178,134,134,134,0.28067,2.52033,-0.14374,1,1,0.450
32.1820,574,BR,4,1.92901,-0.10986,0.30638,132,132,132,0.28526,2.00504,-0.10598,1,1,0.450
32.1940,575,FL,25,2.52438,0.16205,0.30005,134,134,134,0.27894,2.64244,0.17733,1,1,0.450
32.1940,575,BL,18,2.07287,0.15516,0.29993,134,134,134,0.27883,2.14480,0.15567,1,1,0.450
32.1940,575,FR,10,2.38559,-0.11867,0.30211,134,134,134,0.28100,2.51950,-0.14276,1,1,0.450
32.1940,575,BR,3,1.92881,-0.10925,0.30715,132,132,132,0.28602,2.00439,-0.10449,1,1,0.450
32.2060,575,FL,25,2.52357,0.16199,0.29998,134,134,134,0.27888,2.64775,0.17793,1,1,0.450
32.2060,575,BL,18,2.07186,0.15459,0.29995,134,134,134,0.27885,2.14769,0.15576,1,1,0.450
32.2060,575,FR,10,2.38487,-0.11912,0.30220,134,134,134,0.28109,2.51867,-0.14305,1,1,0.450
32.2060,575,BR,3,1.92826,-0.10929,0.30725,132,132,132,0.28612,2.00356,-0.10434,1,1,0.450
32.2160,575,FL,25,2.52333,0.16303,0.30003,134,134,134,0.27893,2.64747,0.17878,1,1,0.450
32.2160,575,BL,18,2.07158,0.15609,0.29995,134,134,134,0.27885,2.14764,0.15742,1,1,0.450
32.2160,575,FR,10,2.38429,-0.11852,0.30249,134,134,134,0.28138,2.51778,-0.14181,1,1,0.450
32.2160,575,BR,3,1.92843,-0.10882,0.30765,132,132,132,0.28652,2.00235,-0.10317,1,1,0.450
32.2260,576,FL,24,2.52219,0.16357,0.30003,134,134,134,0.27893,2.64108,0.18015,1,1,0.450
32.2260,576,BL,17,2.07051,0.15661,0.30000,134,134,134,0.27889,2.14635,0.15835,1,1,0.450
32.2260,576,FR,9,2.38352,-0.11845,0.30261,134,134,134,0.28150,2.51638,-0.14128,1,1,0.450
32.2280,576,BR,2,1.92808,-0.10892,0.30787,132,132,132,0.28674,2.00142,-0.10269,1,1,0.450
32.2360,576,FL,24,2.52201,0.16378,0.29996,134,134,134,0.27886,2.64688,0.18104,1,1,0.450
32.2380,576,BL,17,2.07008,0.15617,0.29999,134,134,134,0.27889,2.14470,0.15967,1,1,0.450
32.2380,576,FR,9,2.38340,-0.11886,0.30271,134,134,134,0.28160,2.51594,-0.14147,1,1,0.450
32.2380,576,BR,2,1.92850,-0.10884,0.30774,132,132,132,0.28662,2.00105,-0.10285,1,1,0.450
32.2480,576,FL,24,2.52061,0.16443,0.30001,134,134,134,0.27890,2.64534,0.18175,1,1,0.450
32.2480,576,BL,17,2.06886,0.15680,0.30001,134,134,134,0.27890,2.14312,0.16061,1,1,0.450
32.2480,576,FR,9,2.38269,-0.11877,0.30288,134,134,134,0.28177,2.51438,-0.14077,1,1,0.450
32.2480,576,BR,2,1.92835,-0.10905,0.30788,132,132,132,0.28675,2.00020,-0.10276,1,1,0.450
32.2560,577,FL,23,2.51938,0.16533,0.30001,134,134,134,0.27891,2.63874,0.18368,1,1,0.450
32.2580,577,BL,16,2.06779,0.15735,0.30005,134,134,134,0.27895,2.14159,0.16178,1,1,0.450
32.2580,577,FR,8,2.38228,-0.11870,0.30292,134,134,134,0.28181,2.51304,-0.13998,1,1,0.450
32.2580,577,BR,1,1.92854,-0.10922,0.30778,132,132,132,0.28666,1.99960,-0.10288,1,1,0.450
32.2780,577,FL,23,2.51891,0.16560,0.29998,134,134,134,0.27888,2.63872,0.18919,1,1,0.450
32.2780,577,BL,16,2.06726,0.15648,0.30007,134,134,134,0.27897,2.14025,0.16226,1,1,0.450
32.2780,577,FR,8,2.38247,-0.11930,0.30296,134,134,134,0.28185,2.51247,-0.14033,1,1,0.450
32.2780,577,BR,1,1.92910,-0.10924,0.30756,132,132,132,0.28644,1.99990,-0.10359,1,1,0.450
32.2880,578,FL,22,2.51631,0.16706,0.29989,134,134,134,0.27879,2.63193,0.19054,1,1,0.450
32.2880,578,BL,15,2.06511,0.15701,0.30004,134,134,134,0.27894,2.13693,0.16402,1,1,0.450
32.2880,578,FR,7,2.38235,-0.11920,0.30263,134,134,134,0.28152,2.51003,-0.13890,1,1,0.450
32.2880,578,BR,30,2.20041,-0.10853,0.29988,134,134,134,0.27878,2.27824,-0.11132,1,1,0.450
32.2980,578,FL,22,2.51468,0.16724,0.29987,134,134,134,0.27877,2.63349,0.19412,1,1,0.450
32.2980,578,BL,15,2.06363,0.15601,0.30015,134,134,134,0.27905,2.13428,0.16423,1,1,0.450
32.2980,578,FR,7,2.38171,-0.11963,0.30289,134,134,134,0.28178,2.50854,-0.13920,1,1,0.450
32.2980,578,BR,30,2.19874,-0.10759,0.29988,134,134,134,0.27878,2.27501,-0.10457,1,1,0.450
32.3100,578,FL,22,2.51382,0.16775,0.29985,134,134,134,0.27875,2.63272,0.19432,1,1,0.450
32.3100,578,BL,15,2.06303,0.15653,0.30016,134,134,134,0.27905,2.13309,0.16494,1,1,0.450
32.3100,578,FR,7,2.38172,-0.11940,0.30308,134,134,134,0.28197,2.50769,-0.13854,1,1,0.450
32.3100,578,BR,30,2.19795,-0.10697,0.29990,134,134,134,0.27880,2.27471,-0.10400,1,1,0.450
32.3180,579,FL,21,2.51168,0.16818,0.29987,134,134,134,0.27876,2.62637,0.19468,1,1,0.450
32.3180,579,BL,14,2.06101,0.15688,0.30024,134,134,134,0.27914,2.13073,0.16545,1,1,0.450
32.3180,579,FR,6,2.38017,-0.11925,0.30312,134,134,134,0.28201,2.50525,-0.13806,1,1,0.450
32.3200,579,BR,29,2.19582,-0.10659,0.29990,134,134,134,0.27880,2.26843,-0.10373,1,1,0.450
32.3300,579,FL,21,2.51126,0.16796,0.29981,134,134,134,0.27871,2.63029,0.19678,1,1,0.450
32.3300,579,BL,14,2.06065,0.15581,0.30029,134,134,134,0.27919,2.12939,0.16551,1,1,0.450
32.3300,579,FR,6,2.38029,-0.11989,0.30299,134,134,134,0.28188,2.50469,-0.13876,1,1,0.450
32.3300,579,BR,29,2.19509,-0.10564,0.29989,134,134,134,0.27879,2.26914,-0.09954,1,1,0.450
32.3400,579,FL,21,2.51001,0.16817,0.29984,134,134,134,0.27874,2.62911,0.19669,1,1,0.450
32.3400,579,BL,14,2.05949,0.15633,0.30032,134,134,134,0.27922,2.12808,0.16594,1,1,0.450
32.3400,579,FR,6,2.37944,-0.11962,0.30323,134,134,134,0.28211,2.50309,-0.13828,1,1,0.450
32.3400,579,BR,29,2.19385,-0.10530,0.29990,134,134,134,0.27880,2.26834,-0.09918,1,1,0.450
32.3500,580,FL,20,2.50905,0.16840,0.29987,134,134,134,0.27876,2.62416,0.19658,1,1,0.450
32.3500,580,BL,13,2.05861,0.15660,0.30048,134,134,134,0.27938,2.12692,0.16630,1,1,0.450
32.3500,580,FR,5,2.37889,-0.11946,0.30357,134,134,134,0.28245,2.50186,-0.13797,1,1,0.450
32.3500,580,BR,28,2.19287,-0.10504,0.29990,134,134,134,0.27880,2.26338,-0.09930,1,1,0.450
32.3600,580,FL,20,2.50873,0.16802,0.29985,134,134,134,0.27875,2.62862,0.19786,1,1,0.450
32.3600,580,BL,13,2.05813,0.15567,0.30071,134,134,134,0.27961,2.12592,0.16603,1,1,0.450
32.3600,580,FR,5,2.37864,-0.11966,0.30411,134,134,134,0.28299,2.50093,-0.13836,1,1,0.450
32.3600,580,BR,28,2.19221,-0.10424,0.29990,134,134,134,0.27880,2.26549,-0.09660,1,1,0.450
32.3700,580,FL,20,2.50740,0.16815,0.29993,134,134,134,0.27883,2.62744,0.19756,1,1,0.450
32.3700,580,BL,13,2.05676,0.15628,0.30084,134,134,134,0.27974,2.12467,0.16613,1,1,0.450
32.3700,580,FR,5,2.37748,-0.11902,0.30476,134,134,134,0.28364,2.49914,-0.13755,1,1,0.450
32.3700,580,BR,28,2.19099,-0.10418,0.29991,134,134,134,0.27881,2.26475,-0.09656,1,1,0.450
32.3820,581,FL,19,2.50716,0.16834,0.29999,134,134,134,0.27888,2.62332,0.19708,1,1,0.450
32.3820,581,BL,12,2.05651,0.15676,0.30113,134,134,134,0.28003,2.12430,0.16628,1,1,0.450
32.3820,581,FR,4,2.37743,-0.11851,0.30564,133,133,133,0.28452,2.49845,-0.13681,1,1,0.450
32.3820,581,BR,27,2.19074,-0.10403,0.29992,134,134,134,0.27881,2.26056,-0.09701,1,1,0.450
32.3920,581,FL,19,2.50658,0.16800,0.30001,134,134,134,0.27891,2.62775,0.19782,1,1,0.450
32.3920,581,BL,12,2.05555,0.15624,0.30153,134,134,134,0.28042,2.12324,0.16579,1,1,0.450
32.3940,581,FR,4,2.37666,-0.11800,0.30670,132,132,132,0.28558,2.49689,-0.13636,1,1,0.450
32.3940,581,BR,27,2.18987,-0.10333,0.29992,134,134,134,0.27882,2.26309,-0.09527,1,1,0.450
32.4040,582,FL,18,2.50546,0.16818,0.30012,134,134,134,0.27901,2.62283,0.19694,1,1,0.450
32.4040,582,BL,11,2.05437,0.15693,0.30172,134,134,134,0.28061,2.12222,0.16584,1,1,0.450
32.4040,582,FR,3,2.37567,-0.11725,0.30747,132,132,132,0.28634,2.49536,-0.13532,1,1,0.450
32.4040,582,BR,26,2.18892,-0.10336,0.29992,134,134,134,0.27882,2.25868,-0.09598,1,1,0.450
32.4160,582,FL,18,2.50514,0.16792,0.30012,134,134,134,0.27902,2.62752,0.19752,1,1,0.450
32.4160,582,BL,11,2.05367,0.15649,0.30217,134,134,134,0.28106,2.12141,0.16535,1,1,0.450
32.4160,582,FR,3,2.37523,-0.11671,0.30826,132,132,132,0.28713,2.49417,-0.13455,1,1,0.450
32.4160,582,BR,26,2.18837,-0.10272,0.29993,134,134,134,0.27882,2.26183,-0.09483,1,1,0.450
32.4280,582,FL,18,2.50479,0.16797,0.30023,134,134,134,0.27913,2.62732,0.19705,1,1,0.450
32.4280,582,BL,11,2.05326,0.15705,0.30229,134,134,134,0.28118,2.12123,0.16523,1,1,0.450
32.4280,582,FR,3,2.37482,-0.11599,0.30894,131,131,131,0.28781,2.49366,-0.13380,1,1,0.450
32.4280,582,BR,26,2.18819,-0.10291,0.29992,134,134,134,0.27882,2.26217,-0.09525,1,1,0.450
32.4380,583,FL,17,2.50550,0.16780,0.30025,134,134,134,0.27915,2.62797,0.19677,1,1,0.450
32.4380,583,BL,10,2.05402,0.15691,0.30241,134,134,134,0.28130,2.12186,0.16489,1,1,0.450
32.4380,583,FR,2,2.37561,-0.11574,0.30922,131,131,131,0.28809,2.49483,-0.13382,1,1,0.450
32.4380,583,BR,25,2.18888,-0.10317,0.29992,134,134,134,0.27882,2.25885,-0.09624,1,1,0.450
32.4460,583,FL,17,2.50442,0.16754,0.30026,134,134,134,0.27916,2.62814,0.19642,1,1,0.450
32.4480,583,BL,10,2.05213,0.15670,0.30269,134,134,134,0.28158,2.12073,0.16411,1,1,0.450
32.4480,583,FR,2,2.37375,-0.11487,0.30945,131,131,131,0.28832,2.49236,-0.13257,1,1,0.450
32.4480,583,BR,25,2.18774,-0.10272,0.29992,134,134,134,0.27882,2.26150,-0.09547,1,1,0.450
32.4580,583,FL,17,2.50609,0.16712,0.30031,134,134,134,0.27921,2.62949,0.19590,1,1,0.450
32.4580,583,BL,10,2.05421,0.15616,0.30273,134,134,134,0.28162,2.12239,0.16354,1,1,0.450
32.4580,583,FR,2,2.37545,-0.11492,0.30951,131,131,131,0.28838,2.49564,-0.13359,1,1,0.450
32.4580,583,BR,25,2.18952,-0.10335,0.29990,134,134,134,0.27880,2.26380,-0.09631,1,1,0.450
32.4680,584,FL,16,2.50615,0.16678,0.30035,134,134,134,0.27925,2.63375,0.19585,1,1,0.450
32.4680,584,BL,9,2.05385,0.15609,0.30275,134,134,134,0.28163,2.12282,0.16259,1,1,0.450
32.4680,584,FR,1,2.37469,-0.11439,0.30949,131,131,131,0.28836,2.49558,-0.13325,1,1,0.450
32.4680,584,BR,24,2.18970,-0.10398,0.29990,134,134,134,0.27880,2.25980,-0.09757,1,1,0.450
32.4780,584,FL,16,2.50783,0.16595,0.30035,134,134,134,0.27925,2.63633,0.19518,1,1,0.450
32.4780,584,BL,9,2.05511,0.15475,0.30287,134,134,134,0.28176,2.12436,0.16107,1,1,0.450
32.4780,584,FR,1,2.37547,-0.11424,0.30939,131,131,131,0.28826,2.49746,-0.13379,1,1,0.450
32.4780,584,BR,24,2.19139,-0.10418,0.29989,134,134,134,0.27879,2.26535,-0.09757,1,1,0.450
32.4880,584,FL,16,2.50891,0.16533,0.30050,134,134,134,0.27940,2.63720,0.19432,1,1,0.450
32.4880,584,BL,9,2.05617,0.15415,0.30311,134,134,134,0.28200,2.12591,0.15970,1,1,0.450
32.4880,584,FR,1,2.37547,-0.11390,0.30951,131,131,131,0.28838,2.49903,-0.13448,1,1,0.450
32.4880,584,BR,24,2.19272,-0.10529,0.29987,134,134,134,0.27877,2.26705,-0.09871,1,1,0.450
32.4980,585,FL,15,2.50826,0.16524,0.30059,134,134,134,0.27948,2.63704,0.19359,1,1,0.450
32.4980,585,BL,8,2.05484,0.15451,0.30267,134,134,134,0.28156,2.12577,0.15875,1,1,0.450
32.4980,585,FR,30,2.64266,-0.11273,0.30002,134,134,134,0.27892,2.74637,-0.12305,1,1,0.450
32.4980,585,BR,23,2.19244,-0.10593,0.29983,134,134,134,0.27873,2.26264,-0.10011,1,1,0.450
32.5180,585,FL,15,2.51141,0.16408,0.30048,134,134,134,0.27938,2.64014,0.19317,1,1,0.450
32.5180,585,BL,8,2.05811,0.15206,0.30281,134,134,134,0.28170,2.12875,0.15664,1,1,0.450
32.5180,585,FR,30,2.64591,-0.11323,0.30002,134,134,134,0.27891,2.76059,-0.12414,1,1,0.450
32.5180,585,BR,23,2.19565,-0.10671,0.29986,134,134,134,0.27876,2.27203,-0.10093,1,1,0.450
32.5300,586,FL,14,2.51215,0.16331,0.30072,134,134,134,0.27962,2.64237,0.19102,1,1,0.450
32.5300,586,BL,7,2.05725,0.15206,0.30362,134,134,134,0.28250,2.13067,0.15435,1,1,0.450
32.5300,586,FR,29,2.64818,-0.11472,0.30003,134,134,134,0.27893,2.75818,-0.12576,1,1,0.450
32.5300,586,BR,22,2.19773,-0.10902,0.29987,134,134,134,0.27877,2.27017,-0.10418,1,1,0.450
32.5400,586,FL,14,2.51241,0.16345,0.30063,134,134,134,0.27953,2.64456,0.19035,1,1,0.450
32.5400,586,BL,7,2.05611,0.15224,0.30317,134,134,134,0.28206,2.13096,0.15359,1,1,0.450
32.5400,586,FR,29,2.64959,-0.11514,0.30003,134,134,134,0.27893,2.76797,-0.12654,1,1,0.450
32.5400,586,BR,22,2.19892,-0.10922,0.29983,134,134,134,0.27873,2.27666,-0.10481,1,1,0.450
32.5580,587,FL,13,2.51233,0.16354,0.30072,134,134,134,0.27961,2.64554,0.18941,1,1,0.450
32.5580,587,BL,6,2.05539,0.15253,0.30311,134,134,134,0.28200,2.13106,0.15290,1,1,0.450
32.5580,587,FR,28,2.65074,-0.11576,0.30005,134,134,134,0.27895,2.76421,-0.12761,1,1,0.450
32.5580,587,BR,21,2.19989,-0.11028,0.29978,134,134,134,0.27867,2.27346,-0.10701,1,1,0.450
32.5680,587,FL,13,2.51346,0.16339,0.30051,134,134,134,0.27940,2.64765,0.18892,1,1,0.450
32.5680,587,BL,6,2.05604,0.15204,0.30250,134,134,134,0.28139,2.13211,0.15177,1,1,0.450
32.5680,587,FR,28,2.65272,-0.11625,0.30003,134,134,134,0.27893,2.77339,-0.12833,1,1,0.450
32.5700,587,BR,21,2.20165,-0.11082,0.29974,134,134,134,0.27864,2.27986,-0.10779,1,1,0.450
32.5800,587,FL,13,2.51299,0.16311,0.30076,134,134,134,0.27965,2.64712,0.18836,1,1,0.450
32.5800,587,BL,6,2.05570,0.15191,0.30311,134,134,134,0.28200,2.13184,0.15096,1,1,0.450
32.5800,587,FR,28,2.65252,-0.11671,0.30006,134,134,134,0.27896,2.77310,-0.12861,1,1,0.450
32.5800,587,BR,21,2.20138,-0.11155,0.29974,134,134,134,0.27864,2.27996,-0.10873,1,1,0.450
32.5900,588,FL,12,2.51264,0.16274,0.30088,134,134,134,0.27977,2.64670,0.18770,1,1,0.450
32.5900,588,BL,5,2.05535,0.15170,0.30361,134,134,134,0.28250,2.13161,0.15004,1,1,0.450
32.5900,588,FR,27,2.65224,-0.11726,0.30006,134,134,134,0.27896,2.76786,-0.12984,1,1,0.450
32.5900,588,BR,20,2.20111,-0.11227,0.29977,134,134,134,0.27867,2.27465,-0.11036,1,1,0.450
32.6000,588,FL,12,2.51367,0.16264,0.30092,134,134,134,0.27981,2.64842,0.18755,1,1,0.450
32.6000,588,BL,5,2.05617,0.15121,0.30387,134,134,134,0.28276,2.13235,0.14946,1,1,0.450
32.6000,588,FR,27,2.65370,-0.11756,0.30003,134,134,134,0.27893,2.77597,-0.13058,1,1,0.450
32.6000,588,BR,20,2.20236,-0.11221,0.29978,134,134,134,0.27868,2.28018,-0.11058,1,1,0.450
32.6100,588,FL,12,2.51308,0.16217,0.30124,134,134,134,0.28013,2.64749,0.18691,1,1,0.450
32.6100,588,BL,5,2.05583,0.15084,0.30469,134,134,134,0.28357,2.13196,0.14842,1,1,0.450
32.6100,588,FR,27,2.65316,-0.11806,0.30006,134,134,134,0.27896,2.77533,-0.13095,1,1,0.450
32.6100,588,BR,20,2.20179,-0.11300,0.29980,134,134,134,0.27870,2.27987,-0.11143,1,1,0.450
32.6200,589,FL,11,2.51348,0.16145,0.30139,134,134,134,0.28028,2.64776,0.18616,1,1,0.450
32.6200,589,BL,4,2.05627,0.15002,0.30531,133,133,133,0.28419,2.13236,0.14699,1,1,0.450
32.6200,589,FR,26,2.65368,-0.11872,0.30006,134,134,134,0.27895,2.77078,-0.13229,1,1,0.450
32.6200,589,BR,19,2.20232,-0.11396,0.29984,134,134,134,0.27874,2.27524,-0.11319,1,1,0.450
32.6300,589,FL,11,2.51327,0.16145,0.30160,134,134,134,0.28049,2.64764,0.18632,1,1,0.450
32.6300,589,BL,4,2.05610,0.14942,0.30592,132,132,132,0.28480,2.13200,0.14621,1,1,0.450
32.6300,589,FR,26,2.65357,-0.11874,0.30001,134,134,134,0.27891,2.77698,-0.13278,1,1,0.450
32.6300,589,BR,19,2.20201,-0.11371,0.29988,134,134,134,0.27878,2.27900,-0.11317,1,1,0.450
32.6400,589,FL,11,2.51235,0.16113,0.30185,134,134,134,0.28074,2.64638,0.18562,1,1,0.450
32.6400,589,BL,4,2.05558,0.14930,0.30642,132,132,132,0.28529,2.13104,0.14538,1,1,0.450
32.6420,589,FR,26,2.65276,-0.11925,0.30004,134,134,134,0.27894,2.77611,-0.13315,1,1,0.450
32.6420,589,BR,19,2.20118,-0.11454,0.29988,134,134,134,0.27878,2.27836,-0.11410,1,1,0.450
32.6500,590,FL,10,2.51230,0.16059,0.30197,134,134,134,0.28086,2.64620,0.18482,1,1,0.450
32.6500,590,BL,3,2.05577,0.14877,0.30677,132,132,132,0.28565,2.13071,0.14422,1,1,0.450
32.6520,590,FR,25,2.65288,-0.11994,0.30004,134,134,134,0.27894,2.77108,-0.13459,1,1,0.450
32.6520,590,BR,18,2.20130,-0.11550,0.29991,134,134,134,0.27881,2.27324,-0.11604,1,1,0.450
32.6620,590,FL,10,2.51186,0.16093,0.30213,134,134,134,0.28102,2.64564,0.18505,1,1,0.450
32.6620,590,BL,3,2.05565,0.14857,0.30701,132,132,132,0.28588,2.12995,0.14398,1,1,0.450
32.6620,590,FR,25,2.65244,-0.11997,0.29998,134,134,134,0.27888,2.77676,-0.13523,1,1,0.450
32.6620,590,BR,18,2.20065,-0.11509,0.29994,134,134,134,0.27884,2.27654,-0.11619,1,1,0.450
32.6720,591,FL,9,2.51107,0.16058,0.30238,134,134,134,0.28127,2.64432,0.18409,1,1,0.450
32.6740,591,BL,2,2.05557,0.14848,0.30730,132,132,132,0.28618,2.12880,0.14326,1,1,0.450
32.6740,591,FR,24,2.65165,-0.12077,0.30003,134,134,134,0.27893,2.77064,-0.13678,1,1,0.450
32.6740,591,BR,17,2.19987,-0.11616,0.29994,134,134,134,0.27884,2.27590,-0.11749,1,1,0.450
32.6820,591,FL,9,2.51027,0.16122,0.30250,134,134,134,0.28139,2.64303,0.18462,1,1,0.450
32.6840,591,BL,2,2.05521,0.14863,0.30736,132,132,132,0.28623,2.12806,0.14346,1,1,0.450
32.6840,591,FR,24,2.65060,-0.12069,0.29995,134,134,134,0.27885,2.77558,-0.13733,1,1,0.450
32.6840,591,BR,17,2.19859,-0.11540,0.29996,134,134,134,0.27886,2.27334,-0.11852,1,1,0.450
32.6940,591,FL,9,2.51010,0.16091,0.30262,134,134,134,0.28151,2.64226,0.18366,1,1,0.450
32.6940,591,BL,2,2.05572,0.14858,0.30733,132,132,132,0.28620,2.12733,0.14322,1,1,0.450
32.6940,591,FR,24,2.65003,-0.12157,0.30000,134,134,134,0.27890,2.77491,-0.13827,1,1,0.450
32.6940,591,BR,17,2.19815,-0.11632,0.29995,134,134,134,0.27884,2.27264,-0.11972,1,1,0.450
32.7060,592,FL,8,2.50938,0.16094,0.30271,134,134,134,0.28160,2.64047,0.18304,1,1,0.450
32.7060,592,BL,1,2.05559,0.14882,0.30738,132,132,132,0.28625,2.12658,0.14328,1,1,0.450
32.7060,592,FR,23,2.64843,-0.12230,0.30000,134,134,134,0.27890,2.76792,-0.14002,1,1,0.450
32.7080,592,BR,16,2.19671,-0.11676,0.30000,134,134,134,0.27890,2.27074,-0.12074,1,1,0.450
32.7280,592,FL,8,2.50941,0.16150,0.30272,134,134,134,0.28161,2.63939,0.18312,1,1,0.450
32.7280,592,BL,1,2.05618,0.14890,0.30715,132,132,132,0.28603,2.12667,0.14399,1,1,0.450
32.7280,592,FR,23,2.64748,-0.12284,0.29997,134,134,134,0.27887,2.76745,-0.14584,1,1,0.450
32.7280,592,BR,16,2.19576,-0.11607,0.30003,134,134,134,0.27893,2.26883,-0.12154,1,1,0.450
32.7380,593,FL,7,2.50926,0.16141,0.30240,134,134,134,0.28129,2.63690,0.18175,1,1,0.450
32.7380,593,BL,30,2.32748,0.14962,0.29988,134,134,134,0.27878,2.40530,0.15281,1,1,0.450
32.7380,593,FR,22,2.64484,-0.12426,0.29988,134,134,134,0.27878,2.76060,-0.14718,1,1,0.450
32.7380,593,BR,15,2.19357,-0.11657,0.30001,134,134,134,0.27891,2.26542,-0.12328,1,1,0.450
32.7480,593,FL,7,2.50804,0.16162,0.30278,134,134,134,0.28167,2.63511,0.18184,1,1,0.450
32.7480,593,BL,30,2.32580,0.14868,0.29987,134,134,134,0.27877,2.40210,0.14605,1,1,0.450
32.7480,593,FR,22,2.64312,-0.12449,0.29988,134,134,134,0.27878,2.76220,-0.15073,1,1,0.450
32.7480,593,BR,15,2.19182,-0.11567,0.30010,134,134,134,0.27900,2.26287,-0.12344,1,1,0.450
32.7600,593,FL,7,2.50806,0.16134,0.30313,134,134,134,0.28202,2.63418,0.18111,1,1,0.450
32.7600,593,BL,30,2.32493,0.14804,0.29990,134,134,134,0.27879,2.40173,0.14548,1,1,0.450
32.7600,593,FR,22,2.64216,-0.12505,0.29987,134,134,134,0.27877,2.76133,-0.15097,1,1,0.450
32.7600,593,BR,15,2.19113,-0.11620,0.30015,134,134,134,0.27905,2.26153,-0.12416,1,1,0.450
32.7720,594,FL,6,2.50651,0.16120,0.30316,134,134,134,0.28205,2.63168,0.18061,1,1,0.450
32.7720,594,BL,29,2.32274,0.14766,0.29990,134,134,134,0.27879,2.39540,0.14517,1,1,0.450
32.7720,594,FR,21,2.63995,-0.12550,0.29988,134,134,134,0.27878,2.75491,-0.15138,1,1,0.450
32.7720,594,BR,14,2.18907,-0.11655,0.30024,134,134,134,0.27913,2.25909,-0.12470,1,1,0.450
32.7840,594,FL,6,2.50685,0.16183,0.30303,134,134,134,0.28192,2.63100,0.18124,1,1,0.450
32.7840,594,BL,29,2.32189,0.14650,0.29989,134,134,134,0.27878,2.39599,0.14078,1,1,0.450
32.7840,594,FR,21,2.63941,-0.12546,0.29983,134,134,134,0.27872,2.75868,-0.15368,1,1,0.450
32.7840,594,BR,14,2.18868,-0.11560,0.30031,134,134,134,0.27920,2.25752,-0.12501,1,1,0.450
32.7940,595,FL,5,2.50618,0.16159,0.30321,134,134,134,0.28209,2.62966,0.18084,1,1,0.450
32.7940,595,BL,28,2.32084,0.14625,0.29990,134,134,134,0.27880,2.39139,0.14081,1,1,0.450
32.7940,595,FR,20,2.63834,-0.12559,0.29985,134,134,134,0.27875,2.75366,-0.15321,1,1,0.450
32.7940,595,BR,13,2.18772,-0.11604,0.30031,134,134,134,0.27921,2.25638,-0.12535,1,1,0.450
32.8040,595,FL,5,2.50560,0.16187,0.30354,134,134,134,0.28243,2.62808,0.18122,1,1,0.450
32.8040,595,BL,28,2.31949,0.14538,0.29989,134,134,134,0.27879,2.39280,0.13806,1,1,0.450
32.8040,595,FR,20,2.63730,-0.12531,0.29982,134,134,134,0.27872,2.75737,-0.15463,1,1,0.450
32.8040,595,BR,13,2.18661,-0.11507,0.30052,134,134,134,0.27942,2.25456,-0.12520,1,1,0.450
32.8140,595,FL,5,2.50466,0.16122,0.30436,134,134,134,0.28324,2.62657,0.18040,1,1,0.450
32.8140,595,BL,28,2.31860,0.14526,0.29990,134,134,134,0.27880,2.39240,0.13797,1,1,0.450
32.8140,595,FR,20,2.63632,-0.12547,0.29991,134,134,134,0.27881,2.75654,-0.15435,1,1,0.450
32.8140,595,BR,13,2.18558,-0.11578,0.30070,134,134,134,0.27959,2.25364,-0.12536,1,1,0.450
32.8260,596,FL,4,2.50364,0.16071,0.30507,133,133,133,0.28395,2.62491,0.17976,1,1,0.450
32.8260,596,BL,27,2.31736,0.14512,0.29991,134,134,134,0.27881,2.38723,0.13839,1,1,0.450
32.8280,596,FR,19,2.63506,-0.12567,0.29996,134,134,134,0.27886,2.75141,-0.15395,1,1,0.450
32.8280,596,BR,12,2.18429,-0.11615,0.30093,134,134,134,0.27982,2.25228,-0.12551,1,1,0.450
32.8380,596,FL,4,2.50297,0.16030,0.30592,132,132,132,0.28480,2.62333,0.17932,1,1,0.450
32.8380,596,BL,27,2.31638,0.14438,0.29991,134,134,134,0.27881,2.38966,0.13658,1,1,0.450
32.8380,596,FR,19,2.63433,-0.12539,0.29997,134,134,134,0.27887,2.75566,-0.15479,1,1,0.450
32.8380,596,BR,12,2.18328,-0.11560,0.30132,134,134,134,0.28022,2.25095,-0.12511,1,1,0.450
32.8500,596,FL,4,2.50288,0.15950,0.30708,132,132,132,0.28595,2.62266,0.17830,1,1,0.450
32.8500,596,BL,27,2.31624,0.14438,0.29991,134,134,134,0.27881,2.39003,0.13675,1,1,0.450
32.8500,596,FR,19,2.63406,-0.12556,0.30009,134,134,134,0.27899,2.75553,-0.15443,1,1,0.450
32.8500,596,BR,12,2.18300,-0.11634,0.30158,134,134,134,0.28048,2.25073,-0.12518,1,1,0.450
32.8620,597,FL,3,2.50189,0.15879,0.30783,132,132,132,0.28670,2.62110,0.17724,1,1,0.450
32.8620,597,BL,26,2.31531,0.14434,0.29992,134,134,134,0.27882,2.38516,0.13741,1,1,0.450
32.8620,597,FR,18,2.63310,-0.12576,0.30015,134,134,134,0.27905,2.75075,-0.15378,1,1,0.450
32.8620,597,BR,11,2.18185,-0.11687,0.30185,134,134,134,0.28074,2.24979,-0.12517,1,1,0.450
32.8720,597,FL,3,2.50047,0.15793,0.30885,131,131,131,0.28772,2.61885,0.17610,1,1,0.450
32.8720,597,BL,26,2.31422,0.14372,0.29993,134,134,134,0.27882,2.38779,0.13630,1,1,0.450
32.8720,597,FR,18,2.63216,-0.12553,0.30018,134,134,134,0.27908,2.75499,-0.15419,1,1,0.450
32.8720,597,BR,11,2.18032,-0.11669,0.30232,134,134,134,0.28121,2.24852,-0.12462,1,1,0.450
32.8840,598,FL,2,2.50196,0.15776,0.30917,131,131,131,0.28804,2.62087,0.17632,1,1,0.450
32.8840,598,BL,25,2.31535,0.14403,0.29992,134,134,134,0.27881,2.38545,0.13740,1,1,0.450
32.8840,598,FR,17,2.63321,-0.12537,0.30025,134,134,134,0.27914,2.75591,-0.15376,1,1,0.450
32.8840,598,BR,10,2.18170,-0.11665,0.30235,134,134,134,0.28124,2.24947,-0.12445,1,1,0.450
32.8940,598,FL,2,2.50034,0.15702,0.30920,131,131,131,0.28807,2.61862,0.17526,1,1,0.450
32.8940,598,BL,25,2.31416,0.14354,0.29992,134,134,134,0.27881,2.38800,0.13662,1,1,0.450
32.8940,598,FR,17,2.63212,-0.12510,0.30024,134,134,134,0.27914,2.75597,-0.15352,1,1,0.450
32.8940,598,BR,10,2.17990,-0.11631,0.30259,134,134,134,0.28148,2.24827,-0.12369,1,1,0.450
32.9060,598,FL,2,2.50184,0.15684,0.30941,131,131,131,0.28828,2.62156,0.17591,1,1,0.450
32.9080,598,BL,25,2.31591,0.14421,0.29990,134,134,134,0.27880,2.39026,0.13750,1,1,0.450
32.9080,598,FR,17,2.63374,-0.12470,0.30030,134,134,134,0.27920,2.75734,-0.15288,1,1,0.450
32.9080,598,BR,10,2.18180,-0.11596,0.30265,134,134,134,0.28154,2.24994,-0.12306,1,1,0.450
32.9220,599,FL,1,2.50195,0.15649,0.30938,131,131,131,0.28825,2.62293,0.17616,1,1,0.450
32.9220,599,BL,24,2.31679,0.14495,0.29990,134,134,134,0.27880,2.38696,0.13886,1,1,0.450
32.9220,599,FR,16,2.63456,-0.12420,0.30035,134,134,134,0.27924,2.76220,-0.15281,1,1,0.450
32.9220,599,BR,9,2.18242,-0.11553,0.30276,134,134,134,0.28164,2.25104,-0.12196,1,1,0.450
32.9360,599,FL,1,2.50089,0.15571,0.30955,131,131,131,0.28842,2.62229,0.17559,1,1,0.450
32.9360,599,BL,24,2.31750,0.14531,0.29988,134,134,134,0.27878,2.39151,0.13908,1,1,0.450
32.9360,599,FR,16,2.63508,-0.12346,0.30039,134,134,134,0.27929,2.76400,-0.15176,1,1,0.450
32.9360,599,BR,9,2.18198,-0.11477,0.30281,134,134,134,0.28170,2.25176,-0.12017,1,1,0.450
32.9500,600,FL,30,2.76965,0.15594,0.30002,134,134,134,0.27892,2.87331,0.16681,1,1,0.450
32.9500,600,BL,23,2.31942,0.14687,0.29983,134,134,134,0.27873,2.38982,0.14143,1,1,0.450
32.9520,600,FR,15,2.63653,-0.12266,0.30054,134,134,134,0.27943,2.76542,-0.15049,1,1,0.450
32.9520,600,BR,8,2.18329,-0.11399,0.30268,134,134,134,0.28157,2.25376,-0.11832,1,1,0.450
32.9720,601,FL,29,2.77202,0.15667,0.30002,134,134,134,0.27891,2.88206,0.16876,1,1,0.450
32.9720,601,BL,22,2.32184,0.14802,0.29989,134,134,134,0.27879,2.39356,0.14313,1,1,0.450
32.9740,601,FR,14,2.63918,-0.12101,0.30060,134,134,134,0.27950,2.76754,-0.14978,1,1,0.450
32.9740,601,BR,7,2.18618,-0.11110,0.30334,134,134,134,0.28223,2.25657,-0.11526,1,1,0.450
32.9840,601,FL,29,2.77626,0.15828,0.30003,134,134,134,0.27893,2.89460,0.17037,1,1,0.450
32.9840,601,BL,22,2.32575,0.15012,0.29986,134,134,134,0.27875,2.40310,0.14549,1,1,0.450
32.9840,601,FR,14,2.64125,-0.12030,0.30067,134,134,134,0.27957,2.77260,-0.14729,1,1,0.450
32.9840,601,BR,7,2.18553,-0.11127,0.30325,134,134,134,0.28214,2.25959,-0.11284,1,1,0.450
32.9940,601,FL,29,2.77686,0.15898,0.30005,134,134,134,0.27895,2.89506,0.17075,1,1,0.450
32.9940,601,BL,22,2.32616,0.15108,0.29981,134,134,134,0.27871,2.40423,0.14704,1,1,0.450
32.9940,601,FR,14,2.64086,-0.12029,0.30076,134,134,134,0.27966,2.77297,-0.14644,1,1,0.450
32.9960,601,BR,7,2.18477,-0.11139,0.30333,134,134,134,0.28222,2.25954,-0.11195,1,1,0.450
33.0080,602,FL,28,2.77859,0.15964,0.30006,134,134,134,0.27896,2.89200,0.17196,1,1,0.450
33.0080,602,BL,21,2.32780,0.15207,0.29979,134,134,134,0.27869,2.40127,0.14901,1,1,0.450
33.0080,602,FR,13,2.64177,-0.12015,0.30072,134,134,134,0.27962,2.77471,-0.14557,1,1,0.450
33.0080,602,BR,6,2.18505,-0.11139,0.30311,134,134,134,0.28200,2.26051,-0.11115,1,1,0.450
33.0180,602,FL,28,2.77892,0.15986,0.30004,134,134,134,0.27893,2.89951,0.17256,1,1,0.450
33.0180,602,BL,21,2.32796,0.15208,0.29977,134,134,134,0.27867,2.40600,0.14925,1,1,0.450
33.0180,602,FR,13,2.64169,-0.12011,0.30063,134,134,134,0.27952,2.77530,-0.14535,1,1,0.450
33.0180,602,BR,6,2.18461,-0.11115,0.30284,134,134,134,0.28173,2.26042,-0.11036,1,1,0.450
33.0280,602,FL,28,2.78020,0.16060,0.30006,134,134,134,0.27896,2.90072,0.17311,1,1,0.450
33.0280,602,BL,21,2.32915,0.15314,0.29975,134,134,134,0.27865,2.40756,0.15051,1,1,0.450
33.0280,602,FR,13,2.64241,-0.11967,0.30080,134,134,134,0.27970,2.77632,-0.14447,1,1,0.450
33.0280,602,BR,6,2.18526,-0.11088,0.30323,134,134,134,0.28212,2.26125,-0.10947,1,1,0.450
33.0400,603,FL,27,2.77992,0.16108,0.30007,134,134,134,0.27896,2.89546,0.17425,1,1,0.450
33.0400,603,BL,20,2.32886,0.15375,0.29980,134,134,134,0.27870,2.40232,0.15200,1,1,0.450
33.0400,603,FR,12,2.64207,-0.11933,0.30097,134,134,134,0.27987,2.77594,-0.14391,1,1,0.450
33.0420,603,BR,5,2.18488,-0.11065,0.30383,134,134,134,0.28271,2.26108,-0.10858,1,1,0.450
33.0520,603,FL,27,2.78090,0.16143,0.30003,134,134,134,0.27893,2.90307,0.17509,1,1,0.450
33.0520,603,BL,20,2.32965,0.15377,0.29980,134,134,134,0.27870,2.40733,0.15230,1,1,0.450
33.0520,603,FR,12,2.64272,-0.11916,0.30103,134,134,134,0.27993,2.77714,-0.14364,1,1,0.450
33.0520,603,BR,5,2.18532,-0.11015,0.30414,134,134,134,0.28303,2.26152,-0.10783,1,1,0.450
33.0620,604,FL,26,2.78103,0.16218,0.30006,134,134,134,0.27896,2.89802,0.17641,1,1,0.450
33.0640,604,BL,19,2.32974,0.15493,0.29983,134,134,134,0.27873,2.40260,0.15424,1,1,0.450
33.0640,604,FR,11,2.64263,-0.11839,0.30137,134,134,134,0.28026,2.77683,-0.14276,1,1,0.450
33.0640,604,BR,4,2.18542,-0.10940,0.30508,133,133,133,0.28397,2.26160,-0.10632,1,1,0.450
33.0740,604,FL,26,2.78048,0.16214,0.30001,134,134,134,0.27891,2.90378,0.17694,1,1,0.450
33.0740,604,BL,19,2.32903,0.15447,0.29986,134,134,134,0.27875,2.40586,0.15418,1,1,0.450
33.0740,604,FR,11,2.64216,-0.11855,0.30148,134,134,134,0.28038,2.77639,-0.14297,1,1,0.450
33.0740,604,BR,4,2.18493,-0.10917,0.30545,133,133,133,0.28433,2.26118,-0.10582,1,1,0.450
33.0840,604,FL,26,2.78088,0.16300,0.30004,134,134,134,0.27894,2.90413,0.17758,1,1,0.450
33.0840,604,BL,19,2.32938,0.15587,0.29986,134,134,134,0.27876,2.40648,0.15553,1,1,0.450
33.0840,604,FR,11,2.64214,-0.11773,0.30179,134,134,134,0.28069,2.77627,-0.14191,1,1,0.450
33.0840,604,BR,4,2.18519,-0.10831,0.30624,132,132,132,0.28512,2.26095,-0.10423,1,1,0.450
33.0940,605,FL,25,2.78007,0.16350,0.30005,134,134,134,0.27894,2.89815,0.17881,1,1,0.450
33.0940,605,BL,18,2.32859,0.15652,0.29992,134,134,134,0.27882,2.40040,0.15719,1,1,0.450
33.0940,605,FR,10,2.64145,-0.11744,0.30200,134,134,134,0.28089,2.77517,-0.14131,1,1,0.450
33.0940,605,BR,3,2.18474,-0.10813,0.30676,132,132,132,0.28563,2.26024,-0.10330,1,1,0.450
33.1040,605,FL,25,2.78029,0.16366,0.29998,134,134,134,0.27888,2.90448,0.17959,1,1,0.450
33.1040,605,BL,18,2.32859,0.15633,0.29993,134,134,134,0.27883,2.40435,0.15750,1,1,0.450
33.1040,605,FR,10,2.64150,-0.11755,0.30208,134,134,134,0.28097,2.77533,-0.14137,1,1,0.450
33.1040,605,BR,3,2.18496,-0.10770,0.30687,132,132,132,0.28575,2.25999,-0.10279,1,1,0.450
33.1160,605,FL,25,2.77928,0.16422,0.30003,134,134,134,0.27892,2.90341,0.18000,1,1,0.450
33.1160,605,BL,18,2.32759,0.15717,0.29994,134,134,134,0.27884,2.40352,0.15850,1,1,0.450
33.1160,605,FR,10,2.64050,-0.11729,0.30239,134,134,134,0.28128,2.77384,-0.14066,1,1,0.450
33.1160,605,BR,3,2.18450,-0.10761,0.30741,132,132,132,0.28629,2.25884,-0.10204,1,1,0.450
33.1240,606,FL,24,2.77851,0.16499,0.30003,134,134,134,0.27893,2.89739,0.18159,1,1,0.450
33.1240,606,BL,17,2.32685,0.15801,0.29998,134,134,134,0.27888,2.40260,0.15969,1,1,0.450
33.1240,606,FR,9,2.63989,-0.11705,0.30252,134,134,134,0.28141,2.77273,-0.13983,1,1,0.450
33.1240,606,BR,2,2.18443,-0.10756,0.30758,132,132,132,0.28645,2.25781,-0.10142,1,1,0.450
33.1340,606,FL,24,2.77807,0.16491,0.29996,134,134,134,0.27886,2.90293,0.18218,1,1,0.450
33.1360,606,BL,17,2.32617,0.15729,0.29998,134,134,134,0.27888,2.40070,0.16068,1,1,0.450
33.1360,606,FR,9,2.63956,-0.11760,0.30261,134,134,134,0.28150,2.77209,-0.14033,1,1,0.450
33.1360,606,BR,2,2.18447,-0.10758,0.30753,132,132,132,0.28640,2.25744,-0.10163,1,1,0.450
33.1460,606,FL,24,2.77752,0.16581,0.30001,134,134,134,0.27890,2.90228,0.18315,1,1,0.450
33.1460,606,BL,17,2.32574,0.15819,0.29997,134,134,134,0.27887,2.40006,0.16192,1,1,0.450
33.1460,606,FR,9,2.63938,-0.11736,0.30275,134,134,134,0.28164,2.77135,-0.13937,1,1,0.450
33.1460,606,BR,2,2.18500,-0.10759,0.30743,132,132,132,0.28631,2.25672,-0.10156,1,1,0.450
33.1560,607,FL,23,2.77631,0.16670,0.30001,134,134,134,0.27891,2.89569,0.18508,1,1,0.450
33.1560,607,BL,16,2.32467,0.15872,0.30003,134,134,134,0.27892,2.39858,0.16310,1,1,0.450
33.1560,607,FR,8,2.63896,-0.11732,0.30283,134,134,134,0.28172,2.76999,-0.13860,1,1,0.450
33.1560,607,BR,1,2.18520,-0.10777,0.30737,132,132,132,0.28625,2.25609,-0.10171,1,1,0.450
33.1760,607,FL,23,2.77546,0.16681,0.29998,134,134,134,0.27887,2.89529,0.19040,1,1,0.450
33.1760,607,BL,16,2.32378,0.15775,0.30004,134,134,134,0.27894,2.39683,0.16342,1,1,0.450
33.1760,607,FR,8,2.63883,-0.11799,0.30284,134,134,134,0.28173,2.76905,-0.13908,1,1,0.450
33.1760,607,BR,1,2.18536,-0.10788,0.30725,132,132,132,0.28613,2.25611,-0.10233,1,1,0.450
33.1860,608,FL,22,2.77256,0.16808,0.29989,134,134,134,0.27879,2.88818,0.19149,1,1,0.450
33.1860,608,BL,15,2.32134,0.15824,0.30003,134,134,134,0.27893,2.39319,0.16502,1,1,0.450
33.1860,608,FR,7,2.63840,-0.11797,0.30260,134,134,134,0.28149,2.76621,-0.13782,1,1,0.450
33.1860,608,BR,30,2.45658,-0.10742,0.29988,134,134,134,0.27878,2.53441,-0.11025,1,1,0.450
33.1960,608,FL,22,2.77156,0.16860,0.29988,134,134,134,0.27878,2.89044,0.19544,1,1,0.450
33.1960,608,BL,15,2.32043,0.15746,0.30015,134,134,134,0.27905,2.39122,0.16548,1,1,0.450
33.1960,608,FR,7,2.63827,-0.11814,0.30290,134,134,134,0.28179,2.76535,-0.13775,1,1,0.450
33.1960,608,BR,30,2.45564,-0.10624,0.29988,134,134,134,0.27877,2.53192,-0.10321,1,1,0.450
33.2060,608,FL,22,2.76994,0.16894,0.29987,134,134,134,0.27877,2.88896,0.19540,1,1,0.450
33.2060,608,BL,15,2.31894,0.15791,0.30018,134,134,134,0.27907,2.38941,0.16596,1,1,0.450
33.2060,608,FR,7,2.63725,-0.11781,0.30329,134,134,134,0.28218,2.76354,-0.13708,1,1,0.450
33.2060,608,BR,30,2.45409,-0.10579,0.29990,134,134,134,0.27880,2.53085,-0.10285,1,1,0.450
33.2180,609,FL,21,2.76908,0.16954,0.29987,134,134,134,0.27877,2.88383,0.19603,1,1,0.450
33.2180,609,BL,14,2.31836,0.15829,0.30023,134,134,134,0.27913,2.38817,0.16678,1,1,0.450
33.2180,609,FR,6,2.63727,-0.11783,0.30318,134,134,134,0.28206,2.76269,-0.13671,1,1,0.450
33.2180,609,BR,29,2.45323,-0.10521,0.29990,134,134,134,0.27879,2.52586,-0.10236,1,1,0.450
33.2280,609,FL,21,2.76785,0.16937,0.29981,134,134,134,0.27871,2.88691,0.19818,1,1,0.450
33.2280,609,BL,14,2.31718,0.15729,0.30026,134,134,134,0.27916,2.38605,0.16691,1,1,0.450
33.2280,609,FR,6,2.63670,-0.11848,0.30293,134,134,134,0.28182,2.76112,-0.13733,1,1,0.450
33.2280,609,BR,29,2.45165,-0.10419,0.29989,134,134,134,0.27879,2.52569,-0.09809,1,1,0.450
33.2380,609,FL,21,2.76676,0.16953,0.29985,134,134,134,0.27874,2.88590,0.19805,1,1,0.450
33.2380,609,BL,14,2.31621,0.15774,0.30030,134,134,134,0.27920,2.38485,0.16729,1,1,0.450
33.2380,609,FR,6,2.63604,-0.11822,0.30322,134,134,134,0.28211,2.75982,-0.13691,1,1,0.450
33.2380,609,BR,29,2.45059,-0.10391,0.29990,134,134,134,0.27880,2.52509,-0.09778,1,1,0.450
33.2480,610,FL,20,2.76578,0.16977,0.29987,134,134,134,0.27877,2.88092,0.19795,1,1,0.450
33.2500,610,BL,13,2.31529,0.15800,0.30046,134,134,134,0.27936,2.38369,0.16765,1,1,0.450
33.2500,610,FR,5,2.63542,-0.11809,0.30358,134,134,134,0.28247,2.75853,-0.13663,1,1,0.450
33.2500,610,BR,28,2.44958,-0.10364,0.29990,134,134,134,0.27880,2.52010,-0.09789,1,1,0.450
33.2600,610,FL,20,2.76498,0.16938,0.29984,134,134,134,0.27874,2.88491,0.19925,1,1,0.450
33.2600,610,BL,13,2.31437,0.15702,0.30064,134,134,134,0.27954,2.38220,0.16737,1,1,0.450
33.2600,610,FR,5,2.63482,-0.11833,0.30394,134,134,134,0.28282,2.75720,-0.13703,1,1,0.450
33.2600,610,BR,28,2.44848,-0.10286,0.29990,134,134,134,0.27880,2.52176,-0.09520,1,1,0.450
33.2700,610,FL,20,2.76392,0.16957,0.29994,134,134,134,0.27884,2.88400,0.19896,1,1,0.450
33.2700,610,BL,13,2.31326,0.15778,0.30085,134,134,134,0.27975,2.38119,0.16752,1,1,0.450
33.2700,610,FR,5,2.63392,-0.11756,0.30487,133,133,133,0.28375,2.75556,-0.13606,1,1,0.450
33.2700,610,BR,28,2.44752,-0.10274,0.29991,134,134,134,0.27880,2.52128,-0.09511,1,1,0.450
33.2820,611,FL,19,2.76319,0.16977,0.30000,134,134,134,0.27889,2.87941,0.19849,1,1,0.450
33.2820,611,BL,12,2.31250,0.15824,0.30114,134,134,134,0.28004,2.38031,0.16767,1,1,0.450
33.2820,611,FR,4,2.63337,-0.11703,0.30571,133,133,133,0.28459,2.75435,-0.13530,1,1,0.450
33.2820,611,BR,27,2.44679,-0.10260,0.29991,134,134,134,0.27881,2.51664,-0.09558,1,1,0.450
33.2940,611,FL,19,2.76257,0.16944,0.30002,134,134,134,0.27892,2.88381,0.19925,1,1,0.450
33.2940,611,BL,12,2.31150,0.15772,0.30155,134,134,134,0.28044,2.37923,0.16719,1,1,0.450
33.2940,611,FR,4,2.63257,-0.11654,0.30672,132,132,132,0.28559,2.75275,-0.13486,1,1,0.450
33.2940,611,BR,27,2.44590,-0.10190,0.29992,134,134,134,0.27881,2.51914,-0.09383,1,1,0.450
33.3080,612,FL,18,2.76134,0.16966,0.30014,134,134,134,0.27904,2.87882,0.19831,1,1,0.450
33.3080,612,BL,11,2.31014,0.15859,0.30178,134,134,134,0.28067,2.37811,0.16724,1,1,0.450
33.3080,612,FR,3,2.63141,-0.11560,0.30771,132,132,132,0.28659,2.75088,-0.13350,1,1,0.450
33.3080,612,BR,26,2.44483,-0.10191,0.29992,134,134,134,0.27882,2.51463,-0.09456,1,1,0.450
33.3180,612,FL,18,2.76035,0.16948,0.30016,134,134,134,0.27906,2.88297,0.19885,1,1,0.450
33.3180,612,BL,11,2.30864,0.15835,0.30229,134,134,134,0.28118,2.37671,0.16676,1,1,0.450
33.3180,612,FR,3,2.63014,-0.11479,0.30864,131,131,131,0.28751,2.74872,-0.13239,1,1,0.450
33.3180,612,BR,26,2.44367,-0.10125,0.29993,134,134,134,0.27882,2.51719,-0.09343,1,1,0.450
33.3300,612,FL,18,2.76060,0.16950,0.30026,134,134,134,0.27916,2.88331,0.19842,1,1,0.450
33.3300,612,BL,11,2.30896,0.15875,0.30241,134,134,134,0.28131,2.37701,0.16670,1,1,0.450
33.3320,612,FR,3,2.63050,-0.11432,0.30929,131,131,131,0.28816,2.74908,-0.13192,1,1,0.450
33.3320,612,BR,26,2.44408,-0.10144,0.29992,134,134,134,0.27882,2.51814,-0.09388,1,1,0.450
33.3460,613,FL,17,2.76138,0.16926,0.30028,134,134,134,0.27917,2.88400,0.19805,1,1,0.450
33.3460,613,BL,10,2.30978,0.15856,0.30250,134,134,134,0.28139,2.37775,0.16624,1,1,0.450
33.3460,613,FR,2,2.63134,-0.11406,0.30945,131,131,131,0.28831,2.75035,-0.13195,1,1,0.450
33.3460,613,BR,25,2.44482,-0.10178,0.29992,134,134,134,0.27882,2.51485,-0.09493,1,1,0.450
33.3560,613,FL,17,2.76122,0.16871,0.30030,134,134,134,0.27920,2.88501,0.19746,1,1,0.450
33.3560,613,BL,10,2.30886,0.15800,0.30277,134,134,134,0.28166,2.37758,0.16504,1,1,0.450
33.3560,613,FR,2,2.63019,-0.11315,0.30966,131,131,131,0.28853,2.74942,-0.13126,1,1,0.450
33.3560,613,BR,25,2.44461,-0.10164,0.29992,134,134,134,0.27882,2.51840,-0.09446,1,1,0.450
33.3680,614,FL,16,2.76165,0.16846,0.30036,134,134,134,0.27925,2.88943,0.19741,1,1,0.450
33.3680,614,BL,9,2.30933,0.15791,0.30280,134,134,134,0.28169,2.37823,0.16442,1,1,0.450
33.3680,614,FR,1,2.63030,-0.11287,0.30971,131,131,131,0.28857,2.75056,-0.13140,1,1,0.450
33.3680,614,BR,24,2.44525,-0.10227,0.29990,134,134,134,0.27880,2.51549,-0.09593,1,1,0.450
33.3780,614,FL,16,2.76259,0.16777,0.30037,134,134,134,0.27927,2.89144,0.19673,1,1,0.450
33.3780,614,BL,9,2.30962,0.15690,0.30290,134,134,134,0.28179,2.37914,0.16294,1,1,0.450
33.3780,614,FR,1,2.63021,-0.11245,0.30970,131,131,131,0.28856,2.75113,-0.13130,1,1,0.450
33.3780,614,BR,24,2.44626,-0.10240,0.29989,134,134,134,0.27878,2.52032,-0.09591,1,1,0.450
33.3880,614,FL,16,2.76442,0.16701,0.30048,134,134,134,0.27938,2.89303,0.19580,1,1,0.450
33.3880,614,BL,9,2.31151,0.15600,0.30292,134,134,134,0.28181,2.38139,0.16144,1,1,0.450
33.3880,614,FR,1,2.63110,-0.11233,0.30981,131,131,131,0.28868,2.75397,-0.13250,1,1,0.450
33.3880,614,BR,24,2.44837,-0.10366,0.29986,134,134,134,0.27876,2.52285,-0.09723,1,1,0.450
33.4000,615,FL,15,2.76480,0.16656,0.30059,134,134,134,0.27948,2.89358,0.19500,1,1,0.450
33.4000,615,BL,8,2.31147,0.15577,0.30272,134,134,134,0.28161,2.38222,0.16012,1,1,0.450
33.4000,615,FR,30,2.89925,-0.11139,0.30002,134,134,134,0.27892,3.00294,-0.12167,1,1,0.450
33.4000,615,BR,23,2.44900,-0.10457,0.29983,134,134,134,0.27873,2.51928,-0.09877,1,1,0.450
33.4260,616,FL,14,2.76611,0.16544,0.30064,134,134,134,0.27953,2.89459,0.19458,1,1,0.450
33.4260,616,BL,7,2.31294,0.15365,0.30334,134,134,134,0.28222,2.38354,0.15786,1,1,0.450
33.4260,616,FR,29,2.90032,-0.11177,0.30002,134,134,134,0.27892,3.01042,-0.12338,1,1,0.450
33.4260,616,BR,22,2.45009,-0.10513,0.29988,134,134,134,0.27878,2.52185,-0.09998,1,1,0.450
33.4440,616,FL,14,2.76840,0.16462,0.30065,134,134,134,0.27954,2.90002,0.19179,1,1,0.450
33.4440,616,BL,7,2.31245,0.15371,0.30322,134,134,134,0.28211,2.38678,0.15522,1,1,0.450
33.4440,616,FR,29,2.90499,-0.11364,0.30003,134,134,134,0.27893,3.02338,-0.12521,1,1,0.450
33.4440,616,BR,22,2.45441,-0.10756,0.29984,134,134,134,0.27874,2.53181,-0.10273,1,1,0.450
33.4540,617,FL,13,2.76855,0.16465,0.30075,134,134,134,0.27965,2.90152,0.19056,1,1,0.450
33.4540,617,BL,6,2.31181,0.15397,0.30319,134,134,134,0.28208,2.38727,0.15415,1,1,0.450
33.4540,617,FR,28,2.90662,-0.11460,0.30006,134,134,134,0.27895,3.02009,-0.12651,1,1,0.450
33.4560,617,BR,21,2.45581,-0.10893,0.29979,134,134,134,0.27868,2.52926,-0.10551,1,1,0.450
33.4640,617,FL,13,2.76936,0.16478,0.30054,134,134,134,0.27944,2.90347,0.19040,1,1,0.450
33.4640,617,BL,6,2.31201,0.15376,0.30259,134,134,134,0.28148,2.38794,0.15355,1,1,0.450
33.4640,617,FR,28,2.90825,-0.11482,0.30003,134,134,134,0.27893,3.02892,-0.12702,1,1,0.450
33.4640,617,BR,21,2.45721,-0.10897,0.29974,134,134,134,0.27864,2.53537,-0.10590,1,1,0.450
33.4760,617,FL,13,2.76890,0.16455,0.30067,134,134,134,0.27956,2.90300,0.18982,1,1,0.450
33.4760,617,BL,6,2.31169,0.15368,0.30274,134,134,134,0.28163,2.38762,0.15284,1,1,0.450
33.4760,617,FR,28,2.90813,-0.11526,0.30006,134,134,134,0.27896,3.02870,-0.12730,1,1,0.450
33.4760,617,BR,21,2.45701,-0.10970,0.29971,134,134,134,0.27861,2.53555,-0.10683,1,1,0.450
33.4900,618,FL,12,2.76975,0.16401,0.30076,134,134,134,0.27965,2.90400,0.18896,1,1,0.450
33.4900,618,BL,5,2.31242,0.15324,0.30314,134,134,134,0.28203,2.38853,0.15174,1,1,0.450
33.4900,618,FR,27,2.90926,-0.11601,0.30006,134,134,134,0.27896,3.02489,-0.12869,1,1,0.450
33.4900,618,BR,20,2.45813,-0.11071,0.29974,134,134,134,0.27864,2.53170,-0.10873,1,1,0.450
33.5060,618,FL,12,2.76981,0.16396,0.30091,134,134,134,0.27981,2.90453,0.18886,1,1,0.450
33.5060,618,BL,5,2.31234,0.15292,0.30373,134,134,134,0.28261,2.38850,0.15108,1,1,0.450
33.5060,618,FR,27,2.90954,-0.11623,0.30003,134,134,134,0.27893,3.03178,-0.12939,1,1,0.450
33.5060,618,BR,20,2.45821,-0.11052,0.29977,134,134,134,0.27867,2.53606,-0.10885,1,1,0.450
33.5200,619,FL,11,2.76965,0.16290,0.30132,134,134,134,0.28022,2.90402,0.18759,1,1,0.450
33.5200,619,BL,4,2.31245,0.15190,0.30500,133,133,133,0.28388,2.38848,0.14901,1,1,0.450
33.5200,619,FR,26,2.90961,-0.11727,0.30006,134,134,134,0.27896,3.02668,-0.13100,1,1,0.450
33.5200,619,BR,19,2.45826,-0.11212,0.29981,134,134,134,0.27871,2.53122,-0.11122,1,1,0.450
33.5300,619,FL,11,2.76902,0.16292,0.30152,134,134,134,0.28042,2.90328,0.18760,1,1,0.450
33.5320,619,BL,4,2.31193,0.15144,0.30561,133,133,133,0.28449,2.38776,0.14810,1,1,0.450
33.5320,619,FR,26,2.90892,-0.11743,0.30001,134,134,134,0.27891,3.03231,-0.13164,1,1,0.450
33.5320,619,BR,19,2.45740,-0.11195,0.29985,134,134,134,0.27875,2.53431,-0.11145,1,1,0.450
33.5440,620,FL,10,2.76900,0.16232,0.30173,134,134,134,0.28062,2.90310,0.18670,1,1,0.450
33.5440,620,BL,3,2.31224,0.15086,0.30604,132,132,132,0.28492,2.38756,0.14688,1,1,0.450
33.5440,620,FR,25,2.90923,-0.11815,0.30004,134,134,134,0.27894,3.02738,-0.13303,1,1,0.450
33.5440,620,BR,18,2.45766,-0.11311,0.29984,134,134,134,0.27874,2.52963,-0.11353,1,1,0.450
33.5540,620,FL,10,2.76856,0.16236,0.30190,134,134,134,0.28079,2.90244,0.18667,1,1,0.450
33.5560,620,BL,3,2.31208,0.15036,0.30646,132,132,132,0.28534,2.38697,0.14596,1,1,0.450
33.5560,620,FR,25,2.90877,-0.11838,0.29998,134,134,134,0.27888,3.03304,-0.13380,1,1,0.450
33.5560,620,BR,18,2.45702,-0.11306,0.29988,134,134,134,0.27878,2.53289,-0.11397,1,1,0.450
33.5680,620,FL,10,2.76789,0.16199,0.30222,134,134,134,0.28111,2.90139,0.18587,1,1,0.450
33.5680,620,BL,3,2.31196,0.15010,0.30698,132,132,132,0.28586,2.38600,0.14507,1,1,0.450
33.5680,620,FR,25,2.90823,-0.11902,0.30002,134,134,134,0.27892,3.03245,-0.13427,1,1,0.450
33.5680,620,BR,18,2.45647,-0.11405,0.29990,134,134,134,0.27879,2.53252,-0.11511,1,1,0.450
33.5840,621,FL,9,2.76714,0.16174,0.30234,134,134,134,0.28123,2.90002,0.18492,1,1,0.450
33.5840,621,BL,2,2.31189,0.15010,0.30709,132,132,132,0.28596,2.38477,0.14444,1,1,0.450
33.5840,621,FR,24,2.90727,-0.11990,0.30003,134,134,134,0.27893,3.02625,-0.13599,1,1,0.450
33.5840,621,BR,17,2.45555,-0.11501,0.29993,134,134,134,0.27883,2.53141,-0.11648,1,1,0.450
33.6020,621,FL,9,2.76615,0.16233,0.30254,134,134,134,0.28143,2.89800,0.18503,1,1,0.450
33.6020,621,BL,2,2.31178,0.15030,0.30713,132,132,132,0.28601,2.38366,0.14471,1,1,0.450
33.6020,621,FR,24,2.90564,-0.12024,0.29996,134,134,134,0.27886,3.03058,-0.13701,1,1,0.450
33.6020,621,BR,17,2.45377,-0.11458,0.29996,134,134,134,0.27886,2.52817,-0.11804,1,1,0.450
33.6140,622,FL,8,2.76591,0.16204,0.30257,134,134,134,0.28146,2.89654,0.18369,1,1,0.450
33.6140,622,BL,1,2.31239,0.15045,0.30689,132,132,132,0.28576,2.38299,0.14483,1,1,0.450
33.6140,622,FR,23,2.90429,-0.12163,0.30001,134,134,134,0.27891,3.02374,-0.13951,1,1,0.450
33.6140,622,BR,16,2.45268,-0.11564,0.29997,134,134,134,0.27887,2.52647,-0.11981,1,1,0.450
33.6340,623,FL,7,2.76552,0.16290,0.30254,134,134,134,0.28143,2.89449,0.18404,1,1,0.450
33.6360,623,BL,30,2.58500,0.15214,0.29986,134,134,134,0.27876,2.66210,0.15491,1,1,0.450
33.6360,623,FR,22,2.90235,-0.12204,0.29996,134,134,134,0.27886,3.01778,-0.14540,1,1,0.450
33.6360,623,BR,15,2.45087,-0.11467,0.30003,134,134,134,0.27893,2.52339,-0.12055,1,1,0.450
33.6460,623,FL,7,2.76553,0.16306,0.30228,134,134,134,0.28117,2.89263,0.18331,1,1,0.450
33.6460,623,BL,30,2.58302,0.15023,0.29988,134,134,134,0.27877,2.65929,0.14760,1,1,0.450
33.6460,623,FR,22,2.90027,-0.12299,0.29984,134,134,134,0.27873,3.01931,-0.14923,1,1,0.450
33.6460,623,BR,15,2.44905,-0.11402,0.30002,134,134,134,0.27892,2.51999,-0.12165,1,1,0.450
33.6560,623,FL,7,2.76503,0.16279,0.30271,134,134,134,0.28160,2.89115,0.18259,1,1,0.450
33.6560,623,BL,30,2.58162,0.14960,0.29989,134,134,134,0.27879,2.65840,0.14697,1,1,0.450
33.6560,623,FR,22,2.89873,-0.12366,0.29985,134,134,134,0.27875,3.01780,-0.14970,1,1,0.450
33.6560,623,BR,15,2.44781,-0.11453,0.30007,134,134,134,0.27896,2.51809,-0.12249,1,1,0.450
33.6640,624,FL,6,2.76408,0.16268,0.30277,134,134,134,0.28166,2.88943,0.18216,1,1,0.450
33.6660,624,BL,29,2.58008,0.14921,0.29989,134,134,134,0.27879,2.65271,0.14666,1,1,0.450
33.6660,624,FR,21,2.89715,-0.12411,0.29986,134,134,134,0.27876,3.01199,-0.15014,1,1,0.450
33.6660,624,BR,14,2.44639,-0.11484,0.30015,134,134,134,0.27905,2.51623,-0.12304,1,1,0.450
33.6760,624,FL,6,2.76433,0.16347,0.30241,134,134,134,0.28130,2.88890,0.18294,1,1,0.450
33.6760,624,BL,29,2.57933,0.14825,0.29988,134,134,134,0.27878,2.65340,0.14245,1,1,0.450
33.6760,624,FR,21,2.89671,-0.12390,0.29979,134,134,134,0.27869,3.01585,-0.15227,1,1,0.450
33.6760,624,BR,14,2.44606,-0.11369,0.30016,134,134,134,0.27906,2.51485,-0.12312,1,1,0.450
33.6860,624,FL,6,2.76304,0.16311,0.30263,134,134,134,0.28152,2.88688,0.18242,1,1,0.450
33.6860,624,BL,29,2.57767,0.14796,0.29990,134,134,134,0.27879,2.65219,0.14213,1,1,0.450
33.6860,624,FR,21,2.89502,-0.12409,0.29982,134,134,134,0.27872,3.01424,-0.15216,1,1,0.450
33.6860,624,BR,14,2.44445,-0.11420,0.30017,134,134,134,0.27906,2.51312,-0.12347,1,1,0.450
33.6980,625,FL,5,2.76299,0.16302,0.30301,134,134,134,0.28190,2.88615,0.18217,1,1,0.450
33.6980,625,BL,28,2.57708,0.14763,0.29990,134,134,134,0.27880,2.64762,0.14216,1,1,0.450
33.6980,625,FR,20,2.89445,-0.12439,0.29984,134,134,134,0.27874,3.00964,-0.15217,1,1,0.450
33.6980,625,BR,13,2.44401,-0.11445,0.30034,134,134,134,0.27923,2.51228,-0.12393,1,1,0.450
33.7120,625,FL,5,2.76225,0.16323,0.30342,134,134,134,0.28230,2.88457,0.18253,1,1,0.450
33.7120,625,BL,28,2.57582,0.14682,0.29989,134,134,134,0.27879,2.64912,0.13944,1,1,0.450
33.7120,625,FR,20,2.89350,-0.12402,0.29982,134,134,134,0.27872,3.01348,-0.15348,1,1,0.450
33.7120,625,BR,13,2.44292,-0.11351,0.30053,134,134,134,0.27943,2.51067,-0.12367,1,1,0.450
33.7220,626,FL,4,2.76074,0.16229,0.30448,134,134,134,0.28336,2.88220,0.18133,1,1,0.450
33.7220,626,BL,27,2.57429,0.14671,0.29990,134,134,134,0.27880,2.64412,0.13981,1,1,0.450
33.7220,626,FR,19,2.89185,-0.12425,0.29993,134,134,134,0.27882,3.00806,-0.15271,1,1,0.450
33.7220,626,BR,12,2.44118,-0.11438,0.30078,134,134,134,0.27968,2.50908,-0.12379,1,1,0.450
33.7340,626,FL,4,2.76077,0.16216,0.30529,133,133,133,0.28417,2.88140,0.18118,1,1,0.450
33.7340,626,BL,27,2.57390,0.14595,0.29991,134,134,134,0.27880,2.64714,0.13805,1,1,0.450
33.7340,626,FR,19,2.89175,-0.12393,0.29993,134,134,134,0.27883,3.01289,-0.15360,1,1,0.450
33.7340,626,BR,12,2.44090,-0.11367,0.30117,134,134,134,0.28006,2.50829,-0.12346,1,1,0.450
33.7500,626,FL,4,2.75942,0.16118,0.30624,132,132,132,0.28512,2.87944,0.17999,1,1,0.450
33.7500,626,BL,27,2.57275,0.14595,0.29991,134,134,134,0.27881,2.64649,0.13818,1,1,0.450
33.7500,626,FR,19,2.89045,-0.12412,0.30005,134,134,134,0.27894,3.01180,-0.15323,1,1,0.450
33.7500,626,BR,12,2.43944,-0.11451,0.30137,134,134,134,0.28027,2.50719,-0.12348,1,1,0.450
33.7620,627,FL,3,2.75948,0.16021,0.30771,132,132,132,0.28658,2.87880,0.17859,1,1,0.450
33.7620,627,BL,26,2.57266,0.14593,0.29992,134,134,134,0.27882,2.64248,0.13892,1,1,0.450
33.7620,627,FR,18,2.89034,-0.12432,0.30014,134,134,134,0.27904,3.00788,-0.15243,1,1,0.450
33.7620,627,BR,11,2.43923,-0.11523,0.30182,134,134,134,0.28071,2.50696,-0.12345,1,1,0.450
33.7700,627,FL,3,2.75757,0.15942,0.30843,131,131,131,0.28730,2.87616,0.17764,1,1,0.450
33.7700,627,BL,26,2.57112,0.14528,0.29993,134,134,134,0.27882,2.64465,0.13781,1,1,0.450
33.7720,627,FR,18,2.88897,-0.12411,0.30016,134,134,134,0.27906,3.01166,-0.15294,1,1,0.450
33.7720,627,BR,11,2.43724,-0.11493,0.30221,134,134,134,0.28110,2.50534,-0.12291,1,1,0.450
33.7820,627,FL,3,2.75826,0.15917,0.30881,131,131,131,0.28768,2.87711,0.17756,1,1,0.450
33.7820,627,BL,26,2.57166,0.14550,0.29991,134,134,134,0.27881,2.64574,0.13824,1,1,0.450
33.7820,627,FR,18,2.88937,-0.12406,0.30023,134,134,134,0.27913,3.01204,-0.15257,1,1,0.450
33.7820,627,BR,11,2.43785,-0.11509,0.30226,134,134,134,0.28115,2.50569,-0.12285,1,1,0.450
33.7900,628,FL,2,2.75913,0.15896,0.30885,131,131,131,0.28772,2.87844,0.17757,1,1,0.450
33.7900,628,BL,25,2.57248,0.14584,0.29992,134,134,134,0.27881,2.64249,0.13922,1,1,0.450
33.7900,628,FR,17,2.89021,-0.12382,0.30024,134,134,134,0.27914,3.01279,-0.15224,1,1,0.450
33.7920,628,BR,10,2.43873,-0.11490,0.30231,134,134,134,0.28120,2.50652,-0.12239,1,1,0.450
33.8020,628,FL,2,2.75805,0.15830,0.30900,131,131,131,0.28787,2.87718,0.17689,1,1,0.450
33.8020,628,BL,25,2.57202,0.14544,0.29992,134,134,134,0.27881,2.64580,0.13849,1,1,0.450
33.8020,628,FR,17,2.88987,-0.12343,0.30025,134,134,134,0.27914,3.01356,-0.15194,1,1,0.450
33.8020,628,BR,10,2.43771,-0.11440,0.30255,134,134,134,0.28144,2.50608,-0.12153,1,1,0.450
33.8100,628,FL,2,2.75804,0.15785,0.30918,131,131,131,0.28805,2.87820,0.17690,1,1,0.450
33.8100,628,BL,25,2.57270,0.14612,0.29990,134,134,134,0.27880,2.64699,0.13937,1,1,0.450
33.8100,628,FR,17,2.89032,-0.12315,0.30032,134,134,134,0.27922,3.01399,-0.15120,1,1,0.450
33.8100,628,BR,10,2.43814,-0.11437,0.30264,134,134,134,0.28153,2.50679,-0.12085,1,1,0.450
33.8200,629,FL,1,2.75822,0.15770,0.30913,131,131,131,0.28800,2.87937,0.17714,1,1,0.450
33.8200,629,BL,24,2.57337,0.14664,0.29989,134,134,134,0.27879,2.64355,0.14059,1,1,0.450
33.8220,629,FR,16,2.89092,-0.12281,0.30034,134,134,134,0.27924,3.01864,-0.15134,1,1,0.450
33.8220,629,BR,9,2.43864,-0.11403,0.30266,134,134,134,0.28155,2.50751,-0.12011,1,1,0.450
33.8320,629,FL,1,2.75892,0.15749,0.30909,131,131,131,0.28796,2.88101,0.17767,1,1,0.450
33.8320,629,BL,24,2.57514,0.14691,0.29988,134,134,134,0.27878,2.64913,0.14060,1,1,0.450
33.8320,629,FR,16,2.89267,-0.12191,0.30036,134,134,134,0.27926,3.02131,-0.15061,1,1,0.450
33.8320,629,BR,9,2.43988,-0.11268,0.30278,134,134,134,0.28167,2.50923,-0.11848,1,1,0.450
33.8400,629,FL,1,2.75704,0.15671,0.30976,131,131,131,0.28863,2.87938,0.17667,1,1,0.450
33.8400,629,BL,24,2.57498,0.14777,0.29983,134,134,134,0.27873,2.64945,0.14166,1,1,0.450
33.8400,629,FR,16,2.89204,-0.12177,0.30049,134,134,134,0.27939,3.02110,-0.14959,1,1,0.450
33.8420,629,BR,9,2.43860,-0.11316,0.30244,134,134,134,0.28133,2.50931,-0.11747,1,1,0.450
33.8520,630,FL,30,3.02833,0.15769,0.30002,134,134,134,0.27892,3.13196,0.16833,1,1,0.450
33.8520,630,BL,23,2.57811,0.14921,0.29983,134,134,134,0.27873,2.64845,0.14373,1,1,0.450
33.8520,630,FR,15,2.89505,-0.12065,0.30055,134,134,134,0.27944,3.02355,-0.14884,1,1,0.450
33.8520,630,BR,8,2.44211,-0.11132,0.30270,134,134,134,0.28159,2.51235,-0.11558,1,1,0.450
33.8720,631,FL,29,3.02950,0.15814,0.30002,134,134,134,0.27891,3.13955,0.17009,1,1,0.450
33.8720,631,BL,22,2.57931,0.14992,0.29991,134,134,134,0.27881,2.65104,0.14493,1,1,0.450
33.8720,631,FR,14,2.89644,-0.11938,0.30066,134,134,134,0.27956,3.02483,-0.14826,1,1,0.450
33.8720,631,BR,7,2.44326,-0.10924,0.30354,134,134,134,0.28242,2.51405,-0.11307,1,1,0.450
33.8800,631,FL,29,3.03259,0.15945,0.30003,134,134,134,0.27893,3.15092,0.17142,1,1,0.450
33.8800,631,BL,22,2.58211,0.15159,0.29986,134,134,134,0.27876,2.65937,0.14679,1,1,0.450
33.8800,631,FR,14,2.89769,-0.11879,0.30070,134,134,134,0.27959,3.02861,-0.14623,1,1,0.450
33.8820,631,BR,7,2.44223,-0.10930,0.30337,134,134,134,0.28226,2.51611,-0.11100,1,1,0.450
33.8900,631,FL,29,3.03363,0.16004,0.30005,134,134,134,0.27894,3.15185,0.17174,1,1,0.450
33.8920,631,BL,22,2.58297,0.15243,0.29981,134,134,134,0.27871,2.66088,0.14814,1,1,0.450
33.8920,631,FR,14,2.89785,-0.11873,0.30074,134,134,134,0.27964,3.02942,-0.14552,1,1,0.450
33.8920,631,BR,7,2.44211,-0.10929,0.30331,134,134,134,0.28219,2.51653,-0.11028,1,1,0.450
33.9000,631,FL,29,3.03551,0.16080,0.30005,134,134,134,0.27895,3.15374,0.17235,1,1,0.450
33.9000,631,BL,22,2.58477,0.15353,0.29980,134,134,134,0.27869,2.66289,0.14948,1,1,0.450
33.9000,631,FR,14,2.89892,-0.11845,0.30074,134,134,134,0.27964,3.03132,-0.14454,1,1,0.450
33.9000,631,BR,7,2.44251,-0.10916,0.30315,134,134,134,0.28204,2.51772,-0.10932,1,1,0.450
33.9100,632,FL,28,3.03562,0.16126,0.30006,134,134,134,0.27895,3.14902,0.17341,1,1,0.450
33.9100,632,BL,21,2.58485,0.15421,0.29980,134,134,134,0.27870,2.65830,0.15104,1,1,0.450
33.9100,632,FR,13,2.89869,-0.11824,0.30076,134,134,134,0.27966,3.03134,-0.14393,1,1,0.450
33.9100,632,BR,6,2.44205,-0.10910,0.30320,134,134,134,0.28208,2.51773,-0.10849,1,1,0.450
33.9200,632,FL,28,3.03710,0.16155,0.30004,134,134,134,0.27893,3.15771,0.17409,1,1,0.450
33.9200,632,BL,21,2.58615,0.15426,0.29978,134,134,134,0.27868,2.66412,0.15127,1,1,0.450
33.9200,632,FR,13,2.89965,-0.11813,0.30070,134,134,134,0.27959,3.03319,-0.14365,1,1,0.450
33.9200,632,BR,6,2.44254,-0.10874,0.30301,134,134,134,0.28190,2.51850,-0.10784,1,1,0.450
33.9300,632,FL,28,3.03766,0.16219,0.30006,134,134,134,0.27896,3.15818,0.17456,1,1,0.450
33.9300,632,BL,21,2.58663,0.15521,0.29978,134,134,134,0.27868,2.66499,0.15238,1,1,0.450
33.9300,632,FR,13,2.89980,-0.11769,0.30092,134,134,134,0.27981,3.03346,-0.14287,1,1,0.450
33.9300,632,BR,6,2.44269,-0.10844,0.30356,134,134,134,0.28245,2.51886,-0.10689,1,1,0.450
33.9400,633,FL,27,3.03738,0.16270,0.30006,134,134,134,0.27896,3.15292,0.17573,1,1,0.450
33.9400,633,BL,20,2.58634,0.15584,0.29981,134,134,134,0.27871,2.65971,0.15389,1,1,0.450
33.9400,633,FR,12,2.89946,-0.11735,0.30104,134,134,134,0.27993,3.03307,-0.14226,1,1,0.450
33.9400,633,BR,5,2.44231,-0.10827,0.30399,134,134,134,0.28287,2.51866,-0.10604,1,1,0.450
33.9500,633,FL,27,3.03832,0.16298,0.30003,134,134,134,0.27893,3.16050,0.17648,1,1,0.450
33.9500,633,BL,20,2.58710,0.15576,0.29982,134,134,134,0.27872,2.66469,0.15406,1,1,0.450
33.9500,633,FR,12,2.90009,-0.11723,0.30112,134,134,134,0.28001,3.03428,-0.14211,1,1,0.450
33.9500,633,BR,5,2.44271,-0.10779,0.30431,134,134,134,0.28320,2.51907,-0.10541,1,1,0.450
33.9620,634,FL,26,3.03785,0.16352,0.30006,134,134,134,0.27896,3.15485,0.17767,1,1,0.450
33.9640,634,BL,19,2.58660,0.15657,0.29984,134,134,134,0.27874,2.65936,0.15576,1,1,0.450
33.9640,634,FR,11,2.89951,-0.11679,0.30141,134,134,134,0.28030,3.03345,-0.14142,1,1,0.450
33.9640,634,BR,4,2.44236,-0.10751,0.30504,133,133,133,0.28393,2.51867,-0.10443,1,1,0.450
33.9740,634,FL,26,3.03794,0.16374,0.30001,134,134,134,0.27891,3.16125,0.17842,1,1,0.450
33.9740,634,BL,19,2.58651,0.15648,0.29987,134,134,134,0.27877,2.66325,0.15600,1,1,0.450
33.9740,634,FR,11,2.89954,-0.11663,0.30156,134,134,134,0.28045,3.03361,-0.14135,1,1,0.450
33.9740,634,BR,4,2.44231,-0.10690,0.30558,133,133,133,0.28446,2.51869,-0.10347,1,1,0.450
33.9880,634,FL,26,3.03836,0.16464,0.30004,134,134,134,0.27894,3.16161,0.17911,1,1,0.450
33.9880,634,BL,19,2.58687,0.15791,0.29989,134,134,134,0.27878,2.66391,0.15743,1,1,0.450
33.9880,634,FR,11,2.89952,-0.11579,0.30190,134,134,134,0.28079,3.03351,-0.14022,1,1,0.450
33.9880,634,BR,4,2.44257,-0.10605,0.30642,132,132,132,0.28530,2.51849,-0.10183,1,1,0.450
33.9980,635,FL,25,3.03795,0.16553,0.30005,134,134,134,0.27895,3.15604,0.18066,1,1,0.450
33.9980,635,BL,18,2.58646,0.15912,0.29995,134,134,134,0.27884,2.65826,0.15961,1,1,0.450
33.9980,635,FR,10,2.89903,-0.11515,0.30214,134,134,134,0.28103,3.03268,-0.13917,1,1,0.450
33.9980,635,BR,3,2.44239,-0.10551,0.30703,132,132,132,0.28591,2.51781,-0.10031,1,1,0.450
34.0100,635,FL,25,3.03709,0.16548,0.29998,134,134,134,0.27888,3.16129,0.18124,1,1,0.450
34.0100,635,BL,18,2.58543,0.15861,0.29997,134,134,134,0.27887,2.66109,0.15968,1,1,0.450
34.0100,635,FR,10,2.89832,-0.11552,0.30227,134,134,134,0.28117,3.03176,-0.13946,1,1,0.450
34.0100,635,BR,3,2.44189,-0.10538,0.30728,132,132,132,0.28616,2.51694,-0.09999,1,1,0.450
34.0220,636,FL,24,3.03641,0.16631,0.30003,134,134,134,0.27893,3.15529,0.18280,1,1,0.450
34.0220,636,BL,17,2.58474,0.15974,0.29996,134,134,134,0.27886,2.66056,0.16104,1,1,0.450
34.0220,636,FR,9,2.89749,-0.11517,0.30251,134,134,134,0.28140,3.03055,-0.13846,1,1,0.450
34.0220,636,BR,2,2.44175,-0.10527,0.30758,132,132,132,0.28645,2.51568,-0.09925,1,1,0.450
34.0380,636,FL,24,3.03616,0.16664,0.29996,134,134,134,0.27885,3.16105,0.18377,1,1,0.450
34.0380,636,BL,17,2.58422,0.15947,0.29997,134,134,134,0.27887,2.65887,0.16261,1,1,0.450
34.0380,636,FR,9,2.89725,-0.11553,0.30260,134,134,134,0.28149,3.02998,-0.13852,1,1,0.450
34.0380,636,BR,2,2.44208,-0.10516,0.30746,132,132,132,0.28633,2.51515,-0.09919,1,1,0.450
34.0500,636,FL,24,3.03424,0.16773,0.30001,134,134,134,0.27890,3.15898,0.18494,1,1,0.450
34.0500,636,BL,17,2.58252,0.16049,0.30001,134,134,134,0.27891,2.65669,0.16415,1,1,0.450
34.0500,636,FR,9,2.89626,-0.11533,0.30288,134,134,134,0.28177,3.02774,-0.13736,1,1,0.450
34.0500,636,BR,2,2.44202,-0.10540,0.30768,132,132,132,0.28656,2.51382,-0.09896,1,1,0.450
34.0840,638,FL,22,3.01978,0.16487,0.30104,134,134,134,0.27994,3.13003,0.17956,1,1,0.450
34.0840,638,BL,15,2.57602,0.16134,0.30036,134,134,134,0.27926,2.65252,0.16573,1,1,0.450
34.0840,638,FR,7,2.88160,-0.11131,0.30600,132,132,132,0.28488,3.00621,-0.12694,1,1,0.450
34.0860,638,BR,30,2.70956,-0.10756,0.29992,134,134,134,0.27882,2.80219,-0.12048,1,1,0.450
34.1720,641,FL,19,3.00389,0.16410,0.30129,134,134,134,0.28019,3.10410,0.18244,1,1,0.450
34.1720,641,BL,12,2.56651,0.16026,0.30130,134,134,134,0.28019,2.64313,0.16768,1,1,0.450
34.1720,641,FR,4,2.86978,-0.10938,0.30723,132,132,132,0.28611,2.98346,-0.11855,1,1,0.450
34.1720,641,BR,27,2.69835,-0.10439,0.29994,134,134,134,0.27884,2.77733,-0.10286,1,1,0.450
34.1820,641,FL,19,3.02122,0.17361,0.29998,134,134,134,0.27888,3.14232,0.20100,1,1,0.450
34.1820,641,BL,12,2.56922,0.16260,0.30130,134,134,134,0.28020,2.63739,0.17186,1,1,0.450
34.1820,641,FR,4,2.89075,-0.11401,0.30693,132,132,132,0.28581,3.01041,-0.13113,1,1,0.450
34.1820,641,BR,27,2.70346,-0.09899,0.29994,134,134,134,0.27884,2.77746,-0.09315,1,1,0.450
34.1920,641,FL,19,3.02003,0.17185,0.29999,134,134,134,0.27889,3.14115,0.20088,1,1,0.450
34.1920,641,BL,12,2.56947,0.16171,0.30140,134,134,134,0.28029,2.63643,0.17019,1,1,0.450
34.1920,641,FR,4,2.89018,-0.11309,0.30618,132,132,132,0.28506,3.01063,-0.13104,1,1,0.450
34.1920,641,BR,27,2.70287,-0.09910,0.29991,134,134,134,0.27881,2.77658,-0.09165,1,1,0.450
34.2020,642,FL,18,3.01973,0.17234,0.30004,134,134,134,0.27894,3.13688,0.20013,1,1,0.450
34.2020,642,BL,11,2.56895,0.16285,0.30156,134,134,134,0.28046,2.63614,0.17048,1,1,0.450
34.2020,642,FR,3,2.88987,-0.11194,0.30736,132,132,132,0.28624,3.00977,-0.12938,1,1,0.450
34.2020,642,BR,26,2.70241,-0.09884,0.29993,134,134,134,0.27882,2.77211,-0.09200,1,1,0.450
34.2120,642,FL,18,3.01912,0.17230,0.30001,134,134,134,0.27891,3.14116,0.20095,1,1,0.450
34.2120,642,BL,11,2.56810,0.16246,0.30188,134,134,134,0.28077,2.63496,0.17026,1,1,0.450
34.2120,642,FR,3,2.88941,-0.11135,0.30796,132,132,132,0.28683,3.00883,-0.12847,1,1,0.450
34.2120,642,BR,26,2.70152,-0.09799,0.29993,134,134,134,0.27883,2.77490,-0.09071,1,1,0.450
34.2200,642,FL,18,3.01966,0.17254,0.30009,134,134,134,0.27899,3.14155,0.20097,1,1,0.450
34.2200,642,BL,11,2.56893,0.16274,0.30194,134,134,134,0.28083,2.63545,0.17039,1,1,0.450
34.2200,642,FR,3,2.89039,-0.11082,0.30864,131,131,131,0.28751,3.01033,-0.12808,1,1,0.450
34.2200,642,BR,26,2.70220,-0.09797,0.29993,134,134,134,0.27883,2.77603,-0.09086,1,1,0.450
34.2320,643,FL,17,3.02048,0.17269,0.30015,134,134,134,0.27905,3.14242,0.20102,1,1,0.450
34.2320,643,BL,10,2.56957,0.16295,0.30222,134,134,134,0.28111,2.63640,0.17027,1,1,0.450
34.2320,643,FR,2,2.89087,-0.11036,0.30924,131,131,131,0.28811,3.01105,-0.12749,1,1,0.450
34.2320,643,BR,25,2.70308,-0.09799,0.29994,134,134,134,0.27884,2.77283,-0.09153,1,1,0.450
34.2400,643,FL,17,3.02020,0.17253,0.30013,134,134,134,0.27903,3.14324,0.20095,1,1,0.450
34.2400,643,BL,10,2.56868,0.16257,0.30247,134,134,134,0.28136,2.63595,0.16976,1,1,0.450
34.2400,643,FR,2,2.88997,-0.10989,0.30930,131,131,131,0.28817,3.00986,-0.12660,1,1,0.450
34.2400,643,BR,25,2.70268,-0.09739,0.29994,134,134,134,0.27884,2.77622,-0.09065,1,1,0.450
34.2540,643,FL,17,3.02036,0.17257,0.30021,134,134,134,0.27911,3.14347,0.20060,1,1,0.450
34.2540,643,BL,10,2.56874,0.16285,0.30253,134,134,134,0.28142,2.63639,0.16959,1,1,0.450
34.2540,643,FR,2,2.88973,-0.10943,0.30961,131,131,131,0.28848,3.01007,-0.12634,1,1,0.450
34.2540,643,BR,25,2.70306,-0.09765,0.29992,134,134,134,0.27882,2.77713,-0.09115,1,1,0.450
34.2660,644,FL,16,3.02208,0.17208,0.30023,134,134,134,0.27912,3.14919,0.20073,1,1,0.450
34.2660,644,BL,9,2.57039,0.16213,0.30253,134,134,134,0.28142,2.63829,0.16861,1,1,0.450
34.2680,644,FR,1,2.89072,-0.10918,0.30946,131,131,131,0.28833,3.01300,-0.12719,1,1,0.450
34.2680,644,BR,24,2.70491,-0.09836,0.29992,134,134,134,0.27881,2.77489,-0.09248,1,1,0.450
34.2780,644,FL,16,3.02235,0.17167,0.30025,134,134,134,0.27915,3.15066,0.20019,1,1,0.450
34.2780,644,BL,9,2.56978,0.16156,0.30262,134,134,134,0.28151,2.63870,0.16740,1,1,0.450
34.2780,644,FR,1,2.88975,-0.10865,0.30944,131,131,131,0.28830,3.01224,-0.12649,1,1,0.450
34.2780,644,BR,24,2.70526,-0.09825,0.29990,134,134,134,0.27880,2.77903,-0.09217,1,1,0.450
34.2960,645,FL,15,3.02349,0.17119,0.30039,134,134,134,0.27928,3.15183,0.19934,1,1,0.450
34.2960,645,BL,8,2.57075,0.16101,0.30270,134,134,134,0.28159,2.64038,0.16604,1,1,0.450
34.2960,645,FR,30,3.15706,-0.10731,0.30002,134,134,134,0.27891,3.26077,-0.11795,1,1,0.450
34.2960,645,BR,23,2.70686,-0.09935,0.29987,134,134,134,0.27877,2.77701,-0.09407,1,1,0.450
34.3400,646,FL,14,3.02536,0.17000,0.30051,134,134,134,0.27940,3.15387,0.19848,1,1,0.450
34.3400,646,BL,7,2.57228,0.15893,0.30275,134,134,134,0.28164,2.64248,0.16307,1,1,0.450
34.3400,646,FR,29,3.15914,-0.10781,0.30002,134,134,134,0.27892,3.26922,-0.11978,1,1,0.450
34.3400,646,BR,22,2.70894,-0.10042,0.29987,134,134,134,0.27877,2.78064,-0.09575,1,1,0.450
34.3500,646,FL,14,3.02986,0.16859,0.30061,134,134,134,0.27950,3.16245,0.19468,1,1,0.450
34.3500,646,BL,7,2.57309,0.15787,0.30328,134,134,134,0.28217,2.64835,0.15854,1,1,0.450
34.3500,646,FR,29,3.16735,-0.11055,0.30004,134,134,134,0.27894,3.28575,-0.12204,1,1,0.450
34.3500,646,BR,22,2.71674,-0.10483,0.29986,134,134,134,0.27876,2.79425,-0.10040,1,1,0.450
34.3600,647,FL,13,3.02918,0.16872,0.30073,134,134,134,0.27963,3.16225,0.19427,1,1,0.450
34.3600,647,BL,6,2.57232,0.15798,0.30348,134,134,134,0.28237,2.64809,0.15777,1,1,0.450
34.3600,647,FR,28,3.16747,-0.11098,0.30006,134,134,134,0.27895,3.28090,-0.12281,1,1,0.450
34.3600,647,BR,21,2.71664,-0.10544,0.29983,134,134,134,0.27873,2.79024,-0.10244,1,1,0.450
34.3720,647,FL,13,3.02922,0.16911,0.30066,134,134,134,0.27955,3.16335,0.19428,1,1,0.450
34.3720,647,BL,6,2.57183,0.15815,0.30323,134,134,134,0.28212,2.64783,0.15764,1,1,0.450
34.3720,647,FR,28,3.16814,-0.11098,0.30004,134,134,134,0.27894,3.28879,-0.12320,1,1,0.450
34.3720,647,BR,21,2.71710,-0.10512,0.29979,134,134,134,0.27869,2.79527,-0.10247,1,1,0.450
34.3820,648,FL,12,3.02929,0.16882,0.30067,134,134,134,0.27957,3.16352,0.19361,1,1,0.450
34.3820,648,BL,5,2.57197,0.15786,0.30315,134,134,134,0.28204,2.64800,0.15679,1,1,0.450
34.3820,648,FR,27,3.16873,-0.11151,0.30006,134,134,134,0.27896,3.28433,-0.12428,1,1,0.450
34.3840,648,BR,20,2.71761,-0.10607,0.29975,134,134,134,0.27865,2.79119,-0.10434,1,1,0.450
34.3960,648,FL,12,3.03002,0.16882,0.30069,134,134,134,0.27958,3.16476,0.19374,1,1,0.450
34.3960,648,BL,5,2.57251,0.15744,0.30338,134,134,134,0.28227,2.64870,0.15622,1,1,0.450
34.3960,648,FR,27,3.16975,-0.11160,0.30002,134,134,134,0.27892,3.29198,-0.12479,1,1,0.450
34.3960,648,BR,20,2.71844,-0.10583,0.29975,134,134,134,0.27865,2.79627,-0.10438,1,1,0.450
34.4060,648,FL,12,3.02947,0.16822,0.30113,134,134,134,0.28003,3.16394,0.19287,1,1,0.450
34.4060,648,BL,5,2.57223,0.15703,0.30457,134,134,134,0.28345,2.64829,0.15497,1,1,0.450
34.4060,648,FR,27,3.16934,-0.11228,0.30006,134,134,134,0.27895,3.29148,-0.12531,1,1,0.450
34.4060,648,BR,20,2.71800,-0.10687,0.29979,134,134,134,0.27869,2.79607,-0.10548,1,1,0.450
34.4160,649,FL,11,3.02990,0.16756,0.30132,134,134,134,0.28021,3.16432,0.19216,1,1,0.450
34.4160,649,BL,4,2.57266,0.15628,0.30526,133,133,133,0.28414,2.64870,0.15365,1,1,0.450
34.4160,649,FR,26,3.16993,-0.11293,0.30006,134,134,134,0.27895,3.28700,-0.12663,1,1,0.450
34.4160,649,BR,19,2.71858,-0.10778,0.29984,134,134,134,0.27874,2.79151,-0.10722,1,1,0.450
34.4260,649,FL,11,3.02931,0.16775,0.30144,134,134,134,0.28033,3.16376,0.19243,1,1,0.450
34.4260,649,BL,4,2.57211,0.15602,0.30562,133,133,133,0.28450,2.64806,0.15320,1,1,0.450
34.4260,649,FR,26,3.16930,-0.11285,0.30001,134,134,134,0.27890,3.29268,-0.12709,1,1,0.450
34.4260,649,BR,19,2.71777,-0.10729,0.29986,134,134,134,0.27876,2.79475,-0.10706,1,1,0.450
34.4360,649,FL,11,3.02887,0.16724,0.30168,134,134,134,0.28057,3.16309,0.19167,1,1,0.450
34.4360,649,BL,4,2.57200,0.15554,0.30618,132,132,132,0.28506,2.64752,0.15209,1,1,0.450
34.4360,649,FR,26,3.16909,-0.11343,0.30004,134,134,134,0.27894,3.29241,-0.12752,1,1,0.450
34.4380,649,BR,19,2.71754,-0.10828,0.29986,134,134,134,0.27876,2.79472,-0.10808,1,1,0.450
34.4460,650,FL,10,3.02888,0.16664,0.30188,134,134,134,0.28077,3.16295,0.19091,1,1,0.450
34.4460,650,BL,3,2.57222,0.15487,0.30674,132,132,132,0.28562,2.64731,0.15075,1,1,0.450
34.4460,650,FR,25,3.16929,-0.11409,0.30004,134,134,134,0.27894,3.28746,-0.12888,1,1,0.450
34.4460,650,BR,18,2.71773,-0.10926,0.29991,134,134,134,0.27881,2.78970,-0.10995,1,1,0.450
34.4560,650,FL,10,3.02815,0.16704,0.30203,134,134,134,0.28092,3.16200,0.19126,1,1,0.450
34.4560,650,BL,3,2.57173,0.15481,0.30700,132,132,132,0.28587,2.64647,0.15053,1,1,0.450
34.4560,650,FR,25,3.16842,-0.11398,0.29998,134,134,134,0.27888,3.29269,-0.12939,1,1,0.450
34.4560,650,BR,18,2.71667,-0.10870,0.29993,134,134,134,0.27883,2.79254,-0.10992,1,1,0.450
34.4660,650,FL,10,3.02774,0.16664,0.30227,134,134,134,0.28116,3.16139,0.19036,1,1,0.450
34.4660,650,BL,3,2.57193,0.15451,0.30730,132,132,132,0.28617,2.64557,0.14977,1,1,0.450
34.4660,650,FR,25,3.16831,-0.11473,0.30002,134,134,134,0.27892,3.29254,-0.12999,1,1,0.450
34.4660,650,BR,18,2.71652,-0.10980,0.29992,134,134,134,0.27882,2.79263,-0.11117,1,1,0.450
34.4760,651,FL,9,3.02692,0.16652,0.30241,134,134,134,0.28130,3.15995,0.18983,1,1,0.450
34.4760,651,BL,2,2.57155,0.15455,0.30755,132,132,132,0.28643,2.64459,0.14923,1,1,0.450
34.4760,651,FR,24,3.16715,-0.11524,0.30003,134,134,134,0.27893,3.28612,-0.13136,1,1,0.450
34.4760,651,BR,17,2.71542,-0.11033,0.29997,134,134,134,0.27887,2.79133,-0.11201,1,1,0.450
34.4860,651,FL,9,3.02675,0.16697,0.30247,134,134,134,0.28136,3.15945,0.19010,1,1,0.450
34.4860,651,BL,2,2.57196,0.15448,0.30736,132,132,132,0.28623,2.64415,0.14943,1,1,0.450
34.4860,651,FR,24,3.16693,-0.11539,0.29996,134,134,134,0.27885,3.29189,-0.13216,1,1,0.450
34.4860,651,BR,17,2.71494,-0.10983,0.29996,134,134,134,0.27886,2.78965,-0.11328,1,1,0.450
34.4960,651,FL,9,3.02603,0.16689,0.30265,134,134,134,0.28154,3.15786,0.18942,1,1,0.450
34.4960,651,BL,2,2.57180,0.15469,0.30749,132,132,132,0.28636,2.64326,0.14938,1,1,0.450
34.4960,651,FR,24,3.16550,-0.11602,0.30000,134,134,134,0.27890,3.29033,-0.13285,1,1,0.450
34.4960,651,BR,17,2.71370,-0.11044,0.29997,134,134,134,0.27887,2.78805,-0.11420,1,1,0.450
34.5060,652,FL,8,3.02595,0.16680,0.30269,134,134,134,0.28158,3.15709,0.18868,1,1,0.450
34.5060,652,BL,1,2.57232,0.15477,0.30729,132,132,132,0.28617,2.64284,0.14957,1,1,0.450
34.5060,652,FR,23,3.16484,-0.11688,0.30001,134,134,134,0.27891,3.28431,-0.13478,1,1,0.450
34.5060,652,BR,16,2.71314,-0.11096,0.30000,134,134,134,0.27890,2.78714,-0.11530,1,1,0.450
34.5260,652,FL,8,3.02550,0.16755,0.30273,134,134,134,0.28162,3.15550,0.18917,1,1,0.450
34.5260,652,BL,1,2.57219,0.15497,0.30736,132,132,132,0.28623,2.64282,0.15022,1,1,0.450
34.5260,652,FR,23,3.16338,-0.11698,0.29997,134,134,134,0.27887,3.28330,-0.14012,1,1,0.450
34.5260,652,BR,16,2.71170,-0.10995,0.30004,134,134,134,0.27894,2.78474,-0.11564,1,1,0.450
34.5360,653,FL,7,3.02507,0.16756,0.30241,134,134,134,0.28130,3.15287,0.18811,1,1,0.450
34.5360,653,BL,30,2.84330,0.15582,0.29988,134,134,134,0.27878,2.92111,0.15903,1,1,0.450
34.5360,653,FR,22,3.16067,-0.11804,0.29988,134,134,134,0.27877,3.27640,-0.14096,1,1,0.450
34.5360,653,BR,15,2.70943,-0.11035,0.30003,134,134,134,0.27893,2.78128,-0.11701,1,1,0.450
34.5440,653,FL,7,3.02488,0.16746,0.30291,134,134,134,0.28180,3.15216,0.18775,1,1,0.450
34.5440,653,BL,30,2.84274,0.15455,0.29987,134,134,134,0.27877,2.91903,0.15185,1,1,0.450
34.5460,653,FR,22,3.15995,-0.11873,0.29988,134,134,134,0.27878,3.27901,-0.14507,1,1,0.450
34.5460,653,BR,15,2.70865,-0.10970,0.30014,134,134,134,0.27903,2.77972,-0.11750,1,1,0.450
34.5560,653,FL,7,3.02402,0.16716,0.30330,134,134,134,0.28218,3.15062,0.18717,1,1,0.450
34.5560,653,BL,30,2.84140,0.15421,0.29990,134,134,134,0.27879,2.91819,0.15162,1,1,0.450
34.5560,653,FR,22,3.15855,-0.11898,0.29988,134,134,134,0.27878,3.27776,-0.14490,1,1,0.450
34.5560,653,BR,15,2.70737,-0.11007,0.30017,134,134,134,0.27907,2.77817,-0.11787,1,1,0.450
34.5660,654,FL,6,3.02346,0.16711,0.30326,134,134,134,0.28215,3.14900,0.18668,1,1,0.450
34.5660,654,BL,29,2.83990,0.15361,0.29989,134,134,134,0.27879,2.91255,0.15110,1,1,0.450
34.5660,654,FR,21,3.15702,-0.11963,0.29988,134,134,134,0.27878,3.27197,-0.14560,1,1,0.450
34.5660,654,BR,14,2.70610,-0.11049,0.30023,134,134,134,0.27913,2.77626,-0.11867,1,1,0.450
34.5760,654,FL,6,3.02250,0.16763,0.30318,134,134,134,0.28206,3.14717,0.18720,1,1,0.450
34.5760,654,BL,29,2.83814,0.15272,0.29989,134,134,134,0.27879,2.91222,0.14695,1,1,0.450
34.5760,654,FR,21,3.15553,-0.11941,0.29983,134,134,134,0.27873,3.27485,-0.14763,1,1,0.450
34.5760,654,BR,14,2.70461,-0.10947,0.30031,134,134,134,0.27921,2.77391,-0.11864,1,1,0.450
34.5860,654,FL,6,3.02233,0.16740,0.30338,134,134,134,0.28227,3.14627,0.18679,1,1,0.450
34.5860,654,BL,29,2.83737,0.15233,0.29990,134,134,134,0.27880,2.91193,0.14656,1,1,0.450
34.5860,654,FR,21,3.15474,-0.11966,0.29986,134,134,134,0.27875,3.27411,-0.14761,1,1,0.450
34.5860,654,BR,14,2.70402,-0.10996,0.30033,134,134,134,0.27923,2.77291,-0.11916,1,1,0.450
34.5960,655,FL,5,3.02170,0.16728,0.30364,134,134,134,0.28252,3.14496,0.18650,1,1,0.450
34.5960,655,BL,28,2.83632,0.15204,0.29990,134,134,134,0.27880,2.90687,0.14661,1,1,0.450
34.5960,655,FR,20,3.15372,-0.11993,0.29988,134,134,134,0.27877,3.26906,-0.14759,1,1,0.450
34.5960,655,BR,13,2.70307,-0.11022,0.30046,134,134,134,0.27935,2.77174,-0.11955,1,1,0.450
34.6060,655,FL,5,3.02163,0.16760,0.30394,134,134,134,0.28282,3.14408,0.18698,1,1,0.450
34.6060,655,BL,28,2.83557,0.15120,0.29990,134,134,134,0.27879,2.90889,0.14387,1,1,0.450
34.6060,655,FR,20,3.15331,-0.11957,0.29984,134,134,134,0.27874,3.27339,-0.14892,1,1,0.450
34.6060,655,BR,13,2.70259,-0.10924,0.30063,134,134,134,0.27952,2.77056,-0.11936,1,1,0.450
34.6160,655,FL,5,3.02029,0.16692,0.30468,134,134,134,0.28357,3.14213,0.18613,1,1,0.450
34.6160,655,BL,28,2.83428,0.15111,0.29990,134,134,134,0.27880,2.90808,0.14380,1,1,0.450
34.6160,655,FR,20,3.15191,-0.11972,0.29993,134,134,134,0.27883,3.27215,-0.14864,1,1,0.450
34.6160,655,BR,13,2.70113,-0.10992,0.30078,134,134,134,0.27967,2.76927,-0.11947,1,1,0.450
34.6260,656,FL,4,3.02042,0.16655,0.30544,133,133,133,0.28432,3.14174,0.18565,1,1,0.450
34.6260,656,BL,27,2.83408,0.15096,0.29991,134,134,134,0.27881,2.90396,0.14421,1,1,0.450
34.6260,656,FR,19,3.15174,-0.11989,0.29997,134,134,134,0.27887,3.26805,-0.14824,1,1,0.450
34.6260,656,BR,12,2.70101,-0.11024,0.30102,134,134,134,0.27992,2.76891,-0.11966,1,1,0.450
34.6380,656,FL,4,3.01919,0.16615,0.30613,132,132,132,0.28501,3.13959,0.18524,1,1,0.450
34.6380,656,BL,27,2.83264,0.15023,0.29991,134,134,134,0.27881,2.90590,0.14241,1,1,0.450
34.6380,656,FR,19,3.15056,-0.11957,0.29998,134,134,134,0.27887,3.27187,-0.14905,1,1,0.450
34.6380,656,BR,12,2.69949,-0.10967,0.30136,134,134,134,0.28026,2.76725,-0.11921,1,1,0.450
34.6460,656,FL,4,3.01928,0.16550,0.30712,132,132,132,0.28599,3.13924,0.18445,1,1,0.450
34.6460,656,BL,27,2.83259,0.15023,0.29991,134,134,134,0.27881,2.90637,0.14256,1,1,0.450
34.6460,656,FR,19,3.15039,-0.11971,0.30009,134,134,134,0.27899,3.27180,-0.14872,1,1,0.450
34.6460,656,BR,12,2.69938,-0.11029,0.30158,134,134,134,0.28047,2.76707,-0.11930,1,1,0.450
34.6560,657,FL,3,3.01892,0.16487,0.30791,132,132,132,0.28678,3.13840,0.18357,1,1,0.450
34.6580,657,BL,26,2.83219,0.15021,0.29992,134,134,134,0.27882,2.90200,0.14322,1,1,0.450
34.6580,657,FR,18,3.14998,-0.11985,0.30015,134,134,134,0.27904,3.26752,-0.14807,1,1,0.450
34.6580,657,BR,11,2.69886,-0.11073,0.30183,134,134,134,0.28072,2.76664,-0.11926,1,1,0.450
34.6660,657,FL,3,3.01858,0.16450,0.30841,131,131,131,0.28728,3.13756,0.18318,1,1,0.450
34.6680,657,BL,26,2.83176,0.14961,0.29992,134,134,134,0.27882,2.90526,0.14206,1,1,0.450
34.6680,657,FR,18,3.14980,-0.11949,0.30014,134,134,134,0.27903,3.27229,-0.14862,1,1,0.450
34.6680,657,BR,11,2.69834,-0.11011,0.30218,134,134,134,0.28107,2.76602,-0.11872,1,1,0.450
34.6760,657,FL,3,3.01827,0.16392,0.30899,131,131,131,0.28786,3.13716,0.18260,1,1,0.450
34.6760,657,BL,26,2.83164,0.14981,0.29992,134,134,134,0.27881,2.90565,0.14244,1,1,0.450
34.6760,657,FR,18,3.14952,-0.11950,0.30024,134,134,134,0.27914,3.27214,-0.14818,1,1,0.450
34.6760,657,BR,11,2.69801,-0.11055,0.30229,134,134,134,0.28118,2.76590,-0.11858,1,1,0.450
34.6880,658,FL,2,3.01832,0.16356,0.30925,131,131,131,0.28811,3.13744,0.18240,1,1,0.450
34.6880,658,BL,25,2.83172,0.15004,0.29992,134,134,134,0.27882,2.90172,0.14336,1,1,0.450
34.6880,658,FR,17,3.14959,-0.11938,0.30026,134,134,134,0.27916,3.27222,-0.14789,1,1,0.450
34.6880,658,BR,10,2.69805,-0.11054,0.30241,134,134,134,0.28130,2.76595,-0.11827,1,1,0.450
34.6960,658,FL,2,3.01732,0.16292,0.30934,131,131,131,0.28821,3.13625,0.18172,1,1,0.450
34.6960,658,BL,25,2.83124,0.14969,0.29992,134,134,134,0.27882,2.90504,0.14270,1,1,0.450
34.6980,658,FR,17,3.14922,-0.11896,0.30026,134,134,134,0.27916,3.27295,-0.14752,1,1,0.450
34.6980,658,BR,10,2.69706,-0.11003,0.30268,134,134,134,0.28157,2.76540,-0.11740,1,1,0.450
34.7060,658,FL,2,3.01722,0.16256,0.30956,131,131,131,0.28843,3.13668,0.18166,1,1,0.450
34.7060,658,BL,25,2.83159,0.15012,0.29990,134,134,134,0.27880,2.90591,0.14337,1,1,0.450
34.7060,658,FR,17,3.14938,-0.11883,0.30033,134,134,134,0.27923,3.27311,-0.14699,1,1,0.450
34.7060,658,BR,10,2.69721,-0.11014,0.30274,134,134,134,0.28163,2.76578,-0.11703,1,1,0.450
34.7160,659,FL,1,3.01822,0.16249,0.30946,131,131,131,0.28833,3.13922,0.18245,1,1,0.450
34.7180,659,BL,24,2.83305,0.15088,0.29990,134,134,134,0.27879,2.90325,0.14476,1,1,0.450
34.7180,659,FR,16,3.15080,-0.11823,0.30035,134,134,134,0.27925,3.27846,-0.14697,1,1,0.450
34.7180,659,BR,9,2.69867,-0.10944,0.30279,134,134,134,0.28168,2.76727,-0.11603,1,1,0.450
34.7260,659,FL,1,3.01817,0.16217,0.30933,131,131,131,0.28820,3.13972,0.18235,1,1,0.450
34.7260,659,BL,24,2.83391,0.15094,0.29989,134,134,134,0.27878,2.90789,0.14457,1,1,0.450
34.7260,659,FR,16,3.15168,-0.11751,0.30036,134,134,134,0.27925,3.28034,-0.14629,1,1,0.450
34.7280,659,BR,9,2.69892,-0.10849,0.30284,134,134,134,0.28173,2.76814,-0.11462,1,1,0.450
34.7360,659,FL,1,3.01713,0.16157,0.30974,131,131,131,0.28861,3.13899,0.18207,1,1,0.450
34.7360,659,BL,24,2.83425,0.15176,0.29986,134,134,134,0.27875,2.90871,0.14560,1,1,0.450
34.7360,659,FR,16,3.15167,-0.11725,0.30048,134,134,134,0.27938,3.28050,-0.14542,1,1,0.450
34.7360,659,BR,9,2.69857,-0.10859,0.30285,134,134,134,0.28174,2.76868,-0.11366,1,1,0.450
34.7460,660,FL,30,3.28683,0.16207,0.30002,134,134,134,0.27892,3.39046,0.17285,1,1,0.450
34.7460,660,BL,23,2.83662,0.15312,0.29985,134,134,134,0.27874,2.90695,0.14757,1,1,0.450
34.7460,660,FR,15,3.15381,-0.11629,0.30057,134,134,134,0.27947,3.28246,-0.14451,1,1,0.450
34.7460,660,BR,8,2.70077,-0.10729,0.30300,134,134,134,0.28189,2.77103,-0.11185,1,1,0.450
34.7680,660,FL,30,3.28851,0.16252,0.30002,134,134,134,0.27892,3.40314,0.17403,1,1,0.450
34.7680,660,BL,23,2.83834,0.15376,0.29989,134,134,134,0.27879,2.91461,0.14820,1,1,0.450
34.7680,660,FR,15,3.15581,-0.11506,0.30065,134,134,134,0.27955,3.28414,-0.14400,1,1,0.450
34.7680,660,BR,8,2.70282,-0.10514,0.30336,134,134,134,0.28224,2.77315,-0.10951,1,1,0.450
34.7780,661,FL,29,3.29205,0.16442,0.30003,134,134,134,0.27893,3.40202,0.17598,1,1,0.450
34.7780,661,BL,22,2.84165,0.15663,0.29987,134,134,134,0.27877,2.91401,0.15198,1,1,0.450
34.7780,661,FR,14,3.15734,-0.11416,0.30076,134,134,134,0.27966,3.28777,-0.14129,1,1,0.450
34.7780,661,BR,7,2.70225,-0.10516,0.30366,134,134,134,0.28254,2.77589,-0.10696,1,1,0.450
34.7920,661,FL,29,3.29247,0.16462,0.30003,134,134,134,0.27893,3.41077,0.17658,1,1,0.450
34.7920,661,BL,22,2.84190,0.15651,0.29986,134,134,134,0.27876,2.91947,0.15226,1,1,0.450
34.7920,661,FR,14,3.15721,-0.11418,0.30075,134,134,134,0.27965,3.28870,-0.14104,1,1,0.450
34.7920,661,BR,7,2.70142,-0.10500,0.30357,134,134,134,0.28246,2.77579,-0.10611,1,1,0.450
34.8020,662,FL,28,3.29459,0.16551,0.30005,134,134,134,0.27895,3.40799,0.17785,1,1,0.450
34.8020,662,BL,21,2.84385,0.15789,0.29980,134,134,134,0.27870,2.91715,0.15465,1,1,0.450
34.8020,662,FR,13,3.15814,-0.11401,0.30079,134,134,134,0.27968,3.29066,-0.13979,1,1,0.450
34.8020,662,BR,6,2.70165,-0.10515,0.30337,134,134,134,0.28226,2.77693,-0.10523,1,1,0.450
34.8100,662,FL,28,3.29412,0.16554,0.30003,134,134,134,0.27893,3.41470,0.17828,1,1,0.450
34.8100,662,BL,21,2.84324,0.15760,0.29979,134,134,134,0.27869,2.92106,0.15462,1,1,0.450
34.8100,662,FR,13,3.15747,-0.11406,0.30072,134,134,134,0.27962,3.29050,-0.13985,1,1,0.450
34.8100,662,BR,6,2.70065,-0.10494,0.30327,134,134,134,0.28216,2.77634,-0.10453,1,1,0.450
34.8220,662,FL,28,3.29619,0.16629,0.30005,134,134,134,0.27895,3.41671,0.17885,1,1,0.450
34.8220,662,BL,21,2.84519,0.15870,0.29974,134,134,134,0.27864,2.92342,0.15595,1,1,0.450
34.8220,662,FR,13,3.15877,-0.11370,0.30072,134,134,134,0.27961,3.29234,-0.13890,1,1,0.450
34.8220,662,BR,6,2.70178,-0.10475,0.30305,134,134,134,0.28194,2.77765,-0.10383,1,1,0.450
34.8300,662,FL,28,3.29612,0.16691,0.30006,134,134,134,0.27896,3.41663,0.17938,1,1,0.450
34.8300,662,BL,21,2.84511,0.15949,0.29979,134,134,134,0.27869,2.92340,0.15689,1,1,0.450
34.8300,662,FR,13,3.15857,-0.11327,0.30096,134,134,134,0.27985,3.29217,-0.13819,1,1,0.450
34.8300,662,BR,6,2.70149,-0.10447,0.30380,134,134,134,0.28269,2.77764,-0.10275,1,1,0.450
34.8400,663,FL,27,3.29709,0.16753,0.30006,134,134,134,0.27896,3.41264,0.18066,1,1,0.450
34.8400,663,BL,20,2.84605,0.16028,0.29981,134,134,134,0.27871,2.91941,0.15853,1,1,0.450
34.8400,663,FR,12,3.15926,-0.11281,0.30101,134,134,134,0.27990,3.29306,-0.13747,1,1,0.450
34.8400,663,BR,5,2.70204,-0.10408,0.30403,134,134,134,0.28292,2.77837,-0.10188,1,1,0.450
34.8500,663,FL,27,3.29738,0.16767,0.30003,134,134,134,0.27893,3.41954,0.18128,1,1,0.450
34.8500,663,BL,20,2.84616,0.16004,0.29984,134,134,134,0.27873,2.92376,0.15852,1,1,0.450
34.8500,663,FR,12,3.15939,-0.11274,0.30116,134,134,134,0.28006,3.29359,-0.13747,1,1,0.450
34.8500,663,BR,5,2.70199,-0.10364,0.30457,134,134,134,0.28345,2.77838,-0.10124,1,1,0.450
34.8600,663,FL,27,3.29751,0.16832,0.30006,134,134,134,0.27896,3.41960,0.18178,1,1,0.450
34.8600,663,BL,20,2.84625,0.16101,0.29984,134,134,134,0.27873,2.92411,0.15957,1,1,0.450
34.8600,663,FR,12,3.15928,-0.11221,0.30141,134,134,134,0.28030,3.29336,-0.13667,1,1,0.450
34.8600,663,BR,5,2.70208,-0.10323,0.30518,133,133,133,0.28406,2.77838,-0.10019,1,1,0.450
34.8700,664,FL,26,3.29752,0.16881,0.30006,134,134,134,0.27896,3.41453,0.18295,1,1,0.450
34.8700,664,BL,19,2.84627,0.16169,0.29988,134,134,134,0.27878,2.91896,0.16108,1,1,0.450
34.8700,664,FR,11,3.15928,-0.11171,0.30155,134,134,134,0.28045,3.29318,-0.13612,1,1,0.450
34.8700,664,BR,4,2.70210,-0.10269,0.30576,132,132,132,0.28464,2.77845,-0.09911,1,1,0.450
34.8780,664,FL,26,3.29691,0.16890,0.30001,134,134,134,0.27891,3.42021,0.18357,1,1,0.450
34.8780,664,BL,19,2.84549,0.16145,0.29992,134,134,134,0.27882,2.92219,0.16114,1,1,0.450
34.8780,664,FR,11,3.15868,-0.11175,0.30177,134,134,134,0.28066,3.29261,-0.13615,1,1,0.450
34.8780,664,BR,4,2.70156,-0.10236,0.30632,132,132,132,0.28520,2.77774,-0.09842,1,1,0.450
34.8880,664,FL,26,3.29676,0.16945,0.30004,134,134,134,0.27894,3.42001,0.18399,1,1,0.450
34.8900,664,BL,19,2.84531,0.16231,0.29991,134,134,134,0.27881,2.92223,0.16210,1,1,0.450
34.8900,664,FR,11,3.15831,-0.11134,0.30198,134,134,134,0.28087,3.29207,-0.13546,1,1,0.450
34.8900,664,BR,4,2.70146,-0.10204,0.30677,132,132,132,0.28565,2.77729,-0.09754,1,1,0.450
34.9000,665,FL,25,3.29699,0.17020,0.30005,134,134,134,0.27894,3.41508,0.18545,1,1,0.450
34.9000,665,BL,18,2.84552,0.16335,0.29995,134,134,134,0.27885,2.91724,0.16403,1,1,0.450
34.9000,665,FR,10,3.15835,-0.11071,0.30215,134,134,134,0.28104,3.29199,-0.13458,1,1,0.450
34.9000,665,BR,3,2.70170,-0.10141,0.30723,132,132,132,0.28611,2.77711,-0.09622,1,1,0.450
34.9080,665,FL,25,3.29663,0.17027,0.29999,134,134,134,0.27888,3.42083,0.18614,1,1,0.450
34.9080,665,BL,18,2.84496,0.16301,0.29998,134,134,134,0.27888,2.92064,0.16423,1,1,0.450
34.9080,665,FR,10,3.15797,-0.11096,0.30233,134,134,134,0.28122,3.29156,-0.13473,1,1,0.450
34.9080,665,BR,3,2.70155,-0.10115,0.30749,132,132,132,0.28637,2.77645,-0.09584,1,1,0.450
34.9180,665,FL,25,3.29606,0.17097,0.30003,134,134,134,0.27893,3.42020,0.18670,1,1,0.450
34.9180,665,BL,18,2.84437,0.16398,0.29998,134,134,134,0.27888,2.92025,0.16541,1,1,0.450
34.9180,665,FR,10,3.15728,-0.11063,0.30257,134,134,134,0.28145,3.29051,-0.13389,1,1,0.450
34.9200,665,BR,3,2.70144,-0.10103,0.30780,132,132,132,0.28668,2.77544,-0.09515,1,1,0.450
34.9280,666,FL,24,3.29536,0.17165,0.30003,134,134,134,0.27893,3.41425,0.18823,1,1,0.450
34.9280,666,BL,17,2.84370,0.16465,0.30001,134,134,134,0.27891,2.91942,0.16646,1,1,0.450
34.9280,666,FR,9,3.15676,-0.11046,0.30264,134,134,134,0.28153,3.28955,-0.13319,1,1,0.450
34.9280,666,BR,2,2.70140,-0.10104,0.30788,132,132,132,0.28675,2.77458,-0.09470,1,1,0.450
34.9380,666,FL,24,3.29470,0.17174,0.29996,134,134,134,0.27886,3.41957,0.18901,1,1,0.450
34.9380,666,BL,17,2.84282,0.16405,0.30002,134,134,134,0.27891,2.91729,0.16763,1,1,0.450
34.9380,666,FR,9,3.15633,-0.11099,0.30277,134,134,134,0.28166,3.28866,-0.13351,1,1,0.450
34.9380,666,BR,2,2.70151,-0.10110,0.30781,132,132,132,0.28668,2.77401,-0.09497,1,1,0.450
34.9480,666,FL,24,3.29368,0.17255,0.30001,134,134,134,0.27891,3.41843,0.18991,1,1,0.450
34.9480,666,BL,17,2.84197,0.16478,0.30001,134,134,134,0.27891,2.91610,0.16874,1,1,0.450
34.9480,666,FR,9,3.15592,-0.11083,0.30290,134,134,134,0.28179,3.28751,-0.13268,1,1,0.450
34.9480,666,BR,2,2.70171,-0.10125,0.30776,132,132,132,0.28663,2.77329,-0.09497,1,1,0.450
34.9580,667,FL,23,3.29264,0.17331,0.30001,134,134,134,0.27891,3.41201,0.19169,1,1,0.450
34.9580,667,BL,16,2.84106,0.16521,0.30006,134,134,134,0.27896,2.91480,0.16973,1,1,0.450
34.9580,667,FR,8,3.15560,-0.11078,0.30294,134,134,134,0.28182,3.28639,-0.13203,1,1,0.450
34.9580,667,BR,1,2.70186,-0.10139,0.30770,132,132,132,0.28657,2.77283,-0.09508,1,1,0.450
34.9800,667,FL,23,3.29156,0.17360,0.29998,134,134,134,0.27888,3.41136,0.19722,1,1,0.450
34.9800,667,BL,16,2.83998,0.16433,0.30010,134,134,134,0.27900,2.91278,0.17022,1,1,0.450
34.9800,667,FR,8,3.15546,-0.11145,0.30303,134,134,134,0.28191,3.28519,-0.13235,1,1,0.450
34.9800,667,BR,1,2.70213,-0.10152,0.30761,132,132,132,0.28649,2.77311,-0.09583,1,1,0.450
34.9960,668,FL,22,3.28895,0.17507,0.29989,134,134,134,0.27879,3.40455,0.19854,1,1,0.450
34.9960,668,BL,15,2.83782,0.16498,0.30015,134,134,134,0.27904,2.90942,0.17193,1,1,0.450
34.9960,668,FR,7,3.15526,-0.11115,0.30279,134,134,134,0.28168,3.28273,-0.13081,1,1,0.450
34.9960,668,BR,30,2.97312,-0.10062,0.29989,134,134,134,0.27879,3.05096,-0.10339,1,1,0.450
35.0060,668,FL,22,3.28649,0.17565,0.29991,134,134,134,0.27881,3.40537,0.20242,1,1,0.450
35.0060,668,BL,15,2.83539,0.16452,0.30032,134,134,134,0.27921,2.90601,0.17250,1,1,0.450
35.0060,668,FR,7,3.15358,-0.11110,0.30361,134,134,134,0.28250,3.27995,-0.13044,1,1,0.450
35.0060,668,BR,30,2.97063,-0.09930,0.29988,134,134,134,0.27878,3.04691,-0.09629,1,1,0.450
35.0160,669,FL,21,3.28526,0.17600,0.29989,134,134,134,0.27878,3.40011,0.20228,1,1,0.450
35.0160,669,BL,14,2.83441,0.16503,0.30034,134,134,134,0.27923,2.90441,0.17318,1,1,0.450
35.0160,669,FR,6,3.15314,-0.11089,0.30365,134,134,134,0.28253,3.27864,-0.12984,1,1,0.450
35.0160,669,BR,29,2.96941,-0.09876,0.29990,134,134,134,0.27880,3.04205,-0.09598,1,1,0.450
35.0280,669,FL,21,3.28458,0.17597,0.29983,134,134,134,0.27873,3.40370,0.20460,1,1,0.450
35.0280,669,BL,14,2.83384,0.16407,0.30038,134,134,134,0.27927,2.90278,0.17344,1,1,0.450
35.0280,669,FR,6,3.15324,-0.11153,0.30335,134,134,134,0.28224,3.27779,-0.13044,1,1,0.450
35.0280,669,BR,29,2.96840,-0.09767,0.29989,134,134,134,0.27879,3.04246,-0.09164,1,1,0.450
35.0360,669,FL,21,3.28287,0.17620,0.29986,134,134,134,0.27876,3.40208,0.20448,1,1,0.450
35.0360,669,BL,14,2.83222,0.16469,0.30043,134,134,134,0.27933,2.90100,0.17385,1,1,0.450
35.0360,669,FR,6,3.15192,-0.11109,0.30366,134,134,134,0.28255,3.27571,-0.12979,1,1,0.450
35.0360,669,BR,29,2.96671,-0.09732,0.29991,134,134,134,0.27880,3.04121,-0.09128,1,1,0.450
35.0500,670,FL,20,3.28204,0.17645,0.29988,134,134,134,0.27878,3.39727,0.20440,1,1,0.450
35.0500,670,BL,13,2.83146,0.16498,0.30059,134,134,134,0.27949,2.89998,0.17426,1,1,0.450
35.0500,670,FR,5,3.15139,-0.11096,0.30402,134,134,134,0.28291,3.27464,-0.12947,1,1,0.450
35.0500,670,BR,28,2.96586,-0.09705,0.29991,134,134,134,0.27881,3.03639,-0.09139,1,1,0.450
35.0620,670,FL,20,3.28132,0.17621,0.29987,134,134,134,0.27877,3.40132,0.20582,1,1,0.450
35.0620,670,BL,13,2.83064,0.16419,0.30083,134,134,134,0.27972,2.89850,0.17422,1,1,0.450
35.0620,670,FR,5,3.15103,-0.11111,0.30458,134,134,134,0.28346,3.27326,-0.12974,1,1,0.450
35.0620,670,BR,28,2.96476,-0.09606,0.29990,134,134,134,0.27880,3.03806,-0.08853,1,1,0.450
35.0720,671,FL,19,3.27982,0.17643,0.29996,134,134,134,0.27886,3.39601,0.20511,1,1,0.450
35.0720,671,BL,12,2.82909,0.16495,0.30102,134,134,134,0.27991,2.89705,0.17440,1,1,0.450
35.0720,671,FR,4,3.14974,-0.11032,0.30542,133,133,133,0.28430,3.27120,-0.12870,1,1,0.450
35.0720,671,BR,27,2.96338,-0.09592,0.29991,134,134,134,0.27881,3.03320,-0.08888,1,1,0.450
35.0860,671,FL,19,3.27968,0.17620,0.29997,134,134,134,0.27886,3.40083,0.20607,1,1,0.450
35.0860,671,BL,12,2.82874,0.16436,0.30143,134,134,134,0.28032,2.89625,0.17415,1,1,0.450
35.0860,671,FR,4,3.14970,-0.11012,0.30630,132,132,132,0.28518,3.27029,-0.12840,1,1,0.450
35.0860,671,BR,27,2.96295,-0.09511,0.29992,134,134,134,0.27881,3.03618,-0.08705,1,1,0.450
35.0980,671,FL,19,3.27825,0.17647,0.30010,134,134,134,0.27900,3.39963,0.20571,1,1,0.450
35.0980,671,BL,12,2.82713,0.16535,0.30168,134,134,134,0.28058,2.89501,0.17423,1,1,0.450
35.0980,671,FR,4,3.14823,-0.10900,0.30749,132,132,132,0.28637,3.26808,-0.12698,1,1,0.450
35.0980,671,BR,27,2.96167,-0.09503,0.29992,134,134,134,0.27882,3.03540,-0.08714,1,1,0.450
35.1080,672,FL,18,3.27828,0.17668,0.30017,134,134,134,0.27907,3.39578,0.20508,1,1,0.450
35.1080,672,BL,11,2.82717,0.16586,0.30203,134,134,134,0.28092,2.89485,0.17433,1,1,0.450
35.1080,672,FR,3,3.14855,-0.10832,0.30856,131,131,131,0.28743,3.26792,-0.12600,1,1,0.450
35.1080,672,BR,26,2.96171,-0.09495,0.29993,134,134,134,0.27883,3.03152,-0.08781,1,1,0.450
35.1180,672,FL,18,3.27814,0.17639,0.30016,134,134,134,0.27905,3.40059,0.20570,1,1,0.450
35.1180,672,BL,11,2.82663,0.16530,0.30234,134,134,134,0.28123,2.89432,0.17383,1,1,0.450
35.1180,672,FR,3,3.14815,-0.10789,0.30907,131,131,131,0.28794,3.26705,-0.12555,1,1,0.450
35.1180,672,BR,26,2.96131,-0.09431,0.29993,134,134,134,0.27883,3.03480,-0.08663,1,1,0.450
35.1280,672,FL,18,3.27727,0.17651,0.30025,134,134,134,0.27915,3.39989,0.20532,1,1,0.450
35.1300,672,BL,11,2.82566,0.16585,0.30243,134,134,134,0.28132,2.89364,0.17377,1,1,0.450
35.1300,672,FR,3,3.14723,-0.10722,0.30956,131,131,131,0.28843,3.26595,-0.12474,1,1,0.450
35.1300,672,BR,26,2.96064,-0.09444,0.29992,134,134,134,0.27882,3.03464,-0.08696,1,1,0.450
35.1380,673,FL,17,3.27799,0.17635,0.30027,134,134,134,0.27917,3.40055,0.20510,1,1,0.450
35.1380,673,BL,10,2.82650,0.16568,0.30255,134,134,134,0.28144,2.89425,0.17348,1,1,0.450
35.1380,673,FR,2,3.14806,-0.10703,0.30975,131,131,131,0.28862,3.26726,-0.12481,1,1,0.450
35.1380,673,BR,25,2.96137,-0.09469,0.29993,134,134,134,0.27882,3.03137,-0.08792,1,1,0.450
35.1500,673,FL,17,3.27760,0.17602,0.30026,134,134,134,0.27916,3.40126,0.20485,1,1,0.450
35.1500,673,BL,10,2.82547,0.16520,0.30279,134,134,134,0.28168,2.89373,0.17270,1,1,0.450
35.1500,673,FR,2,3.14704,-0.10643,0.30981,131,131,131,0.28867,3.26598,-0.12411,1,1,0.450
35.1500,673,BR,25,2.96087,-0.09424,0.29992,134,134,134,0.27882,3.03464,-0.08713,1,1,0.450
35.1580,673,FL,17,3.27865,0.17567,0.30033,134,134,134,0.27923,3.40215,0.20425,1,1,0.450
35.1580,673,BL,10,2.82666,0.16491,0.30287,134,134,134,0.28176,2.89494,0.17208,1,1,0.450
35.1600,673,FR,2,3.14783,-0.10622,0.30992,131,131,131,0.28879,3.26799,-0.12465,1,1,0.450
35.1600,673,BR,25,2.96208,-0.09488,0.29991,134,134,134,0.27881,3.03635,-0.08793,1,1,0.450
35.1680,674,FL,16,3.27853,0.17546,0.30037,134,134,134,0.27926,3.40626,0.20435,1,1,0.450
35.1680,674,BL,9,2.82618,0.16492,0.30288,134,134,134,0.28177,2.89511,0.17136,1,1,0.450
35.1700,674,FR,1,3.14705,-0.10576,0.30994,131,131,131,0.28881,3.26768,-0.12425,1,1,0.450
35.1700,674,BR,24,2.96209,-0.09536,0.29990,134,134,134,0.27880,3.03224,-0.08909,1,1,0.450
35.1840,674,FL,16,3.28015,0.17467,0.30037,134,134,134,0.27927,3.40882,0.20371,1,1,0.450
35.1840,674,BL,9,2.82737,0.16363,0.30301,134,134,134,0.28189,2.89659,0.16989,1,1,0.450
35.1840,674,FR,1,3.14781,-0.10560,0.30985,131,131,131,0.28871,3.26943,-0.12476,1,1,0.450
35.1840,674,BR,24,2.96375,-0.09552,0.29989,134,134,134,0.27879,3.03777,-0.08907,1,1,0.450
35.2080,675,FL,15,3.28072,0.17410,0.30054,134,134,134,0.27944,3.40944,0.20248,1,1,0.450
35.2080,675,BL,8,2.82757,0.16332,0.30299,134,134,134,0.28188,2.89785,0.16820,1,1,0.450
35.2080,675,FR,30,3.41499,-0.10393,0.30002,134,134,134,0.27892,3.51870,-0.11446,1,1,0.450
35.2080,675,BR,23,2.96474,-0.09680,0.29985,134,134,134,0.27875,3.03505,-0.09115,1,1,0.450
35.2300,676,FL,14,3.28415,0.17223,0.30057,134,134,134,0.27947,3.41361,0.20062,1,1,0.450
35.2300,676,BL,7,2.83003,0.16067,0.30352,134,134,134,0.28241,2.90195,0.16416,1,1,0.450
35.2300,676,FR,29,3.41925,-0.10548,0.30002,134,134,134,0.27891,3.52937,-0.11698,1,1,0.450
35.2300,676,BR,22,2.96897,-0.09926,0.29989,134,134,134,0.27879,3.04080,-0.09427,1,1,0.450
35.2380,676,FL,14,3.28530,0.17180,0.30064,134,134,134,0.27954,3.41710,0.19872,1,1,0.450
35.2400,676,BL,7,2.82924,0.16081,0.30329,134,134,134,0.28218,2.90377,0.16214,1,1,0.450
35.2400,676,FR,29,3.42216,-0.10676,0.30003,134,134,134,0.27893,3.54054,-0.11823,1,1,0.450
35.2400,676,BR,22,2.97155,-0.10079,0.29985,134,134,134,0.27874,3.04906,-0.09620,1,1,0.450
35.2480,676,FL,14,3.28532,0.17184,0.30069,134,134,134,0.27958,3.41777,0.19810,1,1,0.450
35.2480,676,BL,7,2.82898,0.16093,0.30326,134,134,134,0.28214,2.90400,0.16156,1,1,0.450
35.2480,676,FR,29,3.42302,-0.10728,0.30005,134,134,134,0.27895,3.54129,-0.11848,1,1,0.450
35.2480,676,BR,22,2.97224,-0.10151,0.29979,134,134,134,0.27869,3.05039,-0.09745,1,1,0.450
35.2600,677,FL,13,3.28612,0.17175,0.30064,134,134,134,0.27954,3.41941,0.19728,1,1,0.450
35.2600,677,BL,6,2.82915,0.16101,0.30302,134,134,134,0.28191,2.90485,0.16089,1,1,0.450
35.2600,677,FR,28,3.42462,-0.10788,0.30006,134,134,134,0.27896,3.53809,-0.11966,1,1,0.450
35.2600,677,BR,21,2.97376,-0.10242,0.29978,134,134,134,0.27867,3.04731,-0.09933,1,1,0.450
35.2680,677,FL,13,3.28580,0.17195,0.30063,134,134,134,0.27953,3.41978,0.19732,1,1,0.450
35.2680,677,BL,6,2.82853,0.16094,0.30302,134,134,134,0.28191,2.90441,0.16044,1,1,0.450
35.2680,677,FR,28,3.42470,-0.10790,0.30004,134,134,134,0.27894,3.54535,-0.12007,1,1,0.450
35.2680,677,BR,21,2.97366,-0.10215,0.29977,134,134,134,0.27866,3.05178,-0.09930,1,1,0.450
35.2780,677,FL,13,3.28587,0.17170,0.30077,134,134,134,0.27966,3.41990,0.19680,1,1,0.450
35.2780,677,BL,6,2.82868,0.16077,0.30334,134,134,134,0.28222,2.90460,0.15981,1,1,0.450
35.2780,677,FR,28,3.42513,-0.10832,0.30006,134,134,134,0.27896,3.54571,-0.12033,1,1,0.450
35.2780,677,BR,21,2.97403,-0.10286,0.29975,134,134,134,0.27864,3.05246,-0.10017,1,1,0.450
35.2880,678,FL,12,3.28662,0.17122,0.30087,134,134,134,0.27977,3.42082,0.19609,1,1,0.450
35.2880,678,BL,5,2.82930,0.16035,0.30374,134,134,134,0.28263,2.90541,0.15884,1,1,0.450
35.2880,678,FR,27,3.42615,-0.10894,0.30007,134,134,134,0.27896,3.54178,-0.12160,1,1,0.450
35.2880,678,BR,20,2.97503,-0.10371,0.29978,134,134,134,0.27867,3.04853,-0.10187,1,1,0.450
35.2980,678,FL,12,3.28668,0.17130,0.30095,134,134,134,0.27985,3.42131,0.19618,1,1,0.450
35.2980,678,BL,5,2.82924,0.16007,0.30406,134,134,134,0.28294,2.90536,0.15840,1,1,0.450
35.2980,678,FR,27,3.42641,-0.10900,0.30003,134,134,134,0.27893,3.54865,-0.12213,1,1,0.450
35.2980,678,BR,20,2.97510,-0.10337,0.29979,134,134,134,0.27868,3.05286,-0.10179,1,1,0.450
35.3080,678,FL,12,3.28610,0.17085,0.30126,134,134,134,0.28016,3.42043,0.19558,1,1,0.450
35.3080,678,BL,5,2.82889,0.15969,0.30490,133,133,133,0.28378,2.90494,0.15740,1,1,0.450
35.3080,678,FR,27,3.42591,-0.10948,0.30006,134,134,134,0.27896,3.54808,-0.12246,1,1,0.450
35.3080,678,BR,20,2.97458,-0.10415,0.29980,134,134,134,0.27870,3.05255,-0.10262,1,1,0.450
35.3180,679,FL,11,3.28649,0.17022,0.30141,134,134,134,0.28030,3.42080,0.19484,1,1,0.450
35.3180,679,BL,4,2.82929,0.15901,0.30546,133,133,133,0.28434,2.90528,0.15615,1,1,0.450
35.3180,679,FR,26,3.42650,-0.11012,0.30006,134,134,134,0.27896,3.54360,-0.12379,1,1,0.450
35.3180,679,BR,19,2.97516,-0.10508,0.29984,134,134,134,0.27874,3.04800,-0.10438,1,1,0.450
35.3280,679,FL,11,3.28633,0.17026,0.30156,134,134,134,0.28046,3.42076,0.19500,1,1,0.450
35.3280,679,BL,4,2.82917,0.15852,0.30593,132,132,132,0.28481,2.90501,0.15548,1,1,0.450
35.3300,679,FR,26,3.42643,-0.11015,0.30001,134,134,134,0.27891,3.54983,-0.12432,1,1,0.450
35.3300,679,BR,19,2.97489,-0.10477,0.29987,134,134,134,0.27877,3.05181,-0.10435,1,1,0.450
35.3380,679,FL,11,3.28548,0.16983,0.30187,134,134,134,0.28076,3.41953,0.19432,1,1,0.450
35.3380,679,BL,4,2.82868,0.15822,0.30663,132,132,132,0.28551,2.90418,0.15447,1,1,0.450
35.3380,679,FR,26,3.42565,-0.11065,0.30005,134,134,134,0.27894,3.54899,-0.12466,1,1,0.450
35.3380,679,BR,19,2.97411,-0.10563,0.29988,134,134,134,0.27878,3.05120,-0.10524,1,1,0.450
35.3480,680,FL,10,3.28509,0.16939,0.30207,134,134,134,0.28096,3.41890,0.19363,1,1,0.450
35.3480,680,BL,3,2.82851,0.15781,0.30716,132,132,132,0.28603,2.90363,0.15335,1,1,0.450
35.3480,680,FR,25,3.42531,-0.11122,0.30005,134,134,134,0.27895,3.54348,-0.12599,1,1,0.450
35.3480,680,BR,18,2.97377,-0.10644,0.29993,134,134,134,0.27883,3.04560,-0.10701,1,1,0.450
35.3580,680,FL,10,3.28501,0.16957,0.30218,134,134,134,0.28107,3.41888,0.19375,1,1,0.450
35.3580,680,BL,3,2.82870,0.15738,0.30733,132,132,132,0.28620,2.90315,0.15290,1,1,0.450
35.3580,680,FR,25,3.42541,-0.11134,0.29999,134,134,134,0.27889,3.54972,-0.12669,1,1,0.450
35.3580,680,BR,18,2.97365,-0.10621,0.29995,134,134,134,0.27885,3.04945,-0.10727,1,1,0.450
35.3700,680,FL,10,3.28432,0.16927,0.30242,134,134,134,0.28131,3.41777,0.19296,1,1,0.450
35.3700,680,BL,3,2.82860,0.15726,0.30763,132,132,132,0.28650,2.90214,0.15223,1,1,0.450
35.3700,680,FR,25,3.42480,-0.11200,0.30003,134,134,134,0.27893,3.54905,-0.12721,1,1,0.450
35.3700,680,BR,18,2.97303,-0.10715,0.29994,134,134,134,0.27884,3.04904,-0.10841,1,1,0.450
35.3820,681,FL,9,3.28378,0.16910,0.30252,134,134,134,0.28141,3.41677,0.19230,1,1,0.450
35.3820,681,BL,2,2.82855,0.15725,0.30777,132,132,132,0.28664,2.90127,0.15177,1,1,0.450
35.3840,681,FR,24,3.42407,-0.11263,0.30004,134,134,134,0.27893,3.54307,-0.12871,1,1,0.450
35.3840,681,BR,17,2.97233,-0.10781,0.29998,134,134,134,0.27888,3.04818,-0.10941,1,1,0.450
35.3960,681,FL,9,3.28312,0.16962,0.30273,134,134,134,0.28161,3.41534,0.19240,1,1,0.450
35.3960,681,BL,2,2.82872,0.15735,0.30775,132,132,132,0.28662,2.90036,0.15205,1,1,0.450
35.3960,681,FR,24,3.42300,-0.11295,0.29997,134,134,134,0.27887,3.54799,-0.12971,1,1,0.450
35.3960,681,BR,17,2.97107,-0.10739,0.30000,134,134,134,0.27890,3.04558,-0.11090,1,1,0.450
35.4100,682,FL,8,3.28232,0.16952,0.30285,134,134,134,0.28174,3.41329,0.19147,1,1,0.450
35.4100,682,BL,1,2.82862,0.15763,0.30780,132,132,132,0.28667,2.89943,0.15210,1,1,0.450
35.4100,682,FR,23,3.42110,-0.11389,0.30001,134,134,134,0.27891,3.54058,-0.13170,1,1,0.450
35.4100,682,BR,16,2.96943,-0.10815,0.30002,134,134,134,0.27892,3.04335,-0.11219,1,1,0.450
35.4320,682,FL,8,3.28240,0.17013,0.30283,134,134,134,0.28172,3.41220,0.19162,1,1,0.450
35.4320,682,BL,1,2.82925,0.15769,0.30760,132,132,132,0.28648,2.89968,0.15287,1,1,0.450
35.4320,682,FR,23,3.42014,-0.11444,0.29998,134,134,134,0.27887,3.54009,-0.13754,1,1,0.450
35.4320,682,BR,16,2.96847,-0.10739,0.30006,134,134,134,0.27895,3.04137,-0.11300,1,1,0.450
35.4420,683,FL,7,3.28228,0.17005,0.30235,134,134,134,0.28124,3.40975,0.19027,1,1,0.450
35.4420,683,BL,30,3.10024,0.15816,0.29988,134,134,134,0.27878,3.17806,0.16130,1,1,0.450
35.4420,683,FR,22,3.41745,-0.11585,0.29988,134,134,134,0.27878,3.53318,-0.13888,1,1,0.450
35.4440,683,BR,15,2.96627,-0.10786,0.30004,134,134,134,0.27894,3.03790,-0.11472,1,1,0.450
35.4540,683,FL,7,3.28159,0.17028,0.30295,134,134,134,0.28184,3.40816,0.19029,1,1,0.450
35.4560,683,BL,30,3.09863,0.15703,0.29988,134,134,134,0.27877,3.17493,0.15432,1,1,0.450
35.4560,683,FR,22,3.41584,-0.11626,0.29988,134,134,134,0.27878,3.53481,-0.14268,1,1,0.450
35.4560,683,BR,15,2.96479,-0.10709,0.30017,134,134,134,0.27907,3.03528,-0.11513,1,1,0.450
35.4660,684,FL,6,3.28103,0.17010,0.30293,134,134,134,0.28182,3.40658,0.18969,1,1,0.450
35.4660,684,BL,29,3.09718,0.15645,0.29990,134,134,134,0.27880,3.16982,0.15393,1,1,0.450
35.4660,684,FR,21,3.41438,-0.11667,0.29985,134,134,134,0.27875,3.52928,-0.14265,1,1,0.450
35.4660,684,BR,14,2.96358,-0.10760,0.30017,134,134,134,0.27907,3.03348,-0.11581,1,1,0.450
35.4800,684,FL,6,3.28000,0.17056,0.30290,134,134,134,0.28179,3.40451,0.19012,1,1,0.450
35.4820,684,BL,29,3.09522,0.15548,0.29989,134,134,134,0.27879,3.16930,0.14970,1,1,0.450
35.4820,684,FR,21,3.41269,-0.11656,0.29981,134,134,134,0.27871,3.53193,-0.14482,1,1,0.450
35.4820,684,BR,14,2.96192,-0.10665,0.30026,134,134,134,0.27916,3.03091,-0.11589,1,1,0.450
35.4960,685,FL,5,3.27964,0.17026,0.30319,134,134,134,0.28208,3.40320,0.18958,1,1,0.450
35.4960,685,BL,28,3.09412,0.15500,0.29990,134,134,134,0.27880,3.16465,0.14953,1,1,0.450
35.4960,685,FR,20,3.41159,-0.11689,0.29984,134,134,134,0.27874,3.52686,-0.14455,1,1,0.450
35.4960,685,BR,13,2.96105,-0.10727,0.30033,134,134,134,0.27923,3.02956,-0.11651,1,1,0.450
35.5040,685,FL,5,3.27821,0.17035,0.30367,134,134,134,0.28255,3.40061,0.18973,1,1,0.450
35.5060,685,BL,28,3.09200,0.15406,0.29990,134,134,134,0.27879,3.16530,0.14673,1,1,0.450
35.5060,685,FR,20,3.40978,-0.11668,0.29982,134,134,134,0.27872,3.52985,-0.14599,1,1,0.450
35.5060,685,BR,13,2.95911,-0.10647,0.30058,134,134,134,0.27948,3.02700,-0.11642,1,1,0.450
35.5180,685,FL,5,3.27766,0.16991,0.30424,134,134,134,0.28312,3.39961,0.18915,1,1,0.450
35.5180,685,BL,28,3.09133,0.15397,0.29990,134,134,134,0.27880,3.16513,0.14665,1,1,0.450
35.5180,685,FR,20,3.40899,-0.11681,0.29989,134,134,134,0.27879,3.52916,-0.14577,1,1,0.450
35.5180,685,BR,13,2.95839,-0.10698,0.30071,134,134,134,0.27960,3.02617,-0.11662,1,1,0.450
35.5360,686,FL,4,3.27666,0.16907,0.30543,133,133,133,0.28431,3.39769,0.18800,1,1,0.450
35.5360,686,BL,27,3.09026,0.15375,0.29991,134,134,134,0.27881,3.16012,0.14701,1,1,0.450
35.5360,686,FR,19,3.40793,-0.11710,0.29997,134,134,134,0.27887,3.52429,-0.14530,1,1,0.450
35.5360,686,BR,12,2.95718,-0.10772,0.30106,134,134,134,0.27995,3.02507,-0.11679,1,1,0.450
35.5480,686,FL,4,3.27559,0.16816,0.30704,132,132,132,0.28591,3.39548,0.18699,1,1,0.450
35.5480,686,BL,27,3.08903,0.15298,0.29992,134,134,134,0.27882,3.16233,0.14527,1,1,0.450
35.5480,686,FR,19,3.40696,-0.11689,0.30004,134,134,134,0.27894,3.52842,-0.14598,1,1,0.450
35.5480,686,BR,12,2.95579,-0.10752,0.30163,134,134,134,0.28052,3.02356,-0.11637,1,1,0.450
35.5580,687,FL,3,3.27527,0.16739,0.30794,132,132,132,0.28681,3.39459,0.18585,1,1,0.450
35.5580,687,BL,26,3.08855,0.15299,0.29992,134,134,134,0.27882,3.15841,0.14603,1,1,0.450
35.5580,687,FR,18,3.40634,-0.11709,0.30014,134,134,134,0.27904,3.52395,-0.14510,1,1,0.450
35.5580,687,BR,11,2.95519,-0.10825,0.30185,134,134,134,0.28074,3.02294,-0.11647,1,1,0.450
35.5700,687,FL,3,3.27561,0.16701,0.30852,131,131,131,0.28739,3.39458,0.18554,1,1,0.450
35.5700,687,BL,26,3.08872,0.15239,0.29992,134,134,134,0.27882,3.16226,0.14493,1,1,0.450
35.5700,687,FR,18,3.40677,-0.11675,0.30013,134,134,134,0.27903,3.52930,-0.14570,1,1,0.450
35.5700,687,BR,11,2.95534,-0.10758,0.30215,134,134,134,0.28104,3.02288,-0.11593,1,1,0.450
35.5800,687,FL,3,3.27469,0.16622,0.30896,131,131,131,0.28783,3.39354,0.18461,1,1,0.450
35.5820,687,BL,26,3.08809,0.15258,0.29992,134,134,134,0.27881,3.16211,0.14531,1,1,0.450
35.5820,687,FR,18,3.40595,-0.11684,0.30022,134,134,134,0.27912,3.52863,-0.14524,1,1,0.450
35.5820,687,BR,11,2.95438,-0.10817,0.30223,134,134,134,0.28112,3.02230,-0.11577,1,1,0.450
35.5900,688,FL,2,3.27555,0.16603,0.30926,131,131,131,0.28813,3.39488,0.18461,1,1,0.450
35.5900,688,BL,25,3.08888,0.15287,0.29992,134,134,134,0.27882,3.15890,0.14631,1,1,0.450
35.5900,688,FR,17,3.40673,-0.11668,0.30025,134,134,134,0.27914,3.52935,-0.14497,1,1,0.450
35.5900,688,BR,10,2.95526,-0.10801,0.30239,134,134,134,0.28128,3.02297,-0.11542,1,1,0.450
35.6000,688,FL,2,3.27540,0.16558,0.30933,131,131,131,0.28820,3.39508,0.18452,1,1,0.450
35.6000,688,BL,25,3.08914,0.15257,0.29992,134,134,134,0.27882,3.16291,0.14565,1,1,0.450
35.6000,688,FR,17,3.40716,-0.11613,0.30025,134,134,134,0.27914,3.53070,-0.14468,1,1,0.450
35.6000,688,BR,10,2.95522,-0.10715,0.30263,134,134,134,0.28152,3.02321,-0.11444,1,1,0.450
35.6100,688,FL,2,3.27544,0.16520,0.30941,131,131,131,0.28828,3.39611,0.18465,1,1,0.450
35.6100,688,BL,25,3.08977,0.15318,0.29990,134,134,134,0.27880,3.16399,0.14641,1,1,0.450
35.6100,688,FR,17,3.40760,-0.11586,0.30032,134,134,134,0.27921,3.53107,-0.14404,1,1,0.450
35.6100,688,BR,10,2.95564,-0.10707,0.30266,134,134,134,0.28155,3.02393,-0.11380,1,1,0.450
35.6200,689,FL,1,3.27563,0.16498,0.30937,131,131,131,0.28824,3.39750,0.18484,1,1,0.450
35.6200,689,BL,24,3.09065,0.15385,0.29990,134,134,134,0.27880,3.16075,0.14772,1,1,0.450
35.6200,689,FR,16,3.40837,-0.11545,0.30034,134,134,134,0.27924,3.53591,-0.14407,1,1,0.450
35.6200,689,BR,9,2.95626,-0.10668,0.30271,134,134,134,0.28159,3.02487,-0.11289,1,1,0.450
35.6300,689,FL,1,3.27448,0.16433,0.30959,131,131,131,0.28845,3.39601,0.18397,1,1,0.450
35.6300,689,BL,24,3.09078,0.15374,0.29988,134,134,134,0.27878,3.16474,0.14746,1,1,0.450
35.6300,689,FR,16,3.40839,-0.11504,0.30037,134,134,134,0.27926,3.53722,-0.14346,1,1,0.450
35.6300,689,BR,9,2.95538,-0.10623,0.30273,134,134,134,0.28162,3.02500,-0.11174,1,1,0.450
35.6380,689,FL,1,3.27352,0.16382,0.31008,131,131,131,0.28894,3.39566,0.18364,1,1,0.450
35.6400,689,BL,24,3.09118,0.15454,0.29984,134,134,134,0.27874,3.16570,0.14856,1,1,0.450
35.6400,689,FR,16,3.40834,-0.11486,0.30047,134,134,134,0.27937,3.53742,-0.14262,1,1,0.450
35.6400,689,BR,9,2.95503,-0.10637,0.30253,134,134,134,0.28142,3.02542,-0.11089,1,1,0.450
35.6520,690,FL,30,3.54449,0.16472,0.30002,134,134,134,0.27892,3.64812,0.17542,1,1,0.450
35.6520,690,BL,23,3.09426,0.15596,0.29984,134,134,134,0.27873,3.16462,0.15054,1,1,0.450
35.6520,690,FR,15,3.41133,-0.11372,0.30053,134,134,134,0.27943,3.53989,-0.14185,1,1,0.450
35.6520,690,BR,8,2.95840,-0.10457,0.30273,134,134,134,0.28162,3.02850,-0.10899,1,1,0.450
35.6720,691,FL,29,3.54504,0.16514,0.30002,134,134,134,0.27892,3.65508,0.17719,1,1,0.450
35.6720,691,BL,22,3.09487,0.15664,0.29991,134,134,134,0.27881,3.16654,0.15169,1,1,0.450
35.6720,691,FR,14,3.41222,-0.11247,0.30070,134,134,134,0.27959,3.54052,-0.14124,1,1,0.450
35.6720,691,BR,7,2.95915,-0.10260,0.30358,134,134,134,0.28247,3.02974,-0.10638,1,1,0.450
35.6900,691,FL,29,3.54988,0.16666,0.30003,134,134,134,0.27893,3.66822,0.17874,1,1,0.450
35.6900,691,BL,22,3.09938,0.15868,0.29985,134,134,134,0.27874,3.17664,0.15402,1,1,0.450
35.6900,691,FR,14,3.41479,-0.11188,0.30064,134,134,134,0.27954,3.54612,-0.13887,1,1,0.450
35.6900,691,BR,7,2.95909,-0.10270,0.30316,134,134,134,0.28204,3.03308,-0.10421,1,1,0.450
35.7000,691,FL,29,3.55193,0.16786,0.30006,134,134,134,0.27895,3.67014,0.17954,1,1,0.450
35.7000,691,BL,22,3.10121,0.16038,0.29979,134,134,134,0.27869,3.17929,0.15630,1,1,0.450
35.7000,691,FR,14,3.41547,-0.11154,0.30071,134,134,134,0.27961,3.54792,-0.13739,1,1,0.450
35.7000,691,BR,7,2.95907,-0.10260,0.30301,134,134,134,0.28190,3.03419,-0.10269,1,1,0.450
35.7100,692,FL,28,3.55279,0.16845,0.30006,134,134,134,0.27896,3.66619,0.18066,1,1,0.450
35.7100,692,BL,21,3.10202,0.16119,0.29978,134,134,134,0.27868,3.17548,0.15809,1,1,0.450
35.7100,692,FR,13,3.41586,-0.11128,0.30069,134,134,134,0.27958,3.54872,-0.13671,1,1,0.450
35.7100,692,BR,6,2.95914,-0.10245,0.30292,134,134,134,0.28181,3.03477,-0.10179,1,1,0.450
35.7200,692,FL,28,3.55279,0.16850,0.30004,134,134,134,0.27894,3.67338,0.18115,1,1,0.450
35.7200,692,BL,21,3.10186,0.16088,0.29977,134,134,134,0.27867,3.17982,0.15798,1,1,0.450
35.7200,692,FR,13,3.41560,-0.11136,0.30065,134,134,134,0.27955,3.54909,-0.13670,1,1,0.450
35.7200,692,BR,6,2.95856,-0.10233,0.30280,134,134,134,0.28169,3.03438,-0.10134,1,1,0.450
35.7300,692,FL,28,3.55408,0.16927,0.30006,134,134,134,0.27896,3.67460,0.18175,1,1,0.450
35.7300,692,BL,21,3.10306,0.16196,0.29975,134,134,134,0.27865,3.18137,0.15923,1,1,0.450
35.7300,692,FR,13,3.41637,-0.11088,0.30078,134,134,134,0.27968,3.55010,-0.13576,1,1,0.450
35.7300,692,BR,6,2.95929,-0.10204,0.30310,134,134,134,0.28199,3.03528,-0.10045,1,1,0.450
35.7400,693,FL,27,3.55446,0.16991,0.30007,134,134,134,0.27896,3.67000,0.18303,1,1,0.450
35.7400,693,BL,20,3.10342,0.16272,0.29979,134,134,134,0.27869,3.17681,0.16087,1,1,0.450
35.7400,693,FR,12,3.41660,-0.11041,0.30093,134,134,134,0.27983,3.55042,-0.13505,1,1,0.450
35.7400,693,BR,5,2.95940,-0.10172,0.30362,134,134,134,0.28250,3.03564,-0.09948,1,1,0.450
35.7500,693,FL,27,3.55411,0.16993,0.30003,134,134,134,0.27893,3.67626,0.18357,1,1,0.450
35.7520,693,BL,20,3.10291,0.16229,0.29981,134,134,134,0.27871,3.18047,0.16074,1,1,0.450
35.7520,693,FR,12,3.41621,-0.11053,0.30104,134,134,134,0.27993,3.55033,-0.13515,1,1,0.450
35.7520,693,BR,5,2.95891,-0.10156,0.30402,134,134,134,0.28291,3.03516,-0.09909,1,1,0.450
35.7620,693,FL,27,3.55488,0.17070,0.30006,134,134,134,0.27896,3.67697,0.18418,1,1,0.450
35.7620,693,BL,20,3.10363,0.16343,0.29981,134,134,134,0.27871,3.18146,0.16190,1,1,0.450
35.7620,693,FR,12,3.41664,-0.10979,0.30130,134,134,134,0.28019,3.55075,-0.13425,1,1,0.450
35.7620,693,BR,5,2.95944,-0.10084,0.30476,134,134,134,0.28364,3.03564,-0.09780,1,1,0.450
35.7700,694,FL,26,3.55430,0.17120,0.30006,134,134,134,0.27896,3.67130,0.18536,1,1,0.450
35.7700,694,BL,19,3.10307,0.16410,0.29986,134,134,134,0.27876,3.17574,0.16342,1,1,0.450
35.7700,694,FR,11,3.41614,-0.10934,0.30149,134,134,134,0.28038,3.54996,-0.13364,1,1,0.450
35.7700,694,BR,4,2.95902,-0.10047,0.30537,133,133,133,0.28425,3.03530,-0.09670,1,1,0.450
35.7820,694,FL,26,3.55485,0.17140,0.30001,134,134,134,0.27891,3.67817,0.18609,1,1,0.450
35.7820,694,BL,19,3.10342,0.16402,0.29988,134,134,134,0.27878,3.18015,0.16363,1,1,0.450
35.7820,694,FR,11,3.41644,-0.10924,0.30162,134,134,134,0.28051,3.55057,-0.13359,1,1,0.450
35.7820,694,BR,4,2.95930,-0.09982,0.30576,132,132,132,0.28464,3.03531,-0.09591,1,1,0.450
35.7920,695,FL,25,3.55404,0.17206,0.30005,134,134,134,0.27894,3.67210,0.18740,1,1,0.450
35.7920,695,BL,18,3.10260,0.16508,0.29991,134,134,134,0.27881,3.17435,0.16557,1,1,0.450
35.7920,695,FR,10,3.41555,-0.10867,0.30198,134,134,134,0.28087,3.54925,-0.13272,1,1,0.450
35.7920,695,BR,3,2.95878,-0.09941,0.30660,132,132,132,0.28547,3.03447,-0.09458,1,1,0.450
35.8020,695,FL,25,3.55430,0.17224,0.29998,134,134,134,0.27888,3.67849,0.18817,1,1,0.450
35.8020,695,BL,18,3.10264,0.16490,0.29991,134,134,134,0.27881,3.17833,0.16592,1,1,0.450
35.8020,695,FR,10,3.41562,-0.10879,0.30202,134,134,134,0.28092,3.54945,-0.13278,1,1,0.450
35.8020,695,BR,3,2.95897,-0.09898,0.30664,132,132,132,0.28552,3.03424,-0.09403,1,1,0.450
35.8120,695,FL,25,3.55381,0.17293,0.30002,134,134,134,0.27892,3.67794,0.18869,1,1,0.450
35.8120,695,BL,18,3.10212,0.16593,0.29992,134,134,134,0.27882,3.17807,0.16708,1,1,0.450
35.8120,695,FR,10,3.41495,-0.10837,0.30231,134,134,134,0.28121,3.54845,-0.13193,1,1,0.450
35.8120,695,BR,3,2.95884,-0.09869,0.30710,132,132,132,0.28598,3.03327,-0.09311,1,1,0.450
35.8220,696,FL,24,3.55273,0.17346,0.30003,134,134,134,0.27893,3.67160,0.19005,1,1,0.450
35.8220,696,BL,17,3.10108,0.16648,0.29996,134,134,134,0.27886,3.17684,0.16797,1,1,0.450
35.8220,696,FR,9,3.41413,-0.10829,0.30245,134,134,134,0.28134,3.54709,-0.13136,1,1,0.450
35.8220,696,BR,2,2.95846,-0.09878,0.30731,132,132,132,0.28618,3.03224,-0.09264,1,1,0.450
35.8320,696,FL,24,3.55262,0.17366,0.29996,134,134,134,0.27885,3.67749,0.19090,1,1,0.450
35.8320,696,BL,17,3.10071,0.16610,0.29995,134,134,134,0.27885,3.17530,0.16929,1,1,0.450
35.8320,696,FR,9,3.41400,-0.10864,0.30253,134,134,134,0.28142,3.54674,-0.13152,1,1,0.450
35.8320,696,BR,2,2.95880,-0.09866,0.30718,132,132,132,0.28605,3.03187,-0.09265,1,1,0.450
35.8420,696,FL,24,3.55127,0.17430,0.30000,134,134,134,0.27890,3.67600,0.19160,1,1,0.450
35.8420,696,BL,17,3.09952,0.16675,0.29997,134,134,134,0.27886,3.17378,0.17025,1,1,0.450
35.8440,696,FR,9,3.41326,-0.10856,0.30271,134,134,134,0.28160,3.54520,-0.13082,1,1,0.450
35.8440,696,BR,2,2.95864,-0.09886,0.30735,132,132,132,0.28622,3.03092,-0.09253,1,1,0.450
35.8560,697,FL,23,3.55070,0.17519,0.30001,134,134,134,0.27891,3.67009,0.19350,1,1,0.450
35.8560,697,BL,16,3.09905,0.16733,0.29999,134,134,134,0.27889,3.17300,0.17142,1,1,0.450
35.8560,697,FR,8,3.41320,-0.10846,0.30276,134,134,134,0.28165,3.54450,-0.13005,1,1,0.450
35.8560,697,BR,1,2.95919,-0.09893,0.30711,132,132,132,0.28598,3.03047,-0.09267,1,1,0.450
35.8860,698,FL,22,3.54887,0.17562,0.29998,134,134,134,0.27887,3.66424,0.19930,1,1,0.450
35.8860,698,BL,15,3.09728,0.16656,0.30004,134,134,134,0.27894,3.17015,0.17212,1,1,0.450
35.8860,698,FR,7,3.41263,-0.10915,0.30282,134,134,134,0.28171,3.54249,-0.13024,1,1,0.450
35.8860,698,BR,30,3.23274,-0.10003,0.29986,134,134,134,0.27876,3.30985,-0.10249,1,1,0.450
35.9000,698,FL,22,3.54563,0.17737,0.29988,134,134,134,0.27878,3.66463,0.20399,1,1,0.450
35.9000,698,BL,15,3.09430,0.16655,0.30018,134,134,134,0.27908,3.16548,0.17402,1,1,0.450
35.9000,698,FR,7,3.41195,-0.10888,0.30315,134,134,134,0.28203,3.53909,-0.12855,1,1,0.450
35.9000,698,BR,30,3.22967,-0.09741,0.29988,134,134,134,0.27878,3.30591,-0.09443,1,1,0.450
35.9140,699,FL,21,3.54385,0.17809,0.29988,134,134,134,0.27878,3.65868,0.20439,1,1,0.450
35.9160,699,BL,14,3.09295,0.16717,0.30021,134,134,134,0.27911,3.16317,0.17515,1,1,0.450
35.9160,699,FR,6,3.41143,-0.10868,0.30331,134,134,134,0.28220,3.53738,-0.12783,1,1,0.450
35.9160,699,BR,29,3.22795,-0.09663,0.29990,134,134,134,0.27880,3.30057,-0.09381,1,1,0.450
35.9320,699,FL,21,3.54233,0.17814,0.29981,134,134,134,0.27871,3.66142,0.20680,1,1,0.450
35.9320,699,BL,14,3.09160,0.16636,0.30026,134,134,134,0.27915,3.16061,0.17559,1,1,0.450
35.9320,699,FR,6,3.41089,-0.10929,0.30296,134,134,134,0.28185,3.53556,-0.12825,1,1,0.450
35.9320,699,BR,29,3.22607,-0.09541,0.29989,134,134,134,0.27879,3.30010,-0.08935,1,1,0.450
35.9460,700,FL,20,3.54004,0.17850,0.29986,134,134,134,0.27876,3.65521,0.20647,1,1,0.450
35.9480,700,BL,13,3.08945,0.16717,0.30037,134,134,134,0.27927,3.15813,0.17629,1,1,0.450
35.9480,700,FR,5,3.40921,-0.10883,0.30345,134,134,134,0.28234,3.53272,-0.12748,1,1,0.450
35.9480,700,BR,28,3.22373,-0.09485,0.29990,134,134,134,0.27880,3.29422,-0.08914,1,1,0.450
35.9700,700,FL,20,3.53928,0.17831,0.29984,134,134,134,0.27873,3.65919,0.20802,1,1,0.450
35.9720,700,BL,13,3.08869,0.16632,0.30064,134,134,134,0.27953,3.15645,0.17640,1,1,0.450
35.9720,700,FR,5,3.40900,-0.10912,0.30392,134,134,134,0.28281,3.53146,-0.12783,1,1,0.450
35.9720,700,BR,28,3.22261,-0.09382,0.29990,134,134,134,0.27880,3.29589,-0.08625,1,1,0.450
35.9820,701,FL,19,3.53693,0.17875,0.29998,134,134,134,0.27888,3.65312,0.20727,1,1,0.450
35.9820,701,BL,12,3.08620,0.16768,0.30103,134,134,134,0.27992,3.15415,0.17670,1,1,0.450
35.9820,701,FR,4,3.40694,-0.10766,0.30553,133,133,133,0.28441,3.52791,-0.12590,1,1,0.450
35.9820,701,BR,27,3.22035,-0.09349,0.29991,134,134,134,0.27881,3.29014,-0.08646,1,1,0.450
35.9920,701,FL,19,3.53635,0.17855,0.30001,134,134,134,0.27891,3.65760,0.20817,1,1,0.450
35.9920,701,BL,12,3.08529,0.16718,0.30153,134,134,134,0.28043,3.15295,0.17643,1,1,0.450
35.9920,701,FR,4,3.40617,-0.10725,0.30672,132,132,132,0.28560,3.52642,-0.12543,1,1,0.450
35.9920,701,BR,27,3.21954,-0.09270,0.29992,134,134,134,0.27882,3.29278,-0.08474,1,1,0.450
36.0020,702,FL,18,3.53620,0.17877,0.30012,134,134,134,0.27902,3.65359,0.20727,1,1,0.450
36.0020,702,BL,11,3.08516,0.16803,0.30170,134,134,134,0.28060,3.15282,0.17654,1,1,0.450
36.0020,702,FR,3,3.40633,-0.10633,0.30777,132,132,132,0.28665,3.52600,-0.12420,1,1,0.450
36.0020,702,BR,26,3.21949,-0.09266,0.29992,134,134,134,0.27882,3.28928,-0.08542,1,1,0.450
36.0120,702,FL,18,3.53604,0.17853,0.30010,134,134,134,0.27899,3.65831,0.20801,1,1,0.450
36.0120,702,BL,11,3.08474,0.16739,0.30201,134,134,134,0.28090,3.15214,0.17613,1,1,0.450
36.0120,702,FR,3,3.40625,-0.10599,0.30818,132,132,132,0.28705,3.52536,-0.12374,1,1,0.450
36.0120,702,BR,26,3.21905,-0.09196,0.29992,134,134,134,0.27882,3.29251,-0.08421,1,1,0.450
36.0220,702,FL,18,3.53571,0.17868,0.30021,134,134,134,0.27911,3.65814,0.20766,1,1,0.450
36.0220,702,BL,11,3.08432,0.16802,0.30216,134,134,134,0.28105,3.15202,0.17608,1,1,0.450
36.0220,702,FR,3,3.40581,-0.10525,0.30894,131,131,131,0.28781,3.52479,-0.12285,1,1,0.450
36.0220,702,BR,26,3.21892,-0.09207,0.29992,134,134,134,0.27881,3.29286,-0.08451,1,1,0.450
36.0300,702,FL,18,3.53505,0.17878,0.30026,134,134,134,0.27915,3.65762,0.20750,1,1,0.450
36.0320,702,BL,11,3.08348,0.16832,0.30235,134,134,134,0.28124,3.15141,0.17595,1,1,0.450
36.0320,702,FR,3,3.40499,-0.10466,0.30948,131,131,131,0.28835,3.52389,-0.12213,1,1,0.450
36.0320,702,BR,26,3.21832,-0.09214,0.29992,134,134,134,0.27882,3.29228,-0.08475,1,1,0.450
36.0420,703,FL,17,3.53515,0.17872,0.30027,134,134,134,0.27916,3.65772,0.20730,1,1,0.450
36.0420,703,BL,10,3.08360,0.16833,0.30244,134,134,134,0.28133,3.15146,0.17576,1,1,0.450
36.0420,703,FR,2,3.40509,-0.10443,0.30962,131,131,131,0.28849,3.52425,-0.12195,1,1,0.450
36.0420,703,BR,25,3.21846,-0.09231,0.29992,134,134,134,0.27882,3.28844,-0.08561,1,1,0.450
36.0540,703,FL,17,3.53556,0.17823,0.30027,134,134,134,0.27916,3.65916,0.20696,1,1,0.450
36.0540,703,BL,10,3.08346,0.16758,0.30268,134,134,134,0.28157,3.15170,0.17479,1,1,0.450
36.0540,703,FR,2,3.40480,-0.10388,0.30973,131,131,131,0.28860,3.52425,-0.12171,1,1,0.450
36.0540,703,BR,25,3.21876,-0.09202,0.29992,134,134,134,0.27882,3.29253,-0.08498,1,1,0.450
36.0640,704,FL,16,3.53610,0.17793,0.30034,134,134,134,0.27923,3.66373,0.20685,1,1,0.450
36.0640,704,BL,9,3.08394,0.16750,0.30269,134,134,134,0.28157,3.15255,0.17406,1,1,0.450
36.0640,704,FR,1,3.40485,-0.10346,0.30977,131,131,131,0.28864,3.52539,-0.12177,1,1,0.450
36.0640,704,BR,24,3.21953,-0.09272,0.29990,134,134,134,0.27880,3.28971,-0.08645,1,1,0.450
36.0780,704,FL,16,3.53776,0.17715,0.30033,134,134,134,0.27922,3.66620,0.20632,1,1,0.450
36.0780,704,BL,9,3.08525,0.16613,0.30281,134,134,134,0.28170,3.15402,0.17262,1,1,0.450
36.0780,704,FR,1,3.40582,-0.10342,0.30949,131,131,131,0.28836,3.52767,-0.12236,1,1,0.450
36.0780,704,BR,24,3.22114,-0.09281,0.29989,134,134,134,0.27879,3.29512,-0.08637,1,1,0.450
36.0900,704,FL,16,3.53924,0.17636,0.30051,134,134,134,0.27940,3.66752,0.20520,1,1,0.450
36.0900,704,BL,9,3.08653,0.16537,0.30301,134,134,134,0.28190,3.15616,0.17079,1,1,0.450
36.0920,704,FR,1,3.40573,-0.10289,0.30976,131,131,131,0.28862,3.52949,-0.12312,1,1,0.450
36.0920,704,BR,24,3.22295,-0.09424,0.29987,134,134,134,0.27877,3.29727,-0.08779,1,1,0.450
36.1020,705,FL,15,3.53985,0.17585,0.30060,134,134,134,0.27950,3.66839,0.20426,1,1,0.450
36.1040,705,BL,8,3.08668,0.16503,0.30271,134,134,134,0.28160,3.15727,0.16922,1,1,0.450
36.1040,705,FR,30,3.67418,-0.10210,0.30002,134,134,134,0.27892,3.77788,-0.11240,1,1,0.450
36.1040,705,BR,23,3.22396,-0.09537,0.29983,134,134,134,0.27873,3.29413,-0.08960,1,1,0.450
36.1280,706,FL,14,3.54269,0.17453,0.30054,134,134,134,0.27943,3.67136,0.20355,1,1,0.450
36.1280,706,BL,7,3.08932,0.16250,0.30322,134,134,134,0.28210,3.16025,0.16661,1,1,0.450
36.1300,706,FR,29,3.67726,-0.10277,0.30001,134,134,134,0.27891,3.78736,-0.11428,1,1,0.450
36.1300,706,BR,22,3.22701,-0.09646,0.29989,134,134,134,0.27879,3.29880,-0.09140,1,1,0.450
36.1400,706,FL,14,3.54345,0.17399,0.30075,134,134,134,0.27964,3.67497,0.20122,1,1,0.450
36.1400,706,BL,7,3.08752,0.16287,0.30347,134,134,134,0.28236,3.16196,0.16425,1,1,0.450
36.1400,706,FR,29,3.68010,-0.10425,0.30003,134,134,134,0.27893,3.79848,-0.11572,1,1,0.450
36.1400,706,BR,22,3.22952,-0.09838,0.29986,134,134,134,0.27876,3.30698,-0.09361,1,1,0.450
36.1520,707,FL,13,3.54342,0.17415,0.30078,134,134,134,0.27968,3.67611,0.20030,1,1,0.450
36.1520,707,BL,6,3.08687,0.16319,0.30330,134,134,134,0.28219,3.16215,0.16358,1,1,0.450
36.1520,707,FR,28,3.68138,-0.10497,0.30006,134,134,134,0.27895,3.79484,-0.11684,1,1,0.450
36.1520,707,BR,21,3.23058,-0.09940,0.29980,134,134,134,0.27870,3.30399,-0.09600,1,1,0.450
36.1640,707,FL,13,3.54402,0.17452,0.30064,134,134,134,0.27954,3.67827,0.20009,1,1,0.450
36.1640,707,BL,6,3.08655,0.16330,0.30282,134,134,134,0.28171,3.16257,0.16321,1,1,0.450
36.1640,707,FR,28,3.68308,-0.10515,0.30004,134,134,134,0.27893,3.80375,-0.11734,1,1,0.450
36.1640,707,BR,21,3.23202,-0.09941,0.29975,134,134,134,0.27865,3.31020,-0.09642,1,1,0.450
36.1900,708,FL,12,3.54425,0.17422,0.30071,134,134,134,0.27960,3.67851,0.19936,1,1,0.450
36.1900,708,BL,5,3.08696,0.16305,0.30279,134,134,134,0.28168,3.16292,0.16227,1,1,0.450
36.1920,708,FR,27,3.68378,-0.10571,0.30006,134,134,134,0.27896,3.79939,-0.11848,1,1,0.450
36.1920,708,BR,20,3.23264,-0.10039,0.29971,134,134,134,0.27861,3.30627,-0.09841,1,1,0.450
36.2220,709,FL,11,3.54457,0.17368,0.30100,134,134,134,0.27990,3.67932,0.19847,1,1,0.450
36.2220,709,BL,4,3.08711,0.16236,0.30393,134,134,134,0.28282,3.16320,0.16052,1,1,0.450
36.2220,709,FR,26,3.68454,-0.10656,0.30003,134,134,134,0.27893,3.80168,-0.12052,1,1,0.450
36.2240,709,BR,19,3.23321,-0.10118,0.29978,134,134,134,0.27868,3.30595,-0.10036,1,1,0.450
36.2400,709,FL,11,3.54412,0.17273,0.30149,134,134,134,0.28039,3.67863,0.19734,1,1,0.450
36.2400,709,BL,4,3.08702,0.16091,0.30549,133,133,133,0.28437,3.16268,0.15782,1,1,0.450
36.2400,709,FR,26,3.68444,-0.10767,0.30001,134,134,134,0.27891,3.80783,-0.12188,1,1,0.450
36.2400,709,BR,19,3.23290,-0.10252,0.29983,134,134,134,0.27873,3.30992,-0.10201,1,1,0.450
36.2540,710,FL,10,3.54266,0.17207,0.30181,134,134,134,0.28070,3.67620,0.19618,1,1,0.450
36.2540,710,BL,3,3.08616,0.16034,0.30629,132,132,132,0.28517,3.16133,0.15580,1,1,0.450
36.2560,710,FR,25,3.68282,-0.10858,0.30004,134,134,134,0.27894,3.80095,-0.12337,1,1,0.450
36.2560,710,BR,18,3.23132,-0.10399,0.29986,134,134,134,0.27876,3.30314,-0.10455,1,1,0.450
36.2660,710,FL,10,3.54285,0.17219,0.30181,134,134,134,0.28070,3.67635,0.19610,1,1,0.450
36.2660,710,BL,3,3.08680,0.15965,0.30622,132,132,132,0.28510,3.16087,0.15499,1,1,0.450
36.2660,710,FR,25,3.68328,-0.10894,0.29997,134,134,134,0.27887,3.80757,-0.12423,1,1,0.450
36.2660,710,BR,18,3.23157,-0.10416,0.29985,134,134,134,0.27875,3.30727,-0.10535,1,1,0.450
36.2760,711,FL,9,3.54212,0.17187,0.30205,134,134,134,0.28094,3.67504,0.19522,1,1,0.450
36.2780,711,BL,2,3.08676,0.15960,0.30650,132,132,132,0.28537,3.15986,0.15428,1,1,0.450
36.2780,711,FR,24,3.68253,-0.10970,0.30002,134,134,134,0.27892,3.80148,-0.12572,1,1,0.450
36.2780,711,BR,17,3.23082,-0.10521,0.29985,134,134,134,0.27875,3.30669,-0.10667,1,1,0.450
36.2900,711,FL,9,3.54169,0.17245,0.30218,134,134,134,0.28107,3.67417,0.19566,1,1,0.450
36.2900,711,BL,2,3.08683,0.15964,0.30654,132,132,132,0.28542,3.15933,0.15451,1,1,0.450
36.2900,711,FR,24,3.68190,-0.10971,0.29994,134,134,134,0.27884,3.80685,-0.12637,1,1,0.450
36.2900,711,BR,17,3.22996,-0.10455,0.29987,134,134,134,0.27877,3.30458,-0.10783,1,1,0.450
36.3060,712,FL,8,3.54107,0.17222,0.30238,134,134,134,0.28127,3.67253,0.19456,1,1,0.450
36.3060,712,BL,1,3.08710,0.15984,0.30654,132,132,132,0.28542,3.15828,0.15448,1,1,0.450
36.3060,712,FR,23,3.68050,-0.11076,0.29999,134,134,134,0.27889,3.79998,-0.12844,1,1,0.450
36.3060,712,BR,16,3.22875,-0.10550,0.29988,134,134,134,0.27878,3.30296,-0.10922,1,1,0.450
36.3320,713,FL,7,3.54015,0.17304,0.30238,134,134,134,0.28127,3.66990,0.19484,1,1,0.450
36.3340,713,BL,30,3.36033,0.16259,0.29986,134,134,134,0.27876,3.43740,0.16549,1,1,0.450
36.3340,713,FR,22,3.67807,-0.11116,0.29995,134,134,134,0.27885,3.79356,-0.13424,1,1,0.450
36.3340,713,BR,15,3.22644,-0.10464,0.29994,134,134,134,0.27884,3.29940,-0.10996,1,1,0.450
36.3500,713,FL,7,3.54065,0.17348,0.30182,134,134,134,0.28071,3.66778,0.19387,1,1,0.450
36.3500,713,BL,30,3.35807,0.16015,0.29987,134,134,134,0.27877,3.43432,0.15761,1,1,0.450
36.3500,713,FR,22,3.67566,-0.11267,0.29981,134,134,134,0.27871,3.79471,-0.13885,1,1,0.450
36.3500,713,BR,15,3.22444,-0.10408,0.29992,134,134,134,0.27882,3.29541,-0.11180,1,1,0.450
36.3640,714,FL,6,3.53962,0.17299,0.30235,134,134,134,0.28124,3.66546,0.19275,1,1,0.450
36.3660,714,BL,29,3.35599,0.15924,0.29989,134,134,134,0.27879,3.42860,0.15671,1,1,0.450
36.3660,714,FR,21,3.67333,-0.11372,0.29983,134,134,134,0.27873,3.78822,-0.13970,1,1,0.450
36.3660,714,BR,14,3.22247,-0.10480,0.29997,134,134,134,0.27887,3.29265,-0.11299,1,1,0.450
36.3740,714,FL,6,3.53909,0.17372,0.30206,134,134,134,0.28095,3.66367,0.19330,1,1,0.450
36.3760,714,BL,29,3.35415,0.15812,0.29988,134,134,134,0.27878,3.42820,0.15235,1,1,0.450
36.3760,714,FR,21,3.67180,-0.11371,0.29977,134,134,134,0.27867,3.79095,-0.14205,1,1,0.450
36.3760,714,BR,14,3.22112,-0.10383,0.30005,134,134,134,0.27895,3.29004,-0.11332,1,1,0.450
36.3880,714,FL,6,3.53790,0.17335,0.30232,134,134,134,0.28121,3.66189,0.19280,1,1,0.450
36.3880,714,BL,29,3.35267,0.15790,0.29989,134,134,134,0.27879,3.42719,0.15212,1,1,0.450
36.3880,714,FR,21,3.67030,-0.11382,0.29980,134,134,134,0.27870,3.78953,-0.14181,1,1,0.450
36.3900,714,BR,14,3.21972,-0.10435,0.30008,134,134,134,0.27898,3.28845,-0.11361,1,1,0.450
36.4000,715,FL,5,3.53731,0.17313,0.30264,134,134,134,0.28153,3.66032,0.19243,1,1,0.450
36.4000,715,BL,28,3.35128,0.15752,0.29989,134,134,134,0.27879,3.42181,0.15212,1,1,0.450
36.4000,715,FR,20,3.66896,-0.11415,0.29982,134,134,134,0.27872,3.78415,-0.14183,1,1,0.450
36.4000,715,BR,13,3.21854,-0.10469,0.30021,134,134,134,0.27911,3.28680,-0.11411,1,1,0.450
36.4140,715,FL,5,3.53604,0.17317,0.30315,134,134,134,0.28204,3.65827,0.19262,1,1,0.450
36.4140,715,BL,28,3.34962,0.15674,0.29989,134,134,134,0.27879,3.42293,0.14943,1,1,0.450
36.4140,715,FR,20,3.66757,-0.11381,0.29980,134,134,134,0.27870,3.78758,-0.14311,1,1,0.450
36.4160,715,BR,13,3.21697,-0.10380,0.30045,134,134,134,0.27935,3.28474,-0.11381,1,1,0.450
36.4300,716,FL,4,3.53613,0.17238,0.30442,134,134,134,0.28331,3.65748,0.19155,1,1,0.450
36.4300,716,BL,27,3.34947,0.15657,0.29990,134,134,134,0.27880,3.41931,0.14976,1,1,0.450
36.4300,716,FR,19,3.66734,-0.11404,0.29992,134,134,134,0.27882,3.78352,-0.14240,1,1,0.450
36.4300,716,BR,12,3.21676,-0.10464,0.30077,134,134,134,0.27966,3.28445,-0.11403,1,1,0.450
36.4440,716,FL,4,3.53513,0.17169,0.30568,133,133,133,0.28456,3.65542,0.19083,1,1,0.450
36.4440,716,BL,27,3.34832,0.15581,0.29991,134,134,134,0.27881,3.42156,0.14804,1,1,0.450
36.4440,716,FR,19,3.66650,-0.11376,0.29996,134,134,134,0.27886,3.78773,-0.14312,1,1,0.450
36.4440,716,BR,12,3.21552,-0.10429,0.30123,134,134,134,0.28012,3.28312,-0.11357,1,1,0.450
36.4560,717,FL,3,3.53404,0.17072,0.30668,132,132,132,0.28556,3.65371,0.18950,1,1,0.450
36.4560,717,BL,26,3.34728,0.15581,0.29991,134,134,134,0.27881,3.41707,0.14876,1,1,0.450
36.4560,717,FR,18,3.66529,-0.11399,0.30008,134,134,134,0.27897,3.78274,-0.14221,1,1,0.450
36.4560,717,BR,11,3.21422,-0.10515,0.30146,134,134,134,0.28035,3.28200,-0.11364,1,1,0.450
36.4660,717,FL,3,3.53364,0.17006,0.30750,132,132,132,0.28637,3.65265,0.18869,1,1,0.450
36.4660,717,BL,26,3.34672,0.15518,0.29992,134,134,134,0.27881,3.42022,0.14766,1,1,0.450
36.4660,717,FR,18,3.66497,-0.11373,0.30008,134,134,134,0.27898,3.78742,-0.14274,1,1,0.450
36.4660,717,BR,11,3.21354,-0.10473,0.30187,134,134,134,0.28077,3.28117,-0.11313,1,1,0.450
36.4760,717,FL,3,3.53413,0.16954,0.30807,132,132,132,0.28694,3.65326,0.18826,1,1,0.450
36.4760,717,BL,26,3.34723,0.15539,0.29991,134,134,134,0.27881,3.42123,0.14809,1,1,0.450
36.4760,717,FR,18,3.66533,-0.11373,0.30017,134,134,134,0.27907,3.78781,-0.14234,1,1,0.450
36.4760,717,BR,11,3.21398,-0.10506,0.30197,134,134,134,0.28086,3.28162,-0.11300,1,1,0.450
36.4880,718,FL,2,3.53415,0.16917,0.30832,132,132,132,0.28719,3.65349,0.18799,1,1,0.450
36.4880,718,BL,25,3.34736,0.15561,0.29991,134,134,134,0.27881,3.41732,0.14900,1,1,0.450
36.4880,718,FR,17,3.66545,-0.11363,0.30020,134,134,134,0.27910,3.78795,-0.14208,1,1,0.450
36.4880,718,BR,10,3.21402,-0.10507,0.30209,134,134,134,0.28098,3.28179,-0.11266,1,1,0.450
36.4960,718,FL,2,3.53232,0.16829,0.30864,131,131,131,0.28751,3.65108,0.18672,1,1,0.450
36.4980,718,BL,25,3.34625,0.15515,0.29991,134,134,134,0.27881,3.42002,0.14826,1,1,0.450
36.4980,718,FR,17,3.66437,-0.11340,0.30022,134,134,134,0.27911,3.78813,-0.14175,1,1,0.450
36.4980,718,BR,10,3.21215,-0.10487,0.30238,134,134,134,0.28127,3.28062,-0.11191,1,1,0.450
36.5080,718,FL,2,3.53497,0.16856,0.30862,131,131,131,0.28749,3.65588,0.18835,1,1,0.450
36.5080,718,BL,25,3.34881,0.15593,0.29990,134,134,134,0.27880,3.42308,0.14921,1,1,0.450
36.5080,718,FR,17,3.66688,-0.11279,0.30026,134,134,134,0.27915,3.79013,-0.14120,1,1,0.450
36.5080,718,BR,10,3.21526,-0.10394,0.30244,134,134,134,0.28133,3.28303,-0.11116,1,1,0.450
36.5180,719,FL,1,3.53423,0.16801,0.30858,131,131,131,0.28745,3.65600,0.18804,1,1,0.450
36.5180,719,BL,24,3.34908,0.15661,0.29989,134,134,134,0.27879,3.41912,0.15043,1,1,0.450
36.5180,719,FR,16,3.66704,-0.11240,0.30030,134,134,134,0.27920,3.79448,-0.14111,1,1,0.450
36.5180,719,BR,9,3.21498,-0.10383,0.30245,134,134,134,0.28134,3.28360,-0.11012,1,1,0.450
36.5300,719,FL,1,3.53409,0.16764,0.30862,131,131,131,0.28749,3.65627,0.18790,1,1,0.450
36.5300,719,BL,24,3.35002,0.15666,0.29988,134,134,134,0.27878,3.42392,0.15035,1,1,0.450
36.5300,719,FR,16,3.66793,-0.11176,0.30032,134,134,134,0.27921,3.79646,-0.14044,1,1,0.450
36.5300,719,BR,9,3.21521,-0.10290,0.30255,134,134,134,0.28144,3.28447,-0.10874,1,1,0.450
36.5440,720,FL,30,3.80183,0.16727,0.30002,134,134,134,0.27891,3.90550,0.17822,1,1,0.450
36.5440,720,BL,23,3.35167,0.15799,0.29986,134,134,134,0.27876,3.42188,0.15239,1,1,0.450
36.5460,720,FR,15,3.66925,-0.11103,0.30048,134,134,134,0.27938,3.79759,-0.13938,1,1,0.450
36.5460,720,BR,8,3.21649,-0.10215,0.30280,134,134,134,0.28169,3.28630,-0.10708,1,1,0.450
36.5660,720,FL,30,3.80414,0.16794,0.30002,134,134,134,0.27892,3.91878,0.17951,1,1,0.450
36.5660,720,BL,23,3.35396,0.15898,0.29986,134,134,134,0.27875,3.43025,0.15341,1,1,0.450
36.5660,720,FR,15,3.67138,-0.10983,0.30052,134,134,134,0.27941,3.80004,-0.13850,1,1,0.450
36.5660,720,BR,8,3.21816,-0.10029,0.30251,134,134,134,0.28140,3.28867,-0.10454,1,1,0.450
36.5760,721,FL,29,3.80674,0.16965,0.30004,134,134,134,0.27893,3.91669,0.18130,1,1,0.450
36.5760,721,BL,22,3.35636,0.16151,0.29985,134,134,134,0.27875,3.42869,0.15689,1,1,0.450
36.5760,721,FR,14,3.67231,-0.10904,0.30066,134,134,134,0.27955,3.80262,-0.13610,1,1,0.450
36.5780,721,BR,7,3.21739,-0.10039,0.30307,134,134,134,0.28196,3.29075,-0.10215,1,1,0.450
36.5860,721,FL,29,3.80798,0.17000,0.30003,134,134,134,0.27893,3.92629,0.18206,1,1,0.450
36.5860,721,BL,22,3.35741,0.16156,0.29982,134,134,134,0.27872,3.43496,0.15734,1,1,0.450
36.5860,721,FR,14,3.67279,-0.10906,0.30055,134,134,134,0.27944,3.80451,-0.13563,1,1,0.450
36.5860,721,BR,7,3.21690,-0.10037,0.30268,134,134,134,0.28157,3.29125,-0.10138,1,1,0.450
36.5960,721,FL,29,3.80907,0.17067,0.30005,134,134,134,0.27895,3.92728,0.18250,1,1,0.450
36.5960,721,BL,22,3.35836,0.16253,0.29977,134,134,134,0.27867,3.43644,0.15867,1,1,0.450
36.5960,721,FR,14,3.67301,-0.10897,0.30062,134,134,134,0.27951,3.80546,-0.13469,1,1,0.450
36.5960,721,BR,7,3.21668,-0.10061,0.30266,134,134,134,0.28155,3.29169,-0.10072,1,1,0.450
36.6060,722,FL,28,3.81071,0.17135,0.30006,134,134,134,0.27895,3.92411,0.18374,1,1,0.450
36.6080,722,BL,21,3.35993,0.16348,0.29975,134,134,134,0.27864,3.43339,0.16053,1,1,0.450
36.6080,722,FR,13,3.67401,-0.10869,0.30050,134,134,134,0.27939,3.80708,-0.13386,1,1,0.450
36.6080,722,BR,6,3.21720,-0.10041,0.30216,134,134,134,0.28105,3.29278,-0.09987,1,1,0.450
36.6180,722,FL,28,3.81071,0.17138,0.30004,134,134,134,0.27893,3.93129,0.18421,1,1,0.450
36.6180,722,BL,21,3.35977,0.16313,0.29974,134,134,134,0.27864,3.43777,0.16040,1,1,0.450
36.6180,722,FR,13,3.67376,-0.10876,0.30048,134,134,134,0.27938,3.80746,-0.13389,1,1,0.450
36.6180,722,BR,6,3.21662,-0.10030,0.30219,134,134,134,0.28108,3.29249,-0.09940,1,1,0.450
36.6300,722,FL,28,3.81139,0.17210,0.30006,134,134,134,0.27896,3.93190,0.18476,1,1,0.450
36.6300,722,BL,21,3.36037,0.16417,0.29973,134,134,134,0.27863,3.43870,0.16161,1,1,0.450
36.6300,722,FR,13,3.67396,-0.10833,0.30069,134,134,134,0.27959,3.80785,-0.13299,1,1,0.450
36.6300,722,BR,6,3.21679,-0.10007,0.30270,134,134,134,0.28159,3.29283,-0.09847,1,1,0.450
36.6520,723,FL,27,3.81183,0.17280,0.30007,134,134,134,0.27896,3.92737,0.18612,1,1,0.450
36.6520,723,BL,20,3.36079,0.16506,0.29977,134,134,134,0.27867,3.43416,0.16340,1,1,0.450
36.6520,723,FR,12,3.67420,-0.10782,0.30084,134,134,134,0.27974,3.80818,-0.13217,1,1,0.450
36.6520,723,BR,5,3.21692,-0.09969,0.30326,134,134,134,0.28214,3.29320,-0.09735,1,1,0.450
36.6620,724,FL,26,3.81161,0.17348,0.30004,134,134,134,0.27893,3.92866,0.18801,1,1,0.450
36.6620,724,BL,19,3.36044,0.16556,0.29983,134,134,134,0.27873,3.43281,0.16492,1,1,0.450
36.6620,724,FR,11,3.67390,-0.10731,0.30115,134,134,134,0.28004,3.80799,-0.13150,1,1,0.450
36.6620,724,BR,4,3.21660,-0.09893,0.30432,134,134,134,0.28320,3.29283,-0.09573,1,1,0.450
36.6740,724,FL,26,3.81229,0.17368,0.30001,134,134,134,0.27891,3.93558,0.18864,1,1,0.450
36.6740,724,BL,19,3.36088,0.16559,0.29982,134,134,134,0.27872,3.43760,0.16530,1,1,0.450
36.6740,724,FR,11,3.67423,-0.10712,0.30130,134,134,134,0.28019,3.80855,-0.13146,1,1,0.450
36.6740,724,BR,4,3.21694,-0.09819,0.30475,134,134,134,0.28363,3.29319,-0.09476,1,1,0.450
36.6840,724,FL,26,3.81268,0.17454,0.30004,134,134,134,0.27894,3.93592,0.18925,1,1,0.450
36.6840,724,BL,19,3.36121,0.16697,0.29983,134,134,134,0.27873,3.43824,0.16667,1,1,0.450
36.6840,724,FR,11,3.67423,-0.10631,0.30159,134,134,134,0.28048,3.80840,-0.13042,1,1,0.450
36.6840,724,BR,4,3.21724,-0.09732,0.30546,133,133,133,0.28435,3.29303,-0.09313,1,1,0.450
36.6960,725,FL,25,3.81187,0.17501,0.30004,134,134,134,0.27894,3.92994,0.19044,1,1,0.450
36.6960,725,BL,18,3.36042,0.16764,0.29988,134,134,134,0.27878,3.43215,0.16831,1,1,0.450
36.6960,725,FR,10,3.67355,-0.10599,0.30179,134,134,134,0.28068,3.80729,-0.12984,1,1,0.450
36.6960,725,BR,3,3.21678,-0.09706,0.30600,132,132,132,0.28487,3.29234,-0.09210,1,1,0.450
36.7060,725,FL,25,3.81149,0.17515,0.29998,134,134,134,0.27888,3.93566,0.19119,1,1,0.450
36.7060,725,BL,18,3.35985,0.16749,0.29990,134,134,134,0.27880,3.43547,0.16863,1,1,0.450
36.7060,725,FR,10,3.67308,-0.10610,0.30195,134,134,134,0.28084,3.80678,-0.12987,1,1,0.450
36.7060,725,BR,3,3.21655,-0.09666,0.30633,132,132,132,0.28521,3.29159,-0.09142,1,1,0.450
36.7160,725,FL,25,3.81143,0.17595,0.30002,134,134,134,0.27892,3.93556,0.19183,1,1,0.450
36.7160,725,BL,18,3.35973,0.16861,0.29988,134,134,134,0.27878,3.43564,0.16997,1,1,0.450
36.7160,725,FR,10,3.67271,-0.10572,0.30214,134,134,134,0.28103,3.80620,-0.12894,1,1,0.450
36.7160,725,BR,3,3.21680,-0.09643,0.30649,132,132,132,0.28537,3.29073,-0.09071,1,1,0.450
36.7260,726,FL,24,3.81074,0.17662,0.30003,134,134,134,0.27893,3.92962,0.19334,1,1,0.450
36.7260,726,BL,17,3.35907,0.16927,0.29992,134,134,134,0.27882,3.43485,0.17103,1,1,0.450
36.7260,726,FR,9,3.67222,-0.10556,0.30226,134,134,134,0.28115,3.80524,-0.12826,1,1,0.450
36.7260,726,BR,2,3.21678,-0.09645,0.30660,132,132,132,0.28548,3.28991,-0.09027,1,1,0.450
36.7360,726,FL,24,3.81010,0.17670,0.29996,134,134,134,0.27885,3.93496,0.19410,1,1,0.450
36.7360,726,BL,17,3.35821,0.16867,0.29993,134,134,134,0.27883,3.43273,0.17218,1,1,0.450
36.7360,726,FR,9,3.67178,-0.10606,0.30239,134,134,134,0.28128,3.80437,-0.12858,1,1,0.450
36.7360,726,BR,2,3.21686,-0.09648,0.30659,132,132,132,0.28547,3.28938,-0.09047,1,1,0.450
36.7460,726,FL,24,3.80869,0.17734,0.30000,134,134,134,0.27890,3.93341,0.19482,1,1,0.450
36.7460,726,BL,17,3.35698,0.16929,0.29994,134,134,134,0.27883,3.43112,0.17311,1,1,0.450
36.7460,726,FR,9,3.67107,-0.10599,0.30255,134,134,134,0.28144,3.80281,-0.12789,1,1,0.450
36.7460,726,BR,2,3.21670,-0.09671,0.30670,132,132,132,0.28558,3.28848,-0.09044,1,1,0.450
36.7560,727,FL,23,3.80767,0.17809,0.30000,134,134,134,0.27890,3.92702,0.19658,1,1,0.450
36.7560,727,BL,16,3.35610,0.16972,0.29997,134,134,134,0.27887,3.42983,0.17409,1,1,0.450
36.7560,727,FR,8,3.67075,-0.10596,0.30257,134,134,134,0.28146,3.80170,-0.12726,1,1,0.450
36.7560,727,BR,1,3.21688,-0.09687,0.30659,132,132,132,0.28547,3.28801,-0.09057,1,1,0.450
36.7760,727,FL,23,3.80697,0.17852,0.29997,134,134,134,0.27887,3.92676,0.20228,1,1,0.450
36.7760,727,BL,16,3.35537,0.16896,0.29999,134,134,134,0.27889,3.42823,0.17473,1,1,0.450
36.7760,727,FR,8,3.67087,-0.10650,0.30259,134,134,134,0.28148,3.80089,-0.12742,1,1,0.450
36.7760,727,BR,1,3.21745,-0.09691,0.30639,132,132,132,0.28527,3.28821,-0.09124,1,1,0.450
36.7860,728,FL,22,3.80460,0.17981,0.29989,134,134,134,0.27879,3.92022,0.20340,1,1,0.450
36.7860,728,BL,15,3.35339,0.16946,0.29998,134,134,134,0.27887,3.42521,0.17632,1,1,0.450
36.7860,728,FR,7,3.67068,-0.10637,0.30239,134,134,134,0.28128,3.79862,-0.12610,1,1,0.450
36.7860,728,BR,30,3.48895,-0.09603,0.29988,134,134,134,0.27878,3.56679,-0.09874,1,1,0.450
36.7960,728,FL,22,3.80330,0.18015,0.29987,134,134,134,0.27877,3.92210,0.20712,1,1,0.450
36.7960,728,BL,15,3.35229,0.16864,0.30013,134,134,134,0.27903,3.42284,0.17666,1,1,0.450
36.7960,728,FR,7,3.67050,-0.10664,0.30266,134,134,134,0.28155,3.79749,-0.12621,1,1,0.450
36.7960,728,BR,30,3.48762,-0.09496,0.29988,134,134,134,0.27877,3.56390,-0.09186,1,1,0.450
36.8060,728,FL,22,3.80170,0.18047,0.29986,134,134,134,0.27876,3.92065,0.20705,1,1,0.450
36.8060,728,BL,15,3.35083,0.16908,0.30014,134,134,134,0.27904,3.42101,0.17714,1,1,0.450
36.8060,728,FR,7,3.66948,-0.10637,0.30296,134,134,134,0.28185,3.79571,-0.12558,1,1,0.450
36.8060,728,BR,30,3.48607,-0.09451,0.29990,134,134,134,0.27879,3.56284,-0.09150,1,1,0.450
36.8160,729,FL,21,3.80073,0.18092,0.29987,134,134,134,0.27877,3.91545,0.20748,1,1,0.450
36.8160,729,BL,14,3.35003,0.16938,0.30020,134,134,134,0.27909,3.41978,0.17773,1,1,0.450
36.8160,729,FR,6,3.66911,-0.10633,0.30298,134,134,134,0.28187,3.79468,-0.12525,1,1,0.450
36.8160,729,BR,29,3.48512,-0.09410,0.29990,134,134,134,0.27879,3.55775,-0.09120,1,1,0.450
36.8260,729,FL,21,3.79948,0.18084,0.29981,134,134,134,0.27871,3.91852,0.20970,1,1,0.450
36.8260,729,BL,14,3.34884,0.16845,0.30024,134,134,134,0.27914,3.41764,0.17790,1,1,0.450
36.8260,729,FR,6,3.66857,-0.10687,0.30277,134,134,134,0.28165,3.79312,-0.12572,1,1,0.450
36.8260,729,BR,29,3.48355,-0.09303,0.29989,134,134,134,0.27879,3.55759,-0.08687,1,1,0.450
36.8340,729,FL,21,3.79859,0.18098,0.29983,134,134,134,0.27873,3.91769,0.20959,1,1,0.450
36.8340,729,BL,14,3.34808,0.16882,0.30024,134,134,134,0.27914,3.41665,0.17827,1,1,0.450
36.8340,729,FR,6,3.66806,-0.10672,0.30289,134,134,134,0.28178,3.79211,-0.12540,1,1,0.450
36.8340,729,BR,29,3.48270,-0.09278,0.29990,134,134,134,0.27880,3.55720,-0.08659,1,1,0.450
36.8460,730,FL,20,3.79801,0.18127,0.29985,134,134,134,0.27875,3.91309,0.20959,1,1,0.450
36.8460,730,BL,13,3.34761,0.16909,0.30038,134,134,134,0.27928,3.41587,0.17875,1,1,0.450
36.8460,730,FR,5,3.66789,-0.10668,0.30317,134,134,134,0.28206,3.79130,-0.12520,1,1,0.450
36.8460,730,BR,28,3.48207,-0.09242,0.29990,134,134,134,0.27880,3.55257,-0.08661,1,1,0.450
36.8560,730,FL,20,3.79661,0.18091,0.29982,134,134,134,0.27872,3.91647,0.21089,1,1,0.450
36.8560,730,BL,13,3.34604,0.16819,0.30056,134,134,134,0.27945,3.41380,0.17849,1,1,0.450
36.8560,730,FR,5,3.66668,-0.10684,0.30347,134,134,134,0.28235,3.78921,-0.12548,1,1,0.450
36.8560,730,BR,28,3.48034,-0.09161,0.29990,134,134,134,0.27879,3.55360,-0.08387,1,1,0.450
36.8660,730,FL,20,3.79582,0.18104,0.29989,134,134,134,0.27879,3.91581,0.21065,1,1,0.450
36.8660,730,BL,13,3.34528,0.16872,0.30068,134,134,134,0.27958,3.41301,0.17867,1,1,0.450
36.8660,730,FR,5,3.66608,-0.10637,0.30408,134,134,134,0.28297,3.78814,-0.12488,1,1,0.450
36.8660,730,BR,28,3.47966,-0.09152,0.29990,134,134,134,0.27880,3.55342,-0.08381,1,1,0.450
36.8760,731,FL,19,3.79492,0.18129,0.29996,134,134,134,0.27886,3.91104,0.21021,1,1,0.450
36.8760,731,BL,12,3.34430,0.16925,0.30098,134,134,134,0.27987,3.41203,0.17883,1,1,0.450
36.8780,731,FR,4,3.66536,-0.10571,0.30504,133,133,133,0.28392,3.78666,-0.12403,1,1,0.450
36.8780,731,BR,27,3.47875,-0.09133,0.29991,134,134,134,0.27881,3.54857,-0.08420,1,1,0.450
36.8860,731,FL,19,3.79488,0.18095,0.29996,134,134,134,0.27886,3.91593,0.21108,1,1,0.450
36.8860,731,BL,12,3.34404,0.16859,0.30134,134,134,134,0.28024,3.41138,0.17844,1,1,0.450
36.8860,731,FR,4,3.66534,-0.10549,0.30583,132,132,132,0.28471,3.78592,-0.12384,1,1,0.450
36.8860,731,BR,27,3.47842,-0.09060,0.29991,134,134,134,0.27881,3.55164,-0.08240,1,1,0.450
36.8960,731,FL,19,3.79370,0.18113,0.30007,134,134,134,0.27897,3.91496,0.21074,1,1,0.450
36.8960,731,BL,12,3.34271,0.16935,0.30154,134,134,134,0.28043,3.41040,0.17848,1,1,0.450
36.8960,731,FR,4,3.66410,-0.10468,0.30668,132,132,132,0.28556,3.78411,-0.12276,1,1,0.450
36.8960,731,BR,27,3.47740,-0.09060,0.29991,134,134,134,0.27881,3.55112,-0.08253,1,1,0.450
36.9080,732,FL,18,3.79379,0.18129,0.30014,134,134,134,0.27904,3.91119,0.21005,1,1,0.450
36.9080,732,BL,11,3.34275,0.16983,0.30184,134,134,134,0.28073,3.41038,0.17851,1,1,0.450
36.9080,732,FR,3,3.66433,-0.10403,0.30774,132,132,132,0.28662,3.78388,-0.12183,1,1,0.450
36.9080,732,BR,26,3.47750,-0.09056,0.29992,134,134,134,0.27882,3.54730,-0.08322,1,1,0.450
36.9180,732,FL,18,3.79300,0.18100,0.30014,134,134,134,0.27903,3.91543,0.21060,1,1,0.450
36.9180,732,BL,11,3.34149,0.16940,0.30220,134,134,134,0.28109,3.40924,0.17797,1,1,0.450
36.9180,732,FR,3,3.66321,-0.10344,0.30825,132,132,132,0.28713,3.78213,-0.12112,1,1,0.450
36.9180,732,BR,26,3.47647,-0.08993,0.29993,134,134,134,0.27882,3.54996,-0.08205,1,1,0.450
36.9300,732,FL,18,3.79335,0.18095,0.30023,134,134,134,0.27912,3.91581,0.21018,1,1,0.450
36.9300,732,BL,11,3.34195,0.16964,0.30229,134,134,134,0.28118,3.40963,0.17785,1,1,0.450
36.9300,732,FR,3,3.66373,-0.10305,0.30877,131,131,131,0.28764,3.78280,-0.12091,1,1,0.450
36.9320,732,BR,26,3.47696,-0.09016,0.29992,134,134,134,0.27882,3.55096,-0.08247,1,1,0.450
36.9600,733,FL,17,3.79281,0.18091,0.30027,134,134,134,0.27916,3.91542,0.20979,1,1,0.450
36.9600,733,BL,10,3.34117,0.16990,0.30244,134,134,134,0.28133,3.40923,0.17746,1,1,0.450
36.9600,733,FR,2,3.66295,-0.10245,0.30908,131,131,131,0.28794,3.78190,-0.12018,1,1,0.450
36.9600,733,BR,25,3.47648,-0.09038,0.29992,134,134,134,0.27882,3.54646,-0.08345,1,1,0.450
36.9780,734,FL,16,3.79428,0.17966,0.30031,134,134,134,0.27920,3.92196,0.20898,1,1,0.450
36.9780,734,BL,9,3.34198,0.16855,0.30276,134,134,134,0.28165,3.41069,0.17509,1,1,0.450
36.9780,734,FR,1,3.66290,-0.10141,0.30921,131,131,131,0.28808,3.78416,-0.12038,1,1,0.450
36.9780,734,BR,24,3.47801,-0.09120,0.29991,134,134,134,0.27881,3.54776,-0.08459,1,1,0.450
36.9920,735,FL,15,3.79683,0.17841,0.30040,134,134,134,0.27930,3.92539,0.20749,1,1,0.450
36.9920,735,BL,8,3.34391,0.16701,0.30274,134,134,134,0.28163,3.41363,0.17252,1,1,0.450
36.9920,735,FR,30,3.93103,-0.09917,0.30000,134,134,134,0.27890,4.03452,-0.10957,1,1,0.450
36.9920,735,BR,23,3.48085,-0.09232,0.29987,134,134,134,0.27877,3.55072,-0.08622,1,1,0.450
37.0140,735,FL,15,3.79657,0.17819,0.30041,134,134,134,0.27931,3.92620,0.20655,1,1,0.450
37.0140,735,BL,8,3.34262,0.16708,0.30156,134,134,134,0.28045,3.41385,0.17109,1,1,0.450
37.0140,735,FR,30,3.93139,-0.09954,0.30003,134,134,134,0.27893,4.04613,-0.11065,1,1,0.450
37.0140,735,BR,23,3.48108,-0.09270,0.29979,134,134,134,0.27869,3.55764,-0.08699,1,1,0.450
37.0240,736,FL,14,3.80067,0.17651,0.30048,134,134,134,0.27937,3.93101,0.20410,1,1,0.450
37.0240,736,BL,7,3.34593,0.16533,0.30255,134,134,134,0.28144,3.41882,0.16779,1,1,0.450
37.0240,736,FR,29,3.93685,-0.10172,0.30004,134,134,134,0.27893,4.04686,-0.11277,1,1,0.450
37.0240,736,BR,22,3.48639,-0.09595,0.29980,134,134,134,0.27870,3.55876,-0.09114,1,1,0.450
37.0340,736,FL,14,3.80077,0.17636,0.30058,134,134,134,0.27947,3.93208,0.20375,1,1,0.450
37.0340,736,BL,7,3.34519,0.16515,0.30277,134,134,134,0.28166,3.41917,0.16670,1,1,0.450
37.0340,736,FR,29,3.93729,-0.10193,0.30003,134,134,134,0.27893,4.05566,-0.11336,1,1,0.450
37.0340,736,BR,22,3.48669,-0.09587,0.29982,134,134,134,0.27872,3.56421,-0.09130,1,1,0.450
37.0440,736,FL,14,3.80167,0.17625,0.30059,134,134,134,0.27948,3.93395,0.20262,1,1,0.450
37.0440,736,BL,7,3.34547,0.16540,0.30253,134,134,134,0.28142,3.42027,0.16605,1,1,0.450
37.0440,736,FR,29,3.93925,-0.10272,0.30005,134,134,134,0.27895,4.05753,-0.11391,1,1,0.450
37.0440,736,BR,22,3.48850,-0.09701,0.29977,134,134,134,0.27866,3.56654,-0.09278,1,1,0.450
37.0540,737,FL,13,3.80207,0.17601,0.30050,134,134,134,0.27940,3.93483,0.20196,1,1,0.450
37.0540,737,BL,6,3.34548,0.16518,0.30216,134,134,134,0.28105,3.42082,0.16519,1,1,0.450
37.0540,737,FR,28,3.94017,-0.10327,0.30006,134,134,134,0.27895,4.05363,-0.11505,1,1,0.450
37.0540,737,BR,21,3.48936,-0.09779,0.29974,134,134,134,0.27864,3.56281,-0.09450,1,1,0.450
37.0640,737,FL,13,3.80252,0.17597,0.30044,134,134,134,0.27933,3.93598,0.20190,1,1,0.450
37.0640,737,BL,6,3.34553,0.16488,0.30208,134,134,134,0.28097,3.42125,0.16458,1,1,0.450
37.0640,737,FR,28,3.94097,-0.10339,0.30003,134,134,134,0.27893,4.06162,-0.11555,1,1,0.450
37.0640,737,BR,21,3.49000,-0.09762,0.29973,134,134,134,0.27863,3.56796,-0.09447,1,1,0.450
37.0740,737,FL,13,3.80265,0.17563,0.30063,134,134,134,0.27952,3.93636,0.20113,1,1,0.450
37.0740,737,BL,6,3.34563,0.16477,0.30253,134,134,134,0.28142,3.42150,0.16387,1,1,0.450
37.0740,737,FR,28,3.94159,-0.10400,0.30006,134,134,134,0.27896,4.06217,-0.11600,1,1,0.450
37.0740,737,BR,21,3.49053,-0.09851,0.29972,134,134,134,0.27862,3.56885,-0.09553,1,1,0.450
37.0840,738,FL,12,3.80234,0.17532,0.30082,134,134,134,0.27971,3.93604,0.20057,1,1,0.450
37.0840,738,BL,5,3.34525,0.16458,0.30315,134,134,134,0.28204,3.42134,0.16303,1,1,0.450
37.0840,738,FR,27,3.94135,-0.10448,0.30006,134,134,134,0.27896,4.05696,-0.11717,1,1,0.450
37.0840,738,BR,20,3.49029,-0.09910,0.29976,134,134,134,0.27866,3.56365,-0.09703,1,1,0.450
37.0940,738,FL,12,3.80303,0.17521,0.30079,134,134,134,0.27969,3.93733,0.20049,1,1,0.450
37.0940,738,BL,5,3.34565,0.16408,0.30324,134,134,134,0.28213,3.42190,0.16242,1,1,0.450
37.0960,738,FR,27,3.94237,-0.10470,0.30003,134,134,134,0.27892,4.06460,-0.11784,1,1,0.450
37.0960,738,BR,20,3.49111,-0.09896,0.29976,134,134,134,0.27866,3.56871,-0.09711,1,1,0.450
37.1060,738,FL,12,3.80298,0.17470,0.30106,134,134,134,0.27995,3.93718,0.19972,1,1,0.450
37.1060,738,BL,5,3.34578,0.16368,0.30389,134,134,134,0.28277,3.42195,0.16141,1,1,0.450
37.1060,738,FR,27,3.94256,-0.10532,0.30006,134,134,134,0.27895,4.06472,-0.11831,1,1,0.450
37.1060,738,BR,20,3.49126,-0.09989,0.29976,134,134,134,0.27866,3.56917,-0.09813,1,1,0.450
37.1160,739,FL,11,3.80205,0.17430,0.30133,134,134,134,0.28022,3.93582,0.19914,1,1,0.450
37.1160,739,BL,4,3.34498,0.16340,0.30478,134,134,134,0.28366,3.42120,0.16031,1,1,0.450
37.1160,739,FR,26,3.94143,-0.10579,0.30006,134,134,134,0.27896,4.05849,-0.11951,1,1,0.450
37.1160,739,BR,19,3.49016,-0.10053,0.29983,134,134,134,0.27873,3.56284,-0.09966,1,1,0.450
37.1260,739,FL,11,3.80246,0.17410,0.30146,134,134,134,0.28036,3.93649,0.19915,1,1,0.450
37.1260,739,BL,4,3.34529,0.16260,0.30532,133,133,133,0.28421,3.42147,0.15934,1,1,0.450
37.1260,739,FR,26,3.94204,-0.10596,0.30001,134,134,134,0.27891,4.06542,-0.12016,1,1,0.450
37.1260,739,BR,19,3.49059,-0.10044,0.29986,134,134,134,0.27875,3.56729,-0.09979,1,1,0.450
37.1340,739,FL,11,3.80201,0.17357,0.30173,134,134,134,0.28062,3.93586,0.19833,1,1,0.450
37.1340,739,BL,4,3.34516,0.16215,0.30590,132,132,132,0.28477,3.42093,0.15821,1,1,0.450
37.1340,739,FR,26,3.94188,-0.10659,0.30004,134,134,134,0.27894,4.06520,-0.12061,1,1,0.450
37.1340,739,BR,19,3.49038,-0.10148,0.29986,134,134,134,0.27876,3.56736,-0.10086,1,1,0.450
37.1460,740,FL,10,3.80175,0.17323,0.30187,134,134,134,0.28076,3.93540,0.19776,1,1,0.450
37.1460,740,BL,3,3.34507,0.16183,0.30626,132,132,132,0.28514,3.42056,0.15733,1,1,0.450
37.1460,740,FR,25,3.94166,-0.10708,0.30004,134,134,134,0.27894,4.05982,-0.12186,1,1,0.450
37.1460,740,BR,18,3.49016,-0.10214,0.29989,134,134,134,0.27879,3.56190,-0.10251,1,1,0.450
37.1540,740,FL,10,3.80134,0.17329,0.30205,134,134,134,0.28094,3.93488,0.19778,1,1,0.450
37.1540,740,BL,3,3.34489,0.16138,0.30665,132,132,132,0.28553,3.41993,0.15657,1,1,0.450
37.1540,740,FR,25,3.94128,-0.10724,0.29998,134,134,134,0.27888,4.06554,-0.12258,1,1,0.450
37.1540,740,BR,18,3.48959,-0.10200,0.29993,134,134,134,0.27883,3.56524,-0.10278,1,1,0.450
37.1660,740,FL,10,3.80074,0.17304,0.30227,134,134,134,0.28116,3.93403,0.19711,1,1,0.450
37.1660,740,BL,3,3.34477,0.16126,0.30694,132,132,132,0.28582,3.41906,0.15597,1,1,0.450
37.1660,740,FR,25,3.94085,-0.10778,0.30002,134,134,134,0.27892,4.06507,-0.12299,1,1,0.450
37.1660,740,BR,18,3.48914,-0.10282,0.29992,134,134,134,0.27881,3.56502,-0.10379,1,1,0.450
37.1740,741,FL,9,3.80054,0.17274,0.30237,134,134,134,0.28126,3.93354,0.19629,1,1,0.450
37.1740,741,BL,2,3.34507,0.16108,0.30701,132,132,132,0.28589,3.41837,0.15538,1,1,0.450
37.1740,741,FR,24,3.94068,-0.10856,0.30003,134,134,134,0.27893,4.05966,-0.12461,1,1,0.450
37.1740,741,BR,17,3.48896,-0.10368,0.29994,134,134,134,0.27884,3.56477,-0.10497,1,1,0.450
37.1840,741,FL,9,3.79977,0.17334,0.30248,134,134,134,0.28137,3.93225,0.19674,1,1,0.450
37.1840,741,BL,2,3.34476,0.16124,0.30703,132,132,132,0.28591,3.41767,0.15558,1,1,0.450
37.1840,741,FR,24,3.93964,-0.10849,0.29996,134,134,134,0.27885,4.06459,-0.12519,1,1,0.450
37.1840,741,BR,17,3.48770,-0.10297,0.29995,134,134,134,0.27885,3.56226,-0.10600,1,1,0.450
37.1940,741,FL,9,3.79960,0.17307,0.30264,134,134,134,0.28153,3.93151,0.19577,1,1,0.450
37.1960,741,BL,2,3.34528,0.16124,0.30697,132,132,132,0.28584,3.41694,0.15545,1,1,0.450
37.1960,741,FR,24,3.93907,-0.10942,0.30000,134,134,134,0.27890,4.06393,-0.12618,1,1,0.450
37.1960,741,BR,17,3.48726,-0.10388,0.29995,134,134,134,0.27884,3.56157,-0.10725,1,1,0.450
37.2040,742,FL,8,3.79897,0.17312,0.30271,134,134,134,0.28160,3.92998,0.19526,1,1,0.450
37.2040,742,BL,1,3.34512,0.16147,0.30701,132,132,132,0.28588,3.41631,0.15552,1,1,0.450
37.2040,742,FR,23,3.93768,-0.11002,0.30001,134,134,134,0.27890,4.05715,-0.12781,1,1,0.450
37.2040,742,BR,16,3.48601,-0.10421,0.30000,134,134,134,0.27889,3.55992,-0.10811,1,1,0.450
37.2240,742,FL,8,3.79877,0.17378,0.30272,134,134,134,0.28161,3.92882,0.19556,1,1,0.450
37.2260,742,BL,1,3.34530,0.16162,0.30689,132,132,132,0.28577,3.41624,0.15619,1,1,0.450
37.2260,742,FR,23,3.93664,-0.11030,0.29997,134,134,134,0.27887,4.05658,-0.13332,1,1,0.450
37.2260,742,BR,16,3.48495,-0.10337,0.30002,134,134,134,0.27892,3.55794,-0.10863,1,1,0.450
37.2340,743,FL,7,3.79860,0.17364,0.30257,134,134,134,0.28146,3.92655,0.19426,1,1,0.450
37.2340,743,BL,30,3.61708,0.16244,0.29988,134,134,134,0.27878,3.69490,0.16563,1,1,0.450
37.2340,743,FR,22,3.93433,-0.11158,0.29989,134,134,134,0.27879,4.05011,-0.13442,1,1,0.450
37.2340,743,BR,15,3.48303,-0.10394,0.30001,134,134,134,0.27890,3.55497,-0.11024,1,1,0.450
37.2460,743,FL,7,3.79830,0.17403,0.30255,134,134,134,0.28144,3.92540,0.19441,1,1,0.450
37.2460,743,BL,30,3.61579,0.16135,0.29988,134,134,134,0.27877,3.69208,0.15870,1,1,0.450
37.2460,743,FR,22,3.93304,-0.11195,0.29986,134,134,134,0.27876,4.05205,-0.13821,1,1,0.450
37.2460,743,BR,15,3.48185,-0.10301,0.30010,134,134,134,0.27900,3.55271,-0.11064,1,1,0.450
37.2540,743,FL,7,3.79738,0.17347,0.30313,134,134,134,0.28202,3.92360,0.19341,1,1,0.450
37.2540,743,BL,30,3.61433,0.16065,0.29990,134,134,134,0.27880,3.69111,0.15806,1,1,0.450
37.2540,743,FR,22,3.93147,-0.11259,0.29987,134,134,134,0.27877,4.05063,-0.13847,1,1,0.450
37.2540,743,BR,15,3.48041,-0.10373,0.30015,134,134,134,0.27905,3.55089,-0.11137,1,1,0.450
37.2640,744,FL,6,3.79698,0.17341,0.30321,134,134,134,0.28210,3.92253,0.19303,1,1,0.450
37.2640,744,BL,29,3.61334,0.16023,0.29990,134,134,134,0.27879,3.68599,0.15774,1,1,0.450
37.2640,744,FR,21,3.93046,-0.11305,0.29988,134,134,134,0.27878,4.04540,-0.13893,1,1,0.450
37.2640,744,BR,14,3.47958,-0.10404,0.30023,134,134,134,0.27913,3.54960,-0.11199,1,1,0.450
37.2760,744,FL,6,3.79707,0.17418,0.30280,134,134,134,0.28168,3.92166,0.19372,1,1,0.450
37.2760,744,BL,29,3.61233,0.15916,0.29989,134,134,134,0.27879,3.68640,0.15341,1,1,0.450
37.2760,744,FR,21,3.92978,-0.11293,0.29981,134,134,134,0.27871,4.04902,-0.14115,1,1,0.450
37.2760,744,BR,14,3.47902,-0.10301,0.30023,134,134,134,0.27913,3.54799,-0.11221,1,1,0.450
37.2840,744,FL,6,3.79638,0.17393,0.30297,134,134,134,0.28186,3.92034,0.19333,1,1,0.450
37.2840,744,BL,29,3.61123,0.15884,0.29990,134,134,134,0.27880,3.68576,0.15307,1,1,0.450
37.2840,744,FR,21,3.92867,-0.11311,0.29983,134,134,134,0.27873,4.04797,-0.14106,1,1,0.450
37.2840,744,BR,14,3.47803,-0.10346,0.30023,134,134,134,0.27912,3.54680,-0.11263,1,1,0.450
37.2940,745,FL,5,3.79522,0.17373,0.30336,134,134,134,0.28224,3.91854,0.19295,1,1,0.450
37.2960,745,BL,28,3.60979,0.15858,0.29990,134,134,134,0.27880,3.68033,0.15316,1,1,0.450
37.2960,745,FR,20,3.92724,-0.11337,0.29986,134,134,134,0.27876,4.04256,-0.14098,1,1,0.450
37.2960,745,BR,13,3.47662,-0.10377,0.30039,134,134,134,0.27928,3.54523,-0.11297,1,1,0.450
37.3040,745,FL,5,3.79521,0.17414,0.30361,134,134,134,0.28249,3.91770,0.19347,1,1,0.450
37.3040,745,BL,28,3.60904,0.15772,0.29989,134,134,134,0.27879,3.68236,0.15040,1,1,0.450
37.3040,745,FR,20,3.92682,-0.11302,0.29982,134,134,134,0.27872,4.04689,-0.14234,1,1,0.450
37.3040,745,BR,13,3.47617,-0.10276,0.30056,134,134,134,0.27946,3.54400,-0.11284,1,1,0.450
37.3160,745,FL,5,3.79399,0.17356,0.30418,134,134,134,0.28307,3.91591,0.19278,1,1,0.450
37.3160,745,BL,28,3.60777,0.15763,0.29990,134,134,134,0.27880,3.68156,0.15032,1,1,0.450
37.3160,745,FR,20,3.92545,-0.11316,0.29990,134,134,134,0.27880,4.04563,-0.14209,1,1,0.450
37.3160,745,BR,13,3.47477,-0.10334,0.30066,134,134,134,0.27956,3.54271,-0.11297,1,1,0.450
37.3240,746,FL,4,3.79393,0.17301,0.30514,133,133,133,0.28403,3.91522,0.19207,1,1,0.450
37.3240,746,BL,27,3.60745,0.15744,0.29991,134,134,134,0.27881,3.67730,0.15069,1,1,0.450
37.3240,746,FR,19,3.92512,-0.11339,0.29996,134,134,134,0.27886,4.04142,-0.14170,1,1,0.450
37.3260,746,BR,12,3.47445,-0.10379,0.30097,134,134,134,0.27986,3.54223,-0.11315,1,1,0.450
37.3360,746,FL,4,3.79270,0.17268,0.30585,132,132,132,0.28473,3.91313,0.19164,1,1,0.450
37.3360,746,BL,27,3.60613,0.15672,0.29991,134,134,134,0.27881,3.67939,0.14890,1,1,0.450
37.3360,746,FR,19,3.92406,-0.11309,0.29997,134,134,134,0.27886,4.04537,-0.14253,1,1,0.450
37.3360,746,BR,12,3.47302,-0.10322,0.30132,134,134,134,0.28021,3.54069,-0.11272,1,1,0.450
37.3460,746,FL,4,3.79195,0.17184,0.30697,132,132,132,0.28585,3.91178,0.19059,1,1,0.450
37.3460,746,BL,27,3.60544,0.15669,0.29991,134,134,134,0.27881,3.67922,0.14905,1,1,0.450
37.3460,746,FR,19,3.92324,-0.11327,0.30009,134,134,134,0.27899,4.04474,-0.14215,1,1,0.450
37.3460,746,BR,12,3.47212,-0.10403,0.30157,134,134,134,0.28046,3.53994,-0.11282,1,1,0.450
37.3540,747,FL,3,3.79089,0.17103,0.30791,132,132,132,0.28678,3.91008,0.18937,1,1,0.450
37.3560,747,BL,26,3.60448,0.15663,0.29992,134,134,134,0.27882,3.67433,0.14970,1,1,0.450
37.3560,747,FR,18,3.92221,-0.11350,0.30016,134,134,134,0.27906,4.03994,-0.14150,1,1,0.450
37.3560,747,BR,11,3.47090,-0.10464,0.30188,134,134,134,0.28077,3.53892,-0.11285,1,1,0.450
37.3660,747,FL,3,3.79203,0.17097,0.30835,132,132,132,0.28722,3.91096,0.18942,1,1,0.450
37.3660,747,BL,26,3.60514,0.15601,0.29992,134,134,134,0.27882,3.67871,0.14854,1,1,0.450
37.3660,747,FR,18,3.92318,-0.11309,0.30013,134,134,134,0.27903,4.04573,-0.14213,1,1,0.450
37.3660,747,BR,11,3.47178,-0.10381,0.30218,134,134,134,0.28107,3.53926,-0.11241,1,1,0.450
37.3760,747,FL,3,3.79162,0.17026,0.30897,131,131,131,0.28784,3.91042,0.18873,1,1,0.450
37.3760,747,BL,26,3.60500,0.15623,0.29992,134,134,134,0.27882,3.67902,0.14891,1,1,0.450
37.3760,747,FR,18,3.92291,-0.11309,0.30024,134,134,134,0.27914,4.04557,-0.14164,1,1,0.450
37.3760,747,BR,11,3.47137,-0.10431,0.30227,134,134,134,0.28116,3.53925,-0.11218,1,1,0.450
37.3840,748,FL,2,3.79164,0.16989,0.30925,131,131,131,0.28812,3.91065,0.18848,1,1,0.450
37.3840,748,BL,25,3.60507,0.15643,0.29992,134,134,134,0.27882,3.67508,0.14982,1,1,0.450
37.3860,748,FR,17,3.92296,-0.11299,0.30027,134,134,134,0.27916,4.04566,-0.14137,1,1,0.450
37.3860,748,BR,10,3.47139,-0.10434,0.30241,134,134,134,0.28130,3.53929,-0.11190,1,1,0.450
37.3940,748,FL,2,3.79159,0.16964,0.30932,131,131,131,0.28819,3.91049,0.18829,1,1,0.450
37.3960,748,BL,25,3.60513,0.15600,0.29992,134,134,134,0.27882,3.67893,0.14905,1,1,0.450
37.3960,748,FR,17,3.92319,-0.11254,0.30026,134,134,134,0.27915,4.04683,-0.14118,1,1,0.450
37.3960,748,BR,10,3.47123,-0.10355,0.30267,134,134,134,0.28156,3.53919,-0.11117,1,1,0.450
37.4040,748,FL,2,3.79154,0.16918,0.30946,131,131,131,0.28832,3.91139,0.18839,1,1,0.450
37.4040,748,BL,25,3.60558,0.15653,0.29990,134,134,134,0.27880,3.67985,0.14974,1,1,0.450
37.4040,748,FR,17,3.92350,-0.11230,0.30033,134,134,134,0.27922,4.04705,-0.14059,1,1,0.450
37.4040,748,BR,10,3.47155,-0.10354,0.30270,134,134,134,0.28159,3.53976,-0.11062,1,1,0.450
37.4140,749,FL,1,3.79072,0.16865,0.30958,131,131,131,0.28845,3.91104,0.18797,1,1,0.450
37.4140,749,BL,24,3.60553,0.15697,0.29990,134,134,134,0.27880,3.67569,0.15087,1,1,0.450
37.4140,749,FR,16,3.92330,-0.11213,0.30036,134,134,134,0.27925,4.05110,-0.14068,1,1,0.450
37.4140,749,BR,9,3.47102,-0.10360,0.30275,134,134,134,0.28164,3.53980,-0.10997,1,1,0.450
37.4260,749,FL,1,3.79168,0.16862,0.30932,131,131,131,0.28819,3.91330,0.18855,1,1,0.450
37.4260,749,BL,24,3.60710,0.15711,0.29989,134,134,134,0.27879,3.68114,0.15082,1,1,0.450
37.4260,749,FR,16,3.92490,-0.11131,0.30034,134,134,134,0.27923,4.05353,-0.14008,1,1,0.450
37.4260,749,BR,9,3.47232,-0.10225,0.30284,134,134,134,0.28173,3.54115,-0.10859,1,1,0.450
37.4340,749,FL,1,3.78962,0.16768,0.30995,131,131,131,0.28882,3.91067,0.18741,1,1,0.450
37.4340,749,BL,24,3.60681,0.15789,0.29985,134,134,134,0.27875,3.68129,0.15182,1,1,0.450
37.4340,749,FR,16,3.92414,-0.11122,0.30049,134,134,134,0.27938,4.05325,-0.13911,1,1,0.450
37.4340,749,BR,9,3.47080,-0.10284,0.30271,134,134,134,0.28160,3.54117,-0.10766,1,1,0.450
37.4460,750,FL,30,4.05995,0.16827,0.30002,134,134,134,0.27892,4.16357,0.17906,1,1,0.450
37.4460,750,BL,23,3.60972,0.15919,0.29985,134,134,134,0.27874,3.68013,0.15377,1,1,0.450
37.4460,750,FR,15,3.92690,-0.11019,0.30053,134,134,134,0.27943,4.05561,-0.13838,1,1,0.450
37.4460,750,BR,8,3.47394,-0.10114,0.30291,134,134,134,0.28180,3.54393,-0.10593,1,1,0.450
37.4660,750,FL,30,4.06099,0.16865,0.30002,134,134,134,0.27892,4.17562,0.18017,1,1,0.450
37.4660,750,BL,23,3.61077,0.15975,0.29986,134,134,134,0.27876,3.68719,0.15431,1,1,0.450
37.4660,750,FR,15,3.92798,-0.10929,0.30058,134,134,134,0.27947,4.05691,-0.13772,1,1,0.450
37.4660,750,BR,8,3.47454,-0.09980,0.30278,134,134,134,0.28167,3.54531,-0.10384,1,1,0.450
37.4740,751,FL,29,4.06404,0.17030,0.30004,134,134,134,0.27894,4.17400,0.18194,1,1,0.450
37.4760,751,BL,22,3.61361,0.16219,0.29983,134,134,134,0.27873,3.68608,0.15774,1,1,0.450
37.4760,751,FR,14,3.92921,-0.10866,0.30065,134,134,134,0.27955,4.06003,-0.13537,1,1,0.450
37.4760,751,BR,7,3.47399,-0.10007,0.30308,134,134,134,0.28197,3.54754,-0.10180,1,1,0.450
37.4860,751,FL,29,4.06583,0.17061,0.30003,134,134,134,0.27893,4.18415,0.18266,1,1,0.450
37.4860,751,BL,22,3.61521,0.16221,0.29980,134,134,134,0.27870,3.69293,0.15814,1,1,0.450
37.4860,751,FR,14,3.93028,-0.10861,0.30054,134,134,134,0.27943,4.06240,-0.13502,1,1,0.450
37.4860,751,BR,7,3.47424,-0.09981,0.30271,134,134,134,0.28160,3.54858,-0.10101,1,1,0.450
37.4940,751,FL,29,4.06631,0.17127,0.30005,134,134,134,0.27895,4.18451,0.18307,1,1,0.450
37.4940,751,BL,22,3.61556,0.16320,0.29977,134,134,134,0.27867,3.69377,0.15941,1,1,0.450
37.4940,751,FR,14,3.93005,-0.10844,0.30067,134,134,134,0.27957,4.06266,-0.13409,1,1,0.450
37.4940,751,BR,7,3.47369,-0.09998,0.30287,134,134,134,0.28175,3.54864,-0.10019,1,1,0.450
37.5040,752,FL,28,4.06778,0.17185,0.30006,134,134,134,0.27895,4.18118,0.18422,1,1,0.450
37.5040,752,BL,21,3.61698,0.16399,0.29974,134,134,134,0.27864,3.69051,0.16111,1,1,0.450
37.5060,752,FR,13,3.93097,-0.10822,0.30054,134,134,134,0.27944,4.06411,-0.13340,1,1,0.450
37.5060,752,BR,6,3.47420,-0.09979,0.30237,134,134,134,0.28126,3.54960,-0.09949,1,1,0.450
37.5140,752,FL,28,4.06852,0.17199,0.30003,134,134,134,0.27893,4.18911,0.18480,1,1,0.450
37.5140,752,BL,21,3.61755,0.16381,0.29973,134,134,134,0.27863,3.69564,0.16112,1,1,0.450
37.5140,752,FR,13,3.93132,-0.10820,0.30049,134,134,134,0.27939,4.06525,-0.13330,1,1,0.450
37.5140,752,BR,6,3.47414,-0.09957,0.30232,134,134,134,0.28121,3.54992,-0.09893,1,1,0.450
37.5280,752,FL,28,4.06909,0.17261,0.30006,134,134,134,0.27896,4.18960,0.18527,1,1,0.450
37.5280,752,BL,21,3.61803,0.16469,0.29972,134,134,134,0.27862,3.69649,0.16220,1,1,0.450
37.5280,752,FR,13,3.93145,-0.10786,0.30069,134,134,134,0.27959,4.06557,-0.13251,1,1,0.450
37.5280,752,BR,6,3.47426,-0.09944,0.30275,134,134,134,0.28164,3.55018,-0.09817,1,1,0.450
37.5420,753,FL,27,4.06895,0.17331,0.30007,134,134,134,0.27896,4.18449,0.18660,1,1,0.450
37.5420,753,BL,20,3.61788,0.16558,0.29977,134,134,134,0.27867,3.69136,0.16396,1,1,0.450
37.5420,753,FR,12,3.93117,-0.10736,0.30090,134,134,134,0.27980,4.06529,-0.13170,1,1,0.450
37.5420,753,BR,5,3.47388,-0.09910,0.30351,134,134,134,0.28239,3.55004,-0.09701,1,1,0.450
37.5520,753,FL,27,4.06866,0.17352,0.30003,134,134,134,0.27893,4.19082,0.18731,1,1,0.450
37.5520,753,BL,20,3.61743,0.16541,0.29979,134,134,134,0.27868,3.69507,0.16412,1,1,0.450
37.5520,753,FR,12,3.93076,-0.10737,0.30098,134,134,134,0.27987,4.06518,-0.13159,1,1,0.450
37.5520,753,BR,5,3.47341,-0.09885,0.30386,134,134,134,0.28274,3.54950,-0.09637,1,1,0.450
37.5620,754,FL,26,4.06937,0.17425,0.30006,134,134,134,0.27896,4.18638,0.18865,1,1,0.450
37.5620,754,BL,19,3.61810,0.16650,0.29979,134,134,134,0.27869,3.69089,0.16605,1,1,0.450
37.5620,754,FR,11,3.93119,-0.10668,0.30122,134,134,134,0.28011,4.06551,-0.13074,1,1,0.450
37.5620,754,BR,4,3.47398,-0.09816,0.30454,134,134,134,0.28343,3.55000,-0.09508,1,1,0.450
37.5720,754,FL,26,4.07000,0.17441,0.30001,134,134,134,0.27890,4.19331,0.18931,1,1,0.450
37.5720,754,BL,19,3.61852,0.16638,0.29982,134,134,134,0.27872,3.69540,0.16621,1,1,0.450
37.5720,754,FR,11,3.93166,-0.10649,0.30134,134,134,134,0.28023,4.06619,-0.13078,1,1,0.450
37.5720,754,BR,4,3.47435,-0.09740,0.30500,133,133,133,0.28388,3.55045,-0.09412,1,1,0.450
37.5820,754,FL,26,4.06929,0.17491,0.30004,134,134,134,0.27894,4.19252,0.18965,1,1,0.450
37.5820,754,BL,19,3.61780,0.16727,0.29985,134,134,134,0.27874,3.69489,0.16710,1,1,0.450
37.5820,754,FR,11,3.93085,-0.10601,0.30171,134,134,134,0.28061,4.06503,-0.13008,1,1,0.450
37.5820,754,BR,4,3.47385,-0.09698,0.30590,132,132,132,0.28478,3.54968,-0.09297,1,1,0.450
37.5920,755,FL,25,4.06956,0.17559,0.30004,134,134,134,0.27894,4.18765,0.19100,1,1,0.450
37.5920,755,BL,18,3.61805,0.16829,0.29988,134,134,134,0.27878,3.68992,0.16899,1,1,0.450
37.5920,755,FR,10,3.93088,-0.10541,0.30188,134,134,134,0.28077,4.06497,-0.12929,1,1,0.450
37.5920,755,BR,3,3.47406,-0.09629,0.30640,132,132,132,0.28527,3.54945,-0.09163,1,1,0.450
37.6020,755,FL,25,4.06926,0.17561,0.29998,134,134,134,0.27888,4.19346,0.19162,1,1,0.450
37.6020,755,BL,18,3.61754,0.16797,0.29990,134,134,134,0.27880,3.69338,0.16914,1,1,0.450
37.6020,755,FR,10,3.93052,-0.10560,0.30197,134,134,134,0.28087,4.06457,-0.12948,1,1,0.450
37.6020,755,BR,3,3.47387,-0.09598,0.30655,132,132,132,0.28543,3.54894,-0.09112,1,1,0.450
37.6120,755,FL,25,4.06825,0.17616,0.30002,134,134,134,0.27892,4.19239,0.19203,1,1,0.450
37.6120,755,BL,18,3.61653,0.16879,0.29989,134,134,134,0.27879,3.69253,0.17014,1,1,0.450
37.6120,755,FR,10,3.92949,-0.10540,0.30222,134,134,134,0.28111,4.06309,-0.12878,1,1,0.450
37.6120,755,BR,3,3.47341,-0.09597,0.30694,132,132,132,0.28581,3.54769,-0.09051,1,1,0.450
37.6220,756,FL,24,4.06763,0.17679,0.30003,134,134,134,0.27892,4.18652,0.19349,1,1,0.450
37.6220,756,BL,17,3.61594,0.16950,0.29994,134,134,134,0.27883,3.69177,0.17115,1,1,0.450
37.6220,756,FR,9,3.92899,-0.10520,0.30236,134,134,134,0.28125,4.06216,-0.12811,1,1,0.450
37.6220,756,BR,2,3.47337,-0.09587,0.30715,132,132,132,0.28603,3.54684,-0.08992,1,1,0.450
37.6340,756,FL,24,4.06748,0.17697,0.29996,134,134,134,0.27885,4.19237,0.19434,1,1,0.450
37.6340,756,BL,17,3.61553,0.16906,0.29993,134,134,134,0.27882,3.69021,0.17247,1,1,0.450
37.6340,756,FR,9,3.92883,-0.10562,0.30242,134,134,134,0.28131,4.06176,-0.12831,1,1,0.450
37.6340,756,BR,2,3.47372,-0.09583,0.30697,132,132,132,0.28584,3.54644,-0.09008,1,1,0.450
37.6460,756,FL,24,4.06632,0.17789,0.30000,134,134,134,0.27890,4.19108,0.19534,1,1,0.450
37.6460,756,BL,17,3.61453,0.16994,0.29994,134,134,134,0.27884,3.68889,0.17375,1,1,0.450
37.6480,756,FR,9,3.92830,-0.10541,0.30262,134,134,134,0.28150,4.06037,-0.12734,1,1,0.450
37.6480,756,BR,2,3.47395,-0.09594,0.30704,132,132,132,0.28592,3.54551,-0.08992,1,1,0.450
37.6740,757,FL,23,4.06470,0.17863,0.30001,134,134,134,0.27890,4.18407,0.19705,1,1,0.450
37.6740,757,BL,16,3.61308,0.17035,0.30000,134,134,134,0.27890,3.68693,0.17474,1,1,0.450
37.6740,757,FR,8,3.92758,-0.10547,0.30271,134,134,134,0.28159,4.05861,-0.12677,1,1,0.450
37.6740,757,BR,1,3.47379,-0.09621,0.30712,132,132,132,0.28599,3.54472,-0.09011,1,1,0.450
37.6960,758,FL,22,4.06109,0.18013,0.29997,134,134,134,0.27886,4.17633,0.20431,1,1,0.450
37.6960,758,BL,15,3.60988,0.16987,0.30008,134,134,134,0.27898,3.68180,0.17666,1,1,0.450
37.6960,758,FR,7,3.92702,-0.10625,0.30251,134,134,134,0.28140,4.05494,-0.12608,1,1,0.450
37.6960,758,BR,30,3.74536,-0.09589,0.29986,134,134,134,0.27876,3.82248,-0.09813,1,1,0.450
37.7060,758,FL,22,4.05861,0.18102,0.29990,134,134,134,0.27879,4.17760,0.20771,1,1,0.450
37.7060,758,BL,15,3.60739,0.17009,0.30028,134,134,134,0.27918,3.67824,0.17767,1,1,0.450
37.7060,758,FR,7,3.92528,-0.10540,0.30351,134,134,134,0.28240,4.05186,-0.12477,1,1,0.450
37.7080,758,BR,30,3.74277,-0.09388,0.29988,134,134,134,0.27878,3.81905,-0.09086,1,1,0.450
37.7200,759,FL,21,4.05771,0.18148,0.29988,134,134,134,0.27878,4.17258,0.20775,1,1,0.450
37.7200,759,BL,14,3.60683,0.17065,0.30030,134,134,134,0.27920,3.67687,0.17864,1,1,0.450
37.7200,759,FR,6,3.92538,-0.10536,0.30336,134,134,134,0.28224,4.05096,-0.12430,1,1,0.450
37.7200,759,BR,29,3.74182,-0.09323,0.29990,134,134,134,0.27880,3.81447,-0.09046,1,1,0.450
37.7340,759,FL,21,4.05581,0.18142,0.29983,134,134,134,0.27873,4.17501,0.20994,1,1,0.450
37.7340,759,BL,14,3.60499,0.16989,0.30038,134,134,134,0.27927,3.67408,0.17889,1,1,0.450
37.7340,759,FR,6,3.92420,-0.10575,0.30326,134,134,134,0.28214,4.04858,-0.12463,1,1,0.450
37.7360,759,BR,29,3.73955,-0.09212,0.29989,134,134,134,0.27879,3.81361,-0.08613,1,1,0.450
37.7540,760,FL,20,4.05473,0.18178,0.29987,134,134,134,0.27876,4.16997,0.20964,1,1,0.450
37.7540,760,BL,13,3.60413,0.17064,0.30048,134,134,134,0.27937,3.67272,0.17963,1,1,0.450
37.7560,760,FR,5,3.92385,-0.10537,0.30374,134,134,134,0.28262,4.04720,-0.12397,1,1,0.450
37.7560,760,BR,28,3.73840,-0.09155,0.29991,134,134,134,0.27881,3.80893,-0.08592,1,1,0.450
37.7700,760,FL,20,4.05307,0.18176,0.29988,134,134,134,0.27878,4.17310,0.21121,1,1,0.450
37.7700,760,BL,13,3.60236,0.17013,0.30086,134,134,134,0.27975,3.67024,0.17976,1,1,0.450
37.7700,760,FR,5,3.92275,-0.10516,0.30471,134,134,134,0.28359,4.04470,-0.12378,1,1,0.450
37.7700,760,BR,28,3.73638,-0.09041,0.29991,134,134,134,0.27880,3.80968,-0.08294,1,1,0.450
37.7800,761,FL,19,4.05129,0.18212,0.29999,134,134,134,0.27889,4.16759,0.21049,1,1,0.450
37.7800,761,BL,12,3.60049,0.17123,0.30118,134,134,134,0.28007,3.66847,0.18006,1,1,0.450
37.7800,761,FR,4,3.92116,-0.10408,0.30594,132,132,132,0.28482,4.04203,-0.12218,1,1,0.450
37.7800,761,BR,27,3.73474,-0.09017,0.29992,134,134,134,0.27882,3.80458,-0.08325,1,1,0.450
37.7900,761,FL,19,4.05072,0.18194,0.30001,134,134,134,0.27891,4.17204,0.21145,1,1,0.450
37.7900,761,BL,12,3.59961,0.17070,0.30158,134,134,134,0.28047,3.66729,0.17979,1,1,0.450
37.7900,761,FR,4,3.92050,-0.10369,0.30692,132,132,132,0.28580,4.04066,-0.12178,1,1,0.450
37.7900,761,BR,27,3.73392,-0.08936,0.29992,134,134,134,0.27882,3.80720,-0.08149,1,1,0.450
37.8000,761,FL,19,4.05009,0.18219,0.30011,134,134,134,0.27901,4.17153,0.21119,1,1,0.450
37.8000,761,BL,12,3.59898,0.17143,0.30174,134,134,134,0.28064,3.66671,0.17994,1,1,0.450
37.8000,761,FR,4,3.92013,-0.10290,0.30774,132,132,132,0.28661,4.03977,-0.12070,1,1,0.450
37.8000,761,BR,27,3.73344,-0.08930,0.29992,134,134,134,0.27882,3.80723,-0.08158,1,1,0.450
37.8100,762,FL,18,4.05028,0.18238,0.30015,134,134,134,0.27905,4.16777,0.21066,1,1,0.450
37.8100,762,BL,11,3.59920,0.17179,0.30197,134,134,134,0.28086,3.66678,0.18002,1,1,0.450
37.8100,762,FR,3,3.92058,-0.10239,0.30844,131,131,131,0.28731,4.03989,-0.11994,1,1,0.450
37.8120,762,BR,26,3.73364,-0.08922,0.29993,134,134,134,0.27883,3.80347,-0.08220,1,1,0.450
37.8200,762,FL,18,4.05015,0.18212,0.30017,134,134,134,0.27907,4.17265,0.21128,1,1,0.450
37.8200,762,BL,11,3.59861,0.17131,0.30236,134,134,134,0.28126,3.66631,0.17951,1,1,0.450
37.8200,762,FR,3,3.92008,-0.10187,0.30919,131,131,131,0.28805,4.03891,-0.11934,1,1,0.450
37.8200,762,BR,26,3.73327,-0.08856,0.29993,134,134,134,0.27883,3.80677,-0.08099,1,1,0.450
37.8320,763,FL,17,4.04930,0.18226,0.30026,134,134,134,0.27916,4.17197,0.21094,1,1,0.450
37.8320,763,BL,10,3.59768,0.17184,0.30246,134,134,134,0.28135,3.66564,0.17948,1,1,0.450
37.8320,763,FR,2,3.91919,-0.10125,0.30964,131,131,131,0.28850,4.03787,-0.11857,1,1,0.450
37.8320,763,BR,25,3.73263,-0.08869,0.29993,134,134,134,0.27882,3.80263,-0.08188,1,1,0.450
37.8400,763,FL,17,4.04947,0.18190,0.30024,134,134,134,0.27914,4.17309,0.21081,1,1,0.450
37.8400,763,BL,10,3.59752,0.17111,0.30275,134,134,134,0.28164,3.66538,0.17884,1,1,0.450
37.8400,763,FR,2,3.91923,-0.10093,0.30971,131,131,131,0.28858,4.03784,-0.11824,1,1,0.450
37.8400,763,BR,25,3.73265,-0.08821,0.29993,134,134,134,0.27882,3.80647,-0.08115,1,1,0.450
37.8520,763,FL,17,4.04956,0.18187,0.30031,134,134,134,0.27921,4.17318,0.21037,1,1,0.450
37.8540,763,BL,10,3.59753,0.17138,0.30277,134,134,134,0.28165,3.66576,0.17854,1,1,0.450
37.8540,763,FR,2,3.91899,-0.10044,0.30990,131,131,131,0.28877,4.03800,-0.11794,1,1,0.450
37.8540,763,BR,25,3.73292,-0.08855,0.29991,134,134,134,0.27881,3.80721,-0.08168,1,1,0.450
37.8640,764,FL,16,4.05095,0.18136,0.30034,134,134,134,0.27924,4.17852,0.21045,1,1,0.450
37.8640,764,BL,9,3.59893,0.17074,0.30286,134,134,134,0.28175,3.66723,0.17760,1,1,0.450
37.8640,764,FR,1,3.91990,-0.10022,0.30989,131,131,131,0.28876,4.04051,-0.11866,1,1,0.450
37.8640,764,BR,24,3.73436,-0.08923,0.29991,134,134,134,0.27880,3.80456,-0.08303,1,1,0.450
37.8760,764,FL,16,4.05194,0.18065,0.30035,134,134,134,0.27925,4.18047,0.20982,1,1,0.450
37.8760,764,BL,9,3.59936,0.16969,0.30298,134,134,134,0.28186,3.66819,0.17616,1,1,0.450
37.8760,764,FR,1,3.91998,-0.09992,0.30966,131,131,131,0.28853,4.04157,-0.11869,1,1,0.450
37.8760,764,BR,24,3.73535,-0.08933,0.29990,134,134,134,0.27879,3.80933,-0.08286,1,1,0.450
37.8840,764,FL,16,4.05214,0.18031,0.30049,134,134,134,0.27939,4.18080,0.20895,1,1,0.450
37.8840,764,BL,9,3.59918,0.16961,0.30303,134,134,134,0.28192,3.66902,0.17499,1,1,0.450
37.8840,764,FR,1,3.91892,-0.09923,0.31006,131,131,131,0.28892,4.04114,-0.11857,1,1,0.450
37.8860,764,BR,24,3.73594,-0.09029,0.29987,134,134,134,0.27877,3.81035,-0.08396,1,1,0.450
37.8940,765,FL,15,4.05304,0.17987,0.30055,134,134,134,0.27945,4.18177,0.20835,1,1,0.450
37.8960,765,BL,8,3.59992,0.16905,0.30301,134,134,134,0.28190,3.67013,0.17383,1,1,0.450
37.8960,765,FR,30,4.18735,-0.09822,0.30002,134,134,134,0.27892,4.29105,-0.10860,1,1,0.450
37.8960,765,BR,23,3.73709,-0.09111,0.29985,134,134,134,0.27875,3.80742,-0.08549,1,1,0.450
37.9160,765,FL,15,4.05565,0.17869,0.30059,134,134,134,0.27948,4.18431,0.20783,1,1,0.450
37.9160,765,BL,8,3.60253,0.16684,0.30312,134,134,134,0.28201,3.67275,0.17152,1,1,0.450
37.9160,765,FR,30,4.18994,-0.09866,0.30002,134,134,134,0.27892,4.30462,-0.10969,1,1,0.450
37.9160,765,BR,23,3.73969,-0.09187,0.29987,134,134,134,0.27877,3.81606,-0.08617,1,1,0.450
37.9260,766,FL,14,4.05761,0.17753,0.30076,134,134,134,0.27965,4.18778,0.20542,1,1,0.450
37.9260,766,BL,7,3.60285,0.16614,0.30387,134,134,134,0.28275,3.67593,0.16861,1,1,0.450
37.9280,766,FR,29,4.19363,-0.10044,0.30003,134,134,134,0.27893,4.30363,-0.11150,1,1,0.450
37.9280,766,BR,22,3.74319,-0.09476,0.29988,134,134,134,0.27877,3.81559,-0.08988,1,1,0.450
37.9360,766,FL,14,4.05808,0.17753,0.30074,134,134,134,0.27964,4.18970,0.20496,1,1,0.450
37.9360,766,BL,7,3.60226,0.16607,0.30371,134,134,134,0.28260,3.67651,0.16772,1,1,0.450
37.9360,766,FR,29,4.19491,-0.10076,0.30003,134,134,134,0.27893,4.31328,-0.11214,1,1,0.450
37.9360,766,BR,22,3.74427,-0.09485,0.29986,134,134,134,0.27876,3.82192,-0.09029,1,1,0.450
37.9460,766,FL,14,4.05763,0.17750,0.30086,134,134,134,0.27976,4.18982,0.20419,1,1,0.450
37.9460,766,BL,7,3.60148,0.16630,0.30390,134,134,134,0.28279,3.67632,0.16709,1,1,0.450
37.9460,766,FR,29,4.19522,-0.10128,0.30005,134,134,134,0.27895,4.31348,-0.11244,1,1,0.450
37.9460,766,BR,22,3.74445,-0.09567,0.29982,134,134,134,0.27872,3.82260,-0.09144,1,1,0.450
37.9560,767,FL,13,4.05863,0.17722,0.30072,134,134,134,0.27962,4.19143,0.20339,1,1,0.450
37.9560,767,BL,6,3.60202,0.16604,0.30339,134,134,134,0.28227,3.67741,0.16621,1,1,0.450
37.9560,767,FR,28,4.19691,-0.10194,0.30005,134,134,134,0.27895,4.31037,-0.11365,1,1,0.450
37.9560,767,BR,21,3.74608,-0.09667,0.29979,134,134,134,0.27869,3.81957,-0.09335,1,1,0.450
37.9660,767,FL,13,4.05842,0.17726,0.30071,134,134,134,0.27961,4.19181,0.20342,1,1,0.450
37.9660,767,BL,6,3.60149,0.16586,0.30345,134,134,134,0.28233,3.67718,0.16565,1,1,0.450
37.9660,767,FR,28,4.19695,-0.10196,0.30003,134,134,134,0.27893,4.31760,-0.11407,1,1,0.450
37.9660,767,BR,21,3.74596,-0.09637,0.29979,134,134,134,0.27869,3.82398,-0.09322,1,1,0.450
37.9760,767,FL,13,4.05855,0.17694,0.30087,134,134,134,0.27977,4.19217,0.20262,1,1,0.450
37.9760,767,BL,6,3.60158,0.16573,0.30377,134,134,134,0.28266,3.67743,0.16489,1,1,0.450
37.9760,767,FR,28,4.19758,-0.10258,0.30006,134,134,134,0.27896,4.31816,-0.11452,1,1,0.450
37.9760,767,BR,21,3.74651,-0.09730,0.29977,134,134,134,0.27867,3.82487,-0.09432,1,1,0.450
37.9860,768,FL,12,4.05879,0.17651,0.30103,134,134,134,0.27992,4.19253,0.20195,1,1,0.450
37.9860,768,BL,5,3.60168,0.16538,0.30433,134,134,134,0.28321,3.67777,0.16392,1,1,0.450
37.9860,768,FR,27,4.19802,-0.10318,0.30006,134,134,134,0.27896,4.31364,-0.11579,1,1,0.450
37.9860,768,BR,20,3.74693,-0.09807,0.29981,134,134,134,0.27871,3.82036,-0.09600,1,1,0.450
37.9960,768,FL,12,4.05943,0.17642,0.30104,134,134,134,0.27994,4.19377,0.20185,1,1,0.450
37.9960,768,BL,5,3.60208,0.16492,0.30447,134,134,134,0.28336,3.67828,0.16330,1,1,0.450
37.9960,768,FR,27,4.19902,-0.10341,0.30003,134,134,134,0.27893,4.32126,-0.11646,1,1,0.450
37.9960,768,BR,20,3.74773,-0.09796,0.29981,134,134,134,0.27871,3.82543,-0.09613,1,1,0.450
38.0040,768,FL,12,4.05890,0.17596,0.30136,134,134,134,0.28025,4.19296,0.20118,1,1,0.450
38.0040,768,BL,5,3.60177,0.16457,0.30530,133,133,133,0.28418,3.67793,0.16228,1,1,0.450
38.0040,768,FR,27,4.19858,-0.10393,0.30006,134,134,134,0.27895,4.32073,-0.11684,1,1,0.450
38.0060,768,BR,20,3.74726,-0.09878,0.29983,134,134,134,0.27873,3.82522,-0.09703,1,1,0.450
38.0140,769,FL,11,4.05941,0.17537,0.30149,134,134,134,0.28039,4.19344,0.20053,1,1,0.450
38.0160,769,BL,4,3.60226,0.16389,0.30583,132,132,132,0.28471,3.67843,0.16111,1,1,0.450
38.0160,769,FR,26,4.19924,-0.10452,0.30006,134,134,134,0.27895,4.31633,-0.11812,1,1,0.450
38.0160,769,BR,19,3.74792,-0.09960,0.29987,134,134,134,0.27877,3.82075,-0.09869,1,1,0.450
38.0260,769,FL,11,4.05931,0.17533,0.30163,134,134,134,0.28052,4.19351,0.20062,1,1,0.450
38.0260,769,BL,4,3.60212,0.16337,0.30625,132,132,132,0.28513,3.67828,0.16037,1,1,0.450
38.0260,769,FR,26,4.19927,-0.10459,0.30001,134,134,134,0.27891,4.32266,-0.11868,1,1,0.450
38.0260,769,BR,19,3.74775,-0.09937,0.29989,134,134,134,0.27879,3.82463,-0.09870,1,1,0.450
38.0340,769,FL,11,4.05802,0.17498,0.30199,134,134,134,0.28089,4.19174,0.19986,1,1,0.450
38.0340,769,BL,4,3.60123,0.16324,0.30708,132,132,132,0.28595,3.67705,0.15936,1,1,0.450
38.0340,769,FR,26,4.19796,-0.10513,0.30004,134,134,134,0.27894,4.32128,-0.11908,1,1,0.450
38.0340,769,BR,19,3.74645,-0.10024,0.29991,134,134,134,0.27881,3.82350,-0.09967,1,1,0.450
38.0440,770,FL,10,4.05856,0.17436,0.30209,134,134,134,0.28098,4.19234,0.19907,1,1,0.450
38.0440,770,BL,3,3.60189,0.16249,0.30741,132,132,132,0.28628,3.67728,0.15811,1,1,0.450
38.0440,770,FR,25,4.19883,-0.10585,0.30004,134,134,134,0.27894,4.31701,-0.12053,1,1,0.450
38.0460,770,BR,18,3.74729,-0.10126,0.29994,134,134,134,0.27884,3.81913,-0.10163,1,1,0.450
38.0540,770,FL,10,4.05824,0.17457,0.30224,134,134,134,0.28113,4.19196,0.19922,1,1,0.450
38.0540,770,BL,3,3.60177,0.16224,0.30762,132,132,132,0.28650,3.67681,0.15768,1,1,0.450
38.0540,770,FR,25,4.19853,-0.10591,0.29998,134,134,134,0.27888,4.32281,-0.12117,1,1,0.450
38.0540,770,BR,18,3.74678,-0.10093,0.29997,134,134,134,0.27886,3.82261,-0.10178,1,1,0.450
38.0640,770,FL,10,4.05724,0.17432,0.30251,134,134,134,0.28140,4.19049,0.19849,1,1,0.450
38.0640,770,BL,3,3.60131,0.16219,0.30810,132,132,132,0.28697,3.67564,0.15699,1,1,0.450
38.0640,770,FR,25,4.19752,-0.10648,0.30002,134,134,134,0.27892,4.32173,-0.12161,1,1,0.450
38.0640,770,BR,18,3.74578,-0.10177,0.29997,134,134,134,0.27887,3.82175,-0.10279,1,1,0.450
38.0740,771,FL,9,4.05704,0.17399,0.30263,134,134,134,0.28152,4.19001,0.19767,1,1,0.450
38.0740,771,BL,2,3.60158,0.16196,0.30822,132,132,132,0.28709,3.67493,0.15631,1,1,0.450
38.0740,771,FR,24,4.19734,-0.10726,0.30003,134,134,134,0.27893,4.31633,-0.12323,1,1,0.450
38.0740,771,BR,17,3.74561,-0.10264,0.30001,134,134,134,0.27890,3.82148,-0.10397,1,1,0.450
38.0840,771,FL,9,4.05626,0.17463,0.30272,134,134,134,0.28161,4.18873,0.19813,1,1,0.450
38.0840,771,BL,2,3.60128,0.16218,0.30818,132,132,132,0.28706,3.67420,0.15661,1,1,0.450
38.0840,771,FR,24,4.19631,-0.10720,0.29996,134,134,134,0.27885,4.32127,-0.12382,1,1,0.450
38.0840,771,BR,17,3.74435,-0.10191,0.30001,134,134,134,0.27891,3.81899,-0.10502,1,1,0.450
38.0960,771,FL,9,4.05612,0.17436,0.30285,134,134,134,0.28174,4.18801,0.19715,1,1,0.450
38.0960,771,BL,2,3.60181,0.16217,0.30811,132,132,132,0.28698,3.67351,0.15648,1,1,0.450
38.0960,771,FR,24,4.19576,-0.10813,0.30000,134,134,134,0.27890,4.32061,-0.12483,1,1,0.450
38.0960,771,BR,17,3.74393,-0.10282,0.30000,134,134,134,0.27890,3.81830,-0.10628,1,1,0.450
38.1040,772,FL,8,4.05513,0.17446,0.30297,134,134,134,0.28186,4.18587,0.19663,1,1,0.450
38.1040,772,BL,1,3.60130,0.16251,0.30833,132,132,132,0.28721,3.67268,0.15654,1,1,0.450
38.1040,772,FR,23,4.19378,-0.10874,0.30001,134,134,134,0.27890,4.31323,-0.12647,1,1,0.450
38.1040,772,BR,16,3.74214,-0.10315,0.30007,134,134,134,0.27897,3.81599,-0.10717,1,1,0.450
38.1260,772,FL,8,4.05556,0.17498,0.30295,134,134,134,0.28184,4.18570,0.19683,1,1,0.450
38.1260,772,BL,1,3.60217,0.16246,0.30794,132,132,132,0.28681,3.67291,0.15724,1,1,0.450
38.1260,772,FR,23,4.19369,-0.10916,0.29997,134,134,134,0.27887,4.31365,-0.13214,1,1,0.450
38.1260,772,BR,16,3.74196,-0.10240,0.30007,134,134,134,0.27897,3.81504,-0.10781,1,1,0.450
38.1340,773,FL,7,4.05509,0.17492,0.30280,134,134,134,0.28169,4.18305,0.19564,1,1,0.450
38.1340,773,BL,30,3.87359,0.16353,0.29989,134,134,134,0.27879,3.95140,0.16678,1,1,0.450
38.1340,773,FR,22,4.19103,-0.11029,0.29989,134,134,134,0.27879,4.30681,-0.13305,1,1,0.450
38.1340,773,BR,15,3.73970,-0.10289,0.30007,134,134,134,0.27897,3.81174,-0.10927,1,1,0.450
38.1440,773,FL,7,4.05566,0.17552,0.30263,134,134,134,0.28152,4.18255,0.19590,1,1,0.450
38.1440,773,BL,30,3.87270,0.16234,0.29988,134,134,134,0.27878,3.94898,0.15971,1,1,0.450
38.1440,773,FR,22,4.19010,-0.11078,0.29985,134,134,134,0.27875,4.30904,-0.13708,1,1,0.450
38.1460,773,BR,15,3.73905,-0.10186,0.30013,134,134,134,0.27903,3.80963,-0.10984,1,1,0.450
38.1540,773,FL,7,4.05517,0.17531,0.30281,134,134,134,0.28170,4.18130,0.19533,1,1,0.450
38.1540,773,BL,30,3.87156,0.16181,0.29990,134,134,134,0.27880,3.94831,0.15923,1,1,0.450
38.1540,773,FR,22,4.18890,-0.11119,0.29983,134,134,134,0.27873,4.30792,-0.13718,1,1,0.450
38.1540,773,BR,15,3.73805,-0.10229,0.30011,134,134,134,0.27901,3.80821,-0.11043,1,1,0.450
38.1640,774,FL,6,4.05418,0.17513,0.30301,134,134,134,0.28190,4.17955,0.19485,1,1,0.450
38.1640,774,BL,29,3.87003,0.16142,0.29990,134,134,134,0.27880,3.94264,0.15891,1,1,0.450
38.1640,774,FR,21,4.18734,-0.11164,0.29985,134,134,134,0.27875,4.30217,-0.13761,1,1,0.450
38.1640,774,BR,14,3.73662,-0.10264,0.30020,134,134,134,0.27910,3.80643,-0.11096,1,1,0.450
38.1740,774,FL,6,4.05423,0.17576,0.30282,134,134,134,0.28171,4.17871,0.19543,1,1,0.450
38.1760,774,BL,29,3.86910,0.16038,0.29989,134,134,134,0.27879,3.94315,0.15463,1,1,0.450
38.1760,774,FR,21,4.18672,-0.11152,0.29979,134,134,134,0.27869,4.30586,-0.13979,1,1,0.450
38.1760,774,BR,14,3.73607,-0.10163,0.30025,134,134,134,0.27915,3.80487,-0.11111,1,1,0.450
38.1840,774,FL,6,4.05307,0.17559,0.30289,134,134,134,0.28178,4.17699,0.19510,1,1,0.450
38.1840,774,BL,29,3.86766,0.16015,0.29990,134,134,134,0.27880,3.94217,0.15437,1,1,0.450
38.1840,774,FR,21,4.18525,-0.11164,0.29981,134,134,134,0.27871,4.30447,-0.13964,1,1,0.450
38.1840,774,BR,14,3.73468,-0.10201,0.30023,134,134,134,0.27913,3.80336,-0.11143,1,1,0.450
38.1960,775,FL,5,4.05244,0.17544,0.30326,134,134,134,0.28215,4.17573,0.19480,1,1,0.450
38.1960,775,BL,28,3.86665,0.15987,0.29990,134,134,134,0.27880,3.93717,0.15444,1,1,0.450
38.1960,775,FR,20,4.18425,-0.11190,0.29984,134,134,134,0.27874,4.29948,-0.13958,1,1,0.450
38.1960,775,BR,13,3.73375,-0.10229,0.30039,134,134,134,0.27929,3.80217,-0.11181,1,1,0.450
38.2040,775,FL,5,4.05169,0.17571,0.30356,134,134,134,0.28245,4.17412,0.19520,1,1,0.450
38.2040,775,BL,28,3.86536,0.15904,0.29990,134,134,134,0.27880,3.93865,0.15171,1,1,0.450
38.2040,775,FR,20,4.18328,-0.11153,0.29981,134,134,134,0.27871,4.30329,-0.14088,1,1,0.450
38.2040,775,BR,13,3.73266,-0.10134,0.30058,134,134,134,0.27947,3.80049,-0.11159,1,1,0.450
38.2140,775,FL,5,4.05116,0.17528,0.30410,134,134,134,0.28299,4.17312,0.19467,1,1,0.450
38.2140,775,BL,28,3.86470,0.15898,0.29990,134,134,134,0.27880,3.93848,0.15166,1,1,0.450
38.2140,775,FR,20,4.18253,-0.11162,0.29988,134,134,134,0.27878,4.30264,-0.14063,1,1,0.450
38.2140,775,BR,13,3.73194,-0.10182,0.30068,134,134,134,0.27958,3.79975,-0.11173,1,1,0.450
38.2240,776,FL,4,4.05098,0.17472,0.30507,133,133,133,0.28395,4.17232,0.19395,1,1,0.450
38.2240,776,BL,27,3.86441,0.15884,0.29991,134,134,134,0.27881,3.93424,0.15207,1,1,0.450
38.2240,776,FR,19,4.18225,-0.11181,0.29995,134,134,134,0.27884,4.29849,-0.14016,1,1,0.450
38.2240,776,BR,12,3.73160,-0.10230,0.30097,134,134,134,0.27987,3.79940,-0.11184,1,1,0.450
38.2340,776,FL,4,4.05047,0.17453,0.30568,133,133,133,0.28456,4.17104,0.19381,1,1,0.450
38.2340,776,BL,27,3.86359,0.15814,0.29991,134,134,134,0.27881,3.93682,0.15031,1,1,0.450
38.2340,776,FR,19,4.18174,-0.11141,0.29994,134,134,134,0.27884,4.30291,-0.14096,1,1,0.450
38.2340,776,BR,12,3.73083,-0.10158,0.30129,134,134,134,0.28018,3.79834,-0.11140,1,1,0.450
38.2460,776,FL,4,4.04912,0.17368,0.30666,132,132,132,0.28553,4.16912,0.19268,1,1,0.450
38.2460,776,BL,27,3.86255,0.15815,0.29991,134,134,134,0.27881,3.93629,0.15046,1,1,0.450
38.2460,776,FR,19,4.18053,-0.11159,0.30006,134,134,134,0.27896,4.30194,-0.14057,1,1,0.450
38.2460,776,BR,12,3.72945,-0.10239,0.30151,134,134,134,0.28041,3.79732,-0.11142,1,1,0.450
38.2540,777,FL,3,4.04946,0.17316,0.30754,132,132,132,0.28641,4.16910,0.19207,1,1,0.450
38.2540,777,BL,26,3.86263,0.15814,0.29992,134,134,134,0.27882,3.93244,0.15115,1,1,0.450
38.2540,777,FR,18,4.18062,-0.11167,0.30011,134,134,134,0.27901,4.29812,-0.13990,1,1,0.450
38.2540,777,BR,11,3.72957,-0.10271,0.30178,134,134,134,0.28067,3.79726,-0.11143,1,1,0.450
38.2660,777,FL,3,4.04846,0.17266,0.30800,132,132,132,0.28688,4.16737,0.19138,1,1,0.450
38.2660,777,BL,26,3.86164,0.15752,0.29993,134,134,134,0.27882,3.93512,0.14995,1,1,0.450
38.2660,777,FR,18,4.17987,-0.11136,0.30011,134,134,134,0.27900,4.30237,-0.14044,1,1,0.450
38.2660,777,BR,11,3.72836,-0.10223,0.30213,134,134,134,0.28102,3.79614,-0.11089,1,1,0.450
38.2760,777,FL,3,4.04793,0.17193,0.30883,131,131,131,0.28770,4.16665,0.19059,1,1,0.450
38.2760,777,BL,26,3.86144,0.15772,0.29992,134,134,134,0.27882,3.93546,0.15039,1,1,0.450
38.2760,777,FR,18,4.17948,-0.11140,0.30023,134,134,134,0.27912,4.30219,-0.13992,1,1,0.450
38.2780,777,BR,11,3.72786,-0.10282,0.30231,134,134,134,0.28120,3.79593,-0.11076,1,1,0.450
38.2880,778,FL,2,4.04867,0.17167,0.30920,131,131,131,0.28807,4.16769,0.19054,1,1,0.450
38.2880,778,BL,25,3.86211,0.15800,0.29992,134,134,134,0.27882,3.93213,0.15139,1,1,0.450
38.2880,778,FR,17,4.18016,-0.11121,0.30026,134,134,134,0.27915,4.30285,-0.13958,1,1,0.450
38.2880,778,BR,10,3.72858,-0.10272,0.30246,134,134,134,0.28135,3.79654,-0.11040,1,1,0.450
38.2960,778,FL,2,4.04856,0.17125,0.30911,131,131,131,0.28798,4.16787,0.19045,1,1,0.450
38.2980,778,BL,25,3.86233,0.15777,0.29992,134,134,134,0.27882,3.93612,0.15081,1,1,0.450
38.2980,778,FR,17,4.18057,-0.11058,0.30024,134,134,134,0.27914,4.30419,-0.13916,1,1,0.450
38.2980,778,BR,10,3.72854,-0.10185,0.30266,134,134,134,0.28155,3.79672,-0.10937,1,1,0.450
38.3100,778,FL,2,4.04848,0.17089,0.30923,131,131,131,0.28810,4.16838,0.19046,1,1,0.450
38.3100,778,BL,25,3.86273,0.15826,0.29990,134,134,134,0.27880,3.93697,0.15148,1,1,0.450
38.3100,778,FR,17,4.18081,-0.11038,0.30031,134,134,134,0.27920,4.30439,-0.13858,1,1,0.450
38.3100,778,BR,10,3.72874,-0.10191,0.30269,134,134,134,0.28158,3.79724,-0.10888,1,1,0.450
38.3280,779,FL,1,4.04872,0.17055,0.30921,131,131,131,0.28808,4.17028,0.19087,1,1,0.450
38.3280,779,BL,24,3.86383,0.15919,0.29990,134,134,134,0.27880,3.93397,0.15308,1,1,0.450
38.3280,779,FR,16,4.18178,-0.10976,0.30034,134,134,134,0.27924,4.30942,-0.13829,1,1,0.450
38.3280,779,BR,9,3.72957,-0.10134,0.30278,134,134,134,0.28167,3.79840,-0.10761,1,1,0.450
38.3400,779,FL,1,4.04850,0.16988,0.30946,131,131,131,0.28833,4.17158,0.19132,1,1,0.450
38.3400,779,BL,24,3.86585,0.16014,0.29989,134,134,134,0.27878,3.93977,0.15378,1,1,0.450
38.3400,779,FR,16,4.18361,-0.10849,0.30044,134,134,134,0.27934,4.31229,-0.13693,1,1,0.450
38.3400,779,BR,9,3.73056,-0.09981,0.30298,134,134,134,0.28187,3.80052,-0.10502,1,1,0.450
38.3500,780,FL,30,4.31696,0.17054,0.30002,134,134,134,0.27892,4.42062,0.18143,1,1,0.450
38.3500,780,BL,23,3.86678,0.16140,0.29982,134,134,134,0.27872,3.93705,0.15582,1,1,0.450
38.3500,780,FR,15,4.18405,-0.10801,0.30056,134,134,134,0.27946,4.31292,-0.13576,1,1,0.450
38.3500,780,BR,8,3.73065,-0.09970,0.30251,134,134,134,0.28140,3.80159,-0.10357,1,1,0.450
38.3740,781,FL,29,4.31965,0.17119,0.30001,134,134,134,0.27891,4.42968,0.18332,1,1,0.450
38.3740,781,BL,22,3.86946,0.16229,0.29989,134,134,134,0.27879,3.94120,0.15747,1,1,0.450
38.3740,781,FR,14,4.18685,-0.10663,0.30055,134,134,134,0.27945,4.31547,-0.13521,1,1,0.450
38.3740,781,BR,7,3.73358,-0.09706,0.30324,134,134,134,0.28213,3.80439,-0.10106,1,1,0.450
38.3880,781,FL,29,4.32237,0.17261,0.30003,134,134,134,0.27893,4.44068,0.18479,1,1,0.450
38.3880,781,BL,22,3.87190,0.16417,0.29987,134,134,134,0.27877,3.94919,0.15959,1,1,0.450
38.3880,781,FR,14,4.18773,-0.10599,0.30072,134,134,134,0.27962,4.31888,-0.13291,1,1,0.450
38.3880,781,BR,7,3.73206,-0.09726,0.30346,134,134,134,0.28234,3.80623,-0.09860,1,1,0.450
38.4020,782,FL,28,4.32476,0.17361,0.30005,134,134,134,0.27895,4.43816,0.18610,1,1,0.450
38.4020,782,BL,21,3.87404,0.16563,0.29979,134,134,134,0.27869,3.94733,0.16240,1,1,0.450
38.4020,782,FR,13,4.18846,-0.10604,0.30071,134,134,134,0.27961,4.32118,-0.13161,1,1,0.450
38.4020,782,BR,6,3.73182,-0.09751,0.30301,134,134,134,0.28190,3.80719,-0.09765,1,1,0.450
38.4140,782,FL,28,4.32519,0.17375,0.30003,134,134,134,0.27893,4.44576,0.18657,1,1,0.450
38.4140,782,BL,21,3.87426,0.16560,0.29977,134,134,134,0.27867,3.95222,0.16272,1,1,0.450
38.4140,782,FR,13,4.18824,-0.10621,0.30066,134,134,134,0.27956,4.32191,-0.13150,1,1,0.450
38.4140,782,BR,6,3.73104,-0.09743,0.30294,134,134,134,0.28183,3.80699,-0.09692,1,1,0.450
38.4360,783,FL,27,4.32597,0.17441,0.30006,134,134,134,0.27896,4.44150,0.18778,1,1,0.450
38.4360,783,BL,20,3.87495,0.16663,0.29973,134,134,134,0.27862,3.94831,0.16476,1,1,0.450
38.4360,783,FR,12,4.18846,-0.10593,0.30070,134,134,134,0.27959,4.32233,-0.13063,1,1,0.450
38.4360,783,BR,5,3.73130,-0.09734,0.30280,134,134,134,0.28169,3.80729,-0.09609,1,1,0.450
38.4480,783,FL,27,4.32680,0.17518,0.30003,134,134,134,0.27893,4.44896,0.18895,1,1,0.450
38.4480,783,BL,20,3.87560,0.16722,0.29978,134,134,134,0.27868,3.95319,0.16570,1,1,0.450
38.4480,783,FR,12,4.18889,-0.10549,0.30089,134,134,134,0.27979,4.32333,-0.12990,1,1,0.450
38.4480,783,BR,5,3.73143,-0.09675,0.30366,134,134,134,0.28254,3.80771,-0.09464,1,1,0.450
38.4580,783,FL,27,4.32637,0.17580,0.30006,134,134,134,0.27896,4.44844,0.18942,1,1,0.450
38.4580,783,BL,20,3.87512,0.16813,0.29980,134,134,134,0.27870,3.95297,0.16680,1,1,0.450
38.4580,783,FR,12,4.18829,-0.10503,0.30124,134,134,134,0.28013,4.32249,-0.12915,1,1,0.450
38.4580,783,BR,5,3.73106,-0.09640,0.30456,134,134,134,0.28344,3.80726,-0.09352,1,1,0.450
38.4680,784,FL,26,4.32757,0.17659,0.30006,134,134,134,0.27895,4.44458,0.19084,1,1,0.450
38.4680,784,BL,19,3.87630,0.16926,0.29983,134,134,134,0.27873,3.94905,0.16871,1,1,0.450
38.4680,784,FR,11,4.18922,-0.10420,0.30135,134,134,134,0.28024,4.32345,-0.12828,1,1,0.450
38.4680,784,BR,4,3.73195,-0.09542,0.30509,133,133,133,0.28397,3.80813,-0.09199,1,1,0.450
38.4780,784,FL,26,4.32696,0.17653,0.30001,134,134,134,0.27890,4.45026,0.19131,1,1,0.450
38.4780,784,BL,19,3.87553,0.16883,0.29986,134,134,134,0.27876,3.95230,0.16860,1,1,0.450
38.4780,784,FR,11,4.18869,-0.10433,0.30150,134,134,134,0.28039,4.32289,-0.12851,1,1,0.450
38.4780,784,BR,4,3.73147,-0.09508,0.30552,133,133,133,0.28440,3.80759,-0.09139,1,1,0.450
38.4880,784,FL,26,4.32675,0.17715,0.30004,134,134,134,0.27894,4.45000,0.19178,1,1,0.450
38.4880,784,BL,19,3.87528,0.16982,0.29986,134,134,134,0.27875,3.95227,0.16966,1,1,0.450
38.4880,784,FR,11,4.18820,-0.10387,0.30174,134,134,134,0.28063,4.32223,-0.12771,1,1,0.450
38.4880,784,BR,4,3.73132,-0.09473,0.30606,132,132,132,0.28494,3.80695,-0.09041,1,1,0.450
38.4980,785,FL,25,4.32642,0.17774,0.30004,134,134,134,0.27894,4.44450,0.19307,1,1,0.450
38.4980,785,BL,18,3.87496,0.17068,0.29992,134,134,134,0.27882,3.94670,0.17141,1,1,0.450
38.4980,785,FR,10,4.18784,-0.10335,0.30198,134,134,134,0.28087,4.32160,-0.12701,1,1,0.450
38.4980,785,BR,3,3.73116,-0.09423,0.30672,132,132,132,0.28560,3.80650,-0.08915,1,1,0.450
38.5060,785,FL,25,4.32665,0.17777,0.29998,134,134,134,0.27888,4.45085,0.19373,1,1,0.450
38.5060,785,BL,18,3.87496,0.17031,0.29991,134,134,134,0.27881,3.95070,0.17156,1,1,0.450
38.5060,785,FR,10,4.18788,-0.10360,0.30201,134,134,134,0.28091,4.32179,-0.12722,1,1,0.450
38.5060,785,BR,3,3.73139,-0.09393,0.30668,132,132,132,0.28556,3.80617,-0.08892,1,1,0.450
38.5160,785,FL,25,4.32607,0.17846,0.30002,134,134,134,0.27892,4.45021,0.19428,1,1,0.450
38.5180,785,BL,18,3.87436,0.17127,0.29991,134,134,134,0.27881,3.95034,0.17270,1,1,0.450
38.5180,785,FR,10,4.18720,-0.10326,0.30228,134,134,134,0.28117,4.32073,-0.12638,1,1,0.450
38.5180,785,BR,3,3.73129,-0.09378,0.30703,132,132,132,0.28591,3.80518,-0.08821,1,1,0.450
38.5280,786,FL,24,4.32537,0.17912,0.30003,134,134,134,0.27893,4.44426,0.19578,1,1,0.450
38.5280,786,BL,17,3.87368,0.17194,0.29995,134,134,134,0.27885,3.94950,0.17372,1,1,0.450
38.5280,786,FR,9,4.18669,-0.10307,0.30239,134,134,134,0.28128,4.31976,-0.12570,1,1,0.450
38.5280,786,BR,2,3.73125,-0.09376,0.30717,132,132,132,0.28604,3.80432,-0.08772,1,1,0.450
38.5360,786,FL,24,4.32429,0.17905,0.29996,134,134,134,0.27885,4.44915,0.19640,1,1,0.450
38.5360,786,BL,17,3.87240,0.17119,0.29997,134,134,134,0.27886,3.94692,0.17471,1,1,0.450
38.5360,786,FR,9,4.18593,-0.10369,0.30254,134,134,134,0.28143,4.31845,-0.12617,1,1,0.450
38.5360,786,BR,2,3.73096,-0.09392,0.30724,132,132,132,0.28612,3.80360,-0.08798,1,1,0.450
38.5460,786,FL,24,4.32368,0.17997,0.30001,134,134,134,0.27890,4.44843,0.19742,1,1,0.450
38.5460,786,BL,17,3.87193,0.17203,0.29995,134,134,134,0.27885,3.94616,0.17594,1,1,0.450
38.5460,786,FR,9,4.18578,-0.10348,0.30266,134,134,134,0.28155,4.31770,-0.12523,1,1,0.450
38.5480,786,BR,2,3.73151,-0.09399,0.30707,132,132,132,0.28595,3.80291,-0.08805,1,1,0.450
38.5580,787,FL,23,4.32264,0.18072,0.30001,134,134,134,0.27891,4.44200,0.19919,1,1,0.450
38.5580,787,BL,16,3.87102,0.17245,0.30000,134,134,134,0.27889,3.94488,0.17692,1,1,0.450
38.5580,787,FR,8,4.18545,-0.10343,0.30270,134,134,134,0.28159,4.31655,-0.12460,1,1,0.450
38.5580,787,BR,1,3.73168,-0.09412,0.30699,132,132,132,0.28586,3.80246,-0.08812,1,1,0.450
38.5760,787,FL,23,4.32060,0.18083,0.29997,134,134,134,0.27887,4.44037,0.20452,1,1,0.450
38.5760,787,BL,16,3.86907,0.17145,0.30005,134,134,134,0.27895,3.94179,0.17728,1,1,0.450
38.5760,787,FR,8,4.18471,-0.10426,0.30273,134,134,134,0.28162,4.31438,-0.12508,1,1,0.450
38.5760,787,BR,1,3.73126,-0.09444,0.30719,132,132,132,0.28606,3.80242,-0.08882,1,1,0.450
38.5860,788,FL,22,4.31918,0.18225,0.29989,134,134,134,0.27879,4.43481,0.20580,1,1,0.450
38.5860,788,BL,15,3.86799,0.17205,0.30000,134,134,134,0.27890,3.93974,0.17894,1,1,0.450
38.5860,788,FR,7,4.18517,-0.10396,0.30254,134,134,134,0.28143,4.31313,-0.12365,1,1,0.450
38.5880,788,BR,30,4.00343,-0.09348,0.29988,134,134,134,0.27878,4.08127,-0.09622,1,1,0.450
38.5960,788,FL,22,4.31784,0.18262,0.29989,134,134,134,0.27879,4.43675,0.20942,1,1,0.450
38.5960,788,BL,15,3.86660,0.17145,0.30020,134,134,134,0.27909,3.93759,0.17918,1,1,0.450
38.5960,788,FR,7,4.18432,-0.10385,0.30310,134,134,134,0.28199,4.31161,-0.12346,1,1,0.450
38.5960,788,BR,30,4.00207,-0.09241,0.29988,134,134,134,0.27878,4.07834,-0.08935,1,1,0.450
38.6080,788,FL,22,4.31619,0.18297,0.29989,134,134,134,0.27878,4.43526,0.20937,1,1,0.450
38.6080,788,BL,15,3.86510,0.17193,0.30024,134,134,134,0.27913,3.93570,0.17972,1,1,0.450
38.6080,788,FR,7,4.18332,-0.10356,0.30349,134,134,134,0.28238,4.30976,-0.12276,1,1,0.450
38.6080,788,BR,30,4.00046,-0.09193,0.29990,134,134,134,0.27880,4.07724,-0.08899,1,1,0.450
38.6160,789,FL,21,4.31530,0.18355,0.29988,134,134,134,0.27877,4.43008,0.21001,1,1,0.450
38.6160,789,BL,14,3.86453,0.17227,0.30025,134,134,134,0.27915,3.93440,0.18059,1,1,0.450
38.6160,789,FR,6,4.18338,-0.10370,0.30319,134,134,134,0.28208,4.30892,-0.12251,1,1,0.450
38.6160,789,BR,29,3.99955,-0.09132,0.29990,134,134,134,0.27880,4.07219,-0.08850,1,1,0.450
38.6280,789,FL,21,4.31424,0.18338,0.29982,134,134,134,0.27872,4.43335,0.21212,1,1,0.450
38.6280,789,BL,14,3.86349,0.17131,0.30028,134,134,134,0.27918,3.93249,0.18065,1,1,0.450
38.6280,789,FR,6,4.18293,-0.10417,0.30305,134,134,134,0.28194,4.30755,-0.12301,1,1,0.450
38.6280,789,BR,29,3.99817,-0.09034,0.29989,134,134,134,0.27879,4.07221,-0.08425,1,1,0.450
38.6360,789,FL,21,4.31311,0.18360,0.29985,134,134,134,0.27875,4.43230,0.21205,1,1,0.450
38.6360,789,BL,14,3.86248,0.17179,0.30033,134,134,134,0.27923,3.93125,0.18108,1,1,0.450
38.6360,789,FR,6,4.18222,-0.10392,0.30336,134,134,134,0.28225,4.30619,-0.12256,1,1,0.450
38.6360,789,BR,29,3.99707,-0.09001,0.29990,134,134,134,0.27880,4.07158,-0.08390,1,1,0.450
38.6480,790,FL,20,4.31166,0.18386,0.29988,134,134,134,0.27878,4.42688,0.21195,1,1,0.450
38.6480,790,BL,13,3.86105,0.17210,0.30050,134,134,134,0.27940,3.92966,0.18143,1,1,0.450
38.6480,790,FR,5,4.18106,-0.10372,0.30376,134,134,134,0.28265,4.30436,-0.12216,1,1,0.450
38.6480,790,BR,28,3.99562,-0.08975,0.29990,134,134,134,0.27880,4.06614,-0.08402,1,1,0.450
38.6560,790,FL,20,4.31123,0.18354,0.29985,134,134,134,0.27874,4.43120,0.21335,1,1,0.450
38.6560,790,BL,13,3.86058,0.17113,0.30068,134,134,134,0.27958,3.92844,0.18130,1,1,0.450
38.6560,790,FR,5,4.18101,-0.10406,0.30404,134,134,134,0.28292,4.30352,-0.12264,1,1,0.450
38.6560,790,BR,28,3.99486,-0.08887,0.29990,134,134,134,0.27880,4.06815,-0.08125,1,1,0.450
38.6680,790,FL,20,4.30984,0.18370,0.29992,134,134,134,0.27882,4.42994,0.21310,1,1,0.450
38.6680,790,BL,13,3.85914,0.17176,0.30080,134,134,134,0.27970,3.92714,0.18144,1,1,0.450
38.6680,790,FR,5,4.17974,-0.10342,0.30467,134,134,134,0.28355,4.30163,-0.12184,1,1,0.450
38.6680,790,BR,28,3.99357,-0.08878,0.29991,134,134,134,0.27880,4.06734,-0.08116,1,1,0.450
38.6760,791,FL,19,4.30889,0.18398,0.30000,134,134,134,0.27889,4.42515,0.21266,1,1,0.450
38.6760,791,BL,12,3.85812,0.17236,0.30114,134,134,134,0.28004,3.92606,0.18164,1,1,0.450
38.6760,791,FR,4,4.17898,-0.10273,0.30572,133,133,133,0.28460,4.30007,-0.12087,1,1,0.450
38.6760,791,BR,27,3.99263,-0.08857,0.29991,134,134,134,0.27881,4.06248,-0.08155,1,1,0.450
38.6880,791,FL,19,4.30842,0.18367,0.29999,134,134,134,0.27889,4.42966,0.21356,1,1,0.450
38.6880,791,BL,12,3.85737,0.17167,0.30150,134,134,134,0.28039,3.92503,0.18127,1,1,0.450
38.6880,791,FR,4,4.17843,-0.10255,0.30641,132,132,132,0.28529,4.29884,-0.12069,1,1,0.450
38.6880,791,BR,27,3.99191,-0.08784,0.29992,134,134,134,0.27881,4.06517,-0.07976,1,1,0.450
38.6960,791,FL,19,4.30760,0.18387,0.30012,134,134,134,0.27902,4.42904,0.21319,1,1,0.450
38.6960,791,BL,12,3.85643,0.17253,0.30174,134,134,134,0.28063,3.92434,0.18135,1,1,0.450
38.6980,791,FR,4,4.17767,-0.10164,0.30751,132,132,132,0.28639,4.29739,-0.11949,1,1,0.450
38.6980,791,BR,27,3.99122,-0.08781,0.29992,134,134,134,0.27882,4.06499,-0.07988,1,1,0.450
38.7060,792,FL,18,4.30777,0.18400,0.30016,134,134,134,0.27906,4.42528,0.21259,1,1,0.450
38.7060,792,BL,11,3.85663,0.17283,0.30196,134,134,134,0.28086,3.92438,0.18141,1,1,0.450
38.7060,792,FR,3,4.17805,-0.10122,0.30822,132,132,132,0.28709,4.29746,-0.11890,1,1,0.450
38.7060,792,BR,26,3.99139,-0.08775,0.29993,134,134,134,0.27882,4.06122,-0.08055,1,1,0.450
38.7160,792,FL,18,4.30756,0.18368,0.30016,134,134,134,0.27906,4.43006,0.21317,1,1,0.450
38.7180,792,BL,11,3.85601,0.17230,0.30232,134,134,134,0.28121,3.92379,0.18089,1,1,0.450
38.7180,792,FR,3,4.17760,-0.10081,0.30879,131,131,131,0.28766,4.29639,-0.11838,1,1,0.450
38.7180,792,BR,26,3.99092,-0.08712,0.29993,134,134,134,0.27883,4.06443,-0.07933,1,1,0.450
38.7260,792,FL,18,4.30726,0.18369,0.30026,134,134,134,0.27915,4.42985,0.21278,1,1,0.450
38.7260,792,BL,11,3.85573,0.17269,0.30241,134,134,134,0.28130,3.92362,0.18081,1,1,0.450
38.7260,792,FR,3,4.17736,-0.10029,0.30928,131,131,131,0.28815,4.29613,-0.11794,1,1,0.450
38.7260,792,BR,26,3.99077,-0.08729,0.29992,134,134,134,0.27882,4.06479,-0.07968,1,1,0.450
38.7360,793,FL,17,4.30662,0.18372,0.30030,134,134,134,0.27919,4.42936,0.21252,1,1,0.450
38.7360,793,BL,10,3.85488,0.17297,0.30257,134,134,134,0.28146,3.92304,0.18059,1,1,0.450
38.7360,793,FR,2,4.17654,-0.09972,0.30967,131,131,131,0.28854,4.29513,-0.11722,1,1,0.450
38.7360,793,BR,25,3.99019,-0.08742,0.29992,134,134,134,0.27882,4.06021,-0.08054,1,1,0.450
38.7460,793,FL,17,4.30753,0.18315,0.30027,134,134,134,0.27917,4.43111,0.21228,1,1,0.450
38.7460,793,BL,10,3.85558,0.17195,0.30281,134,134,134,0.28170,3.92352,0.17977,1,1,0.450
38.7460,793,FR,2,4.17728,-0.09957,0.30963,131,131,131,0.28850,4.29631,-0.11748,1,1,0.450
38.7460,793,BR,25,3.99091,-0.08711,0.29992,134,134,134,0.27882,4.06475,-0.07989,1,1,0.450
38.7560,793,FL,17,4.30708,0.18307,0.30035,134,134,134,0.27925,4.43076,0.21168,1,1,0.450
38.7560,793,BL,10,3.85488,0.17231,0.30283,134,134,134,0.28172,3.92350,0.17930,1,1,0.450
38.7560,793,FR,2,4.17628,-0.09893,0.30980,131,131,131,0.28867,4.29557,-0.11695,1,1,0.450
38.7560,793,BR,25,3.99067,-0.08754,0.29990,134,134,134,0.27880,4.06495,-0.08049,1,1,0.450
38.7660,794,FL,16,4.30844,0.18254,0.30036,134,134,134,0.27926,4.43607,0.21175,1,1,0.450
38.7660,794,BL,9,3.85631,0.17163,0.30290,134,134,134,0.28179,3.92486,0.17840,1,1,0.450
38.7660,794,FR,1,4.17728,-0.09886,0.30972,131,131,131,0.28859,4.29811,-0.11772,1,1,0.450
38.7660,794,BR,24,3.99209,-0.08824,0.29990,134,134,134,0.27880,4.06231,-0.08188,1,1,0.450
38.7740,794,FL,16,4.30843,0.18210,0.30038,134,134,134,0.27927,4.43723,0.21120,1,1,0.450
38.7760,794,BL,9,3.85551,0.17110,0.30294,134,134,134,0.28183,3.92490,0.17727,1,1,0.450
38.7760,794,FR,1,4.17633,-0.09832,0.30970,131,131,131,0.28856,4.29712,-0.11696,1,1,0.450
38.7760,794,BR,24,3.99212,-0.08809,0.29989,134,134,134,0.27879,4.06614,-0.08151,1,1,0.450
38.7880,794,FL,16,4.30900,0.18180,0.30047,134,134,134,0.27937,4.43783,0.21048,1,1,0.450
38.7880,794,BL,9,3.85599,0.17090,0.30296,134,134,134,0.28185,3.92584,0.17642,1,1,0.450
38.7880,794,FR,1,4.17620,-0.09801,0.30995,131,131,131,0.28882,4.29763,-0.11729,1,1,0.450
38.7880,794,BR,24,3.99301,-0.08885,0.29986,134,134,134,0.27876,4.06754,-0.08252,1,1,0.450
38.8000,795,FL,15,4.31071,0.18086,0.30059,134,134,134,0.27948,4.43947,0.20936,1,1,0.450
38.8000,795,BL,8,3.85751,0.16982,0.30287,134,134,134,0.28176,3.92796,0.17434,1,1,0.450
38.8000,795,FR,30,4.44532,-0.09708,0.30002,134,134,134,0.27892,4.54901,-0.10736,1,1,0.450
38.8000,795,BR,23,3.99504,-0.09038,0.29983,134,134,134,0.27873,4.06543,-0.08464,1,1,0.450
38.8220,796,FL,14,4.31359,0.17951,0.30057,134,134,134,0.27947,4.44241,0.20858,1,1,0.450
38.8220,796,BL,7,3.86017,0.16744,0.30332,134,134,134,0.28221,3.93106,0.17169,1,1,0.450
38.8240,796,FR,29,4.44830,-0.09777,0.30002,134,134,134,0.27891,4.55841,-0.10926,1,1,0.450
38.8240,796,BR,22,3.99803,-0.09147,0.29988,134,134,134,0.27878,4.06988,-0.08639,1,1,0.450
38.8340,796,FL,14,4.31475,0.17903,0.30072,134,134,134,0.27962,4.44629,0.20650,1,1,0.450
38.8340,796,BL,7,3.85893,0.16771,0.30353,134,134,134,0.28242,3.93310,0.16953,1,1,0.450
38.8340,796,FR,29,4.45144,-0.09907,0.30003,134,134,134,0.27893,4.56983,-0.11055,1,1,0.450
38.8340,796,BR,22,4.00084,-0.09318,0.29986,134,134,134,0.27876,4.07834,-0.08835,1,1,0.450
38.8440,796,FL,14,4.31483,0.17906,0.30071,134,134,134,0.27961,4.44744,0.20558,1,1,0.450
38.8460,796,BL,7,3.85842,0.16785,0.30322,134,134,134,0.28211,3.93343,0.16874,1,1,0.450
38.8460,796,FR,29,4.45277,-0.09982,0.30005,134,134,134,0.27895,4.57104,-0.11097,1,1,0.450
38.8460,796,BR,22,4.00196,-0.09426,0.29979,134,134,134,0.27869,4.08020,-0.09000,1,1,0.450
38.8560,797,FL,13,4.31448,0.17901,0.30075,134,134,134,0.27965,4.44749,0.20504,1,1,0.450
38.8560,797,BL,6,3.85775,0.16792,0.30329,134,134,134,0.28217,3.93319,0.16805,1,1,0.450
38.8560,797,FR,28,4.45289,-0.10022,0.30006,134,134,134,0.27896,4.56635,-0.11197,1,1,0.450
38.8560,797,BR,21,4.00203,-0.09489,0.29978,134,134,134,0.27868,4.07562,-0.09161,1,1,0.450
38.8660,797,FL,13,4.31488,0.17907,0.30058,134,134,134,0.27948,4.44866,0.20490,1,1,0.450
38.8660,797,BL,6,3.85776,0.16770,0.30282,134,134,134,0.28171,3.93349,0.16746,1,1,0.450
38.8660,797,FR,28,4.45379,-0.10037,0.30003,134,134,134,0.27893,4.57446,-0.11247,1,1,0.450
38.8660,797,BR,21,4.00276,-0.09485,0.29975,134,134,134,0.27865,4.08087,-0.09176,1,1,0.450
38.8760,797,FL,13,4.31560,0.17868,0.30075,134,134,134,0.27965,4.44966,0.20407,1,1,0.450
38.8760,797,BL,6,3.85843,0.16747,0.30317,134,134,134,0.28206,3.93432,0.16661,1,1,0.450
38.8760,797,FR,28,4.45507,-0.10105,0.30006,134,134,134,0.27896,4.57567,-0.11296,1,1,0.450
38.8760,797,BR,21,4.00395,-0.09587,0.29974,134,134,134,0.27863,4.08246,-0.09297,1,1,0.450
38.8860,798,FL,12,4.31526,0.17838,0.30093,134,134,134,0.27983,4.44928,0.20354,1,1,0.450
38.8860,798,BL,5,3.85806,0.16728,0.30376,134,134,134,0.28264,3.93412,0.16578,1,1,0.450
38.8860,798,FR,27,4.45479,-0.10150,0.30007,134,134,134,0.27896,4.57041,-0.11410,1,1,0.450
38.8860,798,BR,20,4.00366,-0.09645,0.29978,134,134,134,0.27868,4.07721,-0.09447,1,1,0.450
38.8960,798,FL,12,4.31585,0.17833,0.30095,134,134,134,0.27984,4.45046,0.20351,1,1,0.450
38.8960,798,BL,5,3.85842,0.16684,0.30399,134,134,134,0.28288,3.93455,0.16523,1,1,0.450
38.8960,798,FR,27,4.45572,-0.10169,0.30003,134,134,134,0.27893,4.57798,-0.11473,1,1,0.450
38.8960,798,BR,20,4.00439,-0.09629,0.29978,134,134,134,0.27868,4.08220,-0.09453,1,1,0.450
38.9080,798,FL,12,4.31525,0.17793,0.30125,134,134,134,0.28014,4.44962,0.20286,1,1,0.450
38.9080,798,BL,5,3.85806,0.16658,0.30474,134,134,134,0.28362,3.93409,0.16432,1,1,0.450
38.9080,798,FR,27,4.45525,-0.10218,0.30006,134,134,134,0.27896,4.57742,-0.11510,1,1,0.450
38.9080,798,BR,20,4.00388,-0.09706,0.29979,134,134,134,0.27869,4.08195,-0.09541,1,1,0.450
38.9180,799,FL,11,4.31570,0.17715,0.30144,134,134,134,0.28033,4.44995,0.20198,1,1,0.450
38.9180,799,BL,4,3.85855,0.16573,0.30546,133,133,133,0.28434,3.93454,0.16278,1,1,0.450
38.9180,799,FR,26,4.45585,-0.10295,0.30006,134,134,134,0.27896,4.57295,-0.11655,1,1,0.450
38.9180,799,BR,19,4.00449,-0.09816,0.29984,134,134,134,0.27874,4.07740,-0.09733,1,1,0.450
38.9280,799,FL,11,4.31554,0.17714,0.30163,134,134,134,0.28052,4.44990,0.20213,1,1,0.450
38.9280,799,BL,4,3.85841,0.16515,0.30603,132,132,132,0.28491,3.93428,0.16199,1,1,0.450
38.9280,799,FR,26,4.45579,-0.10299,0.30001,134,134,134,0.27891,4.57920,-0.11706,1,1,0.450
38.9280,799,BR,19,4.00424,-0.09790,0.29988,134,134,134,0.27878,4.08121,-0.09732,1,1,0.450
38.9380,799,FL,11,4.31467,0.17679,0.30191,134,134,134,0.28080,4.44869,0.20143,1,1,0.450
38.9380,799,BL,4,3.85790,0.16499,0.30663,132,132,132,0.28551,3.93338,0.16113,1,1,0.450
38.9380,799,FR,26,4.45501,-0.10350,0.30005,134,134,134,0.27894,4.57836,-0.11742,1,1,0.450
38.9380,799,BR,19,4.00344,-0.09874,0.29988,134,134,134,0.27878,4.08061,-0.09825,1,1,0.450
38.9480,800,FL,10,4.31432,0.17630,0.30207,134,134,134,0.28096,4.44805,0.20076,1,1,0.450
38.9480,800,BL,3,3.85777,0.16449,0.30714,132,132,132,0.28601,3.93293,0.15993,1,1,0.450
38.9480,800,FR,25,4.45468,-0.10408,0.30005,134,134,134,0.27895,4.57287,-0.11874,1,1,0.450
38.9480,800,BR,18,4.00313,-0.09958,0.29993,134,134,134,0.27883,4.07500,-0.10001,1,1,0.450
38.9580,800,FL,10,4.31361,0.17671,0.30221,134,134,134,0.28110,4.44711,0.20108,1,1,0.450
38.9580,800,BL,3,3.85731,0.16443,0.30738,132,132,132,0.28625,3.93208,0.15972,1,1,0.450
38.9580,800,FR,25,4.45382,-0.10398,0.29999,134,134,134,0.27888,4.57811,-0.11926,1,1,0.450
38.9580,800,BR,18,4.00209,-0.09904,0.29995,134,134,134,0.27885,4.07782,-0.10000,1,1,0.450
38.9660,800,FL,10,4.31325,0.17630,0.30242,134,134,134,0.28131,4.44652,0.20016,1,1,0.450
38.9660,800,BL,3,3.85755,0.16413,0.30762,132,132,132,0.28650,3.93125,0.15894,1,1,0.450
38.9660,800,FR,25,4.45374,-0.10475,0.30003,134,134,134,0.27893,4.57798,-0.11988,1,1,0.450
38.9660,800,BR,18,4.00198,-0.10016,0.29994,134,134,134,0.27884,4.07794,-0.10128,1,1,0.450
38.9780,801,FL,9,4.31287,0.17614,0.30253,134,134,134,0.28142,4.44574,0.19964,1,1,0.450
38.9780,801,BL,2,3.85753,0.16407,0.30778,132,132,132,0.28665,3.93066,0.15845,1,1,0.450
38.9780,801,FR,24,4.45320,-0.10527,0.30003,134,134,134,0.27893,4.57219,-0.12125,1,1,0.450
38.9780,801,BR,17,4.00147,-0.10070,0.29998,134,134,134,0.27888,4.07730,-0.10213,1,1,0.450
38.9900,801,FL,9,4.31231,0.17662,0.30270,134,134,134,0.28159,4.44462,0.19983,1,1,0.450
38.9900,801,BL,2,3.85762,0.16411,0.30777,132,132,132,0.28665,3.92993,0.15861,1,1,0.450
38.9900,801,FR,24,4.45240,-0.10545,0.29996,134,134,134,0.27886,4.57738,-0.12208,1,1,0.450
38.9900,801,BR,17,4.00045,-0.10024,0.29999,134,134,134,0.27889,4.07503,-0.10344,1,1,0.450
39.0000,801,FL,9,4.31211,0.17640,0.30279,134,134,134,0.28168,4.44363,0.19877,1,1,0.450
39.0020,801,BL,2,3.85822,0.16421,0.30752,132,132,132,0.28639,3.92920,0.15868,1,1,0.450
39.0020,801,FR,24,4.45158,-0.10652,0.30001,134,134,134,0.27891,4.57644,-0.12327,1,1,0.450
39.0020,801,BR,17,3.99978,-0.10117,0.29998,134,134,134,0.27887,4.07403,-0.10489,1,1,0.450
39.0120,802,FL,8,4.31152,0.17644,0.30280,134,134,134,0.28169,4.44211,0.19829,1,1,0.450
39.0120,802,BL,1,3.85800,0.16442,0.30762,132,132,132,0.28649,3.92867,0.15875,1,1,0.450
39.0120,802,FR,23,4.45013,-0.10713,0.30001,134,134,134,0.27891,4.56960,-0.12491,1,1,0.450
39.0120,802,BR,16,3.99851,-0.10147,0.30004,134,134,134,0.27893,4.07228,-0.10573,1,1,0.450
39.0300,802,FL,8,4.31138,0.17715,0.30286,134,134,134,0.28175,4.44064,0.19852,1,1,0.450
39.0300,802,BL,1,3.85839,0.16461,0.30748,132,132,132,0.28635,3.92926,0.15975,1,1,0.450
39.0300,802,FR,23,4.44878,-0.10755,0.29998,134,134,134,0.27888,4.56870,-0.13064,1,1,0.450
39.0320,802,BR,16,3.99720,-0.10061,0.30006,134,134,134,0.27896,4.06990,-0.10638,1,1,0.450
39.0420,803,FL,7,4.31152,0.17678,0.30264,134,134,134,0.28153,4.43902,0.19711,1,1,0.450
39.0420,803,BL,30,4.12962,0.16505,0.29988,134,134,134,0.27878,4.20745,0.16822,1,1,0.450
39.0420,803,FR,22,4.44694,-0.10886,0.29989,134,134,134,0.27879,4.56269,-0.13179,1,1,0.450
39.0420,803,BR,15,3.99574,-0.10117,0.30009,134,134,134,0.27899,4.06742,-0.10786,1,1,0.450
39.0500,803,FL,7,4.31026,0.17699,0.30322,134,134,134,0.28210,4.43684,0.19718,1,1,0.450
39.0520,803,BL,30,4.12760,0.16399,0.29988,134,134,134,0.27878,4.20390,0.16138,1,1,0.450
39.0520,803,FR,22,4.44501,-0.10913,0.29989,134,134,134,0.27879,4.56405,-0.13533,1,1,0.450
39.0520,803,BR,15,3.99382,-0.10045,0.30022,134,134,134,0.27912,4.06462,-0.10815,1,1,0.450
39.0600,803,FL,7,4.30986,0.17681,0.30331,134,134,134,0.28219,4.43576,0.19668,1,1,0.450
39.0620,803,BL,30,4.12661,0.16356,0.29990,134,134,134,0.27880,4.20341,0.16105,1,1,0.450
39.0620,803,FR,22,4.44401,-0.10937,0.29987,134,134,134,0.27877,4.56318,-0.13519,1,1,0.450
39.0620,803,BR,15,3.99300,-0.10087,0.30022,134,134,134,0.27912,4.06333,-0.10865,1,1,0.450
39.0700,804,FL,6,4.30990,0.17688,0.30298,134,134,134,0.28187,4.43491,0.19643,1,1,0.450
39.0700,804,BL,29,4.12573,0.16300,0.29990,134,134,134,0.27880,4.19839,0.16059,1,1,0.450
39.0700,804,FR,21,4.44319,-0.10988,0.29986,134,134,134,0.27876,4.55808,-0.13573,1,1,0.450
39.0700,804,BR,14,3.99246,-0.10122,0.30023,134,134,134,0.27913,4.06217,-0.10943,1,1,0.450
39.0820,804,FL,6,4.30885,0.17730,0.30311,134,134,134,0.28200,4.43307,0.19693,1,1,0.450
39.0820,804,BL,29,4.12401,0.16213,0.29989,134,134,134,0.27879,4.19810,0.15645,1,1,0.450
39.0820,804,FR,21,4.44178,-0.10960,0.29982,134,134,134,0.27872,4.56107,-0.13767,1,1,0.450
39.0820,804,BR,14,3.99099,-0.10024,0.30032,134,134,134,0.27922,4.05999,-0.10934,1,1,0.450
39.0900,804,FL,6,4.30862,0.17705,0.30345,134,134,134,0.28234,4.43215,0.19647,1,1,0.450
39.0920,804,BL,29,4.12332,0.16176,0.29990,134,134,134,0.27880,4.19787,0.15611,1,1,0.450
39.0920,804,FR,21,4.44109,-0.10981,0.29985,134,134,134,0.27875,4.56045,-0.13755,1,1,0.450
39.0920,804,BR,14,3.99046,-0.10080,0.30040,134,134,134,0.27929,4.05912,-0.10982,1,1,0.450
39.1020,805,FL,5,4.30756,0.17682,0.30377,134,134,134,0.28265,4.43040,0.19607,1,1,0.450
39.1020,805,BL,28,4.12191,0.16152,0.29991,134,134,134,0.27880,4.19247,0.15622,1,1,0.450
39.1020,805,FR,20,4.43972,-0.11003,0.29988,134,134,134,0.27878,4.55509,-0.13743,1,1,0.450
39.1020,805,BR,13,3.98911,-0.10110,0.30054,134,134,134,0.27943,4.05764,-0.11014,1,1,0.450
39.1120,805,FL,5,4.30680,0.17691,0.30433,134,134,134,0.28322,4.42881,0.19633,1,1,0.450
39.1120,805,BL,28,4.12063,0.16067,0.29990,134,134,134,0.27880,4.19397,0.15350,1,1,0.450
39.1120,805,FR,20,4.43875,-0.10972,0.29986,134,134,134,0.27876,4.55893,-0.13872,1,1,0.450
39.1120,805,BR,13,3.98798,-0.10025,0.30078,134,134,134,0.27968,4.05595,-0.10993,1,1,0.450
39.1220,806,FL,4,4.30654,0.17621,0.30525,133,133,133,0.28413,4.42788,0.19537,1,1,0.450
39.1220,806,BL,27,4.12028,0.16052,0.29991,134,134,134,0.27881,4.19014,0.15384,1,1,0.450
39.1220,806,FR,19,4.43831,-0.10992,0.29996,134,134,134,0.27886,4.55467,-0.13802,1,1,0.450
39.1220,806,BR,12,3.98754,-0.10102,0.30098,134,134,134,0.27988,4.05553,-0.11013,1,1,0.450
39.1320,806,FL,4,4.30611,0.17606,0.30585,132,132,132,0.28473,4.42660,0.19524,1,1,0.450
39.1320,806,BL,27,4.11942,0.15975,0.29991,134,134,134,0.27881,4.19268,0.15206,1,1,0.450
39.1320,806,FR,19,4.43774,-0.10961,0.29995,134,134,134,0.27885,4.55903,-0.13893,1,1,0.450
39.1320,806,BR,12,3.98674,-0.10027,0.30131,134,134,134,0.28020,4.05435,-0.10979,1,1,0.450
39.1420,806,FL,4,4.30410,0.17512,0.30677,132,132,132,0.28564,4.42397,0.19395,1,1,0.450
39.1420,806,BL,27,4.11784,0.15973,0.29991,134,134,134,0.27881,4.19161,0.15216,1,1,0.450
39.1420,806,FR,19,4.43597,-0.10986,0.30007,134,134,134,0.27896,4.55754,-0.13860,1,1,0.450
39.1420,806,BR,12,3.98473,-0.10117,0.30153,134,134,134,0.28042,4.05282,-0.10985,1,1,0.450
39.1520,807,FL,3,4.30426,0.17448,0.30791,132,132,132,0.28678,4.42365,0.19310,1,1,0.450
39.1520,807,BL,26,4.11782,0.15962,0.29992,134,134,134,0.27882,4.18768,0.15278,1,1,0.450
39.1520,807,FR,18,4.43593,-0.11005,0.30014,134,134,134,0.27904,4.55364,-0.13799,1,1,0.450
39.1520,807,BR,11,3.98468,-0.10167,0.30186,134,134,134,0.28075,4.05262,-0.10997,1,1,0.450
39.1620,807,FL,3,4.30480,0.17428,0.30825,132,132,132,0.28712,4.42369,0.19291,1,1,0.450
39.1620,807,BL,26,4.11786,0.15898,0.29993,134,134,134,0.27882,4.19140,0.15157,1,1,0.450
39.1620,807,FR,18,4.43628,-0.10968,0.30011,134,134,134,0.27901,4.55882,-0.13862,1,1,0.450
39.1620,807,BR,11,3.98485,-0.10092,0.30216,134,134,134,0.28105,4.05241,-0.10951,1,1,0.450
39.1720,807,FL,3,4.30354,0.17347,0.30890,131,131,131,0.28778,4.42206,0.19187,1,1,0.450
39.1720,807,BL,26,4.11710,0.15909,0.29992,134,134,134,0.27882,4.19112,0.15186,1,1,0.450
39.1720,807,FR,18,4.43532,-0.10984,0.30023,134,134,134,0.27912,4.55810,-0.13823,1,1,0.450
39.1720,807,BR,11,3.98364,-0.10165,0.30229,134,134,134,0.28118,4.05176,-0.10944,1,1,0.450
39.1820,808,FL,2,4.30258,0.17281,0.30956,131,131,131,0.28843,4.42079,0.19098,1,1,0.450
39.1820,808,BL,25,4.11642,0.15915,0.29992,134,134,134,0.27882,4.18649,0.15268,1,1,0.450
39.1820,808,FR,17,4.43454,-0.10996,0.30028,134,134,134,0.27918,4.55755,-0.13800,1,1,0.450
39.1820,808,BR,10,3.98265,-0.10206,0.30253,134,134,134,0.28142,4.05102,-0.10934,1,1,0.450
39.1920,808,FL,2,4.30426,0.17293,0.30947,131,131,131,0.28833,4.42301,0.19160,1,1,0.450
39.1920,808,BL,25,4.11767,0.15884,0.29992,134,134,134,0.27882,4.19157,0.15206,1,1,0.450
39.1920,808,FR,17,4.43605,-0.10930,0.30024,134,134,134,0.27914,4.55975,-0.13780,1,1,0.450
39.1920,808,BR,10,3.98415,-0.10082,0.30275,134,134,134,0.28164,4.05194,-0.10855,1,1,0.450
39.2000,808,FL,2,4.30231,0.17198,0.30973,131,131,131,0.28860,4.42081,0.19041,1,1,0.450
39.2000,808,BL,25,4.11668,0.15914,0.29991,134,134,134,0.27880,4.19100,0.15253,1,1,0.450
39.2020,808,FR,17,4.43483,-0.10941,0.30033,134,134,134,0.27923,4.55878,-0.13723,1,1,0.450
39.2020,808,BR,10,3.98245,-0.10157,0.30276,134,134,134,0.28165,4.05128,-0.10820,1,1,0.450
39.2120,809,FL,1,4.30410,0.17210,0.30973,131,131,131,0.28859,4.42432,0.19162,1,1,0.450
39.2120,809,BL,24,4.11855,0.15975,0.29990,134,134,134,0.27880,4.18883,0.15384,1,1,0.450
39.2120,809,FR,16,4.43668,-0.10888,0.30034,134,134,134,0.27923,4.56446,-0.13741,1,1,0.450
39.2120,809,BR,9,3.98461,-0.10071,0.30286,134,134,134,0.28175,4.05296,-0.10746,1,1,0.450
39.2200,809,FL,1,4.30337,0.17164,0.30949,131,131,131,0.28836,4.42406,0.19110,1,1,0.450
39.2200,809,BL,24,4.11867,0.15970,0.29989,134,134,134,0.27879,4.19272,0.15352,1,1,0.450
39.2200,809,FR,16,4.43682,-0.10829,0.30034,134,134,134,0.27924,4.56565,-0.13680,1,1,0.450
39.2200,809,BR,9,3.98405,-0.09999,0.30292,134,134,134,0.28181,4.05313,-0.10618,1,1,0.450
39.2300,809,FL,1,4.30314,0.17125,0.30975,131,131,131,0.28862,4.42424,0.19113,1,1,0.450
39.2320,809,BL,24,4.11949,0.16042,0.29987,134,134,134,0.27876,4.19400,0.15448,1,1,0.450
39.2320,809,FR,16,4.43733,-0.10805,0.30043,134,134,134,0.27933,4.56624,-0.13607,1,1,0.450
39.2320,809,BR,9,3.98438,-0.09998,0.30292,134,134,134,0.28181,4.05405,-0.10541,1,1,0.450
39.2400,809,FL,1,4.30407,0.17118,0.30979,131,131,131,0.28866,4.42727,0.19250,1,1,0.450
39.2400,809,BL,24,4.12167,0.16165,0.29986,134,134,134,0.27876,4.19615,0.15566,1,1,0.450
39.2400,809,FR,16,4.43935,-0.10714,0.30052,134,134,134,0.27942,4.56807,-0.13526,1,1,0.450
39.2400,809,BR,9,3.98639,-0.09874,0.30315,134,134,134,0.28204,4.05632,-0.10370,1,1,0.450
39.2520,810,FL,30,4.57252,0.17203,0.30002,134,134,134,0.27892,4.67616,0.18293,1,1,0.450
39.2520,810,BL,23,4.12233,0.16262,0.29983,134,134,134,0.27873,4.19262,0.15720,1,1,0.450
39.2520,810,FR,15,4.43972,-0.10666,0.30060,134,134,134,0.27950,4.56867,-0.13435,1,1,0.450
39.2520,810,BR,8,3.98631,-0.09858,0.30276,134,134,134,0.28164,4.05718,-0.10236,1,1,0.450
39.2720,811,FL,29,4.57455,0.17263,0.30002,134,134,134,0.27891,4.68457,0.18482,1,1,0.450
39.2720,811,BL,22,4.12432,0.16344,0.29989,134,134,134,0.27879,4.19620,0.15877,1,1,0.450
39.2720,811,FR,14,4.44159,-0.10554,0.30063,134,134,134,0.27952,4.57074,-0.13370,1,1,0.450
39.2720,811,BR,7,3.98791,-0.09650,0.30350,134,134,134,0.28239,4.05916,-0.10006,1,1,0.450
39.2840,811,FL,29,4.57742,0.17383,0.30003,134,134,134,0.27893,4.69572,0.18609,1,1,0.450
39.2860,811,BL,22,4.12690,0.16498,0.29986,134,134,134,0.27876,4.20432,0.16058,1,1,0.450
39.2860,811,FR,14,4.44279,-0.10501,0.30071,134,134,134,0.27960,4.57419,-0.13181,1,1,0.450
39.2860,811,BR,7,3.98711,-0.09659,0.30355,134,134,134,0.28243,4.06110,-0.09803,1,1,0.450
39.2960,811,FL,29,4.57958,0.17474,0.30005,134,134,134,0.27895,4.69779,0.18668,1,1,0.450
39.2980,811,BL,22,4.12883,0.16627,0.29978,134,134,134,0.27868,4.20703,0.16246,1,1,0.450
39.2980,811,FR,14,4.44346,-0.10503,0.30069,134,134,134,0.27959,4.57631,-0.13062,1,1,0.450
39.2980,811,BR,7,3.98689,-0.09685,0.30309,134,134,134,0.28198,4.06199,-0.09721,1,1,0.450
39.3120,812,FL,28,4.57984,0.17522,0.30006,134,134,134,0.27896,4.69322,0.18772,1,1,0.450
39.3120,812,BL,21,4.12902,0.16702,0.29978,134,134,134,0.27868,4.20265,0.16423,1,1,0.450
39.3120,812,FR,13,4.44308,-0.10502,0.30076,134,134,134,0.27966,4.57652,-0.12997,1,1,0.450
39.3120,812,BR,6,3.98607,-0.09698,0.30323,134,134,134,0.28212,4.06175,-0.09644,1,1,0.450
39.3280,812,FL,28,4.58079,0.17548,0.30004,134,134,134,0.27894,4.70137,0.18837,1,1,0.450
39.3280,812,BL,21,4.12979,0.16711,0.29974,134,134,134,0.27864,4.20795,0.16459,1,1,0.450
39.3280,812,FR,13,4.44350,-0.10501,0.30059,134,134,134,0.27949,4.57768,-0.12970,1,1,0.450
39.3280,812,BR,6,3.98616,-0.09670,0.30275,134,134,134,0.28164,4.06203,-0.09569,1,1,0.450
39.3400,813,FL,27,4.58221,0.17660,0.30007,134,134,134,0.27896,4.69775,0.18997,1,1,0.450
39.3420,813,BL,20,4.13113,0.16875,0.29976,134,134,134,0.27866,4.20468,0.16711,1,1,0.450
39.3420,813,FR,12,4.44433,-0.10418,0.30087,134,134,134,0.27976,4.57872,-0.12836,1,1,0.450
39.3420,813,BR,5,3.98695,-0.09611,0.30355,134,134,134,0.28244,4.06307,-0.09406,1,1,0.450
39.3600,813,FL,27,4.58249,0.17681,0.30003,134,134,134,0.27893,4.70465,0.19066,1,1,0.450
39.3600,813,BL,20,4.13122,0.16856,0.29979,134,134,134,0.27869,4.20901,0.16731,1,1,0.450
39.3600,813,FR,12,4.44447,-0.10411,0.30100,134,134,134,0.27990,4.57918,-0.12831,1,1,0.450
39.3600,813,BR,5,3.98698,-0.09564,0.30409,134,134,134,0.28298,4.06313,-0.09325,1,1,0.450
39.3720,814,FL,26,4.58194,0.17786,0.30006,134,134,134,0.27896,4.69893,0.19225,1,1,0.450
39.3720,814,BL,19,4.13066,0.17016,0.29983,134,134,134,0.27873,4.20352,0.16968,1,1,0.450
39.3720,814,FR,11,4.44376,-0.10315,0.30142,134,134,134,0.28032,4.57805,-0.12700,1,1,0.450
39.3720,814,BR,4,3.98657,-0.09486,0.30535,133,133,133,0.28423,4.06259,-0.09125,1,1,0.450
39.3840,814,FL,26,4.58183,0.17800,0.30001,134,134,134,0.27891,4.70515,0.19291,1,1,0.450
39.3840,814,BL,19,4.13037,0.16997,0.29987,134,134,134,0.27876,4.20721,0.16995,1,1,0.450
39.3840,814,FR,11,4.44357,-0.10321,0.30157,134,134,134,0.28046,4.57792,-0.12707,1,1,0.450
39.3840,814,BR,4,3.98646,-0.09434,0.30583,132,132,132,0.28471,4.06217,-0.09046,1,1,0.450
39.3960,815,FL,25,4.58152,0.17873,0.30004,134,134,134,0.27894,4.69958,0.19426,1,1,0.450
39.3960,815,BL,18,4.13004,0.17115,0.29988,134,134,134,0.27878,4.20189,0.17199,1,1,0.450
39.3960,815,FR,10,4.44309,-0.10258,0.30186,134,134,134,0.28075,4.57707,-0.12614,1,1,0.450
39.3960,815,BR,3,3.98637,-0.09381,0.30650,132,132,132,0.28538,4.06164,-0.08908,1,1,0.450
39.4060,815,FL,25,4.58113,0.17884,0.29998,134,134,134,0.27888,4.70530,0.19497,1,1,0.450
39.4060,815,BL,18,4.12946,0.17093,0.29991,134,134,134,0.27881,4.20518,0.17230,1,1,0.450
39.4060,815,FR,10,4.44272,-0.10273,0.30203,134,134,134,0.28092,4.57654,-0.12626,1,1,0.450
39.4060,815,BR,3,3.98623,-0.09337,0.30686,132,132,132,0.28574,4.06108,-0.08837,1,1,0.450
39.4160,815,FL,25,4.58059,0.17948,0.30002,134,134,134,0.27892,4.70471,0.19544,1,1,0.450
39.4160,815,BL,18,4.12890,0.17190,0.29991,134,134,134,0.27881,4.20482,0.17344,1,1,0.450
39.4160,815,FR,10,4.44202,-0.10240,0.30229,134,134,134,0.28118,4.57549,-0.12546,1,1,0.450
39.4180,815,BR,3,3.98609,-0.09318,0.30724,132,132,132,0.28611,4.06005,-0.08760,1,1,0.450
39.4260,816,FL,24,4.58037,0.18022,0.30003,134,134,134,0.27893,4.69925,0.19700,1,1,0.450
39.4260,816,BL,17,4.12869,0.17272,0.29993,134,134,134,0.27883,4.20452,0.17460,1,1,0.450
39.4260,816,FR,9,4.44182,-0.10214,0.30235,134,134,134,0.28124,4.57496,-0.12470,1,1,0.450
39.4260,816,BR,2,3.98641,-0.09305,0.30725,132,132,132,0.28612,4.05938,-0.08706,1,1,0.450
39.4360,816,FL,24,4.57931,0.18014,0.29995,134,134,134,0.27885,4.70415,0.19759,1,1,0.450
39.4380,816,BL,17,4.12743,0.17198,0.29995,134,134,134,0.27884,4.20197,0.17559,1,1,0.450
39.4380,816,FR,9,4.44109,-0.10274,0.30249,134,134,134,0.28138,4.57365,-0.12519,1,1,0.450
39.4380,816,BR,2,3.98614,-0.09318,0.30732,132,132,132,0.28620,4.05871,-0.08726,1,1,0.450
39.4460,816,FL,24,4.57871,0.18104,0.30000,134,134,134,0.27890,4.70345,0.19859,1,1,0.450
39.4480,816,BL,17,4.12696,0.17283,0.29993,134,134,134,0.27883,4.20123,0.17681,1,1,0.450
39.4480,816,FR,9,4.44092,-0.10253,0.30262,134,134,134,0.28151,4.57290,-0.12425,1,1,0.450
39.4480,816,BR,2,3.98667,-0.09323,0.30718,132,132,132,0.28605,4.05800,-0.08728,1,1,0.450
39.4580,817,FL,23,4.57730,0.18163,0.30000,134,134,134,0.27890,4.69664,0.20017,1,1,0.450
39.4580,817,BL,16,4.12570,0.17314,0.29999,134,134,134,0.27889,4.19955,0.17763,1,1,0.450
39.4580,817,FR,8,4.44030,-0.10257,0.30268,134,134,134,0.28157,4.57136,-0.12377,1,1,0.450
39.4580,817,BR,1,3.98650,-0.09346,0.30724,132,132,132,0.28612,4.05741,-0.08736,1,1,0.450
39.4760,817,FL,23,4.57599,0.18204,0.29997,134,134,134,0.27887,4.69576,0.20585,1,1,0.450
39.4760,817,BL,16,4.12442,0.17234,0.30002,134,134,134,0.27892,4.19723,0.17827,1,1,0.450
39.4760,817,FR,8,4.44010,-0.10321,0.30269,134,134,134,0.28158,4.56992,-0.12396,1,1,0.450
39.4780,817,BR,1,3.98678,-0.09361,0.30718,132,132,132,0.28606,4.05755,-0.08809,1,1,0.450
39.4880,818,FL,22,4.57419,0.18331,0.29989,134,134,134,0.27879,4.68980,0.20694,1,1,0.450
39.4880,818,BL,15,4.12296,0.17284,0.29998,134,134,134,0.27888,4.19482,0.17980,1,1,0.450
39.4880,818,FR,7,4.44023,-0.10301,0.30247,134,134,134,0.28136,4.56826,-0.12267,1,1,0.450
39.4880,818,BR,30,4.25858,-0.09258,0.29988,134,134,134,0.27878,4.33643,-0.09527,1,1,0.450
39.4960,818,FL,22,4.57228,0.18363,0.29987,134,134,134,0.27877,4.69110,0.21065,1,1,0.450
39.4960,818,BL,15,4.12120,0.17199,0.30013,134,134,134,0.27903,4.19190,0.18013,1,1,0.450
39.4960,818,FR,7,4.43943,-0.10332,0.30274,134,134,134,0.28163,4.56637,-0.12279,1,1,0.450
39.4960,818,BR,30,4.25664,-0.09152,0.29988,134,134,134,0.27877,4.33291,-0.08840,1,1,0.450
39.5080,818,FL,22,4.57127,0.18391,0.29985,134,134,134,0.27875,4.69022,0.21058,1,1,0.450
39.5080,818,BL,15,4.12038,0.17236,0.30013,134,134,134,0.27902,4.19062,0.18062,1,1,0.450
39.5080,818,FR,7,4.43905,-0.10316,0.30292,134,134,134,0.28181,4.56533,-0.12230,1,1,0.450
39.5080,818,BR,30,4.25568,-0.09109,0.29990,134,134,134,0.27880,4.33244,-0.08805,1,1,0.450
39.5180,819,FL,21,4.57044,0.18446,0.29985,134,134,134,0.27875,4.68511,0.21116,1,1,0.450
39.5180,819,BL,14,4.11982,0.17272,0.30015,134,134,134,0.27905,4.18946,0.18138,1,1,0.450
39.5180,819,FR,6,4.43907,-0.10320,0.30273,134,134,134,0.28162,4.56449,-0.12199,1,1,0.450
39.5180,819,BR,29,4.25483,-0.09053,0.29990,134,134,134,0.27879,4.32745,-0.08760,1,1,0.450
39.5280,819,FL,21,4.56843,0.18422,0.29980,134,134,134,0.27870,4.68748,0.21313,1,1,0.450
39.5280,819,BL,14,4.11773,0.17177,0.30024,134,134,134,0.27913,4.18668,0.18128,1,1,0.450
39.5280,819,FR,6,4.43745,-0.10356,0.30277,134,134,134,0.28166,4.56195,-0.12237,1,1,0.450
39.5280,819,BR,29,4.25251,-0.08966,0.29989,134,134,134,0.27879,4.32654,-0.08346,1,1,0.450
39.5380,819,FL,21,4.56771,0.18443,0.29983,134,134,134,0.27873,4.68683,0.21309,1,1,0.450
39.5380,819,BL,14,4.11719,0.17222,0.30029,134,134,134,0.27918,4.18576,0.18180,1,1,0.450
39.5380,819,FR,6,4.43724,-0.10344,0.30300,134,134,134,0.28189,4.56107,-0.12204,1,1,0.450
39.5380,819,BR,29,4.25181,-0.08930,0.29990,134,134,134,0.27880,4.32632,-0.08310,1,1,0.450
39.5500,820,FL,20,4.56717,0.18466,0.29985,134,134,134,0.27875,4.68225,0.21301,1,1,0.450
39.5500,820,BL,13,4.11677,0.17245,0.30040,134,134,134,0.27930,4.18501,0.18222,1,1,0.450
39.5500,820,FR,5,4.43717,-0.10340,0.30322,134,134,134,0.28211,4.56032,-0.12188,1,1,0.450
39.5500,820,BR,28,4.25120,-0.08899,0.29990,134,134,134,0.27880,4.32172,-0.08318,1,1,0.450
39.5600,820,FL,20,4.56534,0.18429,0.29983,134,134,134,0.27873,4.68526,0.21425,1,1,0.450
39.5600,820,BL,13,4.11470,0.17159,0.30060,134,134,134,0.27950,4.18259,0.18185,1,1,0.450
39.5600,820,FR,5,4.43539,-0.10338,0.30365,134,134,134,0.28253,4.55772,-0.12202,1,1,0.450
39.5600,820,BR,28,4.24909,-0.08825,0.29990,134,134,134,0.27880,4.32236,-0.08050,1,1,0.450
39.5700,820,FL,20,4.56547,0.18444,0.29992,134,134,134,0.27882,4.68550,0.21399,1,1,0.450
39.5700,820,BL,13,4.11488,0.17223,0.30081,134,134,134,0.27970,4.18266,0.18207,1,1,0.450
39.5700,820,FR,5,4.43570,-0.10290,0.30456,134,134,134,0.28344,4.55751,-0.12134,1,1,0.450
39.5700,820,BR,28,4.24930,-0.08812,0.29991,134,134,134,0.27880,4.32306,-0.08043,1,1,0.450
39.5820,821,FL,19,4.56466,0.18461,0.29997,134,134,134,0.27887,4.68079,0.21349,1,1,0.450
39.5820,821,BL,12,4.11404,0.17267,0.30104,134,134,134,0.27993,4.18177,0.18219,1,1,0.450
39.5820,821,FR,4,4.43518,-0.10233,0.30526,133,133,133,0.28414,4.55623,-0.12061,1,1,0.450
39.5820,821,BR,27,4.24844,-0.08797,0.29991,134,134,134,0.27881,4.31826,-0.08087,1,1,0.450
39.5940,821,FL,19,4.56407,0.18429,0.30000,134,134,134,0.27890,4.68521,0.21427,1,1,0.450
39.5940,821,BL,12,4.11308,0.17216,0.30146,134,134,134,0.28036,4.18067,0.18170,1,1,0.450
39.5940,821,FR,4,4.43442,-0.10179,0.30637,132,132,132,0.28525,4.55469,-0.12011,1,1,0.450
39.5940,821,BR,27,4.24758,-0.08727,0.29992,134,134,134,0.27881,4.32080,-0.07912,1,1,0.450
39.6020,822,FL,18,4.56229,0.18455,0.30012,134,134,134,0.27902,4.67975,0.21332,1,1,0.450
39.6020,822,BL,11,4.11107,0.17312,0.30172,134,134,134,0.28062,4.17909,0.18174,1,1,0.450
39.6020,822,FR,3,4.43255,-0.10077,0.30742,132,132,132,0.28629,4.55202,-0.11858,1,1,0.450
39.6040,822,BR,26,4.24601,-0.08728,0.29992,134,134,134,0.27882,4.31579,-0.07985,1,1,0.450
39.6120,822,FL,18,4.56326,0.18414,0.30008,134,134,134,0.27898,4.68548,0.21408,1,1,0.450
39.6120,822,BL,11,4.11208,0.17211,0.30203,134,134,134,0.28092,4.17931,0.18134,1,1,0.450
39.6120,822,FR,3,4.43393,-0.10084,0.30775,132,132,132,0.28662,4.55319,-0.11885,1,1,0.450
39.6120,822,BR,26,4.24667,-0.08665,0.29992,134,134,134,0.27882,4.32016,-0.07869,1,1,0.450
39.6240,822,FL,18,4.56298,0.18417,0.30018,134,134,134,0.27908,4.68532,0.21364,1,1,0.450
39.6240,822,BL,11,4.11164,0.17266,0.30209,134,134,134,0.28098,4.17933,0.18114,1,1,0.450
39.6240,822,FR,3,4.43345,-0.10014,0.30825,132,132,132,0.28712,4.55256,-0.11809,1,1,0.450
39.6240,822,BR,26,4.24654,-0.08683,0.29991,134,134,134,0.27881,4.32047,-0.07900,1,1,0.450
39.6340,823,FL,17,4.56232,0.18419,0.30024,134,134,134,0.27914,4.68485,0.21333,1,1,0.450
39.6340,823,BL,10,4.11075,0.17297,0.30231,134,134,134,0.28120,4.17874,0.18088,1,1,0.450
39.6340,823,FR,2,4.43256,-0.09946,0.30880,131,131,131,0.28767,4.55154,-0.11733,1,1,0.450
39.6340,823,BR,25,4.24596,-0.08700,0.29992,134,134,134,0.27882,4.31590,-0.07992,1,1,0.450
39.6480,823,FL,17,4.56322,0.18363,0.30023,134,134,134,0.27913,4.68663,0.21305,1,1,0.450
39.6480,823,BL,10,4.11139,0.17202,0.30262,134,134,134,0.28151,4.17922,0.18005,1,1,0.450
39.6480,823,FR,2,4.43327,-0.09931,0.30896,131,131,131,0.28783,4.55244,-0.11739,1,1,0.450
39.6480,823,BR,25,4.24668,-0.08668,0.29992,134,134,134,0.27882,4.32044,-0.07929,1,1,0.450
39.6600,823,FL,17,4.56379,0.18321,0.30031,134,134,134,0.27920,4.68711,0.21221,1,1,0.450
39.6600,823,BL,10,4.11187,0.17189,0.30263,134,134,134,0.28152,4.18017,0.17914,1,1,0.450
39.6600,823,FR,2,4.43323,-0.09869,0.30903,131,131,131,0.28790,4.55369,-0.11756,1,1,0.450
39.6600,823,BR,25,4.24741,-0.08746,0.29990,134,134,134,0.27880,4.32161,-0.08020,1,1,0.450
39.6800,824,FL,16,4.56465,0.18273,0.30033,134,134,134,0.27923,4.69209,0.21209,1,1,0.450
39.6800,824,BL,9,4.11252,0.17148,0.30267,134,134,134,0.28156,4.18125,0.17805,1,1,0.450
39.6800,824,FR,1,4.43339,-0.09840,0.30898,131,131,131,0.28785,4.55514,-0.11776,1,1,0.450
39.6800,824,BR,24,4.24841,-0.08825,0.29989,134,134,134,0.27879,4.31849,-0.08171,1,1,0.450
39.6980,825,FL,15,4.56477,0.18195,0.30044,134,134,134,0.27933,4.69379,0.21065,1,1,0.450
39.6980,825,BL,8,4.11129,0.17095,0.30258,134,134,134,0.28147,4.18186,0.17583,1,1,0.450
39.6980,825,FR,30,4.69911,-0.09581,0.30001,134,134,134,0.27891,4.80260,-0.10628,1,1,0.450
39.6980,825,BR,23,4.24893,-0.08890,0.29986,134,134,134,0.27876,4.31878,-0.08292,1,1,0.450
39.7220,826,FL,14,4.56849,0.18013,0.30047,134,134,134,0.27937,4.69692,0.20946,1,1,0.450
39.7220,826,BL,7,4.11540,0.16787,0.30274,134,134,134,0.28163,4.18585,0.17247,1,1,0.450
39.7220,826,FR,29,4.70297,-0.09694,0.30002,134,134,134,0.27891,4.81311,-0.10849,1,1,0.450
39.7220,826,BR,22,4.25274,-0.09070,0.29986,134,134,134,0.27876,4.32438,-0.08540,1,1,0.450
39.7380,826,FL,14,4.56961,0.17935,0.30060,134,134,134,0.27950,4.70040,0.20723,1,1,0.450
39.7380,826,BL,7,4.11421,0.16787,0.30298,134,134,134,0.28187,4.18802,0.16981,1,1,0.450
39.7380,826,FR,29,4.70577,-0.09840,0.30003,134,134,134,0.27893,4.82416,-0.10988,1,1,0.450
39.7380,826,BR,22,4.25526,-0.09258,0.29985,134,134,134,0.27875,4.33242,-0.08752,1,1,0.450
39.7800,827,FL,13,4.57048,0.17935,0.30063,134,134,134,0.27953,4.70281,0.20572,1,1,0.450
39.7820,827,BL,6,4.11412,0.16823,0.30282,134,134,134,0.28170,4.18918,0.16875,1,1,0.450
39.7840,827,FR,28,4.70821,-0.09946,0.30005,134,134,134,0.27895,4.82170,-0.11141,1,1,0.450
39.7840,827,BR,21,4.25748,-0.09404,0.29979,134,134,134,0.27869,4.33061,-0.09046,1,1,0.450
39.8020,828,FL,12,4.57166,0.17840,0.30067,134,134,134,0.27957,4.70556,0.20346,1,1,0.450
39.8020,828,BL,5,4.11425,0.16746,0.30297,134,134,134,0.28185,4.19052,0.16575,1,1,0.450
39.8020,828,FR,27,4.71090,-0.10131,0.30005,134,134,134,0.27894,4.82660,-0.11409,1,1,0.450
39.8020,828,BR,20,4.25992,-0.09640,0.29980,134,134,134,0.27870,4.33282,-0.09399,1,1,0.450
39.8140,829,FL,11,4.57175,0.17785,0.30091,134,134,134,0.27981,4.70578,0.20274,1,1,0.450
39.8160,829,BL,4,4.11453,0.16663,0.30378,134,134,134,0.28267,4.19066,0.16398,1,1,0.450
39.8160,829,FR,26,4.71133,-0.10219,0.30003,134,134,134,0.27893,4.82846,-0.11600,1,1,0.450
39.8160,829,BR,19,4.26010,-0.09709,0.29981,134,134,134,0.27871,4.33250,-0.09606,1,1,0.450
39.8260,829,FL,11,4.57215,0.17763,0.30104,134,134,134,0.27994,4.70633,0.20252,1,1,0.450
39.8280,829,BL,4,4.11500,0.16601,0.30419,134,134,134,0.28307,4.19107,0.16302,1,1,0.450
39.8280,829,FR,26,4.71197,-0.10257,0.30000,134,134,134,0.27890,4.83535,-0.11677,1,1,0.450
39.8280,829,BR,19,4.26050,-0.09721,0.29979,134,134,134,0.27869,4.33724,-0.09661,1,1,0.450
39.8400,829,FL,11,4.57179,0.17705,0.30132,134,134,134,0.28022,4.70570,0.20156,1,1,0.450
39.8400,829,BL,4,4.11499,0.16556,0.30481,134,134,134,0.28369,4.19062,0.16180,1,1,0.450
39.8420,829,FR,26,4.71177,-0.10336,0.30003,134,134,134,0.27893,4.83509,-0.11740,1,1,0.450
39.8420,829,BR,19,4.26028,-0.09833,0.29980,134,134,134,0.27869,4.33726,-0.09788,1,1,0.450
39.8540,830,FL,10,4.57134,0.17646,0.30157,134,134,134,0.28047,4.70491,0.20057,1,1,0.450
39.8540,830,BL,3,4.11483,0.16510,0.30549,133,133,133,0.28437,4.18999,0.16042,1,1,0.450
39.8540,830,FR,25,4.71133,-0.10421,0.30004,134,134,134,0.27894,4.82949,-0.11897,1,1,0.450
39.8540,830,BR,18,4.25986,-0.09942,0.29986,134,134,134,0.27876,4.33155,-0.09999,1,1,0.450
39.8700,830,FL,10,4.57044,0.17681,0.30182,134,134,134,0.28071,4.70368,0.20063,1,1,0.450
39.8700,830,BL,3,4.11435,0.16500,0.30594,132,132,132,0.28482,4.18875,0.16007,1,1,0.450
39.8700,830,FR,25,4.71024,-0.10438,0.29998,134,134,134,0.27888,4.83449,-0.11978,1,1,0.450
39.8720,830,BR,18,4.25860,-0.09911,0.29991,134,134,134,0.27880,4.33411,-0.10034,1,1,0.450
39.8920,831,FL,9,4.56985,0.17624,0.30199,134,134,134,0.28088,4.70249,0.19925,1,1,0.450
39.8920,831,BL,2,4.11464,0.16481,0.30602,132,132,132,0.28490,4.18762,0.15914,1,1,0.450
39.8920,831,FR,24,4.70962,-0.10559,0.30002,134,134,134,0.27892,4.82856,-0.12176,1,1,0.450
39.8920,831,BR,17,4.25800,-0.10055,0.29990,134,134,134,0.27880,4.33361,-0.10213,1,1,0.450
39.9100,832,FL,8,4.56881,0.17689,0.30220,134,134,134,0.28109,4.70007,0.19916,1,1,0.450
39.9100,832,BL,1,4.11466,0.16510,0.30595,132,132,132,0.28483,4.18643,0.15958,1,1,0.450
39.9120,832,FR,23,4.70762,-0.10622,0.29996,134,134,134,0.27886,4.82716,-0.12405,1,1,0.450
39.9120,832,BR,16,4.25590,-0.10022,0.29994,134,134,134,0.27883,4.32991,-0.10404,1,1,0.450
39.9400,833,FL,7,4.56875,0.17737,0.30218,134,134,134,0.28107,4.69815,0.19861,1,1,0.450
39.9400,833,BL,30,4.38857,0.16686,0.29985,134,134,134,0.27875,4.46568,0.16957,1,1,0.450
39.9400,833,FR,22,4.70580,-0.10744,0.29997,134,134,134,0.27886,4.82125,-0.13081,1,1,0.450
39.9400,833,BR,15,4.25427,-0.09999,0.29992,134,134,134,0.27882,4.32691,-0.10566,1,1,0.450
39.9560,833,FL,7,4.56756,0.17729,0.30243,134,134,134,0.28132,4.69416,0.19734,1,1,0.450
39.9560,833,BL,30,4.38470,0.16459,0.29988,134,134,134,0.27877,4.46096,0.16191,1,1,0.450
39.9560,833,FR,22,4.70184,-0.10880,0.29985,134,134,134,0.27875,4.82085,-0.13507,1,1,0.450
39.9560,833,BR,15,4.25070,-0.09971,0.30013,134,134,134,0.27903,4.32142,-0.10726,1,1,0.450
39.9680,834,FL,6,4.56683,0.17718,0.30243,134,134,134,0.28132,4.69218,0.19666,1,1,0.450
39.9680,834,BL,29,4.38279,0.16378,0.29989,134,134,134,0.27879,4.45543,0.16126,1,1,0.450
39.9680,834,FR,21,4.69989,-0.10950,0.29984,134,134,134,0.27874,4.81474,-0.13547,1,1,0.450
39.9680,834,BR,14,4.24917,-0.10035,0.30014,134,134,134,0.27904,4.31891,-0.10840,1,1,0.450
39.9780,834,FL,6,4.56574,0.17764,0.30237,134,134,134,0.28126,4.69014,0.19710,1,1,0.450
39.9780,834,BL,29,4.38083,0.16280,0.29989,134,134,134,0.27878,4.45491,0.15704,1,1,0.450
39.9780,834,FR,21,4.69824,-0.10936,0.29979,134,134,134,0.27869,4.81743,-0.13759,1,1,0.450
39.9780,834,BR,14,4.24754,-0.09944,0.30023,134,134,134,0.27913,4.31636,-0.10852,1,1,0.450
39.9880,834,FL,6,4.56561,0.17744,0.30246,134,134,134,0.28135,4.68932,0.19671,1,1,0.450
39.9880,834,BL,29,4.38014,0.16242,0.29990,134,134,134,0.27880,4.45468,0.15667,1,1,0.450
39.9880,834,FR,21,4.69756,-0.10957,0.29981,134,134,134,0.27871,4.81679,-0.13752,1,1,0.450
39.9880,834,BR,14,4.24706,-0.09995,0.30022,134,134,134,0.27912,4.31549,-0.10904,1,1,0.450
39.9960,835,FL,5,4.56555,0.17738,0.30273,134,134,134,0.28162,4.68859,0.19653,1,1,0.450
39.9980,835,BL,28,4.37954,0.16208,0.29990,134,134,134,0.27880,4.45010,0.15671,1,1,0.450
39.9980,835,FR,20,4.69706,-0.10981,0.29983,134,134,134,0.27873,4.81225,-0.13746,1,1,0.450
39.9980,835,BR,13,4.24668,-0.10023,0.30036,134,134,134,0.27925,4.31478,-0.10949,1,1,0.450
40.0080,835,FL,5,4.56457,0.17761,0.30296,134,134,134,0.28185,4.68701,0.19691,1,1,0.450
40.0080,835,BL,28,4.37822,0.16136,0.29989,134,134,134,0.27879,4.45153,0.15405,1,1,0.450
40.0080,835,FR,20,4.69603,-0.10939,0.29979,134,134,134,0.27869,4.81601,-0.13870,1,1,0.450
40.0080,835,BR,13,4.24547,-0.09922,0.30050,134,134,134,0.27940,4.31314,-0.10914,1,1,0.450
40.0180,835,FL,5,4.56412,0.17691,0.30403,134,134,134,0.28292,4.68583,0.19603,1,1,0.450
40.0180,835,BL,28,4.37767,0.16117,0.29990,134,134,134,0.27880,4.45146,0.15393,1,1,0.450
40.0180,835,FR,20,4.69542,-0.10958,0.29990,134,134,134,0.27879,4.81555,-0.13842,1,1,0.450
40.0180,835,BR,13,4.24484,-0.10001,0.30074,134,134,134,0.27963,4.31255,-0.10937,1,1,0.450
40.0260,836,FL,4,4.56250,0.17630,0.30469,134,134,134,0.28357,4.68356,0.19519,1,1,0.450
40.0260,836,BL,27,4.37602,0.16104,0.29991,134,134,134,0.27881,4.44589,0.15437,1,1,0.450
40.0260,836,FR,19,4.69374,-0.10980,0.29994,134,134,134,0.27884,4.81005,-0.13797,1,1,0.450
40.0260,836,BR,12,4.24304,-0.10047,0.30098,134,134,134,0.27987,4.31085,-0.10949,1,1,0.450
40.0380,836,FL,4,4.56331,0.17627,0.30536,133,133,133,0.28424,4.68384,0.19532,1,1,0.450
40.0380,836,BL,27,4.37630,0.16031,0.29991,134,134,134,0.27881,4.44958,0.15258,1,1,0.450
40.0380,836,FR,19,4.69433,-0.10942,0.29993,134,134,134,0.27883,4.81550,-0.13886,1,1,0.450
40.0380,836,BR,12,4.24354,-0.09963,0.30129,134,134,134,0.28018,4.31072,-0.10915,1,1,0.450
40.0460,836,FL,4,4.56141,0.17525,0.30616,132,132,132,0.28504,4.68126,0.19398,1,1,0.450
40.0460,836,BL,27,4.37471,0.16030,0.29991,134,134,134,0.27881,4.44848,0.15269,1,1,0.450
40.0460,836,FR,19,4.69257,-0.10965,0.30005,134,134,134,0.27895,4.81397,-0.13851,1,1,0.450
40.0480,836,BR,12,4.24153,-0.10051,0.30147,134,134,134,0.28037,4.30924,-0.10914,1,1,0.450
40.0600,837,FL,3,4.56176,0.17477,0.30711,132,132,132,0.28598,4.68128,0.19326,1,1,0.450
40.0600,837,BL,26,4.37491,0.16025,0.29992,134,134,134,0.27882,4.44476,0.15334,1,1,0.450
40.0600,837,FR,18,4.69273,-0.10982,0.30011,134,134,134,0.27901,4.81025,-0.13794,1,1,0.450
40.0600,837,BR,11,4.24171,-0.10087,0.30179,134,134,134,0.28068,4.30923,-0.10923,1,1,0.450
40.0700,837,FL,3,4.56102,0.17406,0.30799,132,132,132,0.28686,4.67981,0.19236,1,1,0.450
40.0700,837,BL,26,4.37439,0.15965,0.29993,134,134,134,0.27883,4.44793,0.15222,1,1,0.450
40.0700,837,FR,18,4.69244,-0.10951,0.30014,134,134,134,0.27903,4.81505,-0.13837,1,1,0.450
40.0700,837,BR,11,4.24087,-0.10055,0.30224,134,134,134,0.28113,4.30865,-0.10862,1,1,0.450
40.0780,837,FL,3,4.56092,0.17367,0.30832,132,132,132,0.28719,4.67974,0.19203,1,1,0.450
40.0780,837,BL,26,4.37433,0.15980,0.29992,134,134,134,0.27882,4.44838,0.15259,1,1,0.450
40.0800,837,FR,18,4.69221,-0.10955,0.30021,134,134,134,0.27911,4.81489,-0.13803,1,1,0.450
40.0800,837,BR,11,4.24070,-0.10086,0.30228,134,134,134,0.28117,4.30851,-0.10859,1,1,0.450
40.0900,838,FL,2,4.56169,0.17345,0.30852,131,131,131,0.28739,4.68087,0.19205,1,1,0.450
40.0920,838,BL,25,4.37506,0.16010,0.29992,134,134,134,0.27882,4.44509,0.15354,1,1,0.450
40.0920,838,FR,17,4.69296,-0.10933,0.30023,134,134,134,0.27913,4.81559,-0.13772,1,1,0.450
40.0920,838,BR,10,4.24148,-0.10071,0.30239,134,134,134,0.28128,4.30922,-0.10821,1,1,0.450
40.1040,838,FL,2,4.56070,0.17276,0.30864,131,131,131,0.28751,4.67985,0.19144,1,1,0.450
40.1040,838,BL,25,4.37465,0.15976,0.29992,134,134,134,0.27882,4.44846,0.15288,1,1,0.450
40.1040,838,FR,17,4.69266,-0.10889,0.30024,134,134,134,0.27913,4.81638,-0.13734,1,1,0.450
40.1040,838,BR,10,4.24054,-0.10014,0.30262,134,134,134,0.28150,4.30880,-0.10726,1,1,0.450
40.1140,839,FL,1,4.56076,0.17226,0.30877,131,131,131,0.28764,4.68129,0.19157,1,1,0.450
40.1140,839,BL,24,4.37550,0.16058,0.29990,134,134,134,0.27880,4.44573,0.15448,1,1,0.450
40.1140,839,FR,16,4.69328,-0.10851,0.30031,134,134,134,0.27921,4.82100,-0.13708,1,1,0.450
40.1140,839,BR,9,4.24114,-0.10000,0.30269,134,134,134,0.28158,4.30968,-0.10640,1,1,0.450
40.1260,839,FL,1,4.56170,0.17224,0.30847,131,131,131,0.28734,4.68345,0.19212,1,1,0.450
40.1260,839,BL,24,4.37709,0.16071,0.29989,134,134,134,0.27879,4.45112,0.15445,1,1,0.450
40.1260,839,FR,16,4.69493,-0.10768,0.30029,134,134,134,0.27919,4.82348,-0.13651,1,1,0.450
40.1260,839,BR,9,4.24241,-0.09864,0.30278,134,134,134,0.28167,4.31116,-0.10494,1,1,0.450
40.1360,839,FL,1,4.55963,0.17129,0.30910,131,131,131,0.28797,4.68080,0.19081,1,1,0.450
40.1360,839,BL,24,4.37680,0.16148,0.29984,134,134,134,0.27874,4.45128,0.15543,1,1,0.450
40.1360,839,FR,16,4.69416,-0.10761,0.30043,134,134,134,0.27933,4.82323,-0.13551,1,1,0.450
40.1360,839,BR,9,4.24087,-0.09932,0.30257,134,134,134,0.28146,4.31118,-0.10406,1,1,0.450
40.1440,840,FL,30,4.82845,0.17176,0.30002,134,134,134,0.27892,4.93208,0.18261,1,1,0.450
40.1440,840,BL,23,4.37819,0.16248,0.29982,134,134,134,0.27871,4.44867,0.15724,1,1,0.450
40.1440,840,FR,15,4.69526,-0.10708,0.30047,134,134,134,0.27937,4.82436,-0.13475,1,1,0.450
40.1460,840,BR,8,4.24191,-0.09864,0.30238,134,134,134,0.28127,4.31244,-0.10277,1,1,0.450
40.1660,840,FL,30,4.83162,0.17228,0.30002,134,134,134,0.27892,4.94626,0.18383,1,1,0.450
40.1660,840,BL,23,4.38141,0.16333,0.29985,134,134,134,0.27875,4.45777,0.15794,1,1,0.450
40.1660,840,FR,15,4.69873,-0.10560,0.30049,134,134,134,0.27939,4.82739,-0.13428,1,1,0.450
40.1660,840,BR,8,4.24567,-0.09590,0.30279,134,134,134,0.28168,4.31583,-0.10027,1,1,0.450
40.1760,841,FL,29,4.83440,0.17400,0.30003,134,134,134,0.27893,4.94435,0.18561,1,1,0.450
40.1760,841,BL,22,4.38402,0.16604,0.29987,134,134,134,0.27877,4.45635,0.16140,1,1,0.450
40.1760,841,FR,14,4.69999,-0.10446,0.30072,134,134,134,0.27962,4.83002,-0.13187,1,1,0.450
40.1760,841,BR,7,4.24533,-0.09540,0.30362,134,134,134,0.28251,4.31834,-0.09742,1,1,0.450
40.1840,841,FL,29,4.83657,0.17447,0.30003,134,134,134,0.27893,4.95489,0.18643,1,1,0.450
40.1840,841,BL,22,4.38598,0.16637,0.29984,134,134,134,0.27874,4.46356,0.16205,1,1,0.450
40.1840,841,FR,14,4.70119,-0.10433,0.30062,134,134,134,0.27952,4.83283,-0.13123,1,1,0.450
40.1860,841,BR,7,4.24534,-0.09514,0.30318,134,134,134,0.28207,4.31961,-0.09639,1,1,0.450
40.1960,841,FL,29,4.83670,0.17488,0.30005,134,134,134,0.27895,4.95490,0.18662,1,1,0.450
40.1960,841,BL,22,4.38599,0.16705,0.29981,134,134,134,0.27870,4.46407,0.16301,1,1,0.450
40.1960,841,FR,14,4.70074,-0.10425,0.30076,134,134,134,0.27965,4.83271,-0.13064,1,1,0.450
40.1960,841,BR,7,4.24475,-0.09522,0.30340,134,134,134,0.28229,4.31944,-0.09576,1,1,0.450
40.2100,842,FL,28,4.83787,0.17558,0.30005,134,134,134,0.27895,4.95127,0.18787,1,1,0.450
40.2100,842,BL,21,4.38712,0.16811,0.29980,134,134,134,0.27869,4.46047,0.16495,1,1,0.450
40.2100,842,FR,13,4.70130,-0.10394,0.30071,134,134,134,0.27961,4.83380,-0.12972,1,1,0.450
40.2100,842,BR,6,4.24484,-0.09504,0.30321,134,134,134,0.28210,4.32017,-0.09473,1,1,0.450
40.2220,842,FL,28,4.83897,0.17599,0.30003,134,134,134,0.27893,4.95957,0.18866,1,1,0.450
40.2220,842,BL,21,4.38804,0.16834,0.29979,134,134,134,0.27869,4.46596,0.16540,1,1,0.450
40.2240,842,FR,13,4.70184,-0.10378,0.30067,134,134,134,0.27957,4.83525,-0.12927,1,1,0.450
40.2240,842,BR,6,4.24484,-0.09472,0.30310,134,134,134,0.28199,4.32065,-0.09379,1,1,0.450
40.2360,843,FL,27,4.83966,0.17677,0.30006,134,134,134,0.27896,4.95520,0.18997,1,1,0.450
40.2360,843,BL,20,4.38864,0.16945,0.29979,134,134,134,0.27869,4.46197,0.16745,1,1,0.450
40.2360,843,FR,12,4.70206,-0.10326,0.30091,134,134,134,0.27981,4.83563,-0.12834,1,1,0.450
40.2360,843,BR,5,4.24503,-0.09438,0.30372,134,134,134,0.28261,4.32108,-0.09266,1,1,0.450
40.2480,843,FL,27,4.83956,0.17704,0.30003,134,134,134,0.27892,4.96172,0.19071,1,1,0.450
40.2480,843,BL,20,4.38837,0.16937,0.29982,134,134,134,0.27871,4.46588,0.16771,1,1,0.450
40.2480,843,FR,12,4.70182,-0.10317,0.30102,134,134,134,0.27992,4.83575,-0.12816,1,1,0.450
40.2480,843,BR,5,4.24458,-0.09405,0.30422,134,134,134,0.28310,4.32086,-0.09183,1,1,0.450
40.2600,843,FL,27,4.84108,0.17807,0.30005,134,134,134,0.27895,4.96318,0.19155,1,1,0.450
40.2600,843,BL,20,4.38982,0.17083,0.29981,134,134,134,0.27871,4.46765,0.16928,1,1,0.450
40.2600,843,FR,12,4.70280,-0.10232,0.30127,134,134,134,0.28016,4.83688,-0.12695,1,1,0.450
40.2620,843,BR,5,4.24564,-0.09324,0.30487,133,133,133,0.28375,4.32182,-0.09034,1,1,0.450
40.2740,844,FL,26,4.84112,0.17883,0.30005,134,134,134,0.27895,4.95813,0.19296,1,1,0.450
40.2740,844,BL,19,4.38986,0.17187,0.29988,134,134,134,0.27878,4.46260,0.17116,1,1,0.450
40.2740,844,FR,11,4.70281,-0.10157,0.30151,134,134,134,0.28041,4.83666,-0.12606,1,1,0.450
40.2760,844,BR,4,4.24568,-0.09250,0.30569,133,133,133,0.28457,4.32198,-0.08871,1,1,0.450
40.2880,844,FL,26,4.84103,0.17915,0.30001,134,134,134,0.27891,4.96435,0.19375,1,1,0.450
40.2880,844,BL,19,4.38958,0.17202,0.29993,134,134,134,0.27883,4.46634,0.17159,1,1,0.450
40.2880,844,FR,11,4.70255,-0.10135,0.30179,134,134,134,0.28069,4.83649,-0.12584,1,1,0.450
40.2880,844,BR,4,4.24549,-0.09175,0.30647,132,132,132,0.28535,4.32149,-0.08750,1,1,0.450
40.3060,845,FL,25,4.83957,0.17982,0.30004,134,134,134,0.27894,4.95764,0.19510,1,1,0.450
40.3060,845,BL,18,4.38814,0.17306,0.29995,134,134,134,0.27884,4.45983,0.17364,1,1,0.450
40.3080,845,FR,10,4.70110,-0.10093,0.30209,134,134,134,0.28098,4.83449,-0.12490,1,1,0.450
40.3080,845,BR,3,4.24451,-0.09164,0.30715,132,132,132,0.28603,4.32009,-0.08629,1,1,0.450
40.3340,846,FL,24,4.83984,0.18065,0.29998,134,134,134,0.27888,4.95878,0.19737,1,1,0.450
40.3340,846,BL,17,4.38818,0.17367,0.29998,134,134,134,0.27887,4.46378,0.17494,1,1,0.450
40.3340,846,FR,9,4.70108,-0.10076,0.30227,134,134,134,0.28116,4.83441,-0.12424,1,1,0.450
40.3340,846,BR,2,4.24506,-0.09093,0.30734,132,132,132,0.28622,4.31924,-0.08517,1,1,0.450
40.3440,846,FL,24,4.83705,0.18177,0.29996,134,134,134,0.27886,4.96187,0.19902,1,1,0.450
40.3440,846,BL,17,4.38527,0.17427,0.30001,134,134,134,0.27891,4.45955,0.17771,1,1,0.450
40.3460,846,FR,9,4.69911,-0.10101,0.30270,134,134,134,0.28159,4.83073,-0.12335,1,1,0.450
40.3460,846,BR,2,4.24457,-0.09121,0.30770,132,132,132,0.28657,4.31712,-0.08470,1,1,0.450
40.3560,847,FL,23,4.83642,0.18274,0.30000,134,134,134,0.27890,4.95578,0.20101,1,1,0.450
40.3560,847,BL,16,4.38483,0.17502,0.30000,134,134,134,0.27890,4.45861,0.17914,1,1,0.450
40.3560,847,FR,8,4.69913,-0.10088,0.30268,134,134,134,0.28157,4.83007,-0.12255,1,1,0.450
40.3560,847,BR,1,4.24512,-0.09127,0.30741,132,132,132,0.28629,4.31669,-0.08474,1,1,0.450
40.3860,848,FL,22,4.83558,0.18333,0.29996,134,134,134,0.27886,4.95095,0.20698,1,1,0.450
40.3860,848,BL,15,4.38398,0.17433,0.30000,134,134,134,0.27889,4.45684,0.17998,1,1,0.450
40.3860,848,FR,7,4.69927,-0.10148,0.30260,134,134,134,0.28149,4.82910,-0.12266,1,1,0.450
40.3860,848,BR,30,4.51938,-0.09223,0.29986,134,134,134,0.27876,4.59649,-0.09473,1,1,0.450
40.4000,848,FL,22,4.83206,0.18497,0.29985,134,134,134,0.27875,4.95098,0.21174,1,1,0.450
40.4000,848,BL,15,4.38088,0.17386,0.30007,134,134,134,0.27897,4.45178,0.18188,1,1,0.450
40.4020,848,FR,7,4.69888,-0.10177,0.30257,134,134,134,0.28146,4.82577,-0.12138,1,1,0.450
40.4020,848,BR,30,4.51608,-0.08976,0.29988,134,134,134,0.27877,4.59231,-0.08677,1,1,0.450
40.4120,849,FL,21,4.83032,0.18571,0.29985,134,134,134,0.27875,4.94506,0.21220,1,1,0.450
40.4120,849,BL,14,4.37955,0.17442,0.30012,134,134,134,0.27902,4.44955,0.18289,1,1,0.450
40.4120,849,FR,6,4.69832,-0.10152,0.30286,134,134,134,0.28174,4.82415,-0.12065,1,1,0.450
40.4120,849,BR,29,4.51447,-0.08903,0.29989,134,134,134,0.27879,4.58708,-0.08616,1,1,0.450
40.4220,849,FL,21,4.82864,0.18564,0.29980,134,134,134,0.27870,4.94769,0.21444,1,1,0.450
40.4220,849,BL,14,4.37793,0.17348,0.30020,134,134,134,0.27910,4.44694,0.18302,1,1,0.450
40.4240,849,FR,6,4.69738,-0.10203,0.30272,134,134,134,0.28161,4.82212,-0.12104,1,1,0.450
40.4240,849,BR,29,4.51252,-0.08803,0.29989,134,134,134,0.27878,4.58653,-0.08190,1,1,0.450
40.4320,849,FL,21,4.82752,0.18585,0.29981,134,134,134,0.27871,4.94661,0.21437,1,1,0.450
40.4320,849,BL,14,4.37699,0.17397,0.30018,134,134,134,0.27907,4.44565,0.18348,1,1,0.450
40.4320,849,FR,6,4.69674,-0.10182,0.30268,134,134,134,0.28157,4.82089,-0.12065,1,1,0.450
40.4320,849,BR,29,4.51141,-0.08770,0.29990,134,134,134,0.27880,4.58590,-0.08156,1,1,0.450
40.4420,850,FL,20,4.82695,0.18614,0.29983,134,134,134,0.27873,4.94201,0.21437,1,1,0.450
40.4420,850,BL,13,4.37654,0.17425,0.30029,134,134,134,0.27918,4.44486,0.18399,1,1,0.450
40.4440,850,FR,5,4.69662,-0.10176,0.30291,134,134,134,0.28180,4.82011,-0.12044,1,1,0.450
40.4440,850,BR,28,4.51078,-0.08732,0.29990,134,134,134,0.27880,4.58127,-0.08156,1,1,0.450
40.4520,850,FL,20,4.82618,0.18576,0.29979,134,134,134,0.27868,4.94597,0.21571,1,1,0.450
40.4520,850,BL,13,4.37569,0.17324,0.30043,134,134,134,0.27933,4.44337,0.18377,1,1,0.450
40.4520,850,FR,5,4.69615,-0.10212,0.30310,134,134,134,0.28199,4.81882,-0.12091,1,1,0.450
40.4520,850,BR,28,4.50966,-0.08651,0.29989,134,134,134,0.27879,4.58290,-0.07882,1,1,0.450
40.4680,850,FL,20,4.82479,0.18588,0.29986,134,134,134,0.27876,4.94472,0.21547,1,1,0.450
40.4680,850,BL,13,4.37427,0.17378,0.30055,134,134,134,0.27945,4.44206,0.18393,1,1,0.450
40.4700,850,FR,5,4.69485,-0.10161,0.30368,134,134,134,0.28257,4.81701,-0.12029,1,1,0.450
40.4700,850,BR,28,4.50838,-0.08642,0.29990,134,134,134,0.27880,4.58210,-0.07873,1,1,0.450
40.4840,851,FL,19,4.82407,0.18616,0.29996,134,134,134,0.27886,4.94019,0.21495,1,1,0.450
40.4840,851,BL,12,4.37344,0.17457,0.30099,134,134,134,0.27988,4.44121,0.18414,1,1,0.450
40.4840,851,FR,4,4.69429,-0.10074,0.30512,133,133,133,0.28400,4.81545,-0.11915,1,1,0.450
40.4840,851,BR,27,4.50762,-0.08617,0.29991,134,134,134,0.27881,4.57742,-0.07909,1,1,0.450
40.4980,851,FL,19,4.82336,0.18586,0.29999,134,134,134,0.27889,4.94451,0.21571,1,1,0.450
40.4980,851,BL,12,4.37238,0.17410,0.30143,134,134,134,0.28033,4.43997,0.18370,1,1,0.450
40.4980,851,FR,4,4.69348,-0.10016,0.30627,132,132,132,0.28515,4.81375,-0.11859,1,1,0.450
40.4980,851,BR,27,4.50662,-0.08544,0.29991,134,134,134,0.27881,4.57984,-0.07736,1,1,0.450
40.5140,852,FL,18,4.82203,0.18613,0.30013,134,134,134,0.27902,4.93947,0.21467,1,1,0.450
40.5140,852,BL,11,4.37085,0.17520,0.30172,134,134,134,0.28061,4.43880,0.18369,1,1,0.450
40.5140,852,FR,3,4.69221,-0.09891,0.30753,132,132,132,0.28640,4.81157,-0.11675,1,1,0.450
40.5140,852,BR,26,4.50547,-0.08546,0.29992,134,134,134,0.27882,4.57523,-0.07812,1,1,0.450
40.5240,852,FL,18,4.82175,0.18587,0.30015,134,134,134,0.27904,4.94423,0.21514,1,1,0.450
40.5240,852,BL,11,4.37018,0.17481,0.30220,134,134,134,0.28109,4.43802,0.18314,1,1,0.450
40.5240,852,FR,3,4.69169,-0.09812,0.30858,131,131,131,0.28745,4.81060,-0.11595,1,1,0.450
40.5240,852,BR,26,4.50497,-0.08487,0.29993,134,134,134,0.27882,4.57846,-0.07713,1,1,0.450
40.5360,853,FL,17,4.82229,0.18579,0.30022,134,134,134,0.27911,4.94471,0.21473,1,1,0.450
40.5360,853,BL,10,4.37091,0.17495,0.30223,134,134,134,0.28112,4.43859,0.18294,1,1,0.450
40.5360,853,FR,2,4.69250,-0.09777,0.30883,131,131,131,0.28770,4.81181,-0.11578,1,1,0.450
40.5360,853,BR,25,4.50564,-0.08516,0.29992,134,134,134,0.27882,4.57562,-0.07821,1,1,0.450
40.5440,853,FL,17,4.82269,0.18530,0.30019,134,134,134,0.27909,4.94603,0.21446,1,1,0.450
40.5460,853,BL,10,4.37085,0.17415,0.30242,134,134,134,0.28131,4.43873,0.18201,1,1,0.450
40.5460,853,FR,2,4.69245,-0.09732,0.30880,131,131,131,0.28767,4.81193,-0.11547,1,1,0.450
40.5460,853,BR,25,4.50587,-0.08484,0.29992,134,134,134,0.27881,4.57958,-0.07757,1,1,0.450
40.5560,853,FL,17,4.82291,0.18519,0.30026,134,134,134,0.27916,4.94623,0.21396,1,1,0.450
40.5560,853,BL,10,4.37103,0.17430,0.30245,134,134,134,0.28134,4.43923,0.18160,1,1,0.450
40.5560,853,FR,2,4.69235,-0.09690,0.30899,131,131,131,0.28786,4.81242,-0.11529,1,1,0.450
40.5560,853,BR,25,4.50627,-0.08527,0.29990,134,134,134,0.27880,4.58044,-0.07818,1,1,0.450
40.5660,854,FL,16,4.82287,0.18496,0.30031,134,134,134,0.27920,4.95042,0.21401,1,1,0.450
40.5660,854,BL,9,4.37067,0.17427,0.30256,134,134,134,0.28145,4.43944,0.18083,1,1,0.450
40.5680,854,FR,1,4.69159,-0.09634,0.30917,131,131,131,0.28804,4.81245,-0.11493,1,1,0.450
40.5680,854,BR,24,4.50639,-0.08581,0.29990,134,134,134,0.27879,4.57649,-0.07945,1,1,0.450
40.5780,854,FL,16,4.82454,0.18417,0.30030,134,134,134,0.27920,4.95295,0.21341,1,1,0.450
40.5780,854,BL,9,4.37198,0.17293,0.30268,134,134,134,0.28157,4.44093,0.17939,1,1,0.450
40.5780,854,FR,1,4.69247,-0.09624,0.30901,131,131,131,0.28788,4.81457,-0.11549,1,1,0.450
40.5780,854,BR,24,4.50805,-0.08596,0.29989,134,134,134,0.27879,4.58201,-0.07941,1,1,0.450
40.5880,854,FL,16,4.82578,0.18349,0.30045,134,134,134,0.27935,4.95411,0.21239,1,1,0.450
40.5880,854,BL,9,4.37298,0.17234,0.30276,134,134,134,0.28165,4.44278,0.17782,1,1,0.450
40.5880,854,FR,1,4.69238,-0.09581,0.30926,131,131,131,0.28813,4.81590,-0.11608,1,1,0.450
40.5880,854,BR,24,4.50962,-0.08722,0.29986,134,134,134,0.27876,4.58395,-0.08070,1,1,0.450
40.5980,855,FL,15,4.82602,0.18316,0.30051,134,134,134,0.27941,4.95472,0.21158,1,1,0.450
40.5980,855,BL,8,4.37273,0.17225,0.30236,134,134,134,0.28125,4.44344,0.17665,1,1,0.450
40.5980,855,FR,30,4.96049,-0.09480,0.30002,134,134,134,0.27892,5.06420,-0.10509,1,1,0.450
40.5980,855,BR,23,4.51025,-0.08809,0.29982,134,134,134,0.27872,4.58048,-0.08230,1,1,0.450
40.6360,856,FL,14,4.82879,0.18189,0.30047,134,134,134,0.27936,4.95726,0.21101,1,1,0.450
40.6380,856,BL,7,4.37562,0.16978,0.30274,134,134,134,0.28163,4.44621,0.17421,1,1,0.450
40.6380,856,FR,29,4.96316,-0.09532,0.30001,134,134,134,0.27891,5.07327,-0.10692,1,1,0.450
40.6380,856,BR,22,4.51294,-0.08891,0.29986,134,134,134,0.27876,4.58462,-0.08381,1,1,0.450
40.6560,857,FL,13,4.83011,0.18105,0.30066,134,134,134,0.27955,4.96245,0.20752,1,1,0.450
40.6560,857,BL,6,4.37344,0.17023,0.30288,134,134,134,0.28177,4.44872,0.17092,1,1,0.450
40.6560,857,FR,28,4.96741,-0.09760,0.30004,134,134,134,0.27894,5.08099,-0.10978,1,1,0.450
40.6560,857,BR,21,4.51681,-0.09199,0.29983,134,134,134,0.27873,4.58945,-0.08796,1,1,0.450
40.6700,857,FL,13,4.82950,0.18158,0.30061,134,134,134,0.27950,4.96346,0.20706,1,1,0.450
40.6700,857,BL,6,4.37213,0.17054,0.30263,134,134,134,0.28152,4.44816,0.17021,1,1,0.450
40.6700,857,FR,28,4.96831,-0.09805,0.30004,134,134,134,0.27894,5.08897,-0.11031,1,1,0.450
40.6700,857,BR,21,4.51731,-0.09234,0.29975,134,134,134,0.27865,4.59527,-0.08919,1,1,0.450
40.6840,858,FL,12,4.83010,0.18135,0.30058,134,134,134,0.27948,4.96445,0.20620,1,1,0.450
40.6840,858,BL,5,4.37270,0.17036,0.30230,134,134,134,0.28119,4.44875,0.16931,1,1,0.450
40.6840,858,FR,27,4.96972,-0.09876,0.30006,134,134,134,0.27896,5.08535,-0.11151,1,1,0.450
40.6840,858,BR,20,4.51860,-0.09352,0.29969,134,134,134,0.27858,4.59207,-0.09151,1,1,0.450
40.6940,858,FL,12,4.83041,0.18128,0.30055,134,134,134,0.27945,4.96507,0.20619,1,1,0.450
40.6940,858,BL,5,4.37294,0.16993,0.30243,134,134,134,0.28132,4.44907,0.16851,1,1,0.450
40.6940,858,FR,27,4.97021,-0.09897,0.30003,134,134,134,0.27892,5.09245,-0.11210,1,1,0.450
40.6940,858,BR,20,4.51891,-0.09343,0.29969,134,134,134,0.27859,4.59663,-0.09173,1,1,0.450
40.7040,858,FL,12,4.83037,0.18083,0.30086,134,134,134,0.27976,4.96489,0.20548,1,1,0.450
40.7040,858,BL,5,4.37310,0.16960,0.30321,134,134,134,0.28209,4.44912,0.16758,1,1,0.450
40.7040,858,FR,27,4.97037,-0.09954,0.30006,134,134,134,0.27895,5.09254,-0.11253,1,1,0.450
40.7040,858,BR,20,4.51903,-0.09429,0.29971,134,134,134,0.27861,4.59700,-0.09271,1,1,0.450
40.7140,859,FL,11,4.83082,0.18018,0.30113,134,134,134,0.28002,4.96531,0.20476,1,1,0.450
40.7140,859,BL,4,4.37355,0.16894,0.30413,134,134,134,0.28302,4.44956,0.16634,1,1,0.450
40.7140,859,FR,26,4.97096,-0.10019,0.30006,134,134,134,0.27896,5.08806,-0.11388,1,1,0.450
40.7140,859,BR,19,4.51962,-0.09517,0.29977,134,134,134,0.27867,4.59248,-0.09442,1,1,0.450
40.7240,859,FL,11,4.83025,0.18036,0.30126,134,134,134,0.28015,4.96479,0.20502,1,1,0.450
40.7240,859,BL,4,4.37301,0.16871,0.30453,134,134,134,0.28341,4.44897,0.16590,1,1,0.450
40.7240,859,FR,26,4.97034,-0.10011,0.30001,134,134,134,0.27891,5.09373,-0.11434,1,1,0.450
40.7240,859,BR,19,4.51881,-0.09467,0.29979,134,134,134,0.27869,4.59573,-0.09425,1,1,0.450
40.7340,859,FL,11,4.83016,0.17977,0.30146,134,134,134,0.28035,4.96466,0.20416,1,1,0.450
40.7340,859,BL,4,4.37322,0.16810,0.30500,133,133,133,0.28389,4.44864,0.16477,1,1,0.450
40.7340,859,FR,26,4.97066,-0.10081,0.30004,134,134,134,0.27894,5.09401,-0.11486,1,1,0.450
40.7340,859,BR,19,4.51908,-0.09577,0.29978,134,134,134,0.27868,4.59626,-0.09537,1,1,0.450
40.7440,860,FL,10,4.82945,0.17941,0.30169,134,134,134,0.28058,4.96349,0.20362,1,1,0.450
40.7440,860,BL,3,4.37274,0.16778,0.30564,133,133,133,0.28452,4.44792,0.16372,1,1,0.450
40.7440,860,FR,25,4.96979,-0.10126,0.30005,134,134,134,0.27894,5.08797,-0.11607,1,1,0.450
40.7440,860,BR,18,4.51824,-0.09641,0.29984,134,134,134,0.27874,4.59013,-0.09696,1,1,0.450
40.7560,860,FL,10,4.82942,0.17952,0.30177,134,134,134,0.28066,4.96354,0.20375,1,1,0.450
40.7580,860,BL,3,4.37293,0.16731,0.30579,132,132,132,0.28467,4.44759,0.16316,1,1,0.450
40.7580,860,FR,25,4.96993,-0.10135,0.29998,134,134,134,0.27888,5.09423,-0.11675,1,1,0.450
40.7580,860,BR,18,4.51817,-0.09617,0.29985,134,134,134,0.27874,4.59400,-0.09716,1,1,0.450
40.7680,860,FL,10,4.82829,0.17923,0.30209,134,134,134,0.28098,4.96181,0.20293,1,1,0.450
40.7680,860,BL,3,4.37246,0.16726,0.30630,132,132,132,0.28518,4.44620,0.16239,1,1,0.450
40.7680,860,FR,25,4.96875,-0.10200,0.30003,134,134,134,0.27892,5.09298,-0.11725,1,1,0.450
40.7680,860,BR,18,4.51699,-0.09712,0.29986,134,134,134,0.27876,4.59298,-0.09828,1,1,0.450
40.7780,861,FL,9,4.82768,0.17899,0.30222,134,134,134,0.28111,4.96061,0.20215,1,1,0.450
40.7780,861,BL,2,4.37241,0.16720,0.30648,132,132,132,0.28535,4.44521,0.16177,1,1,0.450
40.7780,861,FR,24,4.96788,-0.10274,0.30003,134,134,134,0.27893,5.08688,-0.11885,1,1,0.450
40.7780,861,BR,17,4.51618,-0.09791,0.29991,134,134,134,0.27880,4.59194,-0.09944,1,1,0.450
40.7860,861,FL,9,4.82722,0.17955,0.30234,134,134,134,0.28123,4.95967,0.20255,1,1,0.450
40.7860,861,BL,2,4.37252,0.16723,0.30644,132,132,132,0.28531,4.44462,0.16202,1,1,0.450
40.7860,861,FR,24,4.96720,-0.10277,0.29996,134,134,134,0.27886,5.09218,-0.11954,1,1,0.450
40.7860,861,BR,17,4.51527,-0.09726,0.29991,134,134,134,0.27881,4.58977,-0.10057,1,1,0.450
40.7980,861,FL,9,4.82716,0.17936,0.30241,134,134,134,0.28130,4.95911,0.20178,1,1,0.450
40.7980,861,BL,2,4.37302,0.16726,0.30626,132,132,132,0.28514,4.44412,0.16204,1,1,0.450
40.7980,861,FR,24,4.96675,-0.10353,0.30001,134,134,134,0.27890,5.09162,-0.12037,1,1,0.450
40.7980,861,BR,17,4.51495,-0.09798,0.29988,134,134,134,0.27878,4.58922,-0.10160,1,1,0.450
40.8080,862,FL,8,4.82647,0.17937,0.30246,134,134,134,0.28135,4.95732,0.20114,1,1,0.450
40.8080,862,BL,1,4.37287,0.16750,0.30632,132,132,132,0.28520,4.44347,0.16213,1,1,0.450
40.8080,862,FR,23,4.96510,-0.10426,0.30001,134,134,134,0.27890,5.08457,-0.12215,1,1,0.450
40.8080,862,BR,16,4.51348,-0.09838,0.29994,134,134,134,0.27884,4.58726,-0.10257,1,1,0.450
40.8280,862,FL,8,4.82607,0.18014,0.30248,134,134,134,0.28137,4.95574,0.20166,1,1,0.450
40.8280,862,BL,1,4.37278,0.16772,0.30639,132,132,132,0.28527,4.44360,0.16285,1,1,0.450
40.8280,862,FR,23,4.96363,-0.10436,0.29997,134,134,134,0.27887,5.08355,-0.12747,1,1,0.450
40.8280,862,BR,16,4.51205,-0.09737,0.29998,134,134,134,0.27888,4.58478,-0.10289,1,1,0.450
40.8380,863,FL,7,4.82620,0.17996,0.30218,134,134,134,0.28107,4.95386,0.20027,1,1,0.450
40.8380,863,BL,30,4.64435,0.16822,0.29988,134,134,134,0.27878,4.72218,0.17136,1,1,0.450
40.8380,863,FR,22,4.96157,-0.10577,0.29988,134,134,134,0.27878,5.07732,-0.12877,1,1,0.450
40.8380,863,BR,15,4.51038,-0.09790,0.29995,134,134,134,0.27885,4.58203,-0.10453,1,1,0.450
40.8480,863,FL,7,4.82628,0.18029,0.30248,134,134,134,0.28137,4.95307,0.20038,1,1,0.450
40.8480,863,BL,30,4.64339,0.16708,0.29987,134,134,134,0.27877,4.71970,0.16435,1,1,0.450
40.8480,863,FR,22,4.96058,-0.10622,0.29987,134,134,134,0.27877,5.07954,-0.13269,1,1,0.450
40.8480,863,BR,15,4.50954,-0.09700,0.30004,134,134,134,0.27894,4.58003,-0.10497,1,1,0.450
40.8580,863,FL,7,4.82526,0.18005,0.30267,134,134,134,0.28155,4.95130,0.19981,1,1,0.450
40.8580,863,BL,30,4.64185,0.16667,0.29989,134,134,134,0.27879,4.71863,0.16402,1,1,0.450
40.8580,863,FR,22,4.95898,-0.10651,0.29985,134,134,134,0.27875,5.07807,-0.13259,1,1,0.450
40.8600,863,BR,15,4.50808,-0.09741,0.30004,134,134,134,0.27894,4.57825,-0.10542,1,1,0.450
40.8680,864,FL,6,4.82527,0.18005,0.30255,134,134,134,0.28144,4.95044,0.19947,1,1,0.450
40.8680,864,BL,29,4.64100,0.16614,0.29989,134,134,134,0.27879,4.71365,0.16358,1,1,0.450
40.8680,864,FR,21,4.95814,-0.10704,0.29985,134,134,134,0.27875,5.07297,-0.13315,1,1,0.450
40.8680,864,BR,14,4.50750,-0.09777,0.30011,134,134,134,0.27900,4.57704,-0.10615,1,1,0.450
40.8780,864,FL,6,4.82478,0.18064,0.30237,134,134,134,0.28126,4.94913,0.20014,1,1,0.450
40.8780,864,BL,29,4.63966,0.16523,0.29988,134,134,134,0.27878,4.71374,0.15941,1,1,0.450
40.8780,864,FR,21,4.95713,-0.10677,0.29980,134,134,134,0.27869,5.07629,-0.13517,1,1,0.450
40.8780,864,BR,14,4.50651,-0.09670,0.30014,134,134,134,0.27904,4.57519,-0.10613,1,1,0.450
40.8880,864,FL,6,4.82409,0.18038,0.30264,134,134,134,0.28153,4.94780,0.19972,1,1,0.450
40.8880,864,BL,29,4.63861,0.16496,0.29989,134,134,134,0.27879,4.71314,0.15913,1,1,0.450
40.8880,864,FR,21,4.95605,-0.10692,0.29983,134,134,134,0.27873,5.07530,-0.13502,1,1,0.450
40.8880,864,BR,14,4.50554,-0.09715,0.30017,134,134,134,0.27907,4.57403,-0.10648,1,1,0.450
40.9000,865,FL,5,4.82350,0.18024,0.30296,134,134,134,0.28185,4.94655,0.19944,1,1,0.450
40.9000,865,BL,28,4.63761,0.16471,0.29990,134,134,134,0.27879,4.70816,0.15924,1,1,0.450
40.9000,865,FR,20,4.95508,-0.10715,0.29985,134,134,134,0.27875,5.07033,-0.13492,1,1,0.450
40.9000,865,BR,13,4.50464,-0.09741,0.30032,134,134,134,0.27922,4.57288,-0.10682,1,1,0.450
40.9120,865,FL,5,4.82282,0.18036,0.30346,134,134,134,0.28235,4.94503,0.19975,1,1,0.450
40.9120,865,BL,28,4.63636,0.16391,0.29989,134,134,134,0.27879,4.70968,0.15654,1,1,0.450
40.9120,865,FR,20,4.95414,-0.10678,0.29983,134,134,134,0.27873,5.07417,-0.13619,1,1,0.450
40.9120,865,BR,13,4.50357,-0.09648,0.30054,134,134,134,0.27943,4.57123,-0.10653,1,1,0.450
40.9220,865,FL,5,4.82139,0.17951,0.30443,134,134,134,0.28331,4.94285,0.19864,1,1,0.450
40.9220,865,BL,28,4.63499,0.16382,0.29990,134,134,134,0.27880,4.70880,0.15650,1,1,0.450
40.9220,865,FR,20,4.95264,-0.10698,0.29993,134,134,134,0.27883,5.07286,-0.13587,1,1,0.450
40.9220,865,BR,13,4.50197,-0.09729,0.30077,134,134,134,0.27967,4.56981,-0.10663,1,1,0.450
40.9300,866,FL,4,4.82097,0.17909,0.30513,133,133,133,0.28401,4.94190,0.19802,1,1,0.450
40.9320,866,BL,27,4.63442,0.16371,0.29991,134,134,134,0.27881,4.70431,0.15697,1,1,0.450
40.9320,866,FR,19,4.95204,-0.10717,0.29998,134,134,134,0.27888,5.06839,-0.13545,1,1,0.450
40.9320,866,BR,12,4.50136,-0.09764,0.30103,134,134,134,0.27993,4.56908,-0.10678,1,1,0.450
40.9420,866,FL,4,4.82081,0.17878,0.30605,132,132,132,0.28493,4.94107,0.19778,1,1,0.450
40.9420,866,BL,27,4.63412,0.16301,0.29991,134,134,134,0.27881,4.70741,0.15522,1,1,0.450
40.9420,866,FR,19,4.95203,-0.10679,0.30000,134,134,134,0.27889,5.07335,-0.13621,1,1,0.450
40.9420,866,BR,12,4.50104,-0.09702,0.30139,134,134,134,0.28028,4.56855,-0.10631,1,1,0.450
40.9520,867,FL,3,4.81965,0.17782,0.30700,132,132,132,0.28587,4.93922,0.19648,1,1,0.450
40.9520,867,BL,26,4.63305,0.16303,0.29991,134,134,134,0.27881,4.70287,0.15591,1,1,0.450
40.9520,867,FR,18,4.95081,-0.10699,0.30011,134,134,134,0.27901,5.06837,-0.13528,1,1,0.450
40.9520,867,BR,11,4.49968,-0.09787,0.30160,134,134,134,0.28049,4.56750,-0.10632,1,1,0.450
40.9600,867,FL,3,4.81863,0.17731,0.30776,132,132,132,0.28663,4.93733,0.19563,1,1,0.450
40.9620,867,BL,26,4.63199,0.16234,0.29992,134,134,134,0.27882,4.70553,0.15474,1,1,0.450
40.9620,867,FR,18,4.94995,-0.10678,0.30012,134,134,134,0.27902,5.07257,-0.13590,1,1,0.450
40.9620,867,BR,11,4.49839,-0.09746,0.30207,134,134,134,0.28096,4.56615,-0.10591,1,1,0.450
40.9720,867,FL,3,4.81964,0.17700,0.30830,132,132,132,0.28717,4.93851,0.19548,1,1,0.450
40.9720,867,BL,26,4.63291,0.16250,0.29991,134,134,134,0.27881,4.70697,0.15511,1,1,0.450
40.9720,867,FR,18,4.95077,-0.10675,0.30020,134,134,134,0.27910,5.07338,-0.13553,1,1,0.450
40.9720,867,BR,11,4.49939,-0.09774,0.30214,134,134,134,0.28103,4.56699,-0.10588,1,1,0.450
40.9820,868,FL,2,4.81873,0.17626,0.30872,131,131,131,0.28759,4.93745,0.19471,1,1,0.450
40.9820,868,BL,25,4.63228,0.16265,0.29991,134,134,134,0.27881,4.70230,0.15595,1,1,0.450
40.9820,868,FR,17,4.95011,-0.10674,0.30025,134,134,134,0.27915,5.07287,-0.13522,1,1,0.450
40.9820,868,BR,10,4.49847,-0.09806,0.30227,134,134,134,0.28116,4.56649,-0.10557,1,1,0.450
40.9900,868,FL,2,4.81796,0.17582,0.30887,131,131,131,0.28774,4.93623,0.19401,1,1,0.450
40.9920,868,BL,25,4.63164,0.16214,0.29991,134,134,134,0.27881,4.70551,0.15517,1,1,0.450
40.9920,868,FR,17,4.94957,-0.10645,0.30024,134,134,134,0.27913,5.07340,-0.13503,1,1,0.450
40.9920,868,BR,10,4.49747,-0.09755,0.30256,134,134,134,0.28145,4.56560,-0.10499,1,1,0.450
41.0020,868,FL,2,4.81940,0.17574,0.30902,131,131,131,0.28789,4.93884,0.19471,1,1,0.450
41.0020,868,BL,25,4.63324,0.16270,0.29990,134,134,134,0.27880,4.70759,0.15590,1,1,0.450
41.0020,868,FR,17,4.95109,-0.10609,0.30030,134,134,134,0.27919,5.07467,-0.13450,1,1,0.450
41.0020,868,BR,10,4.49925,-0.09723,0.30261,134,134,134,0.28150,4.56721,-0.10447,1,1,0.450
41.0100,868,FL,2,4.81858,0.17508,0.30910,131,131,131,0.28797,4.93874,0.19438,1,1,0.450
41.0100,868,BL,25,4.63326,0.16324,0.29990,134,134,134,0.27879,4.70752,0.15648,1,1,0.450
41.0100,868,FR,17,4.95102,-0.10580,0.30034,134,134,134,0.27924,5.07473,-0.13391,1,1,0.450
41.0100,868,BR,10,4.49881,-0.09721,0.30265,134,134,134,0.28154,4.56746,-0.10363,1,1,0.450
41.0220,869,FL,1,4.81963,0.17514,0.30898,131,131,131,0.28785,4.94126,0.19514,1,1,0.450
41.0220,869,BL,24,4.63471,0.16393,0.29989,134,134,134,0.27879,4.70488,0.15782,1,1,0.450
41.0220,869,FR,16,4.95240,-0.10528,0.30035,134,134,134,0.27924,5.08005,-0.13393,1,1,0.450
41.0220,869,BR,9,4.50028,-0.09656,0.30270,134,134,134,0.28159,4.56888,-0.10274,1,1,0.450
41.0340,869,FL,1,4.81948,0.17466,0.30897,131,131,131,0.28784,4.94207,0.19559,1,1,0.450
41.0360,869,BL,24,4.63595,0.16428,0.29989,134,134,134,0.27879,4.70989,0.15786,1,1,0.450
41.0360,869,FR,16,4.95365,-0.10432,0.30042,134,134,134,0.27931,5.08220,-0.13313,1,1,0.450
41.0360,869,BR,9,4.50089,-0.09520,0.30300,134,134,134,0.28189,4.57023,-0.10086,1,1,0.450
41.0480,870,FL,30,5.08695,0.17444,0.30002,134,134,134,0.27892,5.19063,0.18531,1,1,0.450
41.0640,870,BL,23,4.63675,0.16544,0.29985,134,134,134,0.27875,4.70704,0.15976,1,1,0.450
41.0640,870,FR,15,4.95396,-0.10387,0.30057,134,134,134,0.27947,5.08274,-0.13202,1,1,0.450
41.0640,870,BR,8,4.50077,-0.09510,0.30284,134,134,134,0.28173,4.57116,-0.09948,1,1,0.450
41.0940,871,FL,29,5.08893,0.17500,0.30002,134,134,134,0.27892,5.19897,0.18725,1,1,0.450
41.0960,871,BL,22,4.63872,0.16623,0.29988,134,134,134,0.27877,4.71055,0.16137,1,1,0.450
41.0960,871,FR,14,4.95602,-0.10264,0.30062,134,134,134,0.27951,5.08463,-0.13134,1,1,0.450
41.0960,871,BR,7,4.50294,-0.09284,0.30310,134,134,134,0.28199,4.57322,-0.09694,1,1,0.450
41.1100,872,FL,28,5.09512,0.17811,0.30005,134,134,134,0.27894,5.20867,0.19078,1,1,0.450
41.1100,872,BL,21,4.64447,0.17055,0.29984,134,134,134,0.27874,4.71736,0.16691,1,1,0.450
41.1100,872,FR,13,4.95848,-0.10152,0.30075,134,134,134,0.27965,5.09170,-0.12677,1,1,0.450
41.1100,872,BR,6,4.50128,-0.09320,0.30320,134,134,134,0.28208,4.57697,-0.09280,1,1,0.450
41.1240,872,FL,28,5.09551,0.17829,0.30004,134,134,134,0.27894,5.21612,0.19110,1,1,0.450
41.1240,872,BL,21,4.64445,0.17044,0.29976,134,134,134,0.27866,4.72276,0.16788,1,1,0.450
41.1240,872,FR,13,4.95755,-0.10227,0.30072,134,134,134,0.27961,5.09214,-0.12675,1,1,0.450
41.1240,872,BR,6,4.50000,-0.09356,0.30299,134,134,134,0.28188,4.57597,-0.09243,1,1,0.450
41.1380,873,FL,27,5.09676,0.17886,0.30007,134,134,134,0.27897,5.21234,0.19213,1,1,0.450
41.1380,873,BL,20,4.64558,0.17155,0.29970,134,134,134,0.27860,4.71936,0.17005,1,1,0.450
41.1380,873,FR,12,4.95799,-0.10215,0.30072,134,134,134,0.27961,5.09295,-0.12602,1,1,0.450
41.1380,873,BR,5,4.50040,-0.09343,0.30282,134,134,134,0.28171,4.57635,-0.09163,1,1,0.450
41.1480,873,FL,27,5.09775,0.17908,0.30003,134,134,134,0.27893,5.21995,0.19274,1,1,0.450
41.1500,873,BL,20,4.64638,0.17153,0.29970,134,134,134,0.27860,4.72442,0.17033,1,1,0.450
41.1500,873,FR,12,4.95874,-0.10203,0.30068,134,134,134,0.27958,5.09398,-0.12603,1,1,0.450
41.1500,873,BR,5,4.50117,-0.09285,0.30288,134,134,134,0.28177,4.57703,-0.09077,1,1,0.450
41.1600,873,FL,27,5.09722,0.17952,0.30006,134,134,134,0.27896,5.21933,0.19303,1,1,0.450
41.1600,873,BL,20,4.64584,0.17227,0.29974,134,134,134,0.27864,4.72407,0.17112,1,1,0.450
41.1600,873,FR,12,4.95820,-0.10159,0.30108,134,134,134,0.27997,5.09308,-0.12547,1,1,0.450
41.1600,873,BR,5,4.50091,-0.09255,0.30392,134,134,134,0.28280,4.57670,-0.08982,1,1,0.450
41.1680,874,FL,26,5.09655,0.18003,0.30007,134,134,134,0.27896,5.21358,0.19424,1,1,0.450
41.1680,874,BL,19,4.64520,0.17299,0.29981,134,134,134,0.27870,4.71819,0.17266,1,1,0.450
41.1680,874,FR,11,4.95764,-0.10109,0.30133,134,134,134,0.28023,5.09218,-0.12485,1,1,0.450
41.1680,874,BR,4,4.50046,-0.09212,0.30481,134,134,134,0.28369,4.57622,-0.08866,1,1,0.450
41.1780,874,FL,26,5.09758,0.18011,0.30001,134,134,134,0.27891,5.22095,0.19486,1,1,0.450
41.1780,874,BL,19,4.64600,0.17275,0.29980,134,134,134,0.27870,4.72312,0.17273,1,1,0.450
41.1780,874,FR,11,4.95828,-0.10109,0.30136,134,134,134,0.28025,5.09328,-0.12499,1,1,0.450
41.1780,874,BR,4,4.50108,-0.09145,0.30496,133,133,133,0.28385,4.57651,-0.08810,1,1,0.450
41.1880,874,FL,26,5.09730,0.18069,0.30005,134,134,134,0.27895,5.22059,0.19527,1,1,0.450
41.1880,874,BL,19,4.64567,0.17368,0.29980,134,134,134,0.27870,4.72309,0.17372,1,1,0.450
41.1880,874,FR,11,4.95781,-0.10064,0.30162,134,134,134,0.28052,5.09254,-0.12423,1,1,0.450
41.1880,874,BR,4,4.50099,-0.09111,0.30546,133,133,133,0.28434,4.57596,-0.08712,1,1,0.450
41.2000,875,FL,25,5.09689,0.18123,0.30005,134,134,134,0.27895,5.21502,0.19653,1,1,0.450
41.2000,875,BL,18,4.64529,0.17445,0.29985,134,134,134,0.27875,4.71741,0.17540,1,1,0.450
41.2000,875,FR,10,4.95744,-0.10019,0.30181,134,134,134,0.28071,5.09183,-0.12362,1,1,0.450
41.2000,875,BR,3,4.50086,-0.09066,0.30600,132,132,132,0.28488,4.57547,-0.08600,1,1,0.450
41.2120,875,FL,25,5.09537,0.18109,0.29999,134,134,134,0.27889,5.21960,0.19704,1,1,0.450
41.2120,875,BL,18,4.64362,0.17387,0.29990,134,134,134,0.27880,4.71953,0.17534,1,1,0.450
41.2140,875,FR,10,4.95623,-0.10063,0.30208,134,134,134,0.28097,5.09017,-0.12397,1,1,0.450
41.2140,875,BR,3,4.50000,-0.09062,0.30653,132,132,132,0.28541,4.57417,-0.08570,1,1,0.450
41.2260,876,FL,24,5.09550,0.18205,0.30004,134,134,134,0.27893,5.21442,0.19874,1,1,0.450
41.2280,876,BL,17,4.64370,0.17514,0.29987,134,134,134,0.27876,4.71983,0.17689,1,1,0.450
41.2280,876,FR,9,4.95605,-0.10020,0.30221,134,134,134,0.28110,5.08975,-0.12287,1,1,0.450
41.2280,876,BR,2,4.50060,-0.09038,0.30649,132,132,132,0.28537,4.57326,-0.08506,1,1,0.450
41.2460,876,FL,24,5.09450,0.18231,0.29997,134,134,134,0.27886,5.21942,0.19967,1,1,0.450
41.2480,876,BL,17,4.64248,0.17470,0.29990,134,134,134,0.27879,4.71734,0.17834,1,1,0.450
41.2480,876,FR,9,4.95538,-0.10067,0.30238,134,134,134,0.28127,5.08836,-0.12305,1,1,0.450
41.2480,876,BR,2,4.50067,-0.09039,0.30653,132,132,132,0.28541,4.57244,-0.08509,1,1,0.450
41.2600,877,FL,23,5.09199,0.18361,0.30002,134,134,134,0.27891,5.21139,0.20201,1,1,0.450
41.2600,877,BL,16,4.64029,0.17576,0.29993,134,134,134,0.27883,4.71441,0.18007,1,1,0.450
41.2600,877,FR,8,4.95430,-0.10052,0.30258,134,134,134,0.28147,5.08555,-0.12175,1,1,0.450
41.2600,877,BR,1,4.50070,-0.09073,0.30656,132,132,132,0.28543,4.57108,-0.08514,1,1,0.450
41.2860,878,FL,22,5.09039,0.18412,0.29998,134,134,134,0.27888,5.20579,0.20799,1,1,0.450
41.2860,878,BL,15,4.63879,0.17489,0.29998,134,134,134,0.27888,4.71167,0.18091,1,1,0.450
41.2860,878,FR,7,4.95409,-0.10128,0.30258,134,134,134,0.28147,5.08384,-0.12200,1,1,0.450
41.2860,878,BR,30,4.77423,-0.09139,0.29986,134,134,134,0.27876,4.85133,-0.09381,1,1,0.450
41.2980,878,FL,22,5.08744,0.18539,0.29988,134,134,134,0.27878,5.20650,0.21201,1,1,0.450
41.2980,878,BL,15,4.63605,0.17483,0.30016,134,134,134,0.27905,4.70739,0.18227,1,1,0.450
41.2980,878,FR,7,4.95326,-0.10088,0.30296,134,134,134,0.28185,5.08062,-0.12060,1,1,0.450
41.2980,878,BR,30,4.77134,-0.08917,0.29988,134,134,134,0.27878,4.84760,-0.08621,1,1,0.450
41.3080,878,FL,22,5.08513,0.18578,0.29989,134,134,134,0.27879,5.20428,0.21209,1,1,0.450
41.3080,878,BL,15,4.63397,0.17527,0.30021,134,134,134,0.27911,4.70474,0.18296,1,1,0.450
41.3080,878,FR,7,4.95170,-0.10068,0.30333,134,134,134,0.28222,5.07813,-0.11999,1,1,0.450
41.3080,878,BR,30,4.76910,-0.08872,0.29990,134,134,134,0.27879,4.84589,-0.08585,1,1,0.450
41.3160,879,FL,21,5.08445,0.18626,0.29989,134,134,134,0.27878,5.19933,0.21258,1,1,0.450
41.3160,879,BL,14,4.63355,0.17562,0.30026,134,134,134,0.27915,4.70365,0.18368,1,1,0.450
41.3160,879,FR,6,4.95183,-0.10068,0.30324,134,134,134,0.28213,5.07748,-0.11968,1,1,0.450
41.3160,879,BR,29,4.76839,-0.08821,0.29990,134,134,134,0.27879,4.84105,-0.08546,1,1,0.450
41.3280,879,FL,21,5.08374,0.18612,0.29982,134,134,134,0.27872,5.20292,0.21476,1,1,0.450
41.3280,879,BL,14,4.63294,0.17464,0.30025,134,134,134,0.27915,4.70203,0.18387,1,1,0.450
41.3280,879,FR,6,4.95188,-0.10133,0.30290,134,134,134,0.28179,5.07654,-0.12034,1,1,0.450
41.3280,879,BR,29,4.76731,-0.08714,0.29989,134,134,134,0.27878,4.84139,-0.08114,1,1,0.450
41.3380,879,FL,21,5.08200,0.18632,0.29985,134,134,134,0.27875,5.20127,0.21463,1,1,0.450
41.3380,879,BL,14,4.63129,0.17520,0.30031,134,134,134,0.27920,4.70022,0.18428,1,1,0.450
41.3380,879,FR,6,4.95056,-0.10097,0.30323,134,134,134,0.28211,5.07443,-0.11978,1,1,0.450
41.3380,879,BR,29,4.76559,-0.08682,0.29990,134,134,134,0.27880,4.84012,-0.08080,1,1,0.450
41.3500,880,FL,20,5.08054,0.18656,0.29988,134,134,134,0.27878,5.19584,0.21451,1,1,0.450
41.3500,880,BL,13,4.62987,0.17552,0.30049,134,134,134,0.27939,4.69856,0.18465,1,1,0.450
41.3500,880,FR,5,4.94938,-0.10080,0.30362,134,134,134,0.28251,5.07257,-0.11939,1,1,0.450
41.3500,880,BR,28,4.76411,-0.08656,0.29990,134,134,134,0.27880,4.83466,-0.08092,1,1,0.450
41.3640,880,FL,20,5.08036,0.18626,0.29986,134,134,134,0.27876,5.20039,0.21591,1,1,0.450
41.3640,880,BL,13,4.62968,0.17461,0.30072,134,134,134,0.27962,4.69754,0.18458,1,1,0.450
41.3640,880,FR,5,4.94971,-0.10106,0.30409,134,134,134,0.28297,5.07198,-0.11985,1,1,0.450
41.3640,880,BR,28,4.76356,-0.08562,0.29990,134,134,134,0.27880,4.83689,-0.07810,1,1,0.450
41.3720,881,FL,19,5.07930,0.18647,0.29995,134,134,134,0.27885,5.19551,0.21518,1,1,0.450
41.3720,881,BL,12,4.62856,0.17541,0.30090,134,134,134,0.27980,4.69656,0.18474,1,1,0.450
41.3720,881,FR,4,4.94882,-0.10026,0.30495,133,133,133,0.28384,5.07029,-0.11880,1,1,0.450
41.3740,881,BR,27,4.76259,-0.08548,0.29991,134,134,134,0.27881,4.83243,-0.07844,1,1,0.450
41.3820,881,FL,19,5.07867,0.18618,0.29995,134,134,134,0.27885,5.19986,0.21610,1,1,0.450
41.3820,881,BL,12,4.62769,0.17475,0.30127,134,134,134,0.28016,4.69532,0.18442,1,1,0.450
41.3840,881,FR,4,4.94825,-0.10008,0.30568,133,133,133,0.28456,5.06883,-0.11857,1,1,0.450
41.3840,881,BR,27,4.76168,-0.08471,0.29991,134,134,134,0.27881,4.83493,-0.07665,1,1,0.450
41.3940,881,FL,19,5.07793,0.18636,0.30007,134,134,134,0.27897,5.19929,0.21575,1,1,0.450
41.3940,881,BL,12,4.62687,0.17555,0.30148,134,134,134,0.28037,4.69469,0.18451,1,1,0.450
41.3940,881,FR,4,4.94752,-0.09927,0.30673,132,132,132,0.28560,5.06756,-0.11754,1,1,0.450
41.3940,881,BR,27,4.76106,-0.08467,0.29991,134,134,134,0.27881,4.83482,-0.07676,1,1,0.450
41.4020,882,FL,18,5.07684,0.18655,0.30012,134,134,134,0.27902,5.19433,0.21512,1,1,0.450
41.4040,882,BL,11,4.62570,0.17601,0.30173,134,134,134,0.28063,4.69352,0.18456,1,1,0.450
41.4040,882,FR,3,4.94663,-0.09853,0.30751,132,132,132,0.28638,5.06613,-0.11663,1,1,0.450
41.4040,882,BR,26,4.75998,-0.08459,0.29992,134,134,134,0.27882,4.82980,-0.07740,1,1,0.450
41.4120,882,FL,18,5.07722,0.18621,0.30011,134,134,134,0.27900,5.19958,0.21579,1,1,0.450
41.4120,882,BL,11,4.62588,0.17530,0.30210,134,134,134,0.28099,4.69332,0.18411,1,1,0.450
41.4120,882,FR,3,4.94710,-0.09835,0.30799,132,132,132,0.28686,5.06611,-0.11637,1,1,0.450
41.4120,882,BR,26,4.76010,-0.08395,0.29992,134,134,134,0.27882,4.83361,-0.07617,1,1,0.450
41.4220,882,FL,18,5.07687,0.18627,0.30021,134,134,134,0.27911,5.19938,0.21540,1,1,0.450
41.4220,882,BL,11,4.62543,0.17582,0.30220,134,134,134,0.28109,4.69322,0.18401,1,1,0.450
41.4220,882,FR,3,4.94662,-0.09771,0.30859,131,131,131,0.28746,5.06548,-0.11570,1,1,0.450
41.4220,882,BR,26,4.75992,-0.08410,0.29991,134,134,134,0.27881,4.83391,-0.07649,1,1,0.450
41.4320,883,FL,17,5.07684,0.18623,0.30025,134,134,134,0.27915,5.19941,0.21516,1,1,0.450
41.4320,883,BL,10,4.62533,0.17594,0.30236,134,134,134,0.28125,4.69317,0.18377,1,1,0.450
41.4320,883,FR,2,4.94654,-0.09725,0.30904,131,131,131,0.28791,5.06550,-0.11533,1,1,0.450
41.4320,883,BR,25,4.75990,-0.08426,0.29992,134,134,134,0.27882,4.82990,-0.07737,1,1,0.450
41.4420,883,FL,17,5.07706,0.18576,0.30024,134,134,134,0.27913,5.20056,0.21494,1,1,0.450
41.4420,883,BL,10,4.62520,0.17515,0.30263,134,134,134,0.28152,4.69303,0.18302,1,1,0.450
41.4420,883,FR,2,4.94658,-0.09699,0.30906,131,131,131,0.28793,5.06543,-0.11508,1,1,0.450
41.4420,883,BR,25,4.75995,-0.08385,0.29992,134,134,134,0.27882,4.83375,-0.07662,1,1,0.450
41.4520,883,FL,17,5.07728,0.18558,0.30031,134,134,134,0.27921,5.20075,0.21436,1,1,0.450
41.4520,883,BL,10,4.62535,0.17527,0.30267,134,134,134,0.28156,4.69356,0.18253,1,1,0.450
41.4520,883,FR,2,4.94638,-0.09647,0.30928,131,131,131,0.28815,5.06592,-0.11499,1,1,0.450
41.4520,883,BR,25,4.76034,-0.08434,0.29990,134,134,134,0.27880,4.83460,-0.07728,1,1,0.450
41.4620,884,FL,16,5.07703,0.18544,0.30035,134,134,134,0.27924,5.20476,0.21450,1,1,0.450
41.4620,884,BL,9,4.62478,0.17536,0.30274,134,134,134,0.28163,4.69352,0.18193,1,1,0.450
41.4620,884,FR,1,4.94554,-0.09591,0.30945,131,131,131,0.28832,5.06553,-0.11455,1,1,0.450
41.4620,884,BR,24,4.76022,-0.08474,0.29990,134,134,134,0.27880,4.83041,-0.07841,1,1,0.450
41.4720,884,FL,16,5.07858,0.18463,0.30032,134,134,134,0.27922,5.20710,0.21396,1,1,0.450
41.4720,884,BL,9,4.62610,0.17398,0.30284,134,134,134,0.28173,4.69477,0.18063,1,1,0.450
41.4720,884,FR,1,4.94659,-0.09594,0.30914,131,131,131,0.28801,5.06799,-0.11519,1,1,0.450
41.4720,884,BR,24,4.76171,-0.08482,0.29989,134,134,134,0.27879,4.83577,-0.07829,1,1,0.450
41.4820,884,FL,16,5.07849,0.18442,0.30045,134,134,134,0.27935,5.20728,0.21309,1,1,0.450
41.4820,884,BL,9,4.62548,0.17425,0.30282,134,134,134,0.28171,4.69536,0.17970,1,1,0.450
41.4820,884,FR,1,4.94540,-0.09524,0.30955,131,131,131,0.28842,5.06660,-0.11460,1,1,0.450
41.4820,884,BR,24,4.76199,-0.08559,0.29986,134,134,134,0.27876,4.83645,-0.07922,1,1,0.450
41.4920,885,FL,15,5.08049,0.18356,0.30052,134,134,134,0.27941,5.20914,0.21227,1,1,0.450
41.4920,885,BL,8,4.62750,0.17304,0.30291,134,134,134,0.28180,4.69754,0.17806,1,1,0.450
41.4920,885,FR,30,5.21447,-0.09440,0.30002,134,134,134,0.27892,5.31815,-0.10486,1,1,0.450
41.4920,885,BR,23,4.76421,-0.08682,0.29985,134,134,134,0.27875,4.83459,-0.08108,1,1,0.450
41.5120,885,FL,15,5.08098,0.18309,0.30052,134,134,134,0.27941,5.21026,0.21171,1,1,0.450
41.5120,885,BL,8,4.62731,0.17241,0.30227,134,134,134,0.28116,4.69824,0.17657,1,1,0.450
41.5140,885,FR,30,5.21510,-0.09461,0.30003,134,134,134,0.27892,5.32978,-0.10585,1,1,0.450
41.5140,885,BR,23,4.76482,-0.08701,0.29983,134,134,134,0.27872,4.84130,-0.08140,1,1,0.450
41.5220,886,FL,14,5.08346,0.18149,0.30070,134,134,134,0.27960,5.21294,0.20983,1,1,0.450
41.5220,886,BL,7,4.62935,0.17044,0.30374,134,134,134,0.28263,4.70161,0.17336,1,1,0.450
41.5220,886,FR,29,5.21859,-0.09627,0.30003,134,134,134,0.27893,5.32856,-0.10751,1,1,0.450
41.5240,886,BR,22,4.76820,-0.08981,0.29986,134,134,134,0.27876,4.84044,-0.08486,1,1,0.450
41.5340,886,FL,14,5.08486,0.18118,0.30067,134,134,134,0.27956,5.21592,0.20899,1,1,0.450
41.5340,886,BL,7,4.62939,0.17018,0.30338,134,134,134,0.28227,4.70326,0.17206,1,1,0.450
41.5340,886,FR,29,5.22086,-0.09679,0.30003,134,134,134,0.27892,5.33923,-0.10836,1,1,0.450
41.5340,886,BR,22,4.77029,-0.09029,0.29985,134,134,134,0.27875,4.84770,-0.08552,1,1,0.450
41.5440,886,FL,14,5.08466,0.18102,0.30081,134,134,134,0.27970,5.21634,0.20799,1,1,0.450
41.5440,886,BL,7,4.62880,0.17032,0.30359,134,134,134,0.28248,4.70341,0.17112,1,1,0.450
41.5440,886,FR,29,5.22150,-0.09750,0.30005,134,134,134,0.27895,5.33976,-0.10881,1,1,0.450
41.5440,886,BR,22,4.77080,-0.09136,0.29982,134,134,134,0.27872,4.84876,-0.08693,1,1,0.450
41.5580,887,FL,13,5.08576,0.18067,0.30067,134,134,134,0.27956,5.21810,0.20709,1,1,0.450
41.5580,887,BL,6,4.62937,0.17000,0.30304,134,134,134,0.28193,4.70462,0.17011,1,1,0.450
41.5580,887,FR,28,5.22331,-0.09824,0.30005,134,134,134,0.27895,5.33676,-0.11010,1,1,0.450
41.5580,887,BR,21,4.77254,-0.09243,0.29979,134,134,134,0.27869,4.84586,-0.08894,1,1,0.450
41.5680,887,FL,13,5.08630,0.18048,0.30066,134,134,134,0.27956,5.21946,0.20675,1,1,0.450
41.5680,887,BL,6,4.62941,0.16965,0.30308,134,134,134,0.28197,4.70519,0.16921,1,1,0.450
41.5680,887,FR,28,5.22431,-0.09856,0.30003,134,134,134,0.27893,5.34495,-0.11078,1,1,0.450
41.5680,887,BR,21,4.77336,-0.09253,0.29979,134,134,134,0.27869,4.85126,-0.08921,1,1,0.450
41.5760,887,FL,13,5.08655,0.17999,0.30091,134,134,134,0.27980,5.21994,0.20575,1,1,0.450
41.5760,887,BL,6,4.62960,0.16941,0.30367,134,134,134,0.28256,4.70563,0.16817,1,1,0.450
41.5780,887,FR,28,5.22506,-0.09938,0.30006,134,134,134,0.27896,5.34562,-0.11141,1,1,0.450
41.5780,887,BR,21,4.77402,-0.09366,0.29979,134,134,134,0.27868,4.85230,-0.09054,1,1,0.450
41.5880,888,FL,12,5.08672,0.17966,0.30103,134,134,134,0.27993,5.22025,0.20516,1,1,0.450
41.5880,888,BL,5,4.62964,0.16918,0.30412,134,134,134,0.28301,4.70589,0.16740,1,1,0.450
41.5880,888,FR,27,5.22541,-0.09991,0.30006,134,134,134,0.27896,5.34100,-0.11262,1,1,0.450
41.5880,888,BR,20,4.77435,-0.09428,0.29982,134,134,134,0.27871,4.84770,-0.09210,1,1,0.450
41.5980,888,FL,12,5.08636,0.17964,0.30110,134,134,134,0.28000,5.22025,0.20508,1,1,0.450
41.5980,888,BL,5,4.62913,0.16892,0.30442,134,134,134,0.28331,4.70547,0.16679,1,1,0.450
41.5980,888,FR,27,5.22517,-0.10008,0.30003,134,134,134,0.27893,5.34738,-0.11326,1,1,0.450
41.5980,888,BR,20,4.77395,-0.09406,0.29983,134,134,134,0.27873,4.85149,-0.09214,1,1,0.450
41.6080,888,FL,12,5.08686,0.17894,0.30133,134,134,134,0.28022,5.22071,0.20415,1,1,0.450
41.6080,888,BL,5,4.62975,0.16823,0.30506,133,133,133,0.28394,4.70603,0.16551,1,1,0.450
41.6080,888,FR,27,5.22600,-0.10087,0.30005,134,134,134,0.27895,5.34815,-0.11389,1,1,0.450
41.6080,888,BR,20,4.77473,-0.09521,0.29983,134,134,134,0.27873,4.85254,-0.09336,1,1,0.450
41.6160,889,FL,11,5.08688,0.17833,0.30154,134,134,134,0.28044,5.22057,0.20341,1,1,0.450
41.6180,889,BL,4,4.62980,0.16767,0.30576,132,132,132,0.28464,4.70617,0.16422,1,1,0.450
41.6180,889,FR,26,5.22607,-0.10150,0.30006,134,134,134,0.27895,5.34313,-0.11520,1,1,0.450
41.6180,889,BR,19,4.77480,-0.09608,0.29988,134,134,134,0.27878,4.84749,-0.09508,1,1,0.450
41.6280,889,FL,11,5.08726,0.17827,0.30166,134,134,134,0.28055,5.22128,0.20348,1,1,0.450
41.6280,889,BL,4,4.63008,0.16706,0.30609,132,132,132,0.28497,4.70636,0.16354,1,1,0.450
41.6280,889,FR,26,5.22668,-0.10160,0.30001,134,134,134,0.27890,5.35005,-0.11581,1,1,0.450
41.6280,889,BR,19,4.77520,-0.09587,0.29990,134,134,134,0.27880,4.85199,-0.09514,1,1,0.450
41.6380,889,FL,11,5.08637,0.17768,0.30203,134,134,134,0.28092,5.22001,0.20257,1,1,0.450
41.6380,889,BL,4,4.62956,0.16662,0.30697,132,132,132,0.28585,4.70549,0.16220,1,1,0.450
41.6380,889,FR,26,5.22591,-0.10229,0.30004,134,134,134,0.27894,5.34921,-0.11631,1,1,0.450
41.6380,889,BR,19,4.77442,-0.09697,0.29993,134,134,134,0.27883,4.85143,-0.09626,1,1,0.450
41.6480,890,FL,10,5.08598,0.17731,0.30214,134,134,134,0.28103,5.21943,0.20182,1,1,0.450
41.6480,890,BL,3,4.62940,0.16634,0.30727,132,132,132,0.28615,4.70491,0.16123,1,1,0.450
41.6480,890,FR,25,5.22561,-0.10293,0.30004,134,134,134,0.27894,5.34376,-0.11770,1,1,0.450
41.6480,890,BR,18,4.77412,-0.09780,0.29996,134,134,134,0.27886,4.84586,-0.09813,1,1,0.450
41.6580,890,FL,10,5.08565,0.17753,0.30230,134,134,134,0.28119,5.21903,0.20196,1,1,0.450
41.6580,890,BL,3,4.62928,0.16605,0.30753,132,132,132,0.28640,4.70431,0.16081,1,1,0.450
41.6580,890,FR,25,5.22527,-0.10302,0.29998,134,134,134,0.27888,5.34953,-0.11840,1,1,0.450
41.6580,890,BR,18,4.77359,-0.09749,0.29999,134,134,134,0.27889,4.84925,-0.09833,1,1,0.450
41.6680,890,FL,10,5.08540,0.17719,0.30246,134,134,134,0.28135,5.21865,0.20113,1,1,0.450
41.6680,890,BL,3,4.62955,0.16587,0.30763,132,132,132,0.28650,4.70365,0.16026,1,1,0.450
41.6680,890,FR,25,5.22532,-0.10374,0.30003,134,134,134,0.27892,5.34953,-0.11898,1,1,0.450
41.6680,890,BR,18,4.77358,-0.09845,0.29996,134,134,134,0.27886,4.84953,-0.09951,1,1,0.450
41.6800,891,FL,9,5.08420,0.17709,0.30267,134,134,134,0.28156,5.21664,0.20050,1,1,0.450
41.6800,891,BL,2,4.62883,0.16607,0.30805,132,132,132,0.28692,4.70244,0.15968,1,1,0.450
41.6800,891,FR,24,5.22360,-0.10430,0.30003,134,134,134,0.27893,5.34254,-0.12042,1,1,0.450
41.6800,891,BR,17,4.77196,-0.09902,0.30003,134,134,134,0.27893,4.84763,-0.10043,1,1,0.450
41.6900,891,FL,9,5.08399,0.17752,0.30282,134,134,134,0.28170,5.21600,0.20053,1,1,0.450
41.6900,891,BL,2,4.62932,0.16603,0.30789,132,132,132,0.28676,4.70183,0.15992,1,1,0.450
41.6900,891,FR,24,5.22325,-0.10468,0.29996,134,134,134,0.27886,5.34818,-0.12147,1,1,0.450
41.6900,891,BR,17,4.77137,-0.09869,0.30004,134,134,134,0.27893,4.84576,-0.10198,1,1,0.450
41.7020,891,FL,9,5.08363,0.17738,0.30293,134,134,134,0.28182,5.21487,0.19970,1,1,0.450
41.7020,891,BL,2,4.62952,0.16618,0.30782,132,132,132,0.28669,4.70120,0.15993,1,1,0.450
41.7020,891,FR,24,5.22224,-0.10550,0.30001,134,134,134,0.27891,5.34703,-0.12239,1,1,0.450
41.7020,891,BR,17,4.77053,-0.09942,0.30003,134,134,134,0.27893,4.84458,-0.10313,1,1,0.450
41.7120,892,FL,8,5.08334,0.17732,0.30291,134,134,134,0.28179,5.21378,0.19905,1,1,0.450
41.7120,892,BL,1,4.62966,0.16632,0.30775,132,132,132,0.28662,4.70081,0.16002,1,1,0.450
41.7140,892,FR,23,5.22120,-0.10628,0.30001,134,134,134,0.27891,5.34061,-0.12421,1,1,0.450
41.7140,892,BR,16,4.76965,-0.09985,0.30008,134,134,134,0.27898,4.84328,-0.10412,1,1,0.450
41.7440,893,FL,7,5.08321,0.17805,0.30300,134,134,134,0.28189,5.21235,0.19929,1,1,0.450
41.7440,893,BL,30,4.90283,0.16783,0.29987,134,134,134,0.27876,4.97993,0.17056,1,1,0.450
41.7440,893,FR,22,5.21989,-0.10673,0.29998,134,134,134,0.27888,5.33532,-0.13007,1,1,0.450
41.7440,893,BR,15,4.76837,-0.09901,0.30011,134,134,134,0.27901,4.84097,-0.10480,1,1,0.450
41.7540,893,FL,7,5.08144,0.17804,0.30327,134,134,134,0.28215,5.20772,0.19791,1,1,0.450
41.7540,893,BL,30,4.89843,0.16549,0.29988,134,134,134,0.27878,4.97468,0.16276,1,1,0.450
41.7540,893,FR,22,5.21532,-0.10820,0.29988,134,134,134,0.27878,5.33435,-0.13449,1,1,0.450
41.7540,893,BR,15,4.76414,-0.09870,0.30022,134,134,134,0.27912,4.83493,-0.10642,1,1,0.450
41.7660,894,FL,6,5.08159,0.17790,0.30333,134,134,134,0.28222,5.20707,0.19737,1,1,0.450
41.7660,894,BL,29,4.89764,0.16487,0.29990,134,134,134,0.27880,4.97028,0.16229,1,1,0.450
41.7660,894,FR,21,5.21445,-0.10876,0.29987,134,134,134,0.27877,5.32931,-0.13475,1,1,0.450
41.7660,894,BR,14,4.76367,-0.09918,0.30027,134,134,134,0.27916,4.83351,-0.10734,1,1,0.450
41.7760,894,FL,6,5.08058,0.17833,0.30320,134,134,134,0.28209,5.20503,0.19773,1,1,0.450
41.7760,894,BL,29,4.89570,0.16386,0.29989,134,134,134,0.27879,4.96976,0.15803,1,1,0.450
41.7760,894,FR,21,5.21280,-0.10870,0.29982,134,134,134,0.27872,5.33199,-0.13695,1,1,0.450
41.7760,894,BR,14,4.76205,-0.09830,0.30035,134,134,134,0.27924,4.83103,-0.10745,1,1,0.450
41.7860,894,FL,6,5.08046,0.17811,0.30321,134,134,134,0.28210,5.20425,0.19731,1,1,0.450
41.7860,894,BL,29,4.89500,0.16345,0.29990,134,134,134,0.27880,4.96953,0.15762,1,1,0.450
41.7860,894,FR,21,5.21213,-0.10895,0.29984,134,134,134,0.27873,5.33134,-0.13692,1,1,0.450
41.7860,894,BR,14,4.76159,-0.09886,0.30035,134,134,134,0.27924,4.83014,-0.10801,1,1,0.450
41.7980,895,FL,5,5.08027,0.17808,0.30344,134,134,134,0.28233,5.20343,0.19713,1,1,0.450
41.7980,895,BL,28,4.89439,0.16308,0.29991,134,134,134,0.27880,4.96492,0.15763,1,1,0.450
41.7980,895,FR,20,5.21161,-0.10920,0.29985,134,134,134,0.27875,5.32680,-0.13688,1,1,0.450
41.7980,895,BR,13,4.76115,-0.09915,0.30047,134,134,134,0.27936,4.82945,-0.10850,1,1,0.450
41.8060,895,FL,5,5.07850,0.17817,0.30384,134,134,134,0.28272,5.20082,0.19732,1,1,0.450
41.8060,895,BL,28,4.89227,0.16229,0.29990,134,134,134,0.27880,4.96556,0.15494,1,1,0.450
41.8060,895,FR,20,5.20979,-0.10884,0.29983,134,134,134,0.27873,5.32982,-0.13811,1,1,0.450
41.8060,895,BR,13,4.75911,-0.09830,0.30066,134,134,134,0.27956,4.82702,-0.10822,1,1,0.450
41.8160,895,FL,5,5.07891,0.17772,0.30475,134,134,134,0.28363,5.20073,0.19672,1,1,0.450
41.8180,895,BL,28,4.89248,0.16213,0.29991,134,134,134,0.27881,4.96627,0.15483,1,1,0.450
41.8180,895,FR,20,5.20992,-0.10899,0.29992,134,134,134,0.27882,5.33006,-0.13788,1,1,0.450
41.8180,895,BR,13,4.75934,-0.09890,0.30087,134,134,134,0.27976,4.82705,-0.10850,1,1,0.450
41.8260,896,FL,4,5.07839,0.17720,0.30540,133,133,133,0.28428,5.19959,0.19607,1,1,0.450
41.8260,896,BL,27,4.89175,0.16198,0.29992,134,134,134,0.27881,4.96159,0.15523,1,1,0.450
41.8280,896,FR,19,5.20925,-0.10917,0.29996,134,134,134,0.27886,5.32547,-0.13745,1,1,0.450
41.8280,896,BR,12,4.75860,-0.09931,0.30106,134,134,134,0.27996,4.82637,-0.10862,1,1,0.450
41.8380,896,FL,4,5.07735,0.17691,0.30601,132,132,132,0.28489,5.19781,0.19580,1,1,0.450
41.8380,896,BL,27,4.89049,0.16126,0.29991,134,134,134,0.27881,4.96373,0.15344,1,1,0.450
41.8380,896,FR,19,5.20825,-0.10885,0.29996,134,134,134,0.27886,5.32944,-0.13829,1,1,0.450
41.8380,896,BR,12,4.75730,-0.09865,0.30138,134,134,134,0.28028,4.82482,-0.10821,1,1,0.450
41.8500,896,FL,4,5.07648,0.17586,0.30734,132,132,132,0.28622,5.19623,0.19433,1,1,0.450
41.8500,896,BL,27,4.88987,0.16122,0.29992,134,134,134,0.27882,4.96362,0.15357,1,1,0.450
41.8500,896,FR,19,5.20747,-0.10910,0.30010,134,134,134,0.27900,5.32891,-0.13790,1,1,0.450
41.8500,896,BR,12,4.75634,-0.09964,0.30168,134,134,134,0.28057,4.82422,-0.10826,1,1,0.450
41.8600,897,FL,3,5.07564,0.17521,0.30807,132,132,132,0.28694,5.19487,0.19339,1,1,0.450
41.8600,897,BL,26,4.88889,0.16116,0.29993,134,134,134,0.27883,4.95872,0.15425,1,1,0.450
41.8600,897,FR,18,5.20644,-0.10931,0.30015,134,134,134,0.27904,5.32404,-0.13729,1,1,0.450
41.8600,897,BR,11,4.75525,-0.10010,0.30197,134,134,134,0.28086,4.82308,-0.10834,1,1,0.450
41.8700,897,FL,3,5.07652,0.17495,0.30872,131,131,131,0.28760,5.19556,0.19333,1,1,0.450
41.8720,897,BL,26,4.88964,0.16060,0.29993,134,134,134,0.27883,4.96316,0.15315,1,1,0.450
41.8720,897,FR,18,5.20746,-0.10888,0.30014,134,134,134,0.27904,5.32995,-0.13782,1,1,0.450
41.8720,897,BR,11,4.75603,-0.09935,0.30232,134,134,134,0.28121,4.82359,-0.10778,1,1,0.450
41.8820,898,FL,2,5.07557,0.17428,0.30908,131,131,131,0.28795,5.19438,0.19252,1,1,0.450
41.8820,898,BL,25,4.88901,0.16078,0.29992,134,134,134,0.27882,4.95900,0.15405,1,1,0.450
41.8820,898,FR,17,5.20666,-0.10894,0.30024,134,134,134,0.27914,5.32932,-0.13740,1,1,0.450
41.8820,898,BR,10,4.75505,-0.09988,0.30238,134,134,134,0.28127,4.82308,-0.10762,1,1,0.450
41.8900,898,FL,2,5.07560,0.17395,0.30920,131,131,131,0.28807,5.19431,0.19220,1,1,0.450
41.8900,898,BL,25,4.88905,0.16038,0.29992,134,134,134,0.27882,4.96286,0.15339,1,1,0.450
41.8900,898,FR,17,5.20684,-0.10852,0.30022,134,134,134,0.27912,5.33046,-0.13717,1,1,0.450
41.8900,898,BR,10,4.75489,-0.09912,0.30267,134,134,134,0.28156,4.82284,-0.10691,1,1,0.450
41.9000,898,FL,2,5.07537,0.17345,0.30951,131,131,131,0.28838,5.19447,0.19189,1,1,0.450
41.9020,898,BL,25,4.88932,0.16075,0.29991,134,134,134,0.27881,4.96361,0.15397,1,1,0.450
41.9020,898,FR,17,5.20695,-0.10845,0.30030,134,134,134,0.27920,5.33057,-0.13668,1,1,0.450
41.9020,898,BR,10,4.75491,-0.09938,0.30274,134,134,134,0.28163,4.82323,-0.10656,1,1,0.450
41.9100,898,FL,2,5.07633,0.17329,0.30949,131,131,131,0.28836,5.19699,0.19262,1,1,0.450
41.9100,898,BL,25,4.89065,0.16138,0.29991,134,134,134,0.27880,4.96490,0.15466,1,1,0.450
41.9120,898,FR,17,5.20826,-0.10796,0.30032,134,134,134,0.27921,5.33172,-0.13620,1,1,0.450
41.9120,898,BR,10,4.75630,-0.09875,0.30280,134,134,134,0.28169,4.82458,-0.10571,1,1,0.450
41.9220,899,FL,1,5.07559,0.17285,0.30951,131,131,131,0.28837,5.19681,0.19221,1,1,0.450
41.9220,899,BL,24,4.89074,0.16192,0.29990,134,134,134,0.27880,4.96084,0.15581,1,1,0.450
41.9220,899,FR,16,5.20821,-0.10771,0.30035,134,134,134,0.27925,5.33589,-0.13621,1,1,0.450
41.9220,899,BR,9,4.75589,-0.09877,0.30279,134,134,134,0.28168,4.82485,-0.10492,1,1,0.450
41.9320,899,FL,1,5.07634,0.17266,0.30944,131,131,131,0.28831,5.19876,0.19296,1,1,0.450
41.9320,899,BL,24,4.89251,0.16217,0.29990,134,134,134,0.27880,4.96647,0.15585,1,1,0.450
41.9320,899,FR,16,5.20998,-0.10683,0.30037,134,134,134,0.27927,5.33850,-0.13556,1,1,0.450
41.9320,899,BR,9,4.75727,-0.09730,0.30302,134,134,134,0.28191,4.82650,-0.10331,1,1,0.450
41.9420,900,FL,30,5.34259,0.17186,0.30002,134,134,134,0.27892,5.44628,0.18269,1,1,0.450
41.9420,900,BL,23,4.89238,0.16305,0.29985,134,134,134,0.27875,4.96267,0.15750,1,1,0.450
41.9420,900,FR,15,5.20936,-0.10667,0.30053,134,134,134,0.27942,5.33829,-0.13456,1,1,0.450
41.9420,900,BR,8,4.75600,-0.09773,0.30280,134,134,134,0.28169,4.82661,-0.10225,1,1,0.450
41.9620,900,FL,30,5.34505,0.17234,0.30002,134,134,134,0.27892,5.45970,0.18386,1,1,0.450
41.9620,900,BL,23,4.89480,0.16367,0.29982,134,134,134,0.27872,4.97126,0.15829,1,1,0.450
41.9620,900,FR,15,5.21159,-0.10577,0.30045,134,134,134,0.27934,5.34089,-0.13397,1,1,0.450
41.9620,900,BR,8,4.75800,-0.09603,0.30229,134,134,134,0.28118,4.82873,-0.10034,1,1,0.450
41.9760,901,FL,29,5.34945,0.17418,0.30003,134,134,134,0.27893,5.45940,0.18567,1,1,0.450
41.9760,901,BL,22,4.89907,0.16674,0.29986,134,134,134,0.27876,4.97138,0.16200,1,1,0.450
41.9760,901,FR,14,5.21477,-0.10408,0.30068,134,134,134,0.27957,5.34461,-0.13177,1,1,0.450
41.9760,901,BR,7,4.76038,-0.09418,0.30372,134,134,134,0.28260,4.83295,-0.09693,1,1,0.450
41.9880,901,FL,29,5.35044,0.17468,0.30003,134,134,134,0.27893,5.46877,0.18653,1,1,0.450
41.9880,901,BL,22,4.89987,0.16712,0.29987,134,134,134,0.27876,4.97740,0.16268,1,1,0.450
41.9880,901,FR,14,5.21487,-0.10396,0.30074,134,134,134,0.27964,5.34636,-0.13091,1,1,0.450
41.9880,901,BR,7,4.75904,-0.09427,0.30362,134,134,134,0.28251,4.83338,-0.09564,1,1,0.450
42.0040,902,FL,28,5.35175,0.17542,0.30005,134,134,134,0.27895,5.46516,0.18770,1,1,0.450
42.0040,902,BL,21,4.90102,0.16827,0.29981,134,134,134,0.27871,4.97431,0.16495,1,1,0.450
42.0040,902,FR,13,5.21506,-0.10392,0.30079,134,134,134,0.27969,5.34749,-0.12984,1,1,0.450
42.0040,902,BR,6,4.75867,-0.09449,0.30359,134,134,134,0.28247,4.83381,-0.09483,1,1,0.450
42.0160,902,FL,28,5.35387,0.17601,0.30003,134,134,134,0.27893,5.47448,0.18858,1,1,0.450
42.0160,902,BL,21,4.90293,0.16884,0.29977,134,134,134,0.27867,4.98086,0.16577,1,1,0.450
42.0160,902,FR,13,5.21636,-0.10360,0.30057,134,134,134,0.27947,5.34987,-0.12923,1,1,0.450
42.0160,902,BR,6,4.75929,-0.09387,0.30295,134,134,134,0.28184,4.83512,-0.09358,1,1,0.450
42.0260,902,FL,28,5.35460,0.17679,0.30006,134,134,134,0.27895,5.47512,0.18915,1,1,0.450
42.0260,902,BL,21,4.90356,0.16994,0.29977,134,134,134,0.27867,4.98193,0.16711,1,1,0.450
42.0260,902,FR,13,5.21657,-0.10314,0.30083,134,134,134,0.27972,5.35032,-0.12828,1,1,0.450
42.0280,902,BR,6,4.75946,-0.09365,0.30352,134,134,134,0.28241,4.83552,-0.09252,1,1,0.450
42.0420,903,FL,27,5.35499,0.17742,0.30006,134,134,134,0.27896,5.47055,0.19044,1,1,0.450
42.0420,903,BL,20,4.90393,0.17070,0.29980,134,134,134,0.27870,4.97737,0.16880,1,1,0.450
42.0420,903,FR,12,5.21676,-0.10273,0.30095,134,134,134,0.27985,5.35065,-0.12756,1,1,0.450
42.0420,903,BR,5,4.75951,-0.09336,0.30399,134,134,134,0.28288,4.83579,-0.09159,1,1,0.450
42.0540,903,FL,27,5.35476,0.17781,0.30003,134,134,134,0.27893,5.47694,0.19129,1,1,0.450
42.0540,903,BL,20,4.90353,0.17076,0.29984,134,134,134,0.27874,4.98116,0.16915,1,1,0.450
42.0540,903,FR,12,5.21637,-0.10256,0.30114,134,134,134,0.28004,5.35060,-0.12723,1,1,0.450
42.0540,903,BR,5,4.75900,-0.09299,0.30469,134,134,134,0.28358,4.83531,-0.09066,1,1,0.450
42.0700,904,FL,26,5.35488,0.17858,0.30006,134,134,134,0.27895,5.47189,0.19270,1,1,0.450
42.0700,904,BL,19,4.90362,0.17189,0.29985,134,134,134,0.27875,4.97636,0.17119,1,1,0.450
42.0720,904,FR,11,5.21630,-0.10188,0.30140,134,134,134,0.28029,5.35028,-0.12629,1,1,0.450
42.0720,904,BR,4,4.75915,-0.09239,0.30544,133,133,133,0.28432,4.83539,-0.08928,1,1,0.450
42.0820,904,FL,26,5.35542,0.17915,0.30001,134,134,134,0.27890,5.47875,0.19370,1,1,0.450
42.0820,904,BL,19,4.90397,0.17233,0.29990,134,134,134,0.27880,4.98073,0.17189,1,1,0.450
42.0820,904,FR,11,5.21663,-0.10135,0.30164,134,134,134,0.28053,5.35072,-0.12584,1,1,0.450
42.0820,904,BR,4,4.75949,-0.09130,0.30626,132,132,132,0.28514,4.83555,-0.08762,1,1,0.450
42.0940,905,FL,25,5.35514,0.17993,0.30004,134,134,134,0.27894,5.47323,0.19511,1,1,0.450
42.0960,905,BL,18,4.90365,0.17355,0.29992,134,134,134,0.27882,4.97549,0.17404,1,1,0.450
42.0960,905,FR,10,5.21611,-0.10074,0.30198,134,134,134,0.28087,5.34992,-0.12483,1,1,0.450
42.0960,905,BR,3,4.75934,-0.09081,0.30698,132,132,132,0.28586,4.83495,-0.08626,1,1,0.450
42.1060,905,FL,25,5.35477,0.18011,0.29998,134,134,134,0.27887,5.47897,0.19588,1,1,0.450
42.1060,905,BL,18,4.90308,0.17336,0.29995,134,134,134,0.27884,4.97882,0.17442,1,1,0.450
42.1060,905,FR,10,5.21569,-0.10090,0.30208,134,134,134,0.28097,5.34943,-0.12488,1,1,0.450
42.1080,905,BR,3,4.75912,-0.09044,0.30721,132,132,132,0.28608,4.83428,-0.08561,1,1,0.450
42.1180,905,FL,25,5.35412,0.18091,0.30002,134,134,134,0.27892,5.47828,0.19650,1,1,0.450
42.1180,905,BL,18,4.90241,0.17451,0.29995,134,134,134,0.27884,4.97837,0.17577,1,1,0.450
42.1180,905,FR,10,5.21487,-0.10051,0.30237,134,134,134,0.28126,5.34822,-0.12392,1,1,0.450
42.1180,905,BR,3,4.75896,-0.09021,0.30762,132,132,132,0.28649,4.83305,-0.08471,1,1,0.450
42.1300,906,FL,24,5.35240,0.18144,0.30002,134,134,134,0.27892,5.47129,0.19788,1,1,0.450
42.1320,906,BL,17,4.90079,0.17504,0.30000,134,134,134,0.27890,4.97642,0.17669,1,1,0.450
42.1320,906,FR,9,5.21367,-0.10046,0.30252,134,134,134,0.28141,5.34619,-0.12334,1,1,0.450
42.1320,906,BR,2,4.75824,-0.09042,0.30796,132,132,132,0.28683,4.83180,-0.08418,1,1,0.450
42.1420,906,FL,24,5.35247,0.18191,0.29996,134,134,134,0.27885,5.47736,0.19904,1,1,0.450
42.1420,906,BL,17,4.90061,0.17485,0.30000,134,134,134,0.27889,4.97500,0.17836,1,1,0.450
42.1420,906,FR,9,5.21377,-0.10079,0.30263,134,134,134,0.28152,5.34595,-0.12328,1,1,0.450
42.1420,906,BR,2,4.75909,-0.09025,0.30771,132,132,132,0.28658,4.83138,-0.08434,1,1,0.450
42.1520,907,FL,23,5.35085,0.18272,0.30000,134,134,134,0.27890,5.47023,0.20085,1,1,0.450
42.1520,907,BL,16,4.89920,0.17555,0.30001,134,134,134,0.27891,4.97316,0.17952,1,1,0.450
42.1520,907,FR,8,5.21304,-0.10070,0.30276,134,134,134,0.28165,5.34417,-0.12246,1,1,0.450
42.1520,907,BR,1,4.75897,-0.09051,0.30777,132,132,132,0.28664,4.83055,-0.08432,1,1,0.450
42.1720,907,FL,23,5.34985,0.18298,0.29996,134,134,134,0.27886,5.46970,0.20635,1,1,0.450
42.1720,907,BL,16,4.89818,0.17467,0.30004,134,134,134,0.27893,4.97122,0.18007,1,1,0.450
42.1720,907,FR,8,5.21284,-0.10140,0.30275,134,134,134,0.28164,5.34306,-0.12282,1,1,0.450
42.1740,907,BR,1,4.75912,-0.09066,0.30761,132,132,132,0.28649,4.83040,-0.08496,1,1,0.450
42.1820,908,FL,22,5.34762,0.18424,0.29988,134,134,134,0.27878,5.46330,0.20739,1,1,0.450
42.1820,908,BL,15,4.89633,0.17526,0.30002,134,134,134,0.27892,4.96833,0.18167,1,1,0.450
42.1820,908,FR,7,5.21269,-0.10128,0.30265,134,134,134,0.28154,5.34083,-0.12153,1,1,0.450
42.1820,908,BR,30,5.03120,-0.09077,0.29989,134,134,134,0.27878,5.10902,-0.09374,1,1,0.450
42.1920,908,FL,22,5.34670,0.18476,0.29984,134,134,134,0.27873,5.46555,0.21150,1,1,0.450
42.1920,908,BL,15,4.89564,0.17414,0.30003,134,134,134,0.27892,4.96630,0.18229,1,1,0.450
42.1940,908,FR,7,5.21321,-0.10195,0.30222,134,134,134,0.28111,5.34035,-0.12180,1,1,0.450
42.1940,908,BR,30,5.03035,-0.08957,0.29987,134,134,134,0.27877,5.10662,-0.08667,1,1,0.450
42.2020,908,FL,22,5.34546,0.18528,0.29983,134,134,134,0.27873,5.46440,0.21176,1,1,0.450
42.2020,908,BL,15,4.89459,0.17451,0.30000,134,134,134,0.27890,4.96486,0.18288,1,1,0.450
42.2020,908,FR,7,5.21275,-0.10172,0.30245,134,134,134,0.28134,5.33915,-0.12117,1,1,0.450
42.2020,908,BR,30,5.02926,-0.08904,0.29989,134,134,134,0.27879,5.10601,-0.08613,1,1,0.450
42.2120,909,FL,21,5.34388,0.18574,0.29985,134,134,134,0.27874,5.45860,0.21218,1,1,0.450
42.2120,909,BL,14,4.89315,0.17486,0.30011,134,134,134,0.27901,4.96304,0.18340,1,1,0.450
42.2140,909,FR,6,5.21172,-0.10158,0.30266,134,134,134,0.28155,5.33738,-0.12071,1,1,0.450
42.2140,909,BR,29,5.02772,-0.08865,0.29989,134,134,134,0.27879,5.10032,-0.08583,1,1,0.450
42.2220,909,FL,21,5.34321,0.18559,0.29978,134,134,134,0.27868,5.46225,0.21435,1,1,0.450
42.2220,909,BL,14,4.89259,0.17386,0.30016,134,134,134,0.27906,4.96142,0.18355,1,1,0.450
42.2220,909,FR,6,5.21178,-0.10226,0.30237,134,134,134,0.28126,5.33649,-0.12132,1,1,0.450
42.2220,909,BR,29,5.02673,-0.08762,0.29989,134,134,134,0.27878,5.10075,-0.08155,1,1,0.450
42.2320,909,FL,21,5.34173,0.18570,0.29980,134,134,134,0.27870,5.46083,0.21419,1,1,0.450
42.2320,909,BL,14,4.89119,0.17424,0.30013,134,134,134,0.27902,4.95989,0.18387,1,1,0.450
42.2320,909,FR,6,5.21062,-0.10206,0.30245,134,134,134,0.28134,5.33476,-0.12099,1,1,0.450
42.2320,909,BR,29,5.02527,-0.08739,0.29990,134,134,134,0.27879,5.09974,-0.08130,1,1,0.450
42.2440,910,FL,20,5.34113,0.18597,0.29983,134,134,134,0.27873,5.45623,0.21416,1,1,0.450
42.2440,910,BL,13,4.89070,0.17450,0.30028,134,134,134,0.27918,4.95907,0.18431,1,1,0.450
42.2440,910,FR,5,5.21046,-0.10199,0.30281,134,134,134,0.28170,5.33395,-0.12078,1,1,0.450
42.2440,910,BR,28,5.02464,-0.08707,0.29990,134,134,134,0.27880,5.09513,-0.08134,1,1,0.450
42.2520,910,FL,20,5.33973,0.18559,0.29980,134,134,134,0.27870,5.45961,0.21543,1,1,0.450
42.2540,910,BL,13,4.88914,0.17358,0.30046,134,134,134,0.27936,4.95699,0.18402,1,1,0.450
42.2540,910,FR,5,5.20926,-0.10217,0.30312,134,134,134,0.28201,5.33184,-0.12107,1,1,0.450
42.2540,910,BR,28,5.02291,-0.08628,0.29989,134,134,134,0.27879,5.09616,-0.07863,1,1,0.450
42.2640,910,FL,20,5.33895,0.18568,0.29986,134,134,134,0.27876,5.45892,0.21519,1,1,0.450
42.2640,910,BL,13,4.88843,0.17403,0.30056,134,134,134,0.27946,4.95619,0.18418,1,1,0.450
42.2640,910,FR,5,5.20872,-0.10180,0.30363,134,134,134,0.28252,5.33086,-0.12061,1,1,0.450
42.2640,910,BR,28,5.02223,-0.08621,0.29990,134,134,134,0.27880,5.09597,-0.07859,1,1,0.450
42.2720,911,FL,19,5.33802,0.18591,0.29994,134,134,134,0.27884,5.45418,0.21469,1,1,0.450
42.2740,911,BL,12,4.88735,0.17465,0.30089,134,134,134,0.27979,4.95523,0.18428,1,1,0.450
42.2740,911,FR,4,5.20780,-0.10104,0.30473,134,134,134,0.28361,5.32918,-0.11963,1,1,0.450
42.2740,911,BR,27,5.02131,-0.08606,0.29991,134,134,134,0.27881,5.09111,-0.07900,1,1,0.450
42.2860,911,FL,19,5.33810,0.18551,0.29992,134,134,134,0.27882,5.45913,0.21556,1,1,0.450
42.2860,911,BL,12,4.88730,0.17381,0.30118,134,134,134,0.28007,4.95464,0.18391,1,1,0.450
42.2860,911,FR,4,5.20807,-0.10104,0.30527,133,133,133,0.28415,5.32877,-0.11970,1,1,0.450
42.2860,911,BR,27,5.02107,-0.08535,0.29991,134,134,134,0.27881,5.09428,-0.07722,1,1,0.450
42.2960,911,FL,19,5.33724,0.18567,0.30006,134,134,134,0.27896,5.45849,0.21508,1,1,0.450
42.2960,911,BL,12,4.88626,0.17475,0.30144,134,134,134,0.28033,4.95400,0.18387,1,1,0.450
42.2960,911,FR,4,5.20713,-0.09997,0.30655,132,132,132,0.28542,5.32714,-0.11838,1,1,0.450
42.2960,911,BR,27,5.02033,-0.08536,0.29991,134,134,134,0.27881,5.09403,-0.07738,1,1,0.450
42.3100,912,FL,18,5.33684,0.18582,0.30011,134,134,134,0.27901,5.45422,0.21441,1,1,0.450
42.3120,912,BL,11,4.88581,0.17518,0.30170,134,134,134,0.28060,4.95350,0.18389,1,1,0.450
42.3120,912,FR,3,5.20688,-0.09934,0.30738,132,132,132,0.28626,5.32647,-0.11753,1,1,0.450
42.3120,912,BR,26,5.01994,-0.08533,0.29992,134,134,134,0.27882,5.08971,-0.07809,1,1,0.450
42.3280,912,FL,18,5.33601,0.18553,0.30014,134,134,134,0.27904,5.45849,0.21483,1,1,0.450
42.3280,912,BL,11,4.88442,0.17488,0.30215,134,134,134,0.28104,4.95234,0.18327,1,1,0.450
42.3300,912,FR,3,5.20560,-0.09855,0.30825,132,132,132,0.28712,5.32445,-0.11656,1,1,0.450
42.3300,912,BR,26,5.01890,-0.08475,0.29993,134,134,134,0.27882,5.09236,-0.07699,1,1,0.450
42.3440,913,FL,17,5.33656,0.18529,0.30024,134,134,134,0.27913,5.45904,0.21411,1,1,0.450
42.3440,913,BL,10,4.88512,0.17500,0.30229,134,134,134,0.28118,4.95292,0.18281,1,1,0.450
42.3440,913,FR,2,5.20634,-0.09796,0.30876,131,131,131,0.28763,5.32570,-0.11631,1,1,0.450
42.3440,913,BR,25,5.01961,-0.08526,0.29992,134,134,134,0.27882,5.08959,-0.07831,1,1,0.450
42.3540,913,FL,17,5.33644,0.18477,0.30025,134,134,134,0.27915,5.46005,0.21356,1,1,0.450
42.3540,913,BL,10,4.88423,0.17442,0.30255,134,134,134,0.28144,4.95275,0.18161,1,1,0.450
42.3540,913,FR,2,5.20526,-0.09707,0.30900,131,131,131,0.28787,5.32482,-0.11557,1,1,0.450
42.3540,913,BR,25,5.01941,-0.08511,0.29992,134,134,134,0.27881,5.09315,-0.07790,1,1,0.450
42.3640,914,FL,16,5.33687,0.18455,0.30030,134,134,134,0.27920,5.46451,0.21349,1,1,0.450
42.3640,914,BL,9,4.88467,0.17443,0.30252,134,134,134,0.28141,4.95341,0.18102,1,1,0.450
42.3640,914,FR,1,5.20535,-0.09671,0.30908,131,131,131,0.28795,5.32587,-0.11553,1,1,0.450
42.3660,914,BR,24,5.02006,-0.08573,0.29989,134,134,134,0.27879,5.09024,-0.07936,1,1,0.450
42.3760,914,FL,16,5.33767,0.18396,0.30029,134,134,134,0.27919,5.46629,0.21297,1,1,0.450
42.3760,914,BL,9,4.88495,0.17346,0.30259,134,134,134,0.28148,4.95407,0.17979,1,1,0.450
42.3760,914,FR,1,5.20540,-0.09646,0.30895,131,131,131,0.28782,5.32664,-0.11546,1,1,0.450
42.3760,914,BR,24,5.02085,-0.08568,0.29988,134,134,134,0.27878,5.09485,-0.07919,1,1,0.450
42.3840,914,FL,16,5.33872,0.18339,0.30042,134,134,134,0.27932,5.46737,0.21194,1,1,0.450
42.3840,914,BL,9,4.88574,0.17310,0.30256,134,134,134,0.28145,4.95570,0.17843,1,1,0.450
42.3840,914,FR,1,5.20523,-0.09597,0.30938,131,131,131,0.28825,5.32761,-0.11576,1,1,0.450
42.3840,914,BR,24,5.02227,-0.08685,0.29985,134,134,134,0.27875,5.09670,-0.08048,1,1,0.450
42.3960,915,FL,15,5.33967,0.18290,0.30049,134,134,134,0.27939,5.46840,0.21126,1,1,0.450
42.3960,915,BL,8,4.88648,0.17257,0.30251,134,134,134,0.28140,4.95694,0.17720,1,1,0.450
42.3960,915,FR,30,5.47367,-0.09521,0.30002,134,134,134,0.27892,5.57734,-0.10566,1,1,0.450
42.3960,915,BR,23,5.02343,-0.08769,0.29983,134,134,134,0.27873,5.09373,-0.08202,1,1,0.450
42.4160,915,FL,15,5.34190,0.18159,0.30055,134,134,134,0.27945,5.47029,0.21070,1,1,0.450
42.4160,915,BL,8,4.88883,0.17029,0.30284,134,134,134,0.28172,4.95921,0.17474,1,1,0.450
42.4160,915,FR,30,5.47565,-0.09572,0.30002,134,134,134,0.27892,5.59031,-0.10681,1,1,0.450
42.4160,915,BR,23,5.02545,-0.08850,0.29987,134,134,134,0.27876,5.10167,-0.08269,1,1,0.450
42.4260,916,FL,14,5.34287,0.18070,0.30070,134,134,134,0.27959,5.47257,0.20853,1,1,0.450
42.4260,916,BL,7,4.88834,0.17006,0.30342,134,134,134,0.28231,4.96133,0.17236,1,1,0.450
42.4260,916,FR,29,5.47805,-0.09725,0.30003,134,134,134,0.27893,5.58804,-0.10847,1,1,0.450
42.4260,916,BR,22,5.02768,-0.09089,0.29987,134,134,134,0.27877,5.09986,-0.08594,1,1,0.450
42.4360,916,FL,14,5.34403,0.18061,0.30054,134,134,134,0.27944,5.47544,0.20781,1,1,0.450
42.4360,916,BL,7,4.88827,0.16996,0.30280,134,134,134,0.28169,4.96251,0.17146,1,1,0.450
42.4360,916,FR,29,5.48021,-0.09777,0.30003,134,134,134,0.27892,5.59858,-0.10936,1,1,0.450
42.4360,916,BR,22,5.02964,-0.09120,0.29982,134,134,134,0.27872,5.10703,-0.08660,1,1,0.450
42.4460,916,FL,14,5.34491,0.18041,0.30065,134,134,134,0.27955,5.47725,0.20673,1,1,0.450
42.4460,916,BL,7,4.88855,0.17000,0.30282,134,134,134,0.28171,4.96368,0.17056,1,1,0.450
42.4460,916,FR,29,5.48216,-0.09857,0.30005,134,134,134,0.27895,5.60041,-0.10988,1,1,0.450
42.4460,916,BR,22,5.03142,-0.09239,0.29978,134,134,134,0.27868,5.10946,-0.08815,1,1,0.450
42.4580,917,FL,13,5.34537,0.18010,0.30064,134,134,134,0.27953,5.47807,0.20603,1,1,0.450
42.4580,917,BL,6,4.88871,0.16977,0.30272,134,134,134,0.28161,4.96432,0.16963,1,1,0.450
42.4580,917,FR,28,5.48305,-0.09916,0.30005,134,134,134,0.27895,5.59649,-0.11104,1,1,0.450
42.4580,917,BR,21,5.03227,-0.09322,0.29978,134,134,134,0.27868,5.10567,-0.08989,1,1,0.450
42.4680,917,FL,13,5.34518,0.18010,0.30062,134,134,134,0.27951,5.47860,0.20586,1,1,0.450
42.4680,917,BL,6,4.88810,0.16964,0.30272,134,134,134,0.28161,4.96408,0.16902,1,1,0.450
42.4680,917,FR,28,5.48320,-0.09932,0.30003,134,134,134,0.27893,5.60383,-0.11160,1,1,0.450
42.4680,917,BR,21,5.03226,-0.09307,0.29977,134,134,134,0.27867,5.11016,-0.08993,1,1,0.450
42.4780,917,FL,13,5.34531,0.17974,0.30078,134,134,134,0.27968,5.47890,0.20508,1,1,0.450
42.4800,917,BL,6,4.88823,0.16945,0.30312,134,134,134,0.28201,4.96434,0.16822,1,1,0.450
42.4800,917,FR,28,5.48378,-0.09995,0.30006,134,134,134,0.27896,5.60434,-0.11207,1,1,0.450
42.4800,917,BR,21,5.03276,-0.09398,0.29976,134,134,134,0.27866,5.11100,-0.09104,1,1,0.450
42.4900,918,FL,12,5.34608,0.17921,0.30090,134,134,134,0.27979,5.47990,0.20427,1,1,0.450
42.4900,918,BL,5,4.88881,0.16900,0.30352,134,134,134,0.28241,4.96517,0.16719,1,1,0.450
42.4900,918,FR,27,5.48485,-0.10068,0.30006,134,134,134,0.27896,5.60044,-0.11345,1,1,0.450
42.4900,918,BR,20,5.03379,-0.09490,0.29979,134,134,134,0.27869,5.10712,-0.09284,1,1,0.450
42.5000,918,FL,12,5.34519,0.17934,0.30104,134,134,134,0.27994,5.47918,0.20435,1,1,0.450
42.5000,918,BL,5,4.88788,0.16892,0.30401,134,134,134,0.28289,4.96426,0.16672,1,1,0.450
42.5000,918,FR,27,5.48391,-0.10071,0.30003,134,134,134,0.27893,5.60610,-0.11396,1,1,0.450
42.5000,918,BR,20,5.03270,-0.09447,0.29981,134,134,134,0.27871,5.11020,-0.09270,1,1,0.450
42.5120,919,FL,11,5.34562,0.17863,0.30127,134,134,134,0.28016,5.47958,0.20346,1,1,0.450
42.5120,919,BL,4,4.88843,0.16820,0.30469,134,134,134,0.28357,4.96473,0.16543,1,1,0.450
42.5120,919,FR,26,5.48468,-0.10145,0.30006,134,134,134,0.27895,5.60173,-0.11535,1,1,0.450
42.5120,919,BR,19,5.03343,-0.09561,0.29982,134,134,134,0.27871,5.10608,-0.09467,1,1,0.450
42.5220,919,FL,11,5.34607,0.17834,0.30143,134,134,134,0.28032,5.48029,0.20330,1,1,0.450
42.5220,919,BL,4,4.88877,0.16741,0.30523,133,133,133,0.28411,4.96513,0.16431,1,1,0.450
42.5240,919,FR,26,5.48534,-0.10178,0.30001,134,134,134,0.27890,5.60869,-0.11613,1,1,0.450
42.5240,919,BR,19,5.03389,-0.09567,0.29985,134,134,134,0.27875,5.11062,-0.09501,1,1,0.450
42.5320,919,FL,11,5.34526,0.17791,0.30174,134,134,134,0.28063,5.47915,0.20257,1,1,0.450
42.5320,919,BL,4,4.88828,0.16709,0.30592,132,132,132,0.28480,4.96434,0.16327,1,1,0.450
42.5320,919,FR,26,5.48464,-0.10232,0.30004,134,134,134,0.27894,5.60792,-0.11651,1,1,0.450
42.5320,919,BR,19,5.03316,-0.09655,0.29986,134,134,134,0.27876,5.11013,-0.09596,1,1,0.450
42.5440,920,FL,10,5.34496,0.17738,0.30195,134,134,134,0.28084,5.47861,0.20186,1,1,0.450
42.5440,920,BL,3,4.88816,0.16654,0.30656,132,132,132,0.28544,4.96391,0.16201,1,1,0.450
42.5440,920,FR,25,5.48439,-0.10292,0.30004,134,134,134,0.27894,5.60252,-0.11785,1,1,0.450
42.5440,920,BR,18,5.03293,-0.09742,0.29992,134,134,134,0.27881,5.10461,-0.09774,1,1,0.450
42.5520,920,FL,10,5.34453,0.17746,0.30207,134,134,134,0.28097,5.47812,0.20185,1,1,0.450
42.5520,920,BL,3,4.88795,0.16615,0.30678,132,132,132,0.28566,4.96326,0.16130,1,1,0.450
42.5520,920,FR,25,5.48403,-0.10310,0.29998,134,134,134,0.27888,5.60827,-0.11858,1,1,0.450
42.5520,920,BR,18,5.03237,-0.09730,0.29994,134,134,134,0.27883,5.10798,-0.09806,1,1,0.450
42.5620,920,FL,10,5.34395,0.17721,0.30227,134,134,134,0.28116,5.47729,0.20117,1,1,0.450
42.5620,920,BL,3,4.88784,0.16603,0.30704,132,132,132,0.28591,4.96240,0.16070,1,1,0.450
42.5620,920,FR,25,5.48363,-0.10366,0.30002,134,134,134,0.27892,5.60782,-0.11901,1,1,0.450
42.5620,920,BR,18,5.03194,-0.09812,0.29992,134,134,134,0.27882,5.10779,-0.09908,1,1,0.450
42.5780,921,FL,9,5.34378,0.17687,0.30240,134,134,134,0.28129,5.47683,0.20033,1,1,0.450
42.5780,921,BL,2,4.88815,0.16580,0.30716,132,132,132,0.28604,4.96175,0.16001,1,1,0.450
42.5780,921,FR,24,5.48349,-0.10444,0.30003,134,134,134,0.27892,5.60244,-0.12063,1,1,0.450
42.5780,921,BR,17,5.03179,-0.09901,0.29995,134,134,134,0.27885,5.10757,-0.10027,1,1,0.450
42.5920,921,FL,9,5.34245,0.17743,0.30265,134,134,134,0.28154,5.47451,0.20043,1,1,0.450
42.5920,921,BL,2,4.88756,0.16609,0.30739,132,132,132,0.28626,4.96048,0.16006,1,1,0.450
42.5920,921,FR,24,5.48155,-0.10468,0.29996,134,134,134,0.27886,5.60645,-0.12151,1,1,0.450
42.5940,921,BR,17,5.02970,-0.09858,0.30000,134,134,134,0.27890,5.10406,-0.10170,1,1,0.450
42.6020,922,FL,8,5.34248,0.17714,0.30276,134,134,134,0.28165,5.47375,0.19908,1,1,0.450
42.6020,922,BL,1,4.88853,0.16614,0.30705,132,132,132,0.28593,4.95974,0.16022,1,1,0.450
42.6020,922,FR,23,5.48095,-0.10607,0.30001,134,134,134,0.27891,5.60041,-0.12399,1,1,0.450
42.6020,922,BR,16,5.02927,-0.09973,0.29999,134,134,134,0.27889,5.10322,-0.10354,1,1,0.450
42.6220,922,FL,8,5.34202,0.17793,0.30275,134,134,134,0.28164,5.47224,0.19959,1,1,0.450
42.6240,922,BL,1,4.88832,0.16636,0.30704,132,132,132,0.28591,4.95953,0.16080,1,1,0.450
42.6240,922,FR,23,5.47956,-0.10619,0.29997,134,134,134,0.27887,5.59946,-0.12934,1,1,0.450
42.6240,922,BR,16,5.02788,-0.09872,0.30003,134,134,134,0.27893,5.10090,-0.10399,1,1,0.450
42.6320,923,FL,7,5.34183,0.17783,0.30256,134,134,134,0.28145,5.46997,0.19832,1,1,0.450
42.6320,923,BL,30,5.16037,0.16697,0.29988,134,134,134,0.27878,5.23818,0.17009,1,1,0.450
42.6320,923,FR,22,5.47730,-0.10744,0.29989,134,134,134,0.27878,5.59304,-0.13037,1,1,0.450
42.6320,923,BR,15,5.02601,-0.09931,0.29999,134,134,134,0.27889,5.09797,-0.10560,1,1,0.450
42.6420,923,FL,7,5.34213,0.17810,0.30260,134,134,134,0.28149,5.46931,0.19829,1,1,0.450
42.6420,923,BL,30,5.15948,0.16576,0.29988,134,134,134,0.27878,5.23577,0.16301,1,1,0.450
42.6420,923,FR,22,5.47637,-0.10799,0.29986,134,134,134,0.27875,5.59531,-0.13436,1,1,0.450
42.6420,923,BR,15,5.02526,-0.09850,0.30014,134,134,134,0.27904,5.09596,-0.10613,1,1,0.450
42.6540,923,FL,7,5.34130,0.17755,0.30314,134,134,134,0.28202,5.46780,0.19739,1,1,0.450
42.6540,923,BL,30,5.15828,0.16516,0.29990,134,134,134,0.27880,5.23504,0.16249,1,1,0.450
42.6540,923,FR,22,5.47508,-0.10851,0.29986,134,134,134,0.27876,5.59417,-0.13450,1,1,0.450
42.6540,923,BR,15,5.02406,-0.09913,0.30016,134,134,134,0.27906,5.09454,-0.10675,1,1,0.450
42.6620,924,FL,6,5.34078,0.17750,0.30326,134,134,134,0.28215,5.46646,0.19694,1,1,0.450
42.6620,924,BL,29,5.15707,0.16462,0.29990,134,134,134,0.27880,5.22970,0.16205,1,1,0.450
42.6620,924,FR,21,5.47384,-0.10909,0.29988,134,134,134,0.27877,5.58871,-0.13510,1,1,0.450
42.6620,924,BR,14,5.02301,-0.09952,0.30024,134,134,134,0.27913,5.09300,-0.10750,1,1,0.450
42.6720,924,FL,6,5.33992,0.17814,0.30301,134,134,134,0.28190,5.46469,0.19749,1,1,0.450
42.6740,924,BL,29,5.15533,0.16369,0.29989,134,134,134,0.27879,5.22939,0.15787,1,1,0.450
42.6740,924,FR,21,5.47240,-0.10889,0.29981,134,134,134,0.27871,5.59162,-0.13717,1,1,0.450
42.6740,924,BR,14,5.02159,-0.09846,0.30027,134,134,134,0.27917,5.09069,-0.10754,1,1,0.450
42.6840,924,FL,6,5.33978,0.17803,0.30298,134,134,134,0.28187,5.46390,0.19720,1,1,0.450
42.6840,924,BL,29,5.15459,0.16328,0.29990,134,134,134,0.27880,5.22911,0.15744,1,1,0.450
42.6840,924,FR,21,5.47165,-0.10915,0.29983,134,134,134,0.27872,5.59088,-0.13721,1,1,0.450
42.6840,924,BR,14,5.02105,-0.09890,0.30026,134,134,134,0.27915,5.08974,-0.10811,1,1,0.450
42.6960,925,FL,5,5.33858,0.17781,0.30334,134,134,134,0.28223,5.46209,0.19682,1,1,0.450
42.6960,925,BL,28,5.15314,0.16301,0.29990,134,134,134,0.27880,5.22366,0.15751,1,1,0.450
42.6960,925,FR,20,5.47020,-0.10941,0.29985,134,134,134,0.27875,5.58546,-0.13715,1,1,0.450
42.6960,925,BR,13,5.01962,-0.09920,0.30040,134,134,134,0.27929,5.08819,-0.10845,1,1,0.450
42.7120,925,FL,5,5.33772,0.17801,0.30378,134,134,134,0.28267,5.46018,0.19706,1,1,0.450
42.7120,925,BL,28,5.15159,0.16208,0.29990,134,134,134,0.27880,5.22489,0.15468,1,1,0.450
42.7120,925,FR,20,5.46897,-0.10916,0.29983,134,134,134,0.27873,5.58902,-0.13856,1,1,0.450
42.7120,925,BR,13,5.01828,-0.09837,0.30064,134,134,134,0.27953,5.08618,-0.10837,1,1,0.450
42.7240,926,FL,4,5.33666,0.17722,0.30481,134,134,134,0.28369,5.45827,0.19606,1,1,0.450
42.7240,926,BL,27,5.15041,0.16189,0.29991,134,134,134,0.27881,5.22024,0.15500,1,1,0.450
42.7240,926,FR,19,5.46770,-0.10939,0.29993,134,134,134,0.27883,5.58395,-0.13786,1,1,0.450
42.7240,926,BR,12,5.01698,-0.09918,0.30087,134,134,134,0.27976,5.08492,-0.10861,1,1,0.450
42.7360,926,FL,4,5.33587,0.17674,0.30587,132,132,132,0.28475,5.45637,0.19547,1,1,0.450
42.7360,926,BL,27,5.14925,0.16109,0.29991,134,134,134,0.27881,5.22250,0.15318,1,1,0.450
42.7360,926,FR,19,5.46680,-0.10918,0.29996,134,134,134,0.27886,5.58806,-0.13874,1,1,0.450
42.7360,926,BR,12,5.01580,-0.09873,0.30134,134,134,134,0.28023,5.08340,-0.10830,1,1,0.450
42.7460,926,FL,4,5.33586,0.17601,0.30687,132,132,132,0.28574,5.45590,0.19456,1,1,0.450
42.7460,926,BL,27,5.14916,0.16106,0.29991,134,134,134,0.27881,5.22293,0.15333,1,1,0.450
42.7480,926,FR,19,5.46661,-0.10935,0.30007,134,134,134,0.27897,5.58799,-0.13841,1,1,0.450
42.7480,926,BR,12,5.01563,-0.09944,0.30152,134,134,134,0.28042,5.08324,-0.10841,1,1,0.450
42.7580,927,FL,3,5.33554,0.17523,0.30778,132,132,132,0.28666,5.45506,0.19352,1,1,0.450
42.7600,927,BL,26,5.14868,0.16101,0.29992,134,134,134,0.27882,5.21849,0.15399,1,1,0.450
42.7600,927,FR,18,5.46614,-0.10953,0.30013,134,134,134,0.27903,5.58363,-0.13775,1,1,0.450
42.7600,927,BR,11,5.01507,-0.09997,0.30177,134,134,134,0.28066,5.08271,-0.10840,1,1,0.450
42.7720,927,FL,3,5.33513,0.17468,0.30852,131,131,131,0.28739,5.45411,0.19288,1,1,0.450
42.7720,927,BL,26,5.14824,0.16040,0.29993,134,134,134,0.27882,5.22174,0.15285,1,1,0.450
42.7720,927,FR,18,5.46593,-0.10923,0.30014,134,134,134,0.27903,5.58841,-0.13828,1,1,0.450
42.7720,927,BR,11,5.01448,-0.09948,0.30218,134,134,134,0.28107,5.08208,-0.10786,1,1,0.450
42.7840,928,FL,2,5.33502,0.17405,0.30901,131,131,131,0.28788,5.45421,0.19242,1,1,0.450
42.7840,928,BL,25,5.14823,0.16069,0.29992,134,134,134,0.27882,5.21821,0.15391,1,1,0.450
42.7840,928,FR,17,5.46576,-0.10918,0.30023,134,134,134,0.27913,5.58829,-0.13778,1,1,0.450
42.7840,928,BR,10,5.01433,-0.09980,0.30230,134,134,134,0.28119,5.08203,-0.10761,1,1,0.450
42.7940,928,FL,2,5.33501,0.17366,0.30904,131,131,131,0.28791,5.45426,0.19212,1,1,0.450
42.7940,928,BL,25,5.14838,0.16034,0.29992,134,134,134,0.27882,5.22214,0.15328,1,1,0.450
42.7940,928,FR,17,5.46606,-0.10871,0.30022,134,134,134,0.27911,5.58954,-0.13753,1,1,0.450
42.7940,928,BR,10,5.01424,-0.09900,0.30257,134,134,134,0.28146,5.08200,-0.10676,1,1,0.450
42.8040,928,FL,2,5.33485,0.17313,0.30926,131,131,131,0.28813,5.45479,0.19193,1,1,0.450
42.8040,928,BL,25,5.14884,0.16086,0.29990,134,134,134,0.27880,5.22307,0.15398,1,1,0.450
42.8040,928,FR,17,5.46634,-0.10854,0.30029,134,134,134,0.27919,5.58980,-0.13692,1,1,0.450
42.8040,928,BR,10,5.01442,-0.09914,0.30259,134,134,134,0.28147,5.08259,-0.10623,1,1,0.450
42.8140,929,FL,1,5.33582,0.17308,0.30923,131,131,131,0.28810,5.45711,0.19264,1,1,0.450
42.8140,929,BL,24,5.15016,0.16144,0.29990,134,134,134,0.27880,5.22028,0.15522,1,1,0.450
42.8140,929,FR,16,5.46763,-0.10809,0.30031,134,134,134,0.27921,5.59503,-0.13710,1,1,0.450
42.8140,929,BR,9,5.01577,-0.09853,0.30268,134,134,134,0.28157,5.08393,-0.10543,1,1,0.450
42.8240,929,FL,1,5.33408,0.17235,0.30924,131,131,131,0.28811,5.45518,0.19144,1,1,0.450
42.8240,929,BL,24,5.14957,0.16126,0.29989,134,134,134,0.27878,5.22351,0.15486,1,1,0.450
42.8240,929,FR,16,5.46696,-0.10775,0.30032,134,134,134,0.27922,5.59565,-0.13648,1,1,0.450
42.8240,929,BR,9,5.01417,-0.09825,0.30270,134,134,134,0.28159,5.08336,-0.10435,1,1,0.450
42.8320,929,FL,1,5.33485,0.17215,0.30945,131,131,131,0.28832,5.45752,0.19242,1,1,0.450
42.8340,929,BL,24,5.15156,0.16238,0.29986,134,134,134,0.27876,5.22601,0.15618,1,1,0.450
42.8340,929,FR,16,5.46862,-0.10713,0.30043,134,134,134,0.27932,5.59716,-0.13561,1,1,0.450
42.8340,929,BR,9,5.01590,-0.09754,0.30281,134,134,134,0.28170,5.08536,-0.10310,1,1,0.450
42.8440,930,FL,30,5.60294,0.17166,0.30002,134,134,134,0.27892,5.70661,0.18232,1,1,0.450
42.8440,930,BL,23,5.15273,0.16325,0.29985,134,134,134,0.27875,5.22298,0.15764,1,1,0.450
42.8440,930,FR,15,5.46962,-0.10658,0.30052,134,134,134,0.27941,5.59819,-0.13495,1,1,0.450
42.8440,930,BR,8,5.01664,-0.09694,0.30287,134,134,134,0.28176,5.08670,-0.10179,1,1,0.450
42.8640,930,FL,30,5.60394,0.17199,0.30002,134,134,134,0.27892,5.71861,0.18340,1,1,0.450
42.8640,930,BL,23,5.15372,0.16370,0.29984,134,134,134,0.27874,5.23008,0.15818,1,1,0.450
42.8640,930,FR,15,5.47048,-0.10588,0.30052,134,134,134,0.27941,5.59950,-0.13433,1,1,0.450
42.8640,930,BR,8,5.01699,-0.09584,0.30241,134,134,134,0.28130,5.08773,-0.09999,1,1,0.450
42.8760,931,FL,29,5.60733,0.17364,0.30003,134,134,134,0.27893,5.71729,0.18509,1,1,0.450
42.8760,931,BL,22,5.15696,0.16637,0.29986,134,134,134,0.27875,5.22917,0.16162,1,1,0.450
42.8760,931,FR,14,5.47259,-0.10465,0.30068,134,134,134,0.27958,5.60240,-0.13226,1,1,0.450
42.8760,931,BR,7,5.01817,-0.09476,0.30349,134,134,134,0.28237,5.09080,-0.09718,1,1,0.450
42.8860,931,FL,29,5.60977,0.17428,0.30003,134,134,134,0.27893,5.72812,0.18608,1,1,0.450
42.8860,931,BL,22,5.15920,0.16691,0.29983,134,134,134,0.27873,5.23666,0.16247,1,1,0.450
42.8860,931,FR,14,5.47399,-0.10444,0.30059,134,134,134,0.27949,5.60558,-0.13130,1,1,0.450
42.8860,931,BR,7,5.01815,-0.09466,0.30296,134,134,134,0.28185,5.09238,-0.09597,1,1,0.450
42.8980,931,FL,29,5.61090,0.17494,0.30005,134,134,134,0.27895,5.72913,0.18649,1,1,0.450
42.8980,931,BL,22,5.16018,0.16788,0.29979,134,134,134,0.27868,5.23824,0.16383,1,1,0.450
42.8980,931,FR,14,5.47423,-0.10435,0.30070,134,134,134,0.27959,5.60654,-0.13040,1,1,0.450
42.8980,931,BR,7,5.01798,-0.09482,0.30304,134,134,134,0.28193,5.09290,-0.09523,1,1,0.450
42.9080,932,FL,28,5.61199,0.17565,0.30005,134,134,134,0.27895,5.72541,0.18774,1,1,0.450
42.9080,932,BL,21,5.16122,0.16888,0.29976,134,134,134,0.27866,5.23461,0.16572,1,1,0.450
42.9080,932,FR,13,5.47478,-0.10397,0.30058,134,134,134,0.27948,5.60755,-0.12955,1,1,0.450
42.9080,932,BR,6,5.01813,-0.09453,0.30258,134,134,134,0.28147,5.09363,-0.09418,1,1,0.450
42.9180,932,FL,28,5.61275,0.17582,0.30004,134,134,134,0.27893,5.73336,0.18832,1,1,0.450
42.9180,932,BL,21,5.16180,0.16873,0.29976,134,134,134,0.27866,5.23973,0.16577,1,1,0.450
42.9180,932,FR,13,5.47518,-0.10394,0.30057,134,134,134,0.27947,5.60869,-0.12942,1,1,0.450
42.9180,932,BR,6,5.01813,-0.09431,0.30265,134,134,134,0.28154,5.09395,-0.09360,1,1,0.450
42.9300,932,FL,28,5.61333,0.17646,0.30006,134,134,134,0.27896,5.73386,0.18881,1,1,0.450
42.9300,932,BL,21,5.16231,0.16965,0.29975,134,134,134,0.27865,5.24059,0.16686,1,1,0.450
42.9300,932,FR,13,5.47534,-0.10353,0.30079,134,134,134,0.27968,5.60902,-0.12862,1,1,0.450
42.9300,932,BR,6,5.01829,-0.09411,0.30315,134,134,134,0.28203,5.09428,-0.09276,1,1,0.450
42.9400,933,FL,27,5.61313,0.17709,0.30007,134,134,134,0.27896,5.72869,0.19009,1,1,0.450
42.9400,933,BL,20,5.16211,0.17041,0.29980,134,134,134,0.27870,5.23540,0.16850,1,1,0.450
42.9400,933,FR,12,5.47506,-0.10310,0.30096,134,134,134,0.27985,5.60872,-0.12789,1,1,0.450
42.9400,933,BR,5,5.01793,-0.09387,0.30377,134,134,134,0.28265,5.09417,-0.09177,1,1,0.450
42.9500,933,FL,27,5.61340,0.17710,0.30003,134,134,134,0.27893,5.73558,0.19061,1,1,0.450
42.9500,933,BL,20,5.16220,0.16996,0.29979,134,134,134,0.27869,5.23969,0.16836,1,1,0.450
42.9500,933,FR,12,5.47517,-0.10323,0.30096,134,134,134,0.27985,5.60928,-0.12803,1,1,0.450
42.9500,933,BR,5,5.01786,-0.09363,0.30387,134,134,134,0.28276,5.09410,-0.09147,1,1,0.450
42.9580,933,FL,27,5.61362,0.17786,0.30006,134,134,134,0.27896,5.73573,0.19121,1,1,0.450
42.9580,933,BL,20,5.16239,0.17109,0.29981,134,134,134,0.27871,5.24012,0.16953,1,1,0.450
42.9580,933,FR,12,5.47517,-0.10256,0.30126,134,134,134,0.28015,5.60910,-0.12711,1,1,0.450
42.9580,933,BR,5,5.01805,-0.09307,0.30467,134,134,134,0.28355,5.09423,-0.09019,1,1,0.450
42.9680,934,FL,26,5.61367,0.17835,0.30006,134,134,134,0.27896,5.73069,0.19240,1,1,0.450
42.9680,934,BL,19,5.16244,0.17174,0.29985,134,134,134,0.27875,5.23503,0.17106,1,1,0.450
42.9680,934,FR,11,5.47520,-0.10211,0.30141,134,134,134,0.28030,5.60898,-0.12655,1,1,0.450
42.9680,934,BR,4,5.01809,-0.09262,0.30518,133,133,133,0.28406,5.09434,-0.08918,1,1,0.450
42.9780,934,FL,26,5.61426,0.17854,0.30001,134,134,134,0.27891,5.73759,0.19309,1,1,0.450
42.9780,934,BL,19,5.16285,0.17170,0.29988,134,134,134,0.27878,5.23950,0.17122,1,1,0.450
42.9780,934,FR,11,5.47560,-0.10188,0.30160,134,134,134,0.28049,5.60962,-0.12652,1,1,0.450
42.9800,934,BR,4,5.01841,-0.09179,0.30581,132,132,132,0.28469,5.09458,-0.08815,1,1,0.450
42.9880,934,FL,26,5.61409,0.17918,0.30004,134,134,134,0.27894,5.73736,0.19354,1,1,0.450
42.9880,934,BL,19,5.16262,0.17276,0.29989,134,134,134,0.27879,5.23956,0.17231,1,1,0.450
42.9880,934,FR,11,5.47514,-0.10134,0.30188,134,134,134,0.28077,5.60898,-0.12568,1,1,0.450
42.9880,934,BR,4,5.01827,-0.09134,0.30639,132,132,132,0.28527,5.09405,-0.08699,1,1,0.450
43.0000,935,FL,25,5.61325,0.17968,0.30005,134,134,134,0.27894,5.73135,0.19480,1,1,0.450
43.0000,935,BL,18,5.16181,0.17344,0.29993,134,134,134,0.27883,5.23345,0.17397,1,1,0.450
43.0000,935,FR,10,5.47438,-0.10100,0.30205,134,134,134,0.28094,5.60786,-0.12506,1,1,0.450
43.0000,935,BR,3,5.01774,-0.09111,0.30686,132,132,132,0.28574,5.09326,-0.08598,1,1,0.450
43.0120,935,FL,25,5.61332,0.17998,0.29999,134,134,134,0.27888,5.73755,0.19567,1,1,0.450
43.0120,935,BL,18,5.16166,0.17343,0.29995,134,134,134,0.27885,5.23726,0.17448,1,1,0.450
43.0120,935,FR,10,5.47422,-0.10110,0.30219,134,134,134,0.28108,5.60778,-0.12496,1,1,0.450
43.0120,935,BR,3,5.01790,-0.09066,0.30701,132,132,132,0.28589,5.09255,-0.08542,1,1,0.450
43.0200,935,FL,25,5.61167,0.18057,0.30003,134,134,134,0.27893,5.73581,0.19615,1,1,0.450
43.0200,935,BL,18,5.16005,0.17421,0.29996,134,134,134,0.27886,5.23571,0.17555,1,1,0.450
43.0200,935,FR,10,5.47284,-0.10097,0.30248,134,134,134,0.28137,5.60563,-0.12423,1,1,0.450
43.0220,935,BR,3,5.01715,-0.09086,0.30744,132,132,132,0.28632,5.09112,-0.08484,1,1,0.450
43.0320,936,FL,24,5.61157,0.18124,0.30003,134,134,134,0.27893,5.73047,0.19769,1,1,0.450
43.0320,936,BL,17,5.15997,0.17489,0.29998,134,134,134,0.27888,5.23547,0.17658,1,1,0.450
43.0320,936,FR,9,5.47280,-0.10073,0.30249,134,134,134,0.28138,5.60534,-0.12357,1,1,0.450
43.0320,936,BR,2,5.01749,-0.09075,0.30740,132,132,132,0.28627,5.09069,-0.08442,1,1,0.450
43.0400,936,FL,24,5.61076,0.18147,0.29997,134,134,134,0.27886,5.73563,0.19861,1,1,0.450
43.0400,936,BL,17,5.15896,0.17439,0.30000,134,134,134,0.27890,5.23317,0.17793,1,1,0.450
43.0400,936,FR,9,5.47232,-0.10128,0.30270,134,134,134,0.28159,5.60424,-0.12375,1,1,0.450
43.0420,936,BR,2,5.01770,-0.09083,0.30736,132,132,132,0.28624,5.09005,-0.08474,1,1,0.450
43.0520,936,FL,24,5.61032,0.18228,0.30001,134,134,134,0.27891,5.73508,0.19952,1,1,0.450
43.0520,936,BL,17,5.15866,0.17509,0.29998,134,134,134,0.27888,5.23261,0.17902,1,1,0.450
43.0520,936,FR,9,5.47235,-0.10109,0.30276,134,134,134,0.28165,5.60375,-0.12296,1,1,0.450
43.0520,936,BR,2,5.01823,-0.09087,0.30715,132,132,132,0.28603,5.08968,-0.08482,1,1,0.450
43.0600,937,FL,23,5.60928,0.18305,0.30001,134,134,134,0.27891,5.72865,0.20133,1,1,0.450
43.0600,937,BL,16,5.15775,0.17553,0.30003,134,134,134,0.27893,5.23133,0.17999,1,1,0.450
43.0600,937,FR,8,5.47204,-0.10099,0.30277,134,134,134,0.28166,5.60263,-0.12228,1,1,0.450
43.0600,937,BR,1,5.01836,-0.09100,0.30710,132,132,132,0.28598,5.08928,-0.08487,1,1,0.450
43.0820,937,FL,23,5.60782,0.18318,0.29998,134,134,134,0.27887,5.72762,0.20669,1,1,0.450
43.0820,937,BL,16,5.15633,0.17451,0.30008,134,134,134,0.27897,5.22889,0.18034,1,1,0.450
43.0820,937,FR,8,5.47166,-0.10178,0.30287,134,134,134,0.28176,5.60107,-0.12276,1,1,0.450
43.0820,937,BR,1,5.01831,-0.09123,0.30719,132,132,132,0.28607,5.08958,-0.08570,1,1,0.450
43.0940,938,FL,22,5.60546,0.18448,0.29988,134,134,134,0.27878,5.72106,0.20787,1,1,0.450
43.0940,938,BL,15,5.15441,0.17496,0.30006,134,134,134,0.27896,5.22581,0.18191,1,1,0.450
43.0940,938,FR,7,5.47157,-0.10168,0.30242,134,134,134,0.28131,5.59896,-0.12147,1,1,0.450
43.0940,938,BR,30,5.28924,-0.09071,0.29988,134,134,134,0.27878,5.36708,-0.09358,1,1,0.450
43.1060,938,FL,22,5.60398,0.18517,0.29990,134,134,134,0.27879,5.72284,0.21184,1,1,0.450
43.1060,938,BL,15,5.15299,0.17467,0.30025,134,134,134,0.27915,5.22338,0.18254,1,1,0.450
43.1060,938,FR,7,5.47084,-0.10145,0.30332,134,134,134,0.28221,5.59724,-0.12103,1,1,0.450
43.1060,938,BR,30,5.28770,-0.08929,0.29988,134,134,134,0.27878,5.36399,-0.08635,1,1,0.450
43.1180,939,FL,21,5.60218,0.18551,0.29988,134,134,134,0.27878,5.71703,0.21166,1,1,0.450
43.1180,939,BL,14,5.15137,0.17525,0.30029,134,134,134,0.27919,5.22130,0.18320,1,1,0.450
43.1180,939,FR,6,5.46973,-0.10116,0.30343,134,134,134,0.28232,5.59516,-0.12032,1,1,0.450
43.1180,939,BR,29,5.28589,-0.08875,0.29990,134,134,134,0.27880,5.35852,-0.08604,1,1,0.450
43.1300,939,FL,21,5.60090,0.18546,0.29983,134,134,134,0.27873,5.72007,0.21392,1,1,0.450
43.1300,939,BL,14,5.15016,0.17434,0.30036,134,134,134,0.27926,5.21907,0.18348,1,1,0.450
43.1300,939,FR,6,5.46913,-0.10178,0.30327,134,134,134,0.28216,5.59356,-0.12085,1,1,0.450
43.1300,939,BR,29,5.28428,-0.08765,0.29989,134,134,134,0.27879,5.35834,-0.08172,1,1,0.450
43.1400,939,FL,21,5.60003,0.18575,0.29986,134,134,134,0.27875,5.71924,0.21389,1,1,0.450
43.1400,939,BL,14,5.14949,0.17501,0.30041,134,134,134,0.27930,5.21801,0.18407,1,1,0.450
43.1400,939,FR,6,5.46887,-0.10141,0.30351,134,134,134,0.28240,5.59246,-0.12028,1,1,0.450
43.1400,939,BR,29,5.28337,-0.08718,0.29990,134,134,134,0.27880,5.35790,-0.08126,1,1,0.450
43.1500,940,FL,20,5.59909,0.18602,0.29988,134,134,134,0.27878,5.71429,0.21382,1,1,0.450
43.1500,940,BL,13,5.14863,0.17531,0.30056,134,134,134,0.27945,5.21688,0.18450,1,1,0.450
43.1500,940,FR,5,5.46835,-0.10125,0.30385,134,134,134,0.28274,5.59126,-0.11994,1,1,0.450
43.1500,940,BR,28,5.28239,-0.08687,0.29991,134,134,134,0.27881,5.35292,-0.08133,1,1,0.450
43.1600,940,FL,20,5.59787,0.18568,0.29986,134,134,134,0.27876,5.71791,0.21510,1,1,0.450
43.1600,940,BL,13,5.14719,0.17444,0.30078,134,134,134,0.27968,5.21504,0.18421,1,1,0.450
43.1600,940,FR,5,5.46712,-0.10135,0.30438,134,134,134,0.28326,5.58934,-0.12016,1,1,0.450
43.1600,940,BR,28,5.28088,-0.08608,0.29990,134,134,134,0.27880,5.35418,-0.07864,1,1,0.450
43.1700,940,FL,20,5.59742,0.18590,0.29996,134,134,134,0.27885,5.71759,0.21487,1,1,0.450
43.1700,940,BL,13,5.14676,0.17518,0.30098,134,134,134,0.27988,5.21457,0.18446,1,1,0.450
43.1720,940,FR,5,5.46691,-0.10068,0.30532,133,133,133,0.28420,5.58847,-0.11927,1,1,0.450
43.1720,940,BR,28,5.28052,-0.08590,0.29991,134,134,134,0.27881,5.35431,-0.07852,1,1,0.450
43.1800,941,FL,19,5.59625,0.18613,0.30000,134,134,134,0.27890,5.71254,0.21446,1,1,0.450
43.1800,941,BL,12,5.14552,0.17561,0.30121,134,134,134,0.28011,5.21333,0.18462,1,1,0.450
43.1800,941,FR,4,5.46592,-0.10013,0.30595,132,132,132,0.28483,5.58683,-0.11849,1,1,0.450
43.1800,941,BR,27,5.27935,-0.08574,0.29992,134,134,134,0.27882,5.34921,-0.07894,1,1,0.450
43.1900,941,FL,19,5.59623,0.18583,0.30001,134,134,134,0.27891,5.71748,0.21535,1,1,0.450
43.1900,941,BL,12,5.14525,0.17497,0.30160,134,134,134,0.28049,5.21272,0.18426,1,1,0.450
43.1900,941,FR,4,5.46587,-0.09985,0.30686,132,132,132,0.28574,5.58616,-0.11830,1,1,0.450
43.1900,941,BR,27,5.27905,-0.08498,0.29992,134,134,134,0.27882,5.35232,-0.07713,1,1,0.450
43.2000,941,FL,19,5.59562,0.18604,0.30013,134,134,134,0.27902,5.71704,0.21503,1,1,0.450
43.2000,941,BL,12,5.14455,0.17574,0.30180,134,134,134,0.28069,5.21226,0.18433,1,1,0.450
43.2000,941,FR,4,5.46533,-0.09905,0.30779,132,132,132,0.28666,5.58505,-0.11716,1,1,0.450
43.2000,941,BR,27,5.27859,-0.08496,0.29992,134,134,134,0.27882,5.35235,-0.07725,1,1,0.450
43.2100,942,FL,18,5.59469,0.18624,0.30017,134,134,134,0.27907,5.71226,0.21443,1,1,0.450
43.2100,942,BL,11,5.14349,0.17618,0.30204,134,134,134,0.28093,5.21129,0.18438,1,1,0.450
43.2100,942,FR,3,5.46444,-0.09845,0.30839,131,131,131,0.28726,5.58366,-0.11624,1,1,0.450
43.2120,942,BR,26,5.27770,-0.08490,0.29993,134,134,134,0.27883,5.34752,-0.07790,1,1,0.450
43.2200,942,FL,18,5.59508,0.18590,0.30018,134,134,134,0.27908,5.71764,0.21499,1,1,0.450
43.2200,942,BL,11,5.14353,0.17562,0.30245,134,134,134,0.28134,5.21124,0.18387,1,1,0.450
43.2200,942,FR,3,5.46458,-0.09804,0.30923,131,131,131,0.28810,5.58340,-0.11583,1,1,0.450
43.2200,942,BR,26,5.27785,-0.08429,0.29993,134,134,134,0.27883,5.35138,-0.07674,1,1,0.450
43.2300,942,FL,18,5.59425,0.18599,0.30027,134,134,134,0.27917,5.71696,0.21461,1,1,0.450
43.2300,942,BL,11,5.14261,0.17612,0.30250,134,134,134,0.28139,5.21062,0.18378,1,1,0.450
43.2300,942,FR,3,5.46371,-0.09742,0.30959,131,131,131,0.28845,5.58238,-0.11512,1,1,0.450
43.2300,942,BR,26,5.27721,-0.08444,0.29993,134,134,134,0.27882,5.35124,-0.07708,1,1,0.450
43.2420,943,FL,17,5.59501,0.18580,0.30029,134,134,134,0.27919,5.71766,0.21434,1,1,0.450
43.2420,943,BL,10,5.14347,0.17593,0.30263,134,134,134,0.28152,5.21127,0.18345,1,1,0.450
43.2420,943,FR,2,5.46456,-0.09726,0.30976,131,131,131,0.28862,5.58369,-0.11522,1,1,0.450
43.2420,943,BR,25,5.27797,-0.08472,0.29993,134,134,134,0.27882,5.34799,-0.07806,1,1,0.450
43.2520,943,FL,17,5.59470,0.18539,0.30029,134,134,134,0.27919,5.71849,0.21396,1,1,0.450
43.2520,943,BL,10,5.14244,0.17544,0.30287,134,134,134,0.28176,5.21090,0.18252,1,1,0.450
43.2520,943,FR,2,5.46342,-0.09653,0.30985,131,131,131,0.28872,5.58247,-0.11452,1,1,0.450
43.2520,943,BR,25,5.27757,-0.08438,0.29993,134,134,134,0.27882,5.35137,-0.07738,1,1,0.450
43.2620,944,FL,16,5.59585,0.18498,0.30035,134,134,134,0.27925,5.72351,0.21392,1,1,0.450
43.2620,944,BL,9,5.14379,0.17505,0.30291,134,134,134,0.28180,5.21219,0.18183,1,1,0.450
43.2620,944,FR,1,5.46434,-0.09639,0.30985,131,131,131,0.28872,5.58481,-0.11519,1,1,0.450
43.2620,944,BR,24,5.27888,-0.08508,0.29991,134,134,134,0.27880,5.34911,-0.07885,1,1,0.450
43.2720,944,FL,16,5.59582,0.18455,0.30035,134,134,134,0.27925,5.72457,0.21349,1,1,0.450
43.2740,944,BL,9,5.14308,0.17440,0.30297,134,134,134,0.28186,5.21210,0.18078,1,1,0.450
43.2740,944,FR,1,5.46359,-0.09599,0.30968,131,131,131,0.28855,5.58429,-0.11463,1,1,0.450
43.2740,944,BR,24,5.27884,-0.08486,0.29989,134,134,134,0.27879,5.35287,-0.07847,1,1,0.450
43.2860,944,FL,16,5.59651,0.18422,0.30045,134,134,134,0.27935,5.72536,0.21260,1,1,0.450
43.2860,944,BL,9,5.14353,0.17430,0.30295,134,134,134,0.28184,5.21325,0.17978,1,1,0.450
43.2860,944,FR,1,5.46333,-0.09551,0.31002,131,131,131,0.28889,5.58463,-0.11471,1,1,0.450
43.2860,944,BR,24,5.27989,-0.08575,0.29986,134,134,134,0.27876,5.35440,-0.07959,1,1,0.450
43.2960,945,FL,15,5.59916,0.18302,0.30059,134,134,134,0.27949,5.72769,0.21153,1,1,0.450
43.2960,945,BL,8,5.14624,0.17264,0.30321,134,134,134,0.28210,5.21626,0.17743,1,1,0.450
43.2960,945,FR,30,5.73304,-0.09507,0.30002,134,134,134,0.27892,5.83671,-0.10552,1,1,0.450
43.2960,945,BR,23,5.28280,-0.08747,0.29986,134,134,134,0.27876,5.35314,-0.08182,1,1,0.450
43.3180,945,FL,15,5.60005,0.18220,0.30067,134,134,134,0.27957,5.72867,0.21115,1,1,0.450
43.3180,945,BL,8,5.14686,0.17120,0.30334,134,134,134,0.28223,5.21731,0.17551,1,1,0.450
43.3180,945,FR,30,5.73377,-0.09528,0.30002,134,134,134,0.27892,5.84844,-0.10647,1,1,0.450
43.3180,945,BR,23,5.28354,-0.08777,0.29989,134,134,134,0.27878,5.35992,-0.08212,1,1,0.450
43.3260,946,FL,14,5.60214,0.18138,0.30070,134,134,134,0.27960,5.73273,0.20869,1,1,0.450
43.3260,946,BL,7,5.14706,0.17109,0.30350,134,134,134,0.28239,5.22045,0.17321,1,1,0.450
43.3260,946,FR,29,5.73785,-0.09705,0.30004,134,134,134,0.27893,5.84785,-0.10830,1,1,0.450
43.3260,946,BR,22,5.28740,-0.09049,0.29985,134,134,134,0.27875,5.35984,-0.08579,1,1,0.450
43.3380,946,FL,14,5.60201,0.18137,0.30070,134,134,134,0.27959,5.73366,0.20846,1,1,0.450
43.3380,946,BL,7,5.14623,0.17091,0.30344,134,134,134,0.28233,5.22041,0.17235,1,1,0.450
43.3380,946,FR,29,5.73825,-0.09723,0.30003,134,134,134,0.27893,5.85659,-0.10887,1,1,0.450
43.3380,946,BR,22,5.28763,-0.09036,0.29984,134,134,134,0.27874,5.36529,-0.08599,1,1,0.450
43.3460,946,FL,14,5.60232,0.18124,0.30075,134,134,134,0.27964,5.73481,0.20737,1,1,0.450
43.3480,946,BL,7,5.14598,0.17112,0.30331,134,134,134,0.28220,5.22095,0.17157,1,1,0.450
43.3480,946,FR,29,5.73956,-0.09799,0.30005,134,134,134,0.27895,5.85781,-0.10936,1,1,0.450
43.3480,946,BR,22,5.28879,-0.09154,0.29979,134,134,134,0.27869,5.36695,-0.08748,1,1,0.450
43.3580,947,FL,13,5.60264,0.18106,0.30069,134,134,134,0.27959,5.73546,0.20685,1,1,0.450
43.3580,947,BL,6,5.14604,0.17097,0.30311,134,134,134,0.28200,5.22138,0.17087,1,1,0.450
43.3580,947,FR,28,5.74028,-0.09845,0.30006,134,134,134,0.27895,5.85371,-0.11042,1,1,0.450
43.3580,947,BR,21,5.28946,-0.09216,0.29978,134,134,134,0.27868,5.36296,-0.08904,1,1,0.450
43.3720,947,FL,13,5.60309,0.18100,0.30064,134,134,134,0.27953,5.73673,0.20656,1,1,0.450
43.3720,947,BL,6,5.14604,0.17075,0.30300,134,134,134,0.28189,5.22176,0.17019,1,1,0.450
43.3720,947,FR,28,5.74118,-0.09871,0.30004,134,134,134,0.27893,5.86182,-0.11108,1,1,0.450
43.3720,947,BR,21,5.29019,-0.09217,0.29977,134,134,134,0.27867,5.36822,-0.08924,1,1,0.450
43.3840,948,FL,12,5.60389,0.18033,0.30088,134,134,134,0.27977,5.73787,0.20540,1,1,0.450
43.3840,948,BL,5,5.14672,0.17027,0.30363,134,134,134,0.28251,5.22273,0.16889,1,1,0.450
43.3840,948,FR,27,5.74261,-0.09968,0.30006,134,134,134,0.27896,5.85820,-0.11259,1,1,0.450
43.3840,948,BR,20,5.29153,-0.09354,0.29977,134,134,134,0.27867,5.36498,-0.09154,1,1,0.450
43.3940,948,FL,12,5.60355,0.18037,0.30098,134,134,134,0.27987,5.73787,0.20545,1,1,0.450
43.3940,948,BL,5,5.14621,0.17000,0.30407,134,134,134,0.28296,5.22241,0.16826,1,1,0.450
43.3940,948,FR,27,5.74238,-0.09980,0.30003,134,134,134,0.27893,5.86458,-0.11315,1,1,0.450
43.3940,948,BR,20,5.29112,-0.09324,0.29980,134,134,134,0.27869,5.36880,-0.09157,1,1,0.450
43.4020,948,FL,12,5.60343,0.18003,0.30116,134,134,134,0.28005,5.73775,0.20480,1,1,0.450
43.4020,948,BL,5,5.14623,0.16980,0.30447,134,134,134,0.28335,5.22231,0.16758,1,1,0.450
43.4020,948,FR,27,5.74254,-0.10031,0.30006,134,134,134,0.27895,5.86468,-0.11356,1,1,0.450
43.4020,948,BR,20,5.29123,-0.09399,0.29978,134,134,134,0.27868,5.36920,-0.09247,1,1,0.450
43.4140,949,FL,11,5.60402,0.17931,0.30135,134,134,134,0.28024,5.73823,0.20403,1,1,0.450
43.4140,949,BL,4,5.14682,0.16897,0.30521,133,133,133,0.28409,5.22293,0.16617,1,1,0.450
43.4140,949,FR,26,5.74325,-0.10101,0.30006,134,134,134,0.27896,5.86030,-0.11493,1,1,0.450
43.4140,949,BR,19,5.29193,-0.09496,0.29983,134,134,134,0.27873,5.36477,-0.09424,1,1,0.450
43.4220,949,FL,11,5.60350,0.17933,0.30153,134,134,134,0.28043,5.73771,0.20411,1,1,0.450
43.4220,949,BL,4,5.14633,0.16861,0.30575,132,132,132,0.28463,5.22245,0.16544,1,1,0.450
43.4220,949,FR,26,5.74269,-0.10108,0.30001,134,134,134,0.27891,5.86603,-0.11550,1,1,0.450
43.4220,949,BR,19,5.29120,-0.09469,0.29986,134,134,134,0.27876,5.36805,-0.09426,1,1,0.450
43.4320,949,FL,11,5.60316,0.17886,0.30179,134,134,134,0.28068,5.73721,0.20344,1,1,0.450
43.4320,949,BL,4,5.14623,0.16816,0.30638,132,132,132,0.28526,5.22206,0.16443,1,1,0.450
43.4320,949,FR,26,5.74258,-0.10159,0.30004,134,134,134,0.27894,5.86587,-0.11588,1,1,0.450
43.4320,949,BR,19,5.29106,-0.09556,0.29987,134,134,134,0.27877,5.36814,-0.09517,1,1,0.450
43.4440,950,FL,10,5.60319,0.17829,0.30198,134,134,134,0.28087,5.73719,0.20261,1,1,0.450
43.4440,950,BL,3,5.14645,0.16758,0.30688,132,132,132,0.28576,5.22182,0.16322,1,1,0.450
43.4440,950,FR,25,5.74286,-0.10230,0.30004,134,134,134,0.27894,5.86100,-0.11731,1,1,0.450
43.4440,950,BR,18,5.29132,-0.09656,0.29991,134,134,134,0.27881,5.36322,-0.09709,1,1,0.450
43.4520,950,FL,10,5.60243,0.17852,0.30216,134,134,134,0.28105,5.73618,0.20276,1,1,0.450
43.4520,950,BL,3,5.14593,0.16739,0.30725,132,132,132,0.28612,5.22099,0.16269,1,1,0.450
43.4520,950,FR,25,5.74196,-0.10236,0.29998,134,134,134,0.27888,5.86619,-0.11795,1,1,0.450
43.4520,950,BR,18,5.29024,-0.09622,0.29995,134,134,134,0.27884,5.36603,-0.09725,1,1,0.450
43.4620,950,FL,10,5.60187,0.17820,0.30239,134,134,134,0.28128,5.73533,0.20208,1,1,0.450
43.4620,950,BL,3,5.14581,0.16714,0.30763,132,132,132,0.28650,5.22019,0.16193,1,1,0.450
43.4620,950,FR,25,5.74155,-0.10290,0.30002,134,134,134,0.27892,5.86573,-0.11835,1,1,0.450
43.4620,950,BR,18,5.28982,-0.09706,0.29994,134,134,134,0.27884,5.36579,-0.09822,1,1,0.450
43.4740,951,FL,9,5.60165,0.17791,0.30249,134,134,134,0.28138,5.73485,0.20127,1,1,0.450
43.4740,951,BL,2,5.14609,0.16696,0.30771,132,132,132,0.28659,5.21944,0.16133,1,1,0.450
43.4740,951,FR,24,5.74139,-0.10365,0.30003,134,134,134,0.27893,5.86035,-0.11994,1,1,0.450
43.4740,951,BR,17,5.28965,-0.09793,0.29997,134,134,134,0.27887,5.36557,-0.09939,1,1,0.450
43.4820,951,FL,9,5.60079,0.17846,0.30262,134,134,134,0.28151,5.73336,0.20158,1,1,0.450
43.4820,951,BL,2,5.14579,0.16711,0.30773,132,132,132,0.28660,5.21861,0.16143,1,1,0.450
43.4820,951,FR,24,5.74021,-0.10372,0.29996,134,134,134,0.27885,5.86513,-0.12065,1,1,0.450
43.4820,951,BR,17,5.28826,-0.09735,0.29998,134,134,134,0.27888,5.36290,-0.10060,1,1,0.450
43.4920,951,FL,9,5.60043,0.17830,0.30277,134,134,134,0.28166,5.73245,0.20091,1,1,0.450
43.4920,951,BL,2,5.14592,0.16717,0.30781,132,132,132,0.28669,5.21792,0.16128,1,1,0.450
43.4920,951,FR,24,5.73943,-0.10435,0.30000,134,134,134,0.27890,5.86424,-0.12132,1,1,0.450
43.4920,951,BR,17,5.28762,-0.09802,0.29998,134,134,134,0.27888,5.36196,-0.10151,1,1,0.450
43.5040,952,FL,8,5.60034,0.17819,0.30284,134,134,134,0.28173,5.73171,0.20014,1,1,0.450
43.5040,952,BL,1,5.14647,0.16724,0.30760,132,132,132,0.28647,5.21744,0.16142,1,1,0.450
43.5040,952,FR,23,5.73884,-0.10522,0.30001,134,134,134,0.27891,5.85830,-0.12323,1,1,0.450
43.5040,952,BR,16,5.28711,-0.09859,0.30001,134,134,134,0.27890,5.36119,-0.10265,1,1,0.450
43.5240,952,FL,8,5.60007,0.17882,0.30286,134,134,134,0.28175,5.73028,0.20031,1,1,0.450
43.5240,952,BL,1,5.14668,0.16740,0.30748,132,132,132,0.28636,5.21733,0.16208,1,1,0.450
43.5240,952,FR,23,5.73757,-0.10565,0.29998,134,134,134,0.27887,5.85748,-0.12891,1,1,0.450
43.5240,952,BR,16,5.28583,-0.09782,0.30004,134,134,134,0.27894,5.35899,-0.10334,1,1,0.450
43.5340,953,FL,7,5.59989,0.17872,0.30276,134,134,134,0.28165,5.72801,0.19903,1,1,0.450
43.5340,953,BL,30,5.41851,0.16770,0.29988,134,134,134,0.27878,5.49633,0.17074,1,1,0.450
43.5340,953,FR,22,5.73523,-0.10692,0.29990,134,134,134,0.27880,5.85098,-0.13002,1,1,0.450
43.5360,953,BR,15,5.28389,-0.09833,0.30001,134,134,134,0.27891,5.35597,-0.10494,1,1,0.450
43.5440,953,FL,7,5.59961,0.17907,0.30277,134,134,134,0.28166,5.72684,0.19917,1,1,0.450
43.5440,953,BL,30,5.41722,0.16664,0.29988,134,134,134,0.27877,5.49350,0.16382,1,1,0.450
43.5440,953,FR,22,5.73392,-0.10729,0.29987,134,134,134,0.27877,5.85290,-0.13380,1,1,0.450
43.5440,953,BR,15,5.28270,-0.09740,0.30011,134,134,134,0.27901,5.35366,-0.10530,1,1,0.450
43.5540,953,FL,7,5.59863,0.17871,0.30321,134,134,134,0.28210,5.72506,0.19847,1,1,0.450
43.5540,953,BL,30,5.41566,0.16618,0.29990,134,134,134,0.27880,5.49243,0.16343,1,1,0.450
43.5540,953,FR,22,5.73229,-0.10766,0.29987,134,134,134,0.27877,5.85140,-0.13379,1,1,0.450
43.5540,953,BR,15,5.28122,-0.09788,0.30014,134,134,134,0.27904,5.35181,-0.10578,1,1,0.450
43.5640,954,FL,6,5.59865,0.17873,0.30317,134,134,134,0.28206,5.72419,0.19807,1,1,0.450
43.5640,954,BL,29,5.41480,0.16558,0.29990,134,134,134,0.27879,5.48743,0.16292,1,1,0.450
43.5640,954,FR,21,5.73141,-0.10828,0.29987,134,134,134,0.27877,5.84625,-0.13447,1,1,0.450
43.5640,954,BR,14,5.28061,-0.09826,0.30020,134,134,134,0.27910,5.35054,-0.10660,1,1,0.450
43.5740,954,FL,6,5.59820,0.17932,0.30290,134,134,134,0.28179,5.72284,0.19866,1,1,0.450
43.5740,954,BL,29,5.41343,0.16461,0.29989,134,134,134,0.27878,5.48748,0.15869,1,1,0.450
43.5740,954,FR,21,5.73036,-0.10809,0.29981,134,134,134,0.27871,5.84954,-0.13657,1,1,0.450
43.5740,954,BR,14,5.27960,-0.09724,0.30023,134,134,134,0.27912,5.34864,-0.10667,1,1,0.450
43.5840,954,FL,6,5.59700,0.17910,0.30309,134,134,134,0.28197,5.72105,0.19826,1,1,0.450
43.5840,954,BL,29,5.41195,0.16436,0.29990,134,134,134,0.27880,5.48646,0.15842,1,1,0.450
43.5840,954,FR,21,5.72884,-0.10823,0.29984,134,134,134,0.27873,5.84810,-0.13641,1,1,0.450
43.5840,954,BR,14,5.27816,-0.09768,0.30024,134,134,134,0.27913,5.34705,-0.10701,1,1,0.450
43.5940,955,FL,5,5.59683,0.17905,0.30341,134,134,134,0.28230,5.72020,0.19805,1,1,0.450
43.5940,955,BL,28,5.41128,0.16401,0.29990,134,134,134,0.27880,5.48180,0.15845,1,1,0.450
43.5940,955,FR,20,5.72822,-0.10851,0.29986,134,134,134,0.27876,5.84346,-0.13640,1,1,0.450
43.5940,955,BR,13,5.27766,-0.09795,0.30039,134,134,134,0.27929,5.34619,-0.10749,1,1,0.450
43.6080,955,FL,5,5.59579,0.17927,0.30366,134,134,134,0.28255,5.71834,0.19839,1,1,0.450
43.6080,955,BL,28,5.40972,0.16324,0.29989,134,134,134,0.27879,5.48301,0.15575,1,1,0.450
43.6080,955,FR,20,5.72696,-0.10812,0.29983,134,134,134,0.27872,5.84699,-0.13768,1,1,0.450
43.6080,955,BR,13,5.27626,-0.09698,0.30055,134,134,134,0.27944,5.34426,-0.10720,1,1,0.450
43.6160,955,FL,5,5.59476,0.17854,0.30457,134,134,134,0.28345,5.71649,0.19751,1,1,0.450
43.6160,955,BL,28,5.40851,0.16306,0.29990,134,134,134,0.27880,5.48229,0.15562,1,1,0.450
43.6160,955,FR,20,5.72567,-0.10834,0.29992,134,134,134,0.27882,5.84585,-0.13744,1,1,0.450
43.6180,955,BR,13,5.27496,-0.09772,0.30076,134,134,134,0.27966,5.34296,-0.10742,1,1,0.450
43.6260,956,FL,4,5.59415,0.17804,0.30539,133,133,133,0.28427,5.71534,0.19679,1,1,0.450
43.6260,956,BL,27,5.40788,0.16293,0.29991,134,134,134,0.27881,5.47774,0.15607,1,1,0.450
43.6260,956,FR,19,5.72502,-0.10853,0.29998,134,134,134,0.27887,5.84135,-0.13699,1,1,0.450
43.6260,956,BR,12,5.27424,-0.09817,0.30104,134,134,134,0.27993,5.34223,-0.10756,1,1,0.450
43.6360,956,FL,4,5.59419,0.17788,0.30609,132,132,132,0.28497,5.71463,0.19672,1,1,0.450
43.6360,956,BL,27,5.40750,0.16221,0.29991,134,134,134,0.27881,5.48077,0.15429,1,1,0.450
43.6360,956,FR,19,5.72496,-0.10815,0.29997,134,134,134,0.27887,5.84621,-0.13781,1,1,0.450
43.6360,956,BR,12,5.27397,-0.09745,0.30136,134,134,134,0.28026,5.34156,-0.10717,1,1,0.450
43.6460,956,FL,4,5.59360,0.17714,0.30696,132,132,132,0.28584,5.71352,0.19579,1,1,0.450
43.6460,956,BL,27,5.40697,0.16223,0.29991,134,134,134,0.27881,5.48073,0.15443,1,1,0.450
43.6480,956,FR,19,5.72431,-0.10828,0.30008,134,134,134,0.27898,5.84571,-0.13745,1,1,0.450
43.6480,956,BR,12,5.27325,-0.09814,0.30154,134,134,134,0.28043,5.34104,-0.10719,1,1,0.450
43.6560,957,FL,3,5.59320,0.17645,0.30792,132,132,132,0.28679,5.71259,0.19479,1,1,0.450
43.6560,957,BL,26,5.40655,0.16219,0.29992,134,134,134,0.27882,5.47636,0.15510,1,1,0.450
43.6560,957,FR,18,5.72387,-0.10844,0.30015,134,134,134,0.27905,5.84143,-0.13676,1,1,0.450
43.6560,957,BR,11,5.27268,-0.09864,0.30183,134,134,134,0.28072,5.34056,-0.10718,1,1,0.450
43.6660,957,FL,3,5.59213,0.17596,0.30851,131,131,131,0.28738,5.71083,0.19412,1,1,0.450
43.6660,957,BL,26,5.40554,0.16155,0.29993,134,134,134,0.27882,5.47906,0.15392,1,1,0.450
43.6660,957,FR,18,5.72307,-0.10816,0.30015,134,134,134,0.27905,5.84568,-0.13733,1,1,0.450
43.6660,957,BR,11,5.27144,-0.09819,0.30222,134,134,134,0.28111,5.33938,-0.10669,1,1,0.450
43.6760,957,FL,3,5.59266,0.17560,0.30900,131,131,131,0.28787,5.71156,0.19401,1,1,0.450
43.6760,957,BL,26,5.40598,0.16178,0.29992,134,134,134,0.27882,5.48001,0.15434,1,1,0.450
43.6760,957,FR,18,5.72340,-0.10808,0.30024,134,134,134,0.27913,5.84600,-0.13691,1,1,0.450
43.6760,957,BR,11,5.27192,-0.09839,0.30229,134,134,134,0.28118,5.33972,-0.10657,1,1,0.450
43.6860,958,FL,2,5.59186,0.17502,0.30929,131,131,131,0.28815,5.71062,0.19332,1,1,0.450
43.6860,958,BL,25,5.40543,0.16194,0.29992,134,134,134,0.27882,5.47543,0.15519,1,1,0.450
43.6860,958,FR,17,5.72280,-0.10807,0.30027,134,134,134,0.27917,5.84553,-0.13662,1,1,0.450
43.6860,958,BR,10,5.27110,-0.09865,0.30242,134,134,134,0.28131,5.33925,-0.10628,1,1,0.450
43.6960,958,FL,2,5.59255,0.17486,0.30927,131,131,131,0.28814,5.71167,0.19353,1,1,0.450
43.6960,958,BL,25,5.40618,0.16166,0.29992,134,134,134,0.27882,5.48000,0.15458,1,1,0.450
43.6960,958,FR,17,5.72373,-0.10747,0.30025,134,134,134,0.27915,5.84733,-0.13632,1,1,0.450
43.6960,958,BR,10,5.27178,-0.09764,0.30268,134,134,134,0.28157,5.33977,-0.10541,1,1,0.450
43.7060,958,FL,2,5.59157,0.17418,0.30951,131,131,131,0.28838,5.71096,0.19297,1,1,0.450
43.7060,958,BL,25,5.40595,0.16211,0.29990,134,134,134,0.27880,5.48022,0.15521,1,1,0.450
43.7060,958,FR,17,5.72330,-0.10738,0.30034,134,134,134,0.27924,5.84700,-0.13570,1,1,0.450
43.7060,958,BR,10,5.27108,-0.09800,0.30273,134,134,134,0.28162,5.33975,-0.10492,1,1,0.450
43.7180,959,FL,1,5.59261,0.17412,0.30945,131,131,131,0.28832,5.71369,0.19381,1,1,0.450
43.7180,959,BL,24,5.40740,0.16285,0.29990,134,134,134,0.27880,5.47760,0.15662,1,1,0.450
43.7180,959,FR,16,5.72469,-0.10682,0.30035,134,134,134,0.27925,5.85231,-0.13573,1,1,0.450
43.7180,959,BR,9,5.27259,-0.09727,0.30280,134,134,134,0.28168,5.34115,-0.10398,1,1,0.450
43.7260,959,FL,1,5.59068,0.17327,0.30962,131,131,131,0.28849,5.71113,0.19237,1,1,0.450
43.7260,959,BL,24,5.40684,0.16269,0.29988,134,134,134,0.27878,5.48086,0.15632,1,1,0.450
43.7280,959,FR,16,5.72399,-0.10651,0.30038,134,134,134,0.27927,5.85302,-0.13503,1,1,0.450
43.7280,959,BR,9,5.27080,-0.09714,0.30277,134,134,134,0.28166,5.34064,-0.10283,1,1,0.450
43.7380,959,FL,1,5.59248,0.17344,0.30958,131,131,131,0.28845,5.71518,0.19428,1,1,0.450
43.7380,959,BL,24,5.40948,0.16392,0.29986,134,134,134,0.27876,5.48402,0.15771,1,1,0.450
43.7380,959,FR,16,5.72639,-0.10567,0.30047,134,134,134,0.27936,5.85502,-0.13422,1,1,0.450
43.7380,959,BR,9,5.27360,-0.09587,0.30297,134,134,134,0.28186,5.34322,-0.10145,1,1,0.450
43.7480,960,FL,30,5.86062,0.17322,0.30002,134,134,134,0.27892,5.96428,0.18383,1,1,0.450
43.7480,960,BL,23,5.41040,0.16510,0.29983,134,134,134,0.27873,5.48069,0.15942,1,1,0.450
43.7480,960,FR,15,5.72702,-0.10502,0.30059,134,134,134,0.27949,5.85587,-0.13317,1,1,0.450
43.7480,960,BR,8,5.27367,-0.09552,0.30273,134,134,134,0.28162,5.34443,-0.09976,1,1,0.450
43.7720,961,FL,29,5.86326,0.17383,0.30002,134,134,134,0.27891,5.97333,0.18572,1,1,0.450
43.7720,961,BL,22,5.41305,0.16597,0.29989,134,134,134,0.27878,5.48480,0.16096,1,1,0.450
43.7720,961,FR,14,5.72981,-0.10364,0.30061,134,134,134,0.27950,5.85836,-0.13261,1,1,0.450
43.7720,961,BR,7,5.27665,-0.09293,0.30330,134,134,134,0.28219,5.34721,-0.09728,1,1,0.450
43.7820,961,FL,29,5.86603,0.17524,0.30003,134,134,134,0.27893,5.98436,0.18709,1,1,0.450
43.7820,961,BL,22,5.41554,0.16789,0.29987,134,134,134,0.27877,5.49280,0.16301,1,1,0.450
43.7820,961,FR,14,5.73082,-0.10287,0.30076,134,134,134,0.27965,5.86172,-0.13041,1,1,0.450
43.7820,961,BR,7,5.27538,-0.09288,0.30358,134,134,134,0.28247,5.34924,-0.09469,1,1,0.450
43.7940,961,FL,29,5.86727,0.17595,0.30005,134,134,134,0.27895,5.98550,0.18752,1,1,0.450
43.7940,961,BL,22,5.41658,0.16887,0.29980,134,134,134,0.27870,5.49454,0.16460,1,1,0.450
43.7940,961,FR,14,5.73089,-0.10294,0.30076,134,134,134,0.27966,5.86284,-0.12949,1,1,0.450
43.7940,961,BR,7,5.27487,-0.09313,0.30331,134,134,134,0.28220,5.34956,-0.09401,1,1,0.450
43.8080,962,FL,28,5.86843,0.17661,0.30006,134,134,134,0.27896,5.98186,0.18874,1,1,0.450
43.8080,962,BL,21,5.41766,0.16987,0.29979,134,134,134,0.27869,5.49105,0.16662,1,1,0.450
43.8080,962,FR,13,5.73122,-0.10284,0.30080,134,134,134,0.27970,5.86402,-0.12858,1,1,0.450
43.8080,962,BR,6,5.27452,-0.09323,0.30333,134,134,134,0.28221,5.35001,-0.09313,1,1,0.450
43.8200,962,FL,28,5.86951,0.17691,0.30004,134,134,134,0.27894,5.99013,0.18938,1,1,0.450
43.8200,962,BL,21,5.41855,0.17002,0.29977,134,134,134,0.27867,5.49653,0.16701,1,1,0.450
43.8200,962,FR,13,5.73168,-0.10281,0.30068,134,134,134,0.27958,5.86537,-0.12828,1,1,0.450
43.8200,962,BR,6,5.27452,-0.09296,0.30299,134,134,134,0.28188,5.35040,-0.09232,1,1,0.450
43.8300,962,FL,28,5.87009,0.17750,0.30006,134,134,134,0.27896,5.99063,0.18980,1,1,0.450
43.8320,962,BL,21,5.41905,0.17094,0.29976,134,134,134,0.27866,5.49740,0.16813,1,1,0.450
43.8320,962,FR,13,5.73184,-0.10245,0.30086,134,134,134,0.27976,5.86563,-0.12755,1,1,0.450
43.8320,962,BR,6,5.27471,-0.09271,0.30340,134,134,134,0.28229,5.35073,-0.09143,1,1,0.450
43.8440,963,FL,27,5.87121,0.17831,0.30007,134,134,134,0.27896,5.98679,0.19124,1,1,0.450
43.8440,963,BL,20,5.42014,0.17201,0.29979,134,134,134,0.27869,5.49357,0.17008,1,1,0.450
43.8440,963,FR,12,5.73263,-0.10182,0.30096,134,134,134,0.27985,5.86662,-0.12661,1,1,0.450
43.8440,963,BR,5,5.27534,-0.09219,0.30380,134,134,134,0.28269,5.35161,-0.09020,1,1,0.450
43.8540,963,FL,27,5.87153,0.17866,0.30004,134,134,134,0.27893,5.99372,0.19202,1,1,0.450
43.8540,963,BL,20,5.42028,0.17206,0.29983,134,134,134,0.27873,5.49793,0.17038,1,1,0.450
43.8540,963,FR,12,5.73276,-0.10161,0.30120,134,134,134,0.28009,5.86710,-0.12636,1,1,0.450
43.8560,963,BR,5,5.27536,-0.09165,0.30458,134,134,134,0.28346,5.35162,-0.08922,1,1,0.450
43.8760,964,FL,26,5.87160,0.17929,0.30006,134,134,134,0.27896,5.98863,0.19331,1,1,0.450
43.8760,964,BL,19,5.42031,0.17303,0.29984,134,134,134,0.27874,5.49313,0.17225,1,1,0.450
43.8780,964,FR,11,5.73261,-0.10102,0.30145,134,134,134,0.28034,5.86677,-0.12555,1,1,0.450
43.8780,964,BR,4,5.27539,-0.09110,0.30526,133,133,133,0.28414,5.35161,-0.08798,1,1,0.450
43.9000,965,FL,25,5.87138,0.18006,0.30001,134,134,134,0.27891,5.98953,0.19536,1,1,0.450
43.9000,965,BL,18,5.41990,0.17376,0.29990,134,134,134,0.27880,5.49152,0.17415,1,1,0.450
43.9000,965,FR,10,5.73219,-0.10047,0.30178,134,134,134,0.28067,5.86632,-0.12478,1,1,0.450
43.9000,965,BR,3,5.27517,-0.09012,0.30627,132,132,132,0.28515,5.35089,-0.08608,1,1,0.450
43.9260,966,FL,24,5.87003,0.18087,0.29999,134,134,134,0.27889,5.98895,0.19746,1,1,0.450
43.9260,966,BL,17,5.41837,0.17460,0.29995,134,134,134,0.27884,5.49406,0.17557,1,1,0.450
43.9260,966,FR,9,5.73078,-0.10015,0.30222,134,134,134,0.28111,5.86431,-0.12396,1,1,0.450
43.9260,966,BR,2,5.27448,-0.08947,0.30717,132,132,132,0.28605,5.34920,-0.08432,1,1,0.450
43.9400,966,FL,24,5.86806,0.18184,0.29995,134,134,134,0.27885,5.99291,0.19887,1,1,0.450
43.9400,966,BL,17,5.41622,0.17525,0.29992,134,134,134,0.27882,5.49065,0.17828,1,1,0.450
43.9400,966,FR,9,5.72920,-0.10037,0.30243,134,134,134,0.28132,5.86141,-0.12324,1,1,0.450
43.9400,966,BR,2,5.27418,-0.08945,0.30722,132,132,132,0.28610,5.34731,-0.08356,1,1,0.450
43.9500,966,FL,24,5.86756,0.18315,0.30000,134,134,134,0.27890,5.99232,0.20029,1,1,0.450
43.9500,966,BL,17,5.41590,0.17641,0.29991,134,134,134,0.27881,5.48987,0.18019,1,1,0.450
43.9500,966,FR,9,5.72932,-0.10010,0.30251,134,134,134,0.28140,5.86068,-0.12205,1,1,0.450
43.9500,966,BR,2,5.27519,-0.08939,0.30695,132,132,132,0.28583,5.34671,-0.08344,1,1,0.450
43.9620,967,FL,23,5.86616,0.18375,0.29999,134,134,134,0.27889,5.98550,0.20189,1,1,0.450
43.9620,967,BL,16,5.41470,0.17672,0.29996,134,134,134,0.27886,5.48819,0.18108,1,1,0.450
43.9620,967,FR,8,5.72884,-0.10014,0.30244,134,134,134,0.28133,5.85923,-0.12159,1,1,0.450
43.9620,967,BR,1,5.27500,-0.08960,0.30702,132,132,132,0.28590,5.34641,-0.08344,1,1,0.450
43.9820,968,FL,22,5.86488,0.18416,0.29996,134,134,134,0.27885,5.98022,0.20773,1,1,0.450
43.9820,968,BL,15,5.41347,0.17586,0.30000,134,134,134,0.27890,5.48587,0.18174,1,1,0.450
43.9820,968,FR,7,5.72876,-0.10089,0.30252,134,134,134,0.28141,5.85785,-0.12185,1,1,0.450
43.9820,968,BR,30,5.54814,-0.09076,0.29986,134,134,134,0.27876,5.62524,-0.09336,1,1,0.450
43.9920,968,FL,22,5.86260,0.18495,0.29981,134,134,134,0.27871,5.98147,0.21150,1,1,0.450
43.9920,968,BL,15,5.41157,0.17491,0.29998,134,134,134,0.27888,5.48216,0.18283,1,1,0.450
43.9920,968,FR,7,5.72894,-0.10151,0.30197,134,134,134,0.28086,5.85596,-0.12150,1,1,0.450
43.9920,968,BR,30,5.54589,-0.08894,0.29988,134,134,134,0.27877,5.62214,-0.08618,1,1,0.450
44.0040,968,FL,22,5.86121,0.18567,0.29985,134,134,134,0.27874,5.98025,0.21199,1,1,0.450
44.0040,968,BL,15,5.41016,0.17541,0.29995,134,134,134,0.27885,5.48075,0.18347,1,1,0.450
44.0040,968,FR,7,5.72774,-0.10091,0.30258,134,134,134,0.28147,5.85443,-0.12053,1,1,0.450
44.0040,968,BR,30,5.54481,-0.08839,0.29989,134,134,134,0.27878,5.62158,-0.08558,1,1,0.450
44.0140,969,FL,21,5.85966,0.18646,0.29987,134,134,134,0.27877,5.97446,0.21283,1,1,0.450
44.0140,969,BL,14,5.40886,0.17582,0.30011,134,134,134,0.27900,5.47882,0.18427,1,1,0.450
44.0140,969,FR,6,5.72724,-0.10073,0.30289,134,134,134,0.28178,5.85289,-0.11983,1,1,0.450
44.0140,969,BR,29,5.54342,-0.08779,0.29989,134,134,134,0.27879,5.61605,-0.08504,1,1,0.450
44.0220,969,FL,21,5.85818,0.18629,0.29981,134,134,134,0.27871,5.97732,0.21496,1,1,0.450
44.0240,969,BL,14,5.40741,0.17472,0.30017,134,134,134,0.27907,5.47647,0.18423,1,1,0.450
44.0240,969,FR,6,5.72638,-0.10131,0.30275,134,134,134,0.28164,5.85114,-0.12037,1,1,0.450
44.0240,969,BR,29,5.54170,-0.08691,0.29988,134,134,134,0.27878,5.61575,-0.08089,1,1,0.450
44.0340,969,FL,21,5.85801,0.18653,0.29981,134,134,134,0.27871,5.97713,0.21507,1,1,0.450
44.0340,969,BL,14,5.40751,0.17498,0.30009,134,134,134,0.27898,5.47608,0.18475,1,1,0.450
44.0340,969,FR,6,5.72694,-0.10135,0.30249,134,134,134,0.28138,5.85114,-0.12025,1,1,0.450
44.0340,969,BR,29,5.54159,-0.08655,0.29989,134,134,134,0.27879,5.61610,-0.08049,1,1,0.450
44.0440,970,FL,20,5.85681,0.18684,0.29983,134,134,134,0.27873,5.97189,0.21511,1,1,0.450
44.0440,970,BL,13,5.40638,0.17521,0.30018,134,134,134,0.27907,5.47474,0.18513,1,1,0.450
44.0440,970,FR,5,5.72621,-0.10120,0.30270,134,134,134,0.28159,5.84966,-0.11996,1,1,0.450
44.0440,970,BR,28,5.54039,-0.08625,0.29989,134,134,134,0.27879,5.61089,-0.08051,1,1,0.450
44.0540,970,FL,20,5.85554,0.18646,0.29980,134,134,134,0.27869,5.97541,0.21641,1,1,0.450
44.0540,970,BL,13,5.40499,0.17420,0.30035,134,134,134,0.27925,5.47277,0.18479,1,1,0.450
44.0540,970,FR,5,5.72517,-0.10145,0.30299,134,134,134,0.28188,5.84783,-0.12033,1,1,0.450
44.0560,970,BR,28,5.53885,-0.08552,0.29989,134,134,134,0.27878,5.61212,-0.07783,1,1,0.450
44.0720,970,FL,20,5.85502,0.18659,0.29988,134,134,134,0.27878,5.97500,0.21619,1,1,0.450
44.0720,970,BL,13,5.40450,0.17475,0.30055,134,134,134,0.27944,5.47223,0.18496,1,1,0.450
44.0720,970,FR,5,5.72488,-0.10097,0.30383,134,134,134,0.28272,5.84697,-0.11972,1,1,0.450
44.0720,970,BR,28,5.53844,-0.08542,0.29989,134,134,134,0.27879,5.61219,-0.07775,1,1,0.450
44.0840,971,FL,19,5.85389,0.18681,0.29996,134,134,134,0.27886,5.97000,0.21566,1,1,0.450
44.0840,971,BL,12,5.40331,0.17536,0.30089,134,134,134,0.27978,5.47099,0.18504,1,1,0.450
44.0860,971,FR,4,5.72407,-0.10016,0.30489,133,133,133,0.28377,5.84517,-0.11870,1,1,0.450
44.0860,971,BR,27,5.53729,-0.08528,0.29990,134,134,134,0.27880,5.60711,-0.07820,1,1,0.450
44.0960,971,FL,19,5.85263,0.18652,0.30000,134,134,134,0.27890,5.97386,0.21635,1,1,0.450
44.0960,971,BL,12,5.40158,0.17499,0.30138,134,134,134,0.28027,5.46929,0.18450,1,1,0.450
44.0960,971,FR,4,5.72247,-0.09943,0.30617,132,132,132,0.28505,5.84264,-0.11793,1,1,0.450
44.0960,971,BR,27,5.53581,-0.08460,0.29991,134,134,134,0.27881,5.60905,-0.07650,1,1,0.450
44.1060,972,FL,18,5.85253,0.18663,0.30011,134,134,134,0.27901,5.96988,0.21537,1,1,0.450
44.1080,972,BL,11,5.40157,0.17566,0.30158,134,134,134,0.28047,5.46913,0.18452,1,1,0.450
44.1080,972,FR,3,5.72276,-0.09870,0.30717,132,132,132,0.28605,5.84244,-0.11694,1,1,0.450
44.1080,972,BR,26,5.53583,-0.08468,0.29991,134,134,134,0.27881,5.60563,-0.07732,1,1,0.450
44.1200,972,FL,18,5.85239,0.18629,0.30010,134,134,134,0.27899,5.97468,0.21596,1,1,0.450
44.1200,972,BL,11,5.40105,0.17503,0.30190,134,134,134,0.28079,5.46858,0.18394,1,1,0.450
44.1200,972,FR,3,5.72244,-0.09826,0.30767,132,132,132,0.28655,5.84158,-0.11646,1,1,0.450
44.1200,972,BR,26,5.53543,-0.08409,0.29991,134,134,134,0.27881,5.60890,-0.07620,1,1,0.450
44.1380,973,FL,17,5.85215,0.18629,0.30020,134,134,134,0.27909,5.97454,0.21544,1,1,0.450
44.1380,973,BL,10,5.40077,0.17551,0.30200,134,134,134,0.28089,5.46849,0.18372,1,1,0.450
44.1380,973,FR,2,5.72219,-0.09754,0.30829,132,132,132,0.28716,5.84135,-0.11574,1,1,0.450
44.1380,973,BR,25,5.53536,-0.08434,0.29991,134,134,134,0.27880,5.60531,-0.07723,1,1,0.450
44.1500,973,FL,17,5.85185,0.18578,0.30022,134,134,134,0.27912,5.97539,0.21485,1,1,0.450
44.1500,973,BL,10,5.39981,0.17498,0.30242,134,134,134,0.28131,5.46802,0.18259,1,1,0.450
44.1500,973,FR,2,5.72119,-0.09661,0.30869,131,131,131,0.28756,5.84033,-0.11485,1,1,0.450
44.1500,973,BR,25,5.53499,-0.08419,0.29991,134,134,134,0.27881,5.60875,-0.07685,1,1,0.450
44.1600,973,FL,17,5.85225,0.18554,0.30029,134,134,134,0.27919,5.97578,0.21413,1,1,0.450
44.1600,973,BL,10,5.40015,0.17502,0.30244,134,134,134,0.28133,5.46870,0.18194,1,1,0.450
44.1600,973,FR,2,5.72114,-0.09609,0.30891,131,131,131,0.28778,5.84123,-0.11477,1,1,0.450
44.1600,973,BR,25,5.53562,-0.08484,0.29989,134,134,134,0.27879,5.60989,-0.07776,1,1,0.450
44.1700,974,FL,16,5.85280,0.18524,0.30030,134,134,134,0.27920,5.98041,0.21428,1,1,0.450
44.1700,974,BL,9,5.40058,0.17474,0.30242,134,134,134,0.28131,5.46938,0.18123,1,1,0.450
44.1700,974,FR,1,5.72127,-0.09589,0.30889,131,131,131,0.28776,5.84224,-0.11491,1,1,0.450
44.1700,974,BR,24,5.53625,-0.08534,0.29988,134,134,134,0.27878,5.60641,-0.07899,1,1,0.450
44.1820,974,FL,16,5.85472,0.18427,0.30031,134,134,134,0.27921,5.98324,0.21339,1,1,0.450
44.1820,974,BL,9,5.40199,0.17337,0.30247,134,134,134,0.28136,5.47128,0.17942,1,1,0.450
44.1820,974,FR,1,5.72203,-0.09564,0.30884,131,131,131,0.28771,5.84426,-0.11538,1,1,0.450
44.1820,974,BR,24,5.53820,-0.08575,0.29987,134,134,134,0.27877,5.61219,-0.07916,1,1,0.450
44.1920,975,FL,15,5.85615,0.18348,0.30050,134,134,134,0.27939,5.98443,0.21234,1,1,0.450
44.1920,975,BL,8,5.40336,0.17257,0.30272,134,134,134,0.28161,5.47327,0.17767,1,1,0.450
44.1920,975,FR,30,5.99013,-0.09425,0.30002,134,134,134,0.27891,6.09384,-0.10465,1,1,0.450
44.1920,975,BR,23,5.53991,-0.08712,0.29985,134,134,134,0.27875,5.61014,-0.08118,1,1,0.450
44.2180,975,FL,15,5.85658,0.18305,0.30050,134,134,134,0.27940,5.98565,0.21180,1,1,0.450
44.2180,975,BL,8,5.40304,0.17192,0.30212,134,134,134,0.28101,5.47383,0.17618,1,1,0.450
44.2180,975,FR,30,5.99080,-0.09445,0.30003,134,134,134,0.27892,6.10550,-0.10560,1,1,0.450
44.2180,975,BR,23,5.54055,-0.08729,0.29983,134,134,134,0.27872,5.61696,-0.08152,1,1,0.450
44.2320,976,FL,14,5.85914,0.18153,0.30056,134,134,134,0.27946,5.98938,0.20912,1,1,0.450
44.2320,976,BL,7,5.40428,0.17065,0.30293,134,134,134,0.28182,5.47760,0.17283,1,1,0.450
44.2320,976,FR,29,5.99505,-0.09661,0.30003,134,134,134,0.27893,6.10505,-0.10775,1,1,0.450
44.2320,976,BR,22,5.54461,-0.09063,0.29983,134,134,134,0.27873,5.61699,-0.08579,1,1,0.450
44.2420,976,FL,14,5.85976,0.18146,0.30059,134,134,134,0.27948,5.99179,0.20821,1,1,0.450
44.2420,976,BL,7,5.40353,0.17074,0.30278,134,134,134,0.28167,5.47836,0.17167,1,1,0.450
44.2420,976,FR,29,5.99670,-0.09723,0.30003,134,134,134,0.27893,6.11508,-0.10869,1,1,0.450
44.2440,976,BR,22,5.54604,-0.09106,0.29982,134,134,134,0.27872,5.62372,-0.08665,1,1,0.450
44.2580,977,FL,13,5.85986,0.18139,0.30063,134,134,134,0.27953,5.99256,0.20738,1,1,0.450
44.2580,977,BL,6,5.40329,0.17088,0.30271,134,134,134,0.28159,5.47868,0.17101,1,1,0.450
44.2580,977,FR,28,5.99768,-0.09785,0.30005,134,134,134,0.27895,6.11113,-0.10975,1,1,0.450
44.2580,977,BR,21,5.54687,-0.09198,0.29977,134,134,134,0.27867,5.62031,-0.08866,1,1,0.450
44.2740,977,FL,13,5.86039,0.18124,0.30043,134,134,134,0.27933,5.99395,0.20703,1,1,0.450
44.2740,977,BL,6,5.40331,0.17044,0.30215,134,134,134,0.28104,5.47916,0.17008,1,1,0.450
44.2740,977,FR,28,5.99877,-0.09819,0.30003,134,134,134,0.27893,6.11942,-0.11045,1,1,0.450
44.2740,977,BR,21,5.54777,-0.09214,0.29973,134,134,134,0.27863,5.62578,-0.08906,1,1,0.450
44.2860,978,FL,12,5.86074,0.18051,0.30076,134,134,134,0.27965,5.99453,0.20572,1,1,0.450
44.2860,978,BL,5,5.40358,0.17000,0.30302,134,134,134,0.28191,5.47974,0.16853,1,1,0.450
44.2860,978,FR,27,5.99971,-0.09927,0.30006,134,134,134,0.27896,6.11531,-0.11203,1,1,0.450
44.2860,978,BR,20,5.54863,-0.09370,0.29975,134,134,134,0.27865,5.62204,-0.09155,1,1,0.450
44.2960,978,FL,12,5.86040,0.18058,0.30084,134,134,134,0.27974,5.99451,0.20575,1,1,0.450
44.2960,978,BL,5,5.40310,0.16978,0.30344,134,134,134,0.28233,5.47939,0.16794,1,1,0.450
44.2960,978,FR,27,5.99946,-0.09940,0.30002,134,134,134,0.27892,6.12168,-0.11261,1,1,0.450
44.2960,978,BR,20,5.54820,-0.09339,0.29978,134,134,134,0.27868,5.62582,-0.09163,1,1,0.450
44.3120,978,FL,12,5.86134,0.17981,0.30108,134,134,134,0.27997,5.99559,0.20472,1,1,0.450
44.3120,978,BL,5,5.40412,0.16902,0.30408,134,134,134,0.28296,5.48031,0.16663,1,1,0.450
44.3120,978,FR,27,6.00087,-0.10028,0.30005,134,134,134,0.27895,6.12304,-0.11333,1,1,0.450
44.3120,978,BR,20,5.54955,-0.09464,0.29977,134,134,134,0.27867,5.62748,-0.09296,1,1,0.450
44.3260,979,FL,11,5.86134,0.17896,0.30131,134,134,134,0.28020,5.99527,0.20374,1,1,0.450
44.3260,979,BL,4,5.40420,0.16816,0.30490,133,133,133,0.28378,5.48046,0.16483,1,1,0.450
44.3260,979,FR,26,6.00089,-0.10111,0.30005,134,134,134,0.27895,6.11796,-0.11481,1,1,0.450
44.3260,979,BR,19,5.54958,-0.09582,0.29983,134,134,134,0.27873,5.62239,-0.09495,1,1,0.450
44.3380,979,FL,11,5.86018,0.17894,0.30165,134,134,134,0.28054,5.99388,0.20364,1,1,0.450
44.3380,979,BL,4,5.40324,0.16776,0.30584,132,132,132,0.28472,5.47921,0.16377,1,1,0.450
44.3380,979,FR,26,5.99960,-0.10130,0.30001,134,134,134,0.27890,6.12297,-0.11547,1,1,0.450
44.3380,979,BR,19,5.54814,-0.09575,0.29990,134,134,134,0.27880,5.62485,-0.09522,1,1,0.450
44.3480,980,FL,10,5.85959,0.17834,0.30184,134,134,134,0.28073,5.99302,0.20268,1,1,0.450
44.3480,980,BL,3,5.40303,0.16727,0.30630,132,132,132,0.28518,5.47849,0.16244,1,1,0.450
44.3480,980,FR,25,5.99927,-0.10206,0.30004,134,134,134,0.27894,6.11741,-0.11688,1,1,0.450
44.3480,980,BR,18,5.54779,-0.09697,0.29990,134,134,134,0.27879,5.61949,-0.09735,1,1,0.450
44.3580,980,FL,10,5.85929,0.17870,0.30191,134,134,134,0.28080,5.99264,0.20289,1,1,0.450
44.3580,980,BL,3,5.40296,0.16712,0.30633,132,132,132,0.28521,5.47791,0.16222,1,1,0.450
44.3580,980,FR,25,5.99894,-0.10212,0.29997,134,134,134,0.27887,6.12321,-0.11756,1,1,0.450
44.3580,980,BR,18,5.54727,-0.09655,0.29991,134,134,134,0.27881,5.62287,-0.09758,1,1,0.450
44.3680,980,FL,10,5.85931,0.17814,0.30210,134,134,134,0.28099,5.99255,0.20181,1,1,0.450
44.3680,980,BL,3,5.40359,0.16667,0.30648,132,132,132,0.28536,5.47738,0.16130,1,1,0.450
44.3680,980,FR,25,5.99936,-0.10306,0.30002,134,134,134,0.27892,6.12358,-0.11833,1,1,0.450
44.3680,980,BR,18,5.54763,-0.09784,0.29989,134,134,134,0.27878,5.62354,-0.09905,1,1,0.450
44.3780,981,FL,9,5.85887,0.17786,0.30227,134,134,134,0.28116,5.99157,0.20110,1,1,0.450
44.3780,981,BL,2,5.40358,0.16657,0.30676,132,132,132,0.28563,5.47672,0.16062,1,1,0.450
44.3800,981,FR,24,5.99867,-0.10373,0.30002,134,134,134,0.27892,6.11764,-0.11985,1,1,0.450
44.3800,981,BR,17,5.54697,-0.09855,0.29994,134,134,134,0.27884,5.62276,-0.10009,1,1,0.450
44.3900,981,FL,9,5.85840,0.17845,0.30241,134,134,134,0.28130,5.99067,0.20144,1,1,0.450
44.3920,981,BL,2,5.40369,0.16668,0.30665,132,132,132,0.28553,5.47609,0.16100,1,1,0.450
44.3920,981,FR,24,5.99802,-0.10381,0.29995,134,134,134,0.27885,6.12297,-0.12059,1,1,0.450
44.3920,981,BR,17,5.54608,-0.09792,0.29994,134,134,134,0.27884,5.62063,-0.10127,1,1,0.450
44.4020,982,FL,8,5.85764,0.17838,0.30255,134,134,134,0.28144,5.98891,0.20060,1,1,0.450
44.4020,982,BL,1,5.40359,0.16698,0.30667,132,132,132,0.28554,5.47513,0.16110,1,1,0.450
44.4020,982,FR,23,5.99640,-0.10463,0.30000,134,134,134,0.27890,6.11586,-0.12244,1,1,0.450
44.4020,982,BR,16,5.54468,-0.09862,0.29995,134,134,134,0.27885,5.61878,-0.10240,1,1,0.450
44.4240,982,FL,8,5.85736,0.17907,0.30252,134,134,134,0.28141,5.98756,0.20083,1,1,0.450
44.4260,982,BL,1,5.40376,0.16715,0.30647,132,132,132,0.28535,5.47489,0.16176,1,1,0.450
44.4260,982,FR,23,5.99519,-0.10504,0.29996,134,134,134,0.27886,6.11512,-0.12811,1,1,0.450
44.4260,982,BR,16,5.54346,-0.09783,0.29998,134,134,134,0.27887,5.61659,-0.10311,1,1,0.450
44.4340,983,FL,7,5.85743,0.17882,0.30239,134,134,134,0.28128,5.98540,0.19923,1,1,0.450
44.4340,983,BL,30,5.67598,0.16766,0.29988,134,134,134,0.27878,5.75380,0.17077,1,1,0.450
44.4340,983,FR,22,5.99299,-0.10663,0.29989,134,134,134,0.27878,6.10876,-0.12959,1,1,0.450
44.4340,983,BR,15,5.54166,-0.09856,0.29997,134,134,134,0.27887,5.61369,-0.10504,1,1,0.450
44.4460,983,FL,7,5.85674,0.17903,0.30260,134,134,134,0.28149,5.98381,0.19934,1,1,0.450
44.4460,983,BL,30,5.67428,0.16669,0.29988,134,134,134,0.27878,5.75057,0.16401,1,1,0.450
44.4460,983,FR,22,5.99136,-0.10685,0.29986,134,134,134,0.27876,6.11035,-0.13311,1,1,0.450
44.4460,983,BR,15,5.54016,-0.09774,0.30017,134,134,134,0.27907,5.61104,-0.10528,1,1,0.450
44.4560,983,FL,7,5.85607,0.17866,0.30300,134,134,134,0.28189,5.98214,0.19849,1,1,0.450
44.4560,983,BL,30,5.67282,0.16598,0.29990,134,134,134,0.27880,5.74960,0.16340,1,1,0.450
44.4560,983,FR,22,5.98986,-0.10742,0.29985,134,134,134,0.27875,6.10896,-0.13331,1,1,0.450
44.4560,983,BR,15,5.53887,-0.09841,0.30019,134,134,134,0.27909,5.60922,-0.10606,1,1,0.450
44.4660,984,FL,6,5.85508,0.17855,0.30310,134,134,134,0.28199,5.98037,0.19804,1,1,0.450
44.4660,984,BL,29,5.67125,0.16556,0.29990,134,134,134,0.27880,5.74389,0.16307,1,1,0.450
44.4660,984,FR,21,5.98828,-0.10787,0.29987,134,134,134,0.27877,6.10319,-0.13373,1,1,0.450
44.4660,984,BR,14,5.53745,-0.09877,0.30027,134,134,134,0.27916,5.60739,-0.10668,1,1,0.450
44.4760,984,FL,6,5.85563,0.17925,0.30272,134,134,134,0.28161,5.98000,0.19870,1,1,0.450
44.4760,984,BL,29,5.67064,0.16439,0.29989,134,134,134,0.27879,5.74472,0.15867,1,1,0.450
44.4760,984,FR,21,5.98803,-0.10781,0.29980,134,134,134,0.27870,6.10723,-0.13601,1,1,0.450
44.4780,984,BR,14,5.53734,-0.09782,0.30028,134,134,134,0.27917,5.60615,-0.10702,1,1,0.450
44.4860,984,FL,6,5.85490,0.17911,0.30282,134,134,134,0.28171,5.97867,0.19839,1,1,0.450
44.4860,984,BL,29,5.66957,0.16408,0.29990,134,134,134,0.27880,5.74409,0.15833,1,1,0.450
44.4860,984,FR,21,5.98697,-0.10797,0.29982,134,134,134,0.27872,6.10622,-0.13591,1,1,0.450
44.4860,984,BR,14,5.53638,-0.09825,0.30028,134,134,134,0.27917,5.60504,-0.10744,1,1,0.450
44.4960,985,FL,5,5.85377,0.17888,0.30320,134,134,134,0.28209,5.97690,0.19799,1,1,0.450
44.4960,985,BL,28,5.66814,0.16383,0.29991,134,134,134,0.27880,5.73868,0.15843,1,1,0.450
44.4960,985,FR,20,5.98556,-0.10820,0.29985,134,134,134,0.27874,6.10084,-0.13579,1,1,0.450
44.4960,985,BR,13,5.53499,-0.09856,0.30043,134,134,134,0.27933,5.60349,-0.10777,1,1,0.450
44.5080,985,FL,5,5.85367,0.17924,0.30355,134,134,134,0.28244,5.97602,0.19849,1,1,0.450
44.5080,985,BL,28,5.66742,0.16297,0.29990,134,134,134,0.27880,5.74074,0.15569,1,1,0.450
44.5080,985,FR,20,5.98518,-0.10785,0.29982,134,134,134,0.27871,6.10523,-0.13713,1,1,0.450
44.5080,985,BR,13,5.53453,-0.09758,0.30063,134,134,134,0.27953,5.60234,-0.10762,1,1,0.450
44.5180,985,FL,5,5.85235,0.17851,0.30430,134,134,134,0.28318,5.97398,0.19761,1,1,0.450
44.5180,985,BL,28,5.66600,0.16284,0.29991,134,134,134,0.27881,5.73980,0.15559,1,1,0.450
44.5180,985,FR,20,5.98366,-0.10802,0.29990,134,134,134,0.27880,6.10386,-0.13686,1,1,0.450
44.5180,985,BR,13,5.53297,-0.09827,0.30078,134,134,134,0.27967,5.60091,-0.10777,1,1,0.450
44.5280,986,FL,4,5.85120,0.17787,0.30518,133,133,133,0.28406,5.97216,0.19670,1,1,0.450
44.5280,986,BL,27,5.66481,0.16270,0.29992,134,134,134,0.27881,5.73468,0.15601,1,1,0.450
44.5280,986,FR,19,5.98242,-0.10828,0.29996,134,134,134,0.27886,6.09879,-0.13643,1,1,0.450
44.5280,986,BR,12,5.53163,-0.09880,0.30109,134,134,134,0.27998,5.59957,-0.10792,1,1,0.450
44.5380,986,FL,4,5.85104,0.17759,0.30609,132,132,132,0.28497,5.97129,0.19642,1,1,0.450
44.5380,986,BL,27,5.66445,0.16194,0.29992,134,134,134,0.27881,5.73775,0.15423,1,1,0.450
44.5380,986,FR,19,5.98234,-0.10797,0.29998,134,134,134,0.27887,6.10369,-0.13727,1,1,0.450
44.5380,986,BR,12,5.53127,-0.09821,0.30148,134,134,134,0.28038,5.59891,-0.10755,1,1,0.450
44.5480,986,FL,4,5.85121,0.17689,0.30699,132,132,132,0.28587,5.97100,0.19554,1,1,0.450
44.5500,986,BL,27,5.66445,0.16194,0.29992,134,134,134,0.27882,5.73824,0.15437,1,1,0.450
44.5500,986,FR,19,5.98223,-0.10812,0.30008,134,134,134,0.27898,6.10367,-0.13693,1,1,0.450
44.5500,986,BR,12,5.53121,-0.09887,0.30165,134,134,134,0.28054,5.59882,-0.10764,1,1,0.450
44.5600,987,FL,3,5.85083,0.17622,0.30777,132,132,132,0.28665,5.97010,0.19454,1,1,0.450
44.5600,987,BL,26,5.66408,0.16190,0.29993,134,134,134,0.27883,5.73391,0.15503,1,1,0.450
44.5600,987,FR,18,5.98186,-0.10828,0.30014,134,134,134,0.27903,6.09945,-0.13628,1,1,0.450
44.5600,987,BR,11,5.53069,-0.09936,0.30189,134,134,134,0.28078,5.59849,-0.10761,1,1,0.450
44.5720,987,FL,3,5.84964,0.17556,0.30860,131,131,131,0.28747,5.96826,0.19374,1,1,0.450
44.5720,987,BL,26,5.66308,0.16127,0.29993,134,134,134,0.27883,5.73661,0.15388,1,1,0.450
44.5720,987,FR,18,5.98106,-0.10802,0.30016,134,134,134,0.27905,6.10374,-0.13679,1,1,0.450
44.5720,987,BR,11,5.52937,-0.09899,0.30231,134,134,134,0.28120,5.59734,-0.10708,1,1,0.450
44.5820,988,FL,2,5.84960,0.17501,0.30908,131,131,131,0.28795,5.96837,0.19329,1,1,0.450
44.5820,988,BL,25,5.66303,0.16150,0.29992,134,134,134,0.27882,5.73308,0.15489,1,1,0.450
44.5820,988,FR,17,5.98085,-0.10802,0.30024,134,134,134,0.27914,6.10358,-0.13635,1,1,0.450
44.5820,988,BR,10,5.52925,-0.09932,0.30240,134,134,134,0.28129,5.59718,-0.10695,1,1,0.450
44.5920,988,FL,2,5.84970,0.17479,0.30892,131,131,131,0.28779,5.96849,0.19318,1,1,0.450
44.5920,988,BL,25,5.66308,0.16106,0.29992,134,134,134,0.27882,5.73690,0.15417,1,1,0.450
44.5920,988,FR,17,5.98108,-0.10758,0.30020,134,134,134,0.27910,6.10470,-0.13622,1,1,0.450
44.5920,988,BR,10,5.52918,-0.09846,0.30261,134,134,134,0.28150,5.59702,-0.10622,1,1,0.450
44.6020,988,FL,2,5.85025,0.17438,0.30906,131,131,131,0.28793,5.96993,0.19330,1,1,0.450
44.6020,988,BL,25,5.66416,0.16164,0.29991,134,134,134,0.27880,5.73843,0.15489,1,1,0.450
44.6020,988,FR,17,5.98201,-0.10730,0.30028,134,134,134,0.27917,6.10553,-0.13558,1,1,0.450
44.6020,988,BR,10,5.53011,-0.09843,0.30265,134,134,134,0.28154,5.59822,-0.10563,1,1,0.450
44.6140,989,FL,1,5.85031,0.17403,0.30912,131,131,131,0.28799,5.97097,0.19345,1,1,0.450
44.6140,989,BL,24,5.66482,0.16219,0.29990,134,134,134,0.27880,5.73497,0.15610,1,1,0.450
44.6160,989,FR,16,5.98261,-0.10695,0.30031,134,134,134,0.27921,6.11021,-0.13568,1,1,0.450
44.6160,989,BR,9,5.53053,-0.09813,0.30273,134,134,134,0.28162,5.59900,-0.10482,1,1,0.450
44.6280,989,FL,1,5.84951,0.17352,0.30906,131,131,131,0.28792,5.97061,0.19291,1,1,0.450
44.6280,989,BL,24,5.66500,0.16214,0.29989,134,134,134,0.27879,5.73899,0.15591,1,1,0.450
44.6280,989,FR,16,5.98272,-0.10644,0.30032,134,134,134,0.27922,6.11146,-0.13504,1,1,0.450
44.6280,989,BR,9,5.52995,-0.09745,0.30281,134,134,134,0.28170,5.59908,-0.10358,1,1,0.450
44.6380,989,FL,1,5.84934,0.17299,0.30946,131,131,131,0.28833,5.97184,0.19351,1,1,0.450
44.6380,989,BL,24,5.66667,0.16351,0.29986,134,134,134,0.27876,5.74114,0.15743,1,1,0.450
44.6380,989,FR,16,5.98394,-0.10577,0.30046,134,134,134,0.27936,6.11271,-0.13391,1,1,0.450
44.6380,989,BR,9,5.53091,-0.09685,0.30288,134,134,134,0.28177,5.60089,-0.10195,1,1,0.450
44.6500,990,FL,30,6.11935,0.17356,0.30002,134,134,134,0.27892,6.22300,0.18426,1,1,0.450
44.6500,990,BL,23,5.66915,0.16493,0.29984,134,134,134,0.27874,5.73944,0.15939,1,1,0.450
44.6500,990,FR,15,5.98615,-0.10481,0.30055,134,134,134,0.27944,6.11477,-0.13300,1,1,0.450
44.6500,990,BR,8,5.53308,-0.09557,0.30286,134,134,134,0.28175,5.60340,-0.10002,1,1,0.450
44.6700,990,FL,30,6.12108,0.17398,0.30002,134,134,134,0.27892,6.23571,0.18539,1,1,0.450
44.6700,990,BL,23,5.67087,0.16554,0.29990,134,134,134,0.27879,5.74725,0.16002,1,1,0.450
44.6700,990,FR,15,5.98794,-0.10373,0.30063,134,134,134,0.27953,6.11663,-0.13245,1,1,0.450
44.6700,990,BR,8,5.53465,-0.09370,0.30338,134,134,134,0.28227,5.60535,-0.09781,1,1,0.450
44.6800,991,FL,29,6.12358,0.17561,0.30004,134,134,134,0.27894,6.23354,0.18712,1,1,0.450
44.6800,991,BL,22,5.67317,0.16803,0.29987,134,134,134,0.27877,5.74559,0.16342,1,1,0.450
44.6800,991,FR,14,5.98867,-0.10305,0.30076,134,134,134,0.27965,6.11917,-0.13006,1,1,0.450
44.6800,991,BR,7,5.53357,-0.09396,0.30360,134,134,134,0.28249,5.60720,-0.09556,1,1,0.450
44.6900,991,FL,29,6.12562,0.17604,0.30003,134,134,134,0.27893,6.24396,0.18794,1,1,0.450
44.6900,991,BL,22,5.67501,0.16824,0.29983,134,134,134,0.27872,5.75267,0.16404,1,1,0.450
44.6900,991,FR,14,5.98975,-0.10306,0.30060,134,134,134,0.27950,6.12182,-0.12952,1,1,0.450
44.6900,991,BR,7,5.53362,-0.09380,0.30308,134,134,134,0.28196,5.60815,-0.09476,1,1,0.450
44.7000,991,FL,29,6.12668,0.17665,0.30006,134,134,134,0.27895,6.24489,0.18828,1,1,0.450
44.7000,991,BL,22,5.67592,0.16922,0.29979,134,134,134,0.27869,5.75417,0.16533,1,1,0.450
44.7000,991,FR,14,5.98997,-0.10291,0.30073,134,134,134,0.27963,6.12266,-0.12866,1,1,0.450
44.7000,991,BR,7,5.53346,-0.09386,0.30316,134,134,134,0.28205,5.60867,-0.09395,1,1,0.450
44.7100,992,FL,28,6.12752,0.17720,0.30006,134,134,134,0.27896,6.24092,0.18939,1,1,0.450
44.7100,992,BL,21,5.67671,0.17003,0.29978,134,134,134,0.27868,5.75026,0.16701,1,1,0.450
44.7100,992,FR,13,5.99037,-0.10265,0.30066,134,134,134,0.27956,6.12341,-0.12800,1,1,0.450
44.7100,992,BR,6,5.53357,-0.09369,0.30293,134,134,134,0.28182,5.60923,-0.09313,1,1,0.450
44.7180,992,FL,28,6.12677,0.17712,0.30004,134,134,134,0.27894,6.24736,0.18976,1,1,0.450
44.7180,992,BL,21,5.67582,0.16953,0.29978,134,134,134,0.27868,5.75383,0.16672,1,1,0.450
44.7180,992,FR,13,5.98950,-0.10285,0.30070,134,134,134,0.27959,6.12302,-0.12814,1,1,0.450
44.7180,992,BR,6,5.53247,-0.09372,0.30308,134,134,134,0.28196,5.60826,-0.09280,1,1,0.450
44.7300,992,FL,28,6.12865,0.17783,0.30006,134,134,134,0.27896,6.24918,0.19031,1,1,0.450
44.7300,992,BL,21,5.67761,0.17059,0.29975,134,134,134,0.27865,5.75597,0.16794,1,1,0.450
44.7300,992,FR,13,5.99073,-0.10240,0.30079,134,134,134,0.27969,6.12465,-0.12728,1,1,0.450
44.7300,992,BR,6,5.53358,-0.09335,0.30328,134,134,134,0.28217,5.60954,-0.09200,1,1,0.450
44.7380,993,FL,27,6.12844,0.17843,0.30007,134,134,134,0.27897,6.24398,0.19154,1,1,0.450
44.7380,993,BL,20,5.67739,0.17135,0.29980,134,134,134,0.27870,5.75082,0.16956,1,1,0.450
44.7380,993,FR,12,5.99044,-0.10196,0.30099,134,134,134,0.27989,6.12432,-0.12658,1,1,0.450
44.7380,993,BR,5,5.53323,-0.09308,0.30395,134,134,134,0.28283,5.60945,-0.09095,1,1,0.450
44.7480,993,FL,27,6.12869,0.17842,0.30003,134,134,134,0.27893,6.25086,0.19205,1,1,0.450
44.7480,993,BL,20,5.67746,0.17090,0.29980,134,134,134,0.27870,5.75509,0.16941,1,1,0.450
44.7480,993,FR,12,5.99052,-0.10211,0.30102,134,134,134,0.27991,6.12485,-0.12675,1,1,0.450
44.7480,993,BR,5,5.53316,-0.09286,0.30410,134,134,134,0.28298,5.60936,-0.09067,1,1,0.450
44.7580,993,FL,27,6.12947,0.17915,0.30006,134,134,134,0.27896,6.25157,0.19262,1,1,0.450
44.7580,993,BL,20,5.67819,0.17203,0.29981,134,134,134,0.27871,5.75612,0.17054,1,1,0.450
44.7580,993,FR,12,5.99097,-0.10138,0.30130,134,134,134,0.28020,6.12526,-0.12587,1,1,0.450
44.7580,993,BR,5,5.53372,-0.09213,0.30491,133,133,133,0.28379,5.60989,-0.08936,1,1,0.450
44.7680,994,FL,26,6.12949,0.17974,0.30006,134,134,134,0.27896,6.24650,0.19386,1,1,0.450
44.7680,994,BL,19,5.67821,0.17285,0.29986,134,134,134,0.27876,5.75102,0.17219,1,1,0.450
44.7680,994,FR,11,5.99092,-0.10082,0.30148,134,134,134,0.28038,6.12505,-0.12519,1,1,0.450
44.7680,994,BR,4,5.53372,-0.09158,0.30549,133,133,133,0.28437,5.60990,-0.08815,1,1,0.450
44.7780,994,FL,26,6.12889,0.17969,0.30001,134,134,134,0.27891,6.25220,0.19436,1,1,0.450
44.7780,994,BL,19,5.67744,0.17244,0.29989,134,134,134,0.27879,5.75423,0.17209,1,1,0.450
44.7780,994,FR,11,5.99038,-0.10093,0.30167,134,134,134,0.28056,6.12450,-0.12540,1,1,0.450
44.7780,994,BR,4,5.53320,-0.09121,0.30605,132,132,132,0.28493,5.60931,-0.08753,1,1,0.450
44.7880,994,FL,26,6.12924,0.18043,0.30005,134,134,134,0.27894,6.25251,0.19491,1,1,0.450
44.7880,994,BL,19,5.67774,0.17366,0.29989,134,134,134,0.27878,5.75481,0.17331,1,1,0.450
44.7880,994,FR,11,5.99029,-0.10026,0.30191,134,134,134,0.28080,6.12438,-0.12447,1,1,0.450
44.7880,994,BR,4,5.53341,-0.09058,0.30658,132,132,132,0.28546,5.60901,-0.08626,1,1,0.450
44.7980,995,FL,25,6.12838,0.18093,0.30005,134,134,134,0.27895,6.24648,0.19615,1,1,0.450
44.7980,995,BL,18,5.67690,0.17432,0.29993,134,134,134,0.27883,5.74870,0.17497,1,1,0.450
44.7980,995,FR,10,5.98953,-0.09998,0.30208,134,134,134,0.28097,6.12324,-0.12387,1,1,0.450
44.7980,995,BR,3,5.53291,-0.09043,0.30702,132,132,132,0.28590,5.60821,-0.08536,1,1,0.450
44.8080,995,FL,25,6.12803,0.18099,0.29999,134,134,134,0.27888,6.25224,0.19683,1,1,0.450
44.8080,995,BL,18,5.67636,0.17397,0.29996,134,134,134,0.27885,5.75204,0.17513,1,1,0.450
44.8080,995,FR,10,5.98920,-0.10022,0.30222,134,134,134,0.28111,6.12282,-0.12405,1,1,0.450
44.8080,995,BR,3,5.53280,-0.09013,0.30726,132,132,132,0.28613,5.60762,-0.08496,1,1,0.450
44.8180,995,FL,25,6.12747,0.18167,0.30003,134,134,134,0.27893,6.25162,0.19737,1,1,0.450
44.8180,995,BL,18,5.67579,0.17495,0.29996,134,134,134,0.27886,5.75166,0.17628,1,1,0.450
44.8180,995,FR,10,5.98854,-0.09988,0.30248,134,134,134,0.28137,6.12177,-0.12321,1,1,0.450
44.8180,995,BR,3,5.53271,-0.08998,0.30762,132,132,132,0.28649,5.60667,-0.08423,1,1,0.450
44.8280,996,FL,24,6.12634,0.18220,0.30003,134,134,134,0.27893,6.24522,0.19876,1,1,0.450
44.8280,996,BL,17,5.67472,0.17547,0.30000,134,134,134,0.27890,5.75036,0.17717,1,1,0.450
44.8280,996,FR,9,5.98774,-0.09980,0.30258,134,134,134,0.28147,6.12039,-0.12265,1,1,0.450
44.8280,996,BR,2,5.53234,-0.09011,0.30779,132,132,132,0.28666,5.60571,-0.08382,1,1,0.450
44.8380,996,FL,24,6.12657,0.18254,0.29996,134,134,134,0.27886,6.25146,0.19978,1,1,0.450
44.8380,996,BL,17,5.67468,0.17514,0.29999,134,134,134,0.27889,5.74916,0.17864,1,1,0.450
44.8380,996,FR,9,5.98790,-0.10017,0.30268,134,134,134,0.28157,6.12036,-0.12273,1,1,0.450
44.8380,996,BR,2,5.53313,-0.08993,0.30756,132,132,132,0.28643,5.60541,-0.08404,1,1,0.450
44.8480,996,FL,24,6.12475,0.18306,0.30001,134,134,134,0.27891,6.24948,0.20035,1,1,0.450
44.8480,996,BL,17,5.67307,0.17564,0.30001,134,134,134,0.27891,5.74714,0.17944,1,1,0.450
44.8480,996,FR,9,5.98693,-0.10016,0.30286,134,134,134,0.28175,6.11839,-0.12217,1,1,0.450
44.8480,996,BR,2,5.53263,-0.09024,0.30779,132,132,132,0.28666,5.60449,-0.08395,1,1,0.450
44.8600,997,FL,23,6.12411,0.18395,0.30001,134,134,134,0.27891,6.24348,0.20228,1,1,0.450
44.8600,997,BL,16,5.67255,0.17618,0.30004,134,134,134,0.27894,5.74624,0.18056,1,1,0.450
44.8600,997,FR,8,5.98688,-0.10005,0.30285,134,134,134,0.28174,6.11768,-0.12141,1,1,0.450
44.8600,997,BR,1,5.53313,-0.09031,0.30757,132,132,132,0.28645,5.60411,-0.08413,1,1,0.450
44.8820,998,FL,22,6.12280,0.18437,0.29998,134,134,134,0.27888,6.23817,0.20812,1,1,0.450
44.8820,998,BL,15,5.67126,0.17535,0.30008,134,134,134,0.27898,5.74397,0.18123,1,1,0.450
44.8820,998,FR,7,5.98668,-0.10075,0.30295,134,134,134,0.28184,6.11622,-0.12163,1,1,0.450
44.8840,998,BR,30,5.80655,-0.09110,0.29986,134,134,134,0.27876,5.88367,-0.09356,1,1,0.450
44.9020,998,FL,22,6.12022,0.18528,0.29984,134,134,134,0.27873,6.23913,0.21198,1,1,0.450
44.9020,998,BL,15,5.66906,0.17455,0.30006,134,134,134,0.27896,5.73993,0.18245,1,1,0.450
44.9020,998,FR,7,5.98672,-0.10129,0.30243,134,134,134,0.28132,6.11390,-0.12115,1,1,0.450
44.9020,998,BR,30,5.80400,-0.08916,0.29988,134,134,134,0.27878,5.88024,-0.08624,1,1,0.450
44.9120,999,FL,21,6.11768,0.18643,0.29986,134,134,134,0.27876,6.23245,0.21285,1,1,0.450
44.9120,999,BL,14,5.66688,0.17548,0.30014,134,134,134,0.27903,5.73694,0.18374,1,1,0.450
44.9120,999,FR,6,5.98552,-0.10068,0.30304,134,134,134,0.28193,6.11124,-0.11985,1,1,0.450
44.9120,999,BR,29,5.80166,-0.08810,0.29990,134,134,134,0.27879,5.87426,-0.08523,1,1,0.450
44.9220,999,FL,21,6.11700,0.18638,0.29980,134,134,134,0.27870,6.23603,0.21517,1,1,0.450
44.9220,999,BL,14,5.66638,0.17447,0.30021,134,134,134,0.27911,5.73520,0.18403,1,1,0.450
44.9220,999,FR,6,5.98571,-0.10137,0.30275,134,134,134,0.28164,6.11044,-0.12044,1,1,0.450
44.9220,999,BR,29,5.80067,-0.08703,0.29989,134,134,134,0.27879,5.87470,-0.08092,1,1,0.450
44.9340,999,FL,21,6.11552,0.18651,0.29982,134,134,134,0.27872,6.23462,0.21499,1,1,0.450
44.9340,999,BL,14,5.66499,0.17495,0.30020,134,134,134,0.27910,5.73368,0.18436,1,1,0.450
44.9340,999,FR,6,5.98453,-0.10109,0.30288,134,134,134,0.28177,6.10868,-0.12000,1,1,0.450
44.9340,999,BR,29,5.79921,-0.08678,0.29990,134,134,134,0.27880,5.87368,-0.08065,1,1,0.450
44.9440,1000,FL,20,6.11435,0.18681,0.29984,134,134,134,0.27874,6.22944,0.21495,1,1,0.450
44.9440,1000,BL,13,5.66393,0.17532,0.30033,134,134,134,0.27923,5.73226,0.18485,1,1,0.450
44.9440,1000,FR,5,5.98387,-0.10090,0.30318,134,134,134,0.28207,6.10724,-0.11966,1,1,0.450
44.9440,1000,BR,28,5.79797,-0.08641,0.29990,134,134,134,0.27880,5.86847,-0.08068,1,1,0.450
44.9540,1000,FL,20,6.11403,0.18645,0.29980,134,134,134,0.27870,6.23383,0.21632,1,1,0.450
44.9540,1000,BL,13,5.66358,0.17430,0.30050,134,134,134,0.27939,5.73114,0.18469,1,1,0.450
44.9540,1000,FR,5,5.98394,-0.10127,0.30343,134,134,134,0.28232,6.10652,-0.12017,1,1,0.450
44.9540,1000,BR,28,5.79730,-0.08555,0.29990,134,134,134,0.27879,5.87055,-0.07791,1,1,0.450
44.9640,1000,FL,20,6.11316,0.18659,0.29988,134,134,134,0.27878,6.23306,0.21608,1,1,0.450
44.9640,1000,BL,13,5.66270,0.17489,0.30062,134,134,134,0.27952,5.73034,0.18483,1,1,0.450
44.9640,1000,FR,5,5.98324,-0.10069,0.30411,134,134,134,0.28299,6.10526,-0.11948,1,1,0.450
44.9640,1000,BR,28,5.79651,-0.08544,0.29990,134,134,134,0.27880,5.87023,-0.07781,1,1,0.450
44.9760,1001,FL,19,6.11194,0.18682,0.29994,134,134,134,0.27884,6.22803,0.21562,1,1,0.450
44.9760,1001,BL,12,5.66136,0.17539,0.30091,134,134,134,0.27980,5.72910,0.18495,1,1,0.450
44.9760,1001,FR,4,5.98202,-0.10007,0.30499,133,133,133,0.28387,6.10344,-0.11864,1,1,0.450
44.9760,1001,BR,27,5.79533,-0.08531,0.29991,134,134,134,0.27881,5.86511,-0.07824,1,1,0.450
44.9860,1001,FL,19,6.11129,0.18651,0.29996,134,134,134,0.27885,6.23236,0.21644,1,1,0.450
44.9860,1001,BL,12,5.66041,0.17486,0.30131,134,134,134,0.28020,5.72786,0.18456,1,1,0.450
44.9860,1001,FR,4,5.98130,-0.09969,0.30590,132,132,132,0.28477,6.10187,-0.11823,1,1,0.450
44.9860,1001,BR,27,5.79439,-0.08456,0.29991,134,134,134,0.27881,5.86759,-0.07645,1,1,0.450
44.9980,1001,FL,19,6.11073,0.18665,0.30006,134,134,134,0.27895,6.23194,0.21614,1,1,0.450
44.9980,1001,BL,12,5.65982,0.17545,0.30147,134,134,134,0.28036,5.72740,0.18465,1,1,0.450
45.0000,1001,FR,4,5.98084,-0.09910,0.30665,132,132,132,0.28553,6.10099,-0.11747,1,1,0.450
45.0000,1001,BR,27,5.79397,-0.08456,0.29991,134,134,134,0.27881,5.86768,-0.07659,1,1,0.450
45.0100,1002,FL,18,6.11018,0.18683,0.30013,134,134,134,0.27903,6.22757,0.21540,1,1,0.450
45.0100,1002,BL,11,5.65913,0.17606,0.30180,134,134,134,0.28069,5.72682,0.18461,1,1,0.450
45.0100,1002,FR,3,5.98037,-0.09822,0.30771,132,132,132,0.28659,6.09989,-0.11626,1,1,0.450
45.0120,1002,BR,26,5.79344,-0.08453,0.29992,134,134,134,0.27882,5.86320,-0.07727,1,1,0.450
45.0240,1002,FL,18,6.11059,0.18644,0.30015,134,134,134,0.27905,6.23296,0.21588,1,1,0.450
45.0240,1002,BL,11,5.65916,0.17549,0.30224,134,134,134,0.28113,5.72680,0.18402,1,1,0.450
45.0240,1002,FR,3,5.98047,-0.09777,0.30863,131,131,131,0.28750,6.09957,-0.11584,1,1,0.450
45.0240,1002,BR,26,5.79358,-0.08397,0.29993,134,134,134,0.27883,5.86704,-0.07619,1,1,0.450
45.0340,1003,FL,17,6.11047,0.18637,0.30025,134,134,134,0.27914,6.23290,0.21536,1,1,0.450
45.0340,1003,BL,10,5.65904,0.17583,0.30229,134,134,134,0.28119,5.72683,0.18377,1,1,0.450
45.0340,1003,FR,2,5.98040,-0.09718,0.30908,131,131,131,0.28795,6.09962,-0.11534,1,1,0.450
45.0340,1003,BR,25,5.79360,-0.08425,0.29992,134,134,134,0.27882,5.86354,-0.07724,1,1,0.450
45.0440,1003,FL,17,6.11010,0.18600,0.30022,134,134,134,0.27912,6.23356,0.21511,1,1,0.450
45.0440,1003,BL,10,5.65817,0.17523,0.30253,134,134,134,0.28142,5.72618,0.18300,1,1,0.450
45.0440,1003,FR,2,5.97964,-0.09664,0.30912,131,131,131,0.28799,6.09871,-0.11473,1,1,0.450
45.0440,1003,BR,25,5.79309,-0.08383,0.29992,134,134,134,0.27882,5.86682,-0.07655,1,1,0.450
45.0560,1003,FL,17,6.11113,0.18568,0.30029,134,134,134,0.27919,6.23441,0.21449,1,1,0.450
45.0560,1003,BL,10,5.65934,0.17505,0.30257,134,134,134,0.28146,5.72738,0.18239,1,1,0.450
45.0560,1003,FR,2,5.98041,-0.09631,0.30929,131,131,131,0.28816,6.10073,-0.11509,1,1,0.450
45.0560,1003,BR,25,5.79426,-0.08445,0.29990,134,134,134,0.27880,5.86846,-0.07735,1,1,0.450
45.0640,1004,FL,16,6.11115,0.18541,0.30033,134,134,134,0.27923,6.23865,0.21450,1,1,0.450
45.0640,1004,BL,9,5.65899,0.17501,0.30263,134,134,134,0.28152,5.72772,0.18154,1,1,0.450
45.0640,1004,FR,1,5.97964,-0.09574,0.30940,131,131,131,0.28827,6.10073,-0.11472,1,1,0.450
45.0660,1004,BR,24,5.79442,-0.08503,0.29990,134,134,134,0.27880,5.86449,-0.07861,1,1,0.450
45.0740,1004,FL,16,6.11179,0.18490,0.30031,134,134,134,0.27921,6.24030,0.21407,1,1,0.450
45.0740,1004,BL,9,5.65915,0.17414,0.30270,134,134,134,0.28159,5.72817,0.18051,1,1,0.450
45.0740,1004,FR,1,5.97965,-0.09554,0.30930,131,131,131,0.28816,6.10121,-0.11463,1,1,0.450
45.0740,1004,BR,24,5.79504,-0.08485,0.29989,134,134,134,0.27879,5.86899,-0.07830,1,1,0.450
45.0840,1004,FL,16,6.11361,0.18415,0.30044,134,134,134,0.27934,6.24186,0.21314,1,1,0.450
45.0860,1004,BL,9,5.66103,0.17329,0.30288,134,134,134,0.28177,5.73042,0.17906,1,1,0.450
45.0860,1004,FR,1,5.98045,-0.09534,0.30940,131,131,131,0.28827,6.10376,-0.11579,1,1,0.450
45.0860,1004,BR,24,5.79710,-0.08605,0.29987,134,134,134,0.27877,5.87146,-0.07957,1,1,0.450
45.0940,1005,FL,15,6.11487,0.18345,0.30055,134,134,134,0.27945,6.24321,0.21228,1,1,0.450
45.0940,1005,BL,8,5.66194,0.17257,0.30292,134,134,134,0.28181,5.73211,0.17744,1,1,0.450
45.0940,1005,FR,30,6.24882,-0.09427,0.30002,134,134,134,0.27892,6.35252,-0.10464,1,1,0.450
45.0940,1005,BR,23,5.79863,-0.08718,0.29986,134,134,134,0.27875,5.86877,-0.08125,1,1,0.450
45.1140,1005,FL,15,6.11637,0.18269,0.30052,134,134,134,0.27942,6.24514,0.21169,1,1,0.450
45.1140,1005,BL,8,5.66300,0.17124,0.30256,134,134,134,0.28144,5.73373,0.17564,1,1,0.450
45.1140,1005,FR,30,6.25051,-0.09464,0.30002,134,134,134,0.27892,6.36519,-0.10569,1,1,0.450
45.1140,1005,BR,23,5.80027,-0.08767,0.29986,134,134,134,0.27875,5.87662,-0.08184,1,1,0.450
45.1240,1006,FL,14,6.11782,0.18190,0.30064,134,134,134,0.27954,6.24824,0.20938,1,1,0.450
45.1240,1006,BL,7,5.66284,0.17127,0.30317,134,134,134,0.28205,5.73622,0.17344,1,1,0.450
45.1240,1006,FR,29,6.25362,-0.09632,0.30003,134,134,134,0.27893,6.36362,-0.10748,1,1,0.450
45.1240,1006,BR,22,5.80318,-0.09013,0.29985,134,134,134,0.27874,5.87558,-0.08527,1,1,0.450
45.1340,1006,FL,14,6.11763,0.18194,0.30059,134,134,134,0.27949,6.24925,0.20909,1,1,0.450
45.1340,1006,BL,7,5.66180,0.17126,0.30295,134,134,134,0.28184,5.73610,0.17270,1,1,0.450
45.1340,1006,FR,29,6.25400,-0.09652,0.30003,134,134,134,0.27893,6.37235,-0.10808,1,1,0.450
45.1340,1006,BR,22,5.80340,-0.08998,0.29983,134,134,134,0.27873,5.88099,-0.08547,1,1,0.450
45.1440,1006,FL,14,6.11838,0.18190,0.30061,134,134,134,0.27950,6.25108,0.20798,1,1,0.450
45.1440,1006,BL,7,5.66187,0.17162,0.30265,134,134,134,0.28153,5.73702,0.17214,1,1,0.450
45.1440,1006,FR,29,6.25589,-0.09730,0.30005,134,134,134,0.27895,6.37415,-0.10862,1,1,0.450
45.1440,1006,BR,22,5.80511,-0.09109,0.29976,134,134,134,0.27866,5.88327,-0.08696,1,1,0.450
45.1540,1007,FL,13,6.11877,0.18168,0.30055,134,134,134,0.27944,6.25187,0.20734,1,1,0.450
45.1540,1007,BL,6,5.66196,0.17144,0.30235,134,134,134,0.28124,5.73753,0.17133,1,1,0.450
45.1540,1007,FR,28,6.25675,-0.09785,0.30006,134,134,134,0.27895,6.37018,-0.10976,1,1,0.450
45.1540,1007,BR,21,5.80592,-0.09185,0.29974,134,134,134,0.27864,5.87945,-0.08866,1,1,0.450
45.1640,1007,FL,13,6.11915,0.18169,0.30048,134,134,134,0.27937,6.25298,0.20726,1,1,0.450
45.1640,1007,BL,6,5.66194,0.17126,0.30227,134,134,134,0.28116,5.73785,0.17083,1,1,0.450
45.1640,1007,FR,28,6.25747,-0.09798,0.30003,134,134,134,0.27893,6.37811,-0.11028,1,1,0.450
45.1640,1007,BR,21,5.80647,-0.09164,0.29973,134,134,134,0.27863,5.88454,-0.08863,1,1,0.450
45.1740,1007,FL,13,6.11868,0.18145,0.30067,134,134,134,0.27957,6.25259,0.20661,1,1,0.450
45.1740,1007,BL,6,5.66153,0.17127,0.30270,134,134,134,0.28159,5.73752,0.17020,1,1,0.450
45.1740,1007,FR,28,6.25733,-0.09847,0.30006,134,134,134,0.27896,6.37789,-0.11065,1,1,0.450
45.1740,1007,BR,21,5.80627,-0.09236,0.29972,134,134,134,0.27862,5.88466,-0.08954,1,1,0.450
45.1840,1008,FL,12,6.11943,0.18099,0.30078,134,134,134,0.27968,6.25360,0.20585,1,1,0.450
45.1840,1008,BL,5,5.66209,0.17088,0.30310,134,134,134,0.28199,5.73828,0.16929,1,1,0.450
45.1840,1008,FR,27,6.25840,-0.09916,0.30006,134,134,134,0.27896,6.37399,-0.11199,1,1,0.450
45.1840,1008,BR,20,5.80730,-0.09320,0.29975,134,134,134,0.27865,5.88076,-0.09128,1,1,0.450
45.1940,1008,FL,12,6.11902,0.18110,0.30084,134,134,134,0.27974,6.25351,0.20603,1,1,0.450
45.1940,1008,BL,5,5.66156,0.17067,0.30340,134,134,134,0.28229,5.73785,0.16888,1,1,0.450
45.1940,1008,FR,27,6.25806,-0.09914,0.30003,134,134,134,0.27893,6.38026,-0.11246,1,1,0.450
45.1940,1008,BR,20,5.80679,-0.09274,0.29976,134,134,134,0.27866,5.88448,-0.09107,1,1,0.450
45.2020,1008,FL,12,6.11894,0.18063,0.30107,134,134,134,0.27996,6.25333,0.20529,1,1,0.450
45.2020,1008,BL,5,5.66165,0.17030,0.30398,134,134,134,0.28286,5.73781,0.16796,1,1,0.450
45.2020,1008,FR,27,6.25822,-0.09973,0.30006,134,134,134,0.27895,6.38036,-0.11292,1,1,0.450
45.2020,1008,BR,20,5.80691,-0.09364,0.29976,134,134,134,0.27866,5.88484,-0.09205,1,1,0.450
45.2140,1009,FL,11,6.11900,0.18019,0.30125,134,134,134,0.28014,6.25320,0.20478,1,1,0.450
45.2140,1009,BL,4,5.66176,0.16982,0.30461,134,134,134,0.28349,5.73793,0.16697,1,1,0.450
45.2140,1009,FR,26,6.25826,-0.10019,0.30006,134,134,134,0.27896,6.37532,-0.11409,1,1,0.450
45.2140,1009,BR,19,5.80697,-0.09425,0.29981,134,134,134,0.27871,5.87974,-0.09353,1,1,0.450
45.2220,1009,FL,11,6.11892,0.18002,0.30141,134,134,134,0.28030,6.25323,0.20479,1,1,0.450
45.2220,1009,BL,4,5.66168,0.16917,0.30517,133,133,133,0.28405,5.73783,0.16602,1,1,0.450
45.2240,1009,FR,26,6.25827,-0.10033,0.30001,134,134,134,0.27891,6.38162,-0.11472,1,1,0.450
45.2240,1009,BR,19,5.80680,-0.09414,0.29984,134,134,134,0.27873,5.88359,-0.09362,1,1,0.450
45.2320,1009,FL,11,6.11857,0.17958,0.30166,134,134,134,0.28056,6.25270,0.20412,1,1,0.450
45.2320,1009,BL,4,5.66158,0.16876,0.30575,132,132,132,0.28463,5.73743,0.16505,1,1,0.450
45.2320,1009,FR,26,6.25814,-0.10084,0.30004,134,134,134,0.27894,6.38144,-0.11508,1,1,0.450
45.2320,1009,BR,19,5.80663,-0.09499,0.29984,134,134,134,0.27874,5.88367,-0.09452,1,1,0.450
45.2420,1010,FL,10,6.11861,0.17895,0.30186,134,134,134,0.28075,6.25264,0.20332,1,1,0.450
45.2420,1010,BL,3,5.66181,0.16807,0.30629,132,132,132,0.28517,5.73723,0.16370,1,1,0.450
45.2420,1010,FR,25,6.25840,-0.10152,0.30004,134,134,134,0.27894,6.37655,-0.11647,1,1,0.450
45.2420,1010,BR,18,5.80687,-0.09601,0.29988,134,134,134,0.27878,5.87873,-0.09641,1,1,0.450
45.2520,1010,FL,10,6.11822,0.17920,0.30197,134,134,134,0.28086,6.25225,0.20350,1,1,0.450
45.2540,1010,BL,3,5.66161,0.16787,0.30646,132,132,132,0.28534,5.73666,0.16335,1,1,0.450
45.2540,1010,FR,25,6.25807,-0.10156,0.29998,134,134,134,0.27888,6.38233,-0.11711,1,1,0.450
45.2540,1010,BR,18,5.80633,-0.09564,0.29990,134,134,134,0.27880,5.88216,-0.09655,1,1,0.450
45.2620,1010,FL,10,6.11720,0.17890,0.30227,134,134,134,0.28116,6.25074,0.20279,1,1,0.450
45.2620,1010,BL,3,5.66112,0.16772,0.30700,132,132,132,0.28587,5.73546,0.16254,1,1,0.450
45.2620,1010,FR,25,6.25705,-0.10211,0.30002,134,134,134,0.27892,6.38124,-0.11751,1,1,0.450
45.2620,1010,BR,18,5.80532,-0.09649,0.29991,134,134,134,0.27881,5.88130,-0.09752,1,1,0.450
45.2720,1011,FL,9,6.11667,0.17871,0.30239,134,134,134,0.28128,6.24980,0.20212,1,1,0.450
45.2720,1011,BL,2,5.66106,0.16765,0.30717,132,132,132,0.28604,5.73455,0.16198,1,1,0.450
45.2720,1011,FR,24,6.25641,-0.10273,0.30003,134,134,134,0.27893,6.37536,-0.11898,1,1,0.450
45.2720,1011,BR,17,5.80470,-0.09719,0.29994,134,134,134,0.27884,5.88052,-0.09853,1,1,0.450
45.2820,1011,FL,9,6.11649,0.17912,0.30243,134,134,134,0.28132,6.24937,0.20233,1,1,0.450
45.2820,1011,BL,2,5.66140,0.16759,0.30696,132,132,132,0.28584,5.73413,0.16209,1,1,0.450
45.2820,1011,FR,24,6.25625,-0.10291,0.29996,134,134,134,0.27885,6.38120,-0.11980,1,1,0.450
45.2820,1011,BR,17,5.80427,-0.09676,0.29993,134,134,134,0.27883,5.87895,-0.09984,1,1,0.450
45.2920,1011,FL,9,6.11603,0.17893,0.30262,134,134,134,0.28151,6.24820,0.20150,1,1,0.450
45.2940,1011,BL,2,5.66158,0.16767,0.30705,132,132,132,0.28593,5.73330,0.16193,1,1,0.450
45.2940,1011,FR,24,6.25527,-0.10369,0.30000,134,134,134,0.27890,6.38010,-0.12063,1,1,0.450
45.2940,1011,BR,17,5.80344,-0.09754,0.29994,134,134,134,0.27884,5.87784,-0.10095,1,1,0.450
45.3040,1012,FL,8,6.11538,0.17899,0.30272,134,134,134,0.28161,6.24666,0.20100,1,1,0.450
45.3040,1012,BL,1,5.66143,0.16790,0.30710,132,132,132,0.28597,5.73260,0.16200,1,1,0.450
45.3040,1012,FR,23,6.25388,-0.10428,0.30001,134,134,134,0.27890,6.37333,-0.12222,1,1,0.450
45.3040,1012,BR,16,5.80219,-0.09788,0.29999,134,134,134,0.27888,5.87618,-0.10179,1,1,0.450
45.3240,1012,FL,8,6.11513,0.17962,0.30272,134,134,134,0.28161,6.24526,0.20118,1,1,0.450
45.3240,1012,BL,1,5.66165,0.16807,0.30695,132,132,132,0.28582,5.73250,0.16268,1,1,0.450
45.3240,1012,FR,23,6.25262,-0.10469,0.29997,134,134,134,0.27887,6.37253,-0.12789,1,1,0.450
45.3240,1012,BR,16,5.80093,-0.09712,0.30001,134,134,134,0.27891,5.87394,-0.10246,1,1,0.450
45.3340,1013,FL,7,6.11525,0.17945,0.30257,134,134,134,0.28146,6.24334,0.19977,1,1,0.450
45.3340,1013,BL,30,5.93380,0.16839,0.29988,134,134,134,0.27878,6.01163,0.17143,1,1,0.450
45.3340,1013,FR,22,6.25063,-0.10610,0.29989,134,134,134,0.27879,6.36637,-0.12918,1,1,0.450
45.3340,1013,BR,15,5.79932,-0.09772,0.29998,134,134,134,0.27888,5.87128,-0.10422,1,1,0.450
45.3440,1013,FL,7,6.11451,0.17964,0.30284,134,134,134,0.28173,6.24169,0.19987,1,1,0.450
45.3460,1013,BL,30,5.93209,0.16743,0.29988,134,134,134,0.27878,6.00837,0.16468,1,1,0.450
45.3460,1013,FR,22,6.24899,-0.10631,0.29987,134,134,134,0.27877,6.36797,-0.13266,1,1,0.450
45.3460,1013,BR,15,5.79780,-0.09693,0.30020,134,134,134,0.27910,5.86865,-0.10441,1,1,0.450
45.3560,1013,FL,7,6.11408,0.17911,0.30334,134,134,134,0.28222,6.24050,0.19895,1,1,0.450
45.3560,1013,BL,30,5.93116,0.16670,0.29990,134,134,134,0.27880,6.00794,0.16405,1,1,0.450
45.3560,1013,FR,22,6.24802,-0.10689,0.29987,134,134,134,0.27877,6.36715,-0.13284,1,1,0.450
45.3560,1013,BR,15,5.79696,-0.09768,0.30022,134,134,134,0.27912,5.86746,-0.10517,1,1,0.450
45.3680,1014,FL,6,6.11350,0.17917,0.30314,134,134,134,0.28203,6.23890,0.19857,1,1,0.450
45.3680,1014,BL,29,5.92966,0.16608,0.29990,134,134,134,0.27880,6.00230,0.16354,1,1,0.450
45.3680,1014,FR,21,6.24656,-0.10747,0.29987,134,134,134,0.27877,6.36144,-0.13346,1,1,0.450
45.3680,1014,BR,14,5.79576,-0.09809,0.30024,134,134,134,0.27914,5.86566,-0.10606,1,1,0.450
45.3780,1014,FL,6,6.11238,0.17962,0.30312,134,134,134,0.28201,6.23681,0.19899,1,1,0.450
45.3780,1014,BL,29,5.92769,0.16508,0.29989,134,134,134,0.27879,6.00177,0.15929,1,1,0.450
45.3780,1014,FR,21,6.24489,-0.10732,0.29982,134,134,134,0.27872,6.36415,-0.13554,1,1,0.450
45.3780,1014,BR,14,5.79408,-0.09717,0.30031,134,134,134,0.27921,5.86310,-0.10615,1,1,0.450
45.3900,1014,FL,6,6.11220,0.17951,0.30336,134,134,134,0.28225,6.23595,0.19867,1,1,0.450
45.3900,1014,BL,29,5.92697,0.16469,0.29990,134,134,134,0.27880,6.00152,0.15891,1,1,0.450
45.3900,1014,FR,21,6.24417,-0.10754,0.29985,134,134,134,0.27875,6.36348,-0.13552,1,1,0.450
45.3900,1014,BR,14,5.79355,-0.09763,0.30037,134,134,134,0.27927,5.86221,-0.10671,1,1,0.450
45.4000,1015,FL,5,6.11102,0.17925,0.30374,134,134,134,0.28263,6.23394,0.19820,1,1,0.450
45.4000,1015,BL,28,5.92534,0.16439,0.29991,134,134,134,0.27880,5.99590,0.15897,1,1,0.450
45.4000,1015,FR,20,6.24258,-0.10782,0.29988,134,134,134,0.27878,6.35790,-0.13544,1,1,0.450
45.4000,1015,BR,13,5.79200,-0.09799,0.30054,134,134,134,0.27943,5.86046,-0.10708,1,1,0.450
45.4080,1015,FL,5,6.10981,0.17936,0.30421,134,134,134,0.28309,6.23203,0.19845,1,1,0.450
45.4100,1015,BL,28,5.92380,0.16361,0.29990,134,134,134,0.27880,5.99714,0.15629,1,1,0.450
45.4100,1015,FR,20,6.24131,-0.10749,0.29986,134,134,134,0.27876,6.36147,-0.13671,1,1,0.450
45.4100,1015,BR,13,5.79053,-0.09710,0.30076,134,134,134,0.27965,5.85851,-0.10682,1,1,0.450
45.4220,1016,FL,4,6.11018,0.17888,0.30499,133,133,133,0.28387,6.23187,0.19778,1,1,0.450
45.4220,1016,BL,27,5.92399,0.16345,0.29991,134,134,134,0.27881,5.99386,0.15662,1,1,0.450
45.4220,1016,FR,19,6.24142,-0.10765,0.29994,134,134,134,0.27884,6.35771,-0.13606,1,1,0.450
45.4240,1016,BR,12,5.79072,-0.09772,0.30092,134,134,134,0.27982,5.85859,-0.10707,1,1,0.450
45.4320,1016,FL,4,6.10956,0.17852,0.30576,132,132,132,0.28464,6.23012,0.19740,1,1,0.450
45.4320,1016,BL,27,5.92282,0.16263,0.29991,134,134,134,0.27881,5.99606,0.15477,1,1,0.450
45.4320,1016,FR,19,6.24057,-0.10739,0.29995,134,134,134,0.27884,6.36180,-0.13697,1,1,0.450
45.4320,1016,BR,12,5.78962,-0.09715,0.30128,134,134,134,0.28017,5.85715,-0.10674,1,1,0.450
45.4420,1016,FL,4,6.10815,0.17764,0.30679,132,132,132,0.28566,6.22815,0.19621,1,1,0.450
45.4420,1016,BL,27,5.92173,0.16260,0.29991,134,134,134,0.27881,5.99549,0.15488,1,1,0.450
45.4440,1016,FR,19,6.23931,-0.10763,0.30007,134,134,134,0.27896,6.36077,-0.13665,1,1,0.450
45.4440,1016,BR,12,5.78819,-0.09801,0.30153,134,134,134,0.28043,5.85605,-0.10683,1,1,0.450
45.4560,1017,FL,3,6.10831,0.17697,0.30794,132,132,132,0.28681,6.22783,0.19531,1,1,0.450
45.4560,1017,BL,26,5.92173,0.16250,0.29992,134,134,134,0.27882,5.99157,0.15551,1,1,0.450
45.4560,1017,FR,18,6.23931,-0.10782,0.30014,134,134,134,0.27904,6.35690,-0.13602,1,1,0.450
45.4560,1017,BR,11,5.78815,-0.09851,0.30184,134,134,134,0.28073,5.85592,-0.10692,1,1,0.450
45.4640,1017,FL,3,6.10732,0.17631,0.30850,131,131,131,0.28737,6.22610,0.19449,1,1,0.450
45.4640,1017,BL,26,5.92060,0.16185,0.29993,134,134,134,0.27883,5.99413,0.15432,1,1,0.450
45.4640,1017,FR,18,6.23841,-0.10757,0.30014,134,134,134,0.27903,6.36101,-0.13657,1,1,0.450
45.4660,1017,BR,11,5.78685,-0.09811,0.30222,134,134,134,0.28111,5.85462,-0.10642,1,1,0.450
45.4760,1017,FL,3,6.10701,0.17584,0.30902,131,131,131,0.28789,6.22568,0.19396,1,1,0.450
45.4760,1017,BL,26,5.92047,0.16197,0.29992,134,134,134,0.27882,5.99452,0.15466,1,1,0.450
45.4760,1017,FR,18,6.23809,-0.10767,0.30023,134,134,134,0.27912,6.36081,-0.13626,1,1,0.450
45.4760,1017,BR,11,5.78652,-0.09855,0.30232,134,134,134,0.28121,5.85440,-0.10642,1,1,0.450
45.4860,1018,FL,2,6.10775,0.17546,0.30941,131,131,131,0.28828,6.22679,0.19383,1,1,0.450
45.4860,1018,BL,25,5.92113,0.16225,0.29992,134,134,134,0.27882,5.99117,0.15563,1,1,0.450
45.4860,1018,FR,17,6.23876,-0.10750,0.30026,134,134,134,0.27916,6.36144,-0.13594,1,1,0.450
45.4860,1018,BR,10,5.78723,-0.09848,0.30246,134,134,134,0.28135,5.85501,-0.10605,1,1,0.450
45.4960,1018,FL,2,6.10770,0.17513,0.30934,131,131,131,0.28821,6.22688,0.19370,1,1,0.450
45.4960,1018,BL,25,5.92128,0.16189,0.29992,134,134,134,0.27882,5.99508,0.15492,1,1,0.450
45.4960,1018,FR,17,6.23909,-0.10699,0.30024,134,134,134,0.27914,6.36268,-0.13569,1,1,0.450
45.4960,1018,BR,10,5.78715,-0.09764,0.30268,134,134,134,0.28157,5.85507,-0.10518,1,1,0.450
45.5060,1018,FL,2,6.10673,0.17447,0.30960,131,131,131,0.28847,6.22624,0.19314,1,1,0.450
45.5060,1018,BL,25,5.92105,0.16231,0.29990,134,134,134,0.27880,5.99532,0.15554,1,1,0.450
45.5060,1018,FR,17,6.23863,-0.10695,0.30033,134,134,134,0.27922,6.36234,-0.13511,1,1,0.450
45.5060,1018,BR,10,5.78647,-0.09801,0.30274,134,134,134,0.28163,5.85498,-0.10475,1,1,0.450
45.5180,1019,FL,1,6.10778,0.17440,0.30955,131,131,131,0.28842,6.22897,0.19393,1,1,0.450
45.5180,1019,BL,24,5.92253,0.16303,0.29990,134,134,134,0.27880,5.99272,0.15692,1,1,0.450
45.5180,1019,FR,16,6.24004,-0.10642,0.30034,134,134,134,0.27924,6.36766,-0.13518,1,1,0.450
45.5180,1019,BR,9,5.78799,-0.09730,0.30283,134,134,134,0.28172,5.85640,-0.10384,1,1,0.450
45.5260,1019,FL,1,6.10683,0.17387,0.30951,131,131,131,0.28838,6.22803,0.19320,1,1,0.450
45.5280,1019,BL,24,5.92259,0.16289,0.29989,134,134,134,0.27879,5.99658,0.15658,1,1,0.450
45.5280,1019,FR,16,6.24007,-0.10598,0.30035,134,134,134,0.27925,6.36885,-0.13462,1,1,0.450
45.5280,1019,BR,9,5.78721,-0.09676,0.30285,134,134,134,0.28174,5.85648,-0.10268,1,1,0.450
45.5380,1019,FL,1,6.10666,0.17349,0.30986,131,131,131,0.28872,6.22856,0.19350,1,1,0.450
45.5380,1019,BL,24,5.92375,0.16385,0.29986,134,134,134,0.27875,5.99826,0.15777,1,1,0.450
45.5380,1019,FR,16,6.24083,-0.10557,0.30046,134,134,134,0.27936,6.36973,-0.13374,1,1,0.450
45.5380,1019,BR,9,5.78777,-0.09649,0.30282,134,134,134,0.28171,5.85771,-0.10160,1,1,0.450
45.5480,1020,FL,30,6.37578,0.17372,0.30002,134,134,134,0.27892,6.47943,0.18438,1,1,0.450
45.5480,1020,BL,23,5.92554,0.16519,0.29983,134,134,134,0.27873,5.99591,0.15969,1,1,0.450
45.5480,1020,FR,15,6.24233,-0.10475,0.30056,134,134,134,0.27945,6.37119,-0.13278,1,1,0.450
45.5480,1020,BR,8,5.78910,-0.09558,0.30271,134,134,134,0.28160,5.85958,-0.09981,1,1,0.450
45.5660,1020,FL,30,6.37651,0.17395,0.30002,134,134,134,0.27892,6.49115,0.18534,1,1,0.450
45.5660,1020,BL,23,5.92631,0.16551,0.29988,134,134,134,0.27878,6.00264,0.16000,1,1,0.450
45.5680,1020,FR,15,6.24342,-0.10376,0.30063,134,134,134,0.27953,6.37197,-0.13253,1,1,0.450
45.5680,1020,BR,8,5.79029,-0.09369,0.30322,134,134,134,0.28211,5.86071,-0.09780,1,1,0.450
45.5820,1021,FL,29,6.38026,0.17560,0.30004,134,134,134,0.27894,6.49024,0.18715,1,1,0.450
45.5820,1021,BL,22,5.92984,0.16801,0.29985,134,134,134,0.27875,6.00219,0.16342,1,1,0.450
45.5820,1021,FR,14,6.24534,-0.10304,0.30069,134,134,134,0.27959,6.37579,-0.13011,1,1,0.450
45.5820,1021,BR,7,5.79038,-0.09383,0.30339,134,134,134,0.28227,5.86360,-0.09570,1,1,0.450
45.5940,1021,FL,29,6.38297,0.17642,0.30004,134,134,134,0.27893,6.50132,0.18830,1,1,0.450
45.5940,1021,BL,22,5.93232,0.16878,0.29981,134,134,134,0.27871,6.01006,0.16463,1,1,0.450
45.5940,1021,FR,14,6.24672,-0.10284,0.30058,134,134,134,0.27947,6.37920,-0.12900,1,1,0.450
45.5940,1021,BR,7,5.79030,-0.09366,0.30281,134,134,134,0.28170,5.86510,-0.09432,1,1,0.450
45.6100,1022,FL,28,6.38412,0.17710,0.30006,134,134,134,0.27896,6.49752,0.18938,1,1,0.450
45.6100,1022,BL,21,5.93331,0.16987,0.29976,134,134,134,0.27866,6.00685,0.16677,1,1,0.450
45.6120,1022,FR,13,6.24695,-0.10266,0.30063,134,134,134,0.27952,6.38006,-0.12809,1,1,0.450
45.6120,1022,BR,6,5.79020,-0.09363,0.30266,134,134,134,0.28155,5.86561,-0.09339,1,1,0.450
45.6240,1022,FL,28,6.38525,0.17757,0.30004,134,134,134,0.27894,6.50586,0.19020,1,1,0.450
45.6260,1022,BL,21,5.93426,0.17015,0.29975,134,134,134,0.27865,6.01235,0.16733,1,1,0.450
45.6260,1022,FR,13,6.24755,-0.10248,0.30058,134,134,134,0.27947,6.38149,-0.12761,1,1,0.450
45.6260,1022,BR,6,5.79033,-0.09331,0.30255,134,134,134,0.28144,5.86616,-0.09240,1,1,0.450
45.6360,1023,FL,27,6.38590,0.17844,0.30007,134,134,134,0.27897,6.50146,0.19161,1,1,0.450
45.6360,1023,BL,20,5.93483,0.17134,0.29976,134,134,134,0.27865,6.00831,0.16947,1,1,0.450
45.6360,1023,FR,12,6.24774,-0.10192,0.30085,134,134,134,0.27974,6.38185,-0.12657,1,1,0.450
45.6360,1023,BR,5,5.79051,-0.09300,0.30328,134,134,134,0.28216,5.86655,-0.09122,1,1,0.450
45.6500,1023,FL,27,6.38627,0.17868,0.30003,134,134,134,0.27893,6.50845,0.19232,1,1,0.450
45.6500,1023,BL,20,5.93501,0.17116,0.29977,134,134,134,0.27867,6.01273,0.16966,1,1,0.450
45.6500,1023,FR,12,6.24792,-0.10186,0.30089,134,134,134,0.27978,6.38246,-0.12649,1,1,0.450
45.6520,1023,BR,5,5.79049,-0.09260,0.30359,134,134,134,0.28248,5.86665,-0.09052,1,1,0.450
45.6620,1024,FL,26,6.38645,0.17953,0.30006,134,134,134,0.27896,6.50346,0.19377,1,1,0.450
45.6620,1024,BL,19,5.93516,0.17242,0.29979,134,134,134,0.27869,6.00802,0.17174,1,1,0.450
45.6620,1024,FR,11,6.24789,-0.10110,0.30124,134,134,134,0.28014,6.38221,-0.12546,1,1,0.450
45.6620,1024,BR,4,5.79067,-0.09194,0.30457,134,134,134,0.28345,5.86673,-0.08903,1,1,0.450
45.6740,1024,FL,26,6.38592,0.17959,0.30001,134,134,134,0.27891,6.50923,0.19436,1,1,0.450
45.6740,1024,BL,19,5.93447,0.17210,0.29983,134,134,134,0.27873,6.01128,0.17181,1,1,0.450
45.6740,1024,FR,11,6.24743,-0.10114,0.30139,134,134,134,0.28028,6.38173,-0.12558,1,1,0.450
45.6740,1024,BR,4,5.79021,-0.09155,0.30509,133,133,133,0.28397,5.86635,-0.08827,1,1,0.450
45.6820,1024,FL,26,6.38631,0.18043,0.30004,134,134,134,0.27894,6.50957,0.19498,1,1,0.450
45.6840,1024,BL,19,5.93481,0.17346,0.29983,134,134,134,0.27873,6.01189,0.17315,1,1,0.450
45.6840,1024,FR,11,6.24740,-0.10036,0.30168,134,134,134,0.28057,6.38162,-0.12454,1,1,0.450
45.6840,1024,BR,4,5.79048,-0.09075,0.30584,132,132,132,0.28472,5.86611,-0.08676,1,1,0.450
45.6940,1025,FL,25,6.38556,0.18080,0.30005,134,134,134,0.27894,6.50365,0.19611,1,1,0.450
45.6940,1025,BL,18,5.93408,0.17394,0.29988,134,134,134,0.27878,6.00588,0.17462,1,1,0.450
45.6940,1025,FR,10,6.24678,-0.10014,0.30186,134,134,134,0.28076,6.38063,-0.12411,1,1,0.450
45.6940,1025,BR,3,5.79004,-0.09059,0.30632,132,132,132,0.28520,5.86550,-0.08597,1,1,0.450
45.7060,1025,FL,25,6.38521,0.18093,0.29998,134,134,134,0.27888,6.50940,0.19685,1,1,0.450
45.7060,1025,BL,18,5.93355,0.17378,0.29991,134,134,134,0.27880,6.00923,0.17491,1,1,0.450
45.7060,1025,FR,10,6.24640,-0.10022,0.30201,134,134,134,0.28090,6.38017,-0.12414,1,1,0.450
45.7060,1025,BR,3,5.78986,-0.09017,0.30663,132,132,132,0.28551,5.86493,-0.08526,1,1,0.450
45.7160,1025,FL,25,6.38506,0.18182,0.30003,134,134,134,0.27892,6.50923,0.19756,1,1,0.450
45.7160,1025,BL,18,5.93335,0.17507,0.29990,134,134,134,0.27880,6.00929,0.17638,1,1,0.450
45.7160,1025,FR,10,6.24590,-0.09975,0.30225,134,134,134,0.28114,6.37942,-0.12309,1,1,0.450
45.7160,1025,BR,3,5.79004,-0.08980,0.30698,132,132,132,0.28586,5.86386,-0.08430,1,1,0.450
45.7280,1026,FL,24,6.38394,0.18235,0.30003,134,134,134,0.27893,6.50284,0.19891,1,1,0.450
45.7280,1026,BL,17,5.93227,0.17561,0.29996,134,134,134,0.27885,6.00803,0.17728,1,1,0.450
45.7280,1026,FR,9,6.24511,-0.09964,0.30242,134,134,134,0.28131,6.37801,-0.12254,1,1,0.450
45.7280,1026,BR,2,5.78966,-0.08985,0.30727,132,132,132,0.28615,5.86293,-0.08376,1,1,0.450
45.7380,1026,FL,24,6.38315,0.18253,0.29996,134,134,134,0.27886,6.50803,0.19976,1,1,0.450
45.7380,1026,BL,17,5.93128,0.17515,0.29996,134,134,134,0.27886,6.00573,0.17860,1,1,0.450
45.7380,1026,FR,9,6.24456,-0.10012,0.30256,134,134,134,0.28145,6.37692,-0.12274,1,1,0.450
45.7380,1026,BR,2,5.78975,-0.08989,0.30726,132,132,132,0.28613,5.86220,-0.08390,1,1,0.450
45.7480,1026,FL,24,6.38214,0.18330,0.30001,134,134,134,0.27890,6.50690,0.20062,1,1,0.450
45.7480,1026,BL,17,5.93043,0.17587,0.29996,134,134,134,0.27886,6.00455,0.17971,1,1,0.450
45.7480,1026,FR,9,6.24413,-0.10001,0.30268,134,134,134,0.28157,6.37576,-0.12195,1,1,0.450
45.7480,1026,BR,2,5.78993,-0.09002,0.30723,132,132,132,0.28611,5.86141,-0.08391,1,1,0.450
45.7580,1027,FL,23,6.38110,0.18403,0.30001,134,134,134,0.27891,6.50048,0.20237,1,1,0.450
45.7580,1027,BL,16,5.92952,0.17630,0.30000,134,134,134,0.27890,6.00326,0.18068,1,1,0.450
45.7580,1027,FR,8,6.24378,-0.09998,0.30270,134,134,134,0.28159,6.37462,-0.12134,1,1,0.450
45.7580,1027,BR,1,5.79007,-0.09017,0.30718,132,132,132,0.28605,5.86091,-0.08405,1,1,0.450
45.7800,1027,FL,23,6.38036,0.18444,0.29998,134,134,134,0.27888,6.50020,0.20805,1,1,0.450
45.7800,1027,BL,16,5.92875,0.17549,0.30003,134,134,134,0.27893,6.00162,0.18131,1,1,0.450
45.7800,1027,FR,8,6.24387,-0.10059,0.30279,134,134,134,0.28168,6.37375,-0.12155,1,1,0.450
45.7800,1027,BR,1,5.79067,-0.09023,0.30699,132,132,132,0.28587,5.86119,-0.08488,1,1,0.450
45.7900,1028,FL,22,6.37738,0.18573,0.29988,134,134,134,0.27878,6.49299,0.20920,1,1,0.450
45.7900,1028,BL,15,5.92626,0.17589,0.30001,134,134,134,0.27891,5.99784,0.18289,1,1,0.450
45.7900,1028,FR,7,6.24350,-0.10058,0.30228,134,134,134,0.28117,6.37099,-0.12033,1,1,0.450
45.7900,1028,BR,30,6.06132,-0.08964,0.29988,134,134,134,0.27878,6.13916,-0.09248,1,1,0.450
45.8020,1028,FL,22,6.37640,0.18618,0.29986,134,134,134,0.27876,6.49520,0.21322,1,1,0.450
45.8020,1028,BL,15,5.92546,0.17481,0.30002,134,134,134,0.27892,5.99584,0.18336,1,1,0.450
45.8020,1028,FR,7,6.24363,-0.10115,0.30244,134,134,134,0.28133,6.37031,-0.12061,1,1,0.450
45.8020,1028,BR,30,6.06043,-0.08851,0.29987,134,134,134,0.27877,6.13671,-0.08545,1,1,0.450
45.8120,1029,FL,21,6.37459,0.18654,0.29985,134,134,134,0.27875,6.48935,0.21307,1,1,0.450
45.8120,1029,BL,14,5.92382,0.17535,0.30006,134,134,134,0.27896,5.99380,0.18386,1,1,0.450
45.8120,1029,FR,6,6.24250,-0.10081,0.30267,134,134,134,0.28156,6.36827,-0.11991,1,1,0.450
45.8120,1029,BR,29,6.05865,-0.08804,0.29989,134,134,134,0.27879,6.13126,-0.08514,1,1,0.450
45.8220,1029,FL,21,6.37389,0.18646,0.29980,134,134,134,0.27869,6.49293,0.21533,1,1,0.450
45.8220,1029,BL,14,5.92325,0.17438,0.30014,134,134,134,0.27904,5.99211,0.18405,1,1,0.450
45.8220,1029,FR,6,6.24260,-0.10146,0.30245,134,134,134,0.28134,6.36736,-0.12049,1,1,0.450
45.8220,1029,BR,29,6.05764,-0.08700,0.29988,134,134,134,0.27878,6.13167,-0.08084,1,1,0.450
45.8320,1029,FL,21,6.37239,0.18656,0.29981,134,134,134,0.27871,6.49150,0.21513,1,1,0.450
45.8320,1029,BL,14,5.92183,0.17482,0.30013,134,134,134,0.27903,5.99056,0.18436,1,1,0.450
45.8320,1029,FR,6,6.24137,-0.10123,0.30251,134,134,134,0.28140,6.36557,-0.12011,1,1,0.450
45.8320,1029,BR,29,6.05614,-0.08677,0.29989,134,134,134,0.27879,6.13063,-0.08059,1,1,0.450
45.8440,1030,FL,20,6.37179,0.18681,0.29984,134,134,134,0.27873,6.48689,0.21505,1,1,0.450
45.8440,1030,BL,13,5.92136,0.17514,0.30026,134,134,134,0.27915,5.98972,0.18483,1,1,0.450
45.8440,1030,FR,5,6.24123,-0.10111,0.30281,134,134,134,0.28170,6.36475,-0.11988,1,1,0.450
45.8440,1030,BR,28,6.05547,-0.08642,0.29990,134,134,134,0.27879,6.12597,-0.08064,1,1,0.450
45.8540,1030,FL,20,6.37038,0.18645,0.29981,134,134,134,0.27870,6.49026,0.21634,1,1,0.450
45.8540,1030,BL,13,5.91980,0.17423,0.30045,134,134,134,0.27934,5.98763,0.18457,1,1,0.450
45.8540,1030,FR,5,6.24005,-0.10128,0.30315,134,134,134,0.28204,6.36265,-0.12015,1,1,0.450
45.8540,1030,BR,28,6.05374,-0.08561,0.29989,134,134,134,0.27879,6.12699,-0.07791,1,1,0.450
45.8680,1030,FL,20,6.36990,0.18658,0.29988,134,134,134,0.27878,6.48987,0.21613,1,1,0.450
45.8680,1030,BL,13,5.91940,0.17475,0.30060,134,134,134,0.27949,5.98709,0.18480,1,1,0.450
45.8680,1030,FR,5,6.23988,-0.10085,0.30383,134,134,134,0.28271,6.36192,-0.11964,1,1,0.450
45.8680,1030,BR,28,6.05333,-0.08548,0.29990,134,134,134,0.27880,6.12707,-0.07781,1,1,0.450
45.8860,1031,FL,19,6.36790,0.18683,0.29996,134,134,134,0.27886,6.48411,0.21561,1,1,0.450
45.8860,1031,BL,12,5.91717,0.17546,0.30095,134,134,134,0.27985,5.98515,0.18489,1,1,0.450
45.8860,1031,FR,4,6.23781,-0.09996,0.30488,133,133,133,0.28376,6.35895,-0.11843,1,1,0.450
45.8860,1031,BR,27,6.05137,-0.08533,0.29991,134,134,134,0.27881,6.12118,-0.07823,1,1,0.450
45.9020,1032,FL,18,6.36791,0.18655,0.30004,134,134,134,0.27894,6.48524,0.21566,1,1,0.450
45.9020,1032,BL,11,5.91683,0.17528,0.30156,134,134,134,0.28046,5.98453,0.18447,1,1,0.450
45.9020,1032,FR,3,6.23773,-0.09914,0.30674,132,132,132,0.28562,6.35775,-0.11753,1,1,0.450
45.9020,1032,BR,26,6.05106,-0.08457,0.29992,134,134,134,0.27881,6.12035,-0.07706,1,1,0.450
45.9160,1032,FL,18,6.36679,0.18632,0.30009,134,134,134,0.27899,6.48913,0.21597,1,1,0.450
45.9160,1032,BL,11,5.91539,0.17516,0.30192,134,134,134,0.28081,5.98304,0.18402,1,1,0.450
45.9160,1032,FR,3,6.23676,-0.09831,0.30746,132,132,132,0.28634,6.35577,-0.11639,1,1,0.450
45.9160,1032,BR,26,6.04980,-0.08398,0.29992,134,134,134,0.27882,6.12326,-0.07597,1,1,0.450
45.9280,1032,FL,18,6.36697,0.18643,0.30021,134,134,134,0.27911,6.48947,0.21547,1,1,0.450
45.9280,1032,BL,11,5.91550,0.17582,0.30212,134,134,134,0.28101,5.98334,0.18387,1,1,0.450
45.9280,1032,FR,3,6.23690,-0.09739,0.30856,131,131,131,0.28743,6.35584,-0.11538,1,1,0.450
45.9280,1032,BR,26,6.05017,-0.08418,0.29991,134,134,134,0.27881,6.12415,-0.07650,1,1,0.450
45.9380,1033,FL,17,6.36713,0.18633,0.30022,134,134,134,0.27912,6.48958,0.21519,1,1,0.450
45.9380,1033,BL,10,5.91568,0.17581,0.30219,134,134,134,0.28108,5.98347,0.18352,1,1,0.450
45.9420,1033,FR,2,6.23710,-0.09694,0.30877,131,131,131,0.28764,6.35648,-0.11509,1,1,0.450
45.9420,1033,BR,25,6.05032,-0.08443,0.29992,134,134,134,0.27881,6.12028,-0.07751,1,1,0.450
45.9540,1033,FL,17,6.36826,0.18568,0.30020,134,134,134,0.27910,6.49151,0.21489,1,1,0.450
45.9540,1033,BL,10,5.91654,0.17471,0.30241,134,134,134,0.28130,5.98427,0.18250,1,1,0.450
45.9540,1033,FR,2,6.23785,-0.09672,0.30876,131,131,131,0.28763,6.35787,-0.11539,1,1,0.450
45.9540,1033,BR,25,6.05125,-0.08420,0.29992,134,134,134,0.27881,6.12495,-0.07691,1,1,0.450
45.9660,1034,FL,16,6.36752,0.18552,0.30031,134,134,134,0.27921,6.49507,0.21459,1,1,0.450
45.9660,1034,BL,9,5.91532,0.17517,0.30247,134,134,134,0.28136,5.98411,0.18167,1,1,0.450
45.9660,1034,FR,1,6.23612,-0.09570,0.30905,131,131,131,0.28792,6.35675,-0.11443,1,1,0.450
45.9660,1034,BR,24,6.05082,-0.08491,0.29990,134,134,134,0.27879,6.12090,-0.07839,1,1,0.450
45.9760,1034,FL,16,6.36753,0.18517,0.30031,134,134,134,0.27920,6.49635,0.21402,1,1,0.450
45.9760,1034,BL,9,5.91459,0.17463,0.30252,134,134,134,0.28141,5.98403,0.18059,1,1,0.450
45.9760,1034,FR,1,6.23520,-0.09515,0.30917,131,131,131,0.28803,6.35601,-0.11367,1,1,0.450
45.9760,1034,BR,24,6.05098,-0.08479,0.29988,134,134,134,0.27878,6.12500,-0.07830,1,1,0.450
45.9880,1034,FL,16,6.37011,0.18428,0.30040,134,134,134,0.27930,6.49867,0.21298,1,1,0.450
45.9880,1034,BL,9,5.91730,0.17356,0.30252,134,134,134,0.28141,5.98698,0.17904,1,1,0.450
45.9880,1034,FR,1,6.23686,-0.09520,0.30926,131,131,131,0.28813,6.35971,-0.11522,1,1,0.450
45.9880,1034,BR,24,6.05384,-0.08615,0.29985,134,134,134,0.27875,6.12833,-0.07980,1,1,0.450
46.0000,1035,FL,15,6.37173,0.18337,0.30052,134,134,134,0.27942,6.50031,0.21189,1,1,0.450
46.0000,1035,BL,8,5.91857,0.17269,0.30235,134,134,134,0.28124,5.98912,0.17710,1,1,0.450
46.0000,1035,FR,30,6.50594,-0.09452,0.30002,134,134,134,0.27892,6.60963,-0.10483,1,1,0.450
46.0000,1035,BR,23,6.05571,-0.08754,0.29982,134,134,134,0.27872,6.12595,-0.08171,1,1,0.450
46.0200,1035,FL,15,6.37256,0.18271,0.30050,134,134,134,0.27939,6.50177,0.21120,1,1,0.450
46.0200,1035,BL,8,5.91873,0.17172,0.30242,134,134,134,0.28131,5.99019,0.17534,1,1,0.450
46.0200,1035,FR,30,6.50699,-0.09493,0.30002,134,134,134,0.27892,6.62168,-0.10593,1,1,0.450
46.0200,1035,BR,23,6.05674,-0.08802,0.29984,134,134,134,0.27874,6.13311,-0.08231,1,1,0.450
46.0320,1036,FL,14,6.37385,0.18204,0.30058,134,134,134,0.27947,6.50464,0.20896,1,1,0.450
46.0320,1036,BL,7,5.91855,0.17195,0.30261,134,134,134,0.28150,5.99238,0.17340,1,1,0.450
46.0320,1036,FR,29,6.50984,-0.09655,0.30004,134,134,134,0.27894,6.61983,-0.10772,1,1,0.450
46.0320,1036,BR,22,6.05938,-0.09028,0.29982,134,134,134,0.27871,6.13178,-0.08558,1,1,0.450
46.0400,1036,FL,14,6.37441,0.18202,0.30046,134,134,134,0.27935,6.50665,0.20838,1,1,0.450
46.0400,1036,BL,7,5.91812,0.17191,0.30210,134,134,134,0.28099,5.99288,0.17258,1,1,0.450
46.0400,1036,FR,29,6.51118,-0.09700,0.30004,134,134,134,0.27893,6.62954,-0.10857,1,1,0.450
46.0400,1036,BR,22,6.06054,-0.09041,0.29978,134,134,134,0.27868,6.13818,-0.08610,1,1,0.450
46.0520,1037,FL,13,6.37454,0.18193,0.30054,134,134,134,0.27943,6.50727,0.20769,1,1,0.450
46.0520,1037,BL,6,5.91800,0.17203,0.30210,134,134,134,0.28099,5.99321,0.17206,1,1,0.450
46.0520,1037,FR,28,6.51199,-0.09751,0.30006,134,134,134,0.27896,6.62542,-0.10955,1,1,0.450
46.0520,1037,BR,21,6.06121,-0.09115,0.29973,134,134,134,0.27863,6.13455,-0.08785,1,1,0.450
46.0600,1037,FL,13,6.37498,0.18199,0.30040,134,134,134,0.27930,6.50867,0.20750,1,1,0.450
46.0600,1037,BL,6,5.91784,0.17192,0.30178,134,134,134,0.28067,5.99360,0.17152,1,1,0.450
46.0620,1037,FR,28,6.51295,-0.09773,0.30004,134,134,134,0.27893,6.63359,-0.11015,1,1,0.450
46.0620,1037,BR,21,6.06199,-0.09106,0.29971,134,134,134,0.27861,6.13988,-0.08801,1,1,0.450
46.0720,1037,FL,13,6.37503,0.18183,0.30050,134,134,134,0.27939,6.50896,0.20688,1,1,0.450
46.0720,1037,BL,6,5.91791,0.17196,0.30185,134,134,134,0.28074,5.99375,0.17105,1,1,0.450
46.0720,1037,FR,28,6.51346,-0.09820,0.30006,134,134,134,0.27896,6.63402,-0.11049,1,1,0.450
46.0720,1037,BR,21,6.06242,-0.09174,0.29968,134,134,134,0.27857,6.14071,-0.08893,1,1,0.450
46.0820,1038,FL,12,6.37535,0.18139,0.30067,134,134,134,0.27956,6.50943,0.20613,1,1,0.450
46.0820,1038,BL,5,5.91808,0.17164,0.30244,134,134,134,0.28133,5.99413,0.17007,1,1,0.450
46.0820,1038,FR,27,6.51400,-0.09887,0.30007,134,134,134,0.27896,6.62959,-0.11182,1,1,0.450
46.0820,1038,BR,20,6.06294,-0.09257,0.29971,134,134,134,0.27861,6.13629,-0.09065,1,1,0.450
46.0920,1038,FL,12,6.37550,0.18142,0.30069,134,134,134,0.27959,6.51004,0.20622,1,1,0.450
46.0920,1038,BL,5,5.91802,0.17130,0.30269,134,134,134,0.28158,5.99426,0.16957,1,1,0.450
46.0920,1038,FR,27,6.51435,-0.09893,0.30003,134,134,134,0.27893,6.63655,-0.11236,1,1,0.450
46.0920,1038,BR,20,6.06311,-0.09223,0.29972,134,134,134,0.27862,6.14069,-0.09057,1,1,0.450
46.1020,1038,FL,12,6.37593,0.18083,0.30093,134,134,134,0.27983,6.51050,0.20539,1,1,0.450
46.1020,1038,BL,5,5.91857,0.17076,0.30327,134,134,134,0.28216,5.99470,0.16851,1,1,0.450
46.1020,1038,FR,27,6.51515,-0.09961,0.30006,134,134,134,0.27896,6.63730,-0.11290,1,1,0.450
46.1020,1038,BR,20,6.06385,-0.09327,0.29972,134,134,134,0.27862,6.14176,-0.09167,1,1,0.450
46.1120,1039,FL,11,6.37596,0.18029,0.30115,134,134,134,0.28004,6.51034,0.20476,1,1,0.450
46.1120,1039,BL,4,5.91866,0.17019,0.30397,134,134,134,0.28286,5.99479,0.16732,1,1,0.450
46.1120,1039,FR,26,6.51520,-0.10016,0.30006,134,134,134,0.27896,6.63226,-0.11413,1,1,0.450
46.1120,1039,BR,19,6.06390,-0.09403,0.29977,134,134,134,0.27867,6.13668,-0.09327,1,1,0.450
46.1220,1039,FL,11,6.37588,0.18025,0.30126,134,134,134,0.28015,6.51041,0.20492,1,1,0.450
46.1220,1039,BL,4,5.91855,0.16966,0.30440,134,134,134,0.28328,5.99469,0.16661,1,1,0.450
46.1240,1039,FR,26,6.51520,-0.10019,0.30001,134,134,134,0.27891,6.63856,-0.11467,1,1,0.450
46.1240,1039,BR,19,6.06372,-0.09373,0.29979,134,134,134,0.27869,6.14054,-0.09322,1,1,0.450
46.1340,1039,FL,11,6.37503,0.17985,0.30156,134,134,134,0.28045,6.50925,0.20425,1,1,0.450
46.1340,1039,BL,4,5.91802,0.16936,0.30510,133,133,133,0.28399,5.99381,0.16564,1,1,0.450
46.1340,1039,FR,26,6.51447,-0.10068,0.30005,134,134,134,0.27894,6.63776,-0.11501,1,1,0.450
46.1340,1039,BR,19,6.06297,-0.09458,0.29980,134,134,134,0.27870,6.13999,-0.09410,1,1,0.450
46.1420,1040,FL,10,6.37423,0.17948,0.30177,134,134,134,0.28066,6.50805,0.20355,1,1,0.450
46.1420,1040,BL,3,5.91751,0.16908,0.30566,133,133,133,0.28454,5.99289,0.16457,1,1,0.450
46.1420,1040,FR,25,6.51359,-0.10125,0.30005,134,134,134,0.27895,6.63172,-0.11633,1,1,0.450
46.1420,1040,BR,18,6.06212,-0.09537,0.29985,134,134,134,0.27875,6.13381,-0.09586,1,1,0.450
46.1520,1040,FL,10,6.37471,0.17954,0.30180,134,134,134,0.28069,6.50881,0.20367,1,1,0.450
46.1520,1040,BL,3,5.91809,0.16853,0.30568,133,133,133,0.28456,5.99302,0.16405,1,1,0.450
46.1520,1040,FR,25,6.51438,-0.10138,0.29998,134,134,134,0.27888,6.63864,-0.11706,1,1,0.450
46.1540,1040,BR,18,6.06267,-0.09515,0.29985,134,134,134,0.27875,6.13838,-0.09611,1,1,0.450
46.1640,1040,FL,10,6.37404,0.17913,0.30210,134,134,134,0.28099,6.50776,0.20284,1,1,0.450
46.1640,1040,BL,3,5.91797,0.16825,0.30616,132,132,132,0.28503,5.99207,0.16315,1,1,0.450
46.1640,1040,FR,25,6.51385,-0.10204,0.30003,134,134,134,0.27893,6.63805,-0.11755,1,1,0.450
46.1640,1040,BR,18,6.06211,-0.09615,0.29986,134,134,134,0.27875,6.13809,-0.09722,1,1,0.450
46.1740,1041,FL,9,6.37340,0.17892,0.30225,134,134,134,0.28114,6.50661,0.20203,1,1,0.450
46.1740,1041,BL,2,5.91791,0.16822,0.30635,132,132,132,0.28523,5.99099,0.16258,1,1,0.450
46.1740,1041,FR,24,6.51304,-0.10280,0.30003,134,134,134,0.27893,6.63200,-0.11915,1,1,0.450
46.1740,1041,BR,17,6.06133,-0.09696,0.29990,134,134,134,0.27880,6.13714,-0.09840,1,1,0.450
46.1840,1041,FL,9,6.37290,0.17940,0.30239,134,134,134,0.28128,6.50570,0.20239,1,1,0.450
46.1860,1041,BL,2,5.91792,0.16820,0.30637,132,132,132,0.28524,5.99039,0.16265,1,1,0.450
46.1860,1041,FR,24,6.51240,-0.10284,0.29996,134,134,134,0.27886,6.63734,-0.11983,1,1,0.450
46.1860,1041,BR,17,6.06045,-0.09638,0.29991,134,134,134,0.27881,6.13504,-0.09955,1,1,0.450
46.1960,1041,FL,9,6.37216,0.17936,0.30253,134,134,134,0.28142,6.50413,0.20172,1,1,0.450
46.1960,1041,BL,2,5.91777,0.16844,0.30643,132,132,132,0.28531,5.98944,0.16265,1,1,0.450
46.1960,1041,FR,24,6.51099,-0.10347,0.30001,134,134,134,0.27891,6.63580,-0.12052,1,1,0.450
46.1960,1041,BR,17,6.05923,-0.09699,0.29991,134,134,134,0.27880,6.13344,-0.10047,1,1,0.450
46.2060,1042,FL,8,6.37176,0.17933,0.30257,134,134,134,0.28146,6.50276,0.20097,1,1,0.450
46.2060,1042,BL,1,5.91798,0.16861,0.30633,132,132,132,0.28521,5.98886,0.16280,1,1,0.450
46.2060,1042,FR,23,6.50977,-0.10433,0.30001,134,134,134,0.27891,6.62920,-0.12244,1,1,0.450
46.2060,1042,BR,16,6.05816,-0.09752,0.29995,134,134,134,0.27885,6.13190,-0.10162,1,1,0.450
46.2300,1042,FL,8,6.37162,0.18000,0.30258,134,134,134,0.28147,6.50158,0.20134,1,1,0.450
46.2320,1042,BL,1,5.91821,0.16874,0.30625,132,132,132,0.28513,5.98899,0.16349,1,1,0.450
46.2320,1042,FR,23,6.50869,-0.10458,0.29998,134,134,134,0.27887,6.62857,-0.12792,1,1,0.450
46.2320,1042,BR,16,6.05709,-0.09663,0.29998,134,134,134,0.27888,6.12988,-0.10210,1,1,0.450
46.2460,1043,FL,7,6.37150,0.17993,0.30213,134,134,134,0.28102,6.49892,0.19985,1,1,0.450
46.2460,1043,BL,30,6.18926,0.16861,0.29988,134,134,134,0.27878,6.26710,0.17156,1,1,0.450
46.2460,1043,FR,22,6.50582,-0.10616,0.29988,134,134,134,0.27878,6.62148,-0.12944,1,1,0.450
46.2460,1043,BR,15,6.05474,-0.09717,0.29997,134,134,134,0.27887,6.12618,-0.10399,1,1,0.450
46.2600,1043,FL,7,6.37036,0.17989,0.30291,134,134,134,0.28180,6.49667,0.19948,1,1,0.450
46.2600,1043,BL,30,6.18717,0.16723,0.29987,134,134,134,0.27877,6.26347,0.16433,1,1,0.450
46.2600,1043,FR,22,6.50369,-0.10685,0.29989,134,134,134,0.27879,6.62259,-0.13353,1,1,0.450
46.2600,1043,BR,15,6.05273,-0.09669,0.30013,134,134,134,0.27903,6.12302,-0.10465,1,1,0.450
46.2720,1044,FL,6,6.37030,0.17977,0.30266,134,134,134,0.28155,6.49537,0.19886,1,1,0.450
46.2720,1044,BL,29,6.18586,0.16647,0.29989,134,134,134,0.27879,6.25851,0.16379,1,1,0.450
46.2720,1044,FR,21,6.50242,-0.10739,0.29985,134,134,134,0.27875,6.61720,-0.13364,1,1,0.450
46.2740,1044,BR,14,6.05183,-0.09728,0.30013,134,134,134,0.27903,6.12124,-0.10560,1,1,0.450
46.2840,1044,FL,6,6.36970,0.18021,0.30276,134,134,134,0.28165,6.49383,0.19937,1,1,0.450
46.2840,1044,BL,29,6.18433,0.16547,0.29988,134,134,134,0.27878,6.25841,0.15953,1,1,0.450
46.2840,1044,FR,21,6.50122,-0.10726,0.29982,134,134,134,0.27872,6.62031,-0.13581,1,1,0.450
46.2840,1044,BR,14,6.05067,-0.09635,0.30022,134,134,134,0.27912,6.11917,-0.10572,1,1,0.450
46.2940,1045,FL,5,6.36902,0.17980,0.30313,134,134,134,0.28202,6.49235,0.19874,1,1,0.450
46.2940,1045,BL,28,6.18314,0.16513,0.29990,134,134,134,0.27880,6.25366,0.15952,1,1,0.450
46.2940,1045,FR,20,6.50001,-0.10748,0.29985,134,134,134,0.27875,6.61517,-0.13535,1,1,0.450
46.2940,1045,BR,13,6.04961,-0.09696,0.30030,134,134,134,0.27920,6.11782,-0.10614,1,1,0.450
46.3040,1045,FL,5,6.36856,0.18013,0.30341,134,134,134,0.28229,6.49109,0.19919,1,1,0.450
46.3040,1045,BL,28,6.18204,0.16429,0.29989,134,134,134,0.27879,6.25533,0.15680,1,1,0.450
46.3040,1045,FR,20,6.49923,-0.10718,0.29982,134,134,134,0.27871,6.61913,-0.13677,1,1,0.450
46.3060,1045,BR,13,6.04875,-0.09595,0.30048,134,134,134,0.27937,6.11628,-0.10598,1,1,0.450
46.3160,1045,FL,5,6.36793,0.17953,0.30410,134,134,134,0.28299,6.48991,0.19846,1,1,0.450
46.3160,1045,BL,28,6.18125,0.16415,0.29990,134,134,134,0.27880,6.25501,0.15668,1,1,0.450
46.3160,1045,FR,20,6.49834,-0.10736,0.29989,134,134,134,0.27879,6.61834,-0.13656,1,1,0.450
46.3160,1045,BR,13,6.04789,-0.09656,0.30061,134,134,134,0.27951,6.11541,-0.10616,1,1,0.450
46.3240,1046,FL,4,6.36608,0.17874,0.30505,133,133,133,0.28393,6.48731,0.19739,1,1,0.450
46.3240,1046,BL,27,6.17947,0.16399,0.29991,134,134,134,0.27880,6.24930,0.15709,1,1,0.450
46.3240,1046,FR,19,6.49650,-0.10765,0.29996,134,134,134,0.27886,6.61271,-0.13613,1,1,0.450
46.3240,1046,BR,12,6.04587,-0.09717,0.30092,134,134,134,0.27982,6.11357,-0.10629,1,1,0.450
46.3340,1046,FL,4,6.36674,0.17866,0.30586,132,132,132,0.28474,6.48736,0.19731,1,1,0.450
46.3340,1046,BL,27,6.17973,0.16322,0.29991,134,134,134,0.27881,6.25299,0.15527,1,1,0.450
46.3340,1046,FR,19,6.49705,-0.10735,0.29996,134,134,134,0.27886,6.61816,-0.13706,1,1,0.450
46.3360,1046,BR,12,6.04628,-0.09645,0.30130,134,134,134,0.28020,6.11341,-0.10600,1,1,0.450
46.3460,1046,FL,4,6.36611,0.17792,0.30664,132,132,132,0.28552,6.48624,0.19639,1,1,0.450
46.3460,1046,BL,27,6.17922,0.16319,0.29991,134,134,134,0.27881,6.25296,0.15537,1,1,0.450
46.3460,1046,FR,19,6.49642,-0.10751,0.30007,134,134,134,0.27897,6.61768,-0.13676,1,1,0.450
46.3460,1046,BR,12,6.04554,-0.09714,0.30144,134,134,134,0.28034,6.11298,-0.10605,1,1,0.450
46.3600,1047,FL,3,6.36570,0.17713,0.30765,132,132,132,0.28653,6.48530,0.19530,1,1,0.450
46.3600,1047,BL,26,6.17876,0.16313,0.29992,134,134,134,0.27882,6.24855,0.15600,1,1,0.450
46.3600,1047,FR,18,6.49594,-0.10771,0.30014,134,134,134,0.27903,6.61336,-0.13610,1,1,0.450
46.3600,1047,BR,11,6.04494,-0.09771,0.30174,134,134,134,0.28063,6.11245,-0.10608,1,1,0.450
46.3760,1047,FL,3,6.36509,0.17651,0.30856,131,131,131,0.28744,6.48410,0.19460,1,1,0.450
46.3760,1047,BL,26,6.17827,0.16252,0.29993,134,134,134,0.27882,6.25176,0.15488,1,1,0.450
46.3760,1047,FR,18,6.49569,-0.10739,0.30016,134,134,134,0.27906,6.61816,-0.13657,1,1,0.450
46.3760,1047,BR,11,6.04423,-0.09730,0.30221,134,134,134,0.28110,6.11182,-0.10552,1,1,0.450
46.3860,1048,FL,2,6.36421,0.17561,0.30915,131,131,131,0.28802,6.48313,0.19357,1,1,0.450
46.3880,1048,BL,25,6.17769,0.16281,0.29992,134,134,134,0.27882,6.24769,0.15598,1,1,0.450
46.3880,1048,FR,17,6.49489,-0.10743,0.30027,134,134,134,0.27917,6.61756,-0.13598,1,1,0.450
46.3880,1048,BR,10,6.04330,-0.09789,0.30235,134,134,134,0.28124,6.11122,-0.10527,1,1,0.450
46.3960,1048,FL,2,6.36494,0.17543,0.30913,131,131,131,0.28800,6.48425,0.19373,1,1,0.450
46.3960,1048,BL,25,6.17847,0.16247,0.29992,134,134,134,0.27881,6.25228,0.15540,1,1,0.450
46.3960,1048,FR,17,6.49585,-0.10691,0.30024,134,134,134,0.27913,6.61938,-0.13577,1,1,0.450
46.3960,1048,BR,10,6.04400,-0.09689,0.30258,134,134,134,0.28147,6.11176,-0.10446,1,1,0.450
46.4080,1048,FL,2,6.36394,0.17472,0.30933,131,131,131,0.28819,6.48350,0.19305,1,1,0.450
46.4080,1048,BL,25,6.17825,0.16289,0.29990,134,134,134,0.27879,6.25251,0.15601,1,1,0.450
46.4080,1048,FR,17,6.49541,-0.10686,0.30031,134,134,134,0.27921,6.61907,-0.13516,1,1,0.450
46.4080,1048,BR,10,6.04328,-0.09733,0.30256,134,134,134,0.28145,6.11175,-0.10401,1,1,0.450
46.4180,1049,FL,1,6.36501,0.17461,0.30929,131,131,131,0.28816,6.48643,0.19382,1,1,0.450
46.4180,1049,BL,24,6.17990,0.16372,0.29989,134,134,134,0.27879,6.25009,0.15752,1,1,0.450
46.4180,1049,FR,16,6.49697,-0.10628,0.30033,134,134,134,0.27923,6.62456,-0.13512,1,1,0.450
46.4180,1049,BR,9,6.04491,-0.09659,0.30264,134,134,134,0.28153,6.11335,-0.10296,1,1,0.450
46.4280,1049,FL,1,6.36493,0.17424,0.30923,131,131,131,0.28810,6.48703,0.19387,1,1,0.450
46.4280,1049,BL,24,6.18083,0.16378,0.29989,134,134,134,0.27879,6.25479,0.15734,1,1,0.450
46.4280,1049,FR,16,6.49794,-0.10556,0.30036,134,134,134,0.27926,6.62648,-0.13450,1,1,0.450
46.4280,1049,BR,9,6.04527,-0.09555,0.30279,134,134,134,0.28168,6.11435,-0.10149,1,1,0.450
46.4380,1049,FL,1,6.36486,0.17390,0.30949,131,131,131,0.28836,6.48812,0.19440,1,1,0.450
46.4380,1049,BL,24,6.18214,0.16485,0.29986,134,134,134,0.27876,6.25652,0.15849,1,1,0.450
46.4380,1049,FR,16,6.49891,-0.10502,0.30050,134,134,134,0.27940,6.62743,-0.13362,1,1,0.450
46.4380,1049,BR,9,6.04607,-0.09508,0.30289,134,134,134,0.28178,6.11582,-0.10022,1,1,0.450
46.4480,1050,FL,30,6.63300,0.17357,0.30002,134,134,134,0.27892,6.73668,0.18411,1,1,0.450
46.4480,1050,BL,23,6.18278,0.16574,0.29983,134,134,134,0.27873,6.25303,0.16007,1,1,0.450
46.4480,1050,FR,15,6.49925,-0.10462,0.30058,134,134,134,0.27948,6.62796,-0.13284,1,1,0.450
46.4480,1050,BR,8,6.04606,-0.09484,0.30264,134,134,134,0.28153,6.11655,-0.09896,1,1,0.450
46.4680,1050,FL,30,6.63567,0.17410,0.30002,134,134,134,0.27891,6.75034,0.18526,1,1,0.450
46.4680,1050,BL,23,6.18544,0.16657,0.29987,134,134,134,0.27877,6.26180,0.16090,1,1,0.450
46.4680,1050,FR,15,6.50194,-0.10336,0.30054,134,134,134,0.27944,6.63053,-0.13232,1,1,0.450
46.4680,1050,BR,8,6.04880,-0.09241,0.30297,134,134,134,0.28186,6.11923,-0.09663,1,1,0.450
46.4780,1051,FL,29,6.63794,0.17564,0.30003,134,134,134,0.27893,6.74792,0.18694,1,1,0.450
46.4780,1051,BL,22,6.18751,0.16887,0.29987,134,134,134,0.27876,6.25992,0.16413,1,1,0.450
46.4780,1051,FR,14,6.50260,-0.10265,0.30074,134,134,134,0.27964,6.63286,-0.13008,1,1,0.450
46.4780,1051,BR,7,6.04772,-0.09262,0.30352,134,134,134,0.28240,6.12105,-0.09446,1,1,0.450
46.4860,1051,FL,29,6.63998,0.17609,0.30003,134,134,134,0.27893,6.75834,0.18774,1,1,0.450
46.4880,1051,BL,22,6.18933,0.16909,0.29982,134,134,134,0.27872,6.26705,0.16475,1,1,0.450
46.4880,1051,FR,14,6.50352,-0.10272,0.30063,134,134,134,0.27952,6.63566,-0.12947,1,1,0.450
46.4880,1051,BR,7,6.04735,-0.09265,0.30301,134,134,134,0.28190,6.12193,-0.09374,1,1,0.450
46.4980,1051,FL,29,6.64004,0.17647,0.30005,134,134,134,0.27895,6.75828,0.18792,1,1,0.450
46.4980,1051,BL,22,6.18926,0.16970,0.29979,134,134,134,0.27869,6.26751,0.16570,1,1,0.450
46.4980,1051,FR,14,6.50295,-0.10272,0.30077,134,134,134,0.27967,6.63549,-0.12891,1,1,0.450
46.4980,1051,BR,7,6.04661,-0.09283,0.30327,134,134,134,0.28216,6.12160,-0.09322,1,1,0.450
46.5080,1052,FL,28,6.64181,0.17718,0.30006,134,134,134,0.27895,6.75526,0.18917,1,1,0.450
46.5080,1052,BL,21,6.19096,0.17081,0.29976,134,134,134,0.27866,6.26455,0.16771,1,1,0.450
46.5080,1052,FR,13,6.50393,-0.10249,0.30063,134,134,134,0.27953,6.63719,-0.12798,1,1,0.450
46.5080,1052,BR,6,6.04702,-0.09269,0.30273,134,134,134,0.28162,6.12266,-0.09232,1,1,0.450
46.5180,1052,FL,28,6.64250,0.17728,0.30003,134,134,134,0.27893,6.76313,0.18967,1,1,0.450
46.5180,1052,BL,21,6.19146,0.17061,0.29975,134,134,134,0.27865,6.26965,0.16773,1,1,0.450
46.5180,1052,FR,13,6.50422,-0.10252,0.30059,134,134,134,0.27949,6.63821,-0.12795,1,1,0.450
46.5180,1052,BR,6,6.04697,-0.09245,0.30266,134,134,134,0.28155,6.12284,-0.09176,1,1,0.450
46.5280,1052,FL,28,6.64302,0.17787,0.30006,134,134,134,0.27896,6.76358,0.19008,1,1,0.450
46.5280,1052,BL,21,6.19191,0.17150,0.29974,134,134,134,0.27864,6.27044,0.16877,1,1,0.450
46.5280,1052,FR,13,6.50433,-0.10214,0.30080,134,134,134,0.27970,6.63844,-0.12722,1,1,0.450
46.5280,1052,BR,6,6.04713,-0.09224,0.30315,134,134,134,0.28203,6.12311,-0.09094,1,1,0.450
46.5380,1053,FL,27,6.64271,0.17833,0.30007,134,134,134,0.27896,6.75830,0.19122,1,1,0.450
46.5380,1053,BL,20,6.19160,0.17208,0.29978,134,134,134,0.27868,6.26513,0.17024,1,1,0.450
46.5380,1053,FR,12,6.50396,-0.10184,0.30096,134,134,134,0.27985,6.63802,-0.12668,1,1,0.450
46.5380,1053,BR,5,6.04672,-0.09207,0.30371,134,134,134,0.28259,6.12286,-0.09014,1,1,0.450
46.5480,1053,FL,27,6.64361,0.17852,0.30003,134,134,134,0.27893,6.76584,0.19188,1,1,0.450
46.5480,1053,BL,20,6.19231,0.17193,0.29978,134,134,134,0.27868,6.27008,0.17034,1,1,0.450
46.5480,1053,FR,12,6.50453,-0.10180,0.30096,134,134,134,0.27986,6.63917,-0.12662,1,1,0.450
46.5480,1053,BR,5,6.04708,-0.09163,0.30384,134,134,134,0.28273,6.12321,-0.08960,1,1,0.450
46.5600,1053,FL,27,6.64313,0.17902,0.30006,134,134,134,0.27896,6.76526,0.19225,1,1,0.450
46.5600,1053,BL,20,6.19179,0.17271,0.29979,134,134,134,0.27869,6.26981,0.17121,1,1,0.450
46.5600,1053,FR,12,6.50396,-0.10138,0.30127,134,134,134,0.28016,6.63830,-0.12598,1,1,0.450
46.5600,1053,BR,5,6.04676,-0.09133,0.30462,134,134,134,0.28350,6.12281,-0.08865,1,1,0.450
46.5700,1054,FL,26,6.64312,0.17970,0.30006,134,134,134,0.27896,6.76019,0.19359,1,1,0.450
46.5700,1054,BL,19,6.19181,0.17368,0.29985,134,134,134,0.27874,6.26463,0.17298,1,1,0.450
46.5700,1054,FR,11,6.50393,-0.10071,0.30147,134,134,134,0.28037,6.63804,-0.12519,1,1,0.450
46.5700,1054,BR,4,6.04680,-0.09067,0.30536,133,133,133,0.28424,6.12284,-0.08724,1,1,0.450
46.5800,1054,FL,26,6.64251,0.17964,0.30001,134,134,134,0.27891,6.76587,0.19406,1,1,0.450
46.5800,1054,BL,19,6.19103,0.17325,0.29989,134,134,134,0.27879,6.26782,0.17287,1,1,0.450
46.5800,1054,FR,11,6.50338,-0.10083,0.30169,134,134,134,0.28058,6.63745,-0.12543,1,1,0.450
46.5800,1054,BR,4,6.04630,-0.09028,0.30602,132,132,132,0.28490,6.12225,-0.08660,1,1,0.450
46.5900,1054,FL,26,6.64338,0.18047,0.30004,134,134,134,0.27894,6.76670,0.19468,1,1,0.450
46.5900,1054,BL,19,6.19183,0.17462,0.29987,134,134,134,0.27877,6.26894,0.17423,1,1,0.450
46.5900,1054,FR,11,6.50370,-0.10008,0.30189,134,134,134,0.28078,6.63783,-0.12440,1,1,0.450
46.5900,1054,BR,4,6.04693,-0.08950,0.30642,132,132,132,0.28530,6.12228,-0.08523,1,1,0.450
46.6000,1055,FL,25,6.64251,0.18095,0.30005,134,134,134,0.27894,6.76065,0.19590,1,1,0.450
46.6000,1055,BL,18,6.19098,0.17531,0.29993,134,134,134,0.27883,6.26282,0.17588,1,1,0.450
46.6000,1055,FR,10,6.50297,-0.09970,0.30209,134,134,134,0.28099,6.63664,-0.12380,1,1,0.450
46.6000,1055,BR,3,6.04644,-0.08921,0.30697,132,132,132,0.28585,6.12160,-0.08411,1,1,0.450
46.6100,1055,FL,25,6.64261,0.18109,0.29999,134,134,134,0.27888,6.76689,0.19663,1,1,0.450
46.6100,1055,BL,18,6.19086,0.17511,0.29994,134,134,134,0.27884,6.26666,0.17618,1,1,0.450
46.6100,1055,FR,10,6.50288,-0.09991,0.30221,134,134,134,0.28110,6.63662,-0.12390,1,1,0.450
46.6100,1055,BR,3,6.04663,-0.08881,0.30710,132,132,132,0.28598,6.12101,-0.08372,1,1,0.450
46.6180,1055,FL,25,6.64153,0.18166,0.30003,134,134,134,0.27893,6.76574,0.19706,1,1,0.450
46.6180,1055,BL,18,6.18980,0.17591,0.29995,134,134,134,0.27885,6.26574,0.17719,1,1,0.450
46.6200,1055,FR,10,6.50188,-0.09969,0.30248,134,134,134,0.28137,6.63506,-0.12320,1,1,0.450
46.6200,1055,BR,3,6.04622,-0.08884,0.30748,132,132,132,0.28636,6.11988,-0.08311,1,1,0.450
46.6300,1056,FL,24,6.64096,0.18218,0.30003,134,134,134,0.27893,6.75992,0.19845,1,1,0.450
46.6300,1056,BL,17,6.18927,0.17642,0.29997,134,134,134,0.27886,6.26504,0.17804,1,1,0.450
46.6300,1056,FR,9,6.50147,-0.09959,0.30249,134,134,134,0.28138,6.63430,-0.12268,1,1,0.450
46.6300,1056,BR,2,6.04619,-0.08889,0.30747,132,132,132,0.28634,6.11918,-0.08282,1,1,0.450
46.6380,1056,FL,24,6.64014,0.18239,0.29996,134,134,134,0.27886,6.76507,0.19934,1,1,0.450
46.6380,1056,BL,17,6.18823,0.17595,0.29998,134,134,134,0.27888,6.26272,0.17937,1,1,0.450
46.6380,1056,FR,9,6.50095,-0.10009,0.30269,134,134,134,0.28158,6.63316,-0.12286,1,1,0.450
46.6380,1056,BR,2,6.04634,-0.08893,0.30744,132,132,132,0.28632,6.11849,-0.08304,1,1,0.450
46.6480,1056,FL,24,6.63930,0.18304,0.30001,134,134,134,0.27891,6.76411,0.20007,1,1,0.450
46.6480,1056,BL,17,6.18755,0.17655,0.29998,134,134,134,0.27887,6.26172,0.18030,1,1,0.450
46.6480,1056,FR,9,6.50064,-0.09999,0.30278,134,134,134,0.28167,6.63224,-0.12221,1,1,0.450
46.6500,1056,BR,2,6.04651,-0.08906,0.30740,132,132,132,0.28627,6.11792,-0.08308,1,1,0.450
46.6580,1057,FL,23,6.63864,0.18394,0.30001,134,134,134,0.27891,6.75808,0.20202,1,1,0.450
46.6580,1057,BL,16,6.18699,0.17709,0.30001,134,134,134,0.27891,6.26084,0.18142,1,1,0.450
46.6580,1057,FR,8,6.50060,-0.09985,0.30280,134,134,134,0.28169,6.63149,-0.12142,1,1,0.450
46.6580,1057,BR,1,6.04702,-0.08912,0.30720,132,132,132,0.28608,6.11759,-0.08321,1,1,0.450
46.6780,1057,FL,23,6.63719,0.18406,0.29998,134,134,134,0.27887,6.75706,0.20737,1,1,0.450
46.6780,1057,BL,16,6.18556,0.17609,0.30005,134,134,134,0.27894,6.25843,0.18178,1,1,0.450
46.6780,1057,FR,8,6.50019,-0.10062,0.30284,134,134,134,0.28173,6.62990,-0.12190,1,1,0.450
46.6780,1057,BR,1,6.04694,-0.08935,0.30724,132,132,132,0.28611,6.11778,-0.08396,1,1,0.450
46.6880,1058,FL,22,6.63482,0.18535,0.29989,134,134,134,0.27878,6.75051,0.20852,1,1,0.450
46.6880,1058,BL,15,6.18362,0.17657,0.30003,134,134,134,0.27893,6.25534,0.18335,1,1,0.450
46.6880,1058,FR,7,6.50007,-0.10051,0.30251,134,134,134,0.28140,6.62771,-0.12061,1,1,0.450
46.6880,1058,BR,30,6.31817,-0.08935,0.29988,134,134,134,0.27878,6.39600,-0.09236,1,1,0.450
46.6980,1058,FL,22,6.63378,0.18586,0.29990,134,134,134,0.27880,6.75280,0.21231,1,1,0.450
46.6980,1058,BL,15,6.18250,0.17606,0.30019,134,134,134,0.27909,6.25351,0.18371,1,1,0.450
46.6980,1058,FR,7,6.49940,-0.10031,0.30325,134,134,134,0.28213,6.62647,-0.12031,1,1,0.450
46.6980,1058,BR,30,6.31715,-0.08816,0.29988,134,134,134,0.27878,6.39344,-0.08534,1,1,0.450
46.7080,1058,FL,22,6.63214,0.18619,0.29989,134,134,134,0.27879,6.75131,0.21225,1,1,0.450
46.7080,1058,BL,15,6.18101,0.17651,0.30022,134,134,134,0.27912,6.25163,0.18426,1,1,0.450
46.7080,1058,FR,7,6.49842,-0.10009,0.30351,134,134,134,0.28240,6.62464,-0.11968,1,1,0.450
46.7080,1058,BR,30,6.31555,-0.08769,0.29990,134,134,134,0.27880,6.39233,-0.08498,1,1,0.450
46.7200,1059,FL,21,6.63125,0.18676,0.29988,134,134,134,0.27878,6.74615,0.21287,1,1,0.450
46.7200,1059,BL,14,6.18043,0.17688,0.30025,134,134,134,0.27915,6.25035,0.18510,1,1,0.450
46.7200,1059,FR,6,6.49846,-0.10015,0.30326,134,134,134,0.28215,6.62376,-0.11937,1,1,0.450
46.7200,1059,BR,29,6.31463,-0.08710,0.29990,134,134,134,0.27879,6.38729,-0.08448,1,1,0.450
46.7300,1059,FL,21,6.62998,0.18661,0.29983,134,134,134,0.27873,6.74922,0.21499,1,1,0.450
46.7300,1059,BL,14,6.17919,0.17596,0.30032,134,134,134,0.27921,6.24821,0.18524,1,1,0.450
46.7300,1059,FR,6,6.49782,-0.10066,0.30321,134,134,134,0.28210,6.62211,-0.11989,1,1,0.450
46.7300,1059,BR,29,6.31302,-0.08605,0.29989,134,134,134,0.27879,6.38709,-0.08019,1,1,0.450
46.7420,1060,FL,20,6.62888,0.18680,0.29987,134,134,134,0.27876,6.74418,0.21456,1,1,0.450
46.7420,1060,BL,13,6.17819,0.17643,0.30037,134,134,134,0.27927,6.24698,0.18565,1,1,0.450
46.7420,1060,FR,5,6.49714,-0.10041,0.30355,134,134,134,0.28244,6.62076,-0.11944,1,1,0.450
46.7420,1060,BR,28,6.31194,-0.08575,0.29990,134,134,134,0.27880,6.38247,-0.08020,1,1,0.450
46.7520,1060,FL,20,6.62694,0.18653,0.29984,134,134,134,0.27874,6.74708,0.21593,1,1,0.450
46.7520,1060,BL,13,6.17608,0.17555,0.30059,134,134,134,0.27949,6.24435,0.18545,1,1,0.450
46.7520,1060,FR,5,6.49544,-0.10060,0.30391,134,134,134,0.28280,6.61804,-0.11962,1,1,0.450
46.7520,1060,BR,28,6.30973,-0.08492,0.29990,134,134,134,0.27879,6.38303,-0.07748,1,1,0.450
46.7640,1060,FL,20,6.62635,0.18670,0.29991,134,134,134,0.27881,6.74655,0.21580,1,1,0.450
46.7640,1060,BL,13,6.17563,0.17608,0.30071,134,134,134,0.27961,6.24364,0.18579,1,1,0.450
46.7640,1060,FR,5,6.49525,-0.10021,0.30446,134,134,134,0.28334,6.61730,-0.11915,1,1,0.450
46.7640,1060,BR,28,6.30921,-0.08472,0.29990,134,134,134,0.27880,6.38301,-0.07732,1,1,0.450
46.7800,1061,FL,19,6.62585,0.18698,0.29998,134,134,134,0.27888,6.74217,0.21542,1,1,0.450
46.7800,1061,BL,12,6.17507,0.17666,0.30101,134,134,134,0.27991,6.24305,0.18601,1,1,0.450
46.7800,1061,FR,4,6.49498,-0.09954,0.30547,133,133,133,0.28435,6.61624,-0.11828,1,1,0.450
46.7800,1061,BR,27,6.30868,-0.08448,0.29991,134,134,134,0.27881,6.37853,-0.07763,1,1,0.450
46.7900,1061,FL,19,6.62500,0.18674,0.30002,134,134,134,0.27891,6.74638,0.21620,1,1,0.450
46.7900,1061,BL,12,6.17383,0.17631,0.30150,134,134,134,0.28039,6.24170,0.18563,1,1,0.450
46.7920,1061,FR,4,6.49399,-0.09896,0.30672,132,132,132,0.28560,6.61419,-0.11757,1,1,0.450
46.7920,1061,BR,27,6.30757,-0.08369,0.29992,134,134,134,0.27881,6.38083,-0.07582,1,1,0.450
46.8020,1062,FL,18,6.62371,0.18697,0.30013,134,134,134,0.27903,6.74132,0.21531,1,1,0.450
46.8020,1062,BL,11,6.17247,0.17715,0.30171,134,134,134,0.28061,6.24049,0.18574,1,1,0.450
46.8020,1062,FR,3,6.49283,-0.09806,0.30774,132,132,132,0.28662,6.61236,-0.11635,1,1,0.450
46.8020,1062,BR,26,6.30643,-0.08366,0.29992,134,134,134,0.27882,6.37625,-0.07651,1,1,0.450
46.8120,1062,FL,18,6.62336,0.18673,0.30012,134,134,134,0.27902,6.74590,0.21595,1,1,0.450
46.8120,1062,BL,11,6.17186,0.17664,0.30210,134,134,134,0.28100,6.23953,0.18534,1,1,0.450
46.8120,1062,FR,3,6.49265,-0.09758,0.30838,131,131,131,0.28725,6.61145,-0.11570,1,1,0.450
46.8120,1062,BR,26,6.30582,-0.08297,0.29992,134,134,134,0.27882,6.37935,-0.07533,1,1,0.450
46.8200,1062,FL,18,6.62361,0.18678,0.30021,134,134,134,0.27911,6.74619,0.21559,1,1,0.450
46.8220,1062,BL,11,6.17216,0.17707,0.30218,134,134,134,0.28107,6.23988,0.18526,1,1,0.450
46.8220,1062,FR,3,6.49298,-0.09700,0.30894,131,131,131,0.28781,6.61185,-0.11518,1,1,0.450
46.8220,1062,BR,26,6.30620,-0.08313,0.29991,134,134,134,0.27881,6.38022,-0.07569,1,1,0.450
46.8320,1063,FL,17,6.62360,0.18676,0.30024,134,134,134,0.27914,6.74621,0.21544,1,1,0.450
46.8320,1063,BL,10,6.17209,0.17715,0.30230,134,134,134,0.28119,6.23990,0.18506,1,1,0.450
46.8320,1063,FR,2,6.49292,-0.09662,0.30927,131,131,131,0.28814,6.61189,-0.11488,1,1,0.450
46.8320,1063,BR,25,6.30621,-0.08324,0.29992,134,134,134,0.27882,6.37619,-0.07650,1,1,0.450
46.8420,1063,FL,17,6.62315,0.18641,0.30024,134,134,134,0.27914,6.74679,0.21519,1,1,0.450
46.8420,1063,BL,10,6.17115,0.17660,0.30260,134,134,134,0.28149,6.23916,0.18434,1,1,0.450
46.8420,1063,FR,2,6.49216,-0.09613,0.30937,131,131,131,0.28824,6.61078,-0.11420,1,1,0.450
46.8420,1063,BR,25,6.30563,-0.08280,0.29992,134,134,134,0.27882,6.37942,-0.07573,1,1,0.450
46.8540,1063,FL,17,6.62405,0.18614,0.30032,134,134,134,0.27922,6.74757,0.21462,1,1,0.450
46.8540,1063,BL,10,6.17214,0.17648,0.30271,134,134,134,0.28160,6.24025,0.18378,1,1,0.450
46.8540,1063,FR,2,6.49279,-0.09577,0.30969,131,131,131,0.28856,6.61244,-0.11449,1,1,0.450
46.8540,1063,BR,25,6.30669,-0.08336,0.29991,134,134,134,0.27880,6.38097,-0.07648,1,1,0.450
46.8640,1064,FL,16,6.62480,0.18570,0.30035,134,134,134,0.27925,6.75238,0.21461,1,1,0.450
46.8640,1064,BL,9,6.17271,0.17609,0.30275,134,134,134,0.28164,6.24121,0.18280,1,1,0.450
46.8640,1064,FR,1,6.49290,-0.09536,0.30967,131,131,131,0.28854,6.61381,-0.11470,1,1,0.450
46.8640,1064,BR,24,6.30752,-0.08405,0.29990,134,134,134,0.27880,6.37767,-0.07781,1,1,0.450
46.8740,1064,FL,16,6.62562,0.18507,0.30034,134,134,134,0.27924,6.75419,0.21404,1,1,0.450
46.8740,1064,BL,9,6.17300,0.17513,0.30281,134,134,134,0.28170,6.24193,0.18153,1,1,0.450
46.8740,1064,FR,1,6.49295,-0.09512,0.30950,131,131,131,0.28837,6.61457,-0.11465,1,1,0.450
46.8760,1064,BR,24,6.30835,-0.08404,0.29989,134,134,134,0.27879,6.38231,-0.07760,1,1,0.450
46.8840,1064,FL,16,6.62653,0.18456,0.30047,134,134,134,0.27937,6.75502,0.21321,1,1,0.450
46.8840,1064,BL,9,6.17379,0.17469,0.30298,134,134,134,0.28187,6.24333,0.18031,1,1,0.450
46.8840,1064,FR,1,6.49282,-0.09470,0.30971,131,131,131,0.28858,6.61553,-0.11518,1,1,0.450
46.8840,1064,BR,24,6.30954,-0.08504,0.29987,134,134,134,0.27877,6.38393,-0.07872,1,1,0.450
46.8940,1065,FL,15,6.62674,0.18422,0.30056,134,134,134,0.27946,6.75555,0.21243,1,1,0.450
46.8940,1065,BL,8,6.17347,0.17456,0.30283,134,134,134,0.28172,6.24395,0.17912,1,1,0.450
46.8940,1065,FR,30,6.76030,-0.09406,0.30002,134,134,134,0.27892,6.86398,-0.10469,1,1,0.450
46.8940,1065,BR,23,6.31009,-0.08588,0.29984,134,134,134,0.27874,6.38036,-0.08025,1,1,0.450
46.9140,1065,FL,15,6.62931,0.18304,0.30055,134,134,134,0.27945,6.75806,0.21190,1,1,0.450
46.9160,1065,BL,8,6.17609,0.17237,0.30281,134,134,134,0.28170,6.24649,0.17692,1,1,0.450
46.9160,1065,FR,30,6.76287,-0.09457,0.30002,134,134,134,0.27892,6.87752,-0.10585,1,1,0.450
46.9160,1065,BR,23,6.31264,-0.08664,0.29986,134,134,134,0.27876,6.38899,-0.08101,1,1,0.450
46.9260,1066,FL,14,6.63017,0.18224,0.30072,134,134,134,0.27962,6.76030,0.20972,1,1,0.450
46.9260,1066,BL,7,6.17547,0.17234,0.30348,134,134,134,0.28237,6.24846,0.17461,1,1,0.450
46.9260,1066,FR,29,6.76519,-0.09609,0.30004,134,134,134,0.27893,6.87516,-0.10750,1,1,0.450
46.9260,1066,BR,22,6.31478,-0.08898,0.29986,134,134,134,0.27876,6.38712,-0.08423,1,1,0.450
46.9360,1066,FL,14,6.63069,0.18223,0.30061,134,134,134,0.27950,6.76253,0.20902,1,1,0.450
46.9360,1066,BL,7,6.17471,0.17239,0.30300,134,134,134,0.28188,6.24906,0.17371,1,1,0.450
46.9360,1066,FR,29,6.76669,-0.09658,0.30003,134,134,134,0.27893,6.88503,-0.10836,1,1,0.450
46.9360,1066,BR,22,6.31609,-0.08924,0.29982,134,134,134,0.27872,6.39367,-0.08488,1,1,0.450
46.9460,1066,FL,14,6.63081,0.18220,0.30069,134,134,134,0.27958,6.76345,0.20815,1,1,0.450
46.9460,1066,BL,7,6.17437,0.17259,0.30302,134,134,134,0.28191,6.24940,0.17305,1,1,0.450
46.9460,1066,FR,29,6.76777,-0.09720,0.30005,134,134,134,0.27895,6.88601,-0.10873,1,1,0.450
46.9460,1066,BR,22,6.31701,-0.09020,0.29978,134,134,134,0.27867,6.39517,-0.08621,1,1,0.450
46.9540,1067,FL,13,6.63124,0.18194,0.30063,134,134,134,0.27952,6.76421,0.20750,1,1,0.450
46.9540,1067,BL,6,6.17453,0.17238,0.30278,134,134,134,0.28167,6.24997,0.17220,1,1,0.450
46.9560,1067,FR,28,6.76865,-0.09774,0.30006,134,134,134,0.27895,6.88207,-0.10983,1,1,0.450
46.9560,1067,BR,21,6.31784,-0.09100,0.29976,134,134,134,0.27866,6.39132,-0.08790,1,1,0.450
46.9660,1067,FL,13,6.63155,0.18200,0.30053,134,134,134,0.27943,6.76521,0.20754,1,1,0.450
46.9660,1067,BL,6,6.17447,0.17218,0.30259,134,134,134,0.28148,6.25020,0.17179,1,1,0.450
46.9660,1067,FR,28,6.76927,-0.09776,0.30003,134,134,134,0.27893,6.88989,-0.11028,1,1,0.450
46.9660,1067,BR,21,6.31830,-0.09068,0.29975,134,134,134,0.27865,6.39629,-0.08776,1,1,0.450
46.9760,1067,FL,13,6.63172,0.18159,0.30073,134,134,134,0.27963,6.76566,0.20661,1,1,0.450
46.9760,1067,BL,6,6.17457,0.17202,0.30301,134,134,134,0.28190,6.25049,0.17089,1,1,0.450
46.9760,1067,FR,28,6.76997,-0.09849,0.30006,134,134,134,0.27896,6.89052,-0.11084,1,1,0.450
46.9760,1067,BR,21,6.31892,-0.09174,0.29973,134,134,134,0.27863,6.39729,-0.08899,1,1,0.450
46.9840,1068,FL,12,6.63193,0.18118,0.30087,134,134,134,0.27976,6.76596,0.20596,1,1,0.450
46.9840,1068,BL,5,6.17467,0.17168,0.30350,134,134,134,0.28239,6.25079,0.16995,1,1,0.450
46.9840,1068,FR,27,6.77037,-0.09907,0.30007,134,134,134,0.27896,6.88595,-0.11208,1,1,0.450
46.9860,1068,BR,20,6.31930,-0.09248,0.29977,134,134,134,0.27867,6.39273,-0.09063,1,1,0.450
46.9960,1068,FL,12,6.63254,0.18117,0.30085,134,134,134,0.27975,6.76714,0.20602,1,1,0.450
46.9960,1068,BL,5,6.17505,0.17126,0.30359,134,134,134,0.28248,6.25128,0.16948,1,1,0.450
46.9960,1068,FR,27,6.77128,-0.09917,0.30003,134,134,134,0.27893,6.89348,-0.11265,1,1,0.450
46.9960,1068,BR,20,6.32001,-0.09219,0.29976,134,134,134,0.27866,6.39771,-0.09059,1,1,0.450
47.0060,1068,FL,12,6.63195,0.18069,0.30118,134,134,134,0.28008,6.76632,0.20522,1,1,0.450
47.0060,1068,BL,5,6.17471,0.17097,0.30442,134,134,134,0.28331,6.25081,0.16845,1,1,0.450
47.0060,1068,FR,27,6.77084,-0.09980,0.30006,134,134,134,0.27896,6.89296,-0.11314,1,1,0.450
47.0060,1068,BR,20,6.31953,-0.09313,0.29978,134,134,134,0.27868,6.39750,-0.09161,1,1,0.450
47.0160,1069,FL,11,6.63196,0.18011,0.30138,134,134,134,0.28027,6.76613,0.20457,1,1,0.450
47.0160,1069,BL,4,6.17476,0.17035,0.30516,133,133,133,0.28404,6.25088,0.16720,1,1,0.450
47.0160,1069,FR,26,6.77086,-0.10038,0.30006,134,134,134,0.27896,6.88791,-0.11440,1,1,0.450
47.0160,1069,BR,19,6.31958,-0.09393,0.29983,134,134,134,0.27873,6.39235,-0.09326,1,1,0.450
47.0240,1069,FL,11,6.63186,0.18007,0.30153,134,134,134,0.28042,6.76617,0.20468,1,1,0.450
47.0240,1069,BL,4,6.17463,0.16980,0.30564,133,133,133,0.28452,6.25069,0.16644,1,1,0.450
47.0240,1069,FR,26,6.77085,-0.10044,0.30001,134,134,134,0.27891,6.89420,-0.11498,1,1,0.450
47.0240,1069,BR,19,6.31938,-0.09368,0.29986,134,134,134,0.27876,6.39618,-0.09326,1,1,0.450
47.0360,1069,FL,11,6.63186,0.17957,0.30173,134,134,134,0.28063,6.76617,0.20388,1,1,0.450
47.0360,1069,BL,4,6.17491,0.16935,0.30604,132,132,132,0.28491,6.25052,0.16548,1,1,0.450
47.0360,1069,FR,26,6.77125,-0.10107,0.30004,134,134,134,0.27894,6.89455,-0.11545,1,1,0.450
47.0360,1069,BR,19,6.31972,-0.09469,0.29985,134,134,134,0.27874,6.39684,-0.09433,1,1,0.450
47.0460,1070,FL,10,6.63109,0.17909,0.30200,134,134,134,0.28089,6.76491,0.20313,1,1,0.450
47.0460,1070,BL,3,6.17442,0.16894,0.30675,132,132,132,0.28563,6.24974,0.16419,1,1,0.450
47.0460,1070,FR,25,6.77035,-0.10167,0.30005,134,134,134,0.27895,6.88847,-0.11678,1,1,0.450
47.0460,1070,BR,18,6.31885,-0.09554,0.29991,134,134,134,0.27881,6.39066,-0.09612,1,1,0.450
47.0560,1070,FL,10,6.63105,0.17919,0.30211,134,134,134,0.28101,6.76496,0.20321,1,1,0.450
47.0560,1070,BL,3,6.17458,0.16845,0.30694,132,132,132,0.28582,6.24932,0.16359,1,1,0.450
47.0560,1070,FR,25,6.77050,-0.10182,0.29999,134,134,134,0.27888,6.89475,-0.11751,1,1,0.450
47.0560,1070,BR,18,6.31878,-0.09537,0.29993,134,134,134,0.27883,6.39455,-0.09642,1,1,0.450
47.0660,1070,FL,10,6.63035,0.17890,0.30235,134,134,134,0.28124,6.76389,0.20239,1,1,0.450
47.0660,1070,BL,3,6.17449,0.16836,0.30722,132,132,132,0.28610,6.24828,0.16296,1,1,0.450
47.0660,1070,FR,25,6.76993,-0.10250,0.30003,134,134,134,0.27893,6.89412,-0.11805,1,1,0.450
47.0660,1070,BR,18,6.31818,-0.09633,0.29992,134,134,134,0.27882,6.39419,-0.09759,1,1,0.450
47.0760,1071,FL,9,6.62984,0.17874,0.30242,134,134,134,0.28131,6.76292,0.20171,1,1,0.450
47.0760,1071,BL,2,6.17447,0.16836,0.30728,132,132,132,0.28615,6.24744,0.16252,1,1,0.450
47.0760,1071,FR,24,6.76923,-0.10316,0.30003,134,134,134,0.27893,6.88817,-0.11956,1,1,0.450
47.0760,1071,BR,17,6.31752,-0.09699,0.29995,134,134,134,0.27885,6.39336,-0.09863,1,1,0.450
47.0860,1071,FL,9,6.62939,0.17924,0.30258,134,134,134,0.28147,6.76201,0.20205,1,1,0.450
47.0860,1071,BL,2,6.17453,0.16837,0.30729,132,132,132,0.28616,6.24689,0.16268,1,1,0.450
47.0860,1071,FR,24,6.76858,-0.10322,0.29996,134,134,134,0.27886,6.89350,-0.12029,1,1,0.450
47.0860,1071,BR,17,6.31664,-0.09640,0.29996,134,134,134,0.27886,6.39124,-0.09978,1,1,0.450
47.0960,1071,FL,9,6.62897,0.17912,0.30272,134,134,134,0.28161,6.76085,0.20124,1,1,0.450
47.0960,1071,BL,2,6.17474,0.16853,0.30725,132,132,132,0.28613,6.24612,0.16272,1,1,0.450
47.0960,1071,FR,24,6.76756,-0.10401,0.30001,134,134,134,0.27891,6.89236,-0.12116,1,1,0.450
47.0960,1071,BR,17,6.31578,-0.09712,0.29996,134,134,134,0.27886,6.39005,-0.10088,1,1,0.450
47.1040,1072,FL,8,6.62835,0.17917,0.30278,134,134,134,0.28167,6.75933,0.20075,1,1,0.450
47.1040,1072,BL,1,6.17456,0.16876,0.30732,132,132,132,0.28619,6.24553,0.16281,1,1,0.450
47.1040,1072,FR,23,6.76615,-0.10460,0.30001,134,134,134,0.27891,6.88555,-0.12277,1,1,0.450
47.1040,1072,BR,16,6.31453,-0.09744,0.30002,134,134,134,0.27891,6.38834,-0.10170,1,1,0.450
47.1240,1072,FL,8,6.62851,0.17975,0.30277,134,134,134,0.28166,6.75876,0.20106,1,1,0.450
47.1260,1072,BL,1,6.17507,0.16879,0.30707,132,132,132,0.28594,6.24571,0.16344,1,1,0.450
47.1260,1072,FR,23,6.76567,-0.10486,0.29998,134,134,134,0.27887,6.88555,-0.12827,1,1,0.450
47.1260,1072,BR,16,6.31399,-0.09659,0.30002,134,134,134,0.27892,6.38700,-0.10217,1,1,0.450
47.1360,1073,FL,7,6.62804,0.17972,0.30264,134,134,134,0.28153,6.75609,0.19993,1,1,0.450
47.1360,1073,BL,30,6.44649,0.16893,0.29988,134,134,134,0.27878,6.52432,0.17190,1,1,0.450
47.1360,1073,FR,22,6.76300,-0.10595,0.29989,134,134,134,0.27879,6.87870,-0.12914,1,1,0.450
47.1360,1073,BR,15,6.31173,-0.09704,0.30002,134,134,134,0.27892,6.38366,-0.10360,1,1,0.450
47.1440,1073,FL,7,6.62710,0.17995,0.30286,134,134,134,0.28174,6.75421,0.19990,1,1,0.450
47.1440,1073,BL,30,6.44459,0.16785,0.29988,134,134,134,0.27878,6.52088,0.16499,1,1,0.450
47.1460,1073,FR,22,6.76107,-0.10633,0.29987,134,134,134,0.27877,6.88003,-0.13289,1,1,0.450
47.1460,1073,BR,15,6.30990,-0.09622,0.30017,134,134,134,0.27907,6.38072,-0.10393,1,1,0.450
47.1560,1073,FL,7,6.62719,0.17962,0.30323,134,134,134,0.28212,6.75356,0.19923,1,1,0.450
47.1560,1073,BL,30,6.44399,0.16728,0.29990,134,134,134,0.27880,6.52077,0.16449,1,1,0.450
47.1560,1073,FR,22,6.76040,-0.10680,0.29987,134,134,134,0.27876,6.87946,-0.13301,1,1,0.450
47.1560,1073,BR,15,6.30945,-0.09672,0.30020,134,134,134,0.27909,6.37974,-0.10457,1,1,0.450
47.1660,1074,FL,6,6.62660,0.17953,0.30322,134,134,134,0.28211,6.75198,0.19872,1,1,0.450
47.1660,1074,BL,29,6.44256,0.16668,0.29990,134,134,134,0.27880,6.51519,0.16398,1,1,0.450
47.1660,1074,FR,21,6.75896,-0.10743,0.29988,134,134,134,0.27877,6.87376,-0.13367,1,1,0.450
47.1660,1074,BR,14,6.30823,-0.09716,0.30024,134,134,134,0.27914,6.37800,-0.10537,1,1,0.450
47.1760,1074,FL,6,6.62569,0.18009,0.30309,134,134,134,0.28198,6.75024,0.19926,1,1,0.450
47.1760,1074,BL,29,6.44085,0.16578,0.29989,134,134,134,0.27879,6.51491,0.15983,1,1,0.450
47.1760,1074,FR,21,6.75754,-0.10720,0.29982,134,134,134,0.27872,6.87670,-0.13570,1,1,0.450
47.1760,1074,BR,14,6.30682,-0.09613,0.30030,134,134,134,0.27920,6.37573,-0.10537,1,1,0.450
47.1860,1074,FL,6,6.62616,0.18005,0.30312,134,134,134,0.28201,6.75015,0.19906,1,1,0.450
47.1860,1074,BL,29,6.44075,0.16540,0.29990,134,134,134,0.27880,6.51527,0.15944,1,1,0.450
47.1860,1074,FR,21,6.75746,-0.10741,0.29983,134,134,134,0.27873,6.87663,-0.13569,1,1,0.450
47.1860,1074,BR,14,6.30696,-0.09654,0.30029,134,134,134,0.27919,6.37545,-0.10590,1,1,0.450
47.1960,1075,FL,5,6.62496,0.17980,0.30347,134,134,134,0.28236,6.74818,0.19865,1,1,0.450
47.1960,1075,BL,28,6.43914,0.16510,0.29990,134,134,134,0.27880,6.50966,0.15949,1,1,0.450
47.1960,1075,FR,20,6.75590,-0.10767,0.29986,134,134,134,0.27876,6.87107,-0.13561,1,1,0.450
47.1960,1075,BR,13,6.30542,-0.09687,0.30043,134,134,134,0.27933,6.37378,-0.10626,1,1,0.450
47.2060,1075,FL,5,6.62509,0.18021,0.30367,134,134,134,0.28256,6.74766,0.19921,1,1,0.450
47.2060,1075,BL,28,6.43863,0.16429,0.29990,134,134,134,0.27880,6.51192,0.15677,1,1,0.450
47.2060,1075,FR,20,6.75570,-0.10729,0.29982,134,134,134,0.27872,6.87561,-0.13696,1,1,0.450
47.2060,1075,BR,13,6.30520,-0.09581,0.30059,134,134,134,0.27949,6.37279,-0.10607,1,1,0.450
47.2140,1075,FL,5,6.62351,0.17944,0.30452,134,134,134,0.28340,6.74540,0.19825,1,1,0.450
47.2160,1075,BL,28,6.43720,0.16417,0.29991,134,134,134,0.27880,6.51096,0.15668,1,1,0.450
47.2160,1075,FR,20,6.75417,-0.10748,0.29991,134,134,134,0.27881,6.87426,-0.13666,1,1,0.450
47.2160,1075,BR,13,6.30353,-0.09659,0.30076,134,134,134,0.27966,6.37142,-0.10619,1,1,0.450
47.2260,1076,FL,4,6.62315,0.17906,0.30517,133,133,133,0.28405,6.74454,0.19777,1,1,0.450
47.2260,1076,BL,27,6.43658,0.16403,0.29991,134,134,134,0.27881,6.50642,0.15711,1,1,0.450
47.2260,1076,FR,19,6.75356,-0.10765,0.29996,134,134,134,0.27885,6.86975,-0.13626,1,1,0.450
47.2260,1076,BR,12,6.30294,-0.09688,0.30098,134,134,134,0.27987,6.37067,-0.10636,1,1,0.450
47.2360,1076,FL,4,6.62304,0.17875,0.30608,132,132,132,0.28496,6.74358,0.19746,1,1,0.450
47.2360,1076,BL,27,6.43613,0.16328,0.29991,134,134,134,0.27881,6.50936,0.15529,1,1,0.450
47.2360,1076,FR,19,6.75340,-0.10733,0.29997,134,134,134,0.27887,6.87453,-0.13709,1,1,0.450
47.2360,1076,BR,12,6.30253,-0.09630,0.30137,134,134,134,0.28026,6.36990,-0.10597,1,1,0.450
47.2460,1076,FL,4,6.62189,0.17793,0.30693,132,132,132,0.28580,6.74189,0.19640,1,1,0.450
47.2460,1076,BL,27,6.43512,0.16328,0.29991,134,134,134,0.27881,6.50886,0.15543,1,1,0.450
47.2460,1076,FR,19,6.75224,-0.10751,0.30008,134,134,134,0.27898,6.87356,-0.13676,1,1,0.450
47.2460,1076,BR,12,6.30126,-0.09703,0.30155,134,134,134,0.28044,6.36891,-0.10601,1,1,0.450
47.2560,1077,FL,3,6.62217,0.17736,0.30790,132,132,132,0.28677,6.74178,0.19561,1,1,0.450
47.2560,1077,BL,26,6.43525,0.16325,0.29992,134,134,134,0.27882,6.50506,0.15612,1,1,0.450
47.2560,1077,FR,18,6.75237,-0.10764,0.30014,134,134,134,0.27904,6.86979,-0.13610,1,1,0.450
47.2560,1077,BR,11,6.30136,-0.09744,0.30186,134,134,134,0.28075,6.36891,-0.10603,1,1,0.450
47.2660,1077,FL,3,6.62114,0.17686,0.30834,132,132,132,0.28722,6.74012,0.19496,1,1,0.450
47.2660,1077,BL,26,6.43429,0.16262,0.29993,134,134,134,0.27882,6.50777,0.15492,1,1,0.450
47.2660,1077,FR,18,6.75163,-0.10735,0.30013,134,134,134,0.27903,6.87407,-0.13667,1,1,0.450
47.2660,1077,BR,11,6.30017,-0.09695,0.30219,134,134,134,0.28108,6.36783,-0.10550,1,1,0.450
47.2760,1077,FL,3,6.62079,0.17626,0.30899,131,131,131,0.28786,6.73963,0.19430,1,1,0.450
47.2760,1077,BL,26,6.43416,0.16279,0.29992,134,134,134,0.27882,6.50817,0.15530,1,1,0.450
47.2760,1077,FR,18,6.75131,-0.10741,0.30024,134,134,134,0.27913,6.87391,-0.13625,1,1,0.450
47.2760,1077,BR,11,6.29980,-0.09746,0.30233,134,134,134,0.28122,6.36764,-0.10543,1,1,0.450
47.2840,1078,FL,2,6.61995,0.17567,0.30944,131,131,131,0.28830,6.73857,0.19352,1,1,0.450
47.2840,1078,BL,25,6.43358,0.16292,0.29992,134,134,134,0.27882,6.50361,0.15617,1,1,0.450
47.2840,1078,FR,17,6.75066,-0.10746,0.30028,134,134,134,0.27918,6.87343,-0.13599,1,1,0.450
47.2840,1078,BR,10,6.29893,-0.09777,0.30250,134,134,134,0.28139,6.36707,-0.10523,1,1,0.450
47.2940,1078,FL,2,6.62157,0.17583,0.30925,131,131,131,0.28812,6.74087,0.19427,1,1,0.450
47.2940,1078,BL,25,6.43492,0.16261,0.29992,134,134,134,0.27882,6.50876,0.15552,1,1,0.450
47.2940,1078,FR,17,6.75226,-0.10679,0.30023,134,134,134,0.27913,6.87572,-0.13581,1,1,0.450
47.2940,1078,BR,10,6.30051,-0.09648,0.30268,134,134,134,0.28157,6.36813,-0.10441,1,1,0.450
47.3040,1078,FL,2,6.62139,0.17530,0.30935,131,131,131,0.28822,6.74135,0.19414,1,1,0.450
47.3040,1078,BL,25,6.43540,0.16317,0.29990,134,134,134,0.27880,6.50962,0.15616,1,1,0.450
47.3040,1078,FR,17,6.75261,-0.10652,0.30032,134,134,134,0.27921,6.87603,-0.13515,1,1,0.450
47.3040,1078,BR,10,6.30069,-0.09657,0.30270,134,134,134,0.28159,6.36890,-0.10376,1,1,0.450
47.3140,1079,FL,1,6.62060,0.17478,0.30951,131,131,131,0.28838,6.74111,0.19378,1,1,0.450
47.3160,1079,BL,24,6.43534,0.16361,0.29990,134,134,134,0.27880,6.50549,0.15731,1,1,0.450
47.3160,1079,FR,16,6.75241,-0.10634,0.30035,134,134,134,0.27925,6.88008,-0.13527,1,1,0.450
47.3160,1079,BR,9,6.30020,-0.09659,0.30278,134,134,134,0.28167,6.36891,-0.10313,1,1,0.450
47.3240,1079,FL,1,6.62065,0.17454,0.30938,131,131,131,0.28825,6.74186,0.19375,1,1,0.450
47.3240,1079,BL,24,6.43611,0.16356,0.29989,134,134,134,0.27879,6.51014,0.15712,1,1,0.450
47.3240,1079,FR,16,6.75316,-0.10575,0.30034,134,134,134,0.27924,6.88183,-0.13471,1,1,0.450
47.3240,1079,BR,9,6.30048,-0.09565,0.30287,134,134,134,0.28176,6.36949,-0.10195,1,1,0.450
47.3340,1079,FL,1,6.62142,0.17435,0.30950,131,131,131,0.28837,6.74419,0.19494,1,1,0.450
47.3340,1079,BL,24,6.43812,0.16477,0.29987,134,134,134,0.27877,6.51256,0.15840,1,1,0.450
47.3340,1079,FR,16,6.75492,-0.10498,0.30047,134,134,134,0.27936,6.88338,-0.13377,1,1,0.450
47.3340,1079,BR,9,6.30224,-0.09479,0.30304,134,134,134,0.28193,6.37170,-0.10049,1,1,0.450
47.3440,1080,FL,30,6.88982,0.17367,0.30002,134,134,134,0.27892,6.99350,0.18420,1,1,0.450
47.3440,1080,BL,23,6.43961,0.16590,0.29986,134,134,134,0.27875,6.50984,0.16008,1,1,0.450
47.3440,1080,FR,15,6.75618,-0.10425,0.30057,134,134,134,0.27947,6.88467,-0.13289,1,1,0.450
47.3440,1080,BR,8,6.30320,-0.09404,0.30305,134,134,134,0.28194,6.37336,-0.09885,1,1,0.450
47.3660,1080,FL,30,6.89148,0.17407,0.30002,134,134,134,0.27892,7.00615,0.18528,1,1,0.450
47.3660,1080,BL,23,6.44126,0.16643,0.29988,134,134,134,0.27877,6.51760,0.16070,1,1,0.450
47.3660,1080,FR,15,6.75787,-0.10331,0.30060,134,134,134,0.27950,6.88644,-0.13237,1,1,0.450
47.3660,1080,BR,8,6.30473,-0.09237,0.30303,134,134,134,0.28191,6.37514,-0.09687,1,1,0.450
47.3760,1081,FL,29,6.89408,0.17576,0.30004,134,134,134,0.27893,7.00406,0.18708,1,1,0.450
47.3760,1081,BL,22,6.44366,0.16899,0.29987,134,134,134,0.27877,6.51602,0.16417,1,1,0.450
47.3760,1081,FR,14,6.75881,-0.10247,0.30075,134,134,134,0.27964,6.88900,-0.12998,1,1,0.450
47.3760,1081,BR,7,6.30400,-0.09238,0.30366,134,134,134,0.28255,6.37722,-0.09444,1,1,0.450
47.3860,1081,FL,29,6.89615,0.17624,0.30003,134,134,134,0.27893,7.01451,0.18791,1,1,0.450
47.3860,1081,BL,22,6.44553,0.16923,0.29983,134,134,134,0.27873,6.52316,0.16482,1,1,0.450
47.3860,1081,FR,14,6.75987,-0.10248,0.30061,134,134,134,0.27951,6.89179,-0.12933,1,1,0.450
47.3860,1081,BR,7,6.30384,-0.09236,0.30310,134,134,134,0.28199,6.37828,-0.09362,1,1,0.450
47.3960,1081,FL,29,6.89644,0.17675,0.30005,134,134,134,0.27895,7.01467,0.18820,1,1,0.450
47.3960,1081,BL,22,6.44568,0.17003,0.29979,134,134,134,0.27869,6.52385,0.16595,1,1,0.450
47.3960,1081,FR,14,6.75942,-0.10244,0.30074,134,134,134,0.27964,6.89186,-0.12860,1,1,0.450
47.3960,1081,BR,7,6.30310,-0.09257,0.30330,134,134,134,0.28219,6.37810,-0.09298,1,1,0.450
47.4060,1082,FL,28,6.89809,0.17741,0.30005,134,134,134,0.27895,7.01153,0.18941,1,1,0.450
47.4060,1082,BL,21,6.44727,0.17100,0.29976,134,134,134,0.27866,6.52077,0.16782,1,1,0.450
47.4060,1082,FR,13,6.76045,-0.10214,0.30060,134,134,134,0.27949,6.89344,-0.12779,1,1,0.450
47.4060,1082,BR,6,6.30371,-0.09231,0.30273,134,134,134,0.28162,6.37921,-0.09211,1,1,0.450
47.4160,1082,FL,28,6.89810,0.17744,0.30003,134,134,134,0.27893,7.01873,0.18986,1,1,0.450
47.4160,1082,BL,21,6.44712,0.17067,0.29976,134,134,134,0.27866,6.52516,0.16769,1,1,0.450
47.4160,1082,FR,13,6.76020,-0.10222,0.30058,134,134,134,0.27948,6.89383,-0.12781,1,1,0.450
47.4160,1082,BR,6,6.30312,-0.09219,0.30276,134,134,134,0.28165,6.37892,-0.09162,1,1,0.450
47.4300,1082,FL,28,6.89939,0.17817,0.30006,134,134,134,0.27896,7.01995,0.19043,1,1,0.450
47.4300,1082,BL,21,6.44832,0.17172,0.29974,134,134,134,0.27864,6.52672,0.16892,1,1,0.450
47.4300,1082,FR,13,6.76093,-0.10179,0.30075,134,134,134,0.27964,6.89486,-0.12691,1,1,0.450
47.4300,1082,BR,6,6.30378,-0.09195,0.30311,134,134,134,0.28200,6.37974,-0.09077,1,1,0.450
47.4400,1083,FL,27,6.89924,0.17887,0.30007,134,134,134,0.27896,7.01482,0.19178,1,1,0.450
47.4400,1083,BL,20,6.44816,0.17262,0.29980,134,134,134,0.27870,6.52161,0.17071,1,1,0.450
47.4400,1083,FR,12,6.76065,-0.10127,0.30098,134,134,134,0.27987,6.89458,-0.12608,1,1,0.450
47.4400,1083,BR,5,6.30342,-0.09160,0.30391,134,134,134,0.28280,6.37966,-0.08956,1,1,0.450
47.4520,1083,FL,27,6.90014,0.17909,0.30003,134,134,134,0.27893,7.02235,0.19246,1,1,0.450
47.4520,1083,BL,20,6.44888,0.17249,0.29980,134,134,134,0.27870,6.52655,0.17084,1,1,0.450
47.4520,1083,FR,12,6.76127,-0.10117,0.30101,134,134,134,0.27991,6.89569,-0.12601,1,1,0.450
47.4520,1083,BR,5,6.30386,-0.09106,0.30412,134,134,134,0.28301,6.38008,-0.08889,1,1,0.450
47.4620,1084,FL,26,6.89966,0.17971,0.30006,134,134,134,0.27896,7.01669,0.19369,1,1,0.450
47.4620,1084,BL,19,6.44838,0.17347,0.29983,134,134,134,0.27873,6.52118,0.17264,1,1,0.450
47.4620,1084,FR,11,6.76071,-0.10057,0.30134,134,134,134,0.28024,6.89478,-0.12523,1,1,0.450
47.4620,1084,BR,4,6.30353,-0.09057,0.30504,133,133,133,0.28393,6.37973,-0.08761,1,1,0.450
47.4740,1084,FL,26,6.89972,0.17977,0.30001,134,134,134,0.27890,7.02306,0.19428,1,1,0.450
47.4740,1084,BL,19,6.44825,0.17316,0.29984,134,134,134,0.27874,6.52504,0.17270,1,1,0.450
47.4740,1084,FR,11,6.76071,-0.10063,0.30141,134,134,134,0.28030,6.89493,-0.12536,1,1,0.450
47.4740,1084,BR,4,6.30348,-0.09016,0.30533,133,133,133,0.28421,6.37969,-0.08700,1,1,0.450
47.4860,1084,FL,26,6.90011,0.18063,0.30004,134,134,134,0.27894,7.02340,0.19493,1,1,0.450
47.4860,1084,BL,19,6.44860,0.17455,0.29986,134,134,134,0.27876,6.52568,0.17406,1,1,0.450
47.4860,1084,FR,11,6.76068,-0.09980,0.30176,134,134,134,0.28065,6.89480,-0.12428,1,1,0.450
47.4860,1084,BR,4,6.30375,-0.08931,0.30620,132,132,132,0.28508,6.37949,-0.08538,1,1,0.450
47.4980,1085,FL,25,6.89975,0.18135,0.30005,134,134,134,0.27894,7.01789,0.19637,1,1,0.450
47.4980,1085,BL,18,6.44823,0.17555,0.29992,134,134,134,0.27882,6.52006,0.17604,1,1,0.450
47.4980,1085,FR,10,6.76027,-0.09926,0.30200,134,134,134,0.28089,6.89408,-0.12342,1,1,0.450
47.4980,1085,BR,3,6.30361,-0.08884,0.30683,132,132,132,0.28571,6.37892,-0.08407,1,1,0.450
47.5080,1085,FL,25,6.89930,0.18151,0.29999,134,134,134,0.27888,7.02355,0.19711,1,1,0.450
47.5100,1085,BL,18,6.44758,0.17536,0.29995,134,134,134,0.27885,6.52335,0.17639,1,1,0.450
47.5100,1085,FR,10,6.75976,-0.09946,0.30219,134,134,134,0.28108,6.89349,-0.12347,1,1,0.450
47.5100,1085,BR,3,6.30340,-0.08852,0.30716,132,132,132,0.28604,6.37807,-0.08353,1,1,0.450
47.5180,1085,FL,25,6.89824,0.18208,0.30003,134,134,134,0.27892,7.02242,0.19755,1,1,0.450
47.5180,1085,BL,18,6.44653,0.17615,0.29994,134,134,134,0.27884,6.52244,0.17741,1,1,0.450
47.5180,1085,FR,10,6.75875,-0.09928,0.30240,134,134,134,0.28129,6.89196,-0.12277,1,1,0.450
47.5180,1085,BR,3,6.30296,-0.08856,0.30744,132,132,132,0.28631,6.37687,-0.08296,1,1,0.450
47.5280,1086,FL,24,6.89800,0.18285,0.30003,134,134,134,0.27893,7.01694,0.19918,1,1,0.450
47.5280,1086,BL,17,6.44631,0.17697,0.29996,134,134,134,0.27886,6.52207,0.17859,1,1,0.450
47.5280,1086,FR,9,6.75857,-0.09900,0.30243,134,134,134,0.28132,6.89145,-0.12198,1,1,0.450
47.5300,1086,BR,2,6.30328,-0.08842,0.30739,132,132,132,0.28627,6.37623,-0.08243,1,1,0.450
47.5380,1086,FL,24,6.89734,0.18293,0.29996,134,134,134,0.27886,7.02226,0.19992,1,1,0.450
47.5380,1086,BL,17,6.44542,0.17635,0.29998,134,134,134,0.27888,6.51996,0.17976,1,1,0.450
47.5380,1086,FR,9,6.75814,-0.09954,0.30261,134,134,134,0.28150,6.89053,-0.12233,1,1,0.450
47.5380,1086,BR,2,6.30339,-0.08847,0.30741,132,132,132,0.28629,6.37569,-0.08269,1,1,0.450
47.5480,1086,FL,24,6.89631,0.18372,0.30001,134,134,134,0.27891,7.02111,0.20080,1,1,0.450
47.5480,1086,BL,17,6.44455,0.17707,0.29998,134,134,134,0.27888,6.51876,0.18084,1,1,0.450
47.5480,1086,FR,9,6.75772,-0.09940,0.30276,134,134,134,0.28165,6.88937,-0.12151,1,1,0.450
47.5480,1086,BR,2,6.30359,-0.08863,0.30739,132,132,132,0.28627,6.37494,-0.08273,1,1,0.450
47.5580,1087,FL,23,6.89526,0.18447,0.30001,134,134,134,0.27891,7.01467,0.20259,1,1,0.450
47.5580,1087,BL,16,6.44364,0.17749,0.30003,134,134,134,0.27892,6.51744,0.18181,1,1,0.450
47.5580,1087,FR,8,6.75740,-0.09934,0.30278,134,134,134,0.28167,6.88823,-0.12086,1,1,0.450
47.5580,1087,BR,1,6.30375,-0.08877,0.30731,132,132,132,0.28619,6.37450,-0.08281,1,1,0.450
47.5760,1087,FL,23,6.89416,0.18475,0.29998,134,134,134,0.27888,7.01403,0.20813,1,1,0.450
47.5760,1087,BL,16,6.44254,0.17660,0.30005,134,134,134,0.27895,6.51540,0.18232,1,1,0.450
47.5780,1087,FR,8,6.75725,-0.10001,0.30284,134,134,134,0.28173,6.88702,-0.12118,1,1,0.450
47.5780,1087,BR,1,6.30402,-0.08890,0.30722,132,132,132,0.28609,6.37478,-0.08355,1,1,0.450
47.5880,1088,FL,22,6.89171,0.18570,0.29988,134,134,134,0.27878,7.00739,0.20886,1,1,0.450
47.5880,1088,BL,15,6.44050,0.17694,0.30004,134,134,134,0.27894,6.51227,0.18359,1,1,0.450
47.5880,1088,FR,7,6.75689,-0.10001,0.30255,134,134,134,0.28144,6.88469,-0.12019,1,1,0.450
47.5880,1088,BR,30,6.57508,-0.08904,0.29988,134,134,134,0.27878,6.65291,-0.09205,1,1,0.450
47.5960,1088,FL,22,6.89008,0.18627,0.29990,134,134,134,0.27880,7.00911,0.21269,1,1,0.450
47.5980,1088,BL,15,6.43877,0.17646,0.30023,134,134,134,0.27913,6.50984,0.18395,1,1,0.450
47.5980,1088,FR,7,6.75569,-0.09975,0.30326,134,134,134,0.28215,6.88280,-0.11974,1,1,0.450
47.5980,1088,BR,30,6.57351,-0.08783,0.29988,134,134,134,0.27878,6.64980,-0.08501,1,1,0.450
47.6080,1088,FL,22,6.88903,0.18662,0.29989,134,134,134,0.27879,7.00819,0.21267,1,1,0.450
47.6080,1088,BL,15,6.43792,0.17689,0.30026,134,134,134,0.27916,6.50850,0.18453,1,1,0.450
47.6080,1088,FR,7,6.75535,-0.09953,0.30356,134,134,134,0.28245,6.88171,-0.11914,1,1,0.450
47.6080,1088,BR,30,6.57251,-0.08735,0.29990,134,134,134,0.27880,6.64931,-0.08464,1,1,0.450
47.6160,1089,FL,21,6.88754,0.18727,0.29989,134,134,134,0.27879,7.00244,0.21335,1,1,0.450
47.6160,1089,BL,14,6.43669,0.17732,0.30030,134,134,134,0.27920,6.50666,0.18537,1,1,0.450
47.6160,1089,FR,6,6.75480,-0.09948,0.30344,134,134,134,0.28232,6.88012,-0.11866,1,1,0.450
47.6180,1089,BR,29,6.57103,-0.08672,0.29990,134,134,134,0.27880,6.64368,-0.08411,1,1,0.450
47.6300,1089,FL,21,6.88669,0.18705,0.29983,134,134,134,0.27873,7.00593,0.21541,1,1,0.450
47.6300,1089,BL,14,6.43586,0.17627,0.30035,134,134,134,0.27925,6.50495,0.18538,1,1,0.450
47.6300,1089,FR,6,6.75446,-0.10006,0.30327,134,134,134,0.28216,6.87905,-0.11928,1,1,0.450
47.6300,1089,BR,29,6.56988,-0.08581,0.29989,134,134,134,0.27879,6.64396,-0.07994,1,1,0.450
47.6440,1090,FL,20,6.88473,0.18736,0.29987,134,134,134,0.27877,7.00006,0.21507,1,1,0.450
47.6440,1090,BL,13,6.43398,0.17693,0.30042,134,134,134,0.27931,6.50290,0.18590,1,1,0.450
47.6440,1090,FR,5,6.75295,-0.09965,0.30364,134,134,134,0.28252,6.87663,-0.11857,1,1,0.450
47.6440,1090,BR,28,6.56794,-0.08539,0.29990,134,134,134,0.27880,6.63847,-0.07983,1,1,0.450
47.6540,1090,FL,20,6.88427,0.18722,0.29984,134,134,134,0.27874,7.00432,0.21671,1,1,0.450
47.6560,1090,BL,13,6.43357,0.17604,0.30067,134,134,134,0.27957,6.50150,0.18608,1,1,0.450
47.6560,1090,FR,5,6.75320,-0.10006,0.30401,134,134,134,0.28290,6.87572,-0.11902,1,1,0.450
47.6560,1090,BR,28,6.56713,-0.08430,0.29990,134,134,134,0.27880,6.64044,-0.07688,1,1,0.450
47.6660,1090,FL,20,6.88287,0.18738,0.29992,134,134,134,0.27881,7.00305,0.21647,1,1,0.450
47.6660,1090,BL,13,6.43212,0.17668,0.30078,134,134,134,0.27967,6.50019,0.18623,1,1,0.450
47.6660,1090,FR,5,6.75188,-0.09942,0.30460,134,134,134,0.28348,6.87382,-0.11823,1,1,0.450
47.6660,1090,BR,28,6.56583,-0.08419,0.29991,134,134,134,0.27880,6.63961,-0.07677,1,1,0.450
47.6760,1091,FL,19,6.88238,0.18766,0.29998,134,134,134,0.27888,6.99868,0.21607,1,1,0.450
47.6760,1091,BL,12,6.43164,0.17725,0.30108,134,134,134,0.27997,6.49952,0.18649,1,1,0.450
47.6760,1091,FR,4,6.75172,-0.09880,0.30563,133,133,133,0.28451,6.87289,-0.11741,1,1,0.450
47.6760,1091,BR,27,6.56532,-0.08395,0.29991,134,134,134,0.27881,6.63518,-0.07711,1,1,0.450
47.6860,1091,FL,19,6.88132,0.18737,0.29999,134,134,134,0.27888,7.00263,0.21691,1,1,0.450
47.6860,1091,BL,12,6.43021,0.17669,0.30143,134,134,134,0.28033,6.49797,0.18609,1,1,0.450
47.6860,1091,FR,4,6.75048,-0.09845,0.30637,132,132,132,0.28525,6.87082,-0.11698,1,1,0.450
47.6860,1091,BR,27,6.56400,-0.08321,0.29991,134,134,134,0.27881,6.63727,-0.07533,1,1,0.450
47.6980,1091,FL,19,6.88117,0.18751,0.30009,134,134,134,0.27899,7.00254,0.21664,1,1,0.450
47.6980,1091,BL,12,6.43018,0.17724,0.30162,134,134,134,0.28051,6.49777,0.18622,1,1,0.450
47.6980,1091,FR,4,6.75072,-0.09786,0.30726,132,132,132,0.28614,6.87067,-0.11633,1,1,0.450
47.6980,1091,BR,27,6.56396,-0.08319,0.29991,134,134,134,0.27881,6.63774,-0.07544,1,1,0.450
47.7080,1092,FL,18,6.88070,0.18770,0.30016,134,134,134,0.27905,6.99821,0.21598,1,1,0.450
47.7100,1092,BL,11,6.42957,0.17778,0.30191,134,134,134,0.28081,6.49730,0.18618,1,1,0.450
47.7100,1092,FR,3,6.75032,-0.09709,0.30816,132,132,132,0.28704,6.86969,-0.11522,1,1,0.450
47.7100,1092,BR,26,6.56350,-0.08315,0.29992,134,134,134,0.27882,6.63332,-0.07609,1,1,0.450
47.7180,1092,FL,18,6.87991,0.18745,0.30016,134,134,134,0.27906,7.00250,0.21657,1,1,0.450
47.7180,1092,BL,11,6.42830,0.17734,0.30232,134,134,134,0.28121,6.49616,0.18569,1,1,0.450
47.7180,1092,FR,3,6.74917,-0.09654,0.30877,131,131,131,0.28764,6.86791,-0.11452,1,1,0.450
47.7180,1092,BR,26,6.56253,-0.08250,0.29993,134,134,134,0.27883,6.63605,-0.07491,1,1,0.450
47.7300,1092,FL,18,6.88023,0.18743,0.30026,134,134,134,0.27916,7.00288,0.21615,1,1,0.450
47.7300,1092,BL,11,6.42871,0.17764,0.30242,134,134,134,0.28131,6.49653,0.18558,1,1,0.450
47.7300,1092,FR,3,6.74963,-0.09613,0.30940,131,131,131,0.28827,6.86844,-0.11419,1,1,0.450
47.7300,1092,BR,26,6.56301,-0.08272,0.29992,134,134,134,0.27882,6.63705,-0.07533,1,1,0.450
47.7400,1093,FL,17,6.88041,0.18725,0.30027,134,134,134,0.27917,7.00302,0.21581,1,1,0.450
47.7400,1093,BL,10,6.42886,0.17758,0.30248,134,134,134,0.28137,6.49672,0.18517,1,1,0.450
47.7400,1093,FR,2,6.74978,-0.09575,0.30947,131,131,131,0.28834,6.86896,-0.11400,1,1,0.450
47.7400,1093,BR,25,6.56318,-0.08302,0.29992,134,134,134,0.27882,6.63318,-0.07631,1,1,0.450
47.7500,1093,FL,17,6.88001,0.18691,0.30028,134,134,134,0.27918,7.00377,0.21553,1,1,0.450
47.7500,1093,BL,10,6.42779,0.17713,0.30276,134,134,134,0.28165,6.49619,0.18436,1,1,0.450
47.7500,1093,FR,2,6.74866,-0.09509,0.30968,131,131,131,0.28855,6.86760,-0.11327,1,1,0.450
47.7500,1093,BR,25,6.56270,-0.08260,0.29992,134,134,134,0.27882,6.63649,-0.07558,1,1,0.450
47.7600,1093,FL,17,6.88032,0.18671,0.30035,134,134,134,0.27925,7.00404,0.21493,1,1,0.450
47.7600,1093,BL,10,6.42813,0.17712,0.30282,134,134,134,0.28171,6.49671,0.18385,1,1,0.450
47.7600,1093,FR,2,6.74867,-0.09470,0.30986,131,131,131,0.28872,6.86849,-0.11330,1,1,0.450
47.7600,1093,BR,25,6.56322,-0.08315,0.29990,134,134,134,0.27880,6.63753,-0.07634,1,1,0.450
47.7700,1094,FL,16,6.88089,0.18639,0.30037,134,134,134,0.27926,7.00866,0.21510,1,1,0.450
47.7700,1094,BL,9,6.42858,0.17681,0.30283,134,134,134,0.28172,6.49744,0.18313,1,1,0.450
47.7700,1094,FR,1,6.74880,-0.09452,0.30978,131,131,131,0.28865,6.86952,-0.11350,1,1,0.450
47.7700,1094,BR,24,6.56384,-0.08365,0.29990,134,134,134,0.27880,6.63404,-0.07752,1,1,0.450
47.7780,1094,FL,16,6.88183,0.18570,0.30038,134,134,134,0.27928,7.01076,0.21432,1,1,0.450
47.7780,1094,BL,9,6.42879,0.17590,0.30288,134,134,134,0.28177,6.49839,0.18164,1,1,0.450
47.7780,1094,FR,1,6.74860,-0.09405,0.30987,131,131,131,0.28874,6.86975,-0.11329,1,1,0.450
47.7800,1094,BR,24,6.56492,-0.08383,0.29988,134,134,134,0.27878,6.63897,-0.07751,1,1,0.450
47.7900,1094,FL,16,6.88354,0.18500,0.30050,134,134,134,0.27939,7.01211,0.21354,1,1,0.450
47.7900,1094,BL,9,6.43072,0.17498,0.30304,134,134,134,0.28192,6.50042,0.18031,1,1,0.450
47.7900,1094,FR,1,6.74954,-0.09402,0.30986,131,131,131,0.28873,6.87268,-0.11461,1,1,0.450
47.7900,1094,BR,24,6.56681,-0.08492,0.29986,134,134,134,0.27876,6.64130,-0.07869,1,1,0.450
47.7980,1095,FL,15,6.88419,0.18440,0.30061,134,134,134,0.27950,7.01295,0.21257,1,1,0.450
47.7980,1095,BL,8,6.43092,0.17461,0.30275,134,134,134,0.28164,6.50160,0.17869,1,1,0.450
47.7980,1095,FR,30,7.01801,-0.09383,0.30002,134,134,134,0.27892,7.12169,-0.10433,1,1,0.450
47.7980,1095,BR,23,6.56779,-0.08609,0.29983,134,134,134,0.27873,6.63805,-0.08042,1,1,0.450
47.8200,1095,FL,15,6.88679,0.18313,0.30062,134,134,134,0.27952,7.01511,0.21231,1,1,0.450
47.8200,1095,BL,8,6.43385,0.17197,0.30352,134,134,134,0.28240,6.50408,0.17645,1,1,0.450
47.8200,1095,FR,30,7.02036,-0.09423,0.30002,134,134,134,0.27891,7.13501,-0.10539,1,1,0.450
47.8200,1095,BR,23,6.57015,-0.08671,0.29989,134,134,134,0.27879,6.64643,-0.08102,1,1,0.450
47.8300,1096,FL,14,6.88751,0.18237,0.30084,134,134,134,0.27974,7.01749,0.21004,1,1,0.450
47.8300,1096,BL,7,6.43278,0.17207,0.30406,134,134,134,0.28294,6.50601,0.17415,1,1,0.450
47.8320,1096,FR,29,7.02270,-0.09575,0.30004,134,134,134,0.27893,7.13269,-0.10703,1,1,0.450
47.8320,1096,BR,22,6.57230,-0.08909,0.29989,134,134,134,0.27879,6.64463,-0.08427,1,1,0.450
47.8420,1096,FL,14,6.88797,0.18240,0.30075,134,134,134,0.27965,7.01970,0.20936,1,1,0.450
47.8420,1096,BL,7,6.43199,0.17204,0.30361,134,134,134,0.28249,6.50649,0.17321,1,1,0.450
47.8420,1096,FR,29,7.02423,-0.09620,0.30003,134,134,134,0.27893,7.14258,-0.10786,1,1,0.450
47.8420,1096,BR,22,6.57362,-0.08937,0.29986,134,134,134,0.27876,6.65121,-0.08496,1,1,0.450
47.8500,1096,FL,14,6.88869,0.18234,0.30081,134,134,134,0.27971,7.02157,0.20828,1,1,0.450
47.8520,1096,BL,7,6.43197,0.17217,0.30344,134,134,134,0.28233,6.50741,0.17238,1,1,0.450
47.8520,1096,FR,29,7.02628,-0.09698,0.30006,134,134,134,0.27895,7.14454,-0.10830,1,1,0.450
47.8520,1096,BR,22,6.57548,-0.09068,0.29980,134,134,134,0.27869,6.65374,-0.08664,1,1,0.450
47.8620,1097,FL,13,6.88841,0.18217,0.30081,134,134,134,0.27971,7.02132,0.20794,1,1,0.450
47.8620,1097,BL,6,6.43167,0.17201,0.30351,134,134,134,0.28239,6.50733,0.17165,1,1,0.450
47.8620,1097,FR,28,7.02619,-0.09729,0.30006,134,134,134,0.27895,7.13962,-0.10921,1,1,0.450
47.8620,1097,BR,21,6.57536,-0.09116,0.29980,134,134,134,0.27870,6.64893,-0.08803,1,1,0.450
47.8720,1097,FL,13,6.88938,0.18208,0.30074,134,134,134,0.27964,7.07573,0.20774,1,1,0.450
47.8720,1097,BL,6,6.43216,0.17173,0.30327,134,134,134,0.28216,6.56095,0.17115,1,1,0.450
47.8720,1097,FR,28,7.02774,-0.09763,0.30004,134,134,134,0.27894,7.20085,-0.10973,1,1,0.450
47.8720,1097,BR,21,6.57673,-0.09132,0.29978,134,134,134,0.27868,6.70727,-0.08818,1,1,0.450
47.8840,1098,FL,12,6.78830,0.18122,0.30197,134,134,134,0.28087,6.80627,0.21258,1,1,0.450
47.8840,1098,BL,5,6.40325,0.17151,0.30628,132,132,132,0.28515,6.38050,0.17151,1,1,0.450
47.8840,1098,FR,27,6.78120,-0.09935,0.30019,134,134,134,0.27909,6.80266,-0.11340,1,1,0.450
47.8840,1098,BR,20,6.39491,-0.09306,0.29991,134,134,134,0.27881,6.37384,-0.09580,1,1,0.450
47.9020,1098,FL,12,6.79784,0.18309,0.30017,134,134,134,0.27907,6.81279,0.22352,1,1,0.450
47.9020,1098,BL,5,6.40704,0.16995,0.30561,133,133,133,0.28449,6.38826,0.17227,1,1,0.450
47.9020,1098,FR,27,6.78446,-0.09899,0.29954,134,134,134,0.27844,6.81392,-0.11621,1,1,0.450
47.9020,1098,BR,20,6.40003,-0.08965,0.30107,134,134,134,0.27996,6.35627,-0.09685,1,1,0.450
47.9140,1099,FL,11,6.80416,0.18053,0.30050,134,134,134,0.27940,6.81925,0.22031,1,1,0.450
47.9140,1099,BL,4,6.41219,0.16886,0.30700,132,132,132,0.28587,6.39718,0.16889,1,1,0.450
47.9140,1099,FR,26,6.79056,-0.10010,0.29965,134,134,134,0.27855,6.81897,-0.11941,1,1,0.450
47.9140,1099,BR,19,6.40661,-0.09225,0.30120,134,134,134,0.28010,6.36150,-0.09613,1,1,0.450
47.9240,1099,FL,11,6.80786,0.18045,0.30117,134,134,134,0.28007,6.82344,0.22115,1,1,0.450
47.9240,1099,BL,4,6.41358,0.16802,0.30895,131,131,131,0.28782,6.40377,0.16787,1,1,0.450
47.9240,1099,FR,26,6.79358,-0.10015,0.29958,134,134,134,0.27848,6.82331,-0.12030,1,1,0.450
47.9240,1099,BR,19,6.40988,-0.09188,0.30146,134,134,134,0.28036,6.36372,-0.09618,1,1,0.450
47.9340,1099,FL,11,6.80901,0.17992,0.30164,134,134,134,0.28053,6.82640,0.21972,1,1,0.450
47.9340,1099,BL,4,6.41363,0.16760,0.31020,131,131,131,0.28907,6.40609,0.16670,1,1,0.450
47.9340,1099,FR,26,6.79603,-0.10084,0.29960,134,134,134,0.27850,6.82558,-0.12100,1,1,0.450
47.9340,1099,BR,19,6.41223,-0.09313,0.30151,134,134,134,0.28041,6.36656,-0.09709,1,1,0.450
47.9460,1100,FL,10,6.81016,0.18025,0.30124,134,134,134,0.28014,6.82905,0.21863,1,1,0.450
47.9480,1100,BL,3,6.41440,0.16892,0.30821,132,132,132,0.28708,6.40776,0.16787,1,1,0.450
47.9480,1100,FR,25,6.79815,-0.10159,0.29960,134,134,134,0.27850,6.82689,-0.12289,1,1,0.450
47.9480,1100,BR,18,6.41416,-0.09363,0.30132,134,134,134,0.28022,6.36909,-0.09840,1,1,0.450
47.9580,1100,FL,10,6.81277,0.18070,0.30132,134,134,134,0.28022,6.83295,0.21819,1,1,0.450
47.9600,1100,BL,3,6.41553,0.16945,0.30768,132,132,132,0.28656,6.41162,0.16980,1,1,0.450
47.9600,1100,FR,25,6.80071,-0.10213,0.29953,134,134,134,0.27843,6.83062,-0.12446,1,1,0.450
47.9600,1100,BR,18,6.41671,-0.09286,0.30139,134,134,134,0.28028,6.37137,-0.09907,1,1,0.450
47.9700,1100,FL,10,6.81398,0.18020,0.30182,134,134,134,0.28072,6.83517,0.21653,1,1,0.450
47.9700,1100,BL,3,6.41612,0.16949,0.30856,131,131,131,0.28743,6.41364,0.16866,1,1,0.450
47.9700,1100,FR,25,6.80231,-0.10317,0.29956,134,134,134,0.27846,6.83198,-0.12555,1,1,0.450
47.9700,1100,BR,18,6.41828,-0.09366,0.30148,134,134,134,0.28037,6.37328,-0.10013,1,1,0.450
